activity_id_short,segment_start_m,segment_end_m,segment_window_count,dominant_planning_caution_level,max_route_load_context_index_0_100,dominant_route_load_context_band,route_load_evidence_flags_merged,weather_planning_context_flags_merged,behavior_response_planning_flags_merged,event_annotation_flags_merged,planning_context_flags_merged,planning_caution_reason_flags_merged,segment_boundary
13_1,0,100,2,REVIEW_FOR_CONSERVATIVE_PLANNING,53.953,LOWER_ROUTE_LOAD_CONTEXT,SLOPE_LOAD_FALLBACK_VERTICAL_RANGE|IB2_EFFORT_HIGH,WEATHER_ACTIVITY_LEVEL_ONLY|WEATHER_WIND_GUST_CONTEXT|WEATHER_HIGH_UV_CONTEXT,BEHAVIOR_LOW_SPEED_RESPONSE|BEHAVIOR_LOW_SPEED_RATIO_HIGH,NONE,SLOPE_LOAD_FALLBACK_VERTICAL_RANGE|IB2_NAVIGATION_CONTEXT|IB2_WEATHER_SENSITIVE_ROUTE_EXPOSURE_CONTEXT|WATERWAY_PROXIMITY_CONTEXT|GUIDEPOST_PROXIMITY_CONTEXT|WEATHER_ACTIVITY_LEVEL_ONLY|WEATHER_WIND_GUST_CONTEXT|WEATHER_HIGH_UV_CONTEXT|BEHAVIOR_LOW_SPEED_RESPONSE|BEHAVIOR_LOW_SPEED_RATIO_HIGH|ROUTE_PHASE_UNKNOWN|OSM_PROXIMITY_NOT_USAGE|IB2_EFFORT_HIGH,HIGH_ROUTE_OR_IB2_CONTEXT,"Descriptive planning context evidence only. This is not ability scoring, not route suitability scoring, not THCI/radar scoring, and not a final hiking risk assessment. Weather is activity-level context unless an explicit safe route-window source is used. OSM proximity is not proof of facility use. IB3D/event annotations are not causality evidence."
13_1,100,150,1,CONSERVATIVE_PLANNING_RECOMMENDED,71.603,HIGH_ROUTE_LOAD_CONTEXT,ROUTE_LOAD_HIGH_CONTEXT|IB2_EFFORT_HIGH|STEPS_SURFACE_HIGH,WEATHER_ACTIVITY_LEVEL_ONLY|WEATHER_WIND_GUST_CONTEXT|WEATHER_HIGH_UV_CONTEXT,NONE,NONE,ROUTE_LOAD_HIGH_CONTEXT|IB2_EFFORT_HIGH|STEPS_SURFACE_HIGH|IB2_WEATHER_SENSITIVE_ROUTE_EXPOSURE_CONTEXT|WATERWAY_PROXIMITY_CONTEXT|WEATHER_ACTIVITY_LEVEL_ONLY|WEATHER_WIND_GUST_CONTEXT|WEATHER_HIGH_UV_CONTEXT|ROUTE_PHASE_UNKNOWN|OSM_PROXIMITY_NOT_USAGE,IB2_OR_WEATHER_CONTEXT_PRESENT,"Descriptive planning context evidence only. This is not ability scoring, not route suitability scoring, not THCI/radar scoring, and not a final hiking risk assessment. Weather is activity-level context unless an explicit safe route-window source is used. OSM proximity is not proof of facility use. IB3D/event annotations are not causality evidence."
13_1,150,300,3,TURNAROUND_CONDITION_REVIEW_RECOMMENDED,100.0,VERY_HIGH_ROUTE_LOAD_CONTEXT,ROUTE_LOAD_HIGH_CONTEXT|ROUTE_LOAD_VERY_HIGH_CONTEXT|VERTICAL_RANGE_HIGH|SLOPE_HIGH|IB2_EFFORT_HIGH|TERRAIN_HIGH|STEPS_SURFACE_HIGH|SLOPE_LOAD_FALLBACK_VERTICAL_RANGE,WEATHER_ACTIVITY_LEVEL_ONLY|WEATHER_WIND_GUST_CONTEXT|WEATHER_HIGH_UV_CONTEXT,BEHAVIOR_LOW_SPEED_RESPONSE|BEHAVIOR_LOW_SPEED_RATIO_HIGH,NONE,ROUTE_LOAD_HIGH_CONTEXT|ROUTE_LOAD_VERY_HIGH_CONTEXT|VERTICAL_RANGE_HIGH|SLOPE_HIGH|IB2_EFFORT_HIGH|TERRAIN_HIGH|STEPS_SURFACE_HIGH|SLOPE_LOAD_FALLBACK_VERTICAL_RANGE|IB2_WEATHER_SENSITIVE_ROUTE_EXPOSURE_CONTEXT|WATERWAY_PROXIMITY_CONTEXT|WEATHER_ACTIVITY_LEVEL_ONLY|WEATHER_WIND_GUST_CONTEXT|WEATHER_HIGH_UV_CONTEXT|BEHAVIOR_LOW_SPEED_RESPONSE|BEHAVIOR_LOW_SPEED_RATIO_HIGH|ROUTE_PHASE_UNKNOWN|OSM_PROXIMITY_NOT_USAGE,VERY_HIGH_ROUTE_LOAD_CONTEXT|ROUTE_LOAD_BEHAVIOR_CANDIDATE|IB2_OR_WEATHER_CONTEXT_PRESENT,"Descriptive planning context evidence only. This is not ability scoring, not route suitability scoring, not THCI/radar scoring, and not a final hiking risk assessment. Weather is activity-level context unless an explicit safe route-window source is used. OSM proximity is not proof of facility use. IB3D/event annotations are not causality evidence."
13_1,300,350,1,CONSERVATIVE_PLANNING_RECOMMENDED,69.318,HIGH_ROUTE_LOAD_CONTEXT,ROUTE_LOAD_HIGH_CONTEXT|IB2_EFFORT_HIGH|TERRAIN_HIGH|STEPS_SURFACE_HIGH|SLOPE_LOAD_FALLBACK_VERTICAL_RANGE,WEATHER_ACTIVITY_LEVEL_ONLY|WEATHER_WIND_GUST_CONTEXT|WEATHER_HIGH_UV_CONTEXT,NONE,NONE,ROUTE_LOAD_HIGH_CONTEXT|IB2_EFFORT_HIGH|TERRAIN_HIGH|STEPS_SURFACE_HIGH|SLOPE_LOAD_FALLBACK_VERTICAL_RANGE|IB2_WEATHER_SENSITIVE_ROUTE_EXPOSURE_CONTEXT|WEATHER_ACTIVITY_LEVEL_ONLY|WEATHER_WIND_GUST_CONTEXT|WEATHER_HIGH_UV_CONTEXT|ROUTE_PHASE_UNKNOWN|OSM_PROXIMITY_NOT_USAGE,IB2_OR_WEATHER_CONTEXT_PRESENT,"Descriptive planning context evidence only. This is not ability scoring, not route suitability scoring, not THCI/radar scoring, and not a final hiking risk assessment. Weather is activity-level context unless an explicit safe route-window source is used. OSM proximity is not proof of facility use. IB3D/event annotations are not causality evidence."
13_1,350,400,1,TURNAROUND_CONDITION_REVIEW_RECOMMENDED,89.17,VERY_HIGH_ROUTE_LOAD_CONTEXT,ROUTE_LOAD_HIGH_CONTEXT|ROUTE_LOAD_VERY_HIGH_CONTEXT|VERTICAL_RANGE_HIGH|SLOPE_HIGH|IB2_EFFORT_HIGH|TERRAIN_HIGH|STEPS_SURFACE_HIGH|SLOPE_LOAD_FALLBACK_VERTICAL_RANGE,WEATHER_ACTIVITY_LEVEL_ONLY|WEATHER_WIND_GUST_CONTEXT|WEATHER_HIGH_UV_CONTEXT,BEHAVIOR_LOW_SPEED_RESPONSE,NONE,ROUTE_LOAD_HIGH_CONTEXT|ROUTE_LOAD_VERY_HIGH_CONTEXT|VERTICAL_RANGE_HIGH|SLOPE_HIGH|IB2_EFFORT_HIGH|TERRAIN_HIGH|STEPS_SURFACE_HIGH|SLOPE_LOAD_FALLBACK_VERTICAL_RANGE|IB2_WEATHER_SENSITIVE_ROUTE_EXPOSURE_CONTEXT|WEATHER_ACTIVITY_LEVEL_ONLY|WEATHER_WIND_GUST_CONTEXT|WEATHER_HIGH_UV_CONTEXT|BEHAVIOR_LOW_SPEED_RESPONSE|ROUTE_PHASE_UNKNOWN|OSM_PROXIMITY_NOT_USAGE,VERY_HIGH_ROUTE_LOAD_CONTEXT|ROUTE_LOAD_BEHAVIOR_CANDIDATE|IB2_OR_WEATHER_CONTEXT_PRESENT,"Descriptive planning context evidence only. This is not ability scoring, not route suitability scoring, not THCI/radar scoring, and not a final hiking risk assessment. Weather is activity-level context unless an explicit safe route-window source is used. OSM proximity is not proof of facility use. IB3D/event annotations are not causality evidence."
13_1,400,500,2,CONSERVATIVE_PLANNING_RECOMMENDED,79.45,HIGH_ROUTE_LOAD_CONTEXT,ROUTE_LOAD_HIGH_CONTEXT|IB2_EFFORT_HIGH|TERRAIN_HIGH|STEPS_SURFACE_HIGH|SLOPE_LOAD_FALLBACK_VERTICAL_RANGE,WEATHER_ACTIVITY_LEVEL_ONLY|WEATHER_WIND_GUST_CONTEXT|WEATHER_HIGH_UV_CONTEXT,NONE,NONE,ROUTE_LOAD_HIGH_CONTEXT|IB2_EFFORT_HIGH|TERRAIN_HIGH|STEPS_SURFACE_HIGH|SLOPE_LOAD_FALLBACK_VERTICAL_RANGE|IB2_WEATHER_SENSITIVE_ROUTE_EXPOSURE_CONTEXT|WEATHER_ACTIVITY_LEVEL_ONLY|WEATHER_WIND_GUST_CONTEXT|WEATHER_HIGH_UV_CONTEXT|ROUTE_PHASE_UNKNOWN|OSM_PROXIMITY_NOT_USAGE,IB2_OR_WEATHER_CONTEXT_PRESENT,"Descriptive planning context evidence only. This is not ability scoring, not route suitability scoring, not THCI/radar scoring, and not a final hiking risk assessment. Weather is activity-level context unless an explicit safe route-window source is used. OSM proximity is not proof of facility use. IB3D/event annotations are not causality evidence."
13_1,500,550,1,TURNAROUND_CONDITION_REVIEW_RECOMMENDED,81.359,VERY_HIGH_ROUTE_LOAD_CONTEXT,ROUTE_LOAD_HIGH_CONTEXT|ROUTE_LOAD_VERY_HIGH_CONTEXT|IB2_EFFORT_HIGH|STEPS_SURFACE_HIGH|SLOPE_LOAD_FALLBACK_VERTICAL_RANGE,WEATHER_ACTIVITY_LEVEL_ONLY|WEATHER_WIND_GUST_CONTEXT|WEATHER_HIGH_UV_CONTEXT,BEHAVIOR_RELATIVE_HIGH_HR_RESPONSE,NONE,ROUTE_LOAD_HIGH_CONTEXT|ROUTE_LOAD_VERY_HIGH_CONTEXT|IB2_EFFORT_HIGH|STEPS_SURFACE_HIGH|SLOPE_LOAD_FALLBACK_VERTICAL_RANGE|IB2_WEATHER_SENSITIVE_ROUTE_EXPOSURE_CONTEXT|WEATHER_ACTIVITY_LEVEL_ONLY|WEATHER_WIND_GUST_CONTEXT|WEATHER_HIGH_UV_CONTEXT|BEHAVIOR_RELATIVE_HIGH_HR_RESPONSE|ROUTE_PHASE_UNKNOWN|OSM_PROXIMITY_NOT_USAGE,VERY_HIGH_ROUTE_LOAD_CONTEXT|ROUTE_LOAD_BEHAVIOR_CANDIDATE|IB2_OR_WEATHER_CONTEXT_PRESENT,"Descriptive planning context evidence only. This is not ability scoring, not route suitability scoring, not THCI/radar scoring, and not a final hiking risk assessment. Weather is activity-level context unless an explicit safe route-window source is used. OSM proximity is not proof of facility use. IB3D/event annotations are not causality evidence."
13_1,550,600,1,REVIEW_FOR_CONSERVATIVE_PLANNING,56.185,MODERATE_ROUTE_LOAD_CONTEXT,IB2_EFFORT_HIGH|STEPS_SURFACE_HIGH,WEATHER_ACTIVITY_LEVEL_ONLY|WEATHER_WIND_GUST_CONTEXT|WEATHER_HIGH_UV_CONTEXT,BEHAVIOR_RELATIVE_HIGH_HR_RESPONSE|BEHAVIOR_LOW_SPEED_RESPONSE,NONE,IB2_EFFORT_HIGH|STEPS_SURFACE_HIGH|IB2_WEATHER_SENSITIVE_ROUTE_EXPOSURE_CONTEXT|SHELTER_PROXIMITY_CONTEXT|WEATHER_ACTIVITY_LEVEL_ONLY|WEATHER_WIND_GUST_CONTEXT|WEATHER_HIGH_UV_CONTEXT|BEHAVIOR_RELATIVE_HIGH_HR_RESPONSE|BEHAVIOR_LOW_SPEED_RESPONSE|ROUTE_PHASE_UNKNOWN|OSM_PROXIMITY_NOT_USAGE,HIGH_ROUTE_OR_IB2_CONTEXT,"Descriptive planning context evidence only. This is not ability scoring, not route suitability scoring, not THCI/radar scoring, and not a final hiking risk assessment. Weather is activity-level context unless an explicit safe route-window source is used. OSM proximity is not proof of facility use. IB3D/event annotations are not causality evidence."
13_1,700,750,1,REVIEW_FOR_CONSERVATIVE_PLANNING,26.634,LOWER_ROUTE_LOAD_CONTEXT,SLOPE_HIGH,WEATHER_ACTIVITY_LEVEL_ONLY|WEATHER_WIND_GUST_CONTEXT|WEATHER_HIGH_UV_CONTEXT,BEHAVIOR_RELATIVE_HIGH_HR_RESPONSE|BEHAVIOR_LOW_SPEED_RESPONSE|BEHAVIOR_LOW_SPEED_RATIO_HIGH,NONE,SLOPE_HIGH|IB2_WEATHER_SENSITIVE_ROUTE_EXPOSURE_CONTEXT|SHELTER_PROXIMITY_CONTEXT|WEATHER_ACTIVITY_LEVEL_ONLY|WEATHER_WIND_GUST_CONTEXT|WEATHER_HIGH_UV_CONTEXT|BEHAVIOR_RELATIVE_HIGH_HR_RESPONSE|BEHAVIOR_LOW_SPEED_RESPONSE|BEHAVIOR_LOW_SPEED_RATIO_HIGH|ROUTE_PHASE_UNKNOWN|OSM_PROXIMITY_NOT_USAGE,HIGH_ROUTE_OR_IB2_CONTEXT,"Descriptive planning context evidence only. This is not ability scoring, not route suitability scoring, not THCI/radar scoring, and not a final hiking risk assessment. Weather is activity-level context unless an explicit safe route-window source is used. OSM proximity is not proof of facility use. IB3D/event annotations are not causality evidence."
13_1,800,1200,8,REVIEW_FOR_CONSERVATIVE_PLANNING,48.056,LOWER_ROUTE_LOAD_CONTEXT,SLOPE_LOAD_FALLBACK_VERTICAL_RANGE|SLOPE_HIGH,WEATHER_ACTIVITY_LEVEL_ONLY|WEATHER_WIND_GUST_CONTEXT|WEATHER_HIGH_UV_CONTEXT,BEHAVIOR_LOW_SPEED_RESPONSE,NONE,SLOPE_LOAD_FALLBACK_VERTICAL_RANGE|IB2_NAVIGATION_CONTEXT|IB2_WEATHER_SENSITIVE_ROUTE_EXPOSURE_CONTEXT|GUIDEPOST_PROXIMITY_CONTEXT|WEATHER_ACTIVITY_LEVEL_ONLY|WEATHER_WIND_GUST_CONTEXT|WEATHER_HIGH_UV_CONTEXT|ROUTE_PHASE_UNKNOWN|OSM_PROXIMITY_NOT_USAGE|IB2_SUPPORT_CONTEXT|SLOPE_HIGH|BEHAVIOR_LOW_SPEED_RESPONSE,HIGH_ROUTE_OR_IB2_CONTEXT,"Descriptive planning context evidence only. This is not ability scoring, not route suitability scoring, not THCI/radar scoring, and not a final hiking risk assessment. Weather is activity-level context unless an explicit safe route-window source is used. OSM proximity is not proof of facility use. IB3D/event annotations are not causality evidence."
13_1,1200,1300,2,CONSERVATIVE_PLANNING_RECOMMENDED,72.387,HIGH_ROUTE_LOAD_CONTEXT,ROUTE_LOAD_HIGH_CONTEXT|IB2_EFFORT_HIGH|STEPS_SURFACE_HIGH|SLOPE_LOAD_FALLBACK_VERTICAL_RANGE,WEATHER_ACTIVITY_LEVEL_ONLY|WEATHER_WIND_GUST_CONTEXT|WEATHER_HIGH_UV_CONTEXT,BEHAVIOR_LOW_SPEED_RESPONSE|BEHAVIOR_STOP_RESPONSE,NONE,ROUTE_LOAD_HIGH_CONTEXT|IB2_EFFORT_HIGH|STEPS_SURFACE_HIGH|SLOPE_LOAD_FALLBACK_VERTICAL_RANGE|IB2_WEATHER_SENSITIVE_ROUTE_EXPOSURE_CONTEXT|WEATHER_ACTIVITY_LEVEL_ONLY|WEATHER_WIND_GUST_CONTEXT|WEATHER_HIGH_UV_CONTEXT|BEHAVIOR_LOW_SPEED_RESPONSE|BEHAVIOR_STOP_RESPONSE|ROUTE_PHASE_UNKNOWN|OSM_PROXIMITY_NOT_USAGE,ROUTE_LOAD_BEHAVIOR_CANDIDATE|IB2_OR_WEATHER_CONTEXT_PRESENT,"Descriptive planning context evidence only. This is not ability scoring, not route suitability scoring, not THCI/radar scoring, and not a final hiking risk assessment. Weather is activity-level context unless an explicit safe route-window source is used. OSM proximity is not proof of facility use. IB3D/event annotations are not causality evidence."
13_1,1300,1350,1,REVIEW_FOR_CONSERVATIVE_PLANNING,36.861,MODERATE_ROUTE_LOAD_CONTEXT,NONE,WEATHER_ACTIVITY_LEVEL_ONLY|WEATHER_WIND_GUST_CONTEXT|WEATHER_HIGH_UV_CONTEXT,NONE,NONE,IB2_WEATHER_SENSITIVE_ROUTE_EXPOSURE_CONTEXT|WEATHER_ACTIVITY_LEVEL_ONLY|WEATHER_WIND_GUST_CONTEXT|WEATHER_HIGH_UV_CONTEXT|ROUTE_PHASE_UNKNOWN|OSM_PROXIMITY_NOT_USAGE,HIGH_ROUTE_OR_IB2_CONTEXT,"Descriptive planning context evidence only. This is not ability scoring, not route suitability scoring, not THCI/radar scoring, and not a final hiking risk assessment. Weather is activity-level context unless an explicit safe route-window source is used. OSM proximity is not proof of facility use. IB3D/event annotations are not causality evidence."
13_1,1350,1650,6,TURNAROUND_CONDITION_REVIEW_RECOMMENDED,100.0,VERY_HIGH_ROUTE_LOAD_CONTEXT,ROUTE_LOAD_HIGH_CONTEXT|ROUTE_LOAD_VERY_HIGH_CONTEXT|VERTICAL_RANGE_HIGH|SLOPE_HIGH|IB2_EFFORT_HIGH|TERRAIN_HIGH|STEPS_SURFACE_HIGH|SLOPE_LOAD_FALLBACK_VERTICAL_RANGE,WEATHER_ACTIVITY_LEVEL_ONLY|WEATHER_WIND_GUST_CONTEXT|WEATHER_HIGH_UV_CONTEXT,BEHAVIOR_RELATIVE_HIGH_HR_RESPONSE|BEHAVIOR_LOW_SPEED_RESPONSE|BEHAVIOR_LOW_SPEED_RATIO_HIGH,NONE,ROUTE_LOAD_HIGH_CONTEXT|ROUTE_LOAD_VERY_HIGH_CONTEXT|VERTICAL_RANGE_HIGH|SLOPE_HIGH|IB2_EFFORT_HIGH|TERRAIN_HIGH|STEPS_SURFACE_HIGH|SLOPE_LOAD_FALLBACK_VERTICAL_RANGE|IB2_WEATHER_SENSITIVE_ROUTE_EXPOSURE_CONTEXT|WEATHER_ACTIVITY_LEVEL_ONLY|WEATHER_WIND_GUST_CONTEXT|WEATHER_HIGH_UV_CONTEXT|BEHAVIOR_RELATIVE_HIGH_HR_RESPONSE|BEHAVIOR_LOW_SPEED_RESPONSE|BEHAVIOR_LOW_SPEED_RATIO_HIGH|ROUTE_PHASE_UNKNOWN|OSM_PROXIMITY_NOT_USAGE,VERY_HIGH_ROUTE_LOAD_CONTEXT|ROUTE_LOAD_BEHAVIOR_CANDIDATE|IB2_OR_WEATHER_CONTEXT_PRESENT,"Descriptive planning context evidence only. This is not ability scoring, not route suitability scoring, not THCI/radar scoring, and not a final hiking risk assessment. Weather is activity-level context unless an explicit safe route-window source is used. OSM proximity is not proof of facility use. IB3D/event annotations are not causality evidence."
13_1,1650,1750,2,REVIEW_FOR_CONSERVATIVE_PLANNING,54.706,LOWER_ROUTE_LOAD_CONTEXT,IB2_EFFORT_HIGH|SLOPE_LOAD_FALLBACK_VERTICAL_RANGE,WEATHER_ACTIVITY_LEVEL_ONLY|WEATHER_WIND_GUST_CONTEXT|WEATHER_HIGH_UV_CONTEXT,BEHAVIOR_RELATIVE_HIGH_HR_RESPONSE|BEHAVIOR_LOW_SPEED_RESPONSE,NONE,IB2_EFFORT_HIGH|SLOPE_LOAD_FALLBACK_VERTICAL_RANGE|IB2_WEATHER_SENSITIVE_ROUTE_EXPOSURE_CONTEXT|WEATHER_ACTIVITY_LEVEL_ONLY|WEATHER_WIND_GUST_CONTEXT|WEATHER_HIGH_UV_CONTEXT|BEHAVIOR_RELATIVE_HIGH_HR_RESPONSE|BEHAVIOR_LOW_SPEED_RESPONSE|ROUTE_PHASE_UNKNOWN|OSM_PROXIMITY_NOT_USAGE,HIGH_ROUTE_OR_IB2_CONTEXT,"Descriptive planning context evidence only. This is not ability scoring, not route suitability scoring, not THCI/radar scoring, and not a final hiking risk assessment. Weather is activity-level context unless an explicit safe route-window source is used. OSM proximity is not proof of facility use. IB3D/event annotations are not causality evidence."
13_1,1750,1850,2,CONSERVATIVE_PLANNING_RECOMMENDED,73.252,HIGH_ROUTE_LOAD_CONTEXT,ROUTE_LOAD_HIGH_CONTEXT|IB2_EFFORT_HIGH|STEPS_SURFACE_HIGH,WEATHER_ACTIVITY_LEVEL_ONLY|WEATHER_WIND_GUST_CONTEXT|WEATHER_HIGH_UV_CONTEXT,BEHAVIOR_LOW_SPEED_RESPONSE|BEHAVIOR_LOW_SPEED_RATIO_HIGH,NONE,ROUTE_LOAD_HIGH_CONTEXT|IB2_EFFORT_HIGH|STEPS_SURFACE_HIGH|IB2_NAVIGATION_CONTEXT|IB2_WEATHER_SENSITIVE_ROUTE_EXPOSURE_CONTEXT|GUIDEPOST_PROXIMITY_CONTEXT|WEATHER_ACTIVITY_LEVEL_ONLY|WEATHER_WIND_GUST_CONTEXT|WEATHER_HIGH_UV_CONTEXT|BEHAVIOR_LOW_SPEED_RESPONSE|BEHAVIOR_LOW_SPEED_RATIO_HIGH|ROUTE_PHASE_UNKNOWN|OSM_PROXIMITY_NOT_USAGE,ROUTE_LOAD_BEHAVIOR_CANDIDATE|IB2_OR_WEATHER_CONTEXT_PRESENT,"Descriptive planning context evidence only. This is not ability scoring, not route suitability scoring, not THCI/radar scoring, and not a final hiking risk assessment. Weather is activity-level context unless an explicit safe route-window source is used. OSM proximity is not proof of facility use. IB3D/event annotations are not causality evidence."
13_1,1850,1900,1,TURNAROUND_CONDITION_REVIEW_RECOMMENDED,91.158,VERY_HIGH_ROUTE_LOAD_CONTEXT,ROUTE_LOAD_HIGH_CONTEXT|ROUTE_LOAD_VERY_HIGH_CONTEXT|VERTICAL_RANGE_HIGH|SLOPE_HIGH|IB2_EFFORT_HIGH|TERRAIN_HIGH|STEPS_SURFACE_HIGH|SLOPE_LOAD_FALLBACK_VERTICAL_RANGE,WEATHER_ACTIVITY_LEVEL_ONLY|WEATHER_WIND_GUST_CONTEXT|WEATHER_HIGH_UV_CONTEXT,BEHAVIOR_LOW_SPEED_RESPONSE|BEHAVIOR_LOW_SPEED_RATIO_HIGH,NONE,ROUTE_LOAD_HIGH_CONTEXT|ROUTE_LOAD_VERY_HIGH_CONTEXT|VERTICAL_RANGE_HIGH|SLOPE_HIGH|IB2_EFFORT_HIGH|TERRAIN_HIGH|STEPS_SURFACE_HIGH|SLOPE_LOAD_FALLBACK_VERTICAL_RANGE|IB2_WEATHER_SENSITIVE_ROUTE_EXPOSURE_CONTEXT|WEATHER_ACTIVITY_LEVEL_ONLY|WEATHER_WIND_GUST_CONTEXT|WEATHER_HIGH_UV_CONTEXT|BEHAVIOR_LOW_SPEED_RESPONSE|BEHAVIOR_LOW_SPEED_RATIO_HIGH|ROUTE_PHASE_UNKNOWN|OSM_PROXIMITY_NOT_USAGE,VERY_HIGH_ROUTE_LOAD_CONTEXT|ROUTE_LOAD_BEHAVIOR_CANDIDATE|IB2_OR_WEATHER_CONTEXT_PRESENT,"Descriptive planning context evidence only. This is not ability scoring, not route suitability scoring, not THCI/radar scoring, and not a final hiking risk assessment. Weather is activity-level context unless an explicit safe route-window source is used. OSM proximity is not proof of facility use. IB3D/event annotations are not causality evidence."
13_1,1900,1950,1,REVIEW_FOR_CONSERVATIVE_PLANNING,50.519,MODERATE_ROUTE_LOAD_CONTEXT,IB2_EFFORT_HIGH|STEPS_SURFACE_HIGH|SLOPE_LOAD_FALLBACK_VERTICAL_RANGE,WEATHER_ACTIVITY_LEVEL_ONLY|WEATHER_WIND_GUST_CONTEXT|WEATHER_HIGH_UV_CONTEXT,NONE,NONE,IB2_EFFORT_HIGH|STEPS_SURFACE_HIGH|SLOPE_LOAD_FALLBACK_VERTICAL_RANGE|IB2_NAVIGATION_CONTEXT|IB2_WEATHER_SENSITIVE_ROUTE_EXPOSURE_CONTEXT|GUIDEPOST_PROXIMITY_CONTEXT|WEATHER_ACTIVITY_LEVEL_ONLY|WEATHER_WIND_GUST_CONTEXT|WEATHER_HIGH_UV_CONTEXT|ROUTE_PHASE_UNKNOWN|OSM_PROXIMITY_NOT_USAGE,HIGH_ROUTE_OR_IB2_CONTEXT,"Descriptive planning context evidence only. This is not ability scoring, not route suitability scoring, not THCI/radar scoring, and not a final hiking risk assessment. Weather is activity-level context unless an explicit safe route-window source is used. OSM proximity is not proof of facility use. IB3D/event annotations are not causality evidence."
13_1,1950,2050,2,TURNAROUND_CONDITION_REVIEW_RECOMMENDED,83.959,VERY_HIGH_ROUTE_LOAD_CONTEXT,ROUTE_LOAD_HIGH_CONTEXT|ROUTE_LOAD_VERY_HIGH_CONTEXT|VERTICAL_RANGE_HIGH|SLOPE_HIGH|IB2_EFFORT_HIGH|STEPS_SURFACE_HIGH|SLOPE_LOAD_FALLBACK_VERTICAL_RANGE,WEATHER_ACTIVITY_LEVEL_ONLY|WEATHER_WIND_GUST_CONTEXT|WEATHER_HIGH_UV_CONTEXT,BEHAVIOR_LOW_SPEED_RESPONSE|BEHAVIOR_RELATIVE_HIGH_HR_RESPONSE,NONE,ROUTE_LOAD_HIGH_CONTEXT|ROUTE_LOAD_VERY_HIGH_CONTEXT|VERTICAL_RANGE_HIGH|SLOPE_HIGH|IB2_EFFORT_HIGH|STEPS_SURFACE_HIGH|SLOPE_LOAD_FALLBACK_VERTICAL_RANGE|IB2_NAVIGATION_CONTEXT|IB2_WEATHER_SENSITIVE_ROUTE_EXPOSURE_CONTEXT|GUIDEPOST_PROXIMITY_CONTEXT|WEATHER_ACTIVITY_LEVEL_ONLY|WEATHER_WIND_GUST_CONTEXT|WEATHER_HIGH_UV_CONTEXT|BEHAVIOR_LOW_SPEED_RESPONSE|ROUTE_PHASE_UNKNOWN|OSM_PROXIMITY_NOT_USAGE|BEHAVIOR_RELATIVE_HIGH_HR_RESPONSE,VERY_HIGH_ROUTE_LOAD_CONTEXT|ROUTE_LOAD_BEHAVIOR_CANDIDATE|IB2_OR_WEATHER_CONTEXT_PRESENT,"Descriptive planning context evidence only. This is not ability scoring, not route suitability scoring, not THCI/radar scoring, and not a final hiking risk assessment. Weather is activity-level context unless an explicit safe route-window source is used. OSM proximity is not proof of facility use. IB3D/event annotations are not causality evidence."
13_1,2050,2100,1,REVIEW_FOR_CONSERVATIVE_PLANNING,53.319,MODERATE_ROUTE_LOAD_CONTEXT,IB2_EFFORT_HIGH|STEPS_SURFACE_HIGH,WEATHER_ACTIVITY_LEVEL_ONLY|WEATHER_WIND_GUST_CONTEXT|WEATHER_HIGH_UV_CONTEXT,BEHAVIOR_LOW_SPEED_RESPONSE|BEHAVIOR_STOP_RESPONSE,EVENT_SHORT_PAUSE,IB2_EFFORT_HIGH|STEPS_SURFACE_HIGH|IB2_NAVIGATION_CONTEXT|IB2_WEATHER_SENSITIVE_ROUTE_EXPOSURE_CONTEXT|GUIDEPOST_PROXIMITY_CONTEXT|WEATHER_ACTIVITY_LEVEL_ONLY|WEATHER_WIND_GUST_CONTEXT|WEATHER_HIGH_UV_CONTEXT|BEHAVIOR_LOW_SPEED_RESPONSE|BEHAVIOR_STOP_RESPONSE|ROUTE_PHASE_UNKNOWN|OSM_PROXIMITY_NOT_USAGE,HIGH_ROUTE_OR_IB2_CONTEXT,"Descriptive planning context evidence only. This is not ability scoring, not route suitability scoring, not THCI/radar scoring, and not a final hiking risk assessment. Weather is activity-level context unless an explicit safe route-window source is used. OSM proximity is not proof of facility use. IB3D/event annotations are not causality evidence."
13_1,2100,2150,1,CONSERVATIVE_PLANNING_RECOMMENDED,67.682,HIGH_ROUTE_LOAD_CONTEXT,ROUTE_LOAD_HIGH_CONTEXT|IB2_EFFORT_HIGH|STEPS_SURFACE_HIGH,WEATHER_ACTIVITY_LEVEL_ONLY|WEATHER_WIND_GUST_CONTEXT|WEATHER_HIGH_UV_CONTEXT,BEHAVIOR_RELATIVE_HIGH_HR_RESPONSE|BEHAVIOR_LOW_SPEED_RESPONSE|BEHAVIOR_LOW_SPEED_RATIO_HIGH,EVENT_HIGH_HR_RECOVERY_STOP,ROUTE_LOAD_HIGH_CONTEXT|IB2_EFFORT_HIGH|STEPS_SURFACE_HIGH|IB2_NAVIGATION_CONTEXT|IB2_WEATHER_SENSITIVE_ROUTE_EXPOSURE_CONTEXT|GUIDEPOST_PROXIMITY_CONTEXT|WEATHER_ACTIVITY_LEVEL_ONLY|WEATHER_WIND_GUST_CONTEXT|WEATHER_HIGH_UV_CONTEXT|BEHAVIOR_RELATIVE_HIGH_HR_RESPONSE|BEHAVIOR_LOW_SPEED_RESPONSE|BEHAVIOR_LOW_SPEED_RATIO_HIGH|ROUTE_PHASE_UNKNOWN|OSM_PROXIMITY_NOT_USAGE,ROUTE_LOAD_BEHAVIOR_CANDIDATE|IB2_OR_WEATHER_CONTEXT_PRESENT,"Descriptive planning context evidence only. This is not ability scoring, not route suitability scoring, not THCI/radar scoring, and not a final hiking risk assessment. Weather is activity-level context unless an explicit safe route-window source is used. OSM proximity is not proof of facility use. IB3D/event annotations are not causality evidence."
13_1,2150,2250,2,TURNAROUND_CONDITION_REVIEW_RECOMMENDED,84.629,VERY_HIGH_ROUTE_LOAD_CONTEXT,ROUTE_LOAD_HIGH_CONTEXT|ROUTE_LOAD_VERY_HIGH_CONTEXT|VERTICAL_RANGE_HIGH|SLOPE_HIGH|IB2_EFFORT_HIGH|STEPS_SURFACE_HIGH|SLOPE_LOAD_FALLBACK_VERTICAL_RANGE,WEATHER_ACTIVITY_LEVEL_ONLY|WEATHER_WIND_GUST_CONTEXT|WEATHER_HIGH_UV_CONTEXT,BEHAVIOR_RELATIVE_HIGH_HR_RESPONSE|BEHAVIOR_LOW_SPEED_RESPONSE|BEHAVIOR_LOW_SPEED_RATIO_HIGH,NONE,ROUTE_LOAD_HIGH_CONTEXT|ROUTE_LOAD_VERY_HIGH_CONTEXT|VERTICAL_RANGE_HIGH|SLOPE_HIGH|IB2_EFFORT_HIGH|STEPS_SURFACE_HIGH|SLOPE_LOAD_FALLBACK_VERTICAL_RANGE|IB2_WEATHER_SENSITIVE_ROUTE_EXPOSURE_CONTEXT|WEATHER_ACTIVITY_LEVEL_ONLY|WEATHER_WIND_GUST_CONTEXT|WEATHER_HIGH_UV_CONTEXT|BEHAVIOR_RELATIVE_HIGH_HR_RESPONSE|BEHAVIOR_LOW_SPEED_RESPONSE|BEHAVIOR_LOW_SPEED_RATIO_HIGH|ROUTE_PHASE_UNKNOWN|OSM_PROXIMITY_NOT_USAGE|IB2_NAVIGATION_CONTEXT|GUIDEPOST_PROXIMITY_CONTEXT,VERY_HIGH_ROUTE_LOAD_CONTEXT|ROUTE_LOAD_BEHAVIOR_CANDIDATE|IB2_OR_WEATHER_CONTEXT_PRESENT,"Descriptive planning context evidence only. This is not ability scoring, not route suitability scoring, not THCI/radar scoring, and not a final hiking risk assessment. Weather is activity-level context unless an explicit safe route-window source is used. OSM proximity is not proof of facility use. IB3D/event annotations are not causality evidence."
13_1,2250,2300,1,REVIEW_FOR_CONSERVATIVE_PLANNING,49.882,MODERATE_ROUTE_LOAD_CONTEXT,IB2_EFFORT_HIGH|STEPS_SURFACE_HIGH|SLOPE_LOAD_FALLBACK_VERTICAL_RANGE,WEATHER_ACTIVITY_LEVEL_ONLY|WEATHER_WIND_GUST_CONTEXT|WEATHER_HIGH_UV_CONTEXT,NONE,NONE,IB2_EFFORT_HIGH|STEPS_SURFACE_HIGH|SLOPE_LOAD_FALLBACK_VERTICAL_RANGE|IB2_NAVIGATION_CONTEXT|IB2_WEATHER_SENSITIVE_ROUTE_EXPOSURE_CONTEXT|GUIDEPOST_PROXIMITY_CONTEXT|WEATHER_ACTIVITY_LEVEL_ONLY|WEATHER_WIND_GUST_CONTEXT|WEATHER_HIGH_UV_CONTEXT|ROUTE_PHASE_UNKNOWN|OSM_PROXIMITY_NOT_USAGE,HIGH_ROUTE_OR_IB2_CONTEXT,"Descriptive planning context evidence only. This is not ability scoring, not route suitability scoring, not THCI/radar scoring, and not a final hiking risk assessment. Weather is activity-level context unless an explicit safe route-window source is used. OSM proximity is not proof of facility use. IB3D/event annotations are not causality evidence."
13_1,2300,2350,1,TURNAROUND_CONDITION_REVIEW_RECOMMENDED,91.277,VERY_HIGH_ROUTE_LOAD_CONTEXT,ROUTE_LOAD_HIGH_CONTEXT|ROUTE_LOAD_VERY_HIGH_CONTEXT|VERTICAL_RANGE_HIGH|SLOPE_HIGH|IB2_EFFORT_HIGH|STEPS_SURFACE_HIGH|SLOPE_LOAD_FALLBACK_VERTICAL_RANGE,WEATHER_ACTIVITY_LEVEL_ONLY|WEATHER_WIND_GUST_CONTEXT|WEATHER_HIGH_UV_CONTEXT,BEHAVIOR_LOW_SPEED_RESPONSE,NONE,ROUTE_LOAD_HIGH_CONTEXT|ROUTE_LOAD_VERY_HIGH_CONTEXT|VERTICAL_RANGE_HIGH|SLOPE_HIGH|IB2_EFFORT_HIGH|STEPS_SURFACE_HIGH|SLOPE_LOAD_FALLBACK_VERTICAL_RANGE|IB2_WEATHER_SENSITIVE_ROUTE_EXPOSURE_CONTEXT|WEATHER_ACTIVITY_LEVEL_ONLY|WEATHER_WIND_GUST_CONTEXT|WEATHER_HIGH_UV_CONTEXT|BEHAVIOR_LOW_SPEED_RESPONSE|ROUTE_PHASE_UNKNOWN|OSM_PROXIMITY_NOT_USAGE,VERY_HIGH_ROUTE_LOAD_CONTEXT|ROUTE_LOAD_BEHAVIOR_CANDIDATE|IB2_OR_WEATHER_CONTEXT_PRESENT,"Descriptive planning context evidence only. This is not ability scoring, not route suitability scoring, not THCI/radar scoring, and not a final hiking risk assessment. Weather is activity-level context unless an explicit safe route-window source is used. OSM proximity is not proof of facility use. IB3D/event annotations are not causality evidence."
13_1,2350,2400,1,CONSERVATIVE_PLANNING_RECOMMENDED,70.482,HIGH_ROUTE_LOAD_CONTEXT,ROUTE_LOAD_HIGH_CONTEXT|IB2_EFFORT_HIGH|STEPS_SURFACE_HIGH,WEATHER_ACTIVITY_LEVEL_ONLY|WEATHER_WIND_GUST_CONTEXT|WEATHER_HIGH_UV_CONTEXT,BEHAVIOR_LOW_SPEED_RESPONSE|BEHAVIOR_LOW_SPEED_RATIO_HIGH|BEHAVIOR_STOP_RESPONSE,EVENT_HIGH_HR_RECOVERY_STOP,ROUTE_LOAD_HIGH_CONTEXT|IB2_EFFORT_HIGH|STEPS_SURFACE_HIGH|IB2_NAVIGATION_CONTEXT|IB2_WEATHER_SENSITIVE_ROUTE_EXPOSURE_CONTEXT|GUIDEPOST_PROXIMITY_CONTEXT|WEATHER_ACTIVITY_LEVEL_ONLY|WEATHER_WIND_GUST_CONTEXT|WEATHER_HIGH_UV_CONTEXT|BEHAVIOR_LOW_SPEED_RESPONSE|BEHAVIOR_LOW_SPEED_RATIO_HIGH|BEHAVIOR_STOP_RESPONSE|ROUTE_PHASE_UNKNOWN|OSM_PROXIMITY_NOT_USAGE,ROUTE_LOAD_BEHAVIOR_CANDIDATE|IB2_OR_WEATHER_CONTEXT_PRESENT,"Descriptive planning context evidence only. This is not ability scoring, not route suitability scoring, not THCI/radar scoring, and not a final hiking risk assessment. Weather is activity-level context unless an explicit safe route-window source is used. OSM proximity is not proof of facility use. IB3D/event annotations are not causality evidence."
13_1,2400,2500,2,REVIEW_FOR_CONSERVATIVE_PLANNING,51.873,MODERATE_ROUTE_LOAD_CONTEXT,IB2_EFFORT_HIGH|SLOPE_LOAD_FALLBACK_VERTICAL_RANGE,WEATHER_ACTIVITY_LEVEL_ONLY|WEATHER_WIND_GUST_CONTEXT|WEATHER_HIGH_UV_CONTEXT,NONE,NONE,IB2_EFFORT_HIGH|SLOPE_LOAD_FALLBACK_VERTICAL_RANGE|IB2_NAVIGATION_CONTEXT|IB2_WEATHER_SENSITIVE_ROUTE_EXPOSURE_CONTEXT|GUIDEPOST_PROXIMITY_CONTEXT|WEATHER_ACTIVITY_LEVEL_ONLY|WEATHER_WIND_GUST_CONTEXT|WEATHER_HIGH_UV_CONTEXT|ROUTE_PHASE_UNKNOWN|OSM_PROXIMITY_NOT_USAGE,HIGH_ROUTE_OR_IB2_CONTEXT,"Descriptive planning context evidence only. This is not ability scoring, not route suitability scoring, not THCI/radar scoring, and not a final hiking risk assessment. Weather is activity-level context unless an explicit safe route-window source is used. OSM proximity is not proof of facility use. IB3D/event annotations are not causality evidence."
13_1,2500,2550,1,CONSERVATIVE_PLANNING_RECOMMENDED,64.479,HIGH_ROUTE_LOAD_CONTEXT,ROUTE_LOAD_HIGH_CONTEXT|IB2_EFFORT_HIGH|TERRAIN_HIGH|STEPS_SURFACE_HIGH,WEATHER_ACTIVITY_LEVEL_ONLY|WEATHER_WIND_GUST_CONTEXT|WEATHER_HIGH_UV_CONTEXT,BEHAVIOR_RELATIVE_HIGH_HR_RESPONSE|BEHAVIOR_LOW_SPEED_RESPONSE|BEHAVIOR_LOW_SPEED_RATIO_HIGH,NONE,ROUTE_LOAD_HIGH_CONTEXT|IB2_EFFORT_HIGH|TERRAIN_HIGH|STEPS_SURFACE_HIGH|IB2_WEATHER_SENSITIVE_ROUTE_EXPOSURE_CONTEXT|WEATHER_ACTIVITY_LEVEL_ONLY|WEATHER_WIND_GUST_CONTEXT|WEATHER_HIGH_UV_CONTEXT|BEHAVIOR_RELATIVE_HIGH_HR_RESPONSE|BEHAVIOR_LOW_SPEED_RESPONSE|BEHAVIOR_LOW_SPEED_RATIO_HIGH|ROUTE_PHASE_UNKNOWN|OSM_PROXIMITY_NOT_USAGE,ROUTE_LOAD_BEHAVIOR_CANDIDATE|IB2_OR_WEATHER_CONTEXT_PRESENT,"Descriptive planning context evidence only. This is not ability scoring, not route suitability scoring, not THCI/radar scoring, and not a final hiking risk assessment. Weather is activity-level context unless an explicit safe route-window source is used. OSM proximity is not proof of facility use. IB3D/event annotations are not causality evidence."
13_1,2550,2850,6,TURNAROUND_CONDITION_REVIEW_RECOMMENDED,100.0,VERY_HIGH_ROUTE_LOAD_CONTEXT,ROUTE_LOAD_HIGH_CONTEXT|ROUTE_LOAD_VERY_HIGH_CONTEXT|VERTICAL_RANGE_HIGH|SLOPE_HIGH|IB2_EFFORT_HIGH|TERRAIN_HIGH|STEPS_SURFACE_HIGH|SLOPE_LOAD_FALLBACK_VERTICAL_RANGE,WEATHER_ACTIVITY_LEVEL_ONLY|WEATHER_WIND_GUST_CONTEXT|WEATHER_HIGH_UV_CONTEXT,BEHAVIOR_RELATIVE_HIGH_HR_RESPONSE|BEHAVIOR_LOW_SPEED_RESPONSE|BEHAVIOR_LOW_SPEED_RATIO_HIGH,EVENT_HIGH_HR_RECOVERY_STOP|EVENT_SHORT_PAUSE,ROUTE_LOAD_HIGH_CONTEXT|ROUTE_LOAD_VERY_HIGH_CONTEXT|VERTICAL_RANGE_HIGH|SLOPE_HIGH|IB2_EFFORT_HIGH|TERRAIN_HIGH|STEPS_SURFACE_HIGH|IB2_WEATHER_SENSITIVE_ROUTE_EXPOSURE_CONTEXT|WEATHER_ACTIVITY_LEVEL_ONLY|WEATHER_WIND_GUST_CONTEXT|WEATHER_HIGH_UV_CONTEXT|BEHAVIOR_RELATIVE_HIGH_HR_RESPONSE|BEHAVIOR_LOW_SPEED_RESPONSE|BEHAVIOR_LOW_SPEED_RATIO_HIGH|ROUTE_PHASE_UNKNOWN|OSM_PROXIMITY_NOT_USAGE|SLOPE_LOAD_FALLBACK_VERTICAL_RANGE,VERY_HIGH_ROUTE_LOAD_CONTEXT|ROUTE_LOAD_BEHAVIOR_CANDIDATE|IB2_OR_WEATHER_CONTEXT_PRESENT,"Descriptive planning context evidence only. This is not ability scoring, not route suitability scoring, not THCI/radar scoring, and not a final hiking risk assessment. Weather is activity-level context unless an explicit safe route-window source is used. OSM proximity is not proof of facility use. IB3D/event annotations are not causality evidence."
13_1,2850,2900,1,REVIEW_FOR_CONSERVATIVE_PLANNING,35.054,MODERATE_ROUTE_LOAD_CONTEXT,SLOPE_LOAD_FALLBACK_VERTICAL_RANGE,WEATHER_ACTIVITY_LEVEL_ONLY|WEATHER_WIND_GUST_CONTEXT|WEATHER_HIGH_UV_CONTEXT,NONE,NONE,SLOPE_LOAD_FALLBACK_VERTICAL_RANGE|IB2_WEATHER_SENSITIVE_ROUTE_EXPOSURE_CONTEXT|WEATHER_ACTIVITY_LEVEL_ONLY|WEATHER_WIND_GUST_CONTEXT|WEATHER_HIGH_UV_CONTEXT|ROUTE_PHASE_UNKNOWN|OSM_PROXIMITY_NOT_USAGE,HIGH_ROUTE_OR_IB2_CONTEXT,"Descriptive planning context evidence only. This is not ability scoring, not route suitability scoring, not THCI/radar scoring, and not a final hiking risk assessment. Weather is activity-level context unless an explicit safe route-window source is used. OSM proximity is not proof of facility use. IB3D/event annotations are not causality evidence."
13_1,2900,3000,2,CONSERVATIVE_PLANNING_RECOMMENDED,71.142,HIGH_ROUTE_LOAD_CONTEXT,ROUTE_LOAD_HIGH_CONTEXT|IB2_EFFORT_HIGH|STEPS_SURFACE_HIGH|SLOPE_LOAD_FALLBACK_VERTICAL_RANGE,WEATHER_ACTIVITY_LEVEL_ONLY|WEATHER_WIND_GUST_CONTEXT|WEATHER_HIGH_UV_CONTEXT,BEHAVIOR_LOW_SPEED_RESPONSE,EVENT_HIGH_HR_RECOVERY_STOP,ROUTE_LOAD_HIGH_CONTEXT|IB2_EFFORT_HIGH|STEPS_SURFACE_HIGH|SLOPE_LOAD_FALLBACK_VERTICAL_RANGE|IB2_WEATHER_SENSITIVE_ROUTE_EXPOSURE_CONTEXT|WEATHER_ACTIVITY_LEVEL_ONLY|WEATHER_WIND_GUST_CONTEXT|WEATHER_HIGH_UV_CONTEXT|ROUTE_PHASE_UNKNOWN|OSM_PROXIMITY_NOT_USAGE|BEHAVIOR_LOW_SPEED_RESPONSE,IB2_OR_WEATHER_CONTEXT_PRESENT|ROUTE_LOAD_BEHAVIOR_CANDIDATE,"Descriptive planning context evidence only. This is not ability scoring, not route suitability scoring, not THCI/radar scoring, and not a final hiking risk assessment. Weather is activity-level context unless an explicit safe route-window source is used. OSM proximity is not proof of facility use. IB3D/event annotations are not causality evidence."
13_1,3000,3550,11,REVIEW_FOR_CONSERVATIVE_PLANNING,42.398,LOWER_ROUTE_LOAD_CONTEXT,SLOPE_LOAD_FALLBACK_VERTICAL_RANGE|SLOPE_HIGH,WEATHER_ACTIVITY_LEVEL_ONLY|WEATHER_WIND_GUST_CONTEXT|WEATHER_HIGH_UV_CONTEXT,BEHAVIOR_RELATIVE_HIGH_HR_RESPONSE|BEHAVIOR_LOW_SPEED_RESPONSE|BEHAVIOR_LOW_SPEED_RATIO_HIGH,NONE,SLOPE_LOAD_FALLBACK_VERTICAL_RANGE|IB2_WEATHER_SENSITIVE_ROUTE_EXPOSURE_CONTEXT|WEATHER_ACTIVITY_LEVEL_ONLY|WEATHER_WIND_GUST_CONTEXT|WEATHER_HIGH_UV_CONTEXT|ROUTE_PHASE_UNKNOWN|OSM_PROXIMITY_NOT_USAGE|BEHAVIOR_RELATIVE_HIGH_HR_RESPONSE|BEHAVIOR_LOW_SPEED_RESPONSE|BEHAVIOR_LOW_SPEED_RATIO_HIGH|IB2_SUPPORT_CONTEXT|IB2_NAVIGATION_CONTEXT|GUIDEPOST_PROXIMITY_CONTEXT|SLOPE_HIGH|SHELTER_PROXIMITY_CONTEXT,HIGH_ROUTE_OR_IB2_CONTEXT,"Descriptive planning context evidence only. This is not ability scoring, not route suitability scoring, not THCI/radar scoring, and not a final hiking risk assessment. Weather is activity-level context unless an explicit safe route-window source is used. OSM proximity is not proof of facility use. IB3D/event annotations are not causality evidence."
13_1,3600,3800,4,CONSERVATIVE_PLANNING_RECOMMENDED,79.133,HIGH_ROUTE_LOAD_CONTEXT,ROUTE_LOAD_HIGH_CONTEXT|IB2_EFFORT_HIGH|STEPS_SURFACE_HIGH|SLOPE_LOAD_FALLBACK_VERTICAL_RANGE|TERRAIN_HIGH,WEATHER_ACTIVITY_LEVEL_ONLY|WEATHER_WIND_GUST_CONTEXT|WEATHER_HIGH_UV_CONTEXT,BEHAVIOR_RELATIVE_HIGH_HR_RESPONSE|BEHAVIOR_LOW_SPEED_RESPONSE,NONE,ROUTE_LOAD_HIGH_CONTEXT|IB2_EFFORT_HIGH|STEPS_SURFACE_HIGH|SLOPE_LOAD_FALLBACK_VERTICAL_RANGE|IB2_WEATHER_SENSITIVE_ROUTE_EXPOSURE_CONTEXT|SHELTER_PROXIMITY_CONTEXT|WEATHER_ACTIVITY_LEVEL_ONLY|WEATHER_WIND_GUST_CONTEXT|WEATHER_HIGH_UV_CONTEXT|BEHAVIOR_RELATIVE_HIGH_HR_RESPONSE|BEHAVIOR_LOW_SPEED_RESPONSE|ROUTE_PHASE_UNKNOWN|OSM_PROXIMITY_NOT_USAGE|TERRAIN_HIGH,ROUTE_LOAD_BEHAVIOR_CANDIDATE|IB2_OR_WEATHER_CONTEXT_PRESENT,"Descriptive planning context evidence only. This is not ability scoring, not route suitability scoring, not THCI/radar scoring, and not a final hiking risk assessment. Weather is activity-level context unless an explicit safe route-window source is used. OSM proximity is not proof of facility use. IB3D/event annotations are not causality evidence."
13_1,3800,3850,1,TURNAROUND_CONDITION_REVIEW_RECOMMENDED,84.318,VERY_HIGH_ROUTE_LOAD_CONTEXT,ROUTE_LOAD_HIGH_CONTEXT|ROUTE_LOAD_VERY_HIGH_CONTEXT|IB2_EFFORT_HIGH|TERRAIN_HIGH|STEPS_SURFACE_HIGH|SLOPE_LOAD_FALLBACK_VERTICAL_RANGE,WEATHER_ACTIVITY_LEVEL_ONLY|WEATHER_WIND_GUST_CONTEXT|WEATHER_HIGH_UV_CONTEXT,BEHAVIOR_LOW_SPEED_RESPONSE,NONE,ROUTE_LOAD_HIGH_CONTEXT|ROUTE_LOAD_VERY_HIGH_CONTEXT|IB2_EFFORT_HIGH|TERRAIN_HIGH|STEPS_SURFACE_HIGH|SLOPE_LOAD_FALLBACK_VERTICAL_RANGE|IB2_WEATHER_SENSITIVE_ROUTE_EXPOSURE_CONTEXT|WEATHER_ACTIVITY_LEVEL_ONLY|WEATHER_WIND_GUST_CONTEXT|WEATHER_HIGH_UV_CONTEXT|BEHAVIOR_LOW_SPEED_RESPONSE|ROUTE_PHASE_UNKNOWN|OSM_PROXIMITY_NOT_USAGE,VERY_HIGH_ROUTE_LOAD_CONTEXT|ROUTE_LOAD_BEHAVIOR_CANDIDATE|IB2_OR_WEATHER_CONTEXT_PRESENT,"Descriptive planning context evidence only. This is not ability scoring, not route suitability scoring, not THCI/radar scoring, and not a final hiking risk assessment. Weather is activity-level context unless an explicit safe route-window source is used. OSM proximity is not proof of facility use. IB3D/event annotations are not causality evidence."
13_1,3850,3900,1,CONSERVATIVE_PLANNING_RECOMMENDED,75.84,HIGH_ROUTE_LOAD_CONTEXT,ROUTE_LOAD_HIGH_CONTEXT|IB2_EFFORT_HIGH|TERRAIN_HIGH|STEPS_SURFACE_HIGH|SLOPE_LOAD_FALLBACK_VERTICAL_RANGE,WEATHER_ACTIVITY_LEVEL_ONLY|WEATHER_WIND_GUST_CONTEXT|WEATHER_HIGH_UV_CONTEXT,BEHAVIOR_LOW_SPEED_RESPONSE,NONE,ROUTE_LOAD_HIGH_CONTEXT|IB2_EFFORT_HIGH|TERRAIN_HIGH|STEPS_SURFACE_HIGH|SLOPE_LOAD_FALLBACK_VERTICAL_RANGE|IB2_WEATHER_SENSITIVE_ROUTE_EXPOSURE_CONTEXT|WEATHER_ACTIVITY_LEVEL_ONLY|WEATHER_WIND_GUST_CONTEXT|WEATHER_HIGH_UV_CONTEXT|BEHAVIOR_LOW_SPEED_RESPONSE|ROUTE_PHASE_UNKNOWN|OSM_PROXIMITY_NOT_USAGE,ROUTE_LOAD_BEHAVIOR_CANDIDATE|IB2_OR_WEATHER_CONTEXT_PRESENT,"Descriptive planning context evidence only. This is not ability scoring, not route suitability scoring, not THCI/radar scoring, and not a final hiking risk assessment. Weather is activity-level context unless an explicit safe route-window source is used. OSM proximity is not proof of facility use. IB3D/event annotations are not causality evidence."
13_1,3900,4050,3,TURNAROUND_CONDITION_REVIEW_RECOMMENDED,100.0,VERY_HIGH_ROUTE_LOAD_CONTEXT,ROUTE_LOAD_HIGH_CONTEXT|ROUTE_LOAD_VERY_HIGH_CONTEXT|VERTICAL_RANGE_HIGH|IB2_EFFORT_HIGH|TERRAIN_HIGH|STEPS_SURFACE_HIGH|SLOPE_HIGH,WEATHER_ACTIVITY_LEVEL_ONLY|WEATHER_WIND_GUST_CONTEXT|WEATHER_HIGH_UV_CONTEXT,BEHAVIOR_LOW_SPEED_RESPONSE|BEHAVIOR_LOW_SPEED_RATIO_HIGH,NONE,ROUTE_LOAD_HIGH_CONTEXT|ROUTE_LOAD_VERY_HIGH_CONTEXT|VERTICAL_RANGE_HIGH|IB2_EFFORT_HIGH|TERRAIN_HIGH|STEPS_SURFACE_HIGH|IB2_WEATHER_SENSITIVE_ROUTE_EXPOSURE_CONTEXT|WEATHER_ACTIVITY_LEVEL_ONLY|WEATHER_WIND_GUST_CONTEXT|WEATHER_HIGH_UV_CONTEXT|BEHAVIOR_LOW_SPEED_RESPONSE|ROUTE_PHASE_UNKNOWN|OSM_PROXIMITY_NOT_USAGE|SLOPE_HIGH|WATERWAY_PROXIMITY_CONTEXT|BEHAVIOR_LOW_SPEED_RATIO_HIGH,VERY_HIGH_ROUTE_LOAD_CONTEXT|ROUTE_LOAD_BEHAVIOR_CANDIDATE|IB2_OR_WEATHER_CONTEXT_PRESENT,"Descriptive planning context evidence only. This is not ability scoring, not route suitability scoring, not THCI/radar scoring, and not a final hiking risk assessment. Weather is activity-level context unless an explicit safe route-window source is used. OSM proximity is not proof of facility use. IB3D/event annotations are not causality evidence."
13_1,4050,4100,1,CONSERVATIVE_PLANNING_RECOMMENDED,70.592,HIGH_ROUTE_LOAD_CONTEXT,ROUTE_LOAD_HIGH_CONTEXT|IB2_EFFORT_HIGH|STEPS_SURFACE_HIGH|SLOPE_LOAD_FALLBACK_VERTICAL_RANGE,WEATHER_ACTIVITY_LEVEL_ONLY|WEATHER_WIND_GUST_CONTEXT|WEATHER_HIGH_UV_CONTEXT,NONE,NONE,ROUTE_LOAD_HIGH_CONTEXT|IB2_EFFORT_HIGH|STEPS_SURFACE_HIGH|SLOPE_LOAD_FALLBACK_VERTICAL_RANGE|IB2_WEATHER_SENSITIVE_ROUTE_EXPOSURE_CONTEXT|WATERWAY_PROXIMITY_CONTEXT|WEATHER_ACTIVITY_LEVEL_ONLY|WEATHER_WIND_GUST_CONTEXT|WEATHER_HIGH_UV_CONTEXT|ROUTE_PHASE_UNKNOWN|OSM_PROXIMITY_NOT_USAGE,IB2_OR_WEATHER_CONTEXT_PRESENT,"Descriptive planning context evidence only. This is not ability scoring, not route suitability scoring, not THCI/radar scoring, and not a final hiking risk assessment. Weather is activity-level context unless an explicit safe route-window source is used. OSM proximity is not proof of facility use. IB3D/event annotations are not causality evidence."
13_1,4100,4200,2,REVIEW_FOR_CONSERVATIVE_PLANNING,57.542,LOWER_ROUTE_LOAD_CONTEXT,SLOPE_LOAD_FALLBACK_VERTICAL_RANGE|IB2_EFFORT_HIGH|STEPS_SURFACE_HIGH,WEATHER_ACTIVITY_LEVEL_ONLY|WEATHER_WIND_GUST_CONTEXT|WEATHER_HIGH_UV_CONTEXT,BEHAVIOR_LOW_SPEED_RESPONSE,TERMINAL_ARTIFACT_REVIEW_ONLY,SLOPE_LOAD_FALLBACK_VERTICAL_RANGE|IB2_NAVIGATION_CONTEXT|IB2_WEATHER_SENSITIVE_ROUTE_EXPOSURE_CONTEXT|WATERWAY_PROXIMITY_CONTEXT|GUIDEPOST_PROXIMITY_CONTEXT|WEATHER_ACTIVITY_LEVEL_ONLY|WEATHER_WIND_GUST_CONTEXT|WEATHER_HIGH_UV_CONTEXT|ROUTE_PHASE_UNKNOWN|OSM_PROXIMITY_NOT_USAGE|IB2_EFFORT_HIGH|STEPS_SURFACE_HIGH|BEHAVIOR_LOW_SPEED_RESPONSE,HIGH_ROUTE_OR_IB2_CONTEXT,"Descriptive planning context evidence only. This is not ability scoring, not route suitability scoring, not THCI/radar scoring, and not a final hiking risk assessment. Weather is activity-level context unless an explicit safe route-window source is used. OSM proximity is not proof of facility use. IB3D/event annotations are not causality evidence."
14_1,0,100,2,REVIEW_FOR_CONSERVATIVE_PLANNING,54.604,LOWER_ROUTE_LOAD_CONTEXT,IB2_EFFORT_HIGH|STEPS_SURFACE_HIGH|SLOPE_LOAD_FALLBACK_VERTICAL_RANGE,WEATHER_ACTIVITY_LEVEL_ONLY|WEATHER_WIND_GUST_CONTEXT|WEATHER_HIGH_UV_CONTEXT,NONE,NONE,IB2_NAVIGATION_CONTEXT|IB2_WEATHER_SENSITIVE_ROUTE_EXPOSURE_CONTEXT|WATERWAY_PROXIMITY_CONTEXT|GUIDEPOST_PROXIMITY_CONTEXT|WEATHER_ACTIVITY_LEVEL_ONLY|WEATHER_WIND_GUST_CONTEXT|WEATHER_HIGH_UV_CONTEXT|ROUTE_PHASE_UNKNOWN|OSM_PROXIMITY_NOT_USAGE|IB2_EFFORT_HIGH|STEPS_SURFACE_HIGH|SLOPE_LOAD_FALLBACK_VERTICAL_RANGE,HIGH_ROUTE_OR_IB2_CONTEXT,"Descriptive planning context evidence only. This is not ability scoring, not route suitability scoring, not THCI/radar scoring, and not a final hiking risk assessment. Weather is activity-level context unless an explicit safe route-window source is used. OSM proximity is not proof of facility use. IB3D/event annotations are not causality evidence."
14_1,100,150,1,CONSERVATIVE_PLANNING_RECOMMENDED,73.135,HIGH_ROUTE_LOAD_CONTEXT,ROUTE_LOAD_HIGH_CONTEXT|IB2_EFFORT_HIGH|STEPS_SURFACE_HIGH,WEATHER_ACTIVITY_LEVEL_ONLY|WEATHER_WIND_GUST_CONTEXT|WEATHER_HIGH_UV_CONTEXT,NONE,NONE,ROUTE_LOAD_HIGH_CONTEXT|IB2_EFFORT_HIGH|STEPS_SURFACE_HIGH|IB2_WEATHER_SENSITIVE_ROUTE_EXPOSURE_CONTEXT|WATERWAY_PROXIMITY_CONTEXT|WEATHER_ACTIVITY_LEVEL_ONLY|WEATHER_WIND_GUST_CONTEXT|WEATHER_HIGH_UV_CONTEXT|ROUTE_PHASE_UNKNOWN|OSM_PROXIMITY_NOT_USAGE,IB2_OR_WEATHER_CONTEXT_PRESENT,"Descriptive planning context evidence only. This is not ability scoring, not route suitability scoring, not THCI/radar scoring, and not a final hiking risk assessment. Weather is activity-level context unless an explicit safe route-window source is used. OSM proximity is not proof of facility use. IB3D/event annotations are not causality evidence."
14_1,150,250,2,TURNAROUND_CONDITION_REVIEW_RECOMMENDED,97.551,VERY_HIGH_ROUTE_LOAD_CONTEXT,ROUTE_LOAD_HIGH_CONTEXT|ROUTE_LOAD_VERY_HIGH_CONTEXT|VERTICAL_RANGE_HIGH|SLOPE_HIGH|IB2_EFFORT_HIGH|TERRAIN_HIGH|STEPS_SURFACE_HIGH|SLOPE_LOAD_FALLBACK_VERTICAL_RANGE,WEATHER_ACTIVITY_LEVEL_ONLY|WEATHER_WIND_GUST_CONTEXT|WEATHER_HIGH_UV_CONTEXT,BEHAVIOR_LOW_SPEED_RESPONSE|BEHAVIOR_LOW_SPEED_RATIO_HIGH,NONE,ROUTE_LOAD_HIGH_CONTEXT|ROUTE_LOAD_VERY_HIGH_CONTEXT|VERTICAL_RANGE_HIGH|SLOPE_HIGH|IB2_EFFORT_HIGH|TERRAIN_HIGH|STEPS_SURFACE_HIGH|SLOPE_LOAD_FALLBACK_VERTICAL_RANGE|IB2_WEATHER_SENSITIVE_ROUTE_EXPOSURE_CONTEXT|WATERWAY_PROXIMITY_CONTEXT|WEATHER_ACTIVITY_LEVEL_ONLY|WEATHER_WIND_GUST_CONTEXT|WEATHER_HIGH_UV_CONTEXT|BEHAVIOR_LOW_SPEED_RESPONSE|BEHAVIOR_LOW_SPEED_RATIO_HIGH|ROUTE_PHASE_UNKNOWN|OSM_PROXIMITY_NOT_USAGE,VERY_HIGH_ROUTE_LOAD_CONTEXT|ROUTE_LOAD_BEHAVIOR_CANDIDATE|IB2_OR_WEATHER_CONTEXT_PRESENT,"Descriptive planning context evidence only. This is not ability scoring, not route suitability scoring, not THCI/radar scoring, and not a final hiking risk assessment. Weather is activity-level context unless an explicit safe route-window source is used. OSM proximity is not proof of facility use. IB3D/event annotations are not causality evidence."
14_1,250,350,2,CONSERVATIVE_PLANNING_RECOMMENDED,86.342,HIGH_ROUTE_LOAD_CONTEXT,ROUTE_LOAD_HIGH_CONTEXT|ROUTE_LOAD_VERY_HIGH_CONTEXT|IB2_EFFORT_HIGH|TERRAIN_HIGH|STEPS_SURFACE_HIGH|SLOPE_LOAD_FALLBACK_VERTICAL_RANGE,WEATHER_ACTIVITY_LEVEL_ONLY|WEATHER_WIND_GUST_CONTEXT|WEATHER_HIGH_UV_CONTEXT,NONE,NONE,ROUTE_LOAD_HIGH_CONTEXT|ROUTE_LOAD_VERY_HIGH_CONTEXT|IB2_EFFORT_HIGH|TERRAIN_HIGH|STEPS_SURFACE_HIGH|SLOPE_LOAD_FALLBACK_VERTICAL_RANGE|IB2_WEATHER_SENSITIVE_ROUTE_EXPOSURE_CONTEXT|WEATHER_ACTIVITY_LEVEL_ONLY|WEATHER_WIND_GUST_CONTEXT|WEATHER_HIGH_UV_CONTEXT|ROUTE_PHASE_UNKNOWN|OSM_PROXIMITY_NOT_USAGE,VERY_HIGH_ROUTE_LOAD_CONTEXT|IB2_OR_WEATHER_CONTEXT_PRESENT,"Descriptive planning context evidence only. This is not ability scoring, not route suitability scoring, not THCI/radar scoring, and not a final hiking risk assessment. Weather is activity-level context unless an explicit safe route-window source is used. OSM proximity is not proof of facility use. IB3D/event annotations are not causality evidence."
14_1,350,400,1,TURNAROUND_CONDITION_REVIEW_RECOMMENDED,86.548,VERY_HIGH_ROUTE_LOAD_CONTEXT,ROUTE_LOAD_HIGH_CONTEXT|ROUTE_LOAD_VERY_HIGH_CONTEXT|VERTICAL_RANGE_HIGH|IB2_EFFORT_HIGH|TERRAIN_HIGH|STEPS_SURFACE_HIGH,WEATHER_ACTIVITY_LEVEL_ONLY|WEATHER_WIND_GUST_CONTEXT|WEATHER_HIGH_UV_CONTEXT,BEHAVIOR_LOW_SPEED_RESPONSE|BEHAVIOR_LOW_SPEED_RATIO_HIGH,NONE,ROUTE_LOAD_HIGH_CONTEXT|ROUTE_LOAD_VERY_HIGH_CONTEXT|VERTICAL_RANGE_HIGH|IB2_EFFORT_HIGH|TERRAIN_HIGH|STEPS_SURFACE_HIGH|IB2_WEATHER_SENSITIVE_ROUTE_EXPOSURE_CONTEXT|WEATHER_ACTIVITY_LEVEL_ONLY|WEATHER_WIND_GUST_CONTEXT|WEATHER_HIGH_UV_CONTEXT|BEHAVIOR_LOW_SPEED_RESPONSE|BEHAVIOR_LOW_SPEED_RATIO_HIGH|ROUTE_PHASE_UNKNOWN|OSM_PROXIMITY_NOT_USAGE,VERY_HIGH_ROUTE_LOAD_CONTEXT|ROUTE_LOAD_BEHAVIOR_CANDIDATE|IB2_OR_WEATHER_CONTEXT_PRESENT,"Descriptive planning context evidence only. This is not ability scoring, not route suitability scoring, not THCI/radar scoring, and not a final hiking risk assessment. Weather is activity-level context unless an explicit safe route-window source is used. OSM proximity is not proof of facility use. IB3D/event annotations are not causality evidence."
14_1,400,550,3,CONSERVATIVE_PLANNING_RECOMMENDED,80.544,HIGH_ROUTE_LOAD_CONTEXT,ROUTE_LOAD_HIGH_CONTEXT|IB2_EFFORT_HIGH|TERRAIN_HIGH|STEPS_SURFACE_HIGH|SLOPE_LOAD_FALLBACK_VERTICAL_RANGE|ROUTE_LOAD_VERY_HIGH_CONTEXT,WEATHER_ACTIVITY_LEVEL_ONLY|WEATHER_WIND_GUST_CONTEXT|WEATHER_HIGH_UV_CONTEXT,NONE,NONE,ROUTE_LOAD_HIGH_CONTEXT|IB2_EFFORT_HIGH|TERRAIN_HIGH|STEPS_SURFACE_HIGH|SLOPE_LOAD_FALLBACK_VERTICAL_RANGE|IB2_WEATHER_SENSITIVE_ROUTE_EXPOSURE_CONTEXT|WEATHER_ACTIVITY_LEVEL_ONLY|WEATHER_WIND_GUST_CONTEXT|WEATHER_HIGH_UV_CONTEXT|ROUTE_PHASE_UNKNOWN|OSM_PROXIMITY_NOT_USAGE|ROUTE_LOAD_VERY_HIGH_CONTEXT,IB2_OR_WEATHER_CONTEXT_PRESENT|VERY_HIGH_ROUTE_LOAD_CONTEXT,"Descriptive planning context evidence only. This is not ability scoring, not route suitability scoring, not THCI/radar scoring, and not a final hiking risk assessment. Weather is activity-level context unless an explicit safe route-window source is used. OSM proximity is not proof of facility use. IB3D/event annotations are not causality evidence."
14_1,550,1200,13,REVIEW_FOR_CONSERVATIVE_PLANNING,48.711,LOWER_ROUTE_LOAD_CONTEXT,IB2_EFFORT_HIGH|SLOPE_LOAD_FALLBACK_VERTICAL_RANGE,WEATHER_ACTIVITY_LEVEL_ONLY|WEATHER_WIND_GUST_CONTEXT|WEATHER_HIGH_UV_CONTEXT,BEHAVIOR_RELATIVE_HIGH_HR_RESPONSE,NONE,IB2_EFFORT_HIGH|SLOPE_LOAD_FALLBACK_VERTICAL_RANGE|IB2_WEATHER_SENSITIVE_ROUTE_EXPOSURE_CONTEXT|SHELTER_PROXIMITY_CONTEXT|WEATHER_ACTIVITY_LEVEL_ONLY|WEATHER_WIND_GUST_CONTEXT|WEATHER_HIGH_UV_CONTEXT|ROUTE_PHASE_UNKNOWN|OSM_PROXIMITY_NOT_USAGE|IB2_NAVIGATION_CONTEXT|GUIDEPOST_PROXIMITY_CONTEXT|BEHAVIOR_RELATIVE_HIGH_HR_RESPONSE|IB2_SUPPORT_CONTEXT,HIGH_ROUTE_OR_IB2_CONTEXT,"Descriptive planning context evidence only. This is not ability scoring, not route suitability scoring, not THCI/radar scoring, and not a final hiking risk assessment. Weather is activity-level context unless an explicit safe route-window source is used. OSM proximity is not proof of facility use. IB3D/event annotations are not causality evidence."
14_1,1200,1350,3,CONSERVATIVE_PLANNING_RECOMMENDED,77.818,HIGH_ROUTE_LOAD_CONTEXT,ROUTE_LOAD_HIGH_CONTEXT|SLOPE_HIGH|IB2_EFFORT_HIGH|STEPS_SURFACE_HIGH|SLOPE_LOAD_FALLBACK_VERTICAL_RANGE,WEATHER_ACTIVITY_LEVEL_ONLY|WEATHER_WIND_GUST_CONTEXT|WEATHER_HIGH_UV_CONTEXT,NONE,NONE,ROUTE_LOAD_HIGH_CONTEXT|SLOPE_HIGH|IB2_EFFORT_HIGH|STEPS_SURFACE_HIGH|IB2_WEATHER_SENSITIVE_ROUTE_EXPOSURE_CONTEXT|WEATHER_ACTIVITY_LEVEL_ONLY|WEATHER_WIND_GUST_CONTEXT|WEATHER_HIGH_UV_CONTEXT|ROUTE_PHASE_UNKNOWN|OSM_PROXIMITY_NOT_USAGE|SLOPE_LOAD_FALLBACK_VERTICAL_RANGE,IB2_OR_WEATHER_CONTEXT_PRESENT,"Descriptive planning context evidence only. This is not ability scoring, not route suitability scoring, not THCI/radar scoring, and not a final hiking risk assessment. Weather is activity-level context unless an explicit safe route-window source is used. OSM proximity is not proof of facility use. IB3D/event annotations are not causality evidence."
14_1,1350,1650,6,TURNAROUND_CONDITION_REVIEW_RECOMMENDED,100.0,VERY_HIGH_ROUTE_LOAD_CONTEXT,ROUTE_LOAD_HIGH_CONTEXT|ROUTE_LOAD_VERY_HIGH_CONTEXT|VERTICAL_RANGE_HIGH|SLOPE_HIGH|IB2_EFFORT_HIGH|TERRAIN_HIGH|STEPS_SURFACE_HIGH|SLOPE_LOAD_FALLBACK_VERTICAL_RANGE,WEATHER_ACTIVITY_LEVEL_ONLY|WEATHER_WIND_GUST_CONTEXT|WEATHER_HIGH_UV_CONTEXT,BEHAVIOR_LOW_SPEED_RESPONSE|BEHAVIOR_LOW_SPEED_RATIO_HIGH|BEHAVIOR_RELATIVE_HIGH_HR_RESPONSE,NONE,ROUTE_LOAD_HIGH_CONTEXT|ROUTE_LOAD_VERY_HIGH_CONTEXT|VERTICAL_RANGE_HIGH|SLOPE_HIGH|IB2_EFFORT_HIGH|TERRAIN_HIGH|STEPS_SURFACE_HIGH|SLOPE_LOAD_FALLBACK_VERTICAL_RANGE|IB2_WEATHER_SENSITIVE_ROUTE_EXPOSURE_CONTEXT|WEATHER_ACTIVITY_LEVEL_ONLY|WEATHER_WIND_GUST_CONTEXT|WEATHER_HIGH_UV_CONTEXT|BEHAVIOR_LOW_SPEED_RESPONSE|BEHAVIOR_LOW_SPEED_RATIO_HIGH|ROUTE_PHASE_UNKNOWN|OSM_PROXIMITY_NOT_USAGE|BEHAVIOR_RELATIVE_HIGH_HR_RESPONSE,VERY_HIGH_ROUTE_LOAD_CONTEXT|ROUTE_LOAD_BEHAVIOR_CANDIDATE|IB2_OR_WEATHER_CONTEXT_PRESENT,"Descriptive planning context evidence only. This is not ability scoring, not route suitability scoring, not THCI/radar scoring, and not a final hiking risk assessment. Weather is activity-level context unless an explicit safe route-window source is used. OSM proximity is not proof of facility use. IB3D/event annotations are not causality evidence."
14_1,1650,1750,2,REVIEW_FOR_CONSERVATIVE_PLANNING,54.346,MODERATE_ROUTE_LOAD_CONTEXT,IB2_EFFORT_HIGH|STEPS_SURFACE_HIGH,WEATHER_ACTIVITY_LEVEL_ONLY|WEATHER_WIND_GUST_CONTEXT|WEATHER_HIGH_UV_CONTEXT,BEHAVIOR_RELATIVE_HIGH_HR_RESPONSE,NONE,IB2_EFFORT_HIGH|STEPS_SURFACE_HIGH|IB2_WEATHER_SENSITIVE_ROUTE_EXPOSURE_CONTEXT|WEATHER_ACTIVITY_LEVEL_ONLY|WEATHER_WIND_GUST_CONTEXT|WEATHER_HIGH_UV_CONTEXT|BEHAVIOR_RELATIVE_HIGH_HR_RESPONSE|ROUTE_PHASE_UNKNOWN|OSM_PROXIMITY_NOT_USAGE,HIGH_ROUTE_OR_IB2_CONTEXT,"Descriptive planning context evidence only. This is not ability scoring, not route suitability scoring, not THCI/radar scoring, and not a final hiking risk assessment. Weather is activity-level context unless an explicit safe route-window source is used. OSM proximity is not proof of facility use. IB3D/event annotations are not causality evidence."
14_1,1750,1800,1,CONSERVATIVE_PLANNING_RECOMMENDED,62.465,HIGH_ROUTE_LOAD_CONTEXT,ROUTE_LOAD_HIGH_CONTEXT|IB2_EFFORT_HIGH|STEPS_SURFACE_HIGH,WEATHER_ACTIVITY_LEVEL_ONLY|WEATHER_WIND_GUST_CONTEXT|WEATHER_HIGH_UV_CONTEXT,BEHAVIOR_LOW_SPEED_RESPONSE|BEHAVIOR_LOW_SPEED_RATIO_HIGH,NONE,ROUTE_LOAD_HIGH_CONTEXT|IB2_EFFORT_HIGH|STEPS_SURFACE_HIGH|IB2_NAVIGATION_CONTEXT|IB2_WEATHER_SENSITIVE_ROUTE_EXPOSURE_CONTEXT|GUIDEPOST_PROXIMITY_CONTEXT|WEATHER_ACTIVITY_LEVEL_ONLY|WEATHER_WIND_GUST_CONTEXT|WEATHER_HIGH_UV_CONTEXT|BEHAVIOR_LOW_SPEED_RESPONSE|BEHAVIOR_LOW_SPEED_RATIO_HIGH|ROUTE_PHASE_UNKNOWN|OSM_PROXIMITY_NOT_USAGE,ROUTE_LOAD_BEHAVIOR_CANDIDATE|IB2_OR_WEATHER_CONTEXT_PRESENT,"Descriptive planning context evidence only. This is not ability scoring, not route suitability scoring, not THCI/radar scoring, and not a final hiking risk assessment. Weather is activity-level context unless an explicit safe route-window source is used. OSM proximity is not proof of facility use. IB3D/event annotations are not causality evidence."
14_1,1800,1900,2,TURNAROUND_CONDITION_REVIEW_RECOMMENDED,90.732,VERY_HIGH_ROUTE_LOAD_CONTEXT,ROUTE_LOAD_HIGH_CONTEXT|ROUTE_LOAD_VERY_HIGH_CONTEXT|SLOPE_HIGH|IB2_EFFORT_HIGH|VERTICAL_RANGE_HIGH|TERRAIN_HIGH|STEPS_SURFACE_HIGH|SLOPE_LOAD_FALLBACK_VERTICAL_RANGE,WEATHER_ACTIVITY_LEVEL_ONLY|WEATHER_WIND_GUST_CONTEXT|WEATHER_HIGH_UV_CONTEXT,BEHAVIOR_RELATIVE_HIGH_HR_RESPONSE|BEHAVIOR_LOW_SPEED_RESPONSE|BEHAVIOR_LOW_SPEED_RATIO_HIGH,NONE,ROUTE_LOAD_HIGH_CONTEXT|ROUTE_LOAD_VERY_HIGH_CONTEXT|SLOPE_HIGH|IB2_EFFORT_HIGH|IB2_NAVIGATION_CONTEXT|IB2_WEATHER_SENSITIVE_ROUTE_EXPOSURE_CONTEXT|GUIDEPOST_PROXIMITY_CONTEXT|WEATHER_ACTIVITY_LEVEL_ONLY|WEATHER_WIND_GUST_CONTEXT|WEATHER_HIGH_UV_CONTEXT|BEHAVIOR_RELATIVE_HIGH_HR_RESPONSE|BEHAVIOR_LOW_SPEED_RESPONSE|BEHAVIOR_LOW_SPEED_RATIO_HIGH|ROUTE_PHASE_UNKNOWN|OSM_PROXIMITY_NOT_USAGE|VERTICAL_RANGE_HIGH|TERRAIN_HIGH|STEPS_SURFACE_HIGH|SLOPE_LOAD_FALLBACK_VERTICAL_RANGE,VERY_HIGH_ROUTE_LOAD_CONTEXT|ROUTE_LOAD_BEHAVIOR_CANDIDATE|IB2_OR_WEATHER_CONTEXT_PRESENT,"Descriptive planning context evidence only. This is not ability scoring, not route suitability scoring, not THCI/radar scoring, and not a final hiking risk assessment. Weather is activity-level context unless an explicit safe route-window source is used. OSM proximity is not proof of facility use. IB3D/event annotations are not causality evidence."
14_1,1900,1950,1,REVIEW_FOR_CONSERVATIVE_PLANNING,50.434,MODERATE_ROUTE_LOAD_CONTEXT,IB2_EFFORT_HIGH|STEPS_SURFACE_HIGH|SLOPE_LOAD_FALLBACK_VERTICAL_RANGE,WEATHER_ACTIVITY_LEVEL_ONLY|WEATHER_WIND_GUST_CONTEXT|WEATHER_HIGH_UV_CONTEXT,NONE,NONE,IB2_EFFORT_HIGH|STEPS_SURFACE_HIGH|SLOPE_LOAD_FALLBACK_VERTICAL_RANGE|IB2_NAVIGATION_CONTEXT|IB2_WEATHER_SENSITIVE_ROUTE_EXPOSURE_CONTEXT|GUIDEPOST_PROXIMITY_CONTEXT|WEATHER_ACTIVITY_LEVEL_ONLY|WEATHER_WIND_GUST_CONTEXT|WEATHER_HIGH_UV_CONTEXT|ROUTE_PHASE_UNKNOWN|OSM_PROXIMITY_NOT_USAGE,HIGH_ROUTE_OR_IB2_CONTEXT,"Descriptive planning context evidence only. This is not ability scoring, not route suitability scoring, not THCI/radar scoring, and not a final hiking risk assessment. Weather is activity-level context unless an explicit safe route-window source is used. OSM proximity is not proof of facility use. IB3D/event annotations are not causality evidence."
14_1,1950,2050,2,TURNAROUND_CONDITION_REVIEW_RECOMMENDED,86.262,VERY_HIGH_ROUTE_LOAD_CONTEXT,ROUTE_LOAD_HIGH_CONTEXT|ROUTE_LOAD_VERY_HIGH_CONTEXT|VERTICAL_RANGE_HIGH|SLOPE_HIGH|IB2_EFFORT_HIGH|STEPS_SURFACE_HIGH|SLOPE_LOAD_FALLBACK_VERTICAL_RANGE,WEATHER_ACTIVITY_LEVEL_ONLY|WEATHER_WIND_GUST_CONTEXT|WEATHER_HIGH_UV_CONTEXT,BEHAVIOR_LOW_SPEED_RESPONSE|BEHAVIOR_RELATIVE_HIGH_HR_RESPONSE,NONE,ROUTE_LOAD_HIGH_CONTEXT|ROUTE_LOAD_VERY_HIGH_CONTEXT|VERTICAL_RANGE_HIGH|SLOPE_HIGH|IB2_EFFORT_HIGH|STEPS_SURFACE_HIGH|SLOPE_LOAD_FALLBACK_VERTICAL_RANGE|IB2_NAVIGATION_CONTEXT|IB2_WEATHER_SENSITIVE_ROUTE_EXPOSURE_CONTEXT|GUIDEPOST_PROXIMITY_CONTEXT|WEATHER_ACTIVITY_LEVEL_ONLY|WEATHER_WIND_GUST_CONTEXT|WEATHER_HIGH_UV_CONTEXT|BEHAVIOR_LOW_SPEED_RESPONSE|ROUTE_PHASE_UNKNOWN|OSM_PROXIMITY_NOT_USAGE|BEHAVIOR_RELATIVE_HIGH_HR_RESPONSE,VERY_HIGH_ROUTE_LOAD_CONTEXT|ROUTE_LOAD_BEHAVIOR_CANDIDATE|IB2_OR_WEATHER_CONTEXT_PRESENT,"Descriptive planning context evidence only. This is not ability scoring, not route suitability scoring, not THCI/radar scoring, and not a final hiking risk assessment. Weather is activity-level context unless an explicit safe route-window source is used. OSM proximity is not proof of facility use. IB3D/event annotations are not causality evidence."
14_1,2050,2150,2,REVIEW_FOR_CONSERVATIVE_PLANNING,57.602,MODERATE_ROUTE_LOAD_CONTEXT,IB2_EFFORT_HIGH|STEPS_SURFACE_HIGH,WEATHER_ACTIVITY_LEVEL_ONLY|WEATHER_WIND_GUST_CONTEXT|WEATHER_HIGH_UV_CONTEXT,BEHAVIOR_LOW_SPEED_RESPONSE|BEHAVIOR_STOP_RESPONSE|BEHAVIOR_LOW_SPEED_RATIO_HIGH,EVENT_SHORT_PAUSE,IB2_EFFORT_HIGH|STEPS_SURFACE_HIGH|IB2_NAVIGATION_CONTEXT|IB2_WEATHER_SENSITIVE_ROUTE_EXPOSURE_CONTEXT|GUIDEPOST_PROXIMITY_CONTEXT|WEATHER_ACTIVITY_LEVEL_ONLY|WEATHER_WIND_GUST_CONTEXT|WEATHER_HIGH_UV_CONTEXT|BEHAVIOR_LOW_SPEED_RESPONSE|BEHAVIOR_STOP_RESPONSE|ROUTE_PHASE_UNKNOWN|OSM_PROXIMITY_NOT_USAGE|BEHAVIOR_LOW_SPEED_RATIO_HIGH,HIGH_ROUTE_OR_IB2_CONTEXT,"Descriptive planning context evidence only. This is not ability scoring, not route suitability scoring, not THCI/radar scoring, and not a final hiking risk assessment. Weather is activity-level context unless an explicit safe route-window source is used. OSM proximity is not proof of facility use. IB3D/event annotations are not causality evidence."
14_1,2150,2250,2,TURNAROUND_CONDITION_REVIEW_RECOMMENDED,84.629,VERY_HIGH_ROUTE_LOAD_CONTEXT,ROUTE_LOAD_HIGH_CONTEXT|ROUTE_LOAD_VERY_HIGH_CONTEXT|VERTICAL_RANGE_HIGH|SLOPE_HIGH|IB2_EFFORT_HIGH|STEPS_SURFACE_HIGH|SLOPE_LOAD_FALLBACK_VERTICAL_RANGE,WEATHER_ACTIVITY_LEVEL_ONLY|WEATHER_WIND_GUST_CONTEXT|WEATHER_HIGH_UV_CONTEXT,BEHAVIOR_RELATIVE_HIGH_HR_RESPONSE|BEHAVIOR_LOW_SPEED_RESPONSE,NONE,ROUTE_LOAD_HIGH_CONTEXT|ROUTE_LOAD_VERY_HIGH_CONTEXT|VERTICAL_RANGE_HIGH|SLOPE_HIGH|IB2_EFFORT_HIGH|STEPS_SURFACE_HIGH|SLOPE_LOAD_FALLBACK_VERTICAL_RANGE|IB2_WEATHER_SENSITIVE_ROUTE_EXPOSURE_CONTEXT|WEATHER_ACTIVITY_LEVEL_ONLY|WEATHER_WIND_GUST_CONTEXT|WEATHER_HIGH_UV_CONTEXT|BEHAVIOR_RELATIVE_HIGH_HR_RESPONSE|BEHAVIOR_LOW_SPEED_RESPONSE|ROUTE_PHASE_UNKNOWN|OSM_PROXIMITY_NOT_USAGE|IB2_NAVIGATION_CONTEXT|GUIDEPOST_PROXIMITY_CONTEXT,VERY_HIGH_ROUTE_LOAD_CONTEXT|ROUTE_LOAD_BEHAVIOR_CANDIDATE|IB2_OR_WEATHER_CONTEXT_PRESENT,"Descriptive planning context evidence only. This is not ability scoring, not route suitability scoring, not THCI/radar scoring, and not a final hiking risk assessment. Weather is activity-level context unless an explicit safe route-window source is used. OSM proximity is not proof of facility use. IB3D/event annotations are not causality evidence."
14_1,2250,2300,1,REVIEW_FOR_CONSERVATIVE_PLANNING,49.955,MODERATE_ROUTE_LOAD_CONTEXT,IB2_EFFORT_HIGH|STEPS_SURFACE_HIGH|SLOPE_LOAD_FALLBACK_VERTICAL_RANGE,WEATHER_ACTIVITY_LEVEL_ONLY|WEATHER_WIND_GUST_CONTEXT|WEATHER_HIGH_UV_CONTEXT,NONE,NONE,IB2_EFFORT_HIGH|STEPS_SURFACE_HIGH|SLOPE_LOAD_FALLBACK_VERTICAL_RANGE|IB2_NAVIGATION_CONTEXT|IB2_WEATHER_SENSITIVE_ROUTE_EXPOSURE_CONTEXT|GUIDEPOST_PROXIMITY_CONTEXT|WEATHER_ACTIVITY_LEVEL_ONLY|WEATHER_WIND_GUST_CONTEXT|WEATHER_HIGH_UV_CONTEXT|ROUTE_PHASE_UNKNOWN|OSM_PROXIMITY_NOT_USAGE,HIGH_ROUTE_OR_IB2_CONTEXT,"Descriptive planning context evidence only. This is not ability scoring, not route suitability scoring, not THCI/radar scoring, and not a final hiking risk assessment. Weather is activity-level context unless an explicit safe route-window source is used. OSM proximity is not proof of facility use. IB3D/event annotations are not causality evidence."
14_1,2300,2400,2,CONSERVATIVE_PLANNING_RECOMMENDED,95.562,HIGH_ROUTE_LOAD_CONTEXT,ROUTE_LOAD_HIGH_CONTEXT|ROUTE_LOAD_VERY_HIGH_CONTEXT|VERTICAL_RANGE_HIGH|SLOPE_HIGH|IB2_EFFORT_HIGH|TERRAIN_HIGH|STEPS_SURFACE_HIGH|SLOPE_LOAD_FALLBACK_VERTICAL_RANGE,WEATHER_ACTIVITY_LEVEL_ONLY|WEATHER_WIND_GUST_CONTEXT|WEATHER_HIGH_UV_CONTEXT,BEHAVIOR_RELATIVE_HIGH_HR_RESPONSE|BEHAVIOR_LOW_SPEED_RESPONSE|BEHAVIOR_LOW_SPEED_RATIO_HIGH,EVENT_HIGH_HR_RECOVERY_STOP,ROUTE_LOAD_HIGH_CONTEXT|ROUTE_LOAD_VERY_HIGH_CONTEXT|VERTICAL_RANGE_HIGH|SLOPE_HIGH|IB2_EFFORT_HIGH|TERRAIN_HIGH|STEPS_SURFACE_HIGH|SLOPE_LOAD_FALLBACK_VERTICAL_RANGE|IB2_WEATHER_SENSITIVE_ROUTE_EXPOSURE_CONTEXT|WEATHER_ACTIVITY_LEVEL_ONLY|WEATHER_WIND_GUST_CONTEXT|WEATHER_HIGH_UV_CONTEXT|ROUTE_PHASE_UNKNOWN|OSM_PROXIMITY_NOT_USAGE|IB2_NAVIGATION_CONTEXT|GUIDEPOST_PROXIMITY_CONTEXT|BEHAVIOR_RELATIVE_HIGH_HR_RESPONSE|BEHAVIOR_LOW_SPEED_RESPONSE|BEHAVIOR_LOW_SPEED_RATIO_HIGH,VERY_HIGH_ROUTE_LOAD_CONTEXT|IB2_OR_WEATHER_CONTEXT_PRESENT|ROUTE_LOAD_BEHAVIOR_CANDIDATE,"Descriptive planning context evidence only. This is not ability scoring, not route suitability scoring, not THCI/radar scoring, and not a final hiking risk assessment. Weather is activity-level context unless an explicit safe route-window source is used. OSM proximity is not proof of facility use. IB3D/event annotations are not causality evidence."
14_1,2400,2500,2,REVIEW_FOR_CONSERVATIVE_PLANNING,52.602,LOWER_ROUTE_LOAD_CONTEXT,IB2_EFFORT_HIGH,WEATHER_ACTIVITY_LEVEL_ONLY|WEATHER_WIND_GUST_CONTEXT|WEATHER_HIGH_UV_CONTEXT,BEHAVIOR_RELATIVE_HIGH_HR_RESPONSE,NONE,IB2_EFFORT_HIGH|IB2_NAVIGATION_CONTEXT|IB2_WEATHER_SENSITIVE_ROUTE_EXPOSURE_CONTEXT|GUIDEPOST_PROXIMITY_CONTEXT|WEATHER_ACTIVITY_LEVEL_ONLY|WEATHER_WIND_GUST_CONTEXT|WEATHER_HIGH_UV_CONTEXT|ROUTE_PHASE_UNKNOWN|OSM_PROXIMITY_NOT_USAGE|BEHAVIOR_RELATIVE_HIGH_HR_RESPONSE,HIGH_ROUTE_OR_IB2_CONTEXT,"Descriptive planning context evidence only. This is not ability scoring, not route suitability scoring, not THCI/radar scoring, and not a final hiking risk assessment. Weather is activity-level context unless an explicit safe route-window source is used. OSM proximity is not proof of facility use. IB3D/event annotations are not causality evidence."
14_1,2500,2550,1,CONSERVATIVE_PLANNING_RECOMMENDED,61.172,HIGH_ROUTE_LOAD_CONTEXT,ROUTE_LOAD_HIGH_CONTEXT|IB2_EFFORT_HIGH|TERRAIN_HIGH|STEPS_SURFACE_HIGH|SLOPE_LOAD_FALLBACK_VERTICAL_RANGE,WEATHER_ACTIVITY_LEVEL_ONLY|WEATHER_WIND_GUST_CONTEXT|WEATHER_HIGH_UV_CONTEXT,NONE,NONE,ROUTE_LOAD_HIGH_CONTEXT|IB2_EFFORT_HIGH|TERRAIN_HIGH|STEPS_SURFACE_HIGH|SLOPE_LOAD_FALLBACK_VERTICAL_RANGE|IB2_WEATHER_SENSITIVE_ROUTE_EXPOSURE_CONTEXT|WEATHER_ACTIVITY_LEVEL_ONLY|WEATHER_WIND_GUST_CONTEXT|WEATHER_HIGH_UV_CONTEXT|ROUTE_PHASE_UNKNOWN|OSM_PROXIMITY_NOT_USAGE,IB2_OR_WEATHER_CONTEXT_PRESENT,"Descriptive planning context evidence only. This is not ability scoring, not route suitability scoring, not THCI/radar scoring, and not a final hiking risk assessment. Weather is activity-level context unless an explicit safe route-window source is used. OSM proximity is not proof of facility use. IB3D/event annotations are not causality evidence."
14_1,2550,2850,6,TURNAROUND_CONDITION_REVIEW_RECOMMENDED,100.0,VERY_HIGH_ROUTE_LOAD_CONTEXT,ROUTE_LOAD_HIGH_CONTEXT|ROUTE_LOAD_VERY_HIGH_CONTEXT|VERTICAL_RANGE_HIGH|SLOPE_HIGH|IB2_EFFORT_HIGH|TERRAIN_HIGH|STEPS_SURFACE_HIGH|SLOPE_LOAD_FALLBACK_VERTICAL_RANGE,WEATHER_ACTIVITY_LEVEL_ONLY|WEATHER_WIND_GUST_CONTEXT|WEATHER_HIGH_UV_CONTEXT,BEHAVIOR_LOW_SPEED_RESPONSE|BEHAVIOR_LOW_SPEED_RATIO_HIGH|BEHAVIOR_RELATIVE_HIGH_HR_RESPONSE,EVENT_HIGH_HR_RECOVERY_STOP,ROUTE_LOAD_HIGH_CONTEXT|ROUTE_LOAD_VERY_HIGH_CONTEXT|VERTICAL_RANGE_HIGH|SLOPE_HIGH|IB2_EFFORT_HIGH|TERRAIN_HIGH|STEPS_SURFACE_HIGH|SLOPE_LOAD_FALLBACK_VERTICAL_RANGE|IB2_WEATHER_SENSITIVE_ROUTE_EXPOSURE_CONTEXT|WEATHER_ACTIVITY_LEVEL_ONLY|WEATHER_WIND_GUST_CONTEXT|WEATHER_HIGH_UV_CONTEXT|BEHAVIOR_LOW_SPEED_RESPONSE|BEHAVIOR_LOW_SPEED_RATIO_HIGH|ROUTE_PHASE_UNKNOWN|OSM_PROXIMITY_NOT_USAGE|BEHAVIOR_RELATIVE_HIGH_HR_RESPONSE,VERY_HIGH_ROUTE_LOAD_CONTEXT|ROUTE_LOAD_BEHAVIOR_CANDIDATE|IB2_OR_WEATHER_CONTEXT_PRESENT,"Descriptive planning context evidence only. This is not ability scoring, not route suitability scoring, not THCI/radar scoring, and not a final hiking risk assessment. Weather is activity-level context unless an explicit safe route-window source is used. OSM proximity is not proof of facility use. IB3D/event annotations are not causality evidence."
14_1,2850,2900,1,REVIEW_FOR_CONSERVATIVE_PLANNING,34.353,LOWER_ROUTE_LOAD_CONTEXT,SLOPE_LOAD_FALLBACK_VERTICAL_RANGE,WEATHER_ACTIVITY_LEVEL_ONLY|WEATHER_WIND_GUST_CONTEXT|WEATHER_HIGH_UV_CONTEXT,NONE,NONE,SLOPE_LOAD_FALLBACK_VERTICAL_RANGE|IB2_WEATHER_SENSITIVE_ROUTE_EXPOSURE_CONTEXT|WEATHER_ACTIVITY_LEVEL_ONLY|WEATHER_WIND_GUST_CONTEXT|WEATHER_HIGH_UV_CONTEXT|ROUTE_PHASE_UNKNOWN|OSM_PROXIMITY_NOT_USAGE,HIGH_ROUTE_OR_IB2_CONTEXT,"Descriptive planning context evidence only. This is not ability scoring, not route suitability scoring, not THCI/radar scoring, and not a final hiking risk assessment. Weather is activity-level context unless an explicit safe route-window source is used. OSM proximity is not proof of facility use. IB3D/event annotations are not causality evidence."
14_1,2900,3000,2,CONSERVATIVE_PLANNING_RECOMMENDED,74.472,HIGH_ROUTE_LOAD_CONTEXT,ROUTE_LOAD_HIGH_CONTEXT|IB2_EFFORT_HIGH|STEPS_SURFACE_HIGH|SLOPE_LOAD_FALLBACK_VERTICAL_RANGE,WEATHER_ACTIVITY_LEVEL_ONLY|WEATHER_WIND_GUST_CONTEXT|WEATHER_HIGH_UV_CONTEXT,NONE,NONE,ROUTE_LOAD_HIGH_CONTEXT|IB2_EFFORT_HIGH|STEPS_SURFACE_HIGH|IB2_WEATHER_SENSITIVE_ROUTE_EXPOSURE_CONTEXT|WEATHER_ACTIVITY_LEVEL_ONLY|WEATHER_WIND_GUST_CONTEXT|WEATHER_HIGH_UV_CONTEXT|ROUTE_PHASE_UNKNOWN|OSM_PROXIMITY_NOT_USAGE|SLOPE_LOAD_FALLBACK_VERTICAL_RANGE,IB2_OR_WEATHER_CONTEXT_PRESENT,"Descriptive planning context evidence only. This is not ability scoring, not route suitability scoring, not THCI/radar scoring, and not a final hiking risk assessment. Weather is activity-level context unless an explicit safe route-window source is used. OSM proximity is not proof of facility use. IB3D/event annotations are not causality evidence."
14_1,3000,3600,12,REVIEW_FOR_CONSERVATIVE_PLANNING,40.824,LOWER_ROUTE_LOAD_CONTEXT,SLOPE_LOAD_FALLBACK_VERTICAL_RANGE|SLOPE_HIGH,WEATHER_ACTIVITY_LEVEL_ONLY|WEATHER_WIND_GUST_CONTEXT|WEATHER_HIGH_UV_CONTEXT,BEHAVIOR_RELATIVE_HIGH_HR_RESPONSE,NONE,IB2_WEATHER_SENSITIVE_ROUTE_EXPOSURE_CONTEXT|WEATHER_ACTIVITY_LEVEL_ONLY|WEATHER_WIND_GUST_CONTEXT|WEATHER_HIGH_UV_CONTEXT|ROUTE_PHASE_UNKNOWN|OSM_PROXIMITY_NOT_USAGE|SLOPE_LOAD_FALLBACK_VERTICAL_RANGE|BEHAVIOR_RELATIVE_HIGH_HR_RESPONSE|IB2_SUPPORT_CONTEXT|IB2_NAVIGATION_CONTEXT|GUIDEPOST_PROXIMITY_CONTEXT|SHELTER_PROXIMITY_CONTEXT|SLOPE_HIGH,HIGH_ROUTE_OR_IB2_CONTEXT,"Descriptive planning context evidence only. This is not ability scoring, not route suitability scoring, not THCI/radar scoring, and not a final hiking risk assessment. Weather is activity-level context unless an explicit safe route-window source is used. OSM proximity is not proof of facility use. IB3D/event annotations are not causality evidence."
14_1,3600,3900,6,CONSERVATIVE_PLANNING_RECOMMENDED,84.318,HIGH_ROUTE_LOAD_CONTEXT,ROUTE_LOAD_HIGH_CONTEXT|IB2_EFFORT_HIGH|STEPS_SURFACE_HIGH|SLOPE_LOAD_FALLBACK_VERTICAL_RANGE|TERRAIN_HIGH|ROUTE_LOAD_VERY_HIGH_CONTEXT,WEATHER_ACTIVITY_LEVEL_ONLY|WEATHER_WIND_GUST_CONTEXT|WEATHER_HIGH_UV_CONTEXT,BEHAVIOR_RELATIVE_HIGH_HR_RESPONSE,NONE,ROUTE_LOAD_HIGH_CONTEXT|IB2_EFFORT_HIGH|STEPS_SURFACE_HIGH|IB2_WEATHER_SENSITIVE_ROUTE_EXPOSURE_CONTEXT|SHELTER_PROXIMITY_CONTEXT|WEATHER_ACTIVITY_LEVEL_ONLY|WEATHER_WIND_GUST_CONTEXT|WEATHER_HIGH_UV_CONTEXT|BEHAVIOR_RELATIVE_HIGH_HR_RESPONSE|ROUTE_PHASE_UNKNOWN|OSM_PROXIMITY_NOT_USAGE|SLOPE_LOAD_FALLBACK_VERTICAL_RANGE|TERRAIN_HIGH|ROUTE_LOAD_VERY_HIGH_CONTEXT,ROUTE_LOAD_BEHAVIOR_CANDIDATE|IB2_OR_WEATHER_CONTEXT_PRESENT|VERY_HIGH_ROUTE_LOAD_CONTEXT,"Descriptive planning context evidence only. This is not ability scoring, not route suitability scoring, not THCI/radar scoring, and not a final hiking risk assessment. Weather is activity-level context unless an explicit safe route-window source is used. OSM proximity is not proof of facility use. IB3D/event annotations are not causality evidence."
14_1,3900,4050,3,TURNAROUND_CONDITION_REVIEW_RECOMMENDED,99.792,VERY_HIGH_ROUTE_LOAD_CONTEXT,ROUTE_LOAD_HIGH_CONTEXT|ROUTE_LOAD_VERY_HIGH_CONTEXT|VERTICAL_RANGE_HIGH|SLOPE_HIGH|IB2_EFFORT_HIGH|TERRAIN_HIGH|STEPS_SURFACE_HIGH|SLOPE_LOAD_FALLBACK_VERTICAL_RANGE,WEATHER_ACTIVITY_LEVEL_ONLY|WEATHER_WIND_GUST_CONTEXT|WEATHER_HIGH_UV_CONTEXT,BEHAVIOR_LOW_SPEED_RESPONSE,NONE,ROUTE_LOAD_HIGH_CONTEXT|ROUTE_LOAD_VERY_HIGH_CONTEXT|VERTICAL_RANGE_HIGH|SLOPE_HIGH|IB2_EFFORT_HIGH|TERRAIN_HIGH|STEPS_SURFACE_HIGH|SLOPE_LOAD_FALLBACK_VERTICAL_RANGE|IB2_WEATHER_SENSITIVE_ROUTE_EXPOSURE_CONTEXT|WEATHER_ACTIVITY_LEVEL_ONLY|WEATHER_WIND_GUST_CONTEXT|WEATHER_HIGH_UV_CONTEXT|BEHAVIOR_LOW_SPEED_RESPONSE|ROUTE_PHASE_UNKNOWN|OSM_PROXIMITY_NOT_USAGE|WATERWAY_PROXIMITY_CONTEXT,VERY_HIGH_ROUTE_LOAD_CONTEXT|ROUTE_LOAD_BEHAVIOR_CANDIDATE|IB2_OR_WEATHER_CONTEXT_PRESENT,"Descriptive planning context evidence only. This is not ability scoring, not route suitability scoring, not THCI/radar scoring, and not a final hiking risk assessment. Weather is activity-level context unless an explicit safe route-window source is used. OSM proximity is not proof of facility use. IB3D/event annotations are not causality evidence."
14_1,4050,4100,1,CONSERVATIVE_PLANNING_RECOMMENDED,72.83,HIGH_ROUTE_LOAD_CONTEXT,ROUTE_LOAD_HIGH_CONTEXT|IB2_EFFORT_HIGH|STEPS_SURFACE_HIGH,WEATHER_ACTIVITY_LEVEL_ONLY|WEATHER_WIND_GUST_CONTEXT|WEATHER_HIGH_UV_CONTEXT,NONE,EVENT_SHORT_PAUSE,ROUTE_LOAD_HIGH_CONTEXT|IB2_EFFORT_HIGH|STEPS_SURFACE_HIGH|IB2_WEATHER_SENSITIVE_ROUTE_EXPOSURE_CONTEXT|WATERWAY_PROXIMITY_CONTEXT|WEATHER_ACTIVITY_LEVEL_ONLY|WEATHER_WIND_GUST_CONTEXT|WEATHER_HIGH_UV_CONTEXT|ROUTE_PHASE_UNKNOWN|OSM_PROXIMITY_NOT_USAGE,IB2_OR_WEATHER_CONTEXT_PRESENT,"Descriptive planning context evidence only. This is not ability scoring, not route suitability scoring, not THCI/radar scoring, and not a final hiking risk assessment. Weather is activity-level context unless an explicit safe route-window source is used. OSM proximity is not proof of facility use. IB3D/event annotations are not causality evidence."
14_1,4100,4200,2,REVIEW_FOR_CONSERVATIVE_PLANNING,57.762,LOWER_ROUTE_LOAD_CONTEXT,IB2_EFFORT_HIGH|STEPS_SURFACE_HIGH|SLOPE_LOAD_FALLBACK_VERTICAL_RANGE,WEATHER_ACTIVITY_LEVEL_ONLY|WEATHER_WIND_GUST_CONTEXT|WEATHER_HIGH_UV_CONTEXT,BEHAVIOR_LOW_SPEED_RESPONSE,TERMINAL_ARTIFACT_REVIEW_ONLY,IB2_NAVIGATION_CONTEXT|IB2_WEATHER_SENSITIVE_ROUTE_EXPOSURE_CONTEXT|WATERWAY_PROXIMITY_CONTEXT|GUIDEPOST_PROXIMITY_CONTEXT|WEATHER_ACTIVITY_LEVEL_ONLY|WEATHER_WIND_GUST_CONTEXT|WEATHER_HIGH_UV_CONTEXT|ROUTE_PHASE_UNKNOWN|OSM_PROXIMITY_NOT_USAGE|IB2_EFFORT_HIGH|STEPS_SURFACE_HIGH|SLOPE_LOAD_FALLBACK_VERTICAL_RANGE|BEHAVIOR_LOW_SPEED_RESPONSE,HIGH_ROUTE_OR_IB2_CONTEXT,"Descriptive planning context evidence only. This is not ability scoring, not route suitability scoring, not THCI/radar scoring, and not a final hiking risk assessment. Weather is activity-level context unless an explicit safe route-window source is used. OSM proximity is not proof of facility use. IB3D/event annotations are not causality evidence."
15_1,0,100,2,REVIEW_FOR_CONSERVATIVE_PLANNING,54.442,LOWER_ROUTE_LOAD_CONTEXT,IB2_EFFORT_HIGH|STEPS_SURFACE_HIGH|SLOPE_LOAD_FALLBACK_VERTICAL_RANGE,WEATHER_ACTIVITY_LEVEL_ONLY|WEATHER_HUMID_CONTEXT|WEATHER_WIND_GUST_CONTEXT|WEATHER_HIGH_UV_CONTEXT,NONE,NONE,IB2_NAVIGATION_CONTEXT|IB2_WEATHER_SENSITIVE_ROUTE_EXPOSURE_CONTEXT|WATERWAY_PROXIMITY_CONTEXT|GUIDEPOST_PROXIMITY_CONTEXT|WEATHER_ACTIVITY_LEVEL_ONLY|WEATHER_HUMID_CONTEXT|WEATHER_WIND_GUST_CONTEXT|WEATHER_HIGH_UV_CONTEXT|ROUTE_PHASE_UNKNOWN|OSM_PROXIMITY_NOT_USAGE|IB2_EFFORT_HIGH|STEPS_SURFACE_HIGH|SLOPE_LOAD_FALLBACK_VERTICAL_RANGE,HIGH_ROUTE_OR_IB2_CONTEXT,"Descriptive planning context evidence only. This is not ability scoring, not route suitability scoring, not THCI/radar scoring, and not a final hiking risk assessment. Weather is activity-level context unless an explicit safe route-window source is used. OSM proximity is not proof of facility use. IB3D/event annotations are not causality evidence."
15_1,100,150,1,CONSERVATIVE_PLANNING_RECOMMENDED,71.777,HIGH_ROUTE_LOAD_CONTEXT,ROUTE_LOAD_HIGH_CONTEXT|IB2_EFFORT_HIGH|STEPS_SURFACE_HIGH|SLOPE_LOAD_FALLBACK_VERTICAL_RANGE,WEATHER_ACTIVITY_LEVEL_ONLY|WEATHER_HUMID_CONTEXT|WEATHER_WIND_GUST_CONTEXT|WEATHER_HIGH_UV_CONTEXT,NONE,NONE,ROUTE_LOAD_HIGH_CONTEXT|IB2_EFFORT_HIGH|STEPS_SURFACE_HIGH|SLOPE_LOAD_FALLBACK_VERTICAL_RANGE|IB2_WEATHER_SENSITIVE_ROUTE_EXPOSURE_CONTEXT|WATERWAY_PROXIMITY_CONTEXT|WEATHER_ACTIVITY_LEVEL_ONLY|WEATHER_HUMID_CONTEXT|WEATHER_WIND_GUST_CONTEXT|WEATHER_HIGH_UV_CONTEXT|ROUTE_PHASE_UNKNOWN|OSM_PROXIMITY_NOT_USAGE,IB2_OR_WEATHER_CONTEXT_PRESENT,"Descriptive planning context evidence only. This is not ability scoring, not route suitability scoring, not THCI/radar scoring, and not a final hiking risk assessment. Weather is activity-level context unless an explicit safe route-window source is used. OSM proximity is not proof of facility use. IB3D/event annotations are not causality evidence."
15_1,150,250,2,TURNAROUND_CONDITION_REVIEW_RECOMMENDED,100.0,VERY_HIGH_ROUTE_LOAD_CONTEXT,ROUTE_LOAD_HIGH_CONTEXT|ROUTE_LOAD_VERY_HIGH_CONTEXT|VERTICAL_RANGE_HIGH|SLOPE_HIGH|IB2_EFFORT_HIGH|TERRAIN_HIGH|STEPS_SURFACE_HIGH|SLOPE_LOAD_FALLBACK_VERTICAL_RANGE,WEATHER_ACTIVITY_LEVEL_ONLY|WEATHER_HUMID_CONTEXT|WEATHER_WIND_GUST_CONTEXT|WEATHER_HIGH_UV_CONTEXT,BEHAVIOR_LOW_SPEED_RESPONSE,EVENT_REVIEW_REQUIRED,ROUTE_LOAD_HIGH_CONTEXT|ROUTE_LOAD_VERY_HIGH_CONTEXT|VERTICAL_RANGE_HIGH|SLOPE_HIGH|IB2_EFFORT_HIGH|TERRAIN_HIGH|STEPS_SURFACE_HIGH|SLOPE_LOAD_FALLBACK_VERTICAL_RANGE|IB2_WEATHER_SENSITIVE_ROUTE_EXPOSURE_CONTEXT|WATERWAY_PROXIMITY_CONTEXT|WEATHER_ACTIVITY_LEVEL_ONLY|WEATHER_HUMID_CONTEXT|WEATHER_WIND_GUST_CONTEXT|WEATHER_HIGH_UV_CONTEXT|BEHAVIOR_LOW_SPEED_RESPONSE|ROUTE_PHASE_UNKNOWN|OSM_PROXIMITY_NOT_USAGE,VERY_HIGH_ROUTE_LOAD_CONTEXT|ROUTE_LOAD_BEHAVIOR_CANDIDATE|IB2_OR_WEATHER_CONTEXT_PRESENT,"Descriptive planning context evidence only. This is not ability scoring, not route suitability scoring, not THCI/radar scoring, and not a final hiking risk assessment. Weather is activity-level context unless an explicit safe route-window source is used. OSM proximity is not proof of facility use. IB3D/event annotations are not causality evidence."
15_1,250,500,5,CONSERVATIVE_PLANNING_RECOMMENDED,89.182,HIGH_ROUTE_LOAD_CONTEXT,ROUTE_LOAD_HIGH_CONTEXT|ROUTE_LOAD_VERY_HIGH_CONTEXT|IB2_EFFORT_HIGH|TERRAIN_HIGH|STEPS_SURFACE_HIGH|SLOPE_LOAD_FALLBACK_VERTICAL_RANGE|VERTICAL_RANGE_HIGH|SLOPE_HIGH,WEATHER_ACTIVITY_LEVEL_ONLY|WEATHER_HUMID_CONTEXT|WEATHER_WIND_GUST_CONTEXT|WEATHER_HIGH_UV_CONTEXT,BEHAVIOR_RELATIVE_HIGH_HR_RESPONSE,EVENT_REVIEW_REQUIRED,ROUTE_LOAD_HIGH_CONTEXT|ROUTE_LOAD_VERY_HIGH_CONTEXT|IB2_EFFORT_HIGH|TERRAIN_HIGH|STEPS_SURFACE_HIGH|SLOPE_LOAD_FALLBACK_VERTICAL_RANGE|IB2_WEATHER_SENSITIVE_ROUTE_EXPOSURE_CONTEXT|WEATHER_ACTIVITY_LEVEL_ONLY|WEATHER_HUMID_CONTEXT|WEATHER_WIND_GUST_CONTEXT|WEATHER_HIGH_UV_CONTEXT|ROUTE_PHASE_UNKNOWN|OSM_PROXIMITY_NOT_USAGE|VERTICAL_RANGE_HIGH|SLOPE_HIGH|BEHAVIOR_RELATIVE_HIGH_HR_RESPONSE,VERY_HIGH_ROUTE_LOAD_CONTEXT|IB2_OR_WEATHER_CONTEXT_PRESENT|ROUTE_LOAD_BEHAVIOR_CANDIDATE,"Descriptive planning context evidence only. This is not ability scoring, not route suitability scoring, not THCI/radar scoring, and not a final hiking risk assessment. Weather is activity-level context unless an explicit safe route-window source is used. OSM proximity is not proof of facility use. IB3D/event annotations are not causality evidence."
15_1,500,550,1,TURNAROUND_CONDITION_REVIEW_RECOMMENDED,81.359,VERY_HIGH_ROUTE_LOAD_CONTEXT,ROUTE_LOAD_HIGH_CONTEXT|ROUTE_LOAD_VERY_HIGH_CONTEXT|IB2_EFFORT_HIGH|STEPS_SURFACE_HIGH|SLOPE_LOAD_FALLBACK_VERTICAL_RANGE,WEATHER_ACTIVITY_LEVEL_ONLY|WEATHER_HUMID_CONTEXT|WEATHER_WIND_GUST_CONTEXT|WEATHER_HIGH_UV_CONTEXT,BEHAVIOR_LOW_SPEED_RESPONSE,EVENT_REVIEW_REQUIRED,ROUTE_LOAD_HIGH_CONTEXT|ROUTE_LOAD_VERY_HIGH_CONTEXT|IB2_EFFORT_HIGH|STEPS_SURFACE_HIGH|SLOPE_LOAD_FALLBACK_VERTICAL_RANGE|IB2_WEATHER_SENSITIVE_ROUTE_EXPOSURE_CONTEXT|WEATHER_ACTIVITY_LEVEL_ONLY|WEATHER_HUMID_CONTEXT|WEATHER_WIND_GUST_CONTEXT|WEATHER_HIGH_UV_CONTEXT|BEHAVIOR_LOW_SPEED_RESPONSE|ROUTE_PHASE_UNKNOWN|OSM_PROXIMITY_NOT_USAGE,VERY_HIGH_ROUTE_LOAD_CONTEXT|ROUTE_LOAD_BEHAVIOR_CANDIDATE|IB2_OR_WEATHER_CONTEXT_PRESENT,"Descriptive planning context evidence only. This is not ability scoring, not route suitability scoring, not THCI/radar scoring, and not a final hiking risk assessment. Weather is activity-level context unless an explicit safe route-window source is used. OSM proximity is not proof of facility use. IB3D/event annotations are not causality evidence."
15_1,550,650,2,REVIEW_FOR_CONSERVATIVE_PLANNING,45.111,LOWER_ROUTE_LOAD_CONTEXT,IB2_EFFORT_HIGH|STEPS_SURFACE_HIGH|SLOPE_LOAD_FALLBACK_VERTICAL_RANGE,WEATHER_ACTIVITY_LEVEL_ONLY|WEATHER_HUMID_CONTEXT|WEATHER_WIND_GUST_CONTEXT|WEATHER_HIGH_UV_CONTEXT,BEHAVIOR_RELATIVE_HIGH_HR_RESPONSE,EVENT_REVIEW_REQUIRED,IB2_EFFORT_HIGH|STEPS_SURFACE_HIGH|IB2_WEATHER_SENSITIVE_ROUTE_EXPOSURE_CONTEXT|SHELTER_PROXIMITY_CONTEXT|WEATHER_ACTIVITY_LEVEL_ONLY|WEATHER_HUMID_CONTEXT|WEATHER_WIND_GUST_CONTEXT|WEATHER_HIGH_UV_CONTEXT|BEHAVIOR_RELATIVE_HIGH_HR_RESPONSE|ROUTE_PHASE_UNKNOWN|OSM_PROXIMITY_NOT_USAGE|SLOPE_LOAD_FALLBACK_VERTICAL_RANGE|IB2_NAVIGATION_CONTEXT|GUIDEPOST_PROXIMITY_CONTEXT,HIGH_ROUTE_OR_IB2_CONTEXT,"Descriptive planning context evidence only. This is not ability scoring, not route suitability scoring, not THCI/radar scoring, and not a final hiking risk assessment. Weather is activity-level context unless an explicit safe route-window source is used. OSM proximity is not proof of facility use. IB3D/event annotations are not causality evidence."
15_1,700,750,1,REVIEW_FOR_CONSERVATIVE_PLANNING,6.429,LOWER_ROUTE_LOAD_CONTEXT,SLOPE_LOAD_FALLBACK_VERTICAL_RANGE,WEATHER_ACTIVITY_LEVEL_ONLY|WEATHER_HUMID_CONTEXT|WEATHER_WIND_GUST_CONTEXT|WEATHER_HIGH_UV_CONTEXT,BEHAVIOR_RELATIVE_HIGH_HR_RESPONSE,NONE,SLOPE_LOAD_FALLBACK_VERTICAL_RANGE|IB2_WEATHER_SENSITIVE_ROUTE_EXPOSURE_CONTEXT|SHELTER_PROXIMITY_CONTEXT|WEATHER_ACTIVITY_LEVEL_ONLY|WEATHER_HUMID_CONTEXT|WEATHER_WIND_GUST_CONTEXT|WEATHER_HIGH_UV_CONTEXT|BEHAVIOR_RELATIVE_HIGH_HR_RESPONSE|ROUTE_PHASE_UNKNOWN|OSM_PROXIMITY_NOT_USAGE,HIGH_ROUTE_OR_IB2_CONTEXT,"Descriptive planning context evidence only. This is not ability scoring, not route suitability scoring, not THCI/radar scoring, and not a final hiking risk assessment. Weather is activity-level context unless an explicit safe route-window source is used. OSM proximity is not proof of facility use. IB3D/event annotations are not causality evidence."
15_1,800,1200,8,REVIEW_FOR_CONSERVATIVE_PLANNING,39.617,LOWER_ROUTE_LOAD_CONTEXT,SLOPE_LOAD_FALLBACK_VERTICAL_RANGE,WEATHER_ACTIVITY_LEVEL_ONLY|WEATHER_HUMID_CONTEXT|WEATHER_WIND_GUST_CONTEXT|WEATHER_HIGH_UV_CONTEXT,BEHAVIOR_RELATIVE_HIGH_HR_RESPONSE,NONE,SLOPE_LOAD_FALLBACK_VERTICAL_RANGE|IB2_NAVIGATION_CONTEXT|IB2_WEATHER_SENSITIVE_ROUTE_EXPOSURE_CONTEXT|GUIDEPOST_PROXIMITY_CONTEXT|WEATHER_ACTIVITY_LEVEL_ONLY|WEATHER_HUMID_CONTEXT|WEATHER_WIND_GUST_CONTEXT|WEATHER_HIGH_UV_CONTEXT|ROUTE_PHASE_UNKNOWN|OSM_PROXIMITY_NOT_USAGE|IB2_SUPPORT_CONTEXT|BEHAVIOR_RELATIVE_HIGH_HR_RESPONSE,HIGH_ROUTE_OR_IB2_CONTEXT,"Descriptive planning context evidence only. This is not ability scoring, not route suitability scoring, not THCI/radar scoring, and not a final hiking risk assessment. Weather is activity-level context unless an explicit safe route-window source is used. OSM proximity is not proof of facility use. IB3D/event annotations are not causality evidence."
15_1,1200,1350,3,CONSERVATIVE_PLANNING_RECOMMENDED,72.387,HIGH_ROUTE_LOAD_CONTEXT,ROUTE_LOAD_HIGH_CONTEXT|IB2_EFFORT_HIGH|STEPS_SURFACE_HIGH|SLOPE_LOAD_FALLBACK_VERTICAL_RANGE,WEATHER_ACTIVITY_LEVEL_ONLY|WEATHER_HUMID_CONTEXT|WEATHER_WIND_GUST_CONTEXT|WEATHER_HIGH_UV_CONTEXT,BEHAVIOR_RELATIVE_HIGH_HR_RESPONSE,NONE,ROUTE_LOAD_HIGH_CONTEXT|IB2_EFFORT_HIGH|STEPS_SURFACE_HIGH|SLOPE_LOAD_FALLBACK_VERTICAL_RANGE|IB2_WEATHER_SENSITIVE_ROUTE_EXPOSURE_CONTEXT|WEATHER_ACTIVITY_LEVEL_ONLY|WEATHER_HUMID_CONTEXT|WEATHER_WIND_GUST_CONTEXT|WEATHER_HIGH_UV_CONTEXT|ROUTE_PHASE_UNKNOWN|OSM_PROXIMITY_NOT_USAGE|BEHAVIOR_RELATIVE_HIGH_HR_RESPONSE,IB2_OR_WEATHER_CONTEXT_PRESENT|ROUTE_LOAD_BEHAVIOR_CANDIDATE,"Descriptive planning context evidence only. This is not ability scoring, not route suitability scoring, not THCI/radar scoring, and not a final hiking risk assessment. Weather is activity-level context unless an explicit safe route-window source is used. OSM proximity is not proof of facility use. IB3D/event annotations are not causality evidence."
15_1,1350,1650,6,TURNAROUND_CONDITION_REVIEW_RECOMMENDED,100.0,VERY_HIGH_ROUTE_LOAD_CONTEXT,ROUTE_LOAD_HIGH_CONTEXT|ROUTE_LOAD_VERY_HIGH_CONTEXT|VERTICAL_RANGE_HIGH|SLOPE_HIGH|IB2_EFFORT_HIGH|TERRAIN_HIGH|STEPS_SURFACE_HIGH|SLOPE_LOAD_FALLBACK_VERTICAL_RANGE,WEATHER_ACTIVITY_LEVEL_ONLY|WEATHER_HUMID_CONTEXT|WEATHER_WIND_GUST_CONTEXT|WEATHER_HIGH_UV_CONTEXT,BEHAVIOR_LOW_SPEED_RESPONSE|BEHAVIOR_RELATIVE_HIGH_HR_RESPONSE,NONE,ROUTE_LOAD_HIGH_CONTEXT|ROUTE_LOAD_VERY_HIGH_CONTEXT|VERTICAL_RANGE_HIGH|SLOPE_HIGH|IB2_EFFORT_HIGH|TERRAIN_HIGH|STEPS_SURFACE_HIGH|IB2_WEATHER_SENSITIVE_ROUTE_EXPOSURE_CONTEXT|WEATHER_ACTIVITY_LEVEL_ONLY|WEATHER_HUMID_CONTEXT|WEATHER_WIND_GUST_CONTEXT|WEATHER_HIGH_UV_CONTEXT|BEHAVIOR_LOW_SPEED_RESPONSE|ROUTE_PHASE_UNKNOWN|OSM_PROXIMITY_NOT_USAGE|SLOPE_LOAD_FALLBACK_VERTICAL_RANGE|BEHAVIOR_RELATIVE_HIGH_HR_RESPONSE,VERY_HIGH_ROUTE_LOAD_CONTEXT|ROUTE_LOAD_BEHAVIOR_CANDIDATE|IB2_OR_WEATHER_CONTEXT_PRESENT,"Descriptive planning context evidence only. This is not ability scoring, not route suitability scoring, not THCI/radar scoring, and not a final hiking risk assessment. Weather is activity-level context unless an explicit safe route-window source is used. OSM proximity is not proof of facility use. IB3D/event annotations are not causality evidence."
15_1,1650,1750,2,REVIEW_FOR_CONSERVATIVE_PLANNING,55.064,LOWER_ROUTE_LOAD_CONTEXT,IB2_EFFORT_HIGH|STEPS_SURFACE_HIGH|SLOPE_LOAD_FALLBACK_VERTICAL_RANGE,WEATHER_ACTIVITY_LEVEL_ONLY|WEATHER_HUMID_CONTEXT|WEATHER_WIND_GUST_CONTEXT|WEATHER_HIGH_UV_CONTEXT,NONE,NONE,IB2_EFFORT_HIGH|STEPS_SURFACE_HIGH|IB2_WEATHER_SENSITIVE_ROUTE_EXPOSURE_CONTEXT|WEATHER_ACTIVITY_LEVEL_ONLY|WEATHER_HUMID_CONTEXT|WEATHER_WIND_GUST_CONTEXT|WEATHER_HIGH_UV_CONTEXT|ROUTE_PHASE_UNKNOWN|OSM_PROXIMITY_NOT_USAGE|SLOPE_LOAD_FALLBACK_VERTICAL_RANGE,HIGH_ROUTE_OR_IB2_CONTEXT,"Descriptive planning context evidence only. This is not ability scoring, not route suitability scoring, not THCI/radar scoring, and not a final hiking risk assessment. Weather is activity-level context unless an explicit safe route-window source is used. OSM proximity is not proof of facility use. IB3D/event annotations are not causality evidence."
15_1,1750,1850,2,CONSERVATIVE_PLANNING_RECOMMENDED,75.11,HIGH_ROUTE_LOAD_CONTEXT,ROUTE_LOAD_HIGH_CONTEXT|IB2_EFFORT_HIGH|STEPS_SURFACE_HIGH,WEATHER_ACTIVITY_LEVEL_ONLY|WEATHER_HUMID_CONTEXT|WEATHER_WIND_GUST_CONTEXT|WEATHER_HIGH_UV_CONTEXT,BEHAVIOR_LOW_SPEED_RESPONSE|BEHAVIOR_RELATIVE_HIGH_HR_RESPONSE,NONE,ROUTE_LOAD_HIGH_CONTEXT|IB2_EFFORT_HIGH|STEPS_SURFACE_HIGH|IB2_NAVIGATION_CONTEXT|IB2_WEATHER_SENSITIVE_ROUTE_EXPOSURE_CONTEXT|GUIDEPOST_PROXIMITY_CONTEXT|WEATHER_ACTIVITY_LEVEL_ONLY|WEATHER_HUMID_CONTEXT|WEATHER_WIND_GUST_CONTEXT|WEATHER_HIGH_UV_CONTEXT|BEHAVIOR_LOW_SPEED_RESPONSE|ROUTE_PHASE_UNKNOWN|OSM_PROXIMITY_NOT_USAGE|BEHAVIOR_RELATIVE_HIGH_HR_RESPONSE,ROUTE_LOAD_BEHAVIOR_CANDIDATE|IB2_OR_WEATHER_CONTEXT_PRESENT,"Descriptive planning context evidence only. This is not ability scoring, not route suitability scoring, not THCI/radar scoring, and not a final hiking risk assessment. Weather is activity-level context unless an explicit safe route-window source is used. OSM proximity is not proof of facility use. IB3D/event annotations are not causality evidence."
15_1,1850,1900,1,TURNAROUND_CONDITION_REVIEW_RECOMMENDED,89.962,VERY_HIGH_ROUTE_LOAD_CONTEXT,ROUTE_LOAD_HIGH_CONTEXT|ROUTE_LOAD_VERY_HIGH_CONTEXT|VERTICAL_RANGE_HIGH|SLOPE_HIGH|IB2_EFFORT_HIGH|TERRAIN_HIGH|STEPS_SURFACE_HIGH|SLOPE_LOAD_FALLBACK_VERTICAL_RANGE,WEATHER_ACTIVITY_LEVEL_ONLY|WEATHER_HUMID_CONTEXT|WEATHER_WIND_GUST_CONTEXT|WEATHER_HIGH_UV_CONTEXT,BEHAVIOR_LOW_SPEED_RESPONSE,NONE,ROUTE_LOAD_HIGH_CONTEXT|ROUTE_LOAD_VERY_HIGH_CONTEXT|VERTICAL_RANGE_HIGH|SLOPE_HIGH|IB2_EFFORT_HIGH|TERRAIN_HIGH|STEPS_SURFACE_HIGH|SLOPE_LOAD_FALLBACK_VERTICAL_RANGE|IB2_WEATHER_SENSITIVE_ROUTE_EXPOSURE_CONTEXT|WEATHER_ACTIVITY_LEVEL_ONLY|WEATHER_HUMID_CONTEXT|WEATHER_WIND_GUST_CONTEXT|WEATHER_HIGH_UV_CONTEXT|BEHAVIOR_LOW_SPEED_RESPONSE|ROUTE_PHASE_UNKNOWN|OSM_PROXIMITY_NOT_USAGE,VERY_HIGH_ROUTE_LOAD_CONTEXT|ROUTE_LOAD_BEHAVIOR_CANDIDATE|IB2_OR_WEATHER_CONTEXT_PRESENT,"Descriptive planning context evidence only. This is not ability scoring, not route suitability scoring, not THCI/radar scoring, and not a final hiking risk assessment. Weather is activity-level context unless an explicit safe route-window source is used. OSM proximity is not proof of facility use. IB3D/event annotations are not causality evidence."
15_1,1900,1950,1,REVIEW_FOR_CONSERVATIVE_PLANNING,53.439,MODERATE_ROUTE_LOAD_CONTEXT,IB2_EFFORT_HIGH|STEPS_SURFACE_HIGH,WEATHER_ACTIVITY_LEVEL_ONLY|WEATHER_HUMID_CONTEXT|WEATHER_WIND_GUST_CONTEXT|WEATHER_HIGH_UV_CONTEXT,NONE,NONE,IB2_EFFORT_HIGH|STEPS_SURFACE_HIGH|IB2_NAVIGATION_CONTEXT|IB2_WEATHER_SENSITIVE_ROUTE_EXPOSURE_CONTEXT|GUIDEPOST_PROXIMITY_CONTEXT|WEATHER_ACTIVITY_LEVEL_ONLY|WEATHER_HUMID_CONTEXT|WEATHER_WIND_GUST_CONTEXT|WEATHER_HIGH_UV_CONTEXT|ROUTE_PHASE_UNKNOWN|OSM_PROXIMITY_NOT_USAGE,HIGH_ROUTE_OR_IB2_CONTEXT,"Descriptive planning context evidence only. This is not ability scoring, not route suitability scoring, not THCI/radar scoring, and not a final hiking risk assessment. Weather is activity-level context unless an explicit safe route-window source is used. OSM proximity is not proof of facility use. IB3D/event annotations are not causality evidence."
15_1,1950,2050,2,TURNAROUND_CONDITION_REVIEW_RECOMMENDED,90.043,VERY_HIGH_ROUTE_LOAD_CONTEXT,ROUTE_LOAD_HIGH_CONTEXT|ROUTE_LOAD_VERY_HIGH_CONTEXT|VERTICAL_RANGE_HIGH|SLOPE_HIGH|IB2_EFFORT_HIGH|STEPS_SURFACE_HIGH|SLOPE_LOAD_FALLBACK_VERTICAL_RANGE,WEATHER_ACTIVITY_LEVEL_ONLY|WEATHER_HUMID_CONTEXT|WEATHER_WIND_GUST_CONTEXT|WEATHER_HIGH_UV_CONTEXT,BEHAVIOR_LOW_SPEED_RESPONSE|BEHAVIOR_RELATIVE_HIGH_HR_RESPONSE,NONE,ROUTE_LOAD_HIGH_CONTEXT|ROUTE_LOAD_VERY_HIGH_CONTEXT|VERTICAL_RANGE_HIGH|SLOPE_HIGH|IB2_EFFORT_HIGH|STEPS_SURFACE_HIGH|IB2_NAVIGATION_CONTEXT|IB2_WEATHER_SENSITIVE_ROUTE_EXPOSURE_CONTEXT|GUIDEPOST_PROXIMITY_CONTEXT|WEATHER_ACTIVITY_LEVEL_ONLY|WEATHER_HUMID_CONTEXT|WEATHER_WIND_GUST_CONTEXT|WEATHER_HIGH_UV_CONTEXT|BEHAVIOR_LOW_SPEED_RESPONSE|ROUTE_PHASE_UNKNOWN|OSM_PROXIMITY_NOT_USAGE|SLOPE_LOAD_FALLBACK_VERTICAL_RANGE|BEHAVIOR_RELATIVE_HIGH_HR_RESPONSE,VERY_HIGH_ROUTE_LOAD_CONTEXT|ROUTE_LOAD_BEHAVIOR_CANDIDATE|IB2_OR_WEATHER_CONTEXT_PRESENT,"Descriptive planning context evidence only. This is not ability scoring, not route suitability scoring, not THCI/radar scoring, and not a final hiking risk assessment. Weather is activity-level context unless an explicit safe route-window source is used. OSM proximity is not proof of facility use. IB3D/event annotations are not causality evidence."
15_1,2050,2100,1,REVIEW_FOR_CONSERVATIVE_PLANNING,53.319,MODERATE_ROUTE_LOAD_CONTEXT,IB2_EFFORT_HIGH|STEPS_SURFACE_HIGH,WEATHER_ACTIVITY_LEVEL_ONLY|WEATHER_HUMID_CONTEXT|WEATHER_WIND_GUST_CONTEXT|WEATHER_HIGH_UV_CONTEXT,BEHAVIOR_LOW_SPEED_RESPONSE|BEHAVIOR_LOW_SPEED_RATIO_HIGH,EVENT_REVIEW_REQUIRED,IB2_EFFORT_HIGH|STEPS_SURFACE_HIGH|IB2_NAVIGATION_CONTEXT|IB2_WEATHER_SENSITIVE_ROUTE_EXPOSURE_CONTEXT|GUIDEPOST_PROXIMITY_CONTEXT|WEATHER_ACTIVITY_LEVEL_ONLY|WEATHER_HUMID_CONTEXT|WEATHER_WIND_GUST_CONTEXT|WEATHER_HIGH_UV_CONTEXT|BEHAVIOR_LOW_SPEED_RESPONSE|BEHAVIOR_LOW_SPEED_RATIO_HIGH|ROUTE_PHASE_UNKNOWN|OSM_PROXIMITY_NOT_USAGE,HIGH_ROUTE_OR_IB2_CONTEXT,"Descriptive planning context evidence only. This is not ability scoring, not route suitability scoring, not THCI/radar scoring, and not a final hiking risk assessment. Weather is activity-level context unless an explicit safe route-window source is used. OSM proximity is not proof of facility use. IB3D/event annotations are not causality evidence."
15_1,2100,2150,1,CONSERVATIVE_PLANNING_RECOMMENDED,64.379,HIGH_ROUTE_LOAD_CONTEXT,ROUTE_LOAD_HIGH_CONTEXT|IB2_EFFORT_HIGH|STEPS_SURFACE_HIGH|SLOPE_LOAD_FALLBACK_VERTICAL_RANGE,WEATHER_ACTIVITY_LEVEL_ONLY|WEATHER_HUMID_CONTEXT|WEATHER_WIND_GUST_CONTEXT|WEATHER_HIGH_UV_CONTEXT,BEHAVIOR_RELATIVE_HIGH_HR_RESPONSE|BEHAVIOR_LOW_SPEED_RESPONSE,EVENT_REVIEW_REQUIRED,ROUTE_LOAD_HIGH_CONTEXT|IB2_EFFORT_HIGH|STEPS_SURFACE_HIGH|SLOPE_LOAD_FALLBACK_VERTICAL_RANGE|IB2_NAVIGATION_CONTEXT|IB2_WEATHER_SENSITIVE_ROUTE_EXPOSURE_CONTEXT|GUIDEPOST_PROXIMITY_CONTEXT|WEATHER_ACTIVITY_LEVEL_ONLY|WEATHER_HUMID_CONTEXT|WEATHER_WIND_GUST_CONTEXT|WEATHER_HIGH_UV_CONTEXT|BEHAVIOR_RELATIVE_HIGH_HR_RESPONSE|BEHAVIOR_LOW_SPEED_RESPONSE|ROUTE_PHASE_UNKNOWN|OSM_PROXIMITY_NOT_USAGE,ROUTE_LOAD_BEHAVIOR_CANDIDATE|IB2_OR_WEATHER_CONTEXT_PRESENT,"Descriptive planning context evidence only. This is not ability scoring, not route suitability scoring, not THCI/radar scoring, and not a final hiking risk assessment. Weather is activity-level context unless an explicit safe route-window source is used. OSM proximity is not proof of facility use. IB3D/event annotations are not causality evidence."
15_1,2150,2250,2,TURNAROUND_CONDITION_REVIEW_RECOMMENDED,84.629,VERY_HIGH_ROUTE_LOAD_CONTEXT,ROUTE_LOAD_HIGH_CONTEXT|ROUTE_LOAD_VERY_HIGH_CONTEXT|VERTICAL_RANGE_HIGH|SLOPE_HIGH|IB2_EFFORT_HIGH|STEPS_SURFACE_HIGH|SLOPE_LOAD_FALLBACK_VERTICAL_RANGE,WEATHER_ACTIVITY_LEVEL_ONLY|WEATHER_HUMID_CONTEXT|WEATHER_WIND_GUST_CONTEXT|WEATHER_HIGH_UV_CONTEXT,BEHAVIOR_RELATIVE_HIGH_HR_RESPONSE|BEHAVIOR_LOW_SPEED_RESPONSE,EVENT_REVIEW_REQUIRED,ROUTE_LOAD_HIGH_CONTEXT|ROUTE_LOAD_VERY_HIGH_CONTEXT|VERTICAL_RANGE_HIGH|SLOPE_HIGH|IB2_EFFORT_HIGH|STEPS_SURFACE_HIGH|SLOPE_LOAD_FALLBACK_VERTICAL_RANGE|IB2_WEATHER_SENSITIVE_ROUTE_EXPOSURE_CONTEXT|WEATHER_ACTIVITY_LEVEL_ONLY|WEATHER_HUMID_CONTEXT|WEATHER_WIND_GUST_CONTEXT|WEATHER_HIGH_UV_CONTEXT|BEHAVIOR_RELATIVE_HIGH_HR_RESPONSE|BEHAVIOR_LOW_SPEED_RESPONSE|ROUTE_PHASE_UNKNOWN|OSM_PROXIMITY_NOT_USAGE|IB2_NAVIGATION_CONTEXT|GUIDEPOST_PROXIMITY_CONTEXT,VERY_HIGH_ROUTE_LOAD_CONTEXT|ROUTE_LOAD_BEHAVIOR_CANDIDATE|IB2_OR_WEATHER_CONTEXT_PRESENT,"Descriptive planning context evidence only. This is not ability scoring, not route suitability scoring, not THCI/radar scoring, and not a final hiking risk assessment. Weather is activity-level context unless an explicit safe route-window source is used. OSM proximity is not proof of facility use. IB3D/event annotations are not causality evidence."
15_1,2250,2300,1,REVIEW_FOR_CONSERVATIVE_PLANNING,50.049,MODERATE_ROUTE_LOAD_CONTEXT,IB2_EFFORT_HIGH|STEPS_SURFACE_HIGH|SLOPE_LOAD_FALLBACK_VERTICAL_RANGE,WEATHER_ACTIVITY_LEVEL_ONLY|WEATHER_HUMID_CONTEXT|WEATHER_WIND_GUST_CONTEXT|WEATHER_HIGH_UV_CONTEXT,NONE,EVENT_REVIEW_REQUIRED,IB2_EFFORT_HIGH|STEPS_SURFACE_HIGH|SLOPE_LOAD_FALLBACK_VERTICAL_RANGE|IB2_NAVIGATION_CONTEXT|IB2_WEATHER_SENSITIVE_ROUTE_EXPOSURE_CONTEXT|GUIDEPOST_PROXIMITY_CONTEXT|WEATHER_ACTIVITY_LEVEL_ONLY|WEATHER_HUMID_CONTEXT|WEATHER_WIND_GUST_CONTEXT|WEATHER_HIGH_UV_CONTEXT|ROUTE_PHASE_UNKNOWN|OSM_PROXIMITY_NOT_USAGE,HIGH_ROUTE_OR_IB2_CONTEXT,"Descriptive planning context evidence only. This is not ability scoring, not route suitability scoring, not THCI/radar scoring, and not a final hiking risk assessment. Weather is activity-level context unless an explicit safe route-window source is used. OSM proximity is not proof of facility use. IB3D/event annotations are not causality evidence."
15_1,2300,2350,1,TURNAROUND_CONDITION_REVIEW_RECOMMENDED,91.277,VERY_HIGH_ROUTE_LOAD_CONTEXT,ROUTE_LOAD_HIGH_CONTEXT|ROUTE_LOAD_VERY_HIGH_CONTEXT|VERTICAL_RANGE_HIGH|SLOPE_HIGH|IB2_EFFORT_HIGH|STEPS_SURFACE_HIGH|SLOPE_LOAD_FALLBACK_VERTICAL_RANGE,WEATHER_ACTIVITY_LEVEL_ONLY|WEATHER_HUMID_CONTEXT|WEATHER_WIND_GUST_CONTEXT|WEATHER_HIGH_UV_CONTEXT,BEHAVIOR_LOW_SPEED_RESPONSE,EVENT_REVIEW_REQUIRED,ROUTE_LOAD_HIGH_CONTEXT|ROUTE_LOAD_VERY_HIGH_CONTEXT|VERTICAL_RANGE_HIGH|SLOPE_HIGH|IB2_EFFORT_HIGH|STEPS_SURFACE_HIGH|SLOPE_LOAD_FALLBACK_VERTICAL_RANGE|IB2_WEATHER_SENSITIVE_ROUTE_EXPOSURE_CONTEXT|WEATHER_ACTIVITY_LEVEL_ONLY|WEATHER_HUMID_CONTEXT|WEATHER_WIND_GUST_CONTEXT|WEATHER_HIGH_UV_CONTEXT|BEHAVIOR_LOW_SPEED_RESPONSE|ROUTE_PHASE_UNKNOWN|OSM_PROXIMITY_NOT_USAGE,VERY_HIGH_ROUTE_LOAD_CONTEXT|ROUTE_LOAD_BEHAVIOR_CANDIDATE|IB2_OR_WEATHER_CONTEXT_PRESENT,"Descriptive planning context evidence only. This is not ability scoring, not route suitability scoring, not THCI/radar scoring, and not a final hiking risk assessment. Weather is activity-level context unless an explicit safe route-window source is used. OSM proximity is not proof of facility use. IB3D/event annotations are not causality evidence."
15_1,2350,2400,1,CONSERVATIVE_PLANNING_RECOMMENDED,72.79,HIGH_ROUTE_LOAD_CONTEXT,ROUTE_LOAD_HIGH_CONTEXT|IB2_EFFORT_HIGH|STEPS_SURFACE_HIGH|SLOPE_LOAD_FALLBACK_VERTICAL_RANGE,WEATHER_ACTIVITY_LEVEL_ONLY|WEATHER_HUMID_CONTEXT|WEATHER_WIND_GUST_CONTEXT|WEATHER_HIGH_UV_CONTEXT,BEHAVIOR_RELATIVE_HIGH_HR_RESPONSE|BEHAVIOR_LOW_SPEED_RESPONSE,EVENT_REVIEW_REQUIRED,ROUTE_LOAD_HIGH_CONTEXT|IB2_EFFORT_HIGH|STEPS_SURFACE_HIGH|SLOPE_LOAD_FALLBACK_VERTICAL_RANGE|IB2_NAVIGATION_CONTEXT|IB2_WEATHER_SENSITIVE_ROUTE_EXPOSURE_CONTEXT|GUIDEPOST_PROXIMITY_CONTEXT|WEATHER_ACTIVITY_LEVEL_ONLY|WEATHER_HUMID_CONTEXT|WEATHER_WIND_GUST_CONTEXT|WEATHER_HIGH_UV_CONTEXT|BEHAVIOR_RELATIVE_HIGH_HR_RESPONSE|BEHAVIOR_LOW_SPEED_RESPONSE|ROUTE_PHASE_UNKNOWN|OSM_PROXIMITY_NOT_USAGE,ROUTE_LOAD_BEHAVIOR_CANDIDATE|IB2_OR_WEATHER_CONTEXT_PRESENT,"Descriptive planning context evidence only. This is not ability scoring, not route suitability scoring, not THCI/radar scoring, and not a final hiking risk assessment. Weather is activity-level context unless an explicit safe route-window source is used. OSM proximity is not proof of facility use. IB3D/event annotations are not causality evidence."
15_1,2400,2500,2,REVIEW_FOR_CONSERVATIVE_PLANNING,51.077,LOWER_ROUTE_LOAD_CONTEXT,IB2_EFFORT_HIGH|SLOPE_LOAD_FALLBACK_VERTICAL_RANGE,WEATHER_ACTIVITY_LEVEL_ONLY|WEATHER_HUMID_CONTEXT|WEATHER_WIND_GUST_CONTEXT|WEATHER_HIGH_UV_CONTEXT,NONE,EVENT_REVIEW_REQUIRED,IB2_EFFORT_HIGH|SLOPE_LOAD_FALLBACK_VERTICAL_RANGE|IB2_NAVIGATION_CONTEXT|IB2_WEATHER_SENSITIVE_ROUTE_EXPOSURE_CONTEXT|GUIDEPOST_PROXIMITY_CONTEXT|WEATHER_ACTIVITY_LEVEL_ONLY|WEATHER_HUMID_CONTEXT|WEATHER_WIND_GUST_CONTEXT|WEATHER_HIGH_UV_CONTEXT|ROUTE_PHASE_UNKNOWN|OSM_PROXIMITY_NOT_USAGE,HIGH_ROUTE_OR_IB2_CONTEXT,"Descriptive planning context evidence only. This is not ability scoring, not route suitability scoring, not THCI/radar scoring, and not a final hiking risk assessment. Weather is activity-level context unless an explicit safe route-window source is used. OSM proximity is not proof of facility use. IB3D/event annotations are not causality evidence."
15_1,2500,2550,1,CONSERVATIVE_PLANNING_RECOMMENDED,61.804,HIGH_ROUTE_LOAD_CONTEXT,ROUTE_LOAD_HIGH_CONTEXT|IB2_EFFORT_HIGH|TERRAIN_HIGH|STEPS_SURFACE_HIGH|SLOPE_LOAD_FALLBACK_VERTICAL_RANGE,WEATHER_ACTIVITY_LEVEL_ONLY|WEATHER_HUMID_CONTEXT|WEATHER_WIND_GUST_CONTEXT|WEATHER_HIGH_UV_CONTEXT,NONE,EVENT_REVIEW_REQUIRED,ROUTE_LOAD_HIGH_CONTEXT|IB2_EFFORT_HIGH|TERRAIN_HIGH|STEPS_SURFACE_HIGH|SLOPE_LOAD_FALLBACK_VERTICAL_RANGE|IB2_WEATHER_SENSITIVE_ROUTE_EXPOSURE_CONTEXT|WEATHER_ACTIVITY_LEVEL_ONLY|WEATHER_HUMID_CONTEXT|WEATHER_WIND_GUST_CONTEXT|WEATHER_HIGH_UV_CONTEXT|ROUTE_PHASE_UNKNOWN|OSM_PROXIMITY_NOT_USAGE,IB2_OR_WEATHER_CONTEXT_PRESENT,"Descriptive planning context evidence only. This is not ability scoring, not route suitability scoring, not THCI/radar scoring, and not a final hiking risk assessment. Weather is activity-level context unless an explicit safe route-window source is used. OSM proximity is not proof of facility use. IB3D/event annotations are not causality evidence."
15_1,2550,2850,6,TURNAROUND_CONDITION_REVIEW_RECOMMENDED,100.0,VERY_HIGH_ROUTE_LOAD_CONTEXT,ROUTE_LOAD_HIGH_CONTEXT|ROUTE_LOAD_VERY_HIGH_CONTEXT|VERTICAL_RANGE_HIGH|SLOPE_HIGH|IB2_EFFORT_HIGH|TERRAIN_HIGH|STEPS_SURFACE_HIGH|SLOPE_LOAD_FALLBACK_VERTICAL_RANGE,WEATHER_ACTIVITY_LEVEL_ONLY|WEATHER_HUMID_CONTEXT|WEATHER_WIND_GUST_CONTEXT|WEATHER_HIGH_UV_CONTEXT,BEHAVIOR_RELATIVE_HIGH_HR_RESPONSE|BEHAVIOR_LOW_SPEED_RESPONSE|BEHAVIOR_LOW_SPEED_RATIO_HIGH,EVENT_REVIEW_REQUIRED,ROUTE_LOAD_HIGH_CONTEXT|ROUTE_LOAD_VERY_HIGH_CONTEXT|VERTICAL_RANGE_HIGH|SLOPE_HIGH|IB2_EFFORT_HIGH|TERRAIN_HIGH|STEPS_SURFACE_HIGH|SLOPE_LOAD_FALLBACK_VERTICAL_RANGE|IB2_WEATHER_SENSITIVE_ROUTE_EXPOSURE_CONTEXT|WEATHER_ACTIVITY_LEVEL_ONLY|WEATHER_HUMID_CONTEXT|WEATHER_WIND_GUST_CONTEXT|WEATHER_HIGH_UV_CONTEXT|BEHAVIOR_RELATIVE_HIGH_HR_RESPONSE|BEHAVIOR_LOW_SPEED_RESPONSE|BEHAVIOR_LOW_SPEED_RATIO_HIGH|ROUTE_PHASE_UNKNOWN|OSM_PROXIMITY_NOT_USAGE,VERY_HIGH_ROUTE_LOAD_CONTEXT|ROUTE_LOAD_BEHAVIOR_CANDIDATE|IB2_OR_WEATHER_CONTEXT_PRESENT,"Descriptive planning context evidence only. This is not ability scoring, not route suitability scoring, not THCI/radar scoring, and not a final hiking risk assessment. Weather is activity-level context unless an explicit safe route-window source is used. OSM proximity is not proof of facility use. IB3D/event annotations are not causality evidence."
15_1,2850,2900,1,REVIEW_FOR_CONSERVATIVE_PLANNING,34.178,LOWER_ROUTE_LOAD_CONTEXT,NONE,WEATHER_ACTIVITY_LEVEL_ONLY|WEATHER_HUMID_CONTEXT|WEATHER_WIND_GUST_CONTEXT|WEATHER_HIGH_UV_CONTEXT,NONE,EVENT_REVIEW_REQUIRED,IB2_WEATHER_SENSITIVE_ROUTE_EXPOSURE_CONTEXT|WEATHER_ACTIVITY_LEVEL_ONLY|WEATHER_HUMID_CONTEXT|WEATHER_WIND_GUST_CONTEXT|WEATHER_HIGH_UV_CONTEXT|ROUTE_PHASE_UNKNOWN|OSM_PROXIMITY_NOT_USAGE,HIGH_ROUTE_OR_IB2_CONTEXT,"Descriptive planning context evidence only. This is not ability scoring, not route suitability scoring, not THCI/radar scoring, and not a final hiking risk assessment. Weather is activity-level context unless an explicit safe route-window source is used. OSM proximity is not proof of facility use. IB3D/event annotations are not causality evidence."
15_1,2900,3000,2,CONSERVATIVE_PLANNING_RECOMMENDED,74.472,HIGH_ROUTE_LOAD_CONTEXT,ROUTE_LOAD_HIGH_CONTEXT|IB2_EFFORT_HIGH|STEPS_SURFACE_HIGH|SLOPE_LOAD_FALLBACK_VERTICAL_RANGE,WEATHER_ACTIVITY_LEVEL_ONLY|WEATHER_HUMID_CONTEXT|WEATHER_WIND_GUST_CONTEXT|WEATHER_HIGH_UV_CONTEXT,BEHAVIOR_RELATIVE_HIGH_HR_RESPONSE,EVENT_REVIEW_REQUIRED,ROUTE_LOAD_HIGH_CONTEXT|IB2_EFFORT_HIGH|STEPS_SURFACE_HIGH|SLOPE_LOAD_FALLBACK_VERTICAL_RANGE|IB2_WEATHER_SENSITIVE_ROUTE_EXPOSURE_CONTEXT|WEATHER_ACTIVITY_LEVEL_ONLY|WEATHER_HUMID_CONTEXT|WEATHER_WIND_GUST_CONTEXT|WEATHER_HIGH_UV_CONTEXT|BEHAVIOR_RELATIVE_HIGH_HR_RESPONSE|ROUTE_PHASE_UNKNOWN|OSM_PROXIMITY_NOT_USAGE,ROUTE_LOAD_BEHAVIOR_CANDIDATE|IB2_OR_WEATHER_CONTEXT_PRESENT,"Descriptive planning context evidence only. This is not ability scoring, not route suitability scoring, not THCI/radar scoring, and not a final hiking risk assessment. Weather is activity-level context unless an explicit safe route-window source is used. OSM proximity is not proof of facility use. IB3D/event annotations are not causality evidence."
15_1,3000,3550,11,REVIEW_FOR_CONSERVATIVE_PLANNING,42.177,LOWER_ROUTE_LOAD_CONTEXT,SLOPE_LOAD_FALLBACK_VERTICAL_RANGE,WEATHER_ACTIVITY_LEVEL_ONLY|WEATHER_HUMID_CONTEXT|WEATHER_WIND_GUST_CONTEXT|WEATHER_HIGH_UV_CONTEXT,BEHAVIOR_RELATIVE_HIGH_HR_RESPONSE,EVENT_REVIEW_REQUIRED,SLOPE_LOAD_FALLBACK_VERTICAL_RANGE|IB2_WEATHER_SENSITIVE_ROUTE_EXPOSURE_CONTEXT|WEATHER_ACTIVITY_LEVEL_ONLY|WEATHER_HUMID_CONTEXT|WEATHER_WIND_GUST_CONTEXT|WEATHER_HIGH_UV_CONTEXT|ROUTE_PHASE_UNKNOWN|OSM_PROXIMITY_NOT_USAGE|BEHAVIOR_RELATIVE_HIGH_HR_RESPONSE|IB2_SUPPORT_CONTEXT|IB2_NAVIGATION_CONTEXT|GUIDEPOST_PROXIMITY_CONTEXT|SHELTER_PROXIMITY_CONTEXT,HIGH_ROUTE_OR_IB2_CONTEXT,"Descriptive planning context evidence only. This is not ability scoring, not route suitability scoring, not THCI/radar scoring, and not a final hiking risk assessment. Weather is activity-level context unless an explicit safe route-window source is used. OSM proximity is not proof of facility use. IB3D/event annotations are not causality evidence."
15_1,3600,3950,7,CONSERVATIVE_PLANNING_RECOMMENDED,89.38,HIGH_ROUTE_LOAD_CONTEXT,ROUTE_LOAD_HIGH_CONTEXT|SLOPE_HIGH|IB2_EFFORT_HIGH|STEPS_SURFACE_HIGH|SLOPE_LOAD_FALLBACK_VERTICAL_RANGE|TERRAIN_HIGH|ROUTE_LOAD_VERY_HIGH_CONTEXT|VERTICAL_RANGE_HIGH,WEATHER_ACTIVITY_LEVEL_ONLY|WEATHER_HUMID_CONTEXT|WEATHER_WIND_GUST_CONTEXT|WEATHER_HIGH_UV_CONTEXT,BEHAVIOR_RELATIVE_HIGH_HR_RESPONSE|BEHAVIOR_LOW_SPEED_RESPONSE,EVENT_REVIEW_REQUIRED,ROUTE_LOAD_HIGH_CONTEXT|SLOPE_HIGH|IB2_EFFORT_HIGH|STEPS_SURFACE_HIGH|IB2_WEATHER_SENSITIVE_ROUTE_EXPOSURE_CONTEXT|SHELTER_PROXIMITY_CONTEXT|WEATHER_ACTIVITY_LEVEL_ONLY|WEATHER_HUMID_CONTEXT|WEATHER_WIND_GUST_CONTEXT|WEATHER_HIGH_UV_CONTEXT|BEHAVIOR_RELATIVE_HIGH_HR_RESPONSE|ROUTE_PHASE_UNKNOWN|OSM_PROXIMITY_NOT_USAGE|SLOPE_LOAD_FALLBACK_VERTICAL_RANGE|TERRAIN_HIGH|ROUTE_LOAD_VERY_HIGH_CONTEXT|BEHAVIOR_LOW_SPEED_RESPONSE|VERTICAL_RANGE_HIGH,ROUTE_LOAD_BEHAVIOR_CANDIDATE|IB2_OR_WEATHER_CONTEXT_PRESENT|VERY_HIGH_ROUTE_LOAD_CONTEXT,"Descriptive planning context evidence only. This is not ability scoring, not route suitability scoring, not THCI/radar scoring, and not a final hiking risk assessment. Weather is activity-level context unless an explicit safe route-window source is used. OSM proximity is not proof of facility use. IB3D/event annotations are not causality evidence."
15_1,3950,4050,2,TURNAROUND_CONDITION_REVIEW_RECOMMENDED,100.0,VERY_HIGH_ROUTE_LOAD_CONTEXT,ROUTE_LOAD_HIGH_CONTEXT|ROUTE_LOAD_VERY_HIGH_CONTEXT|VERTICAL_RANGE_HIGH|SLOPE_HIGH|IB2_EFFORT_HIGH|TERRAIN_HIGH|STEPS_SURFACE_HIGH|SLOPE_LOAD_FALLBACK_VERTICAL_RANGE,WEATHER_ACTIVITY_LEVEL_ONLY|WEATHER_HUMID_CONTEXT|WEATHER_WIND_GUST_CONTEXT|WEATHER_HIGH_UV_CONTEXT,BEHAVIOR_LOW_SPEED_RESPONSE,EVENT_REVIEW_REQUIRED,ROUTE_LOAD_HIGH_CONTEXT|ROUTE_LOAD_VERY_HIGH_CONTEXT|VERTICAL_RANGE_HIGH|SLOPE_HIGH|IB2_EFFORT_HIGH|TERRAIN_HIGH|STEPS_SURFACE_HIGH|SLOPE_LOAD_FALLBACK_VERTICAL_RANGE|IB2_WEATHER_SENSITIVE_ROUTE_EXPOSURE_CONTEXT|WATERWAY_PROXIMITY_CONTEXT|WEATHER_ACTIVITY_LEVEL_ONLY|WEATHER_HUMID_CONTEXT|WEATHER_WIND_GUST_CONTEXT|WEATHER_HIGH_UV_CONTEXT|BEHAVIOR_LOW_SPEED_RESPONSE|ROUTE_PHASE_UNKNOWN|OSM_PROXIMITY_NOT_USAGE,VERY_HIGH_ROUTE_LOAD_CONTEXT|ROUTE_LOAD_BEHAVIOR_CANDIDATE|IB2_OR_WEATHER_CONTEXT_PRESENT,"Descriptive planning context evidence only. This is not ability scoring, not route suitability scoring, not THCI/radar scoring, and not a final hiking risk assessment. Weather is activity-level context unless an explicit safe route-window source is used. OSM proximity is not proof of facility use. IB3D/event annotations are not causality evidence."
15_1,4050,4100,1,CONSERVATIVE_PLANNING_RECOMMENDED,70.669,HIGH_ROUTE_LOAD_CONTEXT,ROUTE_LOAD_HIGH_CONTEXT|IB2_EFFORT_HIGH|STEPS_SURFACE_HIGH,WEATHER_ACTIVITY_LEVEL_ONLY|WEATHER_HUMID_CONTEXT|WEATHER_WIND_GUST_CONTEXT|WEATHER_HIGH_UV_CONTEXT,NONE,EVENT_REVIEW_REQUIRED,ROUTE_LOAD_HIGH_CONTEXT|IB2_EFFORT_HIGH|STEPS_SURFACE_HIGH|IB2_WEATHER_SENSITIVE_ROUTE_EXPOSURE_CONTEXT|WATERWAY_PROXIMITY_CONTEXT|WEATHER_ACTIVITY_LEVEL_ONLY|WEATHER_HUMID_CONTEXT|WEATHER_WIND_GUST_CONTEXT|WEATHER_HIGH_UV_CONTEXT|ROUTE_PHASE_UNKNOWN|OSM_PROXIMITY_NOT_USAGE,IB2_OR_WEATHER_CONTEXT_PRESENT,"Descriptive planning context evidence only. This is not ability scoring, not route suitability scoring, not THCI/radar scoring, and not a final hiking risk assessment. Weather is activity-level context unless an explicit safe route-window source is used. OSM proximity is not proof of facility use. IB3D/event annotations are not causality evidence."
15_1,4100,4200,2,REVIEW_FOR_CONSERVATIVE_PLANNING,57.6,MODERATE_ROUTE_LOAD_CONTEXT,IB2_EFFORT_HIGH|STEPS_SURFACE_HIGH|SLOPE_LOAD_FALLBACK_VERTICAL_RANGE,WEATHER_ACTIVITY_LEVEL_ONLY|WEATHER_HUMID_CONTEXT|WEATHER_WIND_GUST_CONTEXT|WEATHER_HIGH_UV_CONTEXT,NONE,EVENT_REVIEW_REQUIRED,IB2_NAVIGATION_CONTEXT|IB2_WEATHER_SENSITIVE_ROUTE_EXPOSURE_CONTEXT|WATERWAY_PROXIMITY_CONTEXT|GUIDEPOST_PROXIMITY_CONTEXT|WEATHER_ACTIVITY_LEVEL_ONLY|WEATHER_HUMID_CONTEXT|WEATHER_WIND_GUST_CONTEXT|WEATHER_HIGH_UV_CONTEXT|ROUTE_PHASE_UNKNOWN|OSM_PROXIMITY_NOT_USAGE|IB2_EFFORT_HIGH|STEPS_SURFACE_HIGH|SLOPE_LOAD_FALLBACK_VERTICAL_RANGE,HIGH_ROUTE_OR_IB2_CONTEXT,"Descriptive planning context evidence only. This is not ability scoring, not route suitability scoring, not THCI/radar scoring, and not a final hiking risk assessment. Weather is activity-level context unless an explicit safe route-window source is used. OSM proximity is not proof of facility use. IB3D/event annotations are not causality evidence."
16_1,0,100,2,REVIEW_FOR_CONSERVATIVE_PLANNING,54.07,LOWER_ROUTE_LOAD_CONTEXT,IB2_EFFORT_HIGH|SLOPE_LOAD_FALLBACK_VERTICAL_RANGE,WEATHER_ACTIVITY_LEVEL_ONLY|WEATHER_WIND_GUST_CONTEXT|WEATHER_HIGH_UV_CONTEXT,NONE,NONE,IB2_NAVIGATION_CONTEXT|IB2_WEATHER_SENSITIVE_ROUTE_EXPOSURE_CONTEXT|WATERWAY_PROXIMITY_CONTEXT|GUIDEPOST_PROXIMITY_CONTEXT|WEATHER_ACTIVITY_LEVEL_ONLY|WEATHER_WIND_GUST_CONTEXT|WEATHER_HIGH_UV_CONTEXT|ROUTE_PHASE_UNKNOWN|OSM_PROXIMITY_NOT_USAGE|IB2_EFFORT_HIGH|SLOPE_LOAD_FALLBACK_VERTICAL_RANGE,HIGH_ROUTE_OR_IB2_CONTEXT,"Descriptive planning context evidence only. This is not ability scoring, not route suitability scoring, not THCI/radar scoring, and not a final hiking risk assessment. Weather is activity-level context unless an explicit safe route-window source is used. OSM proximity is not proof of facility use. IB3D/event annotations are not causality evidence."
16_1,100,150,1,CONSERVATIVE_PLANNING_RECOMMENDED,74.252,HIGH_ROUTE_LOAD_CONTEXT,ROUTE_LOAD_HIGH_CONTEXT|IB2_EFFORT_HIGH|STEPS_SURFACE_HIGH|SLOPE_LOAD_FALLBACK_VERTICAL_RANGE,WEATHER_ACTIVITY_LEVEL_ONLY|WEATHER_WIND_GUST_CONTEXT|WEATHER_HIGH_UV_CONTEXT,NONE,NONE,ROUTE_LOAD_HIGH_CONTEXT|IB2_EFFORT_HIGH|STEPS_SURFACE_HIGH|SLOPE_LOAD_FALLBACK_VERTICAL_RANGE|IB2_WEATHER_SENSITIVE_ROUTE_EXPOSURE_CONTEXT|WATERWAY_PROXIMITY_CONTEXT|WEATHER_ACTIVITY_LEVEL_ONLY|WEATHER_WIND_GUST_CONTEXT|WEATHER_HIGH_UV_CONTEXT|ROUTE_PHASE_UNKNOWN|OSM_PROXIMITY_NOT_USAGE,IB2_OR_WEATHER_CONTEXT_PRESENT,"Descriptive planning context evidence only. This is not ability scoring, not route suitability scoring, not THCI/radar scoring, and not a final hiking risk assessment. Weather is activity-level context unless an explicit safe route-window source is used. OSM proximity is not proof of facility use. IB3D/event annotations are not causality evidence."
16_1,150,300,3,TURNAROUND_CONDITION_REVIEW_RECOMMENDED,100.0,VERY_HIGH_ROUTE_LOAD_CONTEXT,ROUTE_LOAD_HIGH_CONTEXT|ROUTE_LOAD_VERY_HIGH_CONTEXT|VERTICAL_RANGE_HIGH|SLOPE_HIGH|IB2_EFFORT_HIGH|TERRAIN_HIGH|STEPS_SURFACE_HIGH|SLOPE_LOAD_FALLBACK_VERTICAL_RANGE,WEATHER_ACTIVITY_LEVEL_ONLY|WEATHER_WIND_GUST_CONTEXT|WEATHER_HIGH_UV_CONTEXT,BEHAVIOR_LOW_SPEED_RESPONSE|BEHAVIOR_LOW_SPEED_RATIO_HIGH|BEHAVIOR_STOP_RESPONSE,EVENT_HIGH_HR_RECOVERY_STOP|EVENT_SHORT_PAUSE,ROUTE_LOAD_HIGH_CONTEXT|ROUTE_LOAD_VERY_HIGH_CONTEXT|VERTICAL_RANGE_HIGH|SLOPE_HIGH|IB2_EFFORT_HIGH|TERRAIN_HIGH|STEPS_SURFACE_HIGH|SLOPE_LOAD_FALLBACK_VERTICAL_RANGE|IB2_WEATHER_SENSITIVE_ROUTE_EXPOSURE_CONTEXT|WATERWAY_PROXIMITY_CONTEXT|WEATHER_ACTIVITY_LEVEL_ONLY|WEATHER_WIND_GUST_CONTEXT|WEATHER_HIGH_UV_CONTEXT|BEHAVIOR_LOW_SPEED_RESPONSE|BEHAVIOR_LOW_SPEED_RATIO_HIGH|ROUTE_PHASE_UNKNOWN|OSM_PROXIMITY_NOT_USAGE|BEHAVIOR_STOP_RESPONSE,VERY_HIGH_ROUTE_LOAD_CONTEXT|ROUTE_LOAD_BEHAVIOR_CANDIDATE|IB2_OR_WEATHER_CONTEXT_PRESENT,"Descriptive planning context evidence only. This is not ability scoring, not route suitability scoring, not THCI/radar scoring, and not a final hiking risk assessment. Weather is activity-level context unless an explicit safe route-window source is used. OSM proximity is not proof of facility use. IB3D/event annotations are not causality evidence."
16_1,300,350,1,CONSERVATIVE_PLANNING_RECOMMENDED,68.855,HIGH_ROUTE_LOAD_CONTEXT,ROUTE_LOAD_HIGH_CONTEXT|IB2_EFFORT_HIGH|TERRAIN_HIGH|STEPS_SURFACE_HIGH|SLOPE_LOAD_FALLBACK_VERTICAL_RANGE,WEATHER_ACTIVITY_LEVEL_ONLY|WEATHER_WIND_GUST_CONTEXT|WEATHER_HIGH_UV_CONTEXT,BEHAVIOR_RELATIVE_HIGH_HR_RESPONSE|BEHAVIOR_LOW_SPEED_RESPONSE,NONE,ROUTE_LOAD_HIGH_CONTEXT|IB2_EFFORT_HIGH|TERRAIN_HIGH|STEPS_SURFACE_HIGH|SLOPE_LOAD_FALLBACK_VERTICAL_RANGE|IB2_WEATHER_SENSITIVE_ROUTE_EXPOSURE_CONTEXT|WEATHER_ACTIVITY_LEVEL_ONLY|WEATHER_WIND_GUST_CONTEXT|WEATHER_HIGH_UV_CONTEXT|BEHAVIOR_RELATIVE_HIGH_HR_RESPONSE|BEHAVIOR_LOW_SPEED_RESPONSE|ROUTE_PHASE_UNKNOWN|OSM_PROXIMITY_NOT_USAGE,ROUTE_LOAD_BEHAVIOR_CANDIDATE|IB2_OR_WEATHER_CONTEXT_PRESENT,"Descriptive planning context evidence only. This is not ability scoring, not route suitability scoring, not THCI/radar scoring, and not a final hiking risk assessment. Weather is activity-level context unless an explicit safe route-window source is used. OSM proximity is not proof of facility use. IB3D/event annotations are not causality evidence."
16_1,350,400,1,TURNAROUND_CONDITION_REVIEW_RECOMMENDED,89.17,VERY_HIGH_ROUTE_LOAD_CONTEXT,ROUTE_LOAD_HIGH_CONTEXT|ROUTE_LOAD_VERY_HIGH_CONTEXT|VERTICAL_RANGE_HIGH|SLOPE_HIGH|IB2_EFFORT_HIGH|TERRAIN_HIGH|STEPS_SURFACE_HIGH|SLOPE_LOAD_FALLBACK_VERTICAL_RANGE,WEATHER_ACTIVITY_LEVEL_ONLY|WEATHER_WIND_GUST_CONTEXT|WEATHER_HIGH_UV_CONTEXT,BEHAVIOR_RELATIVE_HIGH_HR_RESPONSE|BEHAVIOR_LOW_SPEED_RESPONSE,NONE,ROUTE_LOAD_HIGH_CONTEXT|ROUTE_LOAD_VERY_HIGH_CONTEXT|VERTICAL_RANGE_HIGH|SLOPE_HIGH|IB2_EFFORT_HIGH|TERRAIN_HIGH|STEPS_SURFACE_HIGH|SLOPE_LOAD_FALLBACK_VERTICAL_RANGE|IB2_WEATHER_SENSITIVE_ROUTE_EXPOSURE_CONTEXT|WEATHER_ACTIVITY_LEVEL_ONLY|WEATHER_WIND_GUST_CONTEXT|WEATHER_HIGH_UV_CONTEXT|BEHAVIOR_RELATIVE_HIGH_HR_RESPONSE|BEHAVIOR_LOW_SPEED_RESPONSE|ROUTE_PHASE_UNKNOWN|OSM_PROXIMITY_NOT_USAGE,VERY_HIGH_ROUTE_LOAD_CONTEXT|ROUTE_LOAD_BEHAVIOR_CANDIDATE|IB2_OR_WEATHER_CONTEXT_PRESENT,"Descriptive planning context evidence only. This is not ability scoring, not route suitability scoring, not THCI/radar scoring, and not a final hiking risk assessment. Weather is activity-level context unless an explicit safe route-window source is used. OSM proximity is not proof of facility use. IB3D/event annotations are not causality evidence."
16_1,400,500,2,CONSERVATIVE_PLANNING_RECOMMENDED,79.928,HIGH_ROUTE_LOAD_CONTEXT,ROUTE_LOAD_HIGH_CONTEXT|IB2_EFFORT_HIGH|TERRAIN_HIGH|STEPS_SURFACE_HIGH|SLOPE_LOAD_FALLBACK_VERTICAL_RANGE,WEATHER_ACTIVITY_LEVEL_ONLY|WEATHER_WIND_GUST_CONTEXT|WEATHER_HIGH_UV_CONTEXT,BEHAVIOR_LOW_SPEED_RESPONSE|BEHAVIOR_RELATIVE_HIGH_HR_RESPONSE,NONE,ROUTE_LOAD_HIGH_CONTEXT|IB2_EFFORT_HIGH|TERRAIN_HIGH|STEPS_SURFACE_HIGH|IB2_WEATHER_SENSITIVE_ROUTE_EXPOSURE_CONTEXT|WEATHER_ACTIVITY_LEVEL_ONLY|WEATHER_WIND_GUST_CONTEXT|WEATHER_HIGH_UV_CONTEXT|BEHAVIOR_LOW_SPEED_RESPONSE|ROUTE_PHASE_UNKNOWN|OSM_PROXIMITY_NOT_USAGE|SLOPE_LOAD_FALLBACK_VERTICAL_RANGE|BEHAVIOR_RELATIVE_HIGH_HR_RESPONSE,ROUTE_LOAD_BEHAVIOR_CANDIDATE|IB2_OR_WEATHER_CONTEXT_PRESENT,"Descriptive planning context evidence only. This is not ability scoring, not route suitability scoring, not THCI/radar scoring, and not a final hiking risk assessment. Weather is activity-level context unless an explicit safe route-window source is used. OSM proximity is not proof of facility use. IB3D/event annotations are not causality evidence."
16_1,500,550,1,TURNAROUND_CONDITION_REVIEW_RECOMMENDED,81.359,VERY_HIGH_ROUTE_LOAD_CONTEXT,ROUTE_LOAD_HIGH_CONTEXT|ROUTE_LOAD_VERY_HIGH_CONTEXT|IB2_EFFORT_HIGH|STEPS_SURFACE_HIGH|SLOPE_LOAD_FALLBACK_VERTICAL_RANGE,WEATHER_ACTIVITY_LEVEL_ONLY|WEATHER_WIND_GUST_CONTEXT|WEATHER_HIGH_UV_CONTEXT,BEHAVIOR_LOW_SPEED_RESPONSE,NONE,ROUTE_LOAD_HIGH_CONTEXT|ROUTE_LOAD_VERY_HIGH_CONTEXT|IB2_EFFORT_HIGH|STEPS_SURFACE_HIGH|SLOPE_LOAD_FALLBACK_VERTICAL_RANGE|IB2_WEATHER_SENSITIVE_ROUTE_EXPOSURE_CONTEXT|WEATHER_ACTIVITY_LEVEL_ONLY|WEATHER_WIND_GUST_CONTEXT|WEATHER_HIGH_UV_CONTEXT|BEHAVIOR_LOW_SPEED_RESPONSE|ROUTE_PHASE_UNKNOWN|OSM_PROXIMITY_NOT_USAGE,VERY_HIGH_ROUTE_LOAD_CONTEXT|ROUTE_LOAD_BEHAVIOR_CANDIDATE|IB2_OR_WEATHER_CONTEXT_PRESENT,"Descriptive planning context evidence only. This is not ability scoring, not route suitability scoring, not THCI/radar scoring, and not a final hiking risk assessment. Weather is activity-level context unless an explicit safe route-window source is used. OSM proximity is not proof of facility use. IB3D/event annotations are not causality evidence."
16_1,550,750,4,REVIEW_FOR_CONSERVATIVE_PLANNING,26.517,LOWER_ROUTE_LOAD_CONTEXT,SLOPE_LOAD_FALLBACK_VERTICAL_RANGE|SLOPE_HIGH,WEATHER_ACTIVITY_LEVEL_ONLY|WEATHER_WIND_GUST_CONTEXT|WEATHER_HIGH_UV_CONTEXT,BEHAVIOR_RELATIVE_HIGH_HR_RESPONSE|BEHAVIOR_LOW_SPEED_RESPONSE|BEHAVIOR_LOW_SPEED_RATIO_HIGH,EVENT_HIGH_HR_RECOVERY_STOP,SLOPE_LOAD_FALLBACK_VERTICAL_RANGE|IB2_WEATHER_SENSITIVE_ROUTE_EXPOSURE_CONTEXT|SHELTER_PROXIMITY_CONTEXT|WEATHER_ACTIVITY_LEVEL_ONLY|WEATHER_WIND_GUST_CONTEXT|WEATHER_HIGH_UV_CONTEXT|BEHAVIOR_RELATIVE_HIGH_HR_RESPONSE|BEHAVIOR_LOW_SPEED_RESPONSE|BEHAVIOR_LOW_SPEED_RATIO_HIGH|ROUTE_PHASE_UNKNOWN|OSM_PROXIMITY_NOT_USAGE|SLOPE_HIGH|IB2_NAVIGATION_CONTEXT|GUIDEPOST_PROXIMITY_CONTEXT,HIGH_ROUTE_OR_IB2_CONTEXT,"Descriptive planning context evidence only. This is not ability scoring, not route suitability scoring, not THCI/radar scoring, and not a final hiking risk assessment. Weather is activity-level context unless an explicit safe route-window source is used. OSM proximity is not proof of facility use. IB3D/event annotations are not causality evidence."
16_1,800,1200,8,REVIEW_FOR_CONSERVATIVE_PLANNING,39.824,LOWER_ROUTE_LOAD_CONTEXT,SLOPE_LOAD_FALLBACK_VERTICAL_RANGE,WEATHER_ACTIVITY_LEVEL_ONLY|WEATHER_WIND_GUST_CONTEXT|WEATHER_HIGH_UV_CONTEXT,BEHAVIOR_STOP_RESPONSE|BEHAVIOR_LOW_SPEED_RESPONSE|BEHAVIOR_RELATIVE_HIGH_HR_RESPONSE,NONE,SLOPE_LOAD_FALLBACK_VERTICAL_RANGE|IB2_NAVIGATION_CONTEXT|IB2_WEATHER_SENSITIVE_ROUTE_EXPOSURE_CONTEXT|GUIDEPOST_PROXIMITY_CONTEXT|WEATHER_ACTIVITY_LEVEL_ONLY|WEATHER_WIND_GUST_CONTEXT|WEATHER_HIGH_UV_CONTEXT|ROUTE_PHASE_UNKNOWN|OSM_PROXIMITY_NOT_USAGE|IB2_SUPPORT_CONTEXT|BEHAVIOR_STOP_RESPONSE|BEHAVIOR_LOW_SPEED_RESPONSE|BEHAVIOR_RELATIVE_HIGH_HR_RESPONSE,HIGH_ROUTE_OR_IB2_CONTEXT,"Descriptive planning context evidence only. This is not ability scoring, not route suitability scoring, not THCI/radar scoring, and not a final hiking risk assessment. Weather is activity-level context unless an explicit safe route-window source is used. OSM proximity is not proof of facility use. IB3D/event annotations are not causality evidence."
16_1,1200,1350,3,CONSERVATIVE_PLANNING_RECOMMENDED,72.387,HIGH_ROUTE_LOAD_CONTEXT,ROUTE_LOAD_HIGH_CONTEXT|IB2_EFFORT_HIGH|STEPS_SURFACE_HIGH|SLOPE_LOAD_FALLBACK_VERTICAL_RANGE,WEATHER_ACTIVITY_LEVEL_ONLY|WEATHER_WIND_GUST_CONTEXT|WEATHER_HIGH_UV_CONTEXT,BEHAVIOR_RELATIVE_HIGH_HR_RESPONSE|BEHAVIOR_LOW_SPEED_RESPONSE,NONE,ROUTE_LOAD_HIGH_CONTEXT|IB2_EFFORT_HIGH|STEPS_SURFACE_HIGH|SLOPE_LOAD_FALLBACK_VERTICAL_RANGE|IB2_WEATHER_SENSITIVE_ROUTE_EXPOSURE_CONTEXT|WEATHER_ACTIVITY_LEVEL_ONLY|WEATHER_WIND_GUST_CONTEXT|WEATHER_HIGH_UV_CONTEXT|BEHAVIOR_RELATIVE_HIGH_HR_RESPONSE|BEHAVIOR_LOW_SPEED_RESPONSE|ROUTE_PHASE_UNKNOWN|OSM_PROXIMITY_NOT_USAGE,ROUTE_LOAD_BEHAVIOR_CANDIDATE|IB2_OR_WEATHER_CONTEXT_PRESENT,"Descriptive planning context evidence only. This is not ability scoring, not route suitability scoring, not THCI/radar scoring, and not a final hiking risk assessment. Weather is activity-level context unless an explicit safe route-window source is used. OSM proximity is not proof of facility use. IB3D/event annotations are not causality evidence."
16_1,1350,1650,6,TURNAROUND_CONDITION_REVIEW_RECOMMENDED,100.0,VERY_HIGH_ROUTE_LOAD_CONTEXT,ROUTE_LOAD_HIGH_CONTEXT|ROUTE_LOAD_VERY_HIGH_CONTEXT|VERTICAL_RANGE_HIGH|SLOPE_HIGH|IB2_EFFORT_HIGH|TERRAIN_HIGH|STEPS_SURFACE_HIGH|SLOPE_LOAD_FALLBACK_VERTICAL_RANGE,WEATHER_ACTIVITY_LEVEL_ONLY|WEATHER_WIND_GUST_CONTEXT|WEATHER_HIGH_UV_CONTEXT,BEHAVIOR_LOW_SPEED_RESPONSE|BEHAVIOR_LOW_SPEED_RATIO_HIGH|BEHAVIOR_STOP_RESPONSE|BEHAVIOR_RELATIVE_HIGH_HR_RESPONSE,NONE,ROUTE_LOAD_HIGH_CONTEXT|ROUTE_LOAD_VERY_HIGH_CONTEXT|VERTICAL_RANGE_HIGH|SLOPE_HIGH|IB2_EFFORT_HIGH|TERRAIN_HIGH|STEPS_SURFACE_HIGH|SLOPE_LOAD_FALLBACK_VERTICAL_RANGE|IB2_WEATHER_SENSITIVE_ROUTE_EXPOSURE_CONTEXT|WEATHER_ACTIVITY_LEVEL_ONLY|WEATHER_WIND_GUST_CONTEXT|WEATHER_HIGH_UV_CONTEXT|BEHAVIOR_LOW_SPEED_RESPONSE|BEHAVIOR_LOW_SPEED_RATIO_HIGH|BEHAVIOR_STOP_RESPONSE|ROUTE_PHASE_UNKNOWN|OSM_PROXIMITY_NOT_USAGE|BEHAVIOR_RELATIVE_HIGH_HR_RESPONSE,VERY_HIGH_ROUTE_LOAD_CONTEXT|ROUTE_LOAD_BEHAVIOR_CANDIDATE|IB2_OR_WEATHER_CONTEXT_PRESENT,"Descriptive planning context evidence only. This is not ability scoring, not route suitability scoring, not THCI/radar scoring, and not a final hiking risk assessment. Weather is activity-level context unless an explicit safe route-window source is used. OSM proximity is not proof of facility use. IB3D/event annotations are not causality evidence."
16_1,1650,1750,2,REVIEW_FOR_CONSERVATIVE_PLANNING,54.975,LOWER_ROUTE_LOAD_CONTEXT,IB2_EFFORT_HIGH|STEPS_SURFACE_HIGH|SLOPE_LOAD_FALLBACK_VERTICAL_RANGE,WEATHER_ACTIVITY_LEVEL_ONLY|WEATHER_WIND_GUST_CONTEXT|WEATHER_HIGH_UV_CONTEXT,BEHAVIOR_LOW_SPEED_RESPONSE|BEHAVIOR_RELATIVE_HIGH_HR_RESPONSE,NONE,IB2_EFFORT_HIGH|STEPS_SURFACE_HIGH|IB2_WEATHER_SENSITIVE_ROUTE_EXPOSURE_CONTEXT|WEATHER_ACTIVITY_LEVEL_ONLY|WEATHER_WIND_GUST_CONTEXT|WEATHER_HIGH_UV_CONTEXT|BEHAVIOR_LOW_SPEED_RESPONSE|ROUTE_PHASE_UNKNOWN|OSM_PROXIMITY_NOT_USAGE|SLOPE_LOAD_FALLBACK_VERTICAL_RANGE|BEHAVIOR_RELATIVE_HIGH_HR_RESPONSE,HIGH_ROUTE_OR_IB2_CONTEXT,"Descriptive planning context evidence only. This is not ability scoring, not route suitability scoring, not THCI/radar scoring, and not a final hiking risk assessment. Weather is activity-level context unless an explicit safe route-window source is used. OSM proximity is not proof of facility use. IB3D/event annotations are not causality evidence."
16_1,1750,1850,2,CONSERVATIVE_PLANNING_RECOMMENDED,68.869,HIGH_ROUTE_LOAD_CONTEXT,ROUTE_LOAD_HIGH_CONTEXT|IB2_EFFORT_HIGH|STEPS_SURFACE_HIGH,WEATHER_ACTIVITY_LEVEL_ONLY|WEATHER_WIND_GUST_CONTEXT|WEATHER_HIGH_UV_CONTEXT,BEHAVIOR_LOW_SPEED_RESPONSE|BEHAVIOR_LOW_SPEED_RATIO_HIGH|BEHAVIOR_STOP_RESPONSE,NONE,ROUTE_LOAD_HIGH_CONTEXT|IB2_EFFORT_HIGH|STEPS_SURFACE_HIGH|IB2_NAVIGATION_CONTEXT|IB2_WEATHER_SENSITIVE_ROUTE_EXPOSURE_CONTEXT|GUIDEPOST_PROXIMITY_CONTEXT|WEATHER_ACTIVITY_LEVEL_ONLY|WEATHER_WIND_GUST_CONTEXT|WEATHER_HIGH_UV_CONTEXT|BEHAVIOR_LOW_SPEED_RESPONSE|BEHAVIOR_LOW_SPEED_RATIO_HIGH|ROUTE_PHASE_UNKNOWN|OSM_PROXIMITY_NOT_USAGE|BEHAVIOR_STOP_RESPONSE,ROUTE_LOAD_BEHAVIOR_CANDIDATE|IB2_OR_WEATHER_CONTEXT_PRESENT,"Descriptive planning context evidence only. This is not ability scoring, not route suitability scoring, not THCI/radar scoring, and not a final hiking risk assessment. Weather is activity-level context unless an explicit safe route-window source is used. OSM proximity is not proof of facility use. IB3D/event annotations are not causality evidence."
16_1,1850,1900,1,TURNAROUND_CONDITION_REVIEW_RECOMMENDED,91.158,VERY_HIGH_ROUTE_LOAD_CONTEXT,ROUTE_LOAD_HIGH_CONTEXT|ROUTE_LOAD_VERY_HIGH_CONTEXT|VERTICAL_RANGE_HIGH|SLOPE_HIGH|IB2_EFFORT_HIGH|TERRAIN_HIGH|STEPS_SURFACE_HIGH|SLOPE_LOAD_FALLBACK_VERTICAL_RANGE,WEATHER_ACTIVITY_LEVEL_ONLY|WEATHER_WIND_GUST_CONTEXT|WEATHER_HIGH_UV_CONTEXT,BEHAVIOR_LOW_SPEED_RESPONSE,NONE,ROUTE_LOAD_HIGH_CONTEXT|ROUTE_LOAD_VERY_HIGH_CONTEXT|VERTICAL_RANGE_HIGH|SLOPE_HIGH|IB2_EFFORT_HIGH|TERRAIN_HIGH|STEPS_SURFACE_HIGH|SLOPE_LOAD_FALLBACK_VERTICAL_RANGE|IB2_WEATHER_SENSITIVE_ROUTE_EXPOSURE_CONTEXT|WEATHER_ACTIVITY_LEVEL_ONLY|WEATHER_WIND_GUST_CONTEXT|WEATHER_HIGH_UV_CONTEXT|BEHAVIOR_LOW_SPEED_RESPONSE|ROUTE_PHASE_UNKNOWN|OSM_PROXIMITY_NOT_USAGE,VERY_HIGH_ROUTE_LOAD_CONTEXT|ROUTE_LOAD_BEHAVIOR_CANDIDATE|IB2_OR_WEATHER_CONTEXT_PRESENT,"Descriptive planning context evidence only. This is not ability scoring, not route suitability scoring, not THCI/radar scoring, and not a final hiking risk assessment. Weather is activity-level context unless an explicit safe route-window source is used. OSM proximity is not proof of facility use. IB3D/event annotations are not causality evidence."
16_1,1900,1950,1,REVIEW_FOR_CONSERVATIVE_PLANNING,50.423,MODERATE_ROUTE_LOAD_CONTEXT,IB2_EFFORT_HIGH|STEPS_SURFACE_HIGH|SLOPE_LOAD_FALLBACK_VERTICAL_RANGE,WEATHER_ACTIVITY_LEVEL_ONLY|WEATHER_WIND_GUST_CONTEXT|WEATHER_HIGH_UV_CONTEXT,NONE,NONE,IB2_EFFORT_HIGH|STEPS_SURFACE_HIGH|SLOPE_LOAD_FALLBACK_VERTICAL_RANGE|IB2_NAVIGATION_CONTEXT|IB2_WEATHER_SENSITIVE_ROUTE_EXPOSURE_CONTEXT|GUIDEPOST_PROXIMITY_CONTEXT|WEATHER_ACTIVITY_LEVEL_ONLY|WEATHER_WIND_GUST_CONTEXT|WEATHER_HIGH_UV_CONTEXT|ROUTE_PHASE_UNKNOWN|OSM_PROXIMITY_NOT_USAGE,HIGH_ROUTE_OR_IB2_CONTEXT,"Descriptive planning context evidence only. This is not ability scoring, not route suitability scoring, not THCI/radar scoring, and not a final hiking risk assessment. Weather is activity-level context unless an explicit safe route-window source is used. OSM proximity is not proof of facility use. IB3D/event annotations are not causality evidence."
16_1,1950,2050,2,TURNAROUND_CONDITION_REVIEW_RECOMMENDED,86.262,VERY_HIGH_ROUTE_LOAD_CONTEXT,ROUTE_LOAD_HIGH_CONTEXT|ROUTE_LOAD_VERY_HIGH_CONTEXT|VERTICAL_RANGE_HIGH|SLOPE_HIGH|IB2_EFFORT_HIGH|STEPS_SURFACE_HIGH|SLOPE_LOAD_FALLBACK_VERTICAL_RANGE,WEATHER_ACTIVITY_LEVEL_ONLY|WEATHER_WIND_GUST_CONTEXT|WEATHER_HIGH_UV_CONTEXT,BEHAVIOR_LOW_SPEED_RESPONSE|BEHAVIOR_RELATIVE_HIGH_HR_RESPONSE|BEHAVIOR_STOP_RESPONSE,NONE,ROUTE_LOAD_HIGH_CONTEXT|ROUTE_LOAD_VERY_HIGH_CONTEXT|VERTICAL_RANGE_HIGH|SLOPE_HIGH|IB2_EFFORT_HIGH|STEPS_SURFACE_HIGH|SLOPE_LOAD_FALLBACK_VERTICAL_RANGE|IB2_NAVIGATION_CONTEXT|IB2_WEATHER_SENSITIVE_ROUTE_EXPOSURE_CONTEXT|GUIDEPOST_PROXIMITY_CONTEXT|WEATHER_ACTIVITY_LEVEL_ONLY|WEATHER_WIND_GUST_CONTEXT|WEATHER_HIGH_UV_CONTEXT|BEHAVIOR_LOW_SPEED_RESPONSE|ROUTE_PHASE_UNKNOWN|OSM_PROXIMITY_NOT_USAGE|BEHAVIOR_RELATIVE_HIGH_HR_RESPONSE|BEHAVIOR_STOP_RESPONSE,VERY_HIGH_ROUTE_LOAD_CONTEXT|ROUTE_LOAD_BEHAVIOR_CANDIDATE|IB2_OR_WEATHER_CONTEXT_PRESENT,"Descriptive planning context evidence only. This is not ability scoring, not route suitability scoring, not THCI/radar scoring, and not a final hiking risk assessment. Weather is activity-level context unless an explicit safe route-window source is used. OSM proximity is not proof of facility use. IB3D/event annotations are not causality evidence."
16_1,2050,2150,2,REVIEW_FOR_CONSERVATIVE_PLANNING,59.436,MODERATE_ROUTE_LOAD_CONTEXT,IB2_EFFORT_HIGH|STEPS_SURFACE_HIGH,WEATHER_ACTIVITY_LEVEL_ONLY|WEATHER_WIND_GUST_CONTEXT|WEATHER_HIGH_UV_CONTEXT,BEHAVIOR_LOW_SPEED_RESPONSE|BEHAVIOR_STOP_RESPONSE,EVENT_SHORT_PAUSE|EVENT_HIGH_HR_RECOVERY_STOP,IB2_EFFORT_HIGH|STEPS_SURFACE_HIGH|IB2_NAVIGATION_CONTEXT|IB2_WEATHER_SENSITIVE_ROUTE_EXPOSURE_CONTEXT|GUIDEPOST_PROXIMITY_CONTEXT|WEATHER_ACTIVITY_LEVEL_ONLY|WEATHER_WIND_GUST_CONTEXT|WEATHER_HIGH_UV_CONTEXT|BEHAVIOR_LOW_SPEED_RESPONSE|BEHAVIOR_STOP_RESPONSE|ROUTE_PHASE_UNKNOWN|OSM_PROXIMITY_NOT_USAGE,HIGH_ROUTE_OR_IB2_CONTEXT,"Descriptive planning context evidence only. This is not ability scoring, not route suitability scoring, not THCI/radar scoring, and not a final hiking risk assessment. Weather is activity-level context unless an explicit safe route-window source is used. OSM proximity is not proof of facility use. IB3D/event annotations are not causality evidence."
16_1,2150,2250,2,TURNAROUND_CONDITION_REVIEW_RECOMMENDED,84.629,VERY_HIGH_ROUTE_LOAD_CONTEXT,ROUTE_LOAD_HIGH_CONTEXT|ROUTE_LOAD_VERY_HIGH_CONTEXT|VERTICAL_RANGE_HIGH|SLOPE_HIGH|IB2_EFFORT_HIGH|STEPS_SURFACE_HIGH|SLOPE_LOAD_FALLBACK_VERTICAL_RANGE,WEATHER_ACTIVITY_LEVEL_ONLY|WEATHER_WIND_GUST_CONTEXT|WEATHER_HIGH_UV_CONTEXT,BEHAVIOR_RELATIVE_HIGH_HR_RESPONSE|BEHAVIOR_LOW_SPEED_RESPONSE|BEHAVIOR_LOW_SPEED_RATIO_HIGH|BEHAVIOR_STOP_RESPONSE,EVENT_HIGH_HR_RECOVERY_STOP,ROUTE_LOAD_HIGH_CONTEXT|ROUTE_LOAD_VERY_HIGH_CONTEXT|VERTICAL_RANGE_HIGH|SLOPE_HIGH|IB2_EFFORT_HIGH|STEPS_SURFACE_HIGH|SLOPE_LOAD_FALLBACK_VERTICAL_RANGE|IB2_WEATHER_SENSITIVE_ROUTE_EXPOSURE_CONTEXT|WEATHER_ACTIVITY_LEVEL_ONLY|WEATHER_WIND_GUST_CONTEXT|WEATHER_HIGH_UV_CONTEXT|BEHAVIOR_RELATIVE_HIGH_HR_RESPONSE|BEHAVIOR_LOW_SPEED_RESPONSE|BEHAVIOR_LOW_SPEED_RATIO_HIGH|BEHAVIOR_STOP_RESPONSE|ROUTE_PHASE_UNKNOWN|OSM_PROXIMITY_NOT_USAGE|IB2_NAVIGATION_CONTEXT|GUIDEPOST_PROXIMITY_CONTEXT,VERY_HIGH_ROUTE_LOAD_CONTEXT|ROUTE_LOAD_BEHAVIOR_CANDIDATE|IB2_OR_WEATHER_CONTEXT_PRESENT,"Descriptive planning context evidence only. This is not ability scoring, not route suitability scoring, not THCI/radar scoring, and not a final hiking risk assessment. Weather is activity-level context unless an explicit safe route-window source is used. OSM proximity is not proof of facility use. IB3D/event annotations are not causality evidence."
16_1,2250,2300,1,REVIEW_FOR_CONSERVATIVE_PLANNING,53.951,MODERATE_ROUTE_LOAD_CONTEXT,IB2_EFFORT_HIGH|STEPS_SURFACE_HIGH,WEATHER_ACTIVITY_LEVEL_ONLY|WEATHER_WIND_GUST_CONTEXT|WEATHER_HIGH_UV_CONTEXT,NONE,NONE,IB2_EFFORT_HIGH|STEPS_SURFACE_HIGH|IB2_NAVIGATION_CONTEXT|IB2_WEATHER_SENSITIVE_ROUTE_EXPOSURE_CONTEXT|GUIDEPOST_PROXIMITY_CONTEXT|WEATHER_ACTIVITY_LEVEL_ONLY|WEATHER_WIND_GUST_CONTEXT|WEATHER_HIGH_UV_CONTEXT|ROUTE_PHASE_UNKNOWN|OSM_PROXIMITY_NOT_USAGE,HIGH_ROUTE_OR_IB2_CONTEXT,"Descriptive planning context evidence only. This is not ability scoring, not route suitability scoring, not THCI/radar scoring, and not a final hiking risk assessment. Weather is activity-level context unless an explicit safe route-window source is used. OSM proximity is not proof of facility use. IB3D/event annotations are not causality evidence."
16_1,2300,2350,1,TURNAROUND_CONDITION_REVIEW_RECOMMENDED,90.714,VERY_HIGH_ROUTE_LOAD_CONTEXT,ROUTE_LOAD_HIGH_CONTEXT|ROUTE_LOAD_VERY_HIGH_CONTEXT|VERTICAL_RANGE_HIGH|SLOPE_HIGH|IB2_EFFORT_HIGH|STEPS_SURFACE_HIGH|SLOPE_LOAD_FALLBACK_VERTICAL_RANGE,WEATHER_ACTIVITY_LEVEL_ONLY|WEATHER_WIND_GUST_CONTEXT|WEATHER_HIGH_UV_CONTEXT,BEHAVIOR_LOW_SPEED_RESPONSE,EVENT_HIGH_HR_RECOVERY_STOP,ROUTE_LOAD_HIGH_CONTEXT|ROUTE_LOAD_VERY_HIGH_CONTEXT|VERTICAL_RANGE_HIGH|SLOPE_HIGH|IB2_EFFORT_HIGH|STEPS_SURFACE_HIGH|SLOPE_LOAD_FALLBACK_VERTICAL_RANGE|IB2_WEATHER_SENSITIVE_ROUTE_EXPOSURE_CONTEXT|WEATHER_ACTIVITY_LEVEL_ONLY|WEATHER_WIND_GUST_CONTEXT|WEATHER_HIGH_UV_CONTEXT|BEHAVIOR_LOW_SPEED_RESPONSE|ROUTE_PHASE_UNKNOWN|OSM_PROXIMITY_NOT_USAGE,VERY_HIGH_ROUTE_LOAD_CONTEXT|ROUTE_LOAD_BEHAVIOR_CANDIDATE|IB2_OR_WEATHER_CONTEXT_PRESENT,"Descriptive planning context evidence only. This is not ability scoring, not route suitability scoring, not THCI/radar scoring, and not a final hiking risk assessment. Weather is activity-level context unless an explicit safe route-window source is used. OSM proximity is not proof of facility use. IB3D/event annotations are not causality evidence."
16_1,2350,2400,1,CONSERVATIVE_PLANNING_RECOMMENDED,72.444,HIGH_ROUTE_LOAD_CONTEXT,ROUTE_LOAD_HIGH_CONTEXT|IB2_EFFORT_HIGH|STEPS_SURFACE_HIGH|SLOPE_LOAD_FALLBACK_VERTICAL_RANGE,WEATHER_ACTIVITY_LEVEL_ONLY|WEATHER_WIND_GUST_CONTEXT|WEATHER_HIGH_UV_CONTEXT,BEHAVIOR_LOW_SPEED_RESPONSE|BEHAVIOR_LOW_SPEED_RATIO_HIGH|BEHAVIOR_STOP_RESPONSE,EVENT_HIGH_HR_RECOVERY_STOP,ROUTE_LOAD_HIGH_CONTEXT|IB2_EFFORT_HIGH|STEPS_SURFACE_HIGH|SLOPE_LOAD_FALLBACK_VERTICAL_RANGE|IB2_NAVIGATION_CONTEXT|IB2_WEATHER_SENSITIVE_ROUTE_EXPOSURE_CONTEXT|GUIDEPOST_PROXIMITY_CONTEXT|WEATHER_ACTIVITY_LEVEL_ONLY|WEATHER_WIND_GUST_CONTEXT|WEATHER_HIGH_UV_CONTEXT|BEHAVIOR_LOW_SPEED_RESPONSE|BEHAVIOR_LOW_SPEED_RATIO_HIGH|BEHAVIOR_STOP_RESPONSE|ROUTE_PHASE_UNKNOWN|OSM_PROXIMITY_NOT_USAGE,ROUTE_LOAD_BEHAVIOR_CANDIDATE|IB2_OR_WEATHER_CONTEXT_PRESENT,"Descriptive planning context evidence only. This is not ability scoring, not route suitability scoring, not THCI/radar scoring, and not a final hiking risk assessment. Weather is activity-level context unless an explicit safe route-window source is used. OSM proximity is not proof of facility use. IB3D/event annotations are not causality evidence."
16_1,2400,2500,2,REVIEW_FOR_CONSERVATIVE_PLANNING,51.881,LOWER_ROUTE_LOAD_CONTEXT,IB2_EFFORT_HIGH|SLOPE_LOAD_FALLBACK_VERTICAL_RANGE,WEATHER_ACTIVITY_LEVEL_ONLY|WEATHER_WIND_GUST_CONTEXT|WEATHER_HIGH_UV_CONTEXT,BEHAVIOR_RELATIVE_HIGH_HR_RESPONSE,NONE,IB2_EFFORT_HIGH|SLOPE_LOAD_FALLBACK_VERTICAL_RANGE|IB2_NAVIGATION_CONTEXT|IB2_WEATHER_SENSITIVE_ROUTE_EXPOSURE_CONTEXT|GUIDEPOST_PROXIMITY_CONTEXT|WEATHER_ACTIVITY_LEVEL_ONLY|WEATHER_WIND_GUST_CONTEXT|WEATHER_HIGH_UV_CONTEXT|BEHAVIOR_RELATIVE_HIGH_HR_RESPONSE|ROUTE_PHASE_UNKNOWN|OSM_PROXIMITY_NOT_USAGE,HIGH_ROUTE_OR_IB2_CONTEXT,"Descriptive planning context evidence only. This is not ability scoring, not route suitability scoring, not THCI/radar scoring, and not a final hiking risk assessment. Weather is activity-level context unless an explicit safe route-window source is used. OSM proximity is not proof of facility use. IB3D/event annotations are not causality evidence."
16_1,2500,2550,1,CONSERVATIVE_PLANNING_RECOMMENDED,62.92,HIGH_ROUTE_LOAD_CONTEXT,ROUTE_LOAD_HIGH_CONTEXT|IB2_EFFORT_HIGH|TERRAIN_HIGH|STEPS_SURFACE_HIGH|SLOPE_LOAD_FALLBACK_VERTICAL_RANGE,WEATHER_ACTIVITY_LEVEL_ONLY|WEATHER_WIND_GUST_CONTEXT|WEATHER_HIGH_UV_CONTEXT,BEHAVIOR_LOW_SPEED_RESPONSE|BEHAVIOR_LOW_SPEED_RATIO_HIGH,EVENT_SHORT_PAUSE,ROUTE_LOAD_HIGH_CONTEXT|IB2_EFFORT_HIGH|TERRAIN_HIGH|STEPS_SURFACE_HIGH|SLOPE_LOAD_FALLBACK_VERTICAL_RANGE|IB2_WEATHER_SENSITIVE_ROUTE_EXPOSURE_CONTEXT|WEATHER_ACTIVITY_LEVEL_ONLY|WEATHER_WIND_GUST_CONTEXT|WEATHER_HIGH_UV_CONTEXT|BEHAVIOR_LOW_SPEED_RESPONSE|BEHAVIOR_LOW_SPEED_RATIO_HIGH|ROUTE_PHASE_UNKNOWN|OSM_PROXIMITY_NOT_USAGE,ROUTE_LOAD_BEHAVIOR_CANDIDATE|IB2_OR_WEATHER_CONTEXT_PRESENT,"Descriptive planning context evidence only. This is not ability scoring, not route suitability scoring, not THCI/radar scoring, and not a final hiking risk assessment. Weather is activity-level context unless an explicit safe route-window source is used. OSM proximity is not proof of facility use. IB3D/event annotations are not causality evidence."
16_1,2550,2850,6,TURNAROUND_CONDITION_REVIEW_RECOMMENDED,100.0,VERY_HIGH_ROUTE_LOAD_CONTEXT,ROUTE_LOAD_HIGH_CONTEXT|ROUTE_LOAD_VERY_HIGH_CONTEXT|VERTICAL_RANGE_HIGH|SLOPE_HIGH|IB2_EFFORT_HIGH|TERRAIN_HIGH|STEPS_SURFACE_HIGH|SLOPE_LOAD_FALLBACK_VERTICAL_RANGE,WEATHER_ACTIVITY_LEVEL_ONLY|WEATHER_WIND_GUST_CONTEXT|WEATHER_HIGH_UV_CONTEXT,BEHAVIOR_LOW_SPEED_RESPONSE|BEHAVIOR_LOW_SPEED_RATIO_HIGH|BEHAVIOR_STOP_RESPONSE|BEHAVIOR_RELATIVE_HIGH_HR_RESPONSE,EVENT_HIGH_HR_RECOVERY_STOP|EVENT_SHORT_PAUSE,ROUTE_LOAD_HIGH_CONTEXT|ROUTE_LOAD_VERY_HIGH_CONTEXT|VERTICAL_RANGE_HIGH|SLOPE_HIGH|IB2_EFFORT_HIGH|TERRAIN_HIGH|STEPS_SURFACE_HIGH|SLOPE_LOAD_FALLBACK_VERTICAL_RANGE|IB2_WEATHER_SENSITIVE_ROUTE_EXPOSURE_CONTEXT|WEATHER_ACTIVITY_LEVEL_ONLY|WEATHER_WIND_GUST_CONTEXT|WEATHER_HIGH_UV_CONTEXT|BEHAVIOR_LOW_SPEED_RESPONSE|BEHAVIOR_LOW_SPEED_RATIO_HIGH|BEHAVIOR_STOP_RESPONSE|ROUTE_PHASE_UNKNOWN|OSM_PROXIMITY_NOT_USAGE|BEHAVIOR_RELATIVE_HIGH_HR_RESPONSE,VERY_HIGH_ROUTE_LOAD_CONTEXT|ROUTE_LOAD_BEHAVIOR_CANDIDATE|IB2_OR_WEATHER_CONTEXT_PRESENT,"Descriptive planning context evidence only. This is not ability scoring, not route suitability scoring, not THCI/radar scoring, and not a final hiking risk assessment. Weather is activity-level context unless an explicit safe route-window source is used. OSM proximity is not proof of facility use. IB3D/event annotations are not causality evidence."
16_1,2850,2900,1,REVIEW_FOR_CONSERVATIVE_PLANNING,35.377,MODERATE_ROUTE_LOAD_CONTEXT,SLOPE_LOAD_FALLBACK_VERTICAL_RANGE,WEATHER_ACTIVITY_LEVEL_ONLY|WEATHER_WIND_GUST_CONTEXT|WEATHER_HIGH_UV_CONTEXT,BEHAVIOR_RELATIVE_HIGH_HR_RESPONSE|BEHAVIOR_LOW_SPEED_RESPONSE,NONE,SLOPE_LOAD_FALLBACK_VERTICAL_RANGE|IB2_WEATHER_SENSITIVE_ROUTE_EXPOSURE_CONTEXT|WEATHER_ACTIVITY_LEVEL_ONLY|WEATHER_WIND_GUST_CONTEXT|WEATHER_HIGH_UV_CONTEXT|BEHAVIOR_RELATIVE_HIGH_HR_RESPONSE|BEHAVIOR_LOW_SPEED_RESPONSE|ROUTE_PHASE_UNKNOWN|OSM_PROXIMITY_NOT_USAGE,HIGH_ROUTE_OR_IB2_CONTEXT,"Descriptive planning context evidence only. This is not ability scoring, not route suitability scoring, not THCI/radar scoring, and not a final hiking risk assessment. Weather is activity-level context unless an explicit safe route-window source is used. OSM proximity is not proof of facility use. IB3D/event annotations are not causality evidence."
16_1,2900,3000,2,CONSERVATIVE_PLANNING_RECOMMENDED,77.155,HIGH_ROUTE_LOAD_CONTEXT,ROUTE_LOAD_HIGH_CONTEXT|IB2_EFFORT_HIGH|STEPS_SURFACE_HIGH,WEATHER_ACTIVITY_LEVEL_ONLY|WEATHER_WIND_GUST_CONTEXT|WEATHER_HIGH_UV_CONTEXT,BEHAVIOR_RELATIVE_HIGH_HR_RESPONSE|BEHAVIOR_LOW_SPEED_RESPONSE,NONE,ROUTE_LOAD_HIGH_CONTEXT|IB2_EFFORT_HIGH|STEPS_SURFACE_HIGH|IB2_WEATHER_SENSITIVE_ROUTE_EXPOSURE_CONTEXT|WEATHER_ACTIVITY_LEVEL_ONLY|WEATHER_WIND_GUST_CONTEXT|WEATHER_HIGH_UV_CONTEXT|BEHAVIOR_RELATIVE_HIGH_HR_RESPONSE|ROUTE_PHASE_UNKNOWN|OSM_PROXIMITY_NOT_USAGE|BEHAVIOR_LOW_SPEED_RESPONSE,ROUTE_LOAD_BEHAVIOR_CANDIDATE|IB2_OR_WEATHER_CONTEXT_PRESENT,"Descriptive planning context evidence only. This is not ability scoring, not route suitability scoring, not THCI/radar scoring, and not a final hiking risk assessment. Weather is activity-level context unless an explicit safe route-window source is used. OSM proximity is not proof of facility use. IB3D/event annotations are not causality evidence."
16_1,3000,3650,13,REVIEW_FOR_CONSERVATIVE_PLANNING,46.27,LOWER_ROUTE_LOAD_CONTEXT,SLOPE_LOAD_FALLBACK_VERTICAL_RANGE|SLOPE_HIGH,WEATHER_ACTIVITY_LEVEL_ONLY|WEATHER_WIND_GUST_CONTEXT|WEATHER_HIGH_UV_CONTEXT,BEHAVIOR_RELATIVE_HIGH_HR_RESPONSE|BEHAVIOR_LOW_SPEED_RESPONSE|BEHAVIOR_STOP_RESPONSE|BEHAVIOR_LOW_SPEED_RATIO_HIGH,EVENT_SHORT_PAUSE,IB2_WEATHER_SENSITIVE_ROUTE_EXPOSURE_CONTEXT|WEATHER_ACTIVITY_LEVEL_ONLY|WEATHER_WIND_GUST_CONTEXT|WEATHER_HIGH_UV_CONTEXT|ROUTE_PHASE_UNKNOWN|OSM_PROXIMITY_NOT_USAGE|SLOPE_LOAD_FALLBACK_VERTICAL_RANGE|BEHAVIOR_RELATIVE_HIGH_HR_RESPONSE|SLOPE_HIGH|BEHAVIOR_LOW_SPEED_RESPONSE|IB2_SUPPORT_CONTEXT|IB2_NAVIGATION_CONTEXT|GUIDEPOST_PROXIMITY_CONTEXT|BEHAVIOR_STOP_RESPONSE|SHELTER_PROXIMITY_CONTEXT|BEHAVIOR_LOW_SPEED_RATIO_HIGH,HIGH_ROUTE_OR_IB2_CONTEXT,"Descriptive planning context evidence only. This is not ability scoring, not route suitability scoring, not THCI/radar scoring, and not a final hiking risk assessment. Weather is activity-level context unless an explicit safe route-window source is used. OSM proximity is not proof of facility use. IB3D/event annotations are not causality evidence."
16_1,3650,3800,3,CONSERVATIVE_PLANNING_RECOMMENDED,79.133,HIGH_ROUTE_LOAD_CONTEXT,ROUTE_LOAD_HIGH_CONTEXT|IB2_EFFORT_HIGH|STEPS_SURFACE_HIGH|SLOPE_LOAD_FALLBACK_VERTICAL_RANGE|TERRAIN_HIGH,WEATHER_ACTIVITY_LEVEL_ONLY|WEATHER_WIND_GUST_CONTEXT|WEATHER_HIGH_UV_CONTEXT,BEHAVIOR_LOW_SPEED_RESPONSE|BEHAVIOR_LOW_SPEED_RATIO_HIGH,NONE,ROUTE_LOAD_HIGH_CONTEXT|IB2_EFFORT_HIGH|STEPS_SURFACE_HIGH|SLOPE_LOAD_FALLBACK_VERTICAL_RANGE|IB2_WEATHER_SENSITIVE_ROUTE_EXPOSURE_CONTEXT|WEATHER_ACTIVITY_LEVEL_ONLY|WEATHER_WIND_GUST_CONTEXT|WEATHER_HIGH_UV_CONTEXT|BEHAVIOR_LOW_SPEED_RESPONSE|ROUTE_PHASE_UNKNOWN|OSM_PROXIMITY_NOT_USAGE|TERRAIN_HIGH|BEHAVIOR_LOW_SPEED_RATIO_HIGH,ROUTE_LOAD_BEHAVIOR_CANDIDATE|IB2_OR_WEATHER_CONTEXT_PRESENT,"Descriptive planning context evidence only. This is not ability scoring, not route suitability scoring, not THCI/radar scoring, and not a final hiking risk assessment. Weather is activity-level context unless an explicit safe route-window source is used. OSM proximity is not proof of facility use. IB3D/event annotations are not causality evidence."
16_1,3800,3850,1,TURNAROUND_CONDITION_REVIEW_RECOMMENDED,84.318,VERY_HIGH_ROUTE_LOAD_CONTEXT,ROUTE_LOAD_HIGH_CONTEXT|ROUTE_LOAD_VERY_HIGH_CONTEXT|IB2_EFFORT_HIGH|TERRAIN_HIGH|STEPS_SURFACE_HIGH|SLOPE_LOAD_FALLBACK_VERTICAL_RANGE,WEATHER_ACTIVITY_LEVEL_ONLY|WEATHER_WIND_GUST_CONTEXT|WEATHER_HIGH_UV_CONTEXT,BEHAVIOR_LOW_SPEED_RESPONSE,NONE,ROUTE_LOAD_HIGH_CONTEXT|ROUTE_LOAD_VERY_HIGH_CONTEXT|IB2_EFFORT_HIGH|TERRAIN_HIGH|STEPS_SURFACE_HIGH|SLOPE_LOAD_FALLBACK_VERTICAL_RANGE|IB2_WEATHER_SENSITIVE_ROUTE_EXPOSURE_CONTEXT|WEATHER_ACTIVITY_LEVEL_ONLY|WEATHER_WIND_GUST_CONTEXT|WEATHER_HIGH_UV_CONTEXT|BEHAVIOR_LOW_SPEED_RESPONSE|ROUTE_PHASE_UNKNOWN|OSM_PROXIMITY_NOT_USAGE,VERY_HIGH_ROUTE_LOAD_CONTEXT|ROUTE_LOAD_BEHAVIOR_CANDIDATE|IB2_OR_WEATHER_CONTEXT_PRESENT,"Descriptive planning context evidence only. This is not ability scoring, not route suitability scoring, not THCI/radar scoring, and not a final hiking risk assessment. Weather is activity-level context unless an explicit safe route-window source is used. OSM proximity is not proof of facility use. IB3D/event annotations are not causality evidence."
16_1,3850,3900,1,CONSERVATIVE_PLANNING_RECOMMENDED,75.84,HIGH_ROUTE_LOAD_CONTEXT,ROUTE_LOAD_HIGH_CONTEXT|IB2_EFFORT_HIGH|TERRAIN_HIGH|STEPS_SURFACE_HIGH|SLOPE_LOAD_FALLBACK_VERTICAL_RANGE,WEATHER_ACTIVITY_LEVEL_ONLY|WEATHER_WIND_GUST_CONTEXT|WEATHER_HIGH_UV_CONTEXT,BEHAVIOR_RELATIVE_HIGH_HR_RESPONSE|BEHAVIOR_LOW_SPEED_RESPONSE|BEHAVIOR_LOW_SPEED_RATIO_HIGH,NONE,ROUTE_LOAD_HIGH_CONTEXT|IB2_EFFORT_HIGH|TERRAIN_HIGH|STEPS_SURFACE_HIGH|SLOPE_LOAD_FALLBACK_VERTICAL_RANGE|IB2_WEATHER_SENSITIVE_ROUTE_EXPOSURE_CONTEXT|WEATHER_ACTIVITY_LEVEL_ONLY|WEATHER_WIND_GUST_CONTEXT|WEATHER_HIGH_UV_CONTEXT|BEHAVIOR_RELATIVE_HIGH_HR_RESPONSE|BEHAVIOR_LOW_SPEED_RESPONSE|BEHAVIOR_LOW_SPEED_RATIO_HIGH|ROUTE_PHASE_UNKNOWN|OSM_PROXIMITY_NOT_USAGE,ROUTE_LOAD_BEHAVIOR_CANDIDATE|IB2_OR_WEATHER_CONTEXT_PRESENT,"Descriptive planning context evidence only. This is not ability scoring, not route suitability scoring, not THCI/radar scoring, and not a final hiking risk assessment. Weather is activity-level context unless an explicit safe route-window source is used. OSM proximity is not proof of facility use. IB3D/event annotations are not causality evidence."
16_1,3900,4050,3,TURNAROUND_CONDITION_REVIEW_RECOMMENDED,100.0,VERY_HIGH_ROUTE_LOAD_CONTEXT,ROUTE_LOAD_HIGH_CONTEXT|ROUTE_LOAD_VERY_HIGH_CONTEXT|VERTICAL_RANGE_HIGH|SLOPE_HIGH|IB2_EFFORT_HIGH|TERRAIN_HIGH|STEPS_SURFACE_HIGH|SLOPE_LOAD_FALLBACK_VERTICAL_RANGE,WEATHER_ACTIVITY_LEVEL_ONLY|WEATHER_WIND_GUST_CONTEXT|WEATHER_HIGH_UV_CONTEXT,BEHAVIOR_LOW_SPEED_RESPONSE|BEHAVIOR_LOW_SPEED_RATIO_HIGH|BEHAVIOR_STOP_RESPONSE|BEHAVIOR_RELATIVE_HIGH_HR_RESPONSE,NONE,ROUTE_LOAD_HIGH_CONTEXT|ROUTE_LOAD_VERY_HIGH_CONTEXT|VERTICAL_RANGE_HIGH|SLOPE_HIGH|IB2_EFFORT_HIGH|TERRAIN_HIGH|STEPS_SURFACE_HIGH|IB2_WEATHER_SENSITIVE_ROUTE_EXPOSURE_CONTEXT|WEATHER_ACTIVITY_LEVEL_ONLY|WEATHER_WIND_GUST_CONTEXT|WEATHER_HIGH_UV_CONTEXT|BEHAVIOR_LOW_SPEED_RESPONSE|ROUTE_PHASE_UNKNOWN|OSM_PROXIMITY_NOT_USAGE|SLOPE_LOAD_FALLBACK_VERTICAL_RANGE|WATERWAY_PROXIMITY_CONTEXT|BEHAVIOR_LOW_SPEED_RATIO_HIGH|BEHAVIOR_STOP_RESPONSE|BEHAVIOR_RELATIVE_HIGH_HR_RESPONSE,VERY_HIGH_ROUTE_LOAD_CONTEXT|ROUTE_LOAD_BEHAVIOR_CANDIDATE|IB2_OR_WEATHER_CONTEXT_PRESENT,"Descriptive planning context evidence only. This is not ability scoring, not route suitability scoring, not THCI/radar scoring, and not a final hiking risk assessment. Weather is activity-level context unless an explicit safe route-window source is used. OSM proximity is not proof of facility use. IB3D/event annotations are not causality evidence."
16_1,4050,4100,1,CONSERVATIVE_PLANNING_RECOMMENDED,69.579,HIGH_ROUTE_LOAD_CONTEXT,ROUTE_LOAD_HIGH_CONTEXT|IB2_EFFORT_HIGH|STEPS_SURFACE_HIGH|SLOPE_LOAD_FALLBACK_VERTICAL_RANGE,WEATHER_ACTIVITY_LEVEL_ONLY|WEATHER_WIND_GUST_CONTEXT|WEATHER_HIGH_UV_CONTEXT,NONE,NONE,ROUTE_LOAD_HIGH_CONTEXT|IB2_EFFORT_HIGH|STEPS_SURFACE_HIGH|SLOPE_LOAD_FALLBACK_VERTICAL_RANGE|IB2_WEATHER_SENSITIVE_ROUTE_EXPOSURE_CONTEXT|WATERWAY_PROXIMITY_CONTEXT|WEATHER_ACTIVITY_LEVEL_ONLY|WEATHER_WIND_GUST_CONTEXT|WEATHER_HIGH_UV_CONTEXT|ROUTE_PHASE_UNKNOWN|OSM_PROXIMITY_NOT_USAGE,IB2_OR_WEATHER_CONTEXT_PRESENT,"Descriptive planning context evidence only. This is not ability scoring, not route suitability scoring, not THCI/radar scoring, and not a final hiking risk assessment. Weather is activity-level context unless an explicit safe route-window source is used. OSM proximity is not proof of facility use. IB3D/event annotations are not causality evidence."
16_1,4100,4200,2,REVIEW_FOR_CONSERVATIVE_PLANNING,56.482,LOWER_ROUTE_LOAD_CONTEXT,IB2_EFFORT_HIGH|SLOPE_LOAD_FALLBACK_VERTICAL_RANGE,WEATHER_ACTIVITY_LEVEL_ONLY|WEATHER_WIND_GUST_CONTEXT|WEATHER_HIGH_UV_CONTEXT,NONE,TERMINAL_ARTIFACT_REVIEW_ONLY,IB2_NAVIGATION_CONTEXT|IB2_WEATHER_SENSITIVE_ROUTE_EXPOSURE_CONTEXT|WATERWAY_PROXIMITY_CONTEXT|GUIDEPOST_PROXIMITY_CONTEXT|WEATHER_ACTIVITY_LEVEL_ONLY|WEATHER_WIND_GUST_CONTEXT|WEATHER_HIGH_UV_CONTEXT|ROUTE_PHASE_UNKNOWN|OSM_PROXIMITY_NOT_USAGE|IB2_EFFORT_HIGH|SLOPE_LOAD_FALLBACK_VERTICAL_RANGE,HIGH_ROUTE_OR_IB2_CONTEXT,"Descriptive planning context evidence only. This is not ability scoring, not route suitability scoring, not THCI/radar scoring, and not a final hiking risk assessment. Weather is activity-level context unless an explicit safe route-window source is used. OSM proximity is not proof of facility use. IB3D/event annotations are not causality evidence."
20_1,0,100,2,REVIEW_FOR_CONSERVATIVE_PLANNING,51.244,LOWER_ROUTE_LOAD_CONTEXT,IB2_EFFORT_HIGH|SLOPE_LOAD_FALLBACK_VERTICAL_RANGE,WEATHER_ACTIVITY_LEVEL_ONLY|WEATHER_WIND_GUST_CONTEXT|WEATHER_HIGH_UV_CONTEXT,BEHAVIOR_LOW_SPEED_RESPONSE,NONE,IB2_NAVIGATION_CONTEXT|IB2_WEATHER_SENSITIVE_ROUTE_EXPOSURE_CONTEXT|WATERWAY_PROXIMITY_CONTEXT|GUIDEPOST_PROXIMITY_CONTEXT|WEATHER_ACTIVITY_LEVEL_ONLY|WEATHER_WIND_GUST_CONTEXT|WEATHER_HIGH_UV_CONTEXT|BEHAVIOR_LOW_SPEED_RESPONSE|ROUTE_PHASE_UNKNOWN|OSM_PROXIMITY_NOT_USAGE|IB2_EFFORT_HIGH|SLOPE_LOAD_FALLBACK_VERTICAL_RANGE,HIGH_ROUTE_OR_IB2_CONTEXT,"Descriptive planning context evidence only. This is not ability scoring, not route suitability scoring, not THCI/radar scoring, and not a final hiking risk assessment. Weather is activity-level context unless an explicit safe route-window source is used. OSM proximity is not proof of facility use. IB3D/event annotations are not causality evidence."
20_1,100,150,1,CONSERVATIVE_PLANNING_RECOMMENDED,74.252,HIGH_ROUTE_LOAD_CONTEXT,ROUTE_LOAD_HIGH_CONTEXT|IB2_EFFORT_HIGH|STEPS_SURFACE_HIGH|SLOPE_LOAD_FALLBACK_VERTICAL_RANGE,WEATHER_ACTIVITY_LEVEL_ONLY|WEATHER_WIND_GUST_CONTEXT|WEATHER_HIGH_UV_CONTEXT,NONE,NONE,ROUTE_LOAD_HIGH_CONTEXT|IB2_EFFORT_HIGH|STEPS_SURFACE_HIGH|SLOPE_LOAD_FALLBACK_VERTICAL_RANGE|IB2_WEATHER_SENSITIVE_ROUTE_EXPOSURE_CONTEXT|WATERWAY_PROXIMITY_CONTEXT|WEATHER_ACTIVITY_LEVEL_ONLY|WEATHER_WIND_GUST_CONTEXT|WEATHER_HIGH_UV_CONTEXT|ROUTE_PHASE_UNKNOWN|OSM_PROXIMITY_NOT_USAGE,IB2_OR_WEATHER_CONTEXT_PRESENT,"Descriptive planning context evidence only. This is not ability scoring, not route suitability scoring, not THCI/radar scoring, and not a final hiking risk assessment. Weather is activity-level context unless an explicit safe route-window source is used. OSM proximity is not proof of facility use. IB3D/event annotations are not causality evidence."
20_1,150,300,3,TURNAROUND_CONDITION_REVIEW_RECOMMENDED,100.0,VERY_HIGH_ROUTE_LOAD_CONTEXT,ROUTE_LOAD_HIGH_CONTEXT|ROUTE_LOAD_VERY_HIGH_CONTEXT|VERTICAL_RANGE_HIGH|SLOPE_HIGH|IB2_EFFORT_HIGH|TERRAIN_HIGH|STEPS_SURFACE_HIGH|SLOPE_LOAD_FALLBACK_VERTICAL_RANGE,WEATHER_ACTIVITY_LEVEL_ONLY|WEATHER_WIND_GUST_CONTEXT|WEATHER_HIGH_UV_CONTEXT,BEHAVIOR_LOW_SPEED_RESPONSE|BEHAVIOR_RELATIVE_HIGH_HR_RESPONSE,NONE,ROUTE_LOAD_HIGH_CONTEXT|ROUTE_LOAD_VERY_HIGH_CONTEXT|VERTICAL_RANGE_HIGH|SLOPE_HIGH|IB2_EFFORT_HIGH|TERRAIN_HIGH|STEPS_SURFACE_HIGH|SLOPE_LOAD_FALLBACK_VERTICAL_RANGE|IB2_WEATHER_SENSITIVE_ROUTE_EXPOSURE_CONTEXT|WATERWAY_PROXIMITY_CONTEXT|WEATHER_ACTIVITY_LEVEL_ONLY|WEATHER_WIND_GUST_CONTEXT|WEATHER_HIGH_UV_CONTEXT|BEHAVIOR_LOW_SPEED_RESPONSE|ROUTE_PHASE_UNKNOWN|OSM_PROXIMITY_NOT_USAGE|BEHAVIOR_RELATIVE_HIGH_HR_RESPONSE,VERY_HIGH_ROUTE_LOAD_CONTEXT|ROUTE_LOAD_BEHAVIOR_CANDIDATE|IB2_OR_WEATHER_CONTEXT_PRESENT,"Descriptive planning context evidence only. This is not ability scoring, not route suitability scoring, not THCI/radar scoring, and not a final hiking risk assessment. Weather is activity-level context unless an explicit safe route-window source is used. OSM proximity is not proof of facility use. IB3D/event annotations are not causality evidence."
20_1,300,350,1,CONSERVATIVE_PLANNING_RECOMMENDED,69.318,HIGH_ROUTE_LOAD_CONTEXT,ROUTE_LOAD_HIGH_CONTEXT|IB2_EFFORT_HIGH|TERRAIN_HIGH|STEPS_SURFACE_HIGH|SLOPE_LOAD_FALLBACK_VERTICAL_RANGE,WEATHER_ACTIVITY_LEVEL_ONLY|WEATHER_WIND_GUST_CONTEXT|WEATHER_HIGH_UV_CONTEXT,BEHAVIOR_LOW_SPEED_RESPONSE,NONE,ROUTE_LOAD_HIGH_CONTEXT|IB2_EFFORT_HIGH|TERRAIN_HIGH|STEPS_SURFACE_HIGH|SLOPE_LOAD_FALLBACK_VERTICAL_RANGE|IB2_WEATHER_SENSITIVE_ROUTE_EXPOSURE_CONTEXT|WEATHER_ACTIVITY_LEVEL_ONLY|WEATHER_WIND_GUST_CONTEXT|WEATHER_HIGH_UV_CONTEXT|BEHAVIOR_LOW_SPEED_RESPONSE|ROUTE_PHASE_UNKNOWN|OSM_PROXIMITY_NOT_USAGE,ROUTE_LOAD_BEHAVIOR_CANDIDATE|IB2_OR_WEATHER_CONTEXT_PRESENT,"Descriptive planning context evidence only. This is not ability scoring, not route suitability scoring, not THCI/radar scoring, and not a final hiking risk assessment. Weather is activity-level context unless an explicit safe route-window source is used. OSM proximity is not proof of facility use. IB3D/event annotations are not causality evidence."
20_1,350,400,1,TURNAROUND_CONDITION_REVIEW_RECOMMENDED,86.118,VERY_HIGH_ROUTE_LOAD_CONTEXT,ROUTE_LOAD_HIGH_CONTEXT|ROUTE_LOAD_VERY_HIGH_CONTEXT|VERTICAL_RANGE_HIGH|IB2_EFFORT_HIGH|TERRAIN_HIGH|STEPS_SURFACE_HIGH,WEATHER_ACTIVITY_LEVEL_ONLY|WEATHER_WIND_GUST_CONTEXT|WEATHER_HIGH_UV_CONTEXT,BEHAVIOR_LOW_SPEED_RESPONSE,NONE,ROUTE_LOAD_HIGH_CONTEXT|ROUTE_LOAD_VERY_HIGH_CONTEXT|VERTICAL_RANGE_HIGH|IB2_EFFORT_HIGH|TERRAIN_HIGH|STEPS_SURFACE_HIGH|IB2_WEATHER_SENSITIVE_ROUTE_EXPOSURE_CONTEXT|WEATHER_ACTIVITY_LEVEL_ONLY|WEATHER_WIND_GUST_CONTEXT|WEATHER_HIGH_UV_CONTEXT|BEHAVIOR_LOW_SPEED_RESPONSE|ROUTE_PHASE_UNKNOWN|OSM_PROXIMITY_NOT_USAGE,VERY_HIGH_ROUTE_LOAD_CONTEXT|ROUTE_LOAD_BEHAVIOR_CANDIDATE|IB2_OR_WEATHER_CONTEXT_PRESENT,"Descriptive planning context evidence only. This is not ability scoring, not route suitability scoring, not THCI/radar scoring, and not a final hiking risk assessment. Weather is activity-level context unless an explicit safe route-window source is used. OSM proximity is not proof of facility use. IB3D/event annotations are not causality evidence."
20_1,400,500,2,CONSERVATIVE_PLANNING_RECOMMENDED,79.928,HIGH_ROUTE_LOAD_CONTEXT,ROUTE_LOAD_HIGH_CONTEXT|IB2_EFFORT_HIGH|TERRAIN_HIGH|STEPS_SURFACE_HIGH|SLOPE_LOAD_FALLBACK_VERTICAL_RANGE,WEATHER_ACTIVITY_LEVEL_ONLY|WEATHER_WIND_GUST_CONTEXT|WEATHER_HIGH_UV_CONTEXT,BEHAVIOR_RELATIVE_HIGH_HR_RESPONSE|BEHAVIOR_LOW_SPEED_RESPONSE,NONE,ROUTE_LOAD_HIGH_CONTEXT|IB2_EFFORT_HIGH|TERRAIN_HIGH|STEPS_SURFACE_HIGH|IB2_WEATHER_SENSITIVE_ROUTE_EXPOSURE_CONTEXT|WEATHER_ACTIVITY_LEVEL_ONLY|WEATHER_WIND_GUST_CONTEXT|WEATHER_HIGH_UV_CONTEXT|BEHAVIOR_RELATIVE_HIGH_HR_RESPONSE|BEHAVIOR_LOW_SPEED_RESPONSE|ROUTE_PHASE_UNKNOWN|OSM_PROXIMITY_NOT_USAGE|SLOPE_LOAD_FALLBACK_VERTICAL_RANGE,ROUTE_LOAD_BEHAVIOR_CANDIDATE|IB2_OR_WEATHER_CONTEXT_PRESENT,"Descriptive planning context evidence only. This is not ability scoring, not route suitability scoring, not THCI/radar scoring, and not a final hiking risk assessment. Weather is activity-level context unless an explicit safe route-window source is used. OSM proximity is not proof of facility use. IB3D/event annotations are not causality evidence."
20_1,500,550,1,TURNAROUND_CONDITION_REVIEW_RECOMMENDED,81.359,VERY_HIGH_ROUTE_LOAD_CONTEXT,ROUTE_LOAD_HIGH_CONTEXT|ROUTE_LOAD_VERY_HIGH_CONTEXT|IB2_EFFORT_HIGH|STEPS_SURFACE_HIGH|SLOPE_LOAD_FALLBACK_VERTICAL_RANGE,WEATHER_ACTIVITY_LEVEL_ONLY|WEATHER_WIND_GUST_CONTEXT|WEATHER_HIGH_UV_CONTEXT,BEHAVIOR_RELATIVE_HIGH_HR_RESPONSE|BEHAVIOR_LOW_SPEED_RESPONSE,NONE,ROUTE_LOAD_HIGH_CONTEXT|ROUTE_LOAD_VERY_HIGH_CONTEXT|IB2_EFFORT_HIGH|STEPS_SURFACE_HIGH|SLOPE_LOAD_FALLBACK_VERTICAL_RANGE|IB2_WEATHER_SENSITIVE_ROUTE_EXPOSURE_CONTEXT|WEATHER_ACTIVITY_LEVEL_ONLY|WEATHER_WIND_GUST_CONTEXT|WEATHER_HIGH_UV_CONTEXT|BEHAVIOR_RELATIVE_HIGH_HR_RESPONSE|BEHAVIOR_LOW_SPEED_RESPONSE|ROUTE_PHASE_UNKNOWN|OSM_PROXIMITY_NOT_USAGE,VERY_HIGH_ROUTE_LOAD_CONTEXT|ROUTE_LOAD_BEHAVIOR_CANDIDATE|IB2_OR_WEATHER_CONTEXT_PRESENT,"Descriptive planning context evidence only. This is not ability scoring, not route suitability scoring, not THCI/radar scoring, and not a final hiking risk assessment. Weather is activity-level context unless an explicit safe route-window source is used. OSM proximity is not proof of facility use. IB3D/event annotations are not causality evidence."
20_1,550,600,1,REVIEW_FOR_CONSERVATIVE_PLANNING,49.293,MODERATE_ROUTE_LOAD_CONTEXT,IB2_EFFORT_HIGH|SLOPE_LOAD_FALLBACK_VERTICAL_RANGE,WEATHER_ACTIVITY_LEVEL_ONLY|WEATHER_WIND_GUST_CONTEXT|WEATHER_HIGH_UV_CONTEXT,BEHAVIOR_RELATIVE_HIGH_HR_RESPONSE|BEHAVIOR_LOW_SPEED_RESPONSE,NONE,IB2_EFFORT_HIGH|SLOPE_LOAD_FALLBACK_VERTICAL_RANGE|IB2_WEATHER_SENSITIVE_ROUTE_EXPOSURE_CONTEXT|SHELTER_PROXIMITY_CONTEXT|WEATHER_ACTIVITY_LEVEL_ONLY|WEATHER_WIND_GUST_CONTEXT|WEATHER_HIGH_UV_CONTEXT|BEHAVIOR_RELATIVE_HIGH_HR_RESPONSE|BEHAVIOR_LOW_SPEED_RESPONSE|ROUTE_PHASE_UNKNOWN|OSM_PROXIMITY_NOT_USAGE,HIGH_ROUTE_OR_IB2_CONTEXT,"Descriptive planning context evidence only. This is not ability scoring, not route suitability scoring, not THCI/radar scoring, and not a final hiking risk assessment. Weather is activity-level context unless an explicit safe route-window source is used. OSM proximity is not proof of facility use. IB3D/event annotations are not causality evidence."
20_1,700,750,1,REVIEW_FOR_CONSERVATIVE_PLANNING,8.111,LOWER_ROUTE_LOAD_CONTEXT,SLOPE_LOAD_FALLBACK_VERTICAL_RANGE,WEATHER_ACTIVITY_LEVEL_ONLY|WEATHER_WIND_GUST_CONTEXT|WEATHER_HIGH_UV_CONTEXT,BEHAVIOR_RELATIVE_HIGH_HR_RESPONSE|BEHAVIOR_LOW_SPEED_RESPONSE,NONE,SLOPE_LOAD_FALLBACK_VERTICAL_RANGE|IB2_WEATHER_SENSITIVE_ROUTE_EXPOSURE_CONTEXT|SHELTER_PROXIMITY_CONTEXT|WEATHER_ACTIVITY_LEVEL_ONLY|WEATHER_WIND_GUST_CONTEXT|WEATHER_HIGH_UV_CONTEXT|BEHAVIOR_RELATIVE_HIGH_HR_RESPONSE|BEHAVIOR_LOW_SPEED_RESPONSE|ROUTE_PHASE_UNKNOWN|OSM_PROXIMITY_NOT_USAGE,HIGH_ROUTE_OR_IB2_CONTEXT,"Descriptive planning context evidence only. This is not ability scoring, not route suitability scoring, not THCI/radar scoring, and not a final hiking risk assessment. Weather is activity-level context unless an explicit safe route-window source is used. OSM proximity is not proof of facility use. IB3D/event annotations are not causality evidence."
20_1,800,1200,8,REVIEW_FOR_CONSERVATIVE_PLANNING,47.741,LOWER_ROUTE_LOAD_CONTEXT,SLOPE_LOAD_FALLBACK_VERTICAL_RANGE|SLOPE_HIGH,WEATHER_ACTIVITY_LEVEL_ONLY|WEATHER_WIND_GUST_CONTEXT|WEATHER_HIGH_UV_CONTEXT,BEHAVIOR_LOW_SPEED_RESPONSE,NONE,SLOPE_LOAD_FALLBACK_VERTICAL_RANGE|IB2_NAVIGATION_CONTEXT|IB2_WEATHER_SENSITIVE_ROUTE_EXPOSURE_CONTEXT|GUIDEPOST_PROXIMITY_CONTEXT|WEATHER_ACTIVITY_LEVEL_ONLY|WEATHER_WIND_GUST_CONTEXT|WEATHER_HIGH_UV_CONTEXT|ROUTE_PHASE_UNKNOWN|OSM_PROXIMITY_NOT_USAGE|IB2_SUPPORT_CONTEXT|SLOPE_HIGH|BEHAVIOR_LOW_SPEED_RESPONSE,HIGH_ROUTE_OR_IB2_CONTEXT,"Descriptive planning context evidence only. This is not ability scoring, not route suitability scoring, not THCI/radar scoring, and not a final hiking risk assessment. Weather is activity-level context unless an explicit safe route-window source is used. OSM proximity is not proof of facility use. IB3D/event annotations are not causality evidence."
20_1,1200,1300,2,CONSERVATIVE_PLANNING_RECOMMENDED,69.115,HIGH_ROUTE_LOAD_CONTEXT,ROUTE_LOAD_HIGH_CONTEXT|IB2_EFFORT_HIGH|STEPS_SURFACE_HIGH|SLOPE_LOAD_FALLBACK_VERTICAL_RANGE,WEATHER_ACTIVITY_LEVEL_ONLY|WEATHER_WIND_GUST_CONTEXT|WEATHER_HIGH_UV_CONTEXT,BEHAVIOR_LOW_SPEED_RESPONSE,NONE,ROUTE_LOAD_HIGH_CONTEXT|IB2_EFFORT_HIGH|STEPS_SURFACE_HIGH|IB2_WEATHER_SENSITIVE_ROUTE_EXPOSURE_CONTEXT|WEATHER_ACTIVITY_LEVEL_ONLY|WEATHER_WIND_GUST_CONTEXT|WEATHER_HIGH_UV_CONTEXT|BEHAVIOR_LOW_SPEED_RESPONSE|ROUTE_PHASE_UNKNOWN|OSM_PROXIMITY_NOT_USAGE|SLOPE_LOAD_FALLBACK_VERTICAL_RANGE,ROUTE_LOAD_BEHAVIOR_CANDIDATE|IB2_OR_WEATHER_CONTEXT_PRESENT,"Descriptive planning context evidence only. This is not ability scoring, not route suitability scoring, not THCI/radar scoring, and not a final hiking risk assessment. Weather is activity-level context unless an explicit safe route-window source is used. OSM proximity is not proof of facility use. IB3D/event annotations are not causality evidence."
20_1,1300,1350,1,REVIEW_FOR_CONSERVATIVE_PLANNING,38.582,MODERATE_ROUTE_LOAD_CONTEXT,SLOPE_LOAD_FALLBACK_VERTICAL_RANGE,WEATHER_ACTIVITY_LEVEL_ONLY|WEATHER_WIND_GUST_CONTEXT|WEATHER_HIGH_UV_CONTEXT,BEHAVIOR_LOW_SPEED_RESPONSE,NONE,SLOPE_LOAD_FALLBACK_VERTICAL_RANGE|IB2_WEATHER_SENSITIVE_ROUTE_EXPOSURE_CONTEXT|WEATHER_ACTIVITY_LEVEL_ONLY|WEATHER_WIND_GUST_CONTEXT|WEATHER_HIGH_UV_CONTEXT|BEHAVIOR_LOW_SPEED_RESPONSE|ROUTE_PHASE_UNKNOWN|OSM_PROXIMITY_NOT_USAGE,HIGH_ROUTE_OR_IB2_CONTEXT,"Descriptive planning context evidence only. This is not ability scoring, not route suitability scoring, not THCI/radar scoring, and not a final hiking risk assessment. Weather is activity-level context unless an explicit safe route-window source is used. OSM proximity is not proof of facility use. IB3D/event annotations are not causality evidence."
20_1,1350,1650,6,TURNAROUND_CONDITION_REVIEW_RECOMMENDED,100.0,VERY_HIGH_ROUTE_LOAD_CONTEXT,ROUTE_LOAD_HIGH_CONTEXT|ROUTE_LOAD_VERY_HIGH_CONTEXT|VERTICAL_RANGE_HIGH|SLOPE_HIGH|IB2_EFFORT_HIGH|TERRAIN_HIGH|STEPS_SURFACE_HIGH|SLOPE_LOAD_FALLBACK_VERTICAL_RANGE,WEATHER_ACTIVITY_LEVEL_ONLY|WEATHER_WIND_GUST_CONTEXT|WEATHER_HIGH_UV_CONTEXT,BEHAVIOR_LOW_SPEED_RESPONSE|BEHAVIOR_RELATIVE_HIGH_HR_RESPONSE,NONE,ROUTE_LOAD_HIGH_CONTEXT|ROUTE_LOAD_VERY_HIGH_CONTEXT|VERTICAL_RANGE_HIGH|SLOPE_HIGH|IB2_EFFORT_HIGH|TERRAIN_HIGH|STEPS_SURFACE_HIGH|SLOPE_LOAD_FALLBACK_VERTICAL_RANGE|IB2_WEATHER_SENSITIVE_ROUTE_EXPOSURE_CONTEXT|WEATHER_ACTIVITY_LEVEL_ONLY|WEATHER_WIND_GUST_CONTEXT|WEATHER_HIGH_UV_CONTEXT|BEHAVIOR_LOW_SPEED_RESPONSE|ROUTE_PHASE_UNKNOWN|OSM_PROXIMITY_NOT_USAGE|BEHAVIOR_RELATIVE_HIGH_HR_RESPONSE,VERY_HIGH_ROUTE_LOAD_CONTEXT|ROUTE_LOAD_BEHAVIOR_CANDIDATE|IB2_OR_WEATHER_CONTEXT_PRESENT,"Descriptive planning context evidence only. This is not ability scoring, not route suitability scoring, not THCI/radar scoring, and not a final hiking risk assessment. Weather is activity-level context unless an explicit safe route-window source is used. OSM proximity is not proof of facility use. IB3D/event annotations are not causality evidence."
20_1,1650,1850,4,REVIEW_FOR_CONSERVATIVE_PLANNING,54.401,LOWER_ROUTE_LOAD_CONTEXT,IB2_EFFORT_HIGH|STEPS_SURFACE_HIGH|SLOPE_LOAD_FALLBACK_VERTICAL_RANGE,WEATHER_ACTIVITY_LEVEL_ONLY|WEATHER_WIND_GUST_CONTEXT|WEATHER_HIGH_UV_CONTEXT,BEHAVIOR_RELATIVE_HIGH_HR_RESPONSE|BEHAVIOR_LOW_SPEED_RESPONSE|BEHAVIOR_LOW_SPEED_RATIO_HIGH,NONE,IB2_EFFORT_HIGH|STEPS_SURFACE_HIGH|IB2_WEATHER_SENSITIVE_ROUTE_EXPOSURE_CONTEXT|WEATHER_ACTIVITY_LEVEL_ONLY|WEATHER_WIND_GUST_CONTEXT|WEATHER_HIGH_UV_CONTEXT|BEHAVIOR_RELATIVE_HIGH_HR_RESPONSE|ROUTE_PHASE_UNKNOWN|OSM_PROXIMITY_NOT_USAGE|SLOPE_LOAD_FALLBACK_VERTICAL_RANGE|IB2_NAVIGATION_CONTEXT|GUIDEPOST_PROXIMITY_CONTEXT|BEHAVIOR_LOW_SPEED_RESPONSE|BEHAVIOR_LOW_SPEED_RATIO_HIGH,HIGH_ROUTE_OR_IB2_CONTEXT,"Descriptive planning context evidence only. This is not ability scoring, not route suitability scoring, not THCI/radar scoring, and not a final hiking risk assessment. Weather is activity-level context unless an explicit safe route-window source is used. OSM proximity is not proof of facility use. IB3D/event annotations are not causality evidence."
20_1,1850,1900,1,TURNAROUND_CONDITION_REVIEW_RECOMMENDED,91.158,VERY_HIGH_ROUTE_LOAD_CONTEXT,ROUTE_LOAD_HIGH_CONTEXT|ROUTE_LOAD_VERY_HIGH_CONTEXT|VERTICAL_RANGE_HIGH|SLOPE_HIGH|IB2_EFFORT_HIGH|TERRAIN_HIGH|STEPS_SURFACE_HIGH|SLOPE_LOAD_FALLBACK_VERTICAL_RANGE,WEATHER_ACTIVITY_LEVEL_ONLY|WEATHER_WIND_GUST_CONTEXT|WEATHER_HIGH_UV_CONTEXT,BEHAVIOR_LOW_SPEED_RESPONSE,NONE,ROUTE_LOAD_HIGH_CONTEXT|ROUTE_LOAD_VERY_HIGH_CONTEXT|VERTICAL_RANGE_HIGH|SLOPE_HIGH|IB2_EFFORT_HIGH|TERRAIN_HIGH|STEPS_SURFACE_HIGH|SLOPE_LOAD_FALLBACK_VERTICAL_RANGE|IB2_WEATHER_SENSITIVE_ROUTE_EXPOSURE_CONTEXT|WEATHER_ACTIVITY_LEVEL_ONLY|WEATHER_WIND_GUST_CONTEXT|WEATHER_HIGH_UV_CONTEXT|BEHAVIOR_LOW_SPEED_RESPONSE|ROUTE_PHASE_UNKNOWN|OSM_PROXIMITY_NOT_USAGE,VERY_HIGH_ROUTE_LOAD_CONTEXT|ROUTE_LOAD_BEHAVIOR_CANDIDATE|IB2_OR_WEATHER_CONTEXT_PRESENT,"Descriptive planning context evidence only. This is not ability scoring, not route suitability scoring, not THCI/radar scoring, and not a final hiking risk assessment. Weather is activity-level context unless an explicit safe route-window source is used. OSM proximity is not proof of facility use. IB3D/event annotations are not causality evidence."
20_1,1900,1950,1,REVIEW_FOR_CONSERVATIVE_PLANNING,49.371,MODERATE_ROUTE_LOAD_CONTEXT,IB2_EFFORT_HIGH|SLOPE_LOAD_FALLBACK_VERTICAL_RANGE,WEATHER_ACTIVITY_LEVEL_ONLY|WEATHER_WIND_GUST_CONTEXT|WEATHER_HIGH_UV_CONTEXT,NONE,NONE,IB2_EFFORT_HIGH|SLOPE_LOAD_FALLBACK_VERTICAL_RANGE|IB2_NAVIGATION_CONTEXT|IB2_WEATHER_SENSITIVE_ROUTE_EXPOSURE_CONTEXT|GUIDEPOST_PROXIMITY_CONTEXT|WEATHER_ACTIVITY_LEVEL_ONLY|WEATHER_WIND_GUST_CONTEXT|WEATHER_HIGH_UV_CONTEXT|ROUTE_PHASE_UNKNOWN|OSM_PROXIMITY_NOT_USAGE,HIGH_ROUTE_OR_IB2_CONTEXT,"Descriptive planning context evidence only. This is not ability scoring, not route suitability scoring, not THCI/radar scoring, and not a final hiking risk assessment. Weather is activity-level context unless an explicit safe route-window source is used. OSM proximity is not proof of facility use. IB3D/event annotations are not causality evidence."
20_1,1950,2050,2,TURNAROUND_CONDITION_REVIEW_RECOMMENDED,86.262,VERY_HIGH_ROUTE_LOAD_CONTEXT,ROUTE_LOAD_HIGH_CONTEXT|ROUTE_LOAD_VERY_HIGH_CONTEXT|VERTICAL_RANGE_HIGH|SLOPE_HIGH|IB2_EFFORT_HIGH|STEPS_SURFACE_HIGH|SLOPE_LOAD_FALLBACK_VERTICAL_RANGE,WEATHER_ACTIVITY_LEVEL_ONLY|WEATHER_WIND_GUST_CONTEXT|WEATHER_HIGH_UV_CONTEXT,BEHAVIOR_LOW_SPEED_RESPONSE|BEHAVIOR_RELATIVE_HIGH_HR_RESPONSE,NONE,ROUTE_LOAD_HIGH_CONTEXT|ROUTE_LOAD_VERY_HIGH_CONTEXT|VERTICAL_RANGE_HIGH|SLOPE_HIGH|IB2_EFFORT_HIGH|STEPS_SURFACE_HIGH|SLOPE_LOAD_FALLBACK_VERTICAL_RANGE|IB2_NAVIGATION_CONTEXT|IB2_WEATHER_SENSITIVE_ROUTE_EXPOSURE_CONTEXT|GUIDEPOST_PROXIMITY_CONTEXT|WEATHER_ACTIVITY_LEVEL_ONLY|WEATHER_WIND_GUST_CONTEXT|WEATHER_HIGH_UV_CONTEXT|BEHAVIOR_LOW_SPEED_RESPONSE|ROUTE_PHASE_UNKNOWN|OSM_PROXIMITY_NOT_USAGE|BEHAVIOR_RELATIVE_HIGH_HR_RESPONSE,VERY_HIGH_ROUTE_LOAD_CONTEXT|ROUTE_LOAD_BEHAVIOR_CANDIDATE|IB2_OR_WEATHER_CONTEXT_PRESENT,"Descriptive planning context evidence only. This is not ability scoring, not route suitability scoring, not THCI/radar scoring, and not a final hiking risk assessment. Weather is activity-level context unless an explicit safe route-window source is used. OSM proximity is not proof of facility use. IB3D/event annotations are not causality evidence."
20_1,2050,2150,2,REVIEW_FOR_CONSERVATIVE_PLANNING,57.73,MODERATE_ROUTE_LOAD_CONTEXT,IB2_EFFORT_HIGH|STEPS_SURFACE_HIGH,WEATHER_ACTIVITY_LEVEL_ONLY|WEATHER_WIND_GUST_CONTEXT|WEATHER_HIGH_UV_CONTEXT,BEHAVIOR_LOW_SPEED_RESPONSE|BEHAVIOR_LOW_SPEED_RATIO_HIGH,EVENT_REVIEW_REQUIRED,IB2_EFFORT_HIGH|STEPS_SURFACE_HIGH|IB2_NAVIGATION_CONTEXT|IB2_WEATHER_SENSITIVE_ROUTE_EXPOSURE_CONTEXT|GUIDEPOST_PROXIMITY_CONTEXT|WEATHER_ACTIVITY_LEVEL_ONLY|WEATHER_WIND_GUST_CONTEXT|WEATHER_HIGH_UV_CONTEXT|BEHAVIOR_LOW_SPEED_RESPONSE|BEHAVIOR_LOW_SPEED_RATIO_HIGH|ROUTE_PHASE_UNKNOWN|OSM_PROXIMITY_NOT_USAGE,HIGH_ROUTE_OR_IB2_CONTEXT,"Descriptive planning context evidence only. This is not ability scoring, not route suitability scoring, not THCI/radar scoring, and not a final hiking risk assessment. Weather is activity-level context unless an explicit safe route-window source is used. OSM proximity is not proof of facility use. IB3D/event annotations are not causality evidence."
20_1,2150,2250,2,TURNAROUND_CONDITION_REVIEW_RECOMMENDED,88.039,VERY_HIGH_ROUTE_LOAD_CONTEXT,ROUTE_LOAD_HIGH_CONTEXT|ROUTE_LOAD_VERY_HIGH_CONTEXT|SLOPE_HIGH|IB2_EFFORT_HIGH|STEPS_SURFACE_HIGH|SLOPE_LOAD_FALLBACK_VERTICAL_RANGE,WEATHER_ACTIVITY_LEVEL_ONLY|WEATHER_WIND_GUST_CONTEXT|WEATHER_HIGH_UV_CONTEXT,BEHAVIOR_RELATIVE_HIGH_HR_RESPONSE|BEHAVIOR_LOW_SPEED_RESPONSE,EVENT_REVIEW_REQUIRED,ROUTE_LOAD_HIGH_CONTEXT|ROUTE_LOAD_VERY_HIGH_CONTEXT|SLOPE_HIGH|IB2_EFFORT_HIGH|STEPS_SURFACE_HIGH|IB2_WEATHER_SENSITIVE_ROUTE_EXPOSURE_CONTEXT|WEATHER_ACTIVITY_LEVEL_ONLY|WEATHER_WIND_GUST_CONTEXT|WEATHER_HIGH_UV_CONTEXT|BEHAVIOR_RELATIVE_HIGH_HR_RESPONSE|BEHAVIOR_LOW_SPEED_RESPONSE|ROUTE_PHASE_UNKNOWN|OSM_PROXIMITY_NOT_USAGE|SLOPE_LOAD_FALLBACK_VERTICAL_RANGE|IB2_NAVIGATION_CONTEXT|GUIDEPOST_PROXIMITY_CONTEXT,VERY_HIGH_ROUTE_LOAD_CONTEXT|ROUTE_LOAD_BEHAVIOR_CANDIDATE|IB2_OR_WEATHER_CONTEXT_PRESENT,"Descriptive planning context evidence only. This is not ability scoring, not route suitability scoring, not THCI/radar scoring, and not a final hiking risk assessment. Weather is activity-level context unless an explicit safe route-window source is used. OSM proximity is not proof of facility use. IB3D/event annotations are not causality evidence."
20_1,2250,2300,1,CONSERVATIVE_PLANNING_RECOMMENDED,68.11,HIGH_ROUTE_LOAD_CONTEXT,ROUTE_LOAD_HIGH_CONTEXT|SLOPE_HIGH|IB2_EFFORT_HIGH|STEPS_SURFACE_HIGH,WEATHER_ACTIVITY_LEVEL_ONLY|WEATHER_WIND_GUST_CONTEXT|WEATHER_HIGH_UV_CONTEXT,NONE,EVENT_REVIEW_REQUIRED,ROUTE_LOAD_HIGH_CONTEXT|SLOPE_HIGH|IB2_EFFORT_HIGH|STEPS_SURFACE_HIGH|IB2_NAVIGATION_CONTEXT|IB2_WEATHER_SENSITIVE_ROUTE_EXPOSURE_CONTEXT|GUIDEPOST_PROXIMITY_CONTEXT|WEATHER_ACTIVITY_LEVEL_ONLY|WEATHER_WIND_GUST_CONTEXT|WEATHER_HIGH_UV_CONTEXT|ROUTE_PHASE_UNKNOWN|OSM_PROXIMITY_NOT_USAGE,IB2_OR_WEATHER_CONTEXT_PRESENT,"Descriptive planning context evidence only. This is not ability scoring, not route suitability scoring, not THCI/radar scoring, and not a final hiking risk assessment. Weather is activity-level context unless an explicit safe route-window source is used. OSM proximity is not proof of facility use. IB3D/event annotations are not causality evidence."
20_1,2300,2350,1,TURNAROUND_CONDITION_REVIEW_RECOMMENDED,92.807,VERY_HIGH_ROUTE_LOAD_CONTEXT,ROUTE_LOAD_HIGH_CONTEXT|ROUTE_LOAD_VERY_HIGH_CONTEXT|VERTICAL_RANGE_HIGH|SLOPE_HIGH|IB2_EFFORT_HIGH|STEPS_SURFACE_HIGH,WEATHER_ACTIVITY_LEVEL_ONLY|WEATHER_WIND_GUST_CONTEXT|WEATHER_HIGH_UV_CONTEXT,BEHAVIOR_LOW_SPEED_RESPONSE,EVENT_REVIEW_REQUIRED,ROUTE_LOAD_HIGH_CONTEXT|ROUTE_LOAD_VERY_HIGH_CONTEXT|VERTICAL_RANGE_HIGH|SLOPE_HIGH|IB2_EFFORT_HIGH|STEPS_SURFACE_HIGH|IB2_WEATHER_SENSITIVE_ROUTE_EXPOSURE_CONTEXT|WEATHER_ACTIVITY_LEVEL_ONLY|WEATHER_WIND_GUST_CONTEXT|WEATHER_HIGH_UV_CONTEXT|BEHAVIOR_LOW_SPEED_RESPONSE|ROUTE_PHASE_UNKNOWN|OSM_PROXIMITY_NOT_USAGE,VERY_HIGH_ROUTE_LOAD_CONTEXT|ROUTE_LOAD_BEHAVIOR_CANDIDATE|IB2_OR_WEATHER_CONTEXT_PRESENT,"Descriptive planning context evidence only. This is not ability scoring, not route suitability scoring, not THCI/radar scoring, and not a final hiking risk assessment. Weather is activity-level context unless an explicit safe route-window source is used. OSM proximity is not proof of facility use. IB3D/event annotations are not causality evidence."
20_1,2350,2500,3,REVIEW_FOR_CONSERVATIVE_PLANNING,38.668,MODERATE_ROUTE_LOAD_CONTEXT,SLOPE_LOAD_FALLBACK_VERTICAL_RANGE,WEATHER_ACTIVITY_LEVEL_ONLY|WEATHER_WIND_GUST_CONTEXT|WEATHER_HIGH_UV_CONTEXT,BEHAVIOR_LOW_SPEED_RESPONSE|BEHAVIOR_LOW_SPEED_RATIO_HIGH,EVENT_REVIEW_REQUIRED,IB2_NAVIGATION_CONTEXT|IB2_WEATHER_SENSITIVE_ROUTE_EXPOSURE_CONTEXT|GUIDEPOST_PROXIMITY_CONTEXT|WEATHER_ACTIVITY_LEVEL_ONLY|WEATHER_WIND_GUST_CONTEXT|WEATHER_HIGH_UV_CONTEXT|BEHAVIOR_LOW_SPEED_RESPONSE|BEHAVIOR_LOW_SPEED_RATIO_HIGH|ROUTE_PHASE_UNKNOWN|OSM_PROXIMITY_NOT_USAGE|SLOPE_LOAD_FALLBACK_VERTICAL_RANGE,HIGH_ROUTE_OR_IB2_CONTEXT,"Descriptive planning context evidence only. This is not ability scoring, not route suitability scoring, not THCI/radar scoring, and not a final hiking risk assessment. Weather is activity-level context unless an explicit safe route-window source is used. OSM proximity is not proof of facility use. IB3D/event annotations are not causality evidence."
20_1,2500,2550,1,CONSERVATIVE_PLANNING_RECOMMENDED,60.921,HIGH_ROUTE_LOAD_CONTEXT,ROUTE_LOAD_HIGH_CONTEXT|IB2_EFFORT_HIGH|TERRAIN_HIGH|STEPS_SURFACE_HIGH|SLOPE_LOAD_FALLBACK_VERTICAL_RANGE,WEATHER_ACTIVITY_LEVEL_ONLY|WEATHER_WIND_GUST_CONTEXT|WEATHER_HIGH_UV_CONTEXT,BEHAVIOR_LOW_SPEED_RESPONSE,EVENT_REVIEW_REQUIRED,ROUTE_LOAD_HIGH_CONTEXT|IB2_EFFORT_HIGH|TERRAIN_HIGH|STEPS_SURFACE_HIGH|SLOPE_LOAD_FALLBACK_VERTICAL_RANGE|IB2_WEATHER_SENSITIVE_ROUTE_EXPOSURE_CONTEXT|WEATHER_ACTIVITY_LEVEL_ONLY|WEATHER_WIND_GUST_CONTEXT|WEATHER_HIGH_UV_CONTEXT|BEHAVIOR_LOW_SPEED_RESPONSE|ROUTE_PHASE_UNKNOWN|OSM_PROXIMITY_NOT_USAGE,ROUTE_LOAD_BEHAVIOR_CANDIDATE|IB2_OR_WEATHER_CONTEXT_PRESENT,"Descriptive planning context evidence only. This is not ability scoring, not route suitability scoring, not THCI/radar scoring, and not a final hiking risk assessment. Weather is activity-level context unless an explicit safe route-window source is used. OSM proximity is not proof of facility use. IB3D/event annotations are not causality evidence."
20_1,2550,2850,6,TURNAROUND_CONDITION_REVIEW_RECOMMENDED,100.0,VERY_HIGH_ROUTE_LOAD_CONTEXT,ROUTE_LOAD_HIGH_CONTEXT|ROUTE_LOAD_VERY_HIGH_CONTEXT|VERTICAL_RANGE_HIGH|SLOPE_HIGH|IB2_EFFORT_HIGH|TERRAIN_HIGH|STEPS_SURFACE_HIGH|SLOPE_LOAD_FALLBACK_VERTICAL_RANGE,WEATHER_ACTIVITY_LEVEL_ONLY|WEATHER_WIND_GUST_CONTEXT|WEATHER_HIGH_UV_CONTEXT,BEHAVIOR_RELATIVE_HIGH_HR_RESPONSE|BEHAVIOR_LOW_SPEED_RESPONSE|BEHAVIOR_LOW_SPEED_RATIO_HIGH,EVENT_REVIEW_REQUIRED,ROUTE_LOAD_HIGH_CONTEXT|ROUTE_LOAD_VERY_HIGH_CONTEXT|VERTICAL_RANGE_HIGH|SLOPE_HIGH|IB2_EFFORT_HIGH|TERRAIN_HIGH|STEPS_SURFACE_HIGH|SLOPE_LOAD_FALLBACK_VERTICAL_RANGE|IB2_WEATHER_SENSITIVE_ROUTE_EXPOSURE_CONTEXT|WEATHER_ACTIVITY_LEVEL_ONLY|WEATHER_WIND_GUST_CONTEXT|WEATHER_HIGH_UV_CONTEXT|BEHAVIOR_RELATIVE_HIGH_HR_RESPONSE|BEHAVIOR_LOW_SPEED_RESPONSE|ROUTE_PHASE_UNKNOWN|OSM_PROXIMITY_NOT_USAGE|BEHAVIOR_LOW_SPEED_RATIO_HIGH,VERY_HIGH_ROUTE_LOAD_CONTEXT|ROUTE_LOAD_BEHAVIOR_CANDIDATE|IB2_OR_WEATHER_CONTEXT_PRESENT,"Descriptive planning context evidence only. This is not ability scoring, not route suitability scoring, not THCI/radar scoring, and not a final hiking risk assessment. Weather is activity-level context unless an explicit safe route-window source is used. OSM proximity is not proof of facility use. IB3D/event annotations are not causality evidence."
20_1,2850,2900,1,REVIEW_FOR_CONSERVATIVE_PLANNING,34.821,LOWER_ROUTE_LOAD_CONTEXT,SLOPE_LOAD_FALLBACK_VERTICAL_RANGE,WEATHER_ACTIVITY_LEVEL_ONLY|WEATHER_WIND_GUST_CONTEXT|WEATHER_HIGH_UV_CONTEXT,NONE,EVENT_REVIEW_REQUIRED,SLOPE_LOAD_FALLBACK_VERTICAL_RANGE|IB2_WEATHER_SENSITIVE_ROUTE_EXPOSURE_CONTEXT|WEATHER_ACTIVITY_LEVEL_ONLY|WEATHER_WIND_GUST_CONTEXT|WEATHER_HIGH_UV_CONTEXT|ROUTE_PHASE_UNKNOWN|OSM_PROXIMITY_NOT_USAGE,HIGH_ROUTE_OR_IB2_CONTEXT,"Descriptive planning context evidence only. This is not ability scoring, not route suitability scoring, not THCI/radar scoring, and not a final hiking risk assessment. Weather is activity-level context unless an explicit safe route-window source is used. OSM proximity is not proof of facility use. IB3D/event annotations are not causality evidence."
20_1,2900,3000,2,CONSERVATIVE_PLANNING_RECOMMENDED,78.362,HIGH_ROUTE_LOAD_CONTEXT,ROUTE_LOAD_HIGH_CONTEXT|IB2_EFFORT_HIGH|STEPS_SURFACE_HIGH|SLOPE_HIGH,WEATHER_ACTIVITY_LEVEL_ONLY|WEATHER_WIND_GUST_CONTEXT|WEATHER_HIGH_UV_CONTEXT,BEHAVIOR_LOW_SPEED_RESPONSE,EVENT_REVIEW_REQUIRED,ROUTE_LOAD_HIGH_CONTEXT|IB2_EFFORT_HIGH|STEPS_SURFACE_HIGH|IB2_WEATHER_SENSITIVE_ROUTE_EXPOSURE_CONTEXT|WEATHER_ACTIVITY_LEVEL_ONLY|WEATHER_WIND_GUST_CONTEXT|WEATHER_HIGH_UV_CONTEXT|BEHAVIOR_LOW_SPEED_RESPONSE|ROUTE_PHASE_UNKNOWN|OSM_PROXIMITY_NOT_USAGE|SLOPE_HIGH,ROUTE_LOAD_BEHAVIOR_CANDIDATE|IB2_OR_WEATHER_CONTEXT_PRESENT,"Descriptive planning context evidence only. This is not ability scoring, not route suitability scoring, not THCI/radar scoring, and not a final hiking risk assessment. Weather is activity-level context unless an explicit safe route-window source is used. OSM proximity is not proof of facility use. IB3D/event annotations are not causality evidence."
20_1,3000,3500,10,REVIEW_FOR_CONSERVATIVE_PLANNING,42.494,LOWER_ROUTE_LOAD_CONTEXT,SLOPE_LOAD_FALLBACK_VERTICAL_RANGE,WEATHER_ACTIVITY_LEVEL_ONLY|WEATHER_WIND_GUST_CONTEXT|WEATHER_HIGH_UV_CONTEXT,BEHAVIOR_LOW_SPEED_RESPONSE,EVENT_REVIEW_REQUIRED,IB2_WEATHER_SENSITIVE_ROUTE_EXPOSURE_CONTEXT|WEATHER_ACTIVITY_LEVEL_ONLY|WEATHER_WIND_GUST_CONTEXT|WEATHER_HIGH_UV_CONTEXT|ROUTE_PHASE_UNKNOWN|OSM_PROXIMITY_NOT_USAGE|SLOPE_LOAD_FALLBACK_VERTICAL_RANGE|BEHAVIOR_LOW_SPEED_RESPONSE|IB2_SUPPORT_CONTEXT|IB2_NAVIGATION_CONTEXT|GUIDEPOST_PROXIMITY_CONTEXT|SHELTER_PROXIMITY_CONTEXT,HIGH_ROUTE_OR_IB2_CONTEXT,"Descriptive planning context evidence only. This is not ability scoring, not route suitability scoring, not THCI/radar scoring, and not a final hiking risk assessment. Weather is activity-level context unless an explicit safe route-window source is used. OSM proximity is not proof of facility use. IB3D/event annotations are not causality evidence."
20_1,3600,3800,4,CONSERVATIVE_PLANNING_RECOMMENDED,79.133,HIGH_ROUTE_LOAD_CONTEXT,ROUTE_LOAD_HIGH_CONTEXT|IB2_EFFORT_HIGH|STEPS_SURFACE_HIGH|SLOPE_LOAD_FALLBACK_VERTICAL_RANGE|TERRAIN_HIGH,WEATHER_ACTIVITY_LEVEL_ONLY|WEATHER_WIND_GUST_CONTEXT|WEATHER_HIGH_UV_CONTEXT,BEHAVIOR_RELATIVE_HIGH_HR_RESPONSE|BEHAVIOR_LOW_SPEED_RESPONSE,EVENT_REVIEW_REQUIRED,ROUTE_LOAD_HIGH_CONTEXT|IB2_EFFORT_HIGH|STEPS_SURFACE_HIGH|SLOPE_LOAD_FALLBACK_VERTICAL_RANGE|IB2_WEATHER_SENSITIVE_ROUTE_EXPOSURE_CONTEXT|SHELTER_PROXIMITY_CONTEXT|WEATHER_ACTIVITY_LEVEL_ONLY|WEATHER_WIND_GUST_CONTEXT|WEATHER_HIGH_UV_CONTEXT|BEHAVIOR_RELATIVE_HIGH_HR_RESPONSE|BEHAVIOR_LOW_SPEED_RESPONSE|ROUTE_PHASE_UNKNOWN|OSM_PROXIMITY_NOT_USAGE|TERRAIN_HIGH,ROUTE_LOAD_BEHAVIOR_CANDIDATE|IB2_OR_WEATHER_CONTEXT_PRESENT,"Descriptive planning context evidence only. This is not ability scoring, not route suitability scoring, not THCI/radar scoring, and not a final hiking risk assessment. Weather is activity-level context unless an explicit safe route-window source is used. OSM proximity is not proof of facility use. IB3D/event annotations are not causality evidence."
20_1,3800,4050,5,TURNAROUND_CONDITION_REVIEW_RECOMMENDED,100.0,VERY_HIGH_ROUTE_LOAD_CONTEXT,ROUTE_LOAD_HIGH_CONTEXT|ROUTE_LOAD_VERY_HIGH_CONTEXT|IB2_EFFORT_HIGH|TERRAIN_HIGH|STEPS_SURFACE_HIGH|SLOPE_LOAD_FALLBACK_VERTICAL_RANGE|SLOPE_HIGH|VERTICAL_RANGE_HIGH,WEATHER_ACTIVITY_LEVEL_ONLY|WEATHER_WIND_GUST_CONTEXT|WEATHER_HIGH_UV_CONTEXT,BEHAVIOR_LOW_SPEED_RESPONSE|BEHAVIOR_RELATIVE_HIGH_HR_RESPONSE,EVENT_REVIEW_REQUIRED,ROUTE_LOAD_HIGH_CONTEXT|ROUTE_LOAD_VERY_HIGH_CONTEXT|IB2_EFFORT_HIGH|TERRAIN_HIGH|STEPS_SURFACE_HIGH|SLOPE_LOAD_FALLBACK_VERTICAL_RANGE|IB2_WEATHER_SENSITIVE_ROUTE_EXPOSURE_CONTEXT|WEATHER_ACTIVITY_LEVEL_ONLY|WEATHER_WIND_GUST_CONTEXT|WEATHER_HIGH_UV_CONTEXT|BEHAVIOR_LOW_SPEED_RESPONSE|ROUTE_PHASE_UNKNOWN|OSM_PROXIMITY_NOT_USAGE|SLOPE_HIGH|BEHAVIOR_RELATIVE_HIGH_HR_RESPONSE|VERTICAL_RANGE_HIGH|WATERWAY_PROXIMITY_CONTEXT,VERY_HIGH_ROUTE_LOAD_CONTEXT|ROUTE_LOAD_BEHAVIOR_CANDIDATE|IB2_OR_WEATHER_CONTEXT_PRESENT,"Descriptive planning context evidence only. This is not ability scoring, not route suitability scoring, not THCI/radar scoring, and not a final hiking risk assessment. Weather is activity-level context unless an explicit safe route-window source is used. OSM proximity is not proof of facility use. IB3D/event annotations are not causality evidence."
20_1,4050,4100,1,CONSERVATIVE_PLANNING_RECOMMENDED,70.592,HIGH_ROUTE_LOAD_CONTEXT,ROUTE_LOAD_HIGH_CONTEXT|IB2_EFFORT_HIGH|STEPS_SURFACE_HIGH|SLOPE_LOAD_FALLBACK_VERTICAL_RANGE,WEATHER_ACTIVITY_LEVEL_ONLY|WEATHER_WIND_GUST_CONTEXT|WEATHER_HIGH_UV_CONTEXT,NONE,EVENT_REVIEW_REQUIRED,ROUTE_LOAD_HIGH_CONTEXT|IB2_EFFORT_HIGH|STEPS_SURFACE_HIGH|SLOPE_LOAD_FALLBACK_VERTICAL_RANGE|IB2_WEATHER_SENSITIVE_ROUTE_EXPOSURE_CONTEXT|WATERWAY_PROXIMITY_CONTEXT|WEATHER_ACTIVITY_LEVEL_ONLY|WEATHER_WIND_GUST_CONTEXT|WEATHER_HIGH_UV_CONTEXT|ROUTE_PHASE_UNKNOWN|OSM_PROXIMITY_NOT_USAGE,IB2_OR_WEATHER_CONTEXT_PRESENT,"Descriptive planning context evidence only. This is not ability scoring, not route suitability scoring, not THCI/radar scoring, and not a final hiking risk assessment. Weather is activity-level context unless an explicit safe route-window source is used. OSM proximity is not proof of facility use. IB3D/event annotations are not causality evidence."
20_1,4100,4200,2,REVIEW_FOR_CONSERVATIVE_PLANNING,57.795,LOWER_ROUTE_LOAD_CONTEXT,SLOPE_LOAD_FALLBACK_VERTICAL_RANGE|IB2_EFFORT_HIGH|STEPS_SURFACE_HIGH,WEATHER_ACTIVITY_LEVEL_ONLY|WEATHER_WIND_GUST_CONTEXT|WEATHER_HIGH_UV_CONTEXT,BEHAVIOR_LOW_SPEED_RESPONSE,EVENT_REVIEW_REQUIRED,SLOPE_LOAD_FALLBACK_VERTICAL_RANGE|IB2_NAVIGATION_CONTEXT|IB2_WEATHER_SENSITIVE_ROUTE_EXPOSURE_CONTEXT|WATERWAY_PROXIMITY_CONTEXT|GUIDEPOST_PROXIMITY_CONTEXT|WEATHER_ACTIVITY_LEVEL_ONLY|WEATHER_WIND_GUST_CONTEXT|WEATHER_HIGH_UV_CONTEXT|ROUTE_PHASE_UNKNOWN|OSM_PROXIMITY_NOT_USAGE|IB2_EFFORT_HIGH|STEPS_SURFACE_HIGH|BEHAVIOR_LOW_SPEED_RESPONSE,HIGH_ROUTE_OR_IB2_CONTEXT,"Descriptive planning context evidence only. This is not ability scoring, not route suitability scoring, not THCI/radar scoring, and not a final hiking risk assessment. Weather is activity-level context unless an explicit safe route-window source is used. OSM proximity is not proof of facility use. IB3D/event annotations are not causality evidence."
23_1,0,100,2,REVIEW_FOR_CONSERVATIVE_PLANNING,53.915,LOWER_ROUTE_LOAD_CONTEXT,SLOPE_LOAD_FALLBACK_VERTICAL_RANGE|IB2_EFFORT_HIGH,WEATHER_ACTIVITY_LEVEL_ONLY|WEATHER_WIND_GUST_CONTEXT|WEATHER_HIGH_UV_CONTEXT,BEHAVIOR_LOW_SPEED_RESPONSE,EVENT_REVIEW_REQUIRED,SLOPE_LOAD_FALLBACK_VERTICAL_RANGE|IB2_NAVIGATION_CONTEXT|IB2_WEATHER_SENSITIVE_ROUTE_EXPOSURE_CONTEXT|WATERWAY_PROXIMITY_CONTEXT|GUIDEPOST_PROXIMITY_CONTEXT|WEATHER_ACTIVITY_LEVEL_ONLY|WEATHER_WIND_GUST_CONTEXT|WEATHER_HIGH_UV_CONTEXT|BEHAVIOR_LOW_SPEED_RESPONSE|ROUTE_PHASE_UNKNOWN|OSM_PROXIMITY_NOT_USAGE|IB2_EFFORT_HIGH,HIGH_ROUTE_OR_IB2_CONTEXT,"Descriptive planning context evidence only. This is not ability scoring, not route suitability scoring, not THCI/radar scoring, and not a final hiking risk assessment. Weather is activity-level context unless an explicit safe route-window source is used. OSM proximity is not proof of facility use. IB3D/event annotations are not causality evidence."
23_1,100,150,1,CONSERVATIVE_PLANNING_RECOMMENDED,70.916,HIGH_ROUTE_LOAD_CONTEXT,ROUTE_LOAD_HIGH_CONTEXT|IB2_EFFORT_HIGH|STEPS_SURFACE_HIGH,WEATHER_ACTIVITY_LEVEL_ONLY|WEATHER_WIND_GUST_CONTEXT|WEATHER_HIGH_UV_CONTEXT,BEHAVIOR_LOW_SPEED_RESPONSE,EVENT_REVIEW_REQUIRED,ROUTE_LOAD_HIGH_CONTEXT|IB2_EFFORT_HIGH|STEPS_SURFACE_HIGH|IB2_WEATHER_SENSITIVE_ROUTE_EXPOSURE_CONTEXT|WATERWAY_PROXIMITY_CONTEXT|WEATHER_ACTIVITY_LEVEL_ONLY|WEATHER_WIND_GUST_CONTEXT|WEATHER_HIGH_UV_CONTEXT|BEHAVIOR_LOW_SPEED_RESPONSE|ROUTE_PHASE_UNKNOWN|OSM_PROXIMITY_NOT_USAGE,ROUTE_LOAD_BEHAVIOR_CANDIDATE|IB2_OR_WEATHER_CONTEXT_PRESENT,"Descriptive planning context evidence only. This is not ability scoring, not route suitability scoring, not THCI/radar scoring, and not a final hiking risk assessment. Weather is activity-level context unless an explicit safe route-window source is used. OSM proximity is not proof of facility use. IB3D/event annotations are not causality evidence."
23_1,150,300,3,TURNAROUND_CONDITION_REVIEW_RECOMMENDED,100.0,VERY_HIGH_ROUTE_LOAD_CONTEXT,ROUTE_LOAD_HIGH_CONTEXT|ROUTE_LOAD_VERY_HIGH_CONTEXT|VERTICAL_RANGE_HIGH|SLOPE_HIGH|IB2_EFFORT_HIGH|TERRAIN_HIGH|STEPS_SURFACE_HIGH|SLOPE_LOAD_FALLBACK_VERTICAL_RANGE,WEATHER_ACTIVITY_LEVEL_ONLY|WEATHER_WIND_GUST_CONTEXT|WEATHER_HIGH_UV_CONTEXT,BEHAVIOR_LOW_SPEED_RESPONSE|BEHAVIOR_RELATIVE_HIGH_HR_RESPONSE,EVENT_REVIEW_REQUIRED,ROUTE_LOAD_HIGH_CONTEXT|ROUTE_LOAD_VERY_HIGH_CONTEXT|VERTICAL_RANGE_HIGH|SLOPE_HIGH|IB2_EFFORT_HIGH|TERRAIN_HIGH|STEPS_SURFACE_HIGH|IB2_WEATHER_SENSITIVE_ROUTE_EXPOSURE_CONTEXT|WATERWAY_PROXIMITY_CONTEXT|WEATHER_ACTIVITY_LEVEL_ONLY|WEATHER_WIND_GUST_CONTEXT|WEATHER_HIGH_UV_CONTEXT|BEHAVIOR_LOW_SPEED_RESPONSE|ROUTE_PHASE_UNKNOWN|OSM_PROXIMITY_NOT_USAGE|SLOPE_LOAD_FALLBACK_VERTICAL_RANGE|BEHAVIOR_RELATIVE_HIGH_HR_RESPONSE,VERY_HIGH_ROUTE_LOAD_CONTEXT|ROUTE_LOAD_BEHAVIOR_CANDIDATE|IB2_OR_WEATHER_CONTEXT_PRESENT,"Descriptive planning context evidence only. This is not ability scoring, not route suitability scoring, not THCI/radar scoring, and not a final hiking risk assessment. Weather is activity-level context unless an explicit safe route-window source is used. OSM proximity is not proof of facility use. IB3D/event annotations are not causality evidence."
23_1,300,350,1,CONSERVATIVE_PLANNING_RECOMMENDED,69.318,HIGH_ROUTE_LOAD_CONTEXT,ROUTE_LOAD_HIGH_CONTEXT|IB2_EFFORT_HIGH|TERRAIN_HIGH|STEPS_SURFACE_HIGH|SLOPE_LOAD_FALLBACK_VERTICAL_RANGE,WEATHER_ACTIVITY_LEVEL_ONLY|WEATHER_WIND_GUST_CONTEXT|WEATHER_HIGH_UV_CONTEXT,BEHAVIOR_LOW_SPEED_RESPONSE,EVENT_REVIEW_REQUIRED,ROUTE_LOAD_HIGH_CONTEXT|IB2_EFFORT_HIGH|TERRAIN_HIGH|STEPS_SURFACE_HIGH|SLOPE_LOAD_FALLBACK_VERTICAL_RANGE|IB2_WEATHER_SENSITIVE_ROUTE_EXPOSURE_CONTEXT|WEATHER_ACTIVITY_LEVEL_ONLY|WEATHER_WIND_GUST_CONTEXT|WEATHER_HIGH_UV_CONTEXT|BEHAVIOR_LOW_SPEED_RESPONSE|ROUTE_PHASE_UNKNOWN|OSM_PROXIMITY_NOT_USAGE,ROUTE_LOAD_BEHAVIOR_CANDIDATE|IB2_OR_WEATHER_CONTEXT_PRESENT,"Descriptive planning context evidence only. This is not ability scoring, not route suitability scoring, not THCI/radar scoring, and not a final hiking risk assessment. Weather is activity-level context unless an explicit safe route-window source is used. OSM proximity is not proof of facility use. IB3D/event annotations are not causality evidence."
23_1,350,400,1,TURNAROUND_CONDITION_REVIEW_RECOMMENDED,89.72,VERY_HIGH_ROUTE_LOAD_CONTEXT,ROUTE_LOAD_HIGH_CONTEXT|ROUTE_LOAD_VERY_HIGH_CONTEXT|VERTICAL_RANGE_HIGH|SLOPE_HIGH|IB2_EFFORT_HIGH|TERRAIN_HIGH|STEPS_SURFACE_HIGH|SLOPE_LOAD_FALLBACK_VERTICAL_RANGE,WEATHER_ACTIVITY_LEVEL_ONLY|WEATHER_WIND_GUST_CONTEXT|WEATHER_HIGH_UV_CONTEXT,BEHAVIOR_LOW_SPEED_RESPONSE,EVENT_REVIEW_REQUIRED,ROUTE_LOAD_HIGH_CONTEXT|ROUTE_LOAD_VERY_HIGH_CONTEXT|VERTICAL_RANGE_HIGH|SLOPE_HIGH|IB2_EFFORT_HIGH|TERRAIN_HIGH|STEPS_SURFACE_HIGH|SLOPE_LOAD_FALLBACK_VERTICAL_RANGE|IB2_WEATHER_SENSITIVE_ROUTE_EXPOSURE_CONTEXT|WEATHER_ACTIVITY_LEVEL_ONLY|WEATHER_WIND_GUST_CONTEXT|WEATHER_HIGH_UV_CONTEXT|BEHAVIOR_LOW_SPEED_RESPONSE|ROUTE_PHASE_UNKNOWN|OSM_PROXIMITY_NOT_USAGE,VERY_HIGH_ROUTE_LOAD_CONTEXT|ROUTE_LOAD_BEHAVIOR_CANDIDATE|IB2_OR_WEATHER_CONTEXT_PRESENT,"Descriptive planning context evidence only. This is not ability scoring, not route suitability scoring, not THCI/radar scoring, and not a final hiking risk assessment. Weather is activity-level context unless an explicit safe route-window source is used. OSM proximity is not proof of facility use. IB3D/event annotations are not causality evidence."
23_1,400,500,2,CONSERVATIVE_PLANNING_RECOMMENDED,79.928,HIGH_ROUTE_LOAD_CONTEXT,ROUTE_LOAD_HIGH_CONTEXT|IB2_EFFORT_HIGH|STEPS_SURFACE_HIGH|TERRAIN_HIGH|SLOPE_LOAD_FALLBACK_VERTICAL_RANGE,WEATHER_ACTIVITY_LEVEL_ONLY|WEATHER_WIND_GUST_CONTEXT|WEATHER_HIGH_UV_CONTEXT,BEHAVIOR_LOW_SPEED_RESPONSE,EVENT_REVIEW_REQUIRED,ROUTE_LOAD_HIGH_CONTEXT|IB2_EFFORT_HIGH|STEPS_SURFACE_HIGH|IB2_WEATHER_SENSITIVE_ROUTE_EXPOSURE_CONTEXT|WEATHER_ACTIVITY_LEVEL_ONLY|WEATHER_WIND_GUST_CONTEXT|WEATHER_HIGH_UV_CONTEXT|BEHAVIOR_LOW_SPEED_RESPONSE|ROUTE_PHASE_UNKNOWN|OSM_PROXIMITY_NOT_USAGE|TERRAIN_HIGH|SLOPE_LOAD_FALLBACK_VERTICAL_RANGE,ROUTE_LOAD_BEHAVIOR_CANDIDATE|IB2_OR_WEATHER_CONTEXT_PRESENT,"Descriptive planning context evidence only. This is not ability scoring, not route suitability scoring, not THCI/radar scoring, and not a final hiking risk assessment. Weather is activity-level context unless an explicit safe route-window source is used. OSM proximity is not proof of facility use. IB3D/event annotations are not causality evidence."
23_1,500,550,1,TURNAROUND_CONDITION_REVIEW_RECOMMENDED,81.359,VERY_HIGH_ROUTE_LOAD_CONTEXT,ROUTE_LOAD_HIGH_CONTEXT|ROUTE_LOAD_VERY_HIGH_CONTEXT|IB2_EFFORT_HIGH|STEPS_SURFACE_HIGH|SLOPE_LOAD_FALLBACK_VERTICAL_RANGE,WEATHER_ACTIVITY_LEVEL_ONLY|WEATHER_WIND_GUST_CONTEXT|WEATHER_HIGH_UV_CONTEXT,BEHAVIOR_LOW_SPEED_RESPONSE,EVENT_REVIEW_REQUIRED,ROUTE_LOAD_HIGH_CONTEXT|ROUTE_LOAD_VERY_HIGH_CONTEXT|IB2_EFFORT_HIGH|STEPS_SURFACE_HIGH|SLOPE_LOAD_FALLBACK_VERTICAL_RANGE|IB2_WEATHER_SENSITIVE_ROUTE_EXPOSURE_CONTEXT|WEATHER_ACTIVITY_LEVEL_ONLY|WEATHER_WIND_GUST_CONTEXT|WEATHER_HIGH_UV_CONTEXT|BEHAVIOR_LOW_SPEED_RESPONSE|ROUTE_PHASE_UNKNOWN|OSM_PROXIMITY_NOT_USAGE,VERY_HIGH_ROUTE_LOAD_CONTEXT|ROUTE_LOAD_BEHAVIOR_CANDIDATE|IB2_OR_WEATHER_CONTEXT_PRESENT,"Descriptive planning context evidence only. This is not ability scoring, not route suitability scoring, not THCI/radar scoring, and not a final hiking risk assessment. Weather is activity-level context unless an explicit safe route-window source is used. OSM proximity is not proof of facility use. IB3D/event annotations are not causality evidence."
23_1,550,1200,13,REVIEW_FOR_CONSERVATIVE_PLANNING,46.388,LOWER_ROUTE_LOAD_CONTEXT,IB2_EFFORT_HIGH|SLOPE_HIGH|SLOPE_LOAD_FALLBACK_VERTICAL_RANGE,WEATHER_ACTIVITY_LEVEL_ONLY|WEATHER_WIND_GUST_CONTEXT|WEATHER_HIGH_UV_CONTEXT,BEHAVIOR_RELATIVE_HIGH_HR_RESPONSE|BEHAVIOR_LOW_SPEED_RESPONSE,EVENT_REVIEW_REQUIRED,IB2_EFFORT_HIGH|IB2_WEATHER_SENSITIVE_ROUTE_EXPOSURE_CONTEXT|SHELTER_PROXIMITY_CONTEXT|WEATHER_ACTIVITY_LEVEL_ONLY|WEATHER_WIND_GUST_CONTEXT|WEATHER_HIGH_UV_CONTEXT|BEHAVIOR_RELATIVE_HIGH_HR_RESPONSE|BEHAVIOR_LOW_SPEED_RESPONSE|ROUTE_PHASE_UNKNOWN|OSM_PROXIMITY_NOT_USAGE|SLOPE_HIGH|IB2_NAVIGATION_CONTEXT|GUIDEPOST_PROXIMITY_CONTEXT|SLOPE_LOAD_FALLBACK_VERTICAL_RANGE|IB2_SUPPORT_CONTEXT,HIGH_ROUTE_OR_IB2_CONTEXT,"Descriptive planning context evidence only. This is not ability scoring, not route suitability scoring, not THCI/radar scoring, and not a final hiking risk assessment. Weather is activity-level context unless an explicit safe route-window source is used. OSM proximity is not proof of facility use. IB3D/event annotations are not causality evidence."
23_1,1200,1350,3,CONSERVATIVE_PLANNING_RECOMMENDED,71.659,HIGH_ROUTE_LOAD_CONTEXT,ROUTE_LOAD_HIGH_CONTEXT|IB2_EFFORT_HIGH|STEPS_SURFACE_HIGH|SLOPE_LOAD_FALLBACK_VERTICAL_RANGE,WEATHER_ACTIVITY_LEVEL_ONLY|WEATHER_WIND_GUST_CONTEXT|WEATHER_HIGH_UV_CONTEXT,BEHAVIOR_LOW_SPEED_RESPONSE,NONE,ROUTE_LOAD_HIGH_CONTEXT|IB2_EFFORT_HIGH|STEPS_SURFACE_HIGH|IB2_WEATHER_SENSITIVE_ROUTE_EXPOSURE_CONTEXT|WEATHER_ACTIVITY_LEVEL_ONLY|WEATHER_WIND_GUST_CONTEXT|WEATHER_HIGH_UV_CONTEXT|BEHAVIOR_LOW_SPEED_RESPONSE|ROUTE_PHASE_UNKNOWN|OSM_PROXIMITY_NOT_USAGE|SLOPE_LOAD_FALLBACK_VERTICAL_RANGE,ROUTE_LOAD_BEHAVIOR_CANDIDATE|IB2_OR_WEATHER_CONTEXT_PRESENT,"Descriptive planning context evidence only. This is not ability scoring, not route suitability scoring, not THCI/radar scoring, and not a final hiking risk assessment. Weather is activity-level context unless an explicit safe route-window source is used. OSM proximity is not proof of facility use. IB3D/event annotations are not causality evidence."
23_1,1350,1650,6,TURNAROUND_CONDITION_REVIEW_RECOMMENDED,100.0,VERY_HIGH_ROUTE_LOAD_CONTEXT,ROUTE_LOAD_HIGH_CONTEXT|ROUTE_LOAD_VERY_HIGH_CONTEXT|VERTICAL_RANGE_HIGH|SLOPE_HIGH|IB2_EFFORT_HIGH|TERRAIN_HIGH|STEPS_SURFACE_HIGH,WEATHER_ACTIVITY_LEVEL_ONLY|WEATHER_WIND_GUST_CONTEXT|WEATHER_HIGH_UV_CONTEXT,BEHAVIOR_RELATIVE_HIGH_HR_RESPONSE|BEHAVIOR_LOW_SPEED_RESPONSE,NONE,ROUTE_LOAD_HIGH_CONTEXT|ROUTE_LOAD_VERY_HIGH_CONTEXT|VERTICAL_RANGE_HIGH|SLOPE_HIGH|IB2_EFFORT_HIGH|TERRAIN_HIGH|STEPS_SURFACE_HIGH|IB2_WEATHER_SENSITIVE_ROUTE_EXPOSURE_CONTEXT|WEATHER_ACTIVITY_LEVEL_ONLY|WEATHER_WIND_GUST_CONTEXT|WEATHER_HIGH_UV_CONTEXT|BEHAVIOR_RELATIVE_HIGH_HR_RESPONSE|BEHAVIOR_LOW_SPEED_RESPONSE|ROUTE_PHASE_UNKNOWN|OSM_PROXIMITY_NOT_USAGE,VERY_HIGH_ROUTE_LOAD_CONTEXT|ROUTE_LOAD_BEHAVIOR_CANDIDATE|IB2_OR_WEATHER_CONTEXT_PRESENT,"Descriptive planning context evidence only. This is not ability scoring, not route suitability scoring, not THCI/radar scoring, and not a final hiking risk assessment. Weather is activity-level context unless an explicit safe route-window source is used. OSM proximity is not proof of facility use. IB3D/event annotations are not causality evidence."
23_1,1650,1850,4,REVIEW_FOR_CONSERVATIVE_PLANNING,57.024,MODERATE_ROUTE_LOAD_CONTEXT,IB2_EFFORT_HIGH|STEPS_SURFACE_HIGH|SLOPE_LOAD_FALLBACK_VERTICAL_RANGE,WEATHER_ACTIVITY_LEVEL_ONLY|WEATHER_WIND_GUST_CONTEXT|WEATHER_HIGH_UV_CONTEXT,BEHAVIOR_LOW_SPEED_RESPONSE,NONE,IB2_EFFORT_HIGH|STEPS_SURFACE_HIGH|SLOPE_LOAD_FALLBACK_VERTICAL_RANGE|IB2_WEATHER_SENSITIVE_ROUTE_EXPOSURE_CONTEXT|WEATHER_ACTIVITY_LEVEL_ONLY|WEATHER_WIND_GUST_CONTEXT|WEATHER_HIGH_UV_CONTEXT|BEHAVIOR_LOW_SPEED_RESPONSE|ROUTE_PHASE_UNKNOWN|OSM_PROXIMITY_NOT_USAGE|IB2_NAVIGATION_CONTEXT|GUIDEPOST_PROXIMITY_CONTEXT,HIGH_ROUTE_OR_IB2_CONTEXT,"Descriptive planning context evidence only. This is not ability scoring, not route suitability scoring, not THCI/radar scoring, and not a final hiking risk assessment. Weather is activity-level context unless an explicit safe route-window source is used. OSM proximity is not proof of facility use. IB3D/event annotations are not causality evidence."
23_1,1850,1900,1,TURNAROUND_CONDITION_REVIEW_RECOMMENDED,91.158,VERY_HIGH_ROUTE_LOAD_CONTEXT,ROUTE_LOAD_HIGH_CONTEXT|ROUTE_LOAD_VERY_HIGH_CONTEXT|VERTICAL_RANGE_HIGH|SLOPE_HIGH|IB2_EFFORT_HIGH|TERRAIN_HIGH|STEPS_SURFACE_HIGH|SLOPE_LOAD_FALLBACK_VERTICAL_RANGE,WEATHER_ACTIVITY_LEVEL_ONLY|WEATHER_WIND_GUST_CONTEXT|WEATHER_HIGH_UV_CONTEXT,BEHAVIOR_LOW_SPEED_RESPONSE,NONE,ROUTE_LOAD_HIGH_CONTEXT|ROUTE_LOAD_VERY_HIGH_CONTEXT|VERTICAL_RANGE_HIGH|SLOPE_HIGH|IB2_EFFORT_HIGH|TERRAIN_HIGH|STEPS_SURFACE_HIGH|SLOPE_LOAD_FALLBACK_VERTICAL_RANGE|IB2_WEATHER_SENSITIVE_ROUTE_EXPOSURE_CONTEXT|WEATHER_ACTIVITY_LEVEL_ONLY|WEATHER_WIND_GUST_CONTEXT|WEATHER_HIGH_UV_CONTEXT|BEHAVIOR_LOW_SPEED_RESPONSE|ROUTE_PHASE_UNKNOWN|OSM_PROXIMITY_NOT_USAGE,VERY_HIGH_ROUTE_LOAD_CONTEXT|ROUTE_LOAD_BEHAVIOR_CANDIDATE|IB2_OR_WEATHER_CONTEXT_PRESENT,"Descriptive planning context evidence only. This is not ability scoring, not route suitability scoring, not THCI/radar scoring, and not a final hiking risk assessment. Weather is activity-level context unless an explicit safe route-window source is used. OSM proximity is not proof of facility use. IB3D/event annotations are not causality evidence."
23_1,1900,1950,1,REVIEW_FOR_CONSERVATIVE_PLANNING,50.27,MODERATE_ROUTE_LOAD_CONTEXT,IB2_EFFORT_HIGH|STEPS_SURFACE_HIGH|SLOPE_LOAD_FALLBACK_VERTICAL_RANGE,WEATHER_ACTIVITY_LEVEL_ONLY|WEATHER_WIND_GUST_CONTEXT|WEATHER_HIGH_UV_CONTEXT,BEHAVIOR_LOW_SPEED_RESPONSE,NONE,IB2_EFFORT_HIGH|STEPS_SURFACE_HIGH|SLOPE_LOAD_FALLBACK_VERTICAL_RANGE|IB2_NAVIGATION_CONTEXT|IB2_WEATHER_SENSITIVE_ROUTE_EXPOSURE_CONTEXT|GUIDEPOST_PROXIMITY_CONTEXT|WEATHER_ACTIVITY_LEVEL_ONLY|WEATHER_WIND_GUST_CONTEXT|WEATHER_HIGH_UV_CONTEXT|BEHAVIOR_LOW_SPEED_RESPONSE|ROUTE_PHASE_UNKNOWN|OSM_PROXIMITY_NOT_USAGE,HIGH_ROUTE_OR_IB2_CONTEXT,"Descriptive planning context evidence only. This is not ability scoring, not route suitability scoring, not THCI/radar scoring, and not a final hiking risk assessment. Weather is activity-level context unless an explicit safe route-window source is used. OSM proximity is not proof of facility use. IB3D/event annotations are not causality evidence."
23_1,1950,2050,2,TURNAROUND_CONDITION_REVIEW_RECOMMENDED,90.043,VERY_HIGH_ROUTE_LOAD_CONTEXT,ROUTE_LOAD_HIGH_CONTEXT|ROUTE_LOAD_VERY_HIGH_CONTEXT|VERTICAL_RANGE_HIGH|SLOPE_HIGH|IB2_EFFORT_HIGH|STEPS_SURFACE_HIGH|SLOPE_LOAD_FALLBACK_VERTICAL_RANGE,WEATHER_ACTIVITY_LEVEL_ONLY|WEATHER_WIND_GUST_CONTEXT|WEATHER_HIGH_UV_CONTEXT,BEHAVIOR_LOW_SPEED_RESPONSE,NONE,ROUTE_LOAD_HIGH_CONTEXT|ROUTE_LOAD_VERY_HIGH_CONTEXT|VERTICAL_RANGE_HIGH|SLOPE_HIGH|IB2_EFFORT_HIGH|STEPS_SURFACE_HIGH|IB2_NAVIGATION_CONTEXT|IB2_WEATHER_SENSITIVE_ROUTE_EXPOSURE_CONTEXT|GUIDEPOST_PROXIMITY_CONTEXT|WEATHER_ACTIVITY_LEVEL_ONLY|WEATHER_WIND_GUST_CONTEXT|WEATHER_HIGH_UV_CONTEXT|BEHAVIOR_LOW_SPEED_RESPONSE|ROUTE_PHASE_UNKNOWN|OSM_PROXIMITY_NOT_USAGE|SLOPE_LOAD_FALLBACK_VERTICAL_RANGE,VERY_HIGH_ROUTE_LOAD_CONTEXT|ROUTE_LOAD_BEHAVIOR_CANDIDATE|IB2_OR_WEATHER_CONTEXT_PRESENT,"Descriptive planning context evidence only. This is not ability scoring, not route suitability scoring, not THCI/radar scoring, and not a final hiking risk assessment. Weather is activity-level context unless an explicit safe route-window source is used. OSM proximity is not proof of facility use. IB3D/event annotations are not causality evidence."
23_1,2050,2100,1,REVIEW_FOR_CONSERVATIVE_PLANNING,53.319,MODERATE_ROUTE_LOAD_CONTEXT,IB2_EFFORT_HIGH|STEPS_SURFACE_HIGH,WEATHER_ACTIVITY_LEVEL_ONLY|WEATHER_WIND_GUST_CONTEXT|WEATHER_HIGH_UV_CONTEXT,BEHAVIOR_LOW_SPEED_RESPONSE,EVENT_REVIEW_REQUIRED,IB2_EFFORT_HIGH|STEPS_SURFACE_HIGH|IB2_NAVIGATION_CONTEXT|IB2_WEATHER_SENSITIVE_ROUTE_EXPOSURE_CONTEXT|GUIDEPOST_PROXIMITY_CONTEXT|WEATHER_ACTIVITY_LEVEL_ONLY|WEATHER_WIND_GUST_CONTEXT|WEATHER_HIGH_UV_CONTEXT|BEHAVIOR_LOW_SPEED_RESPONSE|ROUTE_PHASE_UNKNOWN|OSM_PROXIMITY_NOT_USAGE,HIGH_ROUTE_OR_IB2_CONTEXT,"Descriptive planning context evidence only. This is not ability scoring, not route suitability scoring, not THCI/radar scoring, and not a final hiking risk assessment. Weather is activity-level context unless an explicit safe route-window source is used. OSM proximity is not proof of facility use. IB3D/event annotations are not causality evidence."
23_1,2100,2150,1,CONSERVATIVE_PLANNING_RECOMMENDED,60.277,HIGH_ROUTE_LOAD_CONTEXT,ROUTE_LOAD_HIGH_CONTEXT|IB2_EFFORT_HIGH|STEPS_SURFACE_HIGH,WEATHER_ACTIVITY_LEVEL_ONLY|WEATHER_WIND_GUST_CONTEXT|WEATHER_HIGH_UV_CONTEXT,BEHAVIOR_LOW_SPEED_RESPONSE,EVENT_REVIEW_REQUIRED,ROUTE_LOAD_HIGH_CONTEXT|IB2_EFFORT_HIGH|STEPS_SURFACE_HIGH|IB2_NAVIGATION_CONTEXT|IB2_WEATHER_SENSITIVE_ROUTE_EXPOSURE_CONTEXT|GUIDEPOST_PROXIMITY_CONTEXT|WEATHER_ACTIVITY_LEVEL_ONLY|WEATHER_WIND_GUST_CONTEXT|WEATHER_HIGH_UV_CONTEXT|BEHAVIOR_LOW_SPEED_RESPONSE|ROUTE_PHASE_UNKNOWN|OSM_PROXIMITY_NOT_USAGE,ROUTE_LOAD_BEHAVIOR_CANDIDATE|IB2_OR_WEATHER_CONTEXT_PRESENT,"Descriptive planning context evidence only. This is not ability scoring, not route suitability scoring, not THCI/radar scoring, and not a final hiking risk assessment. Weather is activity-level context unless an explicit safe route-window source is used. OSM proximity is not proof of facility use. IB3D/event annotations are not causality evidence."
23_1,2150,2250,2,TURNAROUND_CONDITION_REVIEW_RECOMMENDED,84.307,VERY_HIGH_ROUTE_LOAD_CONTEXT,ROUTE_LOAD_HIGH_CONTEXT|ROUTE_LOAD_VERY_HIGH_CONTEXT|SLOPE_HIGH|IB2_EFFORT_HIGH|STEPS_SURFACE_HIGH|SLOPE_LOAD_FALLBACK_VERTICAL_RANGE,WEATHER_ACTIVITY_LEVEL_ONLY|WEATHER_WIND_GUST_CONTEXT|WEATHER_HIGH_UV_CONTEXT,BEHAVIOR_LOW_SPEED_RESPONSE,EVENT_REVIEW_REQUIRED,ROUTE_LOAD_HIGH_CONTEXT|ROUTE_LOAD_VERY_HIGH_CONTEXT|SLOPE_HIGH|IB2_EFFORT_HIGH|STEPS_SURFACE_HIGH|IB2_WEATHER_SENSITIVE_ROUTE_EXPOSURE_CONTEXT|WEATHER_ACTIVITY_LEVEL_ONLY|WEATHER_WIND_GUST_CONTEXT|WEATHER_HIGH_UV_CONTEXT|BEHAVIOR_LOW_SPEED_RESPONSE|ROUTE_PHASE_UNKNOWN|OSM_PROXIMITY_NOT_USAGE|SLOPE_LOAD_FALLBACK_VERTICAL_RANGE|IB2_NAVIGATION_CONTEXT|GUIDEPOST_PROXIMITY_CONTEXT,VERY_HIGH_ROUTE_LOAD_CONTEXT|ROUTE_LOAD_BEHAVIOR_CANDIDATE|IB2_OR_WEATHER_CONTEXT_PRESENT,"Descriptive planning context evidence only. This is not ability scoring, not route suitability scoring, not THCI/radar scoring, and not a final hiking risk assessment. Weather is activity-level context unless an explicit safe route-window source is used. OSM proximity is not proof of facility use. IB3D/event annotations are not causality evidence."
23_1,2250,2300,1,REVIEW_FOR_CONSERVATIVE_PLANNING,49.925,MODERATE_ROUTE_LOAD_CONTEXT,IB2_EFFORT_HIGH|STEPS_SURFACE_HIGH|SLOPE_LOAD_FALLBACK_VERTICAL_RANGE,WEATHER_ACTIVITY_LEVEL_ONLY|WEATHER_WIND_GUST_CONTEXT|WEATHER_HIGH_UV_CONTEXT,BEHAVIOR_LOW_SPEED_RESPONSE,EVENT_REVIEW_REQUIRED,IB2_EFFORT_HIGH|STEPS_SURFACE_HIGH|SLOPE_LOAD_FALLBACK_VERTICAL_RANGE|IB2_NAVIGATION_CONTEXT|IB2_WEATHER_SENSITIVE_ROUTE_EXPOSURE_CONTEXT|GUIDEPOST_PROXIMITY_CONTEXT|WEATHER_ACTIVITY_LEVEL_ONLY|WEATHER_WIND_GUST_CONTEXT|WEATHER_HIGH_UV_CONTEXT|BEHAVIOR_LOW_SPEED_RESPONSE|ROUTE_PHASE_UNKNOWN|OSM_PROXIMITY_NOT_USAGE,HIGH_ROUTE_OR_IB2_CONTEXT,"Descriptive planning context evidence only. This is not ability scoring, not route suitability scoring, not THCI/radar scoring, and not a final hiking risk assessment. Weather is activity-level context unless an explicit safe route-window source is used. OSM proximity is not proof of facility use. IB3D/event annotations are not causality evidence."
23_1,2300,2350,1,TURNAROUND_CONDITION_REVIEW_RECOMMENDED,91.277,VERY_HIGH_ROUTE_LOAD_CONTEXT,ROUTE_LOAD_HIGH_CONTEXT|ROUTE_LOAD_VERY_HIGH_CONTEXT|VERTICAL_RANGE_HIGH|SLOPE_HIGH|IB2_EFFORT_HIGH|STEPS_SURFACE_HIGH|SLOPE_LOAD_FALLBACK_VERTICAL_RANGE,WEATHER_ACTIVITY_LEVEL_ONLY|WEATHER_WIND_GUST_CONTEXT|WEATHER_HIGH_UV_CONTEXT,BEHAVIOR_LOW_SPEED_RESPONSE,EVENT_REVIEW_REQUIRED,ROUTE_LOAD_HIGH_CONTEXT|ROUTE_LOAD_VERY_HIGH_CONTEXT|VERTICAL_RANGE_HIGH|SLOPE_HIGH|IB2_EFFORT_HIGH|STEPS_SURFACE_HIGH|SLOPE_LOAD_FALLBACK_VERTICAL_RANGE|IB2_WEATHER_SENSITIVE_ROUTE_EXPOSURE_CONTEXT|WEATHER_ACTIVITY_LEVEL_ONLY|WEATHER_WIND_GUST_CONTEXT|WEATHER_HIGH_UV_CONTEXT|BEHAVIOR_LOW_SPEED_RESPONSE|ROUTE_PHASE_UNKNOWN|OSM_PROXIMITY_NOT_USAGE,VERY_HIGH_ROUTE_LOAD_CONTEXT|ROUTE_LOAD_BEHAVIOR_CANDIDATE|IB2_OR_WEATHER_CONTEXT_PRESENT,"Descriptive planning context evidence only. This is not ability scoring, not route suitability scoring, not THCI/radar scoring, and not a final hiking risk assessment. Weather is activity-level context unless an explicit safe route-window source is used. OSM proximity is not proof of facility use. IB3D/event annotations are not causality evidence."
23_1,2350,2400,1,CONSERVATIVE_PLANNING_RECOMMENDED,69.275,HIGH_ROUTE_LOAD_CONTEXT,ROUTE_LOAD_HIGH_CONTEXT|IB2_EFFORT_HIGH|SLOPE_LOAD_FALLBACK_VERTICAL_RANGE,WEATHER_ACTIVITY_LEVEL_ONLY|WEATHER_WIND_GUST_CONTEXT|WEATHER_HIGH_UV_CONTEXT,BEHAVIOR_LOW_SPEED_RESPONSE,EVENT_REVIEW_REQUIRED,ROUTE_LOAD_HIGH_CONTEXT|IB2_EFFORT_HIGH|SLOPE_LOAD_FALLBACK_VERTICAL_RANGE|IB2_NAVIGATION_CONTEXT|IB2_WEATHER_SENSITIVE_ROUTE_EXPOSURE_CONTEXT|GUIDEPOST_PROXIMITY_CONTEXT|WEATHER_ACTIVITY_LEVEL_ONLY|WEATHER_WIND_GUST_CONTEXT|WEATHER_HIGH_UV_CONTEXT|BEHAVIOR_LOW_SPEED_RESPONSE|ROUTE_PHASE_UNKNOWN|OSM_PROXIMITY_NOT_USAGE,ROUTE_LOAD_BEHAVIOR_CANDIDATE|IB2_OR_WEATHER_CONTEXT_PRESENT,"Descriptive planning context evidence only. This is not ability scoring, not route suitability scoring, not THCI/radar scoring, and not a final hiking risk assessment. Weather is activity-level context unless an explicit safe route-window source is used. OSM proximity is not proof of facility use. IB3D/event annotations are not causality evidence."
23_1,2400,2500,2,REVIEW_FOR_CONSERVATIVE_PLANNING,52.05,MODERATE_ROUTE_LOAD_CONTEXT,IB2_EFFORT_HIGH|SLOPE_LOAD_FALLBACK_VERTICAL_RANGE,WEATHER_ACTIVITY_LEVEL_ONLY|WEATHER_WIND_GUST_CONTEXT|WEATHER_HIGH_UV_CONTEXT,BEHAVIOR_RELATIVE_HIGH_HR_RESPONSE|BEHAVIOR_LOW_SPEED_RESPONSE,EVENT_REVIEW_REQUIRED,IB2_EFFORT_HIGH|SLOPE_LOAD_FALLBACK_VERTICAL_RANGE|IB2_NAVIGATION_CONTEXT|IB2_WEATHER_SENSITIVE_ROUTE_EXPOSURE_CONTEXT|GUIDEPOST_PROXIMITY_CONTEXT|WEATHER_ACTIVITY_LEVEL_ONLY|WEATHER_WIND_GUST_CONTEXT|WEATHER_HIGH_UV_CONTEXT|BEHAVIOR_RELATIVE_HIGH_HR_RESPONSE|BEHAVIOR_LOW_SPEED_RESPONSE|ROUTE_PHASE_UNKNOWN|OSM_PROXIMITY_NOT_USAGE,HIGH_ROUTE_OR_IB2_CONTEXT,"Descriptive planning context evidence only. This is not ability scoring, not route suitability scoring, not THCI/radar scoring, and not a final hiking risk assessment. Weather is activity-level context unless an explicit safe route-window source is used. OSM proximity is not proof of facility use. IB3D/event annotations are not causality evidence."
23_1,2500,2550,1,CONSERVATIVE_PLANNING_RECOMMENDED,63.96,HIGH_ROUTE_LOAD_CONTEXT,ROUTE_LOAD_HIGH_CONTEXT|IB2_EFFORT_HIGH|TERRAIN_HIGH|STEPS_SURFACE_HIGH,WEATHER_ACTIVITY_LEVEL_ONLY|WEATHER_WIND_GUST_CONTEXT|WEATHER_HIGH_UV_CONTEXT,BEHAVIOR_RELATIVE_HIGH_HR_RESPONSE|BEHAVIOR_LOW_SPEED_RESPONSE,EVENT_REVIEW_REQUIRED,ROUTE_LOAD_HIGH_CONTEXT|IB2_EFFORT_HIGH|TERRAIN_HIGH|STEPS_SURFACE_HIGH|IB2_WEATHER_SENSITIVE_ROUTE_EXPOSURE_CONTEXT|WEATHER_ACTIVITY_LEVEL_ONLY|WEATHER_WIND_GUST_CONTEXT|WEATHER_HIGH_UV_CONTEXT|BEHAVIOR_RELATIVE_HIGH_HR_RESPONSE|BEHAVIOR_LOW_SPEED_RESPONSE|ROUTE_PHASE_UNKNOWN|OSM_PROXIMITY_NOT_USAGE,ROUTE_LOAD_BEHAVIOR_CANDIDATE|IB2_OR_WEATHER_CONTEXT_PRESENT,"Descriptive planning context evidence only. This is not ability scoring, not route suitability scoring, not THCI/radar scoring, and not a final hiking risk assessment. Weather is activity-level context unless an explicit safe route-window source is used. OSM proximity is not proof of facility use. IB3D/event annotations are not causality evidence."
23_1,2550,2850,6,TURNAROUND_CONDITION_REVIEW_RECOMMENDED,100.0,VERY_HIGH_ROUTE_LOAD_CONTEXT,ROUTE_LOAD_HIGH_CONTEXT|ROUTE_LOAD_VERY_HIGH_CONTEXT|VERTICAL_RANGE_HIGH|SLOPE_HIGH|IB2_EFFORT_HIGH|TERRAIN_HIGH|STEPS_SURFACE_HIGH|SLOPE_LOAD_FALLBACK_VERTICAL_RANGE,WEATHER_ACTIVITY_LEVEL_ONLY|WEATHER_WIND_GUST_CONTEXT|WEATHER_HIGH_UV_CONTEXT,BEHAVIOR_LOW_SPEED_RESPONSE|BEHAVIOR_RELATIVE_HIGH_HR_RESPONSE,EVENT_REVIEW_REQUIRED,ROUTE_LOAD_HIGH_CONTEXT|ROUTE_LOAD_VERY_HIGH_CONTEXT|VERTICAL_RANGE_HIGH|SLOPE_HIGH|IB2_EFFORT_HIGH|TERRAIN_HIGH|STEPS_SURFACE_HIGH|IB2_WEATHER_SENSITIVE_ROUTE_EXPOSURE_CONTEXT|WEATHER_ACTIVITY_LEVEL_ONLY|WEATHER_WIND_GUST_CONTEXT|WEATHER_HIGH_UV_CONTEXT|BEHAVIOR_LOW_SPEED_RESPONSE|ROUTE_PHASE_UNKNOWN|OSM_PROXIMITY_NOT_USAGE|BEHAVIOR_RELATIVE_HIGH_HR_RESPONSE|SLOPE_LOAD_FALLBACK_VERTICAL_RANGE,VERY_HIGH_ROUTE_LOAD_CONTEXT|ROUTE_LOAD_BEHAVIOR_CANDIDATE|IB2_OR_WEATHER_CONTEXT_PRESENT,"Descriptive planning context evidence only. This is not ability scoring, not route suitability scoring, not THCI/radar scoring, and not a final hiking risk assessment. Weather is activity-level context unless an explicit safe route-window source is used. OSM proximity is not proof of facility use. IB3D/event annotations are not causality evidence."
23_1,2850,2900,1,REVIEW_FOR_CONSERVATIVE_PLANNING,35.172,MODERATE_ROUTE_LOAD_CONTEXT,SLOPE_LOAD_FALLBACK_VERTICAL_RANGE,WEATHER_ACTIVITY_LEVEL_ONLY|WEATHER_WIND_GUST_CONTEXT|WEATHER_HIGH_UV_CONTEXT,BEHAVIOR_LOW_SPEED_RESPONSE,EVENT_REVIEW_REQUIRED,SLOPE_LOAD_FALLBACK_VERTICAL_RANGE|IB2_WEATHER_SENSITIVE_ROUTE_EXPOSURE_CONTEXT|WEATHER_ACTIVITY_LEVEL_ONLY|WEATHER_WIND_GUST_CONTEXT|WEATHER_HIGH_UV_CONTEXT|BEHAVIOR_LOW_SPEED_RESPONSE|ROUTE_PHASE_UNKNOWN|OSM_PROXIMITY_NOT_USAGE,HIGH_ROUTE_OR_IB2_CONTEXT,"Descriptive planning context evidence only. This is not ability scoring, not route suitability scoring, not THCI/radar scoring, and not a final hiking risk assessment. Weather is activity-level context unless an explicit safe route-window source is used. OSM proximity is not proof of facility use. IB3D/event annotations are not causality evidence."
23_1,2900,3000,2,CONSERVATIVE_PLANNING_RECOMMENDED,76.725,HIGH_ROUTE_LOAD_CONTEXT,ROUTE_LOAD_HIGH_CONTEXT|IB2_EFFORT_HIGH|STEPS_SURFACE_HIGH|SLOPE_LOAD_FALLBACK_VERTICAL_RANGE|SLOPE_HIGH,WEATHER_ACTIVITY_LEVEL_ONLY|WEATHER_WIND_GUST_CONTEXT|WEATHER_HIGH_UV_CONTEXT,BEHAVIOR_LOW_SPEED_RESPONSE,EVENT_REVIEW_REQUIRED,ROUTE_LOAD_HIGH_CONTEXT|IB2_EFFORT_HIGH|STEPS_SURFACE_HIGH|SLOPE_LOAD_FALLBACK_VERTICAL_RANGE|IB2_WEATHER_SENSITIVE_ROUTE_EXPOSURE_CONTEXT|WEATHER_ACTIVITY_LEVEL_ONLY|WEATHER_WIND_GUST_CONTEXT|WEATHER_HIGH_UV_CONTEXT|BEHAVIOR_LOW_SPEED_RESPONSE|ROUTE_PHASE_UNKNOWN|OSM_PROXIMITY_NOT_USAGE|SLOPE_HIGH,ROUTE_LOAD_BEHAVIOR_CANDIDATE|IB2_OR_WEATHER_CONTEXT_PRESENT,"Descriptive planning context evidence only. This is not ability scoring, not route suitability scoring, not THCI/radar scoring, and not a final hiking risk assessment. Weather is activity-level context unless an explicit safe route-window source is used. OSM proximity is not proof of facility use. IB3D/event annotations are not causality evidence."
23_1,3000,3550,11,REVIEW_FOR_CONSERVATIVE_PLANNING,44.606,LOWER_ROUTE_LOAD_CONTEXT,SLOPE_LOAD_FALLBACK_VERTICAL_RANGE|SLOPE_HIGH,WEATHER_ACTIVITY_LEVEL_ONLY|WEATHER_WIND_GUST_CONTEXT|WEATHER_HIGH_UV_CONTEXT,BEHAVIOR_LOW_SPEED_RESPONSE|BEHAVIOR_RELATIVE_HIGH_HR_RESPONSE,EVENT_REVIEW_REQUIRED,SLOPE_LOAD_FALLBACK_VERTICAL_RANGE|IB2_WEATHER_SENSITIVE_ROUTE_EXPOSURE_CONTEXT|WEATHER_ACTIVITY_LEVEL_ONLY|WEATHER_WIND_GUST_CONTEXT|WEATHER_HIGH_UV_CONTEXT|BEHAVIOR_LOW_SPEED_RESPONSE|ROUTE_PHASE_UNKNOWN|OSM_PROXIMITY_NOT_USAGE|SLOPE_HIGH|IB2_SUPPORT_CONTEXT|IB2_NAVIGATION_CONTEXT|GUIDEPOST_PROXIMITY_CONTEXT|SHELTER_PROXIMITY_CONTEXT|BEHAVIOR_RELATIVE_HIGH_HR_RESPONSE,HIGH_ROUTE_OR_IB2_CONTEXT,"Descriptive planning context evidence only. This is not ability scoring, not route suitability scoring, not THCI/radar scoring, and not a final hiking risk assessment. Weather is activity-level context unless an explicit safe route-window source is used. OSM proximity is not proof of facility use. IB3D/event annotations are not causality evidence."
23_1,3600,3650,1,CONSERVATIVE_PLANNING_RECOMMENDED,60.737,HIGH_ROUTE_LOAD_CONTEXT,ROUTE_LOAD_HIGH_CONTEXT|IB2_EFFORT_HIGH|STEPS_SURFACE_HIGH|SLOPE_LOAD_FALLBACK_VERTICAL_RANGE,WEATHER_ACTIVITY_LEVEL_ONLY|WEATHER_WIND_GUST_CONTEXT|WEATHER_HIGH_UV_CONTEXT,BEHAVIOR_LOW_SPEED_RESPONSE,EVENT_REVIEW_REQUIRED,ROUTE_LOAD_HIGH_CONTEXT|IB2_EFFORT_HIGH|STEPS_SURFACE_HIGH|SLOPE_LOAD_FALLBACK_VERTICAL_RANGE|IB2_WEATHER_SENSITIVE_ROUTE_EXPOSURE_CONTEXT|SHELTER_PROXIMITY_CONTEXT|WEATHER_ACTIVITY_LEVEL_ONLY|WEATHER_WIND_GUST_CONTEXT|WEATHER_HIGH_UV_CONTEXT|BEHAVIOR_LOW_SPEED_RESPONSE|ROUTE_PHASE_UNKNOWN|OSM_PROXIMITY_NOT_USAGE,ROUTE_LOAD_BEHAVIOR_CANDIDATE|IB2_OR_WEATHER_CONTEXT_PRESENT,"Descriptive planning context evidence only. This is not ability scoring, not route suitability scoring, not THCI/radar scoring, and not a final hiking risk assessment. Weather is activity-level context unless an explicit safe route-window source is used. OSM proximity is not proof of facility use. IB3D/event annotations are not causality evidence."
23_1,3650,3700,1,TURNAROUND_CONDITION_REVIEW_RECOMMENDED,80.29,VERY_HIGH_ROUTE_LOAD_CONTEXT,ROUTE_LOAD_HIGH_CONTEXT|ROUTE_LOAD_VERY_HIGH_CONTEXT|SLOPE_HIGH|IB2_EFFORT_HIGH|STEPS_SURFACE_HIGH,WEATHER_ACTIVITY_LEVEL_ONLY|WEATHER_WIND_GUST_CONTEXT|WEATHER_HIGH_UV_CONTEXT,BEHAVIOR_LOW_SPEED_RESPONSE,EVENT_REVIEW_REQUIRED,ROUTE_LOAD_HIGH_CONTEXT|ROUTE_LOAD_VERY_HIGH_CONTEXT|SLOPE_HIGH|IB2_EFFORT_HIGH|STEPS_SURFACE_HIGH|IB2_WEATHER_SENSITIVE_ROUTE_EXPOSURE_CONTEXT|WEATHER_ACTIVITY_LEVEL_ONLY|WEATHER_WIND_GUST_CONTEXT|WEATHER_HIGH_UV_CONTEXT|BEHAVIOR_LOW_SPEED_RESPONSE|ROUTE_PHASE_UNKNOWN|OSM_PROXIMITY_NOT_USAGE,VERY_HIGH_ROUTE_LOAD_CONTEXT|ROUTE_LOAD_BEHAVIOR_CANDIDATE|IB2_OR_WEATHER_CONTEXT_PRESENT,"Descriptive planning context evidence only. This is not ability scoring, not route suitability scoring, not THCI/radar scoring, and not a final hiking risk assessment. Weather is activity-level context unless an explicit safe route-window source is used. OSM proximity is not proof of facility use. IB3D/event annotations are not causality evidence."
23_1,3700,3800,2,CONSERVATIVE_PLANNING_RECOMMENDED,79.133,HIGH_ROUTE_LOAD_CONTEXT,ROUTE_LOAD_HIGH_CONTEXT|IB2_EFFORT_HIGH|TERRAIN_HIGH|STEPS_SURFACE_HIGH|SLOPE_LOAD_FALLBACK_VERTICAL_RANGE,WEATHER_ACTIVITY_LEVEL_ONLY|WEATHER_WIND_GUST_CONTEXT|WEATHER_HIGH_UV_CONTEXT,BEHAVIOR_RELATIVE_HIGH_HR_RESPONSE|BEHAVIOR_LOW_SPEED_RESPONSE,EVENT_REVIEW_REQUIRED,ROUTE_LOAD_HIGH_CONTEXT|IB2_EFFORT_HIGH|TERRAIN_HIGH|STEPS_SURFACE_HIGH|SLOPE_LOAD_FALLBACK_VERTICAL_RANGE|IB2_WEATHER_SENSITIVE_ROUTE_EXPOSURE_CONTEXT|WEATHER_ACTIVITY_LEVEL_ONLY|WEATHER_WIND_GUST_CONTEXT|WEATHER_HIGH_UV_CONTEXT|BEHAVIOR_RELATIVE_HIGH_HR_RESPONSE|BEHAVIOR_LOW_SPEED_RESPONSE|ROUTE_PHASE_UNKNOWN|OSM_PROXIMITY_NOT_USAGE,ROUTE_LOAD_BEHAVIOR_CANDIDATE|IB2_OR_WEATHER_CONTEXT_PRESENT,"Descriptive planning context evidence only. This is not ability scoring, not route suitability scoring, not THCI/radar scoring, and not a final hiking risk assessment. Weather is activity-level context unless an explicit safe route-window source is used. OSM proximity is not proof of facility use. IB3D/event annotations are not causality evidence."
23_1,3800,4050,5,TURNAROUND_CONDITION_REVIEW_RECOMMENDED,100.0,VERY_HIGH_ROUTE_LOAD_CONTEXT,ROUTE_LOAD_HIGH_CONTEXT|ROUTE_LOAD_VERY_HIGH_CONTEXT|IB2_EFFORT_HIGH|TERRAIN_HIGH|STEPS_SURFACE_HIGH|SLOPE_LOAD_FALLBACK_VERTICAL_RANGE|SLOPE_HIGH|VERTICAL_RANGE_HIGH,WEATHER_ACTIVITY_LEVEL_ONLY|WEATHER_WIND_GUST_CONTEXT|WEATHER_HIGH_UV_CONTEXT,BEHAVIOR_RELATIVE_HIGH_HR_RESPONSE|BEHAVIOR_LOW_SPEED_RESPONSE,EVENT_REVIEW_REQUIRED,ROUTE_LOAD_HIGH_CONTEXT|ROUTE_LOAD_VERY_HIGH_CONTEXT|IB2_EFFORT_HIGH|TERRAIN_HIGH|STEPS_SURFACE_HIGH|SLOPE_LOAD_FALLBACK_VERTICAL_RANGE|IB2_WEATHER_SENSITIVE_ROUTE_EXPOSURE_CONTEXT|WEATHER_ACTIVITY_LEVEL_ONLY|WEATHER_WIND_GUST_CONTEXT|WEATHER_HIGH_UV_CONTEXT|BEHAVIOR_RELATIVE_HIGH_HR_RESPONSE|BEHAVIOR_LOW_SPEED_RESPONSE|ROUTE_PHASE_UNKNOWN|OSM_PROXIMITY_NOT_USAGE|SLOPE_HIGH|VERTICAL_RANGE_HIGH|WATERWAY_PROXIMITY_CONTEXT,VERY_HIGH_ROUTE_LOAD_CONTEXT|ROUTE_LOAD_BEHAVIOR_CANDIDATE|IB2_OR_WEATHER_CONTEXT_PRESENT,"Descriptive planning context evidence only. This is not ability scoring, not route suitability scoring, not THCI/radar scoring, and not a final hiking risk assessment. Weather is activity-level context unless an explicit safe route-window source is used. OSM proximity is not proof of facility use. IB3D/event annotations are not causality evidence."
23_1,4050,4100,1,CONSERVATIVE_PLANNING_RECOMMENDED,71.287,HIGH_ROUTE_LOAD_CONTEXT,ROUTE_LOAD_HIGH_CONTEXT|IB2_EFFORT_HIGH|STEPS_SURFACE_HIGH,WEATHER_ACTIVITY_LEVEL_ONLY|WEATHER_WIND_GUST_CONTEXT|WEATHER_HIGH_UV_CONTEXT,NONE,EVENT_REVIEW_REQUIRED,ROUTE_LOAD_HIGH_CONTEXT|IB2_EFFORT_HIGH|STEPS_SURFACE_HIGH|IB2_WEATHER_SENSITIVE_ROUTE_EXPOSURE_CONTEXT|WATERWAY_PROXIMITY_CONTEXT|WEATHER_ACTIVITY_LEVEL_ONLY|WEATHER_WIND_GUST_CONTEXT|WEATHER_HIGH_UV_CONTEXT|ROUTE_PHASE_UNKNOWN|OSM_PROXIMITY_NOT_USAGE,IB2_OR_WEATHER_CONTEXT_PRESENT,"Descriptive planning context evidence only. This is not ability scoring, not route suitability scoring, not THCI/radar scoring, and not a final hiking risk assessment. Weather is activity-level context unless an explicit safe route-window source is used. OSM proximity is not proof of facility use. IB3D/event annotations are not causality evidence."
23_1,4100,4200,2,REVIEW_FOR_CONSERVATIVE_PLANNING,58.049,LOWER_ROUTE_LOAD_CONTEXT,IB2_EFFORT_HIGH|STEPS_SURFACE_HIGH|SLOPE_LOAD_FALLBACK_VERTICAL_RANGE,WEATHER_ACTIVITY_LEVEL_ONLY|WEATHER_WIND_GUST_CONTEXT|WEATHER_HIGH_UV_CONTEXT,BEHAVIOR_LOW_SPEED_RESPONSE,EVENT_REVIEW_REQUIRED,IB2_NAVIGATION_CONTEXT|IB2_WEATHER_SENSITIVE_ROUTE_EXPOSURE_CONTEXT|WATERWAY_PROXIMITY_CONTEXT|GUIDEPOST_PROXIMITY_CONTEXT|WEATHER_ACTIVITY_LEVEL_ONLY|WEATHER_WIND_GUST_CONTEXT|WEATHER_HIGH_UV_CONTEXT|ROUTE_PHASE_UNKNOWN|OSM_PROXIMITY_NOT_USAGE|IB2_EFFORT_HIGH|STEPS_SURFACE_HIGH|SLOPE_LOAD_FALLBACK_VERTICAL_RANGE|BEHAVIOR_LOW_SPEED_RESPONSE,HIGH_ROUTE_OR_IB2_CONTEXT,"Descriptive planning context evidence only. This is not ability scoring, not route suitability scoring, not THCI/radar scoring, and not a final hiking risk assessment. Weather is activity-level context unless an explicit safe route-window source is used. OSM proximity is not proof of facility use. IB3D/event annotations are not causality evidence."
28_1,0,100,2,REVIEW_FOR_CONSERVATIVE_PLANNING,53.943,LOWER_ROUTE_LOAD_CONTEXT,IB2_EFFORT_HIGH|SLOPE_LOAD_FALLBACK_VERTICAL_RANGE,WEATHER_ACTIVITY_LEVEL_ONLY|WEATHER_WIND_GUST_CONTEXT|WEATHER_HIGH_UV_CONTEXT,NONE,NONE,IB2_NAVIGATION_CONTEXT|IB2_WEATHER_SENSITIVE_ROUTE_EXPOSURE_CONTEXT|WATERWAY_PROXIMITY_CONTEXT|GUIDEPOST_PROXIMITY_CONTEXT|WEATHER_ACTIVITY_LEVEL_ONLY|WEATHER_WIND_GUST_CONTEXT|WEATHER_HIGH_UV_CONTEXT|ROUTE_PHASE_UNKNOWN|OSM_PROXIMITY_NOT_USAGE|IB2_EFFORT_HIGH|SLOPE_LOAD_FALLBACK_VERTICAL_RANGE,HIGH_ROUTE_OR_IB2_CONTEXT,"Descriptive planning context evidence only. This is not ability scoring, not route suitability scoring, not THCI/radar scoring, and not a final hiking risk assessment. Weather is activity-level context unless an explicit safe route-window source is used. OSM proximity is not proof of facility use. IB3D/event annotations are not causality evidence."
28_1,100,150,1,CONSERVATIVE_PLANNING_RECOMMENDED,74.252,HIGH_ROUTE_LOAD_CONTEXT,ROUTE_LOAD_HIGH_CONTEXT|IB2_EFFORT_HIGH|STEPS_SURFACE_HIGH|SLOPE_LOAD_FALLBACK_VERTICAL_RANGE,WEATHER_ACTIVITY_LEVEL_ONLY|WEATHER_WIND_GUST_CONTEXT|WEATHER_HIGH_UV_CONTEXT,NONE,NONE,ROUTE_LOAD_HIGH_CONTEXT|IB2_EFFORT_HIGH|STEPS_SURFACE_HIGH|SLOPE_LOAD_FALLBACK_VERTICAL_RANGE|IB2_WEATHER_SENSITIVE_ROUTE_EXPOSURE_CONTEXT|WATERWAY_PROXIMITY_CONTEXT|WEATHER_ACTIVITY_LEVEL_ONLY|WEATHER_WIND_GUST_CONTEXT|WEATHER_HIGH_UV_CONTEXT|ROUTE_PHASE_UNKNOWN|OSM_PROXIMITY_NOT_USAGE,IB2_OR_WEATHER_CONTEXT_PRESENT,"Descriptive planning context evidence only. This is not ability scoring, not route suitability scoring, not THCI/radar scoring, and not a final hiking risk assessment. Weather is activity-level context unless an explicit safe route-window source is used. OSM proximity is not proof of facility use. IB3D/event annotations are not causality evidence."
28_1,150,300,3,TURNAROUND_CONDITION_REVIEW_RECOMMENDED,100.0,VERY_HIGH_ROUTE_LOAD_CONTEXT,ROUTE_LOAD_HIGH_CONTEXT|ROUTE_LOAD_VERY_HIGH_CONTEXT|VERTICAL_RANGE_HIGH|SLOPE_HIGH|IB2_EFFORT_HIGH|TERRAIN_HIGH|STEPS_SURFACE_HIGH,WEATHER_ACTIVITY_LEVEL_ONLY|WEATHER_WIND_GUST_CONTEXT|WEATHER_HIGH_UV_CONTEXT,BEHAVIOR_LOW_SPEED_RESPONSE|BEHAVIOR_LOW_SPEED_RATIO_HIGH|BEHAVIOR_RELATIVE_HIGH_HR_RESPONSE,NONE,ROUTE_LOAD_HIGH_CONTEXT|ROUTE_LOAD_VERY_HIGH_CONTEXT|VERTICAL_RANGE_HIGH|SLOPE_HIGH|IB2_EFFORT_HIGH|TERRAIN_HIGH|STEPS_SURFACE_HIGH|IB2_WEATHER_SENSITIVE_ROUTE_EXPOSURE_CONTEXT|WATERWAY_PROXIMITY_CONTEXT|WEATHER_ACTIVITY_LEVEL_ONLY|WEATHER_WIND_GUST_CONTEXT|WEATHER_HIGH_UV_CONTEXT|BEHAVIOR_LOW_SPEED_RESPONSE|BEHAVIOR_LOW_SPEED_RATIO_HIGH|ROUTE_PHASE_UNKNOWN|OSM_PROXIMITY_NOT_USAGE|BEHAVIOR_RELATIVE_HIGH_HR_RESPONSE,VERY_HIGH_ROUTE_LOAD_CONTEXT|ROUTE_LOAD_BEHAVIOR_CANDIDATE|IB2_OR_WEATHER_CONTEXT_PRESENT,"Descriptive planning context evidence only. This is not ability scoring, not route suitability scoring, not THCI/radar scoring, and not a final hiking risk assessment. Weather is activity-level context unless an explicit safe route-window source is used. OSM proximity is not proof of facility use. IB3D/event annotations are not causality evidence."
28_1,300,350,1,CONSERVATIVE_PLANNING_RECOMMENDED,71.732,HIGH_ROUTE_LOAD_CONTEXT,ROUTE_LOAD_HIGH_CONTEXT|IB2_EFFORT_HIGH|TERRAIN_HIGH|STEPS_SURFACE_HIGH,WEATHER_ACTIVITY_LEVEL_ONLY|WEATHER_WIND_GUST_CONTEXT|WEATHER_HIGH_UV_CONTEXT,BEHAVIOR_RELATIVE_HIGH_HR_RESPONSE|BEHAVIOR_LOW_SPEED_RESPONSE,NONE,ROUTE_LOAD_HIGH_CONTEXT|IB2_EFFORT_HIGH|TERRAIN_HIGH|STEPS_SURFACE_HIGH|IB2_WEATHER_SENSITIVE_ROUTE_EXPOSURE_CONTEXT|WEATHER_ACTIVITY_LEVEL_ONLY|WEATHER_WIND_GUST_CONTEXT|WEATHER_HIGH_UV_CONTEXT|BEHAVIOR_RELATIVE_HIGH_HR_RESPONSE|BEHAVIOR_LOW_SPEED_RESPONSE|ROUTE_PHASE_UNKNOWN|OSM_PROXIMITY_NOT_USAGE,ROUTE_LOAD_BEHAVIOR_CANDIDATE|IB2_OR_WEATHER_CONTEXT_PRESENT,"Descriptive planning context evidence only. This is not ability scoring, not route suitability scoring, not THCI/radar scoring, and not a final hiking risk assessment. Weather is activity-level context unless an explicit safe route-window source is used. OSM proximity is not proof of facility use. IB3D/event annotations are not causality evidence."
28_1,350,400,1,TURNAROUND_CONDITION_REVIEW_RECOMMENDED,90.537,VERY_HIGH_ROUTE_LOAD_CONTEXT,ROUTE_LOAD_HIGH_CONTEXT|ROUTE_LOAD_VERY_HIGH_CONTEXT|VERTICAL_RANGE_HIGH|SLOPE_HIGH|IB2_EFFORT_HIGH|TERRAIN_HIGH|STEPS_SURFACE_HIGH,WEATHER_ACTIVITY_LEVEL_ONLY|WEATHER_WIND_GUST_CONTEXT|WEATHER_HIGH_UV_CONTEXT,BEHAVIOR_LOW_SPEED_RESPONSE|BEHAVIOR_LOW_SPEED_RATIO_HIGH,NONE,ROUTE_LOAD_HIGH_CONTEXT|ROUTE_LOAD_VERY_HIGH_CONTEXT|VERTICAL_RANGE_HIGH|SLOPE_HIGH|IB2_EFFORT_HIGH|TERRAIN_HIGH|STEPS_SURFACE_HIGH|IB2_WEATHER_SENSITIVE_ROUTE_EXPOSURE_CONTEXT|WEATHER_ACTIVITY_LEVEL_ONLY|WEATHER_WIND_GUST_CONTEXT|WEATHER_HIGH_UV_CONTEXT|BEHAVIOR_LOW_SPEED_RESPONSE|BEHAVIOR_LOW_SPEED_RATIO_HIGH|ROUTE_PHASE_UNKNOWN|OSM_PROXIMITY_NOT_USAGE,VERY_HIGH_ROUTE_LOAD_CONTEXT|ROUTE_LOAD_BEHAVIOR_CANDIDATE|IB2_OR_WEATHER_CONTEXT_PRESENT,"Descriptive planning context evidence only. This is not ability scoring, not route suitability scoring, not THCI/radar scoring, and not a final hiking risk assessment. Weather is activity-level context unless an explicit safe route-window source is used. OSM proximity is not proof of facility use. IB3D/event annotations are not causality evidence."
28_1,400,550,3,CONSERVATIVE_PLANNING_RECOMMENDED,79.928,HIGH_ROUTE_LOAD_CONTEXT,ROUTE_LOAD_HIGH_CONTEXT|IB2_EFFORT_HIGH|TERRAIN_HIGH|STEPS_SURFACE_HIGH|SLOPE_LOAD_FALLBACK_VERTICAL_RANGE,WEATHER_ACTIVITY_LEVEL_ONLY|WEATHER_WIND_GUST_CONTEXT|WEATHER_HIGH_UV_CONTEXT,BEHAVIOR_RELATIVE_HIGH_HR_RESPONSE|BEHAVIOR_LOW_SPEED_RESPONSE,NONE,ROUTE_LOAD_HIGH_CONTEXT|IB2_EFFORT_HIGH|TERRAIN_HIGH|STEPS_SURFACE_HIGH|SLOPE_LOAD_FALLBACK_VERTICAL_RANGE|IB2_WEATHER_SENSITIVE_ROUTE_EXPOSURE_CONTEXT|WEATHER_ACTIVITY_LEVEL_ONLY|WEATHER_WIND_GUST_CONTEXT|WEATHER_HIGH_UV_CONTEXT|BEHAVIOR_RELATIVE_HIGH_HR_RESPONSE|BEHAVIOR_LOW_SPEED_RESPONSE|ROUTE_PHASE_UNKNOWN|OSM_PROXIMITY_NOT_USAGE,ROUTE_LOAD_BEHAVIOR_CANDIDATE|IB2_OR_WEATHER_CONTEXT_PRESENT,"Descriptive planning context evidence only. This is not ability scoring, not route suitability scoring, not THCI/radar scoring, and not a final hiking risk assessment. Weather is activity-level context unless an explicit safe route-window source is used. OSM proximity is not proof of facility use. IB3D/event annotations are not causality evidence."
28_1,550,1200,13,REVIEW_FOR_CONSERVATIVE_PLANNING,58.02,LOWER_ROUTE_LOAD_CONTEXT,IB2_EFFORT_HIGH|STEPS_SURFACE_HIGH|SLOPE_HIGH|SLOPE_LOAD_FALLBACK_VERTICAL_RANGE,WEATHER_ACTIVITY_LEVEL_ONLY|WEATHER_WIND_GUST_CONTEXT|WEATHER_HIGH_UV_CONTEXT,BEHAVIOR_RELATIVE_HIGH_HR_RESPONSE|BEHAVIOR_LOW_SPEED_RESPONSE|BEHAVIOR_LOW_SPEED_RATIO_HIGH,NONE,IB2_EFFORT_HIGH|STEPS_SURFACE_HIGH|IB2_WEATHER_SENSITIVE_ROUTE_EXPOSURE_CONTEXT|SHELTER_PROXIMITY_CONTEXT|WEATHER_ACTIVITY_LEVEL_ONLY|WEATHER_WIND_GUST_CONTEXT|WEATHER_HIGH_UV_CONTEXT|BEHAVIOR_RELATIVE_HIGH_HR_RESPONSE|BEHAVIOR_LOW_SPEED_RESPONSE|BEHAVIOR_LOW_SPEED_RATIO_HIGH|ROUTE_PHASE_UNKNOWN|OSM_PROXIMITY_NOT_USAGE|SLOPE_HIGH|IB2_NAVIGATION_CONTEXT|GUIDEPOST_PROXIMITY_CONTEXT|SLOPE_LOAD_FALLBACK_VERTICAL_RANGE|IB2_SUPPORT_CONTEXT,HIGH_ROUTE_OR_IB2_CONTEXT,"Descriptive planning context evidence only. This is not ability scoring, not route suitability scoring, not THCI/radar scoring, and not a final hiking risk assessment. Weather is activity-level context unless an explicit safe route-window source is used. OSM proximity is not proof of facility use. IB3D/event annotations are not causality evidence."
28_1,1200,1300,2,CONSERVATIVE_PLANNING_RECOMMENDED,72.387,HIGH_ROUTE_LOAD_CONTEXT,ROUTE_LOAD_HIGH_CONTEXT|IB2_EFFORT_HIGH|STEPS_SURFACE_HIGH|SLOPE_LOAD_FALLBACK_VERTICAL_RANGE,WEATHER_ACTIVITY_LEVEL_ONLY|WEATHER_WIND_GUST_CONTEXT|WEATHER_HIGH_UV_CONTEXT,BEHAVIOR_LOW_SPEED_RESPONSE,NONE,ROUTE_LOAD_HIGH_CONTEXT|IB2_EFFORT_HIGH|STEPS_SURFACE_HIGH|SLOPE_LOAD_FALLBACK_VERTICAL_RANGE|IB2_WEATHER_SENSITIVE_ROUTE_EXPOSURE_CONTEXT|WEATHER_ACTIVITY_LEVEL_ONLY|WEATHER_WIND_GUST_CONTEXT|WEATHER_HIGH_UV_CONTEXT|BEHAVIOR_LOW_SPEED_RESPONSE|ROUTE_PHASE_UNKNOWN|OSM_PROXIMITY_NOT_USAGE,ROUTE_LOAD_BEHAVIOR_CANDIDATE|IB2_OR_WEATHER_CONTEXT_PRESENT,"Descriptive planning context evidence only. This is not ability scoring, not route suitability scoring, not THCI/radar scoring, and not a final hiking risk assessment. Weather is activity-level context unless an explicit safe route-window source is used. OSM proximity is not proof of facility use. IB3D/event annotations are not causality evidence."
28_1,1300,1350,1,REVIEW_FOR_CONSERVATIVE_PLANNING,37.977,MODERATE_ROUTE_LOAD_CONTEXT,SLOPE_LOAD_FALLBACK_VERTICAL_RANGE,WEATHER_ACTIVITY_LEVEL_ONLY|WEATHER_WIND_GUST_CONTEXT|WEATHER_HIGH_UV_CONTEXT,BEHAVIOR_LOW_SPEED_RESPONSE,NONE,SLOPE_LOAD_FALLBACK_VERTICAL_RANGE|IB2_WEATHER_SENSITIVE_ROUTE_EXPOSURE_CONTEXT|WEATHER_ACTIVITY_LEVEL_ONLY|WEATHER_WIND_GUST_CONTEXT|WEATHER_HIGH_UV_CONTEXT|BEHAVIOR_LOW_SPEED_RESPONSE|ROUTE_PHASE_UNKNOWN|OSM_PROXIMITY_NOT_USAGE,HIGH_ROUTE_OR_IB2_CONTEXT,"Descriptive planning context evidence only. This is not ability scoring, not route suitability scoring, not THCI/radar scoring, and not a final hiking risk assessment. Weather is activity-level context unless an explicit safe route-window source is used. OSM proximity is not proof of facility use. IB3D/event annotations are not causality evidence."
28_1,1350,1650,6,TURNAROUND_CONDITION_REVIEW_RECOMMENDED,100.0,VERY_HIGH_ROUTE_LOAD_CONTEXT,ROUTE_LOAD_HIGH_CONTEXT|ROUTE_LOAD_VERY_HIGH_CONTEXT|VERTICAL_RANGE_HIGH|SLOPE_HIGH|IB2_EFFORT_HIGH|TERRAIN_HIGH|STEPS_SURFACE_HIGH|SLOPE_LOAD_FALLBACK_VERTICAL_RANGE,WEATHER_ACTIVITY_LEVEL_ONLY|WEATHER_WIND_GUST_CONTEXT|WEATHER_HIGH_UV_CONTEXT,BEHAVIOR_LOW_SPEED_RESPONSE|BEHAVIOR_LOW_SPEED_RATIO_HIGH|BEHAVIOR_STOP_RESPONSE|BEHAVIOR_RELATIVE_HIGH_HR_RESPONSE,NONE,ROUTE_LOAD_HIGH_CONTEXT|ROUTE_LOAD_VERY_HIGH_CONTEXT|VERTICAL_RANGE_HIGH|SLOPE_HIGH|IB2_EFFORT_HIGH|TERRAIN_HIGH|STEPS_SURFACE_HIGH|SLOPE_LOAD_FALLBACK_VERTICAL_RANGE|IB2_WEATHER_SENSITIVE_ROUTE_EXPOSURE_CONTEXT|WEATHER_ACTIVITY_LEVEL_ONLY|WEATHER_WIND_GUST_CONTEXT|WEATHER_HIGH_UV_CONTEXT|BEHAVIOR_LOW_SPEED_RESPONSE|BEHAVIOR_LOW_SPEED_RATIO_HIGH|ROUTE_PHASE_UNKNOWN|OSM_PROXIMITY_NOT_USAGE|BEHAVIOR_STOP_RESPONSE|BEHAVIOR_RELATIVE_HIGH_HR_RESPONSE,VERY_HIGH_ROUTE_LOAD_CONTEXT|ROUTE_LOAD_BEHAVIOR_CANDIDATE|IB2_OR_WEATHER_CONTEXT_PRESENT,"Descriptive planning context evidence only. This is not ability scoring, not route suitability scoring, not THCI/radar scoring, and not a final hiking risk assessment. Weather is activity-level context unless an explicit safe route-window source is used. OSM proximity is not proof of facility use. IB3D/event annotations are not causality evidence."
28_1,1650,1800,3,REVIEW_FOR_CONSERVATIVE_PLANNING,55.273,MODERATE_ROUTE_LOAD_CONTEXT,IB2_EFFORT_HIGH|STEPS_SURFACE_HIGH|SLOPE_LOAD_FALLBACK_VERTICAL_RANGE,WEATHER_ACTIVITY_LEVEL_ONLY|WEATHER_WIND_GUST_CONTEXT|WEATHER_HIGH_UV_CONTEXT,BEHAVIOR_LOW_SPEED_RESPONSE|BEHAVIOR_LOW_SPEED_RATIO_HIGH,NONE,IB2_EFFORT_HIGH|STEPS_SURFACE_HIGH|IB2_WEATHER_SENSITIVE_ROUTE_EXPOSURE_CONTEXT|WEATHER_ACTIVITY_LEVEL_ONLY|WEATHER_WIND_GUST_CONTEXT|WEATHER_HIGH_UV_CONTEXT|BEHAVIOR_LOW_SPEED_RESPONSE|ROUTE_PHASE_UNKNOWN|OSM_PROXIMITY_NOT_USAGE|SLOPE_LOAD_FALLBACK_VERTICAL_RANGE|IB2_NAVIGATION_CONTEXT|GUIDEPOST_PROXIMITY_CONTEXT|BEHAVIOR_LOW_SPEED_RATIO_HIGH,HIGH_ROUTE_OR_IB2_CONTEXT,"Descriptive planning context evidence only. This is not ability scoring, not route suitability scoring, not THCI/radar scoring, and not a final hiking risk assessment. Weather is activity-level context unless an explicit safe route-window source is used. OSM proximity is not proof of facility use. IB3D/event annotations are not causality evidence."
28_1,1800,1850,1,CONSERVATIVE_PLANNING_RECOMMENDED,78.328,HIGH_ROUTE_LOAD_CONTEXT,ROUTE_LOAD_HIGH_CONTEXT|IB2_EFFORT_HIGH|SLOPE_LOAD_FALLBACK_VERTICAL_RANGE,WEATHER_ACTIVITY_LEVEL_ONLY|WEATHER_WIND_GUST_CONTEXT|WEATHER_HIGH_UV_CONTEXT,BEHAVIOR_RELATIVE_HIGH_HR_RESPONSE|BEHAVIOR_LOW_SPEED_RESPONSE|BEHAVIOR_LOW_SPEED_RATIO_HIGH,NONE,ROUTE_LOAD_HIGH_CONTEXT|IB2_EFFORT_HIGH|SLOPE_LOAD_FALLBACK_VERTICAL_RANGE|IB2_NAVIGATION_CONTEXT|IB2_WEATHER_SENSITIVE_ROUTE_EXPOSURE_CONTEXT|GUIDEPOST_PROXIMITY_CONTEXT|WEATHER_ACTIVITY_LEVEL_ONLY|WEATHER_WIND_GUST_CONTEXT|WEATHER_HIGH_UV_CONTEXT|BEHAVIOR_RELATIVE_HIGH_HR_RESPONSE|BEHAVIOR_LOW_SPEED_RESPONSE|BEHAVIOR_LOW_SPEED_RATIO_HIGH|ROUTE_PHASE_UNKNOWN|OSM_PROXIMITY_NOT_USAGE,ROUTE_LOAD_BEHAVIOR_CANDIDATE|IB2_OR_WEATHER_CONTEXT_PRESENT,"Descriptive planning context evidence only. This is not ability scoring, not route suitability scoring, not THCI/radar scoring, and not a final hiking risk assessment. Weather is activity-level context unless an explicit safe route-window source is used. OSM proximity is not proof of facility use. IB3D/event annotations are not causality evidence."
28_1,1850,1900,1,TURNAROUND_CONDITION_REVIEW_RECOMMENDED,91.158,VERY_HIGH_ROUTE_LOAD_CONTEXT,ROUTE_LOAD_HIGH_CONTEXT|ROUTE_LOAD_VERY_HIGH_CONTEXT|VERTICAL_RANGE_HIGH|SLOPE_HIGH|IB2_EFFORT_HIGH|TERRAIN_HIGH|STEPS_SURFACE_HIGH|SLOPE_LOAD_FALLBACK_VERTICAL_RANGE,WEATHER_ACTIVITY_LEVEL_ONLY|WEATHER_WIND_GUST_CONTEXT|WEATHER_HIGH_UV_CONTEXT,BEHAVIOR_LOW_SPEED_RESPONSE,NONE,ROUTE_LOAD_HIGH_CONTEXT|ROUTE_LOAD_VERY_HIGH_CONTEXT|VERTICAL_RANGE_HIGH|SLOPE_HIGH|IB2_EFFORT_HIGH|TERRAIN_HIGH|STEPS_SURFACE_HIGH|SLOPE_LOAD_FALLBACK_VERTICAL_RANGE|IB2_WEATHER_SENSITIVE_ROUTE_EXPOSURE_CONTEXT|WEATHER_ACTIVITY_LEVEL_ONLY|WEATHER_WIND_GUST_CONTEXT|WEATHER_HIGH_UV_CONTEXT|BEHAVIOR_LOW_SPEED_RESPONSE|ROUTE_PHASE_UNKNOWN|OSM_PROXIMITY_NOT_USAGE,VERY_HIGH_ROUTE_LOAD_CONTEXT|ROUTE_LOAD_BEHAVIOR_CANDIDATE|IB2_OR_WEATHER_CONTEXT_PRESENT,"Descriptive planning context evidence only. This is not ability scoring, not route suitability scoring, not THCI/radar scoring, and not a final hiking risk assessment. Weather is activity-level context unless an explicit safe route-window source is used. OSM proximity is not proof of facility use. IB3D/event annotations are not causality evidence."
28_1,1900,1950,1,REVIEW_FOR_CONSERVATIVE_PLANNING,44.678,MODERATE_ROUTE_LOAD_CONTEXT,IB2_EFFORT_HIGH|SLOPE_LOAD_FALLBACK_VERTICAL_RANGE,WEATHER_ACTIVITY_LEVEL_ONLY|WEATHER_WIND_GUST_CONTEXT|WEATHER_HIGH_UV_CONTEXT,NONE,NONE,IB2_EFFORT_HIGH|SLOPE_LOAD_FALLBACK_VERTICAL_RANGE|IB2_NAVIGATION_CONTEXT|IB2_WEATHER_SENSITIVE_ROUTE_EXPOSURE_CONTEXT|GUIDEPOST_PROXIMITY_CONTEXT|WEATHER_ACTIVITY_LEVEL_ONLY|WEATHER_WIND_GUST_CONTEXT|WEATHER_HIGH_UV_CONTEXT|ROUTE_PHASE_UNKNOWN|OSM_PROXIMITY_NOT_USAGE,HIGH_ROUTE_OR_IB2_CONTEXT,"Descriptive planning context evidence only. This is not ability scoring, not route suitability scoring, not THCI/radar scoring, and not a final hiking risk assessment. Weather is activity-level context unless an explicit safe route-window source is used. OSM proximity is not proof of facility use. IB3D/event annotations are not causality evidence."
28_1,1950,2050,2,TURNAROUND_CONDITION_REVIEW_RECOMMENDED,86.262,VERY_HIGH_ROUTE_LOAD_CONTEXT,ROUTE_LOAD_HIGH_CONTEXT|ROUTE_LOAD_VERY_HIGH_CONTEXT|VERTICAL_RANGE_HIGH|SLOPE_HIGH|IB2_EFFORT_HIGH|STEPS_SURFACE_HIGH|SLOPE_LOAD_FALLBACK_VERTICAL_RANGE,WEATHER_ACTIVITY_LEVEL_ONLY|WEATHER_WIND_GUST_CONTEXT|WEATHER_HIGH_UV_CONTEXT,BEHAVIOR_LOW_SPEED_RESPONSE|BEHAVIOR_LOW_SPEED_RATIO_HIGH|BEHAVIOR_RELATIVE_HIGH_HR_RESPONSE,NONE,ROUTE_LOAD_HIGH_CONTEXT|ROUTE_LOAD_VERY_HIGH_CONTEXT|VERTICAL_RANGE_HIGH|SLOPE_HIGH|IB2_EFFORT_HIGH|STEPS_SURFACE_HIGH|SLOPE_LOAD_FALLBACK_VERTICAL_RANGE|IB2_NAVIGATION_CONTEXT|IB2_WEATHER_SENSITIVE_ROUTE_EXPOSURE_CONTEXT|GUIDEPOST_PROXIMITY_CONTEXT|WEATHER_ACTIVITY_LEVEL_ONLY|WEATHER_WIND_GUST_CONTEXT|WEATHER_HIGH_UV_CONTEXT|BEHAVIOR_LOW_SPEED_RESPONSE|BEHAVIOR_LOW_SPEED_RATIO_HIGH|ROUTE_PHASE_UNKNOWN|OSM_PROXIMITY_NOT_USAGE|BEHAVIOR_RELATIVE_HIGH_HR_RESPONSE,VERY_HIGH_ROUTE_LOAD_CONTEXT|ROUTE_LOAD_BEHAVIOR_CANDIDATE|IB2_OR_WEATHER_CONTEXT_PRESENT,"Descriptive planning context evidence only. This is not ability scoring, not route suitability scoring, not THCI/radar scoring, and not a final hiking risk assessment. Weather is activity-level context unless an explicit safe route-window source is used. OSM proximity is not proof of facility use. IB3D/event annotations are not causality evidence."
28_1,2050,2150,2,REVIEW_FOR_CONSERVATIVE_PLANNING,57.58,MODERATE_ROUTE_LOAD_CONTEXT,IB2_EFFORT_HIGH|STEPS_SURFACE_HIGH,WEATHER_ACTIVITY_LEVEL_ONLY|WEATHER_WIND_GUST_CONTEXT|WEATHER_HIGH_UV_CONTEXT,BEHAVIOR_LOW_SPEED_RESPONSE|BEHAVIOR_STOP_RESPONSE|BEHAVIOR_RELATIVE_HIGH_HR_RESPONSE,NONE,IB2_EFFORT_HIGH|STEPS_SURFACE_HIGH|IB2_NAVIGATION_CONTEXT|IB2_WEATHER_SENSITIVE_ROUTE_EXPOSURE_CONTEXT|GUIDEPOST_PROXIMITY_CONTEXT|WEATHER_ACTIVITY_LEVEL_ONLY|WEATHER_WIND_GUST_CONTEXT|WEATHER_HIGH_UV_CONTEXT|BEHAVIOR_LOW_SPEED_RESPONSE|BEHAVIOR_STOP_RESPONSE|ROUTE_PHASE_UNKNOWN|OSM_PROXIMITY_NOT_USAGE|BEHAVIOR_RELATIVE_HIGH_HR_RESPONSE,HIGH_ROUTE_OR_IB2_CONTEXT,"Descriptive planning context evidence only. This is not ability scoring, not route suitability scoring, not THCI/radar scoring, and not a final hiking risk assessment. Weather is activity-level context unless an explicit safe route-window source is used. OSM proximity is not proof of facility use. IB3D/event annotations are not causality evidence."
28_1,2150,2250,2,TURNAROUND_CONDITION_REVIEW_RECOMMENDED,84.219,VERY_HIGH_ROUTE_LOAD_CONTEXT,ROUTE_LOAD_HIGH_CONTEXT|ROUTE_LOAD_VERY_HIGH_CONTEXT|VERTICAL_RANGE_HIGH|SLOPE_HIGH|IB2_EFFORT_HIGH|STEPS_SURFACE_HIGH|SLOPE_LOAD_FALLBACK_VERTICAL_RANGE,WEATHER_ACTIVITY_LEVEL_ONLY|WEATHER_WIND_GUST_CONTEXT|WEATHER_HIGH_UV_CONTEXT,BEHAVIOR_RELATIVE_HIGH_HR_RESPONSE|BEHAVIOR_LOW_SPEED_RESPONSE|BEHAVIOR_LOW_SPEED_RATIO_HIGH,NONE,ROUTE_LOAD_HIGH_CONTEXT|ROUTE_LOAD_VERY_HIGH_CONTEXT|VERTICAL_RANGE_HIGH|SLOPE_HIGH|IB2_EFFORT_HIGH|STEPS_SURFACE_HIGH|IB2_WEATHER_SENSITIVE_ROUTE_EXPOSURE_CONTEXT|WEATHER_ACTIVITY_LEVEL_ONLY|WEATHER_WIND_GUST_CONTEXT|WEATHER_HIGH_UV_CONTEXT|BEHAVIOR_RELATIVE_HIGH_HR_RESPONSE|BEHAVIOR_LOW_SPEED_RESPONSE|BEHAVIOR_LOW_SPEED_RATIO_HIGH|ROUTE_PHASE_UNKNOWN|OSM_PROXIMITY_NOT_USAGE|SLOPE_LOAD_FALLBACK_VERTICAL_RANGE|IB2_NAVIGATION_CONTEXT|GUIDEPOST_PROXIMITY_CONTEXT,VERY_HIGH_ROUTE_LOAD_CONTEXT|ROUTE_LOAD_BEHAVIOR_CANDIDATE|IB2_OR_WEATHER_CONTEXT_PRESENT,"Descriptive planning context evidence only. This is not ability scoring, not route suitability scoring, not THCI/radar scoring, and not a final hiking risk assessment. Weather is activity-level context unless an explicit safe route-window source is used. OSM proximity is not proof of facility use. IB3D/event annotations are not causality evidence."
28_1,2250,2300,1,REVIEW_FOR_CONSERVATIVE_PLANNING,50.67,MODERATE_ROUTE_LOAD_CONTEXT,IB2_EFFORT_HIGH|STEPS_SURFACE_HIGH|SLOPE_LOAD_FALLBACK_VERTICAL_RANGE,WEATHER_ACTIVITY_LEVEL_ONLY|WEATHER_WIND_GUST_CONTEXT|WEATHER_HIGH_UV_CONTEXT,NONE,NONE,IB2_EFFORT_HIGH|STEPS_SURFACE_HIGH|SLOPE_LOAD_FALLBACK_VERTICAL_RANGE|IB2_NAVIGATION_CONTEXT|IB2_WEATHER_SENSITIVE_ROUTE_EXPOSURE_CONTEXT|GUIDEPOST_PROXIMITY_CONTEXT|WEATHER_ACTIVITY_LEVEL_ONLY|WEATHER_WIND_GUST_CONTEXT|WEATHER_HIGH_UV_CONTEXT|ROUTE_PHASE_UNKNOWN|OSM_PROXIMITY_NOT_USAGE,HIGH_ROUTE_OR_IB2_CONTEXT,"Descriptive planning context evidence only. This is not ability scoring, not route suitability scoring, not THCI/radar scoring, and not a final hiking risk assessment. Weather is activity-level context unless an explicit safe route-window source is used. OSM proximity is not proof of facility use. IB3D/event annotations are not causality evidence."
28_1,2300,2350,1,TURNAROUND_CONDITION_REVIEW_RECOMMENDED,93.42,VERY_HIGH_ROUTE_LOAD_CONTEXT,ROUTE_LOAD_HIGH_CONTEXT|ROUTE_LOAD_VERY_HIGH_CONTEXT|VERTICAL_RANGE_HIGH|SLOPE_HIGH|IB2_EFFORT_HIGH|TERRAIN_HIGH|STEPS_SURFACE_HIGH|SLOPE_LOAD_FALLBACK_VERTICAL_RANGE,WEATHER_ACTIVITY_LEVEL_ONLY|WEATHER_WIND_GUST_CONTEXT|WEATHER_HIGH_UV_CONTEXT,BEHAVIOR_LOW_SPEED_RESPONSE,NONE,ROUTE_LOAD_HIGH_CONTEXT|ROUTE_LOAD_VERY_HIGH_CONTEXT|VERTICAL_RANGE_HIGH|SLOPE_HIGH|IB2_EFFORT_HIGH|TERRAIN_HIGH|STEPS_SURFACE_HIGH|SLOPE_LOAD_FALLBACK_VERTICAL_RANGE|IB2_WEATHER_SENSITIVE_ROUTE_EXPOSURE_CONTEXT|WEATHER_ACTIVITY_LEVEL_ONLY|WEATHER_WIND_GUST_CONTEXT|WEATHER_HIGH_UV_CONTEXT|BEHAVIOR_LOW_SPEED_RESPONSE|ROUTE_PHASE_UNKNOWN|OSM_PROXIMITY_NOT_USAGE,VERY_HIGH_ROUTE_LOAD_CONTEXT|ROUTE_LOAD_BEHAVIOR_CANDIDATE|IB2_OR_WEATHER_CONTEXT_PRESENT,"Descriptive planning context evidence only. This is not ability scoring, not route suitability scoring, not THCI/radar scoring, and not a final hiking risk assessment. Weather is activity-level context unless an explicit safe route-window source is used. OSM proximity is not proof of facility use. IB3D/event annotations are not causality evidence."
28_1,2350,2400,1,CONSERVATIVE_PLANNING_RECOMMENDED,70.629,HIGH_ROUTE_LOAD_CONTEXT,ROUTE_LOAD_HIGH_CONTEXT|IB2_EFFORT_HIGH|STEPS_SURFACE_HIGH|SLOPE_LOAD_FALLBACK_VERTICAL_RANGE,WEATHER_ACTIVITY_LEVEL_ONLY|WEATHER_WIND_GUST_CONTEXT|WEATHER_HIGH_UV_CONTEXT,BEHAVIOR_RELATIVE_HIGH_HR_RESPONSE|BEHAVIOR_LOW_SPEED_RESPONSE|BEHAVIOR_LOW_SPEED_RATIO_HIGH,EVENT_HIGH_HR_RECOVERY_STOP,ROUTE_LOAD_HIGH_CONTEXT|IB2_EFFORT_HIGH|STEPS_SURFACE_HIGH|SLOPE_LOAD_FALLBACK_VERTICAL_RANGE|IB2_NAVIGATION_CONTEXT|IB2_WEATHER_SENSITIVE_ROUTE_EXPOSURE_CONTEXT|GUIDEPOST_PROXIMITY_CONTEXT|WEATHER_ACTIVITY_LEVEL_ONLY|WEATHER_WIND_GUST_CONTEXT|WEATHER_HIGH_UV_CONTEXT|BEHAVIOR_RELATIVE_HIGH_HR_RESPONSE|BEHAVIOR_LOW_SPEED_RESPONSE|BEHAVIOR_LOW_SPEED_RATIO_HIGH|ROUTE_PHASE_UNKNOWN|OSM_PROXIMITY_NOT_USAGE,ROUTE_LOAD_BEHAVIOR_CANDIDATE|IB2_OR_WEATHER_CONTEXT_PRESENT,"Descriptive planning context evidence only. This is not ability scoring, not route suitability scoring, not THCI/radar scoring, and not a final hiking risk assessment. Weather is activity-level context unless an explicit safe route-window source is used. OSM proximity is not proof of facility use. IB3D/event annotations are not causality evidence."
28_1,2400,2500,2,REVIEW_FOR_CONSERVATIVE_PLANNING,51.735,MODERATE_ROUTE_LOAD_CONTEXT,IB2_EFFORT_HIGH|SLOPE_LOAD_FALLBACK_VERTICAL_RANGE,WEATHER_ACTIVITY_LEVEL_ONLY|WEATHER_WIND_GUST_CONTEXT|WEATHER_HIGH_UV_CONTEXT,BEHAVIOR_LOW_SPEED_RESPONSE|BEHAVIOR_LOW_SPEED_RATIO_HIGH,NONE,IB2_EFFORT_HIGH|SLOPE_LOAD_FALLBACK_VERTICAL_RANGE|IB2_NAVIGATION_CONTEXT|IB2_WEATHER_SENSITIVE_ROUTE_EXPOSURE_CONTEXT|GUIDEPOST_PROXIMITY_CONTEXT|WEATHER_ACTIVITY_LEVEL_ONLY|WEATHER_WIND_GUST_CONTEXT|WEATHER_HIGH_UV_CONTEXT|BEHAVIOR_LOW_SPEED_RESPONSE|BEHAVIOR_LOW_SPEED_RATIO_HIGH|ROUTE_PHASE_UNKNOWN|OSM_PROXIMITY_NOT_USAGE,HIGH_ROUTE_OR_IB2_CONTEXT,"Descriptive planning context evidence only. This is not ability scoring, not route suitability scoring, not THCI/radar scoring, and not a final hiking risk assessment. Weather is activity-level context unless an explicit safe route-window source is used. OSM proximity is not proof of facility use. IB3D/event annotations are not causality evidence."
28_1,2500,2550,1,CONSERVATIVE_PLANNING_RECOMMENDED,63.937,HIGH_ROUTE_LOAD_CONTEXT,ROUTE_LOAD_HIGH_CONTEXT|IB2_EFFORT_HIGH|TERRAIN_HIGH|STEPS_SURFACE_HIGH,WEATHER_ACTIVITY_LEVEL_ONLY|WEATHER_WIND_GUST_CONTEXT|WEATHER_HIGH_UV_CONTEXT,BEHAVIOR_LOW_SPEED_RESPONSE|BEHAVIOR_LOW_SPEED_RATIO_HIGH,NONE,ROUTE_LOAD_HIGH_CONTEXT|IB2_EFFORT_HIGH|TERRAIN_HIGH|STEPS_SURFACE_HIGH|IB2_WEATHER_SENSITIVE_ROUTE_EXPOSURE_CONTEXT|WEATHER_ACTIVITY_LEVEL_ONLY|WEATHER_WIND_GUST_CONTEXT|WEATHER_HIGH_UV_CONTEXT|BEHAVIOR_LOW_SPEED_RESPONSE|BEHAVIOR_LOW_SPEED_RATIO_HIGH|ROUTE_PHASE_UNKNOWN|OSM_PROXIMITY_NOT_USAGE,ROUTE_LOAD_BEHAVIOR_CANDIDATE|IB2_OR_WEATHER_CONTEXT_PRESENT,"Descriptive planning context evidence only. This is not ability scoring, not route suitability scoring, not THCI/radar scoring, and not a final hiking risk assessment. Weather is activity-level context unless an explicit safe route-window source is used. OSM proximity is not proof of facility use. IB3D/event annotations are not causality evidence."
28_1,2550,2850,6,TURNAROUND_CONDITION_REVIEW_RECOMMENDED,100.0,VERY_HIGH_ROUTE_LOAD_CONTEXT,ROUTE_LOAD_HIGH_CONTEXT|ROUTE_LOAD_VERY_HIGH_CONTEXT|VERTICAL_RANGE_HIGH|SLOPE_HIGH|IB2_EFFORT_HIGH|TERRAIN_HIGH|STEPS_SURFACE_HIGH|SLOPE_LOAD_FALLBACK_VERTICAL_RANGE,WEATHER_ACTIVITY_LEVEL_ONLY|WEATHER_WIND_GUST_CONTEXT|WEATHER_HIGH_UV_CONTEXT,BEHAVIOR_RELATIVE_HIGH_HR_RESPONSE|BEHAVIOR_LOW_SPEED_RESPONSE|BEHAVIOR_LOW_SPEED_RATIO_HIGH|BEHAVIOR_STOP_RESPONSE,EVENT_HIGH_HR_RECOVERY_STOP|EVENT_SHORT_PAUSE,ROUTE_LOAD_HIGH_CONTEXT|ROUTE_LOAD_VERY_HIGH_CONTEXT|VERTICAL_RANGE_HIGH|SLOPE_HIGH|IB2_EFFORT_HIGH|TERRAIN_HIGH|STEPS_SURFACE_HIGH|SLOPE_LOAD_FALLBACK_VERTICAL_RANGE|IB2_WEATHER_SENSITIVE_ROUTE_EXPOSURE_CONTEXT|WEATHER_ACTIVITY_LEVEL_ONLY|WEATHER_WIND_GUST_CONTEXT|WEATHER_HIGH_UV_CONTEXT|BEHAVIOR_RELATIVE_HIGH_HR_RESPONSE|BEHAVIOR_LOW_SPEED_RESPONSE|BEHAVIOR_LOW_SPEED_RATIO_HIGH|ROUTE_PHASE_UNKNOWN|OSM_PROXIMITY_NOT_USAGE|BEHAVIOR_STOP_RESPONSE,VERY_HIGH_ROUTE_LOAD_CONTEXT|ROUTE_LOAD_BEHAVIOR_CANDIDATE|IB2_OR_WEATHER_CONTEXT_PRESENT,"Descriptive planning context evidence only. This is not ability scoring, not route suitability scoring, not THCI/radar scoring, and not a final hiking risk assessment. Weather is activity-level context unless an explicit safe route-window source is used. OSM proximity is not proof of facility use. IB3D/event annotations are not causality evidence."
28_1,2850,2900,1,REVIEW_FOR_CONSERVATIVE_PLANNING,34.019,LOWER_ROUTE_LOAD_CONTEXT,SLOPE_LOAD_FALLBACK_VERTICAL_RANGE,WEATHER_ACTIVITY_LEVEL_ONLY|WEATHER_WIND_GUST_CONTEXT|WEATHER_HIGH_UV_CONTEXT,BEHAVIOR_LOW_SPEED_RESPONSE,NONE,SLOPE_LOAD_FALLBACK_VERTICAL_RANGE|IB2_WEATHER_SENSITIVE_ROUTE_EXPOSURE_CONTEXT|WEATHER_ACTIVITY_LEVEL_ONLY|WEATHER_WIND_GUST_CONTEXT|WEATHER_HIGH_UV_CONTEXT|BEHAVIOR_LOW_SPEED_RESPONSE|ROUTE_PHASE_UNKNOWN|OSM_PROXIMITY_NOT_USAGE,HIGH_ROUTE_OR_IB2_CONTEXT,"Descriptive planning context evidence only. This is not ability scoring, not route suitability scoring, not THCI/radar scoring, and not a final hiking risk assessment. Weather is activity-level context unless an explicit safe route-window source is used. OSM proximity is not proof of facility use. IB3D/event annotations are not causality evidence."
28_1,2900,3000,2,CONSERVATIVE_PLANNING_RECOMMENDED,74.472,HIGH_ROUTE_LOAD_CONTEXT,ROUTE_LOAD_HIGH_CONTEXT|IB2_EFFORT_HIGH|STEPS_SURFACE_HIGH|SLOPE_LOAD_FALLBACK_VERTICAL_RANGE,WEATHER_ACTIVITY_LEVEL_ONLY|WEATHER_WIND_GUST_CONTEXT|WEATHER_HIGH_UV_CONTEXT,BEHAVIOR_LOW_SPEED_RESPONSE,NONE,ROUTE_LOAD_HIGH_CONTEXT|IB2_EFFORT_HIGH|STEPS_SURFACE_HIGH|SLOPE_LOAD_FALLBACK_VERTICAL_RANGE|IB2_WEATHER_SENSITIVE_ROUTE_EXPOSURE_CONTEXT|WEATHER_ACTIVITY_LEVEL_ONLY|WEATHER_WIND_GUST_CONTEXT|WEATHER_HIGH_UV_CONTEXT|BEHAVIOR_LOW_SPEED_RESPONSE|ROUTE_PHASE_UNKNOWN|OSM_PROXIMITY_NOT_USAGE,ROUTE_LOAD_BEHAVIOR_CANDIDATE|IB2_OR_WEATHER_CONTEXT_PRESENT,"Descriptive planning context evidence only. This is not ability scoring, not route suitability scoring, not THCI/radar scoring, and not a final hiking risk assessment. Weather is activity-level context unless an explicit safe route-window source is used. OSM proximity is not proof of facility use. IB3D/event annotations are not causality evidence."
28_1,3000,3600,12,REVIEW_FOR_CONSERVATIVE_PLANNING,42.177,LOWER_ROUTE_LOAD_CONTEXT,SLOPE_LOAD_FALLBACK_VERTICAL_RANGE,WEATHER_ACTIVITY_LEVEL_ONLY|WEATHER_WIND_GUST_CONTEXT|WEATHER_HIGH_UV_CONTEXT,BEHAVIOR_LOW_SPEED_RESPONSE|BEHAVIOR_LOW_SPEED_RATIO_HIGH|BEHAVIOR_RELATIVE_HIGH_HR_RESPONSE,EVENT_SHORT_PAUSE,IB2_WEATHER_SENSITIVE_ROUTE_EXPOSURE_CONTEXT|WEATHER_ACTIVITY_LEVEL_ONLY|WEATHER_WIND_GUST_CONTEXT|WEATHER_HIGH_UV_CONTEXT|ROUTE_PHASE_UNKNOWN|OSM_PROXIMITY_NOT_USAGE|SLOPE_LOAD_FALLBACK_VERTICAL_RANGE|BEHAVIOR_LOW_SPEED_RESPONSE|BEHAVIOR_LOW_SPEED_RATIO_HIGH|IB2_SUPPORT_CONTEXT|IB2_NAVIGATION_CONTEXT|GUIDEPOST_PROXIMITY_CONTEXT|SHELTER_PROXIMITY_CONTEXT|BEHAVIOR_RELATIVE_HIGH_HR_RESPONSE,HIGH_ROUTE_OR_IB2_CONTEXT,"Descriptive planning context evidence only. This is not ability scoring, not route suitability scoring, not THCI/radar scoring, and not a final hiking risk assessment. Weather is activity-level context unless an explicit safe route-window source is used. OSM proximity is not proof of facility use. IB3D/event annotations are not causality evidence."
28_1,3600,3750,3,CONSERVATIVE_PLANNING_RECOMMENDED,79.133,HIGH_ROUTE_LOAD_CONTEXT,ROUTE_LOAD_HIGH_CONTEXT|IB2_EFFORT_HIGH|STEPS_SURFACE_HIGH|SLOPE_LOAD_FALLBACK_VERTICAL_RANGE|TERRAIN_HIGH,WEATHER_ACTIVITY_LEVEL_ONLY|WEATHER_WIND_GUST_CONTEXT|WEATHER_HIGH_UV_CONTEXT,BEHAVIOR_RELATIVE_HIGH_HR_RESPONSE|BEHAVIOR_LOW_SPEED_RESPONSE,NONE,ROUTE_LOAD_HIGH_CONTEXT|IB2_EFFORT_HIGH|STEPS_SURFACE_HIGH|SLOPE_LOAD_FALLBACK_VERTICAL_RANGE|IB2_WEATHER_SENSITIVE_ROUTE_EXPOSURE_CONTEXT|SHELTER_PROXIMITY_CONTEXT|WEATHER_ACTIVITY_LEVEL_ONLY|WEATHER_WIND_GUST_CONTEXT|WEATHER_HIGH_UV_CONTEXT|BEHAVIOR_RELATIVE_HIGH_HR_RESPONSE|BEHAVIOR_LOW_SPEED_RESPONSE|ROUTE_PHASE_UNKNOWN|OSM_PROXIMITY_NOT_USAGE|TERRAIN_HIGH,ROUTE_LOAD_BEHAVIOR_CANDIDATE|IB2_OR_WEATHER_CONTEXT_PRESENT,"Descriptive planning context evidence only. This is not ability scoring, not route suitability scoring, not THCI/radar scoring, and not a final hiking risk assessment. Weather is activity-level context unless an explicit safe route-window source is used. OSM proximity is not proof of facility use. IB3D/event annotations are not causality evidence."
28_1,3750,4050,6,TURNAROUND_CONDITION_REVIEW_RECOMMENDED,100.0,VERY_HIGH_ROUTE_LOAD_CONTEXT,ROUTE_LOAD_HIGH_CONTEXT|ROUTE_LOAD_VERY_HIGH_CONTEXT|SLOPE_HIGH|IB2_EFFORT_HIGH|TERRAIN_HIGH|STEPS_SURFACE_HIGH|VERTICAL_RANGE_HIGH|SLOPE_LOAD_FALLBACK_VERTICAL_RANGE,WEATHER_ACTIVITY_LEVEL_ONLY|WEATHER_WIND_GUST_CONTEXT|WEATHER_HIGH_UV_CONTEXT,BEHAVIOR_RELATIVE_HIGH_HR_RESPONSE|BEHAVIOR_LOW_SPEED_RESPONSE|BEHAVIOR_LOW_SPEED_RATIO_HIGH,NONE,ROUTE_LOAD_HIGH_CONTEXT|ROUTE_LOAD_VERY_HIGH_CONTEXT|SLOPE_HIGH|IB2_EFFORT_HIGH|TERRAIN_HIGH|STEPS_SURFACE_HIGH|IB2_WEATHER_SENSITIVE_ROUTE_EXPOSURE_CONTEXT|WEATHER_ACTIVITY_LEVEL_ONLY|WEATHER_WIND_GUST_CONTEXT|WEATHER_HIGH_UV_CONTEXT|BEHAVIOR_RELATIVE_HIGH_HR_RESPONSE|BEHAVIOR_LOW_SPEED_RESPONSE|ROUTE_PHASE_UNKNOWN|OSM_PROXIMITY_NOT_USAGE|BEHAVIOR_LOW_SPEED_RATIO_HIGH|VERTICAL_RANGE_HIGH|SLOPE_LOAD_FALLBACK_VERTICAL_RANGE|WATERWAY_PROXIMITY_CONTEXT,VERY_HIGH_ROUTE_LOAD_CONTEXT|ROUTE_LOAD_BEHAVIOR_CANDIDATE|IB2_OR_WEATHER_CONTEXT_PRESENT,"Descriptive planning context evidence only. This is not ability scoring, not route suitability scoring, not THCI/radar scoring, and not a final hiking risk assessment. Weather is activity-level context unless an explicit safe route-window source is used. OSM proximity is not proof of facility use. IB3D/event annotations are not causality evidence."
28_1,4050,4100,1,CONSERVATIVE_PLANNING_RECOMMENDED,71.773,HIGH_ROUTE_LOAD_CONTEXT,ROUTE_LOAD_HIGH_CONTEXT|IB2_EFFORT_HIGH|STEPS_SURFACE_HIGH,WEATHER_ACTIVITY_LEVEL_ONLY|WEATHER_WIND_GUST_CONTEXT|WEATHER_HIGH_UV_CONTEXT,NONE,NONE,ROUTE_LOAD_HIGH_CONTEXT|IB2_EFFORT_HIGH|STEPS_SURFACE_HIGH|IB2_WEATHER_SENSITIVE_ROUTE_EXPOSURE_CONTEXT|WATERWAY_PROXIMITY_CONTEXT|WEATHER_ACTIVITY_LEVEL_ONLY|WEATHER_WIND_GUST_CONTEXT|WEATHER_HIGH_UV_CONTEXT|ROUTE_PHASE_UNKNOWN|OSM_PROXIMITY_NOT_USAGE,IB2_OR_WEATHER_CONTEXT_PRESENT,"Descriptive planning context evidence only. This is not ability scoring, not route suitability scoring, not THCI/radar scoring, and not a final hiking risk assessment. Weather is activity-level context unless an explicit safe route-window source is used. OSM proximity is not proof of facility use. IB3D/event annotations are not causality evidence."
28_1,4100,4200,2,REVIEW_FOR_CONSERVATIVE_PLANNING,52.512,LOWER_ROUTE_LOAD_CONTEXT,IB2_EFFORT_HIGH|STEPS_SURFACE_HIGH,WEATHER_ACTIVITY_LEVEL_ONLY|WEATHER_WIND_GUST_CONTEXT|WEATHER_HIGH_UV_CONTEXT,BEHAVIOR_LOW_SPEED_RESPONSE|BEHAVIOR_LOW_SPEED_RATIO_HIGH,TERMINAL_ARTIFACT_REVIEW_ONLY,IB2_NAVIGATION_CONTEXT|IB2_WEATHER_SENSITIVE_ROUTE_EXPOSURE_CONTEXT|WATERWAY_PROXIMITY_CONTEXT|GUIDEPOST_PROXIMITY_CONTEXT|WEATHER_ACTIVITY_LEVEL_ONLY|WEATHER_WIND_GUST_CONTEXT|WEATHER_HIGH_UV_CONTEXT|ROUTE_PHASE_UNKNOWN|OSM_PROXIMITY_NOT_USAGE|IB2_EFFORT_HIGH|STEPS_SURFACE_HIGH|BEHAVIOR_LOW_SPEED_RESPONSE|BEHAVIOR_LOW_SPEED_RATIO_HIGH,HIGH_ROUTE_OR_IB2_CONTEXT,"Descriptive planning context evidence only. This is not ability scoring, not route suitability scoring, not THCI/radar scoring, and not a final hiking risk assessment. Weather is activity-level context unless an explicit safe route-window source is used. OSM proximity is not proof of facility use. IB3D/event annotations are not causality evidence."
29_1,0,100,2,REVIEW_FOR_CONSERVATIVE_PLANNING,54.73,LOWER_ROUTE_LOAD_CONTEXT,IB2_EFFORT_HIGH|STEPS_SURFACE_HIGH,WEATHER_ACTIVITY_LEVEL_ONLY|WEATHER_HUMID_CONTEXT|WEATHER_RAIN_CONTEXT|WEATHER_WIND_GUST_CONTEXT|WEATHER_HIGH_UV_CONTEXT,NONE,NONE,IB2_NAVIGATION_CONTEXT|IB2_WEATHER_SENSITIVE_ROUTE_EXPOSURE_CONTEXT|WATERWAY_PROXIMITY_CONTEXT|GUIDEPOST_PROXIMITY_CONTEXT|WEATHER_ACTIVITY_LEVEL_ONLY|WEATHER_HUMID_CONTEXT|WEATHER_RAIN_CONTEXT|WEATHER_WIND_GUST_CONTEXT|WEATHER_HIGH_UV_CONTEXT|ROUTE_PHASE_UNKNOWN|OSM_PROXIMITY_NOT_USAGE|IB2_EFFORT_HIGH|STEPS_SURFACE_HIGH,HIGH_ROUTE_OR_IB2_CONTEXT,"Descriptive planning context evidence only. This is not ability scoring, not route suitability scoring, not THCI/radar scoring, and not a final hiking risk assessment. Weather is activity-level context unless an explicit safe route-window source is used. OSM proximity is not proof of facility use. IB3D/event annotations are not causality evidence."
29_1,100,150,1,CONSERVATIVE_PLANNING_RECOMMENDED,70.569,HIGH_ROUTE_LOAD_CONTEXT,ROUTE_LOAD_HIGH_CONTEXT|IB2_EFFORT_HIGH|STEPS_SURFACE_HIGH|SLOPE_LOAD_FALLBACK_VERTICAL_RANGE,WEATHER_ACTIVITY_LEVEL_ONLY|WEATHER_HUMID_CONTEXT|WEATHER_RAIN_CONTEXT|WEATHER_WIND_GUST_CONTEXT|WEATHER_HIGH_UV_CONTEXT,NONE,NONE,ROUTE_LOAD_HIGH_CONTEXT|IB2_EFFORT_HIGH|STEPS_SURFACE_HIGH|SLOPE_LOAD_FALLBACK_VERTICAL_RANGE|IB2_WEATHER_SENSITIVE_ROUTE_EXPOSURE_CONTEXT|WATERWAY_PROXIMITY_CONTEXT|WEATHER_ACTIVITY_LEVEL_ONLY|WEATHER_HUMID_CONTEXT|WEATHER_RAIN_CONTEXT|WEATHER_WIND_GUST_CONTEXT|WEATHER_HIGH_UV_CONTEXT|ROUTE_PHASE_UNKNOWN|OSM_PROXIMITY_NOT_USAGE,IB2_OR_WEATHER_CONTEXT_PRESENT,"Descriptive planning context evidence only. This is not ability scoring, not route suitability scoring, not THCI/radar scoring, and not a final hiking risk assessment. Weather is activity-level context unless an explicit safe route-window source is used. OSM proximity is not proof of facility use. IB3D/event annotations are not causality evidence."
29_1,150,300,3,TURNAROUND_CONDITION_REVIEW_RECOMMENDED,100.0,VERY_HIGH_ROUTE_LOAD_CONTEXT,ROUTE_LOAD_HIGH_CONTEXT|ROUTE_LOAD_VERY_HIGH_CONTEXT|IB2_EFFORT_HIGH|TERRAIN_HIGH|STEPS_SURFACE_HIGH|SLOPE_LOAD_FALLBACK_VERTICAL_RANGE|VERTICAL_RANGE_HIGH|SLOPE_HIGH,WEATHER_ACTIVITY_LEVEL_ONLY|WEATHER_HUMID_CONTEXT|WEATHER_RAIN_CONTEXT|WEATHER_WIND_GUST_CONTEXT|WEATHER_HIGH_UV_CONTEXT,BEHAVIOR_LOW_SPEED_RESPONSE,NONE,ROUTE_LOAD_HIGH_CONTEXT|ROUTE_LOAD_VERY_HIGH_CONTEXT|IB2_EFFORT_HIGH|TERRAIN_HIGH|STEPS_SURFACE_HIGH|SLOPE_LOAD_FALLBACK_VERTICAL_RANGE|IB2_WEATHER_SENSITIVE_ROUTE_EXPOSURE_CONTEXT|WATERWAY_PROXIMITY_CONTEXT|WEATHER_ACTIVITY_LEVEL_ONLY|WEATHER_HUMID_CONTEXT|WEATHER_RAIN_CONTEXT|WEATHER_WIND_GUST_CONTEXT|WEATHER_HIGH_UV_CONTEXT|BEHAVIOR_LOW_SPEED_RESPONSE|ROUTE_PHASE_UNKNOWN|OSM_PROXIMITY_NOT_USAGE|VERTICAL_RANGE_HIGH|SLOPE_HIGH,VERY_HIGH_ROUTE_LOAD_CONTEXT|ROUTE_LOAD_BEHAVIOR_CANDIDATE|IB2_OR_WEATHER_CONTEXT_PRESENT,"Descriptive planning context evidence only. This is not ability scoring, not route suitability scoring, not THCI/radar scoring, and not a final hiking risk assessment. Weather is activity-level context unless an explicit safe route-window source is used. OSM proximity is not proof of facility use. IB3D/event annotations are not causality evidence."
29_1,300,350,1,CONSERVATIVE_PLANNING_RECOMMENDED,69.074,HIGH_ROUTE_LOAD_CONTEXT,ROUTE_LOAD_HIGH_CONTEXT|IB2_EFFORT_HIGH|TERRAIN_HIGH|STEPS_SURFACE_HIGH,WEATHER_ACTIVITY_LEVEL_ONLY|WEATHER_HUMID_CONTEXT|WEATHER_RAIN_CONTEXT|WEATHER_WIND_GUST_CONTEXT|WEATHER_HIGH_UV_CONTEXT,NONE,NONE,ROUTE_LOAD_HIGH_CONTEXT|IB2_EFFORT_HIGH|TERRAIN_HIGH|STEPS_SURFACE_HIGH|IB2_WEATHER_SENSITIVE_ROUTE_EXPOSURE_CONTEXT|WEATHER_ACTIVITY_LEVEL_ONLY|WEATHER_HUMID_CONTEXT|WEATHER_RAIN_CONTEXT|WEATHER_WIND_GUST_CONTEXT|WEATHER_HIGH_UV_CONTEXT|ROUTE_PHASE_UNKNOWN|OSM_PROXIMITY_NOT_USAGE,IB2_OR_WEATHER_CONTEXT_PRESENT,"Descriptive planning context evidence only. This is not ability scoring, not route suitability scoring, not THCI/radar scoring, and not a final hiking risk assessment. Weather is activity-level context unless an explicit safe route-window source is used. OSM proximity is not proof of facility use. IB3D/event annotations are not causality evidence."
29_1,350,400,1,TURNAROUND_CONDITION_REVIEW_RECOMMENDED,89.17,VERY_HIGH_ROUTE_LOAD_CONTEXT,ROUTE_LOAD_HIGH_CONTEXT|ROUTE_LOAD_VERY_HIGH_CONTEXT|VERTICAL_RANGE_HIGH|SLOPE_HIGH|IB2_EFFORT_HIGH|TERRAIN_HIGH|STEPS_SURFACE_HIGH|SLOPE_LOAD_FALLBACK_VERTICAL_RANGE,WEATHER_ACTIVITY_LEVEL_ONLY|WEATHER_HUMID_CONTEXT|WEATHER_RAIN_CONTEXT|WEATHER_WIND_GUST_CONTEXT|WEATHER_HIGH_UV_CONTEXT,BEHAVIOR_LOW_SPEED_RESPONSE,NONE,ROUTE_LOAD_HIGH_CONTEXT|ROUTE_LOAD_VERY_HIGH_CONTEXT|VERTICAL_RANGE_HIGH|SLOPE_HIGH|IB2_EFFORT_HIGH|TERRAIN_HIGH|STEPS_SURFACE_HIGH|SLOPE_LOAD_FALLBACK_VERTICAL_RANGE|IB2_WEATHER_SENSITIVE_ROUTE_EXPOSURE_CONTEXT|WEATHER_ACTIVITY_LEVEL_ONLY|WEATHER_HUMID_CONTEXT|WEATHER_RAIN_CONTEXT|WEATHER_WIND_GUST_CONTEXT|WEATHER_HIGH_UV_CONTEXT|BEHAVIOR_LOW_SPEED_RESPONSE|ROUTE_PHASE_UNKNOWN|OSM_PROXIMITY_NOT_USAGE,VERY_HIGH_ROUTE_LOAD_CONTEXT|ROUTE_LOAD_BEHAVIOR_CANDIDATE|IB2_OR_WEATHER_CONTEXT_PRESENT,"Descriptive planning context evidence only. This is not ability scoring, not route suitability scoring, not THCI/radar scoring, and not a final hiking risk assessment. Weather is activity-level context unless an explicit safe route-window source is used. OSM proximity is not proof of facility use. IB3D/event annotations are not causality evidence."
29_1,400,500,2,CONSERVATIVE_PLANNING_RECOMMENDED,78.368,HIGH_ROUTE_LOAD_CONTEXT,ROUTE_LOAD_HIGH_CONTEXT|IB2_EFFORT_HIGH|TERRAIN_HIGH|STEPS_SURFACE_HIGH|SLOPE_LOAD_FALLBACK_VERTICAL_RANGE,WEATHER_ACTIVITY_LEVEL_ONLY|WEATHER_HUMID_CONTEXT|WEATHER_RAIN_CONTEXT|WEATHER_WIND_GUST_CONTEXT|WEATHER_HIGH_UV_CONTEXT,NONE,EVENT_REVIEW_REQUIRED,ROUTE_LOAD_HIGH_CONTEXT|IB2_EFFORT_HIGH|TERRAIN_HIGH|STEPS_SURFACE_HIGH|SLOPE_LOAD_FALLBACK_VERTICAL_RANGE|IB2_WEATHER_SENSITIVE_ROUTE_EXPOSURE_CONTEXT|WEATHER_ACTIVITY_LEVEL_ONLY|WEATHER_HUMID_CONTEXT|WEATHER_RAIN_CONTEXT|WEATHER_WIND_GUST_CONTEXT|WEATHER_HIGH_UV_CONTEXT|ROUTE_PHASE_UNKNOWN|OSM_PROXIMITY_NOT_USAGE,IB2_OR_WEATHER_CONTEXT_PRESENT,"Descriptive planning context evidence only. This is not ability scoring, not route suitability scoring, not THCI/radar scoring, and not a final hiking risk assessment. Weather is activity-level context unless an explicit safe route-window source is used. OSM proximity is not proof of facility use. IB3D/event annotations are not causality evidence."
29_1,500,550,1,TURNAROUND_CONDITION_REVIEW_RECOMMENDED,81.359,VERY_HIGH_ROUTE_LOAD_CONTEXT,ROUTE_LOAD_HIGH_CONTEXT|ROUTE_LOAD_VERY_HIGH_CONTEXT|IB2_EFFORT_HIGH|STEPS_SURFACE_HIGH|SLOPE_LOAD_FALLBACK_VERTICAL_RANGE,WEATHER_ACTIVITY_LEVEL_ONLY|WEATHER_HUMID_CONTEXT|WEATHER_RAIN_CONTEXT|WEATHER_WIND_GUST_CONTEXT|WEATHER_HIGH_UV_CONTEXT,BEHAVIOR_RELATIVE_HIGH_HR_RESPONSE,EVENT_REVIEW_REQUIRED,ROUTE_LOAD_HIGH_CONTEXT|ROUTE_LOAD_VERY_HIGH_CONTEXT|IB2_EFFORT_HIGH|STEPS_SURFACE_HIGH|SLOPE_LOAD_FALLBACK_VERTICAL_RANGE|IB2_WEATHER_SENSITIVE_ROUTE_EXPOSURE_CONTEXT|WEATHER_ACTIVITY_LEVEL_ONLY|WEATHER_HUMID_CONTEXT|WEATHER_RAIN_CONTEXT|WEATHER_WIND_GUST_CONTEXT|WEATHER_HIGH_UV_CONTEXT|BEHAVIOR_RELATIVE_HIGH_HR_RESPONSE|ROUTE_PHASE_UNKNOWN|OSM_PROXIMITY_NOT_USAGE,VERY_HIGH_ROUTE_LOAD_CONTEXT|ROUTE_LOAD_BEHAVIOR_CANDIDATE|IB2_OR_WEATHER_CONTEXT_PRESENT,"Descriptive planning context evidence only. This is not ability scoring, not route suitability scoring, not THCI/radar scoring, and not a final hiking risk assessment. Weather is activity-level context unless an explicit safe route-window source is used. OSM proximity is not proof of facility use. IB3D/event annotations are not causality evidence."
29_1,550,1200,13,REVIEW_FOR_CONSERVATIVE_PLANNING,49.199,LOWER_ROUTE_LOAD_CONTEXT,IB2_EFFORT_HIGH|SLOPE_LOAD_FALLBACK_VERTICAL_RANGE|SLOPE_HIGH,WEATHER_ACTIVITY_LEVEL_ONLY|WEATHER_HUMID_CONTEXT|WEATHER_RAIN_CONTEXT|WEATHER_WIND_GUST_CONTEXT|WEATHER_HIGH_UV_CONTEXT,BEHAVIOR_RELATIVE_HIGH_HR_RESPONSE|BEHAVIOR_LOW_SPEED_RESPONSE,EVENT_REVIEW_REQUIRED,IB2_EFFORT_HIGH|IB2_WEATHER_SENSITIVE_ROUTE_EXPOSURE_CONTEXT|SHELTER_PROXIMITY_CONTEXT|WEATHER_ACTIVITY_LEVEL_ONLY|WEATHER_HUMID_CONTEXT|WEATHER_RAIN_CONTEXT|WEATHER_WIND_GUST_CONTEXT|WEATHER_HIGH_UV_CONTEXT|BEHAVIOR_RELATIVE_HIGH_HR_RESPONSE|BEHAVIOR_LOW_SPEED_RESPONSE|ROUTE_PHASE_UNKNOWN|OSM_PROXIMITY_NOT_USAGE|SLOPE_LOAD_FALLBACK_VERTICAL_RANGE|IB2_NAVIGATION_CONTEXT|GUIDEPOST_PROXIMITY_CONTEXT|SLOPE_HIGH|IB2_SUPPORT_CONTEXT,HIGH_ROUTE_OR_IB2_CONTEXT,"Descriptive planning context evidence only. This is not ability scoring, not route suitability scoring, not THCI/radar scoring, and not a final hiking risk assessment. Weather is activity-level context unless an explicit safe route-window source is used. OSM proximity is not proof of facility use. IB3D/event annotations are not causality evidence."
29_1,1200,1350,3,CONSERVATIVE_PLANNING_RECOMMENDED,72.387,HIGH_ROUTE_LOAD_CONTEXT,ROUTE_LOAD_HIGH_CONTEXT|IB2_EFFORT_HIGH|STEPS_SURFACE_HIGH|SLOPE_LOAD_FALLBACK_VERTICAL_RANGE,WEATHER_ACTIVITY_LEVEL_ONLY|WEATHER_HUMID_CONTEXT|WEATHER_RAIN_CONTEXT|WEATHER_WIND_GUST_CONTEXT|WEATHER_HIGH_UV_CONTEXT,BEHAVIOR_LOW_SPEED_RESPONSE|BEHAVIOR_RELATIVE_HIGH_HR_RESPONSE,NONE,ROUTE_LOAD_HIGH_CONTEXT|IB2_EFFORT_HIGH|STEPS_SURFACE_HIGH|SLOPE_LOAD_FALLBACK_VERTICAL_RANGE|IB2_WEATHER_SENSITIVE_ROUTE_EXPOSURE_CONTEXT|WEATHER_ACTIVITY_LEVEL_ONLY|WEATHER_HUMID_CONTEXT|WEATHER_RAIN_CONTEXT|WEATHER_WIND_GUST_CONTEXT|WEATHER_HIGH_UV_CONTEXT|BEHAVIOR_LOW_SPEED_RESPONSE|ROUTE_PHASE_UNKNOWN|OSM_PROXIMITY_NOT_USAGE|BEHAVIOR_RELATIVE_HIGH_HR_RESPONSE,ROUTE_LOAD_BEHAVIOR_CANDIDATE|IB2_OR_WEATHER_CONTEXT_PRESENT,"Descriptive planning context evidence only. This is not ability scoring, not route suitability scoring, not THCI/radar scoring, and not a final hiking risk assessment. Weather is activity-level context unless an explicit safe route-window source is used. OSM proximity is not proof of facility use. IB3D/event annotations are not causality evidence."
29_1,1350,1650,6,TURNAROUND_CONDITION_REVIEW_RECOMMENDED,100.0,VERY_HIGH_ROUTE_LOAD_CONTEXT,ROUTE_LOAD_HIGH_CONTEXT|ROUTE_LOAD_VERY_HIGH_CONTEXT|VERTICAL_RANGE_HIGH|SLOPE_HIGH|IB2_EFFORT_HIGH|TERRAIN_HIGH|STEPS_SURFACE_HIGH|SLOPE_LOAD_FALLBACK_VERTICAL_RANGE,WEATHER_ACTIVITY_LEVEL_ONLY|WEATHER_HUMID_CONTEXT|WEATHER_RAIN_CONTEXT|WEATHER_WIND_GUST_CONTEXT|WEATHER_HIGH_UV_CONTEXT,BEHAVIOR_LOW_SPEED_RESPONSE|BEHAVIOR_RELATIVE_HIGH_HR_RESPONSE,NONE,ROUTE_LOAD_HIGH_CONTEXT|ROUTE_LOAD_VERY_HIGH_CONTEXT|VERTICAL_RANGE_HIGH|SLOPE_HIGH|IB2_EFFORT_HIGH|TERRAIN_HIGH|STEPS_SURFACE_HIGH|SLOPE_LOAD_FALLBACK_VERTICAL_RANGE|IB2_WEATHER_SENSITIVE_ROUTE_EXPOSURE_CONTEXT|WEATHER_ACTIVITY_LEVEL_ONLY|WEATHER_HUMID_CONTEXT|WEATHER_RAIN_CONTEXT|WEATHER_WIND_GUST_CONTEXT|WEATHER_HIGH_UV_CONTEXT|BEHAVIOR_LOW_SPEED_RESPONSE|ROUTE_PHASE_UNKNOWN|OSM_PROXIMITY_NOT_USAGE|BEHAVIOR_RELATIVE_HIGH_HR_RESPONSE,VERY_HIGH_ROUTE_LOAD_CONTEXT|ROUTE_LOAD_BEHAVIOR_CANDIDATE|IB2_OR_WEATHER_CONTEXT_PRESENT,"Descriptive planning context evidence only. This is not ability scoring, not route suitability scoring, not THCI/radar scoring, and not a final hiking risk assessment. Weather is activity-level context unless an explicit safe route-window source is used. OSM proximity is not proof of facility use. IB3D/event annotations are not causality evidence."
29_1,1650,1750,2,REVIEW_FOR_CONSERVATIVE_PLANNING,56.42,LOWER_ROUTE_LOAD_CONTEXT,IB2_EFFORT_HIGH|STEPS_SURFACE_HIGH|SLOPE_LOAD_FALLBACK_VERTICAL_RANGE,WEATHER_ACTIVITY_LEVEL_ONLY|WEATHER_HUMID_CONTEXT|WEATHER_RAIN_CONTEXT|WEATHER_WIND_GUST_CONTEXT|WEATHER_HIGH_UV_CONTEXT,BEHAVIOR_RELATIVE_HIGH_HR_RESPONSE|BEHAVIOR_LOW_SPEED_RESPONSE,NONE,IB2_EFFORT_HIGH|STEPS_SURFACE_HIGH|SLOPE_LOAD_FALLBACK_VERTICAL_RANGE|IB2_WEATHER_SENSITIVE_ROUTE_EXPOSURE_CONTEXT|WEATHER_ACTIVITY_LEVEL_ONLY|WEATHER_HUMID_CONTEXT|WEATHER_RAIN_CONTEXT|WEATHER_WIND_GUST_CONTEXT|WEATHER_HIGH_UV_CONTEXT|BEHAVIOR_RELATIVE_HIGH_HR_RESPONSE|BEHAVIOR_LOW_SPEED_RESPONSE|ROUTE_PHASE_UNKNOWN|OSM_PROXIMITY_NOT_USAGE,HIGH_ROUTE_OR_IB2_CONTEXT,"Descriptive planning context evidence only. This is not ability scoring, not route suitability scoring, not THCI/radar scoring, and not a final hiking risk assessment. Weather is activity-level context unless an explicit safe route-window source is used. OSM proximity is not proof of facility use. IB3D/event annotations are not causality evidence."
29_1,1750,1800,1,CONSERVATIVE_PLANNING_RECOMMENDED,61.838,HIGH_ROUTE_LOAD_CONTEXT,ROUTE_LOAD_HIGH_CONTEXT|IB2_EFFORT_HIGH|STEPS_SURFACE_HIGH,WEATHER_ACTIVITY_LEVEL_ONLY|WEATHER_HUMID_CONTEXT|WEATHER_RAIN_CONTEXT|WEATHER_WIND_GUST_CONTEXT|WEATHER_HIGH_UV_CONTEXT,BEHAVIOR_LOW_SPEED_RESPONSE,NONE,ROUTE_LOAD_HIGH_CONTEXT|IB2_EFFORT_HIGH|STEPS_SURFACE_HIGH|IB2_NAVIGATION_CONTEXT|IB2_WEATHER_SENSITIVE_ROUTE_EXPOSURE_CONTEXT|GUIDEPOST_PROXIMITY_CONTEXT|WEATHER_ACTIVITY_LEVEL_ONLY|WEATHER_HUMID_CONTEXT|WEATHER_RAIN_CONTEXT|WEATHER_WIND_GUST_CONTEXT|WEATHER_HIGH_UV_CONTEXT|BEHAVIOR_LOW_SPEED_RESPONSE|ROUTE_PHASE_UNKNOWN|OSM_PROXIMITY_NOT_USAGE,ROUTE_LOAD_BEHAVIOR_CANDIDATE|IB2_OR_WEATHER_CONTEXT_PRESENT,"Descriptive planning context evidence only. This is not ability scoring, not route suitability scoring, not THCI/radar scoring, and not a final hiking risk assessment. Weather is activity-level context unless an explicit safe route-window source is used. OSM proximity is not proof of facility use. IB3D/event annotations are not causality evidence."
29_1,1800,1900,2,TURNAROUND_CONDITION_REVIEW_RECOMMENDED,94.694,VERY_HIGH_ROUTE_LOAD_CONTEXT,ROUTE_LOAD_HIGH_CONTEXT|ROUTE_LOAD_VERY_HIGH_CONTEXT|SLOPE_HIGH|IB2_EFFORT_HIGH|STEPS_SURFACE_HIGH|VERTICAL_RANGE_HIGH|TERRAIN_HIGH,WEATHER_ACTIVITY_LEVEL_ONLY|WEATHER_HUMID_CONTEXT|WEATHER_RAIN_CONTEXT|WEATHER_WIND_GUST_CONTEXT|WEATHER_HIGH_UV_CONTEXT,BEHAVIOR_LOW_SPEED_RESPONSE,NONE,ROUTE_LOAD_HIGH_CONTEXT|ROUTE_LOAD_VERY_HIGH_CONTEXT|SLOPE_HIGH|IB2_EFFORT_HIGH|STEPS_SURFACE_HIGH|IB2_NAVIGATION_CONTEXT|IB2_WEATHER_SENSITIVE_ROUTE_EXPOSURE_CONTEXT|GUIDEPOST_PROXIMITY_CONTEXT|WEATHER_ACTIVITY_LEVEL_ONLY|WEATHER_HUMID_CONTEXT|WEATHER_RAIN_CONTEXT|WEATHER_WIND_GUST_CONTEXT|WEATHER_HIGH_UV_CONTEXT|BEHAVIOR_LOW_SPEED_RESPONSE|ROUTE_PHASE_UNKNOWN|OSM_PROXIMITY_NOT_USAGE|VERTICAL_RANGE_HIGH|TERRAIN_HIGH,VERY_HIGH_ROUTE_LOAD_CONTEXT|ROUTE_LOAD_BEHAVIOR_CANDIDATE|IB2_OR_WEATHER_CONTEXT_PRESENT,"Descriptive planning context evidence only. This is not ability scoring, not route suitability scoring, not THCI/radar scoring, and not a final hiking risk assessment. Weather is activity-level context unless an explicit safe route-window source is used. OSM proximity is not proof of facility use. IB3D/event annotations are not causality evidence."
29_1,1900,1950,1,REVIEW_FOR_CONSERVATIVE_PLANNING,50.326,MODERATE_ROUTE_LOAD_CONTEXT,IB2_EFFORT_HIGH|STEPS_SURFACE_HIGH|SLOPE_LOAD_FALLBACK_VERTICAL_RANGE,WEATHER_ACTIVITY_LEVEL_ONLY|WEATHER_HUMID_CONTEXT|WEATHER_RAIN_CONTEXT|WEATHER_WIND_GUST_CONTEXT|WEATHER_HIGH_UV_CONTEXT,NONE,NONE,IB2_EFFORT_HIGH|STEPS_SURFACE_HIGH|SLOPE_LOAD_FALLBACK_VERTICAL_RANGE|IB2_NAVIGATION_CONTEXT|IB2_WEATHER_SENSITIVE_ROUTE_EXPOSURE_CONTEXT|GUIDEPOST_PROXIMITY_CONTEXT|WEATHER_ACTIVITY_LEVEL_ONLY|WEATHER_HUMID_CONTEXT|WEATHER_RAIN_CONTEXT|WEATHER_WIND_GUST_CONTEXT|WEATHER_HIGH_UV_CONTEXT|ROUTE_PHASE_UNKNOWN|OSM_PROXIMITY_NOT_USAGE,HIGH_ROUTE_OR_IB2_CONTEXT,"Descriptive planning context evidence only. This is not ability scoring, not route suitability scoring, not THCI/radar scoring, and not a final hiking risk assessment. Weather is activity-level context unless an explicit safe route-window source is used. OSM proximity is not proof of facility use. IB3D/event annotations are not causality evidence."
29_1,1950,2050,2,TURNAROUND_CONDITION_REVIEW_RECOMMENDED,89.486,VERY_HIGH_ROUTE_LOAD_CONTEXT,ROUTE_LOAD_HIGH_CONTEXT|ROUTE_LOAD_VERY_HIGH_CONTEXT|VERTICAL_RANGE_HIGH|SLOPE_HIGH|IB2_EFFORT_HIGH|STEPS_SURFACE_HIGH,WEATHER_ACTIVITY_LEVEL_ONLY|WEATHER_HUMID_CONTEXT|WEATHER_RAIN_CONTEXT|WEATHER_WIND_GUST_CONTEXT|WEATHER_HIGH_UV_CONTEXT,BEHAVIOR_LOW_SPEED_RESPONSE|BEHAVIOR_RELATIVE_HIGH_HR_RESPONSE,NONE,ROUTE_LOAD_HIGH_CONTEXT|ROUTE_LOAD_VERY_HIGH_CONTEXT|VERTICAL_RANGE_HIGH|SLOPE_HIGH|IB2_EFFORT_HIGH|STEPS_SURFACE_HIGH|IB2_NAVIGATION_CONTEXT|IB2_WEATHER_SENSITIVE_ROUTE_EXPOSURE_CONTEXT|GUIDEPOST_PROXIMITY_CONTEXT|WEATHER_ACTIVITY_LEVEL_ONLY|WEATHER_HUMID_CONTEXT|WEATHER_RAIN_CONTEXT|WEATHER_WIND_GUST_CONTEXT|WEATHER_HIGH_UV_CONTEXT|BEHAVIOR_LOW_SPEED_RESPONSE|ROUTE_PHASE_UNKNOWN|OSM_PROXIMITY_NOT_USAGE|BEHAVIOR_RELATIVE_HIGH_HR_RESPONSE,VERY_HIGH_ROUTE_LOAD_CONTEXT|ROUTE_LOAD_BEHAVIOR_CANDIDATE|IB2_OR_WEATHER_CONTEXT_PRESENT,"Descriptive planning context evidence only. This is not ability scoring, not route suitability scoring, not THCI/radar scoring, and not a final hiking risk assessment. Weather is activity-level context unless an explicit safe route-window source is used. OSM proximity is not proof of facility use. IB3D/event annotations are not causality evidence."
29_1,2050,2150,2,CONSERVATIVE_PLANNING_RECOMMENDED,66.825,HIGH_ROUTE_LOAD_CONTEXT,ROUTE_LOAD_HIGH_CONTEXT|IB2_EFFORT_HIGH|STEPS_SURFACE_HIGH,WEATHER_ACTIVITY_LEVEL_ONLY|WEATHER_HUMID_CONTEXT|WEATHER_RAIN_CONTEXT|WEATHER_WIND_GUST_CONTEXT|WEATHER_HIGH_UV_CONTEXT,BEHAVIOR_LOW_SPEED_RESPONSE|BEHAVIOR_RELATIVE_HIGH_HR_RESPONSE,EVENT_REVIEW_REQUIRED,ROUTE_LOAD_HIGH_CONTEXT|IB2_EFFORT_HIGH|STEPS_SURFACE_HIGH|IB2_NAVIGATION_CONTEXT|IB2_WEATHER_SENSITIVE_ROUTE_EXPOSURE_CONTEXT|GUIDEPOST_PROXIMITY_CONTEXT|WEATHER_ACTIVITY_LEVEL_ONLY|WEATHER_HUMID_CONTEXT|WEATHER_RAIN_CONTEXT|WEATHER_WIND_GUST_CONTEXT|WEATHER_HIGH_UV_CONTEXT|BEHAVIOR_LOW_SPEED_RESPONSE|ROUTE_PHASE_UNKNOWN|OSM_PROXIMITY_NOT_USAGE|BEHAVIOR_RELATIVE_HIGH_HR_RESPONSE,ROUTE_LOAD_BEHAVIOR_CANDIDATE|IB2_OR_WEATHER_CONTEXT_PRESENT,"Descriptive planning context evidence only. This is not ability scoring, not route suitability scoring, not THCI/radar scoring, and not a final hiking risk assessment. Weather is activity-level context unless an explicit safe route-window source is used. OSM proximity is not proof of facility use. IB3D/event annotations are not causality evidence."
29_1,2150,2250,2,TURNAROUND_CONDITION_REVIEW_RECOMMENDED,84.534,VERY_HIGH_ROUTE_LOAD_CONTEXT,ROUTE_LOAD_HIGH_CONTEXT|ROUTE_LOAD_VERY_HIGH_CONTEXT|VERTICAL_RANGE_HIGH|SLOPE_HIGH|IB2_EFFORT_HIGH|STEPS_SURFACE_HIGH|SLOPE_LOAD_FALLBACK_VERTICAL_RANGE,WEATHER_ACTIVITY_LEVEL_ONLY|WEATHER_HUMID_CONTEXT|WEATHER_RAIN_CONTEXT|WEATHER_WIND_GUST_CONTEXT|WEATHER_HIGH_UV_CONTEXT,BEHAVIOR_RELATIVE_HIGH_HR_RESPONSE|BEHAVIOR_LOW_SPEED_RESPONSE,EVENT_REVIEW_REQUIRED,ROUTE_LOAD_HIGH_CONTEXT|ROUTE_LOAD_VERY_HIGH_CONTEXT|VERTICAL_RANGE_HIGH|SLOPE_HIGH|IB2_EFFORT_HIGH|STEPS_SURFACE_HIGH|IB2_WEATHER_SENSITIVE_ROUTE_EXPOSURE_CONTEXT|WEATHER_ACTIVITY_LEVEL_ONLY|WEATHER_HUMID_CONTEXT|WEATHER_RAIN_CONTEXT|WEATHER_WIND_GUST_CONTEXT|WEATHER_HIGH_UV_CONTEXT|BEHAVIOR_RELATIVE_HIGH_HR_RESPONSE|BEHAVIOR_LOW_SPEED_RESPONSE|ROUTE_PHASE_UNKNOWN|OSM_PROXIMITY_NOT_USAGE|SLOPE_LOAD_FALLBACK_VERTICAL_RANGE|IB2_NAVIGATION_CONTEXT|GUIDEPOST_PROXIMITY_CONTEXT,VERY_HIGH_ROUTE_LOAD_CONTEXT|ROUTE_LOAD_BEHAVIOR_CANDIDATE|IB2_OR_WEATHER_CONTEXT_PRESENT,"Descriptive planning context evidence only. This is not ability scoring, not route suitability scoring, not THCI/radar scoring, and not a final hiking risk assessment. Weather is activity-level context unless an explicit safe route-window source is used. OSM proximity is not proof of facility use. IB3D/event annotations are not causality evidence."
29_1,2250,2300,1,REVIEW_FOR_CONSERVATIVE_PLANNING,55.984,MODERATE_ROUTE_LOAD_CONTEXT,IB2_EFFORT_HIGH|STEPS_SURFACE_HIGH,WEATHER_ACTIVITY_LEVEL_ONLY|WEATHER_HUMID_CONTEXT|WEATHER_RAIN_CONTEXT|WEATHER_WIND_GUST_CONTEXT|WEATHER_HIGH_UV_CONTEXT,NONE,EVENT_REVIEW_REQUIRED,IB2_EFFORT_HIGH|STEPS_SURFACE_HIGH|IB2_NAVIGATION_CONTEXT|IB2_WEATHER_SENSITIVE_ROUTE_EXPOSURE_CONTEXT|GUIDEPOST_PROXIMITY_CONTEXT|WEATHER_ACTIVITY_LEVEL_ONLY|WEATHER_HUMID_CONTEXT|WEATHER_RAIN_CONTEXT|WEATHER_WIND_GUST_CONTEXT|WEATHER_HIGH_UV_CONTEXT|ROUTE_PHASE_UNKNOWN|OSM_PROXIMITY_NOT_USAGE,HIGH_ROUTE_OR_IB2_CONTEXT,"Descriptive planning context evidence only. This is not ability scoring, not route suitability scoring, not THCI/radar scoring, and not a final hiking risk assessment. Weather is activity-level context unless an explicit safe route-window source is used. OSM proximity is not proof of facility use. IB3D/event annotations are not causality evidence."
29_1,2300,2350,1,TURNAROUND_CONDITION_REVIEW_RECOMMENDED,94.355,VERY_HIGH_ROUTE_LOAD_CONTEXT,ROUTE_LOAD_HIGH_CONTEXT|ROUTE_LOAD_VERY_HIGH_CONTEXT|VERTICAL_RANGE_HIGH|SLOPE_HIGH|IB2_EFFORT_HIGH|TERRAIN_HIGH|STEPS_SURFACE_HIGH|SLOPE_LOAD_FALLBACK_VERTICAL_RANGE,WEATHER_ACTIVITY_LEVEL_ONLY|WEATHER_HUMID_CONTEXT|WEATHER_RAIN_CONTEXT|WEATHER_WIND_GUST_CONTEXT|WEATHER_HIGH_UV_CONTEXT,BEHAVIOR_LOW_SPEED_RESPONSE,EVENT_REVIEW_REQUIRED,ROUTE_LOAD_HIGH_CONTEXT|ROUTE_LOAD_VERY_HIGH_CONTEXT|VERTICAL_RANGE_HIGH|SLOPE_HIGH|IB2_EFFORT_HIGH|TERRAIN_HIGH|STEPS_SURFACE_HIGH|SLOPE_LOAD_FALLBACK_VERTICAL_RANGE|IB2_WEATHER_SENSITIVE_ROUTE_EXPOSURE_CONTEXT|WEATHER_ACTIVITY_LEVEL_ONLY|WEATHER_HUMID_CONTEXT|WEATHER_RAIN_CONTEXT|WEATHER_WIND_GUST_CONTEXT|WEATHER_HIGH_UV_CONTEXT|BEHAVIOR_LOW_SPEED_RESPONSE|ROUTE_PHASE_UNKNOWN|OSM_PROXIMITY_NOT_USAGE,VERY_HIGH_ROUTE_LOAD_CONTEXT|ROUTE_LOAD_BEHAVIOR_CANDIDATE|IB2_OR_WEATHER_CONTEXT_PRESENT,"Descriptive planning context evidence only. This is not ability scoring, not route suitability scoring, not THCI/radar scoring, and not a final hiking risk assessment. Weather is activity-level context unless an explicit safe route-window source is used. OSM proximity is not proof of facility use. IB3D/event annotations are not causality evidence."
29_1,2350,2400,1,CONSERVATIVE_PLANNING_RECOMMENDED,79.371,HIGH_ROUTE_LOAD_CONTEXT,ROUTE_LOAD_HIGH_CONTEXT|SLOPE_HIGH|IB2_EFFORT_HIGH,WEATHER_ACTIVITY_LEVEL_ONLY|WEATHER_HUMID_CONTEXT|WEATHER_RAIN_CONTEXT|WEATHER_WIND_GUST_CONTEXT|WEATHER_HIGH_UV_CONTEXT,BEHAVIOR_LOW_SPEED_RESPONSE,EVENT_REVIEW_REQUIRED,ROUTE_LOAD_HIGH_CONTEXT|SLOPE_HIGH|IB2_EFFORT_HIGH|IB2_NAVIGATION_CONTEXT|IB2_WEATHER_SENSITIVE_ROUTE_EXPOSURE_CONTEXT|GUIDEPOST_PROXIMITY_CONTEXT|WEATHER_ACTIVITY_LEVEL_ONLY|WEATHER_HUMID_CONTEXT|WEATHER_RAIN_CONTEXT|WEATHER_WIND_GUST_CONTEXT|WEATHER_HIGH_UV_CONTEXT|BEHAVIOR_LOW_SPEED_RESPONSE|ROUTE_PHASE_UNKNOWN|OSM_PROXIMITY_NOT_USAGE,ROUTE_LOAD_BEHAVIOR_CANDIDATE|IB2_OR_WEATHER_CONTEXT_PRESENT,"Descriptive planning context evidence only. This is not ability scoring, not route suitability scoring, not THCI/radar scoring, and not a final hiking risk assessment. Weather is activity-level context unless an explicit safe route-window source is used. OSM proximity is not proof of facility use. IB3D/event annotations are not causality evidence."
29_1,2400,2500,2,REVIEW_FOR_CONSERVATIVE_PLANNING,59.952,LOWER_ROUTE_LOAD_CONTEXT,IB2_EFFORT_HIGH|SLOPE_LOAD_FALLBACK_VERTICAL_RANGE,WEATHER_ACTIVITY_LEVEL_ONLY|WEATHER_HUMID_CONTEXT|WEATHER_RAIN_CONTEXT|WEATHER_WIND_GUST_CONTEXT|WEATHER_HIGH_UV_CONTEXT,NONE,EVENT_REVIEW_REQUIRED,IB2_EFFORT_HIGH|IB2_NAVIGATION_CONTEXT|IB2_WEATHER_SENSITIVE_ROUTE_EXPOSURE_CONTEXT|GUIDEPOST_PROXIMITY_CONTEXT|WEATHER_ACTIVITY_LEVEL_ONLY|WEATHER_HUMID_CONTEXT|WEATHER_RAIN_CONTEXT|WEATHER_WIND_GUST_CONTEXT|WEATHER_HIGH_UV_CONTEXT|ROUTE_PHASE_UNKNOWN|OSM_PROXIMITY_NOT_USAGE|SLOPE_LOAD_FALLBACK_VERTICAL_RANGE,HIGH_ROUTE_OR_IB2_CONTEXT,"Descriptive planning context evidence only. This is not ability scoring, not route suitability scoring, not THCI/radar scoring, and not a final hiking risk assessment. Weather is activity-level context unless an explicit safe route-window source is used. OSM proximity is not proof of facility use. IB3D/event annotations are not causality evidence."
29_1,2500,2550,1,CONSERVATIVE_PLANNING_RECOMMENDED,62.421,HIGH_ROUTE_LOAD_CONTEXT,ROUTE_LOAD_HIGH_CONTEXT|IB2_EFFORT_HIGH|TERRAIN_HIGH|STEPS_SURFACE_HIGH|SLOPE_LOAD_FALLBACK_VERTICAL_RANGE,WEATHER_ACTIVITY_LEVEL_ONLY|WEATHER_HUMID_CONTEXT|WEATHER_RAIN_CONTEXT|WEATHER_WIND_GUST_CONTEXT|WEATHER_HIGH_UV_CONTEXT,BEHAVIOR_RELATIVE_HIGH_HR_RESPONSE|BEHAVIOR_LOW_SPEED_RESPONSE,EVENT_REVIEW_REQUIRED,ROUTE_LOAD_HIGH_CONTEXT|IB2_EFFORT_HIGH|TERRAIN_HIGH|STEPS_SURFACE_HIGH|SLOPE_LOAD_FALLBACK_VERTICAL_RANGE|IB2_WEATHER_SENSITIVE_ROUTE_EXPOSURE_CONTEXT|WEATHER_ACTIVITY_LEVEL_ONLY|WEATHER_HUMID_CONTEXT|WEATHER_RAIN_CONTEXT|WEATHER_WIND_GUST_CONTEXT|WEATHER_HIGH_UV_CONTEXT|BEHAVIOR_RELATIVE_HIGH_HR_RESPONSE|BEHAVIOR_LOW_SPEED_RESPONSE|ROUTE_PHASE_UNKNOWN|OSM_PROXIMITY_NOT_USAGE,ROUTE_LOAD_BEHAVIOR_CANDIDATE|IB2_OR_WEATHER_CONTEXT_PRESENT,"Descriptive planning context evidence only. This is not ability scoring, not route suitability scoring, not THCI/radar scoring, and not a final hiking risk assessment. Weather is activity-level context unless an explicit safe route-window source is used. OSM proximity is not proof of facility use. IB3D/event annotations are not causality evidence."
29_1,2550,2850,6,TURNAROUND_CONDITION_REVIEW_RECOMMENDED,100.0,VERY_HIGH_ROUTE_LOAD_CONTEXT,ROUTE_LOAD_HIGH_CONTEXT|ROUTE_LOAD_VERY_HIGH_CONTEXT|VERTICAL_RANGE_HIGH|SLOPE_HIGH|IB2_EFFORT_HIGH|TERRAIN_HIGH|STEPS_SURFACE_HIGH|SLOPE_LOAD_FALLBACK_VERTICAL_RANGE,WEATHER_ACTIVITY_LEVEL_ONLY|WEATHER_HUMID_CONTEXT|WEATHER_RAIN_CONTEXT|WEATHER_WIND_GUST_CONTEXT|WEATHER_HIGH_UV_CONTEXT,BEHAVIOR_RELATIVE_HIGH_HR_RESPONSE|BEHAVIOR_LOW_SPEED_RESPONSE,EVENT_REVIEW_REQUIRED,ROUTE_LOAD_HIGH_CONTEXT|ROUTE_LOAD_VERY_HIGH_CONTEXT|VERTICAL_RANGE_HIGH|SLOPE_HIGH|IB2_EFFORT_HIGH|TERRAIN_HIGH|STEPS_SURFACE_HIGH|IB2_WEATHER_SENSITIVE_ROUTE_EXPOSURE_CONTEXT|WEATHER_ACTIVITY_LEVEL_ONLY|WEATHER_HUMID_CONTEXT|WEATHER_RAIN_CONTEXT|WEATHER_WIND_GUST_CONTEXT|WEATHER_HIGH_UV_CONTEXT|BEHAVIOR_RELATIVE_HIGH_HR_RESPONSE|BEHAVIOR_LOW_SPEED_RESPONSE|ROUTE_PHASE_UNKNOWN|OSM_PROXIMITY_NOT_USAGE|SLOPE_LOAD_FALLBACK_VERTICAL_RANGE,VERY_HIGH_ROUTE_LOAD_CONTEXT|ROUTE_LOAD_BEHAVIOR_CANDIDATE|IB2_OR_WEATHER_CONTEXT_PRESENT,"Descriptive planning context evidence only. This is not ability scoring, not route suitability scoring, not THCI/radar scoring, and not a final hiking risk assessment. Weather is activity-level context unless an explicit safe route-window source is used. OSM proximity is not proof of facility use. IB3D/event annotations are not causality evidence."
29_1,2850,2900,1,REVIEW_FOR_CONSERVATIVE_PLANNING,34.965,LOWER_ROUTE_LOAD_CONTEXT,SLOPE_LOAD_FALLBACK_VERTICAL_RANGE,WEATHER_ACTIVITY_LEVEL_ONLY|WEATHER_HUMID_CONTEXT|WEATHER_RAIN_CONTEXT|WEATHER_WIND_GUST_CONTEXT|WEATHER_HIGH_UV_CONTEXT,NONE,EVENT_REVIEW_REQUIRED,SLOPE_LOAD_FALLBACK_VERTICAL_RANGE|IB2_WEATHER_SENSITIVE_ROUTE_EXPOSURE_CONTEXT|WEATHER_ACTIVITY_LEVEL_ONLY|WEATHER_HUMID_CONTEXT|WEATHER_RAIN_CONTEXT|WEATHER_WIND_GUST_CONTEXT|WEATHER_HIGH_UV_CONTEXT|ROUTE_PHASE_UNKNOWN|OSM_PROXIMITY_NOT_USAGE,HIGH_ROUTE_OR_IB2_CONTEXT,"Descriptive planning context evidence only. This is not ability scoring, not route suitability scoring, not THCI/radar scoring, and not a final hiking risk assessment. Weather is activity-level context unless an explicit safe route-window source is used. OSM proximity is not proof of facility use. IB3D/event annotations are not causality evidence."
29_1,2900,3000,2,CONSERVATIVE_PLANNING_RECOMMENDED,73.579,HIGH_ROUTE_LOAD_CONTEXT,ROUTE_LOAD_HIGH_CONTEXT|IB2_EFFORT_HIGH|STEPS_SURFACE_HIGH|SLOPE_LOAD_FALLBACK_VERTICAL_RANGE,WEATHER_ACTIVITY_LEVEL_ONLY|WEATHER_HUMID_CONTEXT|WEATHER_RAIN_CONTEXT|WEATHER_WIND_GUST_CONTEXT|WEATHER_HIGH_UV_CONTEXT,BEHAVIOR_RELATIVE_HIGH_HR_RESPONSE|BEHAVIOR_LOW_SPEED_RESPONSE,EVENT_REVIEW_REQUIRED,ROUTE_LOAD_HIGH_CONTEXT|IB2_EFFORT_HIGH|STEPS_SURFACE_HIGH|SLOPE_LOAD_FALLBACK_VERTICAL_RANGE|IB2_WEATHER_SENSITIVE_ROUTE_EXPOSURE_CONTEXT|WEATHER_ACTIVITY_LEVEL_ONLY|WEATHER_HUMID_CONTEXT|WEATHER_RAIN_CONTEXT|WEATHER_WIND_GUST_CONTEXT|WEATHER_HIGH_UV_CONTEXT|BEHAVIOR_RELATIVE_HIGH_HR_RESPONSE|ROUTE_PHASE_UNKNOWN|OSM_PROXIMITY_NOT_USAGE|BEHAVIOR_LOW_SPEED_RESPONSE,ROUTE_LOAD_BEHAVIOR_CANDIDATE|IB2_OR_WEATHER_CONTEXT_PRESENT,"Descriptive planning context evidence only. This is not ability scoring, not route suitability scoring, not THCI/radar scoring, and not a final hiking risk assessment. Weather is activity-level context unless an explicit safe route-window source is used. OSM proximity is not proof of facility use. IB3D/event annotations are not causality evidence."
29_1,3000,3600,12,REVIEW_FOR_CONSERVATIVE_PLANNING,48.78,LOWER_ROUTE_LOAD_CONTEXT,SLOPE_LOAD_FALLBACK_VERTICAL_RANGE|SLOPE_HIGH,WEATHER_ACTIVITY_LEVEL_ONLY|WEATHER_HUMID_CONTEXT|WEATHER_RAIN_CONTEXT|WEATHER_WIND_GUST_CONTEXT|WEATHER_HIGH_UV_CONTEXT,BEHAVIOR_RELATIVE_HIGH_HR_RESPONSE|BEHAVIOR_LOW_SPEED_RESPONSE,EVENT_REVIEW_REQUIRED,SLOPE_LOAD_FALLBACK_VERTICAL_RANGE|IB2_WEATHER_SENSITIVE_ROUTE_EXPOSURE_CONTEXT|WEATHER_ACTIVITY_LEVEL_ONLY|WEATHER_HUMID_CONTEXT|WEATHER_RAIN_CONTEXT|WEATHER_WIND_GUST_CONTEXT|WEATHER_HIGH_UV_CONTEXT|ROUTE_PHASE_UNKNOWN|OSM_PROXIMITY_NOT_USAGE|BEHAVIOR_RELATIVE_HIGH_HR_RESPONSE|SLOPE_HIGH|IB2_SUPPORT_CONTEXT|IB2_NAVIGATION_CONTEXT|GUIDEPOST_PROXIMITY_CONTEXT|SHELTER_PROXIMITY_CONTEXT|BEHAVIOR_LOW_SPEED_RESPONSE,HIGH_ROUTE_OR_IB2_CONTEXT,"Descriptive planning context evidence only. This is not ability scoring, not route suitability scoring, not THCI/radar scoring, and not a final hiking risk assessment. Weather is activity-level context unless an explicit safe route-window source is used. OSM proximity is not proof of facility use. IB3D/event annotations are not causality evidence."
29_1,3600,3800,4,CONSERVATIVE_PLANNING_RECOMMENDED,79.763,HIGH_ROUTE_LOAD_CONTEXT,ROUTE_LOAD_HIGH_CONTEXT|SLOPE_HIGH|IB2_EFFORT_HIGH|STEPS_SURFACE_HIGH|SLOPE_LOAD_FALLBACK_VERTICAL_RANGE|TERRAIN_HIGH,WEATHER_ACTIVITY_LEVEL_ONLY|WEATHER_HUMID_CONTEXT|WEATHER_RAIN_CONTEXT|WEATHER_WIND_GUST_CONTEXT|WEATHER_HIGH_UV_CONTEXT,BEHAVIOR_RELATIVE_HIGH_HR_RESPONSE|BEHAVIOR_LOW_SPEED_RESPONSE,EVENT_REVIEW_REQUIRED,ROUTE_LOAD_HIGH_CONTEXT|SLOPE_HIGH|IB2_EFFORT_HIGH|STEPS_SURFACE_HIGH|IB2_WEATHER_SENSITIVE_ROUTE_EXPOSURE_CONTEXT|SHELTER_PROXIMITY_CONTEXT|WEATHER_ACTIVITY_LEVEL_ONLY|WEATHER_HUMID_CONTEXT|WEATHER_RAIN_CONTEXT|WEATHER_WIND_GUST_CONTEXT|WEATHER_HIGH_UV_CONTEXT|BEHAVIOR_RELATIVE_HIGH_HR_RESPONSE|BEHAVIOR_LOW_SPEED_RESPONSE|ROUTE_PHASE_UNKNOWN|OSM_PROXIMITY_NOT_USAGE|SLOPE_LOAD_FALLBACK_VERTICAL_RANGE|TERRAIN_HIGH,ROUTE_LOAD_BEHAVIOR_CANDIDATE|IB2_OR_WEATHER_CONTEXT_PRESENT,"Descriptive planning context evidence only. This is not ability scoring, not route suitability scoring, not THCI/radar scoring, and not a final hiking risk assessment. Weather is activity-level context unless an explicit safe route-window source is used. OSM proximity is not proof of facility use. IB3D/event annotations are not causality evidence."
29_1,3800,3850,1,TURNAROUND_CONDITION_REVIEW_RECOMMENDED,87.221,VERY_HIGH_ROUTE_LOAD_CONTEXT,ROUTE_LOAD_HIGH_CONTEXT|ROUTE_LOAD_VERY_HIGH_CONTEXT|SLOPE_HIGH|IB2_EFFORT_HIGH|TERRAIN_HIGH|STEPS_SURFACE_HIGH,WEATHER_ACTIVITY_LEVEL_ONLY|WEATHER_HUMID_CONTEXT|WEATHER_RAIN_CONTEXT|WEATHER_WIND_GUST_CONTEXT|WEATHER_HIGH_UV_CONTEXT,BEHAVIOR_LOW_SPEED_RESPONSE,EVENT_REVIEW_REQUIRED,ROUTE_LOAD_HIGH_CONTEXT|ROUTE_LOAD_VERY_HIGH_CONTEXT|SLOPE_HIGH|IB2_EFFORT_HIGH|TERRAIN_HIGH|STEPS_SURFACE_HIGH|IB2_WEATHER_SENSITIVE_ROUTE_EXPOSURE_CONTEXT|WEATHER_ACTIVITY_LEVEL_ONLY|WEATHER_HUMID_CONTEXT|WEATHER_RAIN_CONTEXT|WEATHER_WIND_GUST_CONTEXT|WEATHER_HIGH_UV_CONTEXT|BEHAVIOR_LOW_SPEED_RESPONSE|ROUTE_PHASE_UNKNOWN|OSM_PROXIMITY_NOT_USAGE,VERY_HIGH_ROUTE_LOAD_CONTEXT|ROUTE_LOAD_BEHAVIOR_CANDIDATE|IB2_OR_WEATHER_CONTEXT_PRESENT,"Descriptive planning context evidence only. This is not ability scoring, not route suitability scoring, not THCI/radar scoring, and not a final hiking risk assessment. Weather is activity-level context unless an explicit safe route-window source is used. OSM proximity is not proof of facility use. IB3D/event annotations are not causality evidence."
29_1,3850,3900,1,CONSERVATIVE_PLANNING_RECOMMENDED,75.45,HIGH_ROUTE_LOAD_CONTEXT,ROUTE_LOAD_HIGH_CONTEXT|IB2_EFFORT_HIGH|TERRAIN_HIGH|STEPS_SURFACE_HIGH|SLOPE_LOAD_FALLBACK_VERTICAL_RANGE,WEATHER_ACTIVITY_LEVEL_ONLY|WEATHER_HUMID_CONTEXT|WEATHER_RAIN_CONTEXT|WEATHER_WIND_GUST_CONTEXT|WEATHER_HIGH_UV_CONTEXT,NONE,EVENT_REVIEW_REQUIRED,ROUTE_LOAD_HIGH_CONTEXT|IB2_EFFORT_HIGH|TERRAIN_HIGH|STEPS_SURFACE_HIGH|SLOPE_LOAD_FALLBACK_VERTICAL_RANGE|IB2_WEATHER_SENSITIVE_ROUTE_EXPOSURE_CONTEXT|WEATHER_ACTIVITY_LEVEL_ONLY|WEATHER_HUMID_CONTEXT|WEATHER_RAIN_CONTEXT|WEATHER_WIND_GUST_CONTEXT|WEATHER_HIGH_UV_CONTEXT|ROUTE_PHASE_UNKNOWN|OSM_PROXIMITY_NOT_USAGE,IB2_OR_WEATHER_CONTEXT_PRESENT,"Descriptive planning context evidence only. This is not ability scoring, not route suitability scoring, not THCI/radar scoring, and not a final hiking risk assessment. Weather is activity-level context unless an explicit safe route-window source is used. OSM proximity is not proof of facility use. IB3D/event annotations are not causality evidence."
29_1,3900,4000,2,TURNAROUND_CONDITION_REVIEW_RECOMMENDED,92.924,VERY_HIGH_ROUTE_LOAD_CONTEXT,ROUTE_LOAD_HIGH_CONTEXT|ROUTE_LOAD_VERY_HIGH_CONTEXT|SLOPE_HIGH|IB2_EFFORT_HIGH|TERRAIN_HIGH|STEPS_SURFACE_HIGH|VERTICAL_RANGE_HIGH,WEATHER_ACTIVITY_LEVEL_ONLY|WEATHER_HUMID_CONTEXT|WEATHER_RAIN_CONTEXT|WEATHER_WIND_GUST_CONTEXT|WEATHER_HIGH_UV_CONTEXT,BEHAVIOR_LOW_SPEED_RESPONSE,EVENT_REVIEW_REQUIRED,ROUTE_LOAD_HIGH_CONTEXT|ROUTE_LOAD_VERY_HIGH_CONTEXT|SLOPE_HIGH|IB2_EFFORT_HIGH|TERRAIN_HIGH|STEPS_SURFACE_HIGH|IB2_WEATHER_SENSITIVE_ROUTE_EXPOSURE_CONTEXT|WEATHER_ACTIVITY_LEVEL_ONLY|WEATHER_HUMID_CONTEXT|WEATHER_RAIN_CONTEXT|WEATHER_WIND_GUST_CONTEXT|WEATHER_HIGH_UV_CONTEXT|BEHAVIOR_LOW_SPEED_RESPONSE|ROUTE_PHASE_UNKNOWN|OSM_PROXIMITY_NOT_USAGE|VERTICAL_RANGE_HIGH|WATERWAY_PROXIMITY_CONTEXT,VERY_HIGH_ROUTE_LOAD_CONTEXT|ROUTE_LOAD_BEHAVIOR_CANDIDATE|IB2_OR_WEATHER_CONTEXT_PRESENT,"Descriptive planning context evidence only. This is not ability scoring, not route suitability scoring, not THCI/radar scoring, and not a final hiking risk assessment. Weather is activity-level context unless an explicit safe route-window source is used. OSM proximity is not proof of facility use. IB3D/event annotations are not causality evidence."
29_1,4000,4100,2,CONSERVATIVE_PLANNING_RECOMMENDED,89.67,HIGH_ROUTE_LOAD_CONTEXT,ROUTE_LOAD_HIGH_CONTEXT|ROUTE_LOAD_VERY_HIGH_CONTEXT|VERTICAL_RANGE_HIGH|SLOPE_HIGH|IB2_EFFORT_HIGH|TERRAIN_HIGH|STEPS_SURFACE_HIGH|SLOPE_LOAD_FALLBACK_VERTICAL_RANGE,WEATHER_ACTIVITY_LEVEL_ONLY|WEATHER_HUMID_CONTEXT|WEATHER_RAIN_CONTEXT|WEATHER_WIND_GUST_CONTEXT|WEATHER_HIGH_UV_CONTEXT,NONE,EVENT_REVIEW_REQUIRED,ROUTE_LOAD_HIGH_CONTEXT|ROUTE_LOAD_VERY_HIGH_CONTEXT|VERTICAL_RANGE_HIGH|SLOPE_HIGH|IB2_EFFORT_HIGH|TERRAIN_HIGH|STEPS_SURFACE_HIGH|SLOPE_LOAD_FALLBACK_VERTICAL_RANGE|IB2_WEATHER_SENSITIVE_ROUTE_EXPOSURE_CONTEXT|WATERWAY_PROXIMITY_CONTEXT|WEATHER_ACTIVITY_LEVEL_ONLY|WEATHER_HUMID_CONTEXT|WEATHER_RAIN_CONTEXT|WEATHER_WIND_GUST_CONTEXT|WEATHER_HIGH_UV_CONTEXT|ROUTE_PHASE_UNKNOWN|OSM_PROXIMITY_NOT_USAGE,VERY_HIGH_ROUTE_LOAD_CONTEXT|IB2_OR_WEATHER_CONTEXT_PRESENT,"Descriptive planning context evidence only. This is not ability scoring, not route suitability scoring, not THCI/radar scoring, and not a final hiking risk assessment. Weather is activity-level context unless an explicit safe route-window source is used. OSM proximity is not proof of facility use. IB3D/event annotations are not causality evidence."
29_1,4100,4200,2,REVIEW_FOR_CONSERVATIVE_PLANNING,55.245,LOWER_ROUTE_LOAD_CONTEXT,IB2_EFFORT_HIGH|SLOPE_LOAD_FALLBACK_VERTICAL_RANGE,WEATHER_ACTIVITY_LEVEL_ONLY|WEATHER_HUMID_CONTEXT|WEATHER_RAIN_CONTEXT|WEATHER_WIND_GUST_CONTEXT|WEATHER_HIGH_UV_CONTEXT,NONE,EVENT_REVIEW_REQUIRED,IB2_NAVIGATION_CONTEXT|IB2_WEATHER_SENSITIVE_ROUTE_EXPOSURE_CONTEXT|WATERWAY_PROXIMITY_CONTEXT|GUIDEPOST_PROXIMITY_CONTEXT|WEATHER_ACTIVITY_LEVEL_ONLY|WEATHER_HUMID_CONTEXT|WEATHER_RAIN_CONTEXT|WEATHER_WIND_GUST_CONTEXT|WEATHER_HIGH_UV_CONTEXT|ROUTE_PHASE_UNKNOWN|OSM_PROXIMITY_NOT_USAGE|IB2_EFFORT_HIGH|SLOPE_LOAD_FALLBACK_VERTICAL_RANGE,HIGH_ROUTE_OR_IB2_CONTEXT,"Descriptive planning context evidence only. This is not ability scoring, not route suitability scoring, not THCI/radar scoring, and not a final hiking risk assessment. Weather is activity-level context unless an explicit safe route-window source is used. OSM proximity is not proof of facility use. IB3D/event annotations are not causality evidence."
30_1,0,100,2,REVIEW_FOR_CONSERVATIVE_PLANNING,57.292,LOWER_ROUTE_LOAD_CONTEXT,IB2_EFFORT_HIGH|STEPS_SURFACE_HIGH,WEATHER_ACTIVITY_LEVEL_ONLY|WEATHER_HUMID_CONTEXT|WEATHER_WIND_GUST_CONTEXT|WEATHER_HIGH_UV_CONTEXT,NONE,NONE,IB2_NAVIGATION_CONTEXT|IB2_WEATHER_SENSITIVE_ROUTE_EXPOSURE_CONTEXT|WATERWAY_PROXIMITY_CONTEXT|GUIDEPOST_PROXIMITY_CONTEXT|WEATHER_ACTIVITY_LEVEL_ONLY|WEATHER_HUMID_CONTEXT|WEATHER_WIND_GUST_CONTEXT|WEATHER_HIGH_UV_CONTEXT|ROUTE_PHASE_UNKNOWN|OSM_PROXIMITY_NOT_USAGE|IB2_EFFORT_HIGH|STEPS_SURFACE_HIGH,HIGH_ROUTE_OR_IB2_CONTEXT,"Descriptive planning context evidence only. This is not ability scoring, not route suitability scoring, not THCI/radar scoring, and not a final hiking risk assessment. Weather is activity-level context unless an explicit safe route-window source is used. OSM proximity is not proof of facility use. IB3D/event annotations are not causality evidence."
30_1,100,200,2,CONSERVATIVE_PLANNING_RECOMMENDED,88.585,HIGH_ROUTE_LOAD_CONTEXT,ROUTE_LOAD_HIGH_CONTEXT|SLOPE_HIGH|IB2_EFFORT_HIGH|STEPS_SURFACE_HIGH|ROUTE_LOAD_VERY_HIGH_CONTEXT|TERRAIN_HIGH,WEATHER_ACTIVITY_LEVEL_ONLY|WEATHER_HUMID_CONTEXT|WEATHER_WIND_GUST_CONTEXT|WEATHER_HIGH_UV_CONTEXT,NONE,NONE,ROUTE_LOAD_HIGH_CONTEXT|SLOPE_HIGH|IB2_EFFORT_HIGH|STEPS_SURFACE_HIGH|IB2_WEATHER_SENSITIVE_ROUTE_EXPOSURE_CONTEXT|WATERWAY_PROXIMITY_CONTEXT|WEATHER_ACTIVITY_LEVEL_ONLY|WEATHER_HUMID_CONTEXT|WEATHER_WIND_GUST_CONTEXT|WEATHER_HIGH_UV_CONTEXT|ROUTE_PHASE_UNKNOWN|OSM_PROXIMITY_NOT_USAGE|ROUTE_LOAD_VERY_HIGH_CONTEXT|TERRAIN_HIGH,IB2_OR_WEATHER_CONTEXT_PRESENT|VERY_HIGH_ROUTE_LOAD_CONTEXT,"Descriptive planning context evidence only. This is not ability scoring, not route suitability scoring, not THCI/radar scoring, and not a final hiking risk assessment. Weather is activity-level context unless an explicit safe route-window source is used. OSM proximity is not proof of facility use. IB3D/event annotations are not causality evidence."
30_1,200,300,2,TURNAROUND_CONDITION_REVIEW_RECOMMENDED,100.0,VERY_HIGH_ROUTE_LOAD_CONTEXT,ROUTE_LOAD_HIGH_CONTEXT|ROUTE_LOAD_VERY_HIGH_CONTEXT|VERTICAL_RANGE_HIGH|SLOPE_HIGH|IB2_EFFORT_HIGH|TERRAIN_HIGH|STEPS_SURFACE_HIGH,WEATHER_ACTIVITY_LEVEL_ONLY|WEATHER_HUMID_CONTEXT|WEATHER_WIND_GUST_CONTEXT|WEATHER_HIGH_UV_CONTEXT,BEHAVIOR_LOW_SPEED_RESPONSE,NONE,ROUTE_LOAD_HIGH_CONTEXT|ROUTE_LOAD_VERY_HIGH_CONTEXT|VERTICAL_RANGE_HIGH|SLOPE_HIGH|IB2_EFFORT_HIGH|TERRAIN_HIGH|STEPS_SURFACE_HIGH|IB2_WEATHER_SENSITIVE_ROUTE_EXPOSURE_CONTEXT|WATERWAY_PROXIMITY_CONTEXT|WEATHER_ACTIVITY_LEVEL_ONLY|WEATHER_HUMID_CONTEXT|WEATHER_WIND_GUST_CONTEXT|WEATHER_HIGH_UV_CONTEXT|BEHAVIOR_LOW_SPEED_RESPONSE|ROUTE_PHASE_UNKNOWN|OSM_PROXIMITY_NOT_USAGE,VERY_HIGH_ROUTE_LOAD_CONTEXT|ROUTE_LOAD_BEHAVIOR_CANDIDATE|IB2_OR_WEATHER_CONTEXT_PRESENT,"Descriptive planning context evidence only. This is not ability scoring, not route suitability scoring, not THCI/radar scoring, and not a final hiking risk assessment. Weather is activity-level context unless an explicit safe route-window source is used. OSM proximity is not proof of facility use. IB3D/event annotations are not causality evidence."
30_1,300,350,1,CONSERVATIVE_PLANNING_RECOMMENDED,72.018,HIGH_ROUTE_LOAD_CONTEXT,ROUTE_LOAD_HIGH_CONTEXT|IB2_EFFORT_HIGH|TERRAIN_HIGH|STEPS_SURFACE_HIGH,WEATHER_ACTIVITY_LEVEL_ONLY|WEATHER_HUMID_CONTEXT|WEATHER_WIND_GUST_CONTEXT|WEATHER_HIGH_UV_CONTEXT,NONE,NONE,ROUTE_LOAD_HIGH_CONTEXT|IB2_EFFORT_HIGH|TERRAIN_HIGH|STEPS_SURFACE_HIGH|IB2_WEATHER_SENSITIVE_ROUTE_EXPOSURE_CONTEXT|WEATHER_ACTIVITY_LEVEL_ONLY|WEATHER_HUMID_CONTEXT|WEATHER_WIND_GUST_CONTEXT|WEATHER_HIGH_UV_CONTEXT|ROUTE_PHASE_UNKNOWN|OSM_PROXIMITY_NOT_USAGE,IB2_OR_WEATHER_CONTEXT_PRESENT,"Descriptive planning context evidence only. This is not ability scoring, not route suitability scoring, not THCI/radar scoring, and not a final hiking risk assessment. Weather is activity-level context unless an explicit safe route-window source is used. OSM proximity is not proof of facility use. IB3D/event annotations are not causality evidence."
30_1,350,400,1,TURNAROUND_CONDITION_REVIEW_RECOMMENDED,88.731,VERY_HIGH_ROUTE_LOAD_CONTEXT,ROUTE_LOAD_HIGH_CONTEXT|ROUTE_LOAD_VERY_HIGH_CONTEXT|SLOPE_HIGH|IB2_EFFORT_HIGH|TERRAIN_HIGH|STEPS_SURFACE_HIGH,WEATHER_ACTIVITY_LEVEL_ONLY|WEATHER_HUMID_CONTEXT|WEATHER_WIND_GUST_CONTEXT|WEATHER_HIGH_UV_CONTEXT,BEHAVIOR_LOW_SPEED_RESPONSE,NONE,ROUTE_LOAD_HIGH_CONTEXT|ROUTE_LOAD_VERY_HIGH_CONTEXT|SLOPE_HIGH|IB2_EFFORT_HIGH|TERRAIN_HIGH|STEPS_SURFACE_HIGH|IB2_WEATHER_SENSITIVE_ROUTE_EXPOSURE_CONTEXT|WEATHER_ACTIVITY_LEVEL_ONLY|WEATHER_HUMID_CONTEXT|WEATHER_WIND_GUST_CONTEXT|WEATHER_HIGH_UV_CONTEXT|BEHAVIOR_LOW_SPEED_RESPONSE|ROUTE_PHASE_UNKNOWN|OSM_PROXIMITY_NOT_USAGE,VERY_HIGH_ROUTE_LOAD_CONTEXT|ROUTE_LOAD_BEHAVIOR_CANDIDATE|IB2_OR_WEATHER_CONTEXT_PRESENT,"Descriptive planning context evidence only. This is not ability scoring, not route suitability scoring, not THCI/radar scoring, and not a final hiking risk assessment. Weather is activity-level context unless an explicit safe route-window source is used. OSM proximity is not proof of facility use. IB3D/event annotations are not causality evidence."
30_1,400,500,2,CONSERVATIVE_PLANNING_RECOMMENDED,78.008,HIGH_ROUTE_LOAD_CONTEXT,ROUTE_LOAD_HIGH_CONTEXT|IB2_EFFORT_HIGH|TERRAIN_HIGH|STEPS_SURFACE_HIGH,WEATHER_ACTIVITY_LEVEL_ONLY|WEATHER_HUMID_CONTEXT|WEATHER_WIND_GUST_CONTEXT|WEATHER_HIGH_UV_CONTEXT,BEHAVIOR_RELATIVE_HIGH_HR_RESPONSE,NONE,ROUTE_LOAD_HIGH_CONTEXT|IB2_EFFORT_HIGH|TERRAIN_HIGH|STEPS_SURFACE_HIGH|IB2_WEATHER_SENSITIVE_ROUTE_EXPOSURE_CONTEXT|WEATHER_ACTIVITY_LEVEL_ONLY|WEATHER_HUMID_CONTEXT|WEATHER_WIND_GUST_CONTEXT|WEATHER_HIGH_UV_CONTEXT|BEHAVIOR_RELATIVE_HIGH_HR_RESPONSE|ROUTE_PHASE_UNKNOWN|OSM_PROXIMITY_NOT_USAGE,ROUTE_LOAD_BEHAVIOR_CANDIDATE|IB2_OR_WEATHER_CONTEXT_PRESENT,"Descriptive planning context evidence only. This is not ability scoring, not route suitability scoring, not THCI/radar scoring, and not a final hiking risk assessment. Weather is activity-level context unless an explicit safe route-window source is used. OSM proximity is not proof of facility use. IB3D/event annotations are not causality evidence."
30_1,500,550,1,TURNAROUND_CONDITION_REVIEW_RECOMMENDED,83.802,VERY_HIGH_ROUTE_LOAD_CONTEXT,ROUTE_LOAD_HIGH_CONTEXT|ROUTE_LOAD_VERY_HIGH_CONTEXT|SLOPE_HIGH|IB2_EFFORT_HIGH|STEPS_SURFACE_HIGH,WEATHER_ACTIVITY_LEVEL_ONLY|WEATHER_HUMID_CONTEXT|WEATHER_WIND_GUST_CONTEXT|WEATHER_HIGH_UV_CONTEXT,BEHAVIOR_RELATIVE_HIGH_HR_RESPONSE|BEHAVIOR_LOW_SPEED_RESPONSE,NONE,ROUTE_LOAD_HIGH_CONTEXT|ROUTE_LOAD_VERY_HIGH_CONTEXT|SLOPE_HIGH|IB2_EFFORT_HIGH|STEPS_SURFACE_HIGH|IB2_WEATHER_SENSITIVE_ROUTE_EXPOSURE_CONTEXT|WEATHER_ACTIVITY_LEVEL_ONLY|WEATHER_HUMID_CONTEXT|WEATHER_WIND_GUST_CONTEXT|WEATHER_HIGH_UV_CONTEXT|BEHAVIOR_RELATIVE_HIGH_HR_RESPONSE|BEHAVIOR_LOW_SPEED_RESPONSE|ROUTE_PHASE_UNKNOWN|OSM_PROXIMITY_NOT_USAGE,VERY_HIGH_ROUTE_LOAD_CONTEXT|ROUTE_LOAD_BEHAVIOR_CANDIDATE|IB2_OR_WEATHER_CONTEXT_PRESENT,"Descriptive planning context evidence only. This is not ability scoring, not route suitability scoring, not THCI/radar scoring, and not a final hiking risk assessment. Weather is activity-level context unless an explicit safe route-window source is used. OSM proximity is not proof of facility use. IB3D/event annotations are not causality evidence."
30_1,550,650,2,REVIEW_FOR_CONSERVATIVE_PLANNING,57.845,LOWER_ROUTE_LOAD_CONTEXT,IB2_EFFORT_HIGH|STEPS_SURFACE_HIGH,WEATHER_ACTIVITY_LEVEL_ONLY|WEATHER_HUMID_CONTEXT|WEATHER_WIND_GUST_CONTEXT|WEATHER_HIGH_UV_CONTEXT,BEHAVIOR_RELATIVE_HIGH_HR_RESPONSE|BEHAVIOR_LOW_SPEED_RESPONSE,NONE,IB2_EFFORT_HIGH|STEPS_SURFACE_HIGH|IB2_WEATHER_SENSITIVE_ROUTE_EXPOSURE_CONTEXT|SHELTER_PROXIMITY_CONTEXT|WEATHER_ACTIVITY_LEVEL_ONLY|WEATHER_HUMID_CONTEXT|WEATHER_WIND_GUST_CONTEXT|WEATHER_HIGH_UV_CONTEXT|BEHAVIOR_RELATIVE_HIGH_HR_RESPONSE|BEHAVIOR_LOW_SPEED_RESPONSE|ROUTE_PHASE_UNKNOWN|OSM_PROXIMITY_NOT_USAGE|IB2_NAVIGATION_CONTEXT|GUIDEPOST_PROXIMITY_CONTEXT,HIGH_ROUTE_OR_IB2_CONTEXT,"Descriptive planning context evidence only. This is not ability scoring, not route suitability scoring, not THCI/radar scoring, and not a final hiking risk assessment. Weather is activity-level context unless an explicit safe route-window source is used. OSM proximity is not proof of facility use. IB3D/event annotations are not causality evidence."
30_1,700,1200,10,REVIEW_FOR_CONSERVATIVE_PLANNING,40.403,LOWER_ROUTE_LOAD_CONTEXT,SLOPE_HIGH,WEATHER_ACTIVITY_LEVEL_ONLY|WEATHER_HUMID_CONTEXT|WEATHER_WIND_GUST_CONTEXT|WEATHER_HIGH_UV_CONTEXT,BEHAVIOR_LOW_SPEED_RESPONSE,NONE,SLOPE_HIGH|IB2_WEATHER_SENSITIVE_ROUTE_EXPOSURE_CONTEXT|SHELTER_PROXIMITY_CONTEXT|WEATHER_ACTIVITY_LEVEL_ONLY|WEATHER_HUMID_CONTEXT|WEATHER_WIND_GUST_CONTEXT|WEATHER_HIGH_UV_CONTEXT|ROUTE_PHASE_UNKNOWN|OSM_PROXIMITY_NOT_USAGE|IB2_NAVIGATION_CONTEXT|GUIDEPOST_PROXIMITY_CONTEXT|IB2_SUPPORT_CONTEXT|BEHAVIOR_LOW_SPEED_RESPONSE,HIGH_ROUTE_OR_IB2_CONTEXT,"Descriptive planning context evidence only. This is not ability scoring, not route suitability scoring, not THCI/radar scoring, and not a final hiking risk assessment. Weather is activity-level context unless an explicit safe route-window source is used. OSM proximity is not proof of facility use. IB3D/event annotations are not causality evidence."
30_1,1200,1300,2,CONSERVATIVE_PLANNING_RECOMMENDED,73.663,HIGH_ROUTE_LOAD_CONTEXT,ROUTE_LOAD_HIGH_CONTEXT|IB2_EFFORT_HIGH|STEPS_SURFACE_HIGH,WEATHER_ACTIVITY_LEVEL_ONLY|WEATHER_HUMID_CONTEXT|WEATHER_WIND_GUST_CONTEXT|WEATHER_HIGH_UV_CONTEXT,BEHAVIOR_LOW_SPEED_RESPONSE,NONE,ROUTE_LOAD_HIGH_CONTEXT|IB2_EFFORT_HIGH|STEPS_SURFACE_HIGH|IB2_WEATHER_SENSITIVE_ROUTE_EXPOSURE_CONTEXT|WEATHER_ACTIVITY_LEVEL_ONLY|WEATHER_HUMID_CONTEXT|WEATHER_WIND_GUST_CONTEXT|WEATHER_HIGH_UV_CONTEXT|BEHAVIOR_LOW_SPEED_RESPONSE|ROUTE_PHASE_UNKNOWN|OSM_PROXIMITY_NOT_USAGE,ROUTE_LOAD_BEHAVIOR_CANDIDATE|IB2_OR_WEATHER_CONTEXT_PRESENT,"Descriptive planning context evidence only. This is not ability scoring, not route suitability scoring, not THCI/radar scoring, and not a final hiking risk assessment. Weather is activity-level context unless an explicit safe route-window source is used. OSM proximity is not proof of facility use. IB3D/event annotations are not causality evidence."
30_1,1300,1350,1,REVIEW_FOR_CONSERVATIVE_PLANNING,35.493,MODERATE_ROUTE_LOAD_CONTEXT,NONE,WEATHER_ACTIVITY_LEVEL_ONLY|WEATHER_HUMID_CONTEXT|WEATHER_WIND_GUST_CONTEXT|WEATHER_HIGH_UV_CONTEXT,NONE,NONE,IB2_WEATHER_SENSITIVE_ROUTE_EXPOSURE_CONTEXT|WEATHER_ACTIVITY_LEVEL_ONLY|WEATHER_HUMID_CONTEXT|WEATHER_WIND_GUST_CONTEXT|WEATHER_HIGH_UV_CONTEXT|ROUTE_PHASE_UNKNOWN|OSM_PROXIMITY_NOT_USAGE,HIGH_ROUTE_OR_IB2_CONTEXT,"Descriptive planning context evidence only. This is not ability scoring, not route suitability scoring, not THCI/radar scoring, and not a final hiking risk assessment. Weather is activity-level context unless an explicit safe route-window source is used. OSM proximity is not proof of facility use. IB3D/event annotations are not causality evidence."
30_1,1350,1650,6,TURNAROUND_CONDITION_REVIEW_RECOMMENDED,100.0,VERY_HIGH_ROUTE_LOAD_CONTEXT,ROUTE_LOAD_HIGH_CONTEXT|ROUTE_LOAD_VERY_HIGH_CONTEXT|VERTICAL_RANGE_HIGH|SLOPE_HIGH|IB2_EFFORT_HIGH|TERRAIN_HIGH|STEPS_SURFACE_HIGH,WEATHER_ACTIVITY_LEVEL_ONLY|WEATHER_HUMID_CONTEXT|WEATHER_WIND_GUST_CONTEXT|WEATHER_HIGH_UV_CONTEXT,BEHAVIOR_RELATIVE_HIGH_HR_RESPONSE|BEHAVIOR_LOW_SPEED_RESPONSE,NONE,ROUTE_LOAD_HIGH_CONTEXT|ROUTE_LOAD_VERY_HIGH_CONTEXT|VERTICAL_RANGE_HIGH|SLOPE_HIGH|IB2_EFFORT_HIGH|TERRAIN_HIGH|STEPS_SURFACE_HIGH|IB2_WEATHER_SENSITIVE_ROUTE_EXPOSURE_CONTEXT|WEATHER_ACTIVITY_LEVEL_ONLY|WEATHER_HUMID_CONTEXT|WEATHER_WIND_GUST_CONTEXT|WEATHER_HIGH_UV_CONTEXT|BEHAVIOR_RELATIVE_HIGH_HR_RESPONSE|BEHAVIOR_LOW_SPEED_RESPONSE|ROUTE_PHASE_UNKNOWN|OSM_PROXIMITY_NOT_USAGE,VERY_HIGH_ROUTE_LOAD_CONTEXT|ROUTE_LOAD_BEHAVIOR_CANDIDATE|IB2_OR_WEATHER_CONTEXT_PRESENT,"Descriptive planning context evidence only. This is not ability scoring, not route suitability scoring, not THCI/radar scoring, and not a final hiking risk assessment. Weather is activity-level context unless an explicit safe route-window source is used. OSM proximity is not proof of facility use. IB3D/event annotations are not causality evidence."
30_1,1650,1750,2,REVIEW_FOR_CONSERVATIVE_PLANNING,32.757,LOWER_ROUTE_LOAD_CONTEXT,NONE,WEATHER_ACTIVITY_LEVEL_ONLY|WEATHER_HUMID_CONTEXT|WEATHER_WIND_GUST_CONTEXT|WEATHER_HIGH_UV_CONTEXT,NONE,NONE,IB2_WEATHER_SENSITIVE_ROUTE_EXPOSURE_CONTEXT|WEATHER_ACTIVITY_LEVEL_ONLY|WEATHER_HUMID_CONTEXT|WEATHER_WIND_GUST_CONTEXT|WEATHER_HIGH_UV_CONTEXT|ROUTE_PHASE_UNKNOWN|OSM_PROXIMITY_NOT_USAGE,HIGH_ROUTE_OR_IB2_CONTEXT,"Descriptive planning context evidence only. This is not ability scoring, not route suitability scoring, not THCI/radar scoring, and not a final hiking risk assessment. Weather is activity-level context unless an explicit safe route-window source is used. OSM proximity is not proof of facility use. IB3D/event annotations are not causality evidence."
30_1,1750,1850,2,CONSERVATIVE_PLANNING_RECOMMENDED,60.701,HIGH_ROUTE_LOAD_CONTEXT,ROUTE_LOAD_HIGH_CONTEXT|IB2_EFFORT_HIGH|STEPS_SURFACE_HIGH,WEATHER_ACTIVITY_LEVEL_ONLY|WEATHER_HUMID_CONTEXT|WEATHER_WIND_GUST_CONTEXT|WEATHER_HIGH_UV_CONTEXT,BEHAVIOR_LOW_SPEED_RESPONSE|BEHAVIOR_RELATIVE_HIGH_HR_RESPONSE,NONE,ROUTE_LOAD_HIGH_CONTEXT|IB2_EFFORT_HIGH|STEPS_SURFACE_HIGH|IB2_NAVIGATION_CONTEXT|IB2_WEATHER_SENSITIVE_ROUTE_EXPOSURE_CONTEXT|GUIDEPOST_PROXIMITY_CONTEXT|WEATHER_ACTIVITY_LEVEL_ONLY|WEATHER_HUMID_CONTEXT|WEATHER_WIND_GUST_CONTEXT|WEATHER_HIGH_UV_CONTEXT|BEHAVIOR_LOW_SPEED_RESPONSE|ROUTE_PHASE_UNKNOWN|OSM_PROXIMITY_NOT_USAGE|BEHAVIOR_RELATIVE_HIGH_HR_RESPONSE,ROUTE_LOAD_BEHAVIOR_CANDIDATE|IB2_OR_WEATHER_CONTEXT_PRESENT,"Descriptive planning context evidence only. This is not ability scoring, not route suitability scoring, not THCI/radar scoring, and not a final hiking risk assessment. Weather is activity-level context unless an explicit safe route-window source is used. OSM proximity is not proof of facility use. IB3D/event annotations are not causality evidence."
30_1,1850,1900,1,TURNAROUND_CONDITION_REVIEW_RECOMMENDED,94.183,VERY_HIGH_ROUTE_LOAD_CONTEXT,ROUTE_LOAD_HIGH_CONTEXT|ROUTE_LOAD_VERY_HIGH_CONTEXT|VERTICAL_RANGE_HIGH|SLOPE_HIGH|IB2_EFFORT_HIGH|TERRAIN_HIGH|STEPS_SURFACE_HIGH,WEATHER_ACTIVITY_LEVEL_ONLY|WEATHER_HUMID_CONTEXT|WEATHER_WIND_GUST_CONTEXT|WEATHER_HIGH_UV_CONTEXT,BEHAVIOR_LOW_SPEED_RESPONSE,NONE,ROUTE_LOAD_HIGH_CONTEXT|ROUTE_LOAD_VERY_HIGH_CONTEXT|VERTICAL_RANGE_HIGH|SLOPE_HIGH|IB2_EFFORT_HIGH|TERRAIN_HIGH|STEPS_SURFACE_HIGH|IB2_WEATHER_SENSITIVE_ROUTE_EXPOSURE_CONTEXT|WEATHER_ACTIVITY_LEVEL_ONLY|WEATHER_HUMID_CONTEXT|WEATHER_WIND_GUST_CONTEXT|WEATHER_HIGH_UV_CONTEXT|BEHAVIOR_LOW_SPEED_RESPONSE|ROUTE_PHASE_UNKNOWN|OSM_PROXIMITY_NOT_USAGE,VERY_HIGH_ROUTE_LOAD_CONTEXT|ROUTE_LOAD_BEHAVIOR_CANDIDATE|IB2_OR_WEATHER_CONTEXT_PRESENT,"Descriptive planning context evidence only. This is not ability scoring, not route suitability scoring, not THCI/radar scoring, and not a final hiking risk assessment. Weather is activity-level context unless an explicit safe route-window source is used. OSM proximity is not proof of facility use. IB3D/event annotations are not causality evidence."
30_1,1900,1950,1,REVIEW_FOR_CONSERVATIVE_PLANNING,52.008,MODERATE_ROUTE_LOAD_CONTEXT,IB2_EFFORT_HIGH|STEPS_SURFACE_HIGH,WEATHER_ACTIVITY_LEVEL_ONLY|WEATHER_HUMID_CONTEXT|WEATHER_WIND_GUST_CONTEXT|WEATHER_HIGH_UV_CONTEXT,NONE,NONE,IB2_EFFORT_HIGH|STEPS_SURFACE_HIGH|IB2_NAVIGATION_CONTEXT|IB2_WEATHER_SENSITIVE_ROUTE_EXPOSURE_CONTEXT|GUIDEPOST_PROXIMITY_CONTEXT|WEATHER_ACTIVITY_LEVEL_ONLY|WEATHER_HUMID_CONTEXT|WEATHER_WIND_GUST_CONTEXT|WEATHER_HIGH_UV_CONTEXT|ROUTE_PHASE_UNKNOWN|OSM_PROXIMITY_NOT_USAGE,HIGH_ROUTE_OR_IB2_CONTEXT,"Descriptive planning context evidence only. This is not ability scoring, not route suitability scoring, not THCI/radar scoring, and not a final hiking risk assessment. Weather is activity-level context unless an explicit safe route-window source is used. OSM proximity is not proof of facility use. IB3D/event annotations are not causality evidence."
30_1,1950,2050,2,TURNAROUND_CONDITION_REVIEW_RECOMMENDED,86.363,VERY_HIGH_ROUTE_LOAD_CONTEXT,ROUTE_LOAD_HIGH_CONTEXT|ROUTE_LOAD_VERY_HIGH_CONTEXT|SLOPE_HIGH|IB2_EFFORT_HIGH|STEPS_SURFACE_HIGH,WEATHER_ACTIVITY_LEVEL_ONLY|WEATHER_HUMID_CONTEXT|WEATHER_WIND_GUST_CONTEXT|WEATHER_HIGH_UV_CONTEXT,BEHAVIOR_LOW_SPEED_RESPONSE|BEHAVIOR_RELATIVE_HIGH_HR_RESPONSE,NONE,ROUTE_LOAD_HIGH_CONTEXT|ROUTE_LOAD_VERY_HIGH_CONTEXT|SLOPE_HIGH|IB2_EFFORT_HIGH|STEPS_SURFACE_HIGH|IB2_NAVIGATION_CONTEXT|IB2_WEATHER_SENSITIVE_ROUTE_EXPOSURE_CONTEXT|GUIDEPOST_PROXIMITY_CONTEXT|WEATHER_ACTIVITY_LEVEL_ONLY|WEATHER_HUMID_CONTEXT|WEATHER_WIND_GUST_CONTEXT|WEATHER_HIGH_UV_CONTEXT|BEHAVIOR_LOW_SPEED_RESPONSE|ROUTE_PHASE_UNKNOWN|OSM_PROXIMITY_NOT_USAGE|BEHAVIOR_RELATIVE_HIGH_HR_RESPONSE,VERY_HIGH_ROUTE_LOAD_CONTEXT|ROUTE_LOAD_BEHAVIOR_CANDIDATE|IB2_OR_WEATHER_CONTEXT_PRESENT,"Descriptive planning context evidence only. This is not ability scoring, not route suitability scoring, not THCI/radar scoring, and not a final hiking risk assessment. Weather is activity-level context unless an explicit safe route-window source is used. OSM proximity is not proof of facility use. IB3D/event annotations are not causality evidence."
30_1,2050,2150,2,CONSERVATIVE_PLANNING_RECOMMENDED,67.93,HIGH_ROUTE_LOAD_CONTEXT,ROUTE_LOAD_HIGH_CONTEXT|IB2_EFFORT_HIGH|STEPS_SURFACE_HIGH,WEATHER_ACTIVITY_LEVEL_ONLY|WEATHER_HUMID_CONTEXT|WEATHER_WIND_GUST_CONTEXT|WEATHER_HIGH_UV_CONTEXT,BEHAVIOR_LOW_SPEED_RESPONSE|BEHAVIOR_RELATIVE_HIGH_HR_RESPONSE,EVENT_REVIEW_REQUIRED,ROUTE_LOAD_HIGH_CONTEXT|IB2_EFFORT_HIGH|STEPS_SURFACE_HIGH|IB2_NAVIGATION_CONTEXT|IB2_WEATHER_SENSITIVE_ROUTE_EXPOSURE_CONTEXT|GUIDEPOST_PROXIMITY_CONTEXT|WEATHER_ACTIVITY_LEVEL_ONLY|WEATHER_HUMID_CONTEXT|WEATHER_WIND_GUST_CONTEXT|WEATHER_HIGH_UV_CONTEXT|BEHAVIOR_LOW_SPEED_RESPONSE|ROUTE_PHASE_UNKNOWN|OSM_PROXIMITY_NOT_USAGE|BEHAVIOR_RELATIVE_HIGH_HR_RESPONSE,ROUTE_LOAD_BEHAVIOR_CANDIDATE|IB2_OR_WEATHER_CONTEXT_PRESENT,"Descriptive planning context evidence only. This is not ability scoring, not route suitability scoring, not THCI/radar scoring, and not a final hiking risk assessment. Weather is activity-level context unless an explicit safe route-window source is used. OSM proximity is not proof of facility use. IB3D/event annotations are not causality evidence."
30_1,2150,2250,2,TURNAROUND_CONDITION_REVIEW_RECOMMENDED,84.882,VERY_HIGH_ROUTE_LOAD_CONTEXT,ROUTE_LOAD_HIGH_CONTEXT|ROUTE_LOAD_VERY_HIGH_CONTEXT|SLOPE_HIGH|IB2_EFFORT_HIGH|STEPS_SURFACE_HIGH,WEATHER_ACTIVITY_LEVEL_ONLY|WEATHER_HUMID_CONTEXT|WEATHER_WIND_GUST_CONTEXT|WEATHER_HIGH_UV_CONTEXT,BEHAVIOR_RELATIVE_HIGH_HR_RESPONSE|BEHAVIOR_LOW_SPEED_RESPONSE,EVENT_REVIEW_REQUIRED,ROUTE_LOAD_HIGH_CONTEXT|ROUTE_LOAD_VERY_HIGH_CONTEXT|SLOPE_HIGH|IB2_EFFORT_HIGH|STEPS_SURFACE_HIGH|IB2_WEATHER_SENSITIVE_ROUTE_EXPOSURE_CONTEXT|WEATHER_ACTIVITY_LEVEL_ONLY|WEATHER_HUMID_CONTEXT|WEATHER_WIND_GUST_CONTEXT|WEATHER_HIGH_UV_CONTEXT|BEHAVIOR_RELATIVE_HIGH_HR_RESPONSE|BEHAVIOR_LOW_SPEED_RESPONSE|ROUTE_PHASE_UNKNOWN|OSM_PROXIMITY_NOT_USAGE|IB2_NAVIGATION_CONTEXT|GUIDEPOST_PROXIMITY_CONTEXT,VERY_HIGH_ROUTE_LOAD_CONTEXT|ROUTE_LOAD_BEHAVIOR_CANDIDATE|IB2_OR_WEATHER_CONTEXT_PRESENT,"Descriptive planning context evidence only. This is not ability scoring, not route suitability scoring, not THCI/radar scoring, and not a final hiking risk assessment. Weather is activity-level context unless an explicit safe route-window source is used. OSM proximity is not proof of facility use. IB3D/event annotations are not causality evidence."
30_1,2250,2300,1,REVIEW_FOR_CONSERVATIVE_PLANNING,52.748,MODERATE_ROUTE_LOAD_CONTEXT,IB2_EFFORT_HIGH|STEPS_SURFACE_HIGH,WEATHER_ACTIVITY_LEVEL_ONLY|WEATHER_HUMID_CONTEXT|WEATHER_WIND_GUST_CONTEXT|WEATHER_HIGH_UV_CONTEXT,NONE,EVENT_REVIEW_REQUIRED,IB2_EFFORT_HIGH|STEPS_SURFACE_HIGH|IB2_NAVIGATION_CONTEXT|IB2_WEATHER_SENSITIVE_ROUTE_EXPOSURE_CONTEXT|GUIDEPOST_PROXIMITY_CONTEXT|WEATHER_ACTIVITY_LEVEL_ONLY|WEATHER_HUMID_CONTEXT|WEATHER_WIND_GUST_CONTEXT|WEATHER_HIGH_UV_CONTEXT|ROUTE_PHASE_UNKNOWN|OSM_PROXIMITY_NOT_USAGE,HIGH_ROUTE_OR_IB2_CONTEXT,"Descriptive planning context evidence only. This is not ability scoring, not route suitability scoring, not THCI/radar scoring, and not a final hiking risk assessment. Weather is activity-level context unless an explicit safe route-window source is used. OSM proximity is not proof of facility use. IB3D/event annotations are not causality evidence."
30_1,2300,2350,1,TURNAROUND_CONDITION_REVIEW_RECOMMENDED,96.664,VERY_HIGH_ROUTE_LOAD_CONTEXT,ROUTE_LOAD_HIGH_CONTEXT|ROUTE_LOAD_VERY_HIGH_CONTEXT|VERTICAL_RANGE_HIGH|SLOPE_HIGH|IB2_EFFORT_HIGH|TERRAIN_HIGH|STEPS_SURFACE_HIGH,WEATHER_ACTIVITY_LEVEL_ONLY|WEATHER_HUMID_CONTEXT|WEATHER_WIND_GUST_CONTEXT|WEATHER_HIGH_UV_CONTEXT,BEHAVIOR_LOW_SPEED_RESPONSE,EVENT_REVIEW_REQUIRED,ROUTE_LOAD_HIGH_CONTEXT|ROUTE_LOAD_VERY_HIGH_CONTEXT|VERTICAL_RANGE_HIGH|SLOPE_HIGH|IB2_EFFORT_HIGH|TERRAIN_HIGH|STEPS_SURFACE_HIGH|IB2_WEATHER_SENSITIVE_ROUTE_EXPOSURE_CONTEXT|WEATHER_ACTIVITY_LEVEL_ONLY|WEATHER_HUMID_CONTEXT|WEATHER_WIND_GUST_CONTEXT|WEATHER_HIGH_UV_CONTEXT|BEHAVIOR_LOW_SPEED_RESPONSE|ROUTE_PHASE_UNKNOWN|OSM_PROXIMITY_NOT_USAGE,VERY_HIGH_ROUTE_LOAD_CONTEXT|ROUTE_LOAD_BEHAVIOR_CANDIDATE|IB2_OR_WEATHER_CONTEXT_PRESENT,"Descriptive planning context evidence only. This is not ability scoring, not route suitability scoring, not THCI/radar scoring, and not a final hiking risk assessment. Weather is activity-level context unless an explicit safe route-window source is used. OSM proximity is not proof of facility use. IB3D/event annotations are not causality evidence."
30_1,2350,2400,1,CONSERVATIVE_PLANNING_RECOMMENDED,78.727,HIGH_ROUTE_LOAD_CONTEXT,ROUTE_LOAD_HIGH_CONTEXT|SLOPE_HIGH|IB2_EFFORT_HIGH|STEPS_SURFACE_HIGH,WEATHER_ACTIVITY_LEVEL_ONLY|WEATHER_HUMID_CONTEXT|WEATHER_WIND_GUST_CONTEXT|WEATHER_HIGH_UV_CONTEXT,BEHAVIOR_RELATIVE_HIGH_HR_RESPONSE|BEHAVIOR_LOW_SPEED_RESPONSE,EVENT_REVIEW_REQUIRED,ROUTE_LOAD_HIGH_CONTEXT|SLOPE_HIGH|IB2_EFFORT_HIGH|STEPS_SURFACE_HIGH|IB2_NAVIGATION_CONTEXT|IB2_WEATHER_SENSITIVE_ROUTE_EXPOSURE_CONTEXT|GUIDEPOST_PROXIMITY_CONTEXT|WEATHER_ACTIVITY_LEVEL_ONLY|WEATHER_HUMID_CONTEXT|WEATHER_WIND_GUST_CONTEXT|WEATHER_HIGH_UV_CONTEXT|BEHAVIOR_RELATIVE_HIGH_HR_RESPONSE|BEHAVIOR_LOW_SPEED_RESPONSE|ROUTE_PHASE_UNKNOWN|OSM_PROXIMITY_NOT_USAGE,ROUTE_LOAD_BEHAVIOR_CANDIDATE|IB2_OR_WEATHER_CONTEXT_PRESENT,"Descriptive planning context evidence only. This is not ability scoring, not route suitability scoring, not THCI/radar scoring, and not a final hiking risk assessment. Weather is activity-level context unless an explicit safe route-window source is used. OSM proximity is not proof of facility use. IB3D/event annotations are not causality evidence."
30_1,2400,2500,2,REVIEW_FOR_CONSERVATIVE_PLANNING,50.805,MODERATE_ROUTE_LOAD_CONTEXT,IB2_EFFORT_HIGH,WEATHER_ACTIVITY_LEVEL_ONLY|WEATHER_HUMID_CONTEXT|WEATHER_WIND_GUST_CONTEXT|WEATHER_HIGH_UV_CONTEXT,BEHAVIOR_LOW_SPEED_RESPONSE,EVENT_REVIEW_REQUIRED,IB2_EFFORT_HIGH|IB2_NAVIGATION_CONTEXT|IB2_WEATHER_SENSITIVE_ROUTE_EXPOSURE_CONTEXT|GUIDEPOST_PROXIMITY_CONTEXT|WEATHER_ACTIVITY_LEVEL_ONLY|WEATHER_HUMID_CONTEXT|WEATHER_WIND_GUST_CONTEXT|WEATHER_HIGH_UV_CONTEXT|BEHAVIOR_LOW_SPEED_RESPONSE|ROUTE_PHASE_UNKNOWN|OSM_PROXIMITY_NOT_USAGE,HIGH_ROUTE_OR_IB2_CONTEXT,"Descriptive planning context evidence only. This is not ability scoring, not route suitability scoring, not THCI/radar scoring, and not a final hiking risk assessment. Weather is activity-level context unless an explicit safe route-window source is used. OSM proximity is not proof of facility use. IB3D/event annotations are not causality evidence."
30_1,2500,2550,1,CONSERVATIVE_PLANNING_RECOMMENDED,63.884,HIGH_ROUTE_LOAD_CONTEXT,ROUTE_LOAD_HIGH_CONTEXT|IB2_EFFORT_HIGH|TERRAIN_HIGH|STEPS_SURFACE_HIGH,WEATHER_ACTIVITY_LEVEL_ONLY|WEATHER_HUMID_CONTEXT|WEATHER_WIND_GUST_CONTEXT|WEATHER_HIGH_UV_CONTEXT,BEHAVIOR_LOW_SPEED_RESPONSE,EVENT_REVIEW_REQUIRED,ROUTE_LOAD_HIGH_CONTEXT|IB2_EFFORT_HIGH|TERRAIN_HIGH|STEPS_SURFACE_HIGH|IB2_WEATHER_SENSITIVE_ROUTE_EXPOSURE_CONTEXT|WEATHER_ACTIVITY_LEVEL_ONLY|WEATHER_HUMID_CONTEXT|WEATHER_WIND_GUST_CONTEXT|WEATHER_HIGH_UV_CONTEXT|BEHAVIOR_LOW_SPEED_RESPONSE|ROUTE_PHASE_UNKNOWN|OSM_PROXIMITY_NOT_USAGE,ROUTE_LOAD_BEHAVIOR_CANDIDATE|IB2_OR_WEATHER_CONTEXT_PRESENT,"Descriptive planning context evidence only. This is not ability scoring, not route suitability scoring, not THCI/radar scoring, and not a final hiking risk assessment. Weather is activity-level context unless an explicit safe route-window source is used. OSM proximity is not proof of facility use. IB3D/event annotations are not causality evidence."
30_1,2550,2850,6,TURNAROUND_CONDITION_REVIEW_RECOMMENDED,100.0,VERY_HIGH_ROUTE_LOAD_CONTEXT,ROUTE_LOAD_HIGH_CONTEXT|ROUTE_LOAD_VERY_HIGH_CONTEXT|SLOPE_HIGH|IB2_EFFORT_HIGH|TERRAIN_HIGH|STEPS_SURFACE_HIGH|VERTICAL_RANGE_HIGH,WEATHER_ACTIVITY_LEVEL_ONLY|WEATHER_HUMID_CONTEXT|WEATHER_WIND_GUST_CONTEXT|WEATHER_HIGH_UV_CONTEXT,BEHAVIOR_RELATIVE_HIGH_HR_RESPONSE|BEHAVIOR_LOW_SPEED_RESPONSE,EVENT_REVIEW_REQUIRED,ROUTE_LOAD_HIGH_CONTEXT|ROUTE_LOAD_VERY_HIGH_CONTEXT|SLOPE_HIGH|IB2_EFFORT_HIGH|TERRAIN_HIGH|STEPS_SURFACE_HIGH|IB2_WEATHER_SENSITIVE_ROUTE_EXPOSURE_CONTEXT|WEATHER_ACTIVITY_LEVEL_ONLY|WEATHER_HUMID_CONTEXT|WEATHER_WIND_GUST_CONTEXT|WEATHER_HIGH_UV_CONTEXT|BEHAVIOR_RELATIVE_HIGH_HR_RESPONSE|BEHAVIOR_LOW_SPEED_RESPONSE|ROUTE_PHASE_UNKNOWN|OSM_PROXIMITY_NOT_USAGE|VERTICAL_RANGE_HIGH,VERY_HIGH_ROUTE_LOAD_CONTEXT|ROUTE_LOAD_BEHAVIOR_CANDIDATE|IB2_OR_WEATHER_CONTEXT_PRESENT,"Descriptive planning context evidence only. This is not ability scoring, not route suitability scoring, not THCI/radar scoring, and not a final hiking risk assessment. Weather is activity-level context unless an explicit safe route-window source is used. OSM proximity is not proof of facility use. IB3D/event annotations are not causality evidence."
30_1,2850,2900,1,REVIEW_FOR_CONSERVATIVE_PLANNING,36.213,MODERATE_ROUTE_LOAD_CONTEXT,NONE,WEATHER_ACTIVITY_LEVEL_ONLY|WEATHER_HUMID_CONTEXT|WEATHER_WIND_GUST_CONTEXT|WEATHER_HIGH_UV_CONTEXT,NONE,EVENT_REVIEW_REQUIRED,IB2_WEATHER_SENSITIVE_ROUTE_EXPOSURE_CONTEXT|WEATHER_ACTIVITY_LEVEL_ONLY|WEATHER_HUMID_CONTEXT|WEATHER_WIND_GUST_CONTEXT|WEATHER_HIGH_UV_CONTEXT|ROUTE_PHASE_UNKNOWN|OSM_PROXIMITY_NOT_USAGE,HIGH_ROUTE_OR_IB2_CONTEXT,"Descriptive planning context evidence only. This is not ability scoring, not route suitability scoring, not THCI/radar scoring, and not a final hiking risk assessment. Weather is activity-level context unless an explicit safe route-window source is used. OSM proximity is not proof of facility use. IB3D/event annotations are not causality evidence."
30_1,2900,3000,2,CONSERVATIVE_PLANNING_RECOMMENDED,74.843,HIGH_ROUTE_LOAD_CONTEXT,ROUTE_LOAD_HIGH_CONTEXT|IB2_EFFORT_HIGH|STEPS_SURFACE_HIGH,WEATHER_ACTIVITY_LEVEL_ONLY|WEATHER_HUMID_CONTEXT|WEATHER_WIND_GUST_CONTEXT|WEATHER_HIGH_UV_CONTEXT,BEHAVIOR_RELATIVE_HIGH_HR_RESPONSE|BEHAVIOR_LOW_SPEED_RESPONSE,EVENT_REVIEW_REQUIRED,ROUTE_LOAD_HIGH_CONTEXT|IB2_EFFORT_HIGH|STEPS_SURFACE_HIGH|IB2_WEATHER_SENSITIVE_ROUTE_EXPOSURE_CONTEXT|WEATHER_ACTIVITY_LEVEL_ONLY|WEATHER_HUMID_CONTEXT|WEATHER_WIND_GUST_CONTEXT|WEATHER_HIGH_UV_CONTEXT|BEHAVIOR_RELATIVE_HIGH_HR_RESPONSE|ROUTE_PHASE_UNKNOWN|OSM_PROXIMITY_NOT_USAGE|BEHAVIOR_LOW_SPEED_RESPONSE,ROUTE_LOAD_BEHAVIOR_CANDIDATE|IB2_OR_WEATHER_CONTEXT_PRESENT,"Descriptive planning context evidence only. This is not ability scoring, not route suitability scoring, not THCI/radar scoring, and not a final hiking risk assessment. Weather is activity-level context unless an explicit safe route-window source is used. OSM proximity is not proof of facility use. IB3D/event annotations are not causality evidence."
30_1,3000,3550,11,REVIEW_FOR_CONSERVATIVE_PLANNING,45.994,LOWER_ROUTE_LOAD_CONTEXT,SLOPE_HIGH,WEATHER_ACTIVITY_LEVEL_ONLY|WEATHER_HUMID_CONTEXT|WEATHER_WIND_GUST_CONTEXT|WEATHER_HIGH_UV_CONTEXT,BEHAVIOR_RELATIVE_HIGH_HR_RESPONSE,EVENT_REVIEW_REQUIRED,IB2_WEATHER_SENSITIVE_ROUTE_EXPOSURE_CONTEXT|WEATHER_ACTIVITY_LEVEL_ONLY|WEATHER_HUMID_CONTEXT|WEATHER_WIND_GUST_CONTEXT|WEATHER_HIGH_UV_CONTEXT|ROUTE_PHASE_UNKNOWN|OSM_PROXIMITY_NOT_USAGE|BEHAVIOR_RELATIVE_HIGH_HR_RESPONSE|SLOPE_HIGH|IB2_SUPPORT_CONTEXT|IB2_NAVIGATION_CONTEXT|GUIDEPOST_PROXIMITY_CONTEXT|SHELTER_PROXIMITY_CONTEXT,HIGH_ROUTE_OR_IB2_CONTEXT,"Descriptive planning context evidence only. This is not ability scoring, not route suitability scoring, not THCI/radar scoring, and not a final hiking risk assessment. Weather is activity-level context unless an explicit safe route-window source is used. OSM proximity is not proof of facility use. IB3D/event annotations are not causality evidence."
30_1,3600,3800,4,CONSERVATIVE_PLANNING_RECOMMENDED,80.44,HIGH_ROUTE_LOAD_CONTEXT,ROUTE_LOAD_HIGH_CONTEXT|SLOPE_HIGH|IB2_EFFORT_HIGH|STEPS_SURFACE_HIGH|ROUTE_LOAD_VERY_HIGH_CONTEXT|TERRAIN_HIGH,WEATHER_ACTIVITY_LEVEL_ONLY|WEATHER_HUMID_CONTEXT|WEATHER_WIND_GUST_CONTEXT|WEATHER_HIGH_UV_CONTEXT,BEHAVIOR_RELATIVE_HIGH_HR_RESPONSE|BEHAVIOR_LOW_SPEED_RESPONSE,EVENT_REVIEW_REQUIRED,ROUTE_LOAD_HIGH_CONTEXT|SLOPE_HIGH|IB2_EFFORT_HIGH|STEPS_SURFACE_HIGH|IB2_WEATHER_SENSITIVE_ROUTE_EXPOSURE_CONTEXT|SHELTER_PROXIMITY_CONTEXT|WEATHER_ACTIVITY_LEVEL_ONLY|WEATHER_HUMID_CONTEXT|WEATHER_WIND_GUST_CONTEXT|WEATHER_HIGH_UV_CONTEXT|BEHAVIOR_RELATIVE_HIGH_HR_RESPONSE|BEHAVIOR_LOW_SPEED_RESPONSE|ROUTE_PHASE_UNKNOWN|OSM_PROXIMITY_NOT_USAGE|ROUTE_LOAD_VERY_HIGH_CONTEXT|TERRAIN_HIGH,ROUTE_LOAD_BEHAVIOR_CANDIDATE|IB2_OR_WEATHER_CONTEXT_PRESENT|VERY_HIGH_ROUTE_LOAD_CONTEXT,"Descriptive planning context evidence only. This is not ability scoring, not route suitability scoring, not THCI/radar scoring, and not a final hiking risk assessment. Weather is activity-level context unless an explicit safe route-window source is used. OSM proximity is not proof of facility use. IB3D/event annotations are not causality evidence."
30_1,3800,3850,1,TURNAROUND_CONDITION_REVIEW_RECOMMENDED,87.16,VERY_HIGH_ROUTE_LOAD_CONTEXT,ROUTE_LOAD_HIGH_CONTEXT|ROUTE_LOAD_VERY_HIGH_CONTEXT|SLOPE_HIGH|IB2_EFFORT_HIGH|TERRAIN_HIGH|STEPS_SURFACE_HIGH,WEATHER_ACTIVITY_LEVEL_ONLY|WEATHER_HUMID_CONTEXT|WEATHER_WIND_GUST_CONTEXT|WEATHER_HIGH_UV_CONTEXT,BEHAVIOR_LOW_SPEED_RESPONSE,EVENT_REVIEW_REQUIRED,ROUTE_LOAD_HIGH_CONTEXT|ROUTE_LOAD_VERY_HIGH_CONTEXT|SLOPE_HIGH|IB2_EFFORT_HIGH|TERRAIN_HIGH|STEPS_SURFACE_HIGH|IB2_WEATHER_SENSITIVE_ROUTE_EXPOSURE_CONTEXT|WEATHER_ACTIVITY_LEVEL_ONLY|WEATHER_HUMID_CONTEXT|WEATHER_WIND_GUST_CONTEXT|WEATHER_HIGH_UV_CONTEXT|BEHAVIOR_LOW_SPEED_RESPONSE|ROUTE_PHASE_UNKNOWN|OSM_PROXIMITY_NOT_USAGE,VERY_HIGH_ROUTE_LOAD_CONTEXT|ROUTE_LOAD_BEHAVIOR_CANDIDATE|IB2_OR_WEATHER_CONTEXT_PRESENT,"Descriptive planning context evidence only. This is not ability scoring, not route suitability scoring, not THCI/radar scoring, and not a final hiking risk assessment. Weather is activity-level context unless an explicit safe route-window source is used. OSM proximity is not proof of facility use. IB3D/event annotations are not causality evidence."
30_1,3850,3950,2,CONSERVATIVE_PLANNING_RECOMMENDED,89.919,HIGH_ROUTE_LOAD_CONTEXT,ROUTE_LOAD_HIGH_CONTEXT|SLOPE_HIGH|IB2_EFFORT_HIGH|TERRAIN_HIGH|STEPS_SURFACE_HIGH|ROUTE_LOAD_VERY_HIGH_CONTEXT|VERTICAL_RANGE_HIGH,WEATHER_ACTIVITY_LEVEL_ONLY|WEATHER_HUMID_CONTEXT|WEATHER_WIND_GUST_CONTEXT|WEATHER_HIGH_UV_CONTEXT,BEHAVIOR_LOW_SPEED_RESPONSE,EVENT_REVIEW_REQUIRED,ROUTE_LOAD_HIGH_CONTEXT|SLOPE_HIGH|IB2_EFFORT_HIGH|TERRAIN_HIGH|STEPS_SURFACE_HIGH|IB2_WEATHER_SENSITIVE_ROUTE_EXPOSURE_CONTEXT|WEATHER_ACTIVITY_LEVEL_ONLY|WEATHER_HUMID_CONTEXT|WEATHER_WIND_GUST_CONTEXT|WEATHER_HIGH_UV_CONTEXT|BEHAVIOR_LOW_SPEED_RESPONSE|ROUTE_PHASE_UNKNOWN|OSM_PROXIMITY_NOT_USAGE|ROUTE_LOAD_VERY_HIGH_CONTEXT|VERTICAL_RANGE_HIGH,ROUTE_LOAD_BEHAVIOR_CANDIDATE|IB2_OR_WEATHER_CONTEXT_PRESENT|VERY_HIGH_ROUTE_LOAD_CONTEXT,"Descriptive planning context evidence only. This is not ability scoring, not route suitability scoring, not THCI/radar scoring, and not a final hiking risk assessment. Weather is activity-level context unless an explicit safe route-window source is used. OSM proximity is not proof of facility use. IB3D/event annotations are not causality evidence."
30_1,3950,4050,2,TURNAROUND_CONDITION_REVIEW_RECOMMENDED,99.4,VERY_HIGH_ROUTE_LOAD_CONTEXT,ROUTE_LOAD_HIGH_CONTEXT|ROUTE_LOAD_VERY_HIGH_CONTEXT|VERTICAL_RANGE_HIGH|SLOPE_HIGH|IB2_EFFORT_HIGH|TERRAIN_HIGH|STEPS_SURFACE_HIGH,WEATHER_ACTIVITY_LEVEL_ONLY|WEATHER_HUMID_CONTEXT|WEATHER_WIND_GUST_CONTEXT|WEATHER_HIGH_UV_CONTEXT,BEHAVIOR_LOW_SPEED_RESPONSE,EVENT_REVIEW_REQUIRED,ROUTE_LOAD_HIGH_CONTEXT|ROUTE_LOAD_VERY_HIGH_CONTEXT|VERTICAL_RANGE_HIGH|SLOPE_HIGH|IB2_EFFORT_HIGH|TERRAIN_HIGH|STEPS_SURFACE_HIGH|IB2_WEATHER_SENSITIVE_ROUTE_EXPOSURE_CONTEXT|WATERWAY_PROXIMITY_CONTEXT|WEATHER_ACTIVITY_LEVEL_ONLY|WEATHER_HUMID_CONTEXT|WEATHER_WIND_GUST_CONTEXT|WEATHER_HIGH_UV_CONTEXT|BEHAVIOR_LOW_SPEED_RESPONSE|ROUTE_PHASE_UNKNOWN|OSM_PROXIMITY_NOT_USAGE,VERY_HIGH_ROUTE_LOAD_CONTEXT|ROUTE_LOAD_BEHAVIOR_CANDIDATE|IB2_OR_WEATHER_CONTEXT_PRESENT,"Descriptive planning context evidence only. This is not ability scoring, not route suitability scoring, not THCI/radar scoring, and not a final hiking risk assessment. Weather is activity-level context unless an explicit safe route-window source is used. OSM proximity is not proof of facility use. IB3D/event annotations are not causality evidence."
30_1,4050,4100,1,CONSERVATIVE_PLANNING_RECOMMENDED,69.601,HIGH_ROUTE_LOAD_CONTEXT,ROUTE_LOAD_HIGH_CONTEXT|IB2_EFFORT_HIGH|STEPS_SURFACE_HIGH,WEATHER_ACTIVITY_LEVEL_ONLY|WEATHER_HUMID_CONTEXT|WEATHER_WIND_GUST_CONTEXT|WEATHER_HIGH_UV_CONTEXT,NONE,EVENT_REVIEW_REQUIRED,ROUTE_LOAD_HIGH_CONTEXT|IB2_EFFORT_HIGH|STEPS_SURFACE_HIGH|IB2_WEATHER_SENSITIVE_ROUTE_EXPOSURE_CONTEXT|WATERWAY_PROXIMITY_CONTEXT|WEATHER_ACTIVITY_LEVEL_ONLY|WEATHER_HUMID_CONTEXT|WEATHER_WIND_GUST_CONTEXT|WEATHER_HIGH_UV_CONTEXT|ROUTE_PHASE_UNKNOWN|OSM_PROXIMITY_NOT_USAGE,IB2_OR_WEATHER_CONTEXT_PRESENT,"Descriptive planning context evidence only. This is not ability scoring, not route suitability scoring, not THCI/radar scoring, and not a final hiking risk assessment. Weather is activity-level context unless an explicit safe route-window source is used. OSM proximity is not proof of facility use. IB3D/event annotations are not causality evidence."
30_1,4100,4200,2,REVIEW_FOR_CONSERVATIVE_PLANNING,59.323,LOWER_ROUTE_LOAD_CONTEXT,IB2_EFFORT_HIGH,WEATHER_ACTIVITY_LEVEL_ONLY|WEATHER_HUMID_CONTEXT|WEATHER_WIND_GUST_CONTEXT|WEATHER_HIGH_UV_CONTEXT,NONE,EVENT_REVIEW_REQUIRED,IB2_NAVIGATION_CONTEXT|IB2_WEATHER_SENSITIVE_ROUTE_EXPOSURE_CONTEXT|WATERWAY_PROXIMITY_CONTEXT|GUIDEPOST_PROXIMITY_CONTEXT|WEATHER_ACTIVITY_LEVEL_ONLY|WEATHER_HUMID_CONTEXT|WEATHER_WIND_GUST_CONTEXT|WEATHER_HIGH_UV_CONTEXT|ROUTE_PHASE_UNKNOWN|OSM_PROXIMITY_NOT_USAGE|IB2_EFFORT_HIGH,HIGH_ROUTE_OR_IB2_CONTEXT,"Descriptive planning context evidence only. This is not ability scoring, not route suitability scoring, not THCI/radar scoring, and not a final hiking risk assessment. Weather is activity-level context unless an explicit safe route-window source is used. OSM proximity is not proof of facility use. IB3D/event annotations are not causality evidence."
33_1,0,100,2,REVIEW_FOR_CONSERVATIVE_PLANNING,53.313,LOWER_ROUTE_LOAD_CONTEXT,IB2_EFFORT_HIGH|SLOPE_LOAD_FALLBACK_VERTICAL_RANGE,WEATHER_ACTIVITY_LEVEL_ONLY|WEATHER_HUMID_CONTEXT|WEATHER_WIND_GUST_CONTEXT|WEATHER_HIGH_UV_CONTEXT,NONE,NONE,IB2_NAVIGATION_CONTEXT|IB2_WEATHER_SENSITIVE_ROUTE_EXPOSURE_CONTEXT|WATERWAY_PROXIMITY_CONTEXT|GUIDEPOST_PROXIMITY_CONTEXT|WEATHER_ACTIVITY_LEVEL_ONLY|WEATHER_HUMID_CONTEXT|WEATHER_WIND_GUST_CONTEXT|WEATHER_HIGH_UV_CONTEXT|ROUTE_PHASE_UNKNOWN|OSM_PROXIMITY_NOT_USAGE|IB2_EFFORT_HIGH|SLOPE_LOAD_FALLBACK_VERTICAL_RANGE,HIGH_ROUTE_OR_IB2_CONTEXT,"Descriptive planning context evidence only. This is not ability scoring, not route suitability scoring, not THCI/radar scoring, and not a final hiking risk assessment. Weather is activity-level context unless an explicit safe route-window source is used. OSM proximity is not proof of facility use. IB3D/event annotations are not causality evidence."
33_1,100,150,1,CONSERVATIVE_PLANNING_RECOMMENDED,71.926,HIGH_ROUTE_LOAD_CONTEXT,ROUTE_LOAD_HIGH_CONTEXT|IB2_EFFORT_HIGH|STEPS_SURFACE_HIGH,WEATHER_ACTIVITY_LEVEL_ONLY|WEATHER_HUMID_CONTEXT|WEATHER_WIND_GUST_CONTEXT|WEATHER_HIGH_UV_CONTEXT,NONE,NONE,ROUTE_LOAD_HIGH_CONTEXT|IB2_EFFORT_HIGH|STEPS_SURFACE_HIGH|IB2_WEATHER_SENSITIVE_ROUTE_EXPOSURE_CONTEXT|WATERWAY_PROXIMITY_CONTEXT|WEATHER_ACTIVITY_LEVEL_ONLY|WEATHER_HUMID_CONTEXT|WEATHER_WIND_GUST_CONTEXT|WEATHER_HIGH_UV_CONTEXT|ROUTE_PHASE_UNKNOWN|OSM_PROXIMITY_NOT_USAGE,IB2_OR_WEATHER_CONTEXT_PRESENT,"Descriptive planning context evidence only. This is not ability scoring, not route suitability scoring, not THCI/radar scoring, and not a final hiking risk assessment. Weather is activity-level context unless an explicit safe route-window source is used. OSM proximity is not proof of facility use. IB3D/event annotations are not causality evidence."
33_1,150,200,1,TURNAROUND_CONDITION_REVIEW_RECOMMENDED,93.17,VERY_HIGH_ROUTE_LOAD_CONTEXT,ROUTE_LOAD_HIGH_CONTEXT|ROUTE_LOAD_VERY_HIGH_CONTEXT|VERTICAL_RANGE_HIGH|SLOPE_HIGH|IB2_EFFORT_HIGH|TERRAIN_HIGH|STEPS_SURFACE_HIGH|SLOPE_LOAD_FALLBACK_VERTICAL_RANGE,WEATHER_ACTIVITY_LEVEL_ONLY|WEATHER_HUMID_CONTEXT|WEATHER_WIND_GUST_CONTEXT|WEATHER_HIGH_UV_CONTEXT,BEHAVIOR_LOW_SPEED_RESPONSE|BEHAVIOR_LOW_SPEED_RATIO_HIGH,NONE,ROUTE_LOAD_HIGH_CONTEXT|ROUTE_LOAD_VERY_HIGH_CONTEXT|VERTICAL_RANGE_HIGH|SLOPE_HIGH|IB2_EFFORT_HIGH|TERRAIN_HIGH|STEPS_SURFACE_HIGH|SLOPE_LOAD_FALLBACK_VERTICAL_RANGE|IB2_WEATHER_SENSITIVE_ROUTE_EXPOSURE_CONTEXT|WATERWAY_PROXIMITY_CONTEXT|WEATHER_ACTIVITY_LEVEL_ONLY|WEATHER_HUMID_CONTEXT|WEATHER_WIND_GUST_CONTEXT|WEATHER_HIGH_UV_CONTEXT|BEHAVIOR_LOW_SPEED_RESPONSE|BEHAVIOR_LOW_SPEED_RATIO_HIGH|ROUTE_PHASE_UNKNOWN|OSM_PROXIMITY_NOT_USAGE,VERY_HIGH_ROUTE_LOAD_CONTEXT|ROUTE_LOAD_BEHAVIOR_CANDIDATE|IB2_OR_WEATHER_CONTEXT_PRESENT,"Descriptive planning context evidence only. This is not ability scoring, not route suitability scoring, not THCI/radar scoring, and not a final hiking risk assessment. Weather is activity-level context unless an explicit safe route-window source is used. OSM proximity is not proof of facility use. IB3D/event annotations are not causality evidence."
33_1,200,550,7,CONSERVATIVE_PLANNING_RECOMMENDED,97.115,HIGH_ROUTE_LOAD_CONTEXT,ROUTE_LOAD_HIGH_CONTEXT|ROUTE_LOAD_VERY_HIGH_CONTEXT|VERTICAL_RANGE_HIGH|SLOPE_HIGH|IB2_EFFORT_HIGH|TERRAIN_HIGH|STEPS_SURFACE_HIGH|SLOPE_LOAD_FALLBACK_VERTICAL_RANGE,WEATHER_ACTIVITY_LEVEL_ONLY|WEATHER_HUMID_CONTEXT|WEATHER_WIND_GUST_CONTEXT|WEATHER_HIGH_UV_CONTEXT,NONE,NONE,ROUTE_LOAD_HIGH_CONTEXT|ROUTE_LOAD_VERY_HIGH_CONTEXT|VERTICAL_RANGE_HIGH|SLOPE_HIGH|IB2_EFFORT_HIGH|TERRAIN_HIGH|STEPS_SURFACE_HIGH|IB2_WEATHER_SENSITIVE_ROUTE_EXPOSURE_CONTEXT|WATERWAY_PROXIMITY_CONTEXT|WEATHER_ACTIVITY_LEVEL_ONLY|WEATHER_HUMID_CONTEXT|WEATHER_WIND_GUST_CONTEXT|WEATHER_HIGH_UV_CONTEXT|ROUTE_PHASE_UNKNOWN|OSM_PROXIMITY_NOT_USAGE|SLOPE_LOAD_FALLBACK_VERTICAL_RANGE,VERY_HIGH_ROUTE_LOAD_CONTEXT|IB2_OR_WEATHER_CONTEXT_PRESENT,"Descriptive planning context evidence only. This is not ability scoring, not route suitability scoring, not THCI/radar scoring, and not a final hiking risk assessment. Weather is activity-level context unless an explicit safe route-window source is used. OSM proximity is not proof of facility use. IB3D/event annotations are not causality evidence."
33_1,550,650,2,REVIEW_FOR_CONSERVATIVE_PLANNING,46.136,LOWER_ROUTE_LOAD_CONTEXT,IB2_EFFORT_HIGH|STEPS_SURFACE_HIGH|SLOPE_LOAD_FALLBACK_VERTICAL_RANGE,WEATHER_ACTIVITY_LEVEL_ONLY|WEATHER_HUMID_CONTEXT|WEATHER_WIND_GUST_CONTEXT|WEATHER_HIGH_UV_CONTEXT,BEHAVIOR_RELATIVE_HIGH_HR_RESPONSE,NONE,IB2_EFFORT_HIGH|STEPS_SURFACE_HIGH|SLOPE_LOAD_FALLBACK_VERTICAL_RANGE|IB2_WEATHER_SENSITIVE_ROUTE_EXPOSURE_CONTEXT|SHELTER_PROXIMITY_CONTEXT|WEATHER_ACTIVITY_LEVEL_ONLY|WEATHER_HUMID_CONTEXT|WEATHER_WIND_GUST_CONTEXT|WEATHER_HIGH_UV_CONTEXT|BEHAVIOR_RELATIVE_HIGH_HR_RESPONSE|ROUTE_PHASE_UNKNOWN|OSM_PROXIMITY_NOT_USAGE|IB2_NAVIGATION_CONTEXT|GUIDEPOST_PROXIMITY_CONTEXT,HIGH_ROUTE_OR_IB2_CONTEXT,"Descriptive planning context evidence only. This is not ability scoring, not route suitability scoring, not THCI/radar scoring, and not a final hiking risk assessment. Weather is activity-level context unless an explicit safe route-window source is used. OSM proximity is not proof of facility use. IB3D/event annotations are not causality evidence."
33_1,700,750,1,REVIEW_FOR_CONSERVATIVE_PLANNING,6.539,LOWER_ROUTE_LOAD_CONTEXT,SLOPE_LOAD_FALLBACK_VERTICAL_RANGE,WEATHER_ACTIVITY_LEVEL_ONLY|WEATHER_HUMID_CONTEXT|WEATHER_WIND_GUST_CONTEXT|WEATHER_HIGH_UV_CONTEXT,BEHAVIOR_RELATIVE_HIGH_HR_RESPONSE,NONE,SLOPE_LOAD_FALLBACK_VERTICAL_RANGE|IB2_WEATHER_SENSITIVE_ROUTE_EXPOSURE_CONTEXT|SHELTER_PROXIMITY_CONTEXT|WEATHER_ACTIVITY_LEVEL_ONLY|WEATHER_HUMID_CONTEXT|WEATHER_WIND_GUST_CONTEXT|WEATHER_HIGH_UV_CONTEXT|BEHAVIOR_RELATIVE_HIGH_HR_RESPONSE|ROUTE_PHASE_UNKNOWN|OSM_PROXIMITY_NOT_USAGE,HIGH_ROUTE_OR_IB2_CONTEXT,"Descriptive planning context evidence only. This is not ability scoring, not route suitability scoring, not THCI/radar scoring, and not a final hiking risk assessment. Weather is activity-level context unless an explicit safe route-window source is used. OSM proximity is not proof of facility use. IB3D/event annotations are not causality evidence."
33_1,800,1200,8,REVIEW_FOR_CONSERVATIVE_PLANNING,48.056,LOWER_ROUTE_LOAD_CONTEXT,SLOPE_HIGH|SLOPE_LOAD_FALLBACK_VERTICAL_RANGE,WEATHER_ACTIVITY_LEVEL_ONLY|WEATHER_HUMID_CONTEXT|WEATHER_WIND_GUST_CONTEXT|WEATHER_HIGH_UV_CONTEXT,NONE,NONE,IB2_NAVIGATION_CONTEXT|IB2_WEATHER_SENSITIVE_ROUTE_EXPOSURE_CONTEXT|GUIDEPOST_PROXIMITY_CONTEXT|WEATHER_ACTIVITY_LEVEL_ONLY|WEATHER_HUMID_CONTEXT|WEATHER_WIND_GUST_CONTEXT|WEATHER_HIGH_UV_CONTEXT|ROUTE_PHASE_UNKNOWN|OSM_PROXIMITY_NOT_USAGE|IB2_SUPPORT_CONTEXT|SLOPE_HIGH|SLOPE_LOAD_FALLBACK_VERTICAL_RANGE,HIGH_ROUTE_OR_IB2_CONTEXT,"Descriptive planning context evidence only. This is not ability scoring, not route suitability scoring, not THCI/radar scoring, and not a final hiking risk assessment. Weather is activity-level context unless an explicit safe route-window source is used. OSM proximity is not proof of facility use. IB3D/event annotations are not causality evidence."
33_1,1200,1300,2,CONSERVATIVE_PLANNING_RECOMMENDED,69.29,HIGH_ROUTE_LOAD_CONTEXT,ROUTE_LOAD_HIGH_CONTEXT|IB2_EFFORT_HIGH|STEPS_SURFACE_HIGH,WEATHER_ACTIVITY_LEVEL_ONLY|WEATHER_HUMID_CONTEXT|WEATHER_WIND_GUST_CONTEXT|WEATHER_HIGH_UV_CONTEXT,NONE,NONE,ROUTE_LOAD_HIGH_CONTEXT|IB2_EFFORT_HIGH|STEPS_SURFACE_HIGH|IB2_WEATHER_SENSITIVE_ROUTE_EXPOSURE_CONTEXT|WEATHER_ACTIVITY_LEVEL_ONLY|WEATHER_HUMID_CONTEXT|WEATHER_WIND_GUST_CONTEXT|WEATHER_HIGH_UV_CONTEXT|ROUTE_PHASE_UNKNOWN|OSM_PROXIMITY_NOT_USAGE,IB2_OR_WEATHER_CONTEXT_PRESENT,"Descriptive planning context evidence only. This is not ability scoring, not route suitability scoring, not THCI/radar scoring, and not a final hiking risk assessment. Weather is activity-level context unless an explicit safe route-window source is used. OSM proximity is not proof of facility use. IB3D/event annotations are not causality evidence."
33_1,1300,1350,1,REVIEW_FOR_CONSERVATIVE_PLANNING,37.676,MODERATE_ROUTE_LOAD_CONTEXT,SLOPE_LOAD_FALLBACK_VERTICAL_RANGE,WEATHER_ACTIVITY_LEVEL_ONLY|WEATHER_HUMID_CONTEXT|WEATHER_WIND_GUST_CONTEXT|WEATHER_HIGH_UV_CONTEXT,NONE,NONE,SLOPE_LOAD_FALLBACK_VERTICAL_RANGE|IB2_WEATHER_SENSITIVE_ROUTE_EXPOSURE_CONTEXT|WEATHER_ACTIVITY_LEVEL_ONLY|WEATHER_HUMID_CONTEXT|WEATHER_WIND_GUST_CONTEXT|WEATHER_HIGH_UV_CONTEXT|ROUTE_PHASE_UNKNOWN|OSM_PROXIMITY_NOT_USAGE,HIGH_ROUTE_OR_IB2_CONTEXT,"Descriptive planning context evidence only. This is not ability scoring, not route suitability scoring, not THCI/radar scoring, and not a final hiking risk assessment. Weather is activity-level context unless an explicit safe route-window source is used. OSM proximity is not proof of facility use. IB3D/event annotations are not causality evidence."
33_1,1350,1650,6,TURNAROUND_CONDITION_REVIEW_RECOMMENDED,100.0,VERY_HIGH_ROUTE_LOAD_CONTEXT,ROUTE_LOAD_HIGH_CONTEXT|ROUTE_LOAD_VERY_HIGH_CONTEXT|VERTICAL_RANGE_HIGH|SLOPE_HIGH|IB2_EFFORT_HIGH|TERRAIN_HIGH|STEPS_SURFACE_HIGH|SLOPE_LOAD_FALLBACK_VERTICAL_RANGE,WEATHER_ACTIVITY_LEVEL_ONLY|WEATHER_HUMID_CONTEXT|WEATHER_WIND_GUST_CONTEXT|WEATHER_HIGH_UV_CONTEXT,BEHAVIOR_RELATIVE_HIGH_HR_RESPONSE|BEHAVIOR_LOW_SPEED_RESPONSE|BEHAVIOR_LOW_SPEED_RATIO_HIGH,NONE,ROUTE_LOAD_HIGH_CONTEXT|ROUTE_LOAD_VERY_HIGH_CONTEXT|VERTICAL_RANGE_HIGH|SLOPE_HIGH|IB2_EFFORT_HIGH|TERRAIN_HIGH|STEPS_SURFACE_HIGH|SLOPE_LOAD_FALLBACK_VERTICAL_RANGE|IB2_WEATHER_SENSITIVE_ROUTE_EXPOSURE_CONTEXT|WEATHER_ACTIVITY_LEVEL_ONLY|WEATHER_HUMID_CONTEXT|WEATHER_WIND_GUST_CONTEXT|WEATHER_HIGH_UV_CONTEXT|BEHAVIOR_RELATIVE_HIGH_HR_RESPONSE|BEHAVIOR_LOW_SPEED_RESPONSE|BEHAVIOR_LOW_SPEED_RATIO_HIGH|ROUTE_PHASE_UNKNOWN|OSM_PROXIMITY_NOT_USAGE,VERY_HIGH_ROUTE_LOAD_CONTEXT|ROUTE_LOAD_BEHAVIOR_CANDIDATE|IB2_OR_WEATHER_CONTEXT_PRESENT,"Descriptive planning context evidence only. This is not ability scoring, not route suitability scoring, not THCI/radar scoring, and not a final hiking risk assessment. Weather is activity-level context unless an explicit safe route-window source is used. OSM proximity is not proof of facility use. IB3D/event annotations are not causality evidence."
33_1,1650,1750,2,REVIEW_FOR_CONSERVATIVE_PLANNING,51.957,LOWER_ROUTE_LOAD_CONTEXT,IB2_EFFORT_HIGH|STEPS_SURFACE_HIGH,WEATHER_ACTIVITY_LEVEL_ONLY|WEATHER_HUMID_CONTEXT|WEATHER_WIND_GUST_CONTEXT|WEATHER_HIGH_UV_CONTEXT,BEHAVIOR_RELATIVE_HIGH_HR_RESPONSE,NONE,IB2_EFFORT_HIGH|STEPS_SURFACE_HIGH|IB2_WEATHER_SENSITIVE_ROUTE_EXPOSURE_CONTEXT|WEATHER_ACTIVITY_LEVEL_ONLY|WEATHER_HUMID_CONTEXT|WEATHER_WIND_GUST_CONTEXT|WEATHER_HIGH_UV_CONTEXT|BEHAVIOR_RELATIVE_HIGH_HR_RESPONSE|ROUTE_PHASE_UNKNOWN|OSM_PROXIMITY_NOT_USAGE,HIGH_ROUTE_OR_IB2_CONTEXT,"Descriptive planning context evidence only. This is not ability scoring, not route suitability scoring, not THCI/radar scoring, and not a final hiking risk assessment. Weather is activity-level context unless an explicit safe route-window source is used. OSM proximity is not proof of facility use. IB3D/event annotations are not causality evidence."
33_1,1750,1800,1,CONSERVATIVE_PLANNING_RECOMMENDED,64.52,HIGH_ROUTE_LOAD_CONTEXT,ROUTE_LOAD_HIGH_CONTEXT|IB2_EFFORT_HIGH|STEPS_SURFACE_HIGH,WEATHER_ACTIVITY_LEVEL_ONLY|WEATHER_HUMID_CONTEXT|WEATHER_WIND_GUST_CONTEXT|WEATHER_HIGH_UV_CONTEXT,BEHAVIOR_LOW_SPEED_RESPONSE|BEHAVIOR_LOW_SPEED_RATIO_HIGH,NONE,ROUTE_LOAD_HIGH_CONTEXT|IB2_EFFORT_HIGH|STEPS_SURFACE_HIGH|IB2_NAVIGATION_CONTEXT|IB2_WEATHER_SENSITIVE_ROUTE_EXPOSURE_CONTEXT|GUIDEPOST_PROXIMITY_CONTEXT|WEATHER_ACTIVITY_LEVEL_ONLY|WEATHER_HUMID_CONTEXT|WEATHER_WIND_GUST_CONTEXT|WEATHER_HIGH_UV_CONTEXT|BEHAVIOR_LOW_SPEED_RESPONSE|BEHAVIOR_LOW_SPEED_RATIO_HIGH|ROUTE_PHASE_UNKNOWN|OSM_PROXIMITY_NOT_USAGE,ROUTE_LOAD_BEHAVIOR_CANDIDATE|IB2_OR_WEATHER_CONTEXT_PRESENT,"Descriptive planning context evidence only. This is not ability scoring, not route suitability scoring, not THCI/radar scoring, and not a final hiking risk assessment. Weather is activity-level context unless an explicit safe route-window source is used. OSM proximity is not proof of facility use. IB3D/event annotations are not causality evidence."
33_1,1800,1900,2,TURNAROUND_CONDITION_REVIEW_RECOMMENDED,91.158,VERY_HIGH_ROUTE_LOAD_CONTEXT,ROUTE_LOAD_HIGH_CONTEXT|ROUTE_LOAD_VERY_HIGH_CONTEXT|SLOPE_HIGH|IB2_EFFORT_HIGH|STEPS_SURFACE_HIGH|VERTICAL_RANGE_HIGH|TERRAIN_HIGH|SLOPE_LOAD_FALLBACK_VERTICAL_RANGE,WEATHER_ACTIVITY_LEVEL_ONLY|WEATHER_HUMID_CONTEXT|WEATHER_WIND_GUST_CONTEXT|WEATHER_HIGH_UV_CONTEXT,BEHAVIOR_RELATIVE_HIGH_HR_RESPONSE|BEHAVIOR_LOW_SPEED_RESPONSE|BEHAVIOR_LOW_SPEED_RATIO_HIGH,NONE,ROUTE_LOAD_HIGH_CONTEXT|ROUTE_LOAD_VERY_HIGH_CONTEXT|SLOPE_HIGH|IB2_EFFORT_HIGH|STEPS_SURFACE_HIGH|IB2_NAVIGATION_CONTEXT|IB2_WEATHER_SENSITIVE_ROUTE_EXPOSURE_CONTEXT|GUIDEPOST_PROXIMITY_CONTEXT|WEATHER_ACTIVITY_LEVEL_ONLY|WEATHER_HUMID_CONTEXT|WEATHER_WIND_GUST_CONTEXT|WEATHER_HIGH_UV_CONTEXT|BEHAVIOR_RELATIVE_HIGH_HR_RESPONSE|BEHAVIOR_LOW_SPEED_RESPONSE|BEHAVIOR_LOW_SPEED_RATIO_HIGH|ROUTE_PHASE_UNKNOWN|OSM_PROXIMITY_NOT_USAGE|VERTICAL_RANGE_HIGH|TERRAIN_HIGH|SLOPE_LOAD_FALLBACK_VERTICAL_RANGE,VERY_HIGH_ROUTE_LOAD_CONTEXT|ROUTE_LOAD_BEHAVIOR_CANDIDATE|IB2_OR_WEATHER_CONTEXT_PRESENT,"Descriptive planning context evidence only. This is not ability scoring, not route suitability scoring, not THCI/radar scoring, and not a final hiking risk assessment. Weather is activity-level context unless an explicit safe route-window source is used. OSM proximity is not proof of facility use. IB3D/event annotations are not causality evidence."
33_1,1900,1950,1,REVIEW_FOR_CONSERVATIVE_PLANNING,17.288,LOWER_ROUTE_LOAD_CONTEXT,NONE,WEATHER_ACTIVITY_LEVEL_ONLY|WEATHER_HUMID_CONTEXT|WEATHER_WIND_GUST_CONTEXT|WEATHER_HIGH_UV_CONTEXT,BEHAVIOR_LOW_SPEED_RESPONSE|BEHAVIOR_STOP_RESPONSE,NONE,IB2_NAVIGATION_CONTEXT|IB2_WEATHER_SENSITIVE_ROUTE_EXPOSURE_CONTEXT|GUIDEPOST_PROXIMITY_CONTEXT|WEATHER_ACTIVITY_LEVEL_ONLY|WEATHER_HUMID_CONTEXT|WEATHER_WIND_GUST_CONTEXT|WEATHER_HIGH_UV_CONTEXT|BEHAVIOR_LOW_SPEED_RESPONSE|BEHAVIOR_STOP_RESPONSE|ROUTE_PHASE_UNKNOWN|OSM_PROXIMITY_NOT_USAGE,HIGH_ROUTE_OR_IB2_CONTEXT,"Descriptive planning context evidence only. This is not ability scoring, not route suitability scoring, not THCI/radar scoring, and not a final hiking risk assessment. Weather is activity-level context unless an explicit safe route-window source is used. OSM proximity is not proof of facility use. IB3D/event annotations are not causality evidence."
33_1,1950,2050,2,TURNAROUND_CONDITION_REVIEW_RECOMMENDED,88.214,VERY_HIGH_ROUTE_LOAD_CONTEXT,ROUTE_LOAD_HIGH_CONTEXT|ROUTE_LOAD_VERY_HIGH_CONTEXT|VERTICAL_RANGE_HIGH|SLOPE_HIGH|IB2_EFFORT_HIGH|STEPS_SURFACE_HIGH|SLOPE_LOAD_FALLBACK_VERTICAL_RANGE,WEATHER_ACTIVITY_LEVEL_ONLY|WEATHER_HUMID_CONTEXT|WEATHER_WIND_GUST_CONTEXT|WEATHER_HIGH_UV_CONTEXT,BEHAVIOR_LOW_SPEED_RESPONSE|BEHAVIOR_RELATIVE_HIGH_HR_RESPONSE,NONE,ROUTE_LOAD_HIGH_CONTEXT|ROUTE_LOAD_VERY_HIGH_CONTEXT|VERTICAL_RANGE_HIGH|SLOPE_HIGH|IB2_EFFORT_HIGH|STEPS_SURFACE_HIGH|SLOPE_LOAD_FALLBACK_VERTICAL_RANGE|IB2_NAVIGATION_CONTEXT|IB2_WEATHER_SENSITIVE_ROUTE_EXPOSURE_CONTEXT|GUIDEPOST_PROXIMITY_CONTEXT|WEATHER_ACTIVITY_LEVEL_ONLY|WEATHER_HUMID_CONTEXT|WEATHER_WIND_GUST_CONTEXT|WEATHER_HIGH_UV_CONTEXT|BEHAVIOR_LOW_SPEED_RESPONSE|ROUTE_PHASE_UNKNOWN|OSM_PROXIMITY_NOT_USAGE|BEHAVIOR_RELATIVE_HIGH_HR_RESPONSE,VERY_HIGH_ROUTE_LOAD_CONTEXT|ROUTE_LOAD_BEHAVIOR_CANDIDATE|IB2_OR_WEATHER_CONTEXT_PRESENT,"Descriptive planning context evidence only. This is not ability scoring, not route suitability scoring, not THCI/radar scoring, and not a final hiking risk assessment. Weather is activity-level context unless an explicit safe route-window source is used. OSM proximity is not proof of facility use. IB3D/event annotations are not causality evidence."
33_1,2050,2150,2,CONSERVATIVE_PLANNING_RECOMMENDED,65.099,HIGH_ROUTE_LOAD_CONTEXT,ROUTE_LOAD_HIGH_CONTEXT|IB2_EFFORT_HIGH|STEPS_SURFACE_HIGH|SLOPE_LOAD_FALLBACK_VERTICAL_RANGE,WEATHER_ACTIVITY_LEVEL_ONLY|WEATHER_HUMID_CONTEXT|WEATHER_WIND_GUST_CONTEXT|WEATHER_HIGH_UV_CONTEXT,BEHAVIOR_LOW_SPEED_RESPONSE|BEHAVIOR_STOP_RESPONSE|BEHAVIOR_RELATIVE_HIGH_HR_RESPONSE,NONE,ROUTE_LOAD_HIGH_CONTEXT|IB2_EFFORT_HIGH|STEPS_SURFACE_HIGH|SLOPE_LOAD_FALLBACK_VERTICAL_RANGE|IB2_NAVIGATION_CONTEXT|IB2_WEATHER_SENSITIVE_ROUTE_EXPOSURE_CONTEXT|GUIDEPOST_PROXIMITY_CONTEXT|WEATHER_ACTIVITY_LEVEL_ONLY|WEATHER_HUMID_CONTEXT|WEATHER_WIND_GUST_CONTEXT|WEATHER_HIGH_UV_CONTEXT|BEHAVIOR_LOW_SPEED_RESPONSE|BEHAVIOR_STOP_RESPONSE|ROUTE_PHASE_UNKNOWN|OSM_PROXIMITY_NOT_USAGE|BEHAVIOR_RELATIVE_HIGH_HR_RESPONSE,ROUTE_LOAD_BEHAVIOR_CANDIDATE|IB2_OR_WEATHER_CONTEXT_PRESENT,"Descriptive planning context evidence only. This is not ability scoring, not route suitability scoring, not THCI/radar scoring, and not a final hiking risk assessment. Weather is activity-level context unless an explicit safe route-window source is used. OSM proximity is not proof of facility use. IB3D/event annotations are not causality evidence."
33_1,2150,2250,2,TURNAROUND_CONDITION_REVIEW_RECOMMENDED,84.629,VERY_HIGH_ROUTE_LOAD_CONTEXT,ROUTE_LOAD_HIGH_CONTEXT|ROUTE_LOAD_VERY_HIGH_CONTEXT|VERTICAL_RANGE_HIGH|SLOPE_HIGH|IB2_EFFORT_HIGH|STEPS_SURFACE_HIGH|SLOPE_LOAD_FALLBACK_VERTICAL_RANGE,WEATHER_ACTIVITY_LEVEL_ONLY|WEATHER_HUMID_CONTEXT|WEATHER_WIND_GUST_CONTEXT|WEATHER_HIGH_UV_CONTEXT,BEHAVIOR_RELATIVE_HIGH_HR_RESPONSE|BEHAVIOR_LOW_SPEED_RESPONSE,NONE,ROUTE_LOAD_HIGH_CONTEXT|ROUTE_LOAD_VERY_HIGH_CONTEXT|VERTICAL_RANGE_HIGH|SLOPE_HIGH|IB2_EFFORT_HIGH|STEPS_SURFACE_HIGH|SLOPE_LOAD_FALLBACK_VERTICAL_RANGE|IB2_WEATHER_SENSITIVE_ROUTE_EXPOSURE_CONTEXT|WEATHER_ACTIVITY_LEVEL_ONLY|WEATHER_HUMID_CONTEXT|WEATHER_WIND_GUST_CONTEXT|WEATHER_HIGH_UV_CONTEXT|BEHAVIOR_RELATIVE_HIGH_HR_RESPONSE|BEHAVIOR_LOW_SPEED_RESPONSE|ROUTE_PHASE_UNKNOWN|OSM_PROXIMITY_NOT_USAGE|IB2_NAVIGATION_CONTEXT|GUIDEPOST_PROXIMITY_CONTEXT,VERY_HIGH_ROUTE_LOAD_CONTEXT|ROUTE_LOAD_BEHAVIOR_CANDIDATE|IB2_OR_WEATHER_CONTEXT_PRESENT,"Descriptive planning context evidence only. This is not ability scoring, not route suitability scoring, not THCI/radar scoring, and not a final hiking risk assessment. Weather is activity-level context unless an explicit safe route-window source is used. OSM proximity is not proof of facility use. IB3D/event annotations are not causality evidence."
33_1,2250,2300,1,REVIEW_FOR_CONSERVATIVE_PLANNING,43.333,MODERATE_ROUTE_LOAD_CONTEXT,IB2_EFFORT_HIGH|SLOPE_LOAD_FALLBACK_VERTICAL_RANGE,WEATHER_ACTIVITY_LEVEL_ONLY|WEATHER_HUMID_CONTEXT|WEATHER_WIND_GUST_CONTEXT|WEATHER_HIGH_UV_CONTEXT,NONE,NONE,IB2_EFFORT_HIGH|SLOPE_LOAD_FALLBACK_VERTICAL_RANGE|IB2_NAVIGATION_CONTEXT|IB2_WEATHER_SENSITIVE_ROUTE_EXPOSURE_CONTEXT|GUIDEPOST_PROXIMITY_CONTEXT|WEATHER_ACTIVITY_LEVEL_ONLY|WEATHER_HUMID_CONTEXT|WEATHER_WIND_GUST_CONTEXT|WEATHER_HIGH_UV_CONTEXT|ROUTE_PHASE_UNKNOWN|OSM_PROXIMITY_NOT_USAGE,HIGH_ROUTE_OR_IB2_CONTEXT,"Descriptive planning context evidence only. This is not ability scoring, not route suitability scoring, not THCI/radar scoring, and not a final hiking risk assessment. Weather is activity-level context unless an explicit safe route-window source is used. OSM proximity is not proof of facility use. IB3D/event annotations are not causality evidence."
33_1,2300,2350,1,TURNAROUND_CONDITION_REVIEW_RECOMMENDED,95.562,VERY_HIGH_ROUTE_LOAD_CONTEXT,ROUTE_LOAD_HIGH_CONTEXT|ROUTE_LOAD_VERY_HIGH_CONTEXT|VERTICAL_RANGE_HIGH|SLOPE_HIGH|IB2_EFFORT_HIGH|TERRAIN_HIGH|STEPS_SURFACE_HIGH|SLOPE_LOAD_FALLBACK_VERTICAL_RANGE,WEATHER_ACTIVITY_LEVEL_ONLY|WEATHER_HUMID_CONTEXT|WEATHER_WIND_GUST_CONTEXT|WEATHER_HIGH_UV_CONTEXT,BEHAVIOR_LOW_SPEED_RESPONSE,NONE,ROUTE_LOAD_HIGH_CONTEXT|ROUTE_LOAD_VERY_HIGH_CONTEXT|VERTICAL_RANGE_HIGH|SLOPE_HIGH|IB2_EFFORT_HIGH|TERRAIN_HIGH|STEPS_SURFACE_HIGH|SLOPE_LOAD_FALLBACK_VERTICAL_RANGE|IB2_WEATHER_SENSITIVE_ROUTE_EXPOSURE_CONTEXT|WEATHER_ACTIVITY_LEVEL_ONLY|WEATHER_HUMID_CONTEXT|WEATHER_WIND_GUST_CONTEXT|WEATHER_HIGH_UV_CONTEXT|BEHAVIOR_LOW_SPEED_RESPONSE|ROUTE_PHASE_UNKNOWN|OSM_PROXIMITY_NOT_USAGE,VERY_HIGH_ROUTE_LOAD_CONTEXT|ROUTE_LOAD_BEHAVIOR_CANDIDATE|IB2_OR_WEATHER_CONTEXT_PRESENT,"Descriptive planning context evidence only. This is not ability scoring, not route suitability scoring, not THCI/radar scoring, and not a final hiking risk assessment. Weather is activity-level context unless an explicit safe route-window source is used. OSM proximity is not proof of facility use. IB3D/event annotations are not causality evidence."
33_1,2350,2400,1,CONSERVATIVE_PLANNING_RECOMMENDED,73.223,HIGH_ROUTE_LOAD_CONTEXT,ROUTE_LOAD_HIGH_CONTEXT|IB2_EFFORT_HIGH|STEPS_SURFACE_HIGH|SLOPE_LOAD_FALLBACK_VERTICAL_RANGE,WEATHER_ACTIVITY_LEVEL_ONLY|WEATHER_HUMID_CONTEXT|WEATHER_WIND_GUST_CONTEXT|WEATHER_HIGH_UV_CONTEXT,BEHAVIOR_RELATIVE_HIGH_HR_RESPONSE|BEHAVIOR_LOW_SPEED_RESPONSE|BEHAVIOR_LOW_SPEED_RATIO_HIGH,NONE,ROUTE_LOAD_HIGH_CONTEXT|IB2_EFFORT_HIGH|STEPS_SURFACE_HIGH|SLOPE_LOAD_FALLBACK_VERTICAL_RANGE|IB2_NAVIGATION_CONTEXT|IB2_WEATHER_SENSITIVE_ROUTE_EXPOSURE_CONTEXT|GUIDEPOST_PROXIMITY_CONTEXT|WEATHER_ACTIVITY_LEVEL_ONLY|WEATHER_HUMID_CONTEXT|WEATHER_WIND_GUST_CONTEXT|WEATHER_HIGH_UV_CONTEXT|BEHAVIOR_RELATIVE_HIGH_HR_RESPONSE|BEHAVIOR_LOW_SPEED_RESPONSE|BEHAVIOR_LOW_SPEED_RATIO_HIGH|ROUTE_PHASE_UNKNOWN|OSM_PROXIMITY_NOT_USAGE,ROUTE_LOAD_BEHAVIOR_CANDIDATE|IB2_OR_WEATHER_CONTEXT_PRESENT,"Descriptive planning context evidence only. This is not ability scoring, not route suitability scoring, not THCI/radar scoring, and not a final hiking risk assessment. Weather is activity-level context unless an explicit safe route-window source is used. OSM proximity is not proof of facility use. IB3D/event annotations are not causality evidence."
33_1,2400,2500,2,REVIEW_FOR_CONSERVATIVE_PLANNING,48.674,LOWER_ROUTE_LOAD_CONTEXT,IB2_EFFORT_HIGH,WEATHER_ACTIVITY_LEVEL_ONLY|WEATHER_HUMID_CONTEXT|WEATHER_WIND_GUST_CONTEXT|WEATHER_HIGH_UV_CONTEXT,BEHAVIOR_RELATIVE_HIGH_HR_RESPONSE,NONE,IB2_EFFORT_HIGH|IB2_NAVIGATION_CONTEXT|IB2_WEATHER_SENSITIVE_ROUTE_EXPOSURE_CONTEXT|GUIDEPOST_PROXIMITY_CONTEXT|WEATHER_ACTIVITY_LEVEL_ONLY|WEATHER_HUMID_CONTEXT|WEATHER_WIND_GUST_CONTEXT|WEATHER_HIGH_UV_CONTEXT|ROUTE_PHASE_UNKNOWN|OSM_PROXIMITY_NOT_USAGE|BEHAVIOR_RELATIVE_HIGH_HR_RESPONSE,HIGH_ROUTE_OR_IB2_CONTEXT,"Descriptive planning context evidence only. This is not ability scoring, not route suitability scoring, not THCI/radar scoring, and not a final hiking risk assessment. Weather is activity-level context unless an explicit safe route-window source is used. OSM proximity is not proof of facility use. IB3D/event annotations are not causality evidence."
33_1,2500,2550,1,CONSERVATIVE_PLANNING_RECOMMENDED,61.254,HIGH_ROUTE_LOAD_CONTEXT,ROUTE_LOAD_HIGH_CONTEXT|IB2_EFFORT_HIGH|TERRAIN_HIGH|STEPS_SURFACE_HIGH|SLOPE_LOAD_FALLBACK_VERTICAL_RANGE,WEATHER_ACTIVITY_LEVEL_ONLY|WEATHER_HUMID_CONTEXT|WEATHER_WIND_GUST_CONTEXT|WEATHER_HIGH_UV_CONTEXT,BEHAVIOR_RELATIVE_HIGH_HR_RESPONSE,NONE,ROUTE_LOAD_HIGH_CONTEXT|IB2_EFFORT_HIGH|TERRAIN_HIGH|STEPS_SURFACE_HIGH|SLOPE_LOAD_FALLBACK_VERTICAL_RANGE|IB2_WEATHER_SENSITIVE_ROUTE_EXPOSURE_CONTEXT|WEATHER_ACTIVITY_LEVEL_ONLY|WEATHER_HUMID_CONTEXT|WEATHER_WIND_GUST_CONTEXT|WEATHER_HIGH_UV_CONTEXT|BEHAVIOR_RELATIVE_HIGH_HR_RESPONSE|ROUTE_PHASE_UNKNOWN|OSM_PROXIMITY_NOT_USAGE,ROUTE_LOAD_BEHAVIOR_CANDIDATE|IB2_OR_WEATHER_CONTEXT_PRESENT,"Descriptive planning context evidence only. This is not ability scoring, not route suitability scoring, not THCI/radar scoring, and not a final hiking risk assessment. Weather is activity-level context unless an explicit safe route-window source is used. OSM proximity is not proof of facility use. IB3D/event annotations are not causality evidence."
33_1,2550,2850,6,TURNAROUND_CONDITION_REVIEW_RECOMMENDED,100.0,VERY_HIGH_ROUTE_LOAD_CONTEXT,ROUTE_LOAD_HIGH_CONTEXT|ROUTE_LOAD_VERY_HIGH_CONTEXT|VERTICAL_RANGE_HIGH|SLOPE_HIGH|IB2_EFFORT_HIGH|TERRAIN_HIGH|STEPS_SURFACE_HIGH|SLOPE_LOAD_FALLBACK_VERTICAL_RANGE,WEATHER_ACTIVITY_LEVEL_ONLY|WEATHER_HUMID_CONTEXT|WEATHER_WIND_GUST_CONTEXT|WEATHER_HIGH_UV_CONTEXT,BEHAVIOR_LOW_SPEED_RESPONSE|BEHAVIOR_LOW_SPEED_RATIO_HIGH|BEHAVIOR_RELATIVE_HIGH_HR_RESPONSE,NONE,ROUTE_LOAD_HIGH_CONTEXT|ROUTE_LOAD_VERY_HIGH_CONTEXT|VERTICAL_RANGE_HIGH|SLOPE_HIGH|IB2_EFFORT_HIGH|TERRAIN_HIGH|STEPS_SURFACE_HIGH|IB2_WEATHER_SENSITIVE_ROUTE_EXPOSURE_CONTEXT|WEATHER_ACTIVITY_LEVEL_ONLY|WEATHER_HUMID_CONTEXT|WEATHER_WIND_GUST_CONTEXT|WEATHER_HIGH_UV_CONTEXT|BEHAVIOR_LOW_SPEED_RESPONSE|BEHAVIOR_LOW_SPEED_RATIO_HIGH|ROUTE_PHASE_UNKNOWN|OSM_PROXIMITY_NOT_USAGE|BEHAVIOR_RELATIVE_HIGH_HR_RESPONSE|SLOPE_LOAD_FALLBACK_VERTICAL_RANGE,VERY_HIGH_ROUTE_LOAD_CONTEXT|ROUTE_LOAD_BEHAVIOR_CANDIDATE|IB2_OR_WEATHER_CONTEXT_PRESENT,"Descriptive planning context evidence only. This is not ability scoring, not route suitability scoring, not THCI/radar scoring, and not a final hiking risk assessment. Weather is activity-level context unless an explicit safe route-window source is used. OSM proximity is not proof of facility use. IB3D/event annotations are not causality evidence."
33_1,2850,2900,1,REVIEW_FOR_CONSERVATIVE_PLANNING,34.746,LOWER_ROUTE_LOAD_CONTEXT,SLOPE_LOAD_FALLBACK_VERTICAL_RANGE,WEATHER_ACTIVITY_LEVEL_ONLY|WEATHER_HUMID_CONTEXT|WEATHER_WIND_GUST_CONTEXT|WEATHER_HIGH_UV_CONTEXT,NONE,NONE,SLOPE_LOAD_FALLBACK_VERTICAL_RANGE|IB2_WEATHER_SENSITIVE_ROUTE_EXPOSURE_CONTEXT|WEATHER_ACTIVITY_LEVEL_ONLY|WEATHER_HUMID_CONTEXT|WEATHER_WIND_GUST_CONTEXT|WEATHER_HIGH_UV_CONTEXT|ROUTE_PHASE_UNKNOWN|OSM_PROXIMITY_NOT_USAGE,HIGH_ROUTE_OR_IB2_CONTEXT,"Descriptive planning context evidence only. This is not ability scoring, not route suitability scoring, not THCI/radar scoring, and not a final hiking risk assessment. Weather is activity-level context unless an explicit safe route-window source is used. OSM proximity is not proof of facility use. IB3D/event annotations are not causality evidence."
33_1,2900,3000,2,CONSERVATIVE_PLANNING_RECOMMENDED,73.934,HIGH_ROUTE_LOAD_CONTEXT,ROUTE_LOAD_HIGH_CONTEXT|IB2_EFFORT_HIGH|STEPS_SURFACE_HIGH|SLOPE_LOAD_FALLBACK_VERTICAL_RANGE,WEATHER_ACTIVITY_LEVEL_ONLY|WEATHER_HUMID_CONTEXT|WEATHER_WIND_GUST_CONTEXT|WEATHER_HIGH_UV_CONTEXT,BEHAVIOR_LOW_SPEED_RESPONSE,NONE,ROUTE_LOAD_HIGH_CONTEXT|IB2_EFFORT_HIGH|STEPS_SURFACE_HIGH|SLOPE_LOAD_FALLBACK_VERTICAL_RANGE|IB2_WEATHER_SENSITIVE_ROUTE_EXPOSURE_CONTEXT|WEATHER_ACTIVITY_LEVEL_ONLY|WEATHER_HUMID_CONTEXT|WEATHER_WIND_GUST_CONTEXT|WEATHER_HIGH_UV_CONTEXT|ROUTE_PHASE_UNKNOWN|OSM_PROXIMITY_NOT_USAGE|BEHAVIOR_LOW_SPEED_RESPONSE,IB2_OR_WEATHER_CONTEXT_PRESENT|ROUTE_LOAD_BEHAVIOR_CANDIDATE,"Descriptive planning context evidence only. This is not ability scoring, not route suitability scoring, not THCI/radar scoring, and not a final hiking risk assessment. Weather is activity-level context unless an explicit safe route-window source is used. OSM proximity is not proof of facility use. IB3D/event annotations are not causality evidence."
33_1,3000,3550,11,REVIEW_FOR_CONSERVATIVE_PLANNING,40.482,LOWER_ROUTE_LOAD_CONTEXT,SLOPE_LOAD_FALLBACK_VERTICAL_RANGE|SLOPE_HIGH,WEATHER_ACTIVITY_LEVEL_ONLY|WEATHER_HUMID_CONTEXT|WEATHER_WIND_GUST_CONTEXT|WEATHER_HIGH_UV_CONTEXT,NONE,NONE,SLOPE_LOAD_FALLBACK_VERTICAL_RANGE|IB2_WEATHER_SENSITIVE_ROUTE_EXPOSURE_CONTEXT|WEATHER_ACTIVITY_LEVEL_ONLY|WEATHER_HUMID_CONTEXT|WEATHER_WIND_GUST_CONTEXT|WEATHER_HIGH_UV_CONTEXT|ROUTE_PHASE_UNKNOWN|OSM_PROXIMITY_NOT_USAGE|IB2_SUPPORT_CONTEXT|IB2_NAVIGATION_CONTEXT|GUIDEPOST_PROXIMITY_CONTEXT|SHELTER_PROXIMITY_CONTEXT|SLOPE_HIGH,HIGH_ROUTE_OR_IB2_CONTEXT,"Descriptive planning context evidence only. This is not ability scoring, not route suitability scoring, not THCI/radar scoring, and not a final hiking risk assessment. Weather is activity-level context unless an explicit safe route-window source is used. OSM proximity is not proof of facility use. IB3D/event annotations are not causality evidence."
33_1,3600,3650,1,REVIEW_FOR_CONSERVATIVE_PLANNING,58.284,MODERATE_ROUTE_LOAD_CONTEXT,IB2_EFFORT_HIGH|STEPS_SURFACE_HIGH|SLOPE_LOAD_FALLBACK_VERTICAL_RANGE,WEATHER_ACTIVITY_LEVEL_ONLY|WEATHER_HUMID_CONTEXT|WEATHER_WIND_GUST_CONTEXT|WEATHER_HIGH_UV_CONTEXT,BEHAVIOR_RELATIVE_HIGH_HR_RESPONSE,NONE,IB2_EFFORT_HIGH|STEPS_SURFACE_HIGH|SLOPE_LOAD_FALLBACK_VERTICAL_RANGE|IB2_WEATHER_SENSITIVE_ROUTE_EXPOSURE_CONTEXT|SHELTER_PROXIMITY_CONTEXT|WEATHER_ACTIVITY_LEVEL_ONLY|WEATHER_HUMID_CONTEXT|WEATHER_WIND_GUST_CONTEXT|WEATHER_HIGH_UV_CONTEXT|BEHAVIOR_RELATIVE_HIGH_HR_RESPONSE|ROUTE_PHASE_UNKNOWN|OSM_PROXIMITY_NOT_USAGE,HIGH_ROUTE_OR_IB2_CONTEXT,"Descriptive planning context evidence only. This is not ability scoring, not route suitability scoring, not THCI/radar scoring, and not a final hiking risk assessment. Weather is activity-level context unless an explicit safe route-window source is used. OSM proximity is not proof of facility use. IB3D/event annotations are not causality evidence."
33_1,3650,3950,6,CONSERVATIVE_PLANNING_RECOMMENDED,89.38,HIGH_ROUTE_LOAD_CONTEXT,ROUTE_LOAD_HIGH_CONTEXT|IB2_EFFORT_HIGH|STEPS_SURFACE_HIGH|SLOPE_LOAD_FALLBACK_VERTICAL_RANGE|TERRAIN_HIGH|ROUTE_LOAD_VERY_HIGH_CONTEXT|VERTICAL_RANGE_HIGH|SLOPE_HIGH,WEATHER_ACTIVITY_LEVEL_ONLY|WEATHER_HUMID_CONTEXT|WEATHER_WIND_GUST_CONTEXT|WEATHER_HIGH_UV_CONTEXT,NONE,NONE,ROUTE_LOAD_HIGH_CONTEXT|IB2_EFFORT_HIGH|STEPS_SURFACE_HIGH|SLOPE_LOAD_FALLBACK_VERTICAL_RANGE|IB2_WEATHER_SENSITIVE_ROUTE_EXPOSURE_CONTEXT|WEATHER_ACTIVITY_LEVEL_ONLY|WEATHER_HUMID_CONTEXT|WEATHER_WIND_GUST_CONTEXT|WEATHER_HIGH_UV_CONTEXT|ROUTE_PHASE_UNKNOWN|OSM_PROXIMITY_NOT_USAGE|TERRAIN_HIGH|ROUTE_LOAD_VERY_HIGH_CONTEXT|VERTICAL_RANGE_HIGH|SLOPE_HIGH,IB2_OR_WEATHER_CONTEXT_PRESENT|VERY_HIGH_ROUTE_LOAD_CONTEXT,"Descriptive planning context evidence only. This is not ability scoring, not route suitability scoring, not THCI/radar scoring, and not a final hiking risk assessment. Weather is activity-level context unless an explicit safe route-window source is used. OSM proximity is not proof of facility use. IB3D/event annotations are not causality evidence."
33_1,3950,4000,1,TURNAROUND_CONDITION_REVIEW_RECOMMENDED,100.0,VERY_HIGH_ROUTE_LOAD_CONTEXT,ROUTE_LOAD_HIGH_CONTEXT|ROUTE_LOAD_VERY_HIGH_CONTEXT|VERTICAL_RANGE_HIGH|SLOPE_HIGH|IB2_EFFORT_HIGH|TERRAIN_HIGH|STEPS_SURFACE_HIGH|SLOPE_LOAD_FALLBACK_VERTICAL_RANGE,WEATHER_ACTIVITY_LEVEL_ONLY|WEATHER_HUMID_CONTEXT|WEATHER_WIND_GUST_CONTEXT|WEATHER_HIGH_UV_CONTEXT,BEHAVIOR_LOW_SPEED_RESPONSE,NONE,ROUTE_LOAD_HIGH_CONTEXT|ROUTE_LOAD_VERY_HIGH_CONTEXT|VERTICAL_RANGE_HIGH|SLOPE_HIGH|IB2_EFFORT_HIGH|TERRAIN_HIGH|STEPS_SURFACE_HIGH|SLOPE_LOAD_FALLBACK_VERTICAL_RANGE|IB2_WEATHER_SENSITIVE_ROUTE_EXPOSURE_CONTEXT|WATERWAY_PROXIMITY_CONTEXT|WEATHER_ACTIVITY_LEVEL_ONLY|WEATHER_HUMID_CONTEXT|WEATHER_WIND_GUST_CONTEXT|WEATHER_HIGH_UV_CONTEXT|BEHAVIOR_LOW_SPEED_RESPONSE|ROUTE_PHASE_UNKNOWN|OSM_PROXIMITY_NOT_USAGE,VERY_HIGH_ROUTE_LOAD_CONTEXT|ROUTE_LOAD_BEHAVIOR_CANDIDATE|IB2_OR_WEATHER_CONTEXT_PRESENT,"Descriptive planning context evidence only. This is not ability scoring, not route suitability scoring, not THCI/radar scoring, and not a final hiking risk assessment. Weather is activity-level context unless an explicit safe route-window source is used. OSM proximity is not proof of facility use. IB3D/event annotations are not causality evidence."
33_1,4000,4100,2,CONSERVATIVE_PLANNING_RECOMMENDED,89.67,HIGH_ROUTE_LOAD_CONTEXT,ROUTE_LOAD_HIGH_CONTEXT|ROUTE_LOAD_VERY_HIGH_CONTEXT|VERTICAL_RANGE_HIGH|SLOPE_HIGH|IB2_EFFORT_HIGH|TERRAIN_HIGH|STEPS_SURFACE_HIGH|SLOPE_LOAD_FALLBACK_VERTICAL_RANGE,WEATHER_ACTIVITY_LEVEL_ONLY|WEATHER_HUMID_CONTEXT|WEATHER_WIND_GUST_CONTEXT|WEATHER_HIGH_UV_CONTEXT,NONE,NONE,ROUTE_LOAD_HIGH_CONTEXT|ROUTE_LOAD_VERY_HIGH_CONTEXT|VERTICAL_RANGE_HIGH|SLOPE_HIGH|IB2_EFFORT_HIGH|TERRAIN_HIGH|STEPS_SURFACE_HIGH|SLOPE_LOAD_FALLBACK_VERTICAL_RANGE|IB2_WEATHER_SENSITIVE_ROUTE_EXPOSURE_CONTEXT|WATERWAY_PROXIMITY_CONTEXT|WEATHER_ACTIVITY_LEVEL_ONLY|WEATHER_HUMID_CONTEXT|WEATHER_WIND_GUST_CONTEXT|WEATHER_HIGH_UV_CONTEXT|ROUTE_PHASE_UNKNOWN|OSM_PROXIMITY_NOT_USAGE,VERY_HIGH_ROUTE_LOAD_CONTEXT|IB2_OR_WEATHER_CONTEXT_PRESENT,"Descriptive planning context evidence only. This is not ability scoring, not route suitability scoring, not THCI/radar scoring, and not a final hiking risk assessment. Weather is activity-level context unless an explicit safe route-window source is used. OSM proximity is not proof of facility use. IB3D/event annotations are not causality evidence."
33_1,4100,4200,2,REVIEW_FOR_CONSERVATIVE_PLANNING,57.778,LOWER_ROUTE_LOAD_CONTEXT,SLOPE_LOAD_FALLBACK_VERTICAL_RANGE|IB2_EFFORT_HIGH|STEPS_SURFACE_HIGH,WEATHER_ACTIVITY_LEVEL_ONLY|WEATHER_HUMID_CONTEXT|WEATHER_WIND_GUST_CONTEXT|WEATHER_HIGH_UV_CONTEXT,NONE,TERMINAL_ARTIFACT_REVIEW_ONLY,SLOPE_LOAD_FALLBACK_VERTICAL_RANGE|IB2_NAVIGATION_CONTEXT|IB2_WEATHER_SENSITIVE_ROUTE_EXPOSURE_CONTEXT|WATERWAY_PROXIMITY_CONTEXT|GUIDEPOST_PROXIMITY_CONTEXT|WEATHER_ACTIVITY_LEVEL_ONLY|WEATHER_HUMID_CONTEXT|WEATHER_WIND_GUST_CONTEXT|WEATHER_HIGH_UV_CONTEXT|ROUTE_PHASE_UNKNOWN|OSM_PROXIMITY_NOT_USAGE|IB2_EFFORT_HIGH|STEPS_SURFACE_HIGH,HIGH_ROUTE_OR_IB2_CONTEXT,"Descriptive planning context evidence only. This is not ability scoring, not route suitability scoring, not THCI/radar scoring, and not a final hiking risk assessment. Weather is activity-level context unless an explicit safe route-window source is used. OSM proximity is not proof of facility use. IB3D/event annotations are not causality evidence."
35_1,0,100,2,REVIEW_FOR_CONSERVATIVE_PLANNING,53.576,LOWER_ROUTE_LOAD_CONTEXT,IB2_EFFORT_HIGH|SLOPE_LOAD_FALLBACK_VERTICAL_RANGE,WEATHER_ACTIVITY_LEVEL_ONLY|WEATHER_HUMID_CONTEXT|WEATHER_WIND_GUST_CONTEXT|WEATHER_HIGH_UV_CONTEXT,NONE,NONE,IB2_NAVIGATION_CONTEXT|IB2_WEATHER_SENSITIVE_ROUTE_EXPOSURE_CONTEXT|WATERWAY_PROXIMITY_CONTEXT|GUIDEPOST_PROXIMITY_CONTEXT|WEATHER_ACTIVITY_LEVEL_ONLY|WEATHER_HUMID_CONTEXT|WEATHER_WIND_GUST_CONTEXT|WEATHER_HIGH_UV_CONTEXT|ROUTE_PHASE_UNKNOWN|OSM_PROXIMITY_NOT_USAGE|IB2_EFFORT_HIGH|SLOPE_LOAD_FALLBACK_VERTICAL_RANGE,HIGH_ROUTE_OR_IB2_CONTEXT,"Descriptive planning context evidence only. This is not ability scoring, not route suitability scoring, not THCI/radar scoring, and not a final hiking risk assessment. Weather is activity-level context unless an explicit safe route-window source is used. OSM proximity is not proof of facility use. IB3D/event annotations are not causality evidence."
35_1,100,150,1,CONSERVATIVE_PLANNING_RECOMMENDED,72.552,HIGH_ROUTE_LOAD_CONTEXT,ROUTE_LOAD_HIGH_CONTEXT|IB2_EFFORT_HIGH|STEPS_SURFACE_HIGH,WEATHER_ACTIVITY_LEVEL_ONLY|WEATHER_HUMID_CONTEXT|WEATHER_WIND_GUST_CONTEXT|WEATHER_HIGH_UV_CONTEXT,NONE,NONE,ROUTE_LOAD_HIGH_CONTEXT|IB2_EFFORT_HIGH|STEPS_SURFACE_HIGH|IB2_WEATHER_SENSITIVE_ROUTE_EXPOSURE_CONTEXT|WATERWAY_PROXIMITY_CONTEXT|WEATHER_ACTIVITY_LEVEL_ONLY|WEATHER_HUMID_CONTEXT|WEATHER_WIND_GUST_CONTEXT|WEATHER_HIGH_UV_CONTEXT|ROUTE_PHASE_UNKNOWN|OSM_PROXIMITY_NOT_USAGE,IB2_OR_WEATHER_CONTEXT_PRESENT,"Descriptive planning context evidence only. This is not ability scoring, not route suitability scoring, not THCI/radar scoring, and not a final hiking risk assessment. Weather is activity-level context unless an explicit safe route-window source is used. OSM proximity is not proof of facility use. IB3D/event annotations are not causality evidence."
35_1,150,250,2,TURNAROUND_CONDITION_REVIEW_RECOMMENDED,100.0,VERY_HIGH_ROUTE_LOAD_CONTEXT,ROUTE_LOAD_HIGH_CONTEXT|ROUTE_LOAD_VERY_HIGH_CONTEXT|VERTICAL_RANGE_HIGH|SLOPE_HIGH|IB2_EFFORT_HIGH|TERRAIN_HIGH|STEPS_SURFACE_HIGH|SLOPE_LOAD_FALLBACK_VERTICAL_RANGE,WEATHER_ACTIVITY_LEVEL_ONLY|WEATHER_HUMID_CONTEXT|WEATHER_WIND_GUST_CONTEXT|WEATHER_HIGH_UV_CONTEXT,BEHAVIOR_LOW_SPEED_RESPONSE|BEHAVIOR_RELATIVE_HIGH_HR_RESPONSE,NONE,ROUTE_LOAD_HIGH_CONTEXT|ROUTE_LOAD_VERY_HIGH_CONTEXT|VERTICAL_RANGE_HIGH|SLOPE_HIGH|IB2_EFFORT_HIGH|TERRAIN_HIGH|STEPS_SURFACE_HIGH|IB2_WEATHER_SENSITIVE_ROUTE_EXPOSURE_CONTEXT|WATERWAY_PROXIMITY_CONTEXT|WEATHER_ACTIVITY_LEVEL_ONLY|WEATHER_HUMID_CONTEXT|WEATHER_WIND_GUST_CONTEXT|WEATHER_HIGH_UV_CONTEXT|BEHAVIOR_LOW_SPEED_RESPONSE|ROUTE_PHASE_UNKNOWN|OSM_PROXIMITY_NOT_USAGE|SLOPE_LOAD_FALLBACK_VERTICAL_RANGE|BEHAVIOR_RELATIVE_HIGH_HR_RESPONSE,VERY_HIGH_ROUTE_LOAD_CONTEXT|ROUTE_LOAD_BEHAVIOR_CANDIDATE|IB2_OR_WEATHER_CONTEXT_PRESENT,"Descriptive planning context evidence only. This is not ability scoring, not route suitability scoring, not THCI/radar scoring, and not a final hiking risk assessment. Weather is activity-level context unless an explicit safe route-window source is used. OSM proximity is not proof of facility use. IB3D/event annotations are not causality evidence."
35_1,250,500,5,CONSERVATIVE_PLANNING_RECOMMENDED,89.72,HIGH_ROUTE_LOAD_CONTEXT,ROUTE_LOAD_HIGH_CONTEXT|ROUTE_LOAD_VERY_HIGH_CONTEXT|IB2_EFFORT_HIGH|TERRAIN_HIGH|STEPS_SURFACE_HIGH|SLOPE_LOAD_FALLBACK_VERTICAL_RANGE|VERTICAL_RANGE_HIGH|SLOPE_HIGH,WEATHER_ACTIVITY_LEVEL_ONLY|WEATHER_HUMID_CONTEXT|WEATHER_WIND_GUST_CONTEXT|WEATHER_HIGH_UV_CONTEXT,BEHAVIOR_RELATIVE_HIGH_HR_RESPONSE,NONE,ROUTE_LOAD_HIGH_CONTEXT|ROUTE_LOAD_VERY_HIGH_CONTEXT|IB2_EFFORT_HIGH|TERRAIN_HIGH|STEPS_SURFACE_HIGH|SLOPE_LOAD_FALLBACK_VERTICAL_RANGE|IB2_WEATHER_SENSITIVE_ROUTE_EXPOSURE_CONTEXT|WEATHER_ACTIVITY_LEVEL_ONLY|WEATHER_HUMID_CONTEXT|WEATHER_WIND_GUST_CONTEXT|WEATHER_HIGH_UV_CONTEXT|ROUTE_PHASE_UNKNOWN|OSM_PROXIMITY_NOT_USAGE|BEHAVIOR_RELATIVE_HIGH_HR_RESPONSE|VERTICAL_RANGE_HIGH|SLOPE_HIGH,VERY_HIGH_ROUTE_LOAD_CONTEXT|IB2_OR_WEATHER_CONTEXT_PRESENT|ROUTE_LOAD_BEHAVIOR_CANDIDATE,"Descriptive planning context evidence only. This is not ability scoring, not route suitability scoring, not THCI/radar scoring, and not a final hiking risk assessment. Weather is activity-level context unless an explicit safe route-window source is used. OSM proximity is not proof of facility use. IB3D/event annotations are not causality evidence."
35_1,500,550,1,TURNAROUND_CONDITION_REVIEW_RECOMMENDED,80.884,VERY_HIGH_ROUTE_LOAD_CONTEXT,ROUTE_LOAD_HIGH_CONTEXT|ROUTE_LOAD_VERY_HIGH_CONTEXT|IB2_EFFORT_HIGH|STEPS_SURFACE_HIGH|SLOPE_LOAD_FALLBACK_VERTICAL_RANGE,WEATHER_ACTIVITY_LEVEL_ONLY|WEATHER_HUMID_CONTEXT|WEATHER_WIND_GUST_CONTEXT|WEATHER_HIGH_UV_CONTEXT,BEHAVIOR_LOW_SPEED_RESPONSE,NONE,ROUTE_LOAD_HIGH_CONTEXT|ROUTE_LOAD_VERY_HIGH_CONTEXT|IB2_EFFORT_HIGH|STEPS_SURFACE_HIGH|SLOPE_LOAD_FALLBACK_VERTICAL_RANGE|IB2_WEATHER_SENSITIVE_ROUTE_EXPOSURE_CONTEXT|WEATHER_ACTIVITY_LEVEL_ONLY|WEATHER_HUMID_CONTEXT|WEATHER_WIND_GUST_CONTEXT|WEATHER_HIGH_UV_CONTEXT|BEHAVIOR_LOW_SPEED_RESPONSE|ROUTE_PHASE_UNKNOWN|OSM_PROXIMITY_NOT_USAGE,VERY_HIGH_ROUTE_LOAD_CONTEXT|ROUTE_LOAD_BEHAVIOR_CANDIDATE|IB2_OR_WEATHER_CONTEXT_PRESENT,"Descriptive planning context evidence only. This is not ability scoring, not route suitability scoring, not THCI/radar scoring, and not a final hiking risk assessment. Weather is activity-level context unless an explicit safe route-window source is used. OSM proximity is not proof of facility use. IB3D/event annotations are not causality evidence."
35_1,550,1200,13,REVIEW_FOR_CONSERVATIVE_PLANNING,48.639,LOWER_ROUTE_LOAD_CONTEXT,IB2_EFFORT_HIGH|STEPS_SURFACE_HIGH|SLOPE_LOAD_FALLBACK_VERTICAL_RANGE|SLOPE_HIGH,WEATHER_ACTIVITY_LEVEL_ONLY|WEATHER_HUMID_CONTEXT|WEATHER_WIND_GUST_CONTEXT|WEATHER_HIGH_UV_CONTEXT,BEHAVIOR_RELATIVE_HIGH_HR_RESPONSE|BEHAVIOR_LOW_SPEED_RESPONSE,NONE,IB2_EFFORT_HIGH|STEPS_SURFACE_HIGH|SLOPE_LOAD_FALLBACK_VERTICAL_RANGE|IB2_WEATHER_SENSITIVE_ROUTE_EXPOSURE_CONTEXT|SHELTER_PROXIMITY_CONTEXT|WEATHER_ACTIVITY_LEVEL_ONLY|WEATHER_HUMID_CONTEXT|WEATHER_WIND_GUST_CONTEXT|WEATHER_HIGH_UV_CONTEXT|BEHAVIOR_RELATIVE_HIGH_HR_RESPONSE|ROUTE_PHASE_UNKNOWN|OSM_PROXIMITY_NOT_USAGE|SLOPE_HIGH|IB2_NAVIGATION_CONTEXT|GUIDEPOST_PROXIMITY_CONTEXT|BEHAVIOR_LOW_SPEED_RESPONSE|IB2_SUPPORT_CONTEXT,HIGH_ROUTE_OR_IB2_CONTEXT,"Descriptive planning context evidence only. This is not ability scoring, not route suitability scoring, not THCI/radar scoring, and not a final hiking risk assessment. Weather is activity-level context unless an explicit safe route-window source is used. OSM proximity is not proof of facility use. IB3D/event annotations are not causality evidence."
35_1,1200,1350,3,CONSERVATIVE_PLANNING_RECOMMENDED,72.107,HIGH_ROUTE_LOAD_CONTEXT,ROUTE_LOAD_HIGH_CONTEXT|IB2_EFFORT_HIGH|STEPS_SURFACE_HIGH|SLOPE_LOAD_FALLBACK_VERTICAL_RANGE,WEATHER_ACTIVITY_LEVEL_ONLY|WEATHER_HUMID_CONTEXT|WEATHER_WIND_GUST_CONTEXT|WEATHER_HIGH_UV_CONTEXT,BEHAVIOR_RELATIVE_HIGH_HR_RESPONSE,NONE,ROUTE_LOAD_HIGH_CONTEXT|IB2_EFFORT_HIGH|STEPS_SURFACE_HIGH|SLOPE_LOAD_FALLBACK_VERTICAL_RANGE|IB2_WEATHER_SENSITIVE_ROUTE_EXPOSURE_CONTEXT|WEATHER_ACTIVITY_LEVEL_ONLY|WEATHER_HUMID_CONTEXT|WEATHER_WIND_GUST_CONTEXT|WEATHER_HIGH_UV_CONTEXT|ROUTE_PHASE_UNKNOWN|OSM_PROXIMITY_NOT_USAGE|BEHAVIOR_RELATIVE_HIGH_HR_RESPONSE,IB2_OR_WEATHER_CONTEXT_PRESENT|ROUTE_LOAD_BEHAVIOR_CANDIDATE,"Descriptive planning context evidence only. This is not ability scoring, not route suitability scoring, not THCI/radar scoring, and not a final hiking risk assessment. Weather is activity-level context unless an explicit safe route-window source is used. OSM proximity is not proof of facility use. IB3D/event annotations are not causality evidence."
35_1,1350,1650,6,TURNAROUND_CONDITION_REVIEW_RECOMMENDED,100.0,VERY_HIGH_ROUTE_LOAD_CONTEXT,ROUTE_LOAD_HIGH_CONTEXT|ROUTE_LOAD_VERY_HIGH_CONTEXT|VERTICAL_RANGE_HIGH|SLOPE_HIGH|IB2_EFFORT_HIGH|TERRAIN_HIGH|STEPS_SURFACE_HIGH|SLOPE_LOAD_FALLBACK_VERTICAL_RANGE,WEATHER_ACTIVITY_LEVEL_ONLY|WEATHER_HUMID_CONTEXT|WEATHER_WIND_GUST_CONTEXT|WEATHER_HIGH_UV_CONTEXT,BEHAVIOR_RELATIVE_HIGH_HR_RESPONSE|BEHAVIOR_LOW_SPEED_RESPONSE,NONE,ROUTE_LOAD_HIGH_CONTEXT|ROUTE_LOAD_VERY_HIGH_CONTEXT|VERTICAL_RANGE_HIGH|SLOPE_HIGH|IB2_EFFORT_HIGH|TERRAIN_HIGH|STEPS_SURFACE_HIGH|SLOPE_LOAD_FALLBACK_VERTICAL_RANGE|IB2_WEATHER_SENSITIVE_ROUTE_EXPOSURE_CONTEXT|WEATHER_ACTIVITY_LEVEL_ONLY|WEATHER_HUMID_CONTEXT|WEATHER_WIND_GUST_CONTEXT|WEATHER_HIGH_UV_CONTEXT|BEHAVIOR_RELATIVE_HIGH_HR_RESPONSE|BEHAVIOR_LOW_SPEED_RESPONSE|ROUTE_PHASE_UNKNOWN|OSM_PROXIMITY_NOT_USAGE,VERY_HIGH_ROUTE_LOAD_CONTEXT|ROUTE_LOAD_BEHAVIOR_CANDIDATE|IB2_OR_WEATHER_CONTEXT_PRESENT,"Descriptive planning context evidence only. This is not ability scoring, not route suitability scoring, not THCI/radar scoring, and not a final hiking risk assessment. Weather is activity-level context unless an explicit safe route-window source is used. OSM proximity is not proof of facility use. IB3D/event annotations are not causality evidence."
35_1,1650,1750,2,REVIEW_FOR_CONSERVATIVE_PLANNING,58.611,LOWER_ROUTE_LOAD_CONTEXT,IB2_EFFORT_HIGH|STEPS_SURFACE_HIGH|SLOPE_LOAD_FALLBACK_VERTICAL_RANGE,WEATHER_ACTIVITY_LEVEL_ONLY|WEATHER_HUMID_CONTEXT|WEATHER_WIND_GUST_CONTEXT|WEATHER_HIGH_UV_CONTEXT,BEHAVIOR_LOW_SPEED_RESPONSE,NONE,IB2_EFFORT_HIGH|STEPS_SURFACE_HIGH|IB2_WEATHER_SENSITIVE_ROUTE_EXPOSURE_CONTEXT|WEATHER_ACTIVITY_LEVEL_ONLY|WEATHER_HUMID_CONTEXT|WEATHER_WIND_GUST_CONTEXT|WEATHER_HIGH_UV_CONTEXT|ROUTE_PHASE_UNKNOWN|OSM_PROXIMITY_NOT_USAGE|SLOPE_LOAD_FALLBACK_VERTICAL_RANGE|BEHAVIOR_LOW_SPEED_RESPONSE,HIGH_ROUTE_OR_IB2_CONTEXT,"Descriptive planning context evidence only. This is not ability scoring, not route suitability scoring, not THCI/radar scoring, and not a final hiking risk assessment. Weather is activity-level context unless an explicit safe route-window source is used. OSM proximity is not proof of facility use. IB3D/event annotations are not causality evidence."
35_1,1750,1850,2,CONSERVATIVE_PLANNING_RECOMMENDED,76.555,HIGH_ROUTE_LOAD_CONTEXT,ROUTE_LOAD_HIGH_CONTEXT|IB2_EFFORT_HIGH|STEPS_SURFACE_HIGH|SLOPE_LOAD_FALLBACK_VERTICAL_RANGE,WEATHER_ACTIVITY_LEVEL_ONLY|WEATHER_HUMID_CONTEXT|WEATHER_WIND_GUST_CONTEXT|WEATHER_HIGH_UV_CONTEXT,BEHAVIOR_LOW_SPEED_RESPONSE,NONE,ROUTE_LOAD_HIGH_CONTEXT|IB2_EFFORT_HIGH|STEPS_SURFACE_HIGH|IB2_NAVIGATION_CONTEXT|IB2_WEATHER_SENSITIVE_ROUTE_EXPOSURE_CONTEXT|GUIDEPOST_PROXIMITY_CONTEXT|WEATHER_ACTIVITY_LEVEL_ONLY|WEATHER_HUMID_CONTEXT|WEATHER_WIND_GUST_CONTEXT|WEATHER_HIGH_UV_CONTEXT|BEHAVIOR_LOW_SPEED_RESPONSE|ROUTE_PHASE_UNKNOWN|OSM_PROXIMITY_NOT_USAGE|SLOPE_LOAD_FALLBACK_VERTICAL_RANGE,ROUTE_LOAD_BEHAVIOR_CANDIDATE|IB2_OR_WEATHER_CONTEXT_PRESENT,"Descriptive planning context evidence only. This is not ability scoring, not route suitability scoring, not THCI/radar scoring, and not a final hiking risk assessment. Weather is activity-level context unless an explicit safe route-window source is used. OSM proximity is not proof of facility use. IB3D/event annotations are not causality evidence."
35_1,1850,1900,1,TURNAROUND_CONDITION_REVIEW_RECOMMENDED,91.158,VERY_HIGH_ROUTE_LOAD_CONTEXT,ROUTE_LOAD_HIGH_CONTEXT|ROUTE_LOAD_VERY_HIGH_CONTEXT|VERTICAL_RANGE_HIGH|SLOPE_HIGH|IB2_EFFORT_HIGH|TERRAIN_HIGH|STEPS_SURFACE_HIGH|SLOPE_LOAD_FALLBACK_VERTICAL_RANGE,WEATHER_ACTIVITY_LEVEL_ONLY|WEATHER_HUMID_CONTEXT|WEATHER_WIND_GUST_CONTEXT|WEATHER_HIGH_UV_CONTEXT,BEHAVIOR_LOW_SPEED_RESPONSE,NONE,ROUTE_LOAD_HIGH_CONTEXT|ROUTE_LOAD_VERY_HIGH_CONTEXT|VERTICAL_RANGE_HIGH|SLOPE_HIGH|IB2_EFFORT_HIGH|TERRAIN_HIGH|STEPS_SURFACE_HIGH|SLOPE_LOAD_FALLBACK_VERTICAL_RANGE|IB2_WEATHER_SENSITIVE_ROUTE_EXPOSURE_CONTEXT|WEATHER_ACTIVITY_LEVEL_ONLY|WEATHER_HUMID_CONTEXT|WEATHER_WIND_GUST_CONTEXT|WEATHER_HIGH_UV_CONTEXT|BEHAVIOR_LOW_SPEED_RESPONSE|ROUTE_PHASE_UNKNOWN|OSM_PROXIMITY_NOT_USAGE,VERY_HIGH_ROUTE_LOAD_CONTEXT|ROUTE_LOAD_BEHAVIOR_CANDIDATE|IB2_OR_WEATHER_CONTEXT_PRESENT,"Descriptive planning context evidence only. This is not ability scoring, not route suitability scoring, not THCI/radar scoring, and not a final hiking risk assessment. Weather is activity-level context unless an explicit safe route-window source is used. OSM proximity is not proof of facility use. IB3D/event annotations are not causality evidence."
35_1,1900,1950,1,REVIEW_FOR_CONSERVATIVE_PLANNING,50.728,MODERATE_ROUTE_LOAD_CONTEXT,IB2_EFFORT_HIGH|STEPS_SURFACE_HIGH|SLOPE_LOAD_FALLBACK_VERTICAL_RANGE,WEATHER_ACTIVITY_LEVEL_ONLY|WEATHER_HUMID_CONTEXT|WEATHER_WIND_GUST_CONTEXT|WEATHER_HIGH_UV_CONTEXT,NONE,NONE,IB2_EFFORT_HIGH|STEPS_SURFACE_HIGH|SLOPE_LOAD_FALLBACK_VERTICAL_RANGE|IB2_NAVIGATION_CONTEXT|IB2_WEATHER_SENSITIVE_ROUTE_EXPOSURE_CONTEXT|GUIDEPOST_PROXIMITY_CONTEXT|WEATHER_ACTIVITY_LEVEL_ONLY|WEATHER_HUMID_CONTEXT|WEATHER_WIND_GUST_CONTEXT|WEATHER_HIGH_UV_CONTEXT|ROUTE_PHASE_UNKNOWN|OSM_PROXIMITY_NOT_USAGE,HIGH_ROUTE_OR_IB2_CONTEXT,"Descriptive planning context evidence only. This is not ability scoring, not route suitability scoring, not THCI/radar scoring, and not a final hiking risk assessment. Weather is activity-level context unless an explicit safe route-window source is used. OSM proximity is not proof of facility use. IB3D/event annotations are not causality evidence."
35_1,1950,2050,2,TURNAROUND_CONDITION_REVIEW_RECOMMENDED,86.262,VERY_HIGH_ROUTE_LOAD_CONTEXT,ROUTE_LOAD_HIGH_CONTEXT|ROUTE_LOAD_VERY_HIGH_CONTEXT|VERTICAL_RANGE_HIGH|SLOPE_HIGH|IB2_EFFORT_HIGH|STEPS_SURFACE_HIGH|SLOPE_LOAD_FALLBACK_VERTICAL_RANGE,WEATHER_ACTIVITY_LEVEL_ONLY|WEATHER_HUMID_CONTEXT|WEATHER_WIND_GUST_CONTEXT|WEATHER_HIGH_UV_CONTEXT,BEHAVIOR_LOW_SPEED_RESPONSE,NONE,ROUTE_LOAD_HIGH_CONTEXT|ROUTE_LOAD_VERY_HIGH_CONTEXT|VERTICAL_RANGE_HIGH|SLOPE_HIGH|IB2_EFFORT_HIGH|STEPS_SURFACE_HIGH|SLOPE_LOAD_FALLBACK_VERTICAL_RANGE|IB2_NAVIGATION_CONTEXT|IB2_WEATHER_SENSITIVE_ROUTE_EXPOSURE_CONTEXT|GUIDEPOST_PROXIMITY_CONTEXT|WEATHER_ACTIVITY_LEVEL_ONLY|WEATHER_HUMID_CONTEXT|WEATHER_WIND_GUST_CONTEXT|WEATHER_HIGH_UV_CONTEXT|BEHAVIOR_LOW_SPEED_RESPONSE|ROUTE_PHASE_UNKNOWN|OSM_PROXIMITY_NOT_USAGE,VERY_HIGH_ROUTE_LOAD_CONTEXT|ROUTE_LOAD_BEHAVIOR_CANDIDATE|IB2_OR_WEATHER_CONTEXT_PRESENT,"Descriptive planning context evidence only. This is not ability scoring, not route suitability scoring, not THCI/radar scoring, and not a final hiking risk assessment. Weather is activity-level context unless an explicit safe route-window source is used. OSM proximity is not proof of facility use. IB3D/event annotations are not causality evidence."
35_1,2050,2150,2,CONSERVATIVE_PLANNING_RECOMMENDED,66.019,HIGH_ROUTE_LOAD_CONTEXT,ROUTE_LOAD_HIGH_CONTEXT|IB2_EFFORT_HIGH|STEPS_SURFACE_HIGH,WEATHER_ACTIVITY_LEVEL_ONLY|WEATHER_HUMID_CONTEXT|WEATHER_WIND_GUST_CONTEXT|WEATHER_HIGH_UV_CONTEXT,BEHAVIOR_LOW_SPEED_RESPONSE|BEHAVIOR_RELATIVE_HIGH_HR_RESPONSE,EVENT_REVIEW_REQUIRED,ROUTE_LOAD_HIGH_CONTEXT|IB2_EFFORT_HIGH|STEPS_SURFACE_HIGH|IB2_NAVIGATION_CONTEXT|IB2_WEATHER_SENSITIVE_ROUTE_EXPOSURE_CONTEXT|GUIDEPOST_PROXIMITY_CONTEXT|WEATHER_ACTIVITY_LEVEL_ONLY|WEATHER_HUMID_CONTEXT|WEATHER_WIND_GUST_CONTEXT|WEATHER_HIGH_UV_CONTEXT|BEHAVIOR_LOW_SPEED_RESPONSE|ROUTE_PHASE_UNKNOWN|OSM_PROXIMITY_NOT_USAGE|BEHAVIOR_RELATIVE_HIGH_HR_RESPONSE,ROUTE_LOAD_BEHAVIOR_CANDIDATE|IB2_OR_WEATHER_CONTEXT_PRESENT,"Descriptive planning context evidence only. This is not ability scoring, not route suitability scoring, not THCI/radar scoring, and not a final hiking risk assessment. Weather is activity-level context unless an explicit safe route-window source is used. OSM proximity is not proof of facility use. IB3D/event annotations are not causality evidence."
35_1,2150,2250,2,TURNAROUND_CONDITION_REVIEW_RECOMMENDED,84.629,VERY_HIGH_ROUTE_LOAD_CONTEXT,ROUTE_LOAD_HIGH_CONTEXT|ROUTE_LOAD_VERY_HIGH_CONTEXT|VERTICAL_RANGE_HIGH|SLOPE_HIGH|IB2_EFFORT_HIGH|STEPS_SURFACE_HIGH|SLOPE_LOAD_FALLBACK_VERTICAL_RANGE,WEATHER_ACTIVITY_LEVEL_ONLY|WEATHER_HUMID_CONTEXT|WEATHER_WIND_GUST_CONTEXT|WEATHER_HIGH_UV_CONTEXT,BEHAVIOR_LOW_SPEED_RESPONSE,EVENT_REVIEW_REQUIRED,ROUTE_LOAD_HIGH_CONTEXT|ROUTE_LOAD_VERY_HIGH_CONTEXT|VERTICAL_RANGE_HIGH|SLOPE_HIGH|IB2_EFFORT_HIGH|STEPS_SURFACE_HIGH|SLOPE_LOAD_FALLBACK_VERTICAL_RANGE|IB2_WEATHER_SENSITIVE_ROUTE_EXPOSURE_CONTEXT|WEATHER_ACTIVITY_LEVEL_ONLY|WEATHER_HUMID_CONTEXT|WEATHER_WIND_GUST_CONTEXT|WEATHER_HIGH_UV_CONTEXT|BEHAVIOR_LOW_SPEED_RESPONSE|ROUTE_PHASE_UNKNOWN|OSM_PROXIMITY_NOT_USAGE|IB2_NAVIGATION_CONTEXT|GUIDEPOST_PROXIMITY_CONTEXT,VERY_HIGH_ROUTE_LOAD_CONTEXT|ROUTE_LOAD_BEHAVIOR_CANDIDATE|IB2_OR_WEATHER_CONTEXT_PRESENT,"Descriptive planning context evidence only. This is not ability scoring, not route suitability scoring, not THCI/radar scoring, and not a final hiking risk assessment. Weather is activity-level context unless an explicit safe route-window source is used. OSM proximity is not proof of facility use. IB3D/event annotations are not causality evidence."
35_1,2250,2300,1,REVIEW_FOR_CONSERVATIVE_PLANNING,50.692,MODERATE_ROUTE_LOAD_CONTEXT,IB2_EFFORT_HIGH|STEPS_SURFACE_HIGH,WEATHER_ACTIVITY_LEVEL_ONLY|WEATHER_HUMID_CONTEXT|WEATHER_WIND_GUST_CONTEXT|WEATHER_HIGH_UV_CONTEXT,NONE,EVENT_REVIEW_REQUIRED,IB2_EFFORT_HIGH|STEPS_SURFACE_HIGH|IB2_NAVIGATION_CONTEXT|IB2_WEATHER_SENSITIVE_ROUTE_EXPOSURE_CONTEXT|GUIDEPOST_PROXIMITY_CONTEXT|WEATHER_ACTIVITY_LEVEL_ONLY|WEATHER_HUMID_CONTEXT|WEATHER_WIND_GUST_CONTEXT|WEATHER_HIGH_UV_CONTEXT|ROUTE_PHASE_UNKNOWN|OSM_PROXIMITY_NOT_USAGE,HIGH_ROUTE_OR_IB2_CONTEXT,"Descriptive planning context evidence only. This is not ability scoring, not route suitability scoring, not THCI/radar scoring, and not a final hiking risk assessment. Weather is activity-level context unless an explicit safe route-window source is used. OSM proximity is not proof of facility use. IB3D/event annotations are not causality evidence."
35_1,2300,2350,1,TURNAROUND_CONDITION_REVIEW_RECOMMENDED,95.562,VERY_HIGH_ROUTE_LOAD_CONTEXT,ROUTE_LOAD_HIGH_CONTEXT|ROUTE_LOAD_VERY_HIGH_CONTEXT|VERTICAL_RANGE_HIGH|SLOPE_HIGH|IB2_EFFORT_HIGH|TERRAIN_HIGH|STEPS_SURFACE_HIGH|SLOPE_LOAD_FALLBACK_VERTICAL_RANGE,WEATHER_ACTIVITY_LEVEL_ONLY|WEATHER_HUMID_CONTEXT|WEATHER_WIND_GUST_CONTEXT|WEATHER_HIGH_UV_CONTEXT,BEHAVIOR_LOW_SPEED_RESPONSE,EVENT_REVIEW_REQUIRED,ROUTE_LOAD_HIGH_CONTEXT|ROUTE_LOAD_VERY_HIGH_CONTEXT|VERTICAL_RANGE_HIGH|SLOPE_HIGH|IB2_EFFORT_HIGH|TERRAIN_HIGH|STEPS_SURFACE_HIGH|SLOPE_LOAD_FALLBACK_VERTICAL_RANGE|IB2_WEATHER_SENSITIVE_ROUTE_EXPOSURE_CONTEXT|WEATHER_ACTIVITY_LEVEL_ONLY|WEATHER_HUMID_CONTEXT|WEATHER_WIND_GUST_CONTEXT|WEATHER_HIGH_UV_CONTEXT|BEHAVIOR_LOW_SPEED_RESPONSE|ROUTE_PHASE_UNKNOWN|OSM_PROXIMITY_NOT_USAGE,VERY_HIGH_ROUTE_LOAD_CONTEXT|ROUTE_LOAD_BEHAVIOR_CANDIDATE|IB2_OR_WEATHER_CONTEXT_PRESENT,"Descriptive planning context evidence only. This is not ability scoring, not route suitability scoring, not THCI/radar scoring, and not a final hiking risk assessment. Weather is activity-level context unless an explicit safe route-window source is used. OSM proximity is not proof of facility use. IB3D/event annotations are not causality evidence."
35_1,2350,2400,1,CONSERVATIVE_PLANNING_RECOMMENDED,72.835,HIGH_ROUTE_LOAD_CONTEXT,ROUTE_LOAD_HIGH_CONTEXT|IB2_EFFORT_HIGH,WEATHER_ACTIVITY_LEVEL_ONLY|WEATHER_HUMID_CONTEXT|WEATHER_WIND_GUST_CONTEXT|WEATHER_HIGH_UV_CONTEXT,BEHAVIOR_LOW_SPEED_RESPONSE,EVENT_REVIEW_REQUIRED,ROUTE_LOAD_HIGH_CONTEXT|IB2_EFFORT_HIGH|IB2_NAVIGATION_CONTEXT|IB2_WEATHER_SENSITIVE_ROUTE_EXPOSURE_CONTEXT|GUIDEPOST_PROXIMITY_CONTEXT|WEATHER_ACTIVITY_LEVEL_ONLY|WEATHER_HUMID_CONTEXT|WEATHER_WIND_GUST_CONTEXT|WEATHER_HIGH_UV_CONTEXT|BEHAVIOR_LOW_SPEED_RESPONSE|ROUTE_PHASE_UNKNOWN|OSM_PROXIMITY_NOT_USAGE,ROUTE_LOAD_BEHAVIOR_CANDIDATE|IB2_OR_WEATHER_CONTEXT_PRESENT,"Descriptive planning context evidence only. This is not ability scoring, not route suitability scoring, not THCI/radar scoring, and not a final hiking risk assessment. Weather is activity-level context unless an explicit safe route-window source is used. OSM proximity is not proof of facility use. IB3D/event annotations are not causality evidence."
35_1,2400,2500,2,REVIEW_FOR_CONSERVATIVE_PLANNING,52.338,MODERATE_ROUTE_LOAD_CONTEXT,IB2_EFFORT_HIGH|SLOPE_LOAD_FALLBACK_VERTICAL_RANGE,WEATHER_ACTIVITY_LEVEL_ONLY|WEATHER_HUMID_CONTEXT|WEATHER_WIND_GUST_CONTEXT|WEATHER_HIGH_UV_CONTEXT,BEHAVIOR_LOW_SPEED_RESPONSE,EVENT_REVIEW_REQUIRED,IB2_EFFORT_HIGH|SLOPE_LOAD_FALLBACK_VERTICAL_RANGE|IB2_NAVIGATION_CONTEXT|IB2_WEATHER_SENSITIVE_ROUTE_EXPOSURE_CONTEXT|GUIDEPOST_PROXIMITY_CONTEXT|WEATHER_ACTIVITY_LEVEL_ONLY|WEATHER_HUMID_CONTEXT|WEATHER_WIND_GUST_CONTEXT|WEATHER_HIGH_UV_CONTEXT|BEHAVIOR_LOW_SPEED_RESPONSE|ROUTE_PHASE_UNKNOWN|OSM_PROXIMITY_NOT_USAGE,HIGH_ROUTE_OR_IB2_CONTEXT,"Descriptive planning context evidence only. This is not ability scoring, not route suitability scoring, not THCI/radar scoring, and not a final hiking risk assessment. Weather is activity-level context unless an explicit safe route-window source is used. OSM proximity is not proof of facility use. IB3D/event annotations are not causality evidence."
35_1,2500,2550,1,CONSERVATIVE_PLANNING_RECOMMENDED,60.962,HIGH_ROUTE_LOAD_CONTEXT,ROUTE_LOAD_HIGH_CONTEXT|IB2_EFFORT_HIGH|TERRAIN_HIGH|STEPS_SURFACE_HIGH,WEATHER_ACTIVITY_LEVEL_ONLY|WEATHER_HUMID_CONTEXT|WEATHER_WIND_GUST_CONTEXT|WEATHER_HIGH_UV_CONTEXT,BEHAVIOR_RELATIVE_HIGH_HR_RESPONSE|BEHAVIOR_LOW_SPEED_RESPONSE,EVENT_REVIEW_REQUIRED,ROUTE_LOAD_HIGH_CONTEXT|IB2_EFFORT_HIGH|TERRAIN_HIGH|STEPS_SURFACE_HIGH|IB2_WEATHER_SENSITIVE_ROUTE_EXPOSURE_CONTEXT|WEATHER_ACTIVITY_LEVEL_ONLY|WEATHER_HUMID_CONTEXT|WEATHER_WIND_GUST_CONTEXT|WEATHER_HIGH_UV_CONTEXT|BEHAVIOR_RELATIVE_HIGH_HR_RESPONSE|BEHAVIOR_LOW_SPEED_RESPONSE|ROUTE_PHASE_UNKNOWN|OSM_PROXIMITY_NOT_USAGE,ROUTE_LOAD_BEHAVIOR_CANDIDATE|IB2_OR_WEATHER_CONTEXT_PRESENT,"Descriptive planning context evidence only. This is not ability scoring, not route suitability scoring, not THCI/radar scoring, and not a final hiking risk assessment. Weather is activity-level context unless an explicit safe route-window source is used. OSM proximity is not proof of facility use. IB3D/event annotations are not causality evidence."
35_1,2550,2850,6,TURNAROUND_CONDITION_REVIEW_RECOMMENDED,100.0,VERY_HIGH_ROUTE_LOAD_CONTEXT,ROUTE_LOAD_HIGH_CONTEXT|ROUTE_LOAD_VERY_HIGH_CONTEXT|VERTICAL_RANGE_HIGH|SLOPE_HIGH|IB2_EFFORT_HIGH|TERRAIN_HIGH|STEPS_SURFACE_HIGH|SLOPE_LOAD_FALLBACK_VERTICAL_RANGE,WEATHER_ACTIVITY_LEVEL_ONLY|WEATHER_HUMID_CONTEXT|WEATHER_WIND_GUST_CONTEXT|WEATHER_HIGH_UV_CONTEXT,BEHAVIOR_RELATIVE_HIGH_HR_RESPONSE|BEHAVIOR_LOW_SPEED_RESPONSE,EVENT_REVIEW_REQUIRED,ROUTE_LOAD_HIGH_CONTEXT|ROUTE_LOAD_VERY_HIGH_CONTEXT|VERTICAL_RANGE_HIGH|SLOPE_HIGH|IB2_EFFORT_HIGH|TERRAIN_HIGH|STEPS_SURFACE_HIGH|SLOPE_LOAD_FALLBACK_VERTICAL_RANGE|IB2_WEATHER_SENSITIVE_ROUTE_EXPOSURE_CONTEXT|WEATHER_ACTIVITY_LEVEL_ONLY|WEATHER_HUMID_CONTEXT|WEATHER_WIND_GUST_CONTEXT|WEATHER_HIGH_UV_CONTEXT|BEHAVIOR_RELATIVE_HIGH_HR_RESPONSE|BEHAVIOR_LOW_SPEED_RESPONSE|ROUTE_PHASE_UNKNOWN|OSM_PROXIMITY_NOT_USAGE,VERY_HIGH_ROUTE_LOAD_CONTEXT|ROUTE_LOAD_BEHAVIOR_CANDIDATE|IB2_OR_WEATHER_CONTEXT_PRESENT,"Descriptive planning context evidence only. This is not ability scoring, not route suitability scoring, not THCI/radar scoring, and not a final hiking risk assessment. Weather is activity-level context unless an explicit safe route-window source is used. OSM proximity is not proof of facility use. IB3D/event annotations are not causality evidence."
35_1,2850,2900,1,REVIEW_FOR_CONSERVATIVE_PLANNING,34.848,LOWER_ROUTE_LOAD_CONTEXT,SLOPE_LOAD_FALLBACK_VERTICAL_RANGE,WEATHER_ACTIVITY_LEVEL_ONLY|WEATHER_HUMID_CONTEXT|WEATHER_WIND_GUST_CONTEXT|WEATHER_HIGH_UV_CONTEXT,BEHAVIOR_RELATIVE_HIGH_HR_RESPONSE,EVENT_REVIEW_REQUIRED,SLOPE_LOAD_FALLBACK_VERTICAL_RANGE|IB2_WEATHER_SENSITIVE_ROUTE_EXPOSURE_CONTEXT|WEATHER_ACTIVITY_LEVEL_ONLY|WEATHER_HUMID_CONTEXT|WEATHER_WIND_GUST_CONTEXT|WEATHER_HIGH_UV_CONTEXT|BEHAVIOR_RELATIVE_HIGH_HR_RESPONSE|ROUTE_PHASE_UNKNOWN|OSM_PROXIMITY_NOT_USAGE,HIGH_ROUTE_OR_IB2_CONTEXT,"Descriptive planning context evidence only. This is not ability scoring, not route suitability scoring, not THCI/radar scoring, and not a final hiking risk assessment. Weather is activity-level context unless an explicit safe route-window source is used. OSM proximity is not proof of facility use. IB3D/event annotations are not causality evidence."
35_1,2900,3000,2,CONSERVATIVE_PLANNING_RECOMMENDED,73.579,HIGH_ROUTE_LOAD_CONTEXT,ROUTE_LOAD_HIGH_CONTEXT|IB2_EFFORT_HIGH|STEPS_SURFACE_HIGH|SLOPE_LOAD_FALLBACK_VERTICAL_RANGE,WEATHER_ACTIVITY_LEVEL_ONLY|WEATHER_HUMID_CONTEXT|WEATHER_WIND_GUST_CONTEXT|WEATHER_HIGH_UV_CONTEXT,BEHAVIOR_RELATIVE_HIGH_HR_RESPONSE,EVENT_REVIEW_REQUIRED,ROUTE_LOAD_HIGH_CONTEXT|IB2_EFFORT_HIGH|STEPS_SURFACE_HIGH|SLOPE_LOAD_FALLBACK_VERTICAL_RANGE|IB2_WEATHER_SENSITIVE_ROUTE_EXPOSURE_CONTEXT|WEATHER_ACTIVITY_LEVEL_ONLY|WEATHER_HUMID_CONTEXT|WEATHER_WIND_GUST_CONTEXT|WEATHER_HIGH_UV_CONTEXT|BEHAVIOR_RELATIVE_HIGH_HR_RESPONSE|ROUTE_PHASE_UNKNOWN|OSM_PROXIMITY_NOT_USAGE,ROUTE_LOAD_BEHAVIOR_CANDIDATE|IB2_OR_WEATHER_CONTEXT_PRESENT,"Descriptive planning context evidence only. This is not ability scoring, not route suitability scoring, not THCI/radar scoring, and not a final hiking risk assessment. Weather is activity-level context unless an explicit safe route-window source is used. OSM proximity is not proof of facility use. IB3D/event annotations are not causality evidence."
35_1,3000,3600,12,REVIEW_FOR_CONSERVATIVE_PLANNING,46.694,LOWER_ROUTE_LOAD_CONTEXT,SLOPE_LOAD_FALLBACK_VERTICAL_RANGE|SLOPE_HIGH,WEATHER_ACTIVITY_LEVEL_ONLY|WEATHER_HUMID_CONTEXT|WEATHER_WIND_GUST_CONTEXT|WEATHER_HIGH_UV_CONTEXT,NONE,EVENT_REVIEW_REQUIRED,IB2_WEATHER_SENSITIVE_ROUTE_EXPOSURE_CONTEXT|WEATHER_ACTIVITY_LEVEL_ONLY|WEATHER_HUMID_CONTEXT|WEATHER_WIND_GUST_CONTEXT|WEATHER_HIGH_UV_CONTEXT|ROUTE_PHASE_UNKNOWN|OSM_PROXIMITY_NOT_USAGE|SLOPE_LOAD_FALLBACK_VERTICAL_RANGE|SLOPE_HIGH|IB2_SUPPORT_CONTEXT|IB2_NAVIGATION_CONTEXT|GUIDEPOST_PROXIMITY_CONTEXT|SHELTER_PROXIMITY_CONTEXT,HIGH_ROUTE_OR_IB2_CONTEXT,"Descriptive planning context evidence only. This is not ability scoring, not route suitability scoring, not THCI/radar scoring, and not a final hiking risk assessment. Weather is activity-level context unless an explicit safe route-window source is used. OSM proximity is not proof of facility use. IB3D/event annotations are not causality evidence."
35_1,3600,3950,7,CONSERVATIVE_PLANNING_RECOMMENDED,89.38,HIGH_ROUTE_LOAD_CONTEXT,ROUTE_LOAD_HIGH_CONTEXT|IB2_EFFORT_HIGH|STEPS_SURFACE_HIGH|SLOPE_LOAD_FALLBACK_VERTICAL_RANGE|TERRAIN_HIGH|ROUTE_LOAD_VERY_HIGH_CONTEXT|VERTICAL_RANGE_HIGH|SLOPE_HIGH,WEATHER_ACTIVITY_LEVEL_ONLY|WEATHER_HUMID_CONTEXT|WEATHER_WIND_GUST_CONTEXT|WEATHER_HIGH_UV_CONTEXT,BEHAVIOR_RELATIVE_HIGH_HR_RESPONSE,EVENT_REVIEW_REQUIRED,ROUTE_LOAD_HIGH_CONTEXT|IB2_EFFORT_HIGH|STEPS_SURFACE_HIGH|SLOPE_LOAD_FALLBACK_VERTICAL_RANGE|IB2_WEATHER_SENSITIVE_ROUTE_EXPOSURE_CONTEXT|SHELTER_PROXIMITY_CONTEXT|WEATHER_ACTIVITY_LEVEL_ONLY|WEATHER_HUMID_CONTEXT|WEATHER_WIND_GUST_CONTEXT|WEATHER_HIGH_UV_CONTEXT|ROUTE_PHASE_UNKNOWN|OSM_PROXIMITY_NOT_USAGE|TERRAIN_HIGH|BEHAVIOR_RELATIVE_HIGH_HR_RESPONSE|ROUTE_LOAD_VERY_HIGH_CONTEXT|VERTICAL_RANGE_HIGH|SLOPE_HIGH,IB2_OR_WEATHER_CONTEXT_PRESENT|ROUTE_LOAD_BEHAVIOR_CANDIDATE|VERY_HIGH_ROUTE_LOAD_CONTEXT,"Descriptive planning context evidence only. This is not ability scoring, not route suitability scoring, not THCI/radar scoring, and not a final hiking risk assessment. Weather is activity-level context unless an explicit safe route-window source is used. OSM proximity is not proof of facility use. IB3D/event annotations are not causality evidence."
35_1,3950,4050,2,TURNAROUND_CONDITION_REVIEW_RECOMMENDED,100.0,VERY_HIGH_ROUTE_LOAD_CONTEXT,ROUTE_LOAD_HIGH_CONTEXT|ROUTE_LOAD_VERY_HIGH_CONTEXT|VERTICAL_RANGE_HIGH|SLOPE_HIGH|IB2_EFFORT_HIGH|TERRAIN_HIGH|STEPS_SURFACE_HIGH,WEATHER_ACTIVITY_LEVEL_ONLY|WEATHER_HUMID_CONTEXT|WEATHER_WIND_GUST_CONTEXT|WEATHER_HIGH_UV_CONTEXT,BEHAVIOR_RELATIVE_HIGH_HR_RESPONSE|BEHAVIOR_LOW_SPEED_RESPONSE,EVENT_REVIEW_REQUIRED,ROUTE_LOAD_HIGH_CONTEXT|ROUTE_LOAD_VERY_HIGH_CONTEXT|VERTICAL_RANGE_HIGH|SLOPE_HIGH|IB2_EFFORT_HIGH|TERRAIN_HIGH|STEPS_SURFACE_HIGH|IB2_WEATHER_SENSITIVE_ROUTE_EXPOSURE_CONTEXT|WATERWAY_PROXIMITY_CONTEXT|WEATHER_ACTIVITY_LEVEL_ONLY|WEATHER_HUMID_CONTEXT|WEATHER_WIND_GUST_CONTEXT|WEATHER_HIGH_UV_CONTEXT|BEHAVIOR_RELATIVE_HIGH_HR_RESPONSE|BEHAVIOR_LOW_SPEED_RESPONSE|ROUTE_PHASE_UNKNOWN|OSM_PROXIMITY_NOT_USAGE,VERY_HIGH_ROUTE_LOAD_CONTEXT|ROUTE_LOAD_BEHAVIOR_CANDIDATE|IB2_OR_WEATHER_CONTEXT_PRESENT,"Descriptive planning context evidence only. This is not ability scoring, not route suitability scoring, not THCI/radar scoring, and not a final hiking risk assessment. Weather is activity-level context unless an explicit safe route-window source is used. OSM proximity is not proof of facility use. IB3D/event annotations are not causality evidence."
35_1,4050,4100,1,CONSERVATIVE_PLANNING_RECOMMENDED,70.395,HIGH_ROUTE_LOAD_CONTEXT,ROUTE_LOAD_HIGH_CONTEXT|IB2_EFFORT_HIGH|STEPS_SURFACE_HIGH,WEATHER_ACTIVITY_LEVEL_ONLY|WEATHER_HUMID_CONTEXT|WEATHER_WIND_GUST_CONTEXT|WEATHER_HIGH_UV_CONTEXT,NONE,EVENT_REVIEW_REQUIRED,ROUTE_LOAD_HIGH_CONTEXT|IB2_EFFORT_HIGH|STEPS_SURFACE_HIGH|IB2_WEATHER_SENSITIVE_ROUTE_EXPOSURE_CONTEXT|WATERWAY_PROXIMITY_CONTEXT|WEATHER_ACTIVITY_LEVEL_ONLY|WEATHER_HUMID_CONTEXT|WEATHER_WIND_GUST_CONTEXT|WEATHER_HIGH_UV_CONTEXT|ROUTE_PHASE_UNKNOWN|OSM_PROXIMITY_NOT_USAGE,IB2_OR_WEATHER_CONTEXT_PRESENT,"Descriptive planning context evidence only. This is not ability scoring, not route suitability scoring, not THCI/radar scoring, and not a final hiking risk assessment. Weather is activity-level context unless an explicit safe route-window source is used. OSM proximity is not proof of facility use. IB3D/event annotations are not causality evidence."
35_1,4100,4200,2,REVIEW_FOR_CONSERVATIVE_PLANNING,58.127,LOWER_ROUTE_LOAD_CONTEXT,SLOPE_LOAD_FALLBACK_VERTICAL_RANGE|IB2_EFFORT_HIGH|STEPS_SURFACE_HIGH,WEATHER_ACTIVITY_LEVEL_ONLY|WEATHER_HUMID_CONTEXT|WEATHER_WIND_GUST_CONTEXT|WEATHER_HIGH_UV_CONTEXT,NONE,EVENT_REVIEW_REQUIRED,SLOPE_LOAD_FALLBACK_VERTICAL_RANGE|IB2_NAVIGATION_CONTEXT|IB2_WEATHER_SENSITIVE_ROUTE_EXPOSURE_CONTEXT|WATERWAY_PROXIMITY_CONTEXT|GUIDEPOST_PROXIMITY_CONTEXT|WEATHER_ACTIVITY_LEVEL_ONLY|WEATHER_HUMID_CONTEXT|WEATHER_WIND_GUST_CONTEXT|WEATHER_HIGH_UV_CONTEXT|ROUTE_PHASE_UNKNOWN|OSM_PROXIMITY_NOT_USAGE|IB2_EFFORT_HIGH|STEPS_SURFACE_HIGH,HIGH_ROUTE_OR_IB2_CONTEXT,"Descriptive planning context evidence only. This is not ability scoring, not route suitability scoring, not THCI/radar scoring, and not a final hiking risk assessment. Weather is activity-level context unless an explicit safe route-window source is used. OSM proximity is not proof of facility use. IB3D/event annotations are not causality evidence."
36_1,0,100,2,REVIEW_FOR_CONSERVATIVE_PLANNING,53.955,MODERATE_ROUTE_LOAD_CONTEXT,IB2_EFFORT_HIGH|SLOPE_LOAD_FALLBACK_VERTICAL_RANGE,WEATHER_ACTIVITY_LEVEL_ONLY|WEATHER_HUMID_CONTEXT|WEATHER_WIND_GUST_CONTEXT|WEATHER_HIGH_UV_CONTEXT,NONE,NONE,IB2_EFFORT_HIGH|IB2_NAVIGATION_CONTEXT|IB2_WEATHER_SENSITIVE_ROUTE_EXPOSURE_CONTEXT|WATERWAY_PROXIMITY_CONTEXT|GUIDEPOST_PROXIMITY_CONTEXT|WEATHER_ACTIVITY_LEVEL_ONLY|WEATHER_HUMID_CONTEXT|WEATHER_WIND_GUST_CONTEXT|WEATHER_HIGH_UV_CONTEXT|ROUTE_PHASE_UNKNOWN|OSM_PROXIMITY_NOT_USAGE|SLOPE_LOAD_FALLBACK_VERTICAL_RANGE,HIGH_ROUTE_OR_IB2_CONTEXT,"Descriptive planning context evidence only. This is not ability scoring, not route suitability scoring, not THCI/radar scoring, and not a final hiking risk assessment. Weather is activity-level context unless an explicit safe route-window source is used. OSM proximity is not proof of facility use. IB3D/event annotations are not causality evidence."
36_1,100,150,1,CONSERVATIVE_PLANNING_RECOMMENDED,70.63,HIGH_ROUTE_LOAD_CONTEXT,ROUTE_LOAD_HIGH_CONTEXT|IB2_EFFORT_HIGH|STEPS_SURFACE_HIGH,WEATHER_ACTIVITY_LEVEL_ONLY|WEATHER_HUMID_CONTEXT|WEATHER_WIND_GUST_CONTEXT|WEATHER_HIGH_UV_CONTEXT,BEHAVIOR_LOW_SPEED_RESPONSE,NONE,ROUTE_LOAD_HIGH_CONTEXT|IB2_EFFORT_HIGH|STEPS_SURFACE_HIGH|IB2_WEATHER_SENSITIVE_ROUTE_EXPOSURE_CONTEXT|WATERWAY_PROXIMITY_CONTEXT|WEATHER_ACTIVITY_LEVEL_ONLY|WEATHER_HUMID_CONTEXT|WEATHER_WIND_GUST_CONTEXT|WEATHER_HIGH_UV_CONTEXT|BEHAVIOR_LOW_SPEED_RESPONSE|ROUTE_PHASE_UNKNOWN|OSM_PROXIMITY_NOT_USAGE,ROUTE_LOAD_BEHAVIOR_CANDIDATE|IB2_OR_WEATHER_CONTEXT_PRESENT,"Descriptive planning context evidence only. This is not ability scoring, not route suitability scoring, not THCI/radar scoring, and not a final hiking risk assessment. Weather is activity-level context unless an explicit safe route-window source is used. OSM proximity is not proof of facility use. IB3D/event annotations are not causality evidence."
36_1,150,300,3,TURNAROUND_CONDITION_REVIEW_RECOMMENDED,100.0,VERY_HIGH_ROUTE_LOAD_CONTEXT,ROUTE_LOAD_HIGH_CONTEXT|ROUTE_LOAD_VERY_HIGH_CONTEXT|VERTICAL_RANGE_HIGH|SLOPE_HIGH|IB2_EFFORT_HIGH|TERRAIN_HIGH|STEPS_SURFACE_HIGH|SLOPE_LOAD_FALLBACK_VERTICAL_RANGE,WEATHER_ACTIVITY_LEVEL_ONLY|WEATHER_HUMID_CONTEXT|WEATHER_WIND_GUST_CONTEXT|WEATHER_HIGH_UV_CONTEXT,BEHAVIOR_LOW_SPEED_RESPONSE|BEHAVIOR_LOW_SPEED_RATIO_HIGH,NONE,ROUTE_LOAD_HIGH_CONTEXT|ROUTE_LOAD_VERY_HIGH_CONTEXT|VERTICAL_RANGE_HIGH|SLOPE_HIGH|IB2_EFFORT_HIGH|TERRAIN_HIGH|STEPS_SURFACE_HIGH|SLOPE_LOAD_FALLBACK_VERTICAL_RANGE|IB2_WEATHER_SENSITIVE_ROUTE_EXPOSURE_CONTEXT|WATERWAY_PROXIMITY_CONTEXT|WEATHER_ACTIVITY_LEVEL_ONLY|WEATHER_HUMID_CONTEXT|WEATHER_WIND_GUST_CONTEXT|WEATHER_HIGH_UV_CONTEXT|BEHAVIOR_LOW_SPEED_RESPONSE|BEHAVIOR_LOW_SPEED_RATIO_HIGH|ROUTE_PHASE_UNKNOWN|OSM_PROXIMITY_NOT_USAGE,VERY_HIGH_ROUTE_LOAD_CONTEXT|ROUTE_LOAD_BEHAVIOR_CANDIDATE|IB2_OR_WEATHER_CONTEXT_PRESENT,"Descriptive planning context evidence only. This is not ability scoring, not route suitability scoring, not THCI/radar scoring, and not a final hiking risk assessment. Weather is activity-level context unless an explicit safe route-window source is used. OSM proximity is not proof of facility use. IB3D/event annotations are not causality evidence."
36_1,300,350,1,CONSERVATIVE_PLANNING_RECOMMENDED,67.44,HIGH_ROUTE_LOAD_CONTEXT,ROUTE_LOAD_HIGH_CONTEXT|IB2_EFFORT_HIGH|TERRAIN_HIGH|STEPS_SURFACE_HIGH|SLOPE_LOAD_FALLBACK_VERTICAL_RANGE,WEATHER_ACTIVITY_LEVEL_ONLY|WEATHER_HUMID_CONTEXT|WEATHER_WIND_GUST_CONTEXT|WEATHER_HIGH_UV_CONTEXT,BEHAVIOR_LOW_SPEED_RESPONSE,NONE,ROUTE_LOAD_HIGH_CONTEXT|IB2_EFFORT_HIGH|TERRAIN_HIGH|STEPS_SURFACE_HIGH|SLOPE_LOAD_FALLBACK_VERTICAL_RANGE|IB2_WEATHER_SENSITIVE_ROUTE_EXPOSURE_CONTEXT|WEATHER_ACTIVITY_LEVEL_ONLY|WEATHER_HUMID_CONTEXT|WEATHER_WIND_GUST_CONTEXT|WEATHER_HIGH_UV_CONTEXT|BEHAVIOR_LOW_SPEED_RESPONSE|ROUTE_PHASE_UNKNOWN|OSM_PROXIMITY_NOT_USAGE,ROUTE_LOAD_BEHAVIOR_CANDIDATE|IB2_OR_WEATHER_CONTEXT_PRESENT,"Descriptive planning context evidence only. This is not ability scoring, not route suitability scoring, not THCI/radar scoring, and not a final hiking risk assessment. Weather is activity-level context unless an explicit safe route-window source is used. OSM proximity is not proof of facility use. IB3D/event annotations are not causality evidence."
36_1,350,400,1,TURNAROUND_CONDITION_REVIEW_RECOMMENDED,89.72,VERY_HIGH_ROUTE_LOAD_CONTEXT,ROUTE_LOAD_HIGH_CONTEXT|ROUTE_LOAD_VERY_HIGH_CONTEXT|VERTICAL_RANGE_HIGH|SLOPE_HIGH|IB2_EFFORT_HIGH|TERRAIN_HIGH|STEPS_SURFACE_HIGH|SLOPE_LOAD_FALLBACK_VERTICAL_RANGE,WEATHER_ACTIVITY_LEVEL_ONLY|WEATHER_HUMID_CONTEXT|WEATHER_WIND_GUST_CONTEXT|WEATHER_HIGH_UV_CONTEXT,BEHAVIOR_LOW_SPEED_RESPONSE,NONE,ROUTE_LOAD_HIGH_CONTEXT|ROUTE_LOAD_VERY_HIGH_CONTEXT|VERTICAL_RANGE_HIGH|SLOPE_HIGH|IB2_EFFORT_HIGH|TERRAIN_HIGH|STEPS_SURFACE_HIGH|SLOPE_LOAD_FALLBACK_VERTICAL_RANGE|IB2_WEATHER_SENSITIVE_ROUTE_EXPOSURE_CONTEXT|WEATHER_ACTIVITY_LEVEL_ONLY|WEATHER_HUMID_CONTEXT|WEATHER_WIND_GUST_CONTEXT|WEATHER_HIGH_UV_CONTEXT|BEHAVIOR_LOW_SPEED_RESPONSE|ROUTE_PHASE_UNKNOWN|OSM_PROXIMITY_NOT_USAGE,VERY_HIGH_ROUTE_LOAD_CONTEXT|ROUTE_LOAD_BEHAVIOR_CANDIDATE|IB2_OR_WEATHER_CONTEXT_PRESENT,"Descriptive planning context evidence only. This is not ability scoring, not route suitability scoring, not THCI/radar scoring, and not a final hiking risk assessment. Weather is activity-level context unless an explicit safe route-window source is used. OSM proximity is not proof of facility use. IB3D/event annotations are not causality evidence."
36_1,400,500,2,CONSERVATIVE_PLANNING_RECOMMENDED,79.928,HIGH_ROUTE_LOAD_CONTEXT,ROUTE_LOAD_HIGH_CONTEXT|IB2_EFFORT_HIGH|TERRAIN_HIGH|STEPS_SURFACE_HIGH|SLOPE_LOAD_FALLBACK_VERTICAL_RANGE,WEATHER_ACTIVITY_LEVEL_ONLY|WEATHER_HUMID_CONTEXT|WEATHER_WIND_GUST_CONTEXT|WEATHER_HIGH_UV_CONTEXT,BEHAVIOR_LOW_SPEED_RESPONSE,NONE,ROUTE_LOAD_HIGH_CONTEXT|IB2_EFFORT_HIGH|TERRAIN_HIGH|STEPS_SURFACE_HIGH|SLOPE_LOAD_FALLBACK_VERTICAL_RANGE|IB2_WEATHER_SENSITIVE_ROUTE_EXPOSURE_CONTEXT|WEATHER_ACTIVITY_LEVEL_ONLY|WEATHER_HUMID_CONTEXT|WEATHER_WIND_GUST_CONTEXT|WEATHER_HIGH_UV_CONTEXT|BEHAVIOR_LOW_SPEED_RESPONSE|ROUTE_PHASE_UNKNOWN|OSM_PROXIMITY_NOT_USAGE,ROUTE_LOAD_BEHAVIOR_CANDIDATE|IB2_OR_WEATHER_CONTEXT_PRESENT,"Descriptive planning context evidence only. This is not ability scoring, not route suitability scoring, not THCI/radar scoring, and not a final hiking risk assessment. Weather is activity-level context unless an explicit safe route-window source is used. OSM proximity is not proof of facility use. IB3D/event annotations are not causality evidence."
36_1,500,550,1,TURNAROUND_CONDITION_REVIEW_RECOMMENDED,81.359,VERY_HIGH_ROUTE_LOAD_CONTEXT,ROUTE_LOAD_HIGH_CONTEXT|ROUTE_LOAD_VERY_HIGH_CONTEXT|IB2_EFFORT_HIGH|STEPS_SURFACE_HIGH|SLOPE_LOAD_FALLBACK_VERTICAL_RANGE,WEATHER_ACTIVITY_LEVEL_ONLY|WEATHER_HUMID_CONTEXT|WEATHER_WIND_GUST_CONTEXT|WEATHER_HIGH_UV_CONTEXT,BEHAVIOR_LOW_SPEED_RESPONSE,NONE,ROUTE_LOAD_HIGH_CONTEXT|ROUTE_LOAD_VERY_HIGH_CONTEXT|IB2_EFFORT_HIGH|STEPS_SURFACE_HIGH|SLOPE_LOAD_FALLBACK_VERTICAL_RANGE|IB2_WEATHER_SENSITIVE_ROUTE_EXPOSURE_CONTEXT|WEATHER_ACTIVITY_LEVEL_ONLY|WEATHER_HUMID_CONTEXT|WEATHER_WIND_GUST_CONTEXT|WEATHER_HIGH_UV_CONTEXT|BEHAVIOR_LOW_SPEED_RESPONSE|ROUTE_PHASE_UNKNOWN|OSM_PROXIMITY_NOT_USAGE,VERY_HIGH_ROUTE_LOAD_CONTEXT|ROUTE_LOAD_BEHAVIOR_CANDIDATE|IB2_OR_WEATHER_CONTEXT_PRESENT,"Descriptive planning context evidence only. This is not ability scoring, not route suitability scoring, not THCI/radar scoring, and not a final hiking risk assessment. Weather is activity-level context unless an explicit safe route-window source is used. OSM proximity is not proof of facility use. IB3D/event annotations are not causality evidence."
36_1,550,650,2,REVIEW_FOR_CONSERVATIVE_PLANNING,48.592,LOWER_ROUTE_LOAD_CONTEXT,IB2_EFFORT_HIGH|STEPS_SURFACE_HIGH|SLOPE_LOAD_FALLBACK_VERTICAL_RANGE,WEATHER_ACTIVITY_LEVEL_ONLY|WEATHER_HUMID_CONTEXT|WEATHER_WIND_GUST_CONTEXT|WEATHER_HIGH_UV_CONTEXT,BEHAVIOR_RELATIVE_HIGH_HR_RESPONSE,NONE,IB2_EFFORT_HIGH|STEPS_SURFACE_HIGH|SLOPE_LOAD_FALLBACK_VERTICAL_RANGE|IB2_WEATHER_SENSITIVE_ROUTE_EXPOSURE_CONTEXT|SHELTER_PROXIMITY_CONTEXT|WEATHER_ACTIVITY_LEVEL_ONLY|WEATHER_HUMID_CONTEXT|WEATHER_WIND_GUST_CONTEXT|WEATHER_HIGH_UV_CONTEXT|BEHAVIOR_RELATIVE_HIGH_HR_RESPONSE|ROUTE_PHASE_UNKNOWN|OSM_PROXIMITY_NOT_USAGE|IB2_NAVIGATION_CONTEXT|GUIDEPOST_PROXIMITY_CONTEXT,HIGH_ROUTE_OR_IB2_CONTEXT,"Descriptive planning context evidence only. This is not ability scoring, not route suitability scoring, not THCI/radar scoring, and not a final hiking risk assessment. Weather is activity-level context unless an explicit safe route-window source is used. OSM proximity is not proof of facility use. IB3D/event annotations are not causality evidence."
36_1,700,750,1,REVIEW_FOR_CONSERVATIVE_PLANNING,6.429,LOWER_ROUTE_LOAD_CONTEXT,SLOPE_LOAD_FALLBACK_VERTICAL_RANGE,WEATHER_ACTIVITY_LEVEL_ONLY|WEATHER_HUMID_CONTEXT|WEATHER_WIND_GUST_CONTEXT|WEATHER_HIGH_UV_CONTEXT,BEHAVIOR_RELATIVE_HIGH_HR_RESPONSE,NONE,SLOPE_LOAD_FALLBACK_VERTICAL_RANGE|IB2_WEATHER_SENSITIVE_ROUTE_EXPOSURE_CONTEXT|SHELTER_PROXIMITY_CONTEXT|WEATHER_ACTIVITY_LEVEL_ONLY|WEATHER_HUMID_CONTEXT|WEATHER_WIND_GUST_CONTEXT|WEATHER_HIGH_UV_CONTEXT|BEHAVIOR_RELATIVE_HIGH_HR_RESPONSE|ROUTE_PHASE_UNKNOWN|OSM_PROXIMITY_NOT_USAGE,HIGH_ROUTE_OR_IB2_CONTEXT,"Descriptive planning context evidence only. This is not ability scoring, not route suitability scoring, not THCI/radar scoring, and not a final hiking risk assessment. Weather is activity-level context unless an explicit safe route-window source is used. OSM proximity is not proof of facility use. IB3D/event annotations are not causality evidence."
36_1,800,1200,8,REVIEW_FOR_CONSERVATIVE_PLANNING,39.824,LOWER_ROUTE_LOAD_CONTEXT,SLOPE_LOAD_FALLBACK_VERTICAL_RANGE,WEATHER_ACTIVITY_LEVEL_ONLY|WEATHER_HUMID_CONTEXT|WEATHER_WIND_GUST_CONTEXT|WEATHER_HIGH_UV_CONTEXT,NONE,NONE,SLOPE_LOAD_FALLBACK_VERTICAL_RANGE|IB2_NAVIGATION_CONTEXT|IB2_WEATHER_SENSITIVE_ROUTE_EXPOSURE_CONTEXT|GUIDEPOST_PROXIMITY_CONTEXT|WEATHER_ACTIVITY_LEVEL_ONLY|WEATHER_HUMID_CONTEXT|WEATHER_WIND_GUST_CONTEXT|WEATHER_HIGH_UV_CONTEXT|ROUTE_PHASE_UNKNOWN|OSM_PROXIMITY_NOT_USAGE|IB2_SUPPORT_CONTEXT,HIGH_ROUTE_OR_IB2_CONTEXT,"Descriptive planning context evidence only. This is not ability scoring, not route suitability scoring, not THCI/radar scoring, and not a final hiking risk assessment. Weather is activity-level context unless an explicit safe route-window source is used. OSM proximity is not proof of facility use. IB3D/event annotations are not causality evidence."
36_1,1200,1300,2,CONSERVATIVE_PLANNING_RECOMMENDED,72.107,HIGH_ROUTE_LOAD_CONTEXT,ROUTE_LOAD_HIGH_CONTEXT|IB2_EFFORT_HIGH|STEPS_SURFACE_HIGH|SLOPE_LOAD_FALLBACK_VERTICAL_RANGE,WEATHER_ACTIVITY_LEVEL_ONLY|WEATHER_HUMID_CONTEXT|WEATHER_WIND_GUST_CONTEXT|WEATHER_HIGH_UV_CONTEXT,BEHAVIOR_LOW_SPEED_RESPONSE,NONE,ROUTE_LOAD_HIGH_CONTEXT|IB2_EFFORT_HIGH|STEPS_SURFACE_HIGH|SLOPE_LOAD_FALLBACK_VERTICAL_RANGE|IB2_WEATHER_SENSITIVE_ROUTE_EXPOSURE_CONTEXT|WEATHER_ACTIVITY_LEVEL_ONLY|WEATHER_HUMID_CONTEXT|WEATHER_WIND_GUST_CONTEXT|WEATHER_HIGH_UV_CONTEXT|BEHAVIOR_LOW_SPEED_RESPONSE|ROUTE_PHASE_UNKNOWN|OSM_PROXIMITY_NOT_USAGE,ROUTE_LOAD_BEHAVIOR_CANDIDATE|IB2_OR_WEATHER_CONTEXT_PRESENT,"Descriptive planning context evidence only. This is not ability scoring, not route suitability scoring, not THCI/radar scoring, and not a final hiking risk assessment. Weather is activity-level context unless an explicit safe route-window source is used. OSM proximity is not proof of facility use. IB3D/event annotations are not causality evidence."
36_1,1300,1350,1,REVIEW_FOR_CONSERVATIVE_PLANNING,36.383,MODERATE_ROUTE_LOAD_CONTEXT,SLOPE_LOAD_FALLBACK_VERTICAL_RANGE,WEATHER_ACTIVITY_LEVEL_ONLY|WEATHER_HUMID_CONTEXT|WEATHER_WIND_GUST_CONTEXT|WEATHER_HIGH_UV_CONTEXT,NONE,NONE,SLOPE_LOAD_FALLBACK_VERTICAL_RANGE|IB2_WEATHER_SENSITIVE_ROUTE_EXPOSURE_CONTEXT|WEATHER_ACTIVITY_LEVEL_ONLY|WEATHER_HUMID_CONTEXT|WEATHER_WIND_GUST_CONTEXT|WEATHER_HIGH_UV_CONTEXT|ROUTE_PHASE_UNKNOWN|OSM_PROXIMITY_NOT_USAGE,HIGH_ROUTE_OR_IB2_CONTEXT,"Descriptive planning context evidence only. This is not ability scoring, not route suitability scoring, not THCI/radar scoring, and not a final hiking risk assessment. Weather is activity-level context unless an explicit safe route-window source is used. OSM proximity is not proof of facility use. IB3D/event annotations are not causality evidence."
36_1,1350,1650,6,TURNAROUND_CONDITION_REVIEW_RECOMMENDED,100.0,VERY_HIGH_ROUTE_LOAD_CONTEXT,ROUTE_LOAD_HIGH_CONTEXT|ROUTE_LOAD_VERY_HIGH_CONTEXT|VERTICAL_RANGE_HIGH|SLOPE_HIGH|IB2_EFFORT_HIGH|TERRAIN_HIGH|STEPS_SURFACE_HIGH|SLOPE_LOAD_FALLBACK_VERTICAL_RANGE,WEATHER_ACTIVITY_LEVEL_ONLY|WEATHER_HUMID_CONTEXT|WEATHER_WIND_GUST_CONTEXT|WEATHER_HIGH_UV_CONTEXT,BEHAVIOR_RELATIVE_HIGH_HR_RESPONSE|BEHAVIOR_LOW_SPEED_RESPONSE|BEHAVIOR_LOW_SPEED_RATIO_HIGH,NONE,ROUTE_LOAD_HIGH_CONTEXT|ROUTE_LOAD_VERY_HIGH_CONTEXT|VERTICAL_RANGE_HIGH|SLOPE_HIGH|IB2_EFFORT_HIGH|TERRAIN_HIGH|STEPS_SURFACE_HIGH|SLOPE_LOAD_FALLBACK_VERTICAL_RANGE|IB2_WEATHER_SENSITIVE_ROUTE_EXPOSURE_CONTEXT|WEATHER_ACTIVITY_LEVEL_ONLY|WEATHER_HUMID_CONTEXT|WEATHER_WIND_GUST_CONTEXT|WEATHER_HIGH_UV_CONTEXT|BEHAVIOR_RELATIVE_HIGH_HR_RESPONSE|BEHAVIOR_LOW_SPEED_RESPONSE|BEHAVIOR_LOW_SPEED_RATIO_HIGH|ROUTE_PHASE_UNKNOWN|OSM_PROXIMITY_NOT_USAGE,VERY_HIGH_ROUTE_LOAD_CONTEXT|ROUTE_LOAD_BEHAVIOR_CANDIDATE|IB2_OR_WEATHER_CONTEXT_PRESENT,"Descriptive planning context evidence only. This is not ability scoring, not route suitability scoring, not THCI/radar scoring, and not a final hiking risk assessment. Weather is activity-level context unless an explicit safe route-window source is used. OSM proximity is not proof of facility use. IB3D/event annotations are not causality evidence."
36_1,1650,1800,3,REVIEW_FOR_CONSERVATIVE_PLANNING,56.387,MODERATE_ROUTE_LOAD_CONTEXT,IB2_EFFORT_HIGH|STEPS_SURFACE_HIGH|SLOPE_LOAD_FALLBACK_VERTICAL_RANGE,WEATHER_ACTIVITY_LEVEL_ONLY|WEATHER_HUMID_CONTEXT|WEATHER_WIND_GUST_CONTEXT|WEATHER_HIGH_UV_CONTEXT,BEHAVIOR_RELATIVE_HIGH_HR_RESPONSE|BEHAVIOR_LOW_SPEED_RESPONSE,NONE,IB2_EFFORT_HIGH|STEPS_SURFACE_HIGH|SLOPE_LOAD_FALLBACK_VERTICAL_RANGE|IB2_WEATHER_SENSITIVE_ROUTE_EXPOSURE_CONTEXT|WEATHER_ACTIVITY_LEVEL_ONLY|WEATHER_HUMID_CONTEXT|WEATHER_WIND_GUST_CONTEXT|WEATHER_HIGH_UV_CONTEXT|BEHAVIOR_RELATIVE_HIGH_HR_RESPONSE|BEHAVIOR_LOW_SPEED_RESPONSE|ROUTE_PHASE_UNKNOWN|OSM_PROXIMITY_NOT_USAGE|IB2_NAVIGATION_CONTEXT|GUIDEPOST_PROXIMITY_CONTEXT,HIGH_ROUTE_OR_IB2_CONTEXT,"Descriptive planning context evidence only. This is not ability scoring, not route suitability scoring, not THCI/radar scoring, and not a final hiking risk assessment. Weather is activity-level context unless an explicit safe route-window source is used. OSM proximity is not proof of facility use. IB3D/event annotations are not causality evidence."
36_1,1800,1850,1,CONSERVATIVE_PLANNING_RECOMMENDED,76.799,HIGH_ROUTE_LOAD_CONTEXT,ROUTE_LOAD_HIGH_CONTEXT|IB2_EFFORT_HIGH,WEATHER_ACTIVITY_LEVEL_ONLY|WEATHER_HUMID_CONTEXT|WEATHER_WIND_GUST_CONTEXT|WEATHER_HIGH_UV_CONTEXT,BEHAVIOR_LOW_SPEED_RESPONSE|BEHAVIOR_LOW_SPEED_RATIO_HIGH|BEHAVIOR_STOP_RESPONSE,NONE,ROUTE_LOAD_HIGH_CONTEXT|IB2_EFFORT_HIGH|IB2_NAVIGATION_CONTEXT|IB2_WEATHER_SENSITIVE_ROUTE_EXPOSURE_CONTEXT|GUIDEPOST_PROXIMITY_CONTEXT|WEATHER_ACTIVITY_LEVEL_ONLY|WEATHER_HUMID_CONTEXT|WEATHER_WIND_GUST_CONTEXT|WEATHER_HIGH_UV_CONTEXT|BEHAVIOR_LOW_SPEED_RESPONSE|BEHAVIOR_LOW_SPEED_RATIO_HIGH|BEHAVIOR_STOP_RESPONSE|ROUTE_PHASE_UNKNOWN|OSM_PROXIMITY_NOT_USAGE,ROUTE_LOAD_BEHAVIOR_CANDIDATE|IB2_OR_WEATHER_CONTEXT_PRESENT,"Descriptive planning context evidence only. This is not ability scoring, not route suitability scoring, not THCI/radar scoring, and not a final hiking risk assessment. Weather is activity-level context unless an explicit safe route-window source is used. OSM proximity is not proof of facility use. IB3D/event annotations are not causality evidence."
36_1,1850,1900,1,TURNAROUND_CONDITION_REVIEW_RECOMMENDED,91.158,VERY_HIGH_ROUTE_LOAD_CONTEXT,ROUTE_LOAD_HIGH_CONTEXT|ROUTE_LOAD_VERY_HIGH_CONTEXT|VERTICAL_RANGE_HIGH|SLOPE_HIGH|IB2_EFFORT_HIGH|TERRAIN_HIGH|STEPS_SURFACE_HIGH|SLOPE_LOAD_FALLBACK_VERTICAL_RANGE,WEATHER_ACTIVITY_LEVEL_ONLY|WEATHER_HUMID_CONTEXT|WEATHER_WIND_GUST_CONTEXT|WEATHER_HIGH_UV_CONTEXT,BEHAVIOR_LOW_SPEED_RESPONSE|BEHAVIOR_LOW_SPEED_RATIO_HIGH,NONE,ROUTE_LOAD_HIGH_CONTEXT|ROUTE_LOAD_VERY_HIGH_CONTEXT|VERTICAL_RANGE_HIGH|SLOPE_HIGH|IB2_EFFORT_HIGH|TERRAIN_HIGH|STEPS_SURFACE_HIGH|SLOPE_LOAD_FALLBACK_VERTICAL_RANGE|IB2_WEATHER_SENSITIVE_ROUTE_EXPOSURE_CONTEXT|WEATHER_ACTIVITY_LEVEL_ONLY|WEATHER_HUMID_CONTEXT|WEATHER_WIND_GUST_CONTEXT|WEATHER_HIGH_UV_CONTEXT|BEHAVIOR_LOW_SPEED_RESPONSE|BEHAVIOR_LOW_SPEED_RATIO_HIGH|ROUTE_PHASE_UNKNOWN|OSM_PROXIMITY_NOT_USAGE,VERY_HIGH_ROUTE_LOAD_CONTEXT|ROUTE_LOAD_BEHAVIOR_CANDIDATE|IB2_OR_WEATHER_CONTEXT_PRESENT,"Descriptive planning context evidence only. This is not ability scoring, not route suitability scoring, not THCI/radar scoring, and not a final hiking risk assessment. Weather is activity-level context unless an explicit safe route-window source is used. OSM proximity is not proof of facility use. IB3D/event annotations are not causality evidence."
36_1,1900,1950,1,REVIEW_FOR_CONSERVATIVE_PLANNING,50.49,MODERATE_ROUTE_LOAD_CONTEXT,IB2_EFFORT_HIGH|STEPS_SURFACE_HIGH|SLOPE_LOAD_FALLBACK_VERTICAL_RANGE,WEATHER_ACTIVITY_LEVEL_ONLY|WEATHER_HUMID_CONTEXT|WEATHER_WIND_GUST_CONTEXT|WEATHER_HIGH_UV_CONTEXT,NONE,NONE,IB2_EFFORT_HIGH|STEPS_SURFACE_HIGH|SLOPE_LOAD_FALLBACK_VERTICAL_RANGE|IB2_NAVIGATION_CONTEXT|IB2_WEATHER_SENSITIVE_ROUTE_EXPOSURE_CONTEXT|GUIDEPOST_PROXIMITY_CONTEXT|WEATHER_ACTIVITY_LEVEL_ONLY|WEATHER_HUMID_CONTEXT|WEATHER_WIND_GUST_CONTEXT|WEATHER_HIGH_UV_CONTEXT|ROUTE_PHASE_UNKNOWN|OSM_PROXIMITY_NOT_USAGE,HIGH_ROUTE_OR_IB2_CONTEXT,"Descriptive planning context evidence only. This is not ability scoring, not route suitability scoring, not THCI/radar scoring, and not a final hiking risk assessment. Weather is activity-level context unless an explicit safe route-window source is used. OSM proximity is not proof of facility use. IB3D/event annotations are not causality evidence."
36_1,1950,2050,2,TURNAROUND_CONDITION_REVIEW_RECOMMENDED,86.262,VERY_HIGH_ROUTE_LOAD_CONTEXT,ROUTE_LOAD_HIGH_CONTEXT|ROUTE_LOAD_VERY_HIGH_CONTEXT|VERTICAL_RANGE_HIGH|SLOPE_HIGH|IB2_EFFORT_HIGH|STEPS_SURFACE_HIGH|SLOPE_LOAD_FALLBACK_VERTICAL_RANGE,WEATHER_ACTIVITY_LEVEL_ONLY|WEATHER_HUMID_CONTEXT|WEATHER_WIND_GUST_CONTEXT|WEATHER_HIGH_UV_CONTEXT,BEHAVIOR_LOW_SPEED_RESPONSE|BEHAVIOR_LOW_SPEED_RATIO_HIGH|BEHAVIOR_RELATIVE_HIGH_HR_RESPONSE,NONE,ROUTE_LOAD_HIGH_CONTEXT|ROUTE_LOAD_VERY_HIGH_CONTEXT|VERTICAL_RANGE_HIGH|SLOPE_HIGH|IB2_EFFORT_HIGH|STEPS_SURFACE_HIGH|SLOPE_LOAD_FALLBACK_VERTICAL_RANGE|IB2_NAVIGATION_CONTEXT|IB2_WEATHER_SENSITIVE_ROUTE_EXPOSURE_CONTEXT|GUIDEPOST_PROXIMITY_CONTEXT|WEATHER_ACTIVITY_LEVEL_ONLY|WEATHER_HUMID_CONTEXT|WEATHER_WIND_GUST_CONTEXT|WEATHER_HIGH_UV_CONTEXT|BEHAVIOR_LOW_SPEED_RESPONSE|BEHAVIOR_LOW_SPEED_RATIO_HIGH|ROUTE_PHASE_UNKNOWN|OSM_PROXIMITY_NOT_USAGE|BEHAVIOR_RELATIVE_HIGH_HR_RESPONSE,VERY_HIGH_ROUTE_LOAD_CONTEXT|ROUTE_LOAD_BEHAVIOR_CANDIDATE|IB2_OR_WEATHER_CONTEXT_PRESENT,"Descriptive planning context evidence only. This is not ability scoring, not route suitability scoring, not THCI/radar scoring, and not a final hiking risk assessment. Weather is activity-level context unless an explicit safe route-window source is used. OSM proximity is not proof of facility use. IB3D/event annotations are not causality evidence."
36_1,2050,2150,2,REVIEW_FOR_CONSERVATIVE_PLANNING,56.854,MODERATE_ROUTE_LOAD_CONTEXT,IB2_EFFORT_HIGH|STEPS_SURFACE_HIGH,WEATHER_ACTIVITY_LEVEL_ONLY|WEATHER_HUMID_CONTEXT|WEATHER_WIND_GUST_CONTEXT|WEATHER_HIGH_UV_CONTEXT,BEHAVIOR_LOW_SPEED_RESPONSE|BEHAVIOR_STOP_RESPONSE|BEHAVIOR_RELATIVE_HIGH_HR_RESPONSE|BEHAVIOR_LOW_SPEED_RATIO_HIGH,EVENT_HIGH_HR_RECOVERY_STOP|EVENT_REVIEW_REQUIRED,IB2_EFFORT_HIGH|STEPS_SURFACE_HIGH|IB2_NAVIGATION_CONTEXT|IB2_WEATHER_SENSITIVE_ROUTE_EXPOSURE_CONTEXT|GUIDEPOST_PROXIMITY_CONTEXT|WEATHER_ACTIVITY_LEVEL_ONLY|WEATHER_HUMID_CONTEXT|WEATHER_WIND_GUST_CONTEXT|WEATHER_HIGH_UV_CONTEXT|BEHAVIOR_LOW_SPEED_RESPONSE|BEHAVIOR_STOP_RESPONSE|ROUTE_PHASE_UNKNOWN|OSM_PROXIMITY_NOT_USAGE|BEHAVIOR_RELATIVE_HIGH_HR_RESPONSE|BEHAVIOR_LOW_SPEED_RATIO_HIGH,HIGH_ROUTE_OR_IB2_CONTEXT,"Descriptive planning context evidence only. This is not ability scoring, not route suitability scoring, not THCI/radar scoring, and not a final hiking risk assessment. Weather is activity-level context unless an explicit safe route-window source is used. OSM proximity is not proof of facility use. IB3D/event annotations are not causality evidence."
36_1,2150,2250,2,TURNAROUND_CONDITION_REVIEW_RECOMMENDED,84.629,VERY_HIGH_ROUTE_LOAD_CONTEXT,ROUTE_LOAD_HIGH_CONTEXT|ROUTE_LOAD_VERY_HIGH_CONTEXT|VERTICAL_RANGE_HIGH|SLOPE_HIGH|IB2_EFFORT_HIGH|STEPS_SURFACE_HIGH|SLOPE_LOAD_FALLBACK_VERTICAL_RANGE,WEATHER_ACTIVITY_LEVEL_ONLY|WEATHER_HUMID_CONTEXT|WEATHER_WIND_GUST_CONTEXT|WEATHER_HIGH_UV_CONTEXT,BEHAVIOR_RELATIVE_HIGH_HR_RESPONSE|BEHAVIOR_LOW_SPEED_RESPONSE,EVENT_REVIEW_REQUIRED,ROUTE_LOAD_HIGH_CONTEXT|ROUTE_LOAD_VERY_HIGH_CONTEXT|VERTICAL_RANGE_HIGH|SLOPE_HIGH|IB2_EFFORT_HIGH|STEPS_SURFACE_HIGH|SLOPE_LOAD_FALLBACK_VERTICAL_RANGE|IB2_WEATHER_SENSITIVE_ROUTE_EXPOSURE_CONTEXT|WEATHER_ACTIVITY_LEVEL_ONLY|WEATHER_HUMID_CONTEXT|WEATHER_WIND_GUST_CONTEXT|WEATHER_HIGH_UV_CONTEXT|BEHAVIOR_RELATIVE_HIGH_HR_RESPONSE|BEHAVIOR_LOW_SPEED_RESPONSE|ROUTE_PHASE_UNKNOWN|OSM_PROXIMITY_NOT_USAGE|IB2_NAVIGATION_CONTEXT|GUIDEPOST_PROXIMITY_CONTEXT,VERY_HIGH_ROUTE_LOAD_CONTEXT|ROUTE_LOAD_BEHAVIOR_CANDIDATE|IB2_OR_WEATHER_CONTEXT_PRESENT,"Descriptive planning context evidence only. This is not ability scoring, not route suitability scoring, not THCI/radar scoring, and not a final hiking risk assessment. Weather is activity-level context unless an explicit safe route-window source is used. OSM proximity is not proof of facility use. IB3D/event annotations are not causality evidence."
36_1,2250,2300,1,REVIEW_FOR_CONSERVATIVE_PLANNING,49.855,MODERATE_ROUTE_LOAD_CONTEXT,IB2_EFFORT_HIGH|STEPS_SURFACE_HIGH|SLOPE_LOAD_FALLBACK_VERTICAL_RANGE,WEATHER_ACTIVITY_LEVEL_ONLY|WEATHER_HUMID_CONTEXT|WEATHER_WIND_GUST_CONTEXT|WEATHER_HIGH_UV_CONTEXT,BEHAVIOR_LOW_SPEED_RESPONSE,EVENT_REVIEW_REQUIRED,IB2_EFFORT_HIGH|STEPS_SURFACE_HIGH|SLOPE_LOAD_FALLBACK_VERTICAL_RANGE|IB2_NAVIGATION_CONTEXT|IB2_WEATHER_SENSITIVE_ROUTE_EXPOSURE_CONTEXT|GUIDEPOST_PROXIMITY_CONTEXT|WEATHER_ACTIVITY_LEVEL_ONLY|WEATHER_HUMID_CONTEXT|WEATHER_WIND_GUST_CONTEXT|WEATHER_HIGH_UV_CONTEXT|BEHAVIOR_LOW_SPEED_RESPONSE|ROUTE_PHASE_UNKNOWN|OSM_PROXIMITY_NOT_USAGE,HIGH_ROUTE_OR_IB2_CONTEXT,"Descriptive planning context evidence only. This is not ability scoring, not route suitability scoring, not THCI/radar scoring, and not a final hiking risk assessment. Weather is activity-level context unless an explicit safe route-window source is used. OSM proximity is not proof of facility use. IB3D/event annotations are not causality evidence."
36_1,2300,2350,1,TURNAROUND_CONDITION_REVIEW_RECOMMENDED,95.562,VERY_HIGH_ROUTE_LOAD_CONTEXT,ROUTE_LOAD_HIGH_CONTEXT|ROUTE_LOAD_VERY_HIGH_CONTEXT|VERTICAL_RANGE_HIGH|SLOPE_HIGH|IB2_EFFORT_HIGH|TERRAIN_HIGH|STEPS_SURFACE_HIGH|SLOPE_LOAD_FALLBACK_VERTICAL_RANGE,WEATHER_ACTIVITY_LEVEL_ONLY|WEATHER_HUMID_CONTEXT|WEATHER_WIND_GUST_CONTEXT|WEATHER_HIGH_UV_CONTEXT,BEHAVIOR_LOW_SPEED_RESPONSE,EVENT_REVIEW_REQUIRED,ROUTE_LOAD_HIGH_CONTEXT|ROUTE_LOAD_VERY_HIGH_CONTEXT|VERTICAL_RANGE_HIGH|SLOPE_HIGH|IB2_EFFORT_HIGH|TERRAIN_HIGH|STEPS_SURFACE_HIGH|SLOPE_LOAD_FALLBACK_VERTICAL_RANGE|IB2_WEATHER_SENSITIVE_ROUTE_EXPOSURE_CONTEXT|WEATHER_ACTIVITY_LEVEL_ONLY|WEATHER_HUMID_CONTEXT|WEATHER_WIND_GUST_CONTEXT|WEATHER_HIGH_UV_CONTEXT|BEHAVIOR_LOW_SPEED_RESPONSE|ROUTE_PHASE_UNKNOWN|OSM_PROXIMITY_NOT_USAGE,VERY_HIGH_ROUTE_LOAD_CONTEXT|ROUTE_LOAD_BEHAVIOR_CANDIDATE|IB2_OR_WEATHER_CONTEXT_PRESENT,"Descriptive planning context evidence only. This is not ability scoring, not route suitability scoring, not THCI/radar scoring, and not a final hiking risk assessment. Weather is activity-level context unless an explicit safe route-window source is used. OSM proximity is not proof of facility use. IB3D/event annotations are not causality evidence."
36_1,2350,2400,1,CONSERVATIVE_PLANNING_RECOMMENDED,67.507,HIGH_ROUTE_LOAD_CONTEXT,ROUTE_LOAD_HIGH_CONTEXT|IB2_EFFORT_HIGH,WEATHER_ACTIVITY_LEVEL_ONLY|WEATHER_HUMID_CONTEXT|WEATHER_WIND_GUST_CONTEXT|WEATHER_HIGH_UV_CONTEXT,BEHAVIOR_LOW_SPEED_RESPONSE|BEHAVIOR_LOW_SPEED_RATIO_HIGH,EVENT_HIGH_HR_RECOVERY_STOP|EVENT_REVIEW_REQUIRED,ROUTE_LOAD_HIGH_CONTEXT|IB2_EFFORT_HIGH|IB2_NAVIGATION_CONTEXT|IB2_WEATHER_SENSITIVE_ROUTE_EXPOSURE_CONTEXT|GUIDEPOST_PROXIMITY_CONTEXT|WEATHER_ACTIVITY_LEVEL_ONLY|WEATHER_HUMID_CONTEXT|WEATHER_WIND_GUST_CONTEXT|WEATHER_HIGH_UV_CONTEXT|BEHAVIOR_LOW_SPEED_RESPONSE|BEHAVIOR_LOW_SPEED_RATIO_HIGH|ROUTE_PHASE_UNKNOWN|OSM_PROXIMITY_NOT_USAGE,ROUTE_LOAD_BEHAVIOR_CANDIDATE|IB2_OR_WEATHER_CONTEXT_PRESENT,"Descriptive planning context evidence only. This is not ability scoring, not route suitability scoring, not THCI/radar scoring, and not a final hiking risk assessment. Weather is activity-level context unless an explicit safe route-window source is used. OSM proximity is not proof of facility use. IB3D/event annotations are not causality evidence."
36_1,2400,2550,3,REVIEW_FOR_CONSERVATIVE_PLANNING,56.693,MODERATE_ROUTE_LOAD_CONTEXT,IB2_EFFORT_HIGH|SLOPE_LOAD_FALLBACK_VERTICAL_RANGE|TERRAIN_HIGH|STEPS_SURFACE_HIGH,WEATHER_ACTIVITY_LEVEL_ONLY|WEATHER_HUMID_CONTEXT|WEATHER_WIND_GUST_CONTEXT|WEATHER_HIGH_UV_CONTEXT,BEHAVIOR_LOW_SPEED_RESPONSE|BEHAVIOR_RELATIVE_HIGH_HR_RESPONSE,EVENT_REVIEW_REQUIRED,IB2_EFFORT_HIGH|SLOPE_LOAD_FALLBACK_VERTICAL_RANGE|IB2_NAVIGATION_CONTEXT|IB2_WEATHER_SENSITIVE_ROUTE_EXPOSURE_CONTEXT|GUIDEPOST_PROXIMITY_CONTEXT|WEATHER_ACTIVITY_LEVEL_ONLY|WEATHER_HUMID_CONTEXT|WEATHER_WIND_GUST_CONTEXT|WEATHER_HIGH_UV_CONTEXT|BEHAVIOR_LOW_SPEED_RESPONSE|ROUTE_PHASE_UNKNOWN|OSM_PROXIMITY_NOT_USAGE|TERRAIN_HIGH|STEPS_SURFACE_HIGH|BEHAVIOR_RELATIVE_HIGH_HR_RESPONSE,HIGH_ROUTE_OR_IB2_CONTEXT,"Descriptive planning context evidence only. This is not ability scoring, not route suitability scoring, not THCI/radar scoring, and not a final hiking risk assessment. Weather is activity-level context unless an explicit safe route-window source is used. OSM proximity is not proof of facility use. IB3D/event annotations are not causality evidence."
36_1,2550,2850,6,TURNAROUND_CONDITION_REVIEW_RECOMMENDED,100.0,VERY_HIGH_ROUTE_LOAD_CONTEXT,ROUTE_LOAD_HIGH_CONTEXT|ROUTE_LOAD_VERY_HIGH_CONTEXT|VERTICAL_RANGE_HIGH|SLOPE_HIGH|IB2_EFFORT_HIGH|TERRAIN_HIGH|STEPS_SURFACE_HIGH|SLOPE_LOAD_FALLBACK_VERTICAL_RANGE,WEATHER_ACTIVITY_LEVEL_ONLY|WEATHER_HUMID_CONTEXT|WEATHER_WIND_GUST_CONTEXT|WEATHER_HIGH_UV_CONTEXT,BEHAVIOR_RELATIVE_HIGH_HR_RESPONSE|BEHAVIOR_LOW_SPEED_RESPONSE|BEHAVIOR_LOW_SPEED_RATIO_HIGH|BEHAVIOR_STOP_RESPONSE,EVENT_REVIEW_REQUIRED|EVENT_HIGH_HR_RECOVERY_STOP,ROUTE_LOAD_HIGH_CONTEXT|ROUTE_LOAD_VERY_HIGH_CONTEXT|VERTICAL_RANGE_HIGH|SLOPE_HIGH|IB2_EFFORT_HIGH|TERRAIN_HIGH|STEPS_SURFACE_HIGH|IB2_WEATHER_SENSITIVE_ROUTE_EXPOSURE_CONTEXT|WEATHER_ACTIVITY_LEVEL_ONLY|WEATHER_HUMID_CONTEXT|WEATHER_WIND_GUST_CONTEXT|WEATHER_HIGH_UV_CONTEXT|BEHAVIOR_RELATIVE_HIGH_HR_RESPONSE|BEHAVIOR_LOW_SPEED_RESPONSE|BEHAVIOR_LOW_SPEED_RATIO_HIGH|ROUTE_PHASE_UNKNOWN|OSM_PROXIMITY_NOT_USAGE|SLOPE_LOAD_FALLBACK_VERTICAL_RANGE|BEHAVIOR_STOP_RESPONSE,VERY_HIGH_ROUTE_LOAD_CONTEXT|ROUTE_LOAD_BEHAVIOR_CANDIDATE|IB2_OR_WEATHER_CONTEXT_PRESENT,"Descriptive planning context evidence only. This is not ability scoring, not route suitability scoring, not THCI/radar scoring, and not a final hiking risk assessment. Weather is activity-level context unless an explicit safe route-window source is used. OSM proximity is not proof of facility use. IB3D/event annotations are not causality evidence."
36_1,2850,2900,1,REVIEW_FOR_CONSERVATIVE_PLANNING,34.266,LOWER_ROUTE_LOAD_CONTEXT,SLOPE_LOAD_FALLBACK_VERTICAL_RANGE,WEATHER_ACTIVITY_LEVEL_ONLY|WEATHER_HUMID_CONTEXT|WEATHER_WIND_GUST_CONTEXT|WEATHER_HIGH_UV_CONTEXT,NONE,EVENT_REVIEW_REQUIRED,SLOPE_LOAD_FALLBACK_VERTICAL_RANGE|IB2_WEATHER_SENSITIVE_ROUTE_EXPOSURE_CONTEXT|WEATHER_ACTIVITY_LEVEL_ONLY|WEATHER_HUMID_CONTEXT|WEATHER_WIND_GUST_CONTEXT|WEATHER_HIGH_UV_CONTEXT|ROUTE_PHASE_UNKNOWN|OSM_PROXIMITY_NOT_USAGE,HIGH_ROUTE_OR_IB2_CONTEXT,"Descriptive planning context evidence only. This is not ability scoring, not route suitability scoring, not THCI/radar scoring, and not a final hiking risk assessment. Weather is activity-level context unless an explicit safe route-window source is used. OSM proximity is not proof of facility use. IB3D/event annotations are not causality evidence."
36_1,2900,3000,2,CONSERVATIVE_PLANNING_RECOMMENDED,70.551,HIGH_ROUTE_LOAD_CONTEXT,ROUTE_LOAD_HIGH_CONTEXT|IB2_EFFORT_HIGH|STEPS_SURFACE_HIGH|SLOPE_LOAD_FALLBACK_VERTICAL_RANGE,WEATHER_ACTIVITY_LEVEL_ONLY|WEATHER_HUMID_CONTEXT|WEATHER_WIND_GUST_CONTEXT|WEATHER_HIGH_UV_CONTEXT,BEHAVIOR_LOW_SPEED_RESPONSE,EVENT_REVIEW_REQUIRED,ROUTE_LOAD_HIGH_CONTEXT|IB2_EFFORT_HIGH|STEPS_SURFACE_HIGH|SLOPE_LOAD_FALLBACK_VERTICAL_RANGE|IB2_WEATHER_SENSITIVE_ROUTE_EXPOSURE_CONTEXT|WEATHER_ACTIVITY_LEVEL_ONLY|WEATHER_HUMID_CONTEXT|WEATHER_WIND_GUST_CONTEXT|WEATHER_HIGH_UV_CONTEXT|ROUTE_PHASE_UNKNOWN|OSM_PROXIMITY_NOT_USAGE|BEHAVIOR_LOW_SPEED_RESPONSE,IB2_OR_WEATHER_CONTEXT_PRESENT|ROUTE_LOAD_BEHAVIOR_CANDIDATE,"Descriptive planning context evidence only. This is not ability scoring, not route suitability scoring, not THCI/radar scoring, and not a final hiking risk assessment. Weather is activity-level context unless an explicit safe route-window source is used. OSM proximity is not proof of facility use. IB3D/event annotations are not causality evidence."
36_1,3000,3550,11,REVIEW_FOR_CONSERVATIVE_PLANNING,41.824,LOWER_ROUTE_LOAD_CONTEXT,SLOPE_LOAD_FALLBACK_VERTICAL_RANGE,WEATHER_ACTIVITY_LEVEL_ONLY|WEATHER_HUMID_CONTEXT|WEATHER_WIND_GUST_CONTEXT|WEATHER_HIGH_UV_CONTEXT,BEHAVIOR_RELATIVE_HIGH_HR_RESPONSE,EVENT_REVIEW_REQUIRED,SLOPE_LOAD_FALLBACK_VERTICAL_RANGE|IB2_WEATHER_SENSITIVE_ROUTE_EXPOSURE_CONTEXT|WEATHER_ACTIVITY_LEVEL_ONLY|WEATHER_HUMID_CONTEXT|WEATHER_WIND_GUST_CONTEXT|WEATHER_HIGH_UV_CONTEXT|ROUTE_PHASE_UNKNOWN|OSM_PROXIMITY_NOT_USAGE|IB2_SUPPORT_CONTEXT|IB2_NAVIGATION_CONTEXT|GUIDEPOST_PROXIMITY_CONTEXT|SHELTER_PROXIMITY_CONTEXT|BEHAVIOR_RELATIVE_HIGH_HR_RESPONSE,HIGH_ROUTE_OR_IB2_CONTEXT,"Descriptive planning context evidence only. This is not ability scoring, not route suitability scoring, not THCI/radar scoring, and not a final hiking risk assessment. Weather is activity-level context unless an explicit safe route-window source is used. OSM proximity is not proof of facility use. IB3D/event annotations are not causality evidence."
36_1,3600,3650,1,REVIEW_FOR_CONSERVATIVE_PLANNING,59.008,MODERATE_ROUTE_LOAD_CONTEXT,IB2_EFFORT_HIGH|STEPS_SURFACE_HIGH|SLOPE_LOAD_FALLBACK_VERTICAL_RANGE,WEATHER_ACTIVITY_LEVEL_ONLY|WEATHER_HUMID_CONTEXT|WEATHER_WIND_GUST_CONTEXT|WEATHER_HIGH_UV_CONTEXT,BEHAVIOR_RELATIVE_HIGH_HR_RESPONSE|BEHAVIOR_LOW_SPEED_RESPONSE,EVENT_REVIEW_REQUIRED,IB2_EFFORT_HIGH|STEPS_SURFACE_HIGH|SLOPE_LOAD_FALLBACK_VERTICAL_RANGE|IB2_WEATHER_SENSITIVE_ROUTE_EXPOSURE_CONTEXT|SHELTER_PROXIMITY_CONTEXT|WEATHER_ACTIVITY_LEVEL_ONLY|WEATHER_HUMID_CONTEXT|WEATHER_WIND_GUST_CONTEXT|WEATHER_HIGH_UV_CONTEXT|BEHAVIOR_RELATIVE_HIGH_HR_RESPONSE|BEHAVIOR_LOW_SPEED_RESPONSE|ROUTE_PHASE_UNKNOWN|OSM_PROXIMITY_NOT_USAGE,HIGH_ROUTE_OR_IB2_CONTEXT,"Descriptive planning context evidence only. This is not ability scoring, not route suitability scoring, not THCI/radar scoring, and not a final hiking risk assessment. Weather is activity-level context unless an explicit safe route-window source is used. OSM proximity is not proof of facility use. IB3D/event annotations are not causality evidence."
36_1,3650,3900,5,CONSERVATIVE_PLANNING_RECOMMENDED,84.318,HIGH_ROUTE_LOAD_CONTEXT,ROUTE_LOAD_HIGH_CONTEXT|IB2_EFFORT_HIGH|STEPS_SURFACE_HIGH|SLOPE_LOAD_FALLBACK_VERTICAL_RANGE|TERRAIN_HIGH|ROUTE_LOAD_VERY_HIGH_CONTEXT,WEATHER_ACTIVITY_LEVEL_ONLY|WEATHER_HUMID_CONTEXT|WEATHER_WIND_GUST_CONTEXT|WEATHER_HIGH_UV_CONTEXT,BEHAVIOR_RELATIVE_HIGH_HR_RESPONSE|BEHAVIOR_LOW_SPEED_RESPONSE|BEHAVIOR_LOW_SPEED_RATIO_HIGH,EVENT_REVIEW_REQUIRED|EVENT_HIGH_HR_RECOVERY_STOP,ROUTE_LOAD_HIGH_CONTEXT|IB2_EFFORT_HIGH|STEPS_SURFACE_HIGH|SLOPE_LOAD_FALLBACK_VERTICAL_RANGE|IB2_WEATHER_SENSITIVE_ROUTE_EXPOSURE_CONTEXT|WEATHER_ACTIVITY_LEVEL_ONLY|WEATHER_HUMID_CONTEXT|WEATHER_WIND_GUST_CONTEXT|WEATHER_HIGH_UV_CONTEXT|BEHAVIOR_RELATIVE_HIGH_HR_RESPONSE|BEHAVIOR_LOW_SPEED_RESPONSE|ROUTE_PHASE_UNKNOWN|OSM_PROXIMITY_NOT_USAGE|TERRAIN_HIGH|BEHAVIOR_LOW_SPEED_RATIO_HIGH|ROUTE_LOAD_VERY_HIGH_CONTEXT,ROUTE_LOAD_BEHAVIOR_CANDIDATE|IB2_OR_WEATHER_CONTEXT_PRESENT|VERY_HIGH_ROUTE_LOAD_CONTEXT,"Descriptive planning context evidence only. This is not ability scoring, not route suitability scoring, not THCI/radar scoring, and not a final hiking risk assessment. Weather is activity-level context unless an explicit safe route-window source is used. OSM proximity is not proof of facility use. IB3D/event annotations are not causality evidence."
36_1,3900,4050,3,TURNAROUND_CONDITION_REVIEW_RECOMMENDED,100.0,VERY_HIGH_ROUTE_LOAD_CONTEXT,ROUTE_LOAD_HIGH_CONTEXT|ROUTE_LOAD_VERY_HIGH_CONTEXT|VERTICAL_RANGE_HIGH|IB2_EFFORT_HIGH|TERRAIN_HIGH|STEPS_SURFACE_HIGH|SLOPE_HIGH|SLOPE_LOAD_FALLBACK_VERTICAL_RANGE,WEATHER_ACTIVITY_LEVEL_ONLY|WEATHER_HUMID_CONTEXT|WEATHER_WIND_GUST_CONTEXT|WEATHER_HIGH_UV_CONTEXT,BEHAVIOR_LOW_SPEED_RESPONSE,EVENT_REVIEW_REQUIRED,ROUTE_LOAD_HIGH_CONTEXT|ROUTE_LOAD_VERY_HIGH_CONTEXT|VERTICAL_RANGE_HIGH|IB2_EFFORT_HIGH|TERRAIN_HIGH|STEPS_SURFACE_HIGH|IB2_WEATHER_SENSITIVE_ROUTE_EXPOSURE_CONTEXT|WEATHER_ACTIVITY_LEVEL_ONLY|WEATHER_HUMID_CONTEXT|WEATHER_WIND_GUST_CONTEXT|WEATHER_HIGH_UV_CONTEXT|BEHAVIOR_LOW_SPEED_RESPONSE|ROUTE_PHASE_UNKNOWN|OSM_PROXIMITY_NOT_USAGE|SLOPE_HIGH|SLOPE_LOAD_FALLBACK_VERTICAL_RANGE|WATERWAY_PROXIMITY_CONTEXT,VERY_HIGH_ROUTE_LOAD_CONTEXT|ROUTE_LOAD_BEHAVIOR_CANDIDATE|IB2_OR_WEATHER_CONTEXT_PRESENT,"Descriptive planning context evidence only. This is not ability scoring, not route suitability scoring, not THCI/radar scoring, and not a final hiking risk assessment. Weather is activity-level context unless an explicit safe route-window source is used. OSM proximity is not proof of facility use. IB3D/event annotations are not causality evidence."
36_1,4050,4100,1,CONSERVATIVE_PLANNING_RECOMMENDED,69.739,HIGH_ROUTE_LOAD_CONTEXT,ROUTE_LOAD_HIGH_CONTEXT|IB2_EFFORT_HIGH|STEPS_SURFACE_HIGH|SLOPE_LOAD_FALLBACK_VERTICAL_RANGE,WEATHER_ACTIVITY_LEVEL_ONLY|WEATHER_HUMID_CONTEXT|WEATHER_WIND_GUST_CONTEXT|WEATHER_HIGH_UV_CONTEXT,NONE,EVENT_REVIEW_REQUIRED,ROUTE_LOAD_HIGH_CONTEXT|IB2_EFFORT_HIGH|STEPS_SURFACE_HIGH|SLOPE_LOAD_FALLBACK_VERTICAL_RANGE|IB2_WEATHER_SENSITIVE_ROUTE_EXPOSURE_CONTEXT|WATERWAY_PROXIMITY_CONTEXT|WEATHER_ACTIVITY_LEVEL_ONLY|WEATHER_HUMID_CONTEXT|WEATHER_WIND_GUST_CONTEXT|WEATHER_HIGH_UV_CONTEXT|ROUTE_PHASE_UNKNOWN|OSM_PROXIMITY_NOT_USAGE,IB2_OR_WEATHER_CONTEXT_PRESENT,"Descriptive planning context evidence only. This is not ability scoring, not route suitability scoring, not THCI/radar scoring, and not a final hiking risk assessment. Weather is activity-level context unless an explicit safe route-window source is used. OSM proximity is not proof of facility use. IB3D/event annotations are not causality evidence."
36_1,4100,4200,2,REVIEW_FOR_CONSERVATIVE_PLANNING,52.062,LOWER_ROUTE_LOAD_CONTEXT,IB2_EFFORT_HIGH|SLOPE_LOAD_FALLBACK_VERTICAL_RANGE,WEATHER_ACTIVITY_LEVEL_ONLY|WEATHER_HUMID_CONTEXT|WEATHER_WIND_GUST_CONTEXT|WEATHER_HIGH_UV_CONTEXT,BEHAVIOR_LOW_SPEED_RESPONSE,EVENT_REVIEW_REQUIRED,IB2_NAVIGATION_CONTEXT|IB2_WEATHER_SENSITIVE_ROUTE_EXPOSURE_CONTEXT|WATERWAY_PROXIMITY_CONTEXT|GUIDEPOST_PROXIMITY_CONTEXT|WEATHER_ACTIVITY_LEVEL_ONLY|WEATHER_HUMID_CONTEXT|WEATHER_WIND_GUST_CONTEXT|WEATHER_HIGH_UV_CONTEXT|ROUTE_PHASE_UNKNOWN|OSM_PROXIMITY_NOT_USAGE|IB2_EFFORT_HIGH|SLOPE_LOAD_FALLBACK_VERTICAL_RANGE|BEHAVIOR_LOW_SPEED_RESPONSE,HIGH_ROUTE_OR_IB2_CONTEXT,"Descriptive planning context evidence only. This is not ability scoring, not route suitability scoring, not THCI/radar scoring, and not a final hiking risk assessment. Weather is activity-level context unless an explicit safe route-window source is used. OSM proximity is not proof of facility use. IB3D/event annotations are not causality evidence."
37_1,0,100,2,REVIEW_FOR_CONSERVATIVE_PLANNING,53.101,LOWER_ROUTE_LOAD_CONTEXT,IB2_EFFORT_HIGH|SLOPE_LOAD_FALLBACK_VERTICAL_RANGE,WEATHER_ACTIVITY_LEVEL_ONLY|WEATHER_WIND_GUST_CONTEXT|WEATHER_HIGH_UV_CONTEXT,BEHAVIOR_RELATIVE_HIGH_HR_RESPONSE,NONE,IB2_NAVIGATION_CONTEXT|IB2_WEATHER_SENSITIVE_ROUTE_EXPOSURE_CONTEXT|WATERWAY_PROXIMITY_CONTEXT|GUIDEPOST_PROXIMITY_CONTEXT|WEATHER_ACTIVITY_LEVEL_ONLY|WEATHER_WIND_GUST_CONTEXT|WEATHER_HIGH_UV_CONTEXT|BEHAVIOR_RELATIVE_HIGH_HR_RESPONSE|ROUTE_PHASE_UNKNOWN|OSM_PROXIMITY_NOT_USAGE|IB2_EFFORT_HIGH|SLOPE_LOAD_FALLBACK_VERTICAL_RANGE,HIGH_ROUTE_OR_IB2_CONTEXT,"Descriptive planning context evidence only. This is not ability scoring, not route suitability scoring, not THCI/radar scoring, and not a final hiking risk assessment. Weather is activity-level context unless an explicit safe route-window source is used. OSM proximity is not proof of facility use. IB3D/event annotations are not causality evidence."
37_1,100,150,1,CONSERVATIVE_PLANNING_RECOMMENDED,73.915,HIGH_ROUTE_LOAD_CONTEXT,ROUTE_LOAD_HIGH_CONTEXT|IB2_EFFORT_HIGH|STEPS_SURFACE_HIGH,WEATHER_ACTIVITY_LEVEL_ONLY|WEATHER_WIND_GUST_CONTEXT|WEATHER_HIGH_UV_CONTEXT,NONE,NONE,ROUTE_LOAD_HIGH_CONTEXT|IB2_EFFORT_HIGH|STEPS_SURFACE_HIGH|IB2_WEATHER_SENSITIVE_ROUTE_EXPOSURE_CONTEXT|WATERWAY_PROXIMITY_CONTEXT|WEATHER_ACTIVITY_LEVEL_ONLY|WEATHER_WIND_GUST_CONTEXT|WEATHER_HIGH_UV_CONTEXT|ROUTE_PHASE_UNKNOWN|OSM_PROXIMITY_NOT_USAGE,IB2_OR_WEATHER_CONTEXT_PRESENT,"Descriptive planning context evidence only. This is not ability scoring, not route suitability scoring, not THCI/radar scoring, and not a final hiking risk assessment. Weather is activity-level context unless an explicit safe route-window source is used. OSM proximity is not proof of facility use. IB3D/event annotations are not causality evidence."
37_1,150,300,3,TURNAROUND_CONDITION_REVIEW_RECOMMENDED,100.0,VERY_HIGH_ROUTE_LOAD_CONTEXT,ROUTE_LOAD_HIGH_CONTEXT|ROUTE_LOAD_VERY_HIGH_CONTEXT|VERTICAL_RANGE_HIGH|SLOPE_HIGH|IB2_EFFORT_HIGH|TERRAIN_HIGH|STEPS_SURFACE_HIGH|SLOPE_LOAD_FALLBACK_VERTICAL_RANGE,WEATHER_ACTIVITY_LEVEL_ONLY|WEATHER_WIND_GUST_CONTEXT|WEATHER_HIGH_UV_CONTEXT,BEHAVIOR_LOW_SPEED_RESPONSE|BEHAVIOR_LOW_SPEED_RATIO_HIGH,NONE,ROUTE_LOAD_HIGH_CONTEXT|ROUTE_LOAD_VERY_HIGH_CONTEXT|VERTICAL_RANGE_HIGH|SLOPE_HIGH|IB2_EFFORT_HIGH|TERRAIN_HIGH|STEPS_SURFACE_HIGH|IB2_WEATHER_SENSITIVE_ROUTE_EXPOSURE_CONTEXT|WATERWAY_PROXIMITY_CONTEXT|WEATHER_ACTIVITY_LEVEL_ONLY|WEATHER_WIND_GUST_CONTEXT|WEATHER_HIGH_UV_CONTEXT|BEHAVIOR_LOW_SPEED_RESPONSE|BEHAVIOR_LOW_SPEED_RATIO_HIGH|ROUTE_PHASE_UNKNOWN|OSM_PROXIMITY_NOT_USAGE|SLOPE_LOAD_FALLBACK_VERTICAL_RANGE,VERY_HIGH_ROUTE_LOAD_CONTEXT|ROUTE_LOAD_BEHAVIOR_CANDIDATE|IB2_OR_WEATHER_CONTEXT_PRESENT,"Descriptive planning context evidence only. This is not ability scoring, not route suitability scoring, not THCI/radar scoring, and not a final hiking risk assessment. Weather is activity-level context unless an explicit safe route-window source is used. OSM proximity is not proof of facility use. IB3D/event annotations are not causality evidence."
37_1,300,350,1,CONSERVATIVE_PLANNING_RECOMMENDED,69.318,HIGH_ROUTE_LOAD_CONTEXT,ROUTE_LOAD_HIGH_CONTEXT|IB2_EFFORT_HIGH|TERRAIN_HIGH|STEPS_SURFACE_HIGH|SLOPE_LOAD_FALLBACK_VERTICAL_RANGE,WEATHER_ACTIVITY_LEVEL_ONLY|WEATHER_WIND_GUST_CONTEXT|WEATHER_HIGH_UV_CONTEXT,NONE,NONE,ROUTE_LOAD_HIGH_CONTEXT|IB2_EFFORT_HIGH|TERRAIN_HIGH|STEPS_SURFACE_HIGH|SLOPE_LOAD_FALLBACK_VERTICAL_RANGE|IB2_WEATHER_SENSITIVE_ROUTE_EXPOSURE_CONTEXT|WEATHER_ACTIVITY_LEVEL_ONLY|WEATHER_WIND_GUST_CONTEXT|WEATHER_HIGH_UV_CONTEXT|ROUTE_PHASE_UNKNOWN|OSM_PROXIMITY_NOT_USAGE,IB2_OR_WEATHER_CONTEXT_PRESENT,"Descriptive planning context evidence only. This is not ability scoring, not route suitability scoring, not THCI/radar scoring, and not a final hiking risk assessment. Weather is activity-level context unless an explicit safe route-window source is used. OSM proximity is not proof of facility use. IB3D/event annotations are not causality evidence."
37_1,350,400,1,TURNAROUND_CONDITION_REVIEW_RECOMMENDED,88.633,VERY_HIGH_ROUTE_LOAD_CONTEXT,ROUTE_LOAD_HIGH_CONTEXT|ROUTE_LOAD_VERY_HIGH_CONTEXT|VERTICAL_RANGE_HIGH|SLOPE_HIGH|IB2_EFFORT_HIGH|TERRAIN_HIGH|STEPS_SURFACE_HIGH|SLOPE_LOAD_FALLBACK_VERTICAL_RANGE,WEATHER_ACTIVITY_LEVEL_ONLY|WEATHER_WIND_GUST_CONTEXT|WEATHER_HIGH_UV_CONTEXT,BEHAVIOR_LOW_SPEED_RESPONSE|BEHAVIOR_LOW_SPEED_RATIO_HIGH,NONE,ROUTE_LOAD_HIGH_CONTEXT|ROUTE_LOAD_VERY_HIGH_CONTEXT|VERTICAL_RANGE_HIGH|SLOPE_HIGH|IB2_EFFORT_HIGH|TERRAIN_HIGH|STEPS_SURFACE_HIGH|SLOPE_LOAD_FALLBACK_VERTICAL_RANGE|IB2_WEATHER_SENSITIVE_ROUTE_EXPOSURE_CONTEXT|WEATHER_ACTIVITY_LEVEL_ONLY|WEATHER_WIND_GUST_CONTEXT|WEATHER_HIGH_UV_CONTEXT|BEHAVIOR_LOW_SPEED_RESPONSE|BEHAVIOR_LOW_SPEED_RATIO_HIGH|ROUTE_PHASE_UNKNOWN|OSM_PROXIMITY_NOT_USAGE,VERY_HIGH_ROUTE_LOAD_CONTEXT|ROUTE_LOAD_BEHAVIOR_CANDIDATE|IB2_OR_WEATHER_CONTEXT_PRESENT,"Descriptive planning context evidence only. This is not ability scoring, not route suitability scoring, not THCI/radar scoring, and not a final hiking risk assessment. Weather is activity-level context unless an explicit safe route-window source is used. OSM proximity is not proof of facility use. IB3D/event annotations are not causality evidence."
37_1,400,500,2,CONSERVATIVE_PLANNING_RECOMMENDED,78.938,HIGH_ROUTE_LOAD_CONTEXT,ROUTE_LOAD_HIGH_CONTEXT|IB2_EFFORT_HIGH|TERRAIN_HIGH|STEPS_SURFACE_HIGH|SLOPE_LOAD_FALLBACK_VERTICAL_RANGE,WEATHER_ACTIVITY_LEVEL_ONLY|WEATHER_WIND_GUST_CONTEXT|WEATHER_HIGH_UV_CONTEXT,BEHAVIOR_RELATIVE_HIGH_HR_RESPONSE,NONE,ROUTE_LOAD_HIGH_CONTEXT|IB2_EFFORT_HIGH|TERRAIN_HIGH|STEPS_SURFACE_HIGH|SLOPE_LOAD_FALLBACK_VERTICAL_RANGE|IB2_WEATHER_SENSITIVE_ROUTE_EXPOSURE_CONTEXT|WEATHER_ACTIVITY_LEVEL_ONLY|WEATHER_WIND_GUST_CONTEXT|WEATHER_HIGH_UV_CONTEXT|ROUTE_PHASE_UNKNOWN|OSM_PROXIMITY_NOT_USAGE|BEHAVIOR_RELATIVE_HIGH_HR_RESPONSE,IB2_OR_WEATHER_CONTEXT_PRESENT|ROUTE_LOAD_BEHAVIOR_CANDIDATE,"Descriptive planning context evidence only. This is not ability scoring, not route suitability scoring, not THCI/radar scoring, and not a final hiking risk assessment. Weather is activity-level context unless an explicit safe route-window source is used. OSM proximity is not proof of facility use. IB3D/event annotations are not causality evidence."
37_1,500,550,1,TURNAROUND_CONDITION_REVIEW_RECOMMENDED,81.359,VERY_HIGH_ROUTE_LOAD_CONTEXT,ROUTE_LOAD_HIGH_CONTEXT|ROUTE_LOAD_VERY_HIGH_CONTEXT|IB2_EFFORT_HIGH|STEPS_SURFACE_HIGH|SLOPE_LOAD_FALLBACK_VERTICAL_RANGE,WEATHER_ACTIVITY_LEVEL_ONLY|WEATHER_WIND_GUST_CONTEXT|WEATHER_HIGH_UV_CONTEXT,BEHAVIOR_RELATIVE_HIGH_HR_RESPONSE|BEHAVIOR_LOW_SPEED_RESPONSE,NONE,ROUTE_LOAD_HIGH_CONTEXT|ROUTE_LOAD_VERY_HIGH_CONTEXT|IB2_EFFORT_HIGH|STEPS_SURFACE_HIGH|SLOPE_LOAD_FALLBACK_VERTICAL_RANGE|IB2_WEATHER_SENSITIVE_ROUTE_EXPOSURE_CONTEXT|WEATHER_ACTIVITY_LEVEL_ONLY|WEATHER_WIND_GUST_CONTEXT|WEATHER_HIGH_UV_CONTEXT|BEHAVIOR_RELATIVE_HIGH_HR_RESPONSE|BEHAVIOR_LOW_SPEED_RESPONSE|ROUTE_PHASE_UNKNOWN|OSM_PROXIMITY_NOT_USAGE,VERY_HIGH_ROUTE_LOAD_CONTEXT|ROUTE_LOAD_BEHAVIOR_CANDIDATE|IB2_OR_WEATHER_CONTEXT_PRESENT,"Descriptive planning context evidence only. This is not ability scoring, not route suitability scoring, not THCI/radar scoring, and not a final hiking risk assessment. Weather is activity-level context unless an explicit safe route-window source is used. OSM proximity is not proof of facility use. IB3D/event annotations are not causality evidence."
37_1,550,600,1,REVIEW_FOR_CONSERVATIVE_PLANNING,49.001,MODERATE_ROUTE_LOAD_CONTEXT,IB2_EFFORT_HIGH|STEPS_SURFACE_HIGH|SLOPE_LOAD_FALLBACK_VERTICAL_RANGE,WEATHER_ACTIVITY_LEVEL_ONLY|WEATHER_WIND_GUST_CONTEXT|WEATHER_HIGH_UV_CONTEXT,BEHAVIOR_RELATIVE_HIGH_HR_RESPONSE|BEHAVIOR_LOW_SPEED_RESPONSE,NONE,IB2_EFFORT_HIGH|STEPS_SURFACE_HIGH|SLOPE_LOAD_FALLBACK_VERTICAL_RANGE|IB2_WEATHER_SENSITIVE_ROUTE_EXPOSURE_CONTEXT|SHELTER_PROXIMITY_CONTEXT|WEATHER_ACTIVITY_LEVEL_ONLY|WEATHER_WIND_GUST_CONTEXT|WEATHER_HIGH_UV_CONTEXT|BEHAVIOR_RELATIVE_HIGH_HR_RESPONSE|BEHAVIOR_LOW_SPEED_RESPONSE|ROUTE_PHASE_UNKNOWN|OSM_PROXIMITY_NOT_USAGE,HIGH_ROUTE_OR_IB2_CONTEXT,"Descriptive planning context evidence only. This is not ability scoring, not route suitability scoring, not THCI/radar scoring, and not a final hiking risk assessment. Weather is activity-level context unless an explicit safe route-window source is used. OSM proximity is not proof of facility use. IB3D/event annotations are not causality evidence."
37_1,700,750,1,REVIEW_FOR_CONSERVATIVE_PLANNING,6.429,LOWER_ROUTE_LOAD_CONTEXT,SLOPE_LOAD_FALLBACK_VERTICAL_RANGE,WEATHER_ACTIVITY_LEVEL_ONLY|WEATHER_WIND_GUST_CONTEXT|WEATHER_HIGH_UV_CONTEXT,BEHAVIOR_RELATIVE_HIGH_HR_RESPONSE|BEHAVIOR_LOW_SPEED_RESPONSE,NONE,SLOPE_LOAD_FALLBACK_VERTICAL_RANGE|IB2_WEATHER_SENSITIVE_ROUTE_EXPOSURE_CONTEXT|SHELTER_PROXIMITY_CONTEXT|WEATHER_ACTIVITY_LEVEL_ONLY|WEATHER_WIND_GUST_CONTEXT|WEATHER_HIGH_UV_CONTEXT|BEHAVIOR_RELATIVE_HIGH_HR_RESPONSE|BEHAVIOR_LOW_SPEED_RESPONSE|ROUTE_PHASE_UNKNOWN|OSM_PROXIMITY_NOT_USAGE,HIGH_ROUTE_OR_IB2_CONTEXT,"Descriptive planning context evidence only. This is not ability scoring, not route suitability scoring, not THCI/radar scoring, and not a final hiking risk assessment. Weather is activity-level context unless an explicit safe route-window source is used. OSM proximity is not proof of facility use. IB3D/event annotations are not causality evidence."
37_1,800,1200,8,REVIEW_FOR_CONSERVATIVE_PLANNING,48.18,LOWER_ROUTE_LOAD_CONTEXT,SLOPE_LOAD_FALLBACK_VERTICAL_RANGE|SLOPE_HIGH,WEATHER_ACTIVITY_LEVEL_ONLY|WEATHER_WIND_GUST_CONTEXT|WEATHER_HIGH_UV_CONTEXT,BEHAVIOR_LOW_SPEED_RESPONSE|BEHAVIOR_STOP_RESPONSE|BEHAVIOR_LOW_SPEED_RATIO_HIGH,NONE,IB2_NAVIGATION_CONTEXT|IB2_WEATHER_SENSITIVE_ROUTE_EXPOSURE_CONTEXT|GUIDEPOST_PROXIMITY_CONTEXT|WEATHER_ACTIVITY_LEVEL_ONLY|WEATHER_WIND_GUST_CONTEXT|WEATHER_HIGH_UV_CONTEXT|ROUTE_PHASE_UNKNOWN|OSM_PROXIMITY_NOT_USAGE|SLOPE_LOAD_FALLBACK_VERTICAL_RANGE|IB2_SUPPORT_CONTEXT|BEHAVIOR_LOW_SPEED_RESPONSE|BEHAVIOR_STOP_RESPONSE|SLOPE_HIGH|BEHAVIOR_LOW_SPEED_RATIO_HIGH,HIGH_ROUTE_OR_IB2_CONTEXT,"Descriptive planning context evidence only. This is not ability scoring, not route suitability scoring, not THCI/radar scoring, and not a final hiking risk assessment. Weather is activity-level context unless an explicit safe route-window source is used. OSM proximity is not proof of facility use. IB3D/event annotations are not causality evidence."
37_1,1200,1300,2,CONSERVATIVE_PLANNING_RECOMMENDED,68.676,HIGH_ROUTE_LOAD_CONTEXT,ROUTE_LOAD_HIGH_CONTEXT|IB2_EFFORT_HIGH|STEPS_SURFACE_HIGH|SLOPE_LOAD_FALLBACK_VERTICAL_RANGE,WEATHER_ACTIVITY_LEVEL_ONLY|WEATHER_WIND_GUST_CONTEXT|WEATHER_HIGH_UV_CONTEXT,BEHAVIOR_LOW_SPEED_RESPONSE,NONE,ROUTE_LOAD_HIGH_CONTEXT|IB2_EFFORT_HIGH|STEPS_SURFACE_HIGH|IB2_WEATHER_SENSITIVE_ROUTE_EXPOSURE_CONTEXT|WEATHER_ACTIVITY_LEVEL_ONLY|WEATHER_WIND_GUST_CONTEXT|WEATHER_HIGH_UV_CONTEXT|BEHAVIOR_LOW_SPEED_RESPONSE|ROUTE_PHASE_UNKNOWN|OSM_PROXIMITY_NOT_USAGE|SLOPE_LOAD_FALLBACK_VERTICAL_RANGE,ROUTE_LOAD_BEHAVIOR_CANDIDATE|IB2_OR_WEATHER_CONTEXT_PRESENT,"Descriptive planning context evidence only. This is not ability scoring, not route suitability scoring, not THCI/radar scoring, and not a final hiking risk assessment. Weather is activity-level context unless an explicit safe route-window source is used. OSM proximity is not proof of facility use. IB3D/event annotations are not causality evidence."
37_1,1300,1350,1,REVIEW_FOR_CONSERVATIVE_PLANNING,37.267,MODERATE_ROUTE_LOAD_CONTEXT,SLOPE_LOAD_FALLBACK_VERTICAL_RANGE,WEATHER_ACTIVITY_LEVEL_ONLY|WEATHER_WIND_GUST_CONTEXT|WEATHER_HIGH_UV_CONTEXT,BEHAVIOR_LOW_SPEED_RESPONSE,NONE,SLOPE_LOAD_FALLBACK_VERTICAL_RANGE|IB2_WEATHER_SENSITIVE_ROUTE_EXPOSURE_CONTEXT|WEATHER_ACTIVITY_LEVEL_ONLY|WEATHER_WIND_GUST_CONTEXT|WEATHER_HIGH_UV_CONTEXT|BEHAVIOR_LOW_SPEED_RESPONSE|ROUTE_PHASE_UNKNOWN|OSM_PROXIMITY_NOT_USAGE,HIGH_ROUTE_OR_IB2_CONTEXT,"Descriptive planning context evidence only. This is not ability scoring, not route suitability scoring, not THCI/radar scoring, and not a final hiking risk assessment. Weather is activity-level context unless an explicit safe route-window source is used. OSM proximity is not proof of facility use. IB3D/event annotations are not causality evidence."
37_1,1350,1650,6,TURNAROUND_CONDITION_REVIEW_RECOMMENDED,100.0,VERY_HIGH_ROUTE_LOAD_CONTEXT,ROUTE_LOAD_HIGH_CONTEXT|ROUTE_LOAD_VERY_HIGH_CONTEXT|VERTICAL_RANGE_HIGH|SLOPE_HIGH|IB2_EFFORT_HIGH|TERRAIN_HIGH|STEPS_SURFACE_HIGH|SLOPE_LOAD_FALLBACK_VERTICAL_RANGE,WEATHER_ACTIVITY_LEVEL_ONLY|WEATHER_WIND_GUST_CONTEXT|WEATHER_HIGH_UV_CONTEXT,BEHAVIOR_RELATIVE_HIGH_HR_RESPONSE|BEHAVIOR_LOW_SPEED_RESPONSE|BEHAVIOR_LOW_SPEED_RATIO_HIGH|BEHAVIOR_STOP_RESPONSE,NONE,ROUTE_LOAD_HIGH_CONTEXT|ROUTE_LOAD_VERY_HIGH_CONTEXT|VERTICAL_RANGE_HIGH|SLOPE_HIGH|IB2_EFFORT_HIGH|TERRAIN_HIGH|STEPS_SURFACE_HIGH|SLOPE_LOAD_FALLBACK_VERTICAL_RANGE|IB2_WEATHER_SENSITIVE_ROUTE_EXPOSURE_CONTEXT|WEATHER_ACTIVITY_LEVEL_ONLY|WEATHER_WIND_GUST_CONTEXT|WEATHER_HIGH_UV_CONTEXT|BEHAVIOR_RELATIVE_HIGH_HR_RESPONSE|BEHAVIOR_LOW_SPEED_RESPONSE|BEHAVIOR_LOW_SPEED_RATIO_HIGH|ROUTE_PHASE_UNKNOWN|OSM_PROXIMITY_NOT_USAGE|BEHAVIOR_STOP_RESPONSE,VERY_HIGH_ROUTE_LOAD_CONTEXT|ROUTE_LOAD_BEHAVIOR_CANDIDATE|IB2_OR_WEATHER_CONTEXT_PRESENT,"Descriptive planning context evidence only. This is not ability scoring, not route suitability scoring, not THCI/radar scoring, and not a final hiking risk assessment. Weather is activity-level context unless an explicit safe route-window source is used. OSM proximity is not proof of facility use. IB3D/event annotations are not causality evidence."
37_1,1650,1800,3,REVIEW_FOR_CONSERVATIVE_PLANNING,55.789,MODERATE_ROUTE_LOAD_CONTEXT,IB2_EFFORT_HIGH|STEPS_SURFACE_HIGH|SLOPE_LOAD_FALLBACK_VERTICAL_RANGE,WEATHER_ACTIVITY_LEVEL_ONLY|WEATHER_WIND_GUST_CONTEXT|WEATHER_HIGH_UV_CONTEXT,BEHAVIOR_RELATIVE_HIGH_HR_RESPONSE|BEHAVIOR_LOW_SPEED_RESPONSE|BEHAVIOR_LOW_SPEED_RATIO_HIGH,NONE,IB2_EFFORT_HIGH|STEPS_SURFACE_HIGH|SLOPE_LOAD_FALLBACK_VERTICAL_RANGE|IB2_WEATHER_SENSITIVE_ROUTE_EXPOSURE_CONTEXT|WEATHER_ACTIVITY_LEVEL_ONLY|WEATHER_WIND_GUST_CONTEXT|WEATHER_HIGH_UV_CONTEXT|BEHAVIOR_RELATIVE_HIGH_HR_RESPONSE|ROUTE_PHASE_UNKNOWN|OSM_PROXIMITY_NOT_USAGE|IB2_NAVIGATION_CONTEXT|GUIDEPOST_PROXIMITY_CONTEXT|BEHAVIOR_LOW_SPEED_RESPONSE|BEHAVIOR_LOW_SPEED_RATIO_HIGH,HIGH_ROUTE_OR_IB2_CONTEXT,"Descriptive planning context evidence only. This is not ability scoring, not route suitability scoring, not THCI/radar scoring, and not a final hiking risk assessment. Weather is activity-level context unless an explicit safe route-window source is used. OSM proximity is not proof of facility use. IB3D/event annotations are not causality evidence."
37_1,1800,1850,1,CONSERVATIVE_PLANNING_RECOMMENDED,78.313,HIGH_ROUTE_LOAD_CONTEXT,ROUTE_LOAD_HIGH_CONTEXT|IB2_EFFORT_HIGH|SLOPE_LOAD_FALLBACK_VERTICAL_RANGE,WEATHER_ACTIVITY_LEVEL_ONLY|WEATHER_WIND_GUST_CONTEXT|WEATHER_HIGH_UV_CONTEXT,BEHAVIOR_LOW_SPEED_RESPONSE|BEHAVIOR_LOW_SPEED_RATIO_HIGH|BEHAVIOR_STOP_RESPONSE,NONE,ROUTE_LOAD_HIGH_CONTEXT|IB2_EFFORT_HIGH|SLOPE_LOAD_FALLBACK_VERTICAL_RANGE|IB2_NAVIGATION_CONTEXT|IB2_WEATHER_SENSITIVE_ROUTE_EXPOSURE_CONTEXT|GUIDEPOST_PROXIMITY_CONTEXT|WEATHER_ACTIVITY_LEVEL_ONLY|WEATHER_WIND_GUST_CONTEXT|WEATHER_HIGH_UV_CONTEXT|BEHAVIOR_LOW_SPEED_RESPONSE|BEHAVIOR_LOW_SPEED_RATIO_HIGH|BEHAVIOR_STOP_RESPONSE|ROUTE_PHASE_UNKNOWN|OSM_PROXIMITY_NOT_USAGE,ROUTE_LOAD_BEHAVIOR_CANDIDATE|IB2_OR_WEATHER_CONTEXT_PRESENT,"Descriptive planning context evidence only. This is not ability scoring, not route suitability scoring, not THCI/radar scoring, and not a final hiking risk assessment. Weather is activity-level context unless an explicit safe route-window source is used. OSM proximity is not proof of facility use. IB3D/event annotations are not causality evidence."
37_1,1850,1900,1,TURNAROUND_CONDITION_REVIEW_RECOMMENDED,91.158,VERY_HIGH_ROUTE_LOAD_CONTEXT,ROUTE_LOAD_HIGH_CONTEXT|ROUTE_LOAD_VERY_HIGH_CONTEXT|VERTICAL_RANGE_HIGH|SLOPE_HIGH|IB2_EFFORT_HIGH|TERRAIN_HIGH|STEPS_SURFACE_HIGH|SLOPE_LOAD_FALLBACK_VERTICAL_RANGE,WEATHER_ACTIVITY_LEVEL_ONLY|WEATHER_WIND_GUST_CONTEXT|WEATHER_HIGH_UV_CONTEXT,BEHAVIOR_LOW_SPEED_RESPONSE,NONE,ROUTE_LOAD_HIGH_CONTEXT|ROUTE_LOAD_VERY_HIGH_CONTEXT|VERTICAL_RANGE_HIGH|SLOPE_HIGH|IB2_EFFORT_HIGH|TERRAIN_HIGH|STEPS_SURFACE_HIGH|SLOPE_LOAD_FALLBACK_VERTICAL_RANGE|IB2_WEATHER_SENSITIVE_ROUTE_EXPOSURE_CONTEXT|WEATHER_ACTIVITY_LEVEL_ONLY|WEATHER_WIND_GUST_CONTEXT|WEATHER_HIGH_UV_CONTEXT|BEHAVIOR_LOW_SPEED_RESPONSE|ROUTE_PHASE_UNKNOWN|OSM_PROXIMITY_NOT_USAGE,VERY_HIGH_ROUTE_LOAD_CONTEXT|ROUTE_LOAD_BEHAVIOR_CANDIDATE|IB2_OR_WEATHER_CONTEXT_PRESENT,"Descriptive planning context evidence only. This is not ability scoring, not route suitability scoring, not THCI/radar scoring, and not a final hiking risk assessment. Weather is activity-level context unless an explicit safe route-window source is used. OSM proximity is not proof of facility use. IB3D/event annotations are not causality evidence."
37_1,1900,1950,1,REVIEW_FOR_CONSERVATIVE_PLANNING,50.482,MODERATE_ROUTE_LOAD_CONTEXT,IB2_EFFORT_HIGH|STEPS_SURFACE_HIGH|SLOPE_LOAD_FALLBACK_VERTICAL_RANGE,WEATHER_ACTIVITY_LEVEL_ONLY|WEATHER_WIND_GUST_CONTEXT|WEATHER_HIGH_UV_CONTEXT,NONE,NONE,IB2_EFFORT_HIGH|STEPS_SURFACE_HIGH|SLOPE_LOAD_FALLBACK_VERTICAL_RANGE|IB2_NAVIGATION_CONTEXT|IB2_WEATHER_SENSITIVE_ROUTE_EXPOSURE_CONTEXT|GUIDEPOST_PROXIMITY_CONTEXT|WEATHER_ACTIVITY_LEVEL_ONLY|WEATHER_WIND_GUST_CONTEXT|WEATHER_HIGH_UV_CONTEXT|ROUTE_PHASE_UNKNOWN|OSM_PROXIMITY_NOT_USAGE,HIGH_ROUTE_OR_IB2_CONTEXT,"Descriptive planning context evidence only. This is not ability scoring, not route suitability scoring, not THCI/radar scoring, and not a final hiking risk assessment. Weather is activity-level context unless an explicit safe route-window source is used. OSM proximity is not proof of facility use. IB3D/event annotations are not causality evidence."
37_1,1950,2050,2,TURNAROUND_CONDITION_REVIEW_RECOMMENDED,85.812,VERY_HIGH_ROUTE_LOAD_CONTEXT,ROUTE_LOAD_HIGH_CONTEXT|ROUTE_LOAD_VERY_HIGH_CONTEXT|VERTICAL_RANGE_HIGH|SLOPE_HIGH|IB2_EFFORT_HIGH|STEPS_SURFACE_HIGH|SLOPE_LOAD_FALLBACK_VERTICAL_RANGE,WEATHER_ACTIVITY_LEVEL_ONLY|WEATHER_WIND_GUST_CONTEXT|WEATHER_HIGH_UV_CONTEXT,BEHAVIOR_LOW_SPEED_RESPONSE|BEHAVIOR_LOW_SPEED_RATIO_HIGH,NONE,ROUTE_LOAD_HIGH_CONTEXT|ROUTE_LOAD_VERY_HIGH_CONTEXT|VERTICAL_RANGE_HIGH|SLOPE_HIGH|IB2_EFFORT_HIGH|STEPS_SURFACE_HIGH|SLOPE_LOAD_FALLBACK_VERTICAL_RANGE|IB2_NAVIGATION_CONTEXT|IB2_WEATHER_SENSITIVE_ROUTE_EXPOSURE_CONTEXT|GUIDEPOST_PROXIMITY_CONTEXT|WEATHER_ACTIVITY_LEVEL_ONLY|WEATHER_WIND_GUST_CONTEXT|WEATHER_HIGH_UV_CONTEXT|BEHAVIOR_LOW_SPEED_RESPONSE|ROUTE_PHASE_UNKNOWN|OSM_PROXIMITY_NOT_USAGE|BEHAVIOR_LOW_SPEED_RATIO_HIGH,VERY_HIGH_ROUTE_LOAD_CONTEXT|ROUTE_LOAD_BEHAVIOR_CANDIDATE|IB2_OR_WEATHER_CONTEXT_PRESENT,"Descriptive planning context evidence only. This is not ability scoring, not route suitability scoring, not THCI/radar scoring, and not a final hiking risk assessment. Weather is activity-level context unless an explicit safe route-window source is used. OSM proximity is not proof of facility use. IB3D/event annotations are not causality evidence."
37_1,2050,2100,1,CONSERVATIVE_PLANNING_RECOMMENDED,61.246,HIGH_ROUTE_LOAD_CONTEXT,ROUTE_LOAD_HIGH_CONTEXT|IB2_EFFORT_HIGH|STEPS_SURFACE_HIGH|SLOPE_LOAD_FALLBACK_VERTICAL_RANGE,WEATHER_ACTIVITY_LEVEL_ONLY|WEATHER_WIND_GUST_CONTEXT|WEATHER_HIGH_UV_CONTEXT,BEHAVIOR_LOW_SPEED_RESPONSE|BEHAVIOR_STOP_RESPONSE,NONE,ROUTE_LOAD_HIGH_CONTEXT|IB2_EFFORT_HIGH|STEPS_SURFACE_HIGH|SLOPE_LOAD_FALLBACK_VERTICAL_RANGE|IB2_NAVIGATION_CONTEXT|IB2_WEATHER_SENSITIVE_ROUTE_EXPOSURE_CONTEXT|GUIDEPOST_PROXIMITY_CONTEXT|WEATHER_ACTIVITY_LEVEL_ONLY|WEATHER_WIND_GUST_CONTEXT|WEATHER_HIGH_UV_CONTEXT|BEHAVIOR_LOW_SPEED_RESPONSE|BEHAVIOR_STOP_RESPONSE|ROUTE_PHASE_UNKNOWN|OSM_PROXIMITY_NOT_USAGE,ROUTE_LOAD_BEHAVIOR_CANDIDATE|IB2_OR_WEATHER_CONTEXT_PRESENT,"Descriptive planning context evidence only. This is not ability scoring, not route suitability scoring, not THCI/radar scoring, and not a final hiking risk assessment. Weather is activity-level context unless an explicit safe route-window source is used. OSM proximity is not proof of facility use. IB3D/event annotations are not causality evidence."
37_1,2100,2150,1,REVIEW_FOR_CONSERVATIVE_PLANNING,56.717,MODERATE_ROUTE_LOAD_CONTEXT,IB2_EFFORT_HIGH|STEPS_SURFACE_HIGH,WEATHER_ACTIVITY_LEVEL_ONLY|WEATHER_WIND_GUST_CONTEXT|WEATHER_HIGH_UV_CONTEXT,BEHAVIOR_LOW_SPEED_RESPONSE|BEHAVIOR_LOW_SPEED_RATIO_HIGH,EVENT_HIGH_HR_RECOVERY_STOP,IB2_EFFORT_HIGH|STEPS_SURFACE_HIGH|IB2_NAVIGATION_CONTEXT|IB2_WEATHER_SENSITIVE_ROUTE_EXPOSURE_CONTEXT|GUIDEPOST_PROXIMITY_CONTEXT|WEATHER_ACTIVITY_LEVEL_ONLY|WEATHER_WIND_GUST_CONTEXT|WEATHER_HIGH_UV_CONTEXT|BEHAVIOR_LOW_SPEED_RESPONSE|BEHAVIOR_LOW_SPEED_RATIO_HIGH|ROUTE_PHASE_UNKNOWN|OSM_PROXIMITY_NOT_USAGE,HIGH_ROUTE_OR_IB2_CONTEXT,"Descriptive planning context evidence only. This is not ability scoring, not route suitability scoring, not THCI/radar scoring, and not a final hiking risk assessment. Weather is activity-level context unless an explicit safe route-window source is used. OSM proximity is not proof of facility use. IB3D/event annotations are not causality evidence."
37_1,2150,2250,2,TURNAROUND_CONDITION_REVIEW_RECOMMENDED,84.629,VERY_HIGH_ROUTE_LOAD_CONTEXT,ROUTE_LOAD_HIGH_CONTEXT|ROUTE_LOAD_VERY_HIGH_CONTEXT|VERTICAL_RANGE_HIGH|SLOPE_HIGH|IB2_EFFORT_HIGH|STEPS_SURFACE_HIGH|SLOPE_LOAD_FALLBACK_VERTICAL_RANGE,WEATHER_ACTIVITY_LEVEL_ONLY|WEATHER_WIND_GUST_CONTEXT|WEATHER_HIGH_UV_CONTEXT,BEHAVIOR_LOW_SPEED_RESPONSE|BEHAVIOR_LOW_SPEED_RATIO_HIGH,NONE,ROUTE_LOAD_HIGH_CONTEXT|ROUTE_LOAD_VERY_HIGH_CONTEXT|VERTICAL_RANGE_HIGH|SLOPE_HIGH|IB2_EFFORT_HIGH|STEPS_SURFACE_HIGH|SLOPE_LOAD_FALLBACK_VERTICAL_RANGE|IB2_WEATHER_SENSITIVE_ROUTE_EXPOSURE_CONTEXT|WEATHER_ACTIVITY_LEVEL_ONLY|WEATHER_WIND_GUST_CONTEXT|WEATHER_HIGH_UV_CONTEXT|BEHAVIOR_LOW_SPEED_RESPONSE|BEHAVIOR_LOW_SPEED_RATIO_HIGH|ROUTE_PHASE_UNKNOWN|OSM_PROXIMITY_NOT_USAGE|IB2_NAVIGATION_CONTEXT|GUIDEPOST_PROXIMITY_CONTEXT,VERY_HIGH_ROUTE_LOAD_CONTEXT|ROUTE_LOAD_BEHAVIOR_CANDIDATE|IB2_OR_WEATHER_CONTEXT_PRESENT,"Descriptive planning context evidence only. This is not ability scoring, not route suitability scoring, not THCI/radar scoring, and not a final hiking risk assessment. Weather is activity-level context unless an explicit safe route-window source is used. OSM proximity is not proof of facility use. IB3D/event annotations are not causality evidence."
37_1,2250,2300,1,REVIEW_FOR_CONSERVATIVE_PLANNING,50.164,MODERATE_ROUTE_LOAD_CONTEXT,IB2_EFFORT_HIGH|STEPS_SURFACE_HIGH|SLOPE_LOAD_FALLBACK_VERTICAL_RANGE,WEATHER_ACTIVITY_LEVEL_ONLY|WEATHER_WIND_GUST_CONTEXT|WEATHER_HIGH_UV_CONTEXT,NONE,EVENT_OFF_ROUTE_REST,IB2_EFFORT_HIGH|STEPS_SURFACE_HIGH|SLOPE_LOAD_FALLBACK_VERTICAL_RANGE|IB2_NAVIGATION_CONTEXT|IB2_WEATHER_SENSITIVE_ROUTE_EXPOSURE_CONTEXT|GUIDEPOST_PROXIMITY_CONTEXT|WEATHER_ACTIVITY_LEVEL_ONLY|WEATHER_WIND_GUST_CONTEXT|WEATHER_HIGH_UV_CONTEXT|ROUTE_PHASE_UNKNOWN|OSM_PROXIMITY_NOT_USAGE,HIGH_ROUTE_OR_IB2_CONTEXT,"Descriptive planning context evidence only. This is not ability scoring, not route suitability scoring, not THCI/radar scoring, and not a final hiking risk assessment. Weather is activity-level context unless an explicit safe route-window source is used. OSM proximity is not proof of facility use. IB3D/event annotations are not causality evidence."
37_1,2300,2350,1,TURNAROUND_CONDITION_REVIEW_RECOMMENDED,91.277,VERY_HIGH_ROUTE_LOAD_CONTEXT,ROUTE_LOAD_HIGH_CONTEXT|ROUTE_LOAD_VERY_HIGH_CONTEXT|VERTICAL_RANGE_HIGH|SLOPE_HIGH|IB2_EFFORT_HIGH|STEPS_SURFACE_HIGH|SLOPE_LOAD_FALLBACK_VERTICAL_RANGE,WEATHER_ACTIVITY_LEVEL_ONLY|WEATHER_WIND_GUST_CONTEXT|WEATHER_HIGH_UV_CONTEXT,BEHAVIOR_LOW_SPEED_RESPONSE|BEHAVIOR_LOW_SPEED_RATIO_HIGH|BEHAVIOR_STOP_RESPONSE,EVENT_HIGH_HR_RECOVERY_STOP,ROUTE_LOAD_HIGH_CONTEXT|ROUTE_LOAD_VERY_HIGH_CONTEXT|VERTICAL_RANGE_HIGH|SLOPE_HIGH|IB2_EFFORT_HIGH|STEPS_SURFACE_HIGH|SLOPE_LOAD_FALLBACK_VERTICAL_RANGE|IB2_WEATHER_SENSITIVE_ROUTE_EXPOSURE_CONTEXT|WEATHER_ACTIVITY_LEVEL_ONLY|WEATHER_WIND_GUST_CONTEXT|WEATHER_HIGH_UV_CONTEXT|BEHAVIOR_LOW_SPEED_RESPONSE|BEHAVIOR_LOW_SPEED_RATIO_HIGH|BEHAVIOR_STOP_RESPONSE|ROUTE_PHASE_UNKNOWN|OSM_PROXIMITY_NOT_USAGE,VERY_HIGH_ROUTE_LOAD_CONTEXT|ROUTE_LOAD_BEHAVIOR_CANDIDATE|IB2_OR_WEATHER_CONTEXT_PRESENT,"Descriptive planning context evidence only. This is not ability scoring, not route suitability scoring, not THCI/radar scoring, and not a final hiking risk assessment. Weather is activity-level context unless an explicit safe route-window source is used. OSM proximity is not proof of facility use. IB3D/event annotations are not causality evidence."
37_1,2350,2400,1,CONSERVATIVE_PLANNING_RECOMMENDED,67.163,HIGH_ROUTE_LOAD_CONTEXT,ROUTE_LOAD_HIGH_CONTEXT|IB2_EFFORT_HIGH|STEPS_SURFACE_HIGH,WEATHER_ACTIVITY_LEVEL_ONLY|WEATHER_WIND_GUST_CONTEXT|WEATHER_HIGH_UV_CONTEXT,BEHAVIOR_LOW_SPEED_RESPONSE|BEHAVIOR_LOW_SPEED_RATIO_HIGH|BEHAVIOR_STOP_RESPONSE,EVENT_HIGH_HR_RECOVERY_STOP|EVENT_SHORT_PAUSE,ROUTE_LOAD_HIGH_CONTEXT|IB2_EFFORT_HIGH|STEPS_SURFACE_HIGH|IB2_NAVIGATION_CONTEXT|IB2_WEATHER_SENSITIVE_ROUTE_EXPOSURE_CONTEXT|GUIDEPOST_PROXIMITY_CONTEXT|WEATHER_ACTIVITY_LEVEL_ONLY|WEATHER_WIND_GUST_CONTEXT|WEATHER_HIGH_UV_CONTEXT|BEHAVIOR_LOW_SPEED_RESPONSE|BEHAVIOR_LOW_SPEED_RATIO_HIGH|BEHAVIOR_STOP_RESPONSE|ROUTE_PHASE_UNKNOWN|OSM_PROXIMITY_NOT_USAGE,ROUTE_LOAD_BEHAVIOR_CANDIDATE|IB2_OR_WEATHER_CONTEXT_PRESENT,"Descriptive planning context evidence only. This is not ability scoring, not route suitability scoring, not THCI/radar scoring, and not a final hiking risk assessment. Weather is activity-level context unless an explicit safe route-window source is used. OSM proximity is not proof of facility use. IB3D/event annotations are not causality evidence."
37_1,2400,2500,2,REVIEW_FOR_CONSERVATIVE_PLANNING,53.915,LOWER_ROUTE_LOAD_CONTEXT,IB2_EFFORT_HIGH|STEPS_SURFACE_HIGH|SLOPE_LOAD_FALLBACK_VERTICAL_RANGE,WEATHER_ACTIVITY_LEVEL_ONLY|WEATHER_WIND_GUST_CONTEXT|WEATHER_HIGH_UV_CONTEXT,BEHAVIOR_LOW_SPEED_RESPONSE|BEHAVIOR_LOW_SPEED_RATIO_HIGH|BEHAVIOR_STOP_RESPONSE|BEHAVIOR_RELATIVE_HIGH_HR_RESPONSE,EVENT_HIGH_HR_RECOVERY_STOP|EVENT_SHORT_PAUSE,IB2_EFFORT_HIGH|STEPS_SURFACE_HIGH|SLOPE_LOAD_FALLBACK_VERTICAL_RANGE|IB2_NAVIGATION_CONTEXT|IB2_WEATHER_SENSITIVE_ROUTE_EXPOSURE_CONTEXT|GUIDEPOST_PROXIMITY_CONTEXT|WEATHER_ACTIVITY_LEVEL_ONLY|WEATHER_WIND_GUST_CONTEXT|WEATHER_HIGH_UV_CONTEXT|BEHAVIOR_LOW_SPEED_RESPONSE|BEHAVIOR_LOW_SPEED_RATIO_HIGH|BEHAVIOR_STOP_RESPONSE|ROUTE_PHASE_UNKNOWN|OSM_PROXIMITY_NOT_USAGE|BEHAVIOR_RELATIVE_HIGH_HR_RESPONSE,HIGH_ROUTE_OR_IB2_CONTEXT,"Descriptive planning context evidence only. This is not ability scoring, not route suitability scoring, not THCI/radar scoring, and not a final hiking risk assessment. Weather is activity-level context unless an explicit safe route-window source is used. OSM proximity is not proof of facility use. IB3D/event annotations are not causality evidence."
37_1,2500,2550,1,CONSERVATIVE_PLANNING_RECOMMENDED,61.12,HIGH_ROUTE_LOAD_CONTEXT,ROUTE_LOAD_HIGH_CONTEXT|IB2_EFFORT_HIGH|TERRAIN_HIGH|STEPS_SURFACE_HIGH|SLOPE_LOAD_FALLBACK_VERTICAL_RANGE,WEATHER_ACTIVITY_LEVEL_ONLY|WEATHER_WIND_GUST_CONTEXT|WEATHER_HIGH_UV_CONTEXT,BEHAVIOR_RELATIVE_HIGH_HR_RESPONSE|BEHAVIOR_LOW_SPEED_RESPONSE,NONE,ROUTE_LOAD_HIGH_CONTEXT|IB2_EFFORT_HIGH|TERRAIN_HIGH|STEPS_SURFACE_HIGH|SLOPE_LOAD_FALLBACK_VERTICAL_RANGE|IB2_WEATHER_SENSITIVE_ROUTE_EXPOSURE_CONTEXT|WEATHER_ACTIVITY_LEVEL_ONLY|WEATHER_WIND_GUST_CONTEXT|WEATHER_HIGH_UV_CONTEXT|BEHAVIOR_RELATIVE_HIGH_HR_RESPONSE|BEHAVIOR_LOW_SPEED_RESPONSE|ROUTE_PHASE_UNKNOWN|OSM_PROXIMITY_NOT_USAGE,ROUTE_LOAD_BEHAVIOR_CANDIDATE|IB2_OR_WEATHER_CONTEXT_PRESENT,"Descriptive planning context evidence only. This is not ability scoring, not route suitability scoring, not THCI/radar scoring, and not a final hiking risk assessment. Weather is activity-level context unless an explicit safe route-window source is used. OSM proximity is not proof of facility use. IB3D/event annotations are not causality evidence."
37_1,2550,2850,6,TURNAROUND_CONDITION_REVIEW_RECOMMENDED,100.0,VERY_HIGH_ROUTE_LOAD_CONTEXT,ROUTE_LOAD_HIGH_CONTEXT|ROUTE_LOAD_VERY_HIGH_CONTEXT|VERTICAL_RANGE_HIGH|SLOPE_HIGH|IB2_EFFORT_HIGH|TERRAIN_HIGH|STEPS_SURFACE_HIGH,WEATHER_ACTIVITY_LEVEL_ONLY|WEATHER_WIND_GUST_CONTEXT|WEATHER_HIGH_UV_CONTEXT,BEHAVIOR_LOW_SPEED_RESPONSE|BEHAVIOR_LOW_SPEED_RATIO_HIGH|BEHAVIOR_STOP_RESPONSE|BEHAVIOR_RELATIVE_HIGH_HR_RESPONSE,EVENT_HIGH_HR_RECOVERY_STOP|EVENT_SHORT_PAUSE,ROUTE_LOAD_HIGH_CONTEXT|ROUTE_LOAD_VERY_HIGH_CONTEXT|VERTICAL_RANGE_HIGH|SLOPE_HIGH|IB2_EFFORT_HIGH|TERRAIN_HIGH|STEPS_SURFACE_HIGH|IB2_WEATHER_SENSITIVE_ROUTE_EXPOSURE_CONTEXT|WEATHER_ACTIVITY_LEVEL_ONLY|WEATHER_WIND_GUST_CONTEXT|WEATHER_HIGH_UV_CONTEXT|BEHAVIOR_LOW_SPEED_RESPONSE|BEHAVIOR_LOW_SPEED_RATIO_HIGH|BEHAVIOR_STOP_RESPONSE|ROUTE_PHASE_UNKNOWN|OSM_PROXIMITY_NOT_USAGE|BEHAVIOR_RELATIVE_HIGH_HR_RESPONSE,VERY_HIGH_ROUTE_LOAD_CONTEXT|ROUTE_LOAD_BEHAVIOR_CANDIDATE|IB2_OR_WEATHER_CONTEXT_PRESENT,"Descriptive planning context evidence only. This is not ability scoring, not route suitability scoring, not THCI/radar scoring, and not a final hiking risk assessment. Weather is activity-level context unless an explicit safe route-window source is used. OSM proximity is not proof of facility use. IB3D/event annotations are not causality evidence."
37_1,2850,2900,1,REVIEW_FOR_CONSERVATIVE_PLANNING,32.62,LOWER_ROUTE_LOAD_CONTEXT,NONE,WEATHER_ACTIVITY_LEVEL_ONLY|WEATHER_WIND_GUST_CONTEXT|WEATHER_HIGH_UV_CONTEXT,BEHAVIOR_LOW_SPEED_RESPONSE,NONE,IB2_WEATHER_SENSITIVE_ROUTE_EXPOSURE_CONTEXT|WEATHER_ACTIVITY_LEVEL_ONLY|WEATHER_WIND_GUST_CONTEXT|WEATHER_HIGH_UV_CONTEXT|BEHAVIOR_LOW_SPEED_RESPONSE|ROUTE_PHASE_UNKNOWN|OSM_PROXIMITY_NOT_USAGE,HIGH_ROUTE_OR_IB2_CONTEXT,"Descriptive planning context evidence only. This is not ability scoring, not route suitability scoring, not THCI/radar scoring, and not a final hiking risk assessment. Weather is activity-level context unless an explicit safe route-window source is used. OSM proximity is not proof of facility use. IB3D/event annotations are not causality evidence."
37_1,2900,3000,2,CONSERVATIVE_PLANNING_RECOMMENDED,74.472,HIGH_ROUTE_LOAD_CONTEXT,ROUTE_LOAD_HIGH_CONTEXT|IB2_EFFORT_HIGH|STEPS_SURFACE_HIGH|SLOPE_LOAD_FALLBACK_VERTICAL_RANGE,WEATHER_ACTIVITY_LEVEL_ONLY|WEATHER_WIND_GUST_CONTEXT|WEATHER_HIGH_UV_CONTEXT,BEHAVIOR_RELATIVE_HIGH_HR_RESPONSE|BEHAVIOR_LOW_SPEED_RESPONSE,NONE,ROUTE_LOAD_HIGH_CONTEXT|IB2_EFFORT_HIGH|STEPS_SURFACE_HIGH|SLOPE_LOAD_FALLBACK_VERTICAL_RANGE|IB2_WEATHER_SENSITIVE_ROUTE_EXPOSURE_CONTEXT|WEATHER_ACTIVITY_LEVEL_ONLY|WEATHER_WIND_GUST_CONTEXT|WEATHER_HIGH_UV_CONTEXT|BEHAVIOR_RELATIVE_HIGH_HR_RESPONSE|ROUTE_PHASE_UNKNOWN|OSM_PROXIMITY_NOT_USAGE|BEHAVIOR_LOW_SPEED_RESPONSE,ROUTE_LOAD_BEHAVIOR_CANDIDATE|IB2_OR_WEATHER_CONTEXT_PRESENT,"Descriptive planning context evidence only. This is not ability scoring, not route suitability scoring, not THCI/radar scoring, and not a final hiking risk assessment. Weather is activity-level context unless an explicit safe route-window source is used. OSM proximity is not proof of facility use. IB3D/event annotations are not causality evidence."
37_1,3000,3550,11,REVIEW_FOR_CONSERVATIVE_PLANNING,42.494,LOWER_ROUTE_LOAD_CONTEXT,SLOPE_LOAD_FALLBACK_VERTICAL_RANGE,WEATHER_ACTIVITY_LEVEL_ONLY|WEATHER_WIND_GUST_CONTEXT|WEATHER_HIGH_UV_CONTEXT,BEHAVIOR_LOW_SPEED_RESPONSE|BEHAVIOR_LOW_SPEED_RATIO_HIGH|BEHAVIOR_STOP_RESPONSE|BEHAVIOR_RELATIVE_HIGH_HR_RESPONSE,EVENT_HIGH_HR_RECOVERY_STOP,SLOPE_LOAD_FALLBACK_VERTICAL_RANGE|IB2_WEATHER_SENSITIVE_ROUTE_EXPOSURE_CONTEXT|WEATHER_ACTIVITY_LEVEL_ONLY|WEATHER_WIND_GUST_CONTEXT|WEATHER_HIGH_UV_CONTEXT|ROUTE_PHASE_UNKNOWN|OSM_PROXIMITY_NOT_USAGE|BEHAVIOR_LOW_SPEED_RESPONSE|BEHAVIOR_LOW_SPEED_RATIO_HIGH|BEHAVIOR_STOP_RESPONSE|IB2_SUPPORT_CONTEXT|IB2_NAVIGATION_CONTEXT|GUIDEPOST_PROXIMITY_CONTEXT|SHELTER_PROXIMITY_CONTEXT|BEHAVIOR_RELATIVE_HIGH_HR_RESPONSE,HIGH_ROUTE_OR_IB2_CONTEXT,"Descriptive planning context evidence only. This is not ability scoring, not route suitability scoring, not THCI/radar scoring, and not a final hiking risk assessment. Weather is activity-level context unless an explicit safe route-window source is used. OSM proximity is not proof of facility use. IB3D/event annotations are not causality evidence."
37_1,3600,3650,1,REVIEW_FOR_CONSERVATIVE_PLANNING,58.284,MODERATE_ROUTE_LOAD_CONTEXT,IB2_EFFORT_HIGH|STEPS_SURFACE_HIGH|SLOPE_LOAD_FALLBACK_VERTICAL_RANGE,WEATHER_ACTIVITY_LEVEL_ONLY|WEATHER_WIND_GUST_CONTEXT|WEATHER_HIGH_UV_CONTEXT,BEHAVIOR_RELATIVE_HIGH_HR_RESPONSE|BEHAVIOR_LOW_SPEED_RESPONSE,NONE,IB2_EFFORT_HIGH|STEPS_SURFACE_HIGH|SLOPE_LOAD_FALLBACK_VERTICAL_RANGE|IB2_WEATHER_SENSITIVE_ROUTE_EXPOSURE_CONTEXT|SHELTER_PROXIMITY_CONTEXT|WEATHER_ACTIVITY_LEVEL_ONLY|WEATHER_WIND_GUST_CONTEXT|WEATHER_HIGH_UV_CONTEXT|BEHAVIOR_RELATIVE_HIGH_HR_RESPONSE|BEHAVIOR_LOW_SPEED_RESPONSE|ROUTE_PHASE_UNKNOWN|OSM_PROXIMITY_NOT_USAGE,HIGH_ROUTE_OR_IB2_CONTEXT,"Descriptive planning context evidence only. This is not ability scoring, not route suitability scoring, not THCI/radar scoring, and not a final hiking risk assessment. Weather is activity-level context unless an explicit safe route-window source is used. OSM proximity is not proof of facility use. IB3D/event annotations are not causality evidence."
37_1,3650,3950,6,CONSERVATIVE_PLANNING_RECOMMENDED,89.38,HIGH_ROUTE_LOAD_CONTEXT,ROUTE_LOAD_HIGH_CONTEXT|IB2_EFFORT_HIGH|STEPS_SURFACE_HIGH|SLOPE_LOAD_FALLBACK_VERTICAL_RANGE|TERRAIN_HIGH|ROUTE_LOAD_VERY_HIGH_CONTEXT|VERTICAL_RANGE_HIGH|SLOPE_HIGH,WEATHER_ACTIVITY_LEVEL_ONLY|WEATHER_WIND_GUST_CONTEXT|WEATHER_HIGH_UV_CONTEXT,BEHAVIOR_RELATIVE_HIGH_HR_RESPONSE|BEHAVIOR_LOW_SPEED_RESPONSE,NONE,ROUTE_LOAD_HIGH_CONTEXT|IB2_EFFORT_HIGH|STEPS_SURFACE_HIGH|SLOPE_LOAD_FALLBACK_VERTICAL_RANGE|IB2_WEATHER_SENSITIVE_ROUTE_EXPOSURE_CONTEXT|WEATHER_ACTIVITY_LEVEL_ONLY|WEATHER_WIND_GUST_CONTEXT|WEATHER_HIGH_UV_CONTEXT|BEHAVIOR_RELATIVE_HIGH_HR_RESPONSE|BEHAVIOR_LOW_SPEED_RESPONSE|ROUTE_PHASE_UNKNOWN|OSM_PROXIMITY_NOT_USAGE|TERRAIN_HIGH|ROUTE_LOAD_VERY_HIGH_CONTEXT|VERTICAL_RANGE_HIGH|SLOPE_HIGH,ROUTE_LOAD_BEHAVIOR_CANDIDATE|IB2_OR_WEATHER_CONTEXT_PRESENT|VERY_HIGH_ROUTE_LOAD_CONTEXT,"Descriptive planning context evidence only. This is not ability scoring, not route suitability scoring, not THCI/radar scoring, and not a final hiking risk assessment. Weather is activity-level context unless an explicit safe route-window source is used. OSM proximity is not proof of facility use. IB3D/event annotations are not causality evidence."
37_1,3950,4050,2,TURNAROUND_CONDITION_REVIEW_RECOMMENDED,100.0,VERY_HIGH_ROUTE_LOAD_CONTEXT,ROUTE_LOAD_HIGH_CONTEXT|ROUTE_LOAD_VERY_HIGH_CONTEXT|VERTICAL_RANGE_HIGH|SLOPE_HIGH|IB2_EFFORT_HIGH|TERRAIN_HIGH|STEPS_SURFACE_HIGH|SLOPE_LOAD_FALLBACK_VERTICAL_RANGE,WEATHER_ACTIVITY_LEVEL_ONLY|WEATHER_WIND_GUST_CONTEXT|WEATHER_HIGH_UV_CONTEXT,BEHAVIOR_LOW_SPEED_RESPONSE|BEHAVIOR_LOW_SPEED_RATIO_HIGH,NONE,ROUTE_LOAD_HIGH_CONTEXT|ROUTE_LOAD_VERY_HIGH_CONTEXT|VERTICAL_RANGE_HIGH|SLOPE_HIGH|IB2_EFFORT_HIGH|TERRAIN_HIGH|STEPS_SURFACE_HIGH|SLOPE_LOAD_FALLBACK_VERTICAL_RANGE|IB2_WEATHER_SENSITIVE_ROUTE_EXPOSURE_CONTEXT|WATERWAY_PROXIMITY_CONTEXT|WEATHER_ACTIVITY_LEVEL_ONLY|WEATHER_WIND_GUST_CONTEXT|WEATHER_HIGH_UV_CONTEXT|BEHAVIOR_LOW_SPEED_RESPONSE|BEHAVIOR_LOW_SPEED_RATIO_HIGH|ROUTE_PHASE_UNKNOWN|OSM_PROXIMITY_NOT_USAGE,VERY_HIGH_ROUTE_LOAD_CONTEXT|ROUTE_LOAD_BEHAVIOR_CANDIDATE|IB2_OR_WEATHER_CONTEXT_PRESENT,"Descriptive planning context evidence only. This is not ability scoring, not route suitability scoring, not THCI/radar scoring, and not a final hiking risk assessment. Weather is activity-level context unless an explicit safe route-window source is used. OSM proximity is not proof of facility use. IB3D/event annotations are not causality evidence."
37_1,4050,4100,1,CONSERVATIVE_PLANNING_RECOMMENDED,70.63,HIGH_ROUTE_LOAD_CONTEXT,ROUTE_LOAD_HIGH_CONTEXT|IB2_EFFORT_HIGH|STEPS_SURFACE_HIGH,WEATHER_ACTIVITY_LEVEL_ONLY|WEATHER_WIND_GUST_CONTEXT|WEATHER_HIGH_UV_CONTEXT,NONE,NONE,ROUTE_LOAD_HIGH_CONTEXT|IB2_EFFORT_HIGH|STEPS_SURFACE_HIGH|IB2_WEATHER_SENSITIVE_ROUTE_EXPOSURE_CONTEXT|WATERWAY_PROXIMITY_CONTEXT|WEATHER_ACTIVITY_LEVEL_ONLY|WEATHER_WIND_GUST_CONTEXT|WEATHER_HIGH_UV_CONTEXT|ROUTE_PHASE_UNKNOWN|OSM_PROXIMITY_NOT_USAGE,IB2_OR_WEATHER_CONTEXT_PRESENT,"Descriptive planning context evidence only. This is not ability scoring, not route suitability scoring, not THCI/radar scoring, and not a final hiking risk assessment. Weather is activity-level context unless an explicit safe route-window source is used. OSM proximity is not proof of facility use. IB3D/event annotations are not causality evidence."
37_1,4100,4150,1,REVIEW_FOR_CONSERVATIVE_PLANNING,19.683,LOWER_ROUTE_LOAD_CONTEXT,NONE,WEATHER_ACTIVITY_LEVEL_ONLY|WEATHER_WIND_GUST_CONTEXT|WEATHER_HIGH_UV_CONTEXT,NONE,NONE,IB2_NAVIGATION_CONTEXT|IB2_WEATHER_SENSITIVE_ROUTE_EXPOSURE_CONTEXT|WATERWAY_PROXIMITY_CONTEXT|GUIDEPOST_PROXIMITY_CONTEXT|WEATHER_ACTIVITY_LEVEL_ONLY|WEATHER_WIND_GUST_CONTEXT|WEATHER_HIGH_UV_CONTEXT|ROUTE_PHASE_UNKNOWN|OSM_PROXIMITY_NOT_USAGE,HIGH_ROUTE_OR_IB2_CONTEXT,"Descriptive planning context evidence only. This is not ability scoring, not route suitability scoring, not THCI/radar scoring, and not a final hiking risk assessment. Weather is activity-level context unless an explicit safe route-window source is used. OSM proximity is not proof of facility use. IB3D/event annotations are not causality evidence."
37_1,4150,4200,1,CONSERVATIVE_PLANNING_RECOMMENDED,60.667,HIGH_ROUTE_LOAD_CONTEXT,ROUTE_LOAD_HIGH_CONTEXT|IB2_EFFORT_HIGH,WEATHER_ACTIVITY_LEVEL_ONLY|WEATHER_WIND_GUST_CONTEXT|WEATHER_HIGH_UV_CONTEXT,BEHAVIOR_LOW_SPEED_RESPONSE,TERMINAL_ARTIFACT_REVIEW_ONLY,ROUTE_LOAD_HIGH_CONTEXT|IB2_EFFORT_HIGH|IB2_NAVIGATION_CONTEXT|IB2_WEATHER_SENSITIVE_ROUTE_EXPOSURE_CONTEXT|WATERWAY_PROXIMITY_CONTEXT|GUIDEPOST_PROXIMITY_CONTEXT|WEATHER_ACTIVITY_LEVEL_ONLY|WEATHER_WIND_GUST_CONTEXT|WEATHER_HIGH_UV_CONTEXT|BEHAVIOR_LOW_SPEED_RESPONSE|ROUTE_PHASE_UNKNOWN|OSM_PROXIMITY_NOT_USAGE,ROUTE_LOAD_BEHAVIOR_CANDIDATE|IB2_OR_WEATHER_CONTEXT_PRESENT,"Descriptive planning context evidence only. This is not ability scoring, not route suitability scoring, not THCI/radar scoring, and not a final hiking risk assessment. Weather is activity-level context unless an explicit safe route-window source is used. OSM proximity is not proof of facility use. IB3D/event annotations are not causality evidence."
38_1,0,100,2,REVIEW_FOR_CONSERVATIVE_PLANNING,56.441,LOWER_ROUTE_LOAD_CONTEXT,IB2_EFFORT_HIGH|STEPS_SURFACE_HIGH,WEATHER_ACTIVITY_LEVEL_ONLY|WEATHER_HUMID_CONTEXT|WEATHER_WIND_GUST_CONTEXT|WEATHER_HIGH_UV_CONTEXT,BEHAVIOR_LOW_SPEED_RESPONSE,EVENT_REVIEW_REQUIRED,IB2_NAVIGATION_CONTEXT|IB2_WEATHER_SENSITIVE_ROUTE_EXPOSURE_CONTEXT|WATERWAY_PROXIMITY_CONTEXT|GUIDEPOST_PROXIMITY_CONTEXT|WEATHER_ACTIVITY_LEVEL_ONLY|WEATHER_HUMID_CONTEXT|WEATHER_WIND_GUST_CONTEXT|WEATHER_HIGH_UV_CONTEXT|BEHAVIOR_LOW_SPEED_RESPONSE|ROUTE_PHASE_UNKNOWN|OSM_PROXIMITY_NOT_USAGE|IB2_EFFORT_HIGH|STEPS_SURFACE_HIGH,HIGH_ROUTE_OR_IB2_CONTEXT,"Descriptive planning context evidence only. This is not ability scoring, not route suitability scoring, not THCI/radar scoring, and not a final hiking risk assessment. Weather is activity-level context unless an explicit safe route-window source is used. OSM proximity is not proof of facility use. IB3D/event annotations are not causality evidence."
38_1,100,150,1,CONSERVATIVE_PLANNING_RECOMMENDED,67.748,HIGH_ROUTE_LOAD_CONTEXT,ROUTE_LOAD_HIGH_CONTEXT|IB2_EFFORT_HIGH|STEPS_SURFACE_HIGH,WEATHER_ACTIVITY_LEVEL_ONLY|WEATHER_HUMID_CONTEXT|WEATHER_WIND_GUST_CONTEXT|WEATHER_HIGH_UV_CONTEXT,BEHAVIOR_LOW_SPEED_RESPONSE,EVENT_REVIEW_REQUIRED,ROUTE_LOAD_HIGH_CONTEXT|IB2_EFFORT_HIGH|STEPS_SURFACE_HIGH|IB2_WEATHER_SENSITIVE_ROUTE_EXPOSURE_CONTEXT|WATERWAY_PROXIMITY_CONTEXT|WEATHER_ACTIVITY_LEVEL_ONLY|WEATHER_HUMID_CONTEXT|WEATHER_WIND_GUST_CONTEXT|WEATHER_HIGH_UV_CONTEXT|BEHAVIOR_LOW_SPEED_RESPONSE|ROUTE_PHASE_UNKNOWN|OSM_PROXIMITY_NOT_USAGE,ROUTE_LOAD_BEHAVIOR_CANDIDATE|IB2_OR_WEATHER_CONTEXT_PRESENT,"Descriptive planning context evidence only. This is not ability scoring, not route suitability scoring, not THCI/radar scoring, and not a final hiking risk assessment. Weather is activity-level context unless an explicit safe route-window source is used. OSM proximity is not proof of facility use. IB3D/event annotations are not causality evidence."
38_1,150,300,3,TURNAROUND_CONDITION_REVIEW_RECOMMENDED,98.982,VERY_HIGH_ROUTE_LOAD_CONTEXT,ROUTE_LOAD_HIGH_CONTEXT|ROUTE_LOAD_VERY_HIGH_CONTEXT|VERTICAL_RANGE_HIGH|IB2_EFFORT_HIGH|TERRAIN_HIGH|STEPS_SURFACE_HIGH|SLOPE_HIGH,WEATHER_ACTIVITY_LEVEL_ONLY|WEATHER_HUMID_CONTEXT|WEATHER_WIND_GUST_CONTEXT|WEATHER_HIGH_UV_CONTEXT,BEHAVIOR_LOW_SPEED_RESPONSE|BEHAVIOR_RELATIVE_HIGH_HR_RESPONSE,EVENT_REVIEW_REQUIRED,ROUTE_LOAD_HIGH_CONTEXT|ROUTE_LOAD_VERY_HIGH_CONTEXT|VERTICAL_RANGE_HIGH|IB2_EFFORT_HIGH|TERRAIN_HIGH|STEPS_SURFACE_HIGH|IB2_WEATHER_SENSITIVE_ROUTE_EXPOSURE_CONTEXT|WATERWAY_PROXIMITY_CONTEXT|WEATHER_ACTIVITY_LEVEL_ONLY|WEATHER_HUMID_CONTEXT|WEATHER_WIND_GUST_CONTEXT|WEATHER_HIGH_UV_CONTEXT|BEHAVIOR_LOW_SPEED_RESPONSE|ROUTE_PHASE_UNKNOWN|OSM_PROXIMITY_NOT_USAGE|SLOPE_HIGH|BEHAVIOR_RELATIVE_HIGH_HR_RESPONSE,VERY_HIGH_ROUTE_LOAD_CONTEXT|ROUTE_LOAD_BEHAVIOR_CANDIDATE|IB2_OR_WEATHER_CONTEXT_PRESENT,"Descriptive planning context evidence only. This is not ability scoring, not route suitability scoring, not THCI/radar scoring, and not a final hiking risk assessment. Weather is activity-level context unless an explicit safe route-window source is used. OSM proximity is not proof of facility use. IB3D/event annotations are not causality evidence."
38_1,300,350,1,CONSERVATIVE_PLANNING_RECOMMENDED,67.322,HIGH_ROUTE_LOAD_CONTEXT,ROUTE_LOAD_HIGH_CONTEXT|IB2_EFFORT_HIGH|TERRAIN_HIGH|STEPS_SURFACE_HIGH,WEATHER_ACTIVITY_LEVEL_ONLY|WEATHER_HUMID_CONTEXT|WEATHER_WIND_GUST_CONTEXT|WEATHER_HIGH_UV_CONTEXT,BEHAVIOR_RELATIVE_HIGH_HR_RESPONSE,EVENT_REVIEW_REQUIRED,ROUTE_LOAD_HIGH_CONTEXT|IB2_EFFORT_HIGH|TERRAIN_HIGH|STEPS_SURFACE_HIGH|IB2_WEATHER_SENSITIVE_ROUTE_EXPOSURE_CONTEXT|WEATHER_ACTIVITY_LEVEL_ONLY|WEATHER_HUMID_CONTEXT|WEATHER_WIND_GUST_CONTEXT|WEATHER_HIGH_UV_CONTEXT|BEHAVIOR_RELATIVE_HIGH_HR_RESPONSE|ROUTE_PHASE_UNKNOWN|OSM_PROXIMITY_NOT_USAGE,ROUTE_LOAD_BEHAVIOR_CANDIDATE|IB2_OR_WEATHER_CONTEXT_PRESENT,"Descriptive planning context evidence only. This is not ability scoring, not route suitability scoring, not THCI/radar scoring, and not a final hiking risk assessment. Weather is activity-level context unless an explicit safe route-window source is used. OSM proximity is not proof of facility use. IB3D/event annotations are not causality evidence."
38_1,350,400,1,TURNAROUND_CONDITION_REVIEW_RECOMMENDED,90.172,VERY_HIGH_ROUTE_LOAD_CONTEXT,ROUTE_LOAD_HIGH_CONTEXT|ROUTE_LOAD_VERY_HIGH_CONTEXT|VERTICAL_RANGE_HIGH|SLOPE_HIGH|IB2_EFFORT_HIGH|TERRAIN_HIGH|STEPS_SURFACE_HIGH,WEATHER_ACTIVITY_LEVEL_ONLY|WEATHER_HUMID_CONTEXT|WEATHER_WIND_GUST_CONTEXT|WEATHER_HIGH_UV_CONTEXT,BEHAVIOR_RELATIVE_HIGH_HR_RESPONSE|BEHAVIOR_LOW_SPEED_RESPONSE,EVENT_REVIEW_REQUIRED,ROUTE_LOAD_HIGH_CONTEXT|ROUTE_LOAD_VERY_HIGH_CONTEXT|VERTICAL_RANGE_HIGH|SLOPE_HIGH|IB2_EFFORT_HIGH|TERRAIN_HIGH|STEPS_SURFACE_HIGH|IB2_WEATHER_SENSITIVE_ROUTE_EXPOSURE_CONTEXT|WEATHER_ACTIVITY_LEVEL_ONLY|WEATHER_HUMID_CONTEXT|WEATHER_WIND_GUST_CONTEXT|WEATHER_HIGH_UV_CONTEXT|BEHAVIOR_RELATIVE_HIGH_HR_RESPONSE|BEHAVIOR_LOW_SPEED_RESPONSE|ROUTE_PHASE_UNKNOWN|OSM_PROXIMITY_NOT_USAGE,VERY_HIGH_ROUTE_LOAD_CONTEXT|ROUTE_LOAD_BEHAVIOR_CANDIDATE|IB2_OR_WEATHER_CONTEXT_PRESENT,"Descriptive planning context evidence only. This is not ability scoring, not route suitability scoring, not THCI/radar scoring, and not a final hiking risk assessment. Weather is activity-level context unless an explicit safe route-window source is used. OSM proximity is not proof of facility use. IB3D/event annotations are not causality evidence."
38_1,400,450,1,CONSERVATIVE_PLANNING_RECOMMENDED,74.656,HIGH_ROUTE_LOAD_CONTEXT,ROUTE_LOAD_HIGH_CONTEXT|IB2_EFFORT_HIGH|TERRAIN_HIGH|STEPS_SURFACE_HIGH,WEATHER_ACTIVITY_LEVEL_ONLY|WEATHER_HUMID_CONTEXT|WEATHER_WIND_GUST_CONTEXT|WEATHER_HIGH_UV_CONTEXT,BEHAVIOR_RELATIVE_HIGH_HR_RESPONSE|BEHAVIOR_LOW_SPEED_RESPONSE,EVENT_REVIEW_REQUIRED,ROUTE_LOAD_HIGH_CONTEXT|IB2_EFFORT_HIGH|TERRAIN_HIGH|STEPS_SURFACE_HIGH|IB2_WEATHER_SENSITIVE_ROUTE_EXPOSURE_CONTEXT|WEATHER_ACTIVITY_LEVEL_ONLY|WEATHER_HUMID_CONTEXT|WEATHER_WIND_GUST_CONTEXT|WEATHER_HIGH_UV_CONTEXT|BEHAVIOR_RELATIVE_HIGH_HR_RESPONSE|BEHAVIOR_LOW_SPEED_RESPONSE|ROUTE_PHASE_UNKNOWN|OSM_PROXIMITY_NOT_USAGE,ROUTE_LOAD_BEHAVIOR_CANDIDATE|IB2_OR_WEATHER_CONTEXT_PRESENT,"Descriptive planning context evidence only. This is not ability scoring, not route suitability scoring, not THCI/radar scoring, and not a final hiking risk assessment. Weather is activity-level context unless an explicit safe route-window source is used. OSM proximity is not proof of facility use. IB3D/event annotations are not causality evidence."
38_1,450,550,2,TURNAROUND_CONDITION_REVIEW_RECOMMENDED,83.597,VERY_HIGH_ROUTE_LOAD_CONTEXT,ROUTE_LOAD_HIGH_CONTEXT|ROUTE_LOAD_VERY_HIGH_CONTEXT|IB2_EFFORT_HIGH|TERRAIN_HIGH|STEPS_SURFACE_HIGH|SLOPE_HIGH,WEATHER_ACTIVITY_LEVEL_ONLY|WEATHER_HUMID_CONTEXT|WEATHER_WIND_GUST_CONTEXT|WEATHER_HIGH_UV_CONTEXT,BEHAVIOR_LOW_SPEED_RESPONSE|BEHAVIOR_RELATIVE_HIGH_HR_RESPONSE,EVENT_REVIEW_REQUIRED,ROUTE_LOAD_HIGH_CONTEXT|ROUTE_LOAD_VERY_HIGH_CONTEXT|IB2_EFFORT_HIGH|TERRAIN_HIGH|STEPS_SURFACE_HIGH|IB2_WEATHER_SENSITIVE_ROUTE_EXPOSURE_CONTEXT|WEATHER_ACTIVITY_LEVEL_ONLY|WEATHER_HUMID_CONTEXT|WEATHER_WIND_GUST_CONTEXT|WEATHER_HIGH_UV_CONTEXT|BEHAVIOR_LOW_SPEED_RESPONSE|ROUTE_PHASE_UNKNOWN|OSM_PROXIMITY_NOT_USAGE|SLOPE_HIGH|BEHAVIOR_RELATIVE_HIGH_HR_RESPONSE,VERY_HIGH_ROUTE_LOAD_CONTEXT|ROUTE_LOAD_BEHAVIOR_CANDIDATE|IB2_OR_WEATHER_CONTEXT_PRESENT,"Descriptive planning context evidence only. This is not ability scoring, not route suitability scoring, not THCI/radar scoring, and not a final hiking risk assessment. Weather is activity-level context unless an explicit safe route-window source is used. OSM proximity is not proof of facility use. IB3D/event annotations are not causality evidence."
38_1,550,650,2,REVIEW_FOR_CONSERVATIVE_PLANNING,36.57,LOWER_ROUTE_LOAD_CONTEXT,SLOPE_HIGH|SLOPE_LOAD_FALLBACK_VERTICAL_RANGE,WEATHER_ACTIVITY_LEVEL_ONLY|WEATHER_HUMID_CONTEXT|WEATHER_WIND_GUST_CONTEXT|WEATHER_HIGH_UV_CONTEXT,BEHAVIOR_LOW_SPEED_RESPONSE,EVENT_REVIEW_REQUIRED,SLOPE_HIGH|IB2_WEATHER_SENSITIVE_ROUTE_EXPOSURE_CONTEXT|SHELTER_PROXIMITY_CONTEXT|WEATHER_ACTIVITY_LEVEL_ONLY|WEATHER_HUMID_CONTEXT|WEATHER_WIND_GUST_CONTEXT|WEATHER_HIGH_UV_CONTEXT|BEHAVIOR_LOW_SPEED_RESPONSE|ROUTE_PHASE_UNKNOWN|OSM_PROXIMITY_NOT_USAGE|SLOPE_LOAD_FALLBACK_VERTICAL_RANGE|IB2_NAVIGATION_CONTEXT|GUIDEPOST_PROXIMITY_CONTEXT,HIGH_ROUTE_OR_IB2_CONTEXT,"Descriptive planning context evidence only. This is not ability scoring, not route suitability scoring, not THCI/radar scoring, and not a final hiking risk assessment. Weather is activity-level context unless an explicit safe route-window source is used. OSM proximity is not proof of facility use. IB3D/event annotations are not causality evidence."
38_1,700,750,1,REVIEW_FOR_CONSERVATIVE_PLANNING,28.697,LOWER_ROUTE_LOAD_CONTEXT,SLOPE_HIGH,WEATHER_ACTIVITY_LEVEL_ONLY|WEATHER_HUMID_CONTEXT|WEATHER_WIND_GUST_CONTEXT|WEATHER_HIGH_UV_CONTEXT,BEHAVIOR_LOW_SPEED_RESPONSE,NONE,SLOPE_HIGH|IB2_WEATHER_SENSITIVE_ROUTE_EXPOSURE_CONTEXT|SHELTER_PROXIMITY_CONTEXT|WEATHER_ACTIVITY_LEVEL_ONLY|WEATHER_HUMID_CONTEXT|WEATHER_WIND_GUST_CONTEXT|WEATHER_HIGH_UV_CONTEXT|BEHAVIOR_LOW_SPEED_RESPONSE|ROUTE_PHASE_UNKNOWN|OSM_PROXIMITY_NOT_USAGE,HIGH_ROUTE_OR_IB2_CONTEXT,"Descriptive planning context evidence only. This is not ability scoring, not route suitability scoring, not THCI/radar scoring, and not a final hiking risk assessment. Weather is activity-level context unless an explicit safe route-window source is used. OSM proximity is not proof of facility use. IB3D/event annotations are not causality evidence."
38_1,800,1200,8,REVIEW_FOR_CONSERVATIVE_PLANNING,46.775,LOWER_ROUTE_LOAD_CONTEXT,SLOPE_HIGH,WEATHER_ACTIVITY_LEVEL_ONLY|WEATHER_HUMID_CONTEXT|WEATHER_WIND_GUST_CONTEXT|WEATHER_HIGH_UV_CONTEXT,BEHAVIOR_LOW_SPEED_RESPONSE,NONE,IB2_NAVIGATION_CONTEXT|IB2_WEATHER_SENSITIVE_ROUTE_EXPOSURE_CONTEXT|GUIDEPOST_PROXIMITY_CONTEXT|WEATHER_ACTIVITY_LEVEL_ONLY|WEATHER_HUMID_CONTEXT|WEATHER_WIND_GUST_CONTEXT|WEATHER_HIGH_UV_CONTEXT|ROUTE_PHASE_UNKNOWN|OSM_PROXIMITY_NOT_USAGE|IB2_SUPPORT_CONTEXT|BEHAVIOR_LOW_SPEED_RESPONSE|SLOPE_HIGH,HIGH_ROUTE_OR_IB2_CONTEXT,"Descriptive planning context evidence only. This is not ability scoring, not route suitability scoring, not THCI/radar scoring, and not a final hiking risk assessment. Weather is activity-level context unless an explicit safe route-window source is used. OSM proximity is not proof of facility use. IB3D/event annotations are not causality evidence."
38_1,1200,1300,2,CONSERVATIVE_PLANNING_RECOMMENDED,72.494,HIGH_ROUTE_LOAD_CONTEXT,ROUTE_LOAD_HIGH_CONTEXT|IB2_EFFORT_HIGH|STEPS_SURFACE_HIGH,WEATHER_ACTIVITY_LEVEL_ONLY|WEATHER_HUMID_CONTEXT|WEATHER_WIND_GUST_CONTEXT|WEATHER_HIGH_UV_CONTEXT,BEHAVIOR_RELATIVE_HIGH_HR_RESPONSE|BEHAVIOR_LOW_SPEED_RESPONSE,NONE,ROUTE_LOAD_HIGH_CONTEXT|IB2_EFFORT_HIGH|STEPS_SURFACE_HIGH|IB2_WEATHER_SENSITIVE_ROUTE_EXPOSURE_CONTEXT|WEATHER_ACTIVITY_LEVEL_ONLY|WEATHER_HUMID_CONTEXT|WEATHER_WIND_GUST_CONTEXT|WEATHER_HIGH_UV_CONTEXT|BEHAVIOR_RELATIVE_HIGH_HR_RESPONSE|BEHAVIOR_LOW_SPEED_RESPONSE|ROUTE_PHASE_UNKNOWN|OSM_PROXIMITY_NOT_USAGE,ROUTE_LOAD_BEHAVIOR_CANDIDATE|IB2_OR_WEATHER_CONTEXT_PRESENT,"Descriptive planning context evidence only. This is not ability scoring, not route suitability scoring, not THCI/radar scoring, and not a final hiking risk assessment. Weather is activity-level context unless an explicit safe route-window source is used. OSM proximity is not proof of facility use. IB3D/event annotations are not causality evidence."
38_1,1300,1350,1,REVIEW_FOR_CONSERVATIVE_PLANNING,35.017,MODERATE_ROUTE_LOAD_CONTEXT,NONE,WEATHER_ACTIVITY_LEVEL_ONLY|WEATHER_HUMID_CONTEXT|WEATHER_WIND_GUST_CONTEXT|WEATHER_HIGH_UV_CONTEXT,NONE,NONE,IB2_WEATHER_SENSITIVE_ROUTE_EXPOSURE_CONTEXT|WEATHER_ACTIVITY_LEVEL_ONLY|WEATHER_HUMID_CONTEXT|WEATHER_WIND_GUST_CONTEXT|WEATHER_HIGH_UV_CONTEXT|ROUTE_PHASE_UNKNOWN|OSM_PROXIMITY_NOT_USAGE,HIGH_ROUTE_OR_IB2_CONTEXT,"Descriptive planning context evidence only. This is not ability scoring, not route suitability scoring, not THCI/radar scoring, and not a final hiking risk assessment. Weather is activity-level context unless an explicit safe route-window source is used. OSM proximity is not proof of facility use. IB3D/event annotations are not causality evidence."
38_1,1350,1550,4,TURNAROUND_CONDITION_REVIEW_RECOMMENDED,100.0,VERY_HIGH_ROUTE_LOAD_CONTEXT,ROUTE_LOAD_HIGH_CONTEXT|ROUTE_LOAD_VERY_HIGH_CONTEXT|VERTICAL_RANGE_HIGH|SLOPE_HIGH|IB2_EFFORT_HIGH|TERRAIN_HIGH|STEPS_SURFACE_HIGH|SLOPE_LOAD_FALLBACK_VERTICAL_RANGE,WEATHER_ACTIVITY_LEVEL_ONLY|WEATHER_HUMID_CONTEXT|WEATHER_WIND_GUST_CONTEXT|WEATHER_HIGH_UV_CONTEXT,BEHAVIOR_RELATIVE_HIGH_HR_RESPONSE|BEHAVIOR_LOW_SPEED_RESPONSE,NONE,ROUTE_LOAD_HIGH_CONTEXT|ROUTE_LOAD_VERY_HIGH_CONTEXT|VERTICAL_RANGE_HIGH|SLOPE_HIGH|IB2_EFFORT_HIGH|TERRAIN_HIGH|STEPS_SURFACE_HIGH|IB2_WEATHER_SENSITIVE_ROUTE_EXPOSURE_CONTEXT|WEATHER_ACTIVITY_LEVEL_ONLY|WEATHER_HUMID_CONTEXT|WEATHER_WIND_GUST_CONTEXT|WEATHER_HIGH_UV_CONTEXT|BEHAVIOR_RELATIVE_HIGH_HR_RESPONSE|BEHAVIOR_LOW_SPEED_RESPONSE|ROUTE_PHASE_UNKNOWN|OSM_PROXIMITY_NOT_USAGE|SLOPE_LOAD_FALLBACK_VERTICAL_RANGE,VERY_HIGH_ROUTE_LOAD_CONTEXT|ROUTE_LOAD_BEHAVIOR_CANDIDATE|IB2_OR_WEATHER_CONTEXT_PRESENT,"Descriptive planning context evidence only. This is not ability scoring, not route suitability scoring, not THCI/radar scoring, and not a final hiking risk assessment. Weather is activity-level context unless an explicit safe route-window source is used. OSM proximity is not proof of facility use. IB3D/event annotations are not causality evidence."
38_1,1550,1600,1,CONSERVATIVE_PLANNING_RECOMMENDED,70.67,HIGH_ROUTE_LOAD_CONTEXT,ROUTE_LOAD_HIGH_CONTEXT|IB2_EFFORT_HIGH|TERRAIN_HIGH|STEPS_SURFACE_HIGH|SLOPE_LOAD_FALLBACK_VERTICAL_RANGE,WEATHER_ACTIVITY_LEVEL_ONLY|WEATHER_HUMID_CONTEXT|WEATHER_WIND_GUST_CONTEXT|WEATHER_HIGH_UV_CONTEXT,BEHAVIOR_LOW_SPEED_RESPONSE,NONE,ROUTE_LOAD_HIGH_CONTEXT|IB2_EFFORT_HIGH|TERRAIN_HIGH|STEPS_SURFACE_HIGH|SLOPE_LOAD_FALLBACK_VERTICAL_RANGE|IB2_WEATHER_SENSITIVE_ROUTE_EXPOSURE_CONTEXT|WEATHER_ACTIVITY_LEVEL_ONLY|WEATHER_HUMID_CONTEXT|WEATHER_WIND_GUST_CONTEXT|WEATHER_HIGH_UV_CONTEXT|BEHAVIOR_LOW_SPEED_RESPONSE|ROUTE_PHASE_UNKNOWN|OSM_PROXIMITY_NOT_USAGE,ROUTE_LOAD_BEHAVIOR_CANDIDATE|IB2_OR_WEATHER_CONTEXT_PRESENT,"Descriptive planning context evidence only. This is not ability scoring, not route suitability scoring, not THCI/radar scoring, and not a final hiking risk assessment. Weather is activity-level context unless an explicit safe route-window source is used. OSM proximity is not proof of facility use. IB3D/event annotations are not causality evidence."
38_1,1600,1650,1,TURNAROUND_CONDITION_REVIEW_RECOMMENDED,93.181,VERY_HIGH_ROUTE_LOAD_CONTEXT,ROUTE_LOAD_HIGH_CONTEXT|ROUTE_LOAD_VERY_HIGH_CONTEXT|VERTICAL_RANGE_HIGH|SLOPE_HIGH|IB2_EFFORT_HIGH|TERRAIN_HIGH|STEPS_SURFACE_HIGH,WEATHER_ACTIVITY_LEVEL_ONLY|WEATHER_HUMID_CONTEXT|WEATHER_WIND_GUST_CONTEXT|WEATHER_HIGH_UV_CONTEXT,BEHAVIOR_LOW_SPEED_RESPONSE,NONE,ROUTE_LOAD_HIGH_CONTEXT|ROUTE_LOAD_VERY_HIGH_CONTEXT|VERTICAL_RANGE_HIGH|SLOPE_HIGH|IB2_EFFORT_HIGH|TERRAIN_HIGH|STEPS_SURFACE_HIGH|IB2_WEATHER_SENSITIVE_ROUTE_EXPOSURE_CONTEXT|WEATHER_ACTIVITY_LEVEL_ONLY|WEATHER_HUMID_CONTEXT|WEATHER_WIND_GUST_CONTEXT|WEATHER_HIGH_UV_CONTEXT|BEHAVIOR_LOW_SPEED_RESPONSE|ROUTE_PHASE_UNKNOWN|OSM_PROXIMITY_NOT_USAGE,VERY_HIGH_ROUTE_LOAD_CONTEXT|ROUTE_LOAD_BEHAVIOR_CANDIDATE|IB2_OR_WEATHER_CONTEXT_PRESENT,"Descriptive planning context evidence only. This is not ability scoring, not route suitability scoring, not THCI/radar scoring, and not a final hiking risk assessment. Weather is activity-level context unless an explicit safe route-window source is used. OSM proximity is not proof of facility use. IB3D/event annotations are not causality evidence."
38_1,1650,1850,4,REVIEW_FOR_CONSERVATIVE_PLANNING,59.813,MODERATE_ROUTE_LOAD_CONTEXT,IB2_EFFORT_HIGH|STEPS_SURFACE_HIGH|SLOPE_HIGH,WEATHER_ACTIVITY_LEVEL_ONLY|WEATHER_HUMID_CONTEXT|WEATHER_WIND_GUST_CONTEXT|WEATHER_HIGH_UV_CONTEXT,BEHAVIOR_LOW_SPEED_RESPONSE,NONE,IB2_EFFORT_HIGH|STEPS_SURFACE_HIGH|IB2_WEATHER_SENSITIVE_ROUTE_EXPOSURE_CONTEXT|WEATHER_ACTIVITY_LEVEL_ONLY|WEATHER_HUMID_CONTEXT|WEATHER_WIND_GUST_CONTEXT|WEATHER_HIGH_UV_CONTEXT|BEHAVIOR_LOW_SPEED_RESPONSE|ROUTE_PHASE_UNKNOWN|OSM_PROXIMITY_NOT_USAGE|IB2_NAVIGATION_CONTEXT|GUIDEPOST_PROXIMITY_CONTEXT|SLOPE_HIGH,HIGH_ROUTE_OR_IB2_CONTEXT,"Descriptive planning context evidence only. This is not ability scoring, not route suitability scoring, not THCI/radar scoring, and not a final hiking risk assessment. Weather is activity-level context unless an explicit safe route-window source is used. OSM proximity is not proof of facility use. IB3D/event annotations are not causality evidence."
38_1,1850,1900,1,TURNAROUND_CONDITION_REVIEW_RECOMMENDED,91.179,VERY_HIGH_ROUTE_LOAD_CONTEXT,ROUTE_LOAD_HIGH_CONTEXT|ROUTE_LOAD_VERY_HIGH_CONTEXT|VERTICAL_RANGE_HIGH|SLOPE_HIGH|IB2_EFFORT_HIGH|TERRAIN_HIGH|STEPS_SURFACE_HIGH,WEATHER_ACTIVITY_LEVEL_ONLY|WEATHER_HUMID_CONTEXT|WEATHER_WIND_GUST_CONTEXT|WEATHER_HIGH_UV_CONTEXT,BEHAVIOR_LOW_SPEED_RESPONSE,NONE,ROUTE_LOAD_HIGH_CONTEXT|ROUTE_LOAD_VERY_HIGH_CONTEXT|VERTICAL_RANGE_HIGH|SLOPE_HIGH|IB2_EFFORT_HIGH|TERRAIN_HIGH|STEPS_SURFACE_HIGH|IB2_WEATHER_SENSITIVE_ROUTE_EXPOSURE_CONTEXT|WEATHER_ACTIVITY_LEVEL_ONLY|WEATHER_HUMID_CONTEXT|WEATHER_WIND_GUST_CONTEXT|WEATHER_HIGH_UV_CONTEXT|BEHAVIOR_LOW_SPEED_RESPONSE|ROUTE_PHASE_UNKNOWN|OSM_PROXIMITY_NOT_USAGE,VERY_HIGH_ROUTE_LOAD_CONTEXT|ROUTE_LOAD_BEHAVIOR_CANDIDATE|IB2_OR_WEATHER_CONTEXT_PRESENT,"Descriptive planning context evidence only. This is not ability scoring, not route suitability scoring, not THCI/radar scoring, and not a final hiking risk assessment. Weather is activity-level context unless an explicit safe route-window source is used. OSM proximity is not proof of facility use. IB3D/event annotations are not causality evidence."
38_1,1900,1950,1,REVIEW_FOR_CONSERVATIVE_PLANNING,50.225,MODERATE_ROUTE_LOAD_CONTEXT,IB2_EFFORT_HIGH|STEPS_SURFACE_HIGH,WEATHER_ACTIVITY_LEVEL_ONLY|WEATHER_HUMID_CONTEXT|WEATHER_WIND_GUST_CONTEXT|WEATHER_HIGH_UV_CONTEXT,BEHAVIOR_LOW_SPEED_RESPONSE,NONE,IB2_EFFORT_HIGH|STEPS_SURFACE_HIGH|IB2_NAVIGATION_CONTEXT|IB2_WEATHER_SENSITIVE_ROUTE_EXPOSURE_CONTEXT|GUIDEPOST_PROXIMITY_CONTEXT|WEATHER_ACTIVITY_LEVEL_ONLY|WEATHER_HUMID_CONTEXT|WEATHER_WIND_GUST_CONTEXT|WEATHER_HIGH_UV_CONTEXT|BEHAVIOR_LOW_SPEED_RESPONSE|ROUTE_PHASE_UNKNOWN|OSM_PROXIMITY_NOT_USAGE,HIGH_ROUTE_OR_IB2_CONTEXT,"Descriptive planning context evidence only. This is not ability scoring, not route suitability scoring, not THCI/radar scoring, and not a final hiking risk assessment. Weather is activity-level context unless an explicit safe route-window source is used. OSM proximity is not proof of facility use. IB3D/event annotations are not causality evidence."
38_1,1950,2050,2,TURNAROUND_CONDITION_REVIEW_RECOMMENDED,89.486,VERY_HIGH_ROUTE_LOAD_CONTEXT,ROUTE_LOAD_HIGH_CONTEXT|ROUTE_LOAD_VERY_HIGH_CONTEXT|VERTICAL_RANGE_HIGH|SLOPE_HIGH|IB2_EFFORT_HIGH|STEPS_SURFACE_HIGH,WEATHER_ACTIVITY_LEVEL_ONLY|WEATHER_HUMID_CONTEXT|WEATHER_WIND_GUST_CONTEXT|WEATHER_HIGH_UV_CONTEXT,BEHAVIOR_LOW_SPEED_RESPONSE,NONE,ROUTE_LOAD_HIGH_CONTEXT|ROUTE_LOAD_VERY_HIGH_CONTEXT|VERTICAL_RANGE_HIGH|SLOPE_HIGH|IB2_EFFORT_HIGH|STEPS_SURFACE_HIGH|IB2_NAVIGATION_CONTEXT|IB2_WEATHER_SENSITIVE_ROUTE_EXPOSURE_CONTEXT|GUIDEPOST_PROXIMITY_CONTEXT|WEATHER_ACTIVITY_LEVEL_ONLY|WEATHER_HUMID_CONTEXT|WEATHER_WIND_GUST_CONTEXT|WEATHER_HIGH_UV_CONTEXT|BEHAVIOR_LOW_SPEED_RESPONSE|ROUTE_PHASE_UNKNOWN|OSM_PROXIMITY_NOT_USAGE,VERY_HIGH_ROUTE_LOAD_CONTEXT|ROUTE_LOAD_BEHAVIOR_CANDIDATE|IB2_OR_WEATHER_CONTEXT_PRESENT,"Descriptive planning context evidence only. This is not ability scoring, not route suitability scoring, not THCI/radar scoring, and not a final hiking risk assessment. Weather is activity-level context unless an explicit safe route-window source is used. OSM proximity is not proof of facility use. IB3D/event annotations are not causality evidence."
38_1,2050,2150,2,CONSERVATIVE_PLANNING_RECOMMENDED,65.619,HIGH_ROUTE_LOAD_CONTEXT,ROUTE_LOAD_HIGH_CONTEXT|IB2_EFFORT_HIGH|STEPS_SURFACE_HIGH,WEATHER_ACTIVITY_LEVEL_ONLY|WEATHER_HUMID_CONTEXT|WEATHER_WIND_GUST_CONTEXT|WEATHER_HIGH_UV_CONTEXT,BEHAVIOR_LOW_SPEED_RESPONSE,EVENT_REVIEW_REQUIRED,ROUTE_LOAD_HIGH_CONTEXT|IB2_EFFORT_HIGH|STEPS_SURFACE_HIGH|IB2_NAVIGATION_CONTEXT|IB2_WEATHER_SENSITIVE_ROUTE_EXPOSURE_CONTEXT|GUIDEPOST_PROXIMITY_CONTEXT|WEATHER_ACTIVITY_LEVEL_ONLY|WEATHER_HUMID_CONTEXT|WEATHER_WIND_GUST_CONTEXT|WEATHER_HIGH_UV_CONTEXT|BEHAVIOR_LOW_SPEED_RESPONSE|ROUTE_PHASE_UNKNOWN|OSM_PROXIMITY_NOT_USAGE,ROUTE_LOAD_BEHAVIOR_CANDIDATE|IB2_OR_WEATHER_CONTEXT_PRESENT,"Descriptive planning context evidence only. This is not ability scoring, not route suitability scoring, not THCI/radar scoring, and not a final hiking risk assessment. Weather is activity-level context unless an explicit safe route-window source is used. OSM proximity is not proof of facility use. IB3D/event annotations are not causality evidence."
38_1,2150,2250,2,TURNAROUND_CONDITION_REVIEW_RECOMMENDED,87.482,VERY_HIGH_ROUTE_LOAD_CONTEXT,ROUTE_LOAD_HIGH_CONTEXT|ROUTE_LOAD_VERY_HIGH_CONTEXT|SLOPE_HIGH|IB2_EFFORT_HIGH|STEPS_SURFACE_HIGH,WEATHER_ACTIVITY_LEVEL_ONLY|WEATHER_HUMID_CONTEXT|WEATHER_WIND_GUST_CONTEXT|WEATHER_HIGH_UV_CONTEXT,BEHAVIOR_LOW_SPEED_RESPONSE,EVENT_REVIEW_REQUIRED,ROUTE_LOAD_HIGH_CONTEXT|ROUTE_LOAD_VERY_HIGH_CONTEXT|SLOPE_HIGH|IB2_EFFORT_HIGH|STEPS_SURFACE_HIGH|IB2_WEATHER_SENSITIVE_ROUTE_EXPOSURE_CONTEXT|WEATHER_ACTIVITY_LEVEL_ONLY|WEATHER_HUMID_CONTEXT|WEATHER_WIND_GUST_CONTEXT|WEATHER_HIGH_UV_CONTEXT|BEHAVIOR_LOW_SPEED_RESPONSE|ROUTE_PHASE_UNKNOWN|OSM_PROXIMITY_NOT_USAGE|IB2_NAVIGATION_CONTEXT|GUIDEPOST_PROXIMITY_CONTEXT,VERY_HIGH_ROUTE_LOAD_CONTEXT|ROUTE_LOAD_BEHAVIOR_CANDIDATE|IB2_OR_WEATHER_CONTEXT_PRESENT,"Descriptive planning context evidence only. This is not ability scoring, not route suitability scoring, not THCI/radar scoring, and not a final hiking risk assessment. Weather is activity-level context unless an explicit safe route-window source is used. OSM proximity is not proof of facility use. IB3D/event annotations are not causality evidence."
38_1,2250,2300,1,REVIEW_FOR_CONSERVATIVE_PLANNING,50.922,MODERATE_ROUTE_LOAD_CONTEXT,IB2_EFFORT_HIGH|STEPS_SURFACE_HIGH,WEATHER_ACTIVITY_LEVEL_ONLY|WEATHER_HUMID_CONTEXT|WEATHER_WIND_GUST_CONTEXT|WEATHER_HIGH_UV_CONTEXT,NONE,EVENT_REVIEW_REQUIRED,IB2_EFFORT_HIGH|STEPS_SURFACE_HIGH|IB2_NAVIGATION_CONTEXT|IB2_WEATHER_SENSITIVE_ROUTE_EXPOSURE_CONTEXT|GUIDEPOST_PROXIMITY_CONTEXT|WEATHER_ACTIVITY_LEVEL_ONLY|WEATHER_HUMID_CONTEXT|WEATHER_WIND_GUST_CONTEXT|WEATHER_HIGH_UV_CONTEXT|ROUTE_PHASE_UNKNOWN|OSM_PROXIMITY_NOT_USAGE,HIGH_ROUTE_OR_IB2_CONTEXT,"Descriptive planning context evidence only. This is not ability scoring, not route suitability scoring, not THCI/radar scoring, and not a final hiking risk assessment. Weather is activity-level context unless an explicit safe route-window source is used. OSM proximity is not proof of facility use. IB3D/event annotations are not causality evidence."
38_1,2300,2350,1,TURNAROUND_CONDITION_REVIEW_RECOMMENDED,95.987,VERY_HIGH_ROUTE_LOAD_CONTEXT,ROUTE_LOAD_HIGH_CONTEXT|ROUTE_LOAD_VERY_HIGH_CONTEXT|VERTICAL_RANGE_HIGH|SLOPE_HIGH|IB2_EFFORT_HIGH|TERRAIN_HIGH|STEPS_SURFACE_HIGH,WEATHER_ACTIVITY_LEVEL_ONLY|WEATHER_HUMID_CONTEXT|WEATHER_WIND_GUST_CONTEXT|WEATHER_HIGH_UV_CONTEXT,BEHAVIOR_LOW_SPEED_RESPONSE,EVENT_REVIEW_REQUIRED,ROUTE_LOAD_HIGH_CONTEXT|ROUTE_LOAD_VERY_HIGH_CONTEXT|VERTICAL_RANGE_HIGH|SLOPE_HIGH|IB2_EFFORT_HIGH|TERRAIN_HIGH|STEPS_SURFACE_HIGH|IB2_WEATHER_SENSITIVE_ROUTE_EXPOSURE_CONTEXT|WEATHER_ACTIVITY_LEVEL_ONLY|WEATHER_HUMID_CONTEXT|WEATHER_WIND_GUST_CONTEXT|WEATHER_HIGH_UV_CONTEXT|BEHAVIOR_LOW_SPEED_RESPONSE|ROUTE_PHASE_UNKNOWN|OSM_PROXIMITY_NOT_USAGE,VERY_HIGH_ROUTE_LOAD_CONTEXT|ROUTE_LOAD_BEHAVIOR_CANDIDATE|IB2_OR_WEATHER_CONTEXT_PRESENT,"Descriptive planning context evidence only. This is not ability scoring, not route suitability scoring, not THCI/radar scoring, and not a final hiking risk assessment. Weather is activity-level context unless an explicit safe route-window source is used. OSM proximity is not proof of facility use. IB3D/event annotations are not causality evidence."
38_1,2350,2400,1,CONSERVATIVE_PLANNING_RECOMMENDED,75.357,HIGH_ROUTE_LOAD_CONTEXT,ROUTE_LOAD_HIGH_CONTEXT|SLOPE_HIGH|IB2_EFFORT_HIGH|STEPS_SURFACE_HIGH,WEATHER_ACTIVITY_LEVEL_ONLY|WEATHER_HUMID_CONTEXT|WEATHER_WIND_GUST_CONTEXT|WEATHER_HIGH_UV_CONTEXT,BEHAVIOR_LOW_SPEED_RESPONSE,EVENT_REVIEW_REQUIRED,ROUTE_LOAD_HIGH_CONTEXT|SLOPE_HIGH|IB2_EFFORT_HIGH|STEPS_SURFACE_HIGH|IB2_NAVIGATION_CONTEXT|IB2_WEATHER_SENSITIVE_ROUTE_EXPOSURE_CONTEXT|GUIDEPOST_PROXIMITY_CONTEXT|WEATHER_ACTIVITY_LEVEL_ONLY|WEATHER_HUMID_CONTEXT|WEATHER_WIND_GUST_CONTEXT|WEATHER_HIGH_UV_CONTEXT|BEHAVIOR_LOW_SPEED_RESPONSE|ROUTE_PHASE_UNKNOWN|OSM_PROXIMITY_NOT_USAGE,ROUTE_LOAD_BEHAVIOR_CANDIDATE|IB2_OR_WEATHER_CONTEXT_PRESENT,"Descriptive planning context evidence only. This is not ability scoring, not route suitability scoring, not THCI/radar scoring, and not a final hiking risk assessment. Weather is activity-level context unless an explicit safe route-window source is used. OSM proximity is not proof of facility use. IB3D/event annotations are not causality evidence."
38_1,2400,2450,1,REVIEW_FOR_CONSERVATIVE_PLANNING,50.735,MODERATE_ROUTE_LOAD_CONTEXT,IB2_EFFORT_HIGH,WEATHER_ACTIVITY_LEVEL_ONLY|WEATHER_HUMID_CONTEXT|WEATHER_WIND_GUST_CONTEXT|WEATHER_HIGH_UV_CONTEXT,BEHAVIOR_LOW_SPEED_RESPONSE,EVENT_REVIEW_REQUIRED,IB2_EFFORT_HIGH|IB2_NAVIGATION_CONTEXT|IB2_WEATHER_SENSITIVE_ROUTE_EXPOSURE_CONTEXT|GUIDEPOST_PROXIMITY_CONTEXT|WEATHER_ACTIVITY_LEVEL_ONLY|WEATHER_HUMID_CONTEXT|WEATHER_WIND_GUST_CONTEXT|WEATHER_HIGH_UV_CONTEXT|BEHAVIOR_LOW_SPEED_RESPONSE|ROUTE_PHASE_UNKNOWN|OSM_PROXIMITY_NOT_USAGE,HIGH_ROUTE_OR_IB2_CONTEXT,"Descriptive planning context evidence only. This is not ability scoring, not route suitability scoring, not THCI/radar scoring, and not a final hiking risk assessment. Weather is activity-level context unless an explicit safe route-window source is used. OSM proximity is not proof of facility use. IB3D/event annotations are not causality evidence."
38_1,2450,2550,2,CONSERVATIVE_PLANNING_RECOMMENDED,65.669,HIGH_ROUTE_LOAD_CONTEXT,ROUTE_LOAD_HIGH_CONTEXT|IB2_EFFORT_HIGH|TERRAIN_HIGH|STEPS_SURFACE_HIGH,WEATHER_ACTIVITY_LEVEL_ONLY|WEATHER_HUMID_CONTEXT|WEATHER_WIND_GUST_CONTEXT|WEATHER_HIGH_UV_CONTEXT,BEHAVIOR_RELATIVE_HIGH_HR_RESPONSE|BEHAVIOR_LOW_SPEED_RESPONSE,EVENT_REVIEW_REQUIRED,ROUTE_LOAD_HIGH_CONTEXT|IB2_EFFORT_HIGH|IB2_WEATHER_SENSITIVE_ROUTE_EXPOSURE_CONTEXT|WEATHER_ACTIVITY_LEVEL_ONLY|WEATHER_HUMID_CONTEXT|WEATHER_WIND_GUST_CONTEXT|WEATHER_HIGH_UV_CONTEXT|BEHAVIOR_RELATIVE_HIGH_HR_RESPONSE|BEHAVIOR_LOW_SPEED_RESPONSE|ROUTE_PHASE_UNKNOWN|OSM_PROXIMITY_NOT_USAGE|TERRAIN_HIGH|STEPS_SURFACE_HIGH,ROUTE_LOAD_BEHAVIOR_CANDIDATE|IB2_OR_WEATHER_CONTEXT_PRESENT,"Descriptive planning context evidence only. This is not ability scoring, not route suitability scoring, not THCI/radar scoring, and not a final hiking risk assessment. Weather is activity-level context unless an explicit safe route-window source is used. OSM proximity is not proof of facility use. IB3D/event annotations are not causality evidence."
38_1,2550,2850,6,TURNAROUND_CONDITION_REVIEW_RECOMMENDED,100.0,VERY_HIGH_ROUTE_LOAD_CONTEXT,ROUTE_LOAD_HIGH_CONTEXT|ROUTE_LOAD_VERY_HIGH_CONTEXT|SLOPE_HIGH|IB2_EFFORT_HIGH|TERRAIN_HIGH|STEPS_SURFACE_HIGH|VERTICAL_RANGE_HIGH,WEATHER_ACTIVITY_LEVEL_ONLY|WEATHER_HUMID_CONTEXT|WEATHER_WIND_GUST_CONTEXT|WEATHER_HIGH_UV_CONTEXT,BEHAVIOR_RELATIVE_HIGH_HR_RESPONSE|BEHAVIOR_LOW_SPEED_RESPONSE,EVENT_REVIEW_REQUIRED,ROUTE_LOAD_HIGH_CONTEXT|ROUTE_LOAD_VERY_HIGH_CONTEXT|SLOPE_HIGH|IB2_EFFORT_HIGH|TERRAIN_HIGH|STEPS_SURFACE_HIGH|IB2_WEATHER_SENSITIVE_ROUTE_EXPOSURE_CONTEXT|WEATHER_ACTIVITY_LEVEL_ONLY|WEATHER_HUMID_CONTEXT|WEATHER_WIND_GUST_CONTEXT|WEATHER_HIGH_UV_CONTEXT|BEHAVIOR_RELATIVE_HIGH_HR_RESPONSE|BEHAVIOR_LOW_SPEED_RESPONSE|ROUTE_PHASE_UNKNOWN|OSM_PROXIMITY_NOT_USAGE|VERTICAL_RANGE_HIGH,VERY_HIGH_ROUTE_LOAD_CONTEXT|ROUTE_LOAD_BEHAVIOR_CANDIDATE|IB2_OR_WEATHER_CONTEXT_PRESENT,"Descriptive planning context evidence only. This is not ability scoring, not route suitability scoring, not THCI/radar scoring, and not a final hiking risk assessment. Weather is activity-level context unless an explicit safe route-window source is used. OSM proximity is not proof of facility use. IB3D/event annotations are not causality evidence."
38_1,2850,2900,1,REVIEW_FOR_CONSERVATIVE_PLANNING,36.363,MODERATE_ROUTE_LOAD_CONTEXT,NONE,WEATHER_ACTIVITY_LEVEL_ONLY|WEATHER_HUMID_CONTEXT|WEATHER_WIND_GUST_CONTEXT|WEATHER_HIGH_UV_CONTEXT,BEHAVIOR_RELATIVE_HIGH_HR_RESPONSE|BEHAVIOR_LOW_SPEED_RESPONSE,EVENT_REVIEW_REQUIRED,IB2_WEATHER_SENSITIVE_ROUTE_EXPOSURE_CONTEXT|WEATHER_ACTIVITY_LEVEL_ONLY|WEATHER_HUMID_CONTEXT|WEATHER_WIND_GUST_CONTEXT|WEATHER_HIGH_UV_CONTEXT|BEHAVIOR_RELATIVE_HIGH_HR_RESPONSE|BEHAVIOR_LOW_SPEED_RESPONSE|ROUTE_PHASE_UNKNOWN|OSM_PROXIMITY_NOT_USAGE,HIGH_ROUTE_OR_IB2_CONTEXT,"Descriptive planning context evidence only. This is not ability scoring, not route suitability scoring, not THCI/radar scoring, and not a final hiking risk assessment. Weather is activity-level context unless an explicit safe route-window source is used. OSM proximity is not proof of facility use. IB3D/event annotations are not causality evidence."
38_1,2900,3000,2,CONSERVATIVE_PLANNING_RECOMMENDED,79.599,HIGH_ROUTE_LOAD_CONTEXT,ROUTE_LOAD_HIGH_CONTEXT|IB2_EFFORT_HIGH|STEPS_SURFACE_HIGH|SLOPE_HIGH,WEATHER_ACTIVITY_LEVEL_ONLY|WEATHER_HUMID_CONTEXT|WEATHER_WIND_GUST_CONTEXT|WEATHER_HIGH_UV_CONTEXT,BEHAVIOR_RELATIVE_HIGH_HR_RESPONSE|BEHAVIOR_LOW_SPEED_RESPONSE,EVENT_REVIEW_REQUIRED,ROUTE_LOAD_HIGH_CONTEXT|IB2_EFFORT_HIGH|STEPS_SURFACE_HIGH|IB2_WEATHER_SENSITIVE_ROUTE_EXPOSURE_CONTEXT|WEATHER_ACTIVITY_LEVEL_ONLY|WEATHER_HUMID_CONTEXT|WEATHER_WIND_GUST_CONTEXT|WEATHER_HIGH_UV_CONTEXT|BEHAVIOR_RELATIVE_HIGH_HR_RESPONSE|ROUTE_PHASE_UNKNOWN|OSM_PROXIMITY_NOT_USAGE|SLOPE_HIGH|BEHAVIOR_LOW_SPEED_RESPONSE,ROUTE_LOAD_BEHAVIOR_CANDIDATE|IB2_OR_WEATHER_CONTEXT_PRESENT,"Descriptive planning context evidence only. This is not ability scoring, not route suitability scoring, not THCI/radar scoring, and not a final hiking risk assessment. Weather is activity-level context unless an explicit safe route-window source is used. OSM proximity is not proof of facility use. IB3D/event annotations are not causality evidence."
38_1,3000,3550,11,REVIEW_FOR_CONSERVATIVE_PLANNING,48.194,LOWER_ROUTE_LOAD_CONTEXT,SLOPE_HIGH,WEATHER_ACTIVITY_LEVEL_ONLY|WEATHER_HUMID_CONTEXT|WEATHER_WIND_GUST_CONTEXT|WEATHER_HIGH_UV_CONTEXT,BEHAVIOR_LOW_SPEED_RESPONSE,EVENT_REVIEW_REQUIRED,IB2_WEATHER_SENSITIVE_ROUTE_EXPOSURE_CONTEXT|WEATHER_ACTIVITY_LEVEL_ONLY|WEATHER_HUMID_CONTEXT|WEATHER_WIND_GUST_CONTEXT|WEATHER_HIGH_UV_CONTEXT|ROUTE_PHASE_UNKNOWN|OSM_PROXIMITY_NOT_USAGE|SLOPE_HIGH|BEHAVIOR_LOW_SPEED_RESPONSE|IB2_SUPPORT_CONTEXT|IB2_NAVIGATION_CONTEXT|GUIDEPOST_PROXIMITY_CONTEXT|SHELTER_PROXIMITY_CONTEXT,HIGH_ROUTE_OR_IB2_CONTEXT,"Descriptive planning context evidence only. This is not ability scoring, not route suitability scoring, not THCI/radar scoring, and not a final hiking risk assessment. Weather is activity-level context unless an explicit safe route-window source is used. OSM proximity is not proof of facility use. IB3D/event annotations are not causality evidence."
38_1,3600,3700,2,CONSERVATIVE_PLANNING_RECOMMENDED,74.199,HIGH_ROUTE_LOAD_CONTEXT,ROUTE_LOAD_HIGH_CONTEXT|SLOPE_HIGH|IB2_EFFORT_HIGH|STEPS_SURFACE_HIGH,WEATHER_ACTIVITY_LEVEL_ONLY|WEATHER_HUMID_CONTEXT|WEATHER_WIND_GUST_CONTEXT|WEATHER_HIGH_UV_CONTEXT,BEHAVIOR_LOW_SPEED_RESPONSE|BEHAVIOR_RELATIVE_HIGH_HR_RESPONSE,EVENT_REVIEW_REQUIRED,ROUTE_LOAD_HIGH_CONTEXT|SLOPE_HIGH|IB2_EFFORT_HIGH|STEPS_SURFACE_HIGH|IB2_WEATHER_SENSITIVE_ROUTE_EXPOSURE_CONTEXT|SHELTER_PROXIMITY_CONTEXT|WEATHER_ACTIVITY_LEVEL_ONLY|WEATHER_HUMID_CONTEXT|WEATHER_WIND_GUST_CONTEXT|WEATHER_HIGH_UV_CONTEXT|BEHAVIOR_LOW_SPEED_RESPONSE|ROUTE_PHASE_UNKNOWN|OSM_PROXIMITY_NOT_USAGE|BEHAVIOR_RELATIVE_HIGH_HR_RESPONSE,ROUTE_LOAD_BEHAVIOR_CANDIDATE|IB2_OR_WEATHER_CONTEXT_PRESENT,"Descriptive planning context evidence only. This is not ability scoring, not route suitability scoring, not THCI/radar scoring, and not a final hiking risk assessment. Weather is activity-level context unless an explicit safe route-window source is used. OSM proximity is not proof of facility use. IB3D/event annotations are not causality evidence."
38_1,3700,3750,1,TURNAROUND_CONDITION_REVIEW_RECOMMENDED,80.64,VERY_HIGH_ROUTE_LOAD_CONTEXT,ROUTE_LOAD_HIGH_CONTEXT|ROUTE_LOAD_VERY_HIGH_CONTEXT|IB2_EFFORT_HIGH|TERRAIN_HIGH|STEPS_SURFACE_HIGH,WEATHER_ACTIVITY_LEVEL_ONLY|WEATHER_HUMID_CONTEXT|WEATHER_WIND_GUST_CONTEXT|WEATHER_HIGH_UV_CONTEXT,BEHAVIOR_LOW_SPEED_RESPONSE,EVENT_REVIEW_REQUIRED,ROUTE_LOAD_HIGH_CONTEXT|ROUTE_LOAD_VERY_HIGH_CONTEXT|IB2_EFFORT_HIGH|TERRAIN_HIGH|STEPS_SURFACE_HIGH|IB2_WEATHER_SENSITIVE_ROUTE_EXPOSURE_CONTEXT|WEATHER_ACTIVITY_LEVEL_ONLY|WEATHER_HUMID_CONTEXT|WEATHER_WIND_GUST_CONTEXT|WEATHER_HIGH_UV_CONTEXT|BEHAVIOR_LOW_SPEED_RESPONSE|ROUTE_PHASE_UNKNOWN|OSM_PROXIMITY_NOT_USAGE,VERY_HIGH_ROUTE_LOAD_CONTEXT|ROUTE_LOAD_BEHAVIOR_CANDIDATE|IB2_OR_WEATHER_CONTEXT_PRESENT,"Descriptive planning context evidence only. This is not ability scoring, not route suitability scoring, not THCI/radar scoring, and not a final hiking risk assessment. Weather is activity-level context unless an explicit safe route-window source is used. OSM proximity is not proof of facility use. IB3D/event annotations are not causality evidence."
38_1,3750,3800,1,CONSERVATIVE_PLANNING_RECOMMENDED,72.726,HIGH_ROUTE_LOAD_CONTEXT,ROUTE_LOAD_HIGH_CONTEXT|IB2_EFFORT_HIGH|TERRAIN_HIGH|STEPS_SURFACE_HIGH,WEATHER_ACTIVITY_LEVEL_ONLY|WEATHER_HUMID_CONTEXT|WEATHER_WIND_GUST_CONTEXT|WEATHER_HIGH_UV_CONTEXT,BEHAVIOR_RELATIVE_HIGH_HR_RESPONSE|BEHAVIOR_LOW_SPEED_RESPONSE,EVENT_REVIEW_REQUIRED,ROUTE_LOAD_HIGH_CONTEXT|IB2_EFFORT_HIGH|TERRAIN_HIGH|STEPS_SURFACE_HIGH|IB2_WEATHER_SENSITIVE_ROUTE_EXPOSURE_CONTEXT|WEATHER_ACTIVITY_LEVEL_ONLY|WEATHER_HUMID_CONTEXT|WEATHER_WIND_GUST_CONTEXT|WEATHER_HIGH_UV_CONTEXT|BEHAVIOR_RELATIVE_HIGH_HR_RESPONSE|BEHAVIOR_LOW_SPEED_RESPONSE|ROUTE_PHASE_UNKNOWN|OSM_PROXIMITY_NOT_USAGE,ROUTE_LOAD_BEHAVIOR_CANDIDATE|IB2_OR_WEATHER_CONTEXT_PRESENT,"Descriptive planning context evidence only. This is not ability scoring, not route suitability scoring, not THCI/radar scoring, and not a final hiking risk assessment. Weather is activity-level context unless an explicit safe route-window source is used. OSM proximity is not proof of facility use. IB3D/event annotations are not causality evidence."
38_1,3800,3850,1,TURNAROUND_CONDITION_REVIEW_RECOMMENDED,87.764,VERY_HIGH_ROUTE_LOAD_CONTEXT,ROUTE_LOAD_HIGH_CONTEXT|ROUTE_LOAD_VERY_HIGH_CONTEXT|SLOPE_HIGH|IB2_EFFORT_HIGH|TERRAIN_HIGH|STEPS_SURFACE_HIGH,WEATHER_ACTIVITY_LEVEL_ONLY|WEATHER_HUMID_CONTEXT|WEATHER_WIND_GUST_CONTEXT|WEATHER_HIGH_UV_CONTEXT,BEHAVIOR_LOW_SPEED_RESPONSE,EVENT_REVIEW_REQUIRED,ROUTE_LOAD_HIGH_CONTEXT|ROUTE_LOAD_VERY_HIGH_CONTEXT|SLOPE_HIGH|IB2_EFFORT_HIGH|TERRAIN_HIGH|STEPS_SURFACE_HIGH|IB2_WEATHER_SENSITIVE_ROUTE_EXPOSURE_CONTEXT|WEATHER_ACTIVITY_LEVEL_ONLY|WEATHER_HUMID_CONTEXT|WEATHER_WIND_GUST_CONTEXT|WEATHER_HIGH_UV_CONTEXT|BEHAVIOR_LOW_SPEED_RESPONSE|ROUTE_PHASE_UNKNOWN|OSM_PROXIMITY_NOT_USAGE,VERY_HIGH_ROUTE_LOAD_CONTEXT|ROUTE_LOAD_BEHAVIOR_CANDIDATE|IB2_OR_WEATHER_CONTEXT_PRESENT,"Descriptive planning context evidence only. This is not ability scoring, not route suitability scoring, not THCI/radar scoring, and not a final hiking risk assessment. Weather is activity-level context unless an explicit safe route-window source is used. OSM proximity is not proof of facility use. IB3D/event annotations are not causality evidence."
38_1,3850,3900,1,CONSERVATIVE_PLANNING_RECOMMENDED,79.77,HIGH_ROUTE_LOAD_CONTEXT,ROUTE_LOAD_HIGH_CONTEXT|IB2_EFFORT_HIGH|TERRAIN_HIGH|STEPS_SURFACE_HIGH,WEATHER_ACTIVITY_LEVEL_ONLY|WEATHER_HUMID_CONTEXT|WEATHER_WIND_GUST_CONTEXT|WEATHER_HIGH_UV_CONTEXT,BEHAVIOR_LOW_SPEED_RESPONSE,EVENT_REVIEW_REQUIRED,ROUTE_LOAD_HIGH_CONTEXT|IB2_EFFORT_HIGH|TERRAIN_HIGH|STEPS_SURFACE_HIGH|IB2_WEATHER_SENSITIVE_ROUTE_EXPOSURE_CONTEXT|WEATHER_ACTIVITY_LEVEL_ONLY|WEATHER_HUMID_CONTEXT|WEATHER_WIND_GUST_CONTEXT|WEATHER_HIGH_UV_CONTEXT|BEHAVIOR_LOW_SPEED_RESPONSE|ROUTE_PHASE_UNKNOWN|OSM_PROXIMITY_NOT_USAGE,ROUTE_LOAD_BEHAVIOR_CANDIDATE|IB2_OR_WEATHER_CONTEXT_PRESENT,"Descriptive planning context evidence only. This is not ability scoring, not route suitability scoring, not THCI/radar scoring, and not a final hiking risk assessment. Weather is activity-level context unless an explicit safe route-window source is used. OSM proximity is not proof of facility use. IB3D/event annotations are not causality evidence."
38_1,3900,4050,3,TURNAROUND_CONDITION_REVIEW_RECOMMENDED,99.986,VERY_HIGH_ROUTE_LOAD_CONTEXT,ROUTE_LOAD_HIGH_CONTEXT|ROUTE_LOAD_VERY_HIGH_CONTEXT|SLOPE_HIGH|IB2_EFFORT_HIGH|TERRAIN_HIGH|STEPS_SURFACE_HIGH|VERTICAL_RANGE_HIGH,WEATHER_ACTIVITY_LEVEL_ONLY|WEATHER_HUMID_CONTEXT|WEATHER_WIND_GUST_CONTEXT|WEATHER_HIGH_UV_CONTEXT,BEHAVIOR_RELATIVE_HIGH_HR_RESPONSE|BEHAVIOR_LOW_SPEED_RESPONSE,EVENT_REVIEW_REQUIRED,ROUTE_LOAD_HIGH_CONTEXT|ROUTE_LOAD_VERY_HIGH_CONTEXT|SLOPE_HIGH|IB2_EFFORT_HIGH|TERRAIN_HIGH|STEPS_SURFACE_HIGH|IB2_WEATHER_SENSITIVE_ROUTE_EXPOSURE_CONTEXT|WEATHER_ACTIVITY_LEVEL_ONLY|WEATHER_HUMID_CONTEXT|WEATHER_WIND_GUST_CONTEXT|WEATHER_HIGH_UV_CONTEXT|BEHAVIOR_RELATIVE_HIGH_HR_RESPONSE|BEHAVIOR_LOW_SPEED_RESPONSE|ROUTE_PHASE_UNKNOWN|OSM_PROXIMITY_NOT_USAGE|VERTICAL_RANGE_HIGH|WATERWAY_PROXIMITY_CONTEXT,VERY_HIGH_ROUTE_LOAD_CONTEXT|ROUTE_LOAD_BEHAVIOR_CANDIDATE|IB2_OR_WEATHER_CONTEXT_PRESENT,"Descriptive planning context evidence only. This is not ability scoring, not route suitability scoring, not THCI/radar scoring, and not a final hiking risk assessment. Weather is activity-level context unless an explicit safe route-window source is used. OSM proximity is not proof of facility use. IB3D/event annotations are not causality evidence."
38_1,4050,4100,1,CONSERVATIVE_PLANNING_RECOMMENDED,73.662,HIGH_ROUTE_LOAD_CONTEXT,ROUTE_LOAD_HIGH_CONTEXT|IB2_EFFORT_HIGH|STEPS_SURFACE_HIGH,WEATHER_ACTIVITY_LEVEL_ONLY|WEATHER_HUMID_CONTEXT|WEATHER_WIND_GUST_CONTEXT|WEATHER_HIGH_UV_CONTEXT,BEHAVIOR_RELATIVE_HIGH_HR_RESPONSE,EVENT_REVIEW_REQUIRED,ROUTE_LOAD_HIGH_CONTEXT|IB2_EFFORT_HIGH|STEPS_SURFACE_HIGH|IB2_WEATHER_SENSITIVE_ROUTE_EXPOSURE_CONTEXT|WATERWAY_PROXIMITY_CONTEXT|WEATHER_ACTIVITY_LEVEL_ONLY|WEATHER_HUMID_CONTEXT|WEATHER_WIND_GUST_CONTEXT|WEATHER_HIGH_UV_CONTEXT|BEHAVIOR_RELATIVE_HIGH_HR_RESPONSE|ROUTE_PHASE_UNKNOWN|OSM_PROXIMITY_NOT_USAGE,ROUTE_LOAD_BEHAVIOR_CANDIDATE|IB2_OR_WEATHER_CONTEXT_PRESENT,"Descriptive planning context evidence only. This is not ability scoring, not route suitability scoring, not THCI/radar scoring, and not a final hiking risk assessment. Weather is activity-level context unless an explicit safe route-window source is used. OSM proximity is not proof of facility use. IB3D/event annotations are not causality evidence."
38_1,4100,4200,2,REVIEW_FOR_CONSERVATIVE_PLANNING,58.207,MODERATE_ROUTE_LOAD_CONTEXT,IB2_EFFORT_HIGH|STEPS_SURFACE_HIGH,WEATHER_ACTIVITY_LEVEL_ONLY|WEATHER_HUMID_CONTEXT|WEATHER_WIND_GUST_CONTEXT|WEATHER_HIGH_UV_CONTEXT,BEHAVIOR_LOW_SPEED_RESPONSE,EVENT_REVIEW_REQUIRED,IB2_EFFORT_HIGH|IB2_NAVIGATION_CONTEXT|IB2_WEATHER_SENSITIVE_ROUTE_EXPOSURE_CONTEXT|WATERWAY_PROXIMITY_CONTEXT|GUIDEPOST_PROXIMITY_CONTEXT|WEATHER_ACTIVITY_LEVEL_ONLY|WEATHER_HUMID_CONTEXT|WEATHER_WIND_GUST_CONTEXT|WEATHER_HIGH_UV_CONTEXT|ROUTE_PHASE_UNKNOWN|OSM_PROXIMITY_NOT_USAGE|STEPS_SURFACE_HIGH|BEHAVIOR_LOW_SPEED_RESPONSE,HIGH_ROUTE_OR_IB2_CONTEXT,"Descriptive planning context evidence only. This is not ability scoring, not route suitability scoring, not THCI/radar scoring, and not a final hiking risk assessment. Weather is activity-level context unless an explicit safe route-window source is used. OSM proximity is not proof of facility use. IB3D/event annotations are not causality evidence."
3_1,0,100,2,REVIEW_FOR_CONSERVATIVE_PLANNING,53.906,LOWER_ROUTE_LOAD_CONTEXT,SLOPE_LOAD_FALLBACK_VERTICAL_RANGE|IB2_EFFORT_HIGH,WEATHER_ACTIVITY_LEVEL_ONLY|WEATHER_HUMID_CONTEXT|WEATHER_WIND_GUST_CONTEXT|WEATHER_HIGH_UV_CONTEXT,NONE,NONE,SLOPE_LOAD_FALLBACK_VERTICAL_RANGE|IB2_NAVIGATION_CONTEXT|IB2_WEATHER_SENSITIVE_ROUTE_EXPOSURE_CONTEXT|WATERWAY_PROXIMITY_CONTEXT|GUIDEPOST_PROXIMITY_CONTEXT|WEATHER_ACTIVITY_LEVEL_ONLY|WEATHER_HUMID_CONTEXT|WEATHER_WIND_GUST_CONTEXT|WEATHER_HIGH_UV_CONTEXT|ROUTE_PHASE_UNKNOWN|OSM_PROXIMITY_NOT_USAGE|IB2_EFFORT_HIGH,HIGH_ROUTE_OR_IB2_CONTEXT,"Descriptive planning context evidence only. This is not ability scoring, not route suitability scoring, not THCI/radar scoring, and not a final hiking risk assessment. Weather is activity-level context unless an explicit safe route-window source is used. OSM proximity is not proof of facility use. IB3D/event annotations are not causality evidence."
3_1,100,150,1,CONSERVATIVE_PLANNING_RECOMMENDED,73.252,HIGH_ROUTE_LOAD_CONTEXT,ROUTE_LOAD_HIGH_CONTEXT|IB2_EFFORT_HIGH|STEPS_SURFACE_HIGH|SLOPE_LOAD_FALLBACK_VERTICAL_RANGE,WEATHER_ACTIVITY_LEVEL_ONLY|WEATHER_HUMID_CONTEXT|WEATHER_WIND_GUST_CONTEXT|WEATHER_HIGH_UV_CONTEXT,NONE,NONE,ROUTE_LOAD_HIGH_CONTEXT|IB2_EFFORT_HIGH|STEPS_SURFACE_HIGH|SLOPE_LOAD_FALLBACK_VERTICAL_RANGE|IB2_WEATHER_SENSITIVE_ROUTE_EXPOSURE_CONTEXT|WATERWAY_PROXIMITY_CONTEXT|WEATHER_ACTIVITY_LEVEL_ONLY|WEATHER_HUMID_CONTEXT|WEATHER_WIND_GUST_CONTEXT|WEATHER_HIGH_UV_CONTEXT|ROUTE_PHASE_UNKNOWN|OSM_PROXIMITY_NOT_USAGE,IB2_OR_WEATHER_CONTEXT_PRESENT,"Descriptive planning context evidence only. This is not ability scoring, not route suitability scoring, not THCI/radar scoring, and not a final hiking risk assessment. Weather is activity-level context unless an explicit safe route-window source is used. OSM proximity is not proof of facility use. IB3D/event annotations are not causality evidence."
3_1,150,300,3,TURNAROUND_CONDITION_REVIEW_RECOMMENDED,100.0,VERY_HIGH_ROUTE_LOAD_CONTEXT,ROUTE_LOAD_HIGH_CONTEXT|ROUTE_LOAD_VERY_HIGH_CONTEXT|VERTICAL_RANGE_HIGH|SLOPE_HIGH|IB2_EFFORT_HIGH|TERRAIN_HIGH|STEPS_SURFACE_HIGH|SLOPE_LOAD_FALLBACK_VERTICAL_RANGE,WEATHER_ACTIVITY_LEVEL_ONLY|WEATHER_HUMID_CONTEXT|WEATHER_WIND_GUST_CONTEXT|WEATHER_HIGH_UV_CONTEXT,BEHAVIOR_LOW_SPEED_RESPONSE,NONE,ROUTE_LOAD_HIGH_CONTEXT|ROUTE_LOAD_VERY_HIGH_CONTEXT|VERTICAL_RANGE_HIGH|SLOPE_HIGH|IB2_EFFORT_HIGH|TERRAIN_HIGH|STEPS_SURFACE_HIGH|IB2_WEATHER_SENSITIVE_ROUTE_EXPOSURE_CONTEXT|WATERWAY_PROXIMITY_CONTEXT|WEATHER_ACTIVITY_LEVEL_ONLY|WEATHER_HUMID_CONTEXT|WEATHER_WIND_GUST_CONTEXT|WEATHER_HIGH_UV_CONTEXT|BEHAVIOR_LOW_SPEED_RESPONSE|ROUTE_PHASE_UNKNOWN|OSM_PROXIMITY_NOT_USAGE|SLOPE_LOAD_FALLBACK_VERTICAL_RANGE,VERY_HIGH_ROUTE_LOAD_CONTEXT|ROUTE_LOAD_BEHAVIOR_CANDIDATE|IB2_OR_WEATHER_CONTEXT_PRESENT,"Descriptive planning context evidence only. This is not ability scoring, not route suitability scoring, not THCI/radar scoring, and not a final hiking risk assessment. Weather is activity-level context unless an explicit safe route-window source is used. OSM proximity is not proof of facility use. IB3D/event annotations are not causality evidence."
3_1,300,350,1,CONSERVATIVE_PLANNING_RECOMMENDED,69.318,HIGH_ROUTE_LOAD_CONTEXT,ROUTE_LOAD_HIGH_CONTEXT|IB2_EFFORT_HIGH|TERRAIN_HIGH|STEPS_SURFACE_HIGH|SLOPE_LOAD_FALLBACK_VERTICAL_RANGE,WEATHER_ACTIVITY_LEVEL_ONLY|WEATHER_HUMID_CONTEXT|WEATHER_WIND_GUST_CONTEXT|WEATHER_HIGH_UV_CONTEXT,BEHAVIOR_RELATIVE_HIGH_HR_RESPONSE,NONE,ROUTE_LOAD_HIGH_CONTEXT|IB2_EFFORT_HIGH|TERRAIN_HIGH|STEPS_SURFACE_HIGH|SLOPE_LOAD_FALLBACK_VERTICAL_RANGE|IB2_WEATHER_SENSITIVE_ROUTE_EXPOSURE_CONTEXT|WEATHER_ACTIVITY_LEVEL_ONLY|WEATHER_HUMID_CONTEXT|WEATHER_WIND_GUST_CONTEXT|WEATHER_HIGH_UV_CONTEXT|BEHAVIOR_RELATIVE_HIGH_HR_RESPONSE|ROUTE_PHASE_UNKNOWN|OSM_PROXIMITY_NOT_USAGE,ROUTE_LOAD_BEHAVIOR_CANDIDATE|IB2_OR_WEATHER_CONTEXT_PRESENT,"Descriptive planning context evidence only. This is not ability scoring, not route suitability scoring, not THCI/radar scoring, and not a final hiking risk assessment. Weather is activity-level context unless an explicit safe route-window source is used. OSM proximity is not proof of facility use. IB3D/event annotations are not causality evidence."
3_1,350,400,1,TURNAROUND_CONDITION_REVIEW_RECOMMENDED,89.17,VERY_HIGH_ROUTE_LOAD_CONTEXT,ROUTE_LOAD_HIGH_CONTEXT|ROUTE_LOAD_VERY_HIGH_CONTEXT|VERTICAL_RANGE_HIGH|SLOPE_HIGH|IB2_EFFORT_HIGH|TERRAIN_HIGH|STEPS_SURFACE_HIGH|SLOPE_LOAD_FALLBACK_VERTICAL_RANGE,WEATHER_ACTIVITY_LEVEL_ONLY|WEATHER_HUMID_CONTEXT|WEATHER_WIND_GUST_CONTEXT|WEATHER_HIGH_UV_CONTEXT,BEHAVIOR_LOW_SPEED_RESPONSE,NONE,ROUTE_LOAD_HIGH_CONTEXT|ROUTE_LOAD_VERY_HIGH_CONTEXT|VERTICAL_RANGE_HIGH|SLOPE_HIGH|IB2_EFFORT_HIGH|TERRAIN_HIGH|STEPS_SURFACE_HIGH|SLOPE_LOAD_FALLBACK_VERTICAL_RANGE|IB2_WEATHER_SENSITIVE_ROUTE_EXPOSURE_CONTEXT|WEATHER_ACTIVITY_LEVEL_ONLY|WEATHER_HUMID_CONTEXT|WEATHER_WIND_GUST_CONTEXT|WEATHER_HIGH_UV_CONTEXT|BEHAVIOR_LOW_SPEED_RESPONSE|ROUTE_PHASE_UNKNOWN|OSM_PROXIMITY_NOT_USAGE,VERY_HIGH_ROUTE_LOAD_CONTEXT|ROUTE_LOAD_BEHAVIOR_CANDIDATE|IB2_OR_WEATHER_CONTEXT_PRESENT,"Descriptive planning context evidence only. This is not ability scoring, not route suitability scoring, not THCI/radar scoring, and not a final hiking risk assessment. Weather is activity-level context unless an explicit safe route-window source is used. OSM proximity is not proof of facility use. IB3D/event annotations are not causality evidence."
3_1,400,500,2,CONSERVATIVE_PLANNING_RECOMMENDED,79.928,HIGH_ROUTE_LOAD_CONTEXT,ROUTE_LOAD_HIGH_CONTEXT|IB2_EFFORT_HIGH|TERRAIN_HIGH|STEPS_SURFACE_HIGH|SLOPE_LOAD_FALLBACK_VERTICAL_RANGE,WEATHER_ACTIVITY_LEVEL_ONLY|WEATHER_HUMID_CONTEXT|WEATHER_WIND_GUST_CONTEXT|WEATHER_HIGH_UV_CONTEXT,NONE,NONE,ROUTE_LOAD_HIGH_CONTEXT|IB2_EFFORT_HIGH|TERRAIN_HIGH|STEPS_SURFACE_HIGH|SLOPE_LOAD_FALLBACK_VERTICAL_RANGE|IB2_WEATHER_SENSITIVE_ROUTE_EXPOSURE_CONTEXT|WEATHER_ACTIVITY_LEVEL_ONLY|WEATHER_HUMID_CONTEXT|WEATHER_WIND_GUST_CONTEXT|WEATHER_HIGH_UV_CONTEXT|ROUTE_PHASE_UNKNOWN|OSM_PROXIMITY_NOT_USAGE,IB2_OR_WEATHER_CONTEXT_PRESENT,"Descriptive planning context evidence only. This is not ability scoring, not route suitability scoring, not THCI/radar scoring, and not a final hiking risk assessment. Weather is activity-level context unless an explicit safe route-window source is used. OSM proximity is not proof of facility use. IB3D/event annotations are not causality evidence."
3_1,500,550,1,TURNAROUND_CONDITION_REVIEW_RECOMMENDED,81.359,VERY_HIGH_ROUTE_LOAD_CONTEXT,ROUTE_LOAD_HIGH_CONTEXT|ROUTE_LOAD_VERY_HIGH_CONTEXT|IB2_EFFORT_HIGH|STEPS_SURFACE_HIGH|SLOPE_LOAD_FALLBACK_VERTICAL_RANGE,WEATHER_ACTIVITY_LEVEL_ONLY|WEATHER_HUMID_CONTEXT|WEATHER_WIND_GUST_CONTEXT|WEATHER_HIGH_UV_CONTEXT,BEHAVIOR_RELATIVE_HIGH_HR_RESPONSE|BEHAVIOR_LOW_SPEED_RESPONSE,NONE,ROUTE_LOAD_HIGH_CONTEXT|ROUTE_LOAD_VERY_HIGH_CONTEXT|IB2_EFFORT_HIGH|STEPS_SURFACE_HIGH|SLOPE_LOAD_FALLBACK_VERTICAL_RANGE|IB2_WEATHER_SENSITIVE_ROUTE_EXPOSURE_CONTEXT|WEATHER_ACTIVITY_LEVEL_ONLY|WEATHER_HUMID_CONTEXT|WEATHER_WIND_GUST_CONTEXT|WEATHER_HIGH_UV_CONTEXT|BEHAVIOR_RELATIVE_HIGH_HR_RESPONSE|BEHAVIOR_LOW_SPEED_RESPONSE|ROUTE_PHASE_UNKNOWN|OSM_PROXIMITY_NOT_USAGE,VERY_HIGH_ROUTE_LOAD_CONTEXT|ROUTE_LOAD_BEHAVIOR_CANDIDATE|IB2_OR_WEATHER_CONTEXT_PRESENT,"Descriptive planning context evidence only. This is not ability scoring, not route suitability scoring, not THCI/radar scoring, and not a final hiking risk assessment. Weather is activity-level context unless an explicit safe route-window source is used. OSM proximity is not proof of facility use. IB3D/event annotations are not causality evidence."
3_1,550,650,2,REVIEW_FOR_CONSERVATIVE_PLANNING,48.853,LOWER_ROUTE_LOAD_CONTEXT,IB2_EFFORT_HIGH|STEPS_SURFACE_HIGH|SLOPE_LOAD_FALLBACK_VERTICAL_RANGE,WEATHER_ACTIVITY_LEVEL_ONLY|WEATHER_HUMID_CONTEXT|WEATHER_WIND_GUST_CONTEXT|WEATHER_HIGH_UV_CONTEXT,BEHAVIOR_RELATIVE_HIGH_HR_RESPONSE|BEHAVIOR_LOW_SPEED_RESPONSE,NONE,IB2_EFFORT_HIGH|STEPS_SURFACE_HIGH|SLOPE_LOAD_FALLBACK_VERTICAL_RANGE|IB2_WEATHER_SENSITIVE_ROUTE_EXPOSURE_CONTEXT|SHELTER_PROXIMITY_CONTEXT|WEATHER_ACTIVITY_LEVEL_ONLY|WEATHER_HUMID_CONTEXT|WEATHER_WIND_GUST_CONTEXT|WEATHER_HIGH_UV_CONTEXT|BEHAVIOR_RELATIVE_HIGH_HR_RESPONSE|BEHAVIOR_LOW_SPEED_RESPONSE|ROUTE_PHASE_UNKNOWN|OSM_PROXIMITY_NOT_USAGE|IB2_NAVIGATION_CONTEXT|GUIDEPOST_PROXIMITY_CONTEXT,HIGH_ROUTE_OR_IB2_CONTEXT,"Descriptive planning context evidence only. This is not ability scoring, not route suitability scoring, not THCI/radar scoring, and not a final hiking risk assessment. Weather is activity-level context unless an explicit safe route-window source is used. OSM proximity is not proof of facility use. IB3D/event annotations are not causality evidence."
3_1,700,750,1,REVIEW_FOR_CONSERVATIVE_PLANNING,6.466,LOWER_ROUTE_LOAD_CONTEXT,SLOPE_LOAD_FALLBACK_VERTICAL_RANGE,WEATHER_ACTIVITY_LEVEL_ONLY|WEATHER_HUMID_CONTEXT|WEATHER_WIND_GUST_CONTEXT|WEATHER_HIGH_UV_CONTEXT,BEHAVIOR_RELATIVE_HIGH_HR_RESPONSE|BEHAVIOR_LOW_SPEED_RESPONSE,NONE,SLOPE_LOAD_FALLBACK_VERTICAL_RANGE|IB2_WEATHER_SENSITIVE_ROUTE_EXPOSURE_CONTEXT|SHELTER_PROXIMITY_CONTEXT|WEATHER_ACTIVITY_LEVEL_ONLY|WEATHER_HUMID_CONTEXT|WEATHER_WIND_GUST_CONTEXT|WEATHER_HIGH_UV_CONTEXT|BEHAVIOR_RELATIVE_HIGH_HR_RESPONSE|BEHAVIOR_LOW_SPEED_RESPONSE|ROUTE_PHASE_UNKNOWN|OSM_PROXIMITY_NOT_USAGE,HIGH_ROUTE_OR_IB2_CONTEXT,"Descriptive planning context evidence only. This is not ability scoring, not route suitability scoring, not THCI/radar scoring, and not a final hiking risk assessment. Weather is activity-level context unless an explicit safe route-window source is used. OSM proximity is not proof of facility use. IB3D/event annotations are not causality evidence."
3_1,800,1200,8,REVIEW_FOR_CONSERVATIVE_PLANNING,48.18,LOWER_ROUTE_LOAD_CONTEXT,SLOPE_LOAD_FALLBACK_VERTICAL_RANGE|SLOPE_HIGH,WEATHER_ACTIVITY_LEVEL_ONLY|WEATHER_HUMID_CONTEXT|WEATHER_WIND_GUST_CONTEXT|WEATHER_HIGH_UV_CONTEXT,BEHAVIOR_RELATIVE_HIGH_HR_RESPONSE,NONE,SLOPE_LOAD_FALLBACK_VERTICAL_RANGE|IB2_NAVIGATION_CONTEXT|IB2_WEATHER_SENSITIVE_ROUTE_EXPOSURE_CONTEXT|GUIDEPOST_PROXIMITY_CONTEXT|WEATHER_ACTIVITY_LEVEL_ONLY|WEATHER_HUMID_CONTEXT|WEATHER_WIND_GUST_CONTEXT|WEATHER_HIGH_UV_CONTEXT|ROUTE_PHASE_UNKNOWN|OSM_PROXIMITY_NOT_USAGE|IB2_SUPPORT_CONTEXT|SLOPE_HIGH|BEHAVIOR_RELATIVE_HIGH_HR_RESPONSE,HIGH_ROUTE_OR_IB2_CONTEXT,"Descriptive planning context evidence only. This is not ability scoring, not route suitability scoring, not THCI/radar scoring, and not a final hiking risk assessment. Weather is activity-level context unless an explicit safe route-window source is used. OSM proximity is not proof of facility use. IB3D/event annotations are not causality evidence."
3_1,1200,1300,2,CONSERVATIVE_PLANNING_RECOMMENDED,72.387,HIGH_ROUTE_LOAD_CONTEXT,ROUTE_LOAD_HIGH_CONTEXT|IB2_EFFORT_HIGH|STEPS_SURFACE_HIGH|SLOPE_LOAD_FALLBACK_VERTICAL_RANGE,WEATHER_ACTIVITY_LEVEL_ONLY|WEATHER_HUMID_CONTEXT|WEATHER_WIND_GUST_CONTEXT|WEATHER_HIGH_UV_CONTEXT,BEHAVIOR_LOW_SPEED_RESPONSE,NONE,ROUTE_LOAD_HIGH_CONTEXT|IB2_EFFORT_HIGH|STEPS_SURFACE_HIGH|SLOPE_LOAD_FALLBACK_VERTICAL_RANGE|IB2_WEATHER_SENSITIVE_ROUTE_EXPOSURE_CONTEXT|WEATHER_ACTIVITY_LEVEL_ONLY|WEATHER_HUMID_CONTEXT|WEATHER_WIND_GUST_CONTEXT|WEATHER_HIGH_UV_CONTEXT|BEHAVIOR_LOW_SPEED_RESPONSE|ROUTE_PHASE_UNKNOWN|OSM_PROXIMITY_NOT_USAGE,ROUTE_LOAD_BEHAVIOR_CANDIDATE|IB2_OR_WEATHER_CONTEXT_PRESENT,"Descriptive planning context evidence only. This is not ability scoring, not route suitability scoring, not THCI/radar scoring, and not a final hiking risk assessment. Weather is activity-level context unless an explicit safe route-window source is used. OSM proximity is not proof of facility use. IB3D/event annotations are not causality evidence."
3_1,1300,1350,1,REVIEW_FOR_CONSERVATIVE_PLANNING,38.193,MODERATE_ROUTE_LOAD_CONTEXT,SLOPE_LOAD_FALLBACK_VERTICAL_RANGE,WEATHER_ACTIVITY_LEVEL_ONLY|WEATHER_HUMID_CONTEXT|WEATHER_WIND_GUST_CONTEXT|WEATHER_HIGH_UV_CONTEXT,NONE,NONE,SLOPE_LOAD_FALLBACK_VERTICAL_RANGE|IB2_WEATHER_SENSITIVE_ROUTE_EXPOSURE_CONTEXT|WEATHER_ACTIVITY_LEVEL_ONLY|WEATHER_HUMID_CONTEXT|WEATHER_WIND_GUST_CONTEXT|WEATHER_HIGH_UV_CONTEXT|ROUTE_PHASE_UNKNOWN|OSM_PROXIMITY_NOT_USAGE,HIGH_ROUTE_OR_IB2_CONTEXT,"Descriptive planning context evidence only. This is not ability scoring, not route suitability scoring, not THCI/radar scoring, and not a final hiking risk assessment. Weather is activity-level context unless an explicit safe route-window source is used. OSM proximity is not proof of facility use. IB3D/event annotations are not causality evidence."
3_1,1350,1650,6,TURNAROUND_CONDITION_REVIEW_RECOMMENDED,100.0,VERY_HIGH_ROUTE_LOAD_CONTEXT,ROUTE_LOAD_HIGH_CONTEXT|ROUTE_LOAD_VERY_HIGH_CONTEXT|VERTICAL_RANGE_HIGH|SLOPE_HIGH|IB2_EFFORT_HIGH|TERRAIN_HIGH|STEPS_SURFACE_HIGH|SLOPE_LOAD_FALLBACK_VERTICAL_RANGE,WEATHER_ACTIVITY_LEVEL_ONLY|WEATHER_HUMID_CONTEXT|WEATHER_WIND_GUST_CONTEXT|WEATHER_HIGH_UV_CONTEXT,BEHAVIOR_LOW_SPEED_RESPONSE|BEHAVIOR_LOW_SPEED_RATIO_HIGH|BEHAVIOR_RELATIVE_HIGH_HR_RESPONSE|BEHAVIOR_STOP_RESPONSE,NONE,ROUTE_LOAD_HIGH_CONTEXT|ROUTE_LOAD_VERY_HIGH_CONTEXT|VERTICAL_RANGE_HIGH|SLOPE_HIGH|IB2_EFFORT_HIGH|TERRAIN_HIGH|STEPS_SURFACE_HIGH|SLOPE_LOAD_FALLBACK_VERTICAL_RANGE|IB2_WEATHER_SENSITIVE_ROUTE_EXPOSURE_CONTEXT|WEATHER_ACTIVITY_LEVEL_ONLY|WEATHER_HUMID_CONTEXT|WEATHER_WIND_GUST_CONTEXT|WEATHER_HIGH_UV_CONTEXT|BEHAVIOR_LOW_SPEED_RESPONSE|BEHAVIOR_LOW_SPEED_RATIO_HIGH|ROUTE_PHASE_UNKNOWN|OSM_PROXIMITY_NOT_USAGE|BEHAVIOR_RELATIVE_HIGH_HR_RESPONSE|BEHAVIOR_STOP_RESPONSE,VERY_HIGH_ROUTE_LOAD_CONTEXT|ROUTE_LOAD_BEHAVIOR_CANDIDATE|IB2_OR_WEATHER_CONTEXT_PRESENT,"Descriptive planning context evidence only. This is not ability scoring, not route suitability scoring, not THCI/radar scoring, and not a final hiking risk assessment. Weather is activity-level context unless an explicit safe route-window source is used. OSM proximity is not proof of facility use. IB3D/event annotations are not causality evidence."
3_1,1650,1750,2,REVIEW_FOR_CONSERVATIVE_PLANNING,54.007,LOWER_ROUTE_LOAD_CONTEXT,IB2_EFFORT_HIGH|SLOPE_LOAD_FALLBACK_VERTICAL_RANGE,WEATHER_ACTIVITY_LEVEL_ONLY|WEATHER_HUMID_CONTEXT|WEATHER_WIND_GUST_CONTEXT|WEATHER_HIGH_UV_CONTEXT,BEHAVIOR_RELATIVE_HIGH_HR_RESPONSE,NONE,IB2_EFFORT_HIGH|IB2_WEATHER_SENSITIVE_ROUTE_EXPOSURE_CONTEXT|WEATHER_ACTIVITY_LEVEL_ONLY|WEATHER_HUMID_CONTEXT|WEATHER_WIND_GUST_CONTEXT|WEATHER_HIGH_UV_CONTEXT|BEHAVIOR_RELATIVE_HIGH_HR_RESPONSE|ROUTE_PHASE_UNKNOWN|OSM_PROXIMITY_NOT_USAGE|SLOPE_LOAD_FALLBACK_VERTICAL_RANGE,HIGH_ROUTE_OR_IB2_CONTEXT,"Descriptive planning context evidence only. This is not ability scoring, not route suitability scoring, not THCI/radar scoring, and not a final hiking risk assessment. Weather is activity-level context unless an explicit safe route-window source is used. OSM proximity is not proof of facility use. IB3D/event annotations are not causality evidence."
3_1,1750,1850,2,CONSERVATIVE_PLANNING_RECOMMENDED,69.44,HIGH_ROUTE_LOAD_CONTEXT,ROUTE_LOAD_HIGH_CONTEXT|IB2_EFFORT_HIGH|STEPS_SURFACE_HIGH,WEATHER_ACTIVITY_LEVEL_ONLY|WEATHER_HUMID_CONTEXT|WEATHER_WIND_GUST_CONTEXT|WEATHER_HIGH_UV_CONTEXT,BEHAVIOR_RELATIVE_HIGH_HR_RESPONSE|BEHAVIOR_LOW_SPEED_RESPONSE|BEHAVIOR_LOW_SPEED_RATIO_HIGH,NONE,ROUTE_LOAD_HIGH_CONTEXT|IB2_EFFORT_HIGH|STEPS_SURFACE_HIGH|IB2_NAVIGATION_CONTEXT|IB2_WEATHER_SENSITIVE_ROUTE_EXPOSURE_CONTEXT|GUIDEPOST_PROXIMITY_CONTEXT|WEATHER_ACTIVITY_LEVEL_ONLY|WEATHER_HUMID_CONTEXT|WEATHER_WIND_GUST_CONTEXT|WEATHER_HIGH_UV_CONTEXT|BEHAVIOR_RELATIVE_HIGH_HR_RESPONSE|BEHAVIOR_LOW_SPEED_RESPONSE|BEHAVIOR_LOW_SPEED_RATIO_HIGH|ROUTE_PHASE_UNKNOWN|OSM_PROXIMITY_NOT_USAGE,ROUTE_LOAD_BEHAVIOR_CANDIDATE|IB2_OR_WEATHER_CONTEXT_PRESENT,"Descriptive planning context evidence only. This is not ability scoring, not route suitability scoring, not THCI/radar scoring, and not a final hiking risk assessment. Weather is activity-level context unless an explicit safe route-window source is used. OSM proximity is not proof of facility use. IB3D/event annotations are not causality evidence."
3_1,1850,1900,1,TURNAROUND_CONDITION_REVIEW_RECOMMENDED,91.158,VERY_HIGH_ROUTE_LOAD_CONTEXT,ROUTE_LOAD_HIGH_CONTEXT|ROUTE_LOAD_VERY_HIGH_CONTEXT|VERTICAL_RANGE_HIGH|SLOPE_HIGH|IB2_EFFORT_HIGH|TERRAIN_HIGH|STEPS_SURFACE_HIGH|SLOPE_LOAD_FALLBACK_VERTICAL_RANGE,WEATHER_ACTIVITY_LEVEL_ONLY|WEATHER_HUMID_CONTEXT|WEATHER_WIND_GUST_CONTEXT|WEATHER_HIGH_UV_CONTEXT,BEHAVIOR_LOW_SPEED_RESPONSE|BEHAVIOR_LOW_SPEED_RATIO_HIGH,NONE,ROUTE_LOAD_HIGH_CONTEXT|ROUTE_LOAD_VERY_HIGH_CONTEXT|VERTICAL_RANGE_HIGH|SLOPE_HIGH|IB2_EFFORT_HIGH|TERRAIN_HIGH|STEPS_SURFACE_HIGH|SLOPE_LOAD_FALLBACK_VERTICAL_RANGE|IB2_WEATHER_SENSITIVE_ROUTE_EXPOSURE_CONTEXT|WEATHER_ACTIVITY_LEVEL_ONLY|WEATHER_HUMID_CONTEXT|WEATHER_WIND_GUST_CONTEXT|WEATHER_HIGH_UV_CONTEXT|BEHAVIOR_LOW_SPEED_RESPONSE|BEHAVIOR_LOW_SPEED_RATIO_HIGH|ROUTE_PHASE_UNKNOWN|OSM_PROXIMITY_NOT_USAGE,VERY_HIGH_ROUTE_LOAD_CONTEXT|ROUTE_LOAD_BEHAVIOR_CANDIDATE|IB2_OR_WEATHER_CONTEXT_PRESENT,"Descriptive planning context evidence only. This is not ability scoring, not route suitability scoring, not THCI/radar scoring, and not a final hiking risk assessment. Weather is activity-level context unless an explicit safe route-window source is used. OSM proximity is not proof of facility use. IB3D/event annotations are not causality evidence."
3_1,1900,1950,1,REVIEW_FOR_CONSERVATIVE_PLANNING,50.499,MODERATE_ROUTE_LOAD_CONTEXT,IB2_EFFORT_HIGH|STEPS_SURFACE_HIGH|SLOPE_LOAD_FALLBACK_VERTICAL_RANGE,WEATHER_ACTIVITY_LEVEL_ONLY|WEATHER_HUMID_CONTEXT|WEATHER_WIND_GUST_CONTEXT|WEATHER_HIGH_UV_CONTEXT,NONE,NONE,IB2_EFFORT_HIGH|STEPS_SURFACE_HIGH|SLOPE_LOAD_FALLBACK_VERTICAL_RANGE|IB2_NAVIGATION_CONTEXT|IB2_WEATHER_SENSITIVE_ROUTE_EXPOSURE_CONTEXT|GUIDEPOST_PROXIMITY_CONTEXT|WEATHER_ACTIVITY_LEVEL_ONLY|WEATHER_HUMID_CONTEXT|WEATHER_WIND_GUST_CONTEXT|WEATHER_HIGH_UV_CONTEXT|ROUTE_PHASE_UNKNOWN|OSM_PROXIMITY_NOT_USAGE,HIGH_ROUTE_OR_IB2_CONTEXT,"Descriptive planning context evidence only. This is not ability scoring, not route suitability scoring, not THCI/radar scoring, and not a final hiking risk assessment. Weather is activity-level context unless an explicit safe route-window source is used. OSM proximity is not proof of facility use. IB3D/event annotations are not causality evidence."
3_1,1950,2050,2,TURNAROUND_CONDITION_REVIEW_RECOMMENDED,85.812,VERY_HIGH_ROUTE_LOAD_CONTEXT,ROUTE_LOAD_HIGH_CONTEXT|ROUTE_LOAD_VERY_HIGH_CONTEXT|VERTICAL_RANGE_HIGH|SLOPE_HIGH|IB2_EFFORT_HIGH|STEPS_SURFACE_HIGH|SLOPE_LOAD_FALLBACK_VERTICAL_RANGE,WEATHER_ACTIVITY_LEVEL_ONLY|WEATHER_HUMID_CONTEXT|WEATHER_WIND_GUST_CONTEXT|WEATHER_HIGH_UV_CONTEXT,BEHAVIOR_LOW_SPEED_RESPONSE,NONE,ROUTE_LOAD_HIGH_CONTEXT|ROUTE_LOAD_VERY_HIGH_CONTEXT|VERTICAL_RANGE_HIGH|SLOPE_HIGH|IB2_EFFORT_HIGH|STEPS_SURFACE_HIGH|SLOPE_LOAD_FALLBACK_VERTICAL_RANGE|IB2_NAVIGATION_CONTEXT|IB2_WEATHER_SENSITIVE_ROUTE_EXPOSURE_CONTEXT|GUIDEPOST_PROXIMITY_CONTEXT|WEATHER_ACTIVITY_LEVEL_ONLY|WEATHER_HUMID_CONTEXT|WEATHER_WIND_GUST_CONTEXT|WEATHER_HIGH_UV_CONTEXT|BEHAVIOR_LOW_SPEED_RESPONSE|ROUTE_PHASE_UNKNOWN|OSM_PROXIMITY_NOT_USAGE,VERY_HIGH_ROUTE_LOAD_CONTEXT|ROUTE_LOAD_BEHAVIOR_CANDIDATE|IB2_OR_WEATHER_CONTEXT_PRESENT,"Descriptive planning context evidence only. This is not ability scoring, not route suitability scoring, not THCI/radar scoring, and not a final hiking risk assessment. Weather is activity-level context unless an explicit safe route-window source is used. OSM proximity is not proof of facility use. IB3D/event annotations are not causality evidence."
3_1,2050,2150,2,REVIEW_FOR_CONSERVATIVE_PLANNING,57.731,MODERATE_ROUTE_LOAD_CONTEXT,IB2_EFFORT_HIGH|STEPS_SURFACE_HIGH,WEATHER_ACTIVITY_LEVEL_ONLY|WEATHER_HUMID_CONTEXT|WEATHER_WIND_GUST_CONTEXT|WEATHER_HIGH_UV_CONTEXT,BEHAVIOR_LOW_SPEED_RESPONSE|BEHAVIOR_STOP_RESPONSE,EVENT_SHORT_PAUSE,IB2_EFFORT_HIGH|STEPS_SURFACE_HIGH|IB2_NAVIGATION_CONTEXT|IB2_WEATHER_SENSITIVE_ROUTE_EXPOSURE_CONTEXT|GUIDEPOST_PROXIMITY_CONTEXT|WEATHER_ACTIVITY_LEVEL_ONLY|WEATHER_HUMID_CONTEXT|WEATHER_WIND_GUST_CONTEXT|WEATHER_HIGH_UV_CONTEXT|BEHAVIOR_LOW_SPEED_RESPONSE|BEHAVIOR_STOP_RESPONSE|ROUTE_PHASE_UNKNOWN|OSM_PROXIMITY_NOT_USAGE,HIGH_ROUTE_OR_IB2_CONTEXT,"Descriptive planning context evidence only. This is not ability scoring, not route suitability scoring, not THCI/radar scoring, and not a final hiking risk assessment. Weather is activity-level context unless an explicit safe route-window source is used. OSM proximity is not proof of facility use. IB3D/event annotations are not causality evidence."
3_1,2150,2250,2,TURNAROUND_CONDITION_REVIEW_RECOMMENDED,84.629,VERY_HIGH_ROUTE_LOAD_CONTEXT,ROUTE_LOAD_HIGH_CONTEXT|ROUTE_LOAD_VERY_HIGH_CONTEXT|VERTICAL_RANGE_HIGH|SLOPE_HIGH|IB2_EFFORT_HIGH|STEPS_SURFACE_HIGH|SLOPE_LOAD_FALLBACK_VERTICAL_RANGE,WEATHER_ACTIVITY_LEVEL_ONLY|WEATHER_HUMID_CONTEXT|WEATHER_WIND_GUST_CONTEXT|WEATHER_HIGH_UV_CONTEXT,BEHAVIOR_LOW_SPEED_RESPONSE,NONE,ROUTE_LOAD_HIGH_CONTEXT|ROUTE_LOAD_VERY_HIGH_CONTEXT|VERTICAL_RANGE_HIGH|SLOPE_HIGH|IB2_EFFORT_HIGH|STEPS_SURFACE_HIGH|SLOPE_LOAD_FALLBACK_VERTICAL_RANGE|IB2_WEATHER_SENSITIVE_ROUTE_EXPOSURE_CONTEXT|WEATHER_ACTIVITY_LEVEL_ONLY|WEATHER_HUMID_CONTEXT|WEATHER_WIND_GUST_CONTEXT|WEATHER_HIGH_UV_CONTEXT|BEHAVIOR_LOW_SPEED_RESPONSE|ROUTE_PHASE_UNKNOWN|OSM_PROXIMITY_NOT_USAGE|IB2_NAVIGATION_CONTEXT|GUIDEPOST_PROXIMITY_CONTEXT,VERY_HIGH_ROUTE_LOAD_CONTEXT|ROUTE_LOAD_BEHAVIOR_CANDIDATE|IB2_OR_WEATHER_CONTEXT_PRESENT,"Descriptive planning context evidence only. This is not ability scoring, not route suitability scoring, not THCI/radar scoring, and not a final hiking risk assessment. Weather is activity-level context unless an explicit safe route-window source is used. OSM proximity is not proof of facility use. IB3D/event annotations are not causality evidence."
3_1,2250,2300,1,REVIEW_FOR_CONSERVATIVE_PLANNING,49.804,MODERATE_ROUTE_LOAD_CONTEXT,IB2_EFFORT_HIGH|STEPS_SURFACE_HIGH|SLOPE_LOAD_FALLBACK_VERTICAL_RANGE,WEATHER_ACTIVITY_LEVEL_ONLY|WEATHER_HUMID_CONTEXT|WEATHER_WIND_GUST_CONTEXT|WEATHER_HIGH_UV_CONTEXT,NONE,NONE,IB2_EFFORT_HIGH|STEPS_SURFACE_HIGH|SLOPE_LOAD_FALLBACK_VERTICAL_RANGE|IB2_NAVIGATION_CONTEXT|IB2_WEATHER_SENSITIVE_ROUTE_EXPOSURE_CONTEXT|GUIDEPOST_PROXIMITY_CONTEXT|WEATHER_ACTIVITY_LEVEL_ONLY|WEATHER_HUMID_CONTEXT|WEATHER_WIND_GUST_CONTEXT|WEATHER_HIGH_UV_CONTEXT|ROUTE_PHASE_UNKNOWN|OSM_PROXIMITY_NOT_USAGE,HIGH_ROUTE_OR_IB2_CONTEXT,"Descriptive planning context evidence only. This is not ability scoring, not route suitability scoring, not THCI/radar scoring, and not a final hiking risk assessment. Weather is activity-level context unless an explicit safe route-window source is used. OSM proximity is not proof of facility use. IB3D/event annotations are not causality evidence."
3_1,2300,2350,1,TURNAROUND_CONDITION_REVIEW_RECOMMENDED,95.562,VERY_HIGH_ROUTE_LOAD_CONTEXT,ROUTE_LOAD_HIGH_CONTEXT|ROUTE_LOAD_VERY_HIGH_CONTEXT|VERTICAL_RANGE_HIGH|SLOPE_HIGH|IB2_EFFORT_HIGH|TERRAIN_HIGH|STEPS_SURFACE_HIGH|SLOPE_LOAD_FALLBACK_VERTICAL_RANGE,WEATHER_ACTIVITY_LEVEL_ONLY|WEATHER_HUMID_CONTEXT|WEATHER_WIND_GUST_CONTEXT|WEATHER_HIGH_UV_CONTEXT,BEHAVIOR_LOW_SPEED_RESPONSE|BEHAVIOR_LOW_SPEED_RATIO_HIGH,NONE,ROUTE_LOAD_HIGH_CONTEXT|ROUTE_LOAD_VERY_HIGH_CONTEXT|VERTICAL_RANGE_HIGH|SLOPE_HIGH|IB2_EFFORT_HIGH|TERRAIN_HIGH|STEPS_SURFACE_HIGH|SLOPE_LOAD_FALLBACK_VERTICAL_RANGE|IB2_WEATHER_SENSITIVE_ROUTE_EXPOSURE_CONTEXT|WEATHER_ACTIVITY_LEVEL_ONLY|WEATHER_HUMID_CONTEXT|WEATHER_WIND_GUST_CONTEXT|WEATHER_HIGH_UV_CONTEXT|BEHAVIOR_LOW_SPEED_RESPONSE|BEHAVIOR_LOW_SPEED_RATIO_HIGH|ROUTE_PHASE_UNKNOWN|OSM_PROXIMITY_NOT_USAGE,VERY_HIGH_ROUTE_LOAD_CONTEXT|ROUTE_LOAD_BEHAVIOR_CANDIDATE|IB2_OR_WEATHER_CONTEXT_PRESENT,"Descriptive planning context evidence only. This is not ability scoring, not route suitability scoring, not THCI/radar scoring, and not a final hiking risk assessment. Weather is activity-level context unless an explicit safe route-window source is used. OSM proximity is not proof of facility use. IB3D/event annotations are not causality evidence."
3_1,2350,2450,2,CONSERVATIVE_PLANNING_RECOMMENDED,70.235,HIGH_ROUTE_LOAD_CONTEXT,ROUTE_LOAD_HIGH_CONTEXT|IB2_EFFORT_HIGH|STEPS_SURFACE_HIGH|SLOPE_HIGH,WEATHER_ACTIVITY_LEVEL_ONLY|WEATHER_HUMID_CONTEXT|WEATHER_WIND_GUST_CONTEXT|WEATHER_HIGH_UV_CONTEXT,BEHAVIOR_RELATIVE_HIGH_HR_RESPONSE|BEHAVIOR_LOW_SPEED_RESPONSE|BEHAVIOR_LOW_SPEED_RATIO_HIGH,EVENT_HIGH_HR_RECOVERY_STOP,ROUTE_LOAD_HIGH_CONTEXT|IB2_EFFORT_HIGH|STEPS_SURFACE_HIGH|IB2_NAVIGATION_CONTEXT|IB2_WEATHER_SENSITIVE_ROUTE_EXPOSURE_CONTEXT|GUIDEPOST_PROXIMITY_CONTEXT|WEATHER_ACTIVITY_LEVEL_ONLY|WEATHER_HUMID_CONTEXT|WEATHER_WIND_GUST_CONTEXT|WEATHER_HIGH_UV_CONTEXT|BEHAVIOR_RELATIVE_HIGH_HR_RESPONSE|BEHAVIOR_LOW_SPEED_RESPONSE|BEHAVIOR_LOW_SPEED_RATIO_HIGH|ROUTE_PHASE_UNKNOWN|OSM_PROXIMITY_NOT_USAGE|SLOPE_HIGH,ROUTE_LOAD_BEHAVIOR_CANDIDATE|IB2_OR_WEATHER_CONTEXT_PRESENT,"Descriptive planning context evidence only. This is not ability scoring, not route suitability scoring, not THCI/radar scoring, and not a final hiking risk assessment. Weather is activity-level context unless an explicit safe route-window source is used. OSM proximity is not proof of facility use. IB3D/event annotations are not causality evidence."
3_1,2450,2500,1,REVIEW_FOR_CONSERVATIVE_PLANNING,34.884,LOWER_ROUTE_LOAD_CONTEXT,SLOPE_LOAD_FALLBACK_VERTICAL_RANGE,WEATHER_ACTIVITY_LEVEL_ONLY|WEATHER_HUMID_CONTEXT|WEATHER_WIND_GUST_CONTEXT|WEATHER_HIGH_UV_CONTEXT,NONE,NONE,SLOPE_LOAD_FALLBACK_VERTICAL_RANGE|IB2_WEATHER_SENSITIVE_ROUTE_EXPOSURE_CONTEXT|WEATHER_ACTIVITY_LEVEL_ONLY|WEATHER_HUMID_CONTEXT|WEATHER_WIND_GUST_CONTEXT|WEATHER_HIGH_UV_CONTEXT|ROUTE_PHASE_UNKNOWN|OSM_PROXIMITY_NOT_USAGE,HIGH_ROUTE_OR_IB2_CONTEXT,"Descriptive planning context evidence only. This is not ability scoring, not route suitability scoring, not THCI/radar scoring, and not a final hiking risk assessment. Weather is activity-level context unless an explicit safe route-window source is used. OSM proximity is not proof of facility use. IB3D/event annotations are not causality evidence."
3_1,2500,2550,1,CONSERVATIVE_PLANNING_RECOMMENDED,62.763,HIGH_ROUTE_LOAD_CONTEXT,ROUTE_LOAD_HIGH_CONTEXT|IB2_EFFORT_HIGH|TERRAIN_HIGH|STEPS_SURFACE_HIGH|SLOPE_LOAD_FALLBACK_VERTICAL_RANGE,WEATHER_ACTIVITY_LEVEL_ONLY|WEATHER_HUMID_CONTEXT|WEATHER_WIND_GUST_CONTEXT|WEATHER_HIGH_UV_CONTEXT,BEHAVIOR_LOW_SPEED_RESPONSE|BEHAVIOR_LOW_SPEED_RATIO_HIGH,NONE,ROUTE_LOAD_HIGH_CONTEXT|IB2_EFFORT_HIGH|TERRAIN_HIGH|STEPS_SURFACE_HIGH|SLOPE_LOAD_FALLBACK_VERTICAL_RANGE|IB2_WEATHER_SENSITIVE_ROUTE_EXPOSURE_CONTEXT|WEATHER_ACTIVITY_LEVEL_ONLY|WEATHER_HUMID_CONTEXT|WEATHER_WIND_GUST_CONTEXT|WEATHER_HIGH_UV_CONTEXT|BEHAVIOR_LOW_SPEED_RESPONSE|BEHAVIOR_LOW_SPEED_RATIO_HIGH|ROUTE_PHASE_UNKNOWN|OSM_PROXIMITY_NOT_USAGE,ROUTE_LOAD_BEHAVIOR_CANDIDATE|IB2_OR_WEATHER_CONTEXT_PRESENT,"Descriptive planning context evidence only. This is not ability scoring, not route suitability scoring, not THCI/radar scoring, and not a final hiking risk assessment. Weather is activity-level context unless an explicit safe route-window source is used. OSM proximity is not proof of facility use. IB3D/event annotations are not causality evidence."
3_1,2550,2850,6,TURNAROUND_CONDITION_REVIEW_RECOMMENDED,100.0,VERY_HIGH_ROUTE_LOAD_CONTEXT,ROUTE_LOAD_HIGH_CONTEXT|ROUTE_LOAD_VERY_HIGH_CONTEXT|VERTICAL_RANGE_HIGH|SLOPE_HIGH|IB2_EFFORT_HIGH|TERRAIN_HIGH|STEPS_SURFACE_HIGH|SLOPE_LOAD_FALLBACK_VERTICAL_RANGE,WEATHER_ACTIVITY_LEVEL_ONLY|WEATHER_HUMID_CONTEXT|WEATHER_WIND_GUST_CONTEXT|WEATHER_HIGH_UV_CONTEXT,BEHAVIOR_LOW_SPEED_RESPONSE|BEHAVIOR_LOW_SPEED_RATIO_HIGH|BEHAVIOR_RELATIVE_HIGH_HR_RESPONSE,EVENT_SHORT_PAUSE|EVENT_HIGH_HR_RECOVERY_STOP,ROUTE_LOAD_HIGH_CONTEXT|ROUTE_LOAD_VERY_HIGH_CONTEXT|VERTICAL_RANGE_HIGH|SLOPE_HIGH|IB2_EFFORT_HIGH|TERRAIN_HIGH|STEPS_SURFACE_HIGH|IB2_WEATHER_SENSITIVE_ROUTE_EXPOSURE_CONTEXT|WEATHER_ACTIVITY_LEVEL_ONLY|WEATHER_HUMID_CONTEXT|WEATHER_WIND_GUST_CONTEXT|WEATHER_HIGH_UV_CONTEXT|BEHAVIOR_LOW_SPEED_RESPONSE|BEHAVIOR_LOW_SPEED_RATIO_HIGH|ROUTE_PHASE_UNKNOWN|OSM_PROXIMITY_NOT_USAGE|SLOPE_LOAD_FALLBACK_VERTICAL_RANGE|BEHAVIOR_RELATIVE_HIGH_HR_RESPONSE,VERY_HIGH_ROUTE_LOAD_CONTEXT|ROUTE_LOAD_BEHAVIOR_CANDIDATE|IB2_OR_WEATHER_CONTEXT_PRESENT,"Descriptive planning context evidence only. This is not ability scoring, not route suitability scoring, not THCI/radar scoring, and not a final hiking risk assessment. Weather is activity-level context unless an explicit safe route-window source is used. OSM proximity is not proof of facility use. IB3D/event annotations are not causality evidence."
3_1,2850,2900,1,REVIEW_FOR_CONSERVATIVE_PLANNING,38.386,MODERATE_ROUTE_LOAD_CONTEXT,NONE,WEATHER_ACTIVITY_LEVEL_ONLY|WEATHER_HUMID_CONTEXT|WEATHER_WIND_GUST_CONTEXT|WEATHER_HIGH_UV_CONTEXT,BEHAVIOR_RELATIVE_HIGH_HR_RESPONSE|BEHAVIOR_LOW_SPEED_RESPONSE,NONE,IB2_WEATHER_SENSITIVE_ROUTE_EXPOSURE_CONTEXT|WEATHER_ACTIVITY_LEVEL_ONLY|WEATHER_HUMID_CONTEXT|WEATHER_WIND_GUST_CONTEXT|WEATHER_HIGH_UV_CONTEXT|BEHAVIOR_RELATIVE_HIGH_HR_RESPONSE|BEHAVIOR_LOW_SPEED_RESPONSE|ROUTE_PHASE_UNKNOWN|OSM_PROXIMITY_NOT_USAGE,HIGH_ROUTE_OR_IB2_CONTEXT,"Descriptive planning context evidence only. This is not ability scoring, not route suitability scoring, not THCI/radar scoring, and not a final hiking risk assessment. Weather is activity-level context unless an explicit safe route-window source is used. OSM proximity is not proof of facility use. IB3D/event annotations are not causality evidence."
3_1,2900,3000,2,CONSERVATIVE_PLANNING_RECOMMENDED,74.859,HIGH_ROUTE_LOAD_CONTEXT,ROUTE_LOAD_HIGH_CONTEXT|IB2_EFFORT_HIGH|STEPS_SURFACE_HIGH|SLOPE_LOAD_FALLBACK_VERTICAL_RANGE,WEATHER_ACTIVITY_LEVEL_ONLY|WEATHER_HUMID_CONTEXT|WEATHER_WIND_GUST_CONTEXT|WEATHER_HIGH_UV_CONTEXT,BEHAVIOR_LOW_SPEED_RESPONSE,NONE,ROUTE_LOAD_HIGH_CONTEXT|IB2_EFFORT_HIGH|STEPS_SURFACE_HIGH|SLOPE_LOAD_FALLBACK_VERTICAL_RANGE|IB2_WEATHER_SENSITIVE_ROUTE_EXPOSURE_CONTEXT|WEATHER_ACTIVITY_LEVEL_ONLY|WEATHER_HUMID_CONTEXT|WEATHER_WIND_GUST_CONTEXT|WEATHER_HIGH_UV_CONTEXT|ROUTE_PHASE_UNKNOWN|OSM_PROXIMITY_NOT_USAGE|BEHAVIOR_LOW_SPEED_RESPONSE,IB2_OR_WEATHER_CONTEXT_PRESENT|ROUTE_LOAD_BEHAVIOR_CANDIDATE,"Descriptive planning context evidence only. This is not ability scoring, not route suitability scoring, not THCI/radar scoring, and not a final hiking risk assessment. Weather is activity-level context unless an explicit safe route-window source is used. OSM proximity is not proof of facility use. IB3D/event annotations are not causality evidence."
3_1,3000,3550,11,REVIEW_FOR_CONSERVATIVE_PLANNING,41.837,LOWER_ROUTE_LOAD_CONTEXT,SLOPE_LOAD_FALLBACK_VERTICAL_RANGE,WEATHER_ACTIVITY_LEVEL_ONLY|WEATHER_HUMID_CONTEXT|WEATHER_WIND_GUST_CONTEXT|WEATHER_HIGH_UV_CONTEXT,BEHAVIOR_RELATIVE_HIGH_HR_RESPONSE|BEHAVIOR_LOW_SPEED_RESPONSE,NONE,IB2_WEATHER_SENSITIVE_ROUTE_EXPOSURE_CONTEXT|WEATHER_ACTIVITY_LEVEL_ONLY|WEATHER_HUMID_CONTEXT|WEATHER_WIND_GUST_CONTEXT|WEATHER_HIGH_UV_CONTEXT|ROUTE_PHASE_UNKNOWN|OSM_PROXIMITY_NOT_USAGE|SLOPE_LOAD_FALLBACK_VERTICAL_RANGE|BEHAVIOR_RELATIVE_HIGH_HR_RESPONSE|BEHAVIOR_LOW_SPEED_RESPONSE|IB2_SUPPORT_CONTEXT|IB2_NAVIGATION_CONTEXT|GUIDEPOST_PROXIMITY_CONTEXT|SHELTER_PROXIMITY_CONTEXT,HIGH_ROUTE_OR_IB2_CONTEXT,"Descriptive planning context evidence only. This is not ability scoring, not route suitability scoring, not THCI/radar scoring, and not a final hiking risk assessment. Weather is activity-level context unless an explicit safe route-window source is used. OSM proximity is not proof of facility use. IB3D/event annotations are not causality evidence."
3_1,3600,3900,6,CONSERVATIVE_PLANNING_RECOMMENDED,83.038,HIGH_ROUTE_LOAD_CONTEXT,ROUTE_LOAD_HIGH_CONTEXT|IB2_EFFORT_HIGH|STEPS_SURFACE_HIGH|SLOPE_LOAD_FALLBACK_VERTICAL_RANGE|TERRAIN_HIGH|ROUTE_LOAD_VERY_HIGH_CONTEXT|SLOPE_HIGH,WEATHER_ACTIVITY_LEVEL_ONLY|WEATHER_HUMID_CONTEXT|WEATHER_WIND_GUST_CONTEXT|WEATHER_HIGH_UV_CONTEXT,BEHAVIOR_RELATIVE_HIGH_HR_RESPONSE,NONE,ROUTE_LOAD_HIGH_CONTEXT|IB2_EFFORT_HIGH|STEPS_SURFACE_HIGH|SLOPE_LOAD_FALLBACK_VERTICAL_RANGE|IB2_WEATHER_SENSITIVE_ROUTE_EXPOSURE_CONTEXT|SHELTER_PROXIMITY_CONTEXT|WEATHER_ACTIVITY_LEVEL_ONLY|WEATHER_HUMID_CONTEXT|WEATHER_WIND_GUST_CONTEXT|WEATHER_HIGH_UV_CONTEXT|BEHAVIOR_RELATIVE_HIGH_HR_RESPONSE|ROUTE_PHASE_UNKNOWN|OSM_PROXIMITY_NOT_USAGE|TERRAIN_HIGH|ROUTE_LOAD_VERY_HIGH_CONTEXT|SLOPE_HIGH,ROUTE_LOAD_BEHAVIOR_CANDIDATE|IB2_OR_WEATHER_CONTEXT_PRESENT|VERY_HIGH_ROUTE_LOAD_CONTEXT,"Descriptive planning context evidence only. This is not ability scoring, not route suitability scoring, not THCI/radar scoring, and not a final hiking risk assessment. Weather is activity-level context unless an explicit safe route-window source is used. OSM proximity is not proof of facility use. IB3D/event annotations are not causality evidence."
3_1,3900,4050,3,TURNAROUND_CONDITION_REVIEW_RECOMMENDED,100.0,VERY_HIGH_ROUTE_LOAD_CONTEXT,ROUTE_LOAD_HIGH_CONTEXT|ROUTE_LOAD_VERY_HIGH_CONTEXT|VERTICAL_RANGE_HIGH|SLOPE_HIGH|IB2_EFFORT_HIGH|TERRAIN_HIGH|STEPS_SURFACE_HIGH|SLOPE_LOAD_FALLBACK_VERTICAL_RANGE,WEATHER_ACTIVITY_LEVEL_ONLY|WEATHER_HUMID_CONTEXT|WEATHER_WIND_GUST_CONTEXT|WEATHER_HIGH_UV_CONTEXT,BEHAVIOR_LOW_SPEED_RESPONSE|BEHAVIOR_RELATIVE_HIGH_HR_RESPONSE,NONE,ROUTE_LOAD_HIGH_CONTEXT|ROUTE_LOAD_VERY_HIGH_CONTEXT|VERTICAL_RANGE_HIGH|SLOPE_HIGH|IB2_EFFORT_HIGH|TERRAIN_HIGH|STEPS_SURFACE_HIGH|SLOPE_LOAD_FALLBACK_VERTICAL_RANGE|IB2_WEATHER_SENSITIVE_ROUTE_EXPOSURE_CONTEXT|WEATHER_ACTIVITY_LEVEL_ONLY|WEATHER_HUMID_CONTEXT|WEATHER_WIND_GUST_CONTEXT|WEATHER_HIGH_UV_CONTEXT|BEHAVIOR_LOW_SPEED_RESPONSE|ROUTE_PHASE_UNKNOWN|OSM_PROXIMITY_NOT_USAGE|WATERWAY_PROXIMITY_CONTEXT|BEHAVIOR_RELATIVE_HIGH_HR_RESPONSE,VERY_HIGH_ROUTE_LOAD_CONTEXT|ROUTE_LOAD_BEHAVIOR_CANDIDATE|IB2_OR_WEATHER_CONTEXT_PRESENT,"Descriptive planning context evidence only. This is not ability scoring, not route suitability scoring, not THCI/radar scoring, and not a final hiking risk assessment. Weather is activity-level context unless an explicit safe route-window source is used. OSM proximity is not proof of facility use. IB3D/event annotations are not causality evidence."
3_1,4050,4100,1,CONSERVATIVE_PLANNING_RECOMMENDED,72.386,HIGH_ROUTE_LOAD_CONTEXT,ROUTE_LOAD_HIGH_CONTEXT|IB2_EFFORT_HIGH|STEPS_SURFACE_HIGH,WEATHER_ACTIVITY_LEVEL_ONLY|WEATHER_HUMID_CONTEXT|WEATHER_WIND_GUST_CONTEXT|WEATHER_HIGH_UV_CONTEXT,NONE,NONE,ROUTE_LOAD_HIGH_CONTEXT|IB2_EFFORT_HIGH|STEPS_SURFACE_HIGH|IB2_WEATHER_SENSITIVE_ROUTE_EXPOSURE_CONTEXT|WATERWAY_PROXIMITY_CONTEXT|WEATHER_ACTIVITY_LEVEL_ONLY|WEATHER_HUMID_CONTEXT|WEATHER_WIND_GUST_CONTEXT|WEATHER_HIGH_UV_CONTEXT|ROUTE_PHASE_UNKNOWN|OSM_PROXIMITY_NOT_USAGE,IB2_OR_WEATHER_CONTEXT_PRESENT,"Descriptive planning context evidence only. This is not ability scoring, not route suitability scoring, not THCI/radar scoring, and not a final hiking risk assessment. Weather is activity-level context unless an explicit safe route-window source is used. OSM proximity is not proof of facility use. IB3D/event annotations are not causality evidence."
3_1,4100,4200,2,REVIEW_FOR_CONSERVATIVE_PLANNING,57.134,LOWER_ROUTE_LOAD_CONTEXT,IB2_EFFORT_HIGH|STEPS_SURFACE_HIGH|SLOPE_LOAD_FALLBACK_VERTICAL_RANGE,WEATHER_ACTIVITY_LEVEL_ONLY|WEATHER_HUMID_CONTEXT|WEATHER_WIND_GUST_CONTEXT|WEATHER_HIGH_UV_CONTEXT,BEHAVIOR_LOW_SPEED_RESPONSE,TERMINAL_ARTIFACT_REVIEW_ONLY,IB2_NAVIGATION_CONTEXT|IB2_WEATHER_SENSITIVE_ROUTE_EXPOSURE_CONTEXT|WATERWAY_PROXIMITY_CONTEXT|GUIDEPOST_PROXIMITY_CONTEXT|WEATHER_ACTIVITY_LEVEL_ONLY|WEATHER_HUMID_CONTEXT|WEATHER_WIND_GUST_CONTEXT|WEATHER_HIGH_UV_CONTEXT|ROUTE_PHASE_UNKNOWN|OSM_PROXIMITY_NOT_USAGE|IB2_EFFORT_HIGH|STEPS_SURFACE_HIGH|SLOPE_LOAD_FALLBACK_VERTICAL_RANGE|BEHAVIOR_LOW_SPEED_RESPONSE,HIGH_ROUTE_OR_IB2_CONTEXT,"Descriptive planning context evidence only. This is not ability scoring, not route suitability scoring, not THCI/radar scoring, and not a final hiking risk assessment. Weather is activity-level context unless an explicit safe route-window source is used. OSM proximity is not proof of facility use. IB3D/event annotations are not causality evidence."
40_1,0,100,2,REVIEW_FOR_CONSERVATIVE_PLANNING,54.629,LOWER_ROUTE_LOAD_CONTEXT,IB2_EFFORT_HIGH,WEATHER_ACTIVITY_LEVEL_ONLY|WEATHER_WIND_GUST_CONTEXT|WEATHER_HIGH_UV_CONTEXT,BEHAVIOR_LOW_SPEED_RESPONSE|BEHAVIOR_LOW_SPEED_RATIO_HIGH,NONE,IB2_NAVIGATION_CONTEXT|IB2_WEATHER_SENSITIVE_ROUTE_EXPOSURE_CONTEXT|WATERWAY_PROXIMITY_CONTEXT|GUIDEPOST_PROXIMITY_CONTEXT|WEATHER_ACTIVITY_LEVEL_ONLY|WEATHER_WIND_GUST_CONTEXT|WEATHER_HIGH_UV_CONTEXT|BEHAVIOR_LOW_SPEED_RESPONSE|BEHAVIOR_LOW_SPEED_RATIO_HIGH|ROUTE_PHASE_UNKNOWN|OSM_PROXIMITY_NOT_USAGE|IB2_EFFORT_HIGH,HIGH_ROUTE_OR_IB2_CONTEXT,"Descriptive planning context evidence only. This is not ability scoring, not route suitability scoring, not THCI/radar scoring, and not a final hiking risk assessment. Weather is activity-level context unless an explicit safe route-window source is used. OSM proximity is not proof of facility use. IB3D/event annotations are not causality evidence."
40_1,100,150,1,CONSERVATIVE_PLANNING_RECOMMENDED,71.777,HIGH_ROUTE_LOAD_CONTEXT,ROUTE_LOAD_HIGH_CONTEXT|IB2_EFFORT_HIGH|STEPS_SURFACE_HIGH|SLOPE_LOAD_FALLBACK_VERTICAL_RANGE,WEATHER_ACTIVITY_LEVEL_ONLY|WEATHER_WIND_GUST_CONTEXT|WEATHER_HIGH_UV_CONTEXT,BEHAVIOR_LOW_SPEED_RESPONSE|BEHAVIOR_LOW_SPEED_RATIO_HIGH,EVENT_SHORT_PAUSE,ROUTE_LOAD_HIGH_CONTEXT|IB2_EFFORT_HIGH|STEPS_SURFACE_HIGH|SLOPE_LOAD_FALLBACK_VERTICAL_RANGE|IB2_WEATHER_SENSITIVE_ROUTE_EXPOSURE_CONTEXT|WATERWAY_PROXIMITY_CONTEXT|WEATHER_ACTIVITY_LEVEL_ONLY|WEATHER_WIND_GUST_CONTEXT|WEATHER_HIGH_UV_CONTEXT|BEHAVIOR_LOW_SPEED_RESPONSE|BEHAVIOR_LOW_SPEED_RATIO_HIGH|ROUTE_PHASE_UNKNOWN|OSM_PROXIMITY_NOT_USAGE,ROUTE_LOAD_BEHAVIOR_CANDIDATE|IB2_OR_WEATHER_CONTEXT_PRESENT,"Descriptive planning context evidence only. This is not ability scoring, not route suitability scoring, not THCI/radar scoring, and not a final hiking risk assessment. Weather is activity-level context unless an explicit safe route-window source is used. OSM proximity is not proof of facility use. IB3D/event annotations are not causality evidence."
40_1,150,300,3,TURNAROUND_CONDITION_REVIEW_RECOMMENDED,100.0,VERY_HIGH_ROUTE_LOAD_CONTEXT,ROUTE_LOAD_HIGH_CONTEXT|ROUTE_LOAD_VERY_HIGH_CONTEXT|VERTICAL_RANGE_HIGH|SLOPE_HIGH|IB2_EFFORT_HIGH|TERRAIN_HIGH|STEPS_SURFACE_HIGH,WEATHER_ACTIVITY_LEVEL_ONLY|WEATHER_WIND_GUST_CONTEXT|WEATHER_HIGH_UV_CONTEXT,BEHAVIOR_LOW_SPEED_RESPONSE|BEHAVIOR_LOW_SPEED_RATIO_HIGH|BEHAVIOR_RELATIVE_HIGH_HR_RESPONSE,NONE,ROUTE_LOAD_HIGH_CONTEXT|ROUTE_LOAD_VERY_HIGH_CONTEXT|VERTICAL_RANGE_HIGH|SLOPE_HIGH|IB2_EFFORT_HIGH|TERRAIN_HIGH|STEPS_SURFACE_HIGH|IB2_WEATHER_SENSITIVE_ROUTE_EXPOSURE_CONTEXT|WATERWAY_PROXIMITY_CONTEXT|WEATHER_ACTIVITY_LEVEL_ONLY|WEATHER_WIND_GUST_CONTEXT|WEATHER_HIGH_UV_CONTEXT|BEHAVIOR_LOW_SPEED_RESPONSE|BEHAVIOR_LOW_SPEED_RATIO_HIGH|ROUTE_PHASE_UNKNOWN|OSM_PROXIMITY_NOT_USAGE|BEHAVIOR_RELATIVE_HIGH_HR_RESPONSE,VERY_HIGH_ROUTE_LOAD_CONTEXT|ROUTE_LOAD_BEHAVIOR_CANDIDATE|IB2_OR_WEATHER_CONTEXT_PRESENT,"Descriptive planning context evidence only. This is not ability scoring, not route suitability scoring, not THCI/radar scoring, and not a final hiking risk assessment. Weather is activity-level context unless an explicit safe route-window source is used. OSM proximity is not proof of facility use. IB3D/event annotations are not causality evidence."
40_1,300,350,1,CONSERVATIVE_PLANNING_RECOMMENDED,75.127,HIGH_ROUTE_LOAD_CONTEXT,ROUTE_LOAD_HIGH_CONTEXT|IB2_EFFORT_HIGH|TERRAIN_HIGH|STEPS_SURFACE_HIGH,WEATHER_ACTIVITY_LEVEL_ONLY|WEATHER_WIND_GUST_CONTEXT|WEATHER_HIGH_UV_CONTEXT,BEHAVIOR_RELATIVE_HIGH_HR_RESPONSE,NONE,ROUTE_LOAD_HIGH_CONTEXT|IB2_EFFORT_HIGH|TERRAIN_HIGH|STEPS_SURFACE_HIGH|IB2_WEATHER_SENSITIVE_ROUTE_EXPOSURE_CONTEXT|WEATHER_ACTIVITY_LEVEL_ONLY|WEATHER_WIND_GUST_CONTEXT|WEATHER_HIGH_UV_CONTEXT|BEHAVIOR_RELATIVE_HIGH_HR_RESPONSE|ROUTE_PHASE_UNKNOWN|OSM_PROXIMITY_NOT_USAGE,ROUTE_LOAD_BEHAVIOR_CANDIDATE|IB2_OR_WEATHER_CONTEXT_PRESENT,"Descriptive planning context evidence only. This is not ability scoring, not route suitability scoring, not THCI/radar scoring, and not a final hiking risk assessment. Weather is activity-level context unless an explicit safe route-window source is used. OSM proximity is not proof of facility use. IB3D/event annotations are not causality evidence."
40_1,350,400,1,TURNAROUND_CONDITION_REVIEW_RECOMMENDED,89.17,VERY_HIGH_ROUTE_LOAD_CONTEXT,ROUTE_LOAD_HIGH_CONTEXT|ROUTE_LOAD_VERY_HIGH_CONTEXT|VERTICAL_RANGE_HIGH|SLOPE_HIGH|IB2_EFFORT_HIGH|TERRAIN_HIGH|STEPS_SURFACE_HIGH|SLOPE_LOAD_FALLBACK_VERTICAL_RANGE,WEATHER_ACTIVITY_LEVEL_ONLY|WEATHER_WIND_GUST_CONTEXT|WEATHER_HIGH_UV_CONTEXT,BEHAVIOR_LOW_SPEED_RESPONSE,NONE,ROUTE_LOAD_HIGH_CONTEXT|ROUTE_LOAD_VERY_HIGH_CONTEXT|VERTICAL_RANGE_HIGH|SLOPE_HIGH|IB2_EFFORT_HIGH|TERRAIN_HIGH|STEPS_SURFACE_HIGH|SLOPE_LOAD_FALLBACK_VERTICAL_RANGE|IB2_WEATHER_SENSITIVE_ROUTE_EXPOSURE_CONTEXT|WEATHER_ACTIVITY_LEVEL_ONLY|WEATHER_WIND_GUST_CONTEXT|WEATHER_HIGH_UV_CONTEXT|BEHAVIOR_LOW_SPEED_RESPONSE|ROUTE_PHASE_UNKNOWN|OSM_PROXIMITY_NOT_USAGE,VERY_HIGH_ROUTE_LOAD_CONTEXT|ROUTE_LOAD_BEHAVIOR_CANDIDATE|IB2_OR_WEATHER_CONTEXT_PRESENT,"Descriptive planning context evidence only. This is not ability scoring, not route suitability scoring, not THCI/radar scoring, and not a final hiking risk assessment. Weather is activity-level context unless an explicit safe route-window source is used. OSM proximity is not proof of facility use. IB3D/event annotations are not causality evidence."
40_1,400,500,2,CONSERVATIVE_PLANNING_RECOMMENDED,79.928,HIGH_ROUTE_LOAD_CONTEXT,ROUTE_LOAD_HIGH_CONTEXT|IB2_EFFORT_HIGH|TERRAIN_HIGH|STEPS_SURFACE_HIGH|SLOPE_LOAD_FALLBACK_VERTICAL_RANGE,WEATHER_ACTIVITY_LEVEL_ONLY|WEATHER_WIND_GUST_CONTEXT|WEATHER_HIGH_UV_CONTEXT,BEHAVIOR_LOW_SPEED_RESPONSE,NONE,ROUTE_LOAD_HIGH_CONTEXT|IB2_EFFORT_HIGH|TERRAIN_HIGH|STEPS_SURFACE_HIGH|SLOPE_LOAD_FALLBACK_VERTICAL_RANGE|IB2_WEATHER_SENSITIVE_ROUTE_EXPOSURE_CONTEXT|WEATHER_ACTIVITY_LEVEL_ONLY|WEATHER_WIND_GUST_CONTEXT|WEATHER_HIGH_UV_CONTEXT|BEHAVIOR_LOW_SPEED_RESPONSE|ROUTE_PHASE_UNKNOWN|OSM_PROXIMITY_NOT_USAGE,ROUTE_LOAD_BEHAVIOR_CANDIDATE|IB2_OR_WEATHER_CONTEXT_PRESENT,"Descriptive planning context evidence only. This is not ability scoring, not route suitability scoring, not THCI/radar scoring, and not a final hiking risk assessment. Weather is activity-level context unless an explicit safe route-window source is used. OSM proximity is not proof of facility use. IB3D/event annotations are not causality evidence."
40_1,500,550,1,TURNAROUND_CONDITION_REVIEW_RECOMMENDED,81.359,VERY_HIGH_ROUTE_LOAD_CONTEXT,ROUTE_LOAD_HIGH_CONTEXT|ROUTE_LOAD_VERY_HIGH_CONTEXT|IB2_EFFORT_HIGH|STEPS_SURFACE_HIGH|SLOPE_LOAD_FALLBACK_VERTICAL_RANGE,WEATHER_ACTIVITY_LEVEL_ONLY|WEATHER_WIND_GUST_CONTEXT|WEATHER_HIGH_UV_CONTEXT,BEHAVIOR_RELATIVE_HIGH_HR_RESPONSE|BEHAVIOR_LOW_SPEED_RESPONSE,NONE,ROUTE_LOAD_HIGH_CONTEXT|ROUTE_LOAD_VERY_HIGH_CONTEXT|IB2_EFFORT_HIGH|STEPS_SURFACE_HIGH|SLOPE_LOAD_FALLBACK_VERTICAL_RANGE|IB2_WEATHER_SENSITIVE_ROUTE_EXPOSURE_CONTEXT|WEATHER_ACTIVITY_LEVEL_ONLY|WEATHER_WIND_GUST_CONTEXT|WEATHER_HIGH_UV_CONTEXT|BEHAVIOR_RELATIVE_HIGH_HR_RESPONSE|BEHAVIOR_LOW_SPEED_RESPONSE|ROUTE_PHASE_UNKNOWN|OSM_PROXIMITY_NOT_USAGE,VERY_HIGH_ROUTE_LOAD_CONTEXT|ROUTE_LOAD_BEHAVIOR_CANDIDATE|IB2_OR_WEATHER_CONTEXT_PRESENT,"Descriptive planning context evidence only. This is not ability scoring, not route suitability scoring, not THCI/radar scoring, and not a final hiking risk assessment. Weather is activity-level context unless an explicit safe route-window source is used. OSM proximity is not proof of facility use. IB3D/event annotations are not causality evidence."
40_1,550,750,4,REVIEW_FOR_CONSERVATIVE_PLANNING,48.133,LOWER_ROUTE_LOAD_CONTEXT,IB2_EFFORT_HIGH|SLOPE_LOAD_FALLBACK_VERTICAL_RANGE,WEATHER_ACTIVITY_LEVEL_ONLY|WEATHER_WIND_GUST_CONTEXT|WEATHER_HIGH_UV_CONTEXT,BEHAVIOR_RELATIVE_HIGH_HR_RESPONSE,NONE,IB2_EFFORT_HIGH|SLOPE_LOAD_FALLBACK_VERTICAL_RANGE|IB2_WEATHER_SENSITIVE_ROUTE_EXPOSURE_CONTEXT|SHELTER_PROXIMITY_CONTEXT|WEATHER_ACTIVITY_LEVEL_ONLY|WEATHER_WIND_GUST_CONTEXT|WEATHER_HIGH_UV_CONTEXT|BEHAVIOR_RELATIVE_HIGH_HR_RESPONSE|ROUTE_PHASE_UNKNOWN|OSM_PROXIMITY_NOT_USAGE|IB2_NAVIGATION_CONTEXT|GUIDEPOST_PROXIMITY_CONTEXT,HIGH_ROUTE_OR_IB2_CONTEXT,"Descriptive planning context evidence only. This is not ability scoring, not route suitability scoring, not THCI/radar scoring, and not a final hiking risk assessment. Weather is activity-level context unless an explicit safe route-window source is used. OSM proximity is not proof of facility use. IB3D/event annotations are not causality evidence."
40_1,800,1200,8,REVIEW_FOR_CONSERVATIVE_PLANNING,47.596,LOWER_ROUTE_LOAD_CONTEXT,SLOPE_LOAD_FALLBACK_VERTICAL_RANGE|SLOPE_HIGH,WEATHER_ACTIVITY_LEVEL_ONLY|WEATHER_WIND_GUST_CONTEXT|WEATHER_HIGH_UV_CONTEXT,BEHAVIOR_RELATIVE_HIGH_HR_RESPONSE,NONE,SLOPE_LOAD_FALLBACK_VERTICAL_RANGE|IB2_NAVIGATION_CONTEXT|IB2_WEATHER_SENSITIVE_ROUTE_EXPOSURE_CONTEXT|GUIDEPOST_PROXIMITY_CONTEXT|WEATHER_ACTIVITY_LEVEL_ONLY|WEATHER_WIND_GUST_CONTEXT|WEATHER_HIGH_UV_CONTEXT|ROUTE_PHASE_UNKNOWN|OSM_PROXIMITY_NOT_USAGE|IB2_SUPPORT_CONTEXT|SLOPE_HIGH|BEHAVIOR_RELATIVE_HIGH_HR_RESPONSE,HIGH_ROUTE_OR_IB2_CONTEXT,"Descriptive planning context evidence only. This is not ability scoring, not route suitability scoring, not THCI/radar scoring, and not a final hiking risk assessment. Weather is activity-level context unless an explicit safe route-window source is used. OSM proximity is not proof of facility use. IB3D/event annotations are not causality evidence."
40_1,1200,1300,2,CONSERVATIVE_PLANNING_RECOMMENDED,72.387,HIGH_ROUTE_LOAD_CONTEXT,ROUTE_LOAD_HIGH_CONTEXT|IB2_EFFORT_HIGH|STEPS_SURFACE_HIGH|SLOPE_LOAD_FALLBACK_VERTICAL_RANGE,WEATHER_ACTIVITY_LEVEL_ONLY|WEATHER_WIND_GUST_CONTEXT|WEATHER_HIGH_UV_CONTEXT,BEHAVIOR_LOW_SPEED_RESPONSE|BEHAVIOR_RELATIVE_HIGH_HR_RESPONSE,NONE,ROUTE_LOAD_HIGH_CONTEXT|IB2_EFFORT_HIGH|STEPS_SURFACE_HIGH|SLOPE_LOAD_FALLBACK_VERTICAL_RANGE|IB2_WEATHER_SENSITIVE_ROUTE_EXPOSURE_CONTEXT|WEATHER_ACTIVITY_LEVEL_ONLY|WEATHER_WIND_GUST_CONTEXT|WEATHER_HIGH_UV_CONTEXT|BEHAVIOR_LOW_SPEED_RESPONSE|ROUTE_PHASE_UNKNOWN|OSM_PROXIMITY_NOT_USAGE|BEHAVIOR_RELATIVE_HIGH_HR_RESPONSE,ROUTE_LOAD_BEHAVIOR_CANDIDATE|IB2_OR_WEATHER_CONTEXT_PRESENT,"Descriptive planning context evidence only. This is not ability scoring, not route suitability scoring, not THCI/radar scoring, and not a final hiking risk assessment. Weather is activity-level context unless an explicit safe route-window source is used. OSM proximity is not proof of facility use. IB3D/event annotations are not causality evidence."
40_1,1300,1350,1,REVIEW_FOR_CONSERVATIVE_PLANNING,36.997,MODERATE_ROUTE_LOAD_CONTEXT,NONE,WEATHER_ACTIVITY_LEVEL_ONLY|WEATHER_WIND_GUST_CONTEXT|WEATHER_HIGH_UV_CONTEXT,BEHAVIOR_RELATIVE_HIGH_HR_RESPONSE|BEHAVIOR_LOW_SPEED_RESPONSE,NONE,IB2_WEATHER_SENSITIVE_ROUTE_EXPOSURE_CONTEXT|WEATHER_ACTIVITY_LEVEL_ONLY|WEATHER_WIND_GUST_CONTEXT|WEATHER_HIGH_UV_CONTEXT|BEHAVIOR_RELATIVE_HIGH_HR_RESPONSE|BEHAVIOR_LOW_SPEED_RESPONSE|ROUTE_PHASE_UNKNOWN|OSM_PROXIMITY_NOT_USAGE,HIGH_ROUTE_OR_IB2_CONTEXT,"Descriptive planning context evidence only. This is not ability scoring, not route suitability scoring, not THCI/radar scoring, and not a final hiking risk assessment. Weather is activity-level context unless an explicit safe route-window source is used. OSM proximity is not proof of facility use. IB3D/event annotations are not causality evidence."
40_1,1350,1650,6,TURNAROUND_CONDITION_REVIEW_RECOMMENDED,100.0,VERY_HIGH_ROUTE_LOAD_CONTEXT,ROUTE_LOAD_HIGH_CONTEXT|ROUTE_LOAD_VERY_HIGH_CONTEXT|VERTICAL_RANGE_HIGH|SLOPE_HIGH|IB2_EFFORT_HIGH|TERRAIN_HIGH|STEPS_SURFACE_HIGH,WEATHER_ACTIVITY_LEVEL_ONLY|WEATHER_WIND_GUST_CONTEXT|WEATHER_HIGH_UV_CONTEXT,BEHAVIOR_LOW_SPEED_RESPONSE|BEHAVIOR_LOW_SPEED_RATIO_HIGH|BEHAVIOR_RELATIVE_HIGH_HR_RESPONSE|BEHAVIOR_STOP_RESPONSE,NONE,ROUTE_LOAD_HIGH_CONTEXT|ROUTE_LOAD_VERY_HIGH_CONTEXT|VERTICAL_RANGE_HIGH|SLOPE_HIGH|IB2_EFFORT_HIGH|TERRAIN_HIGH|STEPS_SURFACE_HIGH|IB2_WEATHER_SENSITIVE_ROUTE_EXPOSURE_CONTEXT|WEATHER_ACTIVITY_LEVEL_ONLY|WEATHER_WIND_GUST_CONTEXT|WEATHER_HIGH_UV_CONTEXT|BEHAVIOR_LOW_SPEED_RESPONSE|BEHAVIOR_LOW_SPEED_RATIO_HIGH|ROUTE_PHASE_UNKNOWN|OSM_PROXIMITY_NOT_USAGE|BEHAVIOR_RELATIVE_HIGH_HR_RESPONSE|BEHAVIOR_STOP_RESPONSE,VERY_HIGH_ROUTE_LOAD_CONTEXT|ROUTE_LOAD_BEHAVIOR_CANDIDATE|IB2_OR_WEATHER_CONTEXT_PRESENT,"Descriptive planning context evidence only. This is not ability scoring, not route suitability scoring, not THCI/radar scoring, and not a final hiking risk assessment. Weather is activity-level context unless an explicit safe route-window source is used. OSM proximity is not proof of facility use. IB3D/event annotations are not causality evidence."
40_1,1650,1750,2,REVIEW_FOR_CONSERVATIVE_PLANNING,55.564,LOWER_ROUTE_LOAD_CONTEXT,IB2_EFFORT_HIGH|STEPS_SURFACE_HIGH|SLOPE_LOAD_FALLBACK_VERTICAL_RANGE,WEATHER_ACTIVITY_LEVEL_ONLY|WEATHER_WIND_GUST_CONTEXT|WEATHER_HIGH_UV_CONTEXT,BEHAVIOR_LOW_SPEED_RESPONSE|BEHAVIOR_LOW_SPEED_RATIO_HIGH,NONE,IB2_EFFORT_HIGH|STEPS_SURFACE_HIGH|SLOPE_LOAD_FALLBACK_VERTICAL_RANGE|IB2_WEATHER_SENSITIVE_ROUTE_EXPOSURE_CONTEXT|WEATHER_ACTIVITY_LEVEL_ONLY|WEATHER_WIND_GUST_CONTEXT|WEATHER_HIGH_UV_CONTEXT|BEHAVIOR_LOW_SPEED_RESPONSE|BEHAVIOR_LOW_SPEED_RATIO_HIGH|ROUTE_PHASE_UNKNOWN|OSM_PROXIMITY_NOT_USAGE,HIGH_ROUTE_OR_IB2_CONTEXT,"Descriptive planning context evidence only. This is not ability scoring, not route suitability scoring, not THCI/radar scoring, and not a final hiking risk assessment. Weather is activity-level context unless an explicit safe route-window source is used. OSM proximity is not proof of facility use. IB3D/event annotations are not causality evidence."
40_1,1750,1850,2,CONSERVATIVE_PLANNING_RECOMMENDED,69.381,HIGH_ROUTE_LOAD_CONTEXT,ROUTE_LOAD_HIGH_CONTEXT|IB2_EFFORT_HIGH|STEPS_SURFACE_HIGH,WEATHER_ACTIVITY_LEVEL_ONLY|WEATHER_WIND_GUST_CONTEXT|WEATHER_HIGH_UV_CONTEXT,BEHAVIOR_LOW_SPEED_RESPONSE|BEHAVIOR_LOW_SPEED_RATIO_HIGH|BEHAVIOR_RELATIVE_HIGH_HR_RESPONSE,NONE,ROUTE_LOAD_HIGH_CONTEXT|IB2_EFFORT_HIGH|STEPS_SURFACE_HIGH|IB2_NAVIGATION_CONTEXT|IB2_WEATHER_SENSITIVE_ROUTE_EXPOSURE_CONTEXT|GUIDEPOST_PROXIMITY_CONTEXT|WEATHER_ACTIVITY_LEVEL_ONLY|WEATHER_WIND_GUST_CONTEXT|WEATHER_HIGH_UV_CONTEXT|BEHAVIOR_LOW_SPEED_RESPONSE|BEHAVIOR_LOW_SPEED_RATIO_HIGH|ROUTE_PHASE_UNKNOWN|OSM_PROXIMITY_NOT_USAGE|BEHAVIOR_RELATIVE_HIGH_HR_RESPONSE,ROUTE_LOAD_BEHAVIOR_CANDIDATE|IB2_OR_WEATHER_CONTEXT_PRESENT,"Descriptive planning context evidence only. This is not ability scoring, not route suitability scoring, not THCI/radar scoring, and not a final hiking risk assessment. Weather is activity-level context unless an explicit safe route-window source is used. OSM proximity is not proof of facility use. IB3D/event annotations are not causality evidence."
40_1,1850,1900,1,TURNAROUND_CONDITION_REVIEW_RECOMMENDED,91.158,VERY_HIGH_ROUTE_LOAD_CONTEXT,ROUTE_LOAD_HIGH_CONTEXT|ROUTE_LOAD_VERY_HIGH_CONTEXT|VERTICAL_RANGE_HIGH|SLOPE_HIGH|IB2_EFFORT_HIGH|TERRAIN_HIGH|STEPS_SURFACE_HIGH|SLOPE_LOAD_FALLBACK_VERTICAL_RANGE,WEATHER_ACTIVITY_LEVEL_ONLY|WEATHER_WIND_GUST_CONTEXT|WEATHER_HIGH_UV_CONTEXT,BEHAVIOR_LOW_SPEED_RESPONSE|BEHAVIOR_LOW_SPEED_RATIO_HIGH,NONE,ROUTE_LOAD_HIGH_CONTEXT|ROUTE_LOAD_VERY_HIGH_CONTEXT|VERTICAL_RANGE_HIGH|SLOPE_HIGH|IB2_EFFORT_HIGH|TERRAIN_HIGH|STEPS_SURFACE_HIGH|SLOPE_LOAD_FALLBACK_VERTICAL_RANGE|IB2_WEATHER_SENSITIVE_ROUTE_EXPOSURE_CONTEXT|WEATHER_ACTIVITY_LEVEL_ONLY|WEATHER_WIND_GUST_CONTEXT|WEATHER_HIGH_UV_CONTEXT|BEHAVIOR_LOW_SPEED_RESPONSE|BEHAVIOR_LOW_SPEED_RATIO_HIGH|ROUTE_PHASE_UNKNOWN|OSM_PROXIMITY_NOT_USAGE,VERY_HIGH_ROUTE_LOAD_CONTEXT|ROUTE_LOAD_BEHAVIOR_CANDIDATE|IB2_OR_WEATHER_CONTEXT_PRESENT,"Descriptive planning context evidence only. This is not ability scoring, not route suitability scoring, not THCI/radar scoring, and not a final hiking risk assessment. Weather is activity-level context unless an explicit safe route-window source is used. OSM proximity is not proof of facility use. IB3D/event annotations are not causality evidence."
40_1,1900,1950,1,REVIEW_FOR_CONSERVATIVE_PLANNING,50.285,MODERATE_ROUTE_LOAD_CONTEXT,IB2_EFFORT_HIGH|STEPS_SURFACE_HIGH|SLOPE_LOAD_FALLBACK_VERTICAL_RANGE,WEATHER_ACTIVITY_LEVEL_ONLY|WEATHER_WIND_GUST_CONTEXT|WEATHER_HIGH_UV_CONTEXT,NONE,NONE,IB2_EFFORT_HIGH|STEPS_SURFACE_HIGH|SLOPE_LOAD_FALLBACK_VERTICAL_RANGE|IB2_NAVIGATION_CONTEXT|IB2_WEATHER_SENSITIVE_ROUTE_EXPOSURE_CONTEXT|GUIDEPOST_PROXIMITY_CONTEXT|WEATHER_ACTIVITY_LEVEL_ONLY|WEATHER_WIND_GUST_CONTEXT|WEATHER_HIGH_UV_CONTEXT|ROUTE_PHASE_UNKNOWN|OSM_PROXIMITY_NOT_USAGE,HIGH_ROUTE_OR_IB2_CONTEXT,"Descriptive planning context evidence only. This is not ability scoring, not route suitability scoring, not THCI/radar scoring, and not a final hiking risk assessment. Weather is activity-level context unless an explicit safe route-window source is used. OSM proximity is not proof of facility use. IB3D/event annotations are not causality evidence."
40_1,1950,2050,2,TURNAROUND_CONDITION_REVIEW_RECOMMENDED,86.682,VERY_HIGH_ROUTE_LOAD_CONTEXT,ROUTE_LOAD_HIGH_CONTEXT|ROUTE_LOAD_VERY_HIGH_CONTEXT|VERTICAL_RANGE_HIGH|SLOPE_HIGH|IB2_EFFORT_HIGH|STEPS_SURFACE_HIGH|SLOPE_LOAD_FALLBACK_VERTICAL_RANGE,WEATHER_ACTIVITY_LEVEL_ONLY|WEATHER_WIND_GUST_CONTEXT|WEATHER_HIGH_UV_CONTEXT,BEHAVIOR_LOW_SPEED_RESPONSE|BEHAVIOR_LOW_SPEED_RATIO_HIGH|BEHAVIOR_RELATIVE_HIGH_HR_RESPONSE,NONE,ROUTE_LOAD_HIGH_CONTEXT|ROUTE_LOAD_VERY_HIGH_CONTEXT|VERTICAL_RANGE_HIGH|SLOPE_HIGH|IB2_EFFORT_HIGH|STEPS_SURFACE_HIGH|IB2_NAVIGATION_CONTEXT|IB2_WEATHER_SENSITIVE_ROUTE_EXPOSURE_CONTEXT|GUIDEPOST_PROXIMITY_CONTEXT|WEATHER_ACTIVITY_LEVEL_ONLY|WEATHER_WIND_GUST_CONTEXT|WEATHER_HIGH_UV_CONTEXT|BEHAVIOR_LOW_SPEED_RESPONSE|BEHAVIOR_LOW_SPEED_RATIO_HIGH|ROUTE_PHASE_UNKNOWN|OSM_PROXIMITY_NOT_USAGE|SLOPE_LOAD_FALLBACK_VERTICAL_RANGE|BEHAVIOR_RELATIVE_HIGH_HR_RESPONSE,VERY_HIGH_ROUTE_LOAD_CONTEXT|ROUTE_LOAD_BEHAVIOR_CANDIDATE|IB2_OR_WEATHER_CONTEXT_PRESENT,"Descriptive planning context evidence only. This is not ability scoring, not route suitability scoring, not THCI/radar scoring, and not a final hiking risk assessment. Weather is activity-level context unless an explicit safe route-window source is used. OSM proximity is not proof of facility use. IB3D/event annotations are not causality evidence."
40_1,2050,2150,2,CONSERVATIVE_PLANNING_RECOMMENDED,74.689,HIGH_ROUTE_LOAD_CONTEXT,ROUTE_LOAD_HIGH_CONTEXT|IB2_EFFORT_HIGH|STEPS_SURFACE_HIGH,WEATHER_ACTIVITY_LEVEL_ONLY|WEATHER_WIND_GUST_CONTEXT|WEATHER_HIGH_UV_CONTEXT,BEHAVIOR_LOW_SPEED_RESPONSE|BEHAVIOR_STOP_RESPONSE,NONE,ROUTE_LOAD_HIGH_CONTEXT|IB2_EFFORT_HIGH|STEPS_SURFACE_HIGH|IB2_NAVIGATION_CONTEXT|IB2_WEATHER_SENSITIVE_ROUTE_EXPOSURE_CONTEXT|GUIDEPOST_PROXIMITY_CONTEXT|WEATHER_ACTIVITY_LEVEL_ONLY|WEATHER_WIND_GUST_CONTEXT|WEATHER_HIGH_UV_CONTEXT|BEHAVIOR_LOW_SPEED_RESPONSE|BEHAVIOR_STOP_RESPONSE|ROUTE_PHASE_UNKNOWN|OSM_PROXIMITY_NOT_USAGE,ROUTE_LOAD_BEHAVIOR_CANDIDATE|IB2_OR_WEATHER_CONTEXT_PRESENT,"Descriptive planning context evidence only. This is not ability scoring, not route suitability scoring, not THCI/radar scoring, and not a final hiking risk assessment. Weather is activity-level context unless an explicit safe route-window source is used. OSM proximity is not proof of facility use. IB3D/event annotations are not causality evidence."
40_1,2150,2250,2,TURNAROUND_CONDITION_REVIEW_RECOMMENDED,89.063,VERY_HIGH_ROUTE_LOAD_CONTEXT,ROUTE_LOAD_HIGH_CONTEXT|ROUTE_LOAD_VERY_HIGH_CONTEXT|VERTICAL_RANGE_HIGH|SLOPE_HIGH|IB2_EFFORT_HIGH|STEPS_SURFACE_HIGH|SLOPE_LOAD_FALLBACK_VERTICAL_RANGE,WEATHER_ACTIVITY_LEVEL_ONLY|WEATHER_WIND_GUST_CONTEXT|WEATHER_HIGH_UV_CONTEXT,BEHAVIOR_RELATIVE_HIGH_HR_RESPONSE|BEHAVIOR_LOW_SPEED_RESPONSE|BEHAVIOR_LOW_SPEED_RATIO_HIGH,NONE,ROUTE_LOAD_HIGH_CONTEXT|ROUTE_LOAD_VERY_HIGH_CONTEXT|VERTICAL_RANGE_HIGH|SLOPE_HIGH|IB2_EFFORT_HIGH|STEPS_SURFACE_HIGH|IB2_WEATHER_SENSITIVE_ROUTE_EXPOSURE_CONTEXT|WEATHER_ACTIVITY_LEVEL_ONLY|WEATHER_WIND_GUST_CONTEXT|WEATHER_HIGH_UV_CONTEXT|BEHAVIOR_RELATIVE_HIGH_HR_RESPONSE|BEHAVIOR_LOW_SPEED_RESPONSE|BEHAVIOR_LOW_SPEED_RATIO_HIGH|ROUTE_PHASE_UNKNOWN|OSM_PROXIMITY_NOT_USAGE|SLOPE_LOAD_FALLBACK_VERTICAL_RANGE|IB2_NAVIGATION_CONTEXT|GUIDEPOST_PROXIMITY_CONTEXT,VERY_HIGH_ROUTE_LOAD_CONTEXT|ROUTE_LOAD_BEHAVIOR_CANDIDATE|IB2_OR_WEATHER_CONTEXT_PRESENT,"Descriptive planning context evidence only. This is not ability scoring, not route suitability scoring, not THCI/radar scoring, and not a final hiking risk assessment. Weather is activity-level context unless an explicit safe route-window source is used. OSM proximity is not proof of facility use. IB3D/event annotations are not causality evidence."
40_1,2250,2300,1,REVIEW_FOR_CONSERVATIVE_PLANNING,50.57,MODERATE_ROUTE_LOAD_CONTEXT,IB2_EFFORT_HIGH|STEPS_SURFACE_HIGH|SLOPE_LOAD_FALLBACK_VERTICAL_RANGE,WEATHER_ACTIVITY_LEVEL_ONLY|WEATHER_WIND_GUST_CONTEXT|WEATHER_HIGH_UV_CONTEXT,NONE,NONE,IB2_EFFORT_HIGH|STEPS_SURFACE_HIGH|SLOPE_LOAD_FALLBACK_VERTICAL_RANGE|IB2_NAVIGATION_CONTEXT|IB2_WEATHER_SENSITIVE_ROUTE_EXPOSURE_CONTEXT|GUIDEPOST_PROXIMITY_CONTEXT|WEATHER_ACTIVITY_LEVEL_ONLY|WEATHER_WIND_GUST_CONTEXT|WEATHER_HIGH_UV_CONTEXT|ROUTE_PHASE_UNKNOWN|OSM_PROXIMITY_NOT_USAGE,HIGH_ROUTE_OR_IB2_CONTEXT,"Descriptive planning context evidence only. This is not ability scoring, not route suitability scoring, not THCI/radar scoring, and not a final hiking risk assessment. Weather is activity-level context unless an explicit safe route-window source is used. OSM proximity is not proof of facility use. IB3D/event annotations are not causality evidence."
40_1,2300,2350,1,TURNAROUND_CONDITION_REVIEW_RECOMMENDED,97.338,VERY_HIGH_ROUTE_LOAD_CONTEXT,ROUTE_LOAD_HIGH_CONTEXT|ROUTE_LOAD_VERY_HIGH_CONTEXT|VERTICAL_RANGE_HIGH|SLOPE_HIGH|IB2_EFFORT_HIGH|TERRAIN_HIGH|STEPS_SURFACE_HIGH,WEATHER_ACTIVITY_LEVEL_ONLY|WEATHER_WIND_GUST_CONTEXT|WEATHER_HIGH_UV_CONTEXT,BEHAVIOR_LOW_SPEED_RESPONSE|BEHAVIOR_LOW_SPEED_RATIO_HIGH,EVENT_SHORT_PAUSE,ROUTE_LOAD_HIGH_CONTEXT|ROUTE_LOAD_VERY_HIGH_CONTEXT|VERTICAL_RANGE_HIGH|SLOPE_HIGH|IB2_EFFORT_HIGH|TERRAIN_HIGH|STEPS_SURFACE_HIGH|IB2_WEATHER_SENSITIVE_ROUTE_EXPOSURE_CONTEXT|WEATHER_ACTIVITY_LEVEL_ONLY|WEATHER_WIND_GUST_CONTEXT|WEATHER_HIGH_UV_CONTEXT|BEHAVIOR_LOW_SPEED_RESPONSE|BEHAVIOR_LOW_SPEED_RATIO_HIGH|ROUTE_PHASE_UNKNOWN|OSM_PROXIMITY_NOT_USAGE,VERY_HIGH_ROUTE_LOAD_CONTEXT|ROUTE_LOAD_BEHAVIOR_CANDIDATE|IB2_OR_WEATHER_CONTEXT_PRESENT,"Descriptive planning context evidence only. This is not ability scoring, not route suitability scoring, not THCI/radar scoring, and not a final hiking risk assessment. Weather is activity-level context unless an explicit safe route-window source is used. OSM proximity is not proof of facility use. IB3D/event annotations are not causality evidence."
40_1,2350,2400,1,CONSERVATIVE_PLANNING_RECOMMENDED,79.697,HIGH_ROUTE_LOAD_CONTEXT,ROUTE_LOAD_HIGH_CONTEXT|SLOPE_HIGH|IB2_EFFORT_HIGH|STEPS_SURFACE_HIGH,WEATHER_ACTIVITY_LEVEL_ONLY|WEATHER_WIND_GUST_CONTEXT|WEATHER_HIGH_UV_CONTEXT,BEHAVIOR_RELATIVE_HIGH_HR_RESPONSE|BEHAVIOR_LOW_SPEED_RESPONSE|BEHAVIOR_LOW_SPEED_RATIO_HIGH,NONE,ROUTE_LOAD_HIGH_CONTEXT|SLOPE_HIGH|IB2_EFFORT_HIGH|STEPS_SURFACE_HIGH|IB2_NAVIGATION_CONTEXT|IB2_WEATHER_SENSITIVE_ROUTE_EXPOSURE_CONTEXT|GUIDEPOST_PROXIMITY_CONTEXT|WEATHER_ACTIVITY_LEVEL_ONLY|WEATHER_WIND_GUST_CONTEXT|WEATHER_HIGH_UV_CONTEXT|BEHAVIOR_RELATIVE_HIGH_HR_RESPONSE|BEHAVIOR_LOW_SPEED_RESPONSE|BEHAVIOR_LOW_SPEED_RATIO_HIGH|ROUTE_PHASE_UNKNOWN|OSM_PROXIMITY_NOT_USAGE,ROUTE_LOAD_BEHAVIOR_CANDIDATE|IB2_OR_WEATHER_CONTEXT_PRESENT,"Descriptive planning context evidence only. This is not ability scoring, not route suitability scoring, not THCI/radar scoring, and not a final hiking risk assessment. Weather is activity-level context unless an explicit safe route-window source is used. OSM proximity is not proof of facility use. IB3D/event annotations are not causality evidence."
40_1,2400,2550,3,REVIEW_FOR_CONSERVATIVE_PLANNING,55.0,MODERATE_ROUTE_LOAD_CONTEXT,IB2_EFFORT_HIGH|SLOPE_LOAD_FALLBACK_VERTICAL_RANGE|STEPS_SURFACE_HIGH,WEATHER_ACTIVITY_LEVEL_ONLY|WEATHER_WIND_GUST_CONTEXT|WEATHER_HIGH_UV_CONTEXT,BEHAVIOR_LOW_SPEED_RESPONSE|BEHAVIOR_LOW_SPEED_RATIO_HIGH,NONE,IB2_EFFORT_HIGH|SLOPE_LOAD_FALLBACK_VERTICAL_RANGE|IB2_NAVIGATION_CONTEXT|IB2_WEATHER_SENSITIVE_ROUTE_EXPOSURE_CONTEXT|GUIDEPOST_PROXIMITY_CONTEXT|WEATHER_ACTIVITY_LEVEL_ONLY|WEATHER_WIND_GUST_CONTEXT|WEATHER_HIGH_UV_CONTEXT|ROUTE_PHASE_UNKNOWN|OSM_PROXIMITY_NOT_USAGE|STEPS_SURFACE_HIGH|BEHAVIOR_LOW_SPEED_RESPONSE|BEHAVIOR_LOW_SPEED_RATIO_HIGH,HIGH_ROUTE_OR_IB2_CONTEXT,"Descriptive planning context evidence only. This is not ability scoring, not route suitability scoring, not THCI/radar scoring, and not a final hiking risk assessment. Weather is activity-level context unless an explicit safe route-window source is used. OSM proximity is not proof of facility use. IB3D/event annotations are not causality evidence."
40_1,2550,2850,6,TURNAROUND_CONDITION_REVIEW_RECOMMENDED,100.0,VERY_HIGH_ROUTE_LOAD_CONTEXT,ROUTE_LOAD_HIGH_CONTEXT|ROUTE_LOAD_VERY_HIGH_CONTEXT|VERTICAL_RANGE_HIGH|SLOPE_HIGH|IB2_EFFORT_HIGH|TERRAIN_HIGH|STEPS_SURFACE_HIGH|SLOPE_LOAD_FALLBACK_VERTICAL_RANGE,WEATHER_ACTIVITY_LEVEL_ONLY|WEATHER_WIND_GUST_CONTEXT|WEATHER_HIGH_UV_CONTEXT,BEHAVIOR_RELATIVE_HIGH_HR_RESPONSE|BEHAVIOR_LOW_SPEED_RESPONSE|BEHAVIOR_LOW_SPEED_RATIO_HIGH,EVENT_HIGH_HR_RECOVERY_STOP|EVENT_SHORT_PAUSE,ROUTE_LOAD_HIGH_CONTEXT|ROUTE_LOAD_VERY_HIGH_CONTEXT|VERTICAL_RANGE_HIGH|SLOPE_HIGH|IB2_EFFORT_HIGH|TERRAIN_HIGH|STEPS_SURFACE_HIGH|SLOPE_LOAD_FALLBACK_VERTICAL_RANGE|IB2_WEATHER_SENSITIVE_ROUTE_EXPOSURE_CONTEXT|WEATHER_ACTIVITY_LEVEL_ONLY|WEATHER_WIND_GUST_CONTEXT|WEATHER_HIGH_UV_CONTEXT|BEHAVIOR_RELATIVE_HIGH_HR_RESPONSE|BEHAVIOR_LOW_SPEED_RESPONSE|BEHAVIOR_LOW_SPEED_RATIO_HIGH|ROUTE_PHASE_UNKNOWN|OSM_PROXIMITY_NOT_USAGE,VERY_HIGH_ROUTE_LOAD_CONTEXT|ROUTE_LOAD_BEHAVIOR_CANDIDATE|IB2_OR_WEATHER_CONTEXT_PRESENT,"Descriptive planning context evidence only. This is not ability scoring, not route suitability scoring, not THCI/radar scoring, and not a final hiking risk assessment. Weather is activity-level context unless an explicit safe route-window source is used. OSM proximity is not proof of facility use. IB3D/event annotations are not causality evidence."
40_1,2850,2900,1,REVIEW_FOR_CONSERVATIVE_PLANNING,33.548,LOWER_ROUTE_LOAD_CONTEXT,NONE,WEATHER_ACTIVITY_LEVEL_ONLY|WEATHER_WIND_GUST_CONTEXT|WEATHER_HIGH_UV_CONTEXT,BEHAVIOR_RELATIVE_HIGH_HR_RESPONSE,NONE,IB2_WEATHER_SENSITIVE_ROUTE_EXPOSURE_CONTEXT|WEATHER_ACTIVITY_LEVEL_ONLY|WEATHER_WIND_GUST_CONTEXT|WEATHER_HIGH_UV_CONTEXT|BEHAVIOR_RELATIVE_HIGH_HR_RESPONSE|ROUTE_PHASE_UNKNOWN|OSM_PROXIMITY_NOT_USAGE,HIGH_ROUTE_OR_IB2_CONTEXT,"Descriptive planning context evidence only. This is not ability scoring, not route suitability scoring, not THCI/radar scoring, and not a final hiking risk assessment. Weather is activity-level context unless an explicit safe route-window source is used. OSM proximity is not proof of facility use. IB3D/event annotations are not causality evidence."
40_1,2900,2950,1,CONSERVATIVE_PLANNING_RECOMMENDED,68.812,HIGH_ROUTE_LOAD_CONTEXT,ROUTE_LOAD_HIGH_CONTEXT|IB2_EFFORT_HIGH|STEPS_SURFACE_HIGH|SLOPE_LOAD_FALLBACK_VERTICAL_RANGE,WEATHER_ACTIVITY_LEVEL_ONLY|WEATHER_WIND_GUST_CONTEXT|WEATHER_HIGH_UV_CONTEXT,NONE,NONE,ROUTE_LOAD_HIGH_CONTEXT|IB2_EFFORT_HIGH|STEPS_SURFACE_HIGH|SLOPE_LOAD_FALLBACK_VERTICAL_RANGE|IB2_WEATHER_SENSITIVE_ROUTE_EXPOSURE_CONTEXT|WEATHER_ACTIVITY_LEVEL_ONLY|WEATHER_WIND_GUST_CONTEXT|WEATHER_HIGH_UV_CONTEXT|ROUTE_PHASE_UNKNOWN|OSM_PROXIMITY_NOT_USAGE,IB2_OR_WEATHER_CONTEXT_PRESENT,"Descriptive planning context evidence only. This is not ability scoring, not route suitability scoring, not THCI/radar scoring, and not a final hiking risk assessment. Weather is activity-level context unless an explicit safe route-window source is used. OSM proximity is not proof of facility use. IB3D/event annotations are not causality evidence."
40_1,2950,3000,1,TURNAROUND_CONDITION_REVIEW_RECOMMENDED,80.172,VERY_HIGH_ROUTE_LOAD_CONTEXT,ROUTE_LOAD_HIGH_CONTEXT|ROUTE_LOAD_VERY_HIGH_CONTEXT|SLOPE_HIGH|IB2_EFFORT_HIGH|STEPS_SURFACE_HIGH,WEATHER_ACTIVITY_LEVEL_ONLY|WEATHER_WIND_GUST_CONTEXT|WEATHER_HIGH_UV_CONTEXT,BEHAVIOR_LOW_SPEED_RESPONSE,NONE,ROUTE_LOAD_HIGH_CONTEXT|ROUTE_LOAD_VERY_HIGH_CONTEXT|SLOPE_HIGH|IB2_EFFORT_HIGH|STEPS_SURFACE_HIGH|IB2_WEATHER_SENSITIVE_ROUTE_EXPOSURE_CONTEXT|WEATHER_ACTIVITY_LEVEL_ONLY|WEATHER_WIND_GUST_CONTEXT|WEATHER_HIGH_UV_CONTEXT|BEHAVIOR_LOW_SPEED_RESPONSE|ROUTE_PHASE_UNKNOWN|OSM_PROXIMITY_NOT_USAGE,VERY_HIGH_ROUTE_LOAD_CONTEXT|ROUTE_LOAD_BEHAVIOR_CANDIDATE|IB2_OR_WEATHER_CONTEXT_PRESENT,"Descriptive planning context evidence only. This is not ability scoring, not route suitability scoring, not THCI/radar scoring, and not a final hiking risk assessment. Weather is activity-level context unless an explicit safe route-window source is used. OSM proximity is not proof of facility use. IB3D/event annotations are not causality evidence."
40_1,3000,3500,10,REVIEW_FOR_CONSERVATIVE_PLANNING,45.463,LOWER_ROUTE_LOAD_CONTEXT,SLOPE_HIGH|SLOPE_LOAD_FALLBACK_VERTICAL_RANGE,WEATHER_ACTIVITY_LEVEL_ONLY|WEATHER_WIND_GUST_CONTEXT|WEATHER_HIGH_UV_CONTEXT,BEHAVIOR_RELATIVE_HIGH_HR_RESPONSE|BEHAVIOR_LOW_SPEED_RESPONSE,NONE,IB2_WEATHER_SENSITIVE_ROUTE_EXPOSURE_CONTEXT|WEATHER_ACTIVITY_LEVEL_ONLY|WEATHER_WIND_GUST_CONTEXT|WEATHER_HIGH_UV_CONTEXT|ROUTE_PHASE_UNKNOWN|OSM_PROXIMITY_NOT_USAGE|BEHAVIOR_RELATIVE_HIGH_HR_RESPONSE|SLOPE_HIGH|BEHAVIOR_LOW_SPEED_RESPONSE|SLOPE_LOAD_FALLBACK_VERTICAL_RANGE|IB2_SUPPORT_CONTEXT|IB2_NAVIGATION_CONTEXT|GUIDEPOST_PROXIMITY_CONTEXT|SHELTER_PROXIMITY_CONTEXT,HIGH_ROUTE_OR_IB2_CONTEXT,"Descriptive planning context evidence only. This is not ability scoring, not route suitability scoring, not THCI/radar scoring, and not a final hiking risk assessment. Weather is activity-level context unless an explicit safe route-window source is used. OSM proximity is not proof of facility use. IB3D/event annotations are not causality evidence."
40_1,3600,3750,3,CONSERVATIVE_PLANNING_RECOMMENDED,79.133,HIGH_ROUTE_LOAD_CONTEXT,ROUTE_LOAD_HIGH_CONTEXT|IB2_EFFORT_HIGH|STEPS_SURFACE_HIGH|SLOPE_LOAD_FALLBACK_VERTICAL_RANGE|TERRAIN_HIGH,WEATHER_ACTIVITY_LEVEL_ONLY|WEATHER_WIND_GUST_CONTEXT|WEATHER_HIGH_UV_CONTEXT,BEHAVIOR_RELATIVE_HIGH_HR_RESPONSE|BEHAVIOR_LOW_SPEED_RESPONSE,NONE,ROUTE_LOAD_HIGH_CONTEXT|IB2_EFFORT_HIGH|STEPS_SURFACE_HIGH|SLOPE_LOAD_FALLBACK_VERTICAL_RANGE|IB2_WEATHER_SENSITIVE_ROUTE_EXPOSURE_CONTEXT|SHELTER_PROXIMITY_CONTEXT|WEATHER_ACTIVITY_LEVEL_ONLY|WEATHER_WIND_GUST_CONTEXT|WEATHER_HIGH_UV_CONTEXT|BEHAVIOR_RELATIVE_HIGH_HR_RESPONSE|BEHAVIOR_LOW_SPEED_RESPONSE|ROUTE_PHASE_UNKNOWN|OSM_PROXIMITY_NOT_USAGE|TERRAIN_HIGH,ROUTE_LOAD_BEHAVIOR_CANDIDATE|IB2_OR_WEATHER_CONTEXT_PRESENT,"Descriptive planning context evidence only. This is not ability scoring, not route suitability scoring, not THCI/radar scoring, and not a final hiking risk assessment. Weather is activity-level context unless an explicit safe route-window source is used. OSM proximity is not proof of facility use. IB3D/event annotations are not causality evidence."
40_1,3750,4000,5,TURNAROUND_CONDITION_REVIEW_RECOMMENDED,100.0,VERY_HIGH_ROUTE_LOAD_CONTEXT,ROUTE_LOAD_HIGH_CONTEXT|ROUTE_LOAD_VERY_HIGH_CONTEXT|SLOPE_HIGH|IB2_EFFORT_HIGH|TERRAIN_HIGH|STEPS_SURFACE_HIGH|SLOPE_LOAD_FALLBACK_VERTICAL_RANGE|VERTICAL_RANGE_HIGH,WEATHER_ACTIVITY_LEVEL_ONLY|WEATHER_WIND_GUST_CONTEXT|WEATHER_HIGH_UV_CONTEXT,BEHAVIOR_RELATIVE_HIGH_HR_RESPONSE|BEHAVIOR_LOW_SPEED_RESPONSE|BEHAVIOR_LOW_SPEED_RATIO_HIGH,NONE,ROUTE_LOAD_HIGH_CONTEXT|ROUTE_LOAD_VERY_HIGH_CONTEXT|SLOPE_HIGH|IB2_EFFORT_HIGH|TERRAIN_HIGH|STEPS_SURFACE_HIGH|IB2_WEATHER_SENSITIVE_ROUTE_EXPOSURE_CONTEXT|WEATHER_ACTIVITY_LEVEL_ONLY|WEATHER_WIND_GUST_CONTEXT|WEATHER_HIGH_UV_CONTEXT|BEHAVIOR_RELATIVE_HIGH_HR_RESPONSE|BEHAVIOR_LOW_SPEED_RESPONSE|ROUTE_PHASE_UNKNOWN|OSM_PROXIMITY_NOT_USAGE|SLOPE_LOAD_FALLBACK_VERTICAL_RANGE|BEHAVIOR_LOW_SPEED_RATIO_HIGH|VERTICAL_RANGE_HIGH|WATERWAY_PROXIMITY_CONTEXT,VERY_HIGH_ROUTE_LOAD_CONTEXT|ROUTE_LOAD_BEHAVIOR_CANDIDATE|IB2_OR_WEATHER_CONTEXT_PRESENT,"Descriptive planning context evidence only. This is not ability scoring, not route suitability scoring, not THCI/radar scoring, and not a final hiking risk assessment. Weather is activity-level context unless an explicit safe route-window source is used. OSM proximity is not proof of facility use. IB3D/event annotations are not causality evidence."
40_1,4000,4100,2,CONSERVATIVE_PLANNING_RECOMMENDED,89.878,HIGH_ROUTE_LOAD_CONTEXT,ROUTE_LOAD_HIGH_CONTEXT|ROUTE_LOAD_VERY_HIGH_CONTEXT|VERTICAL_RANGE_HIGH|SLOPE_HIGH|IB2_EFFORT_HIGH|TERRAIN_HIGH|STEPS_SURFACE_HIGH|SLOPE_LOAD_FALLBACK_VERTICAL_RANGE,WEATHER_ACTIVITY_LEVEL_ONLY|WEATHER_WIND_GUST_CONTEXT|WEATHER_HIGH_UV_CONTEXT,BEHAVIOR_LOW_SPEED_RESPONSE|BEHAVIOR_LOW_SPEED_RATIO_HIGH,NONE,ROUTE_LOAD_HIGH_CONTEXT|ROUTE_LOAD_VERY_HIGH_CONTEXT|VERTICAL_RANGE_HIGH|SLOPE_HIGH|IB2_EFFORT_HIGH|TERRAIN_HIGH|STEPS_SURFACE_HIGH|SLOPE_LOAD_FALLBACK_VERTICAL_RANGE|IB2_WEATHER_SENSITIVE_ROUTE_EXPOSURE_CONTEXT|WATERWAY_PROXIMITY_CONTEXT|WEATHER_ACTIVITY_LEVEL_ONLY|WEATHER_WIND_GUST_CONTEXT|WEATHER_HIGH_UV_CONTEXT|ROUTE_PHASE_UNKNOWN|OSM_PROXIMITY_NOT_USAGE|BEHAVIOR_LOW_SPEED_RESPONSE|BEHAVIOR_LOW_SPEED_RATIO_HIGH,VERY_HIGH_ROUTE_LOAD_CONTEXT|IB2_OR_WEATHER_CONTEXT_PRESENT|ROUTE_LOAD_BEHAVIOR_CANDIDATE,"Descriptive planning context evidence only. This is not ability scoring, not route suitability scoring, not THCI/radar scoring, and not a final hiking risk assessment. Weather is activity-level context unless an explicit safe route-window source is used. OSM proximity is not proof of facility use. IB3D/event annotations are not causality evidence."
40_1,4100,4200,2,REVIEW_FOR_CONSERVATIVE_PLANNING,56.149,LOWER_ROUTE_LOAD_CONTEXT,SLOPE_LOAD_FALLBACK_VERTICAL_RANGE|IB2_EFFORT_HIGH|STEPS_SURFACE_HIGH,WEATHER_ACTIVITY_LEVEL_ONLY|WEATHER_WIND_GUST_CONTEXT|WEATHER_HIGH_UV_CONTEXT,NONE,TERMINAL_ARTIFACT_REVIEW_ONLY,SLOPE_LOAD_FALLBACK_VERTICAL_RANGE|IB2_NAVIGATION_CONTEXT|IB2_WEATHER_SENSITIVE_ROUTE_EXPOSURE_CONTEXT|WATERWAY_PROXIMITY_CONTEXT|GUIDEPOST_PROXIMITY_CONTEXT|WEATHER_ACTIVITY_LEVEL_ONLY|WEATHER_WIND_GUST_CONTEXT|WEATHER_HIGH_UV_CONTEXT|ROUTE_PHASE_UNKNOWN|OSM_PROXIMITY_NOT_USAGE|IB2_EFFORT_HIGH|STEPS_SURFACE_HIGH,HIGH_ROUTE_OR_IB2_CONTEXT,"Descriptive planning context evidence only. This is not ability scoring, not route suitability scoring, not THCI/radar scoring, and not a final hiking risk assessment. Weather is activity-level context unless an explicit safe route-window source is used. OSM proximity is not proof of facility use. IB3D/event annotations are not causality evidence."
41_1,0,100,2,REVIEW_FOR_CONSERVATIVE_PLANNING,54.021,LOWER_ROUTE_LOAD_CONTEXT,IB2_EFFORT_HIGH|SLOPE_LOAD_FALLBACK_VERTICAL_RANGE,WEATHER_ACTIVITY_LEVEL_ONLY|WEATHER_HUMID_CONTEXT|WEATHER_WIND_GUST_CONTEXT|WEATHER_HIGH_UV_CONTEXT,NONE,NONE,IB2_NAVIGATION_CONTEXT|IB2_WEATHER_SENSITIVE_ROUTE_EXPOSURE_CONTEXT|WATERWAY_PROXIMITY_CONTEXT|GUIDEPOST_PROXIMITY_CONTEXT|WEATHER_ACTIVITY_LEVEL_ONLY|WEATHER_HUMID_CONTEXT|WEATHER_WIND_GUST_CONTEXT|WEATHER_HIGH_UV_CONTEXT|ROUTE_PHASE_UNKNOWN|OSM_PROXIMITY_NOT_USAGE|IB2_EFFORT_HIGH|SLOPE_LOAD_FALLBACK_VERTICAL_RANGE,HIGH_ROUTE_OR_IB2_CONTEXT,"Descriptive planning context evidence only. This is not ability scoring, not route suitability scoring, not THCI/radar scoring, and not a final hiking risk assessment. Weather is activity-level context unless an explicit safe route-window source is used. OSM proximity is not proof of facility use. IB3D/event annotations are not causality evidence."
41_1,100,150,1,CONSERVATIVE_PLANNING_RECOMMENDED,73.544,HIGH_ROUTE_LOAD_CONTEXT,ROUTE_LOAD_HIGH_CONTEXT|IB2_EFFORT_HIGH|STEPS_SURFACE_HIGH|SLOPE_LOAD_FALLBACK_VERTICAL_RANGE,WEATHER_ACTIVITY_LEVEL_ONLY|WEATHER_HUMID_CONTEXT|WEATHER_WIND_GUST_CONTEXT|WEATHER_HIGH_UV_CONTEXT,NONE,NONE,ROUTE_LOAD_HIGH_CONTEXT|IB2_EFFORT_HIGH|STEPS_SURFACE_HIGH|SLOPE_LOAD_FALLBACK_VERTICAL_RANGE|IB2_WEATHER_SENSITIVE_ROUTE_EXPOSURE_CONTEXT|WATERWAY_PROXIMITY_CONTEXT|WEATHER_ACTIVITY_LEVEL_ONLY|WEATHER_HUMID_CONTEXT|WEATHER_WIND_GUST_CONTEXT|WEATHER_HIGH_UV_CONTEXT|ROUTE_PHASE_UNKNOWN|OSM_PROXIMITY_NOT_USAGE,IB2_OR_WEATHER_CONTEXT_PRESENT,"Descriptive planning context evidence only. This is not ability scoring, not route suitability scoring, not THCI/radar scoring, and not a final hiking risk assessment. Weather is activity-level context unless an explicit safe route-window source is used. OSM proximity is not proof of facility use. IB3D/event annotations are not causality evidence."
41_1,150,300,3,TURNAROUND_CONDITION_REVIEW_RECOMMENDED,100.0,VERY_HIGH_ROUTE_LOAD_CONTEXT,ROUTE_LOAD_HIGH_CONTEXT|ROUTE_LOAD_VERY_HIGH_CONTEXT|VERTICAL_RANGE_HIGH|SLOPE_HIGH|IB2_EFFORT_HIGH|TERRAIN_HIGH|STEPS_SURFACE_HIGH|SLOPE_LOAD_FALLBACK_VERTICAL_RANGE,WEATHER_ACTIVITY_LEVEL_ONLY|WEATHER_HUMID_CONTEXT|WEATHER_WIND_GUST_CONTEXT|WEATHER_HIGH_UV_CONTEXT,BEHAVIOR_LOW_SPEED_RESPONSE|BEHAVIOR_LOW_SPEED_RATIO_HIGH,NONE,ROUTE_LOAD_HIGH_CONTEXT|ROUTE_LOAD_VERY_HIGH_CONTEXT|VERTICAL_RANGE_HIGH|SLOPE_HIGH|IB2_EFFORT_HIGH|TERRAIN_HIGH|STEPS_SURFACE_HIGH|IB2_WEATHER_SENSITIVE_ROUTE_EXPOSURE_CONTEXT|WATERWAY_PROXIMITY_CONTEXT|WEATHER_ACTIVITY_LEVEL_ONLY|WEATHER_HUMID_CONTEXT|WEATHER_WIND_GUST_CONTEXT|WEATHER_HIGH_UV_CONTEXT|BEHAVIOR_LOW_SPEED_RESPONSE|BEHAVIOR_LOW_SPEED_RATIO_HIGH|ROUTE_PHASE_UNKNOWN|OSM_PROXIMITY_NOT_USAGE|SLOPE_LOAD_FALLBACK_VERTICAL_RANGE,VERY_HIGH_ROUTE_LOAD_CONTEXT|ROUTE_LOAD_BEHAVIOR_CANDIDATE|IB2_OR_WEATHER_CONTEXT_PRESENT,"Descriptive planning context evidence only. This is not ability scoring, not route suitability scoring, not THCI/radar scoring, and not a final hiking risk assessment. Weather is activity-level context unless an explicit safe route-window source is used. OSM proximity is not proof of facility use. IB3D/event annotations are not causality evidence."
41_1,300,350,1,CONSERVATIVE_PLANNING_RECOMMENDED,67.648,HIGH_ROUTE_LOAD_CONTEXT,ROUTE_LOAD_HIGH_CONTEXT|IB2_EFFORT_HIGH|TERRAIN_HIGH|STEPS_SURFACE_HIGH|SLOPE_LOAD_FALLBACK_VERTICAL_RANGE,WEATHER_ACTIVITY_LEVEL_ONLY|WEATHER_HUMID_CONTEXT|WEATHER_WIND_GUST_CONTEXT|WEATHER_HIGH_UV_CONTEXT,BEHAVIOR_RELATIVE_HIGH_HR_RESPONSE,NONE,ROUTE_LOAD_HIGH_CONTEXT|IB2_EFFORT_HIGH|TERRAIN_HIGH|STEPS_SURFACE_HIGH|SLOPE_LOAD_FALLBACK_VERTICAL_RANGE|IB2_WEATHER_SENSITIVE_ROUTE_EXPOSURE_CONTEXT|WEATHER_ACTIVITY_LEVEL_ONLY|WEATHER_HUMID_CONTEXT|WEATHER_WIND_GUST_CONTEXT|WEATHER_HIGH_UV_CONTEXT|BEHAVIOR_RELATIVE_HIGH_HR_RESPONSE|ROUTE_PHASE_UNKNOWN|OSM_PROXIMITY_NOT_USAGE,ROUTE_LOAD_BEHAVIOR_CANDIDATE|IB2_OR_WEATHER_CONTEXT_PRESENT,"Descriptive planning context evidence only. This is not ability scoring, not route suitability scoring, not THCI/radar scoring, and not a final hiking risk assessment. Weather is activity-level context unless an explicit safe route-window source is used. OSM proximity is not proof of facility use. IB3D/event annotations are not causality evidence."
41_1,350,400,1,TURNAROUND_CONDITION_REVIEW_RECOMMENDED,89.72,VERY_HIGH_ROUTE_LOAD_CONTEXT,ROUTE_LOAD_HIGH_CONTEXT|ROUTE_LOAD_VERY_HIGH_CONTEXT|VERTICAL_RANGE_HIGH|SLOPE_HIGH|IB2_EFFORT_HIGH|TERRAIN_HIGH|STEPS_SURFACE_HIGH|SLOPE_LOAD_FALLBACK_VERTICAL_RANGE,WEATHER_ACTIVITY_LEVEL_ONLY|WEATHER_HUMID_CONTEXT|WEATHER_WIND_GUST_CONTEXT|WEATHER_HIGH_UV_CONTEXT,BEHAVIOR_RELATIVE_HIGH_HR_RESPONSE|BEHAVIOR_LOW_SPEED_RESPONSE,NONE,ROUTE_LOAD_HIGH_CONTEXT|ROUTE_LOAD_VERY_HIGH_CONTEXT|VERTICAL_RANGE_HIGH|SLOPE_HIGH|IB2_EFFORT_HIGH|TERRAIN_HIGH|STEPS_SURFACE_HIGH|SLOPE_LOAD_FALLBACK_VERTICAL_RANGE|IB2_WEATHER_SENSITIVE_ROUTE_EXPOSURE_CONTEXT|WEATHER_ACTIVITY_LEVEL_ONLY|WEATHER_HUMID_CONTEXT|WEATHER_WIND_GUST_CONTEXT|WEATHER_HIGH_UV_CONTEXT|BEHAVIOR_RELATIVE_HIGH_HR_RESPONSE|BEHAVIOR_LOW_SPEED_RESPONSE|ROUTE_PHASE_UNKNOWN|OSM_PROXIMITY_NOT_USAGE,VERY_HIGH_ROUTE_LOAD_CONTEXT|ROUTE_LOAD_BEHAVIOR_CANDIDATE|IB2_OR_WEATHER_CONTEXT_PRESENT,"Descriptive planning context evidence only. This is not ability scoring, not route suitability scoring, not THCI/radar scoring, and not a final hiking risk assessment. Weather is activity-level context unless an explicit safe route-window source is used. OSM proximity is not proof of facility use. IB3D/event annotations are not causality evidence."
41_1,400,500,2,CONSERVATIVE_PLANNING_RECOMMENDED,79.928,HIGH_ROUTE_LOAD_CONTEXT,ROUTE_LOAD_HIGH_CONTEXT|IB2_EFFORT_HIGH|TERRAIN_HIGH|STEPS_SURFACE_HIGH|SLOPE_LOAD_FALLBACK_VERTICAL_RANGE,WEATHER_ACTIVITY_LEVEL_ONLY|WEATHER_HUMID_CONTEXT|WEATHER_WIND_GUST_CONTEXT|WEATHER_HIGH_UV_CONTEXT,BEHAVIOR_RELATIVE_HIGH_HR_RESPONSE,NONE,ROUTE_LOAD_HIGH_CONTEXT|IB2_EFFORT_HIGH|TERRAIN_HIGH|STEPS_SURFACE_HIGH|SLOPE_LOAD_FALLBACK_VERTICAL_RANGE|IB2_WEATHER_SENSITIVE_ROUTE_EXPOSURE_CONTEXT|WEATHER_ACTIVITY_LEVEL_ONLY|WEATHER_HUMID_CONTEXT|WEATHER_WIND_GUST_CONTEXT|WEATHER_HIGH_UV_CONTEXT|BEHAVIOR_RELATIVE_HIGH_HR_RESPONSE|ROUTE_PHASE_UNKNOWN|OSM_PROXIMITY_NOT_USAGE,ROUTE_LOAD_BEHAVIOR_CANDIDATE|IB2_OR_WEATHER_CONTEXT_PRESENT,"Descriptive planning context evidence only. This is not ability scoring, not route suitability scoring, not THCI/radar scoring, and not a final hiking risk assessment. Weather is activity-level context unless an explicit safe route-window source is used. OSM proximity is not proof of facility use. IB3D/event annotations are not causality evidence."
41_1,500,550,1,TURNAROUND_CONDITION_REVIEW_RECOMMENDED,81.359,VERY_HIGH_ROUTE_LOAD_CONTEXT,ROUTE_LOAD_HIGH_CONTEXT|ROUTE_LOAD_VERY_HIGH_CONTEXT|IB2_EFFORT_HIGH|STEPS_SURFACE_HIGH|SLOPE_LOAD_FALLBACK_VERTICAL_RANGE,WEATHER_ACTIVITY_LEVEL_ONLY|WEATHER_HUMID_CONTEXT|WEATHER_WIND_GUST_CONTEXT|WEATHER_HIGH_UV_CONTEXT,BEHAVIOR_RELATIVE_HIGH_HR_RESPONSE,NONE,ROUTE_LOAD_HIGH_CONTEXT|ROUTE_LOAD_VERY_HIGH_CONTEXT|IB2_EFFORT_HIGH|STEPS_SURFACE_HIGH|SLOPE_LOAD_FALLBACK_VERTICAL_RANGE|IB2_WEATHER_SENSITIVE_ROUTE_EXPOSURE_CONTEXT|WEATHER_ACTIVITY_LEVEL_ONLY|WEATHER_HUMID_CONTEXT|WEATHER_WIND_GUST_CONTEXT|WEATHER_HIGH_UV_CONTEXT|BEHAVIOR_RELATIVE_HIGH_HR_RESPONSE|ROUTE_PHASE_UNKNOWN|OSM_PROXIMITY_NOT_USAGE,VERY_HIGH_ROUTE_LOAD_CONTEXT|ROUTE_LOAD_BEHAVIOR_CANDIDATE|IB2_OR_WEATHER_CONTEXT_PRESENT,"Descriptive planning context evidence only. This is not ability scoring, not route suitability scoring, not THCI/radar scoring, and not a final hiking risk assessment. Weather is activity-level context unless an explicit safe route-window source is used. OSM proximity is not proof of facility use. IB3D/event annotations are not causality evidence."
41_1,550,1200,13,REVIEW_FOR_CONSERVATIVE_PLANNING,49.016,LOWER_ROUTE_LOAD_CONTEXT,IB2_EFFORT_HIGH|SLOPE_LOAD_FALLBACK_VERTICAL_RANGE|SLOPE_HIGH,WEATHER_ACTIVITY_LEVEL_ONLY|WEATHER_HUMID_CONTEXT|WEATHER_WIND_GUST_CONTEXT|WEATHER_HIGH_UV_CONTEXT,BEHAVIOR_RELATIVE_HIGH_HR_RESPONSE,NONE,IB2_EFFORT_HIGH|SLOPE_LOAD_FALLBACK_VERTICAL_RANGE|IB2_WEATHER_SENSITIVE_ROUTE_EXPOSURE_CONTEXT|SHELTER_PROXIMITY_CONTEXT|WEATHER_ACTIVITY_LEVEL_ONLY|WEATHER_HUMID_CONTEXT|WEATHER_WIND_GUST_CONTEXT|WEATHER_HIGH_UV_CONTEXT|BEHAVIOR_RELATIVE_HIGH_HR_RESPONSE|ROUTE_PHASE_UNKNOWN|OSM_PROXIMITY_NOT_USAGE|SLOPE_HIGH|IB2_NAVIGATION_CONTEXT|GUIDEPOST_PROXIMITY_CONTEXT|IB2_SUPPORT_CONTEXT,HIGH_ROUTE_OR_IB2_CONTEXT,"Descriptive planning context evidence only. This is not ability scoring, not route suitability scoring, not THCI/radar scoring, and not a final hiking risk assessment. Weather is activity-level context unless an explicit safe route-window source is used. OSM proximity is not proof of facility use. IB3D/event annotations are not causality evidence."
41_1,1200,1300,2,CONSERVATIVE_PLANNING_RECOMMENDED,65.646,HIGH_ROUTE_LOAD_CONTEXT,ROUTE_LOAD_HIGH_CONTEXT|IB2_EFFORT_HIGH|STEPS_SURFACE_HIGH,WEATHER_ACTIVITY_LEVEL_ONLY|WEATHER_HUMID_CONTEXT|WEATHER_WIND_GUST_CONTEXT|WEATHER_HIGH_UV_CONTEXT,BEHAVIOR_RELATIVE_HIGH_HR_RESPONSE,NONE,ROUTE_LOAD_HIGH_CONTEXT|IB2_EFFORT_HIGH|STEPS_SURFACE_HIGH|IB2_WEATHER_SENSITIVE_ROUTE_EXPOSURE_CONTEXT|WEATHER_ACTIVITY_LEVEL_ONLY|WEATHER_HUMID_CONTEXT|WEATHER_WIND_GUST_CONTEXT|WEATHER_HIGH_UV_CONTEXT|BEHAVIOR_RELATIVE_HIGH_HR_RESPONSE|ROUTE_PHASE_UNKNOWN|OSM_PROXIMITY_NOT_USAGE,ROUTE_LOAD_BEHAVIOR_CANDIDATE|IB2_OR_WEATHER_CONTEXT_PRESENT,"Descriptive planning context evidence only. This is not ability scoring, not route suitability scoring, not THCI/radar scoring, and not a final hiking risk assessment. Weather is activity-level context unless an explicit safe route-window source is used. OSM proximity is not proof of facility use. IB3D/event annotations are not causality evidence."
41_1,1300,1350,1,REVIEW_FOR_CONSERVATIVE_PLANNING,37.677,MODERATE_ROUTE_LOAD_CONTEXT,SLOPE_LOAD_FALLBACK_VERTICAL_RANGE,WEATHER_ACTIVITY_LEVEL_ONLY|WEATHER_HUMID_CONTEXT|WEATHER_WIND_GUST_CONTEXT|WEATHER_HIGH_UV_CONTEXT,NONE,NONE,SLOPE_LOAD_FALLBACK_VERTICAL_RANGE|IB2_WEATHER_SENSITIVE_ROUTE_EXPOSURE_CONTEXT|WEATHER_ACTIVITY_LEVEL_ONLY|WEATHER_HUMID_CONTEXT|WEATHER_WIND_GUST_CONTEXT|WEATHER_HIGH_UV_CONTEXT|ROUTE_PHASE_UNKNOWN|OSM_PROXIMITY_NOT_USAGE,HIGH_ROUTE_OR_IB2_CONTEXT,"Descriptive planning context evidence only. This is not ability scoring, not route suitability scoring, not THCI/radar scoring, and not a final hiking risk assessment. Weather is activity-level context unless an explicit safe route-window source is used. OSM proximity is not proof of facility use. IB3D/event annotations are not causality evidence."
41_1,1350,1650,6,TURNAROUND_CONDITION_REVIEW_RECOMMENDED,100.0,VERY_HIGH_ROUTE_LOAD_CONTEXT,ROUTE_LOAD_HIGH_CONTEXT|ROUTE_LOAD_VERY_HIGH_CONTEXT|VERTICAL_RANGE_HIGH|SLOPE_HIGH|IB2_EFFORT_HIGH|TERRAIN_HIGH|STEPS_SURFACE_HIGH|SLOPE_LOAD_FALLBACK_VERTICAL_RANGE,WEATHER_ACTIVITY_LEVEL_ONLY|WEATHER_HUMID_CONTEXT|WEATHER_WIND_GUST_CONTEXT|WEATHER_HIGH_UV_CONTEXT,BEHAVIOR_LOW_SPEED_RESPONSE|BEHAVIOR_LOW_SPEED_RATIO_HIGH|BEHAVIOR_STOP_RESPONSE,NONE,ROUTE_LOAD_HIGH_CONTEXT|ROUTE_LOAD_VERY_HIGH_CONTEXT|VERTICAL_RANGE_HIGH|SLOPE_HIGH|IB2_EFFORT_HIGH|TERRAIN_HIGH|STEPS_SURFACE_HIGH|IB2_WEATHER_SENSITIVE_ROUTE_EXPOSURE_CONTEXT|WEATHER_ACTIVITY_LEVEL_ONLY|WEATHER_HUMID_CONTEXT|WEATHER_WIND_GUST_CONTEXT|WEATHER_HIGH_UV_CONTEXT|BEHAVIOR_LOW_SPEED_RESPONSE|BEHAVIOR_LOW_SPEED_RATIO_HIGH|ROUTE_PHASE_UNKNOWN|OSM_PROXIMITY_NOT_USAGE|BEHAVIOR_STOP_RESPONSE|SLOPE_LOAD_FALLBACK_VERTICAL_RANGE,VERY_HIGH_ROUTE_LOAD_CONTEXT|ROUTE_LOAD_BEHAVIOR_CANDIDATE|IB2_OR_WEATHER_CONTEXT_PRESENT,"Descriptive planning context evidence only. This is not ability scoring, not route suitability scoring, not THCI/radar scoring, and not a final hiking risk assessment. Weather is activity-level context unless an explicit safe route-window source is used. OSM proximity is not proof of facility use. IB3D/event annotations are not causality evidence."
41_1,1650,1750,2,REVIEW_FOR_CONSERVATIVE_PLANNING,54.439,LOWER_ROUTE_LOAD_CONTEXT,IB2_EFFORT_HIGH|STEPS_SURFACE_HIGH|SLOPE_LOAD_FALLBACK_VERTICAL_RANGE,WEATHER_ACTIVITY_LEVEL_ONLY|WEATHER_HUMID_CONTEXT|WEATHER_WIND_GUST_CONTEXT|WEATHER_HIGH_UV_CONTEXT,NONE,NONE,IB2_EFFORT_HIGH|STEPS_SURFACE_HIGH|SLOPE_LOAD_FALLBACK_VERTICAL_RANGE|IB2_WEATHER_SENSITIVE_ROUTE_EXPOSURE_CONTEXT|WEATHER_ACTIVITY_LEVEL_ONLY|WEATHER_HUMID_CONTEXT|WEATHER_WIND_GUST_CONTEXT|WEATHER_HIGH_UV_CONTEXT|ROUTE_PHASE_UNKNOWN|OSM_PROXIMITY_NOT_USAGE,HIGH_ROUTE_OR_IB2_CONTEXT,"Descriptive planning context evidence only. This is not ability scoring, not route suitability scoring, not THCI/radar scoring, and not a final hiking risk assessment. Weather is activity-level context unless an explicit safe route-window source is used. OSM proximity is not proof of facility use. IB3D/event annotations are not causality evidence."
41_1,1750,1800,1,CONSERVATIVE_PLANNING_RECOMMENDED,62.363,HIGH_ROUTE_LOAD_CONTEXT,ROUTE_LOAD_HIGH_CONTEXT|IB2_EFFORT_HIGH|STEPS_SURFACE_HIGH,WEATHER_ACTIVITY_LEVEL_ONLY|WEATHER_HUMID_CONTEXT|WEATHER_WIND_GUST_CONTEXT|WEATHER_HIGH_UV_CONTEXT,BEHAVIOR_LOW_SPEED_RESPONSE|BEHAVIOR_LOW_SPEED_RATIO_HIGH,NONE,ROUTE_LOAD_HIGH_CONTEXT|IB2_EFFORT_HIGH|STEPS_SURFACE_HIGH|IB2_NAVIGATION_CONTEXT|IB2_WEATHER_SENSITIVE_ROUTE_EXPOSURE_CONTEXT|GUIDEPOST_PROXIMITY_CONTEXT|WEATHER_ACTIVITY_LEVEL_ONLY|WEATHER_HUMID_CONTEXT|WEATHER_WIND_GUST_CONTEXT|WEATHER_HIGH_UV_CONTEXT|BEHAVIOR_LOW_SPEED_RESPONSE|BEHAVIOR_LOW_SPEED_RATIO_HIGH|ROUTE_PHASE_UNKNOWN|OSM_PROXIMITY_NOT_USAGE,ROUTE_LOAD_BEHAVIOR_CANDIDATE|IB2_OR_WEATHER_CONTEXT_PRESENT,"Descriptive planning context evidence only. This is not ability scoring, not route suitability scoring, not THCI/radar scoring, and not a final hiking risk assessment. Weather is activity-level context unless an explicit safe route-window source is used. OSM proximity is not proof of facility use. IB3D/event annotations are not causality evidence."
41_1,1800,1900,2,TURNAROUND_CONDITION_REVIEW_RECOMMENDED,91.158,VERY_HIGH_ROUTE_LOAD_CONTEXT,ROUTE_LOAD_HIGH_CONTEXT|ROUTE_LOAD_VERY_HIGH_CONTEXT|SLOPE_HIGH|IB2_EFFORT_HIGH|STEPS_SURFACE_HIGH|VERTICAL_RANGE_HIGH|TERRAIN_HIGH|SLOPE_LOAD_FALLBACK_VERTICAL_RANGE,WEATHER_ACTIVITY_LEVEL_ONLY|WEATHER_HUMID_CONTEXT|WEATHER_WIND_GUST_CONTEXT|WEATHER_HIGH_UV_CONTEXT,BEHAVIOR_LOW_SPEED_RESPONSE|BEHAVIOR_LOW_SPEED_RATIO_HIGH,NONE,ROUTE_LOAD_HIGH_CONTEXT|ROUTE_LOAD_VERY_HIGH_CONTEXT|SLOPE_HIGH|IB2_EFFORT_HIGH|STEPS_SURFACE_HIGH|IB2_NAVIGATION_CONTEXT|IB2_WEATHER_SENSITIVE_ROUTE_EXPOSURE_CONTEXT|GUIDEPOST_PROXIMITY_CONTEXT|WEATHER_ACTIVITY_LEVEL_ONLY|WEATHER_HUMID_CONTEXT|WEATHER_WIND_GUST_CONTEXT|WEATHER_HIGH_UV_CONTEXT|BEHAVIOR_LOW_SPEED_RESPONSE|BEHAVIOR_LOW_SPEED_RATIO_HIGH|ROUTE_PHASE_UNKNOWN|OSM_PROXIMITY_NOT_USAGE|VERTICAL_RANGE_HIGH|TERRAIN_HIGH|SLOPE_LOAD_FALLBACK_VERTICAL_RANGE,VERY_HIGH_ROUTE_LOAD_CONTEXT|ROUTE_LOAD_BEHAVIOR_CANDIDATE|IB2_OR_WEATHER_CONTEXT_PRESENT,"Descriptive planning context evidence only. This is not ability scoring, not route suitability scoring, not THCI/radar scoring, and not a final hiking risk assessment. Weather is activity-level context unless an explicit safe route-window source is used. OSM proximity is not proof of facility use. IB3D/event annotations are not causality evidence."
41_1,1900,1950,1,REVIEW_FOR_CONSERVATIVE_PLANNING,50.353,MODERATE_ROUTE_LOAD_CONTEXT,IB2_EFFORT_HIGH|STEPS_SURFACE_HIGH|SLOPE_LOAD_FALLBACK_VERTICAL_RANGE,WEATHER_ACTIVITY_LEVEL_ONLY|WEATHER_HUMID_CONTEXT|WEATHER_WIND_GUST_CONTEXT|WEATHER_HIGH_UV_CONTEXT,NONE,NONE,IB2_EFFORT_HIGH|STEPS_SURFACE_HIGH|SLOPE_LOAD_FALLBACK_VERTICAL_RANGE|IB2_NAVIGATION_CONTEXT|IB2_WEATHER_SENSITIVE_ROUTE_EXPOSURE_CONTEXT|GUIDEPOST_PROXIMITY_CONTEXT|WEATHER_ACTIVITY_LEVEL_ONLY|WEATHER_HUMID_CONTEXT|WEATHER_WIND_GUST_CONTEXT|WEATHER_HIGH_UV_CONTEXT|ROUTE_PHASE_UNKNOWN|OSM_PROXIMITY_NOT_USAGE,HIGH_ROUTE_OR_IB2_CONTEXT,"Descriptive planning context evidence only. This is not ability scoring, not route suitability scoring, not THCI/radar scoring, and not a final hiking risk assessment. Weather is activity-level context unless an explicit safe route-window source is used. OSM proximity is not proof of facility use. IB3D/event annotations are not causality evidence."
41_1,1950,2050,2,TURNAROUND_CONDITION_REVIEW_RECOMMENDED,85.812,VERY_HIGH_ROUTE_LOAD_CONTEXT,ROUTE_LOAD_HIGH_CONTEXT|ROUTE_LOAD_VERY_HIGH_CONTEXT|VERTICAL_RANGE_HIGH|SLOPE_HIGH|IB2_EFFORT_HIGH|STEPS_SURFACE_HIGH|SLOPE_LOAD_FALLBACK_VERTICAL_RANGE,WEATHER_ACTIVITY_LEVEL_ONLY|WEATHER_HUMID_CONTEXT|WEATHER_WIND_GUST_CONTEXT|WEATHER_HIGH_UV_CONTEXT,BEHAVIOR_LOW_SPEED_RESPONSE|BEHAVIOR_RELATIVE_HIGH_HR_RESPONSE,NONE,ROUTE_LOAD_HIGH_CONTEXT|ROUTE_LOAD_VERY_HIGH_CONTEXT|VERTICAL_RANGE_HIGH|SLOPE_HIGH|IB2_EFFORT_HIGH|STEPS_SURFACE_HIGH|SLOPE_LOAD_FALLBACK_VERTICAL_RANGE|IB2_NAVIGATION_CONTEXT|IB2_WEATHER_SENSITIVE_ROUTE_EXPOSURE_CONTEXT|GUIDEPOST_PROXIMITY_CONTEXT|WEATHER_ACTIVITY_LEVEL_ONLY|WEATHER_HUMID_CONTEXT|WEATHER_WIND_GUST_CONTEXT|WEATHER_HIGH_UV_CONTEXT|BEHAVIOR_LOW_SPEED_RESPONSE|ROUTE_PHASE_UNKNOWN|OSM_PROXIMITY_NOT_USAGE|BEHAVIOR_RELATIVE_HIGH_HR_RESPONSE,VERY_HIGH_ROUTE_LOAD_CONTEXT|ROUTE_LOAD_BEHAVIOR_CANDIDATE|IB2_OR_WEATHER_CONTEXT_PRESENT,"Descriptive planning context evidence only. This is not ability scoring, not route suitability scoring, not THCI/radar scoring, and not a final hiking risk assessment. Weather is activity-level context unless an explicit safe route-window source is used. OSM proximity is not proof of facility use. IB3D/event annotations are not causality evidence."
41_1,2050,2150,2,CONSERVATIVE_PLANNING_RECOMMENDED,73.58,HIGH_ROUTE_LOAD_CONTEXT,ROUTE_LOAD_HIGH_CONTEXT|IB2_EFFORT_HIGH|STEPS_SURFACE_HIGH,WEATHER_ACTIVITY_LEVEL_ONLY|WEATHER_HUMID_CONTEXT|WEATHER_WIND_GUST_CONTEXT|WEATHER_HIGH_UV_CONTEXT,BEHAVIOR_LOW_SPEED_RESPONSE|BEHAVIOR_LOW_SPEED_RATIO_HIGH,EVENT_HIGH_HR_RECOVERY_STOP,ROUTE_LOAD_HIGH_CONTEXT|IB2_EFFORT_HIGH|STEPS_SURFACE_HIGH|IB2_NAVIGATION_CONTEXT|IB2_WEATHER_SENSITIVE_ROUTE_EXPOSURE_CONTEXT|GUIDEPOST_PROXIMITY_CONTEXT|WEATHER_ACTIVITY_LEVEL_ONLY|WEATHER_HUMID_CONTEXT|WEATHER_WIND_GUST_CONTEXT|WEATHER_HIGH_UV_CONTEXT|BEHAVIOR_LOW_SPEED_RESPONSE|BEHAVIOR_LOW_SPEED_RATIO_HIGH|ROUTE_PHASE_UNKNOWN|OSM_PROXIMITY_NOT_USAGE,ROUTE_LOAD_BEHAVIOR_CANDIDATE|IB2_OR_WEATHER_CONTEXT_PRESENT,"Descriptive planning context evidence only. This is not ability scoring, not route suitability scoring, not THCI/radar scoring, and not a final hiking risk assessment. Weather is activity-level context unless an explicit safe route-window source is used. OSM proximity is not proof of facility use. IB3D/event annotations are not causality evidence."
41_1,2150,2250,2,TURNAROUND_CONDITION_REVIEW_RECOMMENDED,86.956,VERY_HIGH_ROUTE_LOAD_CONTEXT,ROUTE_LOAD_HIGH_CONTEXT|ROUTE_LOAD_VERY_HIGH_CONTEXT|VERTICAL_RANGE_HIGH|SLOPE_HIGH|IB2_EFFORT_HIGH|STEPS_SURFACE_HIGH|SLOPE_LOAD_FALLBACK_VERTICAL_RANGE,WEATHER_ACTIVITY_LEVEL_ONLY|WEATHER_HUMID_CONTEXT|WEATHER_WIND_GUST_CONTEXT|WEATHER_HIGH_UV_CONTEXT,BEHAVIOR_LOW_SPEED_RESPONSE,NONE,ROUTE_LOAD_HIGH_CONTEXT|ROUTE_LOAD_VERY_HIGH_CONTEXT|VERTICAL_RANGE_HIGH|SLOPE_HIGH|IB2_EFFORT_HIGH|STEPS_SURFACE_HIGH|IB2_WEATHER_SENSITIVE_ROUTE_EXPOSURE_CONTEXT|WEATHER_ACTIVITY_LEVEL_ONLY|WEATHER_HUMID_CONTEXT|WEATHER_WIND_GUST_CONTEXT|WEATHER_HIGH_UV_CONTEXT|BEHAVIOR_LOW_SPEED_RESPONSE|ROUTE_PHASE_UNKNOWN|OSM_PROXIMITY_NOT_USAGE|SLOPE_LOAD_FALLBACK_VERTICAL_RANGE|IB2_NAVIGATION_CONTEXT|GUIDEPOST_PROXIMITY_CONTEXT,VERY_HIGH_ROUTE_LOAD_CONTEXT|ROUTE_LOAD_BEHAVIOR_CANDIDATE|IB2_OR_WEATHER_CONTEXT_PRESENT,"Descriptive planning context evidence only. This is not ability scoring, not route suitability scoring, not THCI/radar scoring, and not a final hiking risk assessment. Weather is activity-level context unless an explicit safe route-window source is used. OSM proximity is not proof of facility use. IB3D/event annotations are not causality evidence."
41_1,2250,2300,1,REVIEW_FOR_CONSERVATIVE_PLANNING,49.977,MODERATE_ROUTE_LOAD_CONTEXT,IB2_EFFORT_HIGH|STEPS_SURFACE_HIGH|SLOPE_LOAD_FALLBACK_VERTICAL_RANGE,WEATHER_ACTIVITY_LEVEL_ONLY|WEATHER_HUMID_CONTEXT|WEATHER_WIND_GUST_CONTEXT|WEATHER_HIGH_UV_CONTEXT,NONE,NONE,IB2_EFFORT_HIGH|STEPS_SURFACE_HIGH|SLOPE_LOAD_FALLBACK_VERTICAL_RANGE|IB2_NAVIGATION_CONTEXT|IB2_WEATHER_SENSITIVE_ROUTE_EXPOSURE_CONTEXT|GUIDEPOST_PROXIMITY_CONTEXT|WEATHER_ACTIVITY_LEVEL_ONLY|WEATHER_HUMID_CONTEXT|WEATHER_WIND_GUST_CONTEXT|WEATHER_HIGH_UV_CONTEXT|ROUTE_PHASE_UNKNOWN|OSM_PROXIMITY_NOT_USAGE,HIGH_ROUTE_OR_IB2_CONTEXT,"Descriptive planning context evidence only. This is not ability scoring, not route suitability scoring, not THCI/radar scoring, and not a final hiking risk assessment. Weather is activity-level context unless an explicit safe route-window source is used. OSM proximity is not proof of facility use. IB3D/event annotations are not causality evidence."
41_1,2300,2400,2,TURNAROUND_CONDITION_REVIEW_RECOMMENDED,97.338,VERY_HIGH_ROUTE_LOAD_CONTEXT,ROUTE_LOAD_HIGH_CONTEXT|ROUTE_LOAD_VERY_HIGH_CONTEXT|VERTICAL_RANGE_HIGH|SLOPE_HIGH|IB2_EFFORT_HIGH|TERRAIN_HIGH|STEPS_SURFACE_HIGH,WEATHER_ACTIVITY_LEVEL_ONLY|WEATHER_HUMID_CONTEXT|WEATHER_WIND_GUST_CONTEXT|WEATHER_HIGH_UV_CONTEXT,BEHAVIOR_LOW_SPEED_RESPONSE|BEHAVIOR_LOW_SPEED_RATIO_HIGH|BEHAVIOR_RELATIVE_HIGH_HR_RESPONSE,EVENT_HIGH_HR_RECOVERY_STOP,ROUTE_LOAD_HIGH_CONTEXT|ROUTE_LOAD_VERY_HIGH_CONTEXT|VERTICAL_RANGE_HIGH|SLOPE_HIGH|IB2_EFFORT_HIGH|TERRAIN_HIGH|STEPS_SURFACE_HIGH|IB2_WEATHER_SENSITIVE_ROUTE_EXPOSURE_CONTEXT|WEATHER_ACTIVITY_LEVEL_ONLY|WEATHER_HUMID_CONTEXT|WEATHER_WIND_GUST_CONTEXT|WEATHER_HIGH_UV_CONTEXT|BEHAVIOR_LOW_SPEED_RESPONSE|BEHAVIOR_LOW_SPEED_RATIO_HIGH|ROUTE_PHASE_UNKNOWN|OSM_PROXIMITY_NOT_USAGE|IB2_NAVIGATION_CONTEXT|GUIDEPOST_PROXIMITY_CONTEXT|BEHAVIOR_RELATIVE_HIGH_HR_RESPONSE,VERY_HIGH_ROUTE_LOAD_CONTEXT|ROUTE_LOAD_BEHAVIOR_CANDIDATE|IB2_OR_WEATHER_CONTEXT_PRESENT,"Descriptive planning context evidence only. This is not ability scoring, not route suitability scoring, not THCI/radar scoring, and not a final hiking risk assessment. Weather is activity-level context unless an explicit safe route-window source is used. OSM proximity is not proof of facility use. IB3D/event annotations are not causality evidence."
41_1,2400,2500,2,REVIEW_FOR_CONSERVATIVE_PLANNING,52.221,MODERATE_ROUTE_LOAD_CONTEXT,IB2_EFFORT_HIGH|SLOPE_LOAD_FALLBACK_VERTICAL_RANGE,WEATHER_ACTIVITY_LEVEL_ONLY|WEATHER_HUMID_CONTEXT|WEATHER_WIND_GUST_CONTEXT|WEATHER_HIGH_UV_CONTEXT,NONE,NONE,IB2_EFFORT_HIGH|SLOPE_LOAD_FALLBACK_VERTICAL_RANGE|IB2_NAVIGATION_CONTEXT|IB2_WEATHER_SENSITIVE_ROUTE_EXPOSURE_CONTEXT|GUIDEPOST_PROXIMITY_CONTEXT|WEATHER_ACTIVITY_LEVEL_ONLY|WEATHER_HUMID_CONTEXT|WEATHER_WIND_GUST_CONTEXT|WEATHER_HIGH_UV_CONTEXT|ROUTE_PHASE_UNKNOWN|OSM_PROXIMITY_NOT_USAGE,HIGH_ROUTE_OR_IB2_CONTEXT,"Descriptive planning context evidence only. This is not ability scoring, not route suitability scoring, not THCI/radar scoring, and not a final hiking risk assessment. Weather is activity-level context unless an explicit safe route-window source is used. OSM proximity is not proof of facility use. IB3D/event annotations are not causality evidence."
41_1,2500,2550,1,CONSERVATIVE_PLANNING_RECOMMENDED,60.993,HIGH_ROUTE_LOAD_CONTEXT,ROUTE_LOAD_HIGH_CONTEXT|IB2_EFFORT_HIGH|TERRAIN_HIGH|STEPS_SURFACE_HIGH,WEATHER_ACTIVITY_LEVEL_ONLY|WEATHER_HUMID_CONTEXT|WEATHER_WIND_GUST_CONTEXT|WEATHER_HIGH_UV_CONTEXT,BEHAVIOR_LOW_SPEED_RESPONSE,NONE,ROUTE_LOAD_HIGH_CONTEXT|IB2_EFFORT_HIGH|TERRAIN_HIGH|STEPS_SURFACE_HIGH|IB2_WEATHER_SENSITIVE_ROUTE_EXPOSURE_CONTEXT|WEATHER_ACTIVITY_LEVEL_ONLY|WEATHER_HUMID_CONTEXT|WEATHER_WIND_GUST_CONTEXT|WEATHER_HIGH_UV_CONTEXT|BEHAVIOR_LOW_SPEED_RESPONSE|ROUTE_PHASE_UNKNOWN|OSM_PROXIMITY_NOT_USAGE,ROUTE_LOAD_BEHAVIOR_CANDIDATE|IB2_OR_WEATHER_CONTEXT_PRESENT,"Descriptive planning context evidence only. This is not ability scoring, not route suitability scoring, not THCI/radar scoring, and not a final hiking risk assessment. Weather is activity-level context unless an explicit safe route-window source is used. OSM proximity is not proof of facility use. IB3D/event annotations are not causality evidence."
41_1,2550,2850,6,TURNAROUND_CONDITION_REVIEW_RECOMMENDED,100.0,VERY_HIGH_ROUTE_LOAD_CONTEXT,ROUTE_LOAD_HIGH_CONTEXT|ROUTE_LOAD_VERY_HIGH_CONTEXT|VERTICAL_RANGE_HIGH|SLOPE_HIGH|IB2_EFFORT_HIGH|TERRAIN_HIGH|STEPS_SURFACE_HIGH|SLOPE_LOAD_FALLBACK_VERTICAL_RANGE,WEATHER_ACTIVITY_LEVEL_ONLY|WEATHER_HUMID_CONTEXT|WEATHER_WIND_GUST_CONTEXT|WEATHER_HIGH_UV_CONTEXT,BEHAVIOR_LOW_SPEED_RESPONSE|BEHAVIOR_LOW_SPEED_RATIO_HIGH|BEHAVIOR_STOP_RESPONSE,EVENT_HIGH_HR_RECOVERY_STOP|EVENT_SHORT_PAUSE,ROUTE_LOAD_HIGH_CONTEXT|ROUTE_LOAD_VERY_HIGH_CONTEXT|VERTICAL_RANGE_HIGH|SLOPE_HIGH|IB2_EFFORT_HIGH|TERRAIN_HIGH|STEPS_SURFACE_HIGH|IB2_WEATHER_SENSITIVE_ROUTE_EXPOSURE_CONTEXT|WEATHER_ACTIVITY_LEVEL_ONLY|WEATHER_HUMID_CONTEXT|WEATHER_WIND_GUST_CONTEXT|WEATHER_HIGH_UV_CONTEXT|BEHAVIOR_LOW_SPEED_RESPONSE|BEHAVIOR_LOW_SPEED_RATIO_HIGH|ROUTE_PHASE_UNKNOWN|OSM_PROXIMITY_NOT_USAGE|SLOPE_LOAD_FALLBACK_VERTICAL_RANGE|BEHAVIOR_STOP_RESPONSE,VERY_HIGH_ROUTE_LOAD_CONTEXT|ROUTE_LOAD_BEHAVIOR_CANDIDATE|IB2_OR_WEATHER_CONTEXT_PRESENT,"Descriptive planning context evidence only. This is not ability scoring, not route suitability scoring, not THCI/radar scoring, and not a final hiking risk assessment. Weather is activity-level context unless an explicit safe route-window source is used. OSM proximity is not proof of facility use. IB3D/event annotations are not causality evidence."
41_1,2850,2900,1,REVIEW_FOR_CONSERVATIVE_PLANNING,35.057,MODERATE_ROUTE_LOAD_CONTEXT,SLOPE_LOAD_FALLBACK_VERTICAL_RANGE,WEATHER_ACTIVITY_LEVEL_ONLY|WEATHER_HUMID_CONTEXT|WEATHER_WIND_GUST_CONTEXT|WEATHER_HIGH_UV_CONTEXT,BEHAVIOR_LOW_SPEED_RESPONSE,NONE,SLOPE_LOAD_FALLBACK_VERTICAL_RANGE|IB2_WEATHER_SENSITIVE_ROUTE_EXPOSURE_CONTEXT|WEATHER_ACTIVITY_LEVEL_ONLY|WEATHER_HUMID_CONTEXT|WEATHER_WIND_GUST_CONTEXT|WEATHER_HIGH_UV_CONTEXT|BEHAVIOR_LOW_SPEED_RESPONSE|ROUTE_PHASE_UNKNOWN|OSM_PROXIMITY_NOT_USAGE,HIGH_ROUTE_OR_IB2_CONTEXT,"Descriptive planning context evidence only. This is not ability scoring, not route suitability scoring, not THCI/radar scoring, and not a final hiking risk assessment. Weather is activity-level context unless an explicit safe route-window source is used. OSM proximity is not proof of facility use. IB3D/event annotations are not causality evidence."
41_1,2900,2950,1,CONSERVATIVE_PLANNING_RECOMMENDED,68.337,HIGH_ROUTE_LOAD_CONTEXT,ROUTE_LOAD_HIGH_CONTEXT|IB2_EFFORT_HIGH|STEPS_SURFACE_HIGH|SLOPE_LOAD_FALLBACK_VERTICAL_RANGE,WEATHER_ACTIVITY_LEVEL_ONLY|WEATHER_HUMID_CONTEXT|WEATHER_WIND_GUST_CONTEXT|WEATHER_HIGH_UV_CONTEXT,NONE,NONE,ROUTE_LOAD_HIGH_CONTEXT|IB2_EFFORT_HIGH|STEPS_SURFACE_HIGH|SLOPE_LOAD_FALLBACK_VERTICAL_RANGE|IB2_WEATHER_SENSITIVE_ROUTE_EXPOSURE_CONTEXT|WEATHER_ACTIVITY_LEVEL_ONLY|WEATHER_HUMID_CONTEXT|WEATHER_WIND_GUST_CONTEXT|WEATHER_HIGH_UV_CONTEXT|ROUTE_PHASE_UNKNOWN|OSM_PROXIMITY_NOT_USAGE,IB2_OR_WEATHER_CONTEXT_PRESENT,"Descriptive planning context evidence only. This is not ability scoring, not route suitability scoring, not THCI/radar scoring, and not a final hiking risk assessment. Weather is activity-level context unless an explicit safe route-window source is used. OSM proximity is not proof of facility use. IB3D/event annotations are not causality evidence."
41_1,2950,3000,1,TURNAROUND_CONDITION_REVIEW_RECOMMENDED,82.969,VERY_HIGH_ROUTE_LOAD_CONTEXT,ROUTE_LOAD_HIGH_CONTEXT|ROUTE_LOAD_VERY_HIGH_CONTEXT|SLOPE_HIGH|IB2_EFFORT_HIGH|STEPS_SURFACE_HIGH,WEATHER_ACTIVITY_LEVEL_ONLY|WEATHER_HUMID_CONTEXT|WEATHER_WIND_GUST_CONTEXT|WEATHER_HIGH_UV_CONTEXT,BEHAVIOR_RELATIVE_HIGH_HR_RESPONSE|BEHAVIOR_LOW_SPEED_RESPONSE,NONE,ROUTE_LOAD_HIGH_CONTEXT|ROUTE_LOAD_VERY_HIGH_CONTEXT|SLOPE_HIGH|IB2_EFFORT_HIGH|STEPS_SURFACE_HIGH|IB2_WEATHER_SENSITIVE_ROUTE_EXPOSURE_CONTEXT|WEATHER_ACTIVITY_LEVEL_ONLY|WEATHER_HUMID_CONTEXT|WEATHER_WIND_GUST_CONTEXT|WEATHER_HIGH_UV_CONTEXT|BEHAVIOR_RELATIVE_HIGH_HR_RESPONSE|BEHAVIOR_LOW_SPEED_RESPONSE|ROUTE_PHASE_UNKNOWN|OSM_PROXIMITY_NOT_USAGE,VERY_HIGH_ROUTE_LOAD_CONTEXT|ROUTE_LOAD_BEHAVIOR_CANDIDATE|IB2_OR_WEATHER_CONTEXT_PRESENT,"Descriptive planning context evidence only. This is not ability scoring, not route suitability scoring, not THCI/radar scoring, and not a final hiking risk assessment. Weather is activity-level context unless an explicit safe route-window source is used. OSM proximity is not proof of facility use. IB3D/event annotations are not causality evidence."
41_1,3000,3400,8,REVIEW_FOR_CONSERVATIVE_PLANNING,42.177,LOWER_ROUTE_LOAD_CONTEXT,SLOPE_LOAD_FALLBACK_VERTICAL_RANGE,WEATHER_ACTIVITY_LEVEL_ONLY|WEATHER_HUMID_CONTEXT|WEATHER_WIND_GUST_CONTEXT|WEATHER_HIGH_UV_CONTEXT,BEHAVIOR_RELATIVE_HIGH_HR_RESPONSE,NONE,IB2_WEATHER_SENSITIVE_ROUTE_EXPOSURE_CONTEXT|WEATHER_ACTIVITY_LEVEL_ONLY|WEATHER_HUMID_CONTEXT|WEATHER_WIND_GUST_CONTEXT|WEATHER_HIGH_UV_CONTEXT|ROUTE_PHASE_UNKNOWN|OSM_PROXIMITY_NOT_USAGE|BEHAVIOR_RELATIVE_HIGH_HR_RESPONSE|SLOPE_LOAD_FALLBACK_VERTICAL_RANGE|IB2_SUPPORT_CONTEXT|IB2_NAVIGATION_CONTEXT|GUIDEPOST_PROXIMITY_CONTEXT,HIGH_ROUTE_OR_IB2_CONTEXT,"Descriptive planning context evidence only. This is not ability scoring, not route suitability scoring, not THCI/radar scoring, and not a final hiking risk assessment. Weather is activity-level context unless an explicit safe route-window source is used. OSM proximity is not proof of facility use. IB3D/event annotations are not causality evidence."
41_1,3450,3600,3,REVIEW_FOR_CONSERVATIVE_PLANNING,16.306,LOWER_ROUTE_LOAD_CONTEXT,SLOPE_LOAD_FALLBACK_VERTICAL_RANGE,WEATHER_ACTIVITY_LEVEL_ONLY|WEATHER_HUMID_CONTEXT|WEATHER_WIND_GUST_CONTEXT|WEATHER_HIGH_UV_CONTEXT,BEHAVIOR_RELATIVE_HIGH_HR_RESPONSE,NONE,SLOPE_LOAD_FALLBACK_VERTICAL_RANGE|IB2_WEATHER_SENSITIVE_ROUTE_EXPOSURE_CONTEXT|SHELTER_PROXIMITY_CONTEXT|WEATHER_ACTIVITY_LEVEL_ONLY|WEATHER_HUMID_CONTEXT|WEATHER_WIND_GUST_CONTEXT|WEATHER_HIGH_UV_CONTEXT|BEHAVIOR_RELATIVE_HIGH_HR_RESPONSE|ROUTE_PHASE_UNKNOWN|OSM_PROXIMITY_NOT_USAGE|IB2_NAVIGATION_CONTEXT|GUIDEPOST_PROXIMITY_CONTEXT,HIGH_ROUTE_OR_IB2_CONTEXT,"Descriptive planning context evidence only. This is not ability scoring, not route suitability scoring, not THCI/radar scoring, and not a final hiking risk assessment. Weather is activity-level context unless an explicit safe route-window source is used. OSM proximity is not proof of facility use. IB3D/event annotations are not causality evidence."
41_1,3600,3800,4,CONSERVATIVE_PLANNING_RECOMMENDED,78.708,HIGH_ROUTE_LOAD_CONTEXT,ROUTE_LOAD_HIGH_CONTEXT|IB2_EFFORT_HIGH|SLOPE_LOAD_FALLBACK_VERTICAL_RANGE|STEPS_SURFACE_HIGH|TERRAIN_HIGH,WEATHER_ACTIVITY_LEVEL_ONLY|WEATHER_HUMID_CONTEXT|WEATHER_WIND_GUST_CONTEXT|WEATHER_HIGH_UV_CONTEXT,BEHAVIOR_RELATIVE_HIGH_HR_RESPONSE,NONE,ROUTE_LOAD_HIGH_CONTEXT|IB2_EFFORT_HIGH|SLOPE_LOAD_FALLBACK_VERTICAL_RANGE|IB2_WEATHER_SENSITIVE_ROUTE_EXPOSURE_CONTEXT|SHELTER_PROXIMITY_CONTEXT|WEATHER_ACTIVITY_LEVEL_ONLY|WEATHER_HUMID_CONTEXT|WEATHER_WIND_GUST_CONTEXT|WEATHER_HIGH_UV_CONTEXT|BEHAVIOR_RELATIVE_HIGH_HR_RESPONSE|ROUTE_PHASE_UNKNOWN|OSM_PROXIMITY_NOT_USAGE|STEPS_SURFACE_HIGH|TERRAIN_HIGH,ROUTE_LOAD_BEHAVIOR_CANDIDATE|IB2_OR_WEATHER_CONTEXT_PRESENT,"Descriptive planning context evidence only. This is not ability scoring, not route suitability scoring, not THCI/radar scoring, and not a final hiking risk assessment. Weather is activity-level context unless an explicit safe route-window source is used. OSM proximity is not proof of facility use. IB3D/event annotations are not causality evidence."
41_1,3800,3850,1,TURNAROUND_CONDITION_REVIEW_RECOMMENDED,84.318,VERY_HIGH_ROUTE_LOAD_CONTEXT,ROUTE_LOAD_HIGH_CONTEXT|ROUTE_LOAD_VERY_HIGH_CONTEXT|IB2_EFFORT_HIGH|TERRAIN_HIGH|STEPS_SURFACE_HIGH|SLOPE_LOAD_FALLBACK_VERTICAL_RANGE,WEATHER_ACTIVITY_LEVEL_ONLY|WEATHER_HUMID_CONTEXT|WEATHER_WIND_GUST_CONTEXT|WEATHER_HIGH_UV_CONTEXT,BEHAVIOR_RELATIVE_HIGH_HR_RESPONSE,NONE,ROUTE_LOAD_HIGH_CONTEXT|ROUTE_LOAD_VERY_HIGH_CONTEXT|IB2_EFFORT_HIGH|TERRAIN_HIGH|STEPS_SURFACE_HIGH|SLOPE_LOAD_FALLBACK_VERTICAL_RANGE|IB2_WEATHER_SENSITIVE_ROUTE_EXPOSURE_CONTEXT|WEATHER_ACTIVITY_LEVEL_ONLY|WEATHER_HUMID_CONTEXT|WEATHER_WIND_GUST_CONTEXT|WEATHER_HIGH_UV_CONTEXT|BEHAVIOR_RELATIVE_HIGH_HR_RESPONSE|ROUTE_PHASE_UNKNOWN|OSM_PROXIMITY_NOT_USAGE,VERY_HIGH_ROUTE_LOAD_CONTEXT|ROUTE_LOAD_BEHAVIOR_CANDIDATE|IB2_OR_WEATHER_CONTEXT_PRESENT,"Descriptive planning context evidence only. This is not ability scoring, not route suitability scoring, not THCI/radar scoring, and not a final hiking risk assessment. Weather is activity-level context unless an explicit safe route-window source is used. OSM proximity is not proof of facility use. IB3D/event annotations are not causality evidence."
41_1,3850,3950,2,CONSERVATIVE_PLANNING_RECOMMENDED,89.38,HIGH_ROUTE_LOAD_CONTEXT,ROUTE_LOAD_HIGH_CONTEXT|IB2_EFFORT_HIGH|TERRAIN_HIGH|STEPS_SURFACE_HIGH|SLOPE_LOAD_FALLBACK_VERTICAL_RANGE|ROUTE_LOAD_VERY_HIGH_CONTEXT|VERTICAL_RANGE_HIGH|SLOPE_HIGH,WEATHER_ACTIVITY_LEVEL_ONLY|WEATHER_HUMID_CONTEXT|WEATHER_WIND_GUST_CONTEXT|WEATHER_HIGH_UV_CONTEXT,NONE,NONE,ROUTE_LOAD_HIGH_CONTEXT|IB2_EFFORT_HIGH|TERRAIN_HIGH|STEPS_SURFACE_HIGH|SLOPE_LOAD_FALLBACK_VERTICAL_RANGE|IB2_WEATHER_SENSITIVE_ROUTE_EXPOSURE_CONTEXT|WEATHER_ACTIVITY_LEVEL_ONLY|WEATHER_HUMID_CONTEXT|WEATHER_WIND_GUST_CONTEXT|WEATHER_HIGH_UV_CONTEXT|ROUTE_PHASE_UNKNOWN|OSM_PROXIMITY_NOT_USAGE|ROUTE_LOAD_VERY_HIGH_CONTEXT|VERTICAL_RANGE_HIGH|SLOPE_HIGH,IB2_OR_WEATHER_CONTEXT_PRESENT|VERY_HIGH_ROUTE_LOAD_CONTEXT,"Descriptive planning context evidence only. This is not ability scoring, not route suitability scoring, not THCI/radar scoring, and not a final hiking risk assessment. Weather is activity-level context unless an explicit safe route-window source is used. OSM proximity is not proof of facility use. IB3D/event annotations are not causality evidence."
41_1,3950,4050,2,TURNAROUND_CONDITION_REVIEW_RECOMMENDED,100.0,VERY_HIGH_ROUTE_LOAD_CONTEXT,ROUTE_LOAD_HIGH_CONTEXT|ROUTE_LOAD_VERY_HIGH_CONTEXT|VERTICAL_RANGE_HIGH|SLOPE_HIGH|IB2_EFFORT_HIGH|TERRAIN_HIGH|STEPS_SURFACE_HIGH|SLOPE_LOAD_FALLBACK_VERTICAL_RANGE,WEATHER_ACTIVITY_LEVEL_ONLY|WEATHER_HUMID_CONTEXT|WEATHER_WIND_GUST_CONTEXT|WEATHER_HIGH_UV_CONTEXT,BEHAVIOR_LOW_SPEED_RESPONSE,NONE,ROUTE_LOAD_HIGH_CONTEXT|ROUTE_LOAD_VERY_HIGH_CONTEXT|VERTICAL_RANGE_HIGH|SLOPE_HIGH|IB2_EFFORT_HIGH|TERRAIN_HIGH|STEPS_SURFACE_HIGH|SLOPE_LOAD_FALLBACK_VERTICAL_RANGE|IB2_WEATHER_SENSITIVE_ROUTE_EXPOSURE_CONTEXT|WATERWAY_PROXIMITY_CONTEXT|WEATHER_ACTIVITY_LEVEL_ONLY|WEATHER_HUMID_CONTEXT|WEATHER_WIND_GUST_CONTEXT|WEATHER_HIGH_UV_CONTEXT|BEHAVIOR_LOW_SPEED_RESPONSE|ROUTE_PHASE_UNKNOWN|OSM_PROXIMITY_NOT_USAGE,VERY_HIGH_ROUTE_LOAD_CONTEXT|ROUTE_LOAD_BEHAVIOR_CANDIDATE|IB2_OR_WEATHER_CONTEXT_PRESENT,"Descriptive planning context evidence only. This is not ability scoring, not route suitability scoring, not THCI/radar scoring, and not a final hiking risk assessment. Weather is activity-level context unless an explicit safe route-window source is used. OSM proximity is not proof of facility use. IB3D/event annotations are not causality evidence."
41_1,4050,4100,1,CONSERVATIVE_PLANNING_RECOMMENDED,71.007,HIGH_ROUTE_LOAD_CONTEXT,ROUTE_LOAD_HIGH_CONTEXT|IB2_EFFORT_HIGH|STEPS_SURFACE_HIGH|SLOPE_LOAD_FALLBACK_VERTICAL_RANGE,WEATHER_ACTIVITY_LEVEL_ONLY|WEATHER_HUMID_CONTEXT|WEATHER_WIND_GUST_CONTEXT|WEATHER_HIGH_UV_CONTEXT,NONE,NONE,ROUTE_LOAD_HIGH_CONTEXT|IB2_EFFORT_HIGH|STEPS_SURFACE_HIGH|SLOPE_LOAD_FALLBACK_VERTICAL_RANGE|IB2_WEATHER_SENSITIVE_ROUTE_EXPOSURE_CONTEXT|WATERWAY_PROXIMITY_CONTEXT|WEATHER_ACTIVITY_LEVEL_ONLY|WEATHER_HUMID_CONTEXT|WEATHER_WIND_GUST_CONTEXT|WEATHER_HIGH_UV_CONTEXT|ROUTE_PHASE_UNKNOWN|OSM_PROXIMITY_NOT_USAGE,IB2_OR_WEATHER_CONTEXT_PRESENT,"Descriptive planning context evidence only. This is not ability scoring, not route suitability scoring, not THCI/radar scoring, and not a final hiking risk assessment. Weather is activity-level context unless an explicit safe route-window source is used. OSM proximity is not proof of facility use. IB3D/event annotations are not causality evidence."
41_1,4100,4200,2,REVIEW_FOR_CONSERVATIVE_PLANNING,57.298,MODERATE_ROUTE_LOAD_CONTEXT,IB2_EFFORT_HIGH|SLOPE_LOAD_FALLBACK_VERTICAL_RANGE|STEPS_SURFACE_HIGH,WEATHER_ACTIVITY_LEVEL_ONLY|WEATHER_HUMID_CONTEXT|WEATHER_WIND_GUST_CONTEXT|WEATHER_HIGH_UV_CONTEXT,NONE,TERMINAL_ARTIFACT_REVIEW_ONLY,IB2_EFFORT_HIGH|SLOPE_LOAD_FALLBACK_VERTICAL_RANGE|IB2_NAVIGATION_CONTEXT|IB2_WEATHER_SENSITIVE_ROUTE_EXPOSURE_CONTEXT|WATERWAY_PROXIMITY_CONTEXT|GUIDEPOST_PROXIMITY_CONTEXT|WEATHER_ACTIVITY_LEVEL_ONLY|WEATHER_HUMID_CONTEXT|WEATHER_WIND_GUST_CONTEXT|WEATHER_HIGH_UV_CONTEXT|ROUTE_PHASE_UNKNOWN|OSM_PROXIMITY_NOT_USAGE|STEPS_SURFACE_HIGH,HIGH_ROUTE_OR_IB2_CONTEXT,"Descriptive planning context evidence only. This is not ability scoring, not route suitability scoring, not THCI/radar scoring, and not a final hiking risk assessment. Weather is activity-level context unless an explicit safe route-window source is used. OSM proximity is not proof of facility use. IB3D/event annotations are not causality evidence."
42_1,0,100,2,REVIEW_FOR_CONSERVATIVE_PLANNING,53.994,LOWER_ROUTE_LOAD_CONTEXT,IB2_EFFORT_HIGH|STEPS_SURFACE_HIGH|SLOPE_LOAD_FALLBACK_VERTICAL_RANGE,WEATHER_ACTIVITY_LEVEL_ONLY|WEATHER_WIND_GUST_CONTEXT|WEATHER_HIGH_UV_CONTEXT,BEHAVIOR_LOW_SPEED_RESPONSE|BEHAVIOR_LOW_SPEED_RATIO_HIGH,NONE,IB2_NAVIGATION_CONTEXT|IB2_WEATHER_SENSITIVE_ROUTE_EXPOSURE_CONTEXT|WATERWAY_PROXIMITY_CONTEXT|GUIDEPOST_PROXIMITY_CONTEXT|WEATHER_ACTIVITY_LEVEL_ONLY|WEATHER_WIND_GUST_CONTEXT|WEATHER_HIGH_UV_CONTEXT|BEHAVIOR_LOW_SPEED_RESPONSE|BEHAVIOR_LOW_SPEED_RATIO_HIGH|ROUTE_PHASE_UNKNOWN|OSM_PROXIMITY_NOT_USAGE|IB2_EFFORT_HIGH|STEPS_SURFACE_HIGH|SLOPE_LOAD_FALLBACK_VERTICAL_RANGE,HIGH_ROUTE_OR_IB2_CONTEXT,"Descriptive planning context evidence only. This is not ability scoring, not route suitability scoring, not THCI/radar scoring, and not a final hiking risk assessment. Weather is activity-level context unless an explicit safe route-window source is used. OSM proximity is not proof of facility use. IB3D/event annotations are not causality evidence."
42_1,100,150,1,CONSERVATIVE_PLANNING_RECOMMENDED,72.519,HIGH_ROUTE_LOAD_CONTEXT,ROUTE_LOAD_HIGH_CONTEXT|IB2_EFFORT_HIGH|STEPS_SURFACE_HIGH,WEATHER_ACTIVITY_LEVEL_ONLY|WEATHER_WIND_GUST_CONTEXT|WEATHER_HIGH_UV_CONTEXT,BEHAVIOR_LOW_SPEED_RESPONSE,NONE,ROUTE_LOAD_HIGH_CONTEXT|IB2_EFFORT_HIGH|STEPS_SURFACE_HIGH|IB2_WEATHER_SENSITIVE_ROUTE_EXPOSURE_CONTEXT|WATERWAY_PROXIMITY_CONTEXT|WEATHER_ACTIVITY_LEVEL_ONLY|WEATHER_WIND_GUST_CONTEXT|WEATHER_HIGH_UV_CONTEXT|BEHAVIOR_LOW_SPEED_RESPONSE|ROUTE_PHASE_UNKNOWN|OSM_PROXIMITY_NOT_USAGE,ROUTE_LOAD_BEHAVIOR_CANDIDATE|IB2_OR_WEATHER_CONTEXT_PRESENT,"Descriptive planning context evidence only. This is not ability scoring, not route suitability scoring, not THCI/radar scoring, and not a final hiking risk assessment. Weather is activity-level context unless an explicit safe route-window source is used. OSM proximity is not proof of facility use. IB3D/event annotations are not causality evidence."
42_1,150,300,3,TURNAROUND_CONDITION_REVIEW_RECOMMENDED,100.0,VERY_HIGH_ROUTE_LOAD_CONTEXT,ROUTE_LOAD_HIGH_CONTEXT|ROUTE_LOAD_VERY_HIGH_CONTEXT|VERTICAL_RANGE_HIGH|SLOPE_HIGH|IB2_EFFORT_HIGH|TERRAIN_HIGH|STEPS_SURFACE_HIGH|SLOPE_LOAD_FALLBACK_VERTICAL_RANGE,WEATHER_ACTIVITY_LEVEL_ONLY|WEATHER_WIND_GUST_CONTEXT|WEATHER_HIGH_UV_CONTEXT,BEHAVIOR_LOW_SPEED_RESPONSE|BEHAVIOR_LOW_SPEED_RATIO_HIGH|BEHAVIOR_RELATIVE_HIGH_HR_RESPONSE,NONE,ROUTE_LOAD_HIGH_CONTEXT|ROUTE_LOAD_VERY_HIGH_CONTEXT|VERTICAL_RANGE_HIGH|SLOPE_HIGH|IB2_EFFORT_HIGH|TERRAIN_HIGH|STEPS_SURFACE_HIGH|SLOPE_LOAD_FALLBACK_VERTICAL_RANGE|IB2_WEATHER_SENSITIVE_ROUTE_EXPOSURE_CONTEXT|WATERWAY_PROXIMITY_CONTEXT|WEATHER_ACTIVITY_LEVEL_ONLY|WEATHER_WIND_GUST_CONTEXT|WEATHER_HIGH_UV_CONTEXT|BEHAVIOR_LOW_SPEED_RESPONSE|BEHAVIOR_LOW_SPEED_RATIO_HIGH|ROUTE_PHASE_UNKNOWN|OSM_PROXIMITY_NOT_USAGE|BEHAVIOR_RELATIVE_HIGH_HR_RESPONSE,VERY_HIGH_ROUTE_LOAD_CONTEXT|ROUTE_LOAD_BEHAVIOR_CANDIDATE|IB2_OR_WEATHER_CONTEXT_PRESENT,"Descriptive planning context evidence only. This is not ability scoring, not route suitability scoring, not THCI/radar scoring, and not a final hiking risk assessment. Weather is activity-level context unless an explicit safe route-window source is used. OSM proximity is not proof of facility use. IB3D/event annotations are not causality evidence."
42_1,300,350,1,CONSERVATIVE_PLANNING_RECOMMENDED,68.16,HIGH_ROUTE_LOAD_CONTEXT,ROUTE_LOAD_HIGH_CONTEXT|IB2_EFFORT_HIGH|TERRAIN_HIGH|STEPS_SURFACE_HIGH|SLOPE_LOAD_FALLBACK_VERTICAL_RANGE,WEATHER_ACTIVITY_LEVEL_ONLY|WEATHER_WIND_GUST_CONTEXT|WEATHER_HIGH_UV_CONTEXT,BEHAVIOR_RELATIVE_HIGH_HR_RESPONSE|BEHAVIOR_LOW_SPEED_RESPONSE,NONE,ROUTE_LOAD_HIGH_CONTEXT|IB2_EFFORT_HIGH|TERRAIN_HIGH|STEPS_SURFACE_HIGH|SLOPE_LOAD_FALLBACK_VERTICAL_RANGE|IB2_WEATHER_SENSITIVE_ROUTE_EXPOSURE_CONTEXT|WEATHER_ACTIVITY_LEVEL_ONLY|WEATHER_WIND_GUST_CONTEXT|WEATHER_HIGH_UV_CONTEXT|BEHAVIOR_RELATIVE_HIGH_HR_RESPONSE|BEHAVIOR_LOW_SPEED_RESPONSE|ROUTE_PHASE_UNKNOWN|OSM_PROXIMITY_NOT_USAGE,ROUTE_LOAD_BEHAVIOR_CANDIDATE|IB2_OR_WEATHER_CONTEXT_PRESENT,"Descriptive planning context evidence only. This is not ability scoring, not route suitability scoring, not THCI/radar scoring, and not a final hiking risk assessment. Weather is activity-level context unless an explicit safe route-window source is used. OSM proximity is not proof of facility use. IB3D/event annotations are not causality evidence."
42_1,350,400,1,TURNAROUND_CONDITION_REVIEW_RECOMMENDED,89.72,VERY_HIGH_ROUTE_LOAD_CONTEXT,ROUTE_LOAD_HIGH_CONTEXT|ROUTE_LOAD_VERY_HIGH_CONTEXT|VERTICAL_RANGE_HIGH|SLOPE_HIGH|IB2_EFFORT_HIGH|TERRAIN_HIGH|STEPS_SURFACE_HIGH|SLOPE_LOAD_FALLBACK_VERTICAL_RANGE,WEATHER_ACTIVITY_LEVEL_ONLY|WEATHER_WIND_GUST_CONTEXT|WEATHER_HIGH_UV_CONTEXT,BEHAVIOR_RELATIVE_HIGH_HR_RESPONSE|BEHAVIOR_LOW_SPEED_RESPONSE,NONE,ROUTE_LOAD_HIGH_CONTEXT|ROUTE_LOAD_VERY_HIGH_CONTEXT|VERTICAL_RANGE_HIGH|SLOPE_HIGH|IB2_EFFORT_HIGH|TERRAIN_HIGH|STEPS_SURFACE_HIGH|SLOPE_LOAD_FALLBACK_VERTICAL_RANGE|IB2_WEATHER_SENSITIVE_ROUTE_EXPOSURE_CONTEXT|WEATHER_ACTIVITY_LEVEL_ONLY|WEATHER_WIND_GUST_CONTEXT|WEATHER_HIGH_UV_CONTEXT|BEHAVIOR_RELATIVE_HIGH_HR_RESPONSE|BEHAVIOR_LOW_SPEED_RESPONSE|ROUTE_PHASE_UNKNOWN|OSM_PROXIMITY_NOT_USAGE,VERY_HIGH_ROUTE_LOAD_CONTEXT|ROUTE_LOAD_BEHAVIOR_CANDIDATE|IB2_OR_WEATHER_CONTEXT_PRESENT,"Descriptive planning context evidence only. This is not ability scoring, not route suitability scoring, not THCI/radar scoring, and not a final hiking risk assessment. Weather is activity-level context unless an explicit safe route-window source is used. OSM proximity is not proof of facility use. IB3D/event annotations are not causality evidence."
42_1,400,500,2,CONSERVATIVE_PLANNING_RECOMMENDED,79.928,HIGH_ROUTE_LOAD_CONTEXT,ROUTE_LOAD_HIGH_CONTEXT|IB2_EFFORT_HIGH|TERRAIN_HIGH|STEPS_SURFACE_HIGH|SLOPE_LOAD_FALLBACK_VERTICAL_RANGE,WEATHER_ACTIVITY_LEVEL_ONLY|WEATHER_WIND_GUST_CONTEXT|WEATHER_HIGH_UV_CONTEXT,BEHAVIOR_RELATIVE_HIGH_HR_RESPONSE|BEHAVIOR_LOW_SPEED_RESPONSE,NONE,ROUTE_LOAD_HIGH_CONTEXT|IB2_EFFORT_HIGH|TERRAIN_HIGH|STEPS_SURFACE_HIGH|IB2_WEATHER_SENSITIVE_ROUTE_EXPOSURE_CONTEXT|WEATHER_ACTIVITY_LEVEL_ONLY|WEATHER_WIND_GUST_CONTEXT|WEATHER_HIGH_UV_CONTEXT|BEHAVIOR_RELATIVE_HIGH_HR_RESPONSE|BEHAVIOR_LOW_SPEED_RESPONSE|ROUTE_PHASE_UNKNOWN|OSM_PROXIMITY_NOT_USAGE|SLOPE_LOAD_FALLBACK_VERTICAL_RANGE,ROUTE_LOAD_BEHAVIOR_CANDIDATE|IB2_OR_WEATHER_CONTEXT_PRESENT,"Descriptive planning context evidence only. This is not ability scoring, not route suitability scoring, not THCI/radar scoring, and not a final hiking risk assessment. Weather is activity-level context unless an explicit safe route-window source is used. OSM proximity is not proof of facility use. IB3D/event annotations are not causality evidence."
42_1,500,550,1,TURNAROUND_CONDITION_REVIEW_RECOMMENDED,80.884,VERY_HIGH_ROUTE_LOAD_CONTEXT,ROUTE_LOAD_HIGH_CONTEXT|ROUTE_LOAD_VERY_HIGH_CONTEXT|IB2_EFFORT_HIGH|STEPS_SURFACE_HIGH|SLOPE_LOAD_FALLBACK_VERTICAL_RANGE,WEATHER_ACTIVITY_LEVEL_ONLY|WEATHER_WIND_GUST_CONTEXT|WEATHER_HIGH_UV_CONTEXT,BEHAVIOR_RELATIVE_HIGH_HR_RESPONSE|BEHAVIOR_LOW_SPEED_RESPONSE,NONE,ROUTE_LOAD_HIGH_CONTEXT|ROUTE_LOAD_VERY_HIGH_CONTEXT|IB2_EFFORT_HIGH|STEPS_SURFACE_HIGH|SLOPE_LOAD_FALLBACK_VERTICAL_RANGE|IB2_WEATHER_SENSITIVE_ROUTE_EXPOSURE_CONTEXT|WEATHER_ACTIVITY_LEVEL_ONLY|WEATHER_WIND_GUST_CONTEXT|WEATHER_HIGH_UV_CONTEXT|BEHAVIOR_RELATIVE_HIGH_HR_RESPONSE|BEHAVIOR_LOW_SPEED_RESPONSE|ROUTE_PHASE_UNKNOWN|OSM_PROXIMITY_NOT_USAGE,VERY_HIGH_ROUTE_LOAD_CONTEXT|ROUTE_LOAD_BEHAVIOR_CANDIDATE|IB2_OR_WEATHER_CONTEXT_PRESENT,"Descriptive planning context evidence only. This is not ability scoring, not route suitability scoring, not THCI/radar scoring, and not a final hiking risk assessment. Weather is activity-level context unless an explicit safe route-window source is used. OSM proximity is not proof of facility use. IB3D/event annotations are not causality evidence."
42_1,550,1200,13,REVIEW_FOR_CONSERVATIVE_PLANNING,34.743,LOWER_ROUTE_LOAD_CONTEXT,SLOPE_LOAD_FALLBACK_VERTICAL_RANGE,WEATHER_ACTIVITY_LEVEL_ONLY|WEATHER_WIND_GUST_CONTEXT|WEATHER_HIGH_UV_CONTEXT,BEHAVIOR_LOW_SPEED_RESPONSE|BEHAVIOR_LOW_SPEED_RATIO_HIGH|BEHAVIOR_STOP_RESPONSE,EVENT_HIGH_HR_RECOVERY_STOP|EVENT_SHORT_PAUSE,SLOPE_LOAD_FALLBACK_VERTICAL_RANGE|IB2_WEATHER_SENSITIVE_ROUTE_EXPOSURE_CONTEXT|SHELTER_PROXIMITY_CONTEXT|WEATHER_ACTIVITY_LEVEL_ONLY|WEATHER_WIND_GUST_CONTEXT|WEATHER_HIGH_UV_CONTEXT|BEHAVIOR_LOW_SPEED_RESPONSE|BEHAVIOR_LOW_SPEED_RATIO_HIGH|BEHAVIOR_STOP_RESPONSE|ROUTE_PHASE_UNKNOWN|OSM_PROXIMITY_NOT_USAGE|IB2_NAVIGATION_CONTEXT|GUIDEPOST_PROXIMITY_CONTEXT|IB2_SUPPORT_CONTEXT,HIGH_ROUTE_OR_IB2_CONTEXT,"Descriptive planning context evidence only. This is not ability scoring, not route suitability scoring, not THCI/radar scoring, and not a final hiking risk assessment. Weather is activity-level context unless an explicit safe route-window source is used. OSM proximity is not proof of facility use. IB3D/event annotations are not causality evidence."
42_1,1200,1350,3,CONSERVATIVE_PLANNING_RECOMMENDED,70.704,HIGH_ROUTE_LOAD_CONTEXT,ROUTE_LOAD_HIGH_CONTEXT|IB2_EFFORT_HIGH|STEPS_SURFACE_HIGH|SLOPE_LOAD_FALLBACK_VERTICAL_RANGE,WEATHER_ACTIVITY_LEVEL_ONLY|WEATHER_WIND_GUST_CONTEXT|WEATHER_HIGH_UV_CONTEXT,BEHAVIOR_LOW_SPEED_RESPONSE|BEHAVIOR_LOW_SPEED_RATIO_HIGH|BEHAVIOR_RELATIVE_HIGH_HR_RESPONSE,EVENT_SHORT_PAUSE,ROUTE_LOAD_HIGH_CONTEXT|IB2_EFFORT_HIGH|STEPS_SURFACE_HIGH|IB2_WEATHER_SENSITIVE_ROUTE_EXPOSURE_CONTEXT|WEATHER_ACTIVITY_LEVEL_ONLY|WEATHER_WIND_GUST_CONTEXT|WEATHER_HIGH_UV_CONTEXT|BEHAVIOR_LOW_SPEED_RESPONSE|BEHAVIOR_LOW_SPEED_RATIO_HIGH|ROUTE_PHASE_UNKNOWN|OSM_PROXIMITY_NOT_USAGE|SLOPE_LOAD_FALLBACK_VERTICAL_RANGE|BEHAVIOR_RELATIVE_HIGH_HR_RESPONSE,ROUTE_LOAD_BEHAVIOR_CANDIDATE|IB2_OR_WEATHER_CONTEXT_PRESENT,"Descriptive planning context evidence only. This is not ability scoring, not route suitability scoring, not THCI/radar scoring, and not a final hiking risk assessment. Weather is activity-level context unless an explicit safe route-window source is used. OSM proximity is not proof of facility use. IB3D/event annotations are not causality evidence."
42_1,1350,1650,6,TURNAROUND_CONDITION_REVIEW_RECOMMENDED,100.0,VERY_HIGH_ROUTE_LOAD_CONTEXT,ROUTE_LOAD_HIGH_CONTEXT|ROUTE_LOAD_VERY_HIGH_CONTEXT|VERTICAL_RANGE_HIGH|SLOPE_HIGH|IB2_EFFORT_HIGH|TERRAIN_HIGH|STEPS_SURFACE_HIGH|SLOPE_LOAD_FALLBACK_VERTICAL_RANGE,WEATHER_ACTIVITY_LEVEL_ONLY|WEATHER_WIND_GUST_CONTEXT|WEATHER_HIGH_UV_CONTEXT,BEHAVIOR_LOW_SPEED_RESPONSE|BEHAVIOR_LOW_SPEED_RATIO_HIGH|BEHAVIOR_STOP_RESPONSE|BEHAVIOR_RELATIVE_HIGH_HR_RESPONSE,EVENT_SHORT_PAUSE|EVENT_HIGH_HR_RECOVERY_STOP,ROUTE_LOAD_HIGH_CONTEXT|ROUTE_LOAD_VERY_HIGH_CONTEXT|VERTICAL_RANGE_HIGH|SLOPE_HIGH|IB2_EFFORT_HIGH|TERRAIN_HIGH|STEPS_SURFACE_HIGH|SLOPE_LOAD_FALLBACK_VERTICAL_RANGE|IB2_WEATHER_SENSITIVE_ROUTE_EXPOSURE_CONTEXT|WEATHER_ACTIVITY_LEVEL_ONLY|WEATHER_WIND_GUST_CONTEXT|WEATHER_HIGH_UV_CONTEXT|BEHAVIOR_LOW_SPEED_RESPONSE|BEHAVIOR_LOW_SPEED_RATIO_HIGH|BEHAVIOR_STOP_RESPONSE|ROUTE_PHASE_UNKNOWN|OSM_PROXIMITY_NOT_USAGE|BEHAVIOR_RELATIVE_HIGH_HR_RESPONSE,VERY_HIGH_ROUTE_LOAD_CONTEXT|ROUTE_LOAD_BEHAVIOR_CANDIDATE|IB2_OR_WEATHER_CONTEXT_PRESENT,"Descriptive planning context evidence only. This is not ability scoring, not route suitability scoring, not THCI/radar scoring, and not a final hiking risk assessment. Weather is activity-level context unless an explicit safe route-window source is used. OSM proximity is not proof of facility use. IB3D/event annotations are not causality evidence."
42_1,1650,1750,2,REVIEW_FOR_CONSERVATIVE_PLANNING,54.425,LOWER_ROUTE_LOAD_CONTEXT,IB2_EFFORT_HIGH|STEPS_SURFACE_HIGH|SLOPE_LOAD_FALLBACK_VERTICAL_RANGE,WEATHER_ACTIVITY_LEVEL_ONLY|WEATHER_WIND_GUST_CONTEXT|WEATHER_HIGH_UV_CONTEXT,BEHAVIOR_LOW_SPEED_RESPONSE|BEHAVIOR_LOW_SPEED_RATIO_HIGH,NONE,IB2_EFFORT_HIGH|STEPS_SURFACE_HIGH|SLOPE_LOAD_FALLBACK_VERTICAL_RANGE|IB2_WEATHER_SENSITIVE_ROUTE_EXPOSURE_CONTEXT|WEATHER_ACTIVITY_LEVEL_ONLY|WEATHER_WIND_GUST_CONTEXT|WEATHER_HIGH_UV_CONTEXT|BEHAVIOR_LOW_SPEED_RESPONSE|BEHAVIOR_LOW_SPEED_RATIO_HIGH|ROUTE_PHASE_UNKNOWN|OSM_PROXIMITY_NOT_USAGE,HIGH_ROUTE_OR_IB2_CONTEXT,"Descriptive planning context evidence only. This is not ability scoring, not route suitability scoring, not THCI/radar scoring, and not a final hiking risk assessment. Weather is activity-level context unless an explicit safe route-window source is used. OSM proximity is not proof of facility use. IB3D/event annotations are not causality evidence."
42_1,1750,1800,1,CONSERVATIVE_PLANNING_RECOMMENDED,62.656,HIGH_ROUTE_LOAD_CONTEXT,ROUTE_LOAD_HIGH_CONTEXT|IB2_EFFORT_HIGH|STEPS_SURFACE_HIGH,WEATHER_ACTIVITY_LEVEL_ONLY|WEATHER_WIND_GUST_CONTEXT|WEATHER_HIGH_UV_CONTEXT,BEHAVIOR_RELATIVE_HIGH_HR_RESPONSE|BEHAVIOR_LOW_SPEED_RESPONSE|BEHAVIOR_LOW_SPEED_RATIO_HIGH,NONE,ROUTE_LOAD_HIGH_CONTEXT|IB2_EFFORT_HIGH|STEPS_SURFACE_HIGH|IB2_NAVIGATION_CONTEXT|IB2_WEATHER_SENSITIVE_ROUTE_EXPOSURE_CONTEXT|GUIDEPOST_PROXIMITY_CONTEXT|WEATHER_ACTIVITY_LEVEL_ONLY|WEATHER_WIND_GUST_CONTEXT|WEATHER_HIGH_UV_CONTEXT|BEHAVIOR_RELATIVE_HIGH_HR_RESPONSE|BEHAVIOR_LOW_SPEED_RESPONSE|BEHAVIOR_LOW_SPEED_RATIO_HIGH|ROUTE_PHASE_UNKNOWN|OSM_PROXIMITY_NOT_USAGE,ROUTE_LOAD_BEHAVIOR_CANDIDATE|IB2_OR_WEATHER_CONTEXT_PRESENT,"Descriptive planning context evidence only. This is not ability scoring, not route suitability scoring, not THCI/radar scoring, and not a final hiking risk assessment. Weather is activity-level context unless an explicit safe route-window source is used. OSM proximity is not proof of facility use. IB3D/event annotations are not causality evidence."
42_1,1800,1900,2,TURNAROUND_CONDITION_REVIEW_RECOMMENDED,91.158,VERY_HIGH_ROUTE_LOAD_CONTEXT,ROUTE_LOAD_HIGH_CONTEXT|ROUTE_LOAD_VERY_HIGH_CONTEXT|IB2_EFFORT_HIGH|STEPS_SURFACE_HIGH|SLOPE_LOAD_FALLBACK_VERTICAL_RANGE|VERTICAL_RANGE_HIGH|SLOPE_HIGH|TERRAIN_HIGH,WEATHER_ACTIVITY_LEVEL_ONLY|WEATHER_WIND_GUST_CONTEXT|WEATHER_HIGH_UV_CONTEXT,BEHAVIOR_LOW_SPEED_RESPONSE|BEHAVIOR_LOW_SPEED_RATIO_HIGH|BEHAVIOR_STOP_RESPONSE,EVENT_HIGH_HR_RECOVERY_STOP|EVENT_SHORT_PAUSE,ROUTE_LOAD_HIGH_CONTEXT|ROUTE_LOAD_VERY_HIGH_CONTEXT|IB2_EFFORT_HIGH|STEPS_SURFACE_HIGH|SLOPE_LOAD_FALLBACK_VERTICAL_RANGE|IB2_NAVIGATION_CONTEXT|IB2_WEATHER_SENSITIVE_ROUTE_EXPOSURE_CONTEXT|GUIDEPOST_PROXIMITY_CONTEXT|WEATHER_ACTIVITY_LEVEL_ONLY|WEATHER_WIND_GUST_CONTEXT|WEATHER_HIGH_UV_CONTEXT|BEHAVIOR_LOW_SPEED_RESPONSE|BEHAVIOR_LOW_SPEED_RATIO_HIGH|BEHAVIOR_STOP_RESPONSE|ROUTE_PHASE_UNKNOWN|OSM_PROXIMITY_NOT_USAGE|VERTICAL_RANGE_HIGH|SLOPE_HIGH|TERRAIN_HIGH,VERY_HIGH_ROUTE_LOAD_CONTEXT|ROUTE_LOAD_BEHAVIOR_CANDIDATE|IB2_OR_WEATHER_CONTEXT_PRESENT,"Descriptive planning context evidence only. This is not ability scoring, not route suitability scoring, not THCI/radar scoring, and not a final hiking risk assessment. Weather is activity-level context unless an explicit safe route-window source is used. OSM proximity is not proof of facility use. IB3D/event annotations are not causality evidence."
42_1,1900,1950,1,REVIEW_FOR_CONSERVATIVE_PLANNING,50.019,MODERATE_ROUTE_LOAD_CONTEXT,IB2_EFFORT_HIGH|STEPS_SURFACE_HIGH|SLOPE_LOAD_FALLBACK_VERTICAL_RANGE,WEATHER_ACTIVITY_LEVEL_ONLY|WEATHER_WIND_GUST_CONTEXT|WEATHER_HIGH_UV_CONTEXT,NONE,EVENT_HIGH_HR_RECOVERY_STOP,IB2_EFFORT_HIGH|STEPS_SURFACE_HIGH|SLOPE_LOAD_FALLBACK_VERTICAL_RANGE|IB2_NAVIGATION_CONTEXT|IB2_WEATHER_SENSITIVE_ROUTE_EXPOSURE_CONTEXT|GUIDEPOST_PROXIMITY_CONTEXT|WEATHER_ACTIVITY_LEVEL_ONLY|WEATHER_WIND_GUST_CONTEXT|WEATHER_HIGH_UV_CONTEXT|ROUTE_PHASE_UNKNOWN|OSM_PROXIMITY_NOT_USAGE,HIGH_ROUTE_OR_IB2_CONTEXT,"Descriptive planning context evidence only. This is not ability scoring, not route suitability scoring, not THCI/radar scoring, and not a final hiking risk assessment. Weather is activity-level context unless an explicit safe route-window source is used. OSM proximity is not proof of facility use. IB3D/event annotations are not causality evidence."
42_1,1950,2050,2,TURNAROUND_CONDITION_REVIEW_RECOMMENDED,90.043,VERY_HIGH_ROUTE_LOAD_CONTEXT,ROUTE_LOAD_HIGH_CONTEXT|ROUTE_LOAD_VERY_HIGH_CONTEXT|VERTICAL_RANGE_HIGH|SLOPE_HIGH|IB2_EFFORT_HIGH|STEPS_SURFACE_HIGH|SLOPE_LOAD_FALLBACK_VERTICAL_RANGE,WEATHER_ACTIVITY_LEVEL_ONLY|WEATHER_WIND_GUST_CONTEXT|WEATHER_HIGH_UV_CONTEXT,BEHAVIOR_LOW_SPEED_RESPONSE|BEHAVIOR_LOW_SPEED_RATIO_HIGH,NONE,ROUTE_LOAD_HIGH_CONTEXT|ROUTE_LOAD_VERY_HIGH_CONTEXT|VERTICAL_RANGE_HIGH|SLOPE_HIGH|IB2_EFFORT_HIGH|STEPS_SURFACE_HIGH|IB2_NAVIGATION_CONTEXT|IB2_WEATHER_SENSITIVE_ROUTE_EXPOSURE_CONTEXT|GUIDEPOST_PROXIMITY_CONTEXT|WEATHER_ACTIVITY_LEVEL_ONLY|WEATHER_WIND_GUST_CONTEXT|WEATHER_HIGH_UV_CONTEXT|BEHAVIOR_LOW_SPEED_RESPONSE|BEHAVIOR_LOW_SPEED_RATIO_HIGH|ROUTE_PHASE_UNKNOWN|OSM_PROXIMITY_NOT_USAGE|SLOPE_LOAD_FALLBACK_VERTICAL_RANGE,VERY_HIGH_ROUTE_LOAD_CONTEXT|ROUTE_LOAD_BEHAVIOR_CANDIDATE|IB2_OR_WEATHER_CONTEXT_PRESENT,"Descriptive planning context evidence only. This is not ability scoring, not route suitability scoring, not THCI/radar scoring, and not a final hiking risk assessment. Weather is activity-level context unless an explicit safe route-window source is used. OSM proximity is not proof of facility use. IB3D/event annotations are not causality evidence."
42_1,2050,2100,1,REVIEW_FOR_CONSERVATIVE_PLANNING,55.633,MODERATE_ROUTE_LOAD_CONTEXT,IB2_EFFORT_HIGH|STEPS_SURFACE_HIGH,WEATHER_ACTIVITY_LEVEL_ONLY|WEATHER_WIND_GUST_CONTEXT|WEATHER_HIGH_UV_CONTEXT,BEHAVIOR_LOW_SPEED_RESPONSE|BEHAVIOR_STOP_RESPONSE,NONE,IB2_EFFORT_HIGH|STEPS_SURFACE_HIGH|IB2_NAVIGATION_CONTEXT|IB2_WEATHER_SENSITIVE_ROUTE_EXPOSURE_CONTEXT|GUIDEPOST_PROXIMITY_CONTEXT|WEATHER_ACTIVITY_LEVEL_ONLY|WEATHER_WIND_GUST_CONTEXT|WEATHER_HIGH_UV_CONTEXT|BEHAVIOR_LOW_SPEED_RESPONSE|BEHAVIOR_STOP_RESPONSE|ROUTE_PHASE_UNKNOWN|OSM_PROXIMITY_NOT_USAGE,HIGH_ROUTE_OR_IB2_CONTEXT,"Descriptive planning context evidence only. This is not ability scoring, not route suitability scoring, not THCI/radar scoring, and not a final hiking risk assessment. Weather is activity-level context unless an explicit safe route-window source is used. OSM proximity is not proof of facility use. IB3D/event annotations are not causality evidence."
42_1,2100,2150,1,CONSERVATIVE_PLANNING_RECOMMENDED,68.697,HIGH_ROUTE_LOAD_CONTEXT,ROUTE_LOAD_HIGH_CONTEXT|IB2_EFFORT_HIGH|STEPS_SURFACE_HIGH,WEATHER_ACTIVITY_LEVEL_ONLY|WEATHER_WIND_GUST_CONTEXT|WEATHER_HIGH_UV_CONTEXT,BEHAVIOR_RELATIVE_HIGH_HR_RESPONSE|BEHAVIOR_LOW_SPEED_RESPONSE|BEHAVIOR_LOW_SPEED_RATIO_HIGH,NONE,ROUTE_LOAD_HIGH_CONTEXT|IB2_EFFORT_HIGH|STEPS_SURFACE_HIGH|IB2_NAVIGATION_CONTEXT|IB2_WEATHER_SENSITIVE_ROUTE_EXPOSURE_CONTEXT|GUIDEPOST_PROXIMITY_CONTEXT|WEATHER_ACTIVITY_LEVEL_ONLY|WEATHER_WIND_GUST_CONTEXT|WEATHER_HIGH_UV_CONTEXT|BEHAVIOR_RELATIVE_HIGH_HR_RESPONSE|BEHAVIOR_LOW_SPEED_RESPONSE|BEHAVIOR_LOW_SPEED_RATIO_HIGH|ROUTE_PHASE_UNKNOWN|OSM_PROXIMITY_NOT_USAGE,ROUTE_LOAD_BEHAVIOR_CANDIDATE|IB2_OR_WEATHER_CONTEXT_PRESENT,"Descriptive planning context evidence only. This is not ability scoring, not route suitability scoring, not THCI/radar scoring, and not a final hiking risk assessment. Weather is activity-level context unless an explicit safe route-window source is used. OSM proximity is not proof of facility use. IB3D/event annotations are not causality evidence."
42_1,2150,2250,2,TURNAROUND_CONDITION_REVIEW_RECOMMENDED,88.097,VERY_HIGH_ROUTE_LOAD_CONTEXT,ROUTE_LOAD_HIGH_CONTEXT|ROUTE_LOAD_VERY_HIGH_CONTEXT|VERTICAL_RANGE_HIGH|SLOPE_HIGH|IB2_EFFORT_HIGH|STEPS_SURFACE_HIGH,WEATHER_ACTIVITY_LEVEL_ONLY|WEATHER_WIND_GUST_CONTEXT|WEATHER_HIGH_UV_CONTEXT,BEHAVIOR_RELATIVE_HIGH_HR_RESPONSE|BEHAVIOR_LOW_SPEED_RESPONSE|BEHAVIOR_LOW_SPEED_RATIO_HIGH,NONE,ROUTE_LOAD_HIGH_CONTEXT|ROUTE_LOAD_VERY_HIGH_CONTEXT|VERTICAL_RANGE_HIGH|SLOPE_HIGH|IB2_EFFORT_HIGH|STEPS_SURFACE_HIGH|IB2_WEATHER_SENSITIVE_ROUTE_EXPOSURE_CONTEXT|WEATHER_ACTIVITY_LEVEL_ONLY|WEATHER_WIND_GUST_CONTEXT|WEATHER_HIGH_UV_CONTEXT|BEHAVIOR_RELATIVE_HIGH_HR_RESPONSE|BEHAVIOR_LOW_SPEED_RESPONSE|BEHAVIOR_LOW_SPEED_RATIO_HIGH|ROUTE_PHASE_UNKNOWN|OSM_PROXIMITY_NOT_USAGE|IB2_NAVIGATION_CONTEXT|GUIDEPOST_PROXIMITY_CONTEXT,VERY_HIGH_ROUTE_LOAD_CONTEXT|ROUTE_LOAD_BEHAVIOR_CANDIDATE|IB2_OR_WEATHER_CONTEXT_PRESENT,"Descriptive planning context evidence only. This is not ability scoring, not route suitability scoring, not THCI/radar scoring, and not a final hiking risk assessment. Weather is activity-level context unless an explicit safe route-window source is used. OSM proximity is not proof of facility use. IB3D/event annotations are not causality evidence."
42_1,2250,2300,1,REVIEW_FOR_CONSERVATIVE_PLANNING,50.51,MODERATE_ROUTE_LOAD_CONTEXT,IB2_EFFORT_HIGH|STEPS_SURFACE_HIGH|SLOPE_LOAD_FALLBACK_VERTICAL_RANGE,WEATHER_ACTIVITY_LEVEL_ONLY|WEATHER_WIND_GUST_CONTEXT|WEATHER_HIGH_UV_CONTEXT,NONE,NONE,IB2_EFFORT_HIGH|STEPS_SURFACE_HIGH|SLOPE_LOAD_FALLBACK_VERTICAL_RANGE|IB2_NAVIGATION_CONTEXT|IB2_WEATHER_SENSITIVE_ROUTE_EXPOSURE_CONTEXT|GUIDEPOST_PROXIMITY_CONTEXT|WEATHER_ACTIVITY_LEVEL_ONLY|WEATHER_WIND_GUST_CONTEXT|WEATHER_HIGH_UV_CONTEXT|ROUTE_PHASE_UNKNOWN|OSM_PROXIMITY_NOT_USAGE,HIGH_ROUTE_OR_IB2_CONTEXT,"Descriptive planning context evidence only. This is not ability scoring, not route suitability scoring, not THCI/radar scoring, and not a final hiking risk assessment. Weather is activity-level context unless an explicit safe route-window source is used. OSM proximity is not proof of facility use. IB3D/event annotations are not causality evidence."
42_1,2300,2350,1,TURNAROUND_CONDITION_REVIEW_RECOMMENDED,93.052,VERY_HIGH_ROUTE_LOAD_CONTEXT,ROUTE_LOAD_HIGH_CONTEXT|ROUTE_LOAD_VERY_HIGH_CONTEXT|VERTICAL_RANGE_HIGH|SLOPE_HIGH|IB2_EFFORT_HIGH|STEPS_SURFACE_HIGH,WEATHER_ACTIVITY_LEVEL_ONLY|WEATHER_WIND_GUST_CONTEXT|WEATHER_HIGH_UV_CONTEXT,BEHAVIOR_LOW_SPEED_RESPONSE|BEHAVIOR_LOW_SPEED_RATIO_HIGH,NONE,ROUTE_LOAD_HIGH_CONTEXT|ROUTE_LOAD_VERY_HIGH_CONTEXT|VERTICAL_RANGE_HIGH|SLOPE_HIGH|IB2_EFFORT_HIGH|STEPS_SURFACE_HIGH|IB2_WEATHER_SENSITIVE_ROUTE_EXPOSURE_CONTEXT|WEATHER_ACTIVITY_LEVEL_ONLY|WEATHER_WIND_GUST_CONTEXT|WEATHER_HIGH_UV_CONTEXT|BEHAVIOR_LOW_SPEED_RESPONSE|BEHAVIOR_LOW_SPEED_RATIO_HIGH|ROUTE_PHASE_UNKNOWN|OSM_PROXIMITY_NOT_USAGE,VERY_HIGH_ROUTE_LOAD_CONTEXT|ROUTE_LOAD_BEHAVIOR_CANDIDATE|IB2_OR_WEATHER_CONTEXT_PRESENT,"Descriptive planning context evidence only. This is not ability scoring, not route suitability scoring, not THCI/radar scoring, and not a final hiking risk assessment. Weather is activity-level context unless an explicit safe route-window source is used. OSM proximity is not proof of facility use. IB3D/event annotations are not causality evidence."
42_1,2350,2400,1,CONSERVATIVE_PLANNING_RECOMMENDED,68.542,HIGH_ROUTE_LOAD_CONTEXT,ROUTE_LOAD_HIGH_CONTEXT|IB2_EFFORT_HIGH,WEATHER_ACTIVITY_LEVEL_ONLY|WEATHER_WIND_GUST_CONTEXT|WEATHER_HIGH_UV_CONTEXT,BEHAVIOR_LOW_SPEED_RESPONSE|BEHAVIOR_LOW_SPEED_RATIO_HIGH,NONE,ROUTE_LOAD_HIGH_CONTEXT|IB2_EFFORT_HIGH|IB2_NAVIGATION_CONTEXT|IB2_WEATHER_SENSITIVE_ROUTE_EXPOSURE_CONTEXT|GUIDEPOST_PROXIMITY_CONTEXT|WEATHER_ACTIVITY_LEVEL_ONLY|WEATHER_WIND_GUST_CONTEXT|WEATHER_HIGH_UV_CONTEXT|BEHAVIOR_LOW_SPEED_RESPONSE|BEHAVIOR_LOW_SPEED_RATIO_HIGH|ROUTE_PHASE_UNKNOWN|OSM_PROXIMITY_NOT_USAGE,ROUTE_LOAD_BEHAVIOR_CANDIDATE|IB2_OR_WEATHER_CONTEXT_PRESENT,"Descriptive planning context evidence only. This is not ability scoring, not route suitability scoring, not THCI/radar scoring, and not a final hiking risk assessment. Weather is activity-level context unless an explicit safe route-window source is used. OSM proximity is not proof of facility use. IB3D/event annotations are not causality evidence."
42_1,2400,2550,3,REVIEW_FOR_CONSERVATIVE_PLANNING,57.357,MODERATE_ROUTE_LOAD_CONTEXT,IB2_EFFORT_HIGH|SLOPE_LOAD_FALLBACK_VERTICAL_RANGE|TERRAIN_HIGH|STEPS_SURFACE_HIGH,WEATHER_ACTIVITY_LEVEL_ONLY|WEATHER_WIND_GUST_CONTEXT|WEATHER_HIGH_UV_CONTEXT,BEHAVIOR_RELATIVE_HIGH_HR_RESPONSE|BEHAVIOR_LOW_SPEED_RESPONSE|BEHAVIOR_LOW_SPEED_RATIO_HIGH,NONE,IB2_EFFORT_HIGH|SLOPE_LOAD_FALLBACK_VERTICAL_RANGE|IB2_NAVIGATION_CONTEXT|IB2_WEATHER_SENSITIVE_ROUTE_EXPOSURE_CONTEXT|GUIDEPOST_PROXIMITY_CONTEXT|WEATHER_ACTIVITY_LEVEL_ONLY|WEATHER_WIND_GUST_CONTEXT|WEATHER_HIGH_UV_CONTEXT|BEHAVIOR_RELATIVE_HIGH_HR_RESPONSE|ROUTE_PHASE_UNKNOWN|OSM_PROXIMITY_NOT_USAGE|TERRAIN_HIGH|STEPS_SURFACE_HIGH|BEHAVIOR_LOW_SPEED_RESPONSE|BEHAVIOR_LOW_SPEED_RATIO_HIGH,HIGH_ROUTE_OR_IB2_CONTEXT,"Descriptive planning context evidence only. This is not ability scoring, not route suitability scoring, not THCI/radar scoring, and not a final hiking risk assessment. Weather is activity-level context unless an explicit safe route-window source is used. OSM proximity is not proof of facility use. IB3D/event annotations are not causality evidence."
42_1,2550,2850,6,TURNAROUND_CONDITION_REVIEW_RECOMMENDED,100.0,VERY_HIGH_ROUTE_LOAD_CONTEXT,ROUTE_LOAD_HIGH_CONTEXT|ROUTE_LOAD_VERY_HIGH_CONTEXT|VERTICAL_RANGE_HIGH|SLOPE_HIGH|IB2_EFFORT_HIGH|TERRAIN_HIGH|STEPS_SURFACE_HIGH|SLOPE_LOAD_FALLBACK_VERTICAL_RANGE,WEATHER_ACTIVITY_LEVEL_ONLY|WEATHER_WIND_GUST_CONTEXT|WEATHER_HIGH_UV_CONTEXT,BEHAVIOR_LOW_SPEED_RESPONSE|BEHAVIOR_LOW_SPEED_RATIO_HIGH|BEHAVIOR_RELATIVE_HIGH_HR_RESPONSE,NONE,ROUTE_LOAD_HIGH_CONTEXT|ROUTE_LOAD_VERY_HIGH_CONTEXT|VERTICAL_RANGE_HIGH|SLOPE_HIGH|IB2_EFFORT_HIGH|TERRAIN_HIGH|STEPS_SURFACE_HIGH|IB2_WEATHER_SENSITIVE_ROUTE_EXPOSURE_CONTEXT|WEATHER_ACTIVITY_LEVEL_ONLY|WEATHER_WIND_GUST_CONTEXT|WEATHER_HIGH_UV_CONTEXT|BEHAVIOR_LOW_SPEED_RESPONSE|BEHAVIOR_LOW_SPEED_RATIO_HIGH|ROUTE_PHASE_UNKNOWN|OSM_PROXIMITY_NOT_USAGE|SLOPE_LOAD_FALLBACK_VERTICAL_RANGE|BEHAVIOR_RELATIVE_HIGH_HR_RESPONSE,VERY_HIGH_ROUTE_LOAD_CONTEXT|ROUTE_LOAD_BEHAVIOR_CANDIDATE|IB2_OR_WEATHER_CONTEXT_PRESENT,"Descriptive planning context evidence only. This is not ability scoring, not route suitability scoring, not THCI/radar scoring, and not a final hiking risk assessment. Weather is activity-level context unless an explicit safe route-window source is used. OSM proximity is not proof of facility use. IB3D/event annotations are not causality evidence."
42_1,2850,3000,3,CONSERVATIVE_PLANNING_RECOMMENDED,77.717,HIGH_ROUTE_LOAD_CONTEXT,ROUTE_LOAD_HIGH_CONTEXT|IB2_EFFORT_HIGH|STEPS_SURFACE_HIGH,WEATHER_ACTIVITY_LEVEL_ONLY|WEATHER_WIND_GUST_CONTEXT|WEATHER_HIGH_UV_CONTEXT,BEHAVIOR_LOW_SPEED_RESPONSE|BEHAVIOR_LOW_SPEED_RATIO_HIGH,NONE,ROUTE_LOAD_HIGH_CONTEXT|IB2_EFFORT_HIGH|IB2_WEATHER_SENSITIVE_ROUTE_EXPOSURE_CONTEXT|WEATHER_ACTIVITY_LEVEL_ONLY|WEATHER_WIND_GUST_CONTEXT|WEATHER_HIGH_UV_CONTEXT|BEHAVIOR_LOW_SPEED_RESPONSE|BEHAVIOR_LOW_SPEED_RATIO_HIGH|ROUTE_PHASE_UNKNOWN|OSM_PROXIMITY_NOT_USAGE|STEPS_SURFACE_HIGH,ROUTE_LOAD_BEHAVIOR_CANDIDATE|IB2_OR_WEATHER_CONTEXT_PRESENT,"Descriptive planning context evidence only. This is not ability scoring, not route suitability scoring, not THCI/radar scoring, and not a final hiking risk assessment. Weather is activity-level context unless an explicit safe route-window source is used. OSM proximity is not proof of facility use. IB3D/event annotations are not causality evidence."
42_1,3000,3600,12,REVIEW_FOR_CONSERVATIVE_PLANNING,49.592,LOWER_ROUTE_LOAD_CONTEXT,SLOPE_LOAD_FALLBACK_VERTICAL_RANGE|SLOPE_HIGH,WEATHER_ACTIVITY_LEVEL_ONLY|WEATHER_WIND_GUST_CONTEXT|WEATHER_HIGH_UV_CONTEXT,BEHAVIOR_LOW_SPEED_RESPONSE|BEHAVIOR_LOW_SPEED_RATIO_HIGH|BEHAVIOR_STOP_RESPONSE,NONE,SLOPE_LOAD_FALLBACK_VERTICAL_RANGE|IB2_WEATHER_SENSITIVE_ROUTE_EXPOSURE_CONTEXT|WEATHER_ACTIVITY_LEVEL_ONLY|WEATHER_WIND_GUST_CONTEXT|WEATHER_HIGH_UV_CONTEXT|ROUTE_PHASE_UNKNOWN|OSM_PROXIMITY_NOT_USAGE|SLOPE_HIGH|BEHAVIOR_LOW_SPEED_RESPONSE|BEHAVIOR_LOW_SPEED_RATIO_HIGH|IB2_SUPPORT_CONTEXT|IB2_NAVIGATION_CONTEXT|GUIDEPOST_PROXIMITY_CONTEXT|SHELTER_PROXIMITY_CONTEXT|BEHAVIOR_STOP_RESPONSE,HIGH_ROUTE_OR_IB2_CONTEXT,"Descriptive planning context evidence only. This is not ability scoring, not route suitability scoring, not THCI/radar scoring, and not a final hiking risk assessment. Weather is activity-level context unless an explicit safe route-window source is used. OSM proximity is not proof of facility use. IB3D/event annotations are not causality evidence."
42_1,3600,3800,4,CONSERVATIVE_PLANNING_RECOMMENDED,77.507,HIGH_ROUTE_LOAD_CONTEXT,ROUTE_LOAD_HIGH_CONTEXT|IB2_EFFORT_HIGH|STEPS_SURFACE_HIGH|SLOPE_LOAD_FALLBACK_VERTICAL_RANGE|TERRAIN_HIGH,WEATHER_ACTIVITY_LEVEL_ONLY|WEATHER_WIND_GUST_CONTEXT|WEATHER_HIGH_UV_CONTEXT,BEHAVIOR_RELATIVE_HIGH_HR_RESPONSE|BEHAVIOR_LOW_SPEED_RESPONSE,NONE,ROUTE_LOAD_HIGH_CONTEXT|IB2_EFFORT_HIGH|STEPS_SURFACE_HIGH|SLOPE_LOAD_FALLBACK_VERTICAL_RANGE|IB2_WEATHER_SENSITIVE_ROUTE_EXPOSURE_CONTEXT|SHELTER_PROXIMITY_CONTEXT|WEATHER_ACTIVITY_LEVEL_ONLY|WEATHER_WIND_GUST_CONTEXT|WEATHER_HIGH_UV_CONTEXT|BEHAVIOR_RELATIVE_HIGH_HR_RESPONSE|BEHAVIOR_LOW_SPEED_RESPONSE|ROUTE_PHASE_UNKNOWN|OSM_PROXIMITY_NOT_USAGE|TERRAIN_HIGH,ROUTE_LOAD_BEHAVIOR_CANDIDATE|IB2_OR_WEATHER_CONTEXT_PRESENT,"Descriptive planning context evidence only. This is not ability scoring, not route suitability scoring, not THCI/radar scoring, and not a final hiking risk assessment. Weather is activity-level context unless an explicit safe route-window source is used. OSM proximity is not proof of facility use. IB3D/event annotations are not causality evidence."
42_1,3800,3850,1,TURNAROUND_CONDITION_REVIEW_RECOMMENDED,84.122,VERY_HIGH_ROUTE_LOAD_CONTEXT,ROUTE_LOAD_HIGH_CONTEXT|ROUTE_LOAD_VERY_HIGH_CONTEXT|IB2_EFFORT_HIGH|TERRAIN_HIGH|STEPS_SURFACE_HIGH|SLOPE_LOAD_FALLBACK_VERTICAL_RANGE,WEATHER_ACTIVITY_LEVEL_ONLY|WEATHER_WIND_GUST_CONTEXT|WEATHER_HIGH_UV_CONTEXT,BEHAVIOR_RELATIVE_HIGH_HR_RESPONSE|BEHAVIOR_LOW_SPEED_RESPONSE|BEHAVIOR_LOW_SPEED_RATIO_HIGH,NONE,ROUTE_LOAD_HIGH_CONTEXT|ROUTE_LOAD_VERY_HIGH_CONTEXT|IB2_EFFORT_HIGH|TERRAIN_HIGH|STEPS_SURFACE_HIGH|SLOPE_LOAD_FALLBACK_VERTICAL_RANGE|IB2_WEATHER_SENSITIVE_ROUTE_EXPOSURE_CONTEXT|WEATHER_ACTIVITY_LEVEL_ONLY|WEATHER_WIND_GUST_CONTEXT|WEATHER_HIGH_UV_CONTEXT|BEHAVIOR_RELATIVE_HIGH_HR_RESPONSE|BEHAVIOR_LOW_SPEED_RESPONSE|BEHAVIOR_LOW_SPEED_RATIO_HIGH|ROUTE_PHASE_UNKNOWN|OSM_PROXIMITY_NOT_USAGE,VERY_HIGH_ROUTE_LOAD_CONTEXT|ROUTE_LOAD_BEHAVIOR_CANDIDATE|IB2_OR_WEATHER_CONTEXT_PRESENT,"Descriptive planning context evidence only. This is not ability scoring, not route suitability scoring, not THCI/radar scoring, and not a final hiking risk assessment. Weather is activity-level context unless an explicit safe route-window source is used. OSM proximity is not proof of facility use. IB3D/event annotations are not causality evidence."
42_1,3850,3900,1,CONSERVATIVE_PLANNING_RECOMMENDED,75.695,HIGH_ROUTE_LOAD_CONTEXT,ROUTE_LOAD_HIGH_CONTEXT|IB2_EFFORT_HIGH|TERRAIN_HIGH|STEPS_SURFACE_HIGH|SLOPE_LOAD_FALLBACK_VERTICAL_RANGE,WEATHER_ACTIVITY_LEVEL_ONLY|WEATHER_WIND_GUST_CONTEXT|WEATHER_HIGH_UV_CONTEXT,BEHAVIOR_RELATIVE_HIGH_HR_RESPONSE|BEHAVIOR_LOW_SPEED_RESPONSE,NONE,ROUTE_LOAD_HIGH_CONTEXT|IB2_EFFORT_HIGH|TERRAIN_HIGH|STEPS_SURFACE_HIGH|SLOPE_LOAD_FALLBACK_VERTICAL_RANGE|IB2_WEATHER_SENSITIVE_ROUTE_EXPOSURE_CONTEXT|WEATHER_ACTIVITY_LEVEL_ONLY|WEATHER_WIND_GUST_CONTEXT|WEATHER_HIGH_UV_CONTEXT|BEHAVIOR_RELATIVE_HIGH_HR_RESPONSE|BEHAVIOR_LOW_SPEED_RESPONSE|ROUTE_PHASE_UNKNOWN|OSM_PROXIMITY_NOT_USAGE,ROUTE_LOAD_BEHAVIOR_CANDIDATE|IB2_OR_WEATHER_CONTEXT_PRESENT,"Descriptive planning context evidence only. This is not ability scoring, not route suitability scoring, not THCI/radar scoring, and not a final hiking risk assessment. Weather is activity-level context unless an explicit safe route-window source is used. OSM proximity is not proof of facility use. IB3D/event annotations are not causality evidence."
42_1,3900,4050,3,TURNAROUND_CONDITION_REVIEW_RECOMMENDED,100.0,VERY_HIGH_ROUTE_LOAD_CONTEXT,ROUTE_LOAD_HIGH_CONTEXT|ROUTE_LOAD_VERY_HIGH_CONTEXT|VERTICAL_RANGE_HIGH|SLOPE_HIGH|IB2_EFFORT_HIGH|TERRAIN_HIGH|STEPS_SURFACE_HIGH,WEATHER_ACTIVITY_LEVEL_ONLY|WEATHER_WIND_GUST_CONTEXT|WEATHER_HIGH_UV_CONTEXT,BEHAVIOR_RELATIVE_HIGH_HR_RESPONSE|BEHAVIOR_LOW_SPEED_RESPONSE|BEHAVIOR_LOW_SPEED_RATIO_HIGH,NONE,ROUTE_LOAD_HIGH_CONTEXT|ROUTE_LOAD_VERY_HIGH_CONTEXT|VERTICAL_RANGE_HIGH|SLOPE_HIGH|IB2_EFFORT_HIGH|TERRAIN_HIGH|STEPS_SURFACE_HIGH|IB2_WEATHER_SENSITIVE_ROUTE_EXPOSURE_CONTEXT|WEATHER_ACTIVITY_LEVEL_ONLY|WEATHER_WIND_GUST_CONTEXT|WEATHER_HIGH_UV_CONTEXT|BEHAVIOR_RELATIVE_HIGH_HR_RESPONSE|BEHAVIOR_LOW_SPEED_RESPONSE|ROUTE_PHASE_UNKNOWN|OSM_PROXIMITY_NOT_USAGE|WATERWAY_PROXIMITY_CONTEXT|BEHAVIOR_LOW_SPEED_RATIO_HIGH,VERY_HIGH_ROUTE_LOAD_CONTEXT|ROUTE_LOAD_BEHAVIOR_CANDIDATE|IB2_OR_WEATHER_CONTEXT_PRESENT,"Descriptive planning context evidence only. This is not ability scoring, not route suitability scoring, not THCI/radar scoring, and not a final hiking risk assessment. Weather is activity-level context unless an explicit safe route-window source is used. OSM proximity is not proof of facility use. IB3D/event annotations are not causality evidence."
42_1,4050,4100,1,CONSERVATIVE_PLANNING_RECOMMENDED,71.007,HIGH_ROUTE_LOAD_CONTEXT,ROUTE_LOAD_HIGH_CONTEXT|IB2_EFFORT_HIGH|STEPS_SURFACE_HIGH|SLOPE_LOAD_FALLBACK_VERTICAL_RANGE,WEATHER_ACTIVITY_LEVEL_ONLY|WEATHER_WIND_GUST_CONTEXT|WEATHER_HIGH_UV_CONTEXT,BEHAVIOR_LOW_SPEED_RESPONSE,NONE,ROUTE_LOAD_HIGH_CONTEXT|IB2_EFFORT_HIGH|STEPS_SURFACE_HIGH|SLOPE_LOAD_FALLBACK_VERTICAL_RANGE|IB2_WEATHER_SENSITIVE_ROUTE_EXPOSURE_CONTEXT|WATERWAY_PROXIMITY_CONTEXT|WEATHER_ACTIVITY_LEVEL_ONLY|WEATHER_WIND_GUST_CONTEXT|WEATHER_HIGH_UV_CONTEXT|BEHAVIOR_LOW_SPEED_RESPONSE|ROUTE_PHASE_UNKNOWN|OSM_PROXIMITY_NOT_USAGE,ROUTE_LOAD_BEHAVIOR_CANDIDATE|IB2_OR_WEATHER_CONTEXT_PRESENT,"Descriptive planning context evidence only. This is not ability scoring, not route suitability scoring, not THCI/radar scoring, and not a final hiking risk assessment. Weather is activity-level context unless an explicit safe route-window source is used. OSM proximity is not proof of facility use. IB3D/event annotations are not causality evidence."
42_1,4100,4200,2,REVIEW_FOR_CONSERVATIVE_PLANNING,57.349,LOWER_ROUTE_LOAD_CONTEXT,IB2_EFFORT_HIGH|SLOPE_LOAD_FALLBACK_VERTICAL_RANGE,WEATHER_ACTIVITY_LEVEL_ONLY|WEATHER_WIND_GUST_CONTEXT|WEATHER_HIGH_UV_CONTEXT,BEHAVIOR_LOW_SPEED_RESPONSE|BEHAVIOR_LOW_SPEED_RATIO_HIGH,TERMINAL_ARTIFACT_REVIEW_ONLY,IB2_NAVIGATION_CONTEXT|IB2_WEATHER_SENSITIVE_ROUTE_EXPOSURE_CONTEXT|WATERWAY_PROXIMITY_CONTEXT|GUIDEPOST_PROXIMITY_CONTEXT|WEATHER_ACTIVITY_LEVEL_ONLY|WEATHER_WIND_GUST_CONTEXT|WEATHER_HIGH_UV_CONTEXT|ROUTE_PHASE_UNKNOWN|OSM_PROXIMITY_NOT_USAGE|IB2_EFFORT_HIGH|SLOPE_LOAD_FALLBACK_VERTICAL_RANGE|BEHAVIOR_LOW_SPEED_RESPONSE|BEHAVIOR_LOW_SPEED_RATIO_HIGH,HIGH_ROUTE_OR_IB2_CONTEXT,"Descriptive planning context evidence only. This is not ability scoring, not route suitability scoring, not THCI/radar scoring, and not a final hiking risk assessment. Weather is activity-level context unless an explicit safe route-window source is used. OSM proximity is not proof of facility use. IB3D/event annotations are not causality evidence."
43_1,0,100,2,REVIEW_FOR_CONSERVATIVE_PLANNING,51.816,LOWER_ROUTE_LOAD_CONTEXT,SLOPE_LOAD_FALLBACK_VERTICAL_RANGE|IB2_EFFORT_HIGH,WEATHER_ACTIVITY_LEVEL_ONLY|WEATHER_HUMID_CONTEXT|WEATHER_WIND_GUST_CONTEXT|WEATHER_HIGH_UV_CONTEXT,BEHAVIOR_LOW_SPEED_RESPONSE|BEHAVIOR_LOW_SPEED_RATIO_HIGH,NONE,SLOPE_LOAD_FALLBACK_VERTICAL_RANGE|IB2_NAVIGATION_CONTEXT|IB2_WEATHER_SENSITIVE_ROUTE_EXPOSURE_CONTEXT|WATERWAY_PROXIMITY_CONTEXT|GUIDEPOST_PROXIMITY_CONTEXT|WEATHER_ACTIVITY_LEVEL_ONLY|WEATHER_HUMID_CONTEXT|WEATHER_WIND_GUST_CONTEXT|WEATHER_HIGH_UV_CONTEXT|BEHAVIOR_LOW_SPEED_RESPONSE|BEHAVIOR_LOW_SPEED_RATIO_HIGH|ROUTE_PHASE_UNKNOWN|OSM_PROXIMITY_NOT_USAGE|IB2_EFFORT_HIGH,HIGH_ROUTE_OR_IB2_CONTEXT,"Descriptive planning context evidence only. This is not ability scoring, not route suitability scoring, not THCI/radar scoring, and not a final hiking risk assessment. Weather is activity-level context unless an explicit safe route-window source is used. OSM proximity is not proof of facility use. IB3D/event annotations are not causality evidence."
43_1,100,150,1,CONSERVATIVE_PLANNING_RECOMMENDED,74.301,HIGH_ROUTE_LOAD_CONTEXT,ROUTE_LOAD_HIGH_CONTEXT|IB2_EFFORT_HIGH|STEPS_SURFACE_HIGH,WEATHER_ACTIVITY_LEVEL_ONLY|WEATHER_HUMID_CONTEXT|WEATHER_WIND_GUST_CONTEXT|WEATHER_HIGH_UV_CONTEXT,BEHAVIOR_LOW_SPEED_RESPONSE,NONE,ROUTE_LOAD_HIGH_CONTEXT|IB2_EFFORT_HIGH|STEPS_SURFACE_HIGH|IB2_WEATHER_SENSITIVE_ROUTE_EXPOSURE_CONTEXT|WATERWAY_PROXIMITY_CONTEXT|WEATHER_ACTIVITY_LEVEL_ONLY|WEATHER_HUMID_CONTEXT|WEATHER_WIND_GUST_CONTEXT|WEATHER_HIGH_UV_CONTEXT|BEHAVIOR_LOW_SPEED_RESPONSE|ROUTE_PHASE_UNKNOWN|OSM_PROXIMITY_NOT_USAGE,ROUTE_LOAD_BEHAVIOR_CANDIDATE|IB2_OR_WEATHER_CONTEXT_PRESENT,"Descriptive planning context evidence only. This is not ability scoring, not route suitability scoring, not THCI/radar scoring, and not a final hiking risk assessment. Weather is activity-level context unless an explicit safe route-window source is used. OSM proximity is not proof of facility use. IB3D/event annotations are not causality evidence."
43_1,150,300,3,TURNAROUND_CONDITION_REVIEW_RECOMMENDED,100.0,VERY_HIGH_ROUTE_LOAD_CONTEXT,ROUTE_LOAD_HIGH_CONTEXT|ROUTE_LOAD_VERY_HIGH_CONTEXT|VERTICAL_RANGE_HIGH|SLOPE_HIGH|IB2_EFFORT_HIGH|TERRAIN_HIGH|STEPS_SURFACE_HIGH|SLOPE_LOAD_FALLBACK_VERTICAL_RANGE,WEATHER_ACTIVITY_LEVEL_ONLY|WEATHER_HUMID_CONTEXT|WEATHER_WIND_GUST_CONTEXT|WEATHER_HIGH_UV_CONTEXT,BEHAVIOR_LOW_SPEED_RESPONSE|BEHAVIOR_LOW_SPEED_RATIO_HIGH|BEHAVIOR_STOP_RESPONSE,NONE,ROUTE_LOAD_HIGH_CONTEXT|ROUTE_LOAD_VERY_HIGH_CONTEXT|VERTICAL_RANGE_HIGH|SLOPE_HIGH|IB2_EFFORT_HIGH|TERRAIN_HIGH|STEPS_SURFACE_HIGH|SLOPE_LOAD_FALLBACK_VERTICAL_RANGE|IB2_WEATHER_SENSITIVE_ROUTE_EXPOSURE_CONTEXT|WATERWAY_PROXIMITY_CONTEXT|WEATHER_ACTIVITY_LEVEL_ONLY|WEATHER_HUMID_CONTEXT|WEATHER_WIND_GUST_CONTEXT|WEATHER_HIGH_UV_CONTEXT|BEHAVIOR_LOW_SPEED_RESPONSE|BEHAVIOR_LOW_SPEED_RATIO_HIGH|ROUTE_PHASE_UNKNOWN|OSM_PROXIMITY_NOT_USAGE|BEHAVIOR_STOP_RESPONSE,VERY_HIGH_ROUTE_LOAD_CONTEXT|ROUTE_LOAD_BEHAVIOR_CANDIDATE|IB2_OR_WEATHER_CONTEXT_PRESENT,"Descriptive planning context evidence only. This is not ability scoring, not route suitability scoring, not THCI/radar scoring, and not a final hiking risk assessment. Weather is activity-level context unless an explicit safe route-window source is used. OSM proximity is not proof of facility use. IB3D/event annotations are not causality evidence."
43_1,300,350,1,CONSERVATIVE_PLANNING_RECOMMENDED,69.318,HIGH_ROUTE_LOAD_CONTEXT,ROUTE_LOAD_HIGH_CONTEXT|IB2_EFFORT_HIGH|TERRAIN_HIGH|STEPS_SURFACE_HIGH|SLOPE_LOAD_FALLBACK_VERTICAL_RANGE,WEATHER_ACTIVITY_LEVEL_ONLY|WEATHER_HUMID_CONTEXT|WEATHER_WIND_GUST_CONTEXT|WEATHER_HIGH_UV_CONTEXT,BEHAVIOR_RELATIVE_HIGH_HR_RESPONSE|BEHAVIOR_LOW_SPEED_RESPONSE,NONE,ROUTE_LOAD_HIGH_CONTEXT|IB2_EFFORT_HIGH|TERRAIN_HIGH|STEPS_SURFACE_HIGH|SLOPE_LOAD_FALLBACK_VERTICAL_RANGE|IB2_WEATHER_SENSITIVE_ROUTE_EXPOSURE_CONTEXT|WEATHER_ACTIVITY_LEVEL_ONLY|WEATHER_HUMID_CONTEXT|WEATHER_WIND_GUST_CONTEXT|WEATHER_HIGH_UV_CONTEXT|BEHAVIOR_RELATIVE_HIGH_HR_RESPONSE|BEHAVIOR_LOW_SPEED_RESPONSE|ROUTE_PHASE_UNKNOWN|OSM_PROXIMITY_NOT_USAGE,ROUTE_LOAD_BEHAVIOR_CANDIDATE|IB2_OR_WEATHER_CONTEXT_PRESENT,"Descriptive planning context evidence only. This is not ability scoring, not route suitability scoring, not THCI/radar scoring, and not a final hiking risk assessment. Weather is activity-level context unless an explicit safe route-window source is used. OSM proximity is not proof of facility use. IB3D/event annotations are not causality evidence."
43_1,350,400,1,TURNAROUND_CONDITION_REVIEW_RECOMMENDED,89.72,VERY_HIGH_ROUTE_LOAD_CONTEXT,ROUTE_LOAD_HIGH_CONTEXT|ROUTE_LOAD_VERY_HIGH_CONTEXT|VERTICAL_RANGE_HIGH|SLOPE_HIGH|IB2_EFFORT_HIGH|TERRAIN_HIGH|STEPS_SURFACE_HIGH|SLOPE_LOAD_FALLBACK_VERTICAL_RANGE,WEATHER_ACTIVITY_LEVEL_ONLY|WEATHER_HUMID_CONTEXT|WEATHER_WIND_GUST_CONTEXT|WEATHER_HIGH_UV_CONTEXT,BEHAVIOR_RELATIVE_HIGH_HR_RESPONSE|BEHAVIOR_LOW_SPEED_RESPONSE|BEHAVIOR_LOW_SPEED_RATIO_HIGH|BEHAVIOR_STOP_RESPONSE,NONE,ROUTE_LOAD_HIGH_CONTEXT|ROUTE_LOAD_VERY_HIGH_CONTEXT|VERTICAL_RANGE_HIGH|SLOPE_HIGH|IB2_EFFORT_HIGH|TERRAIN_HIGH|STEPS_SURFACE_HIGH|SLOPE_LOAD_FALLBACK_VERTICAL_RANGE|IB2_WEATHER_SENSITIVE_ROUTE_EXPOSURE_CONTEXT|WEATHER_ACTIVITY_LEVEL_ONLY|WEATHER_HUMID_CONTEXT|WEATHER_WIND_GUST_CONTEXT|WEATHER_HIGH_UV_CONTEXT|BEHAVIOR_RELATIVE_HIGH_HR_RESPONSE|BEHAVIOR_LOW_SPEED_RESPONSE|BEHAVIOR_LOW_SPEED_RATIO_HIGH|BEHAVIOR_STOP_RESPONSE|ROUTE_PHASE_UNKNOWN|OSM_PROXIMITY_NOT_USAGE,VERY_HIGH_ROUTE_LOAD_CONTEXT|ROUTE_LOAD_BEHAVIOR_CANDIDATE|IB2_OR_WEATHER_CONTEXT_PRESENT,"Descriptive planning context evidence only. This is not ability scoring, not route suitability scoring, not THCI/radar scoring, and not a final hiking risk assessment. Weather is activity-level context unless an explicit safe route-window source is used. OSM proximity is not proof of facility use. IB3D/event annotations are not causality evidence."
43_1,400,500,2,CONSERVATIVE_PLANNING_RECOMMENDED,79.928,HIGH_ROUTE_LOAD_CONTEXT,ROUTE_LOAD_HIGH_CONTEXT|IB2_EFFORT_HIGH|TERRAIN_HIGH|STEPS_SURFACE_HIGH|SLOPE_LOAD_FALLBACK_VERTICAL_RANGE,WEATHER_ACTIVITY_LEVEL_ONLY|WEATHER_HUMID_CONTEXT|WEATHER_WIND_GUST_CONTEXT|WEATHER_HIGH_UV_CONTEXT,BEHAVIOR_LOW_SPEED_RESPONSE|BEHAVIOR_LOW_SPEED_RATIO_HIGH|BEHAVIOR_RELATIVE_HIGH_HR_RESPONSE,NONE,ROUTE_LOAD_HIGH_CONTEXT|IB2_EFFORT_HIGH|TERRAIN_HIGH|STEPS_SURFACE_HIGH|IB2_WEATHER_SENSITIVE_ROUTE_EXPOSURE_CONTEXT|WEATHER_ACTIVITY_LEVEL_ONLY|WEATHER_HUMID_CONTEXT|WEATHER_WIND_GUST_CONTEXT|WEATHER_HIGH_UV_CONTEXT|BEHAVIOR_LOW_SPEED_RESPONSE|BEHAVIOR_LOW_SPEED_RATIO_HIGH|ROUTE_PHASE_UNKNOWN|OSM_PROXIMITY_NOT_USAGE|SLOPE_LOAD_FALLBACK_VERTICAL_RANGE|BEHAVIOR_RELATIVE_HIGH_HR_RESPONSE,ROUTE_LOAD_BEHAVIOR_CANDIDATE|IB2_OR_WEATHER_CONTEXT_PRESENT,"Descriptive planning context evidence only. This is not ability scoring, not route suitability scoring, not THCI/radar scoring, and not a final hiking risk assessment. Weather is activity-level context unless an explicit safe route-window source is used. OSM proximity is not proof of facility use. IB3D/event annotations are not causality evidence."
43_1,500,550,1,TURNAROUND_CONDITION_REVIEW_RECOMMENDED,81.359,VERY_HIGH_ROUTE_LOAD_CONTEXT,ROUTE_LOAD_HIGH_CONTEXT|ROUTE_LOAD_VERY_HIGH_CONTEXT|IB2_EFFORT_HIGH|STEPS_SURFACE_HIGH|SLOPE_LOAD_FALLBACK_VERTICAL_RANGE,WEATHER_ACTIVITY_LEVEL_ONLY|WEATHER_HUMID_CONTEXT|WEATHER_WIND_GUST_CONTEXT|WEATHER_HIGH_UV_CONTEXT,BEHAVIOR_RELATIVE_HIGH_HR_RESPONSE|BEHAVIOR_LOW_SPEED_RESPONSE|BEHAVIOR_LOW_SPEED_RATIO_HIGH|BEHAVIOR_STOP_RESPONSE,NONE,ROUTE_LOAD_HIGH_CONTEXT|ROUTE_LOAD_VERY_HIGH_CONTEXT|IB2_EFFORT_HIGH|STEPS_SURFACE_HIGH|SLOPE_LOAD_FALLBACK_VERTICAL_RANGE|IB2_WEATHER_SENSITIVE_ROUTE_EXPOSURE_CONTEXT|WEATHER_ACTIVITY_LEVEL_ONLY|WEATHER_HUMID_CONTEXT|WEATHER_WIND_GUST_CONTEXT|WEATHER_HIGH_UV_CONTEXT|BEHAVIOR_RELATIVE_HIGH_HR_RESPONSE|BEHAVIOR_LOW_SPEED_RESPONSE|BEHAVIOR_LOW_SPEED_RATIO_HIGH|BEHAVIOR_STOP_RESPONSE|ROUTE_PHASE_UNKNOWN|OSM_PROXIMITY_NOT_USAGE,VERY_HIGH_ROUTE_LOAD_CONTEXT|ROUTE_LOAD_BEHAVIOR_CANDIDATE|IB2_OR_WEATHER_CONTEXT_PRESENT,"Descriptive planning context evidence only. This is not ability scoring, not route suitability scoring, not THCI/radar scoring, and not a final hiking risk assessment. Weather is activity-level context unless an explicit safe route-window source is used. OSM proximity is not proof of facility use. IB3D/event annotations are not causality evidence."
43_1,550,1200,13,REVIEW_FOR_CONSERVATIVE_PLANNING,48.18,LOWER_ROUTE_LOAD_CONTEXT,SLOPE_LOAD_FALLBACK_VERTICAL_RANGE|SLOPE_HIGH,WEATHER_ACTIVITY_LEVEL_ONLY|WEATHER_HUMID_CONTEXT|WEATHER_WIND_GUST_CONTEXT|WEATHER_HIGH_UV_CONTEXT,BEHAVIOR_LOW_SPEED_RESPONSE|BEHAVIOR_LOW_SPEED_RATIO_HIGH,NONE,IB2_WEATHER_SENSITIVE_ROUTE_EXPOSURE_CONTEXT|SHELTER_PROXIMITY_CONTEXT|WEATHER_ACTIVITY_LEVEL_ONLY|WEATHER_HUMID_CONTEXT|WEATHER_WIND_GUST_CONTEXT|WEATHER_HIGH_UV_CONTEXT|BEHAVIOR_LOW_SPEED_RESPONSE|BEHAVIOR_LOW_SPEED_RATIO_HIGH|ROUTE_PHASE_UNKNOWN|OSM_PROXIMITY_NOT_USAGE|SLOPE_LOAD_FALLBACK_VERTICAL_RANGE|IB2_NAVIGATION_CONTEXT|GUIDEPOST_PROXIMITY_CONTEXT|IB2_SUPPORT_CONTEXT|SLOPE_HIGH,HIGH_ROUTE_OR_IB2_CONTEXT,"Descriptive planning context evidence only. This is not ability scoring, not route suitability scoring, not THCI/radar scoring, and not a final hiking risk assessment. Weather is activity-level context unless an explicit safe route-window source is used. OSM proximity is not proof of facility use. IB3D/event annotations are not causality evidence."
43_1,1200,1350,3,CONSERVATIVE_PLANNING_RECOMMENDED,72.387,HIGH_ROUTE_LOAD_CONTEXT,ROUTE_LOAD_HIGH_CONTEXT|IB2_EFFORT_HIGH|STEPS_SURFACE_HIGH|SLOPE_LOAD_FALLBACK_VERTICAL_RANGE,WEATHER_ACTIVITY_LEVEL_ONLY|WEATHER_HUMID_CONTEXT|WEATHER_WIND_GUST_CONTEXT|WEATHER_HIGH_UV_CONTEXT,BEHAVIOR_LOW_SPEED_RESPONSE|BEHAVIOR_LOW_SPEED_RATIO_HIGH,NONE,ROUTE_LOAD_HIGH_CONTEXT|IB2_EFFORT_HIGH|STEPS_SURFACE_HIGH|SLOPE_LOAD_FALLBACK_VERTICAL_RANGE|IB2_WEATHER_SENSITIVE_ROUTE_EXPOSURE_CONTEXT|WEATHER_ACTIVITY_LEVEL_ONLY|WEATHER_HUMID_CONTEXT|WEATHER_WIND_GUST_CONTEXT|WEATHER_HIGH_UV_CONTEXT|BEHAVIOR_LOW_SPEED_RESPONSE|BEHAVIOR_LOW_SPEED_RATIO_HIGH|ROUTE_PHASE_UNKNOWN|OSM_PROXIMITY_NOT_USAGE,ROUTE_LOAD_BEHAVIOR_CANDIDATE|IB2_OR_WEATHER_CONTEXT_PRESENT,"Descriptive planning context evidence only. This is not ability scoring, not route suitability scoring, not THCI/radar scoring, and not a final hiking risk assessment. Weather is activity-level context unless an explicit safe route-window source is used. OSM proximity is not proof of facility use. IB3D/event annotations are not causality evidence."
43_1,1350,1650,6,TURNAROUND_CONDITION_REVIEW_RECOMMENDED,100.0,VERY_HIGH_ROUTE_LOAD_CONTEXT,ROUTE_LOAD_HIGH_CONTEXT|ROUTE_LOAD_VERY_HIGH_CONTEXT|VERTICAL_RANGE_HIGH|SLOPE_HIGH|IB2_EFFORT_HIGH|TERRAIN_HIGH|STEPS_SURFACE_HIGH|SLOPE_LOAD_FALLBACK_VERTICAL_RANGE,WEATHER_ACTIVITY_LEVEL_ONLY|WEATHER_HUMID_CONTEXT|WEATHER_WIND_GUST_CONTEXT|WEATHER_HIGH_UV_CONTEXT,BEHAVIOR_LOW_SPEED_RESPONSE|BEHAVIOR_LOW_SPEED_RATIO_HIGH|BEHAVIOR_STOP_RESPONSE|BEHAVIOR_RELATIVE_HIGH_HR_RESPONSE,NONE,ROUTE_LOAD_HIGH_CONTEXT|ROUTE_LOAD_VERY_HIGH_CONTEXT|VERTICAL_RANGE_HIGH|SLOPE_HIGH|IB2_EFFORT_HIGH|TERRAIN_HIGH|STEPS_SURFACE_HIGH|SLOPE_LOAD_FALLBACK_VERTICAL_RANGE|IB2_WEATHER_SENSITIVE_ROUTE_EXPOSURE_CONTEXT|WEATHER_ACTIVITY_LEVEL_ONLY|WEATHER_HUMID_CONTEXT|WEATHER_WIND_GUST_CONTEXT|WEATHER_HIGH_UV_CONTEXT|BEHAVIOR_LOW_SPEED_RESPONSE|BEHAVIOR_LOW_SPEED_RATIO_HIGH|BEHAVIOR_STOP_RESPONSE|ROUTE_PHASE_UNKNOWN|OSM_PROXIMITY_NOT_USAGE|BEHAVIOR_RELATIVE_HIGH_HR_RESPONSE,VERY_HIGH_ROUTE_LOAD_CONTEXT|ROUTE_LOAD_BEHAVIOR_CANDIDATE|IB2_OR_WEATHER_CONTEXT_PRESENT,"Descriptive planning context evidence only. This is not ability scoring, not route suitability scoring, not THCI/radar scoring, and not a final hiking risk assessment. Weather is activity-level context unless an explicit safe route-window source is used. OSM proximity is not proof of facility use. IB3D/event annotations are not causality evidence."
43_1,1650,1750,2,REVIEW_FOR_CONSERVATIVE_PLANNING,54.288,LOWER_ROUTE_LOAD_CONTEXT,IB2_EFFORT_HIGH|SLOPE_LOAD_FALLBACK_VERTICAL_RANGE,WEATHER_ACTIVITY_LEVEL_ONLY|WEATHER_HUMID_CONTEXT|WEATHER_WIND_GUST_CONTEXT|WEATHER_HIGH_UV_CONTEXT,BEHAVIOR_RELATIVE_HIGH_HR_RESPONSE|BEHAVIOR_LOW_SPEED_RESPONSE,NONE,IB2_EFFORT_HIGH|IB2_WEATHER_SENSITIVE_ROUTE_EXPOSURE_CONTEXT|WEATHER_ACTIVITY_LEVEL_ONLY|WEATHER_HUMID_CONTEXT|WEATHER_WIND_GUST_CONTEXT|WEATHER_HIGH_UV_CONTEXT|BEHAVIOR_RELATIVE_HIGH_HR_RESPONSE|BEHAVIOR_LOW_SPEED_RESPONSE|ROUTE_PHASE_UNKNOWN|OSM_PROXIMITY_NOT_USAGE|SLOPE_LOAD_FALLBACK_VERTICAL_RANGE,HIGH_ROUTE_OR_IB2_CONTEXT,"Descriptive planning context evidence only. This is not ability scoring, not route suitability scoring, not THCI/radar scoring, and not a final hiking risk assessment. Weather is activity-level context unless an explicit safe route-window source is used. OSM proximity is not proof of facility use. IB3D/event annotations are not causality evidence."
43_1,1750,1850,2,CONSERVATIVE_PLANNING_RECOMMENDED,68.102,HIGH_ROUTE_LOAD_CONTEXT,ROUTE_LOAD_HIGH_CONTEXT|IB2_EFFORT_HIGH|STEPS_SURFACE_HIGH,WEATHER_ACTIVITY_LEVEL_ONLY|WEATHER_HUMID_CONTEXT|WEATHER_WIND_GUST_CONTEXT|WEATHER_HIGH_UV_CONTEXT,BEHAVIOR_RELATIVE_HIGH_HR_RESPONSE|BEHAVIOR_LOW_SPEED_RESPONSE|BEHAVIOR_LOW_SPEED_RATIO_HIGH|BEHAVIOR_STOP_RESPONSE,NONE,ROUTE_LOAD_HIGH_CONTEXT|IB2_EFFORT_HIGH|STEPS_SURFACE_HIGH|IB2_NAVIGATION_CONTEXT|IB2_WEATHER_SENSITIVE_ROUTE_EXPOSURE_CONTEXT|GUIDEPOST_PROXIMITY_CONTEXT|WEATHER_ACTIVITY_LEVEL_ONLY|WEATHER_HUMID_CONTEXT|WEATHER_WIND_GUST_CONTEXT|WEATHER_HIGH_UV_CONTEXT|BEHAVIOR_RELATIVE_HIGH_HR_RESPONSE|BEHAVIOR_LOW_SPEED_RESPONSE|BEHAVIOR_LOW_SPEED_RATIO_HIGH|ROUTE_PHASE_UNKNOWN|OSM_PROXIMITY_NOT_USAGE|BEHAVIOR_STOP_RESPONSE,ROUTE_LOAD_BEHAVIOR_CANDIDATE|IB2_OR_WEATHER_CONTEXT_PRESENT,"Descriptive planning context evidence only. This is not ability scoring, not route suitability scoring, not THCI/radar scoring, and not a final hiking risk assessment. Weather is activity-level context unless an explicit safe route-window source is used. OSM proximity is not proof of facility use. IB3D/event annotations are not causality evidence."
43_1,1850,1900,1,TURNAROUND_CONDITION_REVIEW_RECOMMENDED,91.158,VERY_HIGH_ROUTE_LOAD_CONTEXT,ROUTE_LOAD_HIGH_CONTEXT|ROUTE_LOAD_VERY_HIGH_CONTEXT|VERTICAL_RANGE_HIGH|SLOPE_HIGH|IB2_EFFORT_HIGH|TERRAIN_HIGH|STEPS_SURFACE_HIGH|SLOPE_LOAD_FALLBACK_VERTICAL_RANGE,WEATHER_ACTIVITY_LEVEL_ONLY|WEATHER_HUMID_CONTEXT|WEATHER_WIND_GUST_CONTEXT|WEATHER_HIGH_UV_CONTEXT,BEHAVIOR_RELATIVE_HIGH_HR_RESPONSE|BEHAVIOR_LOW_SPEED_RESPONSE|BEHAVIOR_LOW_SPEED_RATIO_HIGH|BEHAVIOR_STOP_RESPONSE,NONE,ROUTE_LOAD_HIGH_CONTEXT|ROUTE_LOAD_VERY_HIGH_CONTEXT|VERTICAL_RANGE_HIGH|SLOPE_HIGH|IB2_EFFORT_HIGH|TERRAIN_HIGH|STEPS_SURFACE_HIGH|SLOPE_LOAD_FALLBACK_VERTICAL_RANGE|IB2_WEATHER_SENSITIVE_ROUTE_EXPOSURE_CONTEXT|WEATHER_ACTIVITY_LEVEL_ONLY|WEATHER_HUMID_CONTEXT|WEATHER_WIND_GUST_CONTEXT|WEATHER_HIGH_UV_CONTEXT|BEHAVIOR_RELATIVE_HIGH_HR_RESPONSE|BEHAVIOR_LOW_SPEED_RESPONSE|BEHAVIOR_LOW_SPEED_RATIO_HIGH|BEHAVIOR_STOP_RESPONSE|ROUTE_PHASE_UNKNOWN|OSM_PROXIMITY_NOT_USAGE,VERY_HIGH_ROUTE_LOAD_CONTEXT|ROUTE_LOAD_BEHAVIOR_CANDIDATE|IB2_OR_WEATHER_CONTEXT_PRESENT,"Descriptive planning context evidence only. This is not ability scoring, not route suitability scoring, not THCI/radar scoring, and not a final hiking risk assessment. Weather is activity-level context unless an explicit safe route-window source is used. OSM proximity is not proof of facility use. IB3D/event annotations are not causality evidence."
43_1,1900,1950,1,REVIEW_FOR_CONSERVATIVE_PLANNING,51.149,MODERATE_ROUTE_LOAD_CONTEXT,IB2_EFFORT_HIGH|STEPS_SURFACE_HIGH|SLOPE_LOAD_FALLBACK_VERTICAL_RANGE,WEATHER_ACTIVITY_LEVEL_ONLY|WEATHER_HUMID_CONTEXT|WEATHER_WIND_GUST_CONTEXT|WEATHER_HIGH_UV_CONTEXT,BEHAVIOR_LOW_SPEED_RESPONSE,NONE,IB2_EFFORT_HIGH|STEPS_SURFACE_HIGH|SLOPE_LOAD_FALLBACK_VERTICAL_RANGE|IB2_NAVIGATION_CONTEXT|IB2_WEATHER_SENSITIVE_ROUTE_EXPOSURE_CONTEXT|GUIDEPOST_PROXIMITY_CONTEXT|WEATHER_ACTIVITY_LEVEL_ONLY|WEATHER_HUMID_CONTEXT|WEATHER_WIND_GUST_CONTEXT|WEATHER_HIGH_UV_CONTEXT|BEHAVIOR_LOW_SPEED_RESPONSE|ROUTE_PHASE_UNKNOWN|OSM_PROXIMITY_NOT_USAGE,HIGH_ROUTE_OR_IB2_CONTEXT,"Descriptive planning context evidence only. This is not ability scoring, not route suitability scoring, not THCI/radar scoring, and not a final hiking risk assessment. Weather is activity-level context unless an explicit safe route-window source is used. OSM proximity is not proof of facility use. IB3D/event annotations are not causality evidence."
43_1,1950,2050,2,TURNAROUND_CONDITION_REVIEW_RECOMMENDED,83.959,VERY_HIGH_ROUTE_LOAD_CONTEXT,ROUTE_LOAD_HIGH_CONTEXT|ROUTE_LOAD_VERY_HIGH_CONTEXT|VERTICAL_RANGE_HIGH|SLOPE_HIGH|IB2_EFFORT_HIGH|STEPS_SURFACE_HIGH|SLOPE_LOAD_FALLBACK_VERTICAL_RANGE,WEATHER_ACTIVITY_LEVEL_ONLY|WEATHER_HUMID_CONTEXT|WEATHER_WIND_GUST_CONTEXT|WEATHER_HIGH_UV_CONTEXT,BEHAVIOR_RELATIVE_HIGH_HR_RESPONSE|BEHAVIOR_LOW_SPEED_RESPONSE|BEHAVIOR_LOW_SPEED_RATIO_HIGH|BEHAVIOR_STOP_RESPONSE,NONE,ROUTE_LOAD_HIGH_CONTEXT|ROUTE_LOAD_VERY_HIGH_CONTEXT|VERTICAL_RANGE_HIGH|SLOPE_HIGH|IB2_EFFORT_HIGH|STEPS_SURFACE_HIGH|SLOPE_LOAD_FALLBACK_VERTICAL_RANGE|IB2_NAVIGATION_CONTEXT|IB2_WEATHER_SENSITIVE_ROUTE_EXPOSURE_CONTEXT|GUIDEPOST_PROXIMITY_CONTEXT|WEATHER_ACTIVITY_LEVEL_ONLY|WEATHER_HUMID_CONTEXT|WEATHER_WIND_GUST_CONTEXT|WEATHER_HIGH_UV_CONTEXT|BEHAVIOR_RELATIVE_HIGH_HR_RESPONSE|BEHAVIOR_LOW_SPEED_RESPONSE|BEHAVIOR_LOW_SPEED_RATIO_HIGH|BEHAVIOR_STOP_RESPONSE|ROUTE_PHASE_UNKNOWN|OSM_PROXIMITY_NOT_USAGE,VERY_HIGH_ROUTE_LOAD_CONTEXT|ROUTE_LOAD_BEHAVIOR_CANDIDATE|IB2_OR_WEATHER_CONTEXT_PRESENT,"Descriptive planning context evidence only. This is not ability scoring, not route suitability scoring, not THCI/radar scoring, and not a final hiking risk assessment. Weather is activity-level context unless an explicit safe route-window source is used. OSM proximity is not proof of facility use. IB3D/event annotations are not causality evidence."
43_1,2050,2150,2,REVIEW_FOR_CONSERVATIVE_PLANNING,57.736,MODERATE_ROUTE_LOAD_CONTEXT,IB2_EFFORT_HIGH|STEPS_SURFACE_HIGH,WEATHER_ACTIVITY_LEVEL_ONLY|WEATHER_HUMID_CONTEXT|WEATHER_WIND_GUST_CONTEXT|WEATHER_HIGH_UV_CONTEXT,BEHAVIOR_LOW_SPEED_RESPONSE|BEHAVIOR_STOP_RESPONSE|BEHAVIOR_RELATIVE_HIGH_HR_RESPONSE|BEHAVIOR_LOW_SPEED_RATIO_HIGH,EVENT_HIGH_HR_RECOVERY_STOP,IB2_EFFORT_HIGH|STEPS_SURFACE_HIGH|IB2_NAVIGATION_CONTEXT|IB2_WEATHER_SENSITIVE_ROUTE_EXPOSURE_CONTEXT|GUIDEPOST_PROXIMITY_CONTEXT|WEATHER_ACTIVITY_LEVEL_ONLY|WEATHER_HUMID_CONTEXT|WEATHER_WIND_GUST_CONTEXT|WEATHER_HIGH_UV_CONTEXT|BEHAVIOR_LOW_SPEED_RESPONSE|BEHAVIOR_STOP_RESPONSE|ROUTE_PHASE_UNKNOWN|OSM_PROXIMITY_NOT_USAGE|BEHAVIOR_RELATIVE_HIGH_HR_RESPONSE|BEHAVIOR_LOW_SPEED_RATIO_HIGH,HIGH_ROUTE_OR_IB2_CONTEXT,"Descriptive planning context evidence only. This is not ability scoring, not route suitability scoring, not THCI/radar scoring, and not a final hiking risk assessment. Weather is activity-level context unless an explicit safe route-window source is used. OSM proximity is not proof of facility use. IB3D/event annotations are not causality evidence."
43_1,2150,2200,1,TURNAROUND_CONDITION_REVIEW_RECOMMENDED,86.776,VERY_HIGH_ROUTE_LOAD_CONTEXT,ROUTE_LOAD_HIGH_CONTEXT|ROUTE_LOAD_VERY_HIGH_CONTEXT|VERTICAL_RANGE_HIGH|SLOPE_HIGH|IB2_EFFORT_HIGH|STEPS_SURFACE_HIGH,WEATHER_ACTIVITY_LEVEL_ONLY|WEATHER_HUMID_CONTEXT|WEATHER_WIND_GUST_CONTEXT|WEATHER_HIGH_UV_CONTEXT,BEHAVIOR_LOW_SPEED_RESPONSE|BEHAVIOR_LOW_SPEED_RATIO_HIGH,EVENT_HIGH_HR_RECOVERY_STOP,ROUTE_LOAD_HIGH_CONTEXT|ROUTE_LOAD_VERY_HIGH_CONTEXT|VERTICAL_RANGE_HIGH|SLOPE_HIGH|IB2_EFFORT_HIGH|STEPS_SURFACE_HIGH|IB2_WEATHER_SENSITIVE_ROUTE_EXPOSURE_CONTEXT|WEATHER_ACTIVITY_LEVEL_ONLY|WEATHER_HUMID_CONTEXT|WEATHER_WIND_GUST_CONTEXT|WEATHER_HIGH_UV_CONTEXT|BEHAVIOR_LOW_SPEED_RESPONSE|BEHAVIOR_LOW_SPEED_RATIO_HIGH|ROUTE_PHASE_UNKNOWN|OSM_PROXIMITY_NOT_USAGE,VERY_HIGH_ROUTE_LOAD_CONTEXT|ROUTE_LOAD_BEHAVIOR_CANDIDATE|IB2_OR_WEATHER_CONTEXT_PRESENT,"Descriptive planning context evidence only. This is not ability scoring, not route suitability scoring, not THCI/radar scoring, and not a final hiking risk assessment. Weather is activity-level context unless an explicit safe route-window source is used. OSM proximity is not proof of facility use. IB3D/event annotations are not causality evidence."
43_1,2200,2250,1,CONSERVATIVE_PLANNING_RECOMMENDED,78.758,HIGH_ROUTE_LOAD_CONTEXT,ROUTE_LOAD_HIGH_CONTEXT|IB2_EFFORT_HIGH|STEPS_SURFACE_HIGH,WEATHER_ACTIVITY_LEVEL_ONLY|WEATHER_HUMID_CONTEXT|WEATHER_WIND_GUST_CONTEXT|WEATHER_HIGH_UV_CONTEXT,BEHAVIOR_LOW_SPEED_RESPONSE|BEHAVIOR_LOW_SPEED_RATIO_HIGH,NONE,ROUTE_LOAD_HIGH_CONTEXT|IB2_EFFORT_HIGH|STEPS_SURFACE_HIGH|IB2_NAVIGATION_CONTEXT|IB2_WEATHER_SENSITIVE_ROUTE_EXPOSURE_CONTEXT|GUIDEPOST_PROXIMITY_CONTEXT|WEATHER_ACTIVITY_LEVEL_ONLY|WEATHER_HUMID_CONTEXT|WEATHER_WIND_GUST_CONTEXT|WEATHER_HIGH_UV_CONTEXT|BEHAVIOR_LOW_SPEED_RESPONSE|BEHAVIOR_LOW_SPEED_RATIO_HIGH|ROUTE_PHASE_UNKNOWN|OSM_PROXIMITY_NOT_USAGE,ROUTE_LOAD_BEHAVIOR_CANDIDATE|IB2_OR_WEATHER_CONTEXT_PRESENT,"Descriptive planning context evidence only. This is not ability scoring, not route suitability scoring, not THCI/radar scoring, and not a final hiking risk assessment. Weather is activity-level context unless an explicit safe route-window source is used. OSM proximity is not proof of facility use. IB3D/event annotations are not causality evidence."
43_1,2250,2300,1,REVIEW_FOR_CONSERVATIVE_PLANNING,50.911,MODERATE_ROUTE_LOAD_CONTEXT,IB2_EFFORT_HIGH|STEPS_SURFACE_HIGH,WEATHER_ACTIVITY_LEVEL_ONLY|WEATHER_HUMID_CONTEXT|WEATHER_WIND_GUST_CONTEXT|WEATHER_HIGH_UV_CONTEXT,NONE,NONE,IB2_EFFORT_HIGH|STEPS_SURFACE_HIGH|IB2_NAVIGATION_CONTEXT|IB2_WEATHER_SENSITIVE_ROUTE_EXPOSURE_CONTEXT|GUIDEPOST_PROXIMITY_CONTEXT|WEATHER_ACTIVITY_LEVEL_ONLY|WEATHER_HUMID_CONTEXT|WEATHER_WIND_GUST_CONTEXT|WEATHER_HIGH_UV_CONTEXT|ROUTE_PHASE_UNKNOWN|OSM_PROXIMITY_NOT_USAGE,HIGH_ROUTE_OR_IB2_CONTEXT,"Descriptive planning context evidence only. This is not ability scoring, not route suitability scoring, not THCI/radar scoring, and not a final hiking risk assessment. Weather is activity-level context unless an explicit safe route-window source is used. OSM proximity is not proof of facility use. IB3D/event annotations are not causality evidence."
43_1,2300,2350,1,TURNAROUND_CONDITION_REVIEW_RECOMMENDED,95.562,VERY_HIGH_ROUTE_LOAD_CONTEXT,ROUTE_LOAD_HIGH_CONTEXT|ROUTE_LOAD_VERY_HIGH_CONTEXT|VERTICAL_RANGE_HIGH|SLOPE_HIGH|IB2_EFFORT_HIGH|TERRAIN_HIGH|STEPS_SURFACE_HIGH|SLOPE_LOAD_FALLBACK_VERTICAL_RANGE,WEATHER_ACTIVITY_LEVEL_ONLY|WEATHER_HUMID_CONTEXT|WEATHER_WIND_GUST_CONTEXT|WEATHER_HIGH_UV_CONTEXT,BEHAVIOR_LOW_SPEED_RESPONSE|BEHAVIOR_LOW_SPEED_RATIO_HIGH,EVENT_HIGH_HR_RECOVERY_STOP,ROUTE_LOAD_HIGH_CONTEXT|ROUTE_LOAD_VERY_HIGH_CONTEXT|VERTICAL_RANGE_HIGH|SLOPE_HIGH|IB2_EFFORT_HIGH|TERRAIN_HIGH|STEPS_SURFACE_HIGH|SLOPE_LOAD_FALLBACK_VERTICAL_RANGE|IB2_WEATHER_SENSITIVE_ROUTE_EXPOSURE_CONTEXT|WEATHER_ACTIVITY_LEVEL_ONLY|WEATHER_HUMID_CONTEXT|WEATHER_WIND_GUST_CONTEXT|WEATHER_HIGH_UV_CONTEXT|BEHAVIOR_LOW_SPEED_RESPONSE|BEHAVIOR_LOW_SPEED_RATIO_HIGH|ROUTE_PHASE_UNKNOWN|OSM_PROXIMITY_NOT_USAGE,VERY_HIGH_ROUTE_LOAD_CONTEXT|ROUTE_LOAD_BEHAVIOR_CANDIDATE|IB2_OR_WEATHER_CONTEXT_PRESENT,"Descriptive planning context evidence only. This is not ability scoring, not route suitability scoring, not THCI/radar scoring, and not a final hiking risk assessment. Weather is activity-level context unless an explicit safe route-window source is used. OSM proximity is not proof of facility use. IB3D/event annotations are not causality evidence."
43_1,2350,2400,1,CONSERVATIVE_PLANNING_RECOMMENDED,67.8,HIGH_ROUTE_LOAD_CONTEXT,ROUTE_LOAD_HIGH_CONTEXT|IB2_EFFORT_HIGH,WEATHER_ACTIVITY_LEVEL_ONLY|WEATHER_HUMID_CONTEXT|WEATHER_WIND_GUST_CONTEXT|WEATHER_HIGH_UV_CONTEXT,BEHAVIOR_LOW_SPEED_RESPONSE|BEHAVIOR_LOW_SPEED_RATIO_HIGH|BEHAVIOR_STOP_RESPONSE,EVENT_HIGH_HR_RECOVERY_STOP|EVENT_SHORT_PAUSE,ROUTE_LOAD_HIGH_CONTEXT|IB2_EFFORT_HIGH|IB2_NAVIGATION_CONTEXT|IB2_WEATHER_SENSITIVE_ROUTE_EXPOSURE_CONTEXT|GUIDEPOST_PROXIMITY_CONTEXT|WEATHER_ACTIVITY_LEVEL_ONLY|WEATHER_HUMID_CONTEXT|WEATHER_WIND_GUST_CONTEXT|WEATHER_HIGH_UV_CONTEXT|BEHAVIOR_LOW_SPEED_RESPONSE|BEHAVIOR_LOW_SPEED_RATIO_HIGH|BEHAVIOR_STOP_RESPONSE|ROUTE_PHASE_UNKNOWN|OSM_PROXIMITY_NOT_USAGE,ROUTE_LOAD_BEHAVIOR_CANDIDATE|IB2_OR_WEATHER_CONTEXT_PRESENT,"Descriptive planning context evidence only. This is not ability scoring, not route suitability scoring, not THCI/radar scoring, and not a final hiking risk assessment. Weather is activity-level context unless an explicit safe route-window source is used. OSM proximity is not proof of facility use. IB3D/event annotations are not causality evidence."
43_1,2400,2500,2,REVIEW_FOR_CONSERVATIVE_PLANNING,51.894,LOWER_ROUTE_LOAD_CONTEXT,IB2_EFFORT_HIGH|SLOPE_LOAD_FALLBACK_VERTICAL_RANGE,WEATHER_ACTIVITY_LEVEL_ONLY|WEATHER_HUMID_CONTEXT|WEATHER_WIND_GUST_CONTEXT|WEATHER_HIGH_UV_CONTEXT,BEHAVIOR_RELATIVE_HIGH_HR_RESPONSE|BEHAVIOR_LOW_SPEED_RESPONSE|BEHAVIOR_LOW_SPEED_RATIO_HIGH,EVENT_HIGH_HR_RECOVERY_STOP,IB2_EFFORT_HIGH|SLOPE_LOAD_FALLBACK_VERTICAL_RANGE|IB2_NAVIGATION_CONTEXT|IB2_WEATHER_SENSITIVE_ROUTE_EXPOSURE_CONTEXT|GUIDEPOST_PROXIMITY_CONTEXT|WEATHER_ACTIVITY_LEVEL_ONLY|WEATHER_HUMID_CONTEXT|WEATHER_WIND_GUST_CONTEXT|WEATHER_HIGH_UV_CONTEXT|BEHAVIOR_RELATIVE_HIGH_HR_RESPONSE|BEHAVIOR_LOW_SPEED_RESPONSE|BEHAVIOR_LOW_SPEED_RATIO_HIGH|ROUTE_PHASE_UNKNOWN|OSM_PROXIMITY_NOT_USAGE,HIGH_ROUTE_OR_IB2_CONTEXT,"Descriptive planning context evidence only. This is not ability scoring, not route suitability scoring, not THCI/radar scoring, and not a final hiking risk assessment. Weather is activity-level context unless an explicit safe route-window source is used. OSM proximity is not proof of facility use. IB3D/event annotations are not causality evidence."
43_1,2500,2550,1,CONSERVATIVE_PLANNING_RECOMMENDED,62.538,HIGH_ROUTE_LOAD_CONTEXT,ROUTE_LOAD_HIGH_CONTEXT|IB2_EFFORT_HIGH|TERRAIN_HIGH|STEPS_SURFACE_HIGH|SLOPE_LOAD_FALLBACK_VERTICAL_RANGE,WEATHER_ACTIVITY_LEVEL_ONLY|WEATHER_HUMID_CONTEXT|WEATHER_WIND_GUST_CONTEXT|WEATHER_HIGH_UV_CONTEXT,BEHAVIOR_RELATIVE_HIGH_HR_RESPONSE|BEHAVIOR_LOW_SPEED_RESPONSE|BEHAVIOR_LOW_SPEED_RATIO_HIGH,NONE,ROUTE_LOAD_HIGH_CONTEXT|IB2_EFFORT_HIGH|TERRAIN_HIGH|STEPS_SURFACE_HIGH|SLOPE_LOAD_FALLBACK_VERTICAL_RANGE|IB2_WEATHER_SENSITIVE_ROUTE_EXPOSURE_CONTEXT|WEATHER_ACTIVITY_LEVEL_ONLY|WEATHER_HUMID_CONTEXT|WEATHER_WIND_GUST_CONTEXT|WEATHER_HIGH_UV_CONTEXT|BEHAVIOR_RELATIVE_HIGH_HR_RESPONSE|BEHAVIOR_LOW_SPEED_RESPONSE|BEHAVIOR_LOW_SPEED_RATIO_HIGH|ROUTE_PHASE_UNKNOWN|OSM_PROXIMITY_NOT_USAGE,ROUTE_LOAD_BEHAVIOR_CANDIDATE|IB2_OR_WEATHER_CONTEXT_PRESENT,"Descriptive planning context evidence only. This is not ability scoring, not route suitability scoring, not THCI/radar scoring, and not a final hiking risk assessment. Weather is activity-level context unless an explicit safe route-window source is used. OSM proximity is not proof of facility use. IB3D/event annotations are not causality evidence."
43_1,2550,2850,6,TURNAROUND_CONDITION_REVIEW_RECOMMENDED,100.0,VERY_HIGH_ROUTE_LOAD_CONTEXT,ROUTE_LOAD_HIGH_CONTEXT|ROUTE_LOAD_VERY_HIGH_CONTEXT|VERTICAL_RANGE_HIGH|SLOPE_HIGH|IB2_EFFORT_HIGH|TERRAIN_HIGH|STEPS_SURFACE_HIGH|SLOPE_LOAD_FALLBACK_VERTICAL_RANGE,WEATHER_ACTIVITY_LEVEL_ONLY|WEATHER_HUMID_CONTEXT|WEATHER_WIND_GUST_CONTEXT|WEATHER_HIGH_UV_CONTEXT,BEHAVIOR_RELATIVE_HIGH_HR_RESPONSE|BEHAVIOR_LOW_SPEED_RESPONSE|BEHAVIOR_LOW_SPEED_RATIO_HIGH|BEHAVIOR_STOP_RESPONSE,EVENT_HIGH_HR_RECOVERY_STOP|EVENT_SHORT_PAUSE,ROUTE_LOAD_HIGH_CONTEXT|ROUTE_LOAD_VERY_HIGH_CONTEXT|VERTICAL_RANGE_HIGH|SLOPE_HIGH|IB2_EFFORT_HIGH|TERRAIN_HIGH|STEPS_SURFACE_HIGH|IB2_WEATHER_SENSITIVE_ROUTE_EXPOSURE_CONTEXT|WEATHER_ACTIVITY_LEVEL_ONLY|WEATHER_HUMID_CONTEXT|WEATHER_WIND_GUST_CONTEXT|WEATHER_HIGH_UV_CONTEXT|BEHAVIOR_RELATIVE_HIGH_HR_RESPONSE|BEHAVIOR_LOW_SPEED_RESPONSE|BEHAVIOR_LOW_SPEED_RATIO_HIGH|ROUTE_PHASE_UNKNOWN|OSM_PROXIMITY_NOT_USAGE|SLOPE_LOAD_FALLBACK_VERTICAL_RANGE|BEHAVIOR_STOP_RESPONSE,VERY_HIGH_ROUTE_LOAD_CONTEXT|ROUTE_LOAD_BEHAVIOR_CANDIDATE|IB2_OR_WEATHER_CONTEXT_PRESENT,"Descriptive planning context evidence only. This is not ability scoring, not route suitability scoring, not THCI/radar scoring, and not a final hiking risk assessment. Weather is activity-level context unless an explicit safe route-window source is used. OSM proximity is not proof of facility use. IB3D/event annotations are not causality evidence."
43_1,2850,3000,3,CONSERVATIVE_PLANNING_RECOMMENDED,69.586,HIGH_ROUTE_LOAD_CONTEXT,ROUTE_LOAD_HIGH_CONTEXT|IB2_EFFORT_HIGH|SLOPE_LOAD_FALLBACK_VERTICAL_RANGE|STEPS_SURFACE_HIGH,WEATHER_ACTIVITY_LEVEL_ONLY|WEATHER_HUMID_CONTEXT|WEATHER_WIND_GUST_CONTEXT|WEATHER_HIGH_UV_CONTEXT,BEHAVIOR_LOW_SPEED_RESPONSE|BEHAVIOR_LOW_SPEED_RATIO_HIGH|BEHAVIOR_RELATIVE_HIGH_HR_RESPONSE,EVENT_SHORT_PAUSE,ROUTE_LOAD_HIGH_CONTEXT|IB2_EFFORT_HIGH|SLOPE_LOAD_FALLBACK_VERTICAL_RANGE|IB2_WEATHER_SENSITIVE_ROUTE_EXPOSURE_CONTEXT|WEATHER_ACTIVITY_LEVEL_ONLY|WEATHER_HUMID_CONTEXT|WEATHER_WIND_GUST_CONTEXT|WEATHER_HIGH_UV_CONTEXT|BEHAVIOR_LOW_SPEED_RESPONSE|BEHAVIOR_LOW_SPEED_RATIO_HIGH|ROUTE_PHASE_UNKNOWN|OSM_PROXIMITY_NOT_USAGE|STEPS_SURFACE_HIGH|BEHAVIOR_RELATIVE_HIGH_HR_RESPONSE,ROUTE_LOAD_BEHAVIOR_CANDIDATE|IB2_OR_WEATHER_CONTEXT_PRESENT,"Descriptive planning context evidence only. This is not ability scoring, not route suitability scoring, not THCI/radar scoring, and not a final hiking risk assessment. Weather is activity-level context unless an explicit safe route-window source is used. OSM proximity is not proof of facility use. IB3D/event annotations are not causality evidence."
43_1,3000,3600,12,REVIEW_FOR_CONSERVATIVE_PLANNING,42.177,LOWER_ROUTE_LOAD_CONTEXT,SLOPE_LOAD_FALLBACK_VERTICAL_RANGE|SLOPE_HIGH,WEATHER_ACTIVITY_LEVEL_ONLY|WEATHER_HUMID_CONTEXT|WEATHER_WIND_GUST_CONTEXT|WEATHER_HIGH_UV_CONTEXT,BEHAVIOR_LOW_SPEED_RESPONSE|BEHAVIOR_RELATIVE_HIGH_HR_RESPONSE|BEHAVIOR_LOW_SPEED_RATIO_HIGH,EVENT_SHORT_PAUSE,SLOPE_LOAD_FALLBACK_VERTICAL_RANGE|IB2_WEATHER_SENSITIVE_ROUTE_EXPOSURE_CONTEXT|WEATHER_ACTIVITY_LEVEL_ONLY|WEATHER_HUMID_CONTEXT|WEATHER_WIND_GUST_CONTEXT|WEATHER_HIGH_UV_CONTEXT|BEHAVIOR_LOW_SPEED_RESPONSE|ROUTE_PHASE_UNKNOWN|OSM_PROXIMITY_NOT_USAGE|BEHAVIOR_RELATIVE_HIGH_HR_RESPONSE|BEHAVIOR_LOW_SPEED_RATIO_HIGH|IB2_SUPPORT_CONTEXT|IB2_NAVIGATION_CONTEXT|GUIDEPOST_PROXIMITY_CONTEXT|SLOPE_HIGH|SHELTER_PROXIMITY_CONTEXT,HIGH_ROUTE_OR_IB2_CONTEXT,"Descriptive planning context evidence only. This is not ability scoring, not route suitability scoring, not THCI/radar scoring, and not a final hiking risk assessment. Weather is activity-level context unless an explicit safe route-window source is used. OSM proximity is not proof of facility use. IB3D/event annotations are not causality evidence."
43_1,3600,3800,4,CONSERVATIVE_PLANNING_RECOMMENDED,78.572,HIGH_ROUTE_LOAD_CONTEXT,ROUTE_LOAD_HIGH_CONTEXT|IB2_EFFORT_HIGH|STEPS_SURFACE_HIGH|SLOPE_LOAD_FALLBACK_VERTICAL_RANGE|TERRAIN_HIGH,WEATHER_ACTIVITY_LEVEL_ONLY|WEATHER_HUMID_CONTEXT|WEATHER_WIND_GUST_CONTEXT|WEATHER_HIGH_UV_CONTEXT,BEHAVIOR_LOW_SPEED_RESPONSE|BEHAVIOR_LOW_SPEED_RATIO_HIGH|BEHAVIOR_STOP_RESPONSE|BEHAVIOR_RELATIVE_HIGH_HR_RESPONSE,EVENT_SHORT_PAUSE,ROUTE_LOAD_HIGH_CONTEXT|IB2_EFFORT_HIGH|STEPS_SURFACE_HIGH|SLOPE_LOAD_FALLBACK_VERTICAL_RANGE|IB2_WEATHER_SENSITIVE_ROUTE_EXPOSURE_CONTEXT|SHELTER_PROXIMITY_CONTEXT|WEATHER_ACTIVITY_LEVEL_ONLY|WEATHER_HUMID_CONTEXT|WEATHER_WIND_GUST_CONTEXT|WEATHER_HIGH_UV_CONTEXT|BEHAVIOR_LOW_SPEED_RESPONSE|BEHAVIOR_LOW_SPEED_RATIO_HIGH|BEHAVIOR_STOP_RESPONSE|ROUTE_PHASE_UNKNOWN|OSM_PROXIMITY_NOT_USAGE|TERRAIN_HIGH|BEHAVIOR_RELATIVE_HIGH_HR_RESPONSE,ROUTE_LOAD_BEHAVIOR_CANDIDATE|IB2_OR_WEATHER_CONTEXT_PRESENT,"Descriptive planning context evidence only. This is not ability scoring, not route suitability scoring, not THCI/radar scoring, and not a final hiking risk assessment. Weather is activity-level context unless an explicit safe route-window source is used. OSM proximity is not proof of facility use. IB3D/event annotations are not causality evidence."
43_1,3800,4050,5,TURNAROUND_CONDITION_REVIEW_RECOMMENDED,100.0,VERY_HIGH_ROUTE_LOAD_CONTEXT,ROUTE_LOAD_HIGH_CONTEXT|ROUTE_LOAD_VERY_HIGH_CONTEXT|IB2_EFFORT_HIGH|TERRAIN_HIGH|STEPS_SURFACE_HIGH|SLOPE_LOAD_FALLBACK_VERTICAL_RANGE|SLOPE_HIGH|VERTICAL_RANGE_HIGH,WEATHER_ACTIVITY_LEVEL_ONLY|WEATHER_HUMID_CONTEXT|WEATHER_WIND_GUST_CONTEXT|WEATHER_HIGH_UV_CONTEXT,BEHAVIOR_LOW_SPEED_RESPONSE|BEHAVIOR_LOW_SPEED_RATIO_HIGH|BEHAVIOR_RELATIVE_HIGH_HR_RESPONSE,EVENT_SHORT_PAUSE|EVENT_HIGH_HR_RECOVERY_STOP,ROUTE_LOAD_HIGH_CONTEXT|ROUTE_LOAD_VERY_HIGH_CONTEXT|IB2_EFFORT_HIGH|TERRAIN_HIGH|STEPS_SURFACE_HIGH|SLOPE_LOAD_FALLBACK_VERTICAL_RANGE|IB2_WEATHER_SENSITIVE_ROUTE_EXPOSURE_CONTEXT|WEATHER_ACTIVITY_LEVEL_ONLY|WEATHER_HUMID_CONTEXT|WEATHER_WIND_GUST_CONTEXT|WEATHER_HIGH_UV_CONTEXT|BEHAVIOR_LOW_SPEED_RESPONSE|BEHAVIOR_LOW_SPEED_RATIO_HIGH|ROUTE_PHASE_UNKNOWN|OSM_PROXIMITY_NOT_USAGE|SLOPE_HIGH|VERTICAL_RANGE_HIGH|WATERWAY_PROXIMITY_CONTEXT|BEHAVIOR_RELATIVE_HIGH_HR_RESPONSE,VERY_HIGH_ROUTE_LOAD_CONTEXT|ROUTE_LOAD_BEHAVIOR_CANDIDATE|IB2_OR_WEATHER_CONTEXT_PRESENT,"Descriptive planning context evidence only. This is not ability scoring, not route suitability scoring, not THCI/radar scoring, and not a final hiking risk assessment. Weather is activity-level context unless an explicit safe route-window source is used. OSM proximity is not proof of facility use. IB3D/event annotations are not causality evidence."
43_1,4050,4100,1,CONSERVATIVE_PLANNING_RECOMMENDED,71.007,HIGH_ROUTE_LOAD_CONTEXT,ROUTE_LOAD_HIGH_CONTEXT|IB2_EFFORT_HIGH|STEPS_SURFACE_HIGH|SLOPE_LOAD_FALLBACK_VERTICAL_RANGE,WEATHER_ACTIVITY_LEVEL_ONLY|WEATHER_HUMID_CONTEXT|WEATHER_WIND_GUST_CONTEXT|WEATHER_HIGH_UV_CONTEXT,BEHAVIOR_LOW_SPEED_RESPONSE,NONE,ROUTE_LOAD_HIGH_CONTEXT|IB2_EFFORT_HIGH|STEPS_SURFACE_HIGH|SLOPE_LOAD_FALLBACK_VERTICAL_RANGE|IB2_WEATHER_SENSITIVE_ROUTE_EXPOSURE_CONTEXT|WATERWAY_PROXIMITY_CONTEXT|WEATHER_ACTIVITY_LEVEL_ONLY|WEATHER_HUMID_CONTEXT|WEATHER_WIND_GUST_CONTEXT|WEATHER_HIGH_UV_CONTEXT|BEHAVIOR_LOW_SPEED_RESPONSE|ROUTE_PHASE_UNKNOWN|OSM_PROXIMITY_NOT_USAGE,ROUTE_LOAD_BEHAVIOR_CANDIDATE|IB2_OR_WEATHER_CONTEXT_PRESENT,"Descriptive planning context evidence only. This is not ability scoring, not route suitability scoring, not THCI/radar scoring, and not a final hiking risk assessment. Weather is activity-level context unless an explicit safe route-window source is used. OSM proximity is not proof of facility use. IB3D/event annotations are not causality evidence."
43_1,4100,4200,2,REVIEW_FOR_CONSERVATIVE_PLANNING,57.835,LOWER_ROUTE_LOAD_CONTEXT,IB2_EFFORT_HIGH|STEPS_SURFACE_HIGH|SLOPE_LOAD_FALLBACK_VERTICAL_RANGE,WEATHER_ACTIVITY_LEVEL_ONLY|WEATHER_HUMID_CONTEXT|WEATHER_WIND_GUST_CONTEXT|WEATHER_HIGH_UV_CONTEXT,BEHAVIOR_LOW_SPEED_RESPONSE,TERMINAL_ARTIFACT_REVIEW_ONLY,IB2_NAVIGATION_CONTEXT|IB2_WEATHER_SENSITIVE_ROUTE_EXPOSURE_CONTEXT|WATERWAY_PROXIMITY_CONTEXT|GUIDEPOST_PROXIMITY_CONTEXT|WEATHER_ACTIVITY_LEVEL_ONLY|WEATHER_HUMID_CONTEXT|WEATHER_WIND_GUST_CONTEXT|WEATHER_HIGH_UV_CONTEXT|ROUTE_PHASE_UNKNOWN|OSM_PROXIMITY_NOT_USAGE|IB2_EFFORT_HIGH|STEPS_SURFACE_HIGH|SLOPE_LOAD_FALLBACK_VERTICAL_RANGE|BEHAVIOR_LOW_SPEED_RESPONSE,HIGH_ROUTE_OR_IB2_CONTEXT,"Descriptive planning context evidence only. This is not ability scoring, not route suitability scoring, not THCI/radar scoring, and not a final hiking risk assessment. Weather is activity-level context unless an explicit safe route-window source is used. OSM proximity is not proof of facility use. IB3D/event annotations are not causality evidence."
44_1,0,100,2,REVIEW_FOR_CONSERVATIVE_PLANNING,52.829,LOWER_ROUTE_LOAD_CONTEXT,IB2_EFFORT_HIGH,WEATHER_ACTIVITY_LEVEL_ONLY|WEATHER_HUMID_CONTEXT|WEATHER_WIND_GUST_CONTEXT|WEATHER_HIGH_UV_CONTEXT,NONE,EVENT_SHORT_PAUSE,IB2_NAVIGATION_CONTEXT|IB2_WEATHER_SENSITIVE_ROUTE_EXPOSURE_CONTEXT|WATERWAY_PROXIMITY_CONTEXT|GUIDEPOST_PROXIMITY_CONTEXT|WEATHER_ACTIVITY_LEVEL_ONLY|WEATHER_HUMID_CONTEXT|WEATHER_WIND_GUST_CONTEXT|WEATHER_HIGH_UV_CONTEXT|ROUTE_PHASE_UNKNOWN|OSM_PROXIMITY_NOT_USAGE|IB2_EFFORT_HIGH,HIGH_ROUTE_OR_IB2_CONTEXT,"Descriptive planning context evidence only. This is not ability scoring, not route suitability scoring, not THCI/radar scoring, and not a final hiking risk assessment. Weather is activity-level context unless an explicit safe route-window source is used. OSM proximity is not proof of facility use. IB3D/event annotations are not causality evidence."
44_1,100,150,1,CONSERVATIVE_PLANNING_RECOMMENDED,72.78,HIGH_ROUTE_LOAD_CONTEXT,ROUTE_LOAD_HIGH_CONTEXT|IB2_EFFORT_HIGH|STEPS_SURFACE_HIGH,WEATHER_ACTIVITY_LEVEL_ONLY|WEATHER_HUMID_CONTEXT|WEATHER_WIND_GUST_CONTEXT|WEATHER_HIGH_UV_CONTEXT,NONE,NONE,ROUTE_LOAD_HIGH_CONTEXT|IB2_EFFORT_HIGH|STEPS_SURFACE_HIGH|IB2_WEATHER_SENSITIVE_ROUTE_EXPOSURE_CONTEXT|WATERWAY_PROXIMITY_CONTEXT|WEATHER_ACTIVITY_LEVEL_ONLY|WEATHER_HUMID_CONTEXT|WEATHER_WIND_GUST_CONTEXT|WEATHER_HIGH_UV_CONTEXT|ROUTE_PHASE_UNKNOWN|OSM_PROXIMITY_NOT_USAGE,IB2_OR_WEATHER_CONTEXT_PRESENT,"Descriptive planning context evidence only. This is not ability scoring, not route suitability scoring, not THCI/radar scoring, and not a final hiking risk assessment. Weather is activity-level context unless an explicit safe route-window source is used. OSM proximity is not proof of facility use. IB3D/event annotations are not causality evidence."
44_1,150,200,1,TURNAROUND_CONDITION_REVIEW_RECOMMENDED,94.3,VERY_HIGH_ROUTE_LOAD_CONTEXT,ROUTE_LOAD_HIGH_CONTEXT|ROUTE_LOAD_VERY_HIGH_CONTEXT|VERTICAL_RANGE_HIGH|SLOPE_HIGH|IB2_EFFORT_HIGH|TERRAIN_HIGH|STEPS_SURFACE_HIGH,WEATHER_ACTIVITY_LEVEL_ONLY|WEATHER_HUMID_CONTEXT|WEATHER_WIND_GUST_CONTEXT|WEATHER_HIGH_UV_CONTEXT,BEHAVIOR_LOW_SPEED_RESPONSE,NONE,ROUTE_LOAD_HIGH_CONTEXT|ROUTE_LOAD_VERY_HIGH_CONTEXT|VERTICAL_RANGE_HIGH|SLOPE_HIGH|IB2_EFFORT_HIGH|TERRAIN_HIGH|STEPS_SURFACE_HIGH|IB2_WEATHER_SENSITIVE_ROUTE_EXPOSURE_CONTEXT|WATERWAY_PROXIMITY_CONTEXT|WEATHER_ACTIVITY_LEVEL_ONLY|WEATHER_HUMID_CONTEXT|WEATHER_WIND_GUST_CONTEXT|WEATHER_HIGH_UV_CONTEXT|BEHAVIOR_LOW_SPEED_RESPONSE|ROUTE_PHASE_UNKNOWN|OSM_PROXIMITY_NOT_USAGE,VERY_HIGH_ROUTE_LOAD_CONTEXT|ROUTE_LOAD_BEHAVIOR_CANDIDATE|IB2_OR_WEATHER_CONTEXT_PRESENT,"Descriptive planning context evidence only. This is not ability scoring, not route suitability scoring, not THCI/radar scoring, and not a final hiking risk assessment. Weather is activity-level context unless an explicit safe route-window source is used. OSM proximity is not proof of facility use. IB3D/event annotations are not causality evidence."
44_1,200,550,7,CONSERVATIVE_PLANNING_RECOMMENDED,100.0,VERY_HIGH_ROUTE_LOAD_CONTEXT,ROUTE_LOAD_HIGH_CONTEXT|ROUTE_LOAD_VERY_HIGH_CONTEXT|VERTICAL_RANGE_HIGH|SLOPE_HIGH|IB2_EFFORT_HIGH|TERRAIN_HIGH|STEPS_SURFACE_HIGH|SLOPE_LOAD_FALLBACK_VERTICAL_RANGE,WEATHER_ACTIVITY_LEVEL_ONLY|WEATHER_HUMID_CONTEXT|WEATHER_WIND_GUST_CONTEXT|WEATHER_HIGH_UV_CONTEXT,NONE,NONE,ROUTE_LOAD_HIGH_CONTEXT|ROUTE_LOAD_VERY_HIGH_CONTEXT|VERTICAL_RANGE_HIGH|SLOPE_HIGH|IB2_EFFORT_HIGH|TERRAIN_HIGH|STEPS_SURFACE_HIGH|SLOPE_LOAD_FALLBACK_VERTICAL_RANGE|IB2_WEATHER_SENSITIVE_ROUTE_EXPOSURE_CONTEXT|WATERWAY_PROXIMITY_CONTEXT|WEATHER_ACTIVITY_LEVEL_ONLY|WEATHER_HUMID_CONTEXT|WEATHER_WIND_GUST_CONTEXT|WEATHER_HIGH_UV_CONTEXT|ROUTE_PHASE_UNKNOWN|OSM_PROXIMITY_NOT_USAGE,VERY_HIGH_ROUTE_LOAD_CONTEXT|IB2_OR_WEATHER_CONTEXT_PRESENT,"Descriptive planning context evidence only. This is not ability scoring, not route suitability scoring, not THCI/radar scoring, and not a final hiking risk assessment. Weather is activity-level context unless an explicit safe route-window source is used. OSM proximity is not proof of facility use. IB3D/event annotations are not causality evidence."
44_1,550,650,2,REVIEW_FOR_CONSERVATIVE_PLANNING,48.976,LOWER_ROUTE_LOAD_CONTEXT,IB2_EFFORT_HIGH|STEPS_SURFACE_HIGH|SLOPE_LOAD_FALLBACK_VERTICAL_RANGE|SLOPE_HIGH,WEATHER_ACTIVITY_LEVEL_ONLY|WEATHER_HUMID_CONTEXT|WEATHER_WIND_GUST_CONTEXT|WEATHER_HIGH_UV_CONTEXT,BEHAVIOR_RELATIVE_HIGH_HR_RESPONSE,NONE,IB2_EFFORT_HIGH|STEPS_SURFACE_HIGH|SLOPE_LOAD_FALLBACK_VERTICAL_RANGE|IB2_WEATHER_SENSITIVE_ROUTE_EXPOSURE_CONTEXT|SHELTER_PROXIMITY_CONTEXT|WEATHER_ACTIVITY_LEVEL_ONLY|WEATHER_HUMID_CONTEXT|WEATHER_WIND_GUST_CONTEXT|WEATHER_HIGH_UV_CONTEXT|ROUTE_PHASE_UNKNOWN|OSM_PROXIMITY_NOT_USAGE|SLOPE_HIGH|IB2_NAVIGATION_CONTEXT|GUIDEPOST_PROXIMITY_CONTEXT|BEHAVIOR_RELATIVE_HIGH_HR_RESPONSE,HIGH_ROUTE_OR_IB2_CONTEXT,"Descriptive planning context evidence only. This is not ability scoring, not route suitability scoring, not THCI/radar scoring, and not a final hiking risk assessment. Weather is activity-level context unless an explicit safe route-window source is used. OSM proximity is not proof of facility use. IB3D/event annotations are not causality evidence."
44_1,700,750,1,REVIEW_FOR_CONSERVATIVE_PLANNING,6.771,LOWER_ROUTE_LOAD_CONTEXT,SLOPE_LOAD_FALLBACK_VERTICAL_RANGE,WEATHER_ACTIVITY_LEVEL_ONLY|WEATHER_HUMID_CONTEXT|WEATHER_WIND_GUST_CONTEXT|WEATHER_HIGH_UV_CONTEXT,NONE,NONE,SLOPE_LOAD_FALLBACK_VERTICAL_RANGE|IB2_WEATHER_SENSITIVE_ROUTE_EXPOSURE_CONTEXT|SHELTER_PROXIMITY_CONTEXT|WEATHER_ACTIVITY_LEVEL_ONLY|WEATHER_HUMID_CONTEXT|WEATHER_WIND_GUST_CONTEXT|WEATHER_HIGH_UV_CONTEXT|ROUTE_PHASE_UNKNOWN|OSM_PROXIMITY_NOT_USAGE,HIGH_ROUTE_OR_IB2_CONTEXT,"Descriptive planning context evidence only. This is not ability scoring, not route suitability scoring, not THCI/radar scoring, and not a final hiking risk assessment. Weather is activity-level context unless an explicit safe route-window source is used. OSM proximity is not proof of facility use. IB3D/event annotations are not causality evidence."
44_1,800,1200,8,REVIEW_FOR_CONSERVATIVE_PLANNING,39.617,LOWER_ROUTE_LOAD_CONTEXT,SLOPE_HIGH|SLOPE_LOAD_FALLBACK_VERTICAL_RANGE,WEATHER_ACTIVITY_LEVEL_ONLY|WEATHER_HUMID_CONTEXT|WEATHER_WIND_GUST_CONTEXT|WEATHER_HIGH_UV_CONTEXT,BEHAVIOR_RELATIVE_HIGH_HR_RESPONSE,NONE,SLOPE_HIGH|IB2_NAVIGATION_CONTEXT|IB2_WEATHER_SENSITIVE_ROUTE_EXPOSURE_CONTEXT|GUIDEPOST_PROXIMITY_CONTEXT|WEATHER_ACTIVITY_LEVEL_ONLY|WEATHER_HUMID_CONTEXT|WEATHER_WIND_GUST_CONTEXT|WEATHER_HIGH_UV_CONTEXT|BEHAVIOR_RELATIVE_HIGH_HR_RESPONSE|ROUTE_PHASE_UNKNOWN|OSM_PROXIMITY_NOT_USAGE|IB2_SUPPORT_CONTEXT|SLOPE_LOAD_FALLBACK_VERTICAL_RANGE,HIGH_ROUTE_OR_IB2_CONTEXT,"Descriptive planning context evidence only. This is not ability scoring, not route suitability scoring, not THCI/radar scoring, and not a final hiking risk assessment. Weather is activity-level context unless an explicit safe route-window source is used. OSM proximity is not proof of facility use. IB3D/event annotations are not causality evidence."
44_1,1200,1300,2,CONSERVATIVE_PLANNING_RECOMMENDED,71.828,HIGH_ROUTE_LOAD_CONTEXT,ROUTE_LOAD_HIGH_CONTEXT|IB2_EFFORT_HIGH|STEPS_SURFACE_HIGH,WEATHER_ACTIVITY_LEVEL_ONLY|WEATHER_HUMID_CONTEXT|WEATHER_WIND_GUST_CONTEXT|WEATHER_HIGH_UV_CONTEXT,BEHAVIOR_RELATIVE_HIGH_HR_RESPONSE,NONE,ROUTE_LOAD_HIGH_CONTEXT|IB2_EFFORT_HIGH|STEPS_SURFACE_HIGH|IB2_WEATHER_SENSITIVE_ROUTE_EXPOSURE_CONTEXT|WEATHER_ACTIVITY_LEVEL_ONLY|WEATHER_HUMID_CONTEXT|WEATHER_WIND_GUST_CONTEXT|WEATHER_HIGH_UV_CONTEXT|BEHAVIOR_RELATIVE_HIGH_HR_RESPONSE|ROUTE_PHASE_UNKNOWN|OSM_PROXIMITY_NOT_USAGE,ROUTE_LOAD_BEHAVIOR_CANDIDATE|IB2_OR_WEATHER_CONTEXT_PRESENT,"Descriptive planning context evidence only. This is not ability scoring, not route suitability scoring, not THCI/radar scoring, and not a final hiking risk assessment. Weather is activity-level context unless an explicit safe route-window source is used. OSM proximity is not proof of facility use. IB3D/event annotations are not causality evidence."
44_1,1300,1350,1,REVIEW_FOR_CONSERVATIVE_PLANNING,50.58,MODERATE_ROUTE_LOAD_CONTEXT,NONE,WEATHER_ACTIVITY_LEVEL_ONLY|WEATHER_HUMID_CONTEXT|WEATHER_WIND_GUST_CONTEXT|WEATHER_HIGH_UV_CONTEXT,BEHAVIOR_RELATIVE_HIGH_HR_RESPONSE,NONE,IB2_WEATHER_SENSITIVE_ROUTE_EXPOSURE_CONTEXT|WEATHER_ACTIVITY_LEVEL_ONLY|WEATHER_HUMID_CONTEXT|WEATHER_WIND_GUST_CONTEXT|WEATHER_HIGH_UV_CONTEXT|BEHAVIOR_RELATIVE_HIGH_HR_RESPONSE|ROUTE_PHASE_UNKNOWN|OSM_PROXIMITY_NOT_USAGE,HIGH_ROUTE_OR_IB2_CONTEXT,"Descriptive planning context evidence only. This is not ability scoring, not route suitability scoring, not THCI/radar scoring, and not a final hiking risk assessment. Weather is activity-level context unless an explicit safe route-window source is used. OSM proximity is not proof of facility use. IB3D/event annotations are not causality evidence."
44_1,1350,1650,6,TURNAROUND_CONDITION_REVIEW_RECOMMENDED,100.0,VERY_HIGH_ROUTE_LOAD_CONTEXT,ROUTE_LOAD_HIGH_CONTEXT|ROUTE_LOAD_VERY_HIGH_CONTEXT|VERTICAL_RANGE_HIGH|SLOPE_HIGH|IB2_EFFORT_HIGH|TERRAIN_HIGH|STEPS_SURFACE_HIGH|SLOPE_LOAD_FALLBACK_VERTICAL_RANGE,WEATHER_ACTIVITY_LEVEL_ONLY|WEATHER_HUMID_CONTEXT|WEATHER_WIND_GUST_CONTEXT|WEATHER_HIGH_UV_CONTEXT,BEHAVIOR_LOW_SPEED_RESPONSE|BEHAVIOR_LOW_SPEED_RATIO_HIGH|BEHAVIOR_RELATIVE_HIGH_HR_RESPONSE|BEHAVIOR_STOP_RESPONSE,NONE,ROUTE_LOAD_HIGH_CONTEXT|ROUTE_LOAD_VERY_HIGH_CONTEXT|VERTICAL_RANGE_HIGH|SLOPE_HIGH|IB2_EFFORT_HIGH|TERRAIN_HIGH|STEPS_SURFACE_HIGH|SLOPE_LOAD_FALLBACK_VERTICAL_RANGE|IB2_WEATHER_SENSITIVE_ROUTE_EXPOSURE_CONTEXT|WEATHER_ACTIVITY_LEVEL_ONLY|WEATHER_HUMID_CONTEXT|WEATHER_WIND_GUST_CONTEXT|WEATHER_HIGH_UV_CONTEXT|BEHAVIOR_LOW_SPEED_RESPONSE|BEHAVIOR_LOW_SPEED_RATIO_HIGH|ROUTE_PHASE_UNKNOWN|OSM_PROXIMITY_NOT_USAGE|BEHAVIOR_RELATIVE_HIGH_HR_RESPONSE|BEHAVIOR_STOP_RESPONSE,VERY_HIGH_ROUTE_LOAD_CONTEXT|ROUTE_LOAD_BEHAVIOR_CANDIDATE|IB2_OR_WEATHER_CONTEXT_PRESENT,"Descriptive planning context evidence only. This is not ability scoring, not route suitability scoring, not THCI/radar scoring, and not a final hiking risk assessment. Weather is activity-level context unless an explicit safe route-window source is used. OSM proximity is not proof of facility use. IB3D/event annotations are not causality evidence."
44_1,1650,1750,2,REVIEW_FOR_CONSERVATIVE_PLANNING,50.126,LOWER_ROUTE_LOAD_CONTEXT,IB2_EFFORT_HIGH|STEPS_SURFACE_HIGH,WEATHER_ACTIVITY_LEVEL_ONLY|WEATHER_HUMID_CONTEXT|WEATHER_WIND_GUST_CONTEXT|WEATHER_HIGH_UV_CONTEXT,NONE,NONE,IB2_EFFORT_HIGH|STEPS_SURFACE_HIGH|IB2_WEATHER_SENSITIVE_ROUTE_EXPOSURE_CONTEXT|WEATHER_ACTIVITY_LEVEL_ONLY|WEATHER_HUMID_CONTEXT|WEATHER_WIND_GUST_CONTEXT|WEATHER_HIGH_UV_CONTEXT|ROUTE_PHASE_UNKNOWN|OSM_PROXIMITY_NOT_USAGE,HIGH_ROUTE_OR_IB2_CONTEXT,"Descriptive planning context evidence only. This is not ability scoring, not route suitability scoring, not THCI/radar scoring, and not a final hiking risk assessment. Weather is activity-level context unless an explicit safe route-window source is used. OSM proximity is not proof of facility use. IB3D/event annotations are not causality evidence."
44_1,1750,1900,3,CONSERVATIVE_PLANNING_RECOMMENDED,89.865,HIGH_ROUTE_LOAD_CONTEXT,ROUTE_LOAD_HIGH_CONTEXT|IB2_EFFORT_HIGH|STEPS_SURFACE_HIGH|SLOPE_LOAD_FALLBACK_VERTICAL_RANGE|ROUTE_LOAD_VERY_HIGH_CONTEXT|VERTICAL_RANGE_HIGH|SLOPE_HIGH|TERRAIN_HIGH,WEATHER_ACTIVITY_LEVEL_ONLY|WEATHER_HUMID_CONTEXT|WEATHER_WIND_GUST_CONTEXT|WEATHER_HIGH_UV_CONTEXT,BEHAVIOR_RELATIVE_HIGH_HR_RESPONSE|BEHAVIOR_LOW_SPEED_RESPONSE|BEHAVIOR_LOW_SPEED_RATIO_HIGH|BEHAVIOR_STOP_RESPONSE,NONE,ROUTE_LOAD_HIGH_CONTEXT|IB2_EFFORT_HIGH|STEPS_SURFACE_HIGH|IB2_NAVIGATION_CONTEXT|IB2_WEATHER_SENSITIVE_ROUTE_EXPOSURE_CONTEXT|GUIDEPOST_PROXIMITY_CONTEXT|WEATHER_ACTIVITY_LEVEL_ONLY|WEATHER_HUMID_CONTEXT|WEATHER_WIND_GUST_CONTEXT|WEATHER_HIGH_UV_CONTEXT|BEHAVIOR_RELATIVE_HIGH_HR_RESPONSE|BEHAVIOR_LOW_SPEED_RESPONSE|BEHAVIOR_LOW_SPEED_RATIO_HIGH|ROUTE_PHASE_UNKNOWN|OSM_PROXIMITY_NOT_USAGE|SLOPE_LOAD_FALLBACK_VERTICAL_RANGE|BEHAVIOR_STOP_RESPONSE|ROUTE_LOAD_VERY_HIGH_CONTEXT|VERTICAL_RANGE_HIGH|SLOPE_HIGH|TERRAIN_HIGH,ROUTE_LOAD_BEHAVIOR_CANDIDATE|IB2_OR_WEATHER_CONTEXT_PRESENT|VERY_HIGH_ROUTE_LOAD_CONTEXT,"Descriptive planning context evidence only. This is not ability scoring, not route suitability scoring, not THCI/radar scoring, and not a final hiking risk assessment. Weather is activity-level context unless an explicit safe route-window source is used. OSM proximity is not proof of facility use. IB3D/event annotations are not causality evidence."
44_1,1900,1950,1,REVIEW_FOR_CONSERVATIVE_PLANNING,50.755,MODERATE_ROUTE_LOAD_CONTEXT,IB2_EFFORT_HIGH|STEPS_SURFACE_HIGH|SLOPE_LOAD_FALLBACK_VERTICAL_RANGE,WEATHER_ACTIVITY_LEVEL_ONLY|WEATHER_HUMID_CONTEXT|WEATHER_WIND_GUST_CONTEXT|WEATHER_HIGH_UV_CONTEXT,NONE,NONE,IB2_EFFORT_HIGH|STEPS_SURFACE_HIGH|SLOPE_LOAD_FALLBACK_VERTICAL_RANGE|IB2_NAVIGATION_CONTEXT|IB2_WEATHER_SENSITIVE_ROUTE_EXPOSURE_CONTEXT|GUIDEPOST_PROXIMITY_CONTEXT|WEATHER_ACTIVITY_LEVEL_ONLY|WEATHER_HUMID_CONTEXT|WEATHER_WIND_GUST_CONTEXT|WEATHER_HIGH_UV_CONTEXT|ROUTE_PHASE_UNKNOWN|OSM_PROXIMITY_NOT_USAGE,HIGH_ROUTE_OR_IB2_CONTEXT,"Descriptive planning context evidence only. This is not ability scoring, not route suitability scoring, not THCI/radar scoring, and not a final hiking risk assessment. Weather is activity-level context unless an explicit safe route-window source is used. OSM proximity is not proof of facility use. IB3D/event annotations are not causality evidence."
44_1,1950,2000,1,CONSERVATIVE_PLANNING_RECOMMENDED,80.31,VERY_HIGH_ROUTE_LOAD_CONTEXT,ROUTE_LOAD_HIGH_CONTEXT|ROUTE_LOAD_VERY_HIGH_CONTEXT|VERTICAL_RANGE_HIGH|IB2_EFFORT_HIGH|STEPS_SURFACE_HIGH,WEATHER_ACTIVITY_LEVEL_ONLY|WEATHER_HUMID_CONTEXT|WEATHER_WIND_GUST_CONTEXT|WEATHER_HIGH_UV_CONTEXT,NONE,NONE,ROUTE_LOAD_HIGH_CONTEXT|ROUTE_LOAD_VERY_HIGH_CONTEXT|VERTICAL_RANGE_HIGH|IB2_EFFORT_HIGH|STEPS_SURFACE_HIGH|IB2_NAVIGATION_CONTEXT|IB2_WEATHER_SENSITIVE_ROUTE_EXPOSURE_CONTEXT|GUIDEPOST_PROXIMITY_CONTEXT|WEATHER_ACTIVITY_LEVEL_ONLY|WEATHER_HUMID_CONTEXT|WEATHER_WIND_GUST_CONTEXT|WEATHER_HIGH_UV_CONTEXT|ROUTE_PHASE_UNKNOWN|OSM_PROXIMITY_NOT_USAGE,VERY_HIGH_ROUTE_LOAD_CONTEXT|IB2_OR_WEATHER_CONTEXT_PRESENT,"Descriptive planning context evidence only. This is not ability scoring, not route suitability scoring, not THCI/radar scoring, and not a final hiking risk assessment. Weather is activity-level context unless an explicit safe route-window source is used. OSM proximity is not proof of facility use. IB3D/event annotations are not causality evidence."
44_1,2000,2050,1,TURNAROUND_CONDITION_REVIEW_RECOMMENDED,86.376,VERY_HIGH_ROUTE_LOAD_CONTEXT,ROUTE_LOAD_HIGH_CONTEXT|ROUTE_LOAD_VERY_HIGH_CONTEXT|VERTICAL_RANGE_HIGH|SLOPE_HIGH|IB2_EFFORT_HIGH|STEPS_SURFACE_HIGH,WEATHER_ACTIVITY_LEVEL_ONLY|WEATHER_HUMID_CONTEXT|WEATHER_WIND_GUST_CONTEXT|WEATHER_HIGH_UV_CONTEXT,BEHAVIOR_RELATIVE_HIGH_HR_RESPONSE,NONE,ROUTE_LOAD_HIGH_CONTEXT|ROUTE_LOAD_VERY_HIGH_CONTEXT|VERTICAL_RANGE_HIGH|SLOPE_HIGH|IB2_EFFORT_HIGH|STEPS_SURFACE_HIGH|IB2_WEATHER_SENSITIVE_ROUTE_EXPOSURE_CONTEXT|WEATHER_ACTIVITY_LEVEL_ONLY|WEATHER_HUMID_CONTEXT|WEATHER_WIND_GUST_CONTEXT|WEATHER_HIGH_UV_CONTEXT|BEHAVIOR_RELATIVE_HIGH_HR_RESPONSE|ROUTE_PHASE_UNKNOWN|OSM_PROXIMITY_NOT_USAGE,VERY_HIGH_ROUTE_LOAD_CONTEXT|ROUTE_LOAD_BEHAVIOR_CANDIDATE|IB2_OR_WEATHER_CONTEXT_PRESENT,"Descriptive planning context evidence only. This is not ability scoring, not route suitability scoring, not THCI/radar scoring, and not a final hiking risk assessment. Weather is activity-level context unless an explicit safe route-window source is used. OSM proximity is not proof of facility use. IB3D/event annotations are not causality evidence."
44_1,2050,2100,1,REVIEW_FOR_CONSERVATIVE_PLANNING,53.319,MODERATE_ROUTE_LOAD_CONTEXT,IB2_EFFORT_HIGH|STEPS_SURFACE_HIGH,WEATHER_ACTIVITY_LEVEL_ONLY|WEATHER_HUMID_CONTEXT|WEATHER_WIND_GUST_CONTEXT|WEATHER_HIGH_UV_CONTEXT,BEHAVIOR_LOW_SPEED_RESPONSE|BEHAVIOR_STOP_RESPONSE,EVENT_HIGH_HR_RECOVERY_STOP,IB2_EFFORT_HIGH|STEPS_SURFACE_HIGH|IB2_NAVIGATION_CONTEXT|IB2_WEATHER_SENSITIVE_ROUTE_EXPOSURE_CONTEXT|GUIDEPOST_PROXIMITY_CONTEXT|WEATHER_ACTIVITY_LEVEL_ONLY|WEATHER_HUMID_CONTEXT|WEATHER_WIND_GUST_CONTEXT|WEATHER_HIGH_UV_CONTEXT|BEHAVIOR_LOW_SPEED_RESPONSE|BEHAVIOR_STOP_RESPONSE|ROUTE_PHASE_UNKNOWN|OSM_PROXIMITY_NOT_USAGE,HIGH_ROUTE_OR_IB2_CONTEXT,"Descriptive planning context evidence only. This is not ability scoring, not route suitability scoring, not THCI/radar scoring, and not a final hiking risk assessment. Weather is activity-level context unless an explicit safe route-window source is used. OSM proximity is not proof of facility use. IB3D/event annotations are not causality evidence."
44_1,2100,2150,1,CONSERVATIVE_PLANNING_RECOMMENDED,68.091,HIGH_ROUTE_LOAD_CONTEXT,ROUTE_LOAD_HIGH_CONTEXT|IB2_EFFORT_HIGH|STEPS_SURFACE_HIGH,WEATHER_ACTIVITY_LEVEL_ONLY|WEATHER_HUMID_CONTEXT|WEATHER_WIND_GUST_CONTEXT|WEATHER_HIGH_UV_CONTEXT,NONE,NONE,ROUTE_LOAD_HIGH_CONTEXT|IB2_EFFORT_HIGH|STEPS_SURFACE_HIGH|IB2_NAVIGATION_CONTEXT|IB2_WEATHER_SENSITIVE_ROUTE_EXPOSURE_CONTEXT|GUIDEPOST_PROXIMITY_CONTEXT|WEATHER_ACTIVITY_LEVEL_ONLY|WEATHER_HUMID_CONTEXT|WEATHER_WIND_GUST_CONTEXT|WEATHER_HIGH_UV_CONTEXT|ROUTE_PHASE_UNKNOWN|OSM_PROXIMITY_NOT_USAGE,IB2_OR_WEATHER_CONTEXT_PRESENT,"Descriptive planning context evidence only. This is not ability scoring, not route suitability scoring, not THCI/radar scoring, and not a final hiking risk assessment. Weather is activity-level context unless an explicit safe route-window source is used. OSM proximity is not proof of facility use. IB3D/event annotations are not causality evidence."
44_1,2150,2200,1,TURNAROUND_CONDITION_REVIEW_RECOMMENDED,88.865,VERY_HIGH_ROUTE_LOAD_CONTEXT,ROUTE_LOAD_HIGH_CONTEXT|ROUTE_LOAD_VERY_HIGH_CONTEXT|VERTICAL_RANGE_HIGH|SLOPE_HIGH|IB2_EFFORT_HIGH|STEPS_SURFACE_HIGH,WEATHER_ACTIVITY_LEVEL_ONLY|WEATHER_HUMID_CONTEXT|WEATHER_WIND_GUST_CONTEXT|WEATHER_HIGH_UV_CONTEXT,BEHAVIOR_RELATIVE_HIGH_HR_RESPONSE,NONE,ROUTE_LOAD_HIGH_CONTEXT|ROUTE_LOAD_VERY_HIGH_CONTEXT|VERTICAL_RANGE_HIGH|SLOPE_HIGH|IB2_EFFORT_HIGH|STEPS_SURFACE_HIGH|IB2_WEATHER_SENSITIVE_ROUTE_EXPOSURE_CONTEXT|WEATHER_ACTIVITY_LEVEL_ONLY|WEATHER_HUMID_CONTEXT|WEATHER_WIND_GUST_CONTEXT|WEATHER_HIGH_UV_CONTEXT|BEHAVIOR_RELATIVE_HIGH_HR_RESPONSE|ROUTE_PHASE_UNKNOWN|OSM_PROXIMITY_NOT_USAGE,VERY_HIGH_ROUTE_LOAD_CONTEXT|ROUTE_LOAD_BEHAVIOR_CANDIDATE|IB2_OR_WEATHER_CONTEXT_PRESENT,"Descriptive planning context evidence only. This is not ability scoring, not route suitability scoring, not THCI/radar scoring, and not a final hiking risk assessment. Weather is activity-level context unless an explicit safe route-window source is used. OSM proximity is not proof of facility use. IB3D/event annotations are not causality evidence."
44_1,2200,2250,1,CONSERVATIVE_PLANNING_RECOMMENDED,81.994,VERY_HIGH_ROUTE_LOAD_CONTEXT,ROUTE_LOAD_HIGH_CONTEXT|ROUTE_LOAD_VERY_HIGH_CONTEXT|IB2_EFFORT_HIGH|STEPS_SURFACE_HIGH|SLOPE_LOAD_FALLBACK_VERTICAL_RANGE,WEATHER_ACTIVITY_LEVEL_ONLY|WEATHER_HUMID_CONTEXT|WEATHER_WIND_GUST_CONTEXT|WEATHER_HIGH_UV_CONTEXT,NONE,NONE,ROUTE_LOAD_HIGH_CONTEXT|ROUTE_LOAD_VERY_HIGH_CONTEXT|IB2_EFFORT_HIGH|STEPS_SURFACE_HIGH|SLOPE_LOAD_FALLBACK_VERTICAL_RANGE|IB2_NAVIGATION_CONTEXT|IB2_WEATHER_SENSITIVE_ROUTE_EXPOSURE_CONTEXT|GUIDEPOST_PROXIMITY_CONTEXT|WEATHER_ACTIVITY_LEVEL_ONLY|WEATHER_HUMID_CONTEXT|WEATHER_WIND_GUST_CONTEXT|WEATHER_HIGH_UV_CONTEXT|ROUTE_PHASE_UNKNOWN|OSM_PROXIMITY_NOT_USAGE,VERY_HIGH_ROUTE_LOAD_CONTEXT|IB2_OR_WEATHER_CONTEXT_PRESENT,"Descriptive planning context evidence only. This is not ability scoring, not route suitability scoring, not THCI/radar scoring, and not a final hiking risk assessment. Weather is activity-level context unless an explicit safe route-window source is used. OSM proximity is not proof of facility use. IB3D/event annotations are not causality evidence."
44_1,2250,2300,1,REVIEW_FOR_CONSERVATIVE_PLANNING,48.703,MODERATE_ROUTE_LOAD_CONTEXT,IB2_EFFORT_HIGH|STEPS_SURFACE_HIGH|SLOPE_LOAD_FALLBACK_VERTICAL_RANGE,WEATHER_ACTIVITY_LEVEL_ONLY|WEATHER_HUMID_CONTEXT|WEATHER_WIND_GUST_CONTEXT|WEATHER_HIGH_UV_CONTEXT,NONE,NONE,IB2_EFFORT_HIGH|STEPS_SURFACE_HIGH|SLOPE_LOAD_FALLBACK_VERTICAL_RANGE|IB2_NAVIGATION_CONTEXT|IB2_WEATHER_SENSITIVE_ROUTE_EXPOSURE_CONTEXT|GUIDEPOST_PROXIMITY_CONTEXT|WEATHER_ACTIVITY_LEVEL_ONLY|WEATHER_HUMID_CONTEXT|WEATHER_WIND_GUST_CONTEXT|WEATHER_HIGH_UV_CONTEXT|ROUTE_PHASE_UNKNOWN|OSM_PROXIMITY_NOT_USAGE,HIGH_ROUTE_OR_IB2_CONTEXT,"Descriptive planning context evidence only. This is not ability scoring, not route suitability scoring, not THCI/radar scoring, and not a final hiking risk assessment. Weather is activity-level context unless an explicit safe route-window source is used. OSM proximity is not proof of facility use. IB3D/event annotations are not causality evidence."
44_1,2300,2400,2,CONSERVATIVE_PLANNING_RECOMMENDED,90.069,HIGH_ROUTE_LOAD_CONTEXT,ROUTE_LOAD_HIGH_CONTEXT|ROUTE_LOAD_VERY_HIGH_CONTEXT|VERTICAL_RANGE_HIGH|SLOPE_HIGH|IB2_EFFORT_HIGH|STEPS_SURFACE_HIGH|SLOPE_LOAD_FALLBACK_VERTICAL_RANGE,WEATHER_ACTIVITY_LEVEL_ONLY|WEATHER_HUMID_CONTEXT|WEATHER_WIND_GUST_CONTEXT|WEATHER_HIGH_UV_CONTEXT,BEHAVIOR_LOW_SPEED_RESPONSE|BEHAVIOR_LOW_SPEED_RATIO_HIGH,EVENT_HIGH_HR_RECOVERY_STOP|EVENT_SHORT_PAUSE,ROUTE_LOAD_HIGH_CONTEXT|ROUTE_LOAD_VERY_HIGH_CONTEXT|VERTICAL_RANGE_HIGH|SLOPE_HIGH|IB2_EFFORT_HIGH|STEPS_SURFACE_HIGH|SLOPE_LOAD_FALLBACK_VERTICAL_RANGE|IB2_WEATHER_SENSITIVE_ROUTE_EXPOSURE_CONTEXT|WEATHER_ACTIVITY_LEVEL_ONLY|WEATHER_HUMID_CONTEXT|WEATHER_WIND_GUST_CONTEXT|WEATHER_HIGH_UV_CONTEXT|ROUTE_PHASE_UNKNOWN|OSM_PROXIMITY_NOT_USAGE|IB2_NAVIGATION_CONTEXT|GUIDEPOST_PROXIMITY_CONTEXT|BEHAVIOR_LOW_SPEED_RESPONSE|BEHAVIOR_LOW_SPEED_RATIO_HIGH,VERY_HIGH_ROUTE_LOAD_CONTEXT|IB2_OR_WEATHER_CONTEXT_PRESENT|ROUTE_LOAD_BEHAVIOR_CANDIDATE,"Descriptive planning context evidence only. This is not ability scoring, not route suitability scoring, not THCI/radar scoring, and not a final hiking risk assessment. Weather is activity-level context unless an explicit safe route-window source is used. OSM proximity is not proof of facility use. IB3D/event annotations are not causality evidence."
44_1,2400,2500,2,REVIEW_FOR_CONSERVATIVE_PLANNING,47.279,MODERATE_ROUTE_LOAD_CONTEXT,IB2_EFFORT_HIGH,WEATHER_ACTIVITY_LEVEL_ONLY|WEATHER_HUMID_CONTEXT|WEATHER_WIND_GUST_CONTEXT|WEATHER_HIGH_UV_CONTEXT,BEHAVIOR_RELATIVE_HIGH_HR_RESPONSE,NONE,IB2_EFFORT_HIGH|IB2_NAVIGATION_CONTEXT|IB2_WEATHER_SENSITIVE_ROUTE_EXPOSURE_CONTEXT|GUIDEPOST_PROXIMITY_CONTEXT|WEATHER_ACTIVITY_LEVEL_ONLY|WEATHER_HUMID_CONTEXT|WEATHER_WIND_GUST_CONTEXT|WEATHER_HIGH_UV_CONTEXT|BEHAVIOR_RELATIVE_HIGH_HR_RESPONSE|ROUTE_PHASE_UNKNOWN|OSM_PROXIMITY_NOT_USAGE,HIGH_ROUTE_OR_IB2_CONTEXT,"Descriptive planning context evidence only. This is not ability scoring, not route suitability scoring, not THCI/radar scoring, and not a final hiking risk assessment. Weather is activity-level context unless an explicit safe route-window source is used. OSM proximity is not proof of facility use. IB3D/event annotations are not causality evidence."
44_1,2500,2550,1,CONSERVATIVE_PLANNING_RECOMMENDED,63.189,HIGH_ROUTE_LOAD_CONTEXT,ROUTE_LOAD_HIGH_CONTEXT|IB2_EFFORT_HIGH|TERRAIN_HIGH|STEPS_SURFACE_HIGH,WEATHER_ACTIVITY_LEVEL_ONLY|WEATHER_HUMID_CONTEXT|WEATHER_WIND_GUST_CONTEXT|WEATHER_HIGH_UV_CONTEXT,BEHAVIOR_LOW_SPEED_RESPONSE|BEHAVIOR_LOW_SPEED_RATIO_HIGH|BEHAVIOR_STOP_RESPONSE,EVENT_SHORT_PAUSE,ROUTE_LOAD_HIGH_CONTEXT|IB2_EFFORT_HIGH|TERRAIN_HIGH|STEPS_SURFACE_HIGH|IB2_WEATHER_SENSITIVE_ROUTE_EXPOSURE_CONTEXT|WEATHER_ACTIVITY_LEVEL_ONLY|WEATHER_HUMID_CONTEXT|WEATHER_WIND_GUST_CONTEXT|WEATHER_HIGH_UV_CONTEXT|BEHAVIOR_LOW_SPEED_RESPONSE|BEHAVIOR_LOW_SPEED_RATIO_HIGH|BEHAVIOR_STOP_RESPONSE|ROUTE_PHASE_UNKNOWN|OSM_PROXIMITY_NOT_USAGE,ROUTE_LOAD_BEHAVIOR_CANDIDATE|IB2_OR_WEATHER_CONTEXT_PRESENT,"Descriptive planning context evidence only. This is not ability scoring, not route suitability scoring, not THCI/radar scoring, and not a final hiking risk assessment. Weather is activity-level context unless an explicit safe route-window source is used. OSM proximity is not proof of facility use. IB3D/event annotations are not causality evidence."
44_1,2550,2850,6,TURNAROUND_CONDITION_REVIEW_RECOMMENDED,100.0,VERY_HIGH_ROUTE_LOAD_CONTEXT,ROUTE_LOAD_HIGH_CONTEXT|ROUTE_LOAD_VERY_HIGH_CONTEXT|VERTICAL_RANGE_HIGH|SLOPE_HIGH|IB2_EFFORT_HIGH|TERRAIN_HIGH|STEPS_SURFACE_HIGH|SLOPE_LOAD_FALLBACK_VERTICAL_RANGE,WEATHER_ACTIVITY_LEVEL_ONLY|WEATHER_HUMID_CONTEXT|WEATHER_WIND_GUST_CONTEXT|WEATHER_HIGH_UV_CONTEXT,BEHAVIOR_LOW_SPEED_RESPONSE|BEHAVIOR_LOW_SPEED_RATIO_HIGH|BEHAVIOR_RELATIVE_HIGH_HR_RESPONSE,EVENT_SHORT_PAUSE|EVENT_HIGH_HR_RECOVERY_STOP,ROUTE_LOAD_HIGH_CONTEXT|ROUTE_LOAD_VERY_HIGH_CONTEXT|VERTICAL_RANGE_HIGH|SLOPE_HIGH|IB2_EFFORT_HIGH|TERRAIN_HIGH|STEPS_SURFACE_HIGH|IB2_WEATHER_SENSITIVE_ROUTE_EXPOSURE_CONTEXT|WEATHER_ACTIVITY_LEVEL_ONLY|WEATHER_HUMID_CONTEXT|WEATHER_WIND_GUST_CONTEXT|WEATHER_HIGH_UV_CONTEXT|BEHAVIOR_LOW_SPEED_RESPONSE|BEHAVIOR_LOW_SPEED_RATIO_HIGH|ROUTE_PHASE_UNKNOWN|OSM_PROXIMITY_NOT_USAGE|SLOPE_LOAD_FALLBACK_VERTICAL_RANGE|BEHAVIOR_RELATIVE_HIGH_HR_RESPONSE,VERY_HIGH_ROUTE_LOAD_CONTEXT|ROUTE_LOAD_BEHAVIOR_CANDIDATE|IB2_OR_WEATHER_CONTEXT_PRESENT,"Descriptive planning context evidence only. This is not ability scoring, not route suitability scoring, not THCI/radar scoring, and not a final hiking risk assessment. Weather is activity-level context unless an explicit safe route-window source is used. OSM proximity is not proof of facility use. IB3D/event annotations are not causality evidence."
44_1,2850,2900,1,REVIEW_FOR_CONSERVATIVE_PLANNING,34.936,LOWER_ROUTE_LOAD_CONTEXT,NONE,WEATHER_ACTIVITY_LEVEL_ONLY|WEATHER_HUMID_CONTEXT|WEATHER_WIND_GUST_CONTEXT|WEATHER_HIGH_UV_CONTEXT,BEHAVIOR_RELATIVE_HIGH_HR_RESPONSE,NONE,IB2_WEATHER_SENSITIVE_ROUTE_EXPOSURE_CONTEXT|WEATHER_ACTIVITY_LEVEL_ONLY|WEATHER_HUMID_CONTEXT|WEATHER_WIND_GUST_CONTEXT|WEATHER_HIGH_UV_CONTEXT|BEHAVIOR_RELATIVE_HIGH_HR_RESPONSE|ROUTE_PHASE_UNKNOWN|OSM_PROXIMITY_NOT_USAGE,HIGH_ROUTE_OR_IB2_CONTEXT,"Descriptive planning context evidence only. This is not ability scoring, not route suitability scoring, not THCI/radar scoring, and not a final hiking risk assessment. Weather is activity-level context unless an explicit safe route-window source is used. OSM proximity is not proof of facility use. IB3D/event annotations are not causality evidence."
44_1,2900,3000,2,CONSERVATIVE_PLANNING_RECOMMENDED,78.384,HIGH_ROUTE_LOAD_CONTEXT,ROUTE_LOAD_HIGH_CONTEXT|IB2_EFFORT_HIGH|STEPS_SURFACE_HIGH|SLOPE_HIGH,WEATHER_ACTIVITY_LEVEL_ONLY|WEATHER_HUMID_CONTEXT|WEATHER_WIND_GUST_CONTEXT|WEATHER_HIGH_UV_CONTEXT,BEHAVIOR_RELATIVE_HIGH_HR_RESPONSE,NONE,ROUTE_LOAD_HIGH_CONTEXT|IB2_EFFORT_HIGH|STEPS_SURFACE_HIGH|IB2_WEATHER_SENSITIVE_ROUTE_EXPOSURE_CONTEXT|WEATHER_ACTIVITY_LEVEL_ONLY|WEATHER_HUMID_CONTEXT|WEATHER_WIND_GUST_CONTEXT|WEATHER_HIGH_UV_CONTEXT|ROUTE_PHASE_UNKNOWN|OSM_PROXIMITY_NOT_USAGE|SLOPE_HIGH|BEHAVIOR_RELATIVE_HIGH_HR_RESPONSE,IB2_OR_WEATHER_CONTEXT_PRESENT|ROUTE_LOAD_BEHAVIOR_CANDIDATE,"Descriptive planning context evidence only. This is not ability scoring, not route suitability scoring, not THCI/radar scoring, and not a final hiking risk assessment. Weather is activity-level context unless an explicit safe route-window source is used. OSM proximity is not proof of facility use. IB3D/event annotations are not causality evidence."
44_1,3000,3500,10,REVIEW_FOR_CONSERVATIVE_PLANNING,42.177,LOWER_ROUTE_LOAD_CONTEXT,SLOPE_LOAD_FALLBACK_VERTICAL_RANGE|SLOPE_HIGH,WEATHER_ACTIVITY_LEVEL_ONLY|WEATHER_HUMID_CONTEXT|WEATHER_WIND_GUST_CONTEXT|WEATHER_HIGH_UV_CONTEXT,BEHAVIOR_RELATIVE_HIGH_HR_RESPONSE|BEHAVIOR_LOW_SPEED_RESPONSE|BEHAVIOR_LOW_SPEED_RATIO_HIGH,NONE,IB2_WEATHER_SENSITIVE_ROUTE_EXPOSURE_CONTEXT|WEATHER_ACTIVITY_LEVEL_ONLY|WEATHER_HUMID_CONTEXT|WEATHER_WIND_GUST_CONTEXT|WEATHER_HIGH_UV_CONTEXT|BEHAVIOR_RELATIVE_HIGH_HR_RESPONSE|ROUTE_PHASE_UNKNOWN|OSM_PROXIMITY_NOT_USAGE|SLOPE_LOAD_FALLBACK_VERTICAL_RANGE|SLOPE_HIGH|IB2_SUPPORT_CONTEXT|IB2_NAVIGATION_CONTEXT|GUIDEPOST_PROXIMITY_CONTEXT|SHELTER_PROXIMITY_CONTEXT|BEHAVIOR_LOW_SPEED_RESPONSE|BEHAVIOR_LOW_SPEED_RATIO_HIGH,HIGH_ROUTE_OR_IB2_CONTEXT,"Descriptive planning context evidence only. This is not ability scoring, not route suitability scoring, not THCI/radar scoring, and not a final hiking risk assessment. Weather is activity-level context unless an explicit safe route-window source is used. OSM proximity is not proof of facility use. IB3D/event annotations are not causality evidence."
44_1,3600,4100,10,CONSERVATIVE_PLANNING_RECOMMENDED,100.0,HIGH_ROUTE_LOAD_CONTEXT,ROUTE_LOAD_HIGH_CONTEXT|SLOPE_HIGH|IB2_EFFORT_HIGH|STEPS_SURFACE_HIGH|ROUTE_LOAD_VERY_HIGH_CONTEXT|TERRAIN_HIGH|SLOPE_LOAD_FALLBACK_VERTICAL_RANGE|VERTICAL_RANGE_HIGH,WEATHER_ACTIVITY_LEVEL_ONLY|WEATHER_HUMID_CONTEXT|WEATHER_WIND_GUST_CONTEXT|WEATHER_HIGH_UV_CONTEXT,BEHAVIOR_LOW_SPEED_RESPONSE,NONE,ROUTE_LOAD_HIGH_CONTEXT|SLOPE_HIGH|IB2_EFFORT_HIGH|STEPS_SURFACE_HIGH|IB2_WEATHER_SENSITIVE_ROUTE_EXPOSURE_CONTEXT|SHELTER_PROXIMITY_CONTEXT|WEATHER_ACTIVITY_LEVEL_ONLY|WEATHER_HUMID_CONTEXT|WEATHER_WIND_GUST_CONTEXT|WEATHER_HIGH_UV_CONTEXT|ROUTE_PHASE_UNKNOWN|OSM_PROXIMITY_NOT_USAGE|ROUTE_LOAD_VERY_HIGH_CONTEXT|TERRAIN_HIGH|BEHAVIOR_LOW_SPEED_RESPONSE|SLOPE_LOAD_FALLBACK_VERTICAL_RANGE|VERTICAL_RANGE_HIGH|WATERWAY_PROXIMITY_CONTEXT,IB2_OR_WEATHER_CONTEXT_PRESENT|VERY_HIGH_ROUTE_LOAD_CONTEXT|ROUTE_LOAD_BEHAVIOR_CANDIDATE,"Descriptive planning context evidence only. This is not ability scoring, not route suitability scoring, not THCI/radar scoring, and not a final hiking risk assessment. Weather is activity-level context unless an explicit safe route-window source is used. OSM proximity is not proof of facility use. IB3D/event annotations are not causality evidence."
44_1,4100,4150,1,REVIEW_FOR_CONSERVATIVE_PLANNING,46.224,MODERATE_ROUTE_LOAD_CONTEXT,IB2_EFFORT_HIGH,WEATHER_ACTIVITY_LEVEL_ONLY|WEATHER_HUMID_CONTEXT|WEATHER_WIND_GUST_CONTEXT|WEATHER_HIGH_UV_CONTEXT,NONE,NONE,IB2_EFFORT_HIGH|IB2_NAVIGATION_CONTEXT|IB2_WEATHER_SENSITIVE_ROUTE_EXPOSURE_CONTEXT|WATERWAY_PROXIMITY_CONTEXT|GUIDEPOST_PROXIMITY_CONTEXT|WEATHER_ACTIVITY_LEVEL_ONLY|WEATHER_HUMID_CONTEXT|WEATHER_WIND_GUST_CONTEXT|WEATHER_HIGH_UV_CONTEXT|ROUTE_PHASE_UNKNOWN|OSM_PROXIMITY_NOT_USAGE,HIGH_ROUTE_OR_IB2_CONTEXT,"Descriptive planning context evidence only. This is not ability scoring, not route suitability scoring, not THCI/radar scoring, and not a final hiking risk assessment. Weather is activity-level context unless an explicit safe route-window source is used. OSM proximity is not proof of facility use. IB3D/event annotations are not causality evidence."
44_1,4150,4200,1,CONSERVATIVE_PLANNING_RECOMMENDED,61.425,HIGH_ROUTE_LOAD_CONTEXT,ROUTE_LOAD_HIGH_CONTEXT|IB2_EFFORT_HIGH|STEPS_SURFACE_HIGH,WEATHER_ACTIVITY_LEVEL_ONLY|WEATHER_HUMID_CONTEXT|WEATHER_WIND_GUST_CONTEXT|WEATHER_HIGH_UV_CONTEXT,NONE,TERMINAL_ARTIFACT_REVIEW_ONLY,ROUTE_LOAD_HIGH_CONTEXT|IB2_EFFORT_HIGH|STEPS_SURFACE_HIGH|IB2_NAVIGATION_CONTEXT|IB2_WEATHER_SENSITIVE_ROUTE_EXPOSURE_CONTEXT|WATERWAY_PROXIMITY_CONTEXT|GUIDEPOST_PROXIMITY_CONTEXT|WEATHER_ACTIVITY_LEVEL_ONLY|WEATHER_HUMID_CONTEXT|WEATHER_WIND_GUST_CONTEXT|WEATHER_HIGH_UV_CONTEXT|ROUTE_PHASE_UNKNOWN|OSM_PROXIMITY_NOT_USAGE,IB2_OR_WEATHER_CONTEXT_PRESENT,"Descriptive planning context evidence only. This is not ability scoring, not route suitability scoring, not THCI/radar scoring, and not a final hiking risk assessment. Weather is activity-level context unless an explicit safe route-window source is used. OSM proximity is not proof of facility use. IB3D/event annotations are not causality evidence."
45_1,0,100,2,REVIEW_FOR_CONSERVATIVE_PLANNING,53.346,LOWER_ROUTE_LOAD_CONTEXT,IB2_EFFORT_HIGH,WEATHER_ACTIVITY_LEVEL_ONLY|WEATHER_HUMID_CONTEXT|WEATHER_WIND_GUST_CONTEXT|WEATHER_HIGH_UV_CONTEXT,NONE,NONE,IB2_NAVIGATION_CONTEXT|IB2_WEATHER_SENSITIVE_ROUTE_EXPOSURE_CONTEXT|WATERWAY_PROXIMITY_CONTEXT|GUIDEPOST_PROXIMITY_CONTEXT|WEATHER_ACTIVITY_LEVEL_ONLY|WEATHER_HUMID_CONTEXT|WEATHER_WIND_GUST_CONTEXT|WEATHER_HIGH_UV_CONTEXT|ROUTE_PHASE_UNKNOWN|OSM_PROXIMITY_NOT_USAGE|IB2_EFFORT_HIGH,HIGH_ROUTE_OR_IB2_CONTEXT,"Descriptive planning context evidence only. This is not ability scoring, not route suitability scoring, not THCI/radar scoring, and not a final hiking risk assessment. Weather is activity-level context unless an explicit safe route-window source is used. OSM proximity is not proof of facility use. IB3D/event annotations are not causality evidence."
45_1,100,150,1,CONSERVATIVE_PLANNING_RECOMMENDED,73.55,HIGH_ROUTE_LOAD_CONTEXT,ROUTE_LOAD_HIGH_CONTEXT|IB2_EFFORT_HIGH|STEPS_SURFACE_HIGH,WEATHER_ACTIVITY_LEVEL_ONLY|WEATHER_HUMID_CONTEXT|WEATHER_WIND_GUST_CONTEXT|WEATHER_HIGH_UV_CONTEXT,NONE,NONE,ROUTE_LOAD_HIGH_CONTEXT|IB2_EFFORT_HIGH|STEPS_SURFACE_HIGH|IB2_WEATHER_SENSITIVE_ROUTE_EXPOSURE_CONTEXT|WATERWAY_PROXIMITY_CONTEXT|WEATHER_ACTIVITY_LEVEL_ONLY|WEATHER_HUMID_CONTEXT|WEATHER_WIND_GUST_CONTEXT|WEATHER_HIGH_UV_CONTEXT|ROUTE_PHASE_UNKNOWN|OSM_PROXIMITY_NOT_USAGE,IB2_OR_WEATHER_CONTEXT_PRESENT,"Descriptive planning context evidence only. This is not ability scoring, not route suitability scoring, not THCI/radar scoring, and not a final hiking risk assessment. Weather is activity-level context unless an explicit safe route-window source is used. OSM proximity is not proof of facility use. IB3D/event annotations are not causality evidence."
45_1,150,250,2,TURNAROUND_CONDITION_REVIEW_RECOMMENDED,96.135,VERY_HIGH_ROUTE_LOAD_CONTEXT,ROUTE_LOAD_HIGH_CONTEXT|ROUTE_LOAD_VERY_HIGH_CONTEXT|VERTICAL_RANGE_HIGH|SLOPE_HIGH|IB2_EFFORT_HIGH|TERRAIN_HIGH|STEPS_SURFACE_HIGH|SLOPE_LOAD_FALLBACK_VERTICAL_RANGE,WEATHER_ACTIVITY_LEVEL_ONLY|WEATHER_HUMID_CONTEXT|WEATHER_WIND_GUST_CONTEXT|WEATHER_HIGH_UV_CONTEXT,BEHAVIOR_LOW_SPEED_RESPONSE|BEHAVIOR_LOW_SPEED_RATIO_HIGH,NONE,ROUTE_LOAD_HIGH_CONTEXT|ROUTE_LOAD_VERY_HIGH_CONTEXT|VERTICAL_RANGE_HIGH|SLOPE_HIGH|IB2_EFFORT_HIGH|TERRAIN_HIGH|STEPS_SURFACE_HIGH|SLOPE_LOAD_FALLBACK_VERTICAL_RANGE|IB2_WEATHER_SENSITIVE_ROUTE_EXPOSURE_CONTEXT|WATERWAY_PROXIMITY_CONTEXT|WEATHER_ACTIVITY_LEVEL_ONLY|WEATHER_HUMID_CONTEXT|WEATHER_WIND_GUST_CONTEXT|WEATHER_HIGH_UV_CONTEXT|BEHAVIOR_LOW_SPEED_RESPONSE|BEHAVIOR_LOW_SPEED_RATIO_HIGH|ROUTE_PHASE_UNKNOWN|OSM_PROXIMITY_NOT_USAGE,VERY_HIGH_ROUTE_LOAD_CONTEXT|ROUTE_LOAD_BEHAVIOR_CANDIDATE|IB2_OR_WEATHER_CONTEXT_PRESENT,"Descriptive planning context evidence only. This is not ability scoring, not route suitability scoring, not THCI/radar scoring, and not a final hiking risk assessment. Weather is activity-level context unless an explicit safe route-window source is used. OSM proximity is not proof of facility use. IB3D/event annotations are not causality evidence."
45_1,250,500,5,CONSERVATIVE_PLANNING_RECOMMENDED,86.342,HIGH_ROUTE_LOAD_CONTEXT,ROUTE_LOAD_HIGH_CONTEXT|ROUTE_LOAD_VERY_HIGH_CONTEXT|IB2_EFFORT_HIGH|TERRAIN_HIGH|STEPS_SURFACE_HIGH|SLOPE_LOAD_FALLBACK_VERTICAL_RANGE|VERTICAL_RANGE_HIGH,WEATHER_ACTIVITY_LEVEL_ONLY|WEATHER_HUMID_CONTEXT|WEATHER_WIND_GUST_CONTEXT|WEATHER_HIGH_UV_CONTEXT,BEHAVIOR_RELATIVE_HIGH_HR_RESPONSE,NONE,ROUTE_LOAD_HIGH_CONTEXT|ROUTE_LOAD_VERY_HIGH_CONTEXT|IB2_EFFORT_HIGH|TERRAIN_HIGH|STEPS_SURFACE_HIGH|SLOPE_LOAD_FALLBACK_VERTICAL_RANGE|IB2_WEATHER_SENSITIVE_ROUTE_EXPOSURE_CONTEXT|WEATHER_ACTIVITY_LEVEL_ONLY|WEATHER_HUMID_CONTEXT|WEATHER_WIND_GUST_CONTEXT|WEATHER_HIGH_UV_CONTEXT|ROUTE_PHASE_UNKNOWN|OSM_PROXIMITY_NOT_USAGE|BEHAVIOR_RELATIVE_HIGH_HR_RESPONSE|VERTICAL_RANGE_HIGH,VERY_HIGH_ROUTE_LOAD_CONTEXT|IB2_OR_WEATHER_CONTEXT_PRESENT|ROUTE_LOAD_BEHAVIOR_CANDIDATE,"Descriptive planning context evidence only. This is not ability scoring, not route suitability scoring, not THCI/radar scoring, and not a final hiking risk assessment. Weather is activity-level context unless an explicit safe route-window source is used. OSM proximity is not proof of facility use. IB3D/event annotations are not causality evidence."
45_1,500,550,1,TURNAROUND_CONDITION_REVIEW_RECOMMENDED,81.359,VERY_HIGH_ROUTE_LOAD_CONTEXT,ROUTE_LOAD_HIGH_CONTEXT|ROUTE_LOAD_VERY_HIGH_CONTEXT|IB2_EFFORT_HIGH|STEPS_SURFACE_HIGH|SLOPE_LOAD_FALLBACK_VERTICAL_RANGE,WEATHER_ACTIVITY_LEVEL_ONLY|WEATHER_HUMID_CONTEXT|WEATHER_WIND_GUST_CONTEXT|WEATHER_HIGH_UV_CONTEXT,BEHAVIOR_RELATIVE_HIGH_HR_RESPONSE,NONE,ROUTE_LOAD_HIGH_CONTEXT|ROUTE_LOAD_VERY_HIGH_CONTEXT|IB2_EFFORT_HIGH|STEPS_SURFACE_HIGH|SLOPE_LOAD_FALLBACK_VERTICAL_RANGE|IB2_WEATHER_SENSITIVE_ROUTE_EXPOSURE_CONTEXT|WEATHER_ACTIVITY_LEVEL_ONLY|WEATHER_HUMID_CONTEXT|WEATHER_WIND_GUST_CONTEXT|WEATHER_HIGH_UV_CONTEXT|BEHAVIOR_RELATIVE_HIGH_HR_RESPONSE|ROUTE_PHASE_UNKNOWN|OSM_PROXIMITY_NOT_USAGE,VERY_HIGH_ROUTE_LOAD_CONTEXT|ROUTE_LOAD_BEHAVIOR_CANDIDATE|IB2_OR_WEATHER_CONTEXT_PRESENT,"Descriptive planning context evidence only. This is not ability scoring, not route suitability scoring, not THCI/radar scoring, and not a final hiking risk assessment. Weather is activity-level context unless an explicit safe route-window source is used. OSM proximity is not proof of facility use. IB3D/event annotations are not causality evidence."
45_1,550,650,2,REVIEW_FOR_CONSERVATIVE_PLANNING,50.4,LOWER_ROUTE_LOAD_CONTEXT,IB2_EFFORT_HIGH|STEPS_SURFACE_HIGH|SLOPE_LOAD_FALLBACK_VERTICAL_RANGE,WEATHER_ACTIVITY_LEVEL_ONLY|WEATHER_HUMID_CONTEXT|WEATHER_WIND_GUST_CONTEXT|WEATHER_HIGH_UV_CONTEXT,BEHAVIOR_RELATIVE_HIGH_HR_RESPONSE,NONE,IB2_EFFORT_HIGH|STEPS_SURFACE_HIGH|SLOPE_LOAD_FALLBACK_VERTICAL_RANGE|IB2_WEATHER_SENSITIVE_ROUTE_EXPOSURE_CONTEXT|SHELTER_PROXIMITY_CONTEXT|WEATHER_ACTIVITY_LEVEL_ONLY|WEATHER_HUMID_CONTEXT|WEATHER_WIND_GUST_CONTEXT|WEATHER_HIGH_UV_CONTEXT|BEHAVIOR_RELATIVE_HIGH_HR_RESPONSE|ROUTE_PHASE_UNKNOWN|OSM_PROXIMITY_NOT_USAGE|IB2_NAVIGATION_CONTEXT|GUIDEPOST_PROXIMITY_CONTEXT,HIGH_ROUTE_OR_IB2_CONTEXT,"Descriptive planning context evidence only. This is not ability scoring, not route suitability scoring, not THCI/radar scoring, and not a final hiking risk assessment. Weather is activity-level context unless an explicit safe route-window source is used. OSM proximity is not proof of facility use. IB3D/event annotations are not causality evidence."
45_1,700,750,1,REVIEW_FOR_CONSERVATIVE_PLANNING,7.946,LOWER_ROUTE_LOAD_CONTEXT,NONE,WEATHER_ACTIVITY_LEVEL_ONLY|WEATHER_HUMID_CONTEXT|WEATHER_WIND_GUST_CONTEXT|WEATHER_HIGH_UV_CONTEXT,NONE,NONE,IB2_WEATHER_SENSITIVE_ROUTE_EXPOSURE_CONTEXT|SHELTER_PROXIMITY_CONTEXT|WEATHER_ACTIVITY_LEVEL_ONLY|WEATHER_HUMID_CONTEXT|WEATHER_WIND_GUST_CONTEXT|WEATHER_HIGH_UV_CONTEXT|ROUTE_PHASE_UNKNOWN|OSM_PROXIMITY_NOT_USAGE,HIGH_ROUTE_OR_IB2_CONTEXT,"Descriptive planning context evidence only. This is not ability scoring, not route suitability scoring, not THCI/radar scoring, and not a final hiking risk assessment. Weather is activity-level context unless an explicit safe route-window source is used. OSM proximity is not proof of facility use. IB3D/event annotations are not causality evidence."
45_1,800,1200,8,REVIEW_FOR_CONSERVATIVE_PLANNING,48.056,LOWER_ROUTE_LOAD_CONTEXT,SLOPE_LOAD_FALLBACK_VERTICAL_RANGE|SLOPE_HIGH,WEATHER_ACTIVITY_LEVEL_ONLY|WEATHER_HUMID_CONTEXT|WEATHER_WIND_GUST_CONTEXT|WEATHER_HIGH_UV_CONTEXT,NONE,NONE,SLOPE_LOAD_FALLBACK_VERTICAL_RANGE|IB2_NAVIGATION_CONTEXT|IB2_WEATHER_SENSITIVE_ROUTE_EXPOSURE_CONTEXT|GUIDEPOST_PROXIMITY_CONTEXT|WEATHER_ACTIVITY_LEVEL_ONLY|WEATHER_HUMID_CONTEXT|WEATHER_WIND_GUST_CONTEXT|WEATHER_HIGH_UV_CONTEXT|ROUTE_PHASE_UNKNOWN|OSM_PROXIMITY_NOT_USAGE|IB2_SUPPORT_CONTEXT|SLOPE_HIGH,HIGH_ROUTE_OR_IB2_CONTEXT,"Descriptive planning context evidence only. This is not ability scoring, not route suitability scoring, not THCI/radar scoring, and not a final hiking risk assessment. Weather is activity-level context unless an explicit safe route-window source is used. OSM proximity is not proof of facility use. IB3D/event annotations are not causality evidence."
45_1,1200,1300,2,CONSERVATIVE_PLANNING_RECOMMENDED,69.523,HIGH_ROUTE_LOAD_CONTEXT,ROUTE_LOAD_HIGH_CONTEXT|IB2_EFFORT_HIGH|STEPS_SURFACE_HIGH,WEATHER_ACTIVITY_LEVEL_ONLY|WEATHER_HUMID_CONTEXT|WEATHER_WIND_GUST_CONTEXT|WEATHER_HIGH_UV_CONTEXT,NONE,NONE,ROUTE_LOAD_HIGH_CONTEXT|IB2_EFFORT_HIGH|STEPS_SURFACE_HIGH|IB2_WEATHER_SENSITIVE_ROUTE_EXPOSURE_CONTEXT|WEATHER_ACTIVITY_LEVEL_ONLY|WEATHER_HUMID_CONTEXT|WEATHER_WIND_GUST_CONTEXT|WEATHER_HIGH_UV_CONTEXT|ROUTE_PHASE_UNKNOWN|OSM_PROXIMITY_NOT_USAGE,IB2_OR_WEATHER_CONTEXT_PRESENT,"Descriptive planning context evidence only. This is not ability scoring, not route suitability scoring, not THCI/radar scoring, and not a final hiking risk assessment. Weather is activity-level context unless an explicit safe route-window source is used. OSM proximity is not proof of facility use. IB3D/event annotations are not causality evidence."
45_1,1300,1350,1,REVIEW_FOR_CONSERVATIVE_PLANNING,36.248,MODERATE_ROUTE_LOAD_CONTEXT,SLOPE_LOAD_FALLBACK_VERTICAL_RANGE,WEATHER_ACTIVITY_LEVEL_ONLY|WEATHER_HUMID_CONTEXT|WEATHER_WIND_GUST_CONTEXT|WEATHER_HIGH_UV_CONTEXT,NONE,NONE,SLOPE_LOAD_FALLBACK_VERTICAL_RANGE|IB2_WEATHER_SENSITIVE_ROUTE_EXPOSURE_CONTEXT|WEATHER_ACTIVITY_LEVEL_ONLY|WEATHER_HUMID_CONTEXT|WEATHER_WIND_GUST_CONTEXT|WEATHER_HIGH_UV_CONTEXT|ROUTE_PHASE_UNKNOWN|OSM_PROXIMITY_NOT_USAGE,HIGH_ROUTE_OR_IB2_CONTEXT,"Descriptive planning context evidence only. This is not ability scoring, not route suitability scoring, not THCI/radar scoring, and not a final hiking risk assessment. Weather is activity-level context unless an explicit safe route-window source is used. OSM proximity is not proof of facility use. IB3D/event annotations are not causality evidence."
45_1,1350,1650,6,TURNAROUND_CONDITION_REVIEW_RECOMMENDED,100.0,VERY_HIGH_ROUTE_LOAD_CONTEXT,ROUTE_LOAD_HIGH_CONTEXT|ROUTE_LOAD_VERY_HIGH_CONTEXT|VERTICAL_RANGE_HIGH|SLOPE_HIGH|IB2_EFFORT_HIGH|TERRAIN_HIGH|STEPS_SURFACE_HIGH|SLOPE_LOAD_FALLBACK_VERTICAL_RANGE,WEATHER_ACTIVITY_LEVEL_ONLY|WEATHER_HUMID_CONTEXT|WEATHER_WIND_GUST_CONTEXT|WEATHER_HIGH_UV_CONTEXT,BEHAVIOR_LOW_SPEED_RESPONSE|BEHAVIOR_LOW_SPEED_RATIO_HIGH|BEHAVIOR_RELATIVE_HIGH_HR_RESPONSE,NONE,ROUTE_LOAD_HIGH_CONTEXT|ROUTE_LOAD_VERY_HIGH_CONTEXT|VERTICAL_RANGE_HIGH|SLOPE_HIGH|IB2_EFFORT_HIGH|TERRAIN_HIGH|STEPS_SURFACE_HIGH|SLOPE_LOAD_FALLBACK_VERTICAL_RANGE|IB2_WEATHER_SENSITIVE_ROUTE_EXPOSURE_CONTEXT|WEATHER_ACTIVITY_LEVEL_ONLY|WEATHER_HUMID_CONTEXT|WEATHER_WIND_GUST_CONTEXT|WEATHER_HIGH_UV_CONTEXT|BEHAVIOR_LOW_SPEED_RESPONSE|BEHAVIOR_LOW_SPEED_RATIO_HIGH|ROUTE_PHASE_UNKNOWN|OSM_PROXIMITY_NOT_USAGE|BEHAVIOR_RELATIVE_HIGH_HR_RESPONSE,VERY_HIGH_ROUTE_LOAD_CONTEXT|ROUTE_LOAD_BEHAVIOR_CANDIDATE|IB2_OR_WEATHER_CONTEXT_PRESENT,"Descriptive planning context evidence only. This is not ability scoring, not route suitability scoring, not THCI/radar scoring, and not a final hiking risk assessment. Weather is activity-level context unless an explicit safe route-window source is used. OSM proximity is not proof of facility use. IB3D/event annotations are not causality evidence."
45_1,1650,1750,2,REVIEW_FOR_CONSERVATIVE_PLANNING,54.389,LOWER_ROUTE_LOAD_CONTEXT,IB2_EFFORT_HIGH|STEPS_SURFACE_HIGH,WEATHER_ACTIVITY_LEVEL_ONLY|WEATHER_HUMID_CONTEXT|WEATHER_WIND_GUST_CONTEXT|WEATHER_HIGH_UV_CONTEXT,BEHAVIOR_RELATIVE_HIGH_HR_RESPONSE,NONE,IB2_EFFORT_HIGH|STEPS_SURFACE_HIGH|IB2_WEATHER_SENSITIVE_ROUTE_EXPOSURE_CONTEXT|WEATHER_ACTIVITY_LEVEL_ONLY|WEATHER_HUMID_CONTEXT|WEATHER_WIND_GUST_CONTEXT|WEATHER_HIGH_UV_CONTEXT|BEHAVIOR_RELATIVE_HIGH_HR_RESPONSE|ROUTE_PHASE_UNKNOWN|OSM_PROXIMITY_NOT_USAGE,HIGH_ROUTE_OR_IB2_CONTEXT,"Descriptive planning context evidence only. This is not ability scoring, not route suitability scoring, not THCI/radar scoring, and not a final hiking risk assessment. Weather is activity-level context unless an explicit safe route-window source is used. OSM proximity is not proof of facility use. IB3D/event annotations are not causality evidence."
45_1,1750,1850,2,CONSERVATIVE_PLANNING_RECOMMENDED,71.201,HIGH_ROUTE_LOAD_CONTEXT,ROUTE_LOAD_HIGH_CONTEXT|IB2_EFFORT_HIGH|STEPS_SURFACE_HIGH,WEATHER_ACTIVITY_LEVEL_ONLY|WEATHER_HUMID_CONTEXT|WEATHER_WIND_GUST_CONTEXT|WEATHER_HIGH_UV_CONTEXT,BEHAVIOR_LOW_SPEED_RESPONSE|BEHAVIOR_LOW_SPEED_RATIO_HIGH,NONE,ROUTE_LOAD_HIGH_CONTEXT|IB2_EFFORT_HIGH|STEPS_SURFACE_HIGH|IB2_NAVIGATION_CONTEXT|IB2_WEATHER_SENSITIVE_ROUTE_EXPOSURE_CONTEXT|GUIDEPOST_PROXIMITY_CONTEXT|WEATHER_ACTIVITY_LEVEL_ONLY|WEATHER_HUMID_CONTEXT|WEATHER_WIND_GUST_CONTEXT|WEATHER_HIGH_UV_CONTEXT|BEHAVIOR_LOW_SPEED_RESPONSE|BEHAVIOR_LOW_SPEED_RATIO_HIGH|ROUTE_PHASE_UNKNOWN|OSM_PROXIMITY_NOT_USAGE,ROUTE_LOAD_BEHAVIOR_CANDIDATE|IB2_OR_WEATHER_CONTEXT_PRESENT,"Descriptive planning context evidence only. This is not ability scoring, not route suitability scoring, not THCI/radar scoring, and not a final hiking risk assessment. Weather is activity-level context unless an explicit safe route-window source is used. OSM proximity is not proof of facility use. IB3D/event annotations are not causality evidence."
45_1,1850,1900,1,TURNAROUND_CONDITION_REVIEW_RECOMMENDED,91.158,VERY_HIGH_ROUTE_LOAD_CONTEXT,ROUTE_LOAD_HIGH_CONTEXT|ROUTE_LOAD_VERY_HIGH_CONTEXT|VERTICAL_RANGE_HIGH|SLOPE_HIGH|IB2_EFFORT_HIGH|TERRAIN_HIGH|STEPS_SURFACE_HIGH|SLOPE_LOAD_FALLBACK_VERTICAL_RANGE,WEATHER_ACTIVITY_LEVEL_ONLY|WEATHER_HUMID_CONTEXT|WEATHER_WIND_GUST_CONTEXT|WEATHER_HIGH_UV_CONTEXT,BEHAVIOR_LOW_SPEED_RESPONSE|BEHAVIOR_LOW_SPEED_RATIO_HIGH,NONE,ROUTE_LOAD_HIGH_CONTEXT|ROUTE_LOAD_VERY_HIGH_CONTEXT|VERTICAL_RANGE_HIGH|SLOPE_HIGH|IB2_EFFORT_HIGH|TERRAIN_HIGH|STEPS_SURFACE_HIGH|SLOPE_LOAD_FALLBACK_VERTICAL_RANGE|IB2_WEATHER_SENSITIVE_ROUTE_EXPOSURE_CONTEXT|WEATHER_ACTIVITY_LEVEL_ONLY|WEATHER_HUMID_CONTEXT|WEATHER_WIND_GUST_CONTEXT|WEATHER_HIGH_UV_CONTEXT|BEHAVIOR_LOW_SPEED_RESPONSE|BEHAVIOR_LOW_SPEED_RATIO_HIGH|ROUTE_PHASE_UNKNOWN|OSM_PROXIMITY_NOT_USAGE,VERY_HIGH_ROUTE_LOAD_CONTEXT|ROUTE_LOAD_BEHAVIOR_CANDIDATE|IB2_OR_WEATHER_CONTEXT_PRESENT,"Descriptive planning context evidence only. This is not ability scoring, not route suitability scoring, not THCI/radar scoring, and not a final hiking risk assessment. Weather is activity-level context unless an explicit safe route-window source is used. OSM proximity is not proof of facility use. IB3D/event annotations are not causality evidence."
45_1,1900,1950,1,REVIEW_FOR_CONSERVATIVE_PLANNING,52.302,MODERATE_ROUTE_LOAD_CONTEXT,IB2_EFFORT_HIGH,WEATHER_ACTIVITY_LEVEL_ONLY|WEATHER_HUMID_CONTEXT|WEATHER_WIND_GUST_CONTEXT|WEATHER_HIGH_UV_CONTEXT,NONE,NONE,IB2_EFFORT_HIGH|IB2_NAVIGATION_CONTEXT|IB2_WEATHER_SENSITIVE_ROUTE_EXPOSURE_CONTEXT|GUIDEPOST_PROXIMITY_CONTEXT|WEATHER_ACTIVITY_LEVEL_ONLY|WEATHER_HUMID_CONTEXT|WEATHER_WIND_GUST_CONTEXT|WEATHER_HIGH_UV_CONTEXT|ROUTE_PHASE_UNKNOWN|OSM_PROXIMITY_NOT_USAGE,HIGH_ROUTE_OR_IB2_CONTEXT,"Descriptive planning context evidence only. This is not ability scoring, not route suitability scoring, not THCI/radar scoring, and not a final hiking risk assessment. Weather is activity-level context unless an explicit safe route-window source is used. OSM proximity is not proof of facility use. IB3D/event annotations are not causality evidence."
45_1,1950,2050,2,TURNAROUND_CONDITION_REVIEW_RECOMMENDED,83.819,VERY_HIGH_ROUTE_LOAD_CONTEXT,ROUTE_LOAD_HIGH_CONTEXT|ROUTE_LOAD_VERY_HIGH_CONTEXT|VERTICAL_RANGE_HIGH|SLOPE_HIGH|IB2_EFFORT_HIGH|STEPS_SURFACE_HIGH|SLOPE_LOAD_FALLBACK_VERTICAL_RANGE,WEATHER_ACTIVITY_LEVEL_ONLY|WEATHER_HUMID_CONTEXT|WEATHER_WIND_GUST_CONTEXT|WEATHER_HIGH_UV_CONTEXT,BEHAVIOR_LOW_SPEED_RESPONSE|BEHAVIOR_RELATIVE_HIGH_HR_RESPONSE,NONE,ROUTE_LOAD_HIGH_CONTEXT|ROUTE_LOAD_VERY_HIGH_CONTEXT|VERTICAL_RANGE_HIGH|SLOPE_HIGH|IB2_EFFORT_HIGH|STEPS_SURFACE_HIGH|IB2_NAVIGATION_CONTEXT|IB2_WEATHER_SENSITIVE_ROUTE_EXPOSURE_CONTEXT|GUIDEPOST_PROXIMITY_CONTEXT|WEATHER_ACTIVITY_LEVEL_ONLY|WEATHER_HUMID_CONTEXT|WEATHER_WIND_GUST_CONTEXT|WEATHER_HIGH_UV_CONTEXT|BEHAVIOR_LOW_SPEED_RESPONSE|ROUTE_PHASE_UNKNOWN|OSM_PROXIMITY_NOT_USAGE|SLOPE_LOAD_FALLBACK_VERTICAL_RANGE|BEHAVIOR_RELATIVE_HIGH_HR_RESPONSE,VERY_HIGH_ROUTE_LOAD_CONTEXT|ROUTE_LOAD_BEHAVIOR_CANDIDATE|IB2_OR_WEATHER_CONTEXT_PRESENT,"Descriptive planning context evidence only. This is not ability scoring, not route suitability scoring, not THCI/radar scoring, and not a final hiking risk assessment. Weather is activity-level context unless an explicit safe route-window source is used. OSM proximity is not proof of facility use. IB3D/event annotations are not causality evidence."
45_1,2050,2100,1,REVIEW_FOR_CONSERVATIVE_PLANNING,52.25,MODERATE_ROUTE_LOAD_CONTEXT,IB2_EFFORT_HIGH|STEPS_SURFACE_HIGH,WEATHER_ACTIVITY_LEVEL_ONLY|WEATHER_HUMID_CONTEXT|WEATHER_WIND_GUST_CONTEXT|WEATHER_HIGH_UV_CONTEXT,BEHAVIOR_LOW_SPEED_RESPONSE|BEHAVIOR_STOP_RESPONSE,NONE,IB2_EFFORT_HIGH|STEPS_SURFACE_HIGH|IB2_NAVIGATION_CONTEXT|IB2_WEATHER_SENSITIVE_ROUTE_EXPOSURE_CONTEXT|GUIDEPOST_PROXIMITY_CONTEXT|WEATHER_ACTIVITY_LEVEL_ONLY|WEATHER_HUMID_CONTEXT|WEATHER_WIND_GUST_CONTEXT|WEATHER_HIGH_UV_CONTEXT|BEHAVIOR_LOW_SPEED_RESPONSE|BEHAVIOR_STOP_RESPONSE|ROUTE_PHASE_UNKNOWN|OSM_PROXIMITY_NOT_USAGE,HIGH_ROUTE_OR_IB2_CONTEXT,"Descriptive planning context evidence only. This is not ability scoring, not route suitability scoring, not THCI/radar scoring, and not a final hiking risk assessment. Weather is activity-level context unless an explicit safe route-window source is used. OSM proximity is not proof of facility use. IB3D/event annotations are not causality evidence."
45_1,2100,2150,1,CONSERVATIVE_PLANNING_RECOMMENDED,66.255,HIGH_ROUTE_LOAD_CONTEXT,ROUTE_LOAD_HIGH_CONTEXT|IB2_EFFORT_HIGH|STEPS_SURFACE_HIGH,WEATHER_ACTIVITY_LEVEL_ONLY|WEATHER_HUMID_CONTEXT|WEATHER_WIND_GUST_CONTEXT|WEATHER_HIGH_UV_CONTEXT,BEHAVIOR_RELATIVE_HIGH_HR_RESPONSE|BEHAVIOR_LOW_SPEED_RESPONSE,NONE,ROUTE_LOAD_HIGH_CONTEXT|IB2_EFFORT_HIGH|STEPS_SURFACE_HIGH|IB2_NAVIGATION_CONTEXT|IB2_WEATHER_SENSITIVE_ROUTE_EXPOSURE_CONTEXT|GUIDEPOST_PROXIMITY_CONTEXT|WEATHER_ACTIVITY_LEVEL_ONLY|WEATHER_HUMID_CONTEXT|WEATHER_WIND_GUST_CONTEXT|WEATHER_HIGH_UV_CONTEXT|BEHAVIOR_RELATIVE_HIGH_HR_RESPONSE|BEHAVIOR_LOW_SPEED_RESPONSE|ROUTE_PHASE_UNKNOWN|OSM_PROXIMITY_NOT_USAGE,ROUTE_LOAD_BEHAVIOR_CANDIDATE|IB2_OR_WEATHER_CONTEXT_PRESENT,"Descriptive planning context evidence only. This is not ability scoring, not route suitability scoring, not THCI/radar scoring, and not a final hiking risk assessment. Weather is activity-level context unless an explicit safe route-window source is used. OSM proximity is not proof of facility use. IB3D/event annotations are not causality evidence."
45_1,2150,2200,1,TURNAROUND_CONDITION_REVIEW_RECOMMENDED,89.063,VERY_HIGH_ROUTE_LOAD_CONTEXT,ROUTE_LOAD_HIGH_CONTEXT|ROUTE_LOAD_VERY_HIGH_CONTEXT|VERTICAL_RANGE_HIGH|SLOPE_HIGH|IB2_EFFORT_HIGH|STEPS_SURFACE_HIGH,WEATHER_ACTIVITY_LEVEL_ONLY|WEATHER_HUMID_CONTEXT|WEATHER_WIND_GUST_CONTEXT|WEATHER_HIGH_UV_CONTEXT,BEHAVIOR_RELATIVE_HIGH_HR_RESPONSE|BEHAVIOR_LOW_SPEED_RESPONSE|BEHAVIOR_LOW_SPEED_RATIO_HIGH,NONE,ROUTE_LOAD_HIGH_CONTEXT|ROUTE_LOAD_VERY_HIGH_CONTEXT|VERTICAL_RANGE_HIGH|SLOPE_HIGH|IB2_EFFORT_HIGH|STEPS_SURFACE_HIGH|IB2_WEATHER_SENSITIVE_ROUTE_EXPOSURE_CONTEXT|WEATHER_ACTIVITY_LEVEL_ONLY|WEATHER_HUMID_CONTEXT|WEATHER_WIND_GUST_CONTEXT|WEATHER_HIGH_UV_CONTEXT|BEHAVIOR_RELATIVE_HIGH_HR_RESPONSE|BEHAVIOR_LOW_SPEED_RESPONSE|BEHAVIOR_LOW_SPEED_RATIO_HIGH|ROUTE_PHASE_UNKNOWN|OSM_PROXIMITY_NOT_USAGE,VERY_HIGH_ROUTE_LOAD_CONTEXT|ROUTE_LOAD_BEHAVIOR_CANDIDATE|IB2_OR_WEATHER_CONTEXT_PRESENT,"Descriptive planning context evidence only. This is not ability scoring, not route suitability scoring, not THCI/radar scoring, and not a final hiking risk assessment. Weather is activity-level context unless an explicit safe route-window source is used. OSM proximity is not proof of facility use. IB3D/event annotations are not causality evidence."
45_1,2200,2250,1,CONSERVATIVE_PLANNING_RECOMMENDED,86.231,VERY_HIGH_ROUTE_LOAD_CONTEXT,ROUTE_LOAD_HIGH_CONTEXT|ROUTE_LOAD_VERY_HIGH_CONTEXT|SLOPE_HIGH|IB2_EFFORT_HIGH|STEPS_SURFACE_HIGH,WEATHER_ACTIVITY_LEVEL_ONLY|WEATHER_HUMID_CONTEXT|WEATHER_WIND_GUST_CONTEXT|WEATHER_HIGH_UV_CONTEXT,NONE,NONE,ROUTE_LOAD_HIGH_CONTEXT|ROUTE_LOAD_VERY_HIGH_CONTEXT|SLOPE_HIGH|IB2_EFFORT_HIGH|STEPS_SURFACE_HIGH|IB2_NAVIGATION_CONTEXT|IB2_WEATHER_SENSITIVE_ROUTE_EXPOSURE_CONTEXT|GUIDEPOST_PROXIMITY_CONTEXT|WEATHER_ACTIVITY_LEVEL_ONLY|WEATHER_HUMID_CONTEXT|WEATHER_WIND_GUST_CONTEXT|WEATHER_HIGH_UV_CONTEXT|ROUTE_PHASE_UNKNOWN|OSM_PROXIMITY_NOT_USAGE,VERY_HIGH_ROUTE_LOAD_CONTEXT|IB2_OR_WEATHER_CONTEXT_PRESENT,"Descriptive planning context evidence only. This is not ability scoring, not route suitability scoring, not THCI/radar scoring, and not a final hiking risk assessment. Weather is activity-level context unless an explicit safe route-window source is used. OSM proximity is not proof of facility use. IB3D/event annotations are not causality evidence."
45_1,2250,2300,1,REVIEW_FOR_CONSERVATIVE_PLANNING,56.208,MODERATE_ROUTE_LOAD_CONTEXT,IB2_EFFORT_HIGH|STEPS_SURFACE_HIGH,WEATHER_ACTIVITY_LEVEL_ONLY|WEATHER_HUMID_CONTEXT|WEATHER_WIND_GUST_CONTEXT|WEATHER_HIGH_UV_CONTEXT,NONE,NONE,IB2_EFFORT_HIGH|STEPS_SURFACE_HIGH|IB2_NAVIGATION_CONTEXT|IB2_WEATHER_SENSITIVE_ROUTE_EXPOSURE_CONTEXT|GUIDEPOST_PROXIMITY_CONTEXT|WEATHER_ACTIVITY_LEVEL_ONLY|WEATHER_HUMID_CONTEXT|WEATHER_WIND_GUST_CONTEXT|WEATHER_HIGH_UV_CONTEXT|ROUTE_PHASE_UNKNOWN|OSM_PROXIMITY_NOT_USAGE,HIGH_ROUTE_OR_IB2_CONTEXT,"Descriptive planning context evidence only. This is not ability scoring, not route suitability scoring, not THCI/radar scoring, and not a final hiking risk assessment. Weather is activity-level context unless an explicit safe route-window source is used. OSM proximity is not proof of facility use. IB3D/event annotations are not causality evidence."
45_1,2300,2350,1,TURNAROUND_CONDITION_REVIEW_RECOMMENDED,91.277,VERY_HIGH_ROUTE_LOAD_CONTEXT,ROUTE_LOAD_HIGH_CONTEXT|ROUTE_LOAD_VERY_HIGH_CONTEXT|VERTICAL_RANGE_HIGH|SLOPE_HIGH|IB2_EFFORT_HIGH|STEPS_SURFACE_HIGH|SLOPE_LOAD_FALLBACK_VERTICAL_RANGE,WEATHER_ACTIVITY_LEVEL_ONLY|WEATHER_HUMID_CONTEXT|WEATHER_WIND_GUST_CONTEXT|WEATHER_HIGH_UV_CONTEXT,BEHAVIOR_LOW_SPEED_RESPONSE,NONE,ROUTE_LOAD_HIGH_CONTEXT|ROUTE_LOAD_VERY_HIGH_CONTEXT|VERTICAL_RANGE_HIGH|SLOPE_HIGH|IB2_EFFORT_HIGH|STEPS_SURFACE_HIGH|SLOPE_LOAD_FALLBACK_VERTICAL_RANGE|IB2_WEATHER_SENSITIVE_ROUTE_EXPOSURE_CONTEXT|WEATHER_ACTIVITY_LEVEL_ONLY|WEATHER_HUMID_CONTEXT|WEATHER_WIND_GUST_CONTEXT|WEATHER_HIGH_UV_CONTEXT|BEHAVIOR_LOW_SPEED_RESPONSE|ROUTE_PHASE_UNKNOWN|OSM_PROXIMITY_NOT_USAGE,VERY_HIGH_ROUTE_LOAD_CONTEXT|ROUTE_LOAD_BEHAVIOR_CANDIDATE|IB2_OR_WEATHER_CONTEXT_PRESENT,"Descriptive planning context evidence only. This is not ability scoring, not route suitability scoring, not THCI/radar scoring, and not a final hiking risk assessment. Weather is activity-level context unless an explicit safe route-window source is used. OSM proximity is not proof of facility use. IB3D/event annotations are not causality evidence."
45_1,2350,2400,1,CONSERVATIVE_PLANNING_RECOMMENDED,73.999,HIGH_ROUTE_LOAD_CONTEXT,ROUTE_LOAD_HIGH_CONTEXT|IB2_EFFORT_HIGH|STEPS_SURFACE_HIGH,WEATHER_ACTIVITY_LEVEL_ONLY|WEATHER_HUMID_CONTEXT|WEATHER_WIND_GUST_CONTEXT|WEATHER_HIGH_UV_CONTEXT,BEHAVIOR_LOW_SPEED_RESPONSE|BEHAVIOR_LOW_SPEED_RATIO_HIGH,NONE,ROUTE_LOAD_HIGH_CONTEXT|IB2_EFFORT_HIGH|STEPS_SURFACE_HIGH|IB2_NAVIGATION_CONTEXT|IB2_WEATHER_SENSITIVE_ROUTE_EXPOSURE_CONTEXT|GUIDEPOST_PROXIMITY_CONTEXT|WEATHER_ACTIVITY_LEVEL_ONLY|WEATHER_HUMID_CONTEXT|WEATHER_WIND_GUST_CONTEXT|WEATHER_HIGH_UV_CONTEXT|BEHAVIOR_LOW_SPEED_RESPONSE|BEHAVIOR_LOW_SPEED_RATIO_HIGH|ROUTE_PHASE_UNKNOWN|OSM_PROXIMITY_NOT_USAGE,ROUTE_LOAD_BEHAVIOR_CANDIDATE|IB2_OR_WEATHER_CONTEXT_PRESENT,"Descriptive planning context evidence only. This is not ability scoring, not route suitability scoring, not THCI/radar scoring, and not a final hiking risk assessment. Weather is activity-level context unless an explicit safe route-window source is used. OSM proximity is not proof of facility use. IB3D/event annotations are not causality evidence."
45_1,2400,2500,2,REVIEW_FOR_CONSERVATIVE_PLANNING,35.039,LOWER_ROUTE_LOAD_CONTEXT,SLOPE_LOAD_FALLBACK_VERTICAL_RANGE,WEATHER_ACTIVITY_LEVEL_ONLY|WEATHER_HUMID_CONTEXT|WEATHER_WIND_GUST_CONTEXT|WEATHER_HIGH_UV_CONTEXT,NONE,NONE,IB2_NAVIGATION_CONTEXT|IB2_WEATHER_SENSITIVE_ROUTE_EXPOSURE_CONTEXT|GUIDEPOST_PROXIMITY_CONTEXT|WEATHER_ACTIVITY_LEVEL_ONLY|WEATHER_HUMID_CONTEXT|WEATHER_WIND_GUST_CONTEXT|WEATHER_HIGH_UV_CONTEXT|ROUTE_PHASE_UNKNOWN|OSM_PROXIMITY_NOT_USAGE|SLOPE_LOAD_FALLBACK_VERTICAL_RANGE,HIGH_ROUTE_OR_IB2_CONTEXT,"Descriptive planning context evidence only. This is not ability scoring, not route suitability scoring, not THCI/radar scoring, and not a final hiking risk assessment. Weather is activity-level context unless an explicit safe route-window source is used. OSM proximity is not proof of facility use. IB3D/event annotations are not causality evidence."
45_1,2500,2550,1,CONSERVATIVE_PLANNING_RECOMMENDED,65.182,HIGH_ROUTE_LOAD_CONTEXT,ROUTE_LOAD_HIGH_CONTEXT|IB2_EFFORT_HIGH|TERRAIN_HIGH|STEPS_SURFACE_HIGH,WEATHER_ACTIVITY_LEVEL_ONLY|WEATHER_HUMID_CONTEXT|WEATHER_WIND_GUST_CONTEXT|WEATHER_HIGH_UV_CONTEXT,BEHAVIOR_RELATIVE_HIGH_HR_RESPONSE,NONE,ROUTE_LOAD_HIGH_CONTEXT|IB2_EFFORT_HIGH|TERRAIN_HIGH|STEPS_SURFACE_HIGH|IB2_WEATHER_SENSITIVE_ROUTE_EXPOSURE_CONTEXT|WEATHER_ACTIVITY_LEVEL_ONLY|WEATHER_HUMID_CONTEXT|WEATHER_WIND_GUST_CONTEXT|WEATHER_HIGH_UV_CONTEXT|BEHAVIOR_RELATIVE_HIGH_HR_RESPONSE|ROUTE_PHASE_UNKNOWN|OSM_PROXIMITY_NOT_USAGE,ROUTE_LOAD_BEHAVIOR_CANDIDATE|IB2_OR_WEATHER_CONTEXT_PRESENT,"Descriptive planning context evidence only. This is not ability scoring, not route suitability scoring, not THCI/radar scoring, and not a final hiking risk assessment. Weather is activity-level context unless an explicit safe route-window source is used. OSM proximity is not proof of facility use. IB3D/event annotations are not causality evidence."
45_1,2550,2850,6,TURNAROUND_CONDITION_REVIEW_RECOMMENDED,100.0,VERY_HIGH_ROUTE_LOAD_CONTEXT,ROUTE_LOAD_HIGH_CONTEXT|ROUTE_LOAD_VERY_HIGH_CONTEXT|VERTICAL_RANGE_HIGH|SLOPE_HIGH|IB2_EFFORT_HIGH|TERRAIN_HIGH|STEPS_SURFACE_HIGH|SLOPE_LOAD_FALLBACK_VERTICAL_RANGE,WEATHER_ACTIVITY_LEVEL_ONLY|WEATHER_HUMID_CONTEXT|WEATHER_WIND_GUST_CONTEXT|WEATHER_HIGH_UV_CONTEXT,BEHAVIOR_RELATIVE_HIGH_HR_RESPONSE|BEHAVIOR_LOW_SPEED_RESPONSE|BEHAVIOR_LOW_SPEED_RATIO_HIGH,EVENT_SHORT_PAUSE|EVENT_HIGH_HR_RECOVERY_STOP,ROUTE_LOAD_HIGH_CONTEXT|ROUTE_LOAD_VERY_HIGH_CONTEXT|VERTICAL_RANGE_HIGH|SLOPE_HIGH|IB2_EFFORT_HIGH|TERRAIN_HIGH|STEPS_SURFACE_HIGH|IB2_WEATHER_SENSITIVE_ROUTE_EXPOSURE_CONTEXT|WEATHER_ACTIVITY_LEVEL_ONLY|WEATHER_HUMID_CONTEXT|WEATHER_WIND_GUST_CONTEXT|WEATHER_HIGH_UV_CONTEXT|BEHAVIOR_RELATIVE_HIGH_HR_RESPONSE|BEHAVIOR_LOW_SPEED_RESPONSE|BEHAVIOR_LOW_SPEED_RATIO_HIGH|ROUTE_PHASE_UNKNOWN|OSM_PROXIMITY_NOT_USAGE|SLOPE_LOAD_FALLBACK_VERTICAL_RANGE,VERY_HIGH_ROUTE_LOAD_CONTEXT|ROUTE_LOAD_BEHAVIOR_CANDIDATE|IB2_OR_WEATHER_CONTEXT_PRESENT,"Descriptive planning context evidence only. This is not ability scoring, not route suitability scoring, not THCI/radar scoring, and not a final hiking risk assessment. Weather is activity-level context unless an explicit safe route-window source is used. OSM proximity is not proof of facility use. IB3D/event annotations are not causality evidence."
45_1,2850,2900,1,REVIEW_FOR_CONSERVATIVE_PLANNING,34.295,LOWER_ROUTE_LOAD_CONTEXT,SLOPE_LOAD_FALLBACK_VERTICAL_RANGE,WEATHER_ACTIVITY_LEVEL_ONLY|WEATHER_HUMID_CONTEXT|WEATHER_WIND_GUST_CONTEXT|WEATHER_HIGH_UV_CONTEXT,NONE,EVENT_HIGH_HR_RECOVERY_STOP,SLOPE_LOAD_FALLBACK_VERTICAL_RANGE|IB2_WEATHER_SENSITIVE_ROUTE_EXPOSURE_CONTEXT|WEATHER_ACTIVITY_LEVEL_ONLY|WEATHER_HUMID_CONTEXT|WEATHER_WIND_GUST_CONTEXT|WEATHER_HIGH_UV_CONTEXT|ROUTE_PHASE_UNKNOWN|OSM_PROXIMITY_NOT_USAGE,HIGH_ROUTE_OR_IB2_CONTEXT,"Descriptive planning context evidence only. This is not ability scoring, not route suitability scoring, not THCI/radar scoring, and not a final hiking risk assessment. Weather is activity-level context unless an explicit safe route-window source is used. OSM proximity is not proof of facility use. IB3D/event annotations are not causality evidence."
45_1,2900,3000,2,CONSERVATIVE_PLANNING_RECOMMENDED,72.069,HIGH_ROUTE_LOAD_CONTEXT,ROUTE_LOAD_HIGH_CONTEXT|IB2_EFFORT_HIGH|STEPS_SURFACE_HIGH,WEATHER_ACTIVITY_LEVEL_ONLY|WEATHER_HUMID_CONTEXT|WEATHER_WIND_GUST_CONTEXT|WEATHER_HIGH_UV_CONTEXT,BEHAVIOR_LOW_SPEED_RESPONSE,NONE,ROUTE_LOAD_HIGH_CONTEXT|IB2_EFFORT_HIGH|STEPS_SURFACE_HIGH|IB2_WEATHER_SENSITIVE_ROUTE_EXPOSURE_CONTEXT|WEATHER_ACTIVITY_LEVEL_ONLY|WEATHER_HUMID_CONTEXT|WEATHER_WIND_GUST_CONTEXT|WEATHER_HIGH_UV_CONTEXT|ROUTE_PHASE_UNKNOWN|OSM_PROXIMITY_NOT_USAGE|BEHAVIOR_LOW_SPEED_RESPONSE,IB2_OR_WEATHER_CONTEXT_PRESENT|ROUTE_LOAD_BEHAVIOR_CANDIDATE,"Descriptive planning context evidence only. This is not ability scoring, not route suitability scoring, not THCI/radar scoring, and not a final hiking risk assessment. Weather is activity-level context unless an explicit safe route-window source is used. OSM proximity is not proof of facility use. IB3D/event annotations are not causality evidence."
45_1,3000,3550,11,REVIEW_FOR_CONSERVATIVE_PLANNING,42.494,LOWER_ROUTE_LOAD_CONTEXT,SLOPE_LOAD_FALLBACK_VERTICAL_RANGE|SLOPE_HIGH,WEATHER_ACTIVITY_LEVEL_ONLY|WEATHER_HUMID_CONTEXT|WEATHER_WIND_GUST_CONTEXT|WEATHER_HIGH_UV_CONTEXT,BEHAVIOR_RELATIVE_HIGH_HR_RESPONSE,NONE,SLOPE_LOAD_FALLBACK_VERTICAL_RANGE|IB2_WEATHER_SENSITIVE_ROUTE_EXPOSURE_CONTEXT|WEATHER_ACTIVITY_LEVEL_ONLY|WEATHER_HUMID_CONTEXT|WEATHER_WIND_GUST_CONTEXT|WEATHER_HIGH_UV_CONTEXT|ROUTE_PHASE_UNKNOWN|OSM_PROXIMITY_NOT_USAGE|IB2_SUPPORT_CONTEXT|IB2_NAVIGATION_CONTEXT|GUIDEPOST_PROXIMITY_CONTEXT|SHELTER_PROXIMITY_CONTEXT|BEHAVIOR_RELATIVE_HIGH_HR_RESPONSE|SLOPE_HIGH,HIGH_ROUTE_OR_IB2_CONTEXT,"Descriptive planning context evidence only. This is not ability scoring, not route suitability scoring, not THCI/radar scoring, and not a final hiking risk assessment. Weather is activity-level context unless an explicit safe route-window source is used. OSM proximity is not proof of facility use. IB3D/event annotations are not causality evidence."
45_1,3600,3950,7,CONSERVATIVE_PLANNING_RECOMMENDED,89.38,HIGH_ROUTE_LOAD_CONTEXT,ROUTE_LOAD_HIGH_CONTEXT|SLOPE_HIGH|IB2_EFFORT_HIGH|STEPS_SURFACE_HIGH|SLOPE_LOAD_FALLBACK_VERTICAL_RANGE|TERRAIN_HIGH|ROUTE_LOAD_VERY_HIGH_CONTEXT|VERTICAL_RANGE_HIGH,WEATHER_ACTIVITY_LEVEL_ONLY|WEATHER_HUMID_CONTEXT|WEATHER_WIND_GUST_CONTEXT|WEATHER_HIGH_UV_CONTEXT,BEHAVIOR_RELATIVE_HIGH_HR_RESPONSE,NONE,ROUTE_LOAD_HIGH_CONTEXT|SLOPE_HIGH|IB2_EFFORT_HIGH|STEPS_SURFACE_HIGH|IB2_WEATHER_SENSITIVE_ROUTE_EXPOSURE_CONTEXT|SHELTER_PROXIMITY_CONTEXT|WEATHER_ACTIVITY_LEVEL_ONLY|WEATHER_HUMID_CONTEXT|WEATHER_WIND_GUST_CONTEXT|WEATHER_HIGH_UV_CONTEXT|BEHAVIOR_RELATIVE_HIGH_HR_RESPONSE|ROUTE_PHASE_UNKNOWN|OSM_PROXIMITY_NOT_USAGE|SLOPE_LOAD_FALLBACK_VERTICAL_RANGE|TERRAIN_HIGH|ROUTE_LOAD_VERY_HIGH_CONTEXT|VERTICAL_RANGE_HIGH,ROUTE_LOAD_BEHAVIOR_CANDIDATE|IB2_OR_WEATHER_CONTEXT_PRESENT|VERY_HIGH_ROUTE_LOAD_CONTEXT,"Descriptive planning context evidence only. This is not ability scoring, not route suitability scoring, not THCI/radar scoring, and not a final hiking risk assessment. Weather is activity-level context unless an explicit safe route-window source is used. OSM proximity is not proof of facility use. IB3D/event annotations are not causality evidence."
45_1,3950,4000,1,TURNAROUND_CONDITION_REVIEW_RECOMMENDED,100.0,VERY_HIGH_ROUTE_LOAD_CONTEXT,ROUTE_LOAD_HIGH_CONTEXT|ROUTE_LOAD_VERY_HIGH_CONTEXT|VERTICAL_RANGE_HIGH|SLOPE_HIGH|IB2_EFFORT_HIGH|TERRAIN_HIGH|STEPS_SURFACE_HIGH|SLOPE_LOAD_FALLBACK_VERTICAL_RANGE,WEATHER_ACTIVITY_LEVEL_ONLY|WEATHER_HUMID_CONTEXT|WEATHER_WIND_GUST_CONTEXT|WEATHER_HIGH_UV_CONTEXT,BEHAVIOR_LOW_SPEED_RESPONSE|BEHAVIOR_LOW_SPEED_RATIO_HIGH,NONE,ROUTE_LOAD_HIGH_CONTEXT|ROUTE_LOAD_VERY_HIGH_CONTEXT|VERTICAL_RANGE_HIGH|SLOPE_HIGH|IB2_EFFORT_HIGH|TERRAIN_HIGH|STEPS_SURFACE_HIGH|SLOPE_LOAD_FALLBACK_VERTICAL_RANGE|IB2_WEATHER_SENSITIVE_ROUTE_EXPOSURE_CONTEXT|WATERWAY_PROXIMITY_CONTEXT|WEATHER_ACTIVITY_LEVEL_ONLY|WEATHER_HUMID_CONTEXT|WEATHER_WIND_GUST_CONTEXT|WEATHER_HIGH_UV_CONTEXT|BEHAVIOR_LOW_SPEED_RESPONSE|BEHAVIOR_LOW_SPEED_RATIO_HIGH|ROUTE_PHASE_UNKNOWN|OSM_PROXIMITY_NOT_USAGE,VERY_HIGH_ROUTE_LOAD_CONTEXT|ROUTE_LOAD_BEHAVIOR_CANDIDATE|IB2_OR_WEATHER_CONTEXT_PRESENT,"Descriptive planning context evidence only. This is not ability scoring, not route suitability scoring, not THCI/radar scoring, and not a final hiking risk assessment. Weather is activity-level context unless an explicit safe route-window source is used. OSM proximity is not proof of facility use. IB3D/event annotations are not causality evidence."
45_1,4000,4100,2,CONSERVATIVE_PLANNING_RECOMMENDED,92.038,HIGH_ROUTE_LOAD_CONTEXT,ROUTE_LOAD_HIGH_CONTEXT|ROUTE_LOAD_VERY_HIGH_CONTEXT|SLOPE_HIGH|IB2_EFFORT_HIGH|TERRAIN_HIGH|STEPS_SURFACE_HIGH,WEATHER_ACTIVITY_LEVEL_ONLY|WEATHER_HUMID_CONTEXT|WEATHER_WIND_GUST_CONTEXT|WEATHER_HIGH_UV_CONTEXT,NONE,NONE,ROUTE_LOAD_HIGH_CONTEXT|ROUTE_LOAD_VERY_HIGH_CONTEXT|SLOPE_HIGH|IB2_EFFORT_HIGH|TERRAIN_HIGH|STEPS_SURFACE_HIGH|IB2_WEATHER_SENSITIVE_ROUTE_EXPOSURE_CONTEXT|WATERWAY_PROXIMITY_CONTEXT|WEATHER_ACTIVITY_LEVEL_ONLY|WEATHER_HUMID_CONTEXT|WEATHER_WIND_GUST_CONTEXT|WEATHER_HIGH_UV_CONTEXT|ROUTE_PHASE_UNKNOWN|OSM_PROXIMITY_NOT_USAGE,VERY_HIGH_ROUTE_LOAD_CONTEXT|IB2_OR_WEATHER_CONTEXT_PRESENT,"Descriptive planning context evidence only. This is not ability scoring, not route suitability scoring, not THCI/radar scoring, and not a final hiking risk assessment. Weather is activity-level context unless an explicit safe route-window source is used. OSM proximity is not proof of facility use. IB3D/event annotations are not causality evidence."
45_1,4100,4200,2,REVIEW_FOR_CONSERVATIVE_PLANNING,56.323,LOWER_ROUTE_LOAD_CONTEXT,IB2_EFFORT_HIGH|STEPS_SURFACE_HIGH,WEATHER_ACTIVITY_LEVEL_ONLY|WEATHER_HUMID_CONTEXT|WEATHER_WIND_GUST_CONTEXT|WEATHER_HIGH_UV_CONTEXT,NONE,TERMINAL_ARTIFACT_REVIEW_ONLY,IB2_NAVIGATION_CONTEXT|IB2_WEATHER_SENSITIVE_ROUTE_EXPOSURE_CONTEXT|WATERWAY_PROXIMITY_CONTEXT|GUIDEPOST_PROXIMITY_CONTEXT|WEATHER_ACTIVITY_LEVEL_ONLY|WEATHER_HUMID_CONTEXT|WEATHER_WIND_GUST_CONTEXT|WEATHER_HIGH_UV_CONTEXT|ROUTE_PHASE_UNKNOWN|OSM_PROXIMITY_NOT_USAGE|IB2_EFFORT_HIGH|STEPS_SURFACE_HIGH,HIGH_ROUTE_OR_IB2_CONTEXT,"Descriptive planning context evidence only. This is not ability scoring, not route suitability scoring, not THCI/radar scoring, and not a final hiking risk assessment. Weather is activity-level context unless an explicit safe route-window source is used. OSM proximity is not proof of facility use. IB3D/event annotations are not causality evidence."
46_1,0,100,2,REVIEW_FOR_CONSERVATIVE_PLANNING,51.605,LOWER_ROUTE_LOAD_CONTEXT,IB2_EFFORT_HIGH,WEATHER_ACTIVITY_LEVEL_ONLY|WEATHER_WIND_GUST_CONTEXT|WEATHER_HIGH_UV_CONTEXT,BEHAVIOR_LOW_SPEED_RESPONSE|BEHAVIOR_LOW_SPEED_RATIO_HIGH,NONE,IB2_NAVIGATION_CONTEXT|IB2_WEATHER_SENSITIVE_ROUTE_EXPOSURE_CONTEXT|WATERWAY_PROXIMITY_CONTEXT|GUIDEPOST_PROXIMITY_CONTEXT|WEATHER_ACTIVITY_LEVEL_ONLY|WEATHER_WIND_GUST_CONTEXT|WEATHER_HIGH_UV_CONTEXT|BEHAVIOR_LOW_SPEED_RESPONSE|BEHAVIOR_LOW_SPEED_RATIO_HIGH|ROUTE_PHASE_UNKNOWN|OSM_PROXIMITY_NOT_USAGE|IB2_EFFORT_HIGH,HIGH_ROUTE_OR_IB2_CONTEXT,"Descriptive planning context evidence only. This is not ability scoring, not route suitability scoring, not THCI/radar scoring, and not a final hiking risk assessment. Weather is activity-level context unless an explicit safe route-window source is used. OSM proximity is not proof of facility use. IB3D/event annotations are not causality evidence."
46_1,100,150,1,CONSERVATIVE_PLANNING_RECOMMENDED,74.252,HIGH_ROUTE_LOAD_CONTEXT,ROUTE_LOAD_HIGH_CONTEXT|IB2_EFFORT_HIGH|STEPS_SURFACE_HIGH|SLOPE_LOAD_FALLBACK_VERTICAL_RANGE,WEATHER_ACTIVITY_LEVEL_ONLY|WEATHER_WIND_GUST_CONTEXT|WEATHER_HIGH_UV_CONTEXT,BEHAVIOR_LOW_SPEED_RESPONSE,NONE,ROUTE_LOAD_HIGH_CONTEXT|IB2_EFFORT_HIGH|STEPS_SURFACE_HIGH|SLOPE_LOAD_FALLBACK_VERTICAL_RANGE|IB2_WEATHER_SENSITIVE_ROUTE_EXPOSURE_CONTEXT|WATERWAY_PROXIMITY_CONTEXT|WEATHER_ACTIVITY_LEVEL_ONLY|WEATHER_WIND_GUST_CONTEXT|WEATHER_HIGH_UV_CONTEXT|BEHAVIOR_LOW_SPEED_RESPONSE|ROUTE_PHASE_UNKNOWN|OSM_PROXIMITY_NOT_USAGE,ROUTE_LOAD_BEHAVIOR_CANDIDATE|IB2_OR_WEATHER_CONTEXT_PRESENT,"Descriptive planning context evidence only. This is not ability scoring, not route suitability scoring, not THCI/radar scoring, and not a final hiking risk assessment. Weather is activity-level context unless an explicit safe route-window source is used. OSM proximity is not proof of facility use. IB3D/event annotations are not causality evidence."
46_1,150,300,3,TURNAROUND_CONDITION_REVIEW_RECOMMENDED,100.0,VERY_HIGH_ROUTE_LOAD_CONTEXT,ROUTE_LOAD_HIGH_CONTEXT|ROUTE_LOAD_VERY_HIGH_CONTEXT|VERTICAL_RANGE_HIGH|SLOPE_HIGH|IB2_EFFORT_HIGH|TERRAIN_HIGH|STEPS_SURFACE_HIGH|SLOPE_LOAD_FALLBACK_VERTICAL_RANGE,WEATHER_ACTIVITY_LEVEL_ONLY|WEATHER_WIND_GUST_CONTEXT|WEATHER_HIGH_UV_CONTEXT,BEHAVIOR_LOW_SPEED_RESPONSE|BEHAVIOR_LOW_SPEED_RATIO_HIGH,NONE,ROUTE_LOAD_HIGH_CONTEXT|ROUTE_LOAD_VERY_HIGH_CONTEXT|VERTICAL_RANGE_HIGH|SLOPE_HIGH|IB2_EFFORT_HIGH|TERRAIN_HIGH|STEPS_SURFACE_HIGH|SLOPE_LOAD_FALLBACK_VERTICAL_RANGE|IB2_WEATHER_SENSITIVE_ROUTE_EXPOSURE_CONTEXT|WATERWAY_PROXIMITY_CONTEXT|WEATHER_ACTIVITY_LEVEL_ONLY|WEATHER_WIND_GUST_CONTEXT|WEATHER_HIGH_UV_CONTEXT|BEHAVIOR_LOW_SPEED_RESPONSE|BEHAVIOR_LOW_SPEED_RATIO_HIGH|ROUTE_PHASE_UNKNOWN|OSM_PROXIMITY_NOT_USAGE,VERY_HIGH_ROUTE_LOAD_CONTEXT|ROUTE_LOAD_BEHAVIOR_CANDIDATE|IB2_OR_WEATHER_CONTEXT_PRESENT,"Descriptive planning context evidence only. This is not ability scoring, not route suitability scoring, not THCI/radar scoring, and not a final hiking risk assessment. Weather is activity-level context unless an explicit safe route-window source is used. OSM proximity is not proof of facility use. IB3D/event annotations are not causality evidence."
46_1,300,350,1,CONSERVATIVE_PLANNING_RECOMMENDED,66.007,HIGH_ROUTE_LOAD_CONTEXT,ROUTE_LOAD_HIGH_CONTEXT|IB2_EFFORT_HIGH|TERRAIN_HIGH|STEPS_SURFACE_HIGH,WEATHER_ACTIVITY_LEVEL_ONLY|WEATHER_WIND_GUST_CONTEXT|WEATHER_HIGH_UV_CONTEXT,BEHAVIOR_RELATIVE_HIGH_HR_RESPONSE,NONE,ROUTE_LOAD_HIGH_CONTEXT|IB2_EFFORT_HIGH|TERRAIN_HIGH|STEPS_SURFACE_HIGH|IB2_WEATHER_SENSITIVE_ROUTE_EXPOSURE_CONTEXT|WEATHER_ACTIVITY_LEVEL_ONLY|WEATHER_WIND_GUST_CONTEXT|WEATHER_HIGH_UV_CONTEXT|BEHAVIOR_RELATIVE_HIGH_HR_RESPONSE|ROUTE_PHASE_UNKNOWN|OSM_PROXIMITY_NOT_USAGE,ROUTE_LOAD_BEHAVIOR_CANDIDATE|IB2_OR_WEATHER_CONTEXT_PRESENT,"Descriptive planning context evidence only. This is not ability scoring, not route suitability scoring, not THCI/radar scoring, and not a final hiking risk assessment. Weather is activity-level context unless an explicit safe route-window source is used. OSM proximity is not proof of facility use. IB3D/event annotations are not causality evidence."
46_1,350,400,1,TURNAROUND_CONDITION_REVIEW_RECOMMENDED,91.763,VERY_HIGH_ROUTE_LOAD_CONTEXT,ROUTE_LOAD_HIGH_CONTEXT|ROUTE_LOAD_VERY_HIGH_CONTEXT|VERTICAL_RANGE_HIGH|SLOPE_HIGH|IB2_EFFORT_HIGH|TERRAIN_HIGH|STEPS_SURFACE_HIGH,WEATHER_ACTIVITY_LEVEL_ONLY|WEATHER_WIND_GUST_CONTEXT|WEATHER_HIGH_UV_CONTEXT,BEHAVIOR_LOW_SPEED_RESPONSE,NONE,ROUTE_LOAD_HIGH_CONTEXT|ROUTE_LOAD_VERY_HIGH_CONTEXT|VERTICAL_RANGE_HIGH|SLOPE_HIGH|IB2_EFFORT_HIGH|TERRAIN_HIGH|STEPS_SURFACE_HIGH|IB2_WEATHER_SENSITIVE_ROUTE_EXPOSURE_CONTEXT|WEATHER_ACTIVITY_LEVEL_ONLY|WEATHER_WIND_GUST_CONTEXT|WEATHER_HIGH_UV_CONTEXT|BEHAVIOR_LOW_SPEED_RESPONSE|ROUTE_PHASE_UNKNOWN|OSM_PROXIMITY_NOT_USAGE,VERY_HIGH_ROUTE_LOAD_CONTEXT|ROUTE_LOAD_BEHAVIOR_CANDIDATE|IB2_OR_WEATHER_CONTEXT_PRESENT,"Descriptive planning context evidence only. This is not ability scoring, not route suitability scoring, not THCI/radar scoring, and not a final hiking risk assessment. Weather is activity-level context unless an explicit safe route-window source is used. OSM proximity is not proof of facility use. IB3D/event annotations are not causality evidence."
46_1,400,500,2,CONSERVATIVE_PLANNING_RECOMMENDED,79.415,HIGH_ROUTE_LOAD_CONTEXT,ROUTE_LOAD_HIGH_CONTEXT|IB2_EFFORT_HIGH|STEPS_SURFACE_HIGH|SLOPE_LOAD_FALLBACK_VERTICAL_RANGE|TERRAIN_HIGH,WEATHER_ACTIVITY_LEVEL_ONLY|WEATHER_WIND_GUST_CONTEXT|WEATHER_HIGH_UV_CONTEXT,BEHAVIOR_RELATIVE_HIGH_HR_RESPONSE|BEHAVIOR_LOW_SPEED_RESPONSE,NONE,ROUTE_LOAD_HIGH_CONTEXT|IB2_EFFORT_HIGH|STEPS_SURFACE_HIGH|SLOPE_LOAD_FALLBACK_VERTICAL_RANGE|IB2_WEATHER_SENSITIVE_ROUTE_EXPOSURE_CONTEXT|WEATHER_ACTIVITY_LEVEL_ONLY|WEATHER_WIND_GUST_CONTEXT|WEATHER_HIGH_UV_CONTEXT|BEHAVIOR_RELATIVE_HIGH_HR_RESPONSE|BEHAVIOR_LOW_SPEED_RESPONSE|ROUTE_PHASE_UNKNOWN|OSM_PROXIMITY_NOT_USAGE|TERRAIN_HIGH,ROUTE_LOAD_BEHAVIOR_CANDIDATE|IB2_OR_WEATHER_CONTEXT_PRESENT,"Descriptive planning context evidence only. This is not ability scoring, not route suitability scoring, not THCI/radar scoring, and not a final hiking risk assessment. Weather is activity-level context unless an explicit safe route-window source is used. OSM proximity is not proof of facility use. IB3D/event annotations are not causality evidence."
46_1,500,550,1,TURNAROUND_CONDITION_REVIEW_RECOMMENDED,81.359,VERY_HIGH_ROUTE_LOAD_CONTEXT,ROUTE_LOAD_HIGH_CONTEXT|ROUTE_LOAD_VERY_HIGH_CONTEXT|IB2_EFFORT_HIGH|STEPS_SURFACE_HIGH|SLOPE_LOAD_FALLBACK_VERTICAL_RANGE,WEATHER_ACTIVITY_LEVEL_ONLY|WEATHER_WIND_GUST_CONTEXT|WEATHER_HIGH_UV_CONTEXT,BEHAVIOR_LOW_SPEED_RESPONSE,NONE,ROUTE_LOAD_HIGH_CONTEXT|ROUTE_LOAD_VERY_HIGH_CONTEXT|IB2_EFFORT_HIGH|STEPS_SURFACE_HIGH|SLOPE_LOAD_FALLBACK_VERTICAL_RANGE|IB2_WEATHER_SENSITIVE_ROUTE_EXPOSURE_CONTEXT|WEATHER_ACTIVITY_LEVEL_ONLY|WEATHER_WIND_GUST_CONTEXT|WEATHER_HIGH_UV_CONTEXT|BEHAVIOR_LOW_SPEED_RESPONSE|ROUTE_PHASE_UNKNOWN|OSM_PROXIMITY_NOT_USAGE,VERY_HIGH_ROUTE_LOAD_CONTEXT|ROUTE_LOAD_BEHAVIOR_CANDIDATE|IB2_OR_WEATHER_CONTEXT_PRESENT,"Descriptive planning context evidence only. This is not ability scoring, not route suitability scoring, not THCI/radar scoring, and not a final hiking risk assessment. Weather is activity-level context unless an explicit safe route-window source is used. OSM proximity is not proof of facility use. IB3D/event annotations are not causality evidence."
46_1,550,1200,13,REVIEW_FOR_CONSERVATIVE_PLANNING,43.718,LOWER_ROUTE_LOAD_CONTEXT,SLOPE_LOAD_FALLBACK_VERTICAL_RANGE|SLOPE_HIGH,WEATHER_ACTIVITY_LEVEL_ONLY|WEATHER_WIND_GUST_CONTEXT|WEATHER_HIGH_UV_CONTEXT,BEHAVIOR_LOW_SPEED_RESPONSE|BEHAVIOR_LOW_SPEED_RATIO_HIGH|BEHAVIOR_STOP_RESPONSE|BEHAVIOR_RELATIVE_HIGH_HR_RESPONSE,NONE,SLOPE_LOAD_FALLBACK_VERTICAL_RANGE|IB2_WEATHER_SENSITIVE_ROUTE_EXPOSURE_CONTEXT|SHELTER_PROXIMITY_CONTEXT|WEATHER_ACTIVITY_LEVEL_ONLY|WEATHER_WIND_GUST_CONTEXT|WEATHER_HIGH_UV_CONTEXT|BEHAVIOR_LOW_SPEED_RESPONSE|BEHAVIOR_LOW_SPEED_RATIO_HIGH|BEHAVIOR_STOP_RESPONSE|ROUTE_PHASE_UNKNOWN|OSM_PROXIMITY_NOT_USAGE|IB2_NAVIGATION_CONTEXT|GUIDEPOST_PROXIMITY_CONTEXT|IB2_SUPPORT_CONTEXT|SLOPE_HIGH|BEHAVIOR_RELATIVE_HIGH_HR_RESPONSE,HIGH_ROUTE_OR_IB2_CONTEXT,"Descriptive planning context evidence only. This is not ability scoring, not route suitability scoring, not THCI/radar scoring, and not a final hiking risk assessment. Weather is activity-level context unless an explicit safe route-window source is used. OSM proximity is not proof of facility use. IB3D/event annotations are not causality evidence."
46_1,1200,1300,2,CONSERVATIVE_PLANNING_RECOMMENDED,76.304,HIGH_ROUTE_LOAD_CONTEXT,ROUTE_LOAD_HIGH_CONTEXT|IB2_EFFORT_HIGH|STEPS_SURFACE_HIGH,WEATHER_ACTIVITY_LEVEL_ONLY|WEATHER_WIND_GUST_CONTEXT|WEATHER_HIGH_UV_CONTEXT,BEHAVIOR_LOW_SPEED_RESPONSE|BEHAVIOR_LOW_SPEED_RATIO_HIGH,NONE,ROUTE_LOAD_HIGH_CONTEXT|IB2_EFFORT_HIGH|STEPS_SURFACE_HIGH|IB2_WEATHER_SENSITIVE_ROUTE_EXPOSURE_CONTEXT|WEATHER_ACTIVITY_LEVEL_ONLY|WEATHER_WIND_GUST_CONTEXT|WEATHER_HIGH_UV_CONTEXT|BEHAVIOR_LOW_SPEED_RESPONSE|BEHAVIOR_LOW_SPEED_RATIO_HIGH|ROUTE_PHASE_UNKNOWN|OSM_PROXIMITY_NOT_USAGE,ROUTE_LOAD_BEHAVIOR_CANDIDATE|IB2_OR_WEATHER_CONTEXT_PRESENT,"Descriptive planning context evidence only. This is not ability scoring, not route suitability scoring, not THCI/radar scoring, and not a final hiking risk assessment. Weather is activity-level context unless an explicit safe route-window source is used. OSM proximity is not proof of facility use. IB3D/event annotations are not causality evidence."
46_1,1300,1350,1,REVIEW_FOR_CONSERVATIVE_PLANNING,37.955,MODERATE_ROUTE_LOAD_CONTEXT,SLOPE_LOAD_FALLBACK_VERTICAL_RANGE,WEATHER_ACTIVITY_LEVEL_ONLY|WEATHER_WIND_GUST_CONTEXT|WEATHER_HIGH_UV_CONTEXT,BEHAVIOR_LOW_SPEED_RESPONSE,NONE,SLOPE_LOAD_FALLBACK_VERTICAL_RANGE|IB2_WEATHER_SENSITIVE_ROUTE_EXPOSURE_CONTEXT|WEATHER_ACTIVITY_LEVEL_ONLY|WEATHER_WIND_GUST_CONTEXT|WEATHER_HIGH_UV_CONTEXT|BEHAVIOR_LOW_SPEED_RESPONSE|ROUTE_PHASE_UNKNOWN|OSM_PROXIMITY_NOT_USAGE,HIGH_ROUTE_OR_IB2_CONTEXT,"Descriptive planning context evidence only. This is not ability scoring, not route suitability scoring, not THCI/radar scoring, and not a final hiking risk assessment. Weather is activity-level context unless an explicit safe route-window source is used. OSM proximity is not proof of facility use. IB3D/event annotations are not causality evidence."
46_1,1350,1650,6,TURNAROUND_CONDITION_REVIEW_RECOMMENDED,100.0,VERY_HIGH_ROUTE_LOAD_CONTEXT,ROUTE_LOAD_HIGH_CONTEXT|ROUTE_LOAD_VERY_HIGH_CONTEXT|VERTICAL_RANGE_HIGH|SLOPE_HIGH|IB2_EFFORT_HIGH|TERRAIN_HIGH|STEPS_SURFACE_HIGH|SLOPE_LOAD_FALLBACK_VERTICAL_RANGE,WEATHER_ACTIVITY_LEVEL_ONLY|WEATHER_WIND_GUST_CONTEXT|WEATHER_HIGH_UV_CONTEXT,BEHAVIOR_LOW_SPEED_RESPONSE|BEHAVIOR_LOW_SPEED_RATIO_HIGH|BEHAVIOR_STOP_RESPONSE|BEHAVIOR_RELATIVE_HIGH_HR_RESPONSE,NONE,ROUTE_LOAD_HIGH_CONTEXT|ROUTE_LOAD_VERY_HIGH_CONTEXT|VERTICAL_RANGE_HIGH|SLOPE_HIGH|IB2_EFFORT_HIGH|TERRAIN_HIGH|STEPS_SURFACE_HIGH|SLOPE_LOAD_FALLBACK_VERTICAL_RANGE|IB2_WEATHER_SENSITIVE_ROUTE_EXPOSURE_CONTEXT|WEATHER_ACTIVITY_LEVEL_ONLY|WEATHER_WIND_GUST_CONTEXT|WEATHER_HIGH_UV_CONTEXT|BEHAVIOR_LOW_SPEED_RESPONSE|BEHAVIOR_LOW_SPEED_RATIO_HIGH|BEHAVIOR_STOP_RESPONSE|ROUTE_PHASE_UNKNOWN|OSM_PROXIMITY_NOT_USAGE|BEHAVIOR_RELATIVE_HIGH_HR_RESPONSE,VERY_HIGH_ROUTE_LOAD_CONTEXT|ROUTE_LOAD_BEHAVIOR_CANDIDATE|IB2_OR_WEATHER_CONTEXT_PRESENT,"Descriptive planning context evidence only. This is not ability scoring, not route suitability scoring, not THCI/radar scoring, and not a final hiking risk assessment. Weather is activity-level context unless an explicit safe route-window source is used. OSM proximity is not proof of facility use. IB3D/event annotations are not causality evidence."
46_1,1650,1750,2,REVIEW_FOR_CONSERVATIVE_PLANNING,54.673,LOWER_ROUTE_LOAD_CONTEXT,IB2_EFFORT_HIGH|SLOPE_LOAD_FALLBACK_VERTICAL_RANGE,WEATHER_ACTIVITY_LEVEL_ONLY|WEATHER_WIND_GUST_CONTEXT|WEATHER_HIGH_UV_CONTEXT,BEHAVIOR_RELATIVE_HIGH_HR_RESPONSE|BEHAVIOR_LOW_SPEED_RESPONSE,NONE,IB2_EFFORT_HIGH|SLOPE_LOAD_FALLBACK_VERTICAL_RANGE|IB2_WEATHER_SENSITIVE_ROUTE_EXPOSURE_CONTEXT|WEATHER_ACTIVITY_LEVEL_ONLY|WEATHER_WIND_GUST_CONTEXT|WEATHER_HIGH_UV_CONTEXT|BEHAVIOR_RELATIVE_HIGH_HR_RESPONSE|BEHAVIOR_LOW_SPEED_RESPONSE|ROUTE_PHASE_UNKNOWN|OSM_PROXIMITY_NOT_USAGE,HIGH_ROUTE_OR_IB2_CONTEXT,"Descriptive planning context evidence only. This is not ability scoring, not route suitability scoring, not THCI/radar scoring, and not a final hiking risk assessment. Weather is activity-level context unless an explicit safe route-window source is used. OSM proximity is not proof of facility use. IB3D/event annotations are not causality evidence."
46_1,1750,1850,2,CONSERVATIVE_PLANNING_RECOMMENDED,68.783,HIGH_ROUTE_LOAD_CONTEXT,ROUTE_LOAD_HIGH_CONTEXT|IB2_EFFORT_HIGH|STEPS_SURFACE_HIGH,WEATHER_ACTIVITY_LEVEL_ONLY|WEATHER_WIND_GUST_CONTEXT|WEATHER_HIGH_UV_CONTEXT,BEHAVIOR_LOW_SPEED_RESPONSE|BEHAVIOR_LOW_SPEED_RATIO_HIGH|BEHAVIOR_RELATIVE_HIGH_HR_RESPONSE,NONE,ROUTE_LOAD_HIGH_CONTEXT|IB2_EFFORT_HIGH|STEPS_SURFACE_HIGH|IB2_NAVIGATION_CONTEXT|IB2_WEATHER_SENSITIVE_ROUTE_EXPOSURE_CONTEXT|GUIDEPOST_PROXIMITY_CONTEXT|WEATHER_ACTIVITY_LEVEL_ONLY|WEATHER_WIND_GUST_CONTEXT|WEATHER_HIGH_UV_CONTEXT|BEHAVIOR_LOW_SPEED_RESPONSE|BEHAVIOR_LOW_SPEED_RATIO_HIGH|ROUTE_PHASE_UNKNOWN|OSM_PROXIMITY_NOT_USAGE|BEHAVIOR_RELATIVE_HIGH_HR_RESPONSE,ROUTE_LOAD_BEHAVIOR_CANDIDATE|IB2_OR_WEATHER_CONTEXT_PRESENT,"Descriptive planning context evidence only. This is not ability scoring, not route suitability scoring, not THCI/radar scoring, and not a final hiking risk assessment. Weather is activity-level context unless an explicit safe route-window source is used. OSM proximity is not proof of facility use. IB3D/event annotations are not causality evidence."
46_1,1850,1900,1,TURNAROUND_CONDITION_REVIEW_RECOMMENDED,89.962,VERY_HIGH_ROUTE_LOAD_CONTEXT,ROUTE_LOAD_HIGH_CONTEXT|ROUTE_LOAD_VERY_HIGH_CONTEXT|VERTICAL_RANGE_HIGH|SLOPE_HIGH|IB2_EFFORT_HIGH|TERRAIN_HIGH|STEPS_SURFACE_HIGH|SLOPE_LOAD_FALLBACK_VERTICAL_RANGE,WEATHER_ACTIVITY_LEVEL_ONLY|WEATHER_WIND_GUST_CONTEXT|WEATHER_HIGH_UV_CONTEXT,BEHAVIOR_LOW_SPEED_RESPONSE|BEHAVIOR_LOW_SPEED_RATIO_HIGH,NONE,ROUTE_LOAD_HIGH_CONTEXT|ROUTE_LOAD_VERY_HIGH_CONTEXT|VERTICAL_RANGE_HIGH|SLOPE_HIGH|IB2_EFFORT_HIGH|TERRAIN_HIGH|STEPS_SURFACE_HIGH|SLOPE_LOAD_FALLBACK_VERTICAL_RANGE|IB2_WEATHER_SENSITIVE_ROUTE_EXPOSURE_CONTEXT|WEATHER_ACTIVITY_LEVEL_ONLY|WEATHER_WIND_GUST_CONTEXT|WEATHER_HIGH_UV_CONTEXT|BEHAVIOR_LOW_SPEED_RESPONSE|BEHAVIOR_LOW_SPEED_RATIO_HIGH|ROUTE_PHASE_UNKNOWN|OSM_PROXIMITY_NOT_USAGE,VERY_HIGH_ROUTE_LOAD_CONTEXT|ROUTE_LOAD_BEHAVIOR_CANDIDATE|IB2_OR_WEATHER_CONTEXT_PRESENT,"Descriptive planning context evidence only. This is not ability scoring, not route suitability scoring, not THCI/radar scoring, and not a final hiking risk assessment. Weather is activity-level context unless an explicit safe route-window source is used. OSM proximity is not proof of facility use. IB3D/event annotations are not causality evidence."
46_1,1900,1950,1,REVIEW_FOR_CONSERVATIVE_PLANNING,50.519,MODERATE_ROUTE_LOAD_CONTEXT,IB2_EFFORT_HIGH|STEPS_SURFACE_HIGH|SLOPE_LOAD_FALLBACK_VERTICAL_RANGE,WEATHER_ACTIVITY_LEVEL_ONLY|WEATHER_WIND_GUST_CONTEXT|WEATHER_HIGH_UV_CONTEXT,NONE,NONE,IB2_EFFORT_HIGH|STEPS_SURFACE_HIGH|SLOPE_LOAD_FALLBACK_VERTICAL_RANGE|IB2_NAVIGATION_CONTEXT|IB2_WEATHER_SENSITIVE_ROUTE_EXPOSURE_CONTEXT|GUIDEPOST_PROXIMITY_CONTEXT|WEATHER_ACTIVITY_LEVEL_ONLY|WEATHER_WIND_GUST_CONTEXT|WEATHER_HIGH_UV_CONTEXT|ROUTE_PHASE_UNKNOWN|OSM_PROXIMITY_NOT_USAGE,HIGH_ROUTE_OR_IB2_CONTEXT,"Descriptive planning context evidence only. This is not ability scoring, not route suitability scoring, not THCI/radar scoring, and not a final hiking risk assessment. Weather is activity-level context unless an explicit safe route-window source is used. OSM proximity is not proof of facility use. IB3D/event annotations are not causality evidence."
46_1,1950,2050,2,TURNAROUND_CONDITION_REVIEW_RECOMMENDED,82.994,VERY_HIGH_ROUTE_LOAD_CONTEXT,ROUTE_LOAD_HIGH_CONTEXT|ROUTE_LOAD_VERY_HIGH_CONTEXT|IB2_EFFORT_HIGH|STEPS_SURFACE_HIGH|SLOPE_LOAD_FALLBACK_VERTICAL_RANGE,WEATHER_ACTIVITY_LEVEL_ONLY|WEATHER_WIND_GUST_CONTEXT|WEATHER_HIGH_UV_CONTEXT,BEHAVIOR_LOW_SPEED_RESPONSE|BEHAVIOR_LOW_SPEED_RATIO_HIGH|BEHAVIOR_RELATIVE_HIGH_HR_RESPONSE,NONE,ROUTE_LOAD_HIGH_CONTEXT|ROUTE_LOAD_VERY_HIGH_CONTEXT|IB2_EFFORT_HIGH|STEPS_SURFACE_HIGH|SLOPE_LOAD_FALLBACK_VERTICAL_RANGE|IB2_NAVIGATION_CONTEXT|IB2_WEATHER_SENSITIVE_ROUTE_EXPOSURE_CONTEXT|GUIDEPOST_PROXIMITY_CONTEXT|WEATHER_ACTIVITY_LEVEL_ONLY|WEATHER_WIND_GUST_CONTEXT|WEATHER_HIGH_UV_CONTEXT|BEHAVIOR_LOW_SPEED_RESPONSE|BEHAVIOR_LOW_SPEED_RATIO_HIGH|ROUTE_PHASE_UNKNOWN|OSM_PROXIMITY_NOT_USAGE|BEHAVIOR_RELATIVE_HIGH_HR_RESPONSE,VERY_HIGH_ROUTE_LOAD_CONTEXT|ROUTE_LOAD_BEHAVIOR_CANDIDATE|IB2_OR_WEATHER_CONTEXT_PRESENT,"Descriptive planning context evidence only. This is not ability scoring, not route suitability scoring, not THCI/radar scoring, and not a final hiking risk assessment. Weather is activity-level context unless an explicit safe route-window source is used. OSM proximity is not proof of facility use. IB3D/event annotations are not causality evidence."
46_1,2050,2150,2,REVIEW_FOR_CONSERVATIVE_PLANNING,57.92,MODERATE_ROUTE_LOAD_CONTEXT,IB2_EFFORT_HIGH|STEPS_SURFACE_HIGH,WEATHER_ACTIVITY_LEVEL_ONLY|WEATHER_WIND_GUST_CONTEXT|WEATHER_HIGH_UV_CONTEXT,BEHAVIOR_LOW_SPEED_RESPONSE|BEHAVIOR_STOP_RESPONSE|BEHAVIOR_RELATIVE_HIGH_HR_RESPONSE|BEHAVIOR_LOW_SPEED_RATIO_HIGH,EVENT_HIGH_HR_RECOVERY_STOP|EVENT_SHORT_PAUSE,IB2_EFFORT_HIGH|STEPS_SURFACE_HIGH|IB2_NAVIGATION_CONTEXT|IB2_WEATHER_SENSITIVE_ROUTE_EXPOSURE_CONTEXT|GUIDEPOST_PROXIMITY_CONTEXT|WEATHER_ACTIVITY_LEVEL_ONLY|WEATHER_WIND_GUST_CONTEXT|WEATHER_HIGH_UV_CONTEXT|BEHAVIOR_LOW_SPEED_RESPONSE|BEHAVIOR_STOP_RESPONSE|ROUTE_PHASE_UNKNOWN|OSM_PROXIMITY_NOT_USAGE|BEHAVIOR_RELATIVE_HIGH_HR_RESPONSE|BEHAVIOR_LOW_SPEED_RATIO_HIGH,HIGH_ROUTE_OR_IB2_CONTEXT,"Descriptive planning context evidence only. This is not ability scoring, not route suitability scoring, not THCI/radar scoring, and not a final hiking risk assessment. Weather is activity-level context unless an explicit safe route-window source is used. OSM proximity is not proof of facility use. IB3D/event annotations are not causality evidence."
46_1,2150,2250,2,TURNAROUND_CONDITION_REVIEW_RECOMMENDED,89.063,VERY_HIGH_ROUTE_LOAD_CONTEXT,ROUTE_LOAD_HIGH_CONTEXT|ROUTE_LOAD_VERY_HIGH_CONTEXT|VERTICAL_RANGE_HIGH|SLOPE_HIGH|IB2_EFFORT_HIGH|STEPS_SURFACE_HIGH|SLOPE_LOAD_FALLBACK_VERTICAL_RANGE,WEATHER_ACTIVITY_LEVEL_ONLY|WEATHER_WIND_GUST_CONTEXT|WEATHER_HIGH_UV_CONTEXT,BEHAVIOR_RELATIVE_HIGH_HR_RESPONSE|BEHAVIOR_LOW_SPEED_RESPONSE|BEHAVIOR_LOW_SPEED_RATIO_HIGH,NONE,ROUTE_LOAD_HIGH_CONTEXT|ROUTE_LOAD_VERY_HIGH_CONTEXT|VERTICAL_RANGE_HIGH|SLOPE_HIGH|IB2_EFFORT_HIGH|STEPS_SURFACE_HIGH|IB2_WEATHER_SENSITIVE_ROUTE_EXPOSURE_CONTEXT|WEATHER_ACTIVITY_LEVEL_ONLY|WEATHER_WIND_GUST_CONTEXT|WEATHER_HIGH_UV_CONTEXT|BEHAVIOR_RELATIVE_HIGH_HR_RESPONSE|BEHAVIOR_LOW_SPEED_RESPONSE|BEHAVIOR_LOW_SPEED_RATIO_HIGH|ROUTE_PHASE_UNKNOWN|OSM_PROXIMITY_NOT_USAGE|SLOPE_LOAD_FALLBACK_VERTICAL_RANGE|IB2_NAVIGATION_CONTEXT|GUIDEPOST_PROXIMITY_CONTEXT,VERY_HIGH_ROUTE_LOAD_CONTEXT|ROUTE_LOAD_BEHAVIOR_CANDIDATE|IB2_OR_WEATHER_CONTEXT_PRESENT,"Descriptive planning context evidence only. This is not ability scoring, not route suitability scoring, not THCI/radar scoring, and not a final hiking risk assessment. Weather is activity-level context unless an explicit safe route-window source is used. OSM proximity is not proof of facility use. IB3D/event annotations are not causality evidence."
46_1,2250,2300,1,REVIEW_FOR_CONSERVATIVE_PLANNING,52.72,MODERATE_ROUTE_LOAD_CONTEXT,IB2_EFFORT_HIGH,WEATHER_ACTIVITY_LEVEL_ONLY|WEATHER_WIND_GUST_CONTEXT|WEATHER_HIGH_UV_CONTEXT,BEHAVIOR_LOW_SPEED_RESPONSE,NONE,IB2_EFFORT_HIGH|IB2_NAVIGATION_CONTEXT|IB2_WEATHER_SENSITIVE_ROUTE_EXPOSURE_CONTEXT|GUIDEPOST_PROXIMITY_CONTEXT|WEATHER_ACTIVITY_LEVEL_ONLY|WEATHER_WIND_GUST_CONTEXT|WEATHER_HIGH_UV_CONTEXT|BEHAVIOR_LOW_SPEED_RESPONSE|ROUTE_PHASE_UNKNOWN|OSM_PROXIMITY_NOT_USAGE,HIGH_ROUTE_OR_IB2_CONTEXT,"Descriptive planning context evidence only. This is not ability scoring, not route suitability scoring, not THCI/radar scoring, and not a final hiking risk assessment. Weather is activity-level context unless an explicit safe route-window source is used. OSM proximity is not proof of facility use. IB3D/event annotations are not causality evidence."
46_1,2300,2400,2,TURNAROUND_CONDITION_REVIEW_RECOMMENDED,95.562,VERY_HIGH_ROUTE_LOAD_CONTEXT,ROUTE_LOAD_HIGH_CONTEXT|ROUTE_LOAD_VERY_HIGH_CONTEXT|VERTICAL_RANGE_HIGH|SLOPE_HIGH|IB2_EFFORT_HIGH|TERRAIN_HIGH|STEPS_SURFACE_HIGH|SLOPE_LOAD_FALLBACK_VERTICAL_RANGE,WEATHER_ACTIVITY_LEVEL_ONLY|WEATHER_WIND_GUST_CONTEXT|WEATHER_HIGH_UV_CONTEXT,BEHAVIOR_LOW_SPEED_RESPONSE|BEHAVIOR_LOW_SPEED_RATIO_HIGH|BEHAVIOR_RELATIVE_HIGH_HR_RESPONSE,EVENT_HIGH_HR_RECOVERY_STOP|EVENT_SHORT_PAUSE,ROUTE_LOAD_HIGH_CONTEXT|ROUTE_LOAD_VERY_HIGH_CONTEXT|VERTICAL_RANGE_HIGH|SLOPE_HIGH|IB2_EFFORT_HIGH|TERRAIN_HIGH|STEPS_SURFACE_HIGH|SLOPE_LOAD_FALLBACK_VERTICAL_RANGE|IB2_WEATHER_SENSITIVE_ROUTE_EXPOSURE_CONTEXT|WEATHER_ACTIVITY_LEVEL_ONLY|WEATHER_WIND_GUST_CONTEXT|WEATHER_HIGH_UV_CONTEXT|BEHAVIOR_LOW_SPEED_RESPONSE|BEHAVIOR_LOW_SPEED_RATIO_HIGH|ROUTE_PHASE_UNKNOWN|OSM_PROXIMITY_NOT_USAGE|IB2_NAVIGATION_CONTEXT|GUIDEPOST_PROXIMITY_CONTEXT|BEHAVIOR_RELATIVE_HIGH_HR_RESPONSE,VERY_HIGH_ROUTE_LOAD_CONTEXT|ROUTE_LOAD_BEHAVIOR_CANDIDATE|IB2_OR_WEATHER_CONTEXT_PRESENT,"Descriptive planning context evidence only. This is not ability scoring, not route suitability scoring, not THCI/radar scoring, and not a final hiking risk assessment. Weather is activity-level context unless an explicit safe route-window source is used. OSM proximity is not proof of facility use. IB3D/event annotations are not causality evidence."
46_1,2400,2500,2,REVIEW_FOR_CONSERVATIVE_PLANNING,52.773,MODERATE_ROUTE_LOAD_CONTEXT,IB2_EFFORT_HIGH|SLOPE_LOAD_FALLBACK_VERTICAL_RANGE,WEATHER_ACTIVITY_LEVEL_ONLY|WEATHER_WIND_GUST_CONTEXT|WEATHER_HIGH_UV_CONTEXT,BEHAVIOR_LOW_SPEED_RESPONSE|BEHAVIOR_LOW_SPEED_RATIO_HIGH,EVENT_SHORT_PAUSE,IB2_EFFORT_HIGH|SLOPE_LOAD_FALLBACK_VERTICAL_RANGE|IB2_NAVIGATION_CONTEXT|IB2_WEATHER_SENSITIVE_ROUTE_EXPOSURE_CONTEXT|GUIDEPOST_PROXIMITY_CONTEXT|WEATHER_ACTIVITY_LEVEL_ONLY|WEATHER_WIND_GUST_CONTEXT|WEATHER_HIGH_UV_CONTEXT|BEHAVIOR_LOW_SPEED_RESPONSE|BEHAVIOR_LOW_SPEED_RATIO_HIGH|ROUTE_PHASE_UNKNOWN|OSM_PROXIMITY_NOT_USAGE,HIGH_ROUTE_OR_IB2_CONTEXT,"Descriptive planning context evidence only. This is not ability scoring, not route suitability scoring, not THCI/radar scoring, and not a final hiking risk assessment. Weather is activity-level context unless an explicit safe route-window source is used. OSM proximity is not proof of facility use. IB3D/event annotations are not causality evidence."
46_1,2500,2550,1,CONSERVATIVE_PLANNING_RECOMMENDED,62.342,HIGH_ROUTE_LOAD_CONTEXT,ROUTE_LOAD_HIGH_CONTEXT|IB2_EFFORT_HIGH|TERRAIN_HIGH|STEPS_SURFACE_HIGH|SLOPE_LOAD_FALLBACK_VERTICAL_RANGE,WEATHER_ACTIVITY_LEVEL_ONLY|WEATHER_WIND_GUST_CONTEXT|WEATHER_HIGH_UV_CONTEXT,BEHAVIOR_LOW_SPEED_RESPONSE|BEHAVIOR_LOW_SPEED_RATIO_HIGH,NONE,ROUTE_LOAD_HIGH_CONTEXT|IB2_EFFORT_HIGH|TERRAIN_HIGH|STEPS_SURFACE_HIGH|SLOPE_LOAD_FALLBACK_VERTICAL_RANGE|IB2_WEATHER_SENSITIVE_ROUTE_EXPOSURE_CONTEXT|WEATHER_ACTIVITY_LEVEL_ONLY|WEATHER_WIND_GUST_CONTEXT|WEATHER_HIGH_UV_CONTEXT|BEHAVIOR_LOW_SPEED_RESPONSE|BEHAVIOR_LOW_SPEED_RATIO_HIGH|ROUTE_PHASE_UNKNOWN|OSM_PROXIMITY_NOT_USAGE,ROUTE_LOAD_BEHAVIOR_CANDIDATE|IB2_OR_WEATHER_CONTEXT_PRESENT,"Descriptive planning context evidence only. This is not ability scoring, not route suitability scoring, not THCI/radar scoring, and not a final hiking risk assessment. Weather is activity-level context unless an explicit safe route-window source is used. OSM proximity is not proof of facility use. IB3D/event annotations are not causality evidence."
46_1,2550,2850,6,TURNAROUND_CONDITION_REVIEW_RECOMMENDED,100.0,VERY_HIGH_ROUTE_LOAD_CONTEXT,ROUTE_LOAD_HIGH_CONTEXT|ROUTE_LOAD_VERY_HIGH_CONTEXT|VERTICAL_RANGE_HIGH|SLOPE_HIGH|IB2_EFFORT_HIGH|TERRAIN_HIGH|STEPS_SURFACE_HIGH|SLOPE_LOAD_FALLBACK_VERTICAL_RANGE,WEATHER_ACTIVITY_LEVEL_ONLY|WEATHER_WIND_GUST_CONTEXT|WEATHER_HIGH_UV_CONTEXT,BEHAVIOR_LOW_SPEED_RESPONSE|BEHAVIOR_LOW_SPEED_RATIO_HIGH|BEHAVIOR_RELATIVE_HIGH_HR_RESPONSE|BEHAVIOR_STOP_RESPONSE,EVENT_HIGH_HR_RECOVERY_STOP|EVENT_SHORT_PAUSE,ROUTE_LOAD_HIGH_CONTEXT|ROUTE_LOAD_VERY_HIGH_CONTEXT|VERTICAL_RANGE_HIGH|SLOPE_HIGH|IB2_EFFORT_HIGH|TERRAIN_HIGH|STEPS_SURFACE_HIGH|IB2_WEATHER_SENSITIVE_ROUTE_EXPOSURE_CONTEXT|WEATHER_ACTIVITY_LEVEL_ONLY|WEATHER_WIND_GUST_CONTEXT|WEATHER_HIGH_UV_CONTEXT|BEHAVIOR_LOW_SPEED_RESPONSE|BEHAVIOR_LOW_SPEED_RATIO_HIGH|ROUTE_PHASE_UNKNOWN|OSM_PROXIMITY_NOT_USAGE|BEHAVIOR_RELATIVE_HIGH_HR_RESPONSE|SLOPE_LOAD_FALLBACK_VERTICAL_RANGE|BEHAVIOR_STOP_RESPONSE,VERY_HIGH_ROUTE_LOAD_CONTEXT|ROUTE_LOAD_BEHAVIOR_CANDIDATE|IB2_OR_WEATHER_CONTEXT_PRESENT,"Descriptive planning context evidence only. This is not ability scoring, not route suitability scoring, not THCI/radar scoring, and not a final hiking risk assessment. Weather is activity-level context unless an explicit safe route-window source is used. OSM proximity is not proof of facility use. IB3D/event annotations are not causality evidence."
46_1,2850,3000,3,CONSERVATIVE_PLANNING_RECOMMENDED,75.235,HIGH_ROUTE_LOAD_CONTEXT,ROUTE_LOAD_HIGH_CONTEXT|IB2_EFFORT_HIGH|STEPS_SURFACE_HIGH,WEATHER_ACTIVITY_LEVEL_ONLY|WEATHER_WIND_GUST_CONTEXT|WEATHER_HIGH_UV_CONTEXT,BEHAVIOR_LOW_SPEED_RESPONSE|BEHAVIOR_LOW_SPEED_RATIO_HIGH,EVENT_HIGH_HR_RECOVERY_STOP,ROUTE_LOAD_HIGH_CONTEXT|IB2_EFFORT_HIGH|IB2_WEATHER_SENSITIVE_ROUTE_EXPOSURE_CONTEXT|WEATHER_ACTIVITY_LEVEL_ONLY|WEATHER_WIND_GUST_CONTEXT|WEATHER_HIGH_UV_CONTEXT|BEHAVIOR_LOW_SPEED_RESPONSE|BEHAVIOR_LOW_SPEED_RATIO_HIGH|ROUTE_PHASE_UNKNOWN|OSM_PROXIMITY_NOT_USAGE|STEPS_SURFACE_HIGH,ROUTE_LOAD_BEHAVIOR_CANDIDATE|IB2_OR_WEATHER_CONTEXT_PRESENT,"Descriptive planning context evidence only. This is not ability scoring, not route suitability scoring, not THCI/radar scoring, and not a final hiking risk assessment. Weather is activity-level context unless an explicit safe route-window source is used. OSM proximity is not proof of facility use. IB3D/event annotations are not causality evidence."
46_1,3000,3600,12,REVIEW_FOR_CONSERVATIVE_PLANNING,49.592,LOWER_ROUTE_LOAD_CONTEXT,SLOPE_LOAD_FALLBACK_VERTICAL_RANGE|SLOPE_HIGH,WEATHER_ACTIVITY_LEVEL_ONLY|WEATHER_WIND_GUST_CONTEXT|WEATHER_HIGH_UV_CONTEXT,BEHAVIOR_RELATIVE_HIGH_HR_RESPONSE|BEHAVIOR_LOW_SPEED_RESPONSE|BEHAVIOR_LOW_SPEED_RATIO_HIGH|BEHAVIOR_STOP_RESPONSE,EVENT_SHORT_PAUSE,SLOPE_LOAD_FALLBACK_VERTICAL_RANGE|IB2_WEATHER_SENSITIVE_ROUTE_EXPOSURE_CONTEXT|WEATHER_ACTIVITY_LEVEL_ONLY|WEATHER_WIND_GUST_CONTEXT|WEATHER_HIGH_UV_CONTEXT|ROUTE_PHASE_UNKNOWN|OSM_PROXIMITY_NOT_USAGE|SLOPE_HIGH|BEHAVIOR_RELATIVE_HIGH_HR_RESPONSE|BEHAVIOR_LOW_SPEED_RESPONSE|BEHAVIOR_LOW_SPEED_RATIO_HIGH|IB2_SUPPORT_CONTEXT|IB2_NAVIGATION_CONTEXT|GUIDEPOST_PROXIMITY_CONTEXT|SHELTER_PROXIMITY_CONTEXT|BEHAVIOR_STOP_RESPONSE,HIGH_ROUTE_OR_IB2_CONTEXT,"Descriptive planning context evidence only. This is not ability scoring, not route suitability scoring, not THCI/radar scoring, and not a final hiking risk assessment. Weather is activity-level context unless an explicit safe route-window source is used. OSM proximity is not proof of facility use. IB3D/event annotations are not causality evidence."
46_1,3600,3750,3,CONSERVATIVE_PLANNING_RECOMMENDED,79.133,HIGH_ROUTE_LOAD_CONTEXT,ROUTE_LOAD_HIGH_CONTEXT|IB2_EFFORT_HIGH|STEPS_SURFACE_HIGH|SLOPE_LOAD_FALLBACK_VERTICAL_RANGE|TERRAIN_HIGH,WEATHER_ACTIVITY_LEVEL_ONLY|WEATHER_WIND_GUST_CONTEXT|WEATHER_HIGH_UV_CONTEXT,BEHAVIOR_RELATIVE_HIGH_HR_RESPONSE|BEHAVIOR_LOW_SPEED_RESPONSE,NONE,ROUTE_LOAD_HIGH_CONTEXT|IB2_EFFORT_HIGH|STEPS_SURFACE_HIGH|IB2_WEATHER_SENSITIVE_ROUTE_EXPOSURE_CONTEXT|SHELTER_PROXIMITY_CONTEXT|WEATHER_ACTIVITY_LEVEL_ONLY|WEATHER_WIND_GUST_CONTEXT|WEATHER_HIGH_UV_CONTEXT|BEHAVIOR_RELATIVE_HIGH_HR_RESPONSE|BEHAVIOR_LOW_SPEED_RESPONSE|ROUTE_PHASE_UNKNOWN|OSM_PROXIMITY_NOT_USAGE|SLOPE_LOAD_FALLBACK_VERTICAL_RANGE|TERRAIN_HIGH,ROUTE_LOAD_BEHAVIOR_CANDIDATE|IB2_OR_WEATHER_CONTEXT_PRESENT,"Descriptive planning context evidence only. This is not ability scoring, not route suitability scoring, not THCI/radar scoring, and not a final hiking risk assessment. Weather is activity-level context unless an explicit safe route-window source is used. OSM proximity is not proof of facility use. IB3D/event annotations are not causality evidence."
46_1,3750,4050,6,TURNAROUND_CONDITION_REVIEW_RECOMMENDED,100.0,VERY_HIGH_ROUTE_LOAD_CONTEXT,ROUTE_LOAD_HIGH_CONTEXT|ROUTE_LOAD_VERY_HIGH_CONTEXT|IB2_EFFORT_HIGH|TERRAIN_HIGH|STEPS_SURFACE_HIGH|SLOPE_LOAD_FALLBACK_VERTICAL_RANGE|SLOPE_HIGH|VERTICAL_RANGE_HIGH,WEATHER_ACTIVITY_LEVEL_ONLY|WEATHER_WIND_GUST_CONTEXT|WEATHER_HIGH_UV_CONTEXT,BEHAVIOR_LOW_SPEED_RESPONSE|BEHAVIOR_LOW_SPEED_RATIO_HIGH|BEHAVIOR_RELATIVE_HIGH_HR_RESPONSE,EVENT_SHORT_PAUSE,ROUTE_LOAD_HIGH_CONTEXT|ROUTE_LOAD_VERY_HIGH_CONTEXT|IB2_EFFORT_HIGH|TERRAIN_HIGH|STEPS_SURFACE_HIGH|IB2_WEATHER_SENSITIVE_ROUTE_EXPOSURE_CONTEXT|WEATHER_ACTIVITY_LEVEL_ONLY|WEATHER_WIND_GUST_CONTEXT|WEATHER_HIGH_UV_CONTEXT|BEHAVIOR_LOW_SPEED_RESPONSE|BEHAVIOR_LOW_SPEED_RATIO_HIGH|ROUTE_PHASE_UNKNOWN|OSM_PROXIMITY_NOT_USAGE|SLOPE_LOAD_FALLBACK_VERTICAL_RANGE|SLOPE_HIGH|BEHAVIOR_RELATIVE_HIGH_HR_RESPONSE|VERTICAL_RANGE_HIGH|WATERWAY_PROXIMITY_CONTEXT,VERY_HIGH_ROUTE_LOAD_CONTEXT|ROUTE_LOAD_BEHAVIOR_CANDIDATE|IB2_OR_WEATHER_CONTEXT_PRESENT,"Descriptive planning context evidence only. This is not ability scoring, not route suitability scoring, not THCI/radar scoring, and not a final hiking risk assessment. Weather is activity-level context unless an explicit safe route-window source is used. OSM proximity is not proof of facility use. IB3D/event annotations are not causality evidence."
46_1,4050,4100,1,CONSERVATIVE_PLANNING_RECOMMENDED,72.443,HIGH_ROUTE_LOAD_CONTEXT,ROUTE_LOAD_HIGH_CONTEXT|IB2_EFFORT_HIGH|STEPS_SURFACE_HIGH,WEATHER_ACTIVITY_LEVEL_ONLY|WEATHER_WIND_GUST_CONTEXT|WEATHER_HIGH_UV_CONTEXT,NONE,EVENT_SHORT_PAUSE,ROUTE_LOAD_HIGH_CONTEXT|IB2_EFFORT_HIGH|STEPS_SURFACE_HIGH|IB2_WEATHER_SENSITIVE_ROUTE_EXPOSURE_CONTEXT|WATERWAY_PROXIMITY_CONTEXT|WEATHER_ACTIVITY_LEVEL_ONLY|WEATHER_WIND_GUST_CONTEXT|WEATHER_HIGH_UV_CONTEXT|ROUTE_PHASE_UNKNOWN|OSM_PROXIMITY_NOT_USAGE,IB2_OR_WEATHER_CONTEXT_PRESENT,"Descriptive planning context evidence only. This is not ability scoring, not route suitability scoring, not THCI/radar scoring, and not a final hiking risk assessment. Weather is activity-level context unless an explicit safe route-window source is used. OSM proximity is not proof of facility use. IB3D/event annotations are not causality evidence."
46_1,4100,4200,2,REVIEW_FOR_CONSERVATIVE_PLANNING,57.989,MODERATE_ROUTE_LOAD_CONTEXT,IB2_EFFORT_HIGH|STEPS_SURFACE_HIGH|SLOPE_LOAD_FALLBACK_VERTICAL_RANGE,WEATHER_ACTIVITY_LEVEL_ONLY|WEATHER_WIND_GUST_CONTEXT|WEATHER_HIGH_UV_CONTEXT,NONE,TERMINAL_ARTIFACT_REVIEW_ONLY,IB2_EFFORT_HIGH|IB2_NAVIGATION_CONTEXT|IB2_WEATHER_SENSITIVE_ROUTE_EXPOSURE_CONTEXT|WATERWAY_PROXIMITY_CONTEXT|GUIDEPOST_PROXIMITY_CONTEXT|WEATHER_ACTIVITY_LEVEL_ONLY|WEATHER_WIND_GUST_CONTEXT|WEATHER_HIGH_UV_CONTEXT|ROUTE_PHASE_UNKNOWN|OSM_PROXIMITY_NOT_USAGE|STEPS_SURFACE_HIGH|SLOPE_LOAD_FALLBACK_VERTICAL_RANGE,HIGH_ROUTE_OR_IB2_CONTEXT,"Descriptive planning context evidence only. This is not ability scoring, not route suitability scoring, not THCI/radar scoring, and not a final hiking risk assessment. Weather is activity-level context unless an explicit safe route-window source is used. OSM proximity is not proof of facility use. IB3D/event annotations are not causality evidence."
48_1,0,100,2,REVIEW_FOR_CONSERVATIVE_PLANNING,52.142,LOWER_ROUTE_LOAD_CONTEXT,IB2_EFFORT_HIGH,WEATHER_ACTIVITY_LEVEL_ONLY|WEATHER_HUMID_CONTEXT|WEATHER_WIND_GUST_CONTEXT|WEATHER_HIGH_UV_CONTEXT,BEHAVIOR_LOW_SPEED_RESPONSE|BEHAVIOR_LOW_SPEED_RATIO_HIGH|BEHAVIOR_STOP_RESPONSE,NONE,IB2_NAVIGATION_CONTEXT|IB2_WEATHER_SENSITIVE_ROUTE_EXPOSURE_CONTEXT|WATERWAY_PROXIMITY_CONTEXT|GUIDEPOST_PROXIMITY_CONTEXT|WEATHER_ACTIVITY_LEVEL_ONLY|WEATHER_HUMID_CONTEXT|WEATHER_WIND_GUST_CONTEXT|WEATHER_HIGH_UV_CONTEXT|BEHAVIOR_LOW_SPEED_RESPONSE|BEHAVIOR_LOW_SPEED_RATIO_HIGH|BEHAVIOR_STOP_RESPONSE|ROUTE_PHASE_UNKNOWN|OSM_PROXIMITY_NOT_USAGE|IB2_EFFORT_HIGH,HIGH_ROUTE_OR_IB2_CONTEXT,"Descriptive planning context evidence only. This is not ability scoring, not route suitability scoring, not THCI/radar scoring, and not a final hiking risk assessment. Weather is activity-level context unless an explicit safe route-window source is used. OSM proximity is not proof of facility use. IB3D/event annotations are not causality evidence."
48_1,100,150,1,CONSERVATIVE_PLANNING_RECOMMENDED,74.252,HIGH_ROUTE_LOAD_CONTEXT,ROUTE_LOAD_HIGH_CONTEXT|IB2_EFFORT_HIGH|STEPS_SURFACE_HIGH|SLOPE_LOAD_FALLBACK_VERTICAL_RANGE,WEATHER_ACTIVITY_LEVEL_ONLY|WEATHER_HUMID_CONTEXT|WEATHER_WIND_GUST_CONTEXT|WEATHER_HIGH_UV_CONTEXT,BEHAVIOR_LOW_SPEED_RESPONSE,NONE,ROUTE_LOAD_HIGH_CONTEXT|IB2_EFFORT_HIGH|STEPS_SURFACE_HIGH|SLOPE_LOAD_FALLBACK_VERTICAL_RANGE|IB2_WEATHER_SENSITIVE_ROUTE_EXPOSURE_CONTEXT|WATERWAY_PROXIMITY_CONTEXT|WEATHER_ACTIVITY_LEVEL_ONLY|WEATHER_HUMID_CONTEXT|WEATHER_WIND_GUST_CONTEXT|WEATHER_HIGH_UV_CONTEXT|BEHAVIOR_LOW_SPEED_RESPONSE|ROUTE_PHASE_UNKNOWN|OSM_PROXIMITY_NOT_USAGE,ROUTE_LOAD_BEHAVIOR_CANDIDATE|IB2_OR_WEATHER_CONTEXT_PRESENT,"Descriptive planning context evidence only. This is not ability scoring, not route suitability scoring, not THCI/radar scoring, and not a final hiking risk assessment. Weather is activity-level context unless an explicit safe route-window source is used. OSM proximity is not proof of facility use. IB3D/event annotations are not causality evidence."
48_1,150,300,3,TURNAROUND_CONDITION_REVIEW_RECOMMENDED,100.0,VERY_HIGH_ROUTE_LOAD_CONTEXT,ROUTE_LOAD_HIGH_CONTEXT|ROUTE_LOAD_VERY_HIGH_CONTEXT|VERTICAL_RANGE_HIGH|SLOPE_HIGH|IB2_EFFORT_HIGH|TERRAIN_HIGH|STEPS_SURFACE_HIGH|SLOPE_LOAD_FALLBACK_VERTICAL_RANGE,WEATHER_ACTIVITY_LEVEL_ONLY|WEATHER_HUMID_CONTEXT|WEATHER_WIND_GUST_CONTEXT|WEATHER_HIGH_UV_CONTEXT,BEHAVIOR_LOW_SPEED_RESPONSE|BEHAVIOR_LOW_SPEED_RATIO_HIGH|BEHAVIOR_STOP_RESPONSE,NONE,ROUTE_LOAD_HIGH_CONTEXT|ROUTE_LOAD_VERY_HIGH_CONTEXT|VERTICAL_RANGE_HIGH|SLOPE_HIGH|IB2_EFFORT_HIGH|TERRAIN_HIGH|STEPS_SURFACE_HIGH|IB2_WEATHER_SENSITIVE_ROUTE_EXPOSURE_CONTEXT|WATERWAY_PROXIMITY_CONTEXT|WEATHER_ACTIVITY_LEVEL_ONLY|WEATHER_HUMID_CONTEXT|WEATHER_WIND_GUST_CONTEXT|WEATHER_HIGH_UV_CONTEXT|BEHAVIOR_LOW_SPEED_RESPONSE|BEHAVIOR_LOW_SPEED_RATIO_HIGH|ROUTE_PHASE_UNKNOWN|OSM_PROXIMITY_NOT_USAGE|SLOPE_LOAD_FALLBACK_VERTICAL_RANGE|BEHAVIOR_STOP_RESPONSE,VERY_HIGH_ROUTE_LOAD_CONTEXT|ROUTE_LOAD_BEHAVIOR_CANDIDATE|IB2_OR_WEATHER_CONTEXT_PRESENT,"Descriptive planning context evidence only. This is not ability scoring, not route suitability scoring, not THCI/radar scoring, and not a final hiking risk assessment. Weather is activity-level context unless an explicit safe route-window source is used. OSM proximity is not proof of facility use. IB3D/event annotations are not causality evidence."
48_1,300,350,1,CONSERVATIVE_PLANNING_RECOMMENDED,69.318,HIGH_ROUTE_LOAD_CONTEXT,ROUTE_LOAD_HIGH_CONTEXT|IB2_EFFORT_HIGH|TERRAIN_HIGH|STEPS_SURFACE_HIGH|SLOPE_LOAD_FALLBACK_VERTICAL_RANGE,WEATHER_ACTIVITY_LEVEL_ONLY|WEATHER_HUMID_CONTEXT|WEATHER_WIND_GUST_CONTEXT|WEATHER_HIGH_UV_CONTEXT,BEHAVIOR_RELATIVE_HIGH_HR_RESPONSE|BEHAVIOR_LOW_SPEED_RESPONSE,NONE,ROUTE_LOAD_HIGH_CONTEXT|IB2_EFFORT_HIGH|TERRAIN_HIGH|STEPS_SURFACE_HIGH|SLOPE_LOAD_FALLBACK_VERTICAL_RANGE|IB2_WEATHER_SENSITIVE_ROUTE_EXPOSURE_CONTEXT|WEATHER_ACTIVITY_LEVEL_ONLY|WEATHER_HUMID_CONTEXT|WEATHER_WIND_GUST_CONTEXT|WEATHER_HIGH_UV_CONTEXT|BEHAVIOR_RELATIVE_HIGH_HR_RESPONSE|BEHAVIOR_LOW_SPEED_RESPONSE|ROUTE_PHASE_UNKNOWN|OSM_PROXIMITY_NOT_USAGE,ROUTE_LOAD_BEHAVIOR_CANDIDATE|IB2_OR_WEATHER_CONTEXT_PRESENT,"Descriptive planning context evidence only. This is not ability scoring, not route suitability scoring, not THCI/radar scoring, and not a final hiking risk assessment. Weather is activity-level context unless an explicit safe route-window source is used. OSM proximity is not proof of facility use. IB3D/event annotations are not causality evidence."
48_1,350,400,1,TURNAROUND_CONDITION_REVIEW_RECOMMENDED,89.72,VERY_HIGH_ROUTE_LOAD_CONTEXT,ROUTE_LOAD_HIGH_CONTEXT|ROUTE_LOAD_VERY_HIGH_CONTEXT|VERTICAL_RANGE_HIGH|SLOPE_HIGH|IB2_EFFORT_HIGH|TERRAIN_HIGH|STEPS_SURFACE_HIGH|SLOPE_LOAD_FALLBACK_VERTICAL_RANGE,WEATHER_ACTIVITY_LEVEL_ONLY|WEATHER_HUMID_CONTEXT|WEATHER_WIND_GUST_CONTEXT|WEATHER_HIGH_UV_CONTEXT,BEHAVIOR_LOW_SPEED_RESPONSE,NONE,ROUTE_LOAD_HIGH_CONTEXT|ROUTE_LOAD_VERY_HIGH_CONTEXT|VERTICAL_RANGE_HIGH|SLOPE_HIGH|IB2_EFFORT_HIGH|TERRAIN_HIGH|STEPS_SURFACE_HIGH|SLOPE_LOAD_FALLBACK_VERTICAL_RANGE|IB2_WEATHER_SENSITIVE_ROUTE_EXPOSURE_CONTEXT|WEATHER_ACTIVITY_LEVEL_ONLY|WEATHER_HUMID_CONTEXT|WEATHER_WIND_GUST_CONTEXT|WEATHER_HIGH_UV_CONTEXT|BEHAVIOR_LOW_SPEED_RESPONSE|ROUTE_PHASE_UNKNOWN|OSM_PROXIMITY_NOT_USAGE,VERY_HIGH_ROUTE_LOAD_CONTEXT|ROUTE_LOAD_BEHAVIOR_CANDIDATE|IB2_OR_WEATHER_CONTEXT_PRESENT,"Descriptive planning context evidence only. This is not ability scoring, not route suitability scoring, not THCI/radar scoring, and not a final hiking risk assessment. Weather is activity-level context unless an explicit safe route-window source is used. OSM proximity is not proof of facility use. IB3D/event annotations are not causality evidence."
48_1,400,500,2,CONSERVATIVE_PLANNING_RECOMMENDED,79.928,HIGH_ROUTE_LOAD_CONTEXT,ROUTE_LOAD_HIGH_CONTEXT|IB2_EFFORT_HIGH|TERRAIN_HIGH|STEPS_SURFACE_HIGH|SLOPE_LOAD_FALLBACK_VERTICAL_RANGE,WEATHER_ACTIVITY_LEVEL_ONLY|WEATHER_HUMID_CONTEXT|WEATHER_WIND_GUST_CONTEXT|WEATHER_HIGH_UV_CONTEXT,BEHAVIOR_RELATIVE_HIGH_HR_RESPONSE|BEHAVIOR_LOW_SPEED_RESPONSE,NONE,ROUTE_LOAD_HIGH_CONTEXT|IB2_EFFORT_HIGH|TERRAIN_HIGH|STEPS_SURFACE_HIGH|SLOPE_LOAD_FALLBACK_VERTICAL_RANGE|IB2_WEATHER_SENSITIVE_ROUTE_EXPOSURE_CONTEXT|WEATHER_ACTIVITY_LEVEL_ONLY|WEATHER_HUMID_CONTEXT|WEATHER_WIND_GUST_CONTEXT|WEATHER_HIGH_UV_CONTEXT|BEHAVIOR_RELATIVE_HIGH_HR_RESPONSE|BEHAVIOR_LOW_SPEED_RESPONSE|ROUTE_PHASE_UNKNOWN|OSM_PROXIMITY_NOT_USAGE,ROUTE_LOAD_BEHAVIOR_CANDIDATE|IB2_OR_WEATHER_CONTEXT_PRESENT,"Descriptive planning context evidence only. This is not ability scoring, not route suitability scoring, not THCI/radar scoring, and not a final hiking risk assessment. Weather is activity-level context unless an explicit safe route-window source is used. OSM proximity is not proof of facility use. IB3D/event annotations are not causality evidence."
48_1,500,550,1,TURNAROUND_CONDITION_REVIEW_RECOMMENDED,81.359,VERY_HIGH_ROUTE_LOAD_CONTEXT,ROUTE_LOAD_HIGH_CONTEXT|ROUTE_LOAD_VERY_HIGH_CONTEXT|IB2_EFFORT_HIGH|STEPS_SURFACE_HIGH|SLOPE_LOAD_FALLBACK_VERTICAL_RANGE,WEATHER_ACTIVITY_LEVEL_ONLY|WEATHER_HUMID_CONTEXT|WEATHER_WIND_GUST_CONTEXT|WEATHER_HIGH_UV_CONTEXT,BEHAVIOR_RELATIVE_HIGH_HR_RESPONSE|BEHAVIOR_LOW_SPEED_RESPONSE,NONE,ROUTE_LOAD_HIGH_CONTEXT|ROUTE_LOAD_VERY_HIGH_CONTEXT|IB2_EFFORT_HIGH|STEPS_SURFACE_HIGH|SLOPE_LOAD_FALLBACK_VERTICAL_RANGE|IB2_WEATHER_SENSITIVE_ROUTE_EXPOSURE_CONTEXT|WEATHER_ACTIVITY_LEVEL_ONLY|WEATHER_HUMID_CONTEXT|WEATHER_WIND_GUST_CONTEXT|WEATHER_HIGH_UV_CONTEXT|BEHAVIOR_RELATIVE_HIGH_HR_RESPONSE|BEHAVIOR_LOW_SPEED_RESPONSE|ROUTE_PHASE_UNKNOWN|OSM_PROXIMITY_NOT_USAGE,VERY_HIGH_ROUTE_LOAD_CONTEXT|ROUTE_LOAD_BEHAVIOR_CANDIDATE|IB2_OR_WEATHER_CONTEXT_PRESENT,"Descriptive planning context evidence only. This is not ability scoring, not route suitability scoring, not THCI/radar scoring, and not a final hiking risk assessment. Weather is activity-level context unless an explicit safe route-window source is used. OSM proximity is not proof of facility use. IB3D/event annotations are not causality evidence."
48_1,550,1200,13,REVIEW_FOR_CONSERVATIVE_PLANNING,48.056,LOWER_ROUTE_LOAD_CONTEXT,SLOPE_HIGH|SLOPE_LOAD_FALLBACK_VERTICAL_RANGE,WEATHER_ACTIVITY_LEVEL_ONLY|WEATHER_HUMID_CONTEXT|WEATHER_WIND_GUST_CONTEXT|WEATHER_HIGH_UV_CONTEXT,BEHAVIOR_LOW_SPEED_RESPONSE|BEHAVIOR_LOW_SPEED_RATIO_HIGH|BEHAVIOR_STOP_RESPONSE|BEHAVIOR_RELATIVE_HIGH_HR_RESPONSE,NONE,SLOPE_HIGH|IB2_WEATHER_SENSITIVE_ROUTE_EXPOSURE_CONTEXT|SHELTER_PROXIMITY_CONTEXT|WEATHER_ACTIVITY_LEVEL_ONLY|WEATHER_HUMID_CONTEXT|WEATHER_WIND_GUST_CONTEXT|WEATHER_HIGH_UV_CONTEXT|BEHAVIOR_LOW_SPEED_RESPONSE|BEHAVIOR_LOW_SPEED_RATIO_HIGH|BEHAVIOR_STOP_RESPONSE|ROUTE_PHASE_UNKNOWN|OSM_PROXIMITY_NOT_USAGE|SLOPE_LOAD_FALLBACK_VERTICAL_RANGE|IB2_NAVIGATION_CONTEXT|GUIDEPOST_PROXIMITY_CONTEXT|IB2_SUPPORT_CONTEXT|BEHAVIOR_RELATIVE_HIGH_HR_RESPONSE,HIGH_ROUTE_OR_IB2_CONTEXT,"Descriptive planning context evidence only. This is not ability scoring, not route suitability scoring, not THCI/radar scoring, and not a final hiking risk assessment. Weather is activity-level context unless an explicit safe route-window source is used. OSM proximity is not proof of facility use. IB3D/event annotations are not causality evidence."
48_1,1200,1300,2,CONSERVATIVE_PLANNING_RECOMMENDED,74.829,HIGH_ROUTE_LOAD_CONTEXT,ROUTE_LOAD_HIGH_CONTEXT|IB2_EFFORT_HIGH|STEPS_SURFACE_HIGH,WEATHER_ACTIVITY_LEVEL_ONLY|WEATHER_HUMID_CONTEXT|WEATHER_WIND_GUST_CONTEXT|WEATHER_HIGH_UV_CONTEXT,BEHAVIOR_RELATIVE_HIGH_HR_RESPONSE|BEHAVIOR_LOW_SPEED_RESPONSE|BEHAVIOR_LOW_SPEED_RATIO_HIGH|BEHAVIOR_STOP_RESPONSE,NONE,ROUTE_LOAD_HIGH_CONTEXT|IB2_EFFORT_HIGH|STEPS_SURFACE_HIGH|IB2_WEATHER_SENSITIVE_ROUTE_EXPOSURE_CONTEXT|WEATHER_ACTIVITY_LEVEL_ONLY|WEATHER_HUMID_CONTEXT|WEATHER_WIND_GUST_CONTEXT|WEATHER_HIGH_UV_CONTEXT|BEHAVIOR_RELATIVE_HIGH_HR_RESPONSE|BEHAVIOR_LOW_SPEED_RESPONSE|BEHAVIOR_LOW_SPEED_RATIO_HIGH|ROUTE_PHASE_UNKNOWN|OSM_PROXIMITY_NOT_USAGE|BEHAVIOR_STOP_RESPONSE,ROUTE_LOAD_BEHAVIOR_CANDIDATE|IB2_OR_WEATHER_CONTEXT_PRESENT,"Descriptive planning context evidence only. This is not ability scoring, not route suitability scoring, not THCI/radar scoring, and not a final hiking risk assessment. Weather is activity-level context unless an explicit safe route-window source is used. OSM proximity is not proof of facility use. IB3D/event annotations are not causality evidence."
48_1,1300,1350,1,REVIEW_FOR_CONSERVATIVE_PLANNING,38.512,MODERATE_ROUTE_LOAD_CONTEXT,SLOPE_LOAD_FALLBACK_VERTICAL_RANGE,WEATHER_ACTIVITY_LEVEL_ONLY|WEATHER_HUMID_CONTEXT|WEATHER_WIND_GUST_CONTEXT|WEATHER_HIGH_UV_CONTEXT,BEHAVIOR_LOW_SPEED_RESPONSE,NONE,SLOPE_LOAD_FALLBACK_VERTICAL_RANGE|IB2_WEATHER_SENSITIVE_ROUTE_EXPOSURE_CONTEXT|WEATHER_ACTIVITY_LEVEL_ONLY|WEATHER_HUMID_CONTEXT|WEATHER_WIND_GUST_CONTEXT|WEATHER_HIGH_UV_CONTEXT|BEHAVIOR_LOW_SPEED_RESPONSE|ROUTE_PHASE_UNKNOWN|OSM_PROXIMITY_NOT_USAGE,HIGH_ROUTE_OR_IB2_CONTEXT,"Descriptive planning context evidence only. This is not ability scoring, not route suitability scoring, not THCI/radar scoring, and not a final hiking risk assessment. Weather is activity-level context unless an explicit safe route-window source is used. OSM proximity is not proof of facility use. IB3D/event annotations are not causality evidence."
48_1,1350,1650,6,TURNAROUND_CONDITION_REVIEW_RECOMMENDED,100.0,VERY_HIGH_ROUTE_LOAD_CONTEXT,ROUTE_LOAD_HIGH_CONTEXT|ROUTE_LOAD_VERY_HIGH_CONTEXT|VERTICAL_RANGE_HIGH|SLOPE_HIGH|IB2_EFFORT_HIGH|TERRAIN_HIGH|STEPS_SURFACE_HIGH|SLOPE_LOAD_FALLBACK_VERTICAL_RANGE,WEATHER_ACTIVITY_LEVEL_ONLY|WEATHER_HUMID_CONTEXT|WEATHER_WIND_GUST_CONTEXT|WEATHER_HIGH_UV_CONTEXT,BEHAVIOR_LOW_SPEED_RESPONSE|BEHAVIOR_LOW_SPEED_RATIO_HIGH|BEHAVIOR_RELATIVE_HIGH_HR_RESPONSE|BEHAVIOR_STOP_RESPONSE,NONE,ROUTE_LOAD_HIGH_CONTEXT|ROUTE_LOAD_VERY_HIGH_CONTEXT|VERTICAL_RANGE_HIGH|SLOPE_HIGH|IB2_EFFORT_HIGH|TERRAIN_HIGH|STEPS_SURFACE_HIGH|SLOPE_LOAD_FALLBACK_VERTICAL_RANGE|IB2_WEATHER_SENSITIVE_ROUTE_EXPOSURE_CONTEXT|WEATHER_ACTIVITY_LEVEL_ONLY|WEATHER_HUMID_CONTEXT|WEATHER_WIND_GUST_CONTEXT|WEATHER_HIGH_UV_CONTEXT|BEHAVIOR_LOW_SPEED_RESPONSE|BEHAVIOR_LOW_SPEED_RATIO_HIGH|ROUTE_PHASE_UNKNOWN|OSM_PROXIMITY_NOT_USAGE|BEHAVIOR_RELATIVE_HIGH_HR_RESPONSE|BEHAVIOR_STOP_RESPONSE,VERY_HIGH_ROUTE_LOAD_CONTEXT|ROUTE_LOAD_BEHAVIOR_CANDIDATE|IB2_OR_WEATHER_CONTEXT_PRESENT,"Descriptive planning context evidence only. This is not ability scoring, not route suitability scoring, not THCI/radar scoring, and not a final hiking risk assessment. Weather is activity-level context unless an explicit safe route-window source is used. OSM proximity is not proof of facility use. IB3D/event annotations are not causality evidence."
48_1,1650,1750,2,REVIEW_FOR_CONSERVATIVE_PLANNING,59.797,MODERATE_ROUTE_LOAD_CONTEXT,IB2_EFFORT_HIGH|STEPS_SURFACE_HIGH|SLOPE_LOAD_FALLBACK_VERTICAL_RANGE,WEATHER_ACTIVITY_LEVEL_ONLY|WEATHER_HUMID_CONTEXT|WEATHER_WIND_GUST_CONTEXT|WEATHER_HIGH_UV_CONTEXT,BEHAVIOR_RELATIVE_HIGH_HR_RESPONSE|BEHAVIOR_LOW_SPEED_RESPONSE|BEHAVIOR_LOW_SPEED_RATIO_HIGH,NONE,IB2_EFFORT_HIGH|STEPS_SURFACE_HIGH|SLOPE_LOAD_FALLBACK_VERTICAL_RANGE|IB2_WEATHER_SENSITIVE_ROUTE_EXPOSURE_CONTEXT|WEATHER_ACTIVITY_LEVEL_ONLY|WEATHER_HUMID_CONTEXT|WEATHER_WIND_GUST_CONTEXT|WEATHER_HIGH_UV_CONTEXT|BEHAVIOR_RELATIVE_HIGH_HR_RESPONSE|BEHAVIOR_LOW_SPEED_RESPONSE|BEHAVIOR_LOW_SPEED_RATIO_HIGH|ROUTE_PHASE_UNKNOWN|OSM_PROXIMITY_NOT_USAGE,HIGH_ROUTE_OR_IB2_CONTEXT,"Descriptive planning context evidence only. This is not ability scoring, not route suitability scoring, not THCI/radar scoring, and not a final hiking risk assessment. Weather is activity-level context unless an explicit safe route-window source is used. OSM proximity is not proof of facility use. IB3D/event annotations are not causality evidence."
48_1,1750,1850,2,CONSERVATIVE_PLANNING_RECOMMENDED,76.971,HIGH_ROUTE_LOAD_CONTEXT,ROUTE_LOAD_HIGH_CONTEXT|IB2_EFFORT_HIGH|STEPS_SURFACE_HIGH,WEATHER_ACTIVITY_LEVEL_ONLY|WEATHER_HUMID_CONTEXT|WEATHER_WIND_GUST_CONTEXT|WEATHER_HIGH_UV_CONTEXT,BEHAVIOR_LOW_SPEED_RESPONSE|BEHAVIOR_LOW_SPEED_RATIO_HIGH|BEHAVIOR_STOP_RESPONSE,NONE,ROUTE_LOAD_HIGH_CONTEXT|IB2_EFFORT_HIGH|STEPS_SURFACE_HIGH|IB2_NAVIGATION_CONTEXT|IB2_WEATHER_SENSITIVE_ROUTE_EXPOSURE_CONTEXT|GUIDEPOST_PROXIMITY_CONTEXT|WEATHER_ACTIVITY_LEVEL_ONLY|WEATHER_HUMID_CONTEXT|WEATHER_WIND_GUST_CONTEXT|WEATHER_HIGH_UV_CONTEXT|BEHAVIOR_LOW_SPEED_RESPONSE|BEHAVIOR_LOW_SPEED_RATIO_HIGH|ROUTE_PHASE_UNKNOWN|OSM_PROXIMITY_NOT_USAGE|BEHAVIOR_STOP_RESPONSE,ROUTE_LOAD_BEHAVIOR_CANDIDATE|IB2_OR_WEATHER_CONTEXT_PRESENT,"Descriptive planning context evidence only. This is not ability scoring, not route suitability scoring, not THCI/radar scoring, and not a final hiking risk assessment. Weather is activity-level context unless an explicit safe route-window source is used. OSM proximity is not proof of facility use. IB3D/event annotations are not causality evidence."
48_1,1850,1900,1,TURNAROUND_CONDITION_REVIEW_RECOMMENDED,94.694,VERY_HIGH_ROUTE_LOAD_CONTEXT,ROUTE_LOAD_HIGH_CONTEXT|ROUTE_LOAD_VERY_HIGH_CONTEXT|VERTICAL_RANGE_HIGH|SLOPE_HIGH|IB2_EFFORT_HIGH|TERRAIN_HIGH|STEPS_SURFACE_HIGH,WEATHER_ACTIVITY_LEVEL_ONLY|WEATHER_HUMID_CONTEXT|WEATHER_WIND_GUST_CONTEXT|WEATHER_HIGH_UV_CONTEXT,BEHAVIOR_LOW_SPEED_RESPONSE|BEHAVIOR_LOW_SPEED_RATIO_HIGH,NONE,ROUTE_LOAD_HIGH_CONTEXT|ROUTE_LOAD_VERY_HIGH_CONTEXT|VERTICAL_RANGE_HIGH|SLOPE_HIGH|IB2_EFFORT_HIGH|TERRAIN_HIGH|STEPS_SURFACE_HIGH|IB2_WEATHER_SENSITIVE_ROUTE_EXPOSURE_CONTEXT|WEATHER_ACTIVITY_LEVEL_ONLY|WEATHER_HUMID_CONTEXT|WEATHER_WIND_GUST_CONTEXT|WEATHER_HIGH_UV_CONTEXT|BEHAVIOR_LOW_SPEED_RESPONSE|BEHAVIOR_LOW_SPEED_RATIO_HIGH|ROUTE_PHASE_UNKNOWN|OSM_PROXIMITY_NOT_USAGE,VERY_HIGH_ROUTE_LOAD_CONTEXT|ROUTE_LOAD_BEHAVIOR_CANDIDATE|IB2_OR_WEATHER_CONTEXT_PRESENT,"Descriptive planning context evidence only. This is not ability scoring, not route suitability scoring, not THCI/radar scoring, and not a final hiking risk assessment. Weather is activity-level context unless an explicit safe route-window source is used. OSM proximity is not proof of facility use. IB3D/event annotations are not causality evidence."
48_1,1900,1950,1,REVIEW_FOR_CONSERVATIVE_PLANNING,51.168,MODERATE_ROUTE_LOAD_CONTEXT,IB2_EFFORT_HIGH,WEATHER_ACTIVITY_LEVEL_ONLY|WEATHER_HUMID_CONTEXT|WEATHER_WIND_GUST_CONTEXT|WEATHER_HIGH_UV_CONTEXT,BEHAVIOR_LOW_SPEED_RESPONSE,NONE,IB2_EFFORT_HIGH|IB2_NAVIGATION_CONTEXT|IB2_WEATHER_SENSITIVE_ROUTE_EXPOSURE_CONTEXT|GUIDEPOST_PROXIMITY_CONTEXT|WEATHER_ACTIVITY_LEVEL_ONLY|WEATHER_HUMID_CONTEXT|WEATHER_WIND_GUST_CONTEXT|WEATHER_HIGH_UV_CONTEXT|BEHAVIOR_LOW_SPEED_RESPONSE|ROUTE_PHASE_UNKNOWN|OSM_PROXIMITY_NOT_USAGE,HIGH_ROUTE_OR_IB2_CONTEXT,"Descriptive planning context evidence only. This is not ability scoring, not route suitability scoring, not THCI/radar scoring, and not a final hiking risk assessment. Weather is activity-level context unless an explicit safe route-window source is used. OSM proximity is not proof of facility use. IB3D/event annotations are not causality evidence."
48_1,1950,2050,2,TURNAROUND_CONDITION_REVIEW_RECOMMENDED,90.043,VERY_HIGH_ROUTE_LOAD_CONTEXT,ROUTE_LOAD_HIGH_CONTEXT|ROUTE_LOAD_VERY_HIGH_CONTEXT|VERTICAL_RANGE_HIGH|SLOPE_HIGH|IB2_EFFORT_HIGH|STEPS_SURFACE_HIGH,WEATHER_ACTIVITY_LEVEL_ONLY|WEATHER_HUMID_CONTEXT|WEATHER_WIND_GUST_CONTEXT|WEATHER_HIGH_UV_CONTEXT,BEHAVIOR_LOW_SPEED_RESPONSE|BEHAVIOR_LOW_SPEED_RATIO_HIGH,NONE,ROUTE_LOAD_HIGH_CONTEXT|ROUTE_LOAD_VERY_HIGH_CONTEXT|VERTICAL_RANGE_HIGH|SLOPE_HIGH|IB2_EFFORT_HIGH|STEPS_SURFACE_HIGH|IB2_NAVIGATION_CONTEXT|IB2_WEATHER_SENSITIVE_ROUTE_EXPOSURE_CONTEXT|GUIDEPOST_PROXIMITY_CONTEXT|WEATHER_ACTIVITY_LEVEL_ONLY|WEATHER_HUMID_CONTEXT|WEATHER_WIND_GUST_CONTEXT|WEATHER_HIGH_UV_CONTEXT|BEHAVIOR_LOW_SPEED_RESPONSE|BEHAVIOR_LOW_SPEED_RATIO_HIGH|ROUTE_PHASE_UNKNOWN|OSM_PROXIMITY_NOT_USAGE,VERY_HIGH_ROUTE_LOAD_CONTEXT|ROUTE_LOAD_BEHAVIOR_CANDIDATE|IB2_OR_WEATHER_CONTEXT_PRESENT,"Descriptive planning context evidence only. This is not ability scoring, not route suitability scoring, not THCI/radar scoring, and not a final hiking risk assessment. Weather is activity-level context unless an explicit safe route-window source is used. OSM proximity is not proof of facility use. IB3D/event annotations are not causality evidence."
48_1,2050,2100,1,REVIEW_FOR_CONSERVATIVE_PLANNING,53.319,MODERATE_ROUTE_LOAD_CONTEXT,IB2_EFFORT_HIGH|STEPS_SURFACE_HIGH,WEATHER_ACTIVITY_LEVEL_ONLY|WEATHER_HUMID_CONTEXT|WEATHER_WIND_GUST_CONTEXT|WEATHER_HIGH_UV_CONTEXT,BEHAVIOR_LOW_SPEED_RESPONSE|BEHAVIOR_STOP_RESPONSE,EVENT_SHORT_PAUSE,IB2_EFFORT_HIGH|STEPS_SURFACE_HIGH|IB2_NAVIGATION_CONTEXT|IB2_WEATHER_SENSITIVE_ROUTE_EXPOSURE_CONTEXT|GUIDEPOST_PROXIMITY_CONTEXT|WEATHER_ACTIVITY_LEVEL_ONLY|WEATHER_HUMID_CONTEXT|WEATHER_WIND_GUST_CONTEXT|WEATHER_HIGH_UV_CONTEXT|BEHAVIOR_LOW_SPEED_RESPONSE|BEHAVIOR_STOP_RESPONSE|ROUTE_PHASE_UNKNOWN|OSM_PROXIMITY_NOT_USAGE,HIGH_ROUTE_OR_IB2_CONTEXT,"Descriptive planning context evidence only. This is not ability scoring, not route suitability scoring, not THCI/radar scoring, and not a final hiking risk assessment. Weather is activity-level context unless an explicit safe route-window source is used. OSM proximity is not proof of facility use. IB3D/event annotations are not causality evidence."
48_1,2100,2150,1,CONSERVATIVE_PLANNING_RECOMMENDED,68.093,HIGH_ROUTE_LOAD_CONTEXT,ROUTE_LOAD_HIGH_CONTEXT|IB2_EFFORT_HIGH|STEPS_SURFACE_HIGH,WEATHER_ACTIVITY_LEVEL_ONLY|WEATHER_HUMID_CONTEXT|WEATHER_WIND_GUST_CONTEXT|WEATHER_HIGH_UV_CONTEXT,BEHAVIOR_RELATIVE_HIGH_HR_RESPONSE|BEHAVIOR_LOW_SPEED_RESPONSE|BEHAVIOR_LOW_SPEED_RATIO_HIGH,EVENT_SHORT_PAUSE,ROUTE_LOAD_HIGH_CONTEXT|IB2_EFFORT_HIGH|STEPS_SURFACE_HIGH|IB2_NAVIGATION_CONTEXT|IB2_WEATHER_SENSITIVE_ROUTE_EXPOSURE_CONTEXT|GUIDEPOST_PROXIMITY_CONTEXT|WEATHER_ACTIVITY_LEVEL_ONLY|WEATHER_HUMID_CONTEXT|WEATHER_WIND_GUST_CONTEXT|WEATHER_HIGH_UV_CONTEXT|BEHAVIOR_RELATIVE_HIGH_HR_RESPONSE|BEHAVIOR_LOW_SPEED_RESPONSE|BEHAVIOR_LOW_SPEED_RATIO_HIGH|ROUTE_PHASE_UNKNOWN|OSM_PROXIMITY_NOT_USAGE,ROUTE_LOAD_BEHAVIOR_CANDIDATE|IB2_OR_WEATHER_CONTEXT_PRESENT,"Descriptive planning context evidence only. This is not ability scoring, not route suitability scoring, not THCI/radar scoring, and not a final hiking risk assessment. Weather is activity-level context unless an explicit safe route-window source is used. OSM proximity is not proof of facility use. IB3D/event annotations are not causality evidence."
48_1,2150,2250,2,TURNAROUND_CONDITION_REVIEW_RECOMMENDED,89.063,VERY_HIGH_ROUTE_LOAD_CONTEXT,ROUTE_LOAD_HIGH_CONTEXT|ROUTE_LOAD_VERY_HIGH_CONTEXT|VERTICAL_RANGE_HIGH|SLOPE_HIGH|IB2_EFFORT_HIGH|STEPS_SURFACE_HIGH,WEATHER_ACTIVITY_LEVEL_ONLY|WEATHER_HUMID_CONTEXT|WEATHER_WIND_GUST_CONTEXT|WEATHER_HIGH_UV_CONTEXT,BEHAVIOR_LOW_SPEED_RESPONSE|BEHAVIOR_LOW_SPEED_RATIO_HIGH,NONE,ROUTE_LOAD_HIGH_CONTEXT|ROUTE_LOAD_VERY_HIGH_CONTEXT|VERTICAL_RANGE_HIGH|SLOPE_HIGH|IB2_EFFORT_HIGH|STEPS_SURFACE_HIGH|IB2_WEATHER_SENSITIVE_ROUTE_EXPOSURE_CONTEXT|WEATHER_ACTIVITY_LEVEL_ONLY|WEATHER_HUMID_CONTEXT|WEATHER_WIND_GUST_CONTEXT|WEATHER_HIGH_UV_CONTEXT|BEHAVIOR_LOW_SPEED_RESPONSE|BEHAVIOR_LOW_SPEED_RATIO_HIGH|ROUTE_PHASE_UNKNOWN|OSM_PROXIMITY_NOT_USAGE|IB2_NAVIGATION_CONTEXT|GUIDEPOST_PROXIMITY_CONTEXT,VERY_HIGH_ROUTE_LOAD_CONTEXT|ROUTE_LOAD_BEHAVIOR_CANDIDATE|IB2_OR_WEATHER_CONTEXT_PRESENT,"Descriptive planning context evidence only. This is not ability scoring, not route suitability scoring, not THCI/radar scoring, and not a final hiking risk assessment. Weather is activity-level context unless an explicit safe route-window source is used. OSM proximity is not proof of facility use. IB3D/event annotations are not causality evidence."
48_1,2250,2300,1,REVIEW_FOR_CONSERVATIVE_PLANNING,57.584,MODERATE_ROUTE_LOAD_CONTEXT,IB2_EFFORT_HIGH|STEPS_SURFACE_HIGH,WEATHER_ACTIVITY_LEVEL_ONLY|WEATHER_HUMID_CONTEXT|WEATHER_WIND_GUST_CONTEXT|WEATHER_HIGH_UV_CONTEXT,BEHAVIOR_LOW_SPEED_RESPONSE,NONE,IB2_EFFORT_HIGH|STEPS_SURFACE_HIGH|IB2_NAVIGATION_CONTEXT|IB2_WEATHER_SENSITIVE_ROUTE_EXPOSURE_CONTEXT|GUIDEPOST_PROXIMITY_CONTEXT|WEATHER_ACTIVITY_LEVEL_ONLY|WEATHER_HUMID_CONTEXT|WEATHER_WIND_GUST_CONTEXT|WEATHER_HIGH_UV_CONTEXT|BEHAVIOR_LOW_SPEED_RESPONSE|ROUTE_PHASE_UNKNOWN|OSM_PROXIMITY_NOT_USAGE,HIGH_ROUTE_OR_IB2_CONTEXT,"Descriptive planning context evidence only. This is not ability scoring, not route suitability scoring, not THCI/radar scoring, and not a final hiking risk assessment. Weather is activity-level context unless an explicit safe route-window source is used. OSM proximity is not proof of facility use. IB3D/event annotations are not causality evidence."
48_1,2300,2350,1,TURNAROUND_CONDITION_REVIEW_RECOMMENDED,95.562,VERY_HIGH_ROUTE_LOAD_CONTEXT,ROUTE_LOAD_HIGH_CONTEXT|ROUTE_LOAD_VERY_HIGH_CONTEXT|VERTICAL_RANGE_HIGH|SLOPE_HIGH|IB2_EFFORT_HIGH|TERRAIN_HIGH|STEPS_SURFACE_HIGH|SLOPE_LOAD_FALLBACK_VERTICAL_RANGE,WEATHER_ACTIVITY_LEVEL_ONLY|WEATHER_HUMID_CONTEXT|WEATHER_WIND_GUST_CONTEXT|WEATHER_HIGH_UV_CONTEXT,BEHAVIOR_LOW_SPEED_RESPONSE|BEHAVIOR_LOW_SPEED_RATIO_HIGH,NONE,ROUTE_LOAD_HIGH_CONTEXT|ROUTE_LOAD_VERY_HIGH_CONTEXT|VERTICAL_RANGE_HIGH|SLOPE_HIGH|IB2_EFFORT_HIGH|TERRAIN_HIGH|STEPS_SURFACE_HIGH|SLOPE_LOAD_FALLBACK_VERTICAL_RANGE|IB2_WEATHER_SENSITIVE_ROUTE_EXPOSURE_CONTEXT|WEATHER_ACTIVITY_LEVEL_ONLY|WEATHER_HUMID_CONTEXT|WEATHER_WIND_GUST_CONTEXT|WEATHER_HIGH_UV_CONTEXT|BEHAVIOR_LOW_SPEED_RESPONSE|BEHAVIOR_LOW_SPEED_RATIO_HIGH|ROUTE_PHASE_UNKNOWN|OSM_PROXIMITY_NOT_USAGE,VERY_HIGH_ROUTE_LOAD_CONTEXT|ROUTE_LOAD_BEHAVIOR_CANDIDATE|IB2_OR_WEATHER_CONTEXT_PRESENT,"Descriptive planning context evidence only. This is not ability scoring, not route suitability scoring, not THCI/radar scoring, and not a final hiking risk assessment. Weather is activity-level context unless an explicit safe route-window source is used. OSM proximity is not proof of facility use. IB3D/event annotations are not causality evidence."
48_1,2350,2400,1,CONSERVATIVE_PLANNING_RECOMMENDED,69.638,HIGH_ROUTE_LOAD_CONTEXT,ROUTE_LOAD_HIGH_CONTEXT|IB2_EFFORT_HIGH|SLOPE_LOAD_FALLBACK_VERTICAL_RANGE,WEATHER_ACTIVITY_LEVEL_ONLY|WEATHER_HUMID_CONTEXT|WEATHER_WIND_GUST_CONTEXT|WEATHER_HIGH_UV_CONTEXT,BEHAVIOR_RELATIVE_HIGH_HR_RESPONSE|BEHAVIOR_LOW_SPEED_RESPONSE|BEHAVIOR_LOW_SPEED_RATIO_HIGH|BEHAVIOR_STOP_RESPONSE,EVENT_SHORT_PAUSE,ROUTE_LOAD_HIGH_CONTEXT|IB2_EFFORT_HIGH|SLOPE_LOAD_FALLBACK_VERTICAL_RANGE|IB2_NAVIGATION_CONTEXT|IB2_WEATHER_SENSITIVE_ROUTE_EXPOSURE_CONTEXT|GUIDEPOST_PROXIMITY_CONTEXT|WEATHER_ACTIVITY_LEVEL_ONLY|WEATHER_HUMID_CONTEXT|WEATHER_WIND_GUST_CONTEXT|WEATHER_HIGH_UV_CONTEXT|BEHAVIOR_RELATIVE_HIGH_HR_RESPONSE|BEHAVIOR_LOW_SPEED_RESPONSE|BEHAVIOR_LOW_SPEED_RATIO_HIGH|BEHAVIOR_STOP_RESPONSE|ROUTE_PHASE_UNKNOWN|OSM_PROXIMITY_NOT_USAGE,ROUTE_LOAD_BEHAVIOR_CANDIDATE|IB2_OR_WEATHER_CONTEXT_PRESENT,"Descriptive planning context evidence only. This is not ability scoring, not route suitability scoring, not THCI/radar scoring, and not a final hiking risk assessment. Weather is activity-level context unless an explicit safe route-window source is used. OSM proximity is not proof of facility use. IB3D/event annotations are not causality evidence."
48_1,2400,2500,2,REVIEW_FOR_CONSERVATIVE_PLANNING,35.303,LOWER_ROUTE_LOAD_CONTEXT,SLOPE_LOAD_FALLBACK_VERTICAL_RANGE,WEATHER_ACTIVITY_LEVEL_ONLY|WEATHER_HUMID_CONTEXT|WEATHER_WIND_GUST_CONTEXT|WEATHER_HIGH_UV_CONTEXT,BEHAVIOR_LOW_SPEED_RESPONSE|BEHAVIOR_LOW_SPEED_RATIO_HIGH,EVENT_SHORT_PAUSE,SLOPE_LOAD_FALLBACK_VERTICAL_RANGE|IB2_NAVIGATION_CONTEXT|IB2_WEATHER_SENSITIVE_ROUTE_EXPOSURE_CONTEXT|GUIDEPOST_PROXIMITY_CONTEXT|WEATHER_ACTIVITY_LEVEL_ONLY|WEATHER_HUMID_CONTEXT|WEATHER_WIND_GUST_CONTEXT|WEATHER_HIGH_UV_CONTEXT|BEHAVIOR_LOW_SPEED_RESPONSE|ROUTE_PHASE_UNKNOWN|OSM_PROXIMITY_NOT_USAGE|BEHAVIOR_LOW_SPEED_RATIO_HIGH,HIGH_ROUTE_OR_IB2_CONTEXT,"Descriptive planning context evidence only. This is not ability scoring, not route suitability scoring, not THCI/radar scoring, and not a final hiking risk assessment. Weather is activity-level context unless an explicit safe route-window source is used. OSM proximity is not proof of facility use. IB3D/event annotations are not causality evidence."
48_1,2500,2550,1,CONSERVATIVE_PLANNING_RECOMMENDED,62.45,HIGH_ROUTE_LOAD_CONTEXT,ROUTE_LOAD_HIGH_CONTEXT|IB2_EFFORT_HIGH|TERRAIN_HIGH|STEPS_SURFACE_HIGH|SLOPE_LOAD_FALLBACK_VERTICAL_RANGE,WEATHER_ACTIVITY_LEVEL_ONLY|WEATHER_HUMID_CONTEXT|WEATHER_WIND_GUST_CONTEXT|WEATHER_HIGH_UV_CONTEXT,BEHAVIOR_LOW_SPEED_RESPONSE|BEHAVIOR_LOW_SPEED_RATIO_HIGH,EVENT_SHORT_PAUSE,ROUTE_LOAD_HIGH_CONTEXT|IB2_EFFORT_HIGH|TERRAIN_HIGH|STEPS_SURFACE_HIGH|SLOPE_LOAD_FALLBACK_VERTICAL_RANGE|IB2_WEATHER_SENSITIVE_ROUTE_EXPOSURE_CONTEXT|WEATHER_ACTIVITY_LEVEL_ONLY|WEATHER_HUMID_CONTEXT|WEATHER_WIND_GUST_CONTEXT|WEATHER_HIGH_UV_CONTEXT|BEHAVIOR_LOW_SPEED_RESPONSE|BEHAVIOR_LOW_SPEED_RATIO_HIGH|ROUTE_PHASE_UNKNOWN|OSM_PROXIMITY_NOT_USAGE,ROUTE_LOAD_BEHAVIOR_CANDIDATE|IB2_OR_WEATHER_CONTEXT_PRESENT,"Descriptive planning context evidence only. This is not ability scoring, not route suitability scoring, not THCI/radar scoring, and not a final hiking risk assessment. Weather is activity-level context unless an explicit safe route-window source is used. OSM proximity is not proof of facility use. IB3D/event annotations are not causality evidence."
48_1,2550,2850,6,TURNAROUND_CONDITION_REVIEW_RECOMMENDED,100.0,VERY_HIGH_ROUTE_LOAD_CONTEXT,ROUTE_LOAD_HIGH_CONTEXT|ROUTE_LOAD_VERY_HIGH_CONTEXT|VERTICAL_RANGE_HIGH|SLOPE_HIGH|IB2_EFFORT_HIGH|TERRAIN_HIGH|STEPS_SURFACE_HIGH|SLOPE_LOAD_FALLBACK_VERTICAL_RANGE,WEATHER_ACTIVITY_LEVEL_ONLY|WEATHER_HUMID_CONTEXT|WEATHER_WIND_GUST_CONTEXT|WEATHER_HIGH_UV_CONTEXT,BEHAVIOR_LOW_SPEED_RESPONSE|BEHAVIOR_LOW_SPEED_RATIO_HIGH|BEHAVIOR_STOP_RESPONSE|BEHAVIOR_RELATIVE_HIGH_HR_RESPONSE,EVENT_SHORT_PAUSE|EVENT_HIGH_HR_RECOVERY_STOP,ROUTE_LOAD_HIGH_CONTEXT|ROUTE_LOAD_VERY_HIGH_CONTEXT|VERTICAL_RANGE_HIGH|SLOPE_HIGH|IB2_EFFORT_HIGH|TERRAIN_HIGH|STEPS_SURFACE_HIGH|SLOPE_LOAD_FALLBACK_VERTICAL_RANGE|IB2_WEATHER_SENSITIVE_ROUTE_EXPOSURE_CONTEXT|WEATHER_ACTIVITY_LEVEL_ONLY|WEATHER_HUMID_CONTEXT|WEATHER_WIND_GUST_CONTEXT|WEATHER_HIGH_UV_CONTEXT|BEHAVIOR_LOW_SPEED_RESPONSE|BEHAVIOR_LOW_SPEED_RATIO_HIGH|BEHAVIOR_STOP_RESPONSE|ROUTE_PHASE_UNKNOWN|OSM_PROXIMITY_NOT_USAGE|BEHAVIOR_RELATIVE_HIGH_HR_RESPONSE,VERY_HIGH_ROUTE_LOAD_CONTEXT|ROUTE_LOAD_BEHAVIOR_CANDIDATE|IB2_OR_WEATHER_CONTEXT_PRESENT,"Descriptive planning context evidence only. This is not ability scoring, not route suitability scoring, not THCI/radar scoring, and not a final hiking risk assessment. Weather is activity-level context unless an explicit safe route-window source is used. OSM proximity is not proof of facility use. IB3D/event annotations are not causality evidence."
48_1,2850,2900,1,REVIEW_FOR_CONSERVATIVE_PLANNING,34.651,LOWER_ROUTE_LOAD_CONTEXT,SLOPE_LOAD_FALLBACK_VERTICAL_RANGE,WEATHER_ACTIVITY_LEVEL_ONLY|WEATHER_HUMID_CONTEXT|WEATHER_WIND_GUST_CONTEXT|WEATHER_HIGH_UV_CONTEXT,BEHAVIOR_LOW_SPEED_RESPONSE,NONE,SLOPE_LOAD_FALLBACK_VERTICAL_RANGE|IB2_WEATHER_SENSITIVE_ROUTE_EXPOSURE_CONTEXT|WEATHER_ACTIVITY_LEVEL_ONLY|WEATHER_HUMID_CONTEXT|WEATHER_WIND_GUST_CONTEXT|WEATHER_HIGH_UV_CONTEXT|BEHAVIOR_LOW_SPEED_RESPONSE|ROUTE_PHASE_UNKNOWN|OSM_PROXIMITY_NOT_USAGE,HIGH_ROUTE_OR_IB2_CONTEXT,"Descriptive planning context evidence only. This is not ability scoring, not route suitability scoring, not THCI/radar scoring, and not a final hiking risk assessment. Weather is activity-level context unless an explicit safe route-window source is used. OSM proximity is not proof of facility use. IB3D/event annotations are not causality evidence."
48_1,2900,3000,2,CONSERVATIVE_PLANNING_RECOMMENDED,74.961,HIGH_ROUTE_LOAD_CONTEXT,ROUTE_LOAD_HIGH_CONTEXT|IB2_EFFORT_HIGH|STEPS_SURFACE_HIGH|SLOPE_LOAD_FALLBACK_VERTICAL_RANGE,WEATHER_ACTIVITY_LEVEL_ONLY|WEATHER_HUMID_CONTEXT|WEATHER_WIND_GUST_CONTEXT|WEATHER_HIGH_UV_CONTEXT,BEHAVIOR_LOW_SPEED_RESPONSE|BEHAVIOR_LOW_SPEED_RATIO_HIGH|BEHAVIOR_RELATIVE_HIGH_HR_RESPONSE,EVENT_SHORT_PAUSE,ROUTE_LOAD_HIGH_CONTEXT|IB2_EFFORT_HIGH|STEPS_SURFACE_HIGH|SLOPE_LOAD_FALLBACK_VERTICAL_RANGE|IB2_WEATHER_SENSITIVE_ROUTE_EXPOSURE_CONTEXT|WEATHER_ACTIVITY_LEVEL_ONLY|WEATHER_HUMID_CONTEXT|WEATHER_WIND_GUST_CONTEXT|WEATHER_HIGH_UV_CONTEXT|BEHAVIOR_LOW_SPEED_RESPONSE|BEHAVIOR_LOW_SPEED_RATIO_HIGH|ROUTE_PHASE_UNKNOWN|OSM_PROXIMITY_NOT_USAGE|BEHAVIOR_RELATIVE_HIGH_HR_RESPONSE,ROUTE_LOAD_BEHAVIOR_CANDIDATE|IB2_OR_WEATHER_CONTEXT_PRESENT,"Descriptive planning context evidence only. This is not ability scoring, not route suitability scoring, not THCI/radar scoring, and not a final hiking risk assessment. Weather is activity-level context unless an explicit safe route-window source is used. OSM proximity is not proof of facility use. IB3D/event annotations are not causality evidence."
48_1,3000,3650,13,REVIEW_FOR_CONSERVATIVE_PLANNING,42.177,LOWER_ROUTE_LOAD_CONTEXT,SLOPE_LOAD_FALLBACK_VERTICAL_RANGE|SLOPE_HIGH,WEATHER_ACTIVITY_LEVEL_ONLY|WEATHER_HUMID_CONTEXT|WEATHER_WIND_GUST_CONTEXT|WEATHER_HIGH_UV_CONTEXT,BEHAVIOR_LOW_SPEED_RESPONSE|BEHAVIOR_LOW_SPEED_RATIO_HIGH|BEHAVIOR_RELATIVE_HIGH_HR_RESPONSE|BEHAVIOR_STOP_RESPONSE,EVENT_SHORT_PAUSE,SLOPE_LOAD_FALLBACK_VERTICAL_RANGE|IB2_WEATHER_SENSITIVE_ROUTE_EXPOSURE_CONTEXT|WEATHER_ACTIVITY_LEVEL_ONLY|WEATHER_HUMID_CONTEXT|WEATHER_WIND_GUST_CONTEXT|WEATHER_HIGH_UV_CONTEXT|BEHAVIOR_LOW_SPEED_RESPONSE|ROUTE_PHASE_UNKNOWN|OSM_PROXIMITY_NOT_USAGE|BEHAVIOR_LOW_SPEED_RATIO_HIGH|BEHAVIOR_RELATIVE_HIGH_HR_RESPONSE|IB2_SUPPORT_CONTEXT|IB2_NAVIGATION_CONTEXT|GUIDEPOST_PROXIMITY_CONTEXT|SHELTER_PROXIMITY_CONTEXT|BEHAVIOR_STOP_RESPONSE|SLOPE_HIGH,HIGH_ROUTE_OR_IB2_CONTEXT,"Descriptive planning context evidence only. This is not ability scoring, not route suitability scoring, not THCI/radar scoring, and not a final hiking risk assessment. Weather is activity-level context unless an explicit safe route-window source is used. OSM proximity is not proof of facility use. IB3D/event annotations are not causality evidence."
48_1,3650,3800,3,CONSERVATIVE_PLANNING_RECOMMENDED,78.268,HIGH_ROUTE_LOAD_CONTEXT,ROUTE_LOAD_HIGH_CONTEXT|IB2_EFFORT_HIGH|STEPS_SURFACE_HIGH|SLOPE_LOAD_FALLBACK_VERTICAL_RANGE|TERRAIN_HIGH,WEATHER_ACTIVITY_LEVEL_ONLY|WEATHER_HUMID_CONTEXT|WEATHER_WIND_GUST_CONTEXT|WEATHER_HIGH_UV_CONTEXT,BEHAVIOR_RELATIVE_HIGH_HR_RESPONSE|BEHAVIOR_LOW_SPEED_RESPONSE,NONE,ROUTE_LOAD_HIGH_CONTEXT|IB2_EFFORT_HIGH|STEPS_SURFACE_HIGH|SLOPE_LOAD_FALLBACK_VERTICAL_RANGE|IB2_WEATHER_SENSITIVE_ROUTE_EXPOSURE_CONTEXT|WEATHER_ACTIVITY_LEVEL_ONLY|WEATHER_HUMID_CONTEXT|WEATHER_WIND_GUST_CONTEXT|WEATHER_HIGH_UV_CONTEXT|BEHAVIOR_RELATIVE_HIGH_HR_RESPONSE|BEHAVIOR_LOW_SPEED_RESPONSE|ROUTE_PHASE_UNKNOWN|OSM_PROXIMITY_NOT_USAGE|TERRAIN_HIGH,ROUTE_LOAD_BEHAVIOR_CANDIDATE|IB2_OR_WEATHER_CONTEXT_PRESENT,"Descriptive planning context evidence only. This is not ability scoring, not route suitability scoring, not THCI/radar scoring, and not a final hiking risk assessment. Weather is activity-level context unless an explicit safe route-window source is used. OSM proximity is not proof of facility use. IB3D/event annotations are not causality evidence."
48_1,3800,3850,1,TURNAROUND_CONDITION_REVIEW_RECOMMENDED,84.318,VERY_HIGH_ROUTE_LOAD_CONTEXT,ROUTE_LOAD_HIGH_CONTEXT|ROUTE_LOAD_VERY_HIGH_CONTEXT|IB2_EFFORT_HIGH|TERRAIN_HIGH|STEPS_SURFACE_HIGH|SLOPE_LOAD_FALLBACK_VERTICAL_RANGE,WEATHER_ACTIVITY_LEVEL_ONLY|WEATHER_HUMID_CONTEXT|WEATHER_WIND_GUST_CONTEXT|WEATHER_HIGH_UV_CONTEXT,BEHAVIOR_LOW_SPEED_RESPONSE,NONE,ROUTE_LOAD_HIGH_CONTEXT|ROUTE_LOAD_VERY_HIGH_CONTEXT|IB2_EFFORT_HIGH|TERRAIN_HIGH|STEPS_SURFACE_HIGH|SLOPE_LOAD_FALLBACK_VERTICAL_RANGE|IB2_WEATHER_SENSITIVE_ROUTE_EXPOSURE_CONTEXT|WEATHER_ACTIVITY_LEVEL_ONLY|WEATHER_HUMID_CONTEXT|WEATHER_WIND_GUST_CONTEXT|WEATHER_HIGH_UV_CONTEXT|BEHAVIOR_LOW_SPEED_RESPONSE|ROUTE_PHASE_UNKNOWN|OSM_PROXIMITY_NOT_USAGE,VERY_HIGH_ROUTE_LOAD_CONTEXT|ROUTE_LOAD_BEHAVIOR_CANDIDATE|IB2_OR_WEATHER_CONTEXT_PRESENT,"Descriptive planning context evidence only. This is not ability scoring, not route suitability scoring, not THCI/radar scoring, and not a final hiking risk assessment. Weather is activity-level context unless an explicit safe route-window source is used. OSM proximity is not proof of facility use. IB3D/event annotations are not causality evidence."
48_1,3850,3900,1,CONSERVATIVE_PLANNING_RECOMMENDED,75.84,HIGH_ROUTE_LOAD_CONTEXT,ROUTE_LOAD_HIGH_CONTEXT|IB2_EFFORT_HIGH|TERRAIN_HIGH|STEPS_SURFACE_HIGH|SLOPE_LOAD_FALLBACK_VERTICAL_RANGE,WEATHER_ACTIVITY_LEVEL_ONLY|WEATHER_HUMID_CONTEXT|WEATHER_WIND_GUST_CONTEXT|WEATHER_HIGH_UV_CONTEXT,BEHAVIOR_RELATIVE_HIGH_HR_RESPONSE|BEHAVIOR_LOW_SPEED_RESPONSE|BEHAVIOR_LOW_SPEED_RATIO_HIGH,NONE,ROUTE_LOAD_HIGH_CONTEXT|IB2_EFFORT_HIGH|TERRAIN_HIGH|STEPS_SURFACE_HIGH|SLOPE_LOAD_FALLBACK_VERTICAL_RANGE|IB2_WEATHER_SENSITIVE_ROUTE_EXPOSURE_CONTEXT|WEATHER_ACTIVITY_LEVEL_ONLY|WEATHER_HUMID_CONTEXT|WEATHER_WIND_GUST_CONTEXT|WEATHER_HIGH_UV_CONTEXT|BEHAVIOR_RELATIVE_HIGH_HR_RESPONSE|BEHAVIOR_LOW_SPEED_RESPONSE|BEHAVIOR_LOW_SPEED_RATIO_HIGH|ROUTE_PHASE_UNKNOWN|OSM_PROXIMITY_NOT_USAGE,ROUTE_LOAD_BEHAVIOR_CANDIDATE|IB2_OR_WEATHER_CONTEXT_PRESENT,"Descriptive planning context evidence only. This is not ability scoring, not route suitability scoring, not THCI/radar scoring, and not a final hiking risk assessment. Weather is activity-level context unless an explicit safe route-window source is used. OSM proximity is not proof of facility use. IB3D/event annotations are not causality evidence."
48_1,3900,4050,3,TURNAROUND_CONDITION_REVIEW_RECOMMENDED,100.0,VERY_HIGH_ROUTE_LOAD_CONTEXT,ROUTE_LOAD_HIGH_CONTEXT|ROUTE_LOAD_VERY_HIGH_CONTEXT|VERTICAL_RANGE_HIGH|SLOPE_HIGH|IB2_EFFORT_HIGH|TERRAIN_HIGH|STEPS_SURFACE_HIGH|SLOPE_LOAD_FALLBACK_VERTICAL_RANGE,WEATHER_ACTIVITY_LEVEL_ONLY|WEATHER_HUMID_CONTEXT|WEATHER_WIND_GUST_CONTEXT|WEATHER_HIGH_UV_CONTEXT,BEHAVIOR_RELATIVE_HIGH_HR_RESPONSE|BEHAVIOR_LOW_SPEED_RESPONSE|BEHAVIOR_LOW_SPEED_RATIO_HIGH|BEHAVIOR_STOP_RESPONSE,EVENT_SHORT_PAUSE,ROUTE_LOAD_HIGH_CONTEXT|ROUTE_LOAD_VERY_HIGH_CONTEXT|VERTICAL_RANGE_HIGH|SLOPE_HIGH|IB2_EFFORT_HIGH|TERRAIN_HIGH|STEPS_SURFACE_HIGH|SLOPE_LOAD_FALLBACK_VERTICAL_RANGE|IB2_WEATHER_SENSITIVE_ROUTE_EXPOSURE_CONTEXT|WEATHER_ACTIVITY_LEVEL_ONLY|WEATHER_HUMID_CONTEXT|WEATHER_WIND_GUST_CONTEXT|WEATHER_HIGH_UV_CONTEXT|BEHAVIOR_RELATIVE_HIGH_HR_RESPONSE|BEHAVIOR_LOW_SPEED_RESPONSE|ROUTE_PHASE_UNKNOWN|OSM_PROXIMITY_NOT_USAGE|WATERWAY_PROXIMITY_CONTEXT|BEHAVIOR_LOW_SPEED_RATIO_HIGH|BEHAVIOR_STOP_RESPONSE,VERY_HIGH_ROUTE_LOAD_CONTEXT|ROUTE_LOAD_BEHAVIOR_CANDIDATE|IB2_OR_WEATHER_CONTEXT_PRESENT,"Descriptive planning context evidence only. This is not ability scoring, not route suitability scoring, not THCI/radar scoring, and not a final hiking risk assessment. Weather is activity-level context unless an explicit safe route-window source is used. OSM proximity is not proof of facility use. IB3D/event annotations are not causality evidence."
48_1,4050,4100,1,CONSERVATIVE_PLANNING_RECOMMENDED,71.397,HIGH_ROUTE_LOAD_CONTEXT,ROUTE_LOAD_HIGH_CONTEXT|IB2_EFFORT_HIGH|STEPS_SURFACE_HIGH,WEATHER_ACTIVITY_LEVEL_ONLY|WEATHER_HUMID_CONTEXT|WEATHER_WIND_GUST_CONTEXT|WEATHER_HIGH_UV_CONTEXT,BEHAVIOR_LOW_SPEED_RESPONSE,NONE,ROUTE_LOAD_HIGH_CONTEXT|IB2_EFFORT_HIGH|STEPS_SURFACE_HIGH|IB2_WEATHER_SENSITIVE_ROUTE_EXPOSURE_CONTEXT|WATERWAY_PROXIMITY_CONTEXT|WEATHER_ACTIVITY_LEVEL_ONLY|WEATHER_HUMID_CONTEXT|WEATHER_WIND_GUST_CONTEXT|WEATHER_HIGH_UV_CONTEXT|BEHAVIOR_LOW_SPEED_RESPONSE|ROUTE_PHASE_UNKNOWN|OSM_PROXIMITY_NOT_USAGE,ROUTE_LOAD_BEHAVIOR_CANDIDATE|IB2_OR_WEATHER_CONTEXT_PRESENT,"Descriptive planning context evidence only. This is not ability scoring, not route suitability scoring, not THCI/radar scoring, and not a final hiking risk assessment. Weather is activity-level context unless an explicit safe route-window source is used. OSM proximity is not proof of facility use. IB3D/event annotations are not causality evidence."
48_1,4100,4200,2,REVIEW_FOR_CONSERVATIVE_PLANNING,58.275,LOWER_ROUTE_LOAD_CONTEXT,IB2_EFFORT_HIGH|STEPS_SURFACE_HIGH|SLOPE_LOAD_FALLBACK_VERTICAL_RANGE,WEATHER_ACTIVITY_LEVEL_ONLY|WEATHER_HUMID_CONTEXT|WEATHER_WIND_GUST_CONTEXT|WEATHER_HIGH_UV_CONTEXT,BEHAVIOR_LOW_SPEED_RESPONSE|BEHAVIOR_LOW_SPEED_RATIO_HIGH,TERMINAL_ARTIFACT_REVIEW_ONLY,IB2_NAVIGATION_CONTEXT|IB2_WEATHER_SENSITIVE_ROUTE_EXPOSURE_CONTEXT|WATERWAY_PROXIMITY_CONTEXT|GUIDEPOST_PROXIMITY_CONTEXT|WEATHER_ACTIVITY_LEVEL_ONLY|WEATHER_HUMID_CONTEXT|WEATHER_WIND_GUST_CONTEXT|WEATHER_HIGH_UV_CONTEXT|BEHAVIOR_LOW_SPEED_RESPONSE|ROUTE_PHASE_UNKNOWN|OSM_PROXIMITY_NOT_USAGE|IB2_EFFORT_HIGH|STEPS_SURFACE_HIGH|SLOPE_LOAD_FALLBACK_VERTICAL_RANGE|BEHAVIOR_LOW_SPEED_RATIO_HIGH,HIGH_ROUTE_OR_IB2_CONTEXT,"Descriptive planning context evidence only. This is not ability scoring, not route suitability scoring, not THCI/radar scoring, and not a final hiking risk assessment. Weather is activity-level context unless an explicit safe route-window source is used. OSM proximity is not proof of facility use. IB3D/event annotations are not causality evidence."
8_1,0,100,2,REVIEW_FOR_CONSERVATIVE_PLANNING,54.593,LOWER_ROUTE_LOAD_CONTEXT,IB2_EFFORT_HIGH,WEATHER_ACTIVITY_LEVEL_ONLY|WEATHER_WIND_GUST_CONTEXT|WEATHER_HIGH_UV_CONTEXT,NONE,NONE,IB2_NAVIGATION_CONTEXT|IB2_WEATHER_SENSITIVE_ROUTE_EXPOSURE_CONTEXT|WATERWAY_PROXIMITY_CONTEXT|GUIDEPOST_PROXIMITY_CONTEXT|WEATHER_ACTIVITY_LEVEL_ONLY|WEATHER_WIND_GUST_CONTEXT|WEATHER_HIGH_UV_CONTEXT|ROUTE_PHASE_UNKNOWN|OSM_PROXIMITY_NOT_USAGE|IB2_EFFORT_HIGH,HIGH_ROUTE_OR_IB2_CONTEXT,"Descriptive planning context evidence only. This is not ability scoring, not route suitability scoring, not THCI/radar scoring, and not a final hiking risk assessment. Weather is activity-level context unless an explicit safe route-window source is used. OSM proximity is not proof of facility use. IB3D/event annotations are not causality evidence."
8_1,100,150,1,CONSERVATIVE_PLANNING_RECOMMENDED,73.764,HIGH_ROUTE_LOAD_CONTEXT,ROUTE_LOAD_HIGH_CONTEXT|IB2_EFFORT_HIGH|STEPS_SURFACE_HIGH|SLOPE_LOAD_FALLBACK_VERTICAL_RANGE,WEATHER_ACTIVITY_LEVEL_ONLY|WEATHER_WIND_GUST_CONTEXT|WEATHER_HIGH_UV_CONTEXT,NONE,NONE,ROUTE_LOAD_HIGH_CONTEXT|IB2_EFFORT_HIGH|STEPS_SURFACE_HIGH|SLOPE_LOAD_FALLBACK_VERTICAL_RANGE|IB2_WEATHER_SENSITIVE_ROUTE_EXPOSURE_CONTEXT|WATERWAY_PROXIMITY_CONTEXT|WEATHER_ACTIVITY_LEVEL_ONLY|WEATHER_WIND_GUST_CONTEXT|WEATHER_HIGH_UV_CONTEXT|ROUTE_PHASE_UNKNOWN|OSM_PROXIMITY_NOT_USAGE,IB2_OR_WEATHER_CONTEXT_PRESENT,"Descriptive planning context evidence only. This is not ability scoring, not route suitability scoring, not THCI/radar scoring, and not a final hiking risk assessment. Weather is activity-level context unless an explicit safe route-window source is used. OSM proximity is not proof of facility use. IB3D/event annotations are not causality evidence."
8_1,150,300,3,TURNAROUND_CONDITION_REVIEW_RECOMMENDED,100.0,VERY_HIGH_ROUTE_LOAD_CONTEXT,ROUTE_LOAD_HIGH_CONTEXT|ROUTE_LOAD_VERY_HIGH_CONTEXT|VERTICAL_RANGE_HIGH|SLOPE_HIGH|IB2_EFFORT_HIGH|TERRAIN_HIGH|STEPS_SURFACE_HIGH|SLOPE_LOAD_FALLBACK_VERTICAL_RANGE,WEATHER_ACTIVITY_LEVEL_ONLY|WEATHER_WIND_GUST_CONTEXT|WEATHER_HIGH_UV_CONTEXT,BEHAVIOR_LOW_SPEED_RESPONSE,NONE,ROUTE_LOAD_HIGH_CONTEXT|ROUTE_LOAD_VERY_HIGH_CONTEXT|VERTICAL_RANGE_HIGH|SLOPE_HIGH|IB2_EFFORT_HIGH|TERRAIN_HIGH|STEPS_SURFACE_HIGH|IB2_WEATHER_SENSITIVE_ROUTE_EXPOSURE_CONTEXT|WATERWAY_PROXIMITY_CONTEXT|WEATHER_ACTIVITY_LEVEL_ONLY|WEATHER_WIND_GUST_CONTEXT|WEATHER_HIGH_UV_CONTEXT|BEHAVIOR_LOW_SPEED_RESPONSE|ROUTE_PHASE_UNKNOWN|OSM_PROXIMITY_NOT_USAGE|SLOPE_LOAD_FALLBACK_VERTICAL_RANGE,VERY_HIGH_ROUTE_LOAD_CONTEXT|ROUTE_LOAD_BEHAVIOR_CANDIDATE|IB2_OR_WEATHER_CONTEXT_PRESENT,"Descriptive planning context evidence only. This is not ability scoring, not route suitability scoring, not THCI/radar scoring, and not a final hiking risk assessment. Weather is activity-level context unless an explicit safe route-window source is used. OSM proximity is not proof of facility use. IB3D/event annotations are not causality evidence."
8_1,300,500,4,CONSERVATIVE_PLANNING_RECOMMENDED,89.17,HIGH_ROUTE_LOAD_CONTEXT,ROUTE_LOAD_HIGH_CONTEXT|IB2_EFFORT_HIGH|TERRAIN_HIGH|STEPS_SURFACE_HIGH|SLOPE_LOAD_FALLBACK_VERTICAL_RANGE|ROUTE_LOAD_VERY_HIGH_CONTEXT|VERTICAL_RANGE_HIGH|SLOPE_HIGH,WEATHER_ACTIVITY_LEVEL_ONLY|WEATHER_WIND_GUST_CONTEXT|WEATHER_HIGH_UV_CONTEXT,BEHAVIOR_RELATIVE_HIGH_HR_RESPONSE,NONE,ROUTE_LOAD_HIGH_CONTEXT|IB2_EFFORT_HIGH|TERRAIN_HIGH|STEPS_SURFACE_HIGH|SLOPE_LOAD_FALLBACK_VERTICAL_RANGE|IB2_WEATHER_SENSITIVE_ROUTE_EXPOSURE_CONTEXT|WEATHER_ACTIVITY_LEVEL_ONLY|WEATHER_WIND_GUST_CONTEXT|WEATHER_HIGH_UV_CONTEXT|ROUTE_PHASE_UNKNOWN|OSM_PROXIMITY_NOT_USAGE|ROUTE_LOAD_VERY_HIGH_CONTEXT|VERTICAL_RANGE_HIGH|SLOPE_HIGH|BEHAVIOR_RELATIVE_HIGH_HR_RESPONSE,IB2_OR_WEATHER_CONTEXT_PRESENT|VERY_HIGH_ROUTE_LOAD_CONTEXT|ROUTE_LOAD_BEHAVIOR_CANDIDATE,"Descriptive planning context evidence only. This is not ability scoring, not route suitability scoring, not THCI/radar scoring, and not a final hiking risk assessment. Weather is activity-level context unless an explicit safe route-window source is used. OSM proximity is not proof of facility use. IB3D/event annotations are not causality evidence."
8_1,500,550,1,TURNAROUND_CONDITION_REVIEW_RECOMMENDED,80.884,VERY_HIGH_ROUTE_LOAD_CONTEXT,ROUTE_LOAD_HIGH_CONTEXT|ROUTE_LOAD_VERY_HIGH_CONTEXT|IB2_EFFORT_HIGH|STEPS_SURFACE_HIGH|SLOPE_LOAD_FALLBACK_VERTICAL_RANGE,WEATHER_ACTIVITY_LEVEL_ONLY|WEATHER_WIND_GUST_CONTEXT|WEATHER_HIGH_UV_CONTEXT,BEHAVIOR_RELATIVE_HIGH_HR_RESPONSE|BEHAVIOR_LOW_SPEED_RESPONSE,NONE,ROUTE_LOAD_HIGH_CONTEXT|ROUTE_LOAD_VERY_HIGH_CONTEXT|IB2_EFFORT_HIGH|STEPS_SURFACE_HIGH|SLOPE_LOAD_FALLBACK_VERTICAL_RANGE|IB2_WEATHER_SENSITIVE_ROUTE_EXPOSURE_CONTEXT|WEATHER_ACTIVITY_LEVEL_ONLY|WEATHER_WIND_GUST_CONTEXT|WEATHER_HIGH_UV_CONTEXT|BEHAVIOR_RELATIVE_HIGH_HR_RESPONSE|BEHAVIOR_LOW_SPEED_RESPONSE|ROUTE_PHASE_UNKNOWN|OSM_PROXIMITY_NOT_USAGE,VERY_HIGH_ROUTE_LOAD_CONTEXT|ROUTE_LOAD_BEHAVIOR_CANDIDATE|IB2_OR_WEATHER_CONTEXT_PRESENT,"Descriptive planning context evidence only. This is not ability scoring, not route suitability scoring, not THCI/radar scoring, and not a final hiking risk assessment. Weather is activity-level context unless an explicit safe route-window source is used. OSM proximity is not proof of facility use. IB3D/event annotations are not causality evidence."
8_1,550,1200,13,REVIEW_FOR_CONSERVATIVE_PLANNING,48.18,LOWER_ROUTE_LOAD_CONTEXT,SLOPE_HIGH|SLOPE_LOAD_FALLBACK_VERTICAL_RANGE,WEATHER_ACTIVITY_LEVEL_ONLY|WEATHER_WIND_GUST_CONTEXT|WEATHER_HIGH_UV_CONTEXT,BEHAVIOR_LOW_SPEED_RESPONSE|BEHAVIOR_LOW_SPEED_RATIO_HIGH|BEHAVIOR_STOP_RESPONSE|BEHAVIOR_RELATIVE_HIGH_HR_RESPONSE,EVENT_HIGH_HR_RECOVERY_STOP,SLOPE_HIGH|IB2_WEATHER_SENSITIVE_ROUTE_EXPOSURE_CONTEXT|SHELTER_PROXIMITY_CONTEXT|WEATHER_ACTIVITY_LEVEL_ONLY|WEATHER_WIND_GUST_CONTEXT|WEATHER_HIGH_UV_CONTEXT|BEHAVIOR_LOW_SPEED_RESPONSE|BEHAVIOR_LOW_SPEED_RATIO_HIGH|BEHAVIOR_STOP_RESPONSE|ROUTE_PHASE_UNKNOWN|OSM_PROXIMITY_NOT_USAGE|SLOPE_LOAD_FALLBACK_VERTICAL_RANGE|IB2_NAVIGATION_CONTEXT|GUIDEPOST_PROXIMITY_CONTEXT|BEHAVIOR_RELATIVE_HIGH_HR_RESPONSE|IB2_SUPPORT_CONTEXT,HIGH_ROUTE_OR_IB2_CONTEXT,"Descriptive planning context evidence only. This is not ability scoring, not route suitability scoring, not THCI/radar scoring, and not a final hiking risk assessment. Weather is activity-level context unless an explicit safe route-window source is used. OSM proximity is not proof of facility use. IB3D/event annotations are not causality evidence."
8_1,1200,1350,3,CONSERVATIVE_PLANNING_RECOMMENDED,72.387,HIGH_ROUTE_LOAD_CONTEXT,ROUTE_LOAD_HIGH_CONTEXT|IB2_EFFORT_HIGH|STEPS_SURFACE_HIGH|SLOPE_LOAD_FALLBACK_VERTICAL_RANGE,WEATHER_ACTIVITY_LEVEL_ONLY|WEATHER_WIND_GUST_CONTEXT|WEATHER_HIGH_UV_CONTEXT,BEHAVIOR_LOW_SPEED_RESPONSE|BEHAVIOR_LOW_SPEED_RATIO_HIGH,NONE,ROUTE_LOAD_HIGH_CONTEXT|IB2_EFFORT_HIGH|STEPS_SURFACE_HIGH|SLOPE_LOAD_FALLBACK_VERTICAL_RANGE|IB2_WEATHER_SENSITIVE_ROUTE_EXPOSURE_CONTEXT|WEATHER_ACTIVITY_LEVEL_ONLY|WEATHER_WIND_GUST_CONTEXT|WEATHER_HIGH_UV_CONTEXT|BEHAVIOR_LOW_SPEED_RESPONSE|BEHAVIOR_LOW_SPEED_RATIO_HIGH|ROUTE_PHASE_UNKNOWN|OSM_PROXIMITY_NOT_USAGE,ROUTE_LOAD_BEHAVIOR_CANDIDATE|IB2_OR_WEATHER_CONTEXT_PRESENT,"Descriptive planning context evidence only. This is not ability scoring, not route suitability scoring, not THCI/radar scoring, and not a final hiking risk assessment. Weather is activity-level context unless an explicit safe route-window source is used. OSM proximity is not proof of facility use. IB3D/event annotations are not causality evidence."
8_1,1350,1650,6,TURNAROUND_CONDITION_REVIEW_RECOMMENDED,100.0,VERY_HIGH_ROUTE_LOAD_CONTEXT,ROUTE_LOAD_HIGH_CONTEXT|ROUTE_LOAD_VERY_HIGH_CONTEXT|VERTICAL_RANGE_HIGH|SLOPE_HIGH|IB2_EFFORT_HIGH|TERRAIN_HIGH|STEPS_SURFACE_HIGH|SLOPE_LOAD_FALLBACK_VERTICAL_RANGE,WEATHER_ACTIVITY_LEVEL_ONLY|WEATHER_WIND_GUST_CONTEXT|WEATHER_HIGH_UV_CONTEXT,BEHAVIOR_RELATIVE_HIGH_HR_RESPONSE|BEHAVIOR_LOW_SPEED_RESPONSE|BEHAVIOR_LOW_SPEED_RATIO_HIGH|BEHAVIOR_STOP_RESPONSE,NONE,ROUTE_LOAD_HIGH_CONTEXT|ROUTE_LOAD_VERY_HIGH_CONTEXT|VERTICAL_RANGE_HIGH|SLOPE_HIGH|IB2_EFFORT_HIGH|TERRAIN_HIGH|STEPS_SURFACE_HIGH|SLOPE_LOAD_FALLBACK_VERTICAL_RANGE|IB2_WEATHER_SENSITIVE_ROUTE_EXPOSURE_CONTEXT|WEATHER_ACTIVITY_LEVEL_ONLY|WEATHER_WIND_GUST_CONTEXT|WEATHER_HIGH_UV_CONTEXT|BEHAVIOR_RELATIVE_HIGH_HR_RESPONSE|BEHAVIOR_LOW_SPEED_RESPONSE|BEHAVIOR_LOW_SPEED_RATIO_HIGH|ROUTE_PHASE_UNKNOWN|OSM_PROXIMITY_NOT_USAGE|BEHAVIOR_STOP_RESPONSE,VERY_HIGH_ROUTE_LOAD_CONTEXT|ROUTE_LOAD_BEHAVIOR_CANDIDATE|IB2_OR_WEATHER_CONTEXT_PRESENT,"Descriptive planning context evidence only. This is not ability scoring, not route suitability scoring, not THCI/radar scoring, and not a final hiking risk assessment. Weather is activity-level context unless an explicit safe route-window source is used. OSM proximity is not proof of facility use. IB3D/event annotations are not causality evidence."
8_1,1650,1800,3,REVIEW_FOR_CONSERVATIVE_PLANNING,56.392,MODERATE_ROUTE_LOAD_CONTEXT,IB2_EFFORT_HIGH|STEPS_SURFACE_HIGH|SLOPE_LOAD_FALLBACK_VERTICAL_RANGE,WEATHER_ACTIVITY_LEVEL_ONLY|WEATHER_WIND_GUST_CONTEXT|WEATHER_HIGH_UV_CONTEXT,BEHAVIOR_LOW_SPEED_RESPONSE|BEHAVIOR_LOW_SPEED_RATIO_HIGH,NONE,IB2_EFFORT_HIGH|STEPS_SURFACE_HIGH|SLOPE_LOAD_FALLBACK_VERTICAL_RANGE|IB2_WEATHER_SENSITIVE_ROUTE_EXPOSURE_CONTEXT|WEATHER_ACTIVITY_LEVEL_ONLY|WEATHER_WIND_GUST_CONTEXT|WEATHER_HIGH_UV_CONTEXT|ROUTE_PHASE_UNKNOWN|OSM_PROXIMITY_NOT_USAGE|IB2_NAVIGATION_CONTEXT|GUIDEPOST_PROXIMITY_CONTEXT|BEHAVIOR_LOW_SPEED_RESPONSE|BEHAVIOR_LOW_SPEED_RATIO_HIGH,HIGH_ROUTE_OR_IB2_CONTEXT,"Descriptive planning context evidence only. This is not ability scoring, not route suitability scoring, not THCI/radar scoring, and not a final hiking risk assessment. Weather is activity-level context unless an explicit safe route-window source is used. OSM proximity is not proof of facility use. IB3D/event annotations are not causality evidence."
8_1,1800,1900,2,TURNAROUND_CONDITION_REVIEW_RECOMMENDED,91.158,VERY_HIGH_ROUTE_LOAD_CONTEXT,ROUTE_LOAD_HIGH_CONTEXT|ROUTE_LOAD_VERY_HIGH_CONTEXT|SLOPE_HIGH|IB2_EFFORT_HIGH|STEPS_SURFACE_HIGH|VERTICAL_RANGE_HIGH|TERRAIN_HIGH|SLOPE_LOAD_FALLBACK_VERTICAL_RANGE,WEATHER_ACTIVITY_LEVEL_ONLY|WEATHER_WIND_GUST_CONTEXT|WEATHER_HIGH_UV_CONTEXT,BEHAVIOR_RELATIVE_HIGH_HR_RESPONSE|BEHAVIOR_LOW_SPEED_RESPONSE|BEHAVIOR_LOW_SPEED_RATIO_HIGH,NONE,ROUTE_LOAD_HIGH_CONTEXT|ROUTE_LOAD_VERY_HIGH_CONTEXT|SLOPE_HIGH|IB2_EFFORT_HIGH|STEPS_SURFACE_HIGH|IB2_NAVIGATION_CONTEXT|IB2_WEATHER_SENSITIVE_ROUTE_EXPOSURE_CONTEXT|GUIDEPOST_PROXIMITY_CONTEXT|WEATHER_ACTIVITY_LEVEL_ONLY|WEATHER_WIND_GUST_CONTEXT|WEATHER_HIGH_UV_CONTEXT|BEHAVIOR_RELATIVE_HIGH_HR_RESPONSE|BEHAVIOR_LOW_SPEED_RESPONSE|BEHAVIOR_LOW_SPEED_RATIO_HIGH|ROUTE_PHASE_UNKNOWN|OSM_PROXIMITY_NOT_USAGE|VERTICAL_RANGE_HIGH|TERRAIN_HIGH|SLOPE_LOAD_FALLBACK_VERTICAL_RANGE,VERY_HIGH_ROUTE_LOAD_CONTEXT|ROUTE_LOAD_BEHAVIOR_CANDIDATE|IB2_OR_WEATHER_CONTEXT_PRESENT,"Descriptive planning context evidence only. This is not ability scoring, not route suitability scoring, not THCI/radar scoring, and not a final hiking risk assessment. Weather is activity-level context unless an explicit safe route-window source is used. OSM proximity is not proof of facility use. IB3D/event annotations are not causality evidence."
8_1,1900,1950,1,REVIEW_FOR_CONSERVATIVE_PLANNING,50.752,MODERATE_ROUTE_LOAD_CONTEXT,IB2_EFFORT_HIGH|STEPS_SURFACE_HIGH|SLOPE_LOAD_FALLBACK_VERTICAL_RANGE,WEATHER_ACTIVITY_LEVEL_ONLY|WEATHER_WIND_GUST_CONTEXT|WEATHER_HIGH_UV_CONTEXT,NONE,NONE,IB2_EFFORT_HIGH|STEPS_SURFACE_HIGH|SLOPE_LOAD_FALLBACK_VERTICAL_RANGE|IB2_NAVIGATION_CONTEXT|IB2_WEATHER_SENSITIVE_ROUTE_EXPOSURE_CONTEXT|GUIDEPOST_PROXIMITY_CONTEXT|WEATHER_ACTIVITY_LEVEL_ONLY|WEATHER_WIND_GUST_CONTEXT|WEATHER_HIGH_UV_CONTEXT|ROUTE_PHASE_UNKNOWN|OSM_PROXIMITY_NOT_USAGE,HIGH_ROUTE_OR_IB2_CONTEXT,"Descriptive planning context evidence only. This is not ability scoring, not route suitability scoring, not THCI/radar scoring, and not a final hiking risk assessment. Weather is activity-level context unless an explicit safe route-window source is used. OSM proximity is not proof of facility use. IB3D/event annotations are not causality evidence."
8_1,1950,2050,2,TURNAROUND_CONDITION_REVIEW_RECOMMENDED,86.262,VERY_HIGH_ROUTE_LOAD_CONTEXT,ROUTE_LOAD_HIGH_CONTEXT|ROUTE_LOAD_VERY_HIGH_CONTEXT|VERTICAL_RANGE_HIGH|SLOPE_HIGH|IB2_EFFORT_HIGH|STEPS_SURFACE_HIGH|SLOPE_LOAD_FALLBACK_VERTICAL_RANGE,WEATHER_ACTIVITY_LEVEL_ONLY|WEATHER_WIND_GUST_CONTEXT|WEATHER_HIGH_UV_CONTEXT,BEHAVIOR_LOW_SPEED_RESPONSE|BEHAVIOR_RELATIVE_HIGH_HR_RESPONSE,NONE,ROUTE_LOAD_HIGH_CONTEXT|ROUTE_LOAD_VERY_HIGH_CONTEXT|VERTICAL_RANGE_HIGH|SLOPE_HIGH|IB2_EFFORT_HIGH|STEPS_SURFACE_HIGH|SLOPE_LOAD_FALLBACK_VERTICAL_RANGE|IB2_NAVIGATION_CONTEXT|IB2_WEATHER_SENSITIVE_ROUTE_EXPOSURE_CONTEXT|GUIDEPOST_PROXIMITY_CONTEXT|WEATHER_ACTIVITY_LEVEL_ONLY|WEATHER_WIND_GUST_CONTEXT|WEATHER_HIGH_UV_CONTEXT|BEHAVIOR_LOW_SPEED_RESPONSE|ROUTE_PHASE_UNKNOWN|OSM_PROXIMITY_NOT_USAGE|BEHAVIOR_RELATIVE_HIGH_HR_RESPONSE,VERY_HIGH_ROUTE_LOAD_CONTEXT|ROUTE_LOAD_BEHAVIOR_CANDIDATE|IB2_OR_WEATHER_CONTEXT_PRESENT,"Descriptive planning context evidence only. This is not ability scoring, not route suitability scoring, not THCI/radar scoring, and not a final hiking risk assessment. Weather is activity-level context unless an explicit safe route-window source is used. OSM proximity is not proof of facility use. IB3D/event annotations are not causality evidence."
8_1,2050,2150,2,REVIEW_FOR_CONSERVATIVE_PLANNING,57.73,MODERATE_ROUTE_LOAD_CONTEXT,IB2_EFFORT_HIGH|STEPS_SURFACE_HIGH,WEATHER_ACTIVITY_LEVEL_ONLY|WEATHER_WIND_GUST_CONTEXT|WEATHER_HIGH_UV_CONTEXT,BEHAVIOR_LOW_SPEED_RESPONSE|BEHAVIOR_STOP_RESPONSE,EVENT_HIGH_HR_RECOVERY_STOP|EVENT_SHORT_PAUSE,IB2_EFFORT_HIGH|STEPS_SURFACE_HIGH|IB2_NAVIGATION_CONTEXT|IB2_WEATHER_SENSITIVE_ROUTE_EXPOSURE_CONTEXT|GUIDEPOST_PROXIMITY_CONTEXT|WEATHER_ACTIVITY_LEVEL_ONLY|WEATHER_WIND_GUST_CONTEXT|WEATHER_HIGH_UV_CONTEXT|BEHAVIOR_LOW_SPEED_RESPONSE|BEHAVIOR_STOP_RESPONSE|ROUTE_PHASE_UNKNOWN|OSM_PROXIMITY_NOT_USAGE,HIGH_ROUTE_OR_IB2_CONTEXT,"Descriptive planning context evidence only. This is not ability scoring, not route suitability scoring, not THCI/radar scoring, and not a final hiking risk assessment. Weather is activity-level context unless an explicit safe route-window source is used. OSM proximity is not proof of facility use. IB3D/event annotations are not causality evidence."
8_1,2150,2250,2,TURNAROUND_CONDITION_REVIEW_RECOMMENDED,89.063,VERY_HIGH_ROUTE_LOAD_CONTEXT,ROUTE_LOAD_HIGH_CONTEXT|ROUTE_LOAD_VERY_HIGH_CONTEXT|VERTICAL_RANGE_HIGH|SLOPE_HIGH|IB2_EFFORT_HIGH|STEPS_SURFACE_HIGH|SLOPE_LOAD_FALLBACK_VERTICAL_RANGE,WEATHER_ACTIVITY_LEVEL_ONLY|WEATHER_WIND_GUST_CONTEXT|WEATHER_HIGH_UV_CONTEXT,BEHAVIOR_RELATIVE_HIGH_HR_RESPONSE|BEHAVIOR_LOW_SPEED_RESPONSE|BEHAVIOR_LOW_SPEED_RATIO_HIGH,NONE,ROUTE_LOAD_HIGH_CONTEXT|ROUTE_LOAD_VERY_HIGH_CONTEXT|VERTICAL_RANGE_HIGH|SLOPE_HIGH|IB2_EFFORT_HIGH|STEPS_SURFACE_HIGH|IB2_WEATHER_SENSITIVE_ROUTE_EXPOSURE_CONTEXT|WEATHER_ACTIVITY_LEVEL_ONLY|WEATHER_WIND_GUST_CONTEXT|WEATHER_HIGH_UV_CONTEXT|BEHAVIOR_RELATIVE_HIGH_HR_RESPONSE|BEHAVIOR_LOW_SPEED_RESPONSE|BEHAVIOR_LOW_SPEED_RATIO_HIGH|ROUTE_PHASE_UNKNOWN|OSM_PROXIMITY_NOT_USAGE|SLOPE_LOAD_FALLBACK_VERTICAL_RANGE|IB2_NAVIGATION_CONTEXT|GUIDEPOST_PROXIMITY_CONTEXT,VERY_HIGH_ROUTE_LOAD_CONTEXT|ROUTE_LOAD_BEHAVIOR_CANDIDATE|IB2_OR_WEATHER_CONTEXT_PRESENT,"Descriptive planning context evidence only. This is not ability scoring, not route suitability scoring, not THCI/radar scoring, and not a final hiking risk assessment. Weather is activity-level context unless an explicit safe route-window source is used. OSM proximity is not proof of facility use. IB3D/event annotations are not causality evidence."
8_1,2250,2300,1,REVIEW_FOR_CONSERVATIVE_PLANNING,49.236,MODERATE_ROUTE_LOAD_CONTEXT,IB2_EFFORT_HIGH|SLOPE_LOAD_FALLBACK_VERTICAL_RANGE,WEATHER_ACTIVITY_LEVEL_ONLY|WEATHER_WIND_GUST_CONTEXT|WEATHER_HIGH_UV_CONTEXT,NONE,NONE,IB2_EFFORT_HIGH|SLOPE_LOAD_FALLBACK_VERTICAL_RANGE|IB2_NAVIGATION_CONTEXT|IB2_WEATHER_SENSITIVE_ROUTE_EXPOSURE_CONTEXT|GUIDEPOST_PROXIMITY_CONTEXT|WEATHER_ACTIVITY_LEVEL_ONLY|WEATHER_WIND_GUST_CONTEXT|WEATHER_HIGH_UV_CONTEXT|ROUTE_PHASE_UNKNOWN|OSM_PROXIMITY_NOT_USAGE,HIGH_ROUTE_OR_IB2_CONTEXT,"Descriptive planning context evidence only. This is not ability scoring, not route suitability scoring, not THCI/radar scoring, and not a final hiking risk assessment. Weather is activity-level context unless an explicit safe route-window source is used. OSM proximity is not proof of facility use. IB3D/event annotations are not causality evidence."
8_1,2300,2350,1,TURNAROUND_CONDITION_REVIEW_RECOMMENDED,93.052,VERY_HIGH_ROUTE_LOAD_CONTEXT,ROUTE_LOAD_HIGH_CONTEXT|ROUTE_LOAD_VERY_HIGH_CONTEXT|VERTICAL_RANGE_HIGH|SLOPE_HIGH|IB2_EFFORT_HIGH|STEPS_SURFACE_HIGH,WEATHER_ACTIVITY_LEVEL_ONLY|WEATHER_WIND_GUST_CONTEXT|WEATHER_HIGH_UV_CONTEXT,BEHAVIOR_LOW_SPEED_RESPONSE|BEHAVIOR_LOW_SPEED_RATIO_HIGH,NONE,ROUTE_LOAD_HIGH_CONTEXT|ROUTE_LOAD_VERY_HIGH_CONTEXT|VERTICAL_RANGE_HIGH|SLOPE_HIGH|IB2_EFFORT_HIGH|STEPS_SURFACE_HIGH|IB2_WEATHER_SENSITIVE_ROUTE_EXPOSURE_CONTEXT|WEATHER_ACTIVITY_LEVEL_ONLY|WEATHER_WIND_GUST_CONTEXT|WEATHER_HIGH_UV_CONTEXT|BEHAVIOR_LOW_SPEED_RESPONSE|BEHAVIOR_LOW_SPEED_RATIO_HIGH|ROUTE_PHASE_UNKNOWN|OSM_PROXIMITY_NOT_USAGE,VERY_HIGH_ROUTE_LOAD_CONTEXT|ROUTE_LOAD_BEHAVIOR_CANDIDATE|IB2_OR_WEATHER_CONTEXT_PRESENT,"Descriptive planning context evidence only. This is not ability scoring, not route suitability scoring, not THCI/radar scoring, and not a final hiking risk assessment. Weather is activity-level context unless an explicit safe route-window source is used. OSM proximity is not proof of facility use. IB3D/event annotations are not causality evidence."
8_1,2350,2400,1,CONSERVATIVE_PLANNING_RECOMMENDED,70.078,HIGH_ROUTE_LOAD_CONTEXT,ROUTE_LOAD_HIGH_CONTEXT|IB2_EFFORT_HIGH|STEPS_SURFACE_HIGH,WEATHER_ACTIVITY_LEVEL_ONLY|WEATHER_WIND_GUST_CONTEXT|WEATHER_HIGH_UV_CONTEXT,BEHAVIOR_RELATIVE_HIGH_HR_RESPONSE|BEHAVIOR_LOW_SPEED_RESPONSE|BEHAVIOR_LOW_SPEED_RATIO_HIGH,NONE,ROUTE_LOAD_HIGH_CONTEXT|IB2_EFFORT_HIGH|STEPS_SURFACE_HIGH|IB2_NAVIGATION_CONTEXT|IB2_WEATHER_SENSITIVE_ROUTE_EXPOSURE_CONTEXT|GUIDEPOST_PROXIMITY_CONTEXT|WEATHER_ACTIVITY_LEVEL_ONLY|WEATHER_WIND_GUST_CONTEXT|WEATHER_HIGH_UV_CONTEXT|BEHAVIOR_RELATIVE_HIGH_HR_RESPONSE|BEHAVIOR_LOW_SPEED_RESPONSE|BEHAVIOR_LOW_SPEED_RATIO_HIGH|ROUTE_PHASE_UNKNOWN|OSM_PROXIMITY_NOT_USAGE,ROUTE_LOAD_BEHAVIOR_CANDIDATE|IB2_OR_WEATHER_CONTEXT_PRESENT,"Descriptive planning context evidence only. This is not ability scoring, not route suitability scoring, not THCI/radar scoring, and not a final hiking risk assessment. Weather is activity-level context unless an explicit safe route-window source is used. OSM proximity is not proof of facility use. IB3D/event annotations are not causality evidence."
8_1,2400,2550,3,REVIEW_FOR_CONSERVATIVE_PLANNING,59.595,MODERATE_ROUTE_LOAD_CONTEXT,IB2_EFFORT_HIGH|SLOPE_LOAD_FALLBACK_VERTICAL_RANGE|TERRAIN_HIGH|STEPS_SURFACE_HIGH,WEATHER_ACTIVITY_LEVEL_ONLY|WEATHER_WIND_GUST_CONTEXT|WEATHER_HIGH_UV_CONTEXT,BEHAVIOR_LOW_SPEED_RATIO_HIGH|BEHAVIOR_LOW_SPEED_RESPONSE,NONE,IB2_EFFORT_HIGH|SLOPE_LOAD_FALLBACK_VERTICAL_RANGE|IB2_NAVIGATION_CONTEXT|IB2_WEATHER_SENSITIVE_ROUTE_EXPOSURE_CONTEXT|GUIDEPOST_PROXIMITY_CONTEXT|WEATHER_ACTIVITY_LEVEL_ONLY|WEATHER_WIND_GUST_CONTEXT|WEATHER_HIGH_UV_CONTEXT|BEHAVIOR_LOW_SPEED_RATIO_HIGH|ROUTE_PHASE_UNKNOWN|OSM_PROXIMITY_NOT_USAGE|BEHAVIOR_LOW_SPEED_RESPONSE|TERRAIN_HIGH|STEPS_SURFACE_HIGH,HIGH_ROUTE_OR_IB2_CONTEXT,"Descriptive planning context evidence only. This is not ability scoring, not route suitability scoring, not THCI/radar scoring, and not a final hiking risk assessment. Weather is activity-level context unless an explicit safe route-window source is used. OSM proximity is not proof of facility use. IB3D/event annotations are not causality evidence."
8_1,2550,2850,6,TURNAROUND_CONDITION_REVIEW_RECOMMENDED,100.0,VERY_HIGH_ROUTE_LOAD_CONTEXT,ROUTE_LOAD_HIGH_CONTEXT|ROUTE_LOAD_VERY_HIGH_CONTEXT|VERTICAL_RANGE_HIGH|SLOPE_HIGH|IB2_EFFORT_HIGH|TERRAIN_HIGH|STEPS_SURFACE_HIGH|SLOPE_LOAD_FALLBACK_VERTICAL_RANGE,WEATHER_ACTIVITY_LEVEL_ONLY|WEATHER_WIND_GUST_CONTEXT|WEATHER_HIGH_UV_CONTEXT,BEHAVIOR_LOW_SPEED_RESPONSE|BEHAVIOR_LOW_SPEED_RATIO_HIGH|BEHAVIOR_RELATIVE_HIGH_HR_RESPONSE,EVENT_HIGH_HR_RECOVERY_STOP,ROUTE_LOAD_HIGH_CONTEXT|ROUTE_LOAD_VERY_HIGH_CONTEXT|VERTICAL_RANGE_HIGH|SLOPE_HIGH|IB2_EFFORT_HIGH|TERRAIN_HIGH|STEPS_SURFACE_HIGH|IB2_WEATHER_SENSITIVE_ROUTE_EXPOSURE_CONTEXT|WEATHER_ACTIVITY_LEVEL_ONLY|WEATHER_WIND_GUST_CONTEXT|WEATHER_HIGH_UV_CONTEXT|BEHAVIOR_LOW_SPEED_RESPONSE|BEHAVIOR_LOW_SPEED_RATIO_HIGH|ROUTE_PHASE_UNKNOWN|OSM_PROXIMITY_NOT_USAGE|BEHAVIOR_RELATIVE_HIGH_HR_RESPONSE|SLOPE_LOAD_FALLBACK_VERTICAL_RANGE,VERY_HIGH_ROUTE_LOAD_CONTEXT|ROUTE_LOAD_BEHAVIOR_CANDIDATE|IB2_OR_WEATHER_CONTEXT_PRESENT,"Descriptive planning context evidence only. This is not ability scoring, not route suitability scoring, not THCI/radar scoring, and not a final hiking risk assessment. Weather is activity-level context unless an explicit safe route-window source is used. OSM proximity is not proof of facility use. IB3D/event annotations are not causality evidence."
8_1,2850,2900,1,REVIEW_FOR_CONSERVATIVE_PLANNING,35.064,MODERATE_ROUTE_LOAD_CONTEXT,SLOPE_LOAD_FALLBACK_VERTICAL_RANGE,WEATHER_ACTIVITY_LEVEL_ONLY|WEATHER_WIND_GUST_CONTEXT|WEATHER_HIGH_UV_CONTEXT,BEHAVIOR_LOW_SPEED_RESPONSE,NONE,SLOPE_LOAD_FALLBACK_VERTICAL_RANGE|IB2_WEATHER_SENSITIVE_ROUTE_EXPOSURE_CONTEXT|WEATHER_ACTIVITY_LEVEL_ONLY|WEATHER_WIND_GUST_CONTEXT|WEATHER_HIGH_UV_CONTEXT|BEHAVIOR_LOW_SPEED_RESPONSE|ROUTE_PHASE_UNKNOWN|OSM_PROXIMITY_NOT_USAGE,HIGH_ROUTE_OR_IB2_CONTEXT,"Descriptive planning context evidence only. This is not ability scoring, not route suitability scoring, not THCI/radar scoring, and not a final hiking risk assessment. Weather is activity-level context unless an explicit safe route-window source is used. OSM proximity is not proof of facility use. IB3D/event annotations are not causality evidence."
8_1,2900,2950,1,CONSERVATIVE_PLANNING_RECOMMENDED,68.812,HIGH_ROUTE_LOAD_CONTEXT,ROUTE_LOAD_HIGH_CONTEXT|IB2_EFFORT_HIGH|STEPS_SURFACE_HIGH|SLOPE_LOAD_FALLBACK_VERTICAL_RANGE,WEATHER_ACTIVITY_LEVEL_ONLY|WEATHER_WIND_GUST_CONTEXT|WEATHER_HIGH_UV_CONTEXT,NONE,NONE,ROUTE_LOAD_HIGH_CONTEXT|IB2_EFFORT_HIGH|STEPS_SURFACE_HIGH|SLOPE_LOAD_FALLBACK_VERTICAL_RANGE|IB2_WEATHER_SENSITIVE_ROUTE_EXPOSURE_CONTEXT|WEATHER_ACTIVITY_LEVEL_ONLY|WEATHER_WIND_GUST_CONTEXT|WEATHER_HIGH_UV_CONTEXT|ROUTE_PHASE_UNKNOWN|OSM_PROXIMITY_NOT_USAGE,IB2_OR_WEATHER_CONTEXT_PRESENT,"Descriptive planning context evidence only. This is not ability scoring, not route suitability scoring, not THCI/radar scoring, and not a final hiking risk assessment. Weather is activity-level context unless an explicit safe route-window source is used. OSM proximity is not proof of facility use. IB3D/event annotations are not causality evidence."
8_1,2950,3000,1,TURNAROUND_CONDITION_REVIEW_RECOMMENDED,81.424,VERY_HIGH_ROUTE_LOAD_CONTEXT,ROUTE_LOAD_HIGH_CONTEXT|ROUTE_LOAD_VERY_HIGH_CONTEXT|SLOPE_HIGH|IB2_EFFORT_HIGH|STEPS_SURFACE_HIGH,WEATHER_ACTIVITY_LEVEL_ONLY|WEATHER_WIND_GUST_CONTEXT|WEATHER_HIGH_UV_CONTEXT,BEHAVIOR_LOW_SPEED_RESPONSE|BEHAVIOR_LOW_SPEED_RATIO_HIGH,NONE,ROUTE_LOAD_HIGH_CONTEXT|ROUTE_LOAD_VERY_HIGH_CONTEXT|SLOPE_HIGH|IB2_EFFORT_HIGH|STEPS_SURFACE_HIGH|IB2_WEATHER_SENSITIVE_ROUTE_EXPOSURE_CONTEXT|WEATHER_ACTIVITY_LEVEL_ONLY|WEATHER_WIND_GUST_CONTEXT|WEATHER_HIGH_UV_CONTEXT|BEHAVIOR_LOW_SPEED_RESPONSE|BEHAVIOR_LOW_SPEED_RATIO_HIGH|ROUTE_PHASE_UNKNOWN|OSM_PROXIMITY_NOT_USAGE,VERY_HIGH_ROUTE_LOAD_CONTEXT|ROUTE_LOAD_BEHAVIOR_CANDIDATE|IB2_OR_WEATHER_CONTEXT_PRESENT,"Descriptive planning context evidence only. This is not ability scoring, not route suitability scoring, not THCI/radar scoring, and not a final hiking risk assessment. Weather is activity-level context unless an explicit safe route-window source is used. OSM proximity is not proof of facility use. IB3D/event annotations are not causality evidence."
8_1,3000,3600,12,REVIEW_FOR_CONSERVATIVE_PLANNING,42.513,LOWER_ROUTE_LOAD_CONTEXT,SLOPE_LOAD_FALLBACK_VERTICAL_RANGE|SLOPE_HIGH,WEATHER_ACTIVITY_LEVEL_ONLY|WEATHER_WIND_GUST_CONTEXT|WEATHER_HIGH_UV_CONTEXT,BEHAVIOR_LOW_SPEED_RESPONSE|BEHAVIOR_LOW_SPEED_RATIO_HIGH,NONE,SLOPE_LOAD_FALLBACK_VERTICAL_RANGE|IB2_WEATHER_SENSITIVE_ROUTE_EXPOSURE_CONTEXT|WEATHER_ACTIVITY_LEVEL_ONLY|WEATHER_WIND_GUST_CONTEXT|WEATHER_HIGH_UV_CONTEXT|ROUTE_PHASE_UNKNOWN|OSM_PROXIMITY_NOT_USAGE|BEHAVIOR_LOW_SPEED_RESPONSE|BEHAVIOR_LOW_SPEED_RATIO_HIGH|IB2_SUPPORT_CONTEXT|IB2_NAVIGATION_CONTEXT|GUIDEPOST_PROXIMITY_CONTEXT|SLOPE_HIGH|SHELTER_PROXIMITY_CONTEXT,HIGH_ROUTE_OR_IB2_CONTEXT,"Descriptive planning context evidence only. This is not ability scoring, not route suitability scoring, not THCI/radar scoring, and not a final hiking risk assessment. Weather is activity-level context unless an explicit safe route-window source is used. OSM proximity is not proof of facility use. IB3D/event annotations are not causality evidence."
8_1,3600,3800,4,CONSERVATIVE_PLANNING_RECOMMENDED,79.133,HIGH_ROUTE_LOAD_CONTEXT,ROUTE_LOAD_HIGH_CONTEXT|IB2_EFFORT_HIGH|STEPS_SURFACE_HIGH|SLOPE_LOAD_FALLBACK_VERTICAL_RANGE|TERRAIN_HIGH,WEATHER_ACTIVITY_LEVEL_ONLY|WEATHER_WIND_GUST_CONTEXT|WEATHER_HIGH_UV_CONTEXT,BEHAVIOR_RELATIVE_HIGH_HR_RESPONSE|BEHAVIOR_LOW_SPEED_RESPONSE,NONE,ROUTE_LOAD_HIGH_CONTEXT|IB2_EFFORT_HIGH|STEPS_SURFACE_HIGH|SLOPE_LOAD_FALLBACK_VERTICAL_RANGE|IB2_WEATHER_SENSITIVE_ROUTE_EXPOSURE_CONTEXT|SHELTER_PROXIMITY_CONTEXT|WEATHER_ACTIVITY_LEVEL_ONLY|WEATHER_WIND_GUST_CONTEXT|WEATHER_HIGH_UV_CONTEXT|BEHAVIOR_RELATIVE_HIGH_HR_RESPONSE|BEHAVIOR_LOW_SPEED_RESPONSE|ROUTE_PHASE_UNKNOWN|OSM_PROXIMITY_NOT_USAGE|TERRAIN_HIGH,ROUTE_LOAD_BEHAVIOR_CANDIDATE|IB2_OR_WEATHER_CONTEXT_PRESENT,"Descriptive planning context evidence only. This is not ability scoring, not route suitability scoring, not THCI/radar scoring, and not a final hiking risk assessment. Weather is activity-level context unless an explicit safe route-window source is used. OSM proximity is not proof of facility use. IB3D/event annotations are not causality evidence."
8_1,3800,3850,1,TURNAROUND_CONDITION_REVIEW_RECOMMENDED,84.122,VERY_HIGH_ROUTE_LOAD_CONTEXT,ROUTE_LOAD_HIGH_CONTEXT|ROUTE_LOAD_VERY_HIGH_CONTEXT|IB2_EFFORT_HIGH|TERRAIN_HIGH|STEPS_SURFACE_HIGH|SLOPE_LOAD_FALLBACK_VERTICAL_RANGE,WEATHER_ACTIVITY_LEVEL_ONLY|WEATHER_WIND_GUST_CONTEXT|WEATHER_HIGH_UV_CONTEXT,BEHAVIOR_LOW_SPEED_RESPONSE,NONE,ROUTE_LOAD_HIGH_CONTEXT|ROUTE_LOAD_VERY_HIGH_CONTEXT|IB2_EFFORT_HIGH|TERRAIN_HIGH|STEPS_SURFACE_HIGH|SLOPE_LOAD_FALLBACK_VERTICAL_RANGE|IB2_WEATHER_SENSITIVE_ROUTE_EXPOSURE_CONTEXT|WEATHER_ACTIVITY_LEVEL_ONLY|WEATHER_WIND_GUST_CONTEXT|WEATHER_HIGH_UV_CONTEXT|BEHAVIOR_LOW_SPEED_RESPONSE|ROUTE_PHASE_UNKNOWN|OSM_PROXIMITY_NOT_USAGE,VERY_HIGH_ROUTE_LOAD_CONTEXT|ROUTE_LOAD_BEHAVIOR_CANDIDATE|IB2_OR_WEATHER_CONTEXT_PRESENT,"Descriptive planning context evidence only. This is not ability scoring, not route suitability scoring, not THCI/radar scoring, and not a final hiking risk assessment. Weather is activity-level context unless an explicit safe route-window source is used. OSM proximity is not proof of facility use. IB3D/event annotations are not causality evidence."
8_1,3850,3900,1,CONSERVATIVE_PLANNING_RECOMMENDED,75.84,HIGH_ROUTE_LOAD_CONTEXT,ROUTE_LOAD_HIGH_CONTEXT|IB2_EFFORT_HIGH|TERRAIN_HIGH|STEPS_SURFACE_HIGH|SLOPE_LOAD_FALLBACK_VERTICAL_RANGE,WEATHER_ACTIVITY_LEVEL_ONLY|WEATHER_WIND_GUST_CONTEXT|WEATHER_HIGH_UV_CONTEXT,BEHAVIOR_LOW_SPEED_RESPONSE|BEHAVIOR_LOW_SPEED_RATIO_HIGH,NONE,ROUTE_LOAD_HIGH_CONTEXT|IB2_EFFORT_HIGH|TERRAIN_HIGH|STEPS_SURFACE_HIGH|SLOPE_LOAD_FALLBACK_VERTICAL_RANGE|IB2_WEATHER_SENSITIVE_ROUTE_EXPOSURE_CONTEXT|WEATHER_ACTIVITY_LEVEL_ONLY|WEATHER_WIND_GUST_CONTEXT|WEATHER_HIGH_UV_CONTEXT|BEHAVIOR_LOW_SPEED_RESPONSE|BEHAVIOR_LOW_SPEED_RATIO_HIGH|ROUTE_PHASE_UNKNOWN|OSM_PROXIMITY_NOT_USAGE,ROUTE_LOAD_BEHAVIOR_CANDIDATE|IB2_OR_WEATHER_CONTEXT_PRESENT,"Descriptive planning context evidence only. This is not ability scoring, not route suitability scoring, not THCI/radar scoring, and not a final hiking risk assessment. Weather is activity-level context unless an explicit safe route-window source is used. OSM proximity is not proof of facility use. IB3D/event annotations are not causality evidence."
8_1,3900,4050,3,TURNAROUND_CONDITION_REVIEW_RECOMMENDED,100.0,VERY_HIGH_ROUTE_LOAD_CONTEXT,ROUTE_LOAD_HIGH_CONTEXT|ROUTE_LOAD_VERY_HIGH_CONTEXT|VERTICAL_RANGE_HIGH|SLOPE_HIGH|IB2_EFFORT_HIGH|TERRAIN_HIGH|STEPS_SURFACE_HIGH|SLOPE_LOAD_FALLBACK_VERTICAL_RANGE,WEATHER_ACTIVITY_LEVEL_ONLY|WEATHER_WIND_GUST_CONTEXT|WEATHER_HIGH_UV_CONTEXT,BEHAVIOR_LOW_SPEED_RESPONSE,NONE,ROUTE_LOAD_HIGH_CONTEXT|ROUTE_LOAD_VERY_HIGH_CONTEXT|VERTICAL_RANGE_HIGH|SLOPE_HIGH|IB2_EFFORT_HIGH|TERRAIN_HIGH|STEPS_SURFACE_HIGH|SLOPE_LOAD_FALLBACK_VERTICAL_RANGE|IB2_WEATHER_SENSITIVE_ROUTE_EXPOSURE_CONTEXT|WEATHER_ACTIVITY_LEVEL_ONLY|WEATHER_WIND_GUST_CONTEXT|WEATHER_HIGH_UV_CONTEXT|BEHAVIOR_LOW_SPEED_RESPONSE|ROUTE_PHASE_UNKNOWN|OSM_PROXIMITY_NOT_USAGE|WATERWAY_PROXIMITY_CONTEXT,VERY_HIGH_ROUTE_LOAD_CONTEXT|ROUTE_LOAD_BEHAVIOR_CANDIDATE|IB2_OR_WEATHER_CONTEXT_PRESENT,"Descriptive planning context evidence only. This is not ability scoring, not route suitability scoring, not THCI/radar scoring, and not a final hiking risk assessment. Weather is activity-level context unless an explicit safe route-window source is used. OSM proximity is not proof of facility use. IB3D/event annotations are not causality evidence."
8_1,4050,4100,1,CONSERVATIVE_PLANNING_RECOMMENDED,70.274,HIGH_ROUTE_LOAD_CONTEXT,ROUTE_LOAD_HIGH_CONTEXT|IB2_EFFORT_HIGH|STEPS_SURFACE_HIGH|SLOPE_LOAD_FALLBACK_VERTICAL_RANGE,WEATHER_ACTIVITY_LEVEL_ONLY|WEATHER_WIND_GUST_CONTEXT|WEATHER_HIGH_UV_CONTEXT,NONE,NONE,ROUTE_LOAD_HIGH_CONTEXT|IB2_EFFORT_HIGH|STEPS_SURFACE_HIGH|SLOPE_LOAD_FALLBACK_VERTICAL_RANGE|IB2_WEATHER_SENSITIVE_ROUTE_EXPOSURE_CONTEXT|WATERWAY_PROXIMITY_CONTEXT|WEATHER_ACTIVITY_LEVEL_ONLY|WEATHER_WIND_GUST_CONTEXT|WEATHER_HIGH_UV_CONTEXT|ROUTE_PHASE_UNKNOWN|OSM_PROXIMITY_NOT_USAGE,IB2_OR_WEATHER_CONTEXT_PRESENT,"Descriptive planning context evidence only. This is not ability scoring, not route suitability scoring, not THCI/radar scoring, and not a final hiking risk assessment. Weather is activity-level context unless an explicit safe route-window source is used. OSM proximity is not proof of facility use. IB3D/event annotations are not causality evidence."
8_1,4100,4200,2,REVIEW_FOR_CONSERVATIVE_PLANNING,57.581,LOWER_ROUTE_LOAD_CONTEXT,IB2_EFFORT_HIGH|STEPS_SURFACE_HIGH|SLOPE_LOAD_FALLBACK_VERTICAL_RANGE,WEATHER_ACTIVITY_LEVEL_ONLY|WEATHER_WIND_GUST_CONTEXT|WEATHER_HIGH_UV_CONTEXT,NONE,TERMINAL_ARTIFACT_REVIEW_ONLY,IB2_NAVIGATION_CONTEXT|IB2_WEATHER_SENSITIVE_ROUTE_EXPOSURE_CONTEXT|WATERWAY_PROXIMITY_CONTEXT|GUIDEPOST_PROXIMITY_CONTEXT|WEATHER_ACTIVITY_LEVEL_ONLY|WEATHER_WIND_GUST_CONTEXT|WEATHER_HIGH_UV_CONTEXT|ROUTE_PHASE_UNKNOWN|OSM_PROXIMITY_NOT_USAGE|IB2_EFFORT_HIGH|STEPS_SURFACE_HIGH|SLOPE_LOAD_FALLBACK_VERTICAL_RANGE,HIGH_ROUTE_OR_IB2_CONTEXT,"Descriptive planning context evidence only. This is not ability scoring, not route suitability scoring, not THCI/radar scoring, and not a final hiking risk assessment. Weather is activity-level context unless an explicit safe route-window source is used. OSM proximity is not proof of facility use. IB3D/event annotations are not causality evidence."
9_1,0,100,2,REVIEW_FOR_CONSERVATIVE_PLANNING,54.277,LOWER_ROUTE_LOAD_CONTEXT,IB2_EFFORT_HIGH,WEATHER_ACTIVITY_LEVEL_ONLY|WEATHER_HUMID_CONTEXT|WEATHER_RAIN_CONTEXT|WEATHER_WIND_GUST_CONTEXT,BEHAVIOR_LOW_SPEED_RESPONSE|BEHAVIOR_LOW_SPEED_RATIO_HIGH,EVENT_SHORT_PAUSE|EVENT_REVIEW_REQUIRED,IB2_NAVIGATION_CONTEXT|IB2_WEATHER_SENSITIVE_ROUTE_EXPOSURE_CONTEXT|WATERWAY_PROXIMITY_CONTEXT|GUIDEPOST_PROXIMITY_CONTEXT|WEATHER_ACTIVITY_LEVEL_ONLY|WEATHER_HUMID_CONTEXT|WEATHER_RAIN_CONTEXT|WEATHER_WIND_GUST_CONTEXT|BEHAVIOR_LOW_SPEED_RESPONSE|BEHAVIOR_LOW_SPEED_RATIO_HIGH|ROUTE_PHASE_UNKNOWN|OSM_PROXIMITY_NOT_USAGE|IB2_EFFORT_HIGH,HIGH_ROUTE_OR_IB2_CONTEXT,"Descriptive planning context evidence only. This is not ability scoring, not route suitability scoring, not THCI/radar scoring, and not a final hiking risk assessment. Weather is activity-level context unless an explicit safe route-window source is used. OSM proximity is not proof of facility use. IB3D/event annotations are not causality evidence."
9_1,100,150,1,CONSERVATIVE_PLANNING_RECOMMENDED,75.672,HIGH_ROUTE_LOAD_CONTEXT,ROUTE_LOAD_HIGH_CONTEXT|IB2_EFFORT_HIGH|STEPS_SURFACE_HIGH,WEATHER_ACTIVITY_LEVEL_ONLY|WEATHER_HUMID_CONTEXT|WEATHER_RAIN_CONTEXT|WEATHER_WIND_GUST_CONTEXT,NONE,EVENT_REVIEW_REQUIRED,ROUTE_LOAD_HIGH_CONTEXT|IB2_EFFORT_HIGH|STEPS_SURFACE_HIGH|IB2_WEATHER_SENSITIVE_ROUTE_EXPOSURE_CONTEXT|WATERWAY_PROXIMITY_CONTEXT|WEATHER_ACTIVITY_LEVEL_ONLY|WEATHER_HUMID_CONTEXT|WEATHER_RAIN_CONTEXT|WEATHER_WIND_GUST_CONTEXT|ROUTE_PHASE_UNKNOWN|OSM_PROXIMITY_NOT_USAGE,IB2_OR_WEATHER_CONTEXT_PRESENT,"Descriptive planning context evidence only. This is not ability scoring, not route suitability scoring, not THCI/radar scoring, and not a final hiking risk assessment. Weather is activity-level context unless an explicit safe route-window source is used. OSM proximity is not proof of facility use. IB3D/event annotations are not causality evidence."
9_1,150,300,3,TURNAROUND_CONDITION_REVIEW_RECOMMENDED,100.0,VERY_HIGH_ROUTE_LOAD_CONTEXT,ROUTE_LOAD_HIGH_CONTEXT|ROUTE_LOAD_VERY_HIGH_CONTEXT|VERTICAL_RANGE_HIGH|SLOPE_HIGH|IB2_EFFORT_HIGH|TERRAIN_HIGH|STEPS_SURFACE_HIGH|SLOPE_LOAD_FALLBACK_VERTICAL_RANGE,WEATHER_ACTIVITY_LEVEL_ONLY|WEATHER_HUMID_CONTEXT|WEATHER_RAIN_CONTEXT|WEATHER_WIND_GUST_CONTEXT,BEHAVIOR_LOW_SPEED_RESPONSE|BEHAVIOR_LOW_SPEED_RATIO_HIGH,EVENT_REVIEW_REQUIRED,ROUTE_LOAD_HIGH_CONTEXT|ROUTE_LOAD_VERY_HIGH_CONTEXT|VERTICAL_RANGE_HIGH|SLOPE_HIGH|IB2_EFFORT_HIGH|TERRAIN_HIGH|STEPS_SURFACE_HIGH|SLOPE_LOAD_FALLBACK_VERTICAL_RANGE|IB2_WEATHER_SENSITIVE_ROUTE_EXPOSURE_CONTEXT|WATERWAY_PROXIMITY_CONTEXT|WEATHER_ACTIVITY_LEVEL_ONLY|WEATHER_HUMID_CONTEXT|WEATHER_RAIN_CONTEXT|WEATHER_WIND_GUST_CONTEXT|BEHAVIOR_LOW_SPEED_RESPONSE|BEHAVIOR_LOW_SPEED_RATIO_HIGH|ROUTE_PHASE_UNKNOWN|OSM_PROXIMITY_NOT_USAGE,VERY_HIGH_ROUTE_LOAD_CONTEXT|ROUTE_LOAD_BEHAVIOR_CANDIDATE|IB2_OR_WEATHER_CONTEXT_PRESENT,"Descriptive planning context evidence only. This is not ability scoring, not route suitability scoring, not THCI/radar scoring, and not a final hiking risk assessment. Weather is activity-level context unless an explicit safe route-window source is used. OSM proximity is not proof of facility use. IB3D/event annotations are not causality evidence."
9_1,300,350,1,CONSERVATIVE_PLANNING_RECOMMENDED,69.318,HIGH_ROUTE_LOAD_CONTEXT,ROUTE_LOAD_HIGH_CONTEXT|IB2_EFFORT_HIGH|TERRAIN_HIGH|STEPS_SURFACE_HIGH|SLOPE_LOAD_FALLBACK_VERTICAL_RANGE,WEATHER_ACTIVITY_LEVEL_ONLY|WEATHER_HUMID_CONTEXT|WEATHER_RAIN_CONTEXT|WEATHER_WIND_GUST_CONTEXT,NONE,EVENT_REVIEW_REQUIRED,ROUTE_LOAD_HIGH_CONTEXT|IB2_EFFORT_HIGH|TERRAIN_HIGH|STEPS_SURFACE_HIGH|SLOPE_LOAD_FALLBACK_VERTICAL_RANGE|IB2_WEATHER_SENSITIVE_ROUTE_EXPOSURE_CONTEXT|WEATHER_ACTIVITY_LEVEL_ONLY|WEATHER_HUMID_CONTEXT|WEATHER_RAIN_CONTEXT|WEATHER_WIND_GUST_CONTEXT|ROUTE_PHASE_UNKNOWN|OSM_PROXIMITY_NOT_USAGE,IB2_OR_WEATHER_CONTEXT_PRESENT,"Descriptive planning context evidence only. This is not ability scoring, not route suitability scoring, not THCI/radar scoring, and not a final hiking risk assessment. Weather is activity-level context unless an explicit safe route-window source is used. OSM proximity is not proof of facility use. IB3D/event annotations are not causality evidence."
9_1,350,400,1,TURNAROUND_CONDITION_REVIEW_RECOMMENDED,91.018,VERY_HIGH_ROUTE_LOAD_CONTEXT,ROUTE_LOAD_HIGH_CONTEXT|ROUTE_LOAD_VERY_HIGH_CONTEXT|VERTICAL_RANGE_HIGH|SLOPE_HIGH|IB2_EFFORT_HIGH|TERRAIN_HIGH|STEPS_SURFACE_HIGH,WEATHER_ACTIVITY_LEVEL_ONLY|WEATHER_HUMID_CONTEXT|WEATHER_RAIN_CONTEXT|WEATHER_WIND_GUST_CONTEXT,BEHAVIOR_LOW_SPEED_RESPONSE,EVENT_REVIEW_REQUIRED,ROUTE_LOAD_HIGH_CONTEXT|ROUTE_LOAD_VERY_HIGH_CONTEXT|VERTICAL_RANGE_HIGH|SLOPE_HIGH|IB2_EFFORT_HIGH|TERRAIN_HIGH|STEPS_SURFACE_HIGH|IB2_WEATHER_SENSITIVE_ROUTE_EXPOSURE_CONTEXT|WEATHER_ACTIVITY_LEVEL_ONLY|WEATHER_HUMID_CONTEXT|WEATHER_RAIN_CONTEXT|WEATHER_WIND_GUST_CONTEXT|BEHAVIOR_LOW_SPEED_RESPONSE|ROUTE_PHASE_UNKNOWN|OSM_PROXIMITY_NOT_USAGE,VERY_HIGH_ROUTE_LOAD_CONTEXT|ROUTE_LOAD_BEHAVIOR_CANDIDATE|IB2_OR_WEATHER_CONTEXT_PRESENT,"Descriptive planning context evidence only. This is not ability scoring, not route suitability scoring, not THCI/radar scoring, and not a final hiking risk assessment. Weather is activity-level context unless an explicit safe route-window source is used. OSM proximity is not proof of facility use. IB3D/event annotations are not causality evidence."
9_1,400,500,2,CONSERVATIVE_PLANNING_RECOMMENDED,79.928,HIGH_ROUTE_LOAD_CONTEXT,ROUTE_LOAD_HIGH_CONTEXT|IB2_EFFORT_HIGH|TERRAIN_HIGH|STEPS_SURFACE_HIGH|SLOPE_LOAD_FALLBACK_VERTICAL_RANGE,WEATHER_ACTIVITY_LEVEL_ONLY|WEATHER_HUMID_CONTEXT|WEATHER_RAIN_CONTEXT|WEATHER_WIND_GUST_CONTEXT,BEHAVIOR_LOW_SPEED_RESPONSE|BEHAVIOR_LOW_SPEED_RATIO_HIGH|BEHAVIOR_RELATIVE_HIGH_HR_RESPONSE,EVENT_REVIEW_REQUIRED,ROUTE_LOAD_HIGH_CONTEXT|IB2_EFFORT_HIGH|TERRAIN_HIGH|STEPS_SURFACE_HIGH|SLOPE_LOAD_FALLBACK_VERTICAL_RANGE|IB2_WEATHER_SENSITIVE_ROUTE_EXPOSURE_CONTEXT|WEATHER_ACTIVITY_LEVEL_ONLY|WEATHER_HUMID_CONTEXT|WEATHER_RAIN_CONTEXT|WEATHER_WIND_GUST_CONTEXT|BEHAVIOR_LOW_SPEED_RESPONSE|BEHAVIOR_LOW_SPEED_RATIO_HIGH|ROUTE_PHASE_UNKNOWN|OSM_PROXIMITY_NOT_USAGE|BEHAVIOR_RELATIVE_HIGH_HR_RESPONSE,ROUTE_LOAD_BEHAVIOR_CANDIDATE|IB2_OR_WEATHER_CONTEXT_PRESENT,"Descriptive planning context evidence only. This is not ability scoring, not route suitability scoring, not THCI/radar scoring, and not a final hiking risk assessment. Weather is activity-level context unless an explicit safe route-window source is used. OSM proximity is not proof of facility use. IB3D/event annotations are not causality evidence."
9_1,500,550,1,TURNAROUND_CONDITION_REVIEW_RECOMMENDED,81.359,VERY_HIGH_ROUTE_LOAD_CONTEXT,ROUTE_LOAD_HIGH_CONTEXT|ROUTE_LOAD_VERY_HIGH_CONTEXT|IB2_EFFORT_HIGH|STEPS_SURFACE_HIGH|SLOPE_LOAD_FALLBACK_VERTICAL_RANGE,WEATHER_ACTIVITY_LEVEL_ONLY|WEATHER_HUMID_CONTEXT|WEATHER_RAIN_CONTEXT|WEATHER_WIND_GUST_CONTEXT,BEHAVIOR_RELATIVE_HIGH_HR_RESPONSE|BEHAVIOR_LOW_SPEED_RESPONSE,EVENT_REVIEW_REQUIRED,ROUTE_LOAD_HIGH_CONTEXT|ROUTE_LOAD_VERY_HIGH_CONTEXT|IB2_EFFORT_HIGH|STEPS_SURFACE_HIGH|SLOPE_LOAD_FALLBACK_VERTICAL_RANGE|IB2_WEATHER_SENSITIVE_ROUTE_EXPOSURE_CONTEXT|WEATHER_ACTIVITY_LEVEL_ONLY|WEATHER_HUMID_CONTEXT|WEATHER_RAIN_CONTEXT|WEATHER_WIND_GUST_CONTEXT|BEHAVIOR_RELATIVE_HIGH_HR_RESPONSE|BEHAVIOR_LOW_SPEED_RESPONSE|ROUTE_PHASE_UNKNOWN|OSM_PROXIMITY_NOT_USAGE,VERY_HIGH_ROUTE_LOAD_CONTEXT|ROUTE_LOAD_BEHAVIOR_CANDIDATE|IB2_OR_WEATHER_CONTEXT_PRESENT,"Descriptive planning context evidence only. This is not ability scoring, not route suitability scoring, not THCI/radar scoring, and not a final hiking risk assessment. Weather is activity-level context unless an explicit safe route-window source is used. OSM proximity is not proof of facility use. IB3D/event annotations are not causality evidence."
9_1,550,600,1,CONSERVATIVE_PLANNING_RECOMMENDED,65.14,HIGH_ROUTE_LOAD_CONTEXT,ROUTE_LOAD_HIGH_CONTEXT|SLOPE_HIGH|IB2_EFFORT_HIGH,WEATHER_ACTIVITY_LEVEL_ONLY|WEATHER_HUMID_CONTEXT|WEATHER_RAIN_CONTEXT|WEATHER_WIND_GUST_CONTEXT,BEHAVIOR_RELATIVE_HIGH_HR_RESPONSE|BEHAVIOR_LOW_SPEED_RESPONSE,EVENT_REVIEW_REQUIRED,ROUTE_LOAD_HIGH_CONTEXT|SLOPE_HIGH|IB2_EFFORT_HIGH|IB2_WEATHER_SENSITIVE_ROUTE_EXPOSURE_CONTEXT|SHELTER_PROXIMITY_CONTEXT|WEATHER_ACTIVITY_LEVEL_ONLY|WEATHER_HUMID_CONTEXT|WEATHER_RAIN_CONTEXT|WEATHER_WIND_GUST_CONTEXT|BEHAVIOR_RELATIVE_HIGH_HR_RESPONSE|BEHAVIOR_LOW_SPEED_RESPONSE|ROUTE_PHASE_UNKNOWN|OSM_PROXIMITY_NOT_USAGE,ROUTE_LOAD_BEHAVIOR_CANDIDATE|IB2_OR_WEATHER_CONTEXT_PRESENT,"Descriptive planning context evidence only. This is not ability scoring, not route suitability scoring, not THCI/radar scoring, and not a final hiking risk assessment. Weather is activity-level context unless an explicit safe route-window source is used. OSM proximity is not proof of facility use. IB3D/event annotations are not causality evidence."
9_1,600,650,1,REVIEW_FOR_CONSERVATIVE_PLANNING,6.966,LOWER_ROUTE_LOAD_CONTEXT,SLOPE_LOAD_FALLBACK_VERTICAL_RANGE,WEATHER_ACTIVITY_LEVEL_ONLY|WEATHER_HUMID_CONTEXT|WEATHER_RAIN_CONTEXT|WEATHER_WIND_GUST_CONTEXT,NONE,NONE,SLOPE_LOAD_FALLBACK_VERTICAL_RANGE|IB2_NAVIGATION_CONTEXT|IB2_WEATHER_SENSITIVE_ROUTE_EXPOSURE_CONTEXT|SHELTER_PROXIMITY_CONTEXT|GUIDEPOST_PROXIMITY_CONTEXT|WEATHER_ACTIVITY_LEVEL_ONLY|WEATHER_HUMID_CONTEXT|WEATHER_RAIN_CONTEXT|WEATHER_WIND_GUST_CONTEXT|ROUTE_PHASE_UNKNOWN|OSM_PROXIMITY_NOT_USAGE,HIGH_ROUTE_OR_IB2_CONTEXT,"Descriptive planning context evidence only. This is not ability scoring, not route suitability scoring, not THCI/radar scoring, and not a final hiking risk assessment. Weather is activity-level context unless an explicit safe route-window source is used. OSM proximity is not proof of facility use. IB3D/event annotations are not causality evidence."
9_1,700,750,1,REVIEW_FOR_CONSERVATIVE_PLANNING,6.771,LOWER_ROUTE_LOAD_CONTEXT,SLOPE_LOAD_FALLBACK_VERTICAL_RANGE,WEATHER_ACTIVITY_LEVEL_ONLY|WEATHER_HUMID_CONTEXT|WEATHER_RAIN_CONTEXT|WEATHER_WIND_GUST_CONTEXT,BEHAVIOR_RELATIVE_HIGH_HR_RESPONSE|BEHAVIOR_LOW_SPEED_RESPONSE|BEHAVIOR_LOW_SPEED_RATIO_HIGH,NONE,SLOPE_LOAD_FALLBACK_VERTICAL_RANGE|IB2_WEATHER_SENSITIVE_ROUTE_EXPOSURE_CONTEXT|SHELTER_PROXIMITY_CONTEXT|WEATHER_ACTIVITY_LEVEL_ONLY|WEATHER_HUMID_CONTEXT|WEATHER_RAIN_CONTEXT|WEATHER_WIND_GUST_CONTEXT|BEHAVIOR_RELATIVE_HIGH_HR_RESPONSE|BEHAVIOR_LOW_SPEED_RESPONSE|BEHAVIOR_LOW_SPEED_RATIO_HIGH|ROUTE_PHASE_UNKNOWN|OSM_PROXIMITY_NOT_USAGE,HIGH_ROUTE_OR_IB2_CONTEXT,"Descriptive planning context evidence only. This is not ability scoring, not route suitability scoring, not THCI/radar scoring, and not a final hiking risk assessment. Weather is activity-level context unless an explicit safe route-window source is used. OSM proximity is not proof of facility use. IB3D/event annotations are not causality evidence."
9_1,800,1200,8,REVIEW_FOR_CONSERVATIVE_PLANNING,47.812,LOWER_ROUTE_LOAD_CONTEXT,SLOPE_LOAD_FALLBACK_VERTICAL_RANGE|SLOPE_HIGH,WEATHER_ACTIVITY_LEVEL_ONLY|WEATHER_HUMID_CONTEXT|WEATHER_RAIN_CONTEXT|WEATHER_WIND_GUST_CONTEXT,BEHAVIOR_LOW_SPEED_RESPONSE|BEHAVIOR_RELATIVE_HIGH_HR_RESPONSE,NONE,SLOPE_LOAD_FALLBACK_VERTICAL_RANGE|IB2_NAVIGATION_CONTEXT|IB2_WEATHER_SENSITIVE_ROUTE_EXPOSURE_CONTEXT|GUIDEPOST_PROXIMITY_CONTEXT|WEATHER_ACTIVITY_LEVEL_ONLY|WEATHER_HUMID_CONTEXT|WEATHER_RAIN_CONTEXT|WEATHER_WIND_GUST_CONTEXT|ROUTE_PHASE_UNKNOWN|OSM_PROXIMITY_NOT_USAGE|IB2_SUPPORT_CONTEXT|SLOPE_HIGH|BEHAVIOR_LOW_SPEED_RESPONSE|BEHAVIOR_RELATIVE_HIGH_HR_RESPONSE,HIGH_ROUTE_OR_IB2_CONTEXT,"Descriptive planning context evidence only. This is not ability scoring, not route suitability scoring, not THCI/radar scoring, and not a final hiking risk assessment. Weather is activity-level context unless an explicit safe route-window source is used. OSM proximity is not proof of facility use. IB3D/event annotations are not causality evidence."
9_1,1200,1350,3,CONSERVATIVE_PLANNING_RECOMMENDED,72.387,HIGH_ROUTE_LOAD_CONTEXT,ROUTE_LOAD_HIGH_CONTEXT|IB2_EFFORT_HIGH|STEPS_SURFACE_HIGH|SLOPE_LOAD_FALLBACK_VERTICAL_RANGE,WEATHER_ACTIVITY_LEVEL_ONLY|WEATHER_HUMID_CONTEXT|WEATHER_RAIN_CONTEXT|WEATHER_WIND_GUST_CONTEXT,BEHAVIOR_RELATIVE_HIGH_HR_RESPONSE|BEHAVIOR_LOW_SPEED_RESPONSE,NONE,ROUTE_LOAD_HIGH_CONTEXT|IB2_EFFORT_HIGH|STEPS_SURFACE_HIGH|SLOPE_LOAD_FALLBACK_VERTICAL_RANGE|IB2_WEATHER_SENSITIVE_ROUTE_EXPOSURE_CONTEXT|WEATHER_ACTIVITY_LEVEL_ONLY|WEATHER_HUMID_CONTEXT|WEATHER_RAIN_CONTEXT|WEATHER_WIND_GUST_CONTEXT|BEHAVIOR_RELATIVE_HIGH_HR_RESPONSE|BEHAVIOR_LOW_SPEED_RESPONSE|ROUTE_PHASE_UNKNOWN|OSM_PROXIMITY_NOT_USAGE,ROUTE_LOAD_BEHAVIOR_CANDIDATE|IB2_OR_WEATHER_CONTEXT_PRESENT,"Descriptive planning context evidence only. This is not ability scoring, not route suitability scoring, not THCI/radar scoring, and not a final hiking risk assessment. Weather is activity-level context unless an explicit safe route-window source is used. OSM proximity is not proof of facility use. IB3D/event annotations are not causality evidence."
9_1,1350,1650,6,TURNAROUND_CONDITION_REVIEW_RECOMMENDED,100.0,VERY_HIGH_ROUTE_LOAD_CONTEXT,ROUTE_LOAD_HIGH_CONTEXT|ROUTE_LOAD_VERY_HIGH_CONTEXT|VERTICAL_RANGE_HIGH|SLOPE_HIGH|IB2_EFFORT_HIGH|TERRAIN_HIGH|STEPS_SURFACE_HIGH|SLOPE_LOAD_FALLBACK_VERTICAL_RANGE,WEATHER_ACTIVITY_LEVEL_ONLY|WEATHER_HUMID_CONTEXT|WEATHER_RAIN_CONTEXT|WEATHER_WIND_GUST_CONTEXT,BEHAVIOR_LOW_SPEED_RESPONSE|BEHAVIOR_LOW_SPEED_RATIO_HIGH|BEHAVIOR_RELATIVE_HIGH_HR_RESPONSE,NONE,ROUTE_LOAD_HIGH_CONTEXT|ROUTE_LOAD_VERY_HIGH_CONTEXT|VERTICAL_RANGE_HIGH|SLOPE_HIGH|IB2_EFFORT_HIGH|TERRAIN_HIGH|STEPS_SURFACE_HIGH|SLOPE_LOAD_FALLBACK_VERTICAL_RANGE|IB2_WEATHER_SENSITIVE_ROUTE_EXPOSURE_CONTEXT|WEATHER_ACTIVITY_LEVEL_ONLY|WEATHER_HUMID_CONTEXT|WEATHER_RAIN_CONTEXT|WEATHER_WIND_GUST_CONTEXT|BEHAVIOR_LOW_SPEED_RESPONSE|BEHAVIOR_LOW_SPEED_RATIO_HIGH|ROUTE_PHASE_UNKNOWN|OSM_PROXIMITY_NOT_USAGE|BEHAVIOR_RELATIVE_HIGH_HR_RESPONSE,VERY_HIGH_ROUTE_LOAD_CONTEXT|ROUTE_LOAD_BEHAVIOR_CANDIDATE|IB2_OR_WEATHER_CONTEXT_PRESENT,"Descriptive planning context evidence only. This is not ability scoring, not route suitability scoring, not THCI/radar scoring, and not a final hiking risk assessment. Weather is activity-level context unless an explicit safe route-window source is used. OSM proximity is not proof of facility use. IB3D/event annotations are not causality evidence."
9_1,1650,1750,2,REVIEW_FOR_CONSERVATIVE_PLANNING,57.891,MODERATE_ROUTE_LOAD_CONTEXT,IB2_EFFORT_HIGH|SLOPE_HIGH,WEATHER_ACTIVITY_LEVEL_ONLY|WEATHER_HUMID_CONTEXT|WEATHER_RAIN_CONTEXT|WEATHER_WIND_GUST_CONTEXT,BEHAVIOR_RELATIVE_HIGH_HR_RESPONSE|BEHAVIOR_LOW_SPEED_RESPONSE,NONE,IB2_EFFORT_HIGH|IB2_WEATHER_SENSITIVE_ROUTE_EXPOSURE_CONTEXT|WEATHER_ACTIVITY_LEVEL_ONLY|WEATHER_HUMID_CONTEXT|WEATHER_RAIN_CONTEXT|WEATHER_WIND_GUST_CONTEXT|BEHAVIOR_RELATIVE_HIGH_HR_RESPONSE|BEHAVIOR_LOW_SPEED_RESPONSE|ROUTE_PHASE_UNKNOWN|OSM_PROXIMITY_NOT_USAGE|SLOPE_HIGH,HIGH_ROUTE_OR_IB2_CONTEXT,"Descriptive planning context evidence only. This is not ability scoring, not route suitability scoring, not THCI/radar scoring, and not a final hiking risk assessment. Weather is activity-level context unless an explicit safe route-window source is used. OSM proximity is not proof of facility use. IB3D/event annotations are not causality evidence."
9_1,1750,1800,1,CONSERVATIVE_PLANNING_RECOMMENDED,61.185,HIGH_ROUTE_LOAD_CONTEXT,ROUTE_LOAD_HIGH_CONTEXT|IB2_EFFORT_HIGH,WEATHER_ACTIVITY_LEVEL_ONLY|WEATHER_HUMID_CONTEXT|WEATHER_RAIN_CONTEXT|WEATHER_WIND_GUST_CONTEXT,BEHAVIOR_LOW_SPEED_RESPONSE|BEHAVIOR_LOW_SPEED_RATIO_HIGH,NONE,ROUTE_LOAD_HIGH_CONTEXT|IB2_EFFORT_HIGH|IB2_NAVIGATION_CONTEXT|IB2_WEATHER_SENSITIVE_ROUTE_EXPOSURE_CONTEXT|GUIDEPOST_PROXIMITY_CONTEXT|WEATHER_ACTIVITY_LEVEL_ONLY|WEATHER_HUMID_CONTEXT|WEATHER_RAIN_CONTEXT|WEATHER_WIND_GUST_CONTEXT|BEHAVIOR_LOW_SPEED_RESPONSE|BEHAVIOR_LOW_SPEED_RATIO_HIGH|ROUTE_PHASE_UNKNOWN|OSM_PROXIMITY_NOT_USAGE,ROUTE_LOAD_BEHAVIOR_CANDIDATE|IB2_OR_WEATHER_CONTEXT_PRESENT,"Descriptive planning context evidence only. This is not ability scoring, not route suitability scoring, not THCI/radar scoring, and not a final hiking risk assessment. Weather is activity-level context unless an explicit safe route-window source is used. OSM proximity is not proof of facility use. IB3D/event annotations are not causality evidence."
9_1,1800,1850,1,REVIEW_FOR_CONSERVATIVE_PLANNING,46.499,MODERATE_ROUTE_LOAD_CONTEXT,NONE,WEATHER_ACTIVITY_LEVEL_ONLY|WEATHER_HUMID_CONTEXT|WEATHER_RAIN_CONTEXT|WEATHER_WIND_GUST_CONTEXT,BEHAVIOR_LOW_SPEED_RESPONSE|BEHAVIOR_LOW_SPEED_RATIO_HIGH|BEHAVIOR_STOP_RESPONSE,NONE,IB2_NAVIGATION_CONTEXT|IB2_WEATHER_SENSITIVE_ROUTE_EXPOSURE_CONTEXT|GUIDEPOST_PROXIMITY_CONTEXT|WEATHER_ACTIVITY_LEVEL_ONLY|WEATHER_HUMID_CONTEXT|WEATHER_RAIN_CONTEXT|WEATHER_WIND_GUST_CONTEXT|BEHAVIOR_LOW_SPEED_RESPONSE|BEHAVIOR_LOW_SPEED_RATIO_HIGH|BEHAVIOR_STOP_RESPONSE|ROUTE_PHASE_UNKNOWN|OSM_PROXIMITY_NOT_USAGE,HIGH_ROUTE_OR_IB2_CONTEXT,"Descriptive planning context evidence only. This is not ability scoring, not route suitability scoring, not THCI/radar scoring, and not a final hiking risk assessment. Weather is activity-level context unless an explicit safe route-window source is used. OSM proximity is not proof of facility use. IB3D/event annotations are not causality evidence."
9_1,1850,1900,1,TURNAROUND_CONDITION_REVIEW_RECOMMENDED,91.158,VERY_HIGH_ROUTE_LOAD_CONTEXT,ROUTE_LOAD_HIGH_CONTEXT|ROUTE_LOAD_VERY_HIGH_CONTEXT|VERTICAL_RANGE_HIGH|SLOPE_HIGH|IB2_EFFORT_HIGH|TERRAIN_HIGH|STEPS_SURFACE_HIGH|SLOPE_LOAD_FALLBACK_VERTICAL_RANGE,WEATHER_ACTIVITY_LEVEL_ONLY|WEATHER_HUMID_CONTEXT|WEATHER_RAIN_CONTEXT|WEATHER_WIND_GUST_CONTEXT,BEHAVIOR_LOW_SPEED_RESPONSE|BEHAVIOR_LOW_SPEED_RATIO_HIGH,NONE,ROUTE_LOAD_HIGH_CONTEXT|ROUTE_LOAD_VERY_HIGH_CONTEXT|VERTICAL_RANGE_HIGH|SLOPE_HIGH|IB2_EFFORT_HIGH|TERRAIN_HIGH|STEPS_SURFACE_HIGH|SLOPE_LOAD_FALLBACK_VERTICAL_RANGE|IB2_WEATHER_SENSITIVE_ROUTE_EXPOSURE_CONTEXT|WEATHER_ACTIVITY_LEVEL_ONLY|WEATHER_HUMID_CONTEXT|WEATHER_RAIN_CONTEXT|WEATHER_WIND_GUST_CONTEXT|BEHAVIOR_LOW_SPEED_RESPONSE|BEHAVIOR_LOW_SPEED_RATIO_HIGH|ROUTE_PHASE_UNKNOWN|OSM_PROXIMITY_NOT_USAGE,VERY_HIGH_ROUTE_LOAD_CONTEXT|ROUTE_LOAD_BEHAVIOR_CANDIDATE|IB2_OR_WEATHER_CONTEXT_PRESENT,"Descriptive planning context evidence only. This is not ability scoring, not route suitability scoring, not THCI/radar scoring, and not a final hiking risk assessment. Weather is activity-level context unless an explicit safe route-window source is used. OSM proximity is not proof of facility use. IB3D/event annotations are not causality evidence."
9_1,1900,1950,1,REVIEW_FOR_CONSERVATIVE_PLANNING,49.966,MODERATE_ROUTE_LOAD_CONTEXT,IB2_EFFORT_HIGH|SLOPE_LOAD_FALLBACK_VERTICAL_RANGE,WEATHER_ACTIVITY_LEVEL_ONLY|WEATHER_HUMID_CONTEXT|WEATHER_RAIN_CONTEXT|WEATHER_WIND_GUST_CONTEXT,BEHAVIOR_LOW_SPEED_RESPONSE|BEHAVIOR_LOW_SPEED_RATIO_HIGH,NONE,IB2_EFFORT_HIGH|SLOPE_LOAD_FALLBACK_VERTICAL_RANGE|IB2_NAVIGATION_CONTEXT|IB2_WEATHER_SENSITIVE_ROUTE_EXPOSURE_CONTEXT|GUIDEPOST_PROXIMITY_CONTEXT|WEATHER_ACTIVITY_LEVEL_ONLY|WEATHER_HUMID_CONTEXT|WEATHER_RAIN_CONTEXT|WEATHER_WIND_GUST_CONTEXT|BEHAVIOR_LOW_SPEED_RESPONSE|BEHAVIOR_LOW_SPEED_RATIO_HIGH|ROUTE_PHASE_UNKNOWN|OSM_PROXIMITY_NOT_USAGE,HIGH_ROUTE_OR_IB2_CONTEXT,"Descriptive planning context evidence only. This is not ability scoring, not route suitability scoring, not THCI/radar scoring, and not a final hiking risk assessment. Weather is activity-level context unless an explicit safe route-window source is used. OSM proximity is not proof of facility use. IB3D/event annotations are not causality evidence."
9_1,1950,2050,2,TURNAROUND_CONDITION_REVIEW_RECOMMENDED,90.043,VERY_HIGH_ROUTE_LOAD_CONTEXT,ROUTE_LOAD_HIGH_CONTEXT|ROUTE_LOAD_VERY_HIGH_CONTEXT|VERTICAL_RANGE_HIGH|SLOPE_HIGH|IB2_EFFORT_HIGH|STEPS_SURFACE_HIGH|SLOPE_LOAD_FALLBACK_VERTICAL_RANGE,WEATHER_ACTIVITY_LEVEL_ONLY|WEATHER_HUMID_CONTEXT|WEATHER_RAIN_CONTEXT|WEATHER_WIND_GUST_CONTEXT,BEHAVIOR_LOW_SPEED_RESPONSE|BEHAVIOR_LOW_SPEED_RATIO_HIGH,NONE,ROUTE_LOAD_HIGH_CONTEXT|ROUTE_LOAD_VERY_HIGH_CONTEXT|VERTICAL_RANGE_HIGH|SLOPE_HIGH|IB2_EFFORT_HIGH|STEPS_SURFACE_HIGH|IB2_NAVIGATION_CONTEXT|IB2_WEATHER_SENSITIVE_ROUTE_EXPOSURE_CONTEXT|GUIDEPOST_PROXIMITY_CONTEXT|WEATHER_ACTIVITY_LEVEL_ONLY|WEATHER_HUMID_CONTEXT|WEATHER_RAIN_CONTEXT|WEATHER_WIND_GUST_CONTEXT|BEHAVIOR_LOW_SPEED_RESPONSE|BEHAVIOR_LOW_SPEED_RATIO_HIGH|ROUTE_PHASE_UNKNOWN|OSM_PROXIMITY_NOT_USAGE|SLOPE_LOAD_FALLBACK_VERTICAL_RANGE,VERY_HIGH_ROUTE_LOAD_CONTEXT|ROUTE_LOAD_BEHAVIOR_CANDIDATE|IB2_OR_WEATHER_CONTEXT_PRESENT,"Descriptive planning context evidence only. This is not ability scoring, not route suitability scoring, not THCI/radar scoring, and not a final hiking risk assessment. Weather is activity-level context unless an explicit safe route-window source is used. OSM proximity is not proof of facility use. IB3D/event annotations are not causality evidence."
9_1,2050,2100,1,REVIEW_FOR_CONSERVATIVE_PLANNING,55.321,MODERATE_ROUTE_LOAD_CONTEXT,IB2_EFFORT_HIGH|STEPS_SURFACE_HIGH,WEATHER_ACTIVITY_LEVEL_ONLY|WEATHER_HUMID_CONTEXT|WEATHER_RAIN_CONTEXT|WEATHER_WIND_GUST_CONTEXT,BEHAVIOR_LOW_SPEED_RESPONSE|BEHAVIOR_STOP_RESPONSE,EVENT_HIGH_HR_RECOVERY_STOP|EVENT_REVIEW_REQUIRED,IB2_EFFORT_HIGH|STEPS_SURFACE_HIGH|IB2_NAVIGATION_CONTEXT|IB2_WEATHER_SENSITIVE_ROUTE_EXPOSURE_CONTEXT|GUIDEPOST_PROXIMITY_CONTEXT|WEATHER_ACTIVITY_LEVEL_ONLY|WEATHER_HUMID_CONTEXT|WEATHER_RAIN_CONTEXT|WEATHER_WIND_GUST_CONTEXT|BEHAVIOR_LOW_SPEED_RESPONSE|BEHAVIOR_STOP_RESPONSE|ROUTE_PHASE_UNKNOWN|OSM_PROXIMITY_NOT_USAGE,HIGH_ROUTE_OR_IB2_CONTEXT,"Descriptive planning context evidence only. This is not ability scoring, not route suitability scoring, not THCI/radar scoring, and not a final hiking risk assessment. Weather is activity-level context unless an explicit safe route-window source is used. OSM proximity is not proof of facility use. IB3D/event annotations are not causality evidence."
9_1,2100,2150,1,CONSERVATIVE_PLANNING_RECOMMENDED,62.636,HIGH_ROUTE_LOAD_CONTEXT,ROUTE_LOAD_HIGH_CONTEXT|IB2_EFFORT_HIGH|STEPS_SURFACE_HIGH,WEATHER_ACTIVITY_LEVEL_ONLY|WEATHER_HUMID_CONTEXT|WEATHER_RAIN_CONTEXT|WEATHER_WIND_GUST_CONTEXT,BEHAVIOR_LOW_SPEED_RESPONSE|BEHAVIOR_LOW_SPEED_RATIO_HIGH,EVENT_REVIEW_REQUIRED,ROUTE_LOAD_HIGH_CONTEXT|IB2_EFFORT_HIGH|STEPS_SURFACE_HIGH|IB2_NAVIGATION_CONTEXT|IB2_WEATHER_SENSITIVE_ROUTE_EXPOSURE_CONTEXT|GUIDEPOST_PROXIMITY_CONTEXT|WEATHER_ACTIVITY_LEVEL_ONLY|WEATHER_HUMID_CONTEXT|WEATHER_RAIN_CONTEXT|WEATHER_WIND_GUST_CONTEXT|BEHAVIOR_LOW_SPEED_RESPONSE|BEHAVIOR_LOW_SPEED_RATIO_HIGH|ROUTE_PHASE_UNKNOWN|OSM_PROXIMITY_NOT_USAGE,ROUTE_LOAD_BEHAVIOR_CANDIDATE|IB2_OR_WEATHER_CONTEXT_PRESENT,"Descriptive planning context evidence only. This is not ability scoring, not route suitability scoring, not THCI/radar scoring, and not a final hiking risk assessment. Weather is activity-level context unless an explicit safe route-window source is used. OSM proximity is not proof of facility use. IB3D/event annotations are not causality evidence."
9_1,2150,2250,2,TURNAROUND_CONDITION_REVIEW_RECOMMENDED,84.629,VERY_HIGH_ROUTE_LOAD_CONTEXT,ROUTE_LOAD_HIGH_CONTEXT|ROUTE_LOAD_VERY_HIGH_CONTEXT|VERTICAL_RANGE_HIGH|SLOPE_HIGH|IB2_EFFORT_HIGH|STEPS_SURFACE_HIGH|SLOPE_LOAD_FALLBACK_VERTICAL_RANGE,WEATHER_ACTIVITY_LEVEL_ONLY|WEATHER_HUMID_CONTEXT|WEATHER_RAIN_CONTEXT|WEATHER_WIND_GUST_CONTEXT,BEHAVIOR_LOW_SPEED_RESPONSE|BEHAVIOR_LOW_SPEED_RATIO_HIGH,EVENT_REVIEW_REQUIRED,ROUTE_LOAD_HIGH_CONTEXT|ROUTE_LOAD_VERY_HIGH_CONTEXT|VERTICAL_RANGE_HIGH|SLOPE_HIGH|IB2_EFFORT_HIGH|STEPS_SURFACE_HIGH|SLOPE_LOAD_FALLBACK_VERTICAL_RANGE|IB2_WEATHER_SENSITIVE_ROUTE_EXPOSURE_CONTEXT|WEATHER_ACTIVITY_LEVEL_ONLY|WEATHER_HUMID_CONTEXT|WEATHER_RAIN_CONTEXT|WEATHER_WIND_GUST_CONTEXT|BEHAVIOR_LOW_SPEED_RESPONSE|ROUTE_PHASE_UNKNOWN|OSM_PROXIMITY_NOT_USAGE|IB2_NAVIGATION_CONTEXT|GUIDEPOST_PROXIMITY_CONTEXT|BEHAVIOR_LOW_SPEED_RATIO_HIGH,VERY_HIGH_ROUTE_LOAD_CONTEXT|ROUTE_LOAD_BEHAVIOR_CANDIDATE|IB2_OR_WEATHER_CONTEXT_PRESENT,"Descriptive planning context evidence only. This is not ability scoring, not route suitability scoring, not THCI/radar scoring, and not a final hiking risk assessment. Weather is activity-level context unless an explicit safe route-window source is used. OSM proximity is not proof of facility use. IB3D/event annotations are not causality evidence."
9_1,2250,2300,1,REVIEW_FOR_CONSERVATIVE_PLANNING,49.48,MODERATE_ROUTE_LOAD_CONTEXT,IB2_EFFORT_HIGH|SLOPE_LOAD_FALLBACK_VERTICAL_RANGE,WEATHER_ACTIVITY_LEVEL_ONLY|WEATHER_HUMID_CONTEXT|WEATHER_RAIN_CONTEXT|WEATHER_WIND_GUST_CONTEXT,BEHAVIOR_LOW_SPEED_RESPONSE,EVENT_REVIEW_REQUIRED,IB2_EFFORT_HIGH|SLOPE_LOAD_FALLBACK_VERTICAL_RANGE|IB2_NAVIGATION_CONTEXT|IB2_WEATHER_SENSITIVE_ROUTE_EXPOSURE_CONTEXT|GUIDEPOST_PROXIMITY_CONTEXT|WEATHER_ACTIVITY_LEVEL_ONLY|WEATHER_HUMID_CONTEXT|WEATHER_RAIN_CONTEXT|WEATHER_WIND_GUST_CONTEXT|BEHAVIOR_LOW_SPEED_RESPONSE|ROUTE_PHASE_UNKNOWN|OSM_PROXIMITY_NOT_USAGE,HIGH_ROUTE_OR_IB2_CONTEXT,"Descriptive planning context evidence only. This is not ability scoring, not route suitability scoring, not THCI/radar scoring, and not a final hiking risk assessment. Weather is activity-level context unless an explicit safe route-window source is used. OSM proximity is not proof of facility use. IB3D/event annotations are not causality evidence."
9_1,2300,2350,1,TURNAROUND_CONDITION_REVIEW_RECOMMENDED,91.277,VERY_HIGH_ROUTE_LOAD_CONTEXT,ROUTE_LOAD_HIGH_CONTEXT|ROUTE_LOAD_VERY_HIGH_CONTEXT|VERTICAL_RANGE_HIGH|SLOPE_HIGH|IB2_EFFORT_HIGH|STEPS_SURFACE_HIGH|SLOPE_LOAD_FALLBACK_VERTICAL_RANGE,WEATHER_ACTIVITY_LEVEL_ONLY|WEATHER_HUMID_CONTEXT|WEATHER_RAIN_CONTEXT|WEATHER_WIND_GUST_CONTEXT,BEHAVIOR_LOW_SPEED_RESPONSE,EVENT_REVIEW_REQUIRED,ROUTE_LOAD_HIGH_CONTEXT|ROUTE_LOAD_VERY_HIGH_CONTEXT|VERTICAL_RANGE_HIGH|SLOPE_HIGH|IB2_EFFORT_HIGH|STEPS_SURFACE_HIGH|SLOPE_LOAD_FALLBACK_VERTICAL_RANGE|IB2_WEATHER_SENSITIVE_ROUTE_EXPOSURE_CONTEXT|WEATHER_ACTIVITY_LEVEL_ONLY|WEATHER_HUMID_CONTEXT|WEATHER_RAIN_CONTEXT|WEATHER_WIND_GUST_CONTEXT|BEHAVIOR_LOW_SPEED_RESPONSE|ROUTE_PHASE_UNKNOWN|OSM_PROXIMITY_NOT_USAGE,VERY_HIGH_ROUTE_LOAD_CONTEXT|ROUTE_LOAD_BEHAVIOR_CANDIDATE|IB2_OR_WEATHER_CONTEXT_PRESENT,"Descriptive planning context evidence only. This is not ability scoring, not route suitability scoring, not THCI/radar scoring, and not a final hiking risk assessment. Weather is activity-level context unless an explicit safe route-window source is used. OSM proximity is not proof of facility use. IB3D/event annotations are not causality evidence."
9_1,2350,2400,1,CONSERVATIVE_PLANNING_RECOMMENDED,69.642,HIGH_ROUTE_LOAD_CONTEXT,ROUTE_LOAD_HIGH_CONTEXT|IB2_EFFORT_HIGH|STEPS_SURFACE_HIGH,WEATHER_ACTIVITY_LEVEL_ONLY|WEATHER_HUMID_CONTEXT|WEATHER_RAIN_CONTEXT|WEATHER_WIND_GUST_CONTEXT,BEHAVIOR_RELATIVE_HIGH_HR_RESPONSE|BEHAVIOR_LOW_SPEED_RESPONSE|BEHAVIOR_LOW_SPEED_RATIO_HIGH,EVENT_HIGH_HR_RECOVERY_STOP|EVENT_REVIEW_REQUIRED,ROUTE_LOAD_HIGH_CONTEXT|IB2_EFFORT_HIGH|STEPS_SURFACE_HIGH|IB2_NAVIGATION_CONTEXT|IB2_WEATHER_SENSITIVE_ROUTE_EXPOSURE_CONTEXT|GUIDEPOST_PROXIMITY_CONTEXT|WEATHER_ACTIVITY_LEVEL_ONLY|WEATHER_HUMID_CONTEXT|WEATHER_RAIN_CONTEXT|WEATHER_WIND_GUST_CONTEXT|BEHAVIOR_RELATIVE_HIGH_HR_RESPONSE|BEHAVIOR_LOW_SPEED_RESPONSE|BEHAVIOR_LOW_SPEED_RATIO_HIGH|ROUTE_PHASE_UNKNOWN|OSM_PROXIMITY_NOT_USAGE,ROUTE_LOAD_BEHAVIOR_CANDIDATE|IB2_OR_WEATHER_CONTEXT_PRESENT,"Descriptive planning context evidence only. This is not ability scoring, not route suitability scoring, not THCI/radar scoring, and not a final hiking risk assessment. Weather is activity-level context unless an explicit safe route-window source is used. OSM proximity is not proof of facility use. IB3D/event annotations are not causality evidence."
9_1,2400,2500,2,REVIEW_FOR_CONSERVATIVE_PLANNING,52.346,LOWER_ROUTE_LOAD_CONTEXT,IB2_EFFORT_HIGH|SLOPE_LOAD_FALLBACK_VERTICAL_RANGE,WEATHER_ACTIVITY_LEVEL_ONLY|WEATHER_HUMID_CONTEXT|WEATHER_RAIN_CONTEXT|WEATHER_WIND_GUST_CONTEXT,BEHAVIOR_LOW_SPEED_RESPONSE|BEHAVIOR_LOW_SPEED_RATIO_HIGH,EVENT_REVIEW_REQUIRED,IB2_EFFORT_HIGH|SLOPE_LOAD_FALLBACK_VERTICAL_RANGE|IB2_NAVIGATION_CONTEXT|IB2_WEATHER_SENSITIVE_ROUTE_EXPOSURE_CONTEXT|GUIDEPOST_PROXIMITY_CONTEXT|WEATHER_ACTIVITY_LEVEL_ONLY|WEATHER_HUMID_CONTEXT|WEATHER_RAIN_CONTEXT|WEATHER_WIND_GUST_CONTEXT|BEHAVIOR_LOW_SPEED_RESPONSE|BEHAVIOR_LOW_SPEED_RATIO_HIGH|ROUTE_PHASE_UNKNOWN|OSM_PROXIMITY_NOT_USAGE,HIGH_ROUTE_OR_IB2_CONTEXT,"Descriptive planning context evidence only. This is not ability scoring, not route suitability scoring, not THCI/radar scoring, and not a final hiking risk assessment. Weather is activity-level context unless an explicit safe route-window source is used. OSM proximity is not proof of facility use. IB3D/event annotations are not causality evidence."
9_1,2500,2550,1,CONSERVATIVE_PLANNING_RECOMMENDED,62.74,HIGH_ROUTE_LOAD_CONTEXT,ROUTE_LOAD_HIGH_CONTEXT|IB2_EFFORT_HIGH|TERRAIN_HIGH|STEPS_SURFACE_HIGH|SLOPE_LOAD_FALLBACK_VERTICAL_RANGE,WEATHER_ACTIVITY_LEVEL_ONLY|WEATHER_HUMID_CONTEXT|WEATHER_RAIN_CONTEXT|WEATHER_WIND_GUST_CONTEXT,BEHAVIOR_LOW_SPEED_RESPONSE|BEHAVIOR_LOW_SPEED_RATIO_HIGH,EVENT_REVIEW_REQUIRED,ROUTE_LOAD_HIGH_CONTEXT|IB2_EFFORT_HIGH|TERRAIN_HIGH|STEPS_SURFACE_HIGH|SLOPE_LOAD_FALLBACK_VERTICAL_RANGE|IB2_WEATHER_SENSITIVE_ROUTE_EXPOSURE_CONTEXT|WEATHER_ACTIVITY_LEVEL_ONLY|WEATHER_HUMID_CONTEXT|WEATHER_RAIN_CONTEXT|WEATHER_WIND_GUST_CONTEXT|BEHAVIOR_LOW_SPEED_RESPONSE|BEHAVIOR_LOW_SPEED_RATIO_HIGH|ROUTE_PHASE_UNKNOWN|OSM_PROXIMITY_NOT_USAGE,ROUTE_LOAD_BEHAVIOR_CANDIDATE|IB2_OR_WEATHER_CONTEXT_PRESENT,"Descriptive planning context evidence only. This is not ability scoring, not route suitability scoring, not THCI/radar scoring, and not a final hiking risk assessment. Weather is activity-level context unless an explicit safe route-window source is used. OSM proximity is not proof of facility use. IB3D/event annotations are not causality evidence."
9_1,2550,2850,6,TURNAROUND_CONDITION_REVIEW_RECOMMENDED,100.0,VERY_HIGH_ROUTE_LOAD_CONTEXT,ROUTE_LOAD_HIGH_CONTEXT|ROUTE_LOAD_VERY_HIGH_CONTEXT|IB2_EFFORT_HIGH|TERRAIN_HIGH|STEPS_SURFACE_HIGH|SLOPE_LOAD_FALLBACK_VERTICAL_RANGE|VERTICAL_RANGE_HIGH|SLOPE_HIGH,WEATHER_ACTIVITY_LEVEL_ONLY|WEATHER_HUMID_CONTEXT|WEATHER_RAIN_CONTEXT|WEATHER_WIND_GUST_CONTEXT,BEHAVIOR_LOW_SPEED_RESPONSE|BEHAVIOR_LOW_SPEED_RATIO_HIGH|BEHAVIOR_RELATIVE_HIGH_HR_RESPONSE,EVENT_SHORT_PAUSE|EVENT_REVIEW_REQUIRED|EVENT_HIGH_HR_RECOVERY_STOP,ROUTE_LOAD_HIGH_CONTEXT|ROUTE_LOAD_VERY_HIGH_CONTEXT|IB2_EFFORT_HIGH|TERRAIN_HIGH|STEPS_SURFACE_HIGH|SLOPE_LOAD_FALLBACK_VERTICAL_RANGE|IB2_WEATHER_SENSITIVE_ROUTE_EXPOSURE_CONTEXT|WEATHER_ACTIVITY_LEVEL_ONLY|WEATHER_HUMID_CONTEXT|WEATHER_RAIN_CONTEXT|WEATHER_WIND_GUST_CONTEXT|BEHAVIOR_LOW_SPEED_RESPONSE|BEHAVIOR_LOW_SPEED_RATIO_HIGH|ROUTE_PHASE_UNKNOWN|OSM_PROXIMITY_NOT_USAGE|VERTICAL_RANGE_HIGH|SLOPE_HIGH|BEHAVIOR_RELATIVE_HIGH_HR_RESPONSE,VERY_HIGH_ROUTE_LOAD_CONTEXT|ROUTE_LOAD_BEHAVIOR_CANDIDATE|IB2_OR_WEATHER_CONTEXT_PRESENT,"Descriptive planning context evidence only. This is not ability scoring, not route suitability scoring, not THCI/radar scoring, and not a final hiking risk assessment. Weather is activity-level context unless an explicit safe route-window source is used. OSM proximity is not proof of facility use. IB3D/event annotations are not causality evidence."
9_1,2850,2900,1,REVIEW_FOR_CONSERVATIVE_PLANNING,34.346,LOWER_ROUTE_LOAD_CONTEXT,NONE,WEATHER_ACTIVITY_LEVEL_ONLY|WEATHER_HUMID_CONTEXT|WEATHER_RAIN_CONTEXT|WEATHER_WIND_GUST_CONTEXT,BEHAVIOR_LOW_SPEED_RESPONSE,EVENT_REVIEW_REQUIRED,IB2_WEATHER_SENSITIVE_ROUTE_EXPOSURE_CONTEXT|WEATHER_ACTIVITY_LEVEL_ONLY|WEATHER_HUMID_CONTEXT|WEATHER_RAIN_CONTEXT|WEATHER_WIND_GUST_CONTEXT|BEHAVIOR_LOW_SPEED_RESPONSE|ROUTE_PHASE_UNKNOWN|OSM_PROXIMITY_NOT_USAGE,HIGH_ROUTE_OR_IB2_CONTEXT,"Descriptive planning context evidence only. This is not ability scoring, not route suitability scoring, not THCI/radar scoring, and not a final hiking risk assessment. Weather is activity-level context unless an explicit safe route-window source is used. OSM proximity is not proof of facility use. IB3D/event annotations are not causality evidence."
9_1,2900,3000,2,CONSERVATIVE_PLANNING_RECOMMENDED,71.919,HIGH_ROUTE_LOAD_CONTEXT,ROUTE_LOAD_HIGH_CONTEXT|IB2_EFFORT_HIGH|STEPS_SURFACE_HIGH|SLOPE_LOAD_FALLBACK_VERTICAL_RANGE,WEATHER_ACTIVITY_LEVEL_ONLY|WEATHER_HUMID_CONTEXT|WEATHER_RAIN_CONTEXT|WEATHER_WIND_GUST_CONTEXT,BEHAVIOR_LOW_SPEED_RESPONSE|BEHAVIOR_RELATIVE_HIGH_HR_RESPONSE,EVENT_REVIEW_REQUIRED,ROUTE_LOAD_HIGH_CONTEXT|IB2_EFFORT_HIGH|STEPS_SURFACE_HIGH|SLOPE_LOAD_FALLBACK_VERTICAL_RANGE|IB2_WEATHER_SENSITIVE_ROUTE_EXPOSURE_CONTEXT|WEATHER_ACTIVITY_LEVEL_ONLY|WEATHER_HUMID_CONTEXT|WEATHER_RAIN_CONTEXT|WEATHER_WIND_GUST_CONTEXT|BEHAVIOR_LOW_SPEED_RESPONSE|ROUTE_PHASE_UNKNOWN|OSM_PROXIMITY_NOT_USAGE|BEHAVIOR_RELATIVE_HIGH_HR_RESPONSE,ROUTE_LOAD_BEHAVIOR_CANDIDATE|IB2_OR_WEATHER_CONTEXT_PRESENT,"Descriptive planning context evidence only. This is not ability scoring, not route suitability scoring, not THCI/radar scoring, and not a final hiking risk assessment. Weather is activity-level context unless an explicit safe route-window source is used. OSM proximity is not proof of facility use. IB3D/event annotations are not causality evidence."
9_1,3000,3550,11,REVIEW_FOR_CONSERVATIVE_PLANNING,41.824,LOWER_ROUTE_LOAD_CONTEXT,SLOPE_LOAD_FALLBACK_VERTICAL_RANGE|SLOPE_HIGH,WEATHER_ACTIVITY_LEVEL_ONLY|WEATHER_HUMID_CONTEXT|WEATHER_RAIN_CONTEXT|WEATHER_WIND_GUST_CONTEXT,BEHAVIOR_RELATIVE_HIGH_HR_RESPONSE|BEHAVIOR_LOW_SPEED_RESPONSE|BEHAVIOR_LOW_SPEED_RATIO_HIGH,EVENT_REVIEW_REQUIRED,SLOPE_LOAD_FALLBACK_VERTICAL_RANGE|IB2_WEATHER_SENSITIVE_ROUTE_EXPOSURE_CONTEXT|WEATHER_ACTIVITY_LEVEL_ONLY|WEATHER_HUMID_CONTEXT|WEATHER_RAIN_CONTEXT|WEATHER_WIND_GUST_CONTEXT|ROUTE_PHASE_UNKNOWN|OSM_PROXIMITY_NOT_USAGE|BEHAVIOR_RELATIVE_HIGH_HR_RESPONSE|IB2_SUPPORT_CONTEXT|IB2_NAVIGATION_CONTEXT|GUIDEPOST_PROXIMITY_CONTEXT|SHELTER_PROXIMITY_CONTEXT|BEHAVIOR_LOW_SPEED_RESPONSE|BEHAVIOR_LOW_SPEED_RATIO_HIGH|SLOPE_HIGH,HIGH_ROUTE_OR_IB2_CONTEXT,"Descriptive planning context evidence only. This is not ability scoring, not route suitability scoring, not THCI/radar scoring, and not a final hiking risk assessment. Weather is activity-level context unless an explicit safe route-window source is used. OSM proximity is not proof of facility use. IB3D/event annotations are not causality evidence."
9_1,3600,3800,4,CONSERVATIVE_PLANNING_RECOMMENDED,78.708,HIGH_ROUTE_LOAD_CONTEXT,ROUTE_LOAD_HIGH_CONTEXT|IB2_EFFORT_HIGH|STEPS_SURFACE_HIGH|SLOPE_LOAD_FALLBACK_VERTICAL_RANGE|TERRAIN_HIGH,WEATHER_ACTIVITY_LEVEL_ONLY|WEATHER_HUMID_CONTEXT|WEATHER_RAIN_CONTEXT|WEATHER_WIND_GUST_CONTEXT,BEHAVIOR_RELATIVE_HIGH_HR_RESPONSE|BEHAVIOR_LOW_SPEED_RESPONSE,EVENT_REVIEW_REQUIRED|EVENT_SHORT_PAUSE,ROUTE_LOAD_HIGH_CONTEXT|IB2_EFFORT_HIGH|STEPS_SURFACE_HIGH|SLOPE_LOAD_FALLBACK_VERTICAL_RANGE|IB2_WEATHER_SENSITIVE_ROUTE_EXPOSURE_CONTEXT|SHELTER_PROXIMITY_CONTEXT|WEATHER_ACTIVITY_LEVEL_ONLY|WEATHER_HUMID_CONTEXT|WEATHER_RAIN_CONTEXT|WEATHER_WIND_GUST_CONTEXT|BEHAVIOR_RELATIVE_HIGH_HR_RESPONSE|BEHAVIOR_LOW_SPEED_RESPONSE|ROUTE_PHASE_UNKNOWN|OSM_PROXIMITY_NOT_USAGE|TERRAIN_HIGH,ROUTE_LOAD_BEHAVIOR_CANDIDATE|IB2_OR_WEATHER_CONTEXT_PRESENT,"Descriptive planning context evidence only. This is not ability scoring, not route suitability scoring, not THCI/radar scoring, and not a final hiking risk assessment. Weather is activity-level context unless an explicit safe route-window source is used. OSM proximity is not proof of facility use. IB3D/event annotations are not causality evidence."
9_1,3800,3850,1,TURNAROUND_CONDITION_REVIEW_RECOMMENDED,89.039,VERY_HIGH_ROUTE_LOAD_CONTEXT,ROUTE_LOAD_HIGH_CONTEXT|ROUTE_LOAD_VERY_HIGH_CONTEXT|SLOPE_HIGH|IB2_EFFORT_HIGH|TERRAIN_HIGH|STEPS_SURFACE_HIGH,WEATHER_ACTIVITY_LEVEL_ONLY|WEATHER_HUMID_CONTEXT|WEATHER_RAIN_CONTEXT|WEATHER_WIND_GUST_CONTEXT,BEHAVIOR_RELATIVE_HIGH_HR_RESPONSE|BEHAVIOR_LOW_SPEED_RESPONSE,EVENT_REVIEW_REQUIRED,ROUTE_LOAD_HIGH_CONTEXT|ROUTE_LOAD_VERY_HIGH_CONTEXT|SLOPE_HIGH|IB2_EFFORT_HIGH|TERRAIN_HIGH|STEPS_SURFACE_HIGH|IB2_WEATHER_SENSITIVE_ROUTE_EXPOSURE_CONTEXT|WEATHER_ACTIVITY_LEVEL_ONLY|WEATHER_HUMID_CONTEXT|WEATHER_RAIN_CONTEXT|WEATHER_WIND_GUST_CONTEXT|BEHAVIOR_RELATIVE_HIGH_HR_RESPONSE|BEHAVIOR_LOW_SPEED_RESPONSE|ROUTE_PHASE_UNKNOWN|OSM_PROXIMITY_NOT_USAGE,VERY_HIGH_ROUTE_LOAD_CONTEXT|ROUTE_LOAD_BEHAVIOR_CANDIDATE|IB2_OR_WEATHER_CONTEXT_PRESENT,"Descriptive planning context evidence only. This is not ability scoring, not route suitability scoring, not THCI/radar scoring, and not a final hiking risk assessment. Weather is activity-level context unless an explicit safe route-window source is used. OSM proximity is not proof of facility use. IB3D/event annotations are not causality evidence."
9_1,3850,3900,1,CONSERVATIVE_PLANNING_RECOMMENDED,75.84,HIGH_ROUTE_LOAD_CONTEXT,ROUTE_LOAD_HIGH_CONTEXT|IB2_EFFORT_HIGH|TERRAIN_HIGH|STEPS_SURFACE_HIGH|SLOPE_LOAD_FALLBACK_VERTICAL_RANGE,WEATHER_ACTIVITY_LEVEL_ONLY|WEATHER_HUMID_CONTEXT|WEATHER_RAIN_CONTEXT|WEATHER_WIND_GUST_CONTEXT,BEHAVIOR_LOW_SPEED_RESPONSE,EVENT_REVIEW_REQUIRED,ROUTE_LOAD_HIGH_CONTEXT|IB2_EFFORT_HIGH|TERRAIN_HIGH|STEPS_SURFACE_HIGH|SLOPE_LOAD_FALLBACK_VERTICAL_RANGE|IB2_WEATHER_SENSITIVE_ROUTE_EXPOSURE_CONTEXT|WEATHER_ACTIVITY_LEVEL_ONLY|WEATHER_HUMID_CONTEXT|WEATHER_RAIN_CONTEXT|WEATHER_WIND_GUST_CONTEXT|BEHAVIOR_LOW_SPEED_RESPONSE|ROUTE_PHASE_UNKNOWN|OSM_PROXIMITY_NOT_USAGE,ROUTE_LOAD_BEHAVIOR_CANDIDATE|IB2_OR_WEATHER_CONTEXT_PRESENT,"Descriptive planning context evidence only. This is not ability scoring, not route suitability scoring, not THCI/radar scoring, and not a final hiking risk assessment. Weather is activity-level context unless an explicit safe route-window source is used. OSM proximity is not proof of facility use. IB3D/event annotations are not causality evidence."
9_1,3900,4050,3,TURNAROUND_CONDITION_REVIEW_RECOMMENDED,100.0,VERY_HIGH_ROUTE_LOAD_CONTEXT,ROUTE_LOAD_HIGH_CONTEXT|ROUTE_LOAD_VERY_HIGH_CONTEXT|VERTICAL_RANGE_HIGH|SLOPE_HIGH|IB2_EFFORT_HIGH|TERRAIN_HIGH|STEPS_SURFACE_HIGH|SLOPE_LOAD_FALLBACK_VERTICAL_RANGE,WEATHER_ACTIVITY_LEVEL_ONLY|WEATHER_HUMID_CONTEXT|WEATHER_RAIN_CONTEXT|WEATHER_WIND_GUST_CONTEXT,BEHAVIOR_LOW_SPEED_RESPONSE|BEHAVIOR_RELATIVE_HIGH_HR_RESPONSE|BEHAVIOR_LOW_SPEED_RATIO_HIGH,EVENT_REVIEW_REQUIRED,ROUTE_LOAD_HIGH_CONTEXT|ROUTE_LOAD_VERY_HIGH_CONTEXT|VERTICAL_RANGE_HIGH|SLOPE_HIGH|IB2_EFFORT_HIGH|TERRAIN_HIGH|STEPS_SURFACE_HIGH|SLOPE_LOAD_FALLBACK_VERTICAL_RANGE|IB2_WEATHER_SENSITIVE_ROUTE_EXPOSURE_CONTEXT|WEATHER_ACTIVITY_LEVEL_ONLY|WEATHER_HUMID_CONTEXT|WEATHER_RAIN_CONTEXT|WEATHER_WIND_GUST_CONTEXT|BEHAVIOR_LOW_SPEED_RESPONSE|ROUTE_PHASE_UNKNOWN|OSM_PROXIMITY_NOT_USAGE|WATERWAY_PROXIMITY_CONTEXT|BEHAVIOR_RELATIVE_HIGH_HR_RESPONSE|BEHAVIOR_LOW_SPEED_RATIO_HIGH,VERY_HIGH_ROUTE_LOAD_CONTEXT|ROUTE_LOAD_BEHAVIOR_CANDIDATE|IB2_OR_WEATHER_CONTEXT_PRESENT,"Descriptive planning context evidence only. This is not ability scoring, not route suitability scoring, not THCI/radar scoring, and not a final hiking risk assessment. Weather is activity-level context unless an explicit safe route-window source is used. OSM proximity is not proof of facility use. IB3D/event annotations are not causality evidence."
9_1,4050,4100,1,CONSERVATIVE_PLANNING_RECOMMENDED,71.149,HIGH_ROUTE_LOAD_CONTEXT,ROUTE_LOAD_HIGH_CONTEXT|IB2_EFFORT_HIGH|STEPS_SURFACE_HIGH,WEATHER_ACTIVITY_LEVEL_ONLY|WEATHER_HUMID_CONTEXT|WEATHER_RAIN_CONTEXT|WEATHER_WIND_GUST_CONTEXT,BEHAVIOR_LOW_SPEED_RESPONSE,EVENT_REVIEW_REQUIRED,ROUTE_LOAD_HIGH_CONTEXT|IB2_EFFORT_HIGH|STEPS_SURFACE_HIGH|IB2_WEATHER_SENSITIVE_ROUTE_EXPOSURE_CONTEXT|WATERWAY_PROXIMITY_CONTEXT|WEATHER_ACTIVITY_LEVEL_ONLY|WEATHER_HUMID_CONTEXT|WEATHER_RAIN_CONTEXT|WEATHER_WIND_GUST_CONTEXT|BEHAVIOR_LOW_SPEED_RESPONSE|ROUTE_PHASE_UNKNOWN|OSM_PROXIMITY_NOT_USAGE,ROUTE_LOAD_BEHAVIOR_CANDIDATE|IB2_OR_WEATHER_CONTEXT_PRESENT,"Descriptive planning context evidence only. This is not ability scoring, not route suitability scoring, not THCI/radar scoring, and not a final hiking risk assessment. Weather is activity-level context unless an explicit safe route-window source is used. OSM proximity is not proof of facility use. IB3D/event annotations are not causality evidence."
9_1,4100,4200,2,REVIEW_FOR_CONSERVATIVE_PLANNING,56.627,LOWER_ROUTE_LOAD_CONTEXT,SLOPE_LOAD_FALLBACK_VERTICAL_RANGE|IB2_EFFORT_HIGH,WEATHER_ACTIVITY_LEVEL_ONLY|WEATHER_HUMID_CONTEXT|WEATHER_RAIN_CONTEXT|WEATHER_WIND_GUST_CONTEXT,NONE,EVENT_REVIEW_REQUIRED|EVENT_SHORT_PAUSE,SLOPE_LOAD_FALLBACK_VERTICAL_RANGE|IB2_NAVIGATION_CONTEXT|IB2_WEATHER_SENSITIVE_ROUTE_EXPOSURE_CONTEXT|WATERWAY_PROXIMITY_CONTEXT|GUIDEPOST_PROXIMITY_CONTEXT|WEATHER_ACTIVITY_LEVEL_ONLY|WEATHER_HUMID_CONTEXT|WEATHER_RAIN_CONTEXT|WEATHER_WIND_GUST_CONTEXT|ROUTE_PHASE_UNKNOWN|OSM_PROXIMITY_NOT_USAGE|IB2_EFFORT_HIGH,HIGH_ROUTE_OR_IB2_CONTEXT,"Descriptive planning context evidence only. This is not ability scoring, not route suitability scoring, not THCI/radar scoring, and not a final hiking risk assessment. Weather is activity-level context unless an explicit safe route-window source is used. OSM proximity is not proof of facility use. IB3D/event annotations are not causality evidence."
