participant_id,activity_id_short,study_population_status,axis_id,axis_label_zh,axis_output_mode,radar_output_permission,axis_annotation,missing_evidence_reason,required_gate_status,fallback_status,plot_permission_note,allowed_use,disallowed_use,interpretation_boundary
13,13_1,RADAR_BASELINE_ACTIVITY,endurance_sustained_movement,持續耐力,DESCRIPTIVE_ANNOTATION,ALLOW_TEXT_ANNOTATION_ONLY,300s horizontal evidence is descriptive only. valid_windows=0; consumable_windows=0; p90_speed_mps=.,Horizontal 300s evidence covers only limited baseline activities; admission review did not admit it as standalone radar axis.,baseline_population_gate=PASS|route_continuity_300s_gate=NO_CONSUMABLE_HORIZONTAL_WINDOW,RETAIN_AS_DESCRIPTIVE_SUPPORTING_EVIDENCE,NOT_PLOTTED_DESCRIPTIVE_ANNOTATION_ONLY,text annotation describing limited sustained-movement evidence,numeric radar axis value|standalone ability ranking|score generation,"CH6.5.5 personal ability radar data table v1 is a governed data-table layer only. It converts an axis contract and activity/person evidence into per-activity per-axis rows for future visualization. It does not create a radar plot and does not compute or authorize radar scores, ability scores, ability ranks, ability classes, THCI scores, final hiking risk scores, route suitability scores, go/no-go decisions, medical diagnoses, or causality claims."
13,13_1,RADAR_BASELINE_ACTIVITY,uphill_load_tolerance,上坡負荷承受力,DESCRIPTIVE_ANNOTATION,ALLOW_TEXT_ANNOTATION_ONLY,300s vertical evidence is descriptive only. valid_windows=0; consumable_windows=0; p90_vam_mph=; p90_gain_m=.,Vertical 300s evidence covers limited baseline activities and is not admitted as standalone radar axis.,baseline_population_gate=PASS|route_continuity_300s_gate=NO_CONSUMABLE_VERTICAL_WINDOW|positive_delta_artifact_guard=BLOCKED_ARTIFACT_REVIEW|hr_validity_gate=NO_ACTIVITY_LEVEL_HR_CONTEXT,RETAIN_AS_DESCRIPTIVE_VERTICAL_CONTEXT,NOT_PLOTTED_DESCRIPTIVE_ANNOTATION_ONLY,text annotation describing limited uphill-load evidence,numeric radar axis value|standalone ability ranking|score generation|medical diagnosis,"CH6.5.5 personal ability radar data table v1 is a governed data-table layer only. It converts an axis contract and activity/person evidence into per-activity per-axis rows for future visualization. It does not create a radar plot and does not compute or authorize radar scores, ability scores, ability ranks, ability classes, THCI scores, final hiking risk scores, route suitability scores, go/no-go decisions, medical diagnoses, or causality claims."
13,13_1,RADAR_BASELINE_ACTIVITY,hr_load_management_recovery,HR負荷管理與恢復能力,DESCRIPTIVE_ANNOTATION,ALLOW_TEXT_ANNOTATION_ONLY,HR lifecycle / recovery evidence exists for this activity; retained as non-medical context only.,HR evidence depends on device validity and estimated HRmax; it should not be a medical or standalone ability axis.,baseline_population_gate=PASS|hr_validity_gate=NO_ACTIVITY_LEVEL_HR_CONTEXT,TEXT_CONTEXT_ONLY,NOT_PLOTTED_DESCRIPTIVE_ANNOTATION_ONLY,load-management annotation and evidence context,medical diagnosis|standalone ability axis|rank|class,"CH6.5.5 personal ability radar data table v1 is a governed data-table layer only. It converts an axis contract and activity/person evidence into per-activity per-axis rows for future visualization. It does not create a radar plot and does not compute or authorize radar scores, ability scores, ability ranks, ability classes, THCI scores, final hiking risk scores, route suitability scores, go/no-go decisions, medical diagnoses, or causality claims."
13,13_1,RADAR_BASELINE_ACTIVITY,weather_performance_maintenance,天候條件下表現維持,DESCRIPTIVE_ANNOTATION,ALLOW_TEXT_ANNOTATION_ONLY,Weather context is available at summary level but not resolved to this activity row; retain as descriptive annotation.,Weather evidence remains context / proxy and does not isolate weather tolerance as a personal ability.,baseline_population_gate=PASS|weather_context_gate=SUMMARY_CONTEXT_ONLY,LIMITED_PROXY_OR_INSUFFICIENT_IF_WEATHER_CONTEXT_MISSING,NOT_PLOTTED_DESCRIPTIVE_ANNOTATION_ONLY,weather-context annotation,weather tolerance score|go/no-go decision|risk score,"CH6.5.5 personal ability radar data table v1 is a governed data-table layer only. It converts an axis contract and activity/person evidence into per-activity per-axis rows for future visualization. It does not create a radar plot and does not compute or authorize radar scores, ability scores, ability ranks, ability classes, THCI scores, final hiking risk scores, route suitability scores, go/no-go decisions, medical diagnoses, or causality claims."
13,13_1,RADAR_BASELINE_ACTIVITY,deviation_correction_ability,偏離修正能力,MISSING_EVIDENCE_ANNOTATION,SHOW_AS_INSUFFICIENT_EVIDENCE,"No formal field currently measures deviation, correction latency, backtracking, or rejoin behavior.","No formal field currently measures deviation, correction latency, backtracking, or rejoin behavior.",baseline_population_gate=PASS|route_continuity_300s_gate=POLICY_ACTIVE_CONSUMABLE_WINDOWS_0,INSUFFICIENT_EVIDENCE,NOT_PLOTTED_MISSING_EVIDENCE_ANNOTATION,missing-evidence annotation,numeric deviation-correction ability axis|navigation score|rank,"CH6.5.5 personal ability radar data table v1 is a governed data-table layer only. It converts an axis contract and activity/person evidence into per-activity per-axis rows for future visualization. It does not create a radar plot and does not compute or authorize radar scores, ability scores, ability ranks, ability classes, THCI scores, final hiking risk scores, route suitability scores, go/no-go decisions, medical diagnoses, or causality claims."
13,13_1,RADAR_BASELINE_ACTIVITY,risk_response_experience,風險應對經驗,MISSING_EVIDENCE_ANNOTATION,SHOW_AS_INSUFFICIENT_EVIDENCE,"Current evidence does not formally observe risk recognition, avoidance, fallback, or decision behavior.","Current evidence does not formally observe risk recognition, avoidance, fallback, or decision behavior.",baseline_population_gate=PASS,INSUFFICIENT_EVIDENCE,NOT_PLOTTED_MISSING_EVIDENCE_ANNOTATION,missing-evidence annotation,risk handling score|safety decision|go/no-go decision,"CH6.5.5 personal ability radar data table v1 is a governed data-table layer only. It converts an axis contract and activity/person evidence into per-activity per-axis rows for future visualization. It does not create a radar plot and does not compute or authorize radar scores, ability scores, ability ranks, ability classes, THCI scores, final hiking risk scores, route suitability scores, go/no-go decisions, medical diagnoses, or causality claims."
13,13_1,RADAR_BASELINE_ACTIVITY,autonomous_completion_readiness,自主完成能力,DESCRIPTIVE_ANNOTATION,ALLOW_TEXT_ANNOTATION_ONLY,Route-load readiness / completion context exists; it is not proof of autonomous self-sufficiency. readiness_review_gate=EARLY_CHECKPOINT_REVIEW_REQUIRED; completion_time_min=138.35.,"Completion evidence does not prove autonomous navigation, supply, equipment, or team-support independence.",baseline_population_gate=PASS,LIMITED_PROXY_OR_INSUFFICIENT_IF_COMPLETION_CONTEXT_MISSING,NOT_PLOTTED_DESCRIPTIVE_ANNOTATION_ONLY,completion-context annotation,self-sufficiency score|route suitability score|go/no-go decision,"CH6.5.5 personal ability radar data table v1 is a governed data-table layer only. It converts an axis contract and activity/person evidence into per-activity per-axis rows for future visualization. It does not create a radar plot and does not compute or authorize radar scores, ability scores, ability ranks, ability classes, THCI scores, final hiking risk scores, route suitability scores, go/no-go decisions, medical diagnoses, or causality claims."
13,13_1,RADAR_BASELINE_ACTIVITY,supply_equipment_support,補給／裝備支援,MISSING_EVIDENCE_ANNOTATION,SHOW_AS_INSUFFICIENT_EVIDENCE,"No personal supply, equipment, hydration, nutrition, packing, or support data is available.","No personal supply, equipment, hydration, nutrition, packing, or support data is available.",NO_REQUIRED_GATE,INSUFFICIENT_EVIDENCE,NOT_PLOTTED_MISSING_EVIDENCE_ANNOTATION,missing-evidence annotation,equipment readiness score|preparedness class|go/no-go decision,"CH6.5.5 personal ability radar data table v1 is a governed data-table layer only. It converts an axis contract and activity/person evidence into per-activity per-axis rows for future visualization. It does not create a radar plot and does not compute or authorize radar scores, ability scores, ability ranks, ability classes, THCI scores, final hiking risk scores, route suitability scores, go/no-go decisions, medical diagnoses, or causality claims."
14,14_1,RADAR_BASELINE_ACTIVITY,endurance_sustained_movement,持續耐力,DESCRIPTIVE_ANNOTATION,ALLOW_TEXT_ANNOTATION_ONLY,300s horizontal evidence is descriptive only. valid_windows=0; consumable_windows=0; p90_speed_mps=.,Horizontal 300s evidence covers only limited baseline activities; admission review did not admit it as standalone radar axis.,baseline_population_gate=PASS|route_continuity_300s_gate=NO_CONSUMABLE_HORIZONTAL_WINDOW,RETAIN_AS_DESCRIPTIVE_SUPPORTING_EVIDENCE,NOT_PLOTTED_DESCRIPTIVE_ANNOTATION_ONLY,text annotation describing limited sustained-movement evidence,numeric radar axis value|standalone ability ranking|score generation,"CH6.5.5 personal ability radar data table v1 is a governed data-table layer only. It converts an axis contract and activity/person evidence into per-activity per-axis rows for future visualization. It does not create a radar plot and does not compute or authorize radar scores, ability scores, ability ranks, ability classes, THCI scores, final hiking risk scores, route suitability scores, go/no-go decisions, medical diagnoses, or causality claims."
14,14_1,RADAR_BASELINE_ACTIVITY,uphill_load_tolerance,上坡負荷承受力,DESCRIPTIVE_ANNOTATION,ALLOW_TEXT_ANNOTATION_ONLY,300s vertical evidence is descriptive only. valid_windows=0; consumable_windows=0; p90_vam_mph=; p90_gain_m=.,Vertical 300s evidence covers limited baseline activities and is not admitted as standalone radar axis.,baseline_population_gate=PASS|route_continuity_300s_gate=NO_CONSUMABLE_VERTICAL_WINDOW|positive_delta_artifact_guard=BLOCKED_ARTIFACT_REVIEW|hr_validity_gate=NO_ACTIVITY_LEVEL_HR_CONTEXT,RETAIN_AS_DESCRIPTIVE_VERTICAL_CONTEXT,NOT_PLOTTED_DESCRIPTIVE_ANNOTATION_ONLY,text annotation describing limited uphill-load evidence,numeric radar axis value|standalone ability ranking|score generation|medical diagnosis,"CH6.5.5 personal ability radar data table v1 is a governed data-table layer only. It converts an axis contract and activity/person evidence into per-activity per-axis rows for future visualization. It does not create a radar plot and does not compute or authorize radar scores, ability scores, ability ranks, ability classes, THCI scores, final hiking risk scores, route suitability scores, go/no-go decisions, medical diagnoses, or causality claims."
14,14_1,RADAR_BASELINE_ACTIVITY,hr_load_management_recovery,HR負荷管理與恢復能力,DESCRIPTIVE_ANNOTATION,ALLOW_TEXT_ANNOTATION_ONLY,HR lifecycle / recovery evidence exists for this activity; retained as non-medical context only.,HR evidence depends on device validity and estimated HRmax; it should not be a medical or standalone ability axis.,baseline_population_gate=PASS|hr_validity_gate=NO_ACTIVITY_LEVEL_HR_CONTEXT,TEXT_CONTEXT_ONLY,NOT_PLOTTED_DESCRIPTIVE_ANNOTATION_ONLY,load-management annotation and evidence context,medical diagnosis|standalone ability axis|rank|class,"CH6.5.5 personal ability radar data table v1 is a governed data-table layer only. It converts an axis contract and activity/person evidence into per-activity per-axis rows for future visualization. It does not create a radar plot and does not compute or authorize radar scores, ability scores, ability ranks, ability classes, THCI scores, final hiking risk scores, route suitability scores, go/no-go decisions, medical diagnoses, or causality claims."
14,14_1,RADAR_BASELINE_ACTIVITY,weather_performance_maintenance,天候條件下表現維持,DESCRIPTIVE_ANNOTATION,ALLOW_TEXT_ANNOTATION_ONLY,Weather context is available at summary level but not resolved to this activity row; retain as descriptive annotation.,Weather evidence remains context / proxy and does not isolate weather tolerance as a personal ability.,baseline_population_gate=PASS|weather_context_gate=SUMMARY_CONTEXT_ONLY,LIMITED_PROXY_OR_INSUFFICIENT_IF_WEATHER_CONTEXT_MISSING,NOT_PLOTTED_DESCRIPTIVE_ANNOTATION_ONLY,weather-context annotation,weather tolerance score|go/no-go decision|risk score,"CH6.5.5 personal ability radar data table v1 is a governed data-table layer only. It converts an axis contract and activity/person evidence into per-activity per-axis rows for future visualization. It does not create a radar plot and does not compute or authorize radar scores, ability scores, ability ranks, ability classes, THCI scores, final hiking risk scores, route suitability scores, go/no-go decisions, medical diagnoses, or causality claims."
14,14_1,RADAR_BASELINE_ACTIVITY,deviation_correction_ability,偏離修正能力,MISSING_EVIDENCE_ANNOTATION,SHOW_AS_INSUFFICIENT_EVIDENCE,"No formal field currently measures deviation, correction latency, backtracking, or rejoin behavior.","No formal field currently measures deviation, correction latency, backtracking, or rejoin behavior.",baseline_population_gate=PASS|route_continuity_300s_gate=POLICY_ACTIVE_CONSUMABLE_WINDOWS_0,INSUFFICIENT_EVIDENCE,NOT_PLOTTED_MISSING_EVIDENCE_ANNOTATION,missing-evidence annotation,numeric deviation-correction ability axis|navigation score|rank,"CH6.5.5 personal ability radar data table v1 is a governed data-table layer only. It converts an axis contract and activity/person evidence into per-activity per-axis rows for future visualization. It does not create a radar plot and does not compute or authorize radar scores, ability scores, ability ranks, ability classes, THCI scores, final hiking risk scores, route suitability scores, go/no-go decisions, medical diagnoses, or causality claims."
14,14_1,RADAR_BASELINE_ACTIVITY,risk_response_experience,風險應對經驗,MISSING_EVIDENCE_ANNOTATION,SHOW_AS_INSUFFICIENT_EVIDENCE,"Current evidence does not formally observe risk recognition, avoidance, fallback, or decision behavior.","Current evidence does not formally observe risk recognition, avoidance, fallback, or decision behavior.",baseline_population_gate=PASS,INSUFFICIENT_EVIDENCE,NOT_PLOTTED_MISSING_EVIDENCE_ANNOTATION,missing-evidence annotation,risk handling score|safety decision|go/no-go decision,"CH6.5.5 personal ability radar data table v1 is a governed data-table layer only. It converts an axis contract and activity/person evidence into per-activity per-axis rows for future visualization. It does not create a radar plot and does not compute or authorize radar scores, ability scores, ability ranks, ability classes, THCI scores, final hiking risk scores, route suitability scores, go/no-go decisions, medical diagnoses, or causality claims."
14,14_1,RADAR_BASELINE_ACTIVITY,autonomous_completion_readiness,自主完成能力,DESCRIPTIVE_ANNOTATION,ALLOW_TEXT_ANNOTATION_ONLY,Route-load readiness / completion context exists; it is not proof of autonomous self-sufficiency. readiness_review_gate=EARLY_CHECKPOINT_REVIEW_REQUIRED; completion_time_min=119.6667.,"Completion evidence does not prove autonomous navigation, supply, equipment, or team-support independence.",baseline_population_gate=PASS,LIMITED_PROXY_OR_INSUFFICIENT_IF_COMPLETION_CONTEXT_MISSING,NOT_PLOTTED_DESCRIPTIVE_ANNOTATION_ONLY,completion-context annotation,self-sufficiency score|route suitability score|go/no-go decision,"CH6.5.5 personal ability radar data table v1 is a governed data-table layer only. It converts an axis contract and activity/person evidence into per-activity per-axis rows for future visualization. It does not create a radar plot and does not compute or authorize radar scores, ability scores, ability ranks, ability classes, THCI scores, final hiking risk scores, route suitability scores, go/no-go decisions, medical diagnoses, or causality claims."
14,14_1,RADAR_BASELINE_ACTIVITY,supply_equipment_support,補給／裝備支援,MISSING_EVIDENCE_ANNOTATION,SHOW_AS_INSUFFICIENT_EVIDENCE,"No personal supply, equipment, hydration, nutrition, packing, or support data is available.","No personal supply, equipment, hydration, nutrition, packing, or support data is available.",NO_REQUIRED_GATE,INSUFFICIENT_EVIDENCE,NOT_PLOTTED_MISSING_EVIDENCE_ANNOTATION,missing-evidence annotation,equipment readiness score|preparedness class|go/no-go decision,"CH6.5.5 personal ability radar data table v1 is a governed data-table layer only. It converts an axis contract and activity/person evidence into per-activity per-axis rows for future visualization. It does not create a radar plot and does not compute or authorize radar scores, ability scores, ability ranks, ability classes, THCI scores, final hiking risk scores, route suitability scores, go/no-go decisions, medical diagnoses, or causality claims."
15,15_1,RADAR_BASELINE_ACTIVITY,endurance_sustained_movement,持續耐力,DESCRIPTIVE_ANNOTATION,ALLOW_TEXT_ANNOTATION_ONLY,300s horizontal evidence is descriptive only. valid_windows=0; consumable_windows=0; p90_speed_mps=.,Horizontal 300s evidence covers only limited baseline activities; admission review did not admit it as standalone radar axis.,baseline_population_gate=PASS|route_continuity_300s_gate=NO_CONSUMABLE_HORIZONTAL_WINDOW,RETAIN_AS_DESCRIPTIVE_SUPPORTING_EVIDENCE,NOT_PLOTTED_DESCRIPTIVE_ANNOTATION_ONLY,text annotation describing limited sustained-movement evidence,numeric radar axis value|standalone ability ranking|score generation,"CH6.5.5 personal ability radar data table v1 is a governed data-table layer only. It converts an axis contract and activity/person evidence into per-activity per-axis rows for future visualization. It does not create a radar plot and does not compute or authorize radar scores, ability scores, ability ranks, ability classes, THCI scores, final hiking risk scores, route suitability scores, go/no-go decisions, medical diagnoses, or causality claims."
15,15_1,RADAR_BASELINE_ACTIVITY,uphill_load_tolerance,上坡負荷承受力,DESCRIPTIVE_ANNOTATION,ALLOW_TEXT_ANNOTATION_ONLY,300s vertical evidence is descriptive only. valid_windows=0; consumable_windows=0; p90_vam_mph=; p90_gain_m=.,Vertical 300s evidence covers limited baseline activities and is not admitted as standalone radar axis.,baseline_population_gate=PASS|route_continuity_300s_gate=NO_CONSUMABLE_VERTICAL_WINDOW|positive_delta_artifact_guard=BLOCKED_ARTIFACT_REVIEW|hr_validity_gate=NO_ACTIVITY_LEVEL_HR_CONTEXT,RETAIN_AS_DESCRIPTIVE_VERTICAL_CONTEXT,NOT_PLOTTED_DESCRIPTIVE_ANNOTATION_ONLY,text annotation describing limited uphill-load evidence,numeric radar axis value|standalone ability ranking|score generation|medical diagnosis,"CH6.5.5 personal ability radar data table v1 is a governed data-table layer only. It converts an axis contract and activity/person evidence into per-activity per-axis rows for future visualization. It does not create a radar plot and does not compute or authorize radar scores, ability scores, ability ranks, ability classes, THCI scores, final hiking risk scores, route suitability scores, go/no-go decisions, medical diagnoses, or causality claims."
15,15_1,RADAR_BASELINE_ACTIVITY,hr_load_management_recovery,HR負荷管理與恢復能力,DESCRIPTIVE_ANNOTATION,ALLOW_TEXT_ANNOTATION_ONLY,HR lifecycle / recovery evidence exists for this activity; retained as non-medical context only.,HR evidence depends on device validity and estimated HRmax; it should not be a medical or standalone ability axis.,baseline_population_gate=PASS|hr_validity_gate=NO_ACTIVITY_LEVEL_HR_CONTEXT,TEXT_CONTEXT_ONLY,NOT_PLOTTED_DESCRIPTIVE_ANNOTATION_ONLY,load-management annotation and evidence context,medical diagnosis|standalone ability axis|rank|class,"CH6.5.5 personal ability radar data table v1 is a governed data-table layer only. It converts an axis contract and activity/person evidence into per-activity per-axis rows for future visualization. It does not create a radar plot and does not compute or authorize radar scores, ability scores, ability ranks, ability classes, THCI scores, final hiking risk scores, route suitability scores, go/no-go decisions, medical diagnoses, or causality claims."
15,15_1,RADAR_BASELINE_ACTIVITY,weather_performance_maintenance,天候條件下表現維持,DESCRIPTIVE_ANNOTATION,ALLOW_TEXT_ANNOTATION_ONLY,Weather context is available at summary level but not resolved to this activity row; retain as descriptive annotation.,Weather evidence remains context / proxy and does not isolate weather tolerance as a personal ability.,baseline_population_gate=PASS|weather_context_gate=SUMMARY_CONTEXT_ONLY,LIMITED_PROXY_OR_INSUFFICIENT_IF_WEATHER_CONTEXT_MISSING,NOT_PLOTTED_DESCRIPTIVE_ANNOTATION_ONLY,weather-context annotation,weather tolerance score|go/no-go decision|risk score,"CH6.5.5 personal ability radar data table v1 is a governed data-table layer only. It converts an axis contract and activity/person evidence into per-activity per-axis rows for future visualization. It does not create a radar plot and does not compute or authorize radar scores, ability scores, ability ranks, ability classes, THCI scores, final hiking risk scores, route suitability scores, go/no-go decisions, medical diagnoses, or causality claims."
15,15_1,RADAR_BASELINE_ACTIVITY,deviation_correction_ability,偏離修正能力,MISSING_EVIDENCE_ANNOTATION,SHOW_AS_INSUFFICIENT_EVIDENCE,"No formal field currently measures deviation, correction latency, backtracking, or rejoin behavior.","No formal field currently measures deviation, correction latency, backtracking, or rejoin behavior.",baseline_population_gate=PASS|route_continuity_300s_gate=POLICY_ACTIVE_CONSUMABLE_WINDOWS_0,INSUFFICIENT_EVIDENCE,NOT_PLOTTED_MISSING_EVIDENCE_ANNOTATION,missing-evidence annotation,numeric deviation-correction ability axis|navigation score|rank,"CH6.5.5 personal ability radar data table v1 is a governed data-table layer only. It converts an axis contract and activity/person evidence into per-activity per-axis rows for future visualization. It does not create a radar plot and does not compute or authorize radar scores, ability scores, ability ranks, ability classes, THCI scores, final hiking risk scores, route suitability scores, go/no-go decisions, medical diagnoses, or causality claims."
15,15_1,RADAR_BASELINE_ACTIVITY,risk_response_experience,風險應對經驗,MISSING_EVIDENCE_ANNOTATION,SHOW_AS_INSUFFICIENT_EVIDENCE,"Current evidence does not formally observe risk recognition, avoidance, fallback, or decision behavior.","Current evidence does not formally observe risk recognition, avoidance, fallback, or decision behavior.",baseline_population_gate=PASS,INSUFFICIENT_EVIDENCE,NOT_PLOTTED_MISSING_EVIDENCE_ANNOTATION,missing-evidence annotation,risk handling score|safety decision|go/no-go decision,"CH6.5.5 personal ability radar data table v1 is a governed data-table layer only. It converts an axis contract and activity/person evidence into per-activity per-axis rows for future visualization. It does not create a radar plot and does not compute or authorize radar scores, ability scores, ability ranks, ability classes, THCI scores, final hiking risk scores, route suitability scores, go/no-go decisions, medical diagnoses, or causality claims."
15,15_1,RADAR_BASELINE_ACTIVITY,autonomous_completion_readiness,自主完成能力,DESCRIPTIVE_ANNOTATION,ALLOW_TEXT_ANNOTATION_ONLY,Route-load readiness / completion context exists; it is not proof of autonomous self-sufficiency. readiness_review_gate=CONSERVATIVE_PACING_RECOMMENDED; completion_time_min=115.9167.,"Completion evidence does not prove autonomous navigation, supply, equipment, or team-support independence.",baseline_population_gate=PASS,LIMITED_PROXY_OR_INSUFFICIENT_IF_COMPLETION_CONTEXT_MISSING,NOT_PLOTTED_DESCRIPTIVE_ANNOTATION_ONLY,completion-context annotation,self-sufficiency score|route suitability score|go/no-go decision,"CH6.5.5 personal ability radar data table v1 is a governed data-table layer only. It converts an axis contract and activity/person evidence into per-activity per-axis rows for future visualization. It does not create a radar plot and does not compute or authorize radar scores, ability scores, ability ranks, ability classes, THCI scores, final hiking risk scores, route suitability scores, go/no-go decisions, medical diagnoses, or causality claims."
15,15_1,RADAR_BASELINE_ACTIVITY,supply_equipment_support,補給／裝備支援,MISSING_EVIDENCE_ANNOTATION,SHOW_AS_INSUFFICIENT_EVIDENCE,"No personal supply, equipment, hydration, nutrition, packing, or support data is available.","No personal supply, equipment, hydration, nutrition, packing, or support data is available.",NO_REQUIRED_GATE,INSUFFICIENT_EVIDENCE,NOT_PLOTTED_MISSING_EVIDENCE_ANNOTATION,missing-evidence annotation,equipment readiness score|preparedness class|go/no-go decision,"CH6.5.5 personal ability radar data table v1 is a governed data-table layer only. It converts an axis contract and activity/person evidence into per-activity per-axis rows for future visualization. It does not create a radar plot and does not compute or authorize radar scores, ability scores, ability ranks, ability classes, THCI scores, final hiking risk scores, route suitability scores, go/no-go decisions, medical diagnoses, or causality claims."
16,16_1,RADAR_BASELINE_ACTIVITY,endurance_sustained_movement,持續耐力,DESCRIPTIVE_ANNOTATION,ALLOW_TEXT_ANNOTATION_ONLY,300s horizontal evidence is descriptive only. valid_windows=0; consumable_windows=0; p90_speed_mps=.,Horizontal 300s evidence covers only limited baseline activities; admission review did not admit it as standalone radar axis.,baseline_population_gate=PASS|route_continuity_300s_gate=NO_CONSUMABLE_HORIZONTAL_WINDOW,RETAIN_AS_DESCRIPTIVE_SUPPORTING_EVIDENCE,NOT_PLOTTED_DESCRIPTIVE_ANNOTATION_ONLY,text annotation describing limited sustained-movement evidence,numeric radar axis value|standalone ability ranking|score generation,"CH6.5.5 personal ability radar data table v1 is a governed data-table layer only. It converts an axis contract and activity/person evidence into per-activity per-axis rows for future visualization. It does not create a radar plot and does not compute or authorize radar scores, ability scores, ability ranks, ability classes, THCI scores, final hiking risk scores, route suitability scores, go/no-go decisions, medical diagnoses, or causality claims."
16,16_1,RADAR_BASELINE_ACTIVITY,uphill_load_tolerance,上坡負荷承受力,DESCRIPTIVE_ANNOTATION,ALLOW_TEXT_ANNOTATION_ONLY,300s vertical evidence is descriptive only. valid_windows=0; consumable_windows=0; p90_vam_mph=; p90_gain_m=.,Vertical 300s evidence covers limited baseline activities and is not admitted as standalone radar axis.,baseline_population_gate=PASS|route_continuity_300s_gate=NO_CONSUMABLE_VERTICAL_WINDOW|positive_delta_artifact_guard=BLOCKED_ARTIFACT_REVIEW|hr_validity_gate=NO_ACTIVITY_LEVEL_HR_CONTEXT,RETAIN_AS_DESCRIPTIVE_VERTICAL_CONTEXT,NOT_PLOTTED_DESCRIPTIVE_ANNOTATION_ONLY,text annotation describing limited uphill-load evidence,numeric radar axis value|standalone ability ranking|score generation|medical diagnosis,"CH6.5.5 personal ability radar data table v1 is a governed data-table layer only. It converts an axis contract and activity/person evidence into per-activity per-axis rows for future visualization. It does not create a radar plot and does not compute or authorize radar scores, ability scores, ability ranks, ability classes, THCI scores, final hiking risk scores, route suitability scores, go/no-go decisions, medical diagnoses, or causality claims."
16,16_1,RADAR_BASELINE_ACTIVITY,hr_load_management_recovery,HR負荷管理與恢復能力,DESCRIPTIVE_ANNOTATION,ALLOW_TEXT_ANNOTATION_ONLY,HR lifecycle / recovery evidence exists for this activity; retained as non-medical context only.,HR evidence depends on device validity and estimated HRmax; it should not be a medical or standalone ability axis.,baseline_population_gate=PASS|hr_validity_gate=NO_ACTIVITY_LEVEL_HR_CONTEXT,TEXT_CONTEXT_ONLY,NOT_PLOTTED_DESCRIPTIVE_ANNOTATION_ONLY,load-management annotation and evidence context,medical diagnosis|standalone ability axis|rank|class,"CH6.5.5 personal ability radar data table v1 is a governed data-table layer only. It converts an axis contract and activity/person evidence into per-activity per-axis rows for future visualization. It does not create a radar plot and does not compute or authorize radar scores, ability scores, ability ranks, ability classes, THCI scores, final hiking risk scores, route suitability scores, go/no-go decisions, medical diagnoses, or causality claims."
16,16_1,RADAR_BASELINE_ACTIVITY,weather_performance_maintenance,天候條件下表現維持,DESCRIPTIVE_ANNOTATION,ALLOW_TEXT_ANNOTATION_ONLY,Weather context is available at summary level but not resolved to this activity row; retain as descriptive annotation.,Weather evidence remains context / proxy and does not isolate weather tolerance as a personal ability.,baseline_population_gate=PASS|weather_context_gate=SUMMARY_CONTEXT_ONLY,LIMITED_PROXY_OR_INSUFFICIENT_IF_WEATHER_CONTEXT_MISSING,NOT_PLOTTED_DESCRIPTIVE_ANNOTATION_ONLY,weather-context annotation,weather tolerance score|go/no-go decision|risk score,"CH6.5.5 personal ability radar data table v1 is a governed data-table layer only. It converts an axis contract and activity/person evidence into per-activity per-axis rows for future visualization. It does not create a radar plot and does not compute or authorize radar scores, ability scores, ability ranks, ability classes, THCI scores, final hiking risk scores, route suitability scores, go/no-go decisions, medical diagnoses, or causality claims."
16,16_1,RADAR_BASELINE_ACTIVITY,deviation_correction_ability,偏離修正能力,MISSING_EVIDENCE_ANNOTATION,SHOW_AS_INSUFFICIENT_EVIDENCE,"No formal field currently measures deviation, correction latency, backtracking, or rejoin behavior.","No formal field currently measures deviation, correction latency, backtracking, or rejoin behavior.",baseline_population_gate=PASS|route_continuity_300s_gate=POLICY_ACTIVE_CONSUMABLE_WINDOWS_0,INSUFFICIENT_EVIDENCE,NOT_PLOTTED_MISSING_EVIDENCE_ANNOTATION,missing-evidence annotation,numeric deviation-correction ability axis|navigation score|rank,"CH6.5.5 personal ability radar data table v1 is a governed data-table layer only. It converts an axis contract and activity/person evidence into per-activity per-axis rows for future visualization. It does not create a radar plot and does not compute or authorize radar scores, ability scores, ability ranks, ability classes, THCI scores, final hiking risk scores, route suitability scores, go/no-go decisions, medical diagnoses, or causality claims."
16,16_1,RADAR_BASELINE_ACTIVITY,risk_response_experience,風險應對經驗,MISSING_EVIDENCE_ANNOTATION,SHOW_AS_INSUFFICIENT_EVIDENCE,"Current evidence does not formally observe risk recognition, avoidance, fallback, or decision behavior.","Current evidence does not formally observe risk recognition, avoidance, fallback, or decision behavior.",baseline_population_gate=PASS,INSUFFICIENT_EVIDENCE,NOT_PLOTTED_MISSING_EVIDENCE_ANNOTATION,missing-evidence annotation,risk handling score|safety decision|go/no-go decision,"CH6.5.5 personal ability radar data table v1 is a governed data-table layer only. It converts an axis contract and activity/person evidence into per-activity per-axis rows for future visualization. It does not create a radar plot and does not compute or authorize radar scores, ability scores, ability ranks, ability classes, THCI scores, final hiking risk scores, route suitability scores, go/no-go decisions, medical diagnoses, or causality claims."
16,16_1,RADAR_BASELINE_ACTIVITY,autonomous_completion_readiness,自主完成能力,DESCRIPTIVE_ANNOTATION,ALLOW_TEXT_ANNOTATION_ONLY,Route-load readiness / completion context exists; it is not proof of autonomous self-sufficiency. readiness_review_gate=CONSERVATIVE_PACING_RECOMMENDED; completion_time_min=169.75.,"Completion evidence does not prove autonomous navigation, supply, equipment, or team-support independence.",baseline_population_gate=PASS,LIMITED_PROXY_OR_INSUFFICIENT_IF_COMPLETION_CONTEXT_MISSING,NOT_PLOTTED_DESCRIPTIVE_ANNOTATION_ONLY,completion-context annotation,self-sufficiency score|route suitability score|go/no-go decision,"CH6.5.5 personal ability radar data table v1 is a governed data-table layer only. It converts an axis contract and activity/person evidence into per-activity per-axis rows for future visualization. It does not create a radar plot and does not compute or authorize radar scores, ability scores, ability ranks, ability classes, THCI scores, final hiking risk scores, route suitability scores, go/no-go decisions, medical diagnoses, or causality claims."
16,16_1,RADAR_BASELINE_ACTIVITY,supply_equipment_support,補給／裝備支援,MISSING_EVIDENCE_ANNOTATION,SHOW_AS_INSUFFICIENT_EVIDENCE,"No personal supply, equipment, hydration, nutrition, packing, or support data is available.","No personal supply, equipment, hydration, nutrition, packing, or support data is available.",NO_REQUIRED_GATE,INSUFFICIENT_EVIDENCE,NOT_PLOTTED_MISSING_EVIDENCE_ANNOTATION,missing-evidence annotation,equipment readiness score|preparedness class|go/no-go decision,"CH6.5.5 personal ability radar data table v1 is a governed data-table layer only. It converts an axis contract and activity/person evidence into per-activity per-axis rows for future visualization. It does not create a radar plot and does not compute or authorize radar scores, ability scores, ability ranks, ability classes, THCI scores, final hiking risk scores, route suitability scores, go/no-go decisions, medical diagnoses, or causality claims."
20,20_1,RADAR_BASELINE_ACTIVITY,endurance_sustained_movement,持續耐力,DESCRIPTIVE_ANNOTATION,ALLOW_TEXT_ANNOTATION_ONLY,300s horizontal evidence is descriptive only. valid_windows=0; consumable_windows=0; p90_speed_mps=.,Horizontal 300s evidence covers only limited baseline activities; admission review did not admit it as standalone radar axis.,baseline_population_gate=PASS|route_continuity_300s_gate=NO_CONSUMABLE_HORIZONTAL_WINDOW,RETAIN_AS_DESCRIPTIVE_SUPPORTING_EVIDENCE,NOT_PLOTTED_DESCRIPTIVE_ANNOTATION_ONLY,text annotation describing limited sustained-movement evidence,numeric radar axis value|standalone ability ranking|score generation,"CH6.5.5 personal ability radar data table v1 is a governed data-table layer only. It converts an axis contract and activity/person evidence into per-activity per-axis rows for future visualization. It does not create a radar plot and does not compute or authorize radar scores, ability scores, ability ranks, ability classes, THCI scores, final hiking risk scores, route suitability scores, go/no-go decisions, medical diagnoses, or causality claims."
20,20_1,RADAR_BASELINE_ACTIVITY,uphill_load_tolerance,上坡負荷承受力,DESCRIPTIVE_ANNOTATION,ALLOW_TEXT_ANNOTATION_ONLY,300s vertical evidence is descriptive only. valid_windows=0; consumable_windows=0; p90_vam_mph=; p90_gain_m=.,Vertical 300s evidence covers limited baseline activities and is not admitted as standalone radar axis.,baseline_population_gate=PASS|route_continuity_300s_gate=NO_CONSUMABLE_VERTICAL_WINDOW|positive_delta_artifact_guard=BLOCKED_ARTIFACT_REVIEW|hr_validity_gate=NO_ACTIVITY_LEVEL_HR_CONTEXT,RETAIN_AS_DESCRIPTIVE_VERTICAL_CONTEXT,NOT_PLOTTED_DESCRIPTIVE_ANNOTATION_ONLY,text annotation describing limited uphill-load evidence,numeric radar axis value|standalone ability ranking|score generation|medical diagnosis,"CH6.5.5 personal ability radar data table v1 is a governed data-table layer only. It converts an axis contract and activity/person evidence into per-activity per-axis rows for future visualization. It does not create a radar plot and does not compute or authorize radar scores, ability scores, ability ranks, ability classes, THCI scores, final hiking risk scores, route suitability scores, go/no-go decisions, medical diagnoses, or causality claims."
20,20_1,RADAR_BASELINE_ACTIVITY,hr_load_management_recovery,HR負荷管理與恢復能力,DESCRIPTIVE_ANNOTATION,ALLOW_TEXT_ANNOTATION_ONLY,HR lifecycle / recovery evidence exists for this activity; retained as non-medical context only.,HR evidence depends on device validity and estimated HRmax; it should not be a medical or standalone ability axis.,baseline_population_gate=PASS|hr_validity_gate=NO_ACTIVITY_LEVEL_HR_CONTEXT,TEXT_CONTEXT_ONLY,NOT_PLOTTED_DESCRIPTIVE_ANNOTATION_ONLY,load-management annotation and evidence context,medical diagnosis|standalone ability axis|rank|class,"CH6.5.5 personal ability radar data table v1 is a governed data-table layer only. It converts an axis contract and activity/person evidence into per-activity per-axis rows for future visualization. It does not create a radar plot and does not compute or authorize radar scores, ability scores, ability ranks, ability classes, THCI scores, final hiking risk scores, route suitability scores, go/no-go decisions, medical diagnoses, or causality claims."
20,20_1,RADAR_BASELINE_ACTIVITY,weather_performance_maintenance,天候條件下表現維持,DESCRIPTIVE_ANNOTATION,ALLOW_TEXT_ANNOTATION_ONLY,Weather context is available at summary level but not resolved to this activity row; retain as descriptive annotation.,Weather evidence remains context / proxy and does not isolate weather tolerance as a personal ability.,baseline_population_gate=PASS|weather_context_gate=SUMMARY_CONTEXT_ONLY,LIMITED_PROXY_OR_INSUFFICIENT_IF_WEATHER_CONTEXT_MISSING,NOT_PLOTTED_DESCRIPTIVE_ANNOTATION_ONLY,weather-context annotation,weather tolerance score|go/no-go decision|risk score,"CH6.5.5 personal ability radar data table v1 is a governed data-table layer only. It converts an axis contract and activity/person evidence into per-activity per-axis rows for future visualization. It does not create a radar plot and does not compute or authorize radar scores, ability scores, ability ranks, ability classes, THCI scores, final hiking risk scores, route suitability scores, go/no-go decisions, medical diagnoses, or causality claims."
20,20_1,RADAR_BASELINE_ACTIVITY,deviation_correction_ability,偏離修正能力,MISSING_EVIDENCE_ANNOTATION,SHOW_AS_INSUFFICIENT_EVIDENCE,"No formal field currently measures deviation, correction latency, backtracking, or rejoin behavior.","No formal field currently measures deviation, correction latency, backtracking, or rejoin behavior.",baseline_population_gate=PASS|route_continuity_300s_gate=POLICY_ACTIVE_CONSUMABLE_WINDOWS_0,INSUFFICIENT_EVIDENCE,NOT_PLOTTED_MISSING_EVIDENCE_ANNOTATION,missing-evidence annotation,numeric deviation-correction ability axis|navigation score|rank,"CH6.5.5 personal ability radar data table v1 is a governed data-table layer only. It converts an axis contract and activity/person evidence into per-activity per-axis rows for future visualization. It does not create a radar plot and does not compute or authorize radar scores, ability scores, ability ranks, ability classes, THCI scores, final hiking risk scores, route suitability scores, go/no-go decisions, medical diagnoses, or causality claims."
20,20_1,RADAR_BASELINE_ACTIVITY,risk_response_experience,風險應對經驗,MISSING_EVIDENCE_ANNOTATION,SHOW_AS_INSUFFICIENT_EVIDENCE,"Current evidence does not formally observe risk recognition, avoidance, fallback, or decision behavior.","Current evidence does not formally observe risk recognition, avoidance, fallback, or decision behavior.",baseline_population_gate=PASS,INSUFFICIENT_EVIDENCE,NOT_PLOTTED_MISSING_EVIDENCE_ANNOTATION,missing-evidence annotation,risk handling score|safety decision|go/no-go decision,"CH6.5.5 personal ability radar data table v1 is a governed data-table layer only. It converts an axis contract and activity/person evidence into per-activity per-axis rows for future visualization. It does not create a radar plot and does not compute or authorize radar scores, ability scores, ability ranks, ability classes, THCI scores, final hiking risk scores, route suitability scores, go/no-go decisions, medical diagnoses, or causality claims."
20,20_1,RADAR_BASELINE_ACTIVITY,autonomous_completion_readiness,自主完成能力,DESCRIPTIVE_ANNOTATION,ALLOW_TEXT_ANNOTATION_ONLY,Route-load readiness / completion context exists; it is not proof of autonomous self-sufficiency. readiness_review_gate=EARLY_CHECKPOINT_REVIEW_REQUIRED; completion_time_min=149.95.,"Completion evidence does not prove autonomous navigation, supply, equipment, or team-support independence.",baseline_population_gate=PASS,LIMITED_PROXY_OR_INSUFFICIENT_IF_COMPLETION_CONTEXT_MISSING,NOT_PLOTTED_DESCRIPTIVE_ANNOTATION_ONLY,completion-context annotation,self-sufficiency score|route suitability score|go/no-go decision,"CH6.5.5 personal ability radar data table v1 is a governed data-table layer only. It converts an axis contract and activity/person evidence into per-activity per-axis rows for future visualization. It does not create a radar plot and does not compute or authorize radar scores, ability scores, ability ranks, ability classes, THCI scores, final hiking risk scores, route suitability scores, go/no-go decisions, medical diagnoses, or causality claims."
20,20_1,RADAR_BASELINE_ACTIVITY,supply_equipment_support,補給／裝備支援,MISSING_EVIDENCE_ANNOTATION,SHOW_AS_INSUFFICIENT_EVIDENCE,"No personal supply, equipment, hydration, nutrition, packing, or support data is available.","No personal supply, equipment, hydration, nutrition, packing, or support data is available.",NO_REQUIRED_GATE,INSUFFICIENT_EVIDENCE,NOT_PLOTTED_MISSING_EVIDENCE_ANNOTATION,missing-evidence annotation,equipment readiness score|preparedness class|go/no-go decision,"CH6.5.5 personal ability radar data table v1 is a governed data-table layer only. It converts an axis contract and activity/person evidence into per-activity per-axis rows for future visualization. It does not create a radar plot and does not compute or authorize radar scores, ability scores, ability ranks, ability classes, THCI scores, final hiking risk scores, route suitability scores, go/no-go decisions, medical diagnoses, or causality claims."
23,23_1,RADAR_BASELINE_ACTIVITY,endurance_sustained_movement,持續耐力,DESCRIPTIVE_ANNOTATION,ALLOW_TEXT_ANNOTATION_ONLY,300s horizontal evidence is descriptive only. valid_windows=3; consumable_windows=3; p90_speed_mps=1.858.,Horizontal 300s evidence covers only limited baseline activities; admission review did not admit it as standalone radar axis.,baseline_population_gate=PASS|route_continuity_300s_gate=PASS_HORIZONTAL,RETAIN_AS_DESCRIPTIVE_SUPPORTING_EVIDENCE,NOT_PLOTTED_DESCRIPTIVE_ANNOTATION_ONLY,text annotation describing limited sustained-movement evidence,numeric radar axis value|standalone ability ranking|score generation,"CH6.5.5 personal ability radar data table v1 is a governed data-table layer only. It converts an axis contract and activity/person evidence into per-activity per-axis rows for future visualization. It does not create a radar plot and does not compute or authorize radar scores, ability scores, ability ranks, ability classes, THCI scores, final hiking risk scores, route suitability scores, go/no-go decisions, medical diagnoses, or causality claims."
23,23_1,RADAR_BASELINE_ACTIVITY,uphill_load_tolerance,上坡負荷承受力,DESCRIPTIVE_ANNOTATION,ALLOW_TEXT_ANNOTATION_ONLY,300s vertical evidence is descriptive only. valid_windows=1; consumable_windows=1; p90_vam_mph=124.43999999999998; p90_gain_m=10.37.,Vertical 300s evidence covers limited baseline activities and is not admitted as standalone radar axis.,baseline_population_gate=PASS|route_continuity_300s_gate=PASS_VERTICAL|positive_delta_artifact_guard=PASS_VERTICAL_CONSUMABLE|hr_validity_gate=CONTEXT_AVAILABLE,RETAIN_AS_DESCRIPTIVE_VERTICAL_CONTEXT,NOT_PLOTTED_DESCRIPTIVE_ANNOTATION_ONLY,text annotation describing limited uphill-load evidence,numeric radar axis value|standalone ability ranking|score generation|medical diagnosis,"CH6.5.5 personal ability radar data table v1 is a governed data-table layer only. It converts an axis contract and activity/person evidence into per-activity per-axis rows for future visualization. It does not create a radar plot and does not compute or authorize radar scores, ability scores, ability ranks, ability classes, THCI scores, final hiking risk scores, route suitability scores, go/no-go decisions, medical diagnoses, or causality claims."
23,23_1,RADAR_BASELINE_ACTIVITY,hr_load_management_recovery,HR負荷管理與恢復能力,DESCRIPTIVE_ANNOTATION,ALLOW_TEXT_ANNOTATION_ONLY,HR lifecycle / recovery evidence exists for this activity; retained as non-medical context only.,HR evidence depends on device validity and estimated HRmax; it should not be a medical or standalone ability axis.,baseline_population_gate=PASS|hr_validity_gate=CONTEXT_AVAILABLE,TEXT_CONTEXT_ONLY,NOT_PLOTTED_DESCRIPTIVE_ANNOTATION_ONLY,load-management annotation and evidence context,medical diagnosis|standalone ability axis|rank|class,"CH6.5.5 personal ability radar data table v1 is a governed data-table layer only. It converts an axis contract and activity/person evidence into per-activity per-axis rows for future visualization. It does not create a radar plot and does not compute or authorize radar scores, ability scores, ability ranks, ability classes, THCI scores, final hiking risk scores, route suitability scores, go/no-go decisions, medical diagnoses, or causality claims."
23,23_1,RADAR_BASELINE_ACTIVITY,weather_performance_maintenance,天候條件下表現維持,DESCRIPTIVE_ANNOTATION,ALLOW_TEXT_ANNOTATION_ONLY,Weather context is available at summary level but not resolved to this activity row; retain as descriptive annotation.,Weather evidence remains context / proxy and does not isolate weather tolerance as a personal ability.,baseline_population_gate=PASS|weather_context_gate=SUMMARY_CONTEXT_ONLY,LIMITED_PROXY_OR_INSUFFICIENT_IF_WEATHER_CONTEXT_MISSING,NOT_PLOTTED_DESCRIPTIVE_ANNOTATION_ONLY,weather-context annotation,weather tolerance score|go/no-go decision|risk score,"CH6.5.5 personal ability radar data table v1 is a governed data-table layer only. It converts an axis contract and activity/person evidence into per-activity per-axis rows for future visualization. It does not create a radar plot and does not compute or authorize radar scores, ability scores, ability ranks, ability classes, THCI scores, final hiking risk scores, route suitability scores, go/no-go decisions, medical diagnoses, or causality claims."
23,23_1,RADAR_BASELINE_ACTIVITY,deviation_correction_ability,偏離修正能力,MISSING_EVIDENCE_ANNOTATION,SHOW_AS_INSUFFICIENT_EVIDENCE,"No formal field currently measures deviation, correction latency, backtracking, or rejoin behavior.","No formal field currently measures deviation, correction latency, backtracking, or rejoin behavior.",baseline_population_gate=PASS|route_continuity_300s_gate=POLICY_ACTIVE_CONSUMABLE_WINDOWS_4,INSUFFICIENT_EVIDENCE,NOT_PLOTTED_MISSING_EVIDENCE_ANNOTATION,missing-evidence annotation,numeric deviation-correction ability axis|navigation score|rank,"CH6.5.5 personal ability radar data table v1 is a governed data-table layer only. It converts an axis contract and activity/person evidence into per-activity per-axis rows for future visualization. It does not create a radar plot and does not compute or authorize radar scores, ability scores, ability ranks, ability classes, THCI scores, final hiking risk scores, route suitability scores, go/no-go decisions, medical diagnoses, or causality claims."
23,23_1,RADAR_BASELINE_ACTIVITY,risk_response_experience,風險應對經驗,MISSING_EVIDENCE_ANNOTATION,SHOW_AS_INSUFFICIENT_EVIDENCE,"Current evidence does not formally observe risk recognition, avoidance, fallback, or decision behavior.","Current evidence does not formally observe risk recognition, avoidance, fallback, or decision behavior.",baseline_population_gate=PASS,INSUFFICIENT_EVIDENCE,NOT_PLOTTED_MISSING_EVIDENCE_ANNOTATION,missing-evidence annotation,risk handling score|safety decision|go/no-go decision,"CH6.5.5 personal ability radar data table v1 is a governed data-table layer only. It converts an axis contract and activity/person evidence into per-activity per-axis rows for future visualization. It does not create a radar plot and does not compute or authorize radar scores, ability scores, ability ranks, ability classes, THCI scores, final hiking risk scores, route suitability scores, go/no-go decisions, medical diagnoses, or causality claims."
23,23_1,RADAR_BASELINE_ACTIVITY,autonomous_completion_readiness,自主完成能力,DESCRIPTIVE_ANNOTATION,ALLOW_TEXT_ANNOTATION_ONLY,Route-load readiness / completion context exists; it is not proof of autonomous self-sufficiency. readiness_review_gate=EARLY_CHECKPOINT_REVIEW_REQUIRED; completion_time_min=188.4.,"Completion evidence does not prove autonomous navigation, supply, equipment, or team-support independence.",baseline_population_gate=PASS,LIMITED_PROXY_OR_INSUFFICIENT_IF_COMPLETION_CONTEXT_MISSING,NOT_PLOTTED_DESCRIPTIVE_ANNOTATION_ONLY,completion-context annotation,self-sufficiency score|route suitability score|go/no-go decision,"CH6.5.5 personal ability radar data table v1 is a governed data-table layer only. It converts an axis contract and activity/person evidence into per-activity per-axis rows for future visualization. It does not create a radar plot and does not compute or authorize radar scores, ability scores, ability ranks, ability classes, THCI scores, final hiking risk scores, route suitability scores, go/no-go decisions, medical diagnoses, or causality claims."
23,23_1,RADAR_BASELINE_ACTIVITY,supply_equipment_support,補給／裝備支援,MISSING_EVIDENCE_ANNOTATION,SHOW_AS_INSUFFICIENT_EVIDENCE,"No personal supply, equipment, hydration, nutrition, packing, or support data is available.","No personal supply, equipment, hydration, nutrition, packing, or support data is available.",NO_REQUIRED_GATE,INSUFFICIENT_EVIDENCE,NOT_PLOTTED_MISSING_EVIDENCE_ANNOTATION,missing-evidence annotation,equipment readiness score|preparedness class|go/no-go decision,"CH6.5.5 personal ability radar data table v1 is a governed data-table layer only. It converts an axis contract and activity/person evidence into per-activity per-axis rows for future visualization. It does not create a radar plot and does not compute or authorize radar scores, ability scores, ability ranks, ability classes, THCI scores, final hiking risk scores, route suitability scores, go/no-go decisions, medical diagnoses, or causality claims."
28,28_1,RADAR_BASELINE_ACTIVITY,endurance_sustained_movement,持續耐力,DESCRIPTIVE_ANNOTATION,ALLOW_TEXT_ANNOTATION_ONLY,300s horizontal evidence is descriptive only. valid_windows=0; consumable_windows=0; p90_speed_mps=.,Horizontal 300s evidence covers only limited baseline activities; admission review did not admit it as standalone radar axis.,baseline_population_gate=PASS|route_continuity_300s_gate=NO_CONSUMABLE_HORIZONTAL_WINDOW,RETAIN_AS_DESCRIPTIVE_SUPPORTING_EVIDENCE,NOT_PLOTTED_DESCRIPTIVE_ANNOTATION_ONLY,text annotation describing limited sustained-movement evidence,numeric radar axis value|standalone ability ranking|score generation,"CH6.5.5 personal ability radar data table v1 is a governed data-table layer only. It converts an axis contract and activity/person evidence into per-activity per-axis rows for future visualization. It does not create a radar plot and does not compute or authorize radar scores, ability scores, ability ranks, ability classes, THCI scores, final hiking risk scores, route suitability scores, go/no-go decisions, medical diagnoses, or causality claims."
28,28_1,RADAR_BASELINE_ACTIVITY,uphill_load_tolerance,上坡負荷承受力,DESCRIPTIVE_ANNOTATION,ALLOW_TEXT_ANNOTATION_ONLY,300s vertical evidence is descriptive only. valid_windows=0; consumable_windows=0; p90_vam_mph=; p90_gain_m=.,Vertical 300s evidence covers limited baseline activities and is not admitted as standalone radar axis.,baseline_population_gate=PASS|route_continuity_300s_gate=NO_CONSUMABLE_VERTICAL_WINDOW|positive_delta_artifact_guard=BLOCKED_ARTIFACT_REVIEW|hr_validity_gate=NO_ACTIVITY_LEVEL_HR_CONTEXT,RETAIN_AS_DESCRIPTIVE_VERTICAL_CONTEXT,NOT_PLOTTED_DESCRIPTIVE_ANNOTATION_ONLY,text annotation describing limited uphill-load evidence,numeric radar axis value|standalone ability ranking|score generation|medical diagnosis,"CH6.5.5 personal ability radar data table v1 is a governed data-table layer only. It converts an axis contract and activity/person evidence into per-activity per-axis rows for future visualization. It does not create a radar plot and does not compute or authorize radar scores, ability scores, ability ranks, ability classes, THCI scores, final hiking risk scores, route suitability scores, go/no-go decisions, medical diagnoses, or causality claims."
28,28_1,RADAR_BASELINE_ACTIVITY,hr_load_management_recovery,HR負荷管理與恢復能力,DESCRIPTIVE_ANNOTATION,ALLOW_TEXT_ANNOTATION_ONLY,HR lifecycle / recovery evidence exists for this activity; retained as non-medical context only.,HR evidence depends on device validity and estimated HRmax; it should not be a medical or standalone ability axis.,baseline_population_gate=PASS|hr_validity_gate=NO_ACTIVITY_LEVEL_HR_CONTEXT,TEXT_CONTEXT_ONLY,NOT_PLOTTED_DESCRIPTIVE_ANNOTATION_ONLY,load-management annotation and evidence context,medical diagnosis|standalone ability axis|rank|class,"CH6.5.5 personal ability radar data table v1 is a governed data-table layer only. It converts an axis contract and activity/person evidence into per-activity per-axis rows for future visualization. It does not create a radar plot and does not compute or authorize radar scores, ability scores, ability ranks, ability classes, THCI scores, final hiking risk scores, route suitability scores, go/no-go decisions, medical diagnoses, or causality claims."
28,28_1,RADAR_BASELINE_ACTIVITY,weather_performance_maintenance,天候條件下表現維持,DESCRIPTIVE_ANNOTATION,ALLOW_TEXT_ANNOTATION_ONLY,Weather context is available at summary level but not resolved to this activity row; retain as descriptive annotation.,Weather evidence remains context / proxy and does not isolate weather tolerance as a personal ability.,baseline_population_gate=PASS|weather_context_gate=SUMMARY_CONTEXT_ONLY,LIMITED_PROXY_OR_INSUFFICIENT_IF_WEATHER_CONTEXT_MISSING,NOT_PLOTTED_DESCRIPTIVE_ANNOTATION_ONLY,weather-context annotation,weather tolerance score|go/no-go decision|risk score,"CH6.5.5 personal ability radar data table v1 is a governed data-table layer only. It converts an axis contract and activity/person evidence into per-activity per-axis rows for future visualization. It does not create a radar plot and does not compute or authorize radar scores, ability scores, ability ranks, ability classes, THCI scores, final hiking risk scores, route suitability scores, go/no-go decisions, medical diagnoses, or causality claims."
28,28_1,RADAR_BASELINE_ACTIVITY,deviation_correction_ability,偏離修正能力,MISSING_EVIDENCE_ANNOTATION,SHOW_AS_INSUFFICIENT_EVIDENCE,"No formal field currently measures deviation, correction latency, backtracking, or rejoin behavior.","No formal field currently measures deviation, correction latency, backtracking, or rejoin behavior.",baseline_population_gate=PASS|route_continuity_300s_gate=POLICY_ACTIVE_CONSUMABLE_WINDOWS_0,INSUFFICIENT_EVIDENCE,NOT_PLOTTED_MISSING_EVIDENCE_ANNOTATION,missing-evidence annotation,numeric deviation-correction ability axis|navigation score|rank,"CH6.5.5 personal ability radar data table v1 is a governed data-table layer only. It converts an axis contract and activity/person evidence into per-activity per-axis rows for future visualization. It does not create a radar plot and does not compute or authorize radar scores, ability scores, ability ranks, ability classes, THCI scores, final hiking risk scores, route suitability scores, go/no-go decisions, medical diagnoses, or causality claims."
28,28_1,RADAR_BASELINE_ACTIVITY,risk_response_experience,風險應對經驗,MISSING_EVIDENCE_ANNOTATION,SHOW_AS_INSUFFICIENT_EVIDENCE,"Current evidence does not formally observe risk recognition, avoidance, fallback, or decision behavior.","Current evidence does not formally observe risk recognition, avoidance, fallback, or decision behavior.",baseline_population_gate=PASS,INSUFFICIENT_EVIDENCE,NOT_PLOTTED_MISSING_EVIDENCE_ANNOTATION,missing-evidence annotation,risk handling score|safety decision|go/no-go decision,"CH6.5.5 personal ability radar data table v1 is a governed data-table layer only. It converts an axis contract and activity/person evidence into per-activity per-axis rows for future visualization. It does not create a radar plot and does not compute or authorize radar scores, ability scores, ability ranks, ability classes, THCI scores, final hiking risk scores, route suitability scores, go/no-go decisions, medical diagnoses, or causality claims."
28,28_1,RADAR_BASELINE_ACTIVITY,autonomous_completion_readiness,自主完成能力,DESCRIPTIVE_ANNOTATION,ALLOW_TEXT_ANNOTATION_ONLY,Route-load readiness / completion context exists; it is not proof of autonomous self-sufficiency. readiness_review_gate=CONSERVATIVE_PACING_RECOMMENDED; completion_time_min=143.6833.,"Completion evidence does not prove autonomous navigation, supply, equipment, or team-support independence.",baseline_population_gate=PASS,LIMITED_PROXY_OR_INSUFFICIENT_IF_COMPLETION_CONTEXT_MISSING,NOT_PLOTTED_DESCRIPTIVE_ANNOTATION_ONLY,completion-context annotation,self-sufficiency score|route suitability score|go/no-go decision,"CH6.5.5 personal ability radar data table v1 is a governed data-table layer only. It converts an axis contract and activity/person evidence into per-activity per-axis rows for future visualization. It does not create a radar plot and does not compute or authorize radar scores, ability scores, ability ranks, ability classes, THCI scores, final hiking risk scores, route suitability scores, go/no-go decisions, medical diagnoses, or causality claims."
28,28_1,RADAR_BASELINE_ACTIVITY,supply_equipment_support,補給／裝備支援,MISSING_EVIDENCE_ANNOTATION,SHOW_AS_INSUFFICIENT_EVIDENCE,"No personal supply, equipment, hydration, nutrition, packing, or support data is available.","No personal supply, equipment, hydration, nutrition, packing, or support data is available.",NO_REQUIRED_GATE,INSUFFICIENT_EVIDENCE,NOT_PLOTTED_MISSING_EVIDENCE_ANNOTATION,missing-evidence annotation,equipment readiness score|preparedness class|go/no-go decision,"CH6.5.5 personal ability radar data table v1 is a governed data-table layer only. It converts an axis contract and activity/person evidence into per-activity per-axis rows for future visualization. It does not create a radar plot and does not compute or authorize radar scores, ability scores, ability ranks, ability classes, THCI scores, final hiking risk scores, route suitability scores, go/no-go decisions, medical diagnoses, or causality claims."
29,29_1,RADAR_BASELINE_ACTIVITY,endurance_sustained_movement,持續耐力,DESCRIPTIVE_ANNOTATION,ALLOW_TEXT_ANNOTATION_ONLY,300s horizontal evidence is descriptive only. valid_windows=2; consumable_windows=2; p90_speed_mps=1.855.,Horizontal 300s evidence covers only limited baseline activities; admission review did not admit it as standalone radar axis.,baseline_population_gate=PASS|route_continuity_300s_gate=PASS_HORIZONTAL,RETAIN_AS_DESCRIPTIVE_SUPPORTING_EVIDENCE,NOT_PLOTTED_DESCRIPTIVE_ANNOTATION_ONLY,text annotation describing limited sustained-movement evidence,numeric radar axis value|standalone ability ranking|score generation,"CH6.5.5 personal ability radar data table v1 is a governed data-table layer only. It converts an axis contract and activity/person evidence into per-activity per-axis rows for future visualization. It does not create a radar plot and does not compute or authorize radar scores, ability scores, ability ranks, ability classes, THCI scores, final hiking risk scores, route suitability scores, go/no-go decisions, medical diagnoses, or causality claims."
29,29_1,RADAR_BASELINE_ACTIVITY,uphill_load_tolerance,上坡負荷承受力,DESCRIPTIVE_ANNOTATION,ALLOW_TEXT_ANNOTATION_ONLY,300s vertical evidence is descriptive only. valid_windows=0; consumable_windows=0; p90_vam_mph=; p90_gain_m=.,Vertical 300s evidence covers limited baseline activities and is not admitted as standalone radar axis.,baseline_population_gate=PASS|route_continuity_300s_gate=NO_CONSUMABLE_VERTICAL_WINDOW|positive_delta_artifact_guard=BLOCKED_ARTIFACT_REVIEW|hr_validity_gate=CONTEXT_AVAILABLE,RETAIN_AS_DESCRIPTIVE_VERTICAL_CONTEXT,NOT_PLOTTED_DESCRIPTIVE_ANNOTATION_ONLY,text annotation describing limited uphill-load evidence,numeric radar axis value|standalone ability ranking|score generation|medical diagnosis,"CH6.5.5 personal ability radar data table v1 is a governed data-table layer only. It converts an axis contract and activity/person evidence into per-activity per-axis rows for future visualization. It does not create a radar plot and does not compute or authorize radar scores, ability scores, ability ranks, ability classes, THCI scores, final hiking risk scores, route suitability scores, go/no-go decisions, medical diagnoses, or causality claims."
29,29_1,RADAR_BASELINE_ACTIVITY,hr_load_management_recovery,HR負荷管理與恢復能力,DESCRIPTIVE_ANNOTATION,ALLOW_TEXT_ANNOTATION_ONLY,HR lifecycle / recovery evidence exists for this activity; retained as non-medical context only.,HR evidence depends on device validity and estimated HRmax; it should not be a medical or standalone ability axis.,baseline_population_gate=PASS|hr_validity_gate=CONTEXT_AVAILABLE,TEXT_CONTEXT_ONLY,NOT_PLOTTED_DESCRIPTIVE_ANNOTATION_ONLY,load-management annotation and evidence context,medical diagnosis|standalone ability axis|rank|class,"CH6.5.5 personal ability radar data table v1 is a governed data-table layer only. It converts an axis contract and activity/person evidence into per-activity per-axis rows for future visualization. It does not create a radar plot and does not compute or authorize radar scores, ability scores, ability ranks, ability classes, THCI scores, final hiking risk scores, route suitability scores, go/no-go decisions, medical diagnoses, or causality claims."
29,29_1,RADAR_BASELINE_ACTIVITY,weather_performance_maintenance,天候條件下表現維持,DESCRIPTIVE_ANNOTATION,ALLOW_TEXT_ANNOTATION_ONLY,Weather context is available at summary level but not resolved to this activity row; retain as descriptive annotation.,Weather evidence remains context / proxy and does not isolate weather tolerance as a personal ability.,baseline_population_gate=PASS|weather_context_gate=SUMMARY_CONTEXT_ONLY,LIMITED_PROXY_OR_INSUFFICIENT_IF_WEATHER_CONTEXT_MISSING,NOT_PLOTTED_DESCRIPTIVE_ANNOTATION_ONLY,weather-context annotation,weather tolerance score|go/no-go decision|risk score,"CH6.5.5 personal ability radar data table v1 is a governed data-table layer only. It converts an axis contract and activity/person evidence into per-activity per-axis rows for future visualization. It does not create a radar plot and does not compute or authorize radar scores, ability scores, ability ranks, ability classes, THCI scores, final hiking risk scores, route suitability scores, go/no-go decisions, medical diagnoses, or causality claims."
29,29_1,RADAR_BASELINE_ACTIVITY,deviation_correction_ability,偏離修正能力,MISSING_EVIDENCE_ANNOTATION,SHOW_AS_INSUFFICIENT_EVIDENCE,"No formal field currently measures deviation, correction latency, backtracking, or rejoin behavior.","No formal field currently measures deviation, correction latency, backtracking, or rejoin behavior.",baseline_population_gate=PASS|route_continuity_300s_gate=POLICY_ACTIVE_CONSUMABLE_WINDOWS_2,INSUFFICIENT_EVIDENCE,NOT_PLOTTED_MISSING_EVIDENCE_ANNOTATION,missing-evidence annotation,numeric deviation-correction ability axis|navigation score|rank,"CH6.5.5 personal ability radar data table v1 is a governed data-table layer only. It converts an axis contract and activity/person evidence into per-activity per-axis rows for future visualization. It does not create a radar plot and does not compute or authorize radar scores, ability scores, ability ranks, ability classes, THCI scores, final hiking risk scores, route suitability scores, go/no-go decisions, medical diagnoses, or causality claims."
29,29_1,RADAR_BASELINE_ACTIVITY,risk_response_experience,風險應對經驗,MISSING_EVIDENCE_ANNOTATION,SHOW_AS_INSUFFICIENT_EVIDENCE,"Current evidence does not formally observe risk recognition, avoidance, fallback, or decision behavior.","Current evidence does not formally observe risk recognition, avoidance, fallback, or decision behavior.",baseline_population_gate=PASS,INSUFFICIENT_EVIDENCE,NOT_PLOTTED_MISSING_EVIDENCE_ANNOTATION,missing-evidence annotation,risk handling score|safety decision|go/no-go decision,"CH6.5.5 personal ability radar data table v1 is a governed data-table layer only. It converts an axis contract and activity/person evidence into per-activity per-axis rows for future visualization. It does not create a radar plot and does not compute or authorize radar scores, ability scores, ability ranks, ability classes, THCI scores, final hiking risk scores, route suitability scores, go/no-go decisions, medical diagnoses, or causality claims."
29,29_1,RADAR_BASELINE_ACTIVITY,autonomous_completion_readiness,自主完成能力,DESCRIPTIVE_ANNOTATION,ALLOW_TEXT_ANNOTATION_ONLY,Route-load readiness / completion context exists; it is not proof of autonomous self-sufficiency. readiness_review_gate=CONSERVATIVE_PACING_RECOMMENDED; completion_time_min=126.8.,"Completion evidence does not prove autonomous navigation, supply, equipment, or team-support independence.",baseline_population_gate=PASS,LIMITED_PROXY_OR_INSUFFICIENT_IF_COMPLETION_CONTEXT_MISSING,NOT_PLOTTED_DESCRIPTIVE_ANNOTATION_ONLY,completion-context annotation,self-sufficiency score|route suitability score|go/no-go decision,"CH6.5.5 personal ability radar data table v1 is a governed data-table layer only. It converts an axis contract and activity/person evidence into per-activity per-axis rows for future visualization. It does not create a radar plot and does not compute or authorize radar scores, ability scores, ability ranks, ability classes, THCI scores, final hiking risk scores, route suitability scores, go/no-go decisions, medical diagnoses, or causality claims."
29,29_1,RADAR_BASELINE_ACTIVITY,supply_equipment_support,補給／裝備支援,MISSING_EVIDENCE_ANNOTATION,SHOW_AS_INSUFFICIENT_EVIDENCE,"No personal supply, equipment, hydration, nutrition, packing, or support data is available.","No personal supply, equipment, hydration, nutrition, packing, or support data is available.",NO_REQUIRED_GATE,INSUFFICIENT_EVIDENCE,NOT_PLOTTED_MISSING_EVIDENCE_ANNOTATION,missing-evidence annotation,equipment readiness score|preparedness class|go/no-go decision,"CH6.5.5 personal ability radar data table v1 is a governed data-table layer only. It converts an axis contract and activity/person evidence into per-activity per-axis rows for future visualization. It does not create a radar plot and does not compute or authorize radar scores, ability scores, ability ranks, ability classes, THCI scores, final hiking risk scores, route suitability scores, go/no-go decisions, medical diagnoses, or causality claims."
3,3_1,RADAR_BASELINE_ACTIVITY,endurance_sustained_movement,持續耐力,DESCRIPTIVE_ANNOTATION,ALLOW_TEXT_ANNOTATION_ONLY,300s horizontal evidence is descriptive only. valid_windows=0; consumable_windows=0; p90_speed_mps=.,Horizontal 300s evidence covers only limited baseline activities; admission review did not admit it as standalone radar axis.,baseline_population_gate=PASS|route_continuity_300s_gate=NO_CONSUMABLE_HORIZONTAL_WINDOW,RETAIN_AS_DESCRIPTIVE_SUPPORTING_EVIDENCE,NOT_PLOTTED_DESCRIPTIVE_ANNOTATION_ONLY,text annotation describing limited sustained-movement evidence,numeric radar axis value|standalone ability ranking|score generation,"CH6.5.5 personal ability radar data table v1 is a governed data-table layer only. It converts an axis contract and activity/person evidence into per-activity per-axis rows for future visualization. It does not create a radar plot and does not compute or authorize radar scores, ability scores, ability ranks, ability classes, THCI scores, final hiking risk scores, route suitability scores, go/no-go decisions, medical diagnoses, or causality claims."
3,3_1,RADAR_BASELINE_ACTIVITY,uphill_load_tolerance,上坡負荷承受力,DESCRIPTIVE_ANNOTATION,ALLOW_TEXT_ANNOTATION_ONLY,300s vertical evidence is descriptive only. valid_windows=0; consumable_windows=0; p90_vam_mph=; p90_gain_m=.,Vertical 300s evidence covers limited baseline activities and is not admitted as standalone radar axis.,baseline_population_gate=PASS|route_continuity_300s_gate=NO_CONSUMABLE_VERTICAL_WINDOW|positive_delta_artifact_guard=BLOCKED_ARTIFACT_REVIEW|hr_validity_gate=NO_ACTIVITY_LEVEL_HR_CONTEXT,RETAIN_AS_DESCRIPTIVE_VERTICAL_CONTEXT,NOT_PLOTTED_DESCRIPTIVE_ANNOTATION_ONLY,text annotation describing limited uphill-load evidence,numeric radar axis value|standalone ability ranking|score generation|medical diagnosis,"CH6.5.5 personal ability radar data table v1 is a governed data-table layer only. It converts an axis contract and activity/person evidence into per-activity per-axis rows for future visualization. It does not create a radar plot and does not compute or authorize radar scores, ability scores, ability ranks, ability classes, THCI scores, final hiking risk scores, route suitability scores, go/no-go decisions, medical diagnoses, or causality claims."
3,3_1,RADAR_BASELINE_ACTIVITY,hr_load_management_recovery,HR負荷管理與恢復能力,DESCRIPTIVE_ANNOTATION,ALLOW_TEXT_ANNOTATION_ONLY,HR lifecycle / recovery evidence exists for this activity; retained as non-medical context only.,HR evidence depends on device validity and estimated HRmax; it should not be a medical or standalone ability axis.,baseline_population_gate=PASS|hr_validity_gate=NO_ACTIVITY_LEVEL_HR_CONTEXT,TEXT_CONTEXT_ONLY,NOT_PLOTTED_DESCRIPTIVE_ANNOTATION_ONLY,load-management annotation and evidence context,medical diagnosis|standalone ability axis|rank|class,"CH6.5.5 personal ability radar data table v1 is a governed data-table layer only. It converts an axis contract and activity/person evidence into per-activity per-axis rows for future visualization. It does not create a radar plot and does not compute or authorize radar scores, ability scores, ability ranks, ability classes, THCI scores, final hiking risk scores, route suitability scores, go/no-go decisions, medical diagnoses, or causality claims."
3,3_1,RADAR_BASELINE_ACTIVITY,weather_performance_maintenance,天候條件下表現維持,DESCRIPTIVE_ANNOTATION,ALLOW_TEXT_ANNOTATION_ONLY,Weather context is available at summary level but not resolved to this activity row; retain as descriptive annotation.,Weather evidence remains context / proxy and does not isolate weather tolerance as a personal ability.,baseline_population_gate=PASS|weather_context_gate=SUMMARY_CONTEXT_ONLY,LIMITED_PROXY_OR_INSUFFICIENT_IF_WEATHER_CONTEXT_MISSING,NOT_PLOTTED_DESCRIPTIVE_ANNOTATION_ONLY,weather-context annotation,weather tolerance score|go/no-go decision|risk score,"CH6.5.5 personal ability radar data table v1 is a governed data-table layer only. It converts an axis contract and activity/person evidence into per-activity per-axis rows for future visualization. It does not create a radar plot and does not compute or authorize radar scores, ability scores, ability ranks, ability classes, THCI scores, final hiking risk scores, route suitability scores, go/no-go decisions, medical diagnoses, or causality claims."
3,3_1,RADAR_BASELINE_ACTIVITY,deviation_correction_ability,偏離修正能力,MISSING_EVIDENCE_ANNOTATION,SHOW_AS_INSUFFICIENT_EVIDENCE,"No formal field currently measures deviation, correction latency, backtracking, or rejoin behavior.","No formal field currently measures deviation, correction latency, backtracking, or rejoin behavior.",baseline_population_gate=PASS|route_continuity_300s_gate=POLICY_ACTIVE_CONSUMABLE_WINDOWS_0,INSUFFICIENT_EVIDENCE,NOT_PLOTTED_MISSING_EVIDENCE_ANNOTATION,missing-evidence annotation,numeric deviation-correction ability axis|navigation score|rank,"CH6.5.5 personal ability radar data table v1 is a governed data-table layer only. It converts an axis contract and activity/person evidence into per-activity per-axis rows for future visualization. It does not create a radar plot and does not compute or authorize radar scores, ability scores, ability ranks, ability classes, THCI scores, final hiking risk scores, route suitability scores, go/no-go decisions, medical diagnoses, or causality claims."
3,3_1,RADAR_BASELINE_ACTIVITY,risk_response_experience,風險應對經驗,MISSING_EVIDENCE_ANNOTATION,SHOW_AS_INSUFFICIENT_EVIDENCE,"Current evidence does not formally observe risk recognition, avoidance, fallback, or decision behavior.","Current evidence does not formally observe risk recognition, avoidance, fallback, or decision behavior.",baseline_population_gate=PASS,INSUFFICIENT_EVIDENCE,NOT_PLOTTED_MISSING_EVIDENCE_ANNOTATION,missing-evidence annotation,risk handling score|safety decision|go/no-go decision,"CH6.5.5 personal ability radar data table v1 is a governed data-table layer only. It converts an axis contract and activity/person evidence into per-activity per-axis rows for future visualization. It does not create a radar plot and does not compute or authorize radar scores, ability scores, ability ranks, ability classes, THCI scores, final hiking risk scores, route suitability scores, go/no-go decisions, medical diagnoses, or causality claims."
3,3_1,RADAR_BASELINE_ACTIVITY,autonomous_completion_readiness,自主完成能力,DESCRIPTIVE_ANNOTATION,ALLOW_TEXT_ANNOTATION_ONLY,Route-load readiness / completion context exists; it is not proof of autonomous self-sufficiency. readiness_review_gate=CONSERVATIVE_PACING_RECOMMENDED; completion_time_min=130.9667.,"Completion evidence does not prove autonomous navigation, supply, equipment, or team-support independence.",baseline_population_gate=PASS,LIMITED_PROXY_OR_INSUFFICIENT_IF_COMPLETION_CONTEXT_MISSING,NOT_PLOTTED_DESCRIPTIVE_ANNOTATION_ONLY,completion-context annotation,self-sufficiency score|route suitability score|go/no-go decision,"CH6.5.5 personal ability radar data table v1 is a governed data-table layer only. It converts an axis contract and activity/person evidence into per-activity per-axis rows for future visualization. It does not create a radar plot and does not compute or authorize radar scores, ability scores, ability ranks, ability classes, THCI scores, final hiking risk scores, route suitability scores, go/no-go decisions, medical diagnoses, or causality claims."
3,3_1,RADAR_BASELINE_ACTIVITY,supply_equipment_support,補給／裝備支援,MISSING_EVIDENCE_ANNOTATION,SHOW_AS_INSUFFICIENT_EVIDENCE,"No personal supply, equipment, hydration, nutrition, packing, or support data is available.","No personal supply, equipment, hydration, nutrition, packing, or support data is available.",NO_REQUIRED_GATE,INSUFFICIENT_EVIDENCE,NOT_PLOTTED_MISSING_EVIDENCE_ANNOTATION,missing-evidence annotation,equipment readiness score|preparedness class|go/no-go decision,"CH6.5.5 personal ability radar data table v1 is a governed data-table layer only. It converts an axis contract and activity/person evidence into per-activity per-axis rows for future visualization. It does not create a radar plot and does not compute or authorize radar scores, ability scores, ability ranks, ability classes, THCI scores, final hiking risk scores, route suitability scores, go/no-go decisions, medical diagnoses, or causality claims."
30,30_1,RADAR_BASELINE_ACTIVITY,endurance_sustained_movement,持續耐力,DESCRIPTIVE_ANNOTATION,ALLOW_TEXT_ANNOTATION_ONLY,300s horizontal evidence is descriptive only. valid_windows=0; consumable_windows=0; p90_speed_mps=.,Horizontal 300s evidence covers only limited baseline activities; admission review did not admit it as standalone radar axis.,baseline_population_gate=PASS|route_continuity_300s_gate=NO_CONSUMABLE_HORIZONTAL_WINDOW,RETAIN_AS_DESCRIPTIVE_SUPPORTING_EVIDENCE,NOT_PLOTTED_DESCRIPTIVE_ANNOTATION_ONLY,text annotation describing limited sustained-movement evidence,numeric radar axis value|standalone ability ranking|score generation,"CH6.5.5 personal ability radar data table v1 is a governed data-table layer only. It converts an axis contract and activity/person evidence into per-activity per-axis rows for future visualization. It does not create a radar plot and does not compute or authorize radar scores, ability scores, ability ranks, ability classes, THCI scores, final hiking risk scores, route suitability scores, go/no-go decisions, medical diagnoses, or causality claims."
30,30_1,RADAR_BASELINE_ACTIVITY,uphill_load_tolerance,上坡負荷承受力,DESCRIPTIVE_ANNOTATION,ALLOW_TEXT_ANNOTATION_ONLY,300s vertical evidence is descriptive only. valid_windows=21; consumable_windows=21; p90_vam_mph=271.6976588628762; p90_gain_m=22.565999999999995.,Vertical 300s evidence covers limited baseline activities and is not admitted as standalone radar axis.,baseline_population_gate=PASS|route_continuity_300s_gate=PASS_VERTICAL|positive_delta_artifact_guard=PASS_VERTICAL_CONSUMABLE|hr_validity_gate=CONTEXT_AVAILABLE,RETAIN_AS_DESCRIPTIVE_VERTICAL_CONTEXT,NOT_PLOTTED_DESCRIPTIVE_ANNOTATION_ONLY,text annotation describing limited uphill-load evidence,numeric radar axis value|standalone ability ranking|score generation|medical diagnosis,"CH6.5.5 personal ability radar data table v1 is a governed data-table layer only. It converts an axis contract and activity/person evidence into per-activity per-axis rows for future visualization. It does not create a radar plot and does not compute or authorize radar scores, ability scores, ability ranks, ability classes, THCI scores, final hiking risk scores, route suitability scores, go/no-go decisions, medical diagnoses, or causality claims."
30,30_1,RADAR_BASELINE_ACTIVITY,hr_load_management_recovery,HR負荷管理與恢復能力,DESCRIPTIVE_ANNOTATION,ALLOW_TEXT_ANNOTATION_ONLY,HR lifecycle / recovery evidence exists for this activity; retained as non-medical context only.,HR evidence depends on device validity and estimated HRmax; it should not be a medical or standalone ability axis.,baseline_population_gate=PASS|hr_validity_gate=CONTEXT_AVAILABLE,TEXT_CONTEXT_ONLY,NOT_PLOTTED_DESCRIPTIVE_ANNOTATION_ONLY,load-management annotation and evidence context,medical diagnosis|standalone ability axis|rank|class,"CH6.5.5 personal ability radar data table v1 is a governed data-table layer only. It converts an axis contract and activity/person evidence into per-activity per-axis rows for future visualization. It does not create a radar plot and does not compute or authorize radar scores, ability scores, ability ranks, ability classes, THCI scores, final hiking risk scores, route suitability scores, go/no-go decisions, medical diagnoses, or causality claims."
30,30_1,RADAR_BASELINE_ACTIVITY,weather_performance_maintenance,天候條件下表現維持,DESCRIPTIVE_ANNOTATION,ALLOW_TEXT_ANNOTATION_ONLY,Weather context is available at summary level but not resolved to this activity row; retain as descriptive annotation.,Weather evidence remains context / proxy and does not isolate weather tolerance as a personal ability.,baseline_population_gate=PASS|weather_context_gate=SUMMARY_CONTEXT_ONLY,LIMITED_PROXY_OR_INSUFFICIENT_IF_WEATHER_CONTEXT_MISSING,NOT_PLOTTED_DESCRIPTIVE_ANNOTATION_ONLY,weather-context annotation,weather tolerance score|go/no-go decision|risk score,"CH6.5.5 personal ability radar data table v1 is a governed data-table layer only. It converts an axis contract and activity/person evidence into per-activity per-axis rows for future visualization. It does not create a radar plot and does not compute or authorize radar scores, ability scores, ability ranks, ability classes, THCI scores, final hiking risk scores, route suitability scores, go/no-go decisions, medical diagnoses, or causality claims."
30,30_1,RADAR_BASELINE_ACTIVITY,deviation_correction_ability,偏離修正能力,MISSING_EVIDENCE_ANNOTATION,SHOW_AS_INSUFFICIENT_EVIDENCE,"No formal field currently measures deviation, correction latency, backtracking, or rejoin behavior.","No formal field currently measures deviation, correction latency, backtracking, or rejoin behavior.",baseline_population_gate=PASS|route_continuity_300s_gate=POLICY_ACTIVE_CONSUMABLE_WINDOWS_21,INSUFFICIENT_EVIDENCE,NOT_PLOTTED_MISSING_EVIDENCE_ANNOTATION,missing-evidence annotation,numeric deviation-correction ability axis|navigation score|rank,"CH6.5.5 personal ability radar data table v1 is a governed data-table layer only. It converts an axis contract and activity/person evidence into per-activity per-axis rows for future visualization. It does not create a radar plot and does not compute or authorize radar scores, ability scores, ability ranks, ability classes, THCI scores, final hiking risk scores, route suitability scores, go/no-go decisions, medical diagnoses, or causality claims."
30,30_1,RADAR_BASELINE_ACTIVITY,risk_response_experience,風險應對經驗,MISSING_EVIDENCE_ANNOTATION,SHOW_AS_INSUFFICIENT_EVIDENCE,"Current evidence does not formally observe risk recognition, avoidance, fallback, or decision behavior.","Current evidence does not formally observe risk recognition, avoidance, fallback, or decision behavior.",baseline_population_gate=PASS,INSUFFICIENT_EVIDENCE,NOT_PLOTTED_MISSING_EVIDENCE_ANNOTATION,missing-evidence annotation,risk handling score|safety decision|go/no-go decision,"CH6.5.5 personal ability radar data table v1 is a governed data-table layer only. It converts an axis contract and activity/person evidence into per-activity per-axis rows for future visualization. It does not create a radar plot and does not compute or authorize radar scores, ability scores, ability ranks, ability classes, THCI scores, final hiking risk scores, route suitability scores, go/no-go decisions, medical diagnoses, or causality claims."
30,30_1,RADAR_BASELINE_ACTIVITY,autonomous_completion_readiness,自主完成能力,DESCRIPTIVE_ANNOTATION,ALLOW_TEXT_ANNOTATION_ONLY,Route-load readiness / completion context exists; it is not proof of autonomous self-sufficiency. readiness_review_gate=EARLY_CHECKPOINT_REVIEW_REQUIRED; completion_time_min=126.8333.,"Completion evidence does not prove autonomous navigation, supply, equipment, or team-support independence.",baseline_population_gate=PASS,LIMITED_PROXY_OR_INSUFFICIENT_IF_COMPLETION_CONTEXT_MISSING,NOT_PLOTTED_DESCRIPTIVE_ANNOTATION_ONLY,completion-context annotation,self-sufficiency score|route suitability score|go/no-go decision,"CH6.5.5 personal ability radar data table v1 is a governed data-table layer only. It converts an axis contract and activity/person evidence into per-activity per-axis rows for future visualization. It does not create a radar plot and does not compute or authorize radar scores, ability scores, ability ranks, ability classes, THCI scores, final hiking risk scores, route suitability scores, go/no-go decisions, medical diagnoses, or causality claims."
30,30_1,RADAR_BASELINE_ACTIVITY,supply_equipment_support,補給／裝備支援,MISSING_EVIDENCE_ANNOTATION,SHOW_AS_INSUFFICIENT_EVIDENCE,"No personal supply, equipment, hydration, nutrition, packing, or support data is available.","No personal supply, equipment, hydration, nutrition, packing, or support data is available.",NO_REQUIRED_GATE,INSUFFICIENT_EVIDENCE,NOT_PLOTTED_MISSING_EVIDENCE_ANNOTATION,missing-evidence annotation,equipment readiness score|preparedness class|go/no-go decision,"CH6.5.5 personal ability radar data table v1 is a governed data-table layer only. It converts an axis contract and activity/person evidence into per-activity per-axis rows for future visualization. It does not create a radar plot and does not compute or authorize radar scores, ability scores, ability ranks, ability classes, THCI scores, final hiking risk scores, route suitability scores, go/no-go decisions, medical diagnoses, or causality claims."
33,33_1,RADAR_BASELINE_ACTIVITY,endurance_sustained_movement,持續耐力,DESCRIPTIVE_ANNOTATION,ALLOW_TEXT_ANNOTATION_ONLY,300s horizontal evidence is descriptive only. valid_windows=0; consumable_windows=0; p90_speed_mps=.,Horizontal 300s evidence covers only limited baseline activities; admission review did not admit it as standalone radar axis.,baseline_population_gate=PASS|route_continuity_300s_gate=NO_CONSUMABLE_HORIZONTAL_WINDOW,RETAIN_AS_DESCRIPTIVE_SUPPORTING_EVIDENCE,NOT_PLOTTED_DESCRIPTIVE_ANNOTATION_ONLY,text annotation describing limited sustained-movement evidence,numeric radar axis value|standalone ability ranking|score generation,"CH6.5.5 personal ability radar data table v1 is a governed data-table layer only. It converts an axis contract and activity/person evidence into per-activity per-axis rows for future visualization. It does not create a radar plot and does not compute or authorize radar scores, ability scores, ability ranks, ability classes, THCI scores, final hiking risk scores, route suitability scores, go/no-go decisions, medical diagnoses, or causality claims."
33,33_1,RADAR_BASELINE_ACTIVITY,uphill_load_tolerance,上坡負荷承受力,DESCRIPTIVE_ANNOTATION,ALLOW_TEXT_ANNOTATION_ONLY,300s vertical evidence is descriptive only. valid_windows=0; consumable_windows=0; p90_vam_mph=; p90_gain_m=.,Vertical 300s evidence covers limited baseline activities and is not admitted as standalone radar axis.,baseline_population_gate=PASS|route_continuity_300s_gate=NO_CONSUMABLE_VERTICAL_WINDOW|positive_delta_artifact_guard=BLOCKED_ARTIFACT_REVIEW|hr_validity_gate=NO_ACTIVITY_LEVEL_HR_CONTEXT,RETAIN_AS_DESCRIPTIVE_VERTICAL_CONTEXT,NOT_PLOTTED_DESCRIPTIVE_ANNOTATION_ONLY,text annotation describing limited uphill-load evidence,numeric radar axis value|standalone ability ranking|score generation|medical diagnosis,"CH6.5.5 personal ability radar data table v1 is a governed data-table layer only. It converts an axis contract and activity/person evidence into per-activity per-axis rows for future visualization. It does not create a radar plot and does not compute or authorize radar scores, ability scores, ability ranks, ability classes, THCI scores, final hiking risk scores, route suitability scores, go/no-go decisions, medical diagnoses, or causality claims."
33,33_1,RADAR_BASELINE_ACTIVITY,hr_load_management_recovery,HR負荷管理與恢復能力,DESCRIPTIVE_ANNOTATION,ALLOW_TEXT_ANNOTATION_ONLY,HR lifecycle / recovery evidence exists for this activity; retained as non-medical context only.,HR evidence depends on device validity and estimated HRmax; it should not be a medical or standalone ability axis.,baseline_population_gate=PASS|hr_validity_gate=NO_ACTIVITY_LEVEL_HR_CONTEXT,TEXT_CONTEXT_ONLY,NOT_PLOTTED_DESCRIPTIVE_ANNOTATION_ONLY,load-management annotation and evidence context,medical diagnosis|standalone ability axis|rank|class,"CH6.5.5 personal ability radar data table v1 is a governed data-table layer only. It converts an axis contract and activity/person evidence into per-activity per-axis rows for future visualization. It does not create a radar plot and does not compute or authorize radar scores, ability scores, ability ranks, ability classes, THCI scores, final hiking risk scores, route suitability scores, go/no-go decisions, medical diagnoses, or causality claims."
33,33_1,RADAR_BASELINE_ACTIVITY,weather_performance_maintenance,天候條件下表現維持,DESCRIPTIVE_ANNOTATION,ALLOW_TEXT_ANNOTATION_ONLY,Weather context is available at summary level but not resolved to this activity row; retain as descriptive annotation.,Weather evidence remains context / proxy and does not isolate weather tolerance as a personal ability.,baseline_population_gate=PASS|weather_context_gate=SUMMARY_CONTEXT_ONLY,LIMITED_PROXY_OR_INSUFFICIENT_IF_WEATHER_CONTEXT_MISSING,NOT_PLOTTED_DESCRIPTIVE_ANNOTATION_ONLY,weather-context annotation,weather tolerance score|go/no-go decision|risk score,"CH6.5.5 personal ability radar data table v1 is a governed data-table layer only. It converts an axis contract and activity/person evidence into per-activity per-axis rows for future visualization. It does not create a radar plot and does not compute or authorize radar scores, ability scores, ability ranks, ability classes, THCI scores, final hiking risk scores, route suitability scores, go/no-go decisions, medical diagnoses, or causality claims."
33,33_1,RADAR_BASELINE_ACTIVITY,deviation_correction_ability,偏離修正能力,MISSING_EVIDENCE_ANNOTATION,SHOW_AS_INSUFFICIENT_EVIDENCE,"No formal field currently measures deviation, correction latency, backtracking, or rejoin behavior.","No formal field currently measures deviation, correction latency, backtracking, or rejoin behavior.",baseline_population_gate=PASS|route_continuity_300s_gate=POLICY_ACTIVE_CONSUMABLE_WINDOWS_0,INSUFFICIENT_EVIDENCE,NOT_PLOTTED_MISSING_EVIDENCE_ANNOTATION,missing-evidence annotation,numeric deviation-correction ability axis|navigation score|rank,"CH6.5.5 personal ability radar data table v1 is a governed data-table layer only. It converts an axis contract and activity/person evidence into per-activity per-axis rows for future visualization. It does not create a radar plot and does not compute or authorize radar scores, ability scores, ability ranks, ability classes, THCI scores, final hiking risk scores, route suitability scores, go/no-go decisions, medical diagnoses, or causality claims."
33,33_1,RADAR_BASELINE_ACTIVITY,risk_response_experience,風險應對經驗,MISSING_EVIDENCE_ANNOTATION,SHOW_AS_INSUFFICIENT_EVIDENCE,"Current evidence does not formally observe risk recognition, avoidance, fallback, or decision behavior.","Current evidence does not formally observe risk recognition, avoidance, fallback, or decision behavior.",baseline_population_gate=PASS,INSUFFICIENT_EVIDENCE,NOT_PLOTTED_MISSING_EVIDENCE_ANNOTATION,missing-evidence annotation,risk handling score|safety decision|go/no-go decision,"CH6.5.5 personal ability radar data table v1 is a governed data-table layer only. It converts an axis contract and activity/person evidence into per-activity per-axis rows for future visualization. It does not create a radar plot and does not compute or authorize radar scores, ability scores, ability ranks, ability classes, THCI scores, final hiking risk scores, route suitability scores, go/no-go decisions, medical diagnoses, or causality claims."
33,33_1,RADAR_BASELINE_ACTIVITY,autonomous_completion_readiness,自主完成能力,DESCRIPTIVE_ANNOTATION,ALLOW_TEXT_ANNOTATION_ONLY,Route-load readiness / completion context exists; it is not proof of autonomous self-sufficiency. readiness_review_gate=EARLY_CHECKPOINT_REVIEW_REQUIRED; completion_time_min=109.3667.,"Completion evidence does not prove autonomous navigation, supply, equipment, or team-support independence.",baseline_population_gate=PASS,LIMITED_PROXY_OR_INSUFFICIENT_IF_COMPLETION_CONTEXT_MISSING,NOT_PLOTTED_DESCRIPTIVE_ANNOTATION_ONLY,completion-context annotation,self-sufficiency score|route suitability score|go/no-go decision,"CH6.5.5 personal ability radar data table v1 is a governed data-table layer only. It converts an axis contract and activity/person evidence into per-activity per-axis rows for future visualization. It does not create a radar plot and does not compute or authorize radar scores, ability scores, ability ranks, ability classes, THCI scores, final hiking risk scores, route suitability scores, go/no-go decisions, medical diagnoses, or causality claims."
33,33_1,RADAR_BASELINE_ACTIVITY,supply_equipment_support,補給／裝備支援,MISSING_EVIDENCE_ANNOTATION,SHOW_AS_INSUFFICIENT_EVIDENCE,"No personal supply, equipment, hydration, nutrition, packing, or support data is available.","No personal supply, equipment, hydration, nutrition, packing, or support data is available.",NO_REQUIRED_GATE,INSUFFICIENT_EVIDENCE,NOT_PLOTTED_MISSING_EVIDENCE_ANNOTATION,missing-evidence annotation,equipment readiness score|preparedness class|go/no-go decision,"CH6.5.5 personal ability radar data table v1 is a governed data-table layer only. It converts an axis contract and activity/person evidence into per-activity per-axis rows for future visualization. It does not create a radar plot and does not compute or authorize radar scores, ability scores, ability ranks, ability classes, THCI scores, final hiking risk scores, route suitability scores, go/no-go decisions, medical diagnoses, or causality claims."
35,35_1,RADAR_BASELINE_ACTIVITY,endurance_sustained_movement,持續耐力,DESCRIPTIVE_ANNOTATION,ALLOW_TEXT_ANNOTATION_ONLY,300s horizontal evidence is descriptive only. valid_windows=0; consumable_windows=0; p90_speed_mps=.,Horizontal 300s evidence covers only limited baseline activities; admission review did not admit it as standalone radar axis.,baseline_population_gate=PASS|route_continuity_300s_gate=NO_CONSUMABLE_HORIZONTAL_WINDOW,RETAIN_AS_DESCRIPTIVE_SUPPORTING_EVIDENCE,NOT_PLOTTED_DESCRIPTIVE_ANNOTATION_ONLY,text annotation describing limited sustained-movement evidence,numeric radar axis value|standalone ability ranking|score generation,"CH6.5.5 personal ability radar data table v1 is a governed data-table layer only. It converts an axis contract and activity/person evidence into per-activity per-axis rows for future visualization. It does not create a radar plot and does not compute or authorize radar scores, ability scores, ability ranks, ability classes, THCI scores, final hiking risk scores, route suitability scores, go/no-go decisions, medical diagnoses, or causality claims."
35,35_1,RADAR_BASELINE_ACTIVITY,uphill_load_tolerance,上坡負荷承受力,DESCRIPTIVE_ANNOTATION,ALLOW_TEXT_ANNOTATION_ONLY,300s vertical evidence is descriptive only. valid_windows=1; consumable_windows=1; p90_vam_mph=140.724; p90_gain_m=11.727.,Vertical 300s evidence covers limited baseline activities and is not admitted as standalone radar axis.,baseline_population_gate=PASS|route_continuity_300s_gate=PASS_VERTICAL|positive_delta_artifact_guard=PASS_VERTICAL_CONSUMABLE|hr_validity_gate=CONTEXT_AVAILABLE,RETAIN_AS_DESCRIPTIVE_VERTICAL_CONTEXT,NOT_PLOTTED_DESCRIPTIVE_ANNOTATION_ONLY,text annotation describing limited uphill-load evidence,numeric radar axis value|standalone ability ranking|score generation|medical diagnosis,"CH6.5.5 personal ability radar data table v1 is a governed data-table layer only. It converts an axis contract and activity/person evidence into per-activity per-axis rows for future visualization. It does not create a radar plot and does not compute or authorize radar scores, ability scores, ability ranks, ability classes, THCI scores, final hiking risk scores, route suitability scores, go/no-go decisions, medical diagnoses, or causality claims."
35,35_1,RADAR_BASELINE_ACTIVITY,hr_load_management_recovery,HR負荷管理與恢復能力,DESCRIPTIVE_ANNOTATION,ALLOW_TEXT_ANNOTATION_ONLY,HR lifecycle / recovery evidence exists for this activity; retained as non-medical context only.,HR evidence depends on device validity and estimated HRmax; it should not be a medical or standalone ability axis.,baseline_population_gate=PASS|hr_validity_gate=CONTEXT_AVAILABLE,TEXT_CONTEXT_ONLY,NOT_PLOTTED_DESCRIPTIVE_ANNOTATION_ONLY,load-management annotation and evidence context,medical diagnosis|standalone ability axis|rank|class,"CH6.5.5 personal ability radar data table v1 is a governed data-table layer only. It converts an axis contract and activity/person evidence into per-activity per-axis rows for future visualization. It does not create a radar plot and does not compute or authorize radar scores, ability scores, ability ranks, ability classes, THCI scores, final hiking risk scores, route suitability scores, go/no-go decisions, medical diagnoses, or causality claims."
35,35_1,RADAR_BASELINE_ACTIVITY,weather_performance_maintenance,天候條件下表現維持,DESCRIPTIVE_ANNOTATION,ALLOW_TEXT_ANNOTATION_ONLY,Weather context is available at summary level but not resolved to this activity row; retain as descriptive annotation.,Weather evidence remains context / proxy and does not isolate weather tolerance as a personal ability.,baseline_population_gate=PASS|weather_context_gate=SUMMARY_CONTEXT_ONLY,LIMITED_PROXY_OR_INSUFFICIENT_IF_WEATHER_CONTEXT_MISSING,NOT_PLOTTED_DESCRIPTIVE_ANNOTATION_ONLY,weather-context annotation,weather tolerance score|go/no-go decision|risk score,"CH6.5.5 personal ability radar data table v1 is a governed data-table layer only. It converts an axis contract and activity/person evidence into per-activity per-axis rows for future visualization. It does not create a radar plot and does not compute or authorize radar scores, ability scores, ability ranks, ability classes, THCI scores, final hiking risk scores, route suitability scores, go/no-go decisions, medical diagnoses, or causality claims."
35,35_1,RADAR_BASELINE_ACTIVITY,deviation_correction_ability,偏離修正能力,MISSING_EVIDENCE_ANNOTATION,SHOW_AS_INSUFFICIENT_EVIDENCE,"No formal field currently measures deviation, correction latency, backtracking, or rejoin behavior.","No formal field currently measures deviation, correction latency, backtracking, or rejoin behavior.",baseline_population_gate=PASS|route_continuity_300s_gate=POLICY_ACTIVE_CONSUMABLE_WINDOWS_1,INSUFFICIENT_EVIDENCE,NOT_PLOTTED_MISSING_EVIDENCE_ANNOTATION,missing-evidence annotation,numeric deviation-correction ability axis|navigation score|rank,"CH6.5.5 personal ability radar data table v1 is a governed data-table layer only. It converts an axis contract and activity/person evidence into per-activity per-axis rows for future visualization. It does not create a radar plot and does not compute or authorize radar scores, ability scores, ability ranks, ability classes, THCI scores, final hiking risk scores, route suitability scores, go/no-go decisions, medical diagnoses, or causality claims."
35,35_1,RADAR_BASELINE_ACTIVITY,risk_response_experience,風險應對經驗,MISSING_EVIDENCE_ANNOTATION,SHOW_AS_INSUFFICIENT_EVIDENCE,"Current evidence does not formally observe risk recognition, avoidance, fallback, or decision behavior.","Current evidence does not formally observe risk recognition, avoidance, fallback, or decision behavior.",baseline_population_gate=PASS,INSUFFICIENT_EVIDENCE,NOT_PLOTTED_MISSING_EVIDENCE_ANNOTATION,missing-evidence annotation,risk handling score|safety decision|go/no-go decision,"CH6.5.5 personal ability radar data table v1 is a governed data-table layer only. It converts an axis contract and activity/person evidence into per-activity per-axis rows for future visualization. It does not create a radar plot and does not compute or authorize radar scores, ability scores, ability ranks, ability classes, THCI scores, final hiking risk scores, route suitability scores, go/no-go decisions, medical diagnoses, or causality claims."
35,35_1,RADAR_BASELINE_ACTIVITY,autonomous_completion_readiness,自主完成能力,DESCRIPTIVE_ANNOTATION,ALLOW_TEXT_ANNOTATION_ONLY,Route-load readiness / completion context exists; it is not proof of autonomous self-sufficiency. readiness_review_gate=EARLY_CHECKPOINT_REVIEW_REQUIRED; completion_time_min=125.8167.,"Completion evidence does not prove autonomous navigation, supply, equipment, or team-support independence.",baseline_population_gate=PASS,LIMITED_PROXY_OR_INSUFFICIENT_IF_COMPLETION_CONTEXT_MISSING,NOT_PLOTTED_DESCRIPTIVE_ANNOTATION_ONLY,completion-context annotation,self-sufficiency score|route suitability score|go/no-go decision,"CH6.5.5 personal ability radar data table v1 is a governed data-table layer only. It converts an axis contract and activity/person evidence into per-activity per-axis rows for future visualization. It does not create a radar plot and does not compute or authorize radar scores, ability scores, ability ranks, ability classes, THCI scores, final hiking risk scores, route suitability scores, go/no-go decisions, medical diagnoses, or causality claims."
35,35_1,RADAR_BASELINE_ACTIVITY,supply_equipment_support,補給／裝備支援,MISSING_EVIDENCE_ANNOTATION,SHOW_AS_INSUFFICIENT_EVIDENCE,"No personal supply, equipment, hydration, nutrition, packing, or support data is available.","No personal supply, equipment, hydration, nutrition, packing, or support data is available.",NO_REQUIRED_GATE,INSUFFICIENT_EVIDENCE,NOT_PLOTTED_MISSING_EVIDENCE_ANNOTATION,missing-evidence annotation,equipment readiness score|preparedness class|go/no-go decision,"CH6.5.5 personal ability radar data table v1 is a governed data-table layer only. It converts an axis contract and activity/person evidence into per-activity per-axis rows for future visualization. It does not create a radar plot and does not compute or authorize radar scores, ability scores, ability ranks, ability classes, THCI scores, final hiking risk scores, route suitability scores, go/no-go decisions, medical diagnoses, or causality claims."
36,36_1,RADAR_BASELINE_ACTIVITY,endurance_sustained_movement,持續耐力,DESCRIPTIVE_ANNOTATION,ALLOW_TEXT_ANNOTATION_ONLY,300s horizontal evidence is descriptive only. valid_windows=1; consumable_windows=1; p90_speed_mps=1.6866666666666668.,Horizontal 300s evidence covers only limited baseline activities; admission review did not admit it as standalone radar axis.,baseline_population_gate=PASS|route_continuity_300s_gate=PASS_HORIZONTAL,RETAIN_AS_DESCRIPTIVE_SUPPORTING_EVIDENCE,NOT_PLOTTED_DESCRIPTIVE_ANNOTATION_ONLY,text annotation describing limited sustained-movement evidence,numeric radar axis value|standalone ability ranking|score generation,"CH6.5.5 personal ability radar data table v1 is a governed data-table layer only. It converts an axis contract and activity/person evidence into per-activity per-axis rows for future visualization. It does not create a radar plot and does not compute or authorize radar scores, ability scores, ability ranks, ability classes, THCI scores, final hiking risk scores, route suitability scores, go/no-go decisions, medical diagnoses, or causality claims."
36,36_1,RADAR_BASELINE_ACTIVITY,uphill_load_tolerance,上坡負荷承受力,DESCRIPTIVE_ANNOTATION,ALLOW_TEXT_ANNOTATION_ONLY,300s vertical evidence is descriptive only. valid_windows=0; consumable_windows=0; p90_vam_mph=; p90_gain_m=.,Vertical 300s evidence covers limited baseline activities and is not admitted as standalone radar axis.,baseline_population_gate=PASS|route_continuity_300s_gate=NO_CONSUMABLE_VERTICAL_WINDOW|positive_delta_artifact_guard=BLOCKED_ARTIFACT_REVIEW|hr_validity_gate=CONTEXT_AVAILABLE,RETAIN_AS_DESCRIPTIVE_VERTICAL_CONTEXT,NOT_PLOTTED_DESCRIPTIVE_ANNOTATION_ONLY,text annotation describing limited uphill-load evidence,numeric radar axis value|standalone ability ranking|score generation|medical diagnosis,"CH6.5.5 personal ability radar data table v1 is a governed data-table layer only. It converts an axis contract and activity/person evidence into per-activity per-axis rows for future visualization. It does not create a radar plot and does not compute or authorize radar scores, ability scores, ability ranks, ability classes, THCI scores, final hiking risk scores, route suitability scores, go/no-go decisions, medical diagnoses, or causality claims."
36,36_1,RADAR_BASELINE_ACTIVITY,hr_load_management_recovery,HR負荷管理與恢復能力,DESCRIPTIVE_ANNOTATION,ALLOW_TEXT_ANNOTATION_ONLY,HR lifecycle / recovery evidence exists for this activity; retained as non-medical context only.,HR evidence depends on device validity and estimated HRmax; it should not be a medical or standalone ability axis.,baseline_population_gate=PASS|hr_validity_gate=CONTEXT_AVAILABLE,TEXT_CONTEXT_ONLY,NOT_PLOTTED_DESCRIPTIVE_ANNOTATION_ONLY,load-management annotation and evidence context,medical diagnosis|standalone ability axis|rank|class,"CH6.5.5 personal ability radar data table v1 is a governed data-table layer only. It converts an axis contract and activity/person evidence into per-activity per-axis rows for future visualization. It does not create a radar plot and does not compute or authorize radar scores, ability scores, ability ranks, ability classes, THCI scores, final hiking risk scores, route suitability scores, go/no-go decisions, medical diagnoses, or causality claims."
36,36_1,RADAR_BASELINE_ACTIVITY,weather_performance_maintenance,天候條件下表現維持,DESCRIPTIVE_ANNOTATION,ALLOW_TEXT_ANNOTATION_ONLY,Weather context is available at summary level but not resolved to this activity row; retain as descriptive annotation.,Weather evidence remains context / proxy and does not isolate weather tolerance as a personal ability.,baseline_population_gate=PASS|weather_context_gate=SUMMARY_CONTEXT_ONLY,LIMITED_PROXY_OR_INSUFFICIENT_IF_WEATHER_CONTEXT_MISSING,NOT_PLOTTED_DESCRIPTIVE_ANNOTATION_ONLY,weather-context annotation,weather tolerance score|go/no-go decision|risk score,"CH6.5.5 personal ability radar data table v1 is a governed data-table layer only. It converts an axis contract and activity/person evidence into per-activity per-axis rows for future visualization. It does not create a radar plot and does not compute or authorize radar scores, ability scores, ability ranks, ability classes, THCI scores, final hiking risk scores, route suitability scores, go/no-go decisions, medical diagnoses, or causality claims."
36,36_1,RADAR_BASELINE_ACTIVITY,deviation_correction_ability,偏離修正能力,MISSING_EVIDENCE_ANNOTATION,SHOW_AS_INSUFFICIENT_EVIDENCE,"No formal field currently measures deviation, correction latency, backtracking, or rejoin behavior.","No formal field currently measures deviation, correction latency, backtracking, or rejoin behavior.",baseline_population_gate=PASS|route_continuity_300s_gate=POLICY_ACTIVE_CONSUMABLE_WINDOWS_1,INSUFFICIENT_EVIDENCE,NOT_PLOTTED_MISSING_EVIDENCE_ANNOTATION,missing-evidence annotation,numeric deviation-correction ability axis|navigation score|rank,"CH6.5.5 personal ability radar data table v1 is a governed data-table layer only. It converts an axis contract and activity/person evidence into per-activity per-axis rows for future visualization. It does not create a radar plot and does not compute or authorize radar scores, ability scores, ability ranks, ability classes, THCI scores, final hiking risk scores, route suitability scores, go/no-go decisions, medical diagnoses, or causality claims."
36,36_1,RADAR_BASELINE_ACTIVITY,risk_response_experience,風險應對經驗,MISSING_EVIDENCE_ANNOTATION,SHOW_AS_INSUFFICIENT_EVIDENCE,"Current evidence does not formally observe risk recognition, avoidance, fallback, or decision behavior.","Current evidence does not formally observe risk recognition, avoidance, fallback, or decision behavior.",baseline_population_gate=PASS,INSUFFICIENT_EVIDENCE,NOT_PLOTTED_MISSING_EVIDENCE_ANNOTATION,missing-evidence annotation,risk handling score|safety decision|go/no-go decision,"CH6.5.5 personal ability radar data table v1 is a governed data-table layer only. It converts an axis contract and activity/person evidence into per-activity per-axis rows for future visualization. It does not create a radar plot and does not compute or authorize radar scores, ability scores, ability ranks, ability classes, THCI scores, final hiking risk scores, route suitability scores, go/no-go decisions, medical diagnoses, or causality claims."
36,36_1,RADAR_BASELINE_ACTIVITY,autonomous_completion_readiness,自主完成能力,DESCRIPTIVE_ANNOTATION,ALLOW_TEXT_ANNOTATION_ONLY,Route-load readiness / completion context exists; it is not proof of autonomous self-sufficiency. readiness_review_gate=EARLY_CHECKPOINT_REVIEW_REQUIRED; completion_time_min=133.3333.,"Completion evidence does not prove autonomous navigation, supply, equipment, or team-support independence.",baseline_population_gate=PASS,LIMITED_PROXY_OR_INSUFFICIENT_IF_COMPLETION_CONTEXT_MISSING,NOT_PLOTTED_DESCRIPTIVE_ANNOTATION_ONLY,completion-context annotation,self-sufficiency score|route suitability score|go/no-go decision,"CH6.5.5 personal ability radar data table v1 is a governed data-table layer only. It converts an axis contract and activity/person evidence into per-activity per-axis rows for future visualization. It does not create a radar plot and does not compute or authorize radar scores, ability scores, ability ranks, ability classes, THCI scores, final hiking risk scores, route suitability scores, go/no-go decisions, medical diagnoses, or causality claims."
36,36_1,RADAR_BASELINE_ACTIVITY,supply_equipment_support,補給／裝備支援,MISSING_EVIDENCE_ANNOTATION,SHOW_AS_INSUFFICIENT_EVIDENCE,"No personal supply, equipment, hydration, nutrition, packing, or support data is available.","No personal supply, equipment, hydration, nutrition, packing, or support data is available.",NO_REQUIRED_GATE,INSUFFICIENT_EVIDENCE,NOT_PLOTTED_MISSING_EVIDENCE_ANNOTATION,missing-evidence annotation,equipment readiness score|preparedness class|go/no-go decision,"CH6.5.5 personal ability radar data table v1 is a governed data-table layer only. It converts an axis contract and activity/person evidence into per-activity per-axis rows for future visualization. It does not create a radar plot and does not compute or authorize radar scores, ability scores, ability ranks, ability classes, THCI scores, final hiking risk scores, route suitability scores, go/no-go decisions, medical diagnoses, or causality claims."
37,37_1,RADAR_BASELINE_ACTIVITY,endurance_sustained_movement,持續耐力,DESCRIPTIVE_ANNOTATION,ALLOW_TEXT_ANNOTATION_ONLY,300s horizontal evidence is descriptive only. valid_windows=0; consumable_windows=0; p90_speed_mps=.,Horizontal 300s evidence covers only limited baseline activities; admission review did not admit it as standalone radar axis.,baseline_population_gate=PASS|route_continuity_300s_gate=NO_CONSUMABLE_HORIZONTAL_WINDOW,RETAIN_AS_DESCRIPTIVE_SUPPORTING_EVIDENCE,NOT_PLOTTED_DESCRIPTIVE_ANNOTATION_ONLY,text annotation describing limited sustained-movement evidence,numeric radar axis value|standalone ability ranking|score generation,"CH6.5.5 personal ability radar data table v1 is a governed data-table layer only. It converts an axis contract and activity/person evidence into per-activity per-axis rows for future visualization. It does not create a radar plot and does not compute or authorize radar scores, ability scores, ability ranks, ability classes, THCI scores, final hiking risk scores, route suitability scores, go/no-go decisions, medical diagnoses, or causality claims."
37,37_1,RADAR_BASELINE_ACTIVITY,uphill_load_tolerance,上坡負荷承受力,DESCRIPTIVE_ANNOTATION,ALLOW_TEXT_ANNOTATION_ONLY,300s vertical evidence is descriptive only. valid_windows=4; consumable_windows=4; p90_vam_mph=187.3272; p90_gain_m=15.610600000000002.,Vertical 300s evidence covers limited baseline activities and is not admitted as standalone radar axis.,baseline_population_gate=PASS|route_continuity_300s_gate=PASS_VERTICAL|positive_delta_artifact_guard=PASS_VERTICAL_CONSUMABLE|hr_validity_gate=CONTEXT_AVAILABLE,RETAIN_AS_DESCRIPTIVE_VERTICAL_CONTEXT,NOT_PLOTTED_DESCRIPTIVE_ANNOTATION_ONLY,text annotation describing limited uphill-load evidence,numeric radar axis value|standalone ability ranking|score generation|medical diagnosis,"CH6.5.5 personal ability radar data table v1 is a governed data-table layer only. It converts an axis contract and activity/person evidence into per-activity per-axis rows for future visualization. It does not create a radar plot and does not compute or authorize radar scores, ability scores, ability ranks, ability classes, THCI scores, final hiking risk scores, route suitability scores, go/no-go decisions, medical diagnoses, or causality claims."
37,37_1,RADAR_BASELINE_ACTIVITY,hr_load_management_recovery,HR負荷管理與恢復能力,DESCRIPTIVE_ANNOTATION,ALLOW_TEXT_ANNOTATION_ONLY,HR lifecycle / recovery evidence exists for this activity; retained as non-medical context only.,HR evidence depends on device validity and estimated HRmax; it should not be a medical or standalone ability axis.,baseline_population_gate=PASS|hr_validity_gate=CONTEXT_AVAILABLE,TEXT_CONTEXT_ONLY,NOT_PLOTTED_DESCRIPTIVE_ANNOTATION_ONLY,load-management annotation and evidence context,medical diagnosis|standalone ability axis|rank|class,"CH6.5.5 personal ability radar data table v1 is a governed data-table layer only. It converts an axis contract and activity/person evidence into per-activity per-axis rows for future visualization. It does not create a radar plot and does not compute or authorize radar scores, ability scores, ability ranks, ability classes, THCI scores, final hiking risk scores, route suitability scores, go/no-go decisions, medical diagnoses, or causality claims."
37,37_1,RADAR_BASELINE_ACTIVITY,weather_performance_maintenance,天候條件下表現維持,DESCRIPTIVE_ANNOTATION,ALLOW_TEXT_ANNOTATION_ONLY,Weather context is available at summary level but not resolved to this activity row; retain as descriptive annotation.,Weather evidence remains context / proxy and does not isolate weather tolerance as a personal ability.,baseline_population_gate=PASS|weather_context_gate=SUMMARY_CONTEXT_ONLY,LIMITED_PROXY_OR_INSUFFICIENT_IF_WEATHER_CONTEXT_MISSING,NOT_PLOTTED_DESCRIPTIVE_ANNOTATION_ONLY,weather-context annotation,weather tolerance score|go/no-go decision|risk score,"CH6.5.5 personal ability radar data table v1 is a governed data-table layer only. It converts an axis contract and activity/person evidence into per-activity per-axis rows for future visualization. It does not create a radar plot and does not compute or authorize radar scores, ability scores, ability ranks, ability classes, THCI scores, final hiking risk scores, route suitability scores, go/no-go decisions, medical diagnoses, or causality claims."
37,37_1,RADAR_BASELINE_ACTIVITY,deviation_correction_ability,偏離修正能力,MISSING_EVIDENCE_ANNOTATION,SHOW_AS_INSUFFICIENT_EVIDENCE,"No formal field currently measures deviation, correction latency, backtracking, or rejoin behavior.","No formal field currently measures deviation, correction latency, backtracking, or rejoin behavior.",baseline_population_gate=PASS|route_continuity_300s_gate=POLICY_ACTIVE_CONSUMABLE_WINDOWS_4,INSUFFICIENT_EVIDENCE,NOT_PLOTTED_MISSING_EVIDENCE_ANNOTATION,missing-evidence annotation,numeric deviation-correction ability axis|navigation score|rank,"CH6.5.5 personal ability radar data table v1 is a governed data-table layer only. It converts an axis contract and activity/person evidence into per-activity per-axis rows for future visualization. It does not create a radar plot and does not compute or authorize radar scores, ability scores, ability ranks, ability classes, THCI scores, final hiking risk scores, route suitability scores, go/no-go decisions, medical diagnoses, or causality claims."
37,37_1,RADAR_BASELINE_ACTIVITY,risk_response_experience,風險應對經驗,MISSING_EVIDENCE_ANNOTATION,SHOW_AS_INSUFFICIENT_EVIDENCE,"Current evidence does not formally observe risk recognition, avoidance, fallback, or decision behavior.","Current evidence does not formally observe risk recognition, avoidance, fallback, or decision behavior.",baseline_population_gate=PASS,INSUFFICIENT_EVIDENCE,NOT_PLOTTED_MISSING_EVIDENCE_ANNOTATION,missing-evidence annotation,risk handling score|safety decision|go/no-go decision,"CH6.5.5 personal ability radar data table v1 is a governed data-table layer only. It converts an axis contract and activity/person evidence into per-activity per-axis rows for future visualization. It does not create a radar plot and does not compute or authorize radar scores, ability scores, ability ranks, ability classes, THCI scores, final hiking risk scores, route suitability scores, go/no-go decisions, medical diagnoses, or causality claims."
37,37_1,RADAR_BASELINE_ACTIVITY,autonomous_completion_readiness,自主完成能力,DESCRIPTIVE_ANNOTATION,ALLOW_TEXT_ANNOTATION_ONLY,Route-load readiness / completion context exists; it is not proof of autonomous self-sufficiency. readiness_review_gate=EARLY_CHECKPOINT_REVIEW_REQUIRED; completion_time_min=158.5167.,"Completion evidence does not prove autonomous navigation, supply, equipment, or team-support independence.",baseline_population_gate=PASS,LIMITED_PROXY_OR_INSUFFICIENT_IF_COMPLETION_CONTEXT_MISSING,NOT_PLOTTED_DESCRIPTIVE_ANNOTATION_ONLY,completion-context annotation,self-sufficiency score|route suitability score|go/no-go decision,"CH6.5.5 personal ability radar data table v1 is a governed data-table layer only. It converts an axis contract and activity/person evidence into per-activity per-axis rows for future visualization. It does not create a radar plot and does not compute or authorize radar scores, ability scores, ability ranks, ability classes, THCI scores, final hiking risk scores, route suitability scores, go/no-go decisions, medical diagnoses, or causality claims."
37,37_1,RADAR_BASELINE_ACTIVITY,supply_equipment_support,補給／裝備支援,MISSING_EVIDENCE_ANNOTATION,SHOW_AS_INSUFFICIENT_EVIDENCE,"No personal supply, equipment, hydration, nutrition, packing, or support data is available.","No personal supply, equipment, hydration, nutrition, packing, or support data is available.",NO_REQUIRED_GATE,INSUFFICIENT_EVIDENCE,NOT_PLOTTED_MISSING_EVIDENCE_ANNOTATION,missing-evidence annotation,equipment readiness score|preparedness class|go/no-go decision,"CH6.5.5 personal ability radar data table v1 is a governed data-table layer only. It converts an axis contract and activity/person evidence into per-activity per-axis rows for future visualization. It does not create a radar plot and does not compute or authorize radar scores, ability scores, ability ranks, ability classes, THCI scores, final hiking risk scores, route suitability scores, go/no-go decisions, medical diagnoses, or causality claims."
38,38_1,RADAR_BASELINE_ACTIVITY,endurance_sustained_movement,持續耐力,DESCRIPTIVE_ANNOTATION,ALLOW_TEXT_ANNOTATION_ONLY,300s horizontal evidence is descriptive only. valid_windows=0; consumable_windows=0; p90_speed_mps=.,Horizontal 300s evidence covers only limited baseline activities; admission review did not admit it as standalone radar axis.,baseline_population_gate=PASS|route_continuity_300s_gate=NO_CONSUMABLE_HORIZONTAL_WINDOW,RETAIN_AS_DESCRIPTIVE_SUPPORTING_EVIDENCE,NOT_PLOTTED_DESCRIPTIVE_ANNOTATION_ONLY,text annotation describing limited sustained-movement evidence,numeric radar axis value|standalone ability ranking|score generation,"CH6.5.5 personal ability radar data table v1 is a governed data-table layer only. It converts an axis contract and activity/person evidence into per-activity per-axis rows for future visualization. It does not create a radar plot and does not compute or authorize radar scores, ability scores, ability ranks, ability classes, THCI scores, final hiking risk scores, route suitability scores, go/no-go decisions, medical diagnoses, or causality claims."
38,38_1,RADAR_BASELINE_ACTIVITY,uphill_load_tolerance,上坡負荷承受力,DESCRIPTIVE_ANNOTATION,ALLOW_TEXT_ANNOTATION_ONLY,300s vertical evidence is descriptive only. valid_windows=17; consumable_windows=17; p90_vam_mph=271.6930909090909; p90_gain_m=22.5098.,Vertical 300s evidence covers limited baseline activities and is not admitted as standalone radar axis.,baseline_population_gate=PASS|route_continuity_300s_gate=PASS_VERTICAL|positive_delta_artifact_guard=PASS_VERTICAL_CONSUMABLE|hr_validity_gate=CONTEXT_AVAILABLE,RETAIN_AS_DESCRIPTIVE_VERTICAL_CONTEXT,NOT_PLOTTED_DESCRIPTIVE_ANNOTATION_ONLY,text annotation describing limited uphill-load evidence,numeric radar axis value|standalone ability ranking|score generation|medical diagnosis,"CH6.5.5 personal ability radar data table v1 is a governed data-table layer only. It converts an axis contract and activity/person evidence into per-activity per-axis rows for future visualization. It does not create a radar plot and does not compute or authorize radar scores, ability scores, ability ranks, ability classes, THCI scores, final hiking risk scores, route suitability scores, go/no-go decisions, medical diagnoses, or causality claims."
38,38_1,RADAR_BASELINE_ACTIVITY,hr_load_management_recovery,HR負荷管理與恢復能力,DESCRIPTIVE_ANNOTATION,ALLOW_TEXT_ANNOTATION_ONLY,HR lifecycle / recovery evidence exists for this activity; retained as non-medical context only.,HR evidence depends on device validity and estimated HRmax; it should not be a medical or standalone ability axis.,baseline_population_gate=PASS|hr_validity_gate=CONTEXT_AVAILABLE,TEXT_CONTEXT_ONLY,NOT_PLOTTED_DESCRIPTIVE_ANNOTATION_ONLY,load-management annotation and evidence context,medical diagnosis|standalone ability axis|rank|class,"CH6.5.5 personal ability radar data table v1 is a governed data-table layer only. It converts an axis contract and activity/person evidence into per-activity per-axis rows for future visualization. It does not create a radar plot and does not compute or authorize radar scores, ability scores, ability ranks, ability classes, THCI scores, final hiking risk scores, route suitability scores, go/no-go decisions, medical diagnoses, or causality claims."
38,38_1,RADAR_BASELINE_ACTIVITY,weather_performance_maintenance,天候條件下表現維持,DESCRIPTIVE_ANNOTATION,ALLOW_TEXT_ANNOTATION_ONLY,Weather context is available at summary level but not resolved to this activity row; retain as descriptive annotation.,Weather evidence remains context / proxy and does not isolate weather tolerance as a personal ability.,baseline_population_gate=PASS|weather_context_gate=SUMMARY_CONTEXT_ONLY,LIMITED_PROXY_OR_INSUFFICIENT_IF_WEATHER_CONTEXT_MISSING,NOT_PLOTTED_DESCRIPTIVE_ANNOTATION_ONLY,weather-context annotation,weather tolerance score|go/no-go decision|risk score,"CH6.5.5 personal ability radar data table v1 is a governed data-table layer only. It converts an axis contract and activity/person evidence into per-activity per-axis rows for future visualization. It does not create a radar plot and does not compute or authorize radar scores, ability scores, ability ranks, ability classes, THCI scores, final hiking risk scores, route suitability scores, go/no-go decisions, medical diagnoses, or causality claims."
38,38_1,RADAR_BASELINE_ACTIVITY,deviation_correction_ability,偏離修正能力,MISSING_EVIDENCE_ANNOTATION,SHOW_AS_INSUFFICIENT_EVIDENCE,"No formal field currently measures deviation, correction latency, backtracking, or rejoin behavior.","No formal field currently measures deviation, correction latency, backtracking, or rejoin behavior.",baseline_population_gate=PASS|route_continuity_300s_gate=POLICY_ACTIVE_CONSUMABLE_WINDOWS_17,INSUFFICIENT_EVIDENCE,NOT_PLOTTED_MISSING_EVIDENCE_ANNOTATION,missing-evidence annotation,numeric deviation-correction ability axis|navigation score|rank,"CH6.5.5 personal ability radar data table v1 is a governed data-table layer only. It converts an axis contract and activity/person evidence into per-activity per-axis rows for future visualization. It does not create a radar plot and does not compute or authorize radar scores, ability scores, ability ranks, ability classes, THCI scores, final hiking risk scores, route suitability scores, go/no-go decisions, medical diagnoses, or causality claims."
38,38_1,RADAR_BASELINE_ACTIVITY,risk_response_experience,風險應對經驗,MISSING_EVIDENCE_ANNOTATION,SHOW_AS_INSUFFICIENT_EVIDENCE,"Current evidence does not formally observe risk recognition, avoidance, fallback, or decision behavior.","Current evidence does not formally observe risk recognition, avoidance, fallback, or decision behavior.",baseline_population_gate=PASS,INSUFFICIENT_EVIDENCE,NOT_PLOTTED_MISSING_EVIDENCE_ANNOTATION,missing-evidence annotation,risk handling score|safety decision|go/no-go decision,"CH6.5.5 personal ability radar data table v1 is a governed data-table layer only. It converts an axis contract and activity/person evidence into per-activity per-axis rows for future visualization. It does not create a radar plot and does not compute or authorize radar scores, ability scores, ability ranks, ability classes, THCI scores, final hiking risk scores, route suitability scores, go/no-go decisions, medical diagnoses, or causality claims."
38,38_1,RADAR_BASELINE_ACTIVITY,autonomous_completion_readiness,自主完成能力,DESCRIPTIVE_ANNOTATION,ALLOW_TEXT_ANNOTATION_ONLY,Route-load readiness / completion context exists; it is not proof of autonomous self-sufficiency. readiness_review_gate=CONSERVATIVE_PACING_RECOMMENDED; completion_time_min=169.7667.,"Completion evidence does not prove autonomous navigation, supply, equipment, or team-support independence.",baseline_population_gate=PASS,LIMITED_PROXY_OR_INSUFFICIENT_IF_COMPLETION_CONTEXT_MISSING,NOT_PLOTTED_DESCRIPTIVE_ANNOTATION_ONLY,completion-context annotation,self-sufficiency score|route suitability score|go/no-go decision,"CH6.5.5 personal ability radar data table v1 is a governed data-table layer only. It converts an axis contract and activity/person evidence into per-activity per-axis rows for future visualization. It does not create a radar plot and does not compute or authorize radar scores, ability scores, ability ranks, ability classes, THCI scores, final hiking risk scores, route suitability scores, go/no-go decisions, medical diagnoses, or causality claims."
38,38_1,RADAR_BASELINE_ACTIVITY,supply_equipment_support,補給／裝備支援,MISSING_EVIDENCE_ANNOTATION,SHOW_AS_INSUFFICIENT_EVIDENCE,"No personal supply, equipment, hydration, nutrition, packing, or support data is available.","No personal supply, equipment, hydration, nutrition, packing, or support data is available.",NO_REQUIRED_GATE,INSUFFICIENT_EVIDENCE,NOT_PLOTTED_MISSING_EVIDENCE_ANNOTATION,missing-evidence annotation,equipment readiness score|preparedness class|go/no-go decision,"CH6.5.5 personal ability radar data table v1 is a governed data-table layer only. It converts an axis contract and activity/person evidence into per-activity per-axis rows for future visualization. It does not create a radar plot and does not compute or authorize radar scores, ability scores, ability ranks, ability classes, THCI scores, final hiking risk scores, route suitability scores, go/no-go decisions, medical diagnoses, or causality claims."
40,40_1,RADAR_BASELINE_ACTIVITY,endurance_sustained_movement,持續耐力,DESCRIPTIVE_ANNOTATION,ALLOW_TEXT_ANNOTATION_ONLY,300s horizontal evidence is descriptive only. valid_windows=0; consumable_windows=0; p90_speed_mps=.,Horizontal 300s evidence covers only limited baseline activities; admission review did not admit it as standalone radar axis.,baseline_population_gate=PASS|route_continuity_300s_gate=NO_CONSUMABLE_HORIZONTAL_WINDOW,RETAIN_AS_DESCRIPTIVE_SUPPORTING_EVIDENCE,NOT_PLOTTED_DESCRIPTIVE_ANNOTATION_ONLY,text annotation describing limited sustained-movement evidence,numeric radar axis value|standalone ability ranking|score generation,"CH6.5.5 personal ability radar data table v1 is a governed data-table layer only. It converts an axis contract and activity/person evidence into per-activity per-axis rows for future visualization. It does not create a radar plot and does not compute or authorize radar scores, ability scores, ability ranks, ability classes, THCI scores, final hiking risk scores, route suitability scores, go/no-go decisions, medical diagnoses, or causality claims."
40,40_1,RADAR_BASELINE_ACTIVITY,uphill_load_tolerance,上坡負荷承受力,DESCRIPTIVE_ANNOTATION,ALLOW_TEXT_ANNOTATION_ONLY,300s vertical evidence is descriptive only. valid_windows=0; consumable_windows=0; p90_vam_mph=; p90_gain_m=.,Vertical 300s evidence covers limited baseline activities and is not admitted as standalone radar axis.,baseline_population_gate=PASS|route_continuity_300s_gate=NO_CONSUMABLE_VERTICAL_WINDOW|positive_delta_artifact_guard=BLOCKED_ARTIFACT_REVIEW|hr_validity_gate=NO_ACTIVITY_LEVEL_HR_CONTEXT,RETAIN_AS_DESCRIPTIVE_VERTICAL_CONTEXT,NOT_PLOTTED_DESCRIPTIVE_ANNOTATION_ONLY,text annotation describing limited uphill-load evidence,numeric radar axis value|standalone ability ranking|score generation|medical diagnosis,"CH6.5.5 personal ability radar data table v1 is a governed data-table layer only. It converts an axis contract and activity/person evidence into per-activity per-axis rows for future visualization. It does not create a radar plot and does not compute or authorize radar scores, ability scores, ability ranks, ability classes, THCI scores, final hiking risk scores, route suitability scores, go/no-go decisions, medical diagnoses, or causality claims."
40,40_1,RADAR_BASELINE_ACTIVITY,hr_load_management_recovery,HR負荷管理與恢復能力,DESCRIPTIVE_ANNOTATION,ALLOW_TEXT_ANNOTATION_ONLY,HR lifecycle / recovery evidence exists for this activity; retained as non-medical context only.,HR evidence depends on device validity and estimated HRmax; it should not be a medical or standalone ability axis.,baseline_population_gate=PASS|hr_validity_gate=NO_ACTIVITY_LEVEL_HR_CONTEXT,TEXT_CONTEXT_ONLY,NOT_PLOTTED_DESCRIPTIVE_ANNOTATION_ONLY,load-management annotation and evidence context,medical diagnosis|standalone ability axis|rank|class,"CH6.5.5 personal ability radar data table v1 is a governed data-table layer only. It converts an axis contract and activity/person evidence into per-activity per-axis rows for future visualization. It does not create a radar plot and does not compute or authorize radar scores, ability scores, ability ranks, ability classes, THCI scores, final hiking risk scores, route suitability scores, go/no-go decisions, medical diagnoses, or causality claims."
40,40_1,RADAR_BASELINE_ACTIVITY,weather_performance_maintenance,天候條件下表現維持,DESCRIPTIVE_ANNOTATION,ALLOW_TEXT_ANNOTATION_ONLY,Weather context is available at summary level but not resolved to this activity row; retain as descriptive annotation.,Weather evidence remains context / proxy and does not isolate weather tolerance as a personal ability.,baseline_population_gate=PASS|weather_context_gate=SUMMARY_CONTEXT_ONLY,LIMITED_PROXY_OR_INSUFFICIENT_IF_WEATHER_CONTEXT_MISSING,NOT_PLOTTED_DESCRIPTIVE_ANNOTATION_ONLY,weather-context annotation,weather tolerance score|go/no-go decision|risk score,"CH6.5.5 personal ability radar data table v1 is a governed data-table layer only. It converts an axis contract and activity/person evidence into per-activity per-axis rows for future visualization. It does not create a radar plot and does not compute or authorize radar scores, ability scores, ability ranks, ability classes, THCI scores, final hiking risk scores, route suitability scores, go/no-go decisions, medical diagnoses, or causality claims."
40,40_1,RADAR_BASELINE_ACTIVITY,deviation_correction_ability,偏離修正能力,MISSING_EVIDENCE_ANNOTATION,SHOW_AS_INSUFFICIENT_EVIDENCE,"No formal field currently measures deviation, correction latency, backtracking, or rejoin behavior.","No formal field currently measures deviation, correction latency, backtracking, or rejoin behavior.",baseline_population_gate=PASS|route_continuity_300s_gate=POLICY_ACTIVE_CONSUMABLE_WINDOWS_0,INSUFFICIENT_EVIDENCE,NOT_PLOTTED_MISSING_EVIDENCE_ANNOTATION,missing-evidence annotation,numeric deviation-correction ability axis|navigation score|rank,"CH6.5.5 personal ability radar data table v1 is a governed data-table layer only. It converts an axis contract and activity/person evidence into per-activity per-axis rows for future visualization. It does not create a radar plot and does not compute or authorize radar scores, ability scores, ability ranks, ability classes, THCI scores, final hiking risk scores, route suitability scores, go/no-go decisions, medical diagnoses, or causality claims."
40,40_1,RADAR_BASELINE_ACTIVITY,risk_response_experience,風險應對經驗,MISSING_EVIDENCE_ANNOTATION,SHOW_AS_INSUFFICIENT_EVIDENCE,"Current evidence does not formally observe risk recognition, avoidance, fallback, or decision behavior.","Current evidence does not formally observe risk recognition, avoidance, fallback, or decision behavior.",baseline_population_gate=PASS,INSUFFICIENT_EVIDENCE,NOT_PLOTTED_MISSING_EVIDENCE_ANNOTATION,missing-evidence annotation,risk handling score|safety decision|go/no-go decision,"CH6.5.5 personal ability radar data table v1 is a governed data-table layer only. It converts an axis contract and activity/person evidence into per-activity per-axis rows for future visualization. It does not create a radar plot and does not compute or authorize radar scores, ability scores, ability ranks, ability classes, THCI scores, final hiking risk scores, route suitability scores, go/no-go decisions, medical diagnoses, or causality claims."
40,40_1,RADAR_BASELINE_ACTIVITY,autonomous_completion_readiness,自主完成能力,DESCRIPTIVE_ANNOTATION,ALLOW_TEXT_ANNOTATION_ONLY,Route-load readiness / completion context exists; it is not proof of autonomous self-sufficiency. readiness_review_gate=CONSERVATIVE_PACING_RECOMMENDED; completion_time_min=128.1833.,"Completion evidence does not prove autonomous navigation, supply, equipment, or team-support independence.",baseline_population_gate=PASS,LIMITED_PROXY_OR_INSUFFICIENT_IF_COMPLETION_CONTEXT_MISSING,NOT_PLOTTED_DESCRIPTIVE_ANNOTATION_ONLY,completion-context annotation,self-sufficiency score|route suitability score|go/no-go decision,"CH6.5.5 personal ability radar data table v1 is a governed data-table layer only. It converts an axis contract and activity/person evidence into per-activity per-axis rows for future visualization. It does not create a radar plot and does not compute or authorize radar scores, ability scores, ability ranks, ability classes, THCI scores, final hiking risk scores, route suitability scores, go/no-go decisions, medical diagnoses, or causality claims."
40,40_1,RADAR_BASELINE_ACTIVITY,supply_equipment_support,補給／裝備支援,MISSING_EVIDENCE_ANNOTATION,SHOW_AS_INSUFFICIENT_EVIDENCE,"No personal supply, equipment, hydration, nutrition, packing, or support data is available.","No personal supply, equipment, hydration, nutrition, packing, or support data is available.",NO_REQUIRED_GATE,INSUFFICIENT_EVIDENCE,NOT_PLOTTED_MISSING_EVIDENCE_ANNOTATION,missing-evidence annotation,equipment readiness score|preparedness class|go/no-go decision,"CH6.5.5 personal ability radar data table v1 is a governed data-table layer only. It converts an axis contract and activity/person evidence into per-activity per-axis rows for future visualization. It does not create a radar plot and does not compute or authorize radar scores, ability scores, ability ranks, ability classes, THCI scores, final hiking risk scores, route suitability scores, go/no-go decisions, medical diagnoses, or causality claims."
41,41_1,RADAR_BASELINE_ACTIVITY,endurance_sustained_movement,持續耐力,DESCRIPTIVE_ANNOTATION,ALLOW_TEXT_ANNOTATION_ONLY,300s horizontal evidence is descriptive only. valid_windows=0; consumable_windows=0; p90_speed_mps=.,Horizontal 300s evidence covers only limited baseline activities; admission review did not admit it as standalone radar axis.,baseline_population_gate=PASS|route_continuity_300s_gate=NO_CONSUMABLE_HORIZONTAL_WINDOW,RETAIN_AS_DESCRIPTIVE_SUPPORTING_EVIDENCE,NOT_PLOTTED_DESCRIPTIVE_ANNOTATION_ONLY,text annotation describing limited sustained-movement evidence,numeric radar axis value|standalone ability ranking|score generation,"CH6.5.5 personal ability radar data table v1 is a governed data-table layer only. It converts an axis contract and activity/person evidence into per-activity per-axis rows for future visualization. It does not create a radar plot and does not compute or authorize radar scores, ability scores, ability ranks, ability classes, THCI scores, final hiking risk scores, route suitability scores, go/no-go decisions, medical diagnoses, or causality claims."
41,41_1,RADAR_BASELINE_ACTIVITY,uphill_load_tolerance,上坡負荷承受力,DESCRIPTIVE_ANNOTATION,ALLOW_TEXT_ANNOTATION_ONLY,300s vertical evidence is descriptive only. valid_windows=0; consumable_windows=0; p90_vam_mph=; p90_gain_m=.,Vertical 300s evidence covers limited baseline activities and is not admitted as standalone radar axis.,baseline_population_gate=PASS|route_continuity_300s_gate=NO_CONSUMABLE_VERTICAL_WINDOW|positive_delta_artifact_guard=BLOCKED_ARTIFACT_REVIEW|hr_validity_gate=NO_ACTIVITY_LEVEL_HR_CONTEXT,RETAIN_AS_DESCRIPTIVE_VERTICAL_CONTEXT,NOT_PLOTTED_DESCRIPTIVE_ANNOTATION_ONLY,text annotation describing limited uphill-load evidence,numeric radar axis value|standalone ability ranking|score generation|medical diagnosis,"CH6.5.5 personal ability radar data table v1 is a governed data-table layer only. It converts an axis contract and activity/person evidence into per-activity per-axis rows for future visualization. It does not create a radar plot and does not compute or authorize radar scores, ability scores, ability ranks, ability classes, THCI scores, final hiking risk scores, route suitability scores, go/no-go decisions, medical diagnoses, or causality claims."
41,41_1,RADAR_BASELINE_ACTIVITY,hr_load_management_recovery,HR負荷管理與恢復能力,DESCRIPTIVE_ANNOTATION,ALLOW_TEXT_ANNOTATION_ONLY,HR lifecycle / recovery evidence exists for this activity; retained as non-medical context only.,HR evidence depends on device validity and estimated HRmax; it should not be a medical or standalone ability axis.,baseline_population_gate=PASS|hr_validity_gate=NO_ACTIVITY_LEVEL_HR_CONTEXT,TEXT_CONTEXT_ONLY,NOT_PLOTTED_DESCRIPTIVE_ANNOTATION_ONLY,load-management annotation and evidence context,medical diagnosis|standalone ability axis|rank|class,"CH6.5.5 personal ability radar data table v1 is a governed data-table layer only. It converts an axis contract and activity/person evidence into per-activity per-axis rows for future visualization. It does not create a radar plot and does not compute or authorize radar scores, ability scores, ability ranks, ability classes, THCI scores, final hiking risk scores, route suitability scores, go/no-go decisions, medical diagnoses, or causality claims."
41,41_1,RADAR_BASELINE_ACTIVITY,weather_performance_maintenance,天候條件下表現維持,DESCRIPTIVE_ANNOTATION,ALLOW_TEXT_ANNOTATION_ONLY,Weather context is available at summary level but not resolved to this activity row; retain as descriptive annotation.,Weather evidence remains context / proxy and does not isolate weather tolerance as a personal ability.,baseline_population_gate=PASS|weather_context_gate=SUMMARY_CONTEXT_ONLY,LIMITED_PROXY_OR_INSUFFICIENT_IF_WEATHER_CONTEXT_MISSING,NOT_PLOTTED_DESCRIPTIVE_ANNOTATION_ONLY,weather-context annotation,weather tolerance score|go/no-go decision|risk score,"CH6.5.5 personal ability radar data table v1 is a governed data-table layer only. It converts an axis contract and activity/person evidence into per-activity per-axis rows for future visualization. It does not create a radar plot and does not compute or authorize radar scores, ability scores, ability ranks, ability classes, THCI scores, final hiking risk scores, route suitability scores, go/no-go decisions, medical diagnoses, or causality claims."
41,41_1,RADAR_BASELINE_ACTIVITY,deviation_correction_ability,偏離修正能力,MISSING_EVIDENCE_ANNOTATION,SHOW_AS_INSUFFICIENT_EVIDENCE,"No formal field currently measures deviation, correction latency, backtracking, or rejoin behavior.","No formal field currently measures deviation, correction latency, backtracking, or rejoin behavior.",baseline_population_gate=PASS|route_continuity_300s_gate=POLICY_ACTIVE_CONSUMABLE_WINDOWS_0,INSUFFICIENT_EVIDENCE,NOT_PLOTTED_MISSING_EVIDENCE_ANNOTATION,missing-evidence annotation,numeric deviation-correction ability axis|navigation score|rank,"CH6.5.5 personal ability radar data table v1 is a governed data-table layer only. It converts an axis contract and activity/person evidence into per-activity per-axis rows for future visualization. It does not create a radar plot and does not compute or authorize radar scores, ability scores, ability ranks, ability classes, THCI scores, final hiking risk scores, route suitability scores, go/no-go decisions, medical diagnoses, or causality claims."
41,41_1,RADAR_BASELINE_ACTIVITY,risk_response_experience,風險應對經驗,MISSING_EVIDENCE_ANNOTATION,SHOW_AS_INSUFFICIENT_EVIDENCE,"Current evidence does not formally observe risk recognition, avoidance, fallback, or decision behavior.","Current evidence does not formally observe risk recognition, avoidance, fallback, or decision behavior.",baseline_population_gate=PASS,INSUFFICIENT_EVIDENCE,NOT_PLOTTED_MISSING_EVIDENCE_ANNOTATION,missing-evidence annotation,risk handling score|safety decision|go/no-go decision,"CH6.5.5 personal ability radar data table v1 is a governed data-table layer only. It converts an axis contract and activity/person evidence into per-activity per-axis rows for future visualization. It does not create a radar plot and does not compute or authorize radar scores, ability scores, ability ranks, ability classes, THCI scores, final hiking risk scores, route suitability scores, go/no-go decisions, medical diagnoses, or causality claims."
41,41_1,RADAR_BASELINE_ACTIVITY,autonomous_completion_readiness,自主完成能力,DESCRIPTIVE_ANNOTATION,ALLOW_TEXT_ANNOTATION_ONLY,Route-load readiness / completion context exists; it is not proof of autonomous self-sufficiency. readiness_review_gate=CONSERVATIVE_PACING_RECOMMENDED; completion_time_min=117.55.,"Completion evidence does not prove autonomous navigation, supply, equipment, or team-support independence.",baseline_population_gate=PASS,LIMITED_PROXY_OR_INSUFFICIENT_IF_COMPLETION_CONTEXT_MISSING,NOT_PLOTTED_DESCRIPTIVE_ANNOTATION_ONLY,completion-context annotation,self-sufficiency score|route suitability score|go/no-go decision,"CH6.5.5 personal ability radar data table v1 is a governed data-table layer only. It converts an axis contract and activity/person evidence into per-activity per-axis rows for future visualization. It does not create a radar plot and does not compute or authorize radar scores, ability scores, ability ranks, ability classes, THCI scores, final hiking risk scores, route suitability scores, go/no-go decisions, medical diagnoses, or causality claims."
41,41_1,RADAR_BASELINE_ACTIVITY,supply_equipment_support,補給／裝備支援,MISSING_EVIDENCE_ANNOTATION,SHOW_AS_INSUFFICIENT_EVIDENCE,"No personal supply, equipment, hydration, nutrition, packing, or support data is available.","No personal supply, equipment, hydration, nutrition, packing, or support data is available.",NO_REQUIRED_GATE,INSUFFICIENT_EVIDENCE,NOT_PLOTTED_MISSING_EVIDENCE_ANNOTATION,missing-evidence annotation,equipment readiness score|preparedness class|go/no-go decision,"CH6.5.5 personal ability radar data table v1 is a governed data-table layer only. It converts an axis contract and activity/person evidence into per-activity per-axis rows for future visualization. It does not create a radar plot and does not compute or authorize radar scores, ability scores, ability ranks, ability classes, THCI scores, final hiking risk scores, route suitability scores, go/no-go decisions, medical diagnoses, or causality claims."
42,42_1,RADAR_BASELINE_ACTIVITY,endurance_sustained_movement,持續耐力,DESCRIPTIVE_ANNOTATION,ALLOW_TEXT_ANNOTATION_ONLY,300s horizontal evidence is descriptive only. valid_windows=3; consumable_windows=3; p90_speed_mps=1.868.,Horizontal 300s evidence covers only limited baseline activities; admission review did not admit it as standalone radar axis.,baseline_population_gate=PASS|route_continuity_300s_gate=PASS_HORIZONTAL,RETAIN_AS_DESCRIPTIVE_SUPPORTING_EVIDENCE,NOT_PLOTTED_DESCRIPTIVE_ANNOTATION_ONLY,text annotation describing limited sustained-movement evidence,numeric radar axis value|standalone ability ranking|score generation,"CH6.5.5 personal ability radar data table v1 is a governed data-table layer only. It converts an axis contract and activity/person evidence into per-activity per-axis rows for future visualization. It does not create a radar plot and does not compute or authorize radar scores, ability scores, ability ranks, ability classes, THCI scores, final hiking risk scores, route suitability scores, go/no-go decisions, medical diagnoses, or causality claims."
42,42_1,RADAR_BASELINE_ACTIVITY,uphill_load_tolerance,上坡負荷承受力,DESCRIPTIVE_ANNOTATION,ALLOW_TEXT_ANNOTATION_ONLY,300s vertical evidence is descriptive only. valid_windows=0; consumable_windows=0; p90_vam_mph=; p90_gain_m=.,Vertical 300s evidence covers limited baseline activities and is not admitted as standalone radar axis.,baseline_population_gate=PASS|route_continuity_300s_gate=NO_CONSUMABLE_VERTICAL_WINDOW|positive_delta_artifact_guard=BLOCKED_ARTIFACT_REVIEW|hr_validity_gate=CONTEXT_AVAILABLE,RETAIN_AS_DESCRIPTIVE_VERTICAL_CONTEXT,NOT_PLOTTED_DESCRIPTIVE_ANNOTATION_ONLY,text annotation describing limited uphill-load evidence,numeric radar axis value|standalone ability ranking|score generation|medical diagnosis,"CH6.5.5 personal ability radar data table v1 is a governed data-table layer only. It converts an axis contract and activity/person evidence into per-activity per-axis rows for future visualization. It does not create a radar plot and does not compute or authorize radar scores, ability scores, ability ranks, ability classes, THCI scores, final hiking risk scores, route suitability scores, go/no-go decisions, medical diagnoses, or causality claims."
42,42_1,RADAR_BASELINE_ACTIVITY,hr_load_management_recovery,HR負荷管理與恢復能力,DESCRIPTIVE_ANNOTATION,ALLOW_TEXT_ANNOTATION_ONLY,HR lifecycle / recovery evidence exists for this activity; retained as non-medical context only.,HR evidence depends on device validity and estimated HRmax; it should not be a medical or standalone ability axis.,baseline_population_gate=PASS|hr_validity_gate=CONTEXT_AVAILABLE,TEXT_CONTEXT_ONLY,NOT_PLOTTED_DESCRIPTIVE_ANNOTATION_ONLY,load-management annotation and evidence context,medical diagnosis|standalone ability axis|rank|class,"CH6.5.5 personal ability radar data table v1 is a governed data-table layer only. It converts an axis contract and activity/person evidence into per-activity per-axis rows for future visualization. It does not create a radar plot and does not compute or authorize radar scores, ability scores, ability ranks, ability classes, THCI scores, final hiking risk scores, route suitability scores, go/no-go decisions, medical diagnoses, or causality claims."
42,42_1,RADAR_BASELINE_ACTIVITY,weather_performance_maintenance,天候條件下表現維持,DESCRIPTIVE_ANNOTATION,ALLOW_TEXT_ANNOTATION_ONLY,Weather context is available at summary level but not resolved to this activity row; retain as descriptive annotation.,Weather evidence remains context / proxy and does not isolate weather tolerance as a personal ability.,baseline_population_gate=PASS|weather_context_gate=SUMMARY_CONTEXT_ONLY,LIMITED_PROXY_OR_INSUFFICIENT_IF_WEATHER_CONTEXT_MISSING,NOT_PLOTTED_DESCRIPTIVE_ANNOTATION_ONLY,weather-context annotation,weather tolerance score|go/no-go decision|risk score,"CH6.5.5 personal ability radar data table v1 is a governed data-table layer only. It converts an axis contract and activity/person evidence into per-activity per-axis rows for future visualization. It does not create a radar plot and does not compute or authorize radar scores, ability scores, ability ranks, ability classes, THCI scores, final hiking risk scores, route suitability scores, go/no-go decisions, medical diagnoses, or causality claims."
42,42_1,RADAR_BASELINE_ACTIVITY,deviation_correction_ability,偏離修正能力,MISSING_EVIDENCE_ANNOTATION,SHOW_AS_INSUFFICIENT_EVIDENCE,"No formal field currently measures deviation, correction latency, backtracking, or rejoin behavior.","No formal field currently measures deviation, correction latency, backtracking, or rejoin behavior.",baseline_population_gate=PASS|route_continuity_300s_gate=POLICY_ACTIVE_CONSUMABLE_WINDOWS_3,INSUFFICIENT_EVIDENCE,NOT_PLOTTED_MISSING_EVIDENCE_ANNOTATION,missing-evidence annotation,numeric deviation-correction ability axis|navigation score|rank,"CH6.5.5 personal ability radar data table v1 is a governed data-table layer only. It converts an axis contract and activity/person evidence into per-activity per-axis rows for future visualization. It does not create a radar plot and does not compute or authorize radar scores, ability scores, ability ranks, ability classes, THCI scores, final hiking risk scores, route suitability scores, go/no-go decisions, medical diagnoses, or causality claims."
42,42_1,RADAR_BASELINE_ACTIVITY,risk_response_experience,風險應對經驗,MISSING_EVIDENCE_ANNOTATION,SHOW_AS_INSUFFICIENT_EVIDENCE,"Current evidence does not formally observe risk recognition, avoidance, fallback, or decision behavior.","Current evidence does not formally observe risk recognition, avoidance, fallback, or decision behavior.",baseline_population_gate=PASS,INSUFFICIENT_EVIDENCE,NOT_PLOTTED_MISSING_EVIDENCE_ANNOTATION,missing-evidence annotation,risk handling score|safety decision|go/no-go decision,"CH6.5.5 personal ability radar data table v1 is a governed data-table layer only. It converts an axis contract and activity/person evidence into per-activity per-axis rows for future visualization. It does not create a radar plot and does not compute or authorize radar scores, ability scores, ability ranks, ability classes, THCI scores, final hiking risk scores, route suitability scores, go/no-go decisions, medical diagnoses, or causality claims."
42,42_1,RADAR_BASELINE_ACTIVITY,autonomous_completion_readiness,自主完成能力,DESCRIPTIVE_ANNOTATION,ALLOW_TEXT_ANNOTATION_ONLY,Route-load readiness / completion context exists; it is not proof of autonomous self-sufficiency. readiness_review_gate=CONSERVATIVE_PACING_RECOMMENDED; completion_time_min=171.1.,"Completion evidence does not prove autonomous navigation, supply, equipment, or team-support independence.",baseline_population_gate=PASS,LIMITED_PROXY_OR_INSUFFICIENT_IF_COMPLETION_CONTEXT_MISSING,NOT_PLOTTED_DESCRIPTIVE_ANNOTATION_ONLY,completion-context annotation,self-sufficiency score|route suitability score|go/no-go decision,"CH6.5.5 personal ability radar data table v1 is a governed data-table layer only. It converts an axis contract and activity/person evidence into per-activity per-axis rows for future visualization. It does not create a radar plot and does not compute or authorize radar scores, ability scores, ability ranks, ability classes, THCI scores, final hiking risk scores, route suitability scores, go/no-go decisions, medical diagnoses, or causality claims."
42,42_1,RADAR_BASELINE_ACTIVITY,supply_equipment_support,補給／裝備支援,MISSING_EVIDENCE_ANNOTATION,SHOW_AS_INSUFFICIENT_EVIDENCE,"No personal supply, equipment, hydration, nutrition, packing, or support data is available.","No personal supply, equipment, hydration, nutrition, packing, or support data is available.",NO_REQUIRED_GATE,INSUFFICIENT_EVIDENCE,NOT_PLOTTED_MISSING_EVIDENCE_ANNOTATION,missing-evidence annotation,equipment readiness score|preparedness class|go/no-go decision,"CH6.5.5 personal ability radar data table v1 is a governed data-table layer only. It converts an axis contract and activity/person evidence into per-activity per-axis rows for future visualization. It does not create a radar plot and does not compute or authorize radar scores, ability scores, ability ranks, ability classes, THCI scores, final hiking risk scores, route suitability scores, go/no-go decisions, medical diagnoses, or causality claims."
43,43_1,RADAR_BASELINE_ACTIVITY,endurance_sustained_movement,持續耐力,DESCRIPTIVE_ANNOTATION,ALLOW_TEXT_ANNOTATION_ONLY,300s horizontal evidence is descriptive only. valid_windows=4; consumable_windows=4; p90_speed_mps=1.963666666666667.,Horizontal 300s evidence covers only limited baseline activities; admission review did not admit it as standalone radar axis.,baseline_population_gate=PASS|route_continuity_300s_gate=PASS_HORIZONTAL,RETAIN_AS_DESCRIPTIVE_SUPPORTING_EVIDENCE,NOT_PLOTTED_DESCRIPTIVE_ANNOTATION_ONLY,text annotation describing limited sustained-movement evidence,numeric radar axis value|standalone ability ranking|score generation,"CH6.5.5 personal ability radar data table v1 is a governed data-table layer only. It converts an axis contract and activity/person evidence into per-activity per-axis rows for future visualization. It does not create a radar plot and does not compute or authorize radar scores, ability scores, ability ranks, ability classes, THCI scores, final hiking risk scores, route suitability scores, go/no-go decisions, medical diagnoses, or causality claims."
43,43_1,RADAR_BASELINE_ACTIVITY,uphill_load_tolerance,上坡負荷承受力,DESCRIPTIVE_ANNOTATION,ALLOW_TEXT_ANNOTATION_ONLY,300s vertical evidence is descriptive only. valid_windows=1; consumable_windows=1; p90_vam_mph=129.07200000000003; p90_gain_m=10.756000000000002.,Vertical 300s evidence covers limited baseline activities and is not admitted as standalone radar axis.,baseline_population_gate=PASS|route_continuity_300s_gate=PASS_VERTICAL|positive_delta_artifact_guard=PASS_VERTICAL_CONSUMABLE|hr_validity_gate=CONTEXT_AVAILABLE,RETAIN_AS_DESCRIPTIVE_VERTICAL_CONTEXT,NOT_PLOTTED_DESCRIPTIVE_ANNOTATION_ONLY,text annotation describing limited uphill-load evidence,numeric radar axis value|standalone ability ranking|score generation|medical diagnosis,"CH6.5.5 personal ability radar data table v1 is a governed data-table layer only. It converts an axis contract and activity/person evidence into per-activity per-axis rows for future visualization. It does not create a radar plot and does not compute or authorize radar scores, ability scores, ability ranks, ability classes, THCI scores, final hiking risk scores, route suitability scores, go/no-go decisions, medical diagnoses, or causality claims."
43,43_1,RADAR_BASELINE_ACTIVITY,hr_load_management_recovery,HR負荷管理與恢復能力,DESCRIPTIVE_ANNOTATION,ALLOW_TEXT_ANNOTATION_ONLY,HR lifecycle / recovery evidence exists for this activity; retained as non-medical context only.,HR evidence depends on device validity and estimated HRmax; it should not be a medical or standalone ability axis.,baseline_population_gate=PASS|hr_validity_gate=CONTEXT_AVAILABLE,TEXT_CONTEXT_ONLY,NOT_PLOTTED_DESCRIPTIVE_ANNOTATION_ONLY,load-management annotation and evidence context,medical diagnosis|standalone ability axis|rank|class,"CH6.5.5 personal ability radar data table v1 is a governed data-table layer only. It converts an axis contract and activity/person evidence into per-activity per-axis rows for future visualization. It does not create a radar plot and does not compute or authorize radar scores, ability scores, ability ranks, ability classes, THCI scores, final hiking risk scores, route suitability scores, go/no-go decisions, medical diagnoses, or causality claims."
43,43_1,RADAR_BASELINE_ACTIVITY,weather_performance_maintenance,天候條件下表現維持,DESCRIPTIVE_ANNOTATION,ALLOW_TEXT_ANNOTATION_ONLY,Weather context is available at summary level but not resolved to this activity row; retain as descriptive annotation.,Weather evidence remains context / proxy and does not isolate weather tolerance as a personal ability.,baseline_population_gate=PASS|weather_context_gate=SUMMARY_CONTEXT_ONLY,LIMITED_PROXY_OR_INSUFFICIENT_IF_WEATHER_CONTEXT_MISSING,NOT_PLOTTED_DESCRIPTIVE_ANNOTATION_ONLY,weather-context annotation,weather tolerance score|go/no-go decision|risk score,"CH6.5.5 personal ability radar data table v1 is a governed data-table layer only. It converts an axis contract and activity/person evidence into per-activity per-axis rows for future visualization. It does not create a radar plot and does not compute or authorize radar scores, ability scores, ability ranks, ability classes, THCI scores, final hiking risk scores, route suitability scores, go/no-go decisions, medical diagnoses, or causality claims."
43,43_1,RADAR_BASELINE_ACTIVITY,deviation_correction_ability,偏離修正能力,MISSING_EVIDENCE_ANNOTATION,SHOW_AS_INSUFFICIENT_EVIDENCE,"No formal field currently measures deviation, correction latency, backtracking, or rejoin behavior.","No formal field currently measures deviation, correction latency, backtracking, or rejoin behavior.",baseline_population_gate=PASS|route_continuity_300s_gate=POLICY_ACTIVE_CONSUMABLE_WINDOWS_5,INSUFFICIENT_EVIDENCE,NOT_PLOTTED_MISSING_EVIDENCE_ANNOTATION,missing-evidence annotation,numeric deviation-correction ability axis|navigation score|rank,"CH6.5.5 personal ability radar data table v1 is a governed data-table layer only. It converts an axis contract and activity/person evidence into per-activity per-axis rows for future visualization. It does not create a radar plot and does not compute or authorize radar scores, ability scores, ability ranks, ability classes, THCI scores, final hiking risk scores, route suitability scores, go/no-go decisions, medical diagnoses, or causality claims."
43,43_1,RADAR_BASELINE_ACTIVITY,risk_response_experience,風險應對經驗,MISSING_EVIDENCE_ANNOTATION,SHOW_AS_INSUFFICIENT_EVIDENCE,"Current evidence does not formally observe risk recognition, avoidance, fallback, or decision behavior.","Current evidence does not formally observe risk recognition, avoidance, fallback, or decision behavior.",baseline_population_gate=PASS,INSUFFICIENT_EVIDENCE,NOT_PLOTTED_MISSING_EVIDENCE_ANNOTATION,missing-evidence annotation,risk handling score|safety decision|go/no-go decision,"CH6.5.5 personal ability radar data table v1 is a governed data-table layer only. It converts an axis contract and activity/person evidence into per-activity per-axis rows for future visualization. It does not create a radar plot and does not compute or authorize radar scores, ability scores, ability ranks, ability classes, THCI scores, final hiking risk scores, route suitability scores, go/no-go decisions, medical diagnoses, or causality claims."
43,43_1,RADAR_BASELINE_ACTIVITY,autonomous_completion_readiness,自主完成能力,DESCRIPTIVE_ANNOTATION,ALLOW_TEXT_ANNOTATION_ONLY,Route-load readiness / completion context exists; it is not proof of autonomous self-sufficiency. readiness_review_gate=EARLY_CHECKPOINT_REVIEW_REQUIRED; completion_time_min=190.5333.,"Completion evidence does not prove autonomous navigation, supply, equipment, or team-support independence.",baseline_population_gate=PASS,LIMITED_PROXY_OR_INSUFFICIENT_IF_COMPLETION_CONTEXT_MISSING,NOT_PLOTTED_DESCRIPTIVE_ANNOTATION_ONLY,completion-context annotation,self-sufficiency score|route suitability score|go/no-go decision,"CH6.5.5 personal ability radar data table v1 is a governed data-table layer only. It converts an axis contract and activity/person evidence into per-activity per-axis rows for future visualization. It does not create a radar plot and does not compute or authorize radar scores, ability scores, ability ranks, ability classes, THCI scores, final hiking risk scores, route suitability scores, go/no-go decisions, medical diagnoses, or causality claims."
43,43_1,RADAR_BASELINE_ACTIVITY,supply_equipment_support,補給／裝備支援,MISSING_EVIDENCE_ANNOTATION,SHOW_AS_INSUFFICIENT_EVIDENCE,"No personal supply, equipment, hydration, nutrition, packing, or support data is available.","No personal supply, equipment, hydration, nutrition, packing, or support data is available.",NO_REQUIRED_GATE,INSUFFICIENT_EVIDENCE,NOT_PLOTTED_MISSING_EVIDENCE_ANNOTATION,missing-evidence annotation,equipment readiness score|preparedness class|go/no-go decision,"CH6.5.5 personal ability radar data table v1 is a governed data-table layer only. It converts an axis contract and activity/person evidence into per-activity per-axis rows for future visualization. It does not create a radar plot and does not compute or authorize radar scores, ability scores, ability ranks, ability classes, THCI scores, final hiking risk scores, route suitability scores, go/no-go decisions, medical diagnoses, or causality claims."
44,44_1,RADAR_BASELINE_ACTIVITY,endurance_sustained_movement,持續耐力,DESCRIPTIVE_ANNOTATION,ALLOW_TEXT_ANNOTATION_ONLY,300s horizontal evidence is descriptive only. valid_windows=0; consumable_windows=0; p90_speed_mps=.,Horizontal 300s evidence covers only limited baseline activities; admission review did not admit it as standalone radar axis.,baseline_population_gate=PASS|route_continuity_300s_gate=NO_CONSUMABLE_HORIZONTAL_WINDOW,RETAIN_AS_DESCRIPTIVE_SUPPORTING_EVIDENCE,NOT_PLOTTED_DESCRIPTIVE_ANNOTATION_ONLY,text annotation describing limited sustained-movement evidence,numeric radar axis value|standalone ability ranking|score generation,"CH6.5.5 personal ability radar data table v1 is a governed data-table layer only. It converts an axis contract and activity/person evidence into per-activity per-axis rows for future visualization. It does not create a radar plot and does not compute or authorize radar scores, ability scores, ability ranks, ability classes, THCI scores, final hiking risk scores, route suitability scores, go/no-go decisions, medical diagnoses, or causality claims."
44,44_1,RADAR_BASELINE_ACTIVITY,uphill_load_tolerance,上坡負荷承受力,DESCRIPTIVE_ANNOTATION,ALLOW_TEXT_ANNOTATION_ONLY,300s vertical evidence is descriptive only. valid_windows=0; consumable_windows=0; p90_vam_mph=; p90_gain_m=.,Vertical 300s evidence covers limited baseline activities and is not admitted as standalone radar axis.,baseline_population_gate=PASS|route_continuity_300s_gate=NO_CONSUMABLE_VERTICAL_WINDOW|positive_delta_artifact_guard=BLOCKED_ARTIFACT_REVIEW|hr_validity_gate=NO_ACTIVITY_LEVEL_HR_CONTEXT,RETAIN_AS_DESCRIPTIVE_VERTICAL_CONTEXT,NOT_PLOTTED_DESCRIPTIVE_ANNOTATION_ONLY,text annotation describing limited uphill-load evidence,numeric radar axis value|standalone ability ranking|score generation|medical diagnosis,"CH6.5.5 personal ability radar data table v1 is a governed data-table layer only. It converts an axis contract and activity/person evidence into per-activity per-axis rows for future visualization. It does not create a radar plot and does not compute or authorize radar scores, ability scores, ability ranks, ability classes, THCI scores, final hiking risk scores, route suitability scores, go/no-go decisions, medical diagnoses, or causality claims."
44,44_1,RADAR_BASELINE_ACTIVITY,hr_load_management_recovery,HR負荷管理與恢復能力,DESCRIPTIVE_ANNOTATION,ALLOW_TEXT_ANNOTATION_ONLY,HR lifecycle / recovery evidence exists for this activity; retained as non-medical context only.,HR evidence depends on device validity and estimated HRmax; it should not be a medical or standalone ability axis.,baseline_population_gate=PASS|hr_validity_gate=NO_ACTIVITY_LEVEL_HR_CONTEXT,TEXT_CONTEXT_ONLY,NOT_PLOTTED_DESCRIPTIVE_ANNOTATION_ONLY,load-management annotation and evidence context,medical diagnosis|standalone ability axis|rank|class,"CH6.5.5 personal ability radar data table v1 is a governed data-table layer only. It converts an axis contract and activity/person evidence into per-activity per-axis rows for future visualization. It does not create a radar plot and does not compute or authorize radar scores, ability scores, ability ranks, ability classes, THCI scores, final hiking risk scores, route suitability scores, go/no-go decisions, medical diagnoses, or causality claims."
44,44_1,RADAR_BASELINE_ACTIVITY,weather_performance_maintenance,天候條件下表現維持,DESCRIPTIVE_ANNOTATION,ALLOW_TEXT_ANNOTATION_ONLY,Weather context is available at summary level but not resolved to this activity row; retain as descriptive annotation.,Weather evidence remains context / proxy and does not isolate weather tolerance as a personal ability.,baseline_population_gate=PASS|weather_context_gate=SUMMARY_CONTEXT_ONLY,LIMITED_PROXY_OR_INSUFFICIENT_IF_WEATHER_CONTEXT_MISSING,NOT_PLOTTED_DESCRIPTIVE_ANNOTATION_ONLY,weather-context annotation,weather tolerance score|go/no-go decision|risk score,"CH6.5.5 personal ability radar data table v1 is a governed data-table layer only. It converts an axis contract and activity/person evidence into per-activity per-axis rows for future visualization. It does not create a radar plot and does not compute or authorize radar scores, ability scores, ability ranks, ability classes, THCI scores, final hiking risk scores, route suitability scores, go/no-go decisions, medical diagnoses, or causality claims."
44,44_1,RADAR_BASELINE_ACTIVITY,deviation_correction_ability,偏離修正能力,MISSING_EVIDENCE_ANNOTATION,SHOW_AS_INSUFFICIENT_EVIDENCE,"No formal field currently measures deviation, correction latency, backtracking, or rejoin behavior.","No formal field currently measures deviation, correction latency, backtracking, or rejoin behavior.",baseline_population_gate=PASS|route_continuity_300s_gate=POLICY_ACTIVE_CONSUMABLE_WINDOWS_0,INSUFFICIENT_EVIDENCE,NOT_PLOTTED_MISSING_EVIDENCE_ANNOTATION,missing-evidence annotation,numeric deviation-correction ability axis|navigation score|rank,"CH6.5.5 personal ability radar data table v1 is a governed data-table layer only. It converts an axis contract and activity/person evidence into per-activity per-axis rows for future visualization. It does not create a radar plot and does not compute or authorize radar scores, ability scores, ability ranks, ability classes, THCI scores, final hiking risk scores, route suitability scores, go/no-go decisions, medical diagnoses, or causality claims."
44,44_1,RADAR_BASELINE_ACTIVITY,risk_response_experience,風險應對經驗,MISSING_EVIDENCE_ANNOTATION,SHOW_AS_INSUFFICIENT_EVIDENCE,"Current evidence does not formally observe risk recognition, avoidance, fallback, or decision behavior.","Current evidence does not formally observe risk recognition, avoidance, fallback, or decision behavior.",baseline_population_gate=PASS,INSUFFICIENT_EVIDENCE,NOT_PLOTTED_MISSING_EVIDENCE_ANNOTATION,missing-evidence annotation,risk handling score|safety decision|go/no-go decision,"CH6.5.5 personal ability radar data table v1 is a governed data-table layer only. It converts an axis contract and activity/person evidence into per-activity per-axis rows for future visualization. It does not create a radar plot and does not compute or authorize radar scores, ability scores, ability ranks, ability classes, THCI scores, final hiking risk scores, route suitability scores, go/no-go decisions, medical diagnoses, or causality claims."
44,44_1,RADAR_BASELINE_ACTIVITY,autonomous_completion_readiness,自主完成能力,DESCRIPTIVE_ANNOTATION,ALLOW_TEXT_ANNOTATION_ONLY,Route-load readiness / completion context exists; it is not proof of autonomous self-sufficiency. readiness_review_gate=CONSERVATIVE_PACING_RECOMMENDED; completion_time_min=116.5333.,"Completion evidence does not prove autonomous navigation, supply, equipment, or team-support independence.",baseline_population_gate=PASS,LIMITED_PROXY_OR_INSUFFICIENT_IF_COMPLETION_CONTEXT_MISSING,NOT_PLOTTED_DESCRIPTIVE_ANNOTATION_ONLY,completion-context annotation,self-sufficiency score|route suitability score|go/no-go decision,"CH6.5.5 personal ability radar data table v1 is a governed data-table layer only. It converts an axis contract and activity/person evidence into per-activity per-axis rows for future visualization. It does not create a radar plot and does not compute or authorize radar scores, ability scores, ability ranks, ability classes, THCI scores, final hiking risk scores, route suitability scores, go/no-go decisions, medical diagnoses, or causality claims."
44,44_1,RADAR_BASELINE_ACTIVITY,supply_equipment_support,補給／裝備支援,MISSING_EVIDENCE_ANNOTATION,SHOW_AS_INSUFFICIENT_EVIDENCE,"No personal supply, equipment, hydration, nutrition, packing, or support data is available.","No personal supply, equipment, hydration, nutrition, packing, or support data is available.",NO_REQUIRED_GATE,INSUFFICIENT_EVIDENCE,NOT_PLOTTED_MISSING_EVIDENCE_ANNOTATION,missing-evidence annotation,equipment readiness score|preparedness class|go/no-go decision,"CH6.5.5 personal ability radar data table v1 is a governed data-table layer only. It converts an axis contract and activity/person evidence into per-activity per-axis rows for future visualization. It does not create a radar plot and does not compute or authorize radar scores, ability scores, ability ranks, ability classes, THCI scores, final hiking risk scores, route suitability scores, go/no-go decisions, medical diagnoses, or causality claims."
45,45_1,RADAR_BASELINE_ACTIVITY,endurance_sustained_movement,持續耐力,DESCRIPTIVE_ANNOTATION,ALLOW_TEXT_ANNOTATION_ONLY,300s horizontal evidence is descriptive only. valid_windows=0; consumable_windows=0; p90_speed_mps=.,Horizontal 300s evidence covers only limited baseline activities; admission review did not admit it as standalone radar axis.,baseline_population_gate=PASS|route_continuity_300s_gate=NO_CONSUMABLE_HORIZONTAL_WINDOW,RETAIN_AS_DESCRIPTIVE_SUPPORTING_EVIDENCE,NOT_PLOTTED_DESCRIPTIVE_ANNOTATION_ONLY,text annotation describing limited sustained-movement evidence,numeric radar axis value|standalone ability ranking|score generation,"CH6.5.5 personal ability radar data table v1 is a governed data-table layer only. It converts an axis contract and activity/person evidence into per-activity per-axis rows for future visualization. It does not create a radar plot and does not compute or authorize radar scores, ability scores, ability ranks, ability classes, THCI scores, final hiking risk scores, route suitability scores, go/no-go decisions, medical diagnoses, or causality claims."
45,45_1,RADAR_BASELINE_ACTIVITY,uphill_load_tolerance,上坡負荷承受力,DESCRIPTIVE_ANNOTATION,ALLOW_TEXT_ANNOTATION_ONLY,300s vertical evidence is descriptive only. valid_windows=0; consumable_windows=0; p90_vam_mph=; p90_gain_m=.,Vertical 300s evidence covers limited baseline activities and is not admitted as standalone radar axis.,baseline_population_gate=PASS|route_continuity_300s_gate=NO_CONSUMABLE_VERTICAL_WINDOW|positive_delta_artifact_guard=BLOCKED_ARTIFACT_REVIEW|hr_validity_gate=NO_ACTIVITY_LEVEL_HR_CONTEXT,RETAIN_AS_DESCRIPTIVE_VERTICAL_CONTEXT,NOT_PLOTTED_DESCRIPTIVE_ANNOTATION_ONLY,text annotation describing limited uphill-load evidence,numeric radar axis value|standalone ability ranking|score generation|medical diagnosis,"CH6.5.5 personal ability radar data table v1 is a governed data-table layer only. It converts an axis contract and activity/person evidence into per-activity per-axis rows for future visualization. It does not create a radar plot and does not compute or authorize radar scores, ability scores, ability ranks, ability classes, THCI scores, final hiking risk scores, route suitability scores, go/no-go decisions, medical diagnoses, or causality claims."
45,45_1,RADAR_BASELINE_ACTIVITY,hr_load_management_recovery,HR負荷管理與恢復能力,DESCRIPTIVE_ANNOTATION,ALLOW_TEXT_ANNOTATION_ONLY,HR lifecycle / recovery evidence exists for this activity; retained as non-medical context only.,HR evidence depends on device validity and estimated HRmax; it should not be a medical or standalone ability axis.,baseline_population_gate=PASS|hr_validity_gate=NO_ACTIVITY_LEVEL_HR_CONTEXT,TEXT_CONTEXT_ONLY,NOT_PLOTTED_DESCRIPTIVE_ANNOTATION_ONLY,load-management annotation and evidence context,medical diagnosis|standalone ability axis|rank|class,"CH6.5.5 personal ability radar data table v1 is a governed data-table layer only. It converts an axis contract and activity/person evidence into per-activity per-axis rows for future visualization. It does not create a radar plot and does not compute or authorize radar scores, ability scores, ability ranks, ability classes, THCI scores, final hiking risk scores, route suitability scores, go/no-go decisions, medical diagnoses, or causality claims."
45,45_1,RADAR_BASELINE_ACTIVITY,weather_performance_maintenance,天候條件下表現維持,DESCRIPTIVE_ANNOTATION,ALLOW_TEXT_ANNOTATION_ONLY,Weather context is available at summary level but not resolved to this activity row; retain as descriptive annotation.,Weather evidence remains context / proxy and does not isolate weather tolerance as a personal ability.,baseline_population_gate=PASS|weather_context_gate=SUMMARY_CONTEXT_ONLY,LIMITED_PROXY_OR_INSUFFICIENT_IF_WEATHER_CONTEXT_MISSING,NOT_PLOTTED_DESCRIPTIVE_ANNOTATION_ONLY,weather-context annotation,weather tolerance score|go/no-go decision|risk score,"CH6.5.5 personal ability radar data table v1 is a governed data-table layer only. It converts an axis contract and activity/person evidence into per-activity per-axis rows for future visualization. It does not create a radar plot and does not compute or authorize radar scores, ability scores, ability ranks, ability classes, THCI scores, final hiking risk scores, route suitability scores, go/no-go decisions, medical diagnoses, or causality claims."
45,45_1,RADAR_BASELINE_ACTIVITY,deviation_correction_ability,偏離修正能力,MISSING_EVIDENCE_ANNOTATION,SHOW_AS_INSUFFICIENT_EVIDENCE,"No formal field currently measures deviation, correction latency, backtracking, or rejoin behavior.","No formal field currently measures deviation, correction latency, backtracking, or rejoin behavior.",baseline_population_gate=PASS|route_continuity_300s_gate=POLICY_ACTIVE_CONSUMABLE_WINDOWS_0,INSUFFICIENT_EVIDENCE,NOT_PLOTTED_MISSING_EVIDENCE_ANNOTATION,missing-evidence annotation,numeric deviation-correction ability axis|navigation score|rank,"CH6.5.5 personal ability radar data table v1 is a governed data-table layer only. It converts an axis contract and activity/person evidence into per-activity per-axis rows for future visualization. It does not create a radar plot and does not compute or authorize radar scores, ability scores, ability ranks, ability classes, THCI scores, final hiking risk scores, route suitability scores, go/no-go decisions, medical diagnoses, or causality claims."
45,45_1,RADAR_BASELINE_ACTIVITY,risk_response_experience,風險應對經驗,MISSING_EVIDENCE_ANNOTATION,SHOW_AS_INSUFFICIENT_EVIDENCE,"Current evidence does not formally observe risk recognition, avoidance, fallback, or decision behavior.","Current evidence does not formally observe risk recognition, avoidance, fallback, or decision behavior.",baseline_population_gate=PASS,INSUFFICIENT_EVIDENCE,NOT_PLOTTED_MISSING_EVIDENCE_ANNOTATION,missing-evidence annotation,risk handling score|safety decision|go/no-go decision,"CH6.5.5 personal ability radar data table v1 is a governed data-table layer only. It converts an axis contract and activity/person evidence into per-activity per-axis rows for future visualization. It does not create a radar plot and does not compute or authorize radar scores, ability scores, ability ranks, ability classes, THCI scores, final hiking risk scores, route suitability scores, go/no-go decisions, medical diagnoses, or causality claims."
45,45_1,RADAR_BASELINE_ACTIVITY,autonomous_completion_readiness,自主完成能力,DESCRIPTIVE_ANNOTATION,ALLOW_TEXT_ANNOTATION_ONLY,Route-load readiness / completion context exists; it is not proof of autonomous self-sufficiency. readiness_review_gate=EARLY_CHECKPOINT_REVIEW_REQUIRED; completion_time_min=120.1667.,"Completion evidence does not prove autonomous navigation, supply, equipment, or team-support independence.",baseline_population_gate=PASS,LIMITED_PROXY_OR_INSUFFICIENT_IF_COMPLETION_CONTEXT_MISSING,NOT_PLOTTED_DESCRIPTIVE_ANNOTATION_ONLY,completion-context annotation,self-sufficiency score|route suitability score|go/no-go decision,"CH6.5.5 personal ability radar data table v1 is a governed data-table layer only. It converts an axis contract and activity/person evidence into per-activity per-axis rows for future visualization. It does not create a radar plot and does not compute or authorize radar scores, ability scores, ability ranks, ability classes, THCI scores, final hiking risk scores, route suitability scores, go/no-go decisions, medical diagnoses, or causality claims."
45,45_1,RADAR_BASELINE_ACTIVITY,supply_equipment_support,補給／裝備支援,MISSING_EVIDENCE_ANNOTATION,SHOW_AS_INSUFFICIENT_EVIDENCE,"No personal supply, equipment, hydration, nutrition, packing, or support data is available.","No personal supply, equipment, hydration, nutrition, packing, or support data is available.",NO_REQUIRED_GATE,INSUFFICIENT_EVIDENCE,NOT_PLOTTED_MISSING_EVIDENCE_ANNOTATION,missing-evidence annotation,equipment readiness score|preparedness class|go/no-go decision,"CH6.5.5 personal ability radar data table v1 is a governed data-table layer only. It converts an axis contract and activity/person evidence into per-activity per-axis rows for future visualization. It does not create a radar plot and does not compute or authorize radar scores, ability scores, ability ranks, ability classes, THCI scores, final hiking risk scores, route suitability scores, go/no-go decisions, medical diagnoses, or causality claims."
46,46_1,RADAR_BASELINE_ACTIVITY,endurance_sustained_movement,持續耐力,DESCRIPTIVE_ANNOTATION,ALLOW_TEXT_ANNOTATION_ONLY,300s horizontal evidence is descriptive only. valid_windows=0; consumable_windows=0; p90_speed_mps=.,Horizontal 300s evidence covers only limited baseline activities; admission review did not admit it as standalone radar axis.,baseline_population_gate=PASS|route_continuity_300s_gate=NO_CONSUMABLE_HORIZONTAL_WINDOW,RETAIN_AS_DESCRIPTIVE_SUPPORTING_EVIDENCE,NOT_PLOTTED_DESCRIPTIVE_ANNOTATION_ONLY,text annotation describing limited sustained-movement evidence,numeric radar axis value|standalone ability ranking|score generation,"CH6.5.5 personal ability radar data table v1 is a governed data-table layer only. It converts an axis contract and activity/person evidence into per-activity per-axis rows for future visualization. It does not create a radar plot and does not compute or authorize radar scores, ability scores, ability ranks, ability classes, THCI scores, final hiking risk scores, route suitability scores, go/no-go decisions, medical diagnoses, or causality claims."
46,46_1,RADAR_BASELINE_ACTIVITY,uphill_load_tolerance,上坡負荷承受力,DESCRIPTIVE_ANNOTATION,ALLOW_TEXT_ANNOTATION_ONLY,300s vertical evidence is descriptive only. valid_windows=0; consumable_windows=0; p90_vam_mph=; p90_gain_m=.,Vertical 300s evidence covers limited baseline activities and is not admitted as standalone radar axis.,baseline_population_gate=PASS|route_continuity_300s_gate=NO_CONSUMABLE_VERTICAL_WINDOW|positive_delta_artifact_guard=BLOCKED_ARTIFACT_REVIEW|hr_validity_gate=NO_ACTIVITY_LEVEL_HR_CONTEXT,RETAIN_AS_DESCRIPTIVE_VERTICAL_CONTEXT,NOT_PLOTTED_DESCRIPTIVE_ANNOTATION_ONLY,text annotation describing limited uphill-load evidence,numeric radar axis value|standalone ability ranking|score generation|medical diagnosis,"CH6.5.5 personal ability radar data table v1 is a governed data-table layer only. It converts an axis contract and activity/person evidence into per-activity per-axis rows for future visualization. It does not create a radar plot and does not compute or authorize radar scores, ability scores, ability ranks, ability classes, THCI scores, final hiking risk scores, route suitability scores, go/no-go decisions, medical diagnoses, or causality claims."
46,46_1,RADAR_BASELINE_ACTIVITY,hr_load_management_recovery,HR負荷管理與恢復能力,DESCRIPTIVE_ANNOTATION,ALLOW_TEXT_ANNOTATION_ONLY,HR lifecycle / recovery evidence exists for this activity; retained as non-medical context only.,HR evidence depends on device validity and estimated HRmax; it should not be a medical or standalone ability axis.,baseline_population_gate=PASS|hr_validity_gate=NO_ACTIVITY_LEVEL_HR_CONTEXT,TEXT_CONTEXT_ONLY,NOT_PLOTTED_DESCRIPTIVE_ANNOTATION_ONLY,load-management annotation and evidence context,medical diagnosis|standalone ability axis|rank|class,"CH6.5.5 personal ability radar data table v1 is a governed data-table layer only. It converts an axis contract and activity/person evidence into per-activity per-axis rows for future visualization. It does not create a radar plot and does not compute or authorize radar scores, ability scores, ability ranks, ability classes, THCI scores, final hiking risk scores, route suitability scores, go/no-go decisions, medical diagnoses, or causality claims."
46,46_1,RADAR_BASELINE_ACTIVITY,weather_performance_maintenance,天候條件下表現維持,DESCRIPTIVE_ANNOTATION,ALLOW_TEXT_ANNOTATION_ONLY,Weather context is available at summary level but not resolved to this activity row; retain as descriptive annotation.,Weather evidence remains context / proxy and does not isolate weather tolerance as a personal ability.,baseline_population_gate=PASS|weather_context_gate=SUMMARY_CONTEXT_ONLY,LIMITED_PROXY_OR_INSUFFICIENT_IF_WEATHER_CONTEXT_MISSING,NOT_PLOTTED_DESCRIPTIVE_ANNOTATION_ONLY,weather-context annotation,weather tolerance score|go/no-go decision|risk score,"CH6.5.5 personal ability radar data table v1 is a governed data-table layer only. It converts an axis contract and activity/person evidence into per-activity per-axis rows for future visualization. It does not create a radar plot and does not compute or authorize radar scores, ability scores, ability ranks, ability classes, THCI scores, final hiking risk scores, route suitability scores, go/no-go decisions, medical diagnoses, or causality claims."
46,46_1,RADAR_BASELINE_ACTIVITY,deviation_correction_ability,偏離修正能力,MISSING_EVIDENCE_ANNOTATION,SHOW_AS_INSUFFICIENT_EVIDENCE,"No formal field currently measures deviation, correction latency, backtracking, or rejoin behavior.","No formal field currently measures deviation, correction latency, backtracking, or rejoin behavior.",baseline_population_gate=PASS|route_continuity_300s_gate=POLICY_ACTIVE_CONSUMABLE_WINDOWS_0,INSUFFICIENT_EVIDENCE,NOT_PLOTTED_MISSING_EVIDENCE_ANNOTATION,missing-evidence annotation,numeric deviation-correction ability axis|navigation score|rank,"CH6.5.5 personal ability radar data table v1 is a governed data-table layer only. It converts an axis contract and activity/person evidence into per-activity per-axis rows for future visualization. It does not create a radar plot and does not compute or authorize radar scores, ability scores, ability ranks, ability classes, THCI scores, final hiking risk scores, route suitability scores, go/no-go decisions, medical diagnoses, or causality claims."
46,46_1,RADAR_BASELINE_ACTIVITY,risk_response_experience,風險應對經驗,MISSING_EVIDENCE_ANNOTATION,SHOW_AS_INSUFFICIENT_EVIDENCE,"Current evidence does not formally observe risk recognition, avoidance, fallback, or decision behavior.","Current evidence does not formally observe risk recognition, avoidance, fallback, or decision behavior.",baseline_population_gate=PASS,INSUFFICIENT_EVIDENCE,NOT_PLOTTED_MISSING_EVIDENCE_ANNOTATION,missing-evidence annotation,risk handling score|safety decision|go/no-go decision,"CH6.5.5 personal ability radar data table v1 is a governed data-table layer only. It converts an axis contract and activity/person evidence into per-activity per-axis rows for future visualization. It does not create a radar plot and does not compute or authorize radar scores, ability scores, ability ranks, ability classes, THCI scores, final hiking risk scores, route suitability scores, go/no-go decisions, medical diagnoses, or causality claims."
46,46_1,RADAR_BASELINE_ACTIVITY,autonomous_completion_readiness,自主完成能力,DESCRIPTIVE_ANNOTATION,ALLOW_TEXT_ANNOTATION_ONLY,Route-load readiness / completion context exists; it is not proof of autonomous self-sufficiency. readiness_review_gate=EARLY_CHECKPOINT_REVIEW_REQUIRED; completion_time_min=171.5.,"Completion evidence does not prove autonomous navigation, supply, equipment, or team-support independence.",baseline_population_gate=PASS,LIMITED_PROXY_OR_INSUFFICIENT_IF_COMPLETION_CONTEXT_MISSING,NOT_PLOTTED_DESCRIPTIVE_ANNOTATION_ONLY,completion-context annotation,self-sufficiency score|route suitability score|go/no-go decision,"CH6.5.5 personal ability radar data table v1 is a governed data-table layer only. It converts an axis contract and activity/person evidence into per-activity per-axis rows for future visualization. It does not create a radar plot and does not compute or authorize radar scores, ability scores, ability ranks, ability classes, THCI scores, final hiking risk scores, route suitability scores, go/no-go decisions, medical diagnoses, or causality claims."
46,46_1,RADAR_BASELINE_ACTIVITY,supply_equipment_support,補給／裝備支援,MISSING_EVIDENCE_ANNOTATION,SHOW_AS_INSUFFICIENT_EVIDENCE,"No personal supply, equipment, hydration, nutrition, packing, or support data is available.","No personal supply, equipment, hydration, nutrition, packing, or support data is available.",NO_REQUIRED_GATE,INSUFFICIENT_EVIDENCE,NOT_PLOTTED_MISSING_EVIDENCE_ANNOTATION,missing-evidence annotation,equipment readiness score|preparedness class|go/no-go decision,"CH6.5.5 personal ability radar data table v1 is a governed data-table layer only. It converts an axis contract and activity/person evidence into per-activity per-axis rows for future visualization. It does not create a radar plot and does not compute or authorize radar scores, ability scores, ability ranks, ability classes, THCI scores, final hiking risk scores, route suitability scores, go/no-go decisions, medical diagnoses, or causality claims."
48,48_1,RADAR_BASELINE_ACTIVITY,endurance_sustained_movement,持續耐力,DESCRIPTIVE_ANNOTATION,ALLOW_TEXT_ANNOTATION_ONLY,300s horizontal evidence is descriptive only. valid_windows=1; consumable_windows=1; p90_speed_mps=1.9466666666666668.,Horizontal 300s evidence covers only limited baseline activities; admission review did not admit it as standalone radar axis.,baseline_population_gate=PASS|route_continuity_300s_gate=PASS_HORIZONTAL,RETAIN_AS_DESCRIPTIVE_SUPPORTING_EVIDENCE,NOT_PLOTTED_DESCRIPTIVE_ANNOTATION_ONLY,text annotation describing limited sustained-movement evidence,numeric radar axis value|standalone ability ranking|score generation,"CH6.5.5 personal ability radar data table v1 is a governed data-table layer only. It converts an axis contract and activity/person evidence into per-activity per-axis rows for future visualization. It does not create a radar plot and does not compute or authorize radar scores, ability scores, ability ranks, ability classes, THCI scores, final hiking risk scores, route suitability scores, go/no-go decisions, medical diagnoses, or causality claims."
48,48_1,RADAR_BASELINE_ACTIVITY,uphill_load_tolerance,上坡負荷承受力,DESCRIPTIVE_ANNOTATION,ALLOW_TEXT_ANNOTATION_ONLY,300s vertical evidence is descriptive only. valid_windows=0; consumable_windows=0; p90_vam_mph=; p90_gain_m=.,Vertical 300s evidence covers limited baseline activities and is not admitted as standalone radar axis.,baseline_population_gate=PASS|route_continuity_300s_gate=NO_CONSUMABLE_VERTICAL_WINDOW|positive_delta_artifact_guard=BLOCKED_ARTIFACT_REVIEW|hr_validity_gate=CONTEXT_AVAILABLE,RETAIN_AS_DESCRIPTIVE_VERTICAL_CONTEXT,NOT_PLOTTED_DESCRIPTIVE_ANNOTATION_ONLY,text annotation describing limited uphill-load evidence,numeric radar axis value|standalone ability ranking|score generation|medical diagnosis,"CH6.5.5 personal ability radar data table v1 is a governed data-table layer only. It converts an axis contract and activity/person evidence into per-activity per-axis rows for future visualization. It does not create a radar plot and does not compute or authorize radar scores, ability scores, ability ranks, ability classes, THCI scores, final hiking risk scores, route suitability scores, go/no-go decisions, medical diagnoses, or causality claims."
48,48_1,RADAR_BASELINE_ACTIVITY,hr_load_management_recovery,HR負荷管理與恢復能力,DESCRIPTIVE_ANNOTATION,ALLOW_TEXT_ANNOTATION_ONLY,HR lifecycle / recovery evidence exists for this activity; retained as non-medical context only.,HR evidence depends on device validity and estimated HRmax; it should not be a medical or standalone ability axis.,baseline_population_gate=PASS|hr_validity_gate=CONTEXT_AVAILABLE,TEXT_CONTEXT_ONLY,NOT_PLOTTED_DESCRIPTIVE_ANNOTATION_ONLY,load-management annotation and evidence context,medical diagnosis|standalone ability axis|rank|class,"CH6.5.5 personal ability radar data table v1 is a governed data-table layer only. It converts an axis contract and activity/person evidence into per-activity per-axis rows for future visualization. It does not create a radar plot and does not compute or authorize radar scores, ability scores, ability ranks, ability classes, THCI scores, final hiking risk scores, route suitability scores, go/no-go decisions, medical diagnoses, or causality claims."
48,48_1,RADAR_BASELINE_ACTIVITY,weather_performance_maintenance,天候條件下表現維持,DESCRIPTIVE_ANNOTATION,ALLOW_TEXT_ANNOTATION_ONLY,Weather context is available at summary level but not resolved to this activity row; retain as descriptive annotation.,Weather evidence remains context / proxy and does not isolate weather tolerance as a personal ability.,baseline_population_gate=PASS|weather_context_gate=SUMMARY_CONTEXT_ONLY,LIMITED_PROXY_OR_INSUFFICIENT_IF_WEATHER_CONTEXT_MISSING,NOT_PLOTTED_DESCRIPTIVE_ANNOTATION_ONLY,weather-context annotation,weather tolerance score|go/no-go decision|risk score,"CH6.5.5 personal ability radar data table v1 is a governed data-table layer only. It converts an axis contract and activity/person evidence into per-activity per-axis rows for future visualization. It does not create a radar plot and does not compute or authorize radar scores, ability scores, ability ranks, ability classes, THCI scores, final hiking risk scores, route suitability scores, go/no-go decisions, medical diagnoses, or causality claims."
48,48_1,RADAR_BASELINE_ACTIVITY,deviation_correction_ability,偏離修正能力,MISSING_EVIDENCE_ANNOTATION,SHOW_AS_INSUFFICIENT_EVIDENCE,"No formal field currently measures deviation, correction latency, backtracking, or rejoin behavior.","No formal field currently measures deviation, correction latency, backtracking, or rejoin behavior.",baseline_population_gate=PASS|route_continuity_300s_gate=POLICY_ACTIVE_CONSUMABLE_WINDOWS_1,INSUFFICIENT_EVIDENCE,NOT_PLOTTED_MISSING_EVIDENCE_ANNOTATION,missing-evidence annotation,numeric deviation-correction ability axis|navigation score|rank,"CH6.5.5 personal ability radar data table v1 is a governed data-table layer only. It converts an axis contract and activity/person evidence into per-activity per-axis rows for future visualization. It does not create a radar plot and does not compute or authorize radar scores, ability scores, ability ranks, ability classes, THCI scores, final hiking risk scores, route suitability scores, go/no-go decisions, medical diagnoses, or causality claims."
48,48_1,RADAR_BASELINE_ACTIVITY,risk_response_experience,風險應對經驗,MISSING_EVIDENCE_ANNOTATION,SHOW_AS_INSUFFICIENT_EVIDENCE,"Current evidence does not formally observe risk recognition, avoidance, fallback, or decision behavior.","Current evidence does not formally observe risk recognition, avoidance, fallback, or decision behavior.",baseline_population_gate=PASS,INSUFFICIENT_EVIDENCE,NOT_PLOTTED_MISSING_EVIDENCE_ANNOTATION,missing-evidence annotation,risk handling score|safety decision|go/no-go decision,"CH6.5.5 personal ability radar data table v1 is a governed data-table layer only. It converts an axis contract and activity/person evidence into per-activity per-axis rows for future visualization. It does not create a radar plot and does not compute or authorize radar scores, ability scores, ability ranks, ability classes, THCI scores, final hiking risk scores, route suitability scores, go/no-go decisions, medical diagnoses, or causality claims."
48,48_1,RADAR_BASELINE_ACTIVITY,autonomous_completion_readiness,自主完成能力,DESCRIPTIVE_ANNOTATION,ALLOW_TEXT_ANNOTATION_ONLY,Route-load readiness / completion context exists; it is not proof of autonomous self-sufficiency. readiness_review_gate=EARLY_CHECKPOINT_REVIEW_REQUIRED; completion_time_min=192.7833.,"Completion evidence does not prove autonomous navigation, supply, equipment, or team-support independence.",baseline_population_gate=PASS,LIMITED_PROXY_OR_INSUFFICIENT_IF_COMPLETION_CONTEXT_MISSING,NOT_PLOTTED_DESCRIPTIVE_ANNOTATION_ONLY,completion-context annotation,self-sufficiency score|route suitability score|go/no-go decision,"CH6.5.5 personal ability radar data table v1 is a governed data-table layer only. It converts an axis contract and activity/person evidence into per-activity per-axis rows for future visualization. It does not create a radar plot and does not compute or authorize radar scores, ability scores, ability ranks, ability classes, THCI scores, final hiking risk scores, route suitability scores, go/no-go decisions, medical diagnoses, or causality claims."
48,48_1,RADAR_BASELINE_ACTIVITY,supply_equipment_support,補給／裝備支援,MISSING_EVIDENCE_ANNOTATION,SHOW_AS_INSUFFICIENT_EVIDENCE,"No personal supply, equipment, hydration, nutrition, packing, or support data is available.","No personal supply, equipment, hydration, nutrition, packing, or support data is available.",NO_REQUIRED_GATE,INSUFFICIENT_EVIDENCE,NOT_PLOTTED_MISSING_EVIDENCE_ANNOTATION,missing-evidence annotation,equipment readiness score|preparedness class|go/no-go decision,"CH6.5.5 personal ability radar data table v1 is a governed data-table layer only. It converts an axis contract and activity/person evidence into per-activity per-axis rows for future visualization. It does not create a radar plot and does not compute or authorize radar scores, ability scores, ability ranks, ability classes, THCI scores, final hiking risk scores, route suitability scores, go/no-go decisions, medical diagnoses, or causality claims."
8,8_1,RADAR_BASELINE_ACTIVITY,endurance_sustained_movement,持續耐力,DESCRIPTIVE_ANNOTATION,ALLOW_TEXT_ANNOTATION_ONLY,300s horizontal evidence is descriptive only. valid_windows=0; consumable_windows=0; p90_speed_mps=.,Horizontal 300s evidence covers only limited baseline activities; admission review did not admit it as standalone radar axis.,baseline_population_gate=PASS|route_continuity_300s_gate=NO_CONSUMABLE_HORIZONTAL_WINDOW,RETAIN_AS_DESCRIPTIVE_SUPPORTING_EVIDENCE,NOT_PLOTTED_DESCRIPTIVE_ANNOTATION_ONLY,text annotation describing limited sustained-movement evidence,numeric radar axis value|standalone ability ranking|score generation,"CH6.5.5 personal ability radar data table v1 is a governed data-table layer only. It converts an axis contract and activity/person evidence into per-activity per-axis rows for future visualization. It does not create a radar plot and does not compute or authorize radar scores, ability scores, ability ranks, ability classes, THCI scores, final hiking risk scores, route suitability scores, go/no-go decisions, medical diagnoses, or causality claims."
8,8_1,RADAR_BASELINE_ACTIVITY,uphill_load_tolerance,上坡負荷承受力,DESCRIPTIVE_ANNOTATION,ALLOW_TEXT_ANNOTATION_ONLY,300s vertical evidence is descriptive only. valid_windows=0; consumable_windows=0; p90_vam_mph=; p90_gain_m=.,Vertical 300s evidence covers limited baseline activities and is not admitted as standalone radar axis.,baseline_population_gate=PASS|route_continuity_300s_gate=NO_CONSUMABLE_VERTICAL_WINDOW|positive_delta_artifact_guard=BLOCKED_ARTIFACT_REVIEW|hr_validity_gate=NO_ACTIVITY_LEVEL_HR_CONTEXT,RETAIN_AS_DESCRIPTIVE_VERTICAL_CONTEXT,NOT_PLOTTED_DESCRIPTIVE_ANNOTATION_ONLY,text annotation describing limited uphill-load evidence,numeric radar axis value|standalone ability ranking|score generation|medical diagnosis,"CH6.5.5 personal ability radar data table v1 is a governed data-table layer only. It converts an axis contract and activity/person evidence into per-activity per-axis rows for future visualization. It does not create a radar plot and does not compute or authorize radar scores, ability scores, ability ranks, ability classes, THCI scores, final hiking risk scores, route suitability scores, go/no-go decisions, medical diagnoses, or causality claims."
8,8_1,RADAR_BASELINE_ACTIVITY,hr_load_management_recovery,HR負荷管理與恢復能力,DESCRIPTIVE_ANNOTATION,ALLOW_TEXT_ANNOTATION_ONLY,HR lifecycle / recovery evidence exists for this activity; retained as non-medical context only.,HR evidence depends on device validity and estimated HRmax; it should not be a medical or standalone ability axis.,baseline_population_gate=PASS|hr_validity_gate=NO_ACTIVITY_LEVEL_HR_CONTEXT,TEXT_CONTEXT_ONLY,NOT_PLOTTED_DESCRIPTIVE_ANNOTATION_ONLY,load-management annotation and evidence context,medical diagnosis|standalone ability axis|rank|class,"CH6.5.5 personal ability radar data table v1 is a governed data-table layer only. It converts an axis contract and activity/person evidence into per-activity per-axis rows for future visualization. It does not create a radar plot and does not compute or authorize radar scores, ability scores, ability ranks, ability classes, THCI scores, final hiking risk scores, route suitability scores, go/no-go decisions, medical diagnoses, or causality claims."
8,8_1,RADAR_BASELINE_ACTIVITY,weather_performance_maintenance,天候條件下表現維持,DESCRIPTIVE_ANNOTATION,ALLOW_TEXT_ANNOTATION_ONLY,Weather context is available at summary level but not resolved to this activity row; retain as descriptive annotation.,Weather evidence remains context / proxy and does not isolate weather tolerance as a personal ability.,baseline_population_gate=PASS|weather_context_gate=SUMMARY_CONTEXT_ONLY,LIMITED_PROXY_OR_INSUFFICIENT_IF_WEATHER_CONTEXT_MISSING,NOT_PLOTTED_DESCRIPTIVE_ANNOTATION_ONLY,weather-context annotation,weather tolerance score|go/no-go decision|risk score,"CH6.5.5 personal ability radar data table v1 is a governed data-table layer only. It converts an axis contract and activity/person evidence into per-activity per-axis rows for future visualization. It does not create a radar plot and does not compute or authorize radar scores, ability scores, ability ranks, ability classes, THCI scores, final hiking risk scores, route suitability scores, go/no-go decisions, medical diagnoses, or causality claims."
8,8_1,RADAR_BASELINE_ACTIVITY,deviation_correction_ability,偏離修正能力,MISSING_EVIDENCE_ANNOTATION,SHOW_AS_INSUFFICIENT_EVIDENCE,"No formal field currently measures deviation, correction latency, backtracking, or rejoin behavior.","No formal field currently measures deviation, correction latency, backtracking, or rejoin behavior.",baseline_population_gate=PASS|route_continuity_300s_gate=POLICY_ACTIVE_CONSUMABLE_WINDOWS_0,INSUFFICIENT_EVIDENCE,NOT_PLOTTED_MISSING_EVIDENCE_ANNOTATION,missing-evidence annotation,numeric deviation-correction ability axis|navigation score|rank,"CH6.5.5 personal ability radar data table v1 is a governed data-table layer only. It converts an axis contract and activity/person evidence into per-activity per-axis rows for future visualization. It does not create a radar plot and does not compute or authorize radar scores, ability scores, ability ranks, ability classes, THCI scores, final hiking risk scores, route suitability scores, go/no-go decisions, medical diagnoses, or causality claims."
8,8_1,RADAR_BASELINE_ACTIVITY,risk_response_experience,風險應對經驗,MISSING_EVIDENCE_ANNOTATION,SHOW_AS_INSUFFICIENT_EVIDENCE,"Current evidence does not formally observe risk recognition, avoidance, fallback, or decision behavior.","Current evidence does not formally observe risk recognition, avoidance, fallback, or decision behavior.",baseline_population_gate=PASS,INSUFFICIENT_EVIDENCE,NOT_PLOTTED_MISSING_EVIDENCE_ANNOTATION,missing-evidence annotation,risk handling score|safety decision|go/no-go decision,"CH6.5.5 personal ability radar data table v1 is a governed data-table layer only. It converts an axis contract and activity/person evidence into per-activity per-axis rows for future visualization. It does not create a radar plot and does not compute or authorize radar scores, ability scores, ability ranks, ability classes, THCI scores, final hiking risk scores, route suitability scores, go/no-go decisions, medical diagnoses, or causality claims."
8,8_1,RADAR_BASELINE_ACTIVITY,autonomous_completion_readiness,自主完成能力,DESCRIPTIVE_ANNOTATION,ALLOW_TEXT_ANNOTATION_ONLY,Route-load readiness / completion context exists; it is not proof of autonomous self-sufficiency. readiness_review_gate=EARLY_CHECKPOINT_REVIEW_REQUIRED; completion_time_min=140.2167.,"Completion evidence does not prove autonomous navigation, supply, equipment, or team-support independence.",baseline_population_gate=PASS,LIMITED_PROXY_OR_INSUFFICIENT_IF_COMPLETION_CONTEXT_MISSING,NOT_PLOTTED_DESCRIPTIVE_ANNOTATION_ONLY,completion-context annotation,self-sufficiency score|route suitability score|go/no-go decision,"CH6.5.5 personal ability radar data table v1 is a governed data-table layer only. It converts an axis contract and activity/person evidence into per-activity per-axis rows for future visualization. It does not create a radar plot and does not compute or authorize radar scores, ability scores, ability ranks, ability classes, THCI scores, final hiking risk scores, route suitability scores, go/no-go decisions, medical diagnoses, or causality claims."
8,8_1,RADAR_BASELINE_ACTIVITY,supply_equipment_support,補給／裝備支援,MISSING_EVIDENCE_ANNOTATION,SHOW_AS_INSUFFICIENT_EVIDENCE,"No personal supply, equipment, hydration, nutrition, packing, or support data is available.","No personal supply, equipment, hydration, nutrition, packing, or support data is available.",NO_REQUIRED_GATE,INSUFFICIENT_EVIDENCE,NOT_PLOTTED_MISSING_EVIDENCE_ANNOTATION,missing-evidence annotation,equipment readiness score|preparedness class|go/no-go decision,"CH6.5.5 personal ability radar data table v1 is a governed data-table layer only. It converts an axis contract and activity/person evidence into per-activity per-axis rows for future visualization. It does not create a radar plot and does not compute or authorize radar scores, ability scores, ability ranks, ability classes, THCI scores, final hiking risk scores, route suitability scores, go/no-go decisions, medical diagnoses, or causality claims."
9,9_1,RADAR_BASELINE_ACTIVITY,endurance_sustained_movement,持續耐力,DESCRIPTIVE_ANNOTATION,ALLOW_TEXT_ANNOTATION_ONLY,300s horizontal evidence is descriptive only. valid_windows=0; consumable_windows=0; p90_speed_mps=.,Horizontal 300s evidence covers only limited baseline activities; admission review did not admit it as standalone radar axis.,baseline_population_gate=PASS|route_continuity_300s_gate=NO_CONSUMABLE_HORIZONTAL_WINDOW,RETAIN_AS_DESCRIPTIVE_SUPPORTING_EVIDENCE,NOT_PLOTTED_DESCRIPTIVE_ANNOTATION_ONLY,text annotation describing limited sustained-movement evidence,numeric radar axis value|standalone ability ranking|score generation,"CH6.5.5 personal ability radar data table v1 is a governed data-table layer only. It converts an axis contract and activity/person evidence into per-activity per-axis rows for future visualization. It does not create a radar plot and does not compute or authorize radar scores, ability scores, ability ranks, ability classes, THCI scores, final hiking risk scores, route suitability scores, go/no-go decisions, medical diagnoses, or causality claims."
9,9_1,RADAR_BASELINE_ACTIVITY,uphill_load_tolerance,上坡負荷承受力,DESCRIPTIVE_ANNOTATION,ALLOW_TEXT_ANNOTATION_ONLY,300s vertical evidence is descriptive only. valid_windows=0; consumable_windows=0; p90_vam_mph=; p90_gain_m=.,Vertical 300s evidence covers limited baseline activities and is not admitted as standalone radar axis.,baseline_population_gate=PASS|route_continuity_300s_gate=NO_CONSUMABLE_VERTICAL_WINDOW|positive_delta_artifact_guard=BLOCKED_ARTIFACT_REVIEW|hr_validity_gate=NO_ACTIVITY_LEVEL_HR_CONTEXT,RETAIN_AS_DESCRIPTIVE_VERTICAL_CONTEXT,NOT_PLOTTED_DESCRIPTIVE_ANNOTATION_ONLY,text annotation describing limited uphill-load evidence,numeric radar axis value|standalone ability ranking|score generation|medical diagnosis,"CH6.5.5 personal ability radar data table v1 is a governed data-table layer only. It converts an axis contract and activity/person evidence into per-activity per-axis rows for future visualization. It does not create a radar plot and does not compute or authorize radar scores, ability scores, ability ranks, ability classes, THCI scores, final hiking risk scores, route suitability scores, go/no-go decisions, medical diagnoses, or causality claims."
9,9_1,RADAR_BASELINE_ACTIVITY,hr_load_management_recovery,HR負荷管理與恢復能力,DESCRIPTIVE_ANNOTATION,ALLOW_TEXT_ANNOTATION_ONLY,HR lifecycle / recovery evidence exists for this activity; retained as non-medical context only.,HR evidence depends on device validity and estimated HRmax; it should not be a medical or standalone ability axis.,baseline_population_gate=PASS|hr_validity_gate=NO_ACTIVITY_LEVEL_HR_CONTEXT,TEXT_CONTEXT_ONLY,NOT_PLOTTED_DESCRIPTIVE_ANNOTATION_ONLY,load-management annotation and evidence context,medical diagnosis|standalone ability axis|rank|class,"CH6.5.5 personal ability radar data table v1 is a governed data-table layer only. It converts an axis contract and activity/person evidence into per-activity per-axis rows for future visualization. It does not create a radar plot and does not compute or authorize radar scores, ability scores, ability ranks, ability classes, THCI scores, final hiking risk scores, route suitability scores, go/no-go decisions, medical diagnoses, or causality claims."
9,9_1,RADAR_BASELINE_ACTIVITY,weather_performance_maintenance,天候條件下表現維持,DESCRIPTIVE_ANNOTATION,ALLOW_TEXT_ANNOTATION_ONLY,Weather context is available at summary level but not resolved to this activity row; retain as descriptive annotation.,Weather evidence remains context / proxy and does not isolate weather tolerance as a personal ability.,baseline_population_gate=PASS|weather_context_gate=SUMMARY_CONTEXT_ONLY,LIMITED_PROXY_OR_INSUFFICIENT_IF_WEATHER_CONTEXT_MISSING,NOT_PLOTTED_DESCRIPTIVE_ANNOTATION_ONLY,weather-context annotation,weather tolerance score|go/no-go decision|risk score,"CH6.5.5 personal ability radar data table v1 is a governed data-table layer only. It converts an axis contract and activity/person evidence into per-activity per-axis rows for future visualization. It does not create a radar plot and does not compute or authorize radar scores, ability scores, ability ranks, ability classes, THCI scores, final hiking risk scores, route suitability scores, go/no-go decisions, medical diagnoses, or causality claims."
9,9_1,RADAR_BASELINE_ACTIVITY,deviation_correction_ability,偏離修正能力,MISSING_EVIDENCE_ANNOTATION,SHOW_AS_INSUFFICIENT_EVIDENCE,"No formal field currently measures deviation, correction latency, backtracking, or rejoin behavior.","No formal field currently measures deviation, correction latency, backtracking, or rejoin behavior.",baseline_population_gate=PASS|route_continuity_300s_gate=POLICY_ACTIVE_CONSUMABLE_WINDOWS_0,INSUFFICIENT_EVIDENCE,NOT_PLOTTED_MISSING_EVIDENCE_ANNOTATION,missing-evidence annotation,numeric deviation-correction ability axis|navigation score|rank,"CH6.5.5 personal ability radar data table v1 is a governed data-table layer only. It converts an axis contract and activity/person evidence into per-activity per-axis rows for future visualization. It does not create a radar plot and does not compute or authorize radar scores, ability scores, ability ranks, ability classes, THCI scores, final hiking risk scores, route suitability scores, go/no-go decisions, medical diagnoses, or causality claims."
9,9_1,RADAR_BASELINE_ACTIVITY,risk_response_experience,風險應對經驗,MISSING_EVIDENCE_ANNOTATION,SHOW_AS_INSUFFICIENT_EVIDENCE,"Current evidence does not formally observe risk recognition, avoidance, fallback, or decision behavior.","Current evidence does not formally observe risk recognition, avoidance, fallback, or decision behavior.",baseline_population_gate=PASS,INSUFFICIENT_EVIDENCE,NOT_PLOTTED_MISSING_EVIDENCE_ANNOTATION,missing-evidence annotation,risk handling score|safety decision|go/no-go decision,"CH6.5.5 personal ability radar data table v1 is a governed data-table layer only. It converts an axis contract and activity/person evidence into per-activity per-axis rows for future visualization. It does not create a radar plot and does not compute or authorize radar scores, ability scores, ability ranks, ability classes, THCI scores, final hiking risk scores, route suitability scores, go/no-go decisions, medical diagnoses, or causality claims."
9,9_1,RADAR_BASELINE_ACTIVITY,autonomous_completion_readiness,自主完成能力,DESCRIPTIVE_ANNOTATION,ALLOW_TEXT_ANNOTATION_ONLY,Route-load readiness / completion context exists; it is not proof of autonomous self-sufficiency. readiness_review_gate=EARLY_CHECKPOINT_REVIEW_REQUIRED; completion_time_min=144.0333.,"Completion evidence does not prove autonomous navigation, supply, equipment, or team-support independence.",baseline_population_gate=PASS,LIMITED_PROXY_OR_INSUFFICIENT_IF_COMPLETION_CONTEXT_MISSING,NOT_PLOTTED_DESCRIPTIVE_ANNOTATION_ONLY,completion-context annotation,self-sufficiency score|route suitability score|go/no-go decision,"CH6.5.5 personal ability radar data table v1 is a governed data-table layer only. It converts an axis contract and activity/person evidence into per-activity per-axis rows for future visualization. It does not create a radar plot and does not compute or authorize radar scores, ability scores, ability ranks, ability classes, THCI scores, final hiking risk scores, route suitability scores, go/no-go decisions, medical diagnoses, or causality claims."
9,9_1,RADAR_BASELINE_ACTIVITY,supply_equipment_support,補給／裝備支援,MISSING_EVIDENCE_ANNOTATION,SHOW_AS_INSUFFICIENT_EVIDENCE,"No personal supply, equipment, hydration, nutrition, packing, or support data is available.","No personal supply, equipment, hydration, nutrition, packing, or support data is available.",NO_REQUIRED_GATE,INSUFFICIENT_EVIDENCE,NOT_PLOTTED_MISSING_EVIDENCE_ANNOTATION,missing-evidence annotation,equipment readiness score|preparedness class|go/no-go decision,"CH6.5.5 personal ability radar data table v1 is a governed data-table layer only. It converts an axis contract and activity/person evidence into per-activity per-axis rows for future visualization. It does not create a radar plot and does not compute or authorize radar scores, ability scores, ability ranks, ability classes, THCI scores, final hiking risk scores, route suitability scores, go/no-go decisions, medical diagnoses, or causality claims."
6_1,6_1,EXTRA_SOURCE_ACTIVITY_NOT_IN_RADAR_BASELINE,endurance_sustained_movement,持續耐力,DESCRIPTIVE_ANNOTATION,ALLOW_TEXT_ANNOTATION_ONLY,300s horizontal evidence is descriptive only. valid_windows=0; consumable_windows=0; p90_speed_mps=.,Horizontal 300s evidence covers only limited baseline activities; admission review did not admit it as standalone radar axis.,baseline_population_gate=BLOCKED_EXTRA_SOURCE|route_continuity_300s_gate=NO_CONSUMABLE_HORIZONTAL_WINDOW,RETAIN_AS_DESCRIPTIVE_SUPPORTING_EVIDENCE,NOT_PLOTTED_EXTRA_SOURCE_ACTIVITY,text annotation describing limited sustained-movement evidence,numeric radar axis value|standalone ability ranking|score generation,"CH6.5.5 personal ability radar data table v1 is a governed data-table layer only. It converts an axis contract and activity/person evidence into per-activity per-axis rows for future visualization. It does not create a radar plot and does not compute or authorize radar scores, ability scores, ability ranks, ability classes, THCI scores, final hiking risk scores, route suitability scores, go/no-go decisions, medical diagnoses, or causality claims."
6_1,6_1,EXTRA_SOURCE_ACTIVITY_NOT_IN_RADAR_BASELINE,uphill_load_tolerance,上坡負荷承受力,DESCRIPTIVE_ANNOTATION,ALLOW_TEXT_ANNOTATION_ONLY,300s vertical evidence is descriptive only. valid_windows=0; consumable_windows=0; p90_vam_mph=; p90_gain_m=.,Vertical 300s evidence covers limited baseline activities and is not admitted as standalone radar axis.,baseline_population_gate=BLOCKED_EXTRA_SOURCE|route_continuity_300s_gate=NO_CONSUMABLE_VERTICAL_WINDOW|positive_delta_artifact_guard=NO_VERTICAL_CONSUMABLE_WINDOW|hr_validity_gate=NO_ACTIVITY_LEVEL_HR_CONTEXT,RETAIN_AS_DESCRIPTIVE_VERTICAL_CONTEXT,NOT_PLOTTED_EXTRA_SOURCE_ACTIVITY,text annotation describing limited uphill-load evidence,numeric radar axis value|standalone ability ranking|score generation|medical diagnosis,"CH6.5.5 personal ability radar data table v1 is a governed data-table layer only. It converts an axis contract and activity/person evidence into per-activity per-axis rows for future visualization. It does not create a radar plot and does not compute or authorize radar scores, ability scores, ability ranks, ability classes, THCI scores, final hiking risk scores, route suitability scores, go/no-go decisions, medical diagnoses, or causality claims."
6_1,6_1,EXTRA_SOURCE_ACTIVITY_NOT_IN_RADAR_BASELINE,terrain_movement_efficiency,地形移動效率,LIMITED_PROXY_AXIS,ALLOW_LIMITED_PROXY_WITH_LABEL,"LIMITED_PROXY_AXIS; proxy value not confidently extracted in v1; If terrain movement evidence file is absent, show as insufficient instead of zero.","If terrain movement evidence file is absent, show as insufficient instead of zero.",baseline_population_gate=BLOCKED_EXTRA_SOURCE|route_continuity_300s_gate=POLICY_ACTIVE_CONSUMABLE_WINDOWS_0,LIMITED_PROXY_IF_PRIMARY_AXIS_PRESENT,NOT_PLOTTED_EXTRA_SOURCE_ACTIVITY,limited proxy radar axis with clear evidence label,final ability score|rank|class,"CH6.5.5 personal ability radar data table v1 is a governed data-table layer only. It converts an axis contract and activity/person evidence into per-activity per-axis rows for future visualization. It does not create a radar plot and does not compute or authorize radar scores, ability scores, ability ranks, ability classes, THCI scores, final hiking risk scores, route suitability scores, go/no-go decisions, medical diagnoses, or causality claims."
6_1,6_1,EXTRA_SOURCE_ACTIVITY_NOT_IN_RADAR_BASELINE,pacing_movement_stability,穩定移動能力,LIMITED_PROXY_AXIS,ALLOW_LIMITED_PROXY_WITH_LABEL,"LIMITED_PROXY_AXIS; proxy value not confidently extracted in v1; If pacing / movement stability evidence is absent, show as insufficient instead of zero.","If pacing / movement stability evidence is absent, show as insufficient instead of zero.",baseline_population_gate=BLOCKED_EXTRA_SOURCE|route_continuity_300s_gate=POLICY_ACTIVE_CONSUMABLE_WINDOWS_0,LIMITED_PROXY_IF_PRIMARY_AXIS_PRESENT,NOT_PLOTTED_EXTRA_SOURCE_ACTIVITY,limited proxy radar axis with activity-history label,final ability score|rank|class,"CH6.5.5 personal ability radar data table v1 is a governed data-table layer only. It converts an axis contract and activity/person evidence into per-activity per-axis rows for future visualization. It does not create a radar plot and does not compute or authorize radar scores, ability scores, ability ranks, ability classes, THCI scores, final hiking risk scores, route suitability scores, go/no-go decisions, medical diagnoses, or causality claims."
6_1,6_1,EXTRA_SOURCE_ACTIVITY_NOT_IN_RADAR_BASELINE,hr_load_management_recovery,HR負荷管理與恢復能力,DESCRIPTIVE_ANNOTATION,ALLOW_TEXT_ANNOTATION_ONLY,HR lifecycle / recovery evidence exists for this activity; retained as non-medical context only.,HR evidence depends on device validity and estimated HRmax; it should not be a medical or standalone ability axis.,baseline_population_gate=BLOCKED_EXTRA_SOURCE|hr_validity_gate=NO_ACTIVITY_LEVEL_HR_CONTEXT,TEXT_CONTEXT_ONLY,NOT_PLOTTED_EXTRA_SOURCE_ACTIVITY,load-management annotation and evidence context,medical diagnosis|standalone ability axis|rank|class,"CH6.5.5 personal ability radar data table v1 is a governed data-table layer only. It converts an axis contract and activity/person evidence into per-activity per-axis rows for future visualization. It does not create a radar plot and does not compute or authorize radar scores, ability scores, ability ranks, ability classes, THCI scores, final hiking risk scores, route suitability scores, go/no-go decisions, medical diagnoses, or causality claims."
6_1,6_1,EXTRA_SOURCE_ACTIVITY_NOT_IN_RADAR_BASELINE,weather_performance_maintenance,天候條件下表現維持,DESCRIPTIVE_ANNOTATION,ALLOW_TEXT_ANNOTATION_ONLY,Weather context is available at summary level but not resolved to this activity row; retain as descriptive annotation.,Weather evidence remains context / proxy and does not isolate weather tolerance as a personal ability.,baseline_population_gate=BLOCKED_EXTRA_SOURCE|weather_context_gate=SUMMARY_CONTEXT_ONLY,LIMITED_PROXY_OR_INSUFFICIENT_IF_WEATHER_CONTEXT_MISSING,NOT_PLOTTED_EXTRA_SOURCE_ACTIVITY,weather-context annotation,weather tolerance score|go/no-go decision|risk score,"CH6.5.5 personal ability radar data table v1 is a governed data-table layer only. It converts an axis contract and activity/person evidence into per-activity per-axis rows for future visualization. It does not create a radar plot and does not compute or authorize radar scores, ability scores, ability ranks, ability classes, THCI scores, final hiking risk scores, route suitability scores, go/no-go decisions, medical diagnoses, or causality claims."
6_1,6_1,EXTRA_SOURCE_ACTIVITY_NOT_IN_RADAR_BASELINE,route_following_stability,路線跟隨穩定性,LIMITED_PROXY_AXIS,GOVERNED_LIMITED_PROXY_PREVIEW_ONLY,LIMITED_PROXY_AXIS; governed route-following proxy preview only. evidence_state=EXTRA_SOURCE_BLOCKED; route_issue_event_count=1; terminal_event_rows=1; non_terminal_event_rows=1; admission_status=BLOCKED_EXTRA_SOURCE_NOT_BASELINE. Proxy value withheld because activity is outside the admitted baseline population or detector evidence is unavailable.,,baseline_population_gate=BLOCKED_EXTRA_SOURCE|detector_file_found=PASS|route_following_proxy_admission=NOT_ADMITTED_FOR_ACTIVITY,BLOCKED_BY_BASELINE_OR_EVIDENCE_GATE,NOT_PLOTTED_EXTRA_SOURCE_ACTIVITY,limited proxy radar preview with explicit route-following proxy label,ability score|ability rank|ability class|final risk score|route suitability score|go/no-go decision,"Route-following stability is represented in data table v1_1 as a governed limited proxy only. It is not an ability score, ability rank, ability class, THCI score, final hiking risk score, route suitability score, go/no-go decision, medical diagnosis, or causality claim."
6_1,6_1,EXTRA_SOURCE_ACTIVITY_NOT_IN_RADAR_BASELINE,deviation_correction_ability,偏離修正能力,MISSING_EVIDENCE_ANNOTATION,SHOW_AS_INSUFFICIENT_EVIDENCE,"No formal field currently measures deviation, correction latency, backtracking, or rejoin behavior.","No formal field currently measures deviation, correction latency, backtracking, or rejoin behavior.",baseline_population_gate=BLOCKED_EXTRA_SOURCE|route_continuity_300s_gate=POLICY_ACTIVE_CONSUMABLE_WINDOWS_0,INSUFFICIENT_EVIDENCE,NOT_PLOTTED_EXTRA_SOURCE_ACTIVITY,missing-evidence annotation,numeric deviation-correction ability axis|navigation score|rank,"CH6.5.5 personal ability radar data table v1 is a governed data-table layer only. It converts an axis contract and activity/person evidence into per-activity per-axis rows for future visualization. It does not create a radar plot and does not compute or authorize radar scores, ability scores, ability ranks, ability classes, THCI scores, final hiking risk scores, route suitability scores, go/no-go decisions, medical diagnoses, or causality claims."
6_1,6_1,EXTRA_SOURCE_ACTIVITY_NOT_IN_RADAR_BASELINE,risk_response_experience,風險應對經驗,MISSING_EVIDENCE_ANNOTATION,SHOW_AS_INSUFFICIENT_EVIDENCE,"Current evidence does not formally observe risk recognition, avoidance, fallback, or decision behavior.","Current evidence does not formally observe risk recognition, avoidance, fallback, or decision behavior.",baseline_population_gate=BLOCKED_EXTRA_SOURCE,INSUFFICIENT_EVIDENCE,NOT_PLOTTED_EXTRA_SOURCE_ACTIVITY,missing-evidence annotation,risk handling score|safety decision|go/no-go decision,"CH6.5.5 personal ability radar data table v1 is a governed data-table layer only. It converts an axis contract and activity/person evidence into per-activity per-axis rows for future visualization. It does not create a radar plot and does not compute or authorize radar scores, ability scores, ability ranks, ability classes, THCI scores, final hiking risk scores, route suitability scores, go/no-go decisions, medical diagnoses, or causality claims."
6_1,6_1,EXTRA_SOURCE_ACTIVITY_NOT_IN_RADAR_BASELINE,autonomous_completion_readiness,自主完成能力,DESCRIPTIVE_ANNOTATION,ALLOW_TEXT_ANNOTATION_ONLY,Route-load readiness / completion context exists; it is not proof of autonomous self-sufficiency. readiness_review_gate=INSUFFICIENT_PERSONAL_HISTORY; completion_time_min=.,"Completion evidence does not prove autonomous navigation, supply, equipment, or team-support independence.",baseline_population_gate=BLOCKED_EXTRA_SOURCE,LIMITED_PROXY_OR_INSUFFICIENT_IF_COMPLETION_CONTEXT_MISSING,NOT_PLOTTED_EXTRA_SOURCE_ACTIVITY,completion-context annotation,self-sufficiency score|route suitability score|go/no-go decision,"CH6.5.5 personal ability radar data table v1 is a governed data-table layer only. It converts an axis contract and activity/person evidence into per-activity per-axis rows for future visualization. It does not create a radar plot and does not compute or authorize radar scores, ability scores, ability ranks, ability classes, THCI scores, final hiking risk scores, route suitability scores, go/no-go decisions, medical diagnoses, or causality claims."
6_1,6_1,EXTRA_SOURCE_ACTIVITY_NOT_IN_RADAR_BASELINE,supply_equipment_support,補給／裝備支援,MISSING_EVIDENCE_ANNOTATION,SHOW_AS_INSUFFICIENT_EVIDENCE,"No personal supply, equipment, hydration, nutrition, packing, or support data is available.","No personal supply, equipment, hydration, nutrition, packing, or support data is available.",NO_REQUIRED_GATE,INSUFFICIENT_EVIDENCE,NOT_PLOTTED_EXTRA_SOURCE_ACTIVITY,missing-evidence annotation,equipment readiness score|preparedness class|go/no-go decision,"CH6.5.5 personal ability radar data table v1 is a governed data-table layer only. It converts an axis contract and activity/person evidence into per-activity per-axis rows for future visualization. It does not create a radar plot and does not compute or authorize radar scores, ability scores, ability ranks, ability classes, THCI scores, final hiking risk scores, route suitability scores, go/no-go decisions, medical diagnoses, or causality claims."
