relative_path,name,type,depth,role,stage_or_scope,formal_status,used_by_current_pipeline,current_pipeline_blocker,reason,recommended_action
.DS_Store,.DS_Store,file,1,UNKNOWN,not classified by folder prompt,needs_review,unknown,unknown,add rule if it matters,review manually
.python-version,.python-version,file,1,UNKNOWN,not classified by folder prompt,needs_review,unknown,unknown,add rule if it matters,review manually
activity_input,activity_input,dir,1,FORMAL_INPUT,activity source,current,yes,no,listed formal/reference root,keep as current evidence/root
cache,cache,dir,1,CACHE,local cache,ignore_for_pipeline,no,no,special known root,do not use as current formal input
config,config,dir,1,REFERENCE_CONFIG,single-root legacy/reference config; includes nlsc_tile_activity_mapping.csv,document_in_index,reference,no,special known root,document in CURRENT_INDEX
configs,configs,dir,1,CONFIG,route definitions and semantic risk mapping,current,yes,no,listed formal/reference root,keep as current evidence/root
CURRENT_INDEX.md,CURRENT_INDEX.md,file,1,UNKNOWN,not classified by folder prompt,needs_review,unknown,unknown,add rule if it matters,review manually
folder_inventory_depth4.csv,folder_inventory_depth4.csv,file,1,UNKNOWN,not classified by folder prompt,needs_review,unknown,unknown,add rule if it matters,review manually
folder_prompt.txt,folder_prompt.txt,file,1,UNKNOWN,not classified by folder prompt,needs_review,unknown,unknown,add rule if it matters,review manually
folder_role_audit_depth4.csv,folder_role_audit_depth4.csv,file,1,UNKNOWN,not classified by folder prompt,needs_review,unknown,unknown,add rule if it matters,review manually
nlsc_raw,nlsc_raw,dir,1,FORMAL_INPUT,NLSC contour source for IB1G/IB1E/IB2D,current,yes,no,listed formal/reference root,keep as current evidence/root
osm_raw_output,osm_raw_output,dir,1,FORMAL_OUTPUT,IA1 OSM raw output,current,yes,no,listed formal/reference root,keep as current evidence/root
osm_raw_output_v1_1,osm_raw_output_v1_1,dir,1,LEGACY,older IA1 raw output,do_not_use_current,no,no,special known root,do not use as current formal input
outputs,outputs,dir,1,INHERITED,inherits role from nearest known parent,review_parent,maybe,no,not a specifically classified root,review manually
runs,runs,dir,1,FREEZE_OR_HISTORY,"handoff, changelog, freeze snapshots",mixed,reference,no,listed formal/reference root,review manually
scripts,scripts,dir,1,SOURCE,pipeline scripts,current,yes,no,listed formal/reference root,keep as current evidence/root
tmp_qixing_manual_filter_notes_v2.txt,tmp_qixing_manual_filter_notes_v2.txt,file,1,UNKNOWN,not classified by folder prompt,needs_review,unknown,unknown,add rule if it matters,review manually
weather,weather,dir,1,FUTURE_LAYER,observed weather source; not integrated at IB2D,future_ib3_activity_layer,reference,no,special known root,document in CURRENT_INDEX
七星山上山,七星山上山,dir,1,UNKNOWN,not classified by folder prompt,needs_review,unknown,unknown,add rule if it matters,review manually
架構prompt.txt,架構prompt.txt,file,1,UNKNOWN,not classified by folder prompt,needs_review,unknown,unknown,add rule if it matters,review manually
activity_input/activity_column_schema_groups.csv,activity_column_schema_groups.csv,file,2,INHERITED,inherits role from nearest known parent,review_parent,maybe,no,not a specifically classified root,review manually
activity_input/activity_file_inventory_excluded.csv,activity_file_inventory_excluded.csv,file,2,INHERITED,inherits role from nearest known parent,review_parent,maybe,no,not a specifically classified root,review manually
activity_input/activity_file_inventory_valid.csv,activity_file_inventory_valid.csv,file,2,INHERITED,inherits role from nearest known parent,review_parent,maybe,no,not a specifically classified root,review manually
activity_input/activity_subject_pairing_summary.csv,activity_subject_pairing_summary.csv,file,2,INHERITED,inherits role from nearest known parent,review_parent,maybe,no,not a specifically classified root,review manually
activity_input/activity_subject_pairing_summary_v2.csv,activity_subject_pairing_summary_v2.csv,file,2,INHERITED,inherits role from nearest known parent,review_parent,maybe,no,not a specifically classified root,review manually
activity_input/csv,csv,dir,2,INHERITED,inherits role from nearest known parent,review_parent,maybe,no,not a specifically classified root,review manually
activity_input/fit,fit,dir,2,INHERITED,inherits role from nearest known parent,review_parent,maybe,no,not a specifically classified root,review manually
activity_input/gpx,gpx,dir,2,INHERITED,inherits role from nearest known parent,review_parent,maybe,no,not a specifically classified root,review manually
activity_input/manifests,manifests,dir,2,INHERITED,inherits role from nearest known parent,review_parent,maybe,no,not a specifically classified root,review manually
cache/01d4d0f05d4341e3687d71572ae5a952d1c1ef4f.json,01d4d0f05d4341e3687d71572ae5a952d1c1ef4f.json,file,2,UNKNOWN,not classified by folder prompt,needs_review,unknown,unknown,add rule if it matters,review manually
cache/03943dbfdd5e5ef170249a8fc2209b3dff5ef535.json,03943dbfdd5e5ef170249a8fc2209b3dff5ef535.json,file,2,UNKNOWN,not classified by folder prompt,needs_review,unknown,unknown,add rule if it matters,review manually
cache/0cefa506849d1bd5126db01bbc7a3b2a4902ef66.json,0cefa506849d1bd5126db01bbc7a3b2a4902ef66.json,file,2,UNKNOWN,not classified by folder prompt,needs_review,unknown,unknown,add rule if it matters,review manually
cache/14e682ba2153d59e225c9b6f453a821b81ff3e54.json,14e682ba2153d59e225c9b6f453a821b81ff3e54.json,file,2,UNKNOWN,not classified by folder prompt,needs_review,unknown,unknown,add rule if it matters,review manually
cache/1a87b8160b8b57dd8fb18877b937fc6c81b253c1.json,1a87b8160b8b57dd8fb18877b937fc6c81b253c1.json,file,2,UNKNOWN,not classified by folder prompt,needs_review,unknown,unknown,add rule if it matters,review manually
cache/20443632da127bfc630357ac6cef3689f9ddf6fe.json,20443632da127bfc630357ac6cef3689f9ddf6fe.json,file,2,UNKNOWN,not classified by folder prompt,needs_review,unknown,unknown,add rule if it matters,review manually
cache/24cbf559a32117f5b662c2ec7c11ef3c230f2a1f.json,24cbf559a32117f5b662c2ec7c11ef3c230f2a1f.json,file,2,UNKNOWN,not classified by folder prompt,needs_review,unknown,unknown,add rule if it matters,review manually
cache/284a243465c046222c3ed9447846b8aaf50a7eff.json,284a243465c046222c3ed9447846b8aaf50a7eff.json,file,2,UNKNOWN,not classified by folder prompt,needs_review,unknown,unknown,add rule if it matters,review manually
cache/2d993d7df0f31753005208b88bf21492c9645889.json,2d993d7df0f31753005208b88bf21492c9645889.json,file,2,UNKNOWN,not classified by folder prompt,needs_review,unknown,unknown,add rule if it matters,review manually
cache/3c2a80a21eb5d3f29399c6a095d12d119b95cc53.json,3c2a80a21eb5d3f29399c6a095d12d119b95cc53.json,file,2,UNKNOWN,not classified by folder prompt,needs_review,unknown,unknown,add rule if it matters,review manually
cache/3fbbff6cd4cb5ee47d45e3d11657fa7a3c247009.json,3fbbff6cd4cb5ee47d45e3d11657fa7a3c247009.json,file,2,UNKNOWN,not classified by folder prompt,needs_review,unknown,unknown,add rule if it matters,review manually
cache/41421dc5f44dc004c7ea07135d0719be6c063a41.json,41421dc5f44dc004c7ea07135d0719be6c063a41.json,file,2,UNKNOWN,not classified by folder prompt,needs_review,unknown,unknown,add rule if it matters,review manually
cache/41f4d8f7a9144a50c398ed83d62701cb25fa6828.json,41f4d8f7a9144a50c398ed83d62701cb25fa6828.json,file,2,UNKNOWN,not classified by folder prompt,needs_review,unknown,unknown,add rule if it matters,review manually
cache/4255554e093dcb5314a16f602e4140d402a61a9a.json,4255554e093dcb5314a16f602e4140d402a61a9a.json,file,2,UNKNOWN,not classified by folder prompt,needs_review,unknown,unknown,add rule if it matters,review manually
cache/474eee83e8778fe803fe1e0127e35f5e1dc18769.json,474eee83e8778fe803fe1e0127e35f5e1dc18769.json,file,2,UNKNOWN,not classified by folder prompt,needs_review,unknown,unknown,add rule if it matters,review manually
cache/4bec52d9843fb03ad6177030ac207e05b57023af.json,4bec52d9843fb03ad6177030ac207e05b57023af.json,file,2,UNKNOWN,not classified by folder prompt,needs_review,unknown,unknown,add rule if it matters,review manually
cache/51643be7f92ae74657cc5e253b86f1801adcf6f4.json,51643be7f92ae74657cc5e253b86f1801adcf6f4.json,file,2,UNKNOWN,not classified by folder prompt,needs_review,unknown,unknown,add rule if it matters,review manually
cache/5eba45aba5abec6b423fdb99b2cba8a15100e04d.json,5eba45aba5abec6b423fdb99b2cba8a15100e04d.json,file,2,UNKNOWN,not classified by folder prompt,needs_review,unknown,unknown,add rule if it matters,review manually
cache/5f5cd13fc62363da84acbcf3b418e3a9bd74689a.json,5f5cd13fc62363da84acbcf3b418e3a9bd74689a.json,file,2,UNKNOWN,not classified by folder prompt,needs_review,unknown,unknown,add rule if it matters,review manually
cache/63f9f79022e71f03fb682d659a159edaefdd183c.json,63f9f79022e71f03fb682d659a159edaefdd183c.json,file,2,UNKNOWN,not classified by folder prompt,needs_review,unknown,unknown,add rule if it matters,review manually
cache/645222b3ef64f6ea6fd39784c1499a82aaa84735.json,645222b3ef64f6ea6fd39784c1499a82aaa84735.json,file,2,UNKNOWN,not classified by folder prompt,needs_review,unknown,unknown,add rule if it matters,review manually
cache/6748891b68d52c27379bed9864d51335295af1d0.json,6748891b68d52c27379bed9864d51335295af1d0.json,file,2,UNKNOWN,not classified by folder prompt,needs_review,unknown,unknown,add rule if it matters,review manually
cache/6d929a8817560d8d2508c67b8b3c964b9bff465a.json,6d929a8817560d8d2508c67b8b3c964b9bff465a.json,file,2,UNKNOWN,not classified by folder prompt,needs_review,unknown,unknown,add rule if it matters,review manually
cache/6f3ee207bfdbed36f8a5678c18da62c48efb3d84.json,6f3ee207bfdbed36f8a5678c18da62c48efb3d84.json,file,2,UNKNOWN,not classified by folder prompt,needs_review,unknown,unknown,add rule if it matters,review manually
cache/759a9f260fae13d0faaf298591e24b46ac60fbd0.json,759a9f260fae13d0faaf298591e24b46ac60fbd0.json,file,2,UNKNOWN,not classified by folder prompt,needs_review,unknown,unknown,add rule if it matters,review manually
cache/7778f113ddb0fe90433fb8316c0df958bd315328.json,7778f113ddb0fe90433fb8316c0df958bd315328.json,file,2,UNKNOWN,not classified by folder prompt,needs_review,unknown,unknown,add rule if it matters,review manually
cache/7b583fadb6713eff4509ef8fa0e9d769fdd346c6.json,7b583fadb6713eff4509ef8fa0e9d769fdd346c6.json,file,2,UNKNOWN,not classified by folder prompt,needs_review,unknown,unknown,add rule if it matters,review manually
cache/7f40c03e53eb73f2ad289627db5319c3d5326696.json,7f40c03e53eb73f2ad289627db5319c3d5326696.json,file,2,UNKNOWN,not classified by folder prompt,needs_review,unknown,unknown,add rule if it matters,review manually
cache/82df379fcbb20b82bfe9a075097134271b9afd59.json,82df379fcbb20b82bfe9a075097134271b9afd59.json,file,2,UNKNOWN,not classified by folder prompt,needs_review,unknown,unknown,add rule if it matters,review manually
cache/8a941f3a33939bbee7e5e773d7717c11aebaad3e.json,8a941f3a33939bbee7e5e773d7717c11aebaad3e.json,file,2,UNKNOWN,not classified by folder prompt,needs_review,unknown,unknown,add rule if it matters,review manually
cache/8d1b705d443a54df615331d2815e3d5be26b79b6.json,8d1b705d443a54df615331d2815e3d5be26b79b6.json,file,2,UNKNOWN,not classified by folder prompt,needs_review,unknown,unknown,add rule if it matters,review manually
cache/8e1d955cee7705939b9db98e5da04ea929abd76c.json,8e1d955cee7705939b9db98e5da04ea929abd76c.json,file,2,UNKNOWN,not classified by folder prompt,needs_review,unknown,unknown,add rule if it matters,review manually
cache/9052258393a9c86bf4bdd404a9d836d0f1af3522.json,9052258393a9c86bf4bdd404a9d836d0f1af3522.json,file,2,UNKNOWN,not classified by folder prompt,needs_review,unknown,unknown,add rule if it matters,review manually
cache/9512c22893f1ceedf326c83c58e0c492d2fba6fa.json,9512c22893f1ceedf326c83c58e0c492d2fba6fa.json,file,2,UNKNOWN,not classified by folder prompt,needs_review,unknown,unknown,add rule if it matters,review manually
cache/9afeed0d6bbeb55d2b31c5f898f8b8a58a26ab29.json,9afeed0d6bbeb55d2b31c5f898f8b8a58a26ab29.json,file,2,UNKNOWN,not classified by folder prompt,needs_review,unknown,unknown,add rule if it matters,review manually
cache/9c26dd5cbf81097e87cd791f45f8c598f9c097d3.json,9c26dd5cbf81097e87cd791f45f8c598f9c097d3.json,file,2,UNKNOWN,not classified by folder prompt,needs_review,unknown,unknown,add rule if it matters,review manually
cache/a037d7e54fdf96c8f0a98b91ed195d3a53acf003.json,a037d7e54fdf96c8f0a98b91ed195d3a53acf003.json,file,2,UNKNOWN,not classified by folder prompt,needs_review,unknown,unknown,add rule if it matters,review manually
cache/a4421208c14d7fd139155ef1590577dd6a0085e3.json,a4421208c14d7fd139155ef1590577dd6a0085e3.json,file,2,UNKNOWN,not classified by folder prompt,needs_review,unknown,unknown,add rule if it matters,review manually
cache/a5498dd334c26f991f0b210bed175168a15a0c77.json,a5498dd334c26f991f0b210bed175168a15a0c77.json,file,2,UNKNOWN,not classified by folder prompt,needs_review,unknown,unknown,add rule if it matters,review manually
cache/acfe0462a04ef53ec1671074e7a8121e36a37a5c.json,acfe0462a04ef53ec1671074e7a8121e36a37a5c.json,file,2,UNKNOWN,not classified by folder prompt,needs_review,unknown,unknown,add rule if it matters,review manually
cache/b20d44dc8e71247d4e3b3957b5dcba6e49f098bd.json,b20d44dc8e71247d4e3b3957b5dcba6e49f098bd.json,file,2,UNKNOWN,not classified by folder prompt,needs_review,unknown,unknown,add rule if it matters,review manually
cache/b3c2f6ecaf3fff9976674b4351bd53e0f31867ff.json,b3c2f6ecaf3fff9976674b4351bd53e0f31867ff.json,file,2,UNKNOWN,not classified by folder prompt,needs_review,unknown,unknown,add rule if it matters,review manually
cache/b666af224e44bee357f173a797c949ff9caf3241.json,b666af224e44bee357f173a797c949ff9caf3241.json,file,2,UNKNOWN,not classified by folder prompt,needs_review,unknown,unknown,add rule if it matters,review manually
cache/bcfc34efeb399bbd74e73bf5543fc78f2ce66c55.json,bcfc34efeb399bbd74e73bf5543fc78f2ce66c55.json,file,2,UNKNOWN,not classified by folder prompt,needs_review,unknown,unknown,add rule if it matters,review manually
cache/bda5252c703620473d68a1eb7cf46e02945f2834.json,bda5252c703620473d68a1eb7cf46e02945f2834.json,file,2,UNKNOWN,not classified by folder prompt,needs_review,unknown,unknown,add rule if it matters,review manually
cache/be56205916adb9fef2f7f453f706abc5a11d26be.json,be56205916adb9fef2f7f453f706abc5a11d26be.json,file,2,UNKNOWN,not classified by folder prompt,needs_review,unknown,unknown,add rule if it matters,review manually
cache/c001b2465c9d6d5c6e106b79a4274498aaa97b80.json,c001b2465c9d6d5c6e106b79a4274498aaa97b80.json,file,2,UNKNOWN,not classified by folder prompt,needs_review,unknown,unknown,add rule if it matters,review manually
cache/c1a26b46e3f0c3078c88f003cfdb319c13c0e6ce.json,c1a26b46e3f0c3078c88f003cfdb319c13c0e6ce.json,file,2,UNKNOWN,not classified by folder prompt,needs_review,unknown,unknown,add rule if it matters,review manually
cache/c2f441235d06bf82086f35244413952b0553d3e0.json,c2f441235d06bf82086f35244413952b0553d3e0.json,file,2,UNKNOWN,not classified by folder prompt,needs_review,unknown,unknown,add rule if it matters,review manually
cache/d7bfd39dbb6d1d0ba64ad09d4a2549aaa12089b6.json,d7bfd39dbb6d1d0ba64ad09d4a2549aaa12089b6.json,file,2,UNKNOWN,not classified by folder prompt,needs_review,unknown,unknown,add rule if it matters,review manually
cache/dbe8eed74cf1a39ba25db0940c9475baf8e067ce.json,dbe8eed74cf1a39ba25db0940c9475baf8e067ce.json,file,2,UNKNOWN,not classified by folder prompt,needs_review,unknown,unknown,add rule if it matters,review manually
cache/dd3ce889cfc09d8f57471cc3479ad335796f4c23.json,dd3ce889cfc09d8f57471cc3479ad335796f4c23.json,file,2,UNKNOWN,not classified by folder prompt,needs_review,unknown,unknown,add rule if it matters,review manually
cache/de59095345eae9065028a37bf039269915ec8b64.json,de59095345eae9065028a37bf039269915ec8b64.json,file,2,UNKNOWN,not classified by folder prompt,needs_review,unknown,unknown,add rule if it matters,review manually
cache/e96ee7a5b1d9233ff7a71bcec0aafd026953c5f5.json,e96ee7a5b1d9233ff7a71bcec0aafd026953c5f5.json,file,2,UNKNOWN,not classified by folder prompt,needs_review,unknown,unknown,add rule if it matters,review manually
cache/ea9d2bdb7001f6dda723367619cd4497ba9ba854.json,ea9d2bdb7001f6dda723367619cd4497ba9ba854.json,file,2,UNKNOWN,not classified by folder prompt,needs_review,unknown,unknown,add rule if it matters,review manually
cache/ecc902d8358d22c21aa48b983b0adcf8809ca676.json,ecc902d8358d22c21aa48b983b0adcf8809ca676.json,file,2,UNKNOWN,not classified by folder prompt,needs_review,unknown,unknown,add rule if it matters,review manually
cache/f4d47e6818cea6ba68bfd5d676965417fb8fb5ef.json,f4d47e6818cea6ba68bfd5d676965417fb8fb5ef.json,file,2,UNKNOWN,not classified by folder prompt,needs_review,unknown,unknown,add rule if it matters,review manually
cache/f9025ee7729440632ef83f8b100f92e284938330.json,f9025ee7729440632ef83f8b100f92e284938330.json,file,2,UNKNOWN,not classified by folder prompt,needs_review,unknown,unknown,add rule if it matters,review manually
cache/f92acb917042116e2dd3232d171fcad3efe6613b.json,f92acb917042116e2dd3232d171fcad3efe6613b.json,file,2,UNKNOWN,not classified by folder prompt,needs_review,unknown,unknown,add rule if it matters,review manually
config/nlsc_tile_activity_mapping.csv,nlsc_tile_activity_mapping.csv,file,2,REFERENCE_CONFIG,historical NLSC tile mapping; not sole formal selector authority,document_in_index,reference,no,special known root,document in CURRENT_INDEX
configs/risk_semantics,risk_semantics,dir,2,INHERITED,inherits role from nearest known parent,review_parent,maybe,no,not a specifically classified root,review manually
configs/route_control_points,route_control_points,dir,2,INHERITED,inherits role from nearest known parent,review_parent,maybe,no,not a specifically classified root,review manually
configs/route_definitions,route_definitions,dir,2,INHERITED,inherits role from nearest known parent,review_parent,maybe,no,not a specifically classified root,review manually
nlsc_raw/97233NW,97233NW,dir,2,INHERITED,inherits role from nearest known parent,review_parent,maybe,no,not a specifically classified root,review manually
nlsc_raw/97233SW,97233SW,dir,2,INHERITED,inherits role from nearest known parent,review_parent,maybe,no,not a specifically classified root,review manually
osm_raw_output/.DS_Store,.DS_Store,file,2,INHERITED,inherits role from nearest known parent,review_parent,maybe,no,not a specifically classified root,review manually
osm_raw_output/_archived_before_20260531_refresh,_archived_before_20260531_refresh,dir,2,ARCHIVE,archived or backup material,historical,no,no,archive/backup path,do not use as current formal input
osm_raw_output/juansi_waterfall_fitcsv_20260503_osmrefresh_v1_3b,juansi_waterfall_fitcsv_20260503_osmrefresh_v1_3b,dir,2,INHERITED,inherits role from nearest known parent,review_parent,maybe,no,not a specifically classified root,review manually
osm_raw_output/osm_bare_rock_raw.geojson,osm_bare_rock_raw.geojson,file,2,INHERITED,inherits role from nearest known parent,review_parent,maybe,no,not a specifically classified root,review manually
osm_raw_output/osm_bench_raw.geojson,osm_bench_raw.geojson,file,2,INHERITED,inherits role from nearest known parent,review_parent,maybe,no,not a specifically classified root,review manually
osm_raw_output/osm_cliff_raw.geojson,osm_cliff_raw.geojson,file,2,INHERITED,inherits role from nearest known parent,review_parent,maybe,no,not a specifically classified root,review manually
osm_raw_output/osm_drinking_water_raw.geojson,osm_drinking_water_raw.geojson,file,2,INHERITED,inherits role from nearest known parent,review_parent,maybe,no,not a specifically classified root,review manually
osm_raw_output/osm_generic_context_raw.geojson,osm_generic_context_raw.geojson,file,2,INHERITED,inherits role from nearest known parent,review_parent,maybe,no,not a specifically classified root,review manually
osm_raw_output/osm_generic_tag_summary.csv,osm_generic_tag_summary.csv,file,2,INHERITED,inherits role from nearest known parent,review_parent,maybe,no,not a specifically classified root,review manually
osm_raw_output/qixing_lengshuikeng_main_peak_20260523_osmrefresh_v1_3b,qixing_lengshuikeng_main_peak_20260523_osmrefresh_v1_3b,dir,2,INHERITED,inherits role from nearest known parent,review_parent,maybe,no,not a specifically classified root,review manually
osm_raw_output/qixing_xiaoyoukeng_joyhike_osmrefresh_v1_3b,qixing_xiaoyoukeng_joyhike_osmrefresh_v1_3b,dir,2,INHERITED,inherits role from nearest known parent,review_parent,maybe,no,not a specifically classified root,review manually
osm_raw_output/qixing_xiaoyoukeng_main_peak_20260315_osmrefresh_v1_3b,qixing_xiaoyoukeng_main_peak_20260315_osmrefresh_v1_3b,dir,2,INHERITED,inherits role from nearest known parent,review_parent,maybe,no,not a specifically classified root,review manually
osm_raw_output/zhonghua_ust_jiuwufeng_roundtrip_biji_osmrefresh_v1_3b,zhonghua_ust_jiuwufeng_roundtrip_biji_osmrefresh_v1_3b,dir,2,INHERITED,inherits role from nearest known parent,review_parent,maybe,no,not a specifically classified root,review manually
osm_raw_output_v1_1/qixing_lengshuikeng_main_peak_20260523,qixing_lengshuikeng_main_peak_20260523,dir,2,UNKNOWN,not classified by folder prompt,needs_review,unknown,unknown,add rule if it matters,review manually
osm_raw_output_v1_1/qixing_xiaoyoukeng_main_peak_20260315,qixing_xiaoyoukeng_main_peak_20260315,dir,2,UNKNOWN,not classified by folder prompt,needs_review,unknown,unknown,add rule if it matters,review manually
outputs/_backup_before_forced_required_way_20260529_002457,_backup_before_forced_required_way_20260529_002457,dir,2,ARCHIVE,archived or backup material,historical,no,no,archive/backup path,do not use as current formal input
outputs/_backup_before_forced_required_way_20260529_002835,_backup_before_forced_required_way_20260529_002835,dir,2,ARCHIVE,archived or backup material,historical,no,no,archive/backup path,do not use as current formal input
outputs/_backup_before_forced_required_way_20260529_002919,_backup_before_forced_required_way_20260529_002919,dir,2,ARCHIVE,archived or backup material,historical,no,no,archive/backup path,do not use as current formal input
outputs/_checkpoints,_checkpoints,dir,2,LEGACY_OR_EXPERIMENTAL_OUTPUT,older/non-current output root,review_before_use,no,no,not listed as current formal root,do not use as current formal input
outputs/_tmp_check_juansi_ib0b_approach_segments.py,_tmp_check_juansi_ib0b_approach_segments.py,file,2,LEGACY_OR_EXPERIMENTAL_OUTPUT,older/non-current output root,review_before_use,no,no,not listed as current formal root,do not use as current formal input
outputs/_tmp_debug_ib0b_components_zhonghua.py,_tmp_debug_ib0b_components_zhonghua.py,file,2,LEGACY_OR_EXPERIMENTAL_OUTPUT,older/non-current output root,review_before_use,no,no,not listed as current formal root,do not use as current formal input
outputs/_tmp_diagnose_v1e_orange_segments.py,_tmp_diagnose_v1e_orange_segments.py,file,2,LEGACY_OR_EXPERIMENTAL_OUTPUT,older/non-current output root,review_before_use,no,no,not listed as current formal root,do not use as current formal input
outputs/_tmp_diagnose_v1e_orange_segments_refined.py,_tmp_diagnose_v1e_orange_segments_refined.py,file,2,LEGACY_OR_EXPERIMENTAL_OUTPUT,older/non-current output root,review_before_use,no,no,not listed as current formal root,do not use as current formal input
outputs/_tmp_diagnose_v1f_route_corridor_residual.py,_tmp_diagnose_v1f_route_corridor_residual.py,file,2,LEGACY_OR_EXPERIMENTAL_OUTPUT,older/non-current output root,review_before_use,no,no,not listed as current formal root,do not use as current formal input
outputs/_tmp_find_gpx_peak.py,_tmp_find_gpx_peak.py,file,2,LEGACY_OR_EXPERIMENTAL_OUTPUT,older/non-current output root,review_before_use,no,no,not listed as current formal root,do not use as current formal input
outputs/_tmp_find_zhonghua_route_axis_entry_from_gpx.py,_tmp_find_zhonghua_route_axis_entry_from_gpx.py,file,2,LEGACY_OR_EXPERIMENTAL_OUTPUT,older/non-current output root,review_before_use,no,no,not listed as current formal root,do not use as current formal input
outputs/_tmp_force_patch_activity_points_osm_nlsc_corrected_v1b.py,_tmp_force_patch_activity_points_osm_nlsc_corrected_v1b.py,file,2,LEGACY_OR_EXPERIMENTAL_OUTPUT,older/non-current output root,review_before_use,no,no,not listed as current formal root,do not use as current formal input
outputs/_tmp_force_patch_refit_target_qa_summit_line.py,_tmp_force_patch_refit_target_qa_summit_line.py,file,2,LEGACY_OR_EXPERIMENTAL_OUTPUT,older/non-current output root,review_before_use,no,no,not listed as current formal root,do not use as current formal input
outputs/_tmp_inspect_ib1e_route_geojson.py,_tmp_inspect_ib1e_route_geojson.py,file,2,LEGACY_OR_EXPERIMENTAL_OUTPUT,older/non-current output root,review_before_use,no,no,not listed as current formal root,do not use as current formal input
outputs/_tmp_patch_activity_points_osm_nlsc_corrected_v1b.py,_tmp_patch_activity_points_osm_nlsc_corrected_v1b.py,file,2,LEGACY_OR_EXPERIMENTAL_OUTPUT,older/non-current output root,review_before_use,no,no,not listed as current formal root,do not use as current formal input
outputs/_tmp_patch_ib3c_adaptive_speed_phase1.py,_tmp_patch_ib3c_adaptive_speed_phase1.py,file,2,LEGACY_OR_EXPERIMENTAL_OUTPUT,older/non-current output root,review_before_use,no,no,not listed as current formal root,do not use as current formal input
outputs/_tmp_patch_ib3c_adaptive_speed_phase2.py,_tmp_patch_ib3c_adaptive_speed_phase2.py,file,2,LEGACY_OR_EXPERIMENTAL_OUTPUT,older/non-current output root,review_before_use,no,no,not listed as current formal root,do not use as current formal input
outputs/_tmp_patch_ib3c_phase3a_semantic_annotations.py,_tmp_patch_ib3c_phase3a_semantic_annotations.py,file,2,LEGACY_OR_EXPERIMENTAL_OUTPUT,older/non-current output root,review_before_use,no,no,not listed as current formal root,do not use as current formal input
outputs/_tmp_patch_ib3c_phase3b_hr_delta.py,_tmp_patch_ib3c_phase3b_hr_delta.py,file,2,LEGACY_OR_EXPERIMENTAL_OUTPUT,older/non-current output root,review_before_use,no,no,not listed as current formal root,do not use as current formal input
outputs/_tmp_patch_ib3c_phase3c_recovery_interpretation.py,_tmp_patch_ib3c_phase3c_recovery_interpretation.py,file,2,LEGACY_OR_EXPERIMENTAL_OUTPUT,older/non-current output root,review_before_use,no,no,not listed as current formal root,do not use as current formal input
outputs/_tmp_patch_linked_qa_v1b_colors.py,_tmp_patch_linked_qa_v1b_colors.py,file,2,LEGACY_OR_EXPERIMENTAL_OUTPUT,older/non-current output root,review_before_use,no,no,not listed as current formal root,do not use as current formal input
outputs/_tmp_patch_linked_qa_v1c_status.py,_tmp_patch_linked_qa_v1c_status.py,file,2,LEGACY_OR_EXPERIMENTAL_OUTPUT,older/non-current output root,review_before_use,no,no,not listed as current formal root,do not use as current formal input
outputs/_tmp_patch_plot_activity_points_osm_nlsc_corrected_qa_map_v1.py,_tmp_patch_plot_activity_points_osm_nlsc_corrected_qa_map_v1.py,file,2,LEGACY_OR_EXPERIMENTAL_OUTPUT,older/non-current output root,review_before_use,no,no,not listed as current formal root,do not use as current formal input
outputs/_tmp_patch_refit_target_qa_v1d.py,_tmp_patch_refit_target_qa_v1d.py,file,2,LEGACY_OR_EXPERIMENTAL_OUTPUT,older/non-current output root,review_before_use,no,no,not listed as current formal root,do not use as current formal input
outputs/_tmp_patch_refit_target_qa_v1e.py,_tmp_patch_refit_target_qa_v1e.py,file,2,LEGACY_OR_EXPERIMENTAL_OUTPUT,older/non-current output root,review_before_use,no,no,not listed as current formal root,do not use as current formal input
outputs/_tmp_patch_refit_target_qa_v1f.py,_tmp_patch_refit_target_qa_v1f.py,file,2,LEGACY_OR_EXPERIMENTAL_OUTPUT,older/non-current output root,review_before_use,no,no,not listed as current formal root,do not use as current formal input
outputs/_tmp_patch_v1b_args_scope_fix.py,_tmp_patch_v1b_args_scope_fix.py,file,2,LEGACY_OR_EXPERIMENTAL_OUTPUT,older/non-current output root,review_before_use,no,no,not listed as current formal root,do not use as current formal input
outputs/activity_points_osm_nlsc_corrected_batch_summary,activity_points_osm_nlsc_corrected_batch_summary,dir,2,LEGACY_OR_EXPERIMENTAL_OUTPUT,older/non-current output root,review_before_use,no,no,not listed as current formal root,do not use as current formal input
outputs/activity_points_osm_nlsc_corrected_v1,activity_points_osm_nlsc_corrected_v1,dir,2,LEGACY_OR_EXPERIMENTAL_OUTPUT,older/non-current output root,review_before_use,no,no,not listed as current formal root,do not use as current formal input
outputs/activity_points_osm_nlsc_corrected_v1_interactive_profile_qa_noplotly,activity_points_osm_nlsc_corrected_v1_interactive_profile_qa_noplotly,dir,2,LEGACY_OR_EXPERIMENTAL_OUTPUT,older/non-current output root,review_before_use,no,no,not listed as current formal root,do not use as current formal input
outputs/activity_points_osm_nlsc_corrected_v1_linked_qa,activity_points_osm_nlsc_corrected_v1_linked_qa,dir,2,LEGACY_OR_EXPERIMENTAL_OUTPUT,older/non-current output root,review_before_use,no,no,not listed as current formal root,do not use as current formal input
outputs/activity_points_osm_nlsc_corrected_v1_qa_map,activity_points_osm_nlsc_corrected_v1_qa_map,dir,2,LEGACY_OR_EXPERIMENTAL_OUTPUT,older/non-current output root,review_before_use,no,no,not listed as current formal root,do not use as current formal input
outputs/activity_points_osm_nlsc_corrected_v1_qa_map_light,activity_points_osm_nlsc_corrected_v1_qa_map_light,dir,2,LEGACY_OR_EXPERIMENTAL_OUTPUT,older/non-current output root,review_before_use,no,no,not listed as current formal root,do not use as current formal input
outputs/activity_points_osm_nlsc_corrected_v1b,activity_points_osm_nlsc_corrected_v1b,dir,2,LEGACY_OR_EXPERIMENTAL_OUTPUT,older/non-current output root,review_before_use,no,no,not listed as current formal root,do not use as current formal input
outputs/activity_points_osm_nlsc_corrected_v1b_linked_qa,activity_points_osm_nlsc_corrected_v1b_linked_qa,dir,2,LEGACY_OR_EXPERIMENTAL_OUTPUT,older/non-current output root,review_before_use,no,no,not listed as current formal root,do not use as current formal input
outputs/activity_points_osm_nlsc_corrected_v1b_offset10,activity_points_osm_nlsc_corrected_v1b_offset10,dir,2,LEGACY_OR_EXPERIMENTAL_OUTPUT,older/non-current output root,review_before_use,no,no,not listed as current formal root,do not use as current formal input
outputs/activity_points_osm_nlsc_corrected_v1b_offset10_linked_qa,activity_points_osm_nlsc_corrected_v1b_offset10_linked_qa,dir,2,LEGACY_OR_EXPERIMENTAL_OUTPUT,older/non-current output root,review_before_use,no,no,not listed as current formal root,do not use as current formal input
outputs/activity_points_osm_nlsc_corrected_v1b_offset15,activity_points_osm_nlsc_corrected_v1b_offset15,dir,2,LEGACY_OR_EXPERIMENTAL_OUTPUT,older/non-current output root,review_before_use,no,no,not listed as current formal root,do not use as current formal input
outputs/activity_points_osm_nlsc_corrected_v1b_offset15_linked_qa,activity_points_osm_nlsc_corrected_v1b_offset15_linked_qa,dir,2,LEGACY_OR_EXPERIMENTAL_OUTPUT,older/non-current output root,review_before_use,no,no,not listed as current formal root,do not use as current formal input
outputs/activity_points_osm_nlsc_corrected_v1b_offset3,activity_points_osm_nlsc_corrected_v1b_offset3,dir,2,LEGACY_OR_EXPERIMENTAL_OUTPUT,older/non-current output root,review_before_use,no,no,not listed as current formal root,do not use as current formal input
outputs/activity_points_osm_nlsc_corrected_v1b_offset5,activity_points_osm_nlsc_corrected_v1b_offset5,dir,2,LEGACY_OR_EXPERIMENTAL_OUTPUT,older/non-current output root,review_before_use,no,no,not listed as current formal root,do not use as current formal input
outputs/activity_points_osm_nlsc_corrected_v1b_offset5_linked_qa,activity_points_osm_nlsc_corrected_v1b_offset5_linked_qa,dir,2,LEGACY_OR_EXPERIMENTAL_OUTPUT,older/non-current output root,review_before_use,no,no,not listed as current formal root,do not use as current formal input
outputs/activity_points_osm_nlsc_corrected_v1c_linked_qa,activity_points_osm_nlsc_corrected_v1c_linked_qa,dir,2,LEGACY_OR_EXPERIMENTAL_OUTPUT,older/non-current output root,review_before_use,no,no,not listed as current formal root,do not use as current formal input
outputs/activity_points_osm_nlsc_corrected_v1c_refit_mainline,activity_points_osm_nlsc_corrected_v1c_refit_mainline,dir,2,LEGACY_OR_EXPERIMENTAL_OUTPUT,older/non-current output root,review_before_use,no,no,not listed as current formal root,do not use as current formal input
outputs/activity_points_osm_nlsc_corrected_v1c_refit_mainline_offset3,activity_points_osm_nlsc_corrected_v1c_refit_mainline_offset3,dir,2,LEGACY_OR_EXPERIMENTAL_OUTPUT,older/non-current output root,review_before_use,no,no,not listed as current formal root,do not use as current formal input
outputs/activity_points_osm_nlsc_corrected_v1c_refit_target_qa_offset3,activity_points_osm_nlsc_corrected_v1c_refit_target_qa_offset3,dir,2,LEGACY_OR_EXPERIMENTAL_OUTPUT,older/non-current output root,review_before_use,no,no,not listed as current formal root,do not use as current formal input
outputs/activity_points_osm_nlsc_corrected_v1d_refit_target_qa_offset3,activity_points_osm_nlsc_corrected_v1d_refit_target_qa_offset3,dir,2,LEGACY_OR_EXPERIMENTAL_OUTPUT,older/non-current output root,review_before_use,no,no,not listed as current formal root,do not use as current formal input
outputs/activity_points_osm_nlsc_corrected_v1d_summit_aware_refit_offset3,activity_points_osm_nlsc_corrected_v1d_summit_aware_refit_offset3,dir,2,LEGACY_OR_EXPERIMENTAL_OUTPUT,older/non-current output root,review_before_use,no,no,not listed as current formal root,do not use as current formal input
outputs/activity_points_osm_nlsc_corrected_v1e_orange_segment_diagnosis,activity_points_osm_nlsc_corrected_v1e_orange_segment_diagnosis,dir,2,LEGACY_OR_EXPERIMENTAL_OUTPUT,older/non-current output root,review_before_use,no,no,not listed as current formal root,do not use as current formal input
outputs/activity_points_osm_nlsc_corrected_v1e_recover_isolated_orange_offset3,activity_points_osm_nlsc_corrected_v1e_recover_isolated_orange_offset3,dir,2,LEGACY_OR_EXPERIMENTAL_OUTPUT,older/non-current output root,review_before_use,no,no,not listed as current formal root,do not use as current formal input
outputs/activity_points_osm_nlsc_corrected_v1e_refit_target_qa_offset3,activity_points_osm_nlsc_corrected_v1e_refit_target_qa_offset3,dir,2,LEGACY_OR_EXPERIMENTAL_OUTPUT,older/non-current output root,review_before_use,no,no,not listed as current formal root,do not use as current formal input
outputs/activity_points_osm_nlsc_corrected_v1f_refit_target_qa_offset3,activity_points_osm_nlsc_corrected_v1f_refit_target_qa_offset3,dir,2,LEGACY_OR_EXPERIMENTAL_OUTPUT,older/non-current output root,review_before_use,no,no,not listed as current formal root,do not use as current formal input
outputs/activity_points_osm_nlsc_corrected_v1f_route_corridor_diagnosis,activity_points_osm_nlsc_corrected_v1f_route_corridor_diagnosis,dir,2,LEGACY_OR_EXPERIMENTAL_OUTPUT,older/non-current output root,review_before_use,no,no,not listed as current formal root,do not use as current formal input
outputs/activity_points_osm_nlsc_corrected_v1f_safe_corridor_recovery_offset3,activity_points_osm_nlsc_corrected_v1f_safe_corridor_recovery_offset3,dir,2,LEGACY_OR_EXPERIMENTAL_OUTPUT,older/non-current output root,review_before_use,no,no,not listed as current formal root,do not use as current formal input
outputs/activity_points_osm_nlsc_corrected_v1g_final_consolidated,activity_points_osm_nlsc_corrected_v1g_final_consolidated,dir,2,LEGACY_OR_EXPERIMENTAL_OUTPUT,older/non-current output root,review_before_use,no,no,not listed as current formal root,do not use as current formal input
outputs/activity_points_osm_nlsc_corrected_v1g_route_phase_aware_recovery_offset3,activity_points_osm_nlsc_corrected_v1g_route_phase_aware_recovery_offset3,dir,2,LEGACY_OR_EXPERIMENTAL_OUTPUT,older/non-current output root,review_before_use,no,no,not listed as current formal root,do not use as current formal input
outputs/activity_points_osm_nlsc_corrected_v1g_route_phase_aware_recovery_reviewed,activity_points_osm_nlsc_corrected_v1g_route_phase_aware_recovery_reviewed,dir,2,LEGACY_OR_EXPERIMENTAL_OUTPUT,older/non-current output root,review_before_use,no,no,not listed as current formal root,do not use as current formal input
outputs/activity_points_osm_nlsc_corrected_v1g_route_phase_diagnosis,activity_points_osm_nlsc_corrected_v1g_route_phase_diagnosis,dir,2,LEGACY_OR_EXPERIMENTAL_OUTPUT,older/non-current output root,review_before_use,no,no,not listed as current formal root,do not use as current formal input
outputs/activity_points_osm_nlsc_corrected_v1g_route_phase_diagnosis_batch,activity_points_osm_nlsc_corrected_v1g_route_phase_diagnosis_batch,dir,2,LEGACY_OR_EXPERIMENTAL_OUTPUT,older/non-current output root,review_before_use,no,no,not listed as current formal root,do not use as current formal input
outputs/activity_points_osm_nlsc_corrected_v1h_remaining_orange_block_diagnosis,activity_points_osm_nlsc_corrected_v1h_remaining_orange_block_diagnosis,dir,2,LEGACY_OR_EXPERIMENTAL_OUTPUT,older/non-current output root,review_before_use,no,no,not listed as current formal root,do not use as current formal input
outputs/activity_points_osm_nlsc_corrected_v1h_reviewed_recovery,activity_points_osm_nlsc_corrected_v1h_reviewed_recovery,dir,2,LEGACY_OR_EXPERIMENTAL_OUTPUT,older/non-current output root,review_before_use,no,no,not listed as current formal root,do not use as current formal input
outputs/activity_points_osm_nlsc_corrected_v1h_reviewed_recovery_dryrun,activity_points_osm_nlsc_corrected_v1h_reviewed_recovery_dryrun,dir,2,LEGACY_OR_EXPERIMENTAL_OUTPUT,older/non-current output root,review_before_use,no,no,not listed as current formal root,do not use as current formal input
outputs/activity_standardized,activity_standardized,dir,2,LEGACY_OR_EXPERIMENTAL_OUTPUT,older/non-current output root,review_before_use,no,no,not listed as current formal root,do not use as current formal input
outputs/adaptive_speed_threshold_qa_v1,adaptive_speed_threshold_qa_v1,dir,2,LEGACY_OR_EXPERIMENTAL_OUTPUT,older/non-current output root,review_before_use,no,no,not listed as current formal root,do not use as current formal input
outputs/ai_engineer_handoff_dataset_v1,ai_engineer_handoff_dataset_v1,dir,2,AUDIT_EVIDENCE,"handoff inventory evidence, not formal pipeline output",current_reference,yes,no,listed formal/reference root,keep as current evidence/root
outputs/contour_enriched_output,contour_enriched_output,dir,2,LEGACY_OR_EXPERIMENTAL_OUTPUT,older/non-current output root,review_before_use,no,no,not listed as current formal root,do not use as current formal input
outputs/debug_37_1_route_dist_jumps.csv,debug_37_1_route_dist_jumps.csv,file,2,LEGACY_OR_EXPERIMENTAL_OUTPUT,older/non-current output root,review_before_use,no,no,not listed as current formal root,do not use as current formal input
outputs/debug_37_1_route_dist_progression_rows_3500_5900.csv,debug_37_1_route_dist_progression_rows_3500_5900.csv,file,2,LEGACY_OR_EXPERIMENTAL_OUTPUT,older/non-current output root,review_before_use,no,no,not listed as current formal root,do not use as current formal input
outputs/debug_37_1_route_dist_progression_sample25_3500_5900.csv,debug_37_1_route_dist_progression_sample25_3500_5900.csv,file,2,LEGACY_OR_EXPERIMENTAL_OUTPUT,older/non-current output root,review_before_use,no,no,not listed as current formal root,do not use as current formal input
outputs/debug_37_1_v2_progress_state_3790_5175.csv,debug_37_1_v2_progress_state_3790_5175.csv,file,2,LEGACY_OR_EXPERIMENTAL_OUTPUT,older/non-current output root,review_before_use,no,no,not listed as current formal root,do not use as current formal input
outputs/debug_37_1_v3_progress_state_3790_5175.csv,debug_37_1_v3_progress_state_3790_5175.csv,file,2,LEGACY_OR_EXPERIMENTAL_OUTPUT,older/non-current output root,review_before_use,no,no,not listed as current formal root,do not use as current formal input
outputs/ia1_convergence_audit_v1_3b,ia1_convergence_audit_v1_3b,dir,2,AUDIT_EVIDENCE,IA1 convergence audit,current,yes,no,listed formal/reference root,keep as current evidence/root
outputs/ib0_gpx_osm_match_output,ib0_gpx_osm_match_output,dir,2,LEGACY_OR_EXPERIMENTAL_OUTPUT,older/non-current output root,review_before_use,no,no,not listed as current formal root,do not use as current formal input
outputs/ib0_route_axis_v1_3b_convergence_audit,ib0_route_axis_v1_3b_convergence_audit,dir,2,AUDIT_EVIDENCE,IA1-IB0D convergence audit,current,yes,no,listed formal/reference root,keep as current evidence/root
outputs/ib0_route_match,ib0_route_match,dir,2,FORMAL_OUTPUT,IB0 route match output,current,yes,no,listed formal/reference root,keep as current evidence/root
outputs/ib0_route_match_convergence_audit_v1_3b,ib0_route_match_convergence_audit_v1_3b,dir,2,AUDIT_EVIDENCE,IB0 route match convergence audit,current,yes,no,listed formal/reference root,keep as current evidence/root
outputs/ib0_route_match_v1_1,ib0_route_match_v1_1,dir,2,LEGACY_OR_EXPERIMENTAL_OUTPUT,older/non-current output root,review_before_use,no,no,not listed as current formal root,do not use as current formal input
outputs/ib0a2_route_axis_anchor_component_qa,ib0a2_route_axis_anchor_component_qa,dir,2,FORMAL_OUTPUT,IB0A-2 route-axis anchor/component QA,current,yes,no,listed formal/reference root,keep as current evidence/root
outputs/ib0a_control_points_osm_projection,ib0a_control_points_osm_projection,dir,2,FORMAL_OUTPUT,IB0A control point projection; PARTIAL/non-blocking,partial,reference,no,listed formal/reference root,keep as current evidence/root
outputs/ib0a_control_points_osm_projection_v1_1,ib0a_control_points_osm_projection_v1_1,dir,2,LEGACY_OR_EXPERIMENTAL_OUTPUT,older/non-current output root,review_before_use,no,no,not listed as current formal root,do not use as current formal input
outputs/ib0a_control_points_projection_convergence_audit_v1_3b,ib0a_control_points_projection_convergence_audit_v1_3b,dir,2,INHERITED,inherits role from nearest known parent,review_parent,maybe,no,not a specifically classified root,review manually
outputs/ib0a_prune,ib0a_prune,dir,2,LEGACY_OR_EXPERIMENTAL_OUTPUT,older/non-current output root,review_before_use,no,no,not listed as current formal root,do not use as current formal input
outputs/ib0b_mainline,ib0b_mainline,dir,2,LEGACY_OR_EXPERIMENTAL_OUTPUT,older/non-current output root,review_before_use,no,no,not listed as current formal root,do not use as current formal input
outputs/ib0b_mainline_control_point_constrained,ib0b_mainline_control_point_constrained,dir,2,LEGACY_OR_EXPERIMENTAL_OUTPUT,older/non-current output root,review_before_use,no,no,not listed as current formal root,do not use as current formal input
outputs/ib0b_mainline_control_point_constrained_v1_1,ib0b_mainline_control_point_constrained_v1_1,dir,2,LEGACY_OR_EXPERIMENTAL_OUTPUT,older/non-current output root,review_before_use,no,no,not listed as current formal root,do not use as current formal input
outputs/ib0b_mainline_forced_required_way_test,ib0b_mainline_forced_required_way_test,dir,2,LEGACY_OR_EXPERIMENTAL_OUTPUT,older/non-current output root,review_before_use,no,no,not listed as current formal root,do not use as current formal input
outputs/ib0b_mainline_required_way_qa,ib0b_mainline_required_way_qa,dir,2,LEGACY_OR_EXPERIMENTAL_OUTPUT,older/non-current output root,review_before_use,no,no,not listed as current formal root,do not use as current formal input
outputs/ib0b_mainline_route_definition_v1_3b,ib0b_mainline_route_definition_v1_3b,dir,2,LEGACY_OR_EXPERIMENTAL_OUTPUT,older/non-current output root,review_before_use,no,no,not listed as current formal root,do not use as current formal input
outputs/ib0b_mainline_route_definition_v1_3b_anchor_only_retry,ib0b_mainline_route_definition_v1_3b_anchor_only_retry,dir,2,LEGACY_OR_EXPERIMENTAL_OUTPUT,older/non-current output root,review_before_use,no,no,not listed as current formal root,do not use as current formal input
outputs/ib0b_mainline_route_definition_v1_3b_control_points_only,ib0b_mainline_route_definition_v1_3b_control_points_only,dir,2,FORMAL_OUTPUT,IB0B control-points-only route axis,current,yes,no,listed formal/reference root,keep as current evidence/root
outputs/ib0b_mainline_route_definition_v1_3b_control_points_only_snap20,ib0b_mainline_route_definition_v1_3b_control_points_only_snap20,dir,2,LEGACY_OR_EXPERIMENTAL_OUTPUT,older/non-current output root,review_before_use,no,no,not listed as current formal root,do not use as current formal input
outputs/ib0b_mainline_v1_1,ib0b_mainline_v1_1,dir,2,LEGACY_OR_EXPERIMENTAL_OUTPUT,older/non-current output root,review_before_use,no,no,not listed as current formal root,do not use as current formal input
outputs/ib0b_output,ib0b_output,dir,2,LEGACY_OR_EXPERIMENTAL_OUTPUT,older/non-current output root,review_before_use,no,no,not listed as current formal root,do not use as current formal input
outputs/ib0b_route_definition_inputs_v1_3b,ib0b_route_definition_inputs_v1_3b,dir,2,LEGACY_OR_EXPERIMENTAL_OUTPUT,older/non-current output root,review_before_use,no,no,not listed as current formal root,do not use as current formal input
outputs/ib0c_anchor,ib0c_anchor,dir,2,REFERENCE,"IB0C anchors; legacy/QA only, not formal trim authority",legacy_reference,reference,no,listed formal/reference root,review manually
outputs/ib0c_anchor_convergence_audit_v1_3b,ib0c_anchor_convergence_audit_v1_3b,dir,2,INHERITED,inherits role from nearest known parent,review_parent,maybe,no,not a specifically classified root,review manually
outputs/ib0c_anchor_output,ib0c_anchor_output,dir,2,LEGACY_OR_EXPERIMENTAL_OUTPUT,older/non-current output root,review_before_use,no,no,not listed as current formal root,do not use as current formal input
outputs/ib0d_convergence_audit_v1_3b_reviewed_pass_warn,ib0d_convergence_audit_v1_3b_reviewed_pass_warn,dir,2,INHERITED,inherits role from nearest known parent,review_parent,maybe,no,not a specifically classified root,review manually
outputs/ib0d_output,ib0d_output,dir,2,LEGACY_OR_EXPERIMENTAL_OUTPUT,older/non-current output root,review_before_use,no,no,not listed as current formal root,do not use as current formal input
outputs/ib0d_trimmed_mainline,ib0d_trimmed_mainline,dir,2,LEGACY_OR_EXPERIMENTAL_OUTPUT,older/non-current output root,review_before_use,no,no,not listed as current formal root,do not use as current formal input
outputs/ib0d_trimmed_mainline_forced_required_way_test,ib0d_trimmed_mainline_forced_required_way_test,dir,2,LEGACY_OR_EXPERIMENTAL_OUTPUT,older/non-current output root,review_before_use,no,no,not listed as current formal root,do not use as current formal input
outputs/ib0d_trimmed_mainline_v1_1,ib0d_trimmed_mainline_v1_1,dir,2,LEGACY_OR_EXPERIMENTAL_OUTPUT,older/non-current output root,review_before_use,no,no,not listed as current formal root,do not use as current formal input
outputs/ib0d_trimmed_mainline_v1_3b_control_points_only,ib0d_trimmed_mainline_v1_3b_control_points_only,dir,2,LEGACY_OR_EXPERIMENTAL_OUTPUT,older/non-current output root,review_before_use,no,no,not listed as current formal root,do not use as current formal input
outputs/ib0d_trimmed_mainline_v1_3b_control_points_only_contract_qa,ib0d_trimmed_mainline_v1_3b_control_points_only_contract_qa,dir,2,FORMAL_OUTPUT,IB0D contract QA; formal IB1 input,current,yes,no,listed formal/reference root,keep as current evidence/root
outputs/ib1_contour_features,ib1_contour_features,dir,2,LEGACY_OR_EXPERIMENTAL_OUTPUT,older/non-current output root,review_before_use,no,no,not listed as current formal root,do not use as current formal input
outputs/ib1_output,ib1_output,dir,2,LEGACY_OR_EXPERIMENTAL_OUTPUT,older/non-current output root,review_before_use,no,no,not listed as current formal root,do not use as current formal input
outputs/ib1_route_profile,ib1_route_profile,dir,2,LEGACY_OR_EXPERIMENTAL_OUTPUT,older/non-current output root,review_before_use,no,no,not listed as current formal root,do not use as current formal input
outputs/ib1_route_profile_forced_required_way_test,ib1_route_profile_forced_required_way_test,dir,2,LEGACY_OR_EXPERIMENTAL_OUTPUT,older/non-current output root,review_before_use,no,no,not listed as current formal root,do not use as current formal input
outputs/ib1_route_profile_output,ib1_route_profile_output,dir,2,LEGACY_OR_EXPERIMENTAL_OUTPUT,older/non-current output root,review_before_use,no,no,not listed as current formal root,do not use as current formal input
outputs/ib1_route_profile_v1_1,ib1_route_profile_v1_1,dir,2,LEGACY_OR_EXPERIMENTAL_OUTPUT,older/non-current output root,review_before_use,no,no,not listed as current formal root,do not use as current formal input
outputs/ib1_route_profile_v1_3b_contract_qa,ib1_route_profile_v1_3b_contract_qa,dir,2,FORMAL_OUTPUT,IB1A route profile,current,yes,no,listed formal/reference root,keep as current evidence/root
outputs/ib1_v1_3b_contract_qa_pipeline_summary,ib1_v1_3b_contract_qa_pipeline_summary,dir,2,AUDIT_EVIDENCE,IB1 pipeline summary,current,yes,no,listed formal/reference root,keep as current evidence/root
outputs/ib1a_route_elevation_profile_output,ib1a_route_elevation_profile_output,dir,2,LEGACY_OR_EXPERIMENTAL_OUTPUT,older/non-current output root,review_before_use,no,no,not listed as current formal root,do not use as current formal input
outputs/ib1b_route_profile_attribute_output,ib1b_route_profile_attribute_output,dir,2,LEGACY_OR_EXPERIMENTAL_OUTPUT,older/non-current output root,review_before_use,no,no,not listed as current formal root,do not use as current formal input
outputs/ib1c_osm_semantic_audit,ib1c_osm_semantic_audit,dir,2,LEGACY_OR_EXPERIMENTAL_OUTPUT,older/non-current output root,review_before_use,no,no,not listed as current formal root,do not use as current formal input
outputs/ib1c_osm_semantic_audit_forced_required_way_test,ib1c_osm_semantic_audit_forced_required_way_test,dir,2,LEGACY_OR_EXPERIMENTAL_OUTPUT,older/non-current output root,review_before_use,no,no,not listed as current formal root,do not use as current formal input
outputs/ib1c_osm_semantic_audit_v1_1,ib1c_osm_semantic_audit_v1_1,dir,2,LEGACY_OR_EXPERIMENTAL_OUTPUT,older/non-current output root,review_before_use,no,no,not listed as current formal root,do not use as current formal input
outputs/ib1c_osm_semantic_audit_v1_3b_contract_qa,ib1c_osm_semantic_audit_v1_3b_contract_qa,dir,2,AUDIT_EVIDENCE,IB1C semantic audit,current,yes,no,listed formal/reference root,keep as current evidence/root
outputs/ib1c_osm_semantic_risk,ib1c_osm_semantic_risk,dir,2,LEGACY_OR_EXPERIMENTAL_OUTPUT,older/non-current output root,review_before_use,no,no,not listed as current formal root,do not use as current formal input
outputs/ib1c_osm_semantic_risk_forced_required_way_test,ib1c_osm_semantic_risk_forced_required_way_test,dir,2,LEGACY_OR_EXPERIMENTAL_OUTPUT,older/non-current output root,review_before_use,no,no,not listed as current formal root,do not use as current formal input
outputs/ib1c_osm_semantic_risk_plot,ib1c_osm_semantic_risk_plot,dir,2,LEGACY_OR_EXPERIMENTAL_OUTPUT,older/non-current output root,review_before_use,no,no,not listed as current formal root,do not use as current formal input
outputs/ib1c_osm_semantic_risk_v1_1,ib1c_osm_semantic_risk_v1_1,dir,2,LEGACY_OR_EXPERIMENTAL_OUTPUT,older/non-current output root,review_before_use,no,no,not listed as current formal root,do not use as current formal input
outputs/ib1c_osm_semantic_risk_v1_3b_contract_qa,ib1c_osm_semantic_risk_v1_3b_contract_qa,dir,2,FORMAL_OUTPUT,IB1C semantic risk output,current_warn,yes,no,listed formal/reference root,keep as current evidence/root
outputs/ib1c_route_profile_semantic_output,ib1c_route_profile_semantic_output,dir,2,LEGACY_OR_EXPERIMENTAL_OUTPUT,older/non-current output root,review_before_use,no,no,not listed as current formal root,do not use as current formal input
outputs/ib1c_route_profile_semantics,ib1c_route_profile_semantics,dir,2,LEGACY_OR_EXPERIMENTAL_OUTPUT,older/non-current output root,review_before_use,no,no,not listed as current formal root,do not use as current formal input
outputs/ib1c_route_profile_semantics_forced_required_way_test,ib1c_route_profile_semantics_forced_required_way_test,dir,2,LEGACY_OR_EXPERIMENTAL_OUTPUT,older/non-current output root,review_before_use,no,no,not listed as current formal root,do not use as current formal input
outputs/ib1c_route_profile_semantics_v1_1,ib1c_route_profile_semantics_v1_1,dir,2,LEGACY_OR_EXPERIMENTAL_OUTPUT,older/non-current output root,review_before_use,no,no,not listed as current formal root,do not use as current formal input
outputs/ib1c_route_profile_semantics_v1_3b_contract_qa,ib1c_route_profile_semantics_v1_3b_contract_qa,dir,2,FORMAL_OUTPUT,IB1C OSM semantics,current,yes,no,listed formal/reference root,keep as current evidence/root
outputs/ib1c_semantic_risk_mapping_coverage_audit_v1_3b,ib1c_semantic_risk_mapping_coverage_audit_v1_3b,dir,2,LEGACY_OR_EXPERIMENTAL_OUTPUT,older/non-current output root,review_before_use,no,no,not listed as current formal root,do not use as current formal input
outputs/ib1c_semantic_risk_mapping_coverage_audit_v1_3b_mapping_v1_2_updated,ib1c_semantic_risk_mapping_coverage_audit_v1_3b_mapping_v1_2_updated,dir,2,LEGACY_OR_EXPERIMENTAL_OUTPUT,older/non-current output root,review_before_use,no,no,not listed as current formal root,do not use as current formal input
outputs/ib1d_route_profile_semantic_plot_output,ib1d_route_profile_semantic_plot_output,dir,2,LEGACY_OR_EXPERIMENTAL_OUTPUT,older/non-current output root,review_before_use,no,no,not listed as current formal root,do not use as current formal input
outputs/ib1e_osm_nlsc_terrain_risk,ib1e_osm_nlsc_terrain_risk,dir,2,LEGACY_OR_EXPERIMENTAL_OUTPUT,older/non-current output root,review_before_use,no,no,not listed as current formal root,do not use as current formal input
outputs/ib1e_osm_nlsc_terrain_risk_plot,ib1e_osm_nlsc_terrain_risk_plot,dir,2,LEGACY_OR_EXPERIMENTAL_OUTPUT,older/non-current output root,review_before_use,no,no,not listed as current formal root,do not use as current formal input
outputs/ib1e_osm_nlsc_terrain_risk_plot_forced_required_way_test,ib1e_osm_nlsc_terrain_risk_plot_forced_required_way_test,dir,2,LEGACY_OR_EXPERIMENTAL_OUTPUT,older/non-current output root,review_before_use,no,no,not listed as current formal root,do not use as current formal input
outputs/ib1e_osm_nlsc_terrain_risk_plot_v1_3b_contract_qa,ib1e_osm_nlsc_terrain_risk_plot_v1_3b_contract_qa,dir,2,INHERITED,inherits role from nearest known parent,review_parent,maybe,no,not a specifically classified root,review manually
outputs/ib1e_osm_terrain_risk_plot,ib1e_osm_terrain_risk_plot,dir,2,LEGACY_OR_EXPERIMENTAL_OUTPUT,older/non-current output root,review_before_use,no,no,not listed as current formal root,do not use as current formal input
outputs/ib1e_route_profile_contour_window_terrain,ib1e_route_profile_contour_window_terrain,dir,2,LEGACY_OR_EXPERIMENTAL_OUTPUT,older/non-current output root,review_before_use,no,no,not listed as current formal root,do not use as current formal input
outputs/ib1e_route_profile_contour_window_terrain_forced_required_way_test,ib1e_route_profile_contour_window_terrain_forced_required_way_test,dir,2,LEGACY_OR_EXPERIMENTAL_OUTPUT,older/non-current output root,review_before_use,no,no,not listed as current formal root,do not use as current formal input
outputs/ib1e_route_profile_contour_window_terrain_v1_1,ib1e_route_profile_contour_window_terrain_v1_1,dir,2,LEGACY_OR_EXPERIMENTAL_OUTPUT,older/non-current output root,review_before_use,no,no,not listed as current formal root,do not use as current formal input
outputs/ib1e_route_profile_contour_window_terrain_v1_3b_contract_qa,ib1e_route_profile_contour_window_terrain_v1_3b_contract_qa,dir,2,FORMAL_OUTPUT,IB1E formal IB2 input,current,yes,no,listed formal/reference root,keep as current evidence/root
outputs/ib1e_route_profile_nlsc_output,ib1e_route_profile_nlsc_output,dir,2,LEGACY_OR_EXPERIMENTAL_OUTPUT,older/non-current output root,review_before_use,no,no,not listed as current formal root,do not use as current formal input
outputs/ib1e_route_profile_nlsc_terrain,ib1e_route_profile_nlsc_terrain,dir,2,LEGACY_OR_EXPERIMENTAL_OUTPUT,older/non-current output root,review_before_use,no,no,not listed as current formal root,do not use as current formal input
outputs/ib1g_contour_window_features,ib1g_contour_window_features,dir,2,LEGACY_OR_EXPERIMENTAL_OUTPUT,older/non-current output root,review_before_use,no,no,not listed as current formal root,do not use as current formal input
outputs/ib1g_contour_window_features_forced_required_way_test,ib1g_contour_window_features_forced_required_way_test,dir,2,LEGACY_OR_EXPERIMENTAL_OUTPUT,older/non-current output root,review_before_use,no,no,not listed as current formal root,do not use as current formal input
outputs/ib1g_contour_window_features_v1_1,ib1g_contour_window_features_v1_1,dir,2,LEGACY_OR_EXPERIMENTAL_OUTPUT,older/non-current output root,review_before_use,no,no,not listed as current formal root,do not use as current formal input
outputs/ib1g_contour_window_features_v1_3b_contract_qa,ib1g_contour_window_features_v1_3b_contract_qa,dir,2,FORMAL_OUTPUT,IB1G NLSC contour window features,current,yes,no,listed formal/reference root,keep as current evidence/root
outputs/ib1g_mainline_contour_output,ib1g_mainline_contour_output,dir,2,LEGACY_OR_EXPERIMENTAL_OUTPUT,older/non-current output root,review_before_use,no,no,not listed as current formal root,do not use as current formal input
outputs/ib1g_v2_output,ib1g_v2_output,dir,2,LEGACY_OR_EXPERIMENTAL_OUTPUT,older/non-current output root,review_before_use,no,no,not listed as current formal root,do not use as current formal input
outputs/ib1h_contour_window_profile_output,ib1h_contour_window_profile_output,dir,2,LEGACY_OR_EXPERIMENTAL_OUTPUT,older/non-current output root,review_before_use,no,no,not listed as current formal root,do not use as current formal input
outputs/ib1h_v2_contour_window_profile_output,ib1h_v2_contour_window_profile_output,dir,2,LEGACY_OR_EXPERIMENTAL_OUTPUT,older/non-current output root,review_before_use,no,no,not listed as current formal root,do not use as current formal input
outputs/ib1i_gpx_vs_contour_validation,ib1i_gpx_vs_contour_validation,dir,2,LEGACY_OR_EXPERIMENTAL_OUTPUT,older/non-current output root,review_before_use,no,no,not listed as current formal root,do not use as current formal input
outputs/ib1i_validation_output,ib1i_validation_output,dir,2,LEGACY_OR_EXPERIMENTAL_OUTPUT,older/non-current output root,review_before_use,no,no,not listed as current formal root,do not use as current formal input
outputs/ib2_route_risk,ib2_route_risk,dir,2,LEGACY_OR_EXPERIMENTAL_OUTPUT,older/non-current output root,review_before_use,no,no,not listed as current formal root,do not use as current formal input
outputs/ib2_route_risk_output,ib2_route_risk_output,dir,2,LEGACY_OR_EXPERIMENTAL_OUTPUT,older/non-current output root,review_before_use,no,no,not listed as current formal root,do not use as current formal input
outputs/ib2_v2_route_risk,ib2_v2_route_risk,dir,2,LEGACY_OR_EXPERIMENTAL_OUTPUT,older/non-current output root,review_before_use,no,no,not listed as current formal root,do not use as current formal input
outputs/ib2_v2_route_risk_output,ib2_v2_route_risk_output,dir,2,LEGACY_OR_EXPERIMENTAL_OUTPUT,older/non-current output root,review_before_use,no,no,not listed as current formal root,do not use as current formal input
outputs/ib2_v2_route_risk_v1_1,ib2_v2_route_risk_v1_1,dir,2,LEGACY_OR_EXPERIMENTAL_OUTPUT,older/non-current output root,review_before_use,no,no,not listed as current formal root,do not use as current formal input
outputs/ib2_v2_route_risk_v1_3b_contract_qa,ib2_v2_route_risk_v1_3b_contract_qa,dir,2,FORMAL_OUTPUT,IB2_v2 route risk scoring,current,yes,no,listed formal/reference root,keep as current evidence/root
outputs/ib2_v3_route_segment_risk,ib2_v3_route_segment_risk,dir,2,LEGACY_OR_EXPERIMENTAL_OUTPUT,older/non-current output root,review_before_use,no,no,not listed as current formal root,do not use as current formal input
outputs/ib2_v3_route_segment_risk_output,ib2_v3_route_segment_risk_output,dir,2,LEGACY_OR_EXPERIMENTAL_OUTPUT,older/non-current output root,review_before_use,no,no,not listed as current formal root,do not use as current formal input
outputs/ib2a_risk_profile_output,ib2a_risk_profile_output,dir,2,LEGACY_OR_EXPERIMENTAL_OUTPUT,older/non-current output root,review_before_use,no,no,not listed as current formal root,do not use as current formal input
outputs/ib2a_route_risk_profile,ib2a_route_risk_profile,dir,2,LEGACY_OR_EXPERIMENTAL_OUTPUT,older/non-current output root,review_before_use,no,no,not listed as current formal root,do not use as current formal input
outputs/ib2b_segment_risk_profile_output,ib2b_segment_risk_profile_output,dir,2,LEGACY_OR_EXPERIMENTAL_OUTPUT,older/non-current output root,review_before_use,no,no,not listed as current formal root,do not use as current formal input
outputs/ib2b_v2_segment_risk_profile,ib2b_v2_segment_risk_profile,dir,2,LEGACY_OR_EXPERIMENTAL_OUTPUT,older/non-current output root,review_before_use,no,no,not listed as current formal root,do not use as current formal input
outputs/ib2b_v2_segment_risk_profile_output,ib2b_v2_segment_risk_profile_output,dir,2,LEGACY_OR_EXPERIMENTAL_OUTPUT,older/non-current output root,review_before_use,no,no,not listed as current formal root,do not use as current formal input
outputs/ib2c_route_risk_map_2d,ib2c_route_risk_map_2d,dir,2,LEGACY_OR_EXPERIMENTAL_OUTPUT,older/non-current output root,review_before_use,no,no,not listed as current formal root,do not use as current formal input
outputs/ib2c_route_risk_map_output,ib2c_route_risk_map_output,dir,2,LEGACY_OR_EXPERIMENTAL_OUTPUT,older/non-current output root,review_before_use,no,no,not listed as current formal root,do not use as current formal input
outputs/ib2d_route_risk_offline_map,ib2d_route_risk_offline_map,dir,2,LEGACY_OR_EXPERIMENTAL_OUTPUT,older/non-current output root,review_before_use,no,no,not listed as current formal root,do not use as current formal input
outputs/ib2d_route_risk_offline_map_forced_required_way_test,ib2d_route_risk_offline_map_forced_required_way_test,dir,2,LEGACY_OR_EXPERIMENTAL_OUTPUT,older/non-current output root,review_before_use,no,no,not listed as current formal root,do not use as current formal input
outputs/ib2d_route_risk_offline_map_output,ib2d_route_risk_offline_map_output,dir,2,LEGACY_OR_EXPERIMENTAL_OUTPUT,older/non-current output root,review_before_use,no,no,not listed as current formal root,do not use as current formal input
outputs/ib2d_route_risk_offline_map_v1_1,ib2d_route_risk_offline_map_v1_1,dir,2,LEGACY_OR_EXPERIMENTAL_OUTPUT,older/non-current output root,review_before_use,no,no,not listed as current formal root,do not use as current formal input
outputs/ib2d_route_risk_offline_map_v1_3b_contract_qa,ib2d_route_risk_offline_map_v1_3b_contract_qa,dir,2,FORMAL_OUTPUT,IB2D baseline route risk map/radar,current,yes,no,listed formal/reference root,keep as current evidence/root
outputs/ib2e_route_challenge_index,ib2e_route_challenge_index,dir,2,LEGACY_OR_EXPERIMENTAL_OUTPUT,older/non-current output root,review_before_use,no,no,not listed as current formal root,do not use as current formal input
outputs/ib3_activity,ib3_activity,dir,2,FUTURE_LAYER,IB3 activity/behavior/weather layer,future_or_legacy,no,no,outside current IA1-IB2D checkpoint,document in CURRENT_INDEX
outputs/ib3_batch_runs,ib3_batch_runs,dir,2,FUTURE_LAYER,IB3 activity/behavior/weather layer,future_or_legacy,no,no,outside current IA1-IB2D checkpoint,document in CURRENT_INDEX
outputs/ib3_environment_output,ib3_environment_output,dir,2,FUTURE_LAYER,IB3 activity/behavior/weather layer,future_or_legacy,no,no,outside current IA1-IB2D checkpoint,document in CURRENT_INDEX
outputs/ib3_weather_output,ib3_weather_output,dir,2,FUTURE_LAYER,IB3 activity/behavior/weather layer,future_or_legacy,no,no,outside current IA1-IB2D checkpoint,document in CURRENT_INDEX
outputs/ib3a0_activity_mainline_screening,ib3a0_activity_mainline_screening,dir,2,FUTURE_LAYER,IB3 activity/behavior/weather layer,future_or_legacy,no,no,outside current IA1-IB2D checkpoint,document in CURRENT_INDEX
outputs/ib3a0_activity_mainline_screening_after_forced_route,ib3a0_activity_mainline_screening_after_forced_route,dir,2,FUTURE_LAYER,IB3 activity/behavior/weather layer,future_or_legacy,no,no,outside current IA1-IB2D checkpoint,document in CURRENT_INDEX
outputs/ib3a2_on_route_activity_filter,ib3a2_on_route_activity_filter,dir,2,FUTURE_LAYER,IB3 activity/behavior/weather layer,future_or_legacy,no,no,outside current IA1-IB2D checkpoint,document in CURRENT_INDEX
outputs/ib3a2_on_route_activity_filter_v3,ib3a2_on_route_activity_filter_v3,dir,2,FUTURE_LAYER,IB3 activity/behavior/weather layer,future_or_legacy,no,no,outside current IA1-IB2D checkpoint,document in CURRENT_INDEX
outputs/ib3a2_on_route_activity_filter_v4b,ib3a2_on_route_activity_filter_v4b,dir,2,FUTURE_LAYER,IB3 activity/behavior/weather layer,future_or_legacy,no,no,outside current IA1-IB2D checkpoint,document in CURRENT_INDEX
outputs/ib3a2_on_route_activity_filter_v4b_after_forced_route,ib3a2_on_route_activity_filter_v4b_after_forced_route,dir,2,FUTURE_LAYER,IB3 activity/behavior/weather layer,future_or_legacy,no,no,outside current IA1-IB2D checkpoint,document in CURRENT_INDEX
outputs/ib3a2_on_route_activity_filter_v4b_after_forced_route_smoketest,ib3a2_on_route_activity_filter_v4b_after_forced_route_smoketest,dir,2,FUTURE_LAYER,IB3 activity/behavior/weather layer,future_or_legacy,no,no,outside current IA1-IB2D checkpoint,document in CURRENT_INDEX
outputs/ib3a2_on_route_activity_filter_v4b_after_forced_route_smoketest_batch10,ib3a2_on_route_activity_filter_v4b_after_forced_route_smoketest_batch10,dir,2,FUTURE_LAYER,IB3 activity/behavior/weather layer,future_or_legacy,no,no,outside current IA1-IB2D checkpoint,document in CURRENT_INDEX
outputs/ib3a2_on_route_activity_filter_v4b_after_forced_route_smoketest_batch14,ib3a2_on_route_activity_filter_v4b_after_forced_route_smoketest_batch14,dir,2,FUTURE_LAYER,IB3 activity/behavior/weather layer,future_or_legacy,no,no,outside current IA1-IB2D checkpoint,document in CURRENT_INDEX
outputs/ib3a_mapmatched_activity,ib3a_mapmatched_activity,dir,2,FUTURE_LAYER,IB3 activity/behavior/weather layer,future_or_legacy,no,no,outside current IA1-IB2D checkpoint,document in CURRENT_INDEX
outputs/ib3a_mapmatched_activity_output,ib3a_mapmatched_activity_output,dir,2,FUTURE_LAYER,IB3 activity/behavior/weather layer,future_or_legacy,no,no,outside current IA1-IB2D checkpoint,document in CURRENT_INDEX
outputs/ib3a_mapmatched_standardized_activity,ib3a_mapmatched_standardized_activity,dir,2,FUTURE_LAYER,IB3 activity/behavior/weather layer,future_or_legacy,no,no,outside current IA1-IB2D checkpoint,document in CURRENT_INDEX
outputs/ib3a_mapmatched_standardized_activity_debug_maps,ib3a_mapmatched_standardized_activity_debug_maps,dir,2,FUTURE_LAYER,IB3 activity/behavior/weather layer,future_or_legacy,no,no,outside current IA1-IB2D checkpoint,document in CURRENT_INDEX
outputs/ib3a_sequence_mapmatched_activity,ib3a_sequence_mapmatched_activity,dir,2,FUTURE_LAYER,IB3 activity/behavior/weather layer,future_or_legacy,no,no,outside current IA1-IB2D checkpoint,document in CURRENT_INDEX
outputs/ib3a_sequence_mapmatched_activity_v2,ib3a_sequence_mapmatched_activity_v2,dir,2,FUTURE_LAYER,IB3 activity/behavior/weather layer,future_or_legacy,no,no,outside current IA1-IB2D checkpoint,document in CURRENT_INDEX
outputs/ib3a_sequence_mapmatched_activity_v3,ib3a_sequence_mapmatched_activity_v3,dir,2,FUTURE_LAYER,IB3 activity/behavior/weather layer,future_or_legacy,no,no,outside current IA1-IB2D checkpoint,document in CURRENT_INDEX
outputs/ib3a_sequence_mapmatched_activity_v4,ib3a_sequence_mapmatched_activity_v4,dir,2,FUTURE_LAYER,IB3 activity/behavior/weather layer,future_or_legacy,no,no,outside current IA1-IB2D checkpoint,document in CURRENT_INDEX
outputs/ib3a_sequence_mapmatched_activity_v4b,ib3a_sequence_mapmatched_activity_v4b,dir,2,FUTURE_LAYER,IB3 activity/behavior/weather layer,future_or_legacy,no,no,outside current IA1-IB2D checkpoint,document in CURRENT_INDEX
outputs/ib3a_sequence_mapmatched_activity_v4b_after_forced_route,ib3a_sequence_mapmatched_activity_v4b_after_forced_route,dir,2,FUTURE_LAYER,IB3 activity/behavior/weather layer,future_or_legacy,no,no,outside current IA1-IB2D checkpoint,document in CURRENT_INDEX
outputs/ib3a_sequence_mapmatched_activity_v4b_after_forced_route_smoketest,ib3a_sequence_mapmatched_activity_v4b_after_forced_route_smoketest,dir,2,FUTURE_LAYER,IB3 activity/behavior/weather layer,future_or_legacy,no,no,outside current IA1-IB2D checkpoint,document in CURRENT_INDEX
outputs/ib3a_sequence_mapmatched_activity_v4b_after_forced_route_smoketest_batch10,ib3a_sequence_mapmatched_activity_v4b_after_forced_route_smoketest_batch10,dir,2,FUTURE_LAYER,IB3 activity/behavior/weather layer,future_or_legacy,no,no,outside current IA1-IB2D checkpoint,document in CURRENT_INDEX
outputs/ib3a_sequence_mapmatched_activity_v4b_after_forced_route_smoketest_batch14,ib3a_sequence_mapmatched_activity_v4b_after_forced_route_smoketest_batch14,dir,2,FUTURE_LAYER,IB3 activity/behavior/weather layer,future_or_legacy,no,no,outside current IA1-IB2D checkpoint,document in CURRENT_INDEX
outputs/ib3a_sequence_mapmatched_activity_v4c_no_post_summit_phase_force,ib3a_sequence_mapmatched_activity_v4c_no_post_summit_phase_force,dir,2,FUTURE_LAYER,IB3 activity/behavior/weather layer,future_or_legacy,no,no,outside current IA1-IB2D checkpoint,document in CURRENT_INDEX
outputs/ib3b2_activity_profile_1d_2d,ib3b2_activity_profile_1d_2d,dir,2,FUTURE_LAYER,IB3 activity/behavior/weather layer,future_or_legacy,no,no,outside current IA1-IB2D checkpoint,document in CURRENT_INDEX
outputs/ib3b2_activity_profile_1d_2d_sequence,ib3b2_activity_profile_1d_2d_sequence,dir,2,FUTURE_LAYER,IB3 activity/behavior/weather layer,future_or_legacy,no,no,outside current IA1-IB2D checkpoint,document in CURRENT_INDEX
outputs/ib3b2_activity_profile_1d_2d_v3,ib3b2_activity_profile_1d_2d_v3,dir,2,FUTURE_LAYER,IB3 activity/behavior/weather layer,future_or_legacy,no,no,outside current IA1-IB2D checkpoint,document in CURRENT_INDEX
outputs/ib3b2_activity_profile_1d_2d_v3_fullaxis,ib3b2_activity_profile_1d_2d_v3_fullaxis,dir,2,FUTURE_LAYER,IB3 activity/behavior/weather layer,future_or_legacy,no,no,outside current IA1-IB2D checkpoint,document in CURRENT_INDEX
outputs/ib3b2_activity_profile_1d_2d_v4b,ib3b2_activity_profile_1d_2d_v4b,dir,2,FUTURE_LAYER,IB3 activity/behavior/weather layer,future_or_legacy,no,no,outside current IA1-IB2D checkpoint,document in CURRENT_INDEX
outputs/ib3b2_activity_profile_1d_2d_v4b_after_forced_route,ib3b2_activity_profile_1d_2d_v4b_after_forced_route,dir,2,FUTURE_LAYER,IB3 activity/behavior/weather layer,future_or_legacy,no,no,outside current IA1-IB2D checkpoint,document in CURRENT_INDEX
outputs/ib3b2_activity_profile_1d_2d_with_events_v1,ib3b2_activity_profile_1d_2d_with_events_v1,dir,2,FUTURE_LAYER,IB3 activity/behavior/weather layer,future_or_legacy,no,no,outside current IA1-IB2D checkpoint,document in CURRENT_INDEX
outputs/ib3b_activity_environment_segments,ib3b_activity_environment_segments,dir,2,FUTURE_LAYER,IB3 activity/behavior/weather layer,future_or_legacy,no,no,outside current IA1-IB2D checkpoint,document in CURRENT_INDEX
outputs/ib3b_mapmatched_activity_profile,ib3b_mapmatched_activity_profile,dir,2,FUTURE_LAYER,IB3 activity/behavior/weather layer,future_or_legacy,no,no,outside current IA1-IB2D checkpoint,document in CURRENT_INDEX
outputs/ib3b_mapmatched_activity_profile_output,ib3b_mapmatched_activity_profile_output,dir,2,FUTURE_LAYER,IB3 activity/behavior/weather layer,future_or_legacy,no,no,outside current IA1-IB2D checkpoint,document in CURRENT_INDEX
outputs/ib3c_activity_behavior_events_adaptive_speed_v1_phase1_smoketest,ib3c_activity_behavior_events_adaptive_speed_v1_phase1_smoketest,dir,2,FUTURE_LAYER,IB3 activity/behavior/weather layer,future_or_legacy,no,no,outside current IA1-IB2D checkpoint,document in CURRENT_INDEX
outputs/ib3c_activity_behavior_events_adaptive_speed_v1_phase2_26batch,ib3c_activity_behavior_events_adaptive_speed_v1_phase2_26batch,dir,2,FUTURE_LAYER,IB3 activity/behavior/weather layer,future_or_legacy,no,no,outside current IA1-IB2D checkpoint,document in CURRENT_INDEX
outputs/ib3c_activity_behavior_events_adaptive_speed_v1_phase2_smoketest,ib3c_activity_behavior_events_adaptive_speed_v1_phase2_smoketest,dir,2,FUTURE_LAYER,IB3 activity/behavior/weather layer,future_or_legacy,no,no,outside current IA1-IB2D checkpoint,document in CURRENT_INDEX
outputs/ib3c_activity_behavior_events_adaptive_speed_v1_phase2_smoketest_multi,ib3c_activity_behavior_events_adaptive_speed_v1_phase2_smoketest_multi,dir,2,FUTURE_LAYER,IB3 activity/behavior/weather layer,future_or_legacy,no,no,outside current IA1-IB2D checkpoint,document in CURRENT_INDEX
outputs/ib3c_activity_behavior_events_adaptive_speed_v1_phase3_semantics_smoketest,ib3c_activity_behavior_events_adaptive_speed_v1_phase3_semantics_smoketest,dir,2,FUTURE_LAYER,IB3 activity/behavior/weather layer,future_or_legacy,no,no,outside current IA1-IB2D checkpoint,document in CURRENT_INDEX
outputs/ib3c_activity_behavior_events_adaptive_speed_v1_phase3a_semantic_annotations_26batch,ib3c_activity_behavior_events_adaptive_speed_v1_phase3a_semantic_annotations_26batch,dir,2,FUTURE_LAYER,IB3 activity/behavior/weather layer,future_or_legacy,no,no,outside current IA1-IB2D checkpoint,document in CURRENT_INDEX
outputs/ib3c_activity_behavior_events_adaptive_speed_v1_phase3a_semantic_annotations_keycases,ib3c_activity_behavior_events_adaptive_speed_v1_phase3a_semantic_annotations_keycases,dir,2,FUTURE_LAYER,IB3 activity/behavior/weather layer,future_or_legacy,no,no,outside current IA1-IB2D checkpoint,document in CURRENT_INDEX
outputs/ib3c_activity_behavior_events_adaptive_speed_v1_phase3a_semantic_annotations_smoketest,ib3c_activity_behavior_events_adaptive_speed_v1_phase3a_semantic_annotations_smoketest,dir,2,FUTURE_LAYER,IB3 activity/behavior/weather layer,future_or_legacy,no,no,outside current IA1-IB2D checkpoint,document in CURRENT_INDEX
outputs/ib3c_activity_behavior_events_adaptive_speed_v1_phase3b_hr_delta_26batch,ib3c_activity_behavior_events_adaptive_speed_v1_phase3b_hr_delta_26batch,dir,2,FUTURE_LAYER,IB3 activity/behavior/weather layer,future_or_legacy,no,no,outside current IA1-IB2D checkpoint,document in CURRENT_INDEX
outputs/ib3c_activity_behavior_events_adaptive_speed_v1_phase3b_hr_delta_bootstrap_smoketest,ib3c_activity_behavior_events_adaptive_speed_v1_phase3b_hr_delta_bootstrap_smoketest,dir,2,FUTURE_LAYER,IB3 activity/behavior/weather layer,future_or_legacy,no,no,outside current IA1-IB2D checkpoint,document in CURRENT_INDEX
outputs/ib3c_activity_behavior_events_adaptive_speed_v1_phase3b_hr_delta_keycases,ib3c_activity_behavior_events_adaptive_speed_v1_phase3b_hr_delta_keycases,dir,2,FUTURE_LAYER,IB3 activity/behavior/weather layer,future_or_legacy,no,no,outside current IA1-IB2D checkpoint,document in CURRENT_INDEX
outputs/ib3c_activity_behavior_events_adaptive_speed_v1_phase3b_hr_delta_smoketest,ib3c_activity_behavior_events_adaptive_speed_v1_phase3b_hr_delta_smoketest,dir,2,FUTURE_LAYER,IB3 activity/behavior/weather layer,future_or_legacy,no,no,outside current IA1-IB2D checkpoint,document in CURRENT_INDEX
outputs/ib3c_activity_behavior_events_adaptive_speed_v1_phase3c_recovery_interpretation_26batch,ib3c_activity_behavior_events_adaptive_speed_v1_phase3c_recovery_interpretation_26batch,dir,2,FUTURE_LAYER,IB3 activity/behavior/weather layer,future_or_legacy,no,no,outside current IA1-IB2D checkpoint,document in CURRENT_INDEX
outputs/ib3c_activity_behavior_events_adaptive_speed_v1_phase3c_recovery_interpretation_bootstrap_smoketest,ib3c_activity_behavior_events_adaptive_speed_v1_phase3c_recovery_interpretation_bootstrap_smoketest,dir,2,FUTURE_LAYER,IB3 activity/behavior/weather layer,future_or_legacy,no,no,outside current IA1-IB2D checkpoint,document in CURRENT_INDEX
outputs/ib3c_activity_behavior_events_adaptive_speed_v1_phase3c_recovery_interpretation_keycases,ib3c_activity_behavior_events_adaptive_speed_v1_phase3c_recovery_interpretation_keycases,dir,2,FUTURE_LAYER,IB3 activity/behavior/weather layer,future_or_legacy,no,no,outside current IA1-IB2D checkpoint,document in CURRENT_INDEX
outputs/ib3c_activity_behavior_events_adaptive_speed_v1_phase3c_recovery_interpretation_smoketest,ib3c_activity_behavior_events_adaptive_speed_v1_phase3c_recovery_interpretation_smoketest,dir,2,FUTURE_LAYER,IB3 activity/behavior/weather layer,future_or_legacy,no,no,outside current IA1-IB2D checkpoint,document in CURRENT_INDEX
outputs/ib3c_activity_behavior_events_v1_after_forced_route,ib3c_activity_behavior_events_v1_after_forced_route,dir,2,FUTURE_LAYER,IB3 activity/behavior/weather layer,future_or_legacy,no,no,outside current IA1-IB2D checkpoint,document in CURRENT_INDEX
outputs/ib3c_activity_behavior_events_v1_speed07_after_forced_route,ib3c_activity_behavior_events_v1_speed07_after_forced_route,dir,2,FUTURE_LAYER,IB3 activity/behavior/weather layer,future_or_legacy,no,no,outside current IA1-IB2D checkpoint,document in CURRENT_INDEX
outputs/ib3c_activity_behavior_events_v1b_offroute_speed07_after_forced_route,ib3c_activity_behavior_events_v1b_offroute_speed07_after_forced_route,dir,2,FUTURE_LAYER,IB3 activity/behavior/weather layer,future_or_legacy,no,no,outside current IA1-IB2D checkpoint,document in CURRENT_INDEX
outputs/ib3c_activity_behavior_events_v1c_recovery_speed07_after_forced_route,ib3c_activity_behavior_events_v1c_recovery_speed07_after_forced_route,dir,2,FUTURE_LAYER,IB3 activity/behavior/weather layer,future_or_legacy,no,no,outside current IA1-IB2D checkpoint,document in CURRENT_INDEX
outputs/ib3c_activity_behavior_events_v1c_recovery_speed07_after_forced_route_smoketest,ib3c_activity_behavior_events_v1c_recovery_speed07_after_forced_route_smoketest,dir,2,FUTURE_LAYER,IB3 activity/behavior/weather layer,future_or_legacy,no,no,outside current IA1-IB2D checkpoint,document in CURRENT_INDEX
outputs/ib3c_activity_behavior_events_v1c_recovery_speed07_after_forced_route_smoketest_batch10,ib3c_activity_behavior_events_v1c_recovery_speed07_after_forced_route_smoketest_batch10,dir,2,FUTURE_LAYER,IB3 activity/behavior/weather layer,future_or_legacy,no,no,outside current IA1-IB2D checkpoint,document in CURRENT_INDEX
outputs/ib3c_activity_behavior_events_v1c_recovery_speed07_after_forced_route_smoketest_batch14,ib3c_activity_behavior_events_v1c_recovery_speed07_after_forced_route_smoketest_batch14,dir,2,FUTURE_LAYER,IB3 activity/behavior/weather layer,future_or_legacy,no,no,outside current IA1-IB2D checkpoint,document in CURRENT_INDEX
outputs/ib3c_activity_behavior_events_v1c_recovery_speed07_all_qixing_lengshuikeng_summary,ib3c_activity_behavior_events_v1c_recovery_speed07_all_qixing_lengshuikeng_summary,dir,2,FUTURE_LAYER,IB3 activity/behavior/weather layer,future_or_legacy,no,no,outside current IA1-IB2D checkpoint,document in CURRENT_INDEX
outputs/ib3c_activity_risk_overlay_output,ib3c_activity_risk_overlay_output,dir,2,FUTURE_LAYER,IB3 activity/behavior/weather layer,future_or_legacy,no,no,outside current IA1-IB2D checkpoint,document in CURRENT_INDEX
outputs/ib3c_adaptive_speed_event_detection_v1_phase2_compare_v1d,ib3c_adaptive_speed_event_detection_v1_phase2_compare_v1d,dir,2,FUTURE_LAYER,IB3 activity/behavior/weather layer,future_or_legacy,no,no,outside current IA1-IB2D checkpoint,document in CURRENT_INDEX
outputs/ib3c_adaptive_speed_event_detection_v1_phase3a_compare_phase2,ib3c_adaptive_speed_event_detection_v1_phase3a_compare_phase2,dir,2,FUTURE_LAYER,IB3 activity/behavior/weather layer,future_or_legacy,no,no,outside current IA1-IB2D checkpoint,document in CURRENT_INDEX
outputs/ib3c_adaptive_speed_event_detection_v1_phase3b_compare_phase3a,ib3c_adaptive_speed_event_detection_v1_phase3b_compare_phase3a,dir,2,FUTURE_LAYER,IB3 activity/behavior/weather layer,future_or_legacy,no,no,outside current IA1-IB2D checkpoint,document in CURRENT_INDEX
outputs/ib3c_adaptive_speed_event_detection_v1_phase3c_compare_phase3b,ib3c_adaptive_speed_event_detection_v1_phase3c_compare_phase3b,dir,2,FUTURE_LAYER,IB3 activity/behavior/weather layer,future_or_legacy,no,no,outside current IA1-IB2D checkpoint,document in CURRENT_INDEX
outputs/ib3c_adaptive_speed_event_detection_v1_phase3c_keycase_summary,ib3c_adaptive_speed_event_detection_v1_phase3c_keycase_summary,dir,2,FUTURE_LAYER,IB3 activity/behavior/weather layer,future_or_legacy,no,no,outside current IA1-IB2D checkpoint,document in CURRENT_INDEX
outputs/ib3d_activity_risk_timeline_output,ib3d_activity_risk_timeline_output,dir,2,FUTURE_LAYER,IB3 activity/behavior/weather layer,future_or_legacy,no,no,outside current IA1-IB2D checkpoint,document in CURRENT_INDEX
outputs/ib3d_observed_behavior_timeline_v1,ib3d_observed_behavior_timeline_v1,dir,2,FUTURE_LAYER,IB3 activity/behavior/weather layer,future_or_legacy,no,no,outside current IA1-IB2D checkpoint,document in CURRENT_INDEX
outputs/ib3d_observed_behavior_timeline_v1_hrzones_test,ib3d_observed_behavior_timeline_v1_hrzones_test,dir,2,FUTURE_LAYER,IB3 activity/behavior/weather layer,future_or_legacy,no,no,outside current IA1-IB2D checkpoint,document in CURRENT_INDEX
outputs/ib3d_v2_activity_risk_timeline_report_output,ib3d_v2_activity_risk_timeline_report_output,dir,2,FUTURE_LAYER,IB3 activity/behavior/weather layer,future_or_legacy,no,no,outside current IA1-IB2D checkpoint,document in CURRENT_INDEX
outputs/ib4_activity_output,ib4_activity_output,dir,2,EXPERIMENTAL,IB4/personal/model artifacts,historical_or_future,no,no,outside current IA1-IB2D checkpoint,review manually
outputs/ib_scenario_output,ib_scenario_output,dir,2,LEGACY_OR_EXPERIMENTAL_OUTPUT,older/non-current output root,review_before_use,no,no,not listed as current formal root,do not use as current formal input
outputs/model_usability_summary_v1,model_usability_summary_v1,dir,2,EXPERIMENTAL,IB4/personal/model artifacts,historical_or_future,no,no,outside current IA1-IB2D checkpoint,review manually
outputs/model_usability_summary_v2,model_usability_summary_v2,dir,2,EXPERIMENTAL,IB4/personal/model artifacts,historical_or_future,no,no,outside current IA1-IB2D checkpoint,review manually
outputs/model_usability_summary_v3_route_core_clipped,model_usability_summary_v3_route_core_clipped,dir,2,EXPERIMENTAL,IB4/personal/model artifacts,historical_or_future,no,no,outside current IA1-IB2D checkpoint,review manually
outputs/model_usability_trainsets_v1,model_usability_trainsets_v1,dir,2,EXPERIMENTAL,IB4/personal/model artifacts,historical_or_future,no,no,outside current IA1-IB2D checkpoint,review manually
outputs/model_usability_trainsets_v3_route_core_clipped,model_usability_trainsets_v3_route_core_clipped,dir,2,EXPERIMENTAL,IB4/personal/model artifacts,historical_or_future,no,no,outside current IA1-IB2D checkpoint,review manually
outputs/prototype_A_terrain_dominant,prototype_A_terrain_dominant,dir,2,LEGACY_OR_EXPERIMENTAL_OUTPUT,older/non-current output root,review_before_use,no,no,not listed as current formal root,do not use as current formal input
outputs/qa36_refit,qa36_refit,dir,2,LEGACY_OR_EXPERIMENTAL_OUTPUT,older/non-current output root,review_before_use,no,no,not listed as current formal root,do not use as current formal input
outputs/route_core_baseline_model_v1,route_core_baseline_model_v1,dir,2,LEGACY_OR_EXPERIMENTAL_OUTPUT,older/non-current output root,review_before_use,no,no,not listed as current formal root,do not use as current formal input
outputs/route_core_baseline_model_v1b,route_core_baseline_model_v1b,dir,2,LEGACY_OR_EXPERIMENTAL_OUTPUT,older/non-current output root,review_before_use,no,no,not listed as current formal root,do not use as current formal input
outputs/route_core_baseline_model_v1c_adaptive_speed_features,route_core_baseline_model_v1c_adaptive_speed_features,dir,2,LEGACY_OR_EXPERIMENTAL_OUTPUT,older/non-current output root,review_before_use,no,no,not listed as current formal root,do not use as current formal input
outputs/route_core_baseline_model_v1d_behavior_load_groups,route_core_baseline_model_v1d_behavior_load_groups,dir,2,LEGACY_OR_EXPERIMENTAL_OUTPUT,older/non-current output root,review_before_use,no,no,not listed as current formal root,do not use as current formal input
outputs/route_core_behavior_features_v1_keycases,route_core_behavior_features_v1_keycases,dir,2,LEGACY_OR_EXPERIMENTAL_OUTPUT,older/non-current output root,review_before_use,no,no,not listed as current formal root,do not use as current formal input
outputs/route_core_model_dataset_v1,route_core_model_dataset_v1,dir,2,LEGACY_OR_EXPERIMENTAL_OUTPUT,older/non-current output root,review_before_use,no,no,not listed as current formal root,do not use as current formal input
outputs/route_core_model_dataset_v1b,route_core_model_dataset_v1b,dir,2,LEGACY_OR_EXPERIMENTAL_OUTPUT,older/non-current output root,review_before_use,no,no,not listed as current formal root,do not use as current formal input
outputs/segment_enriched_output,segment_enriched_output,dir,2,LEGACY_OR_EXPERIMENTAL_OUTPUT,older/non-current output root,review_before_use,no,no,not listed as current formal root,do not use as current formal input
outputs/segment_output,segment_output,dir,2,LEGACY_OR_EXPERIMENTAL_OUTPUT,older/non-current output root,review_before_use,no,no,not listed as current formal root,do not use as current formal input
runs/115_osm_changelog_index_20260601.csv,115_osm_changelog_index_20260601.csv,file,2,INHERITED,inherits role from nearest known parent,review_parent,maybe,no,not a specifically classified root,review manually
runs/115_osm_changelog_index_20260601.md,115_osm_changelog_index_20260601.md,file,2,INHERITED,inherits role from nearest known parent,review_parent,maybe,no,not a specifically classified root,review manually
runs/115_osm_changelog_master_organized_20260601.md,115_osm_changelog_master_organized_20260601.md,file,2,INHERITED,inherits role from nearest known parent,review_parent,maybe,no,not a specifically classified root,review manually
runs/115_osm_current_effective_handoff_prompt_organized_20260601.md,115_osm_current_effective_handoff_prompt_organized_20260601.md,file,2,INHERITED,inherits role from nearest known parent,review_parent,maybe,no,not a specifically classified root,review manually
runs/115_osm_handoff_archive_summary_20260601.md,115_osm_handoff_archive_summary_20260601.md,file,2,INHERITED,inherits role from nearest known parent,review_parent,maybe,no,not a specifically classified root,review manually
runs/115_osm_handoff_index_20260601.csv,115_osm_handoff_index_20260601.csv,file,2,INHERITED,inherits role from nearest known parent,review_parent,maybe,no,not a specifically classified root,review manually
runs/115_osm_handoff_index_20260601.md,115_osm_handoff_index_20260601.md,file,2,INHERITED,inherits role from nearest known parent,review_parent,maybe,no,not a specifically classified root,review manually
runs/_archived_replaced,_archived_replaced,dir,2,ARCHIVE,archived or backup material,historical,no,no,archive/backup path,do not use as current formal input
runs/branch_plans,branch_plans,dir,2,INHERITED,inherits role from nearest known parent,review_parent,maybe,no,not a specifically classified root,review manually
runs/changelog_updated_20260601_ib2_ib2d_v1_3b_contract_qa.md,changelog_updated_20260601_ib2_ib2d_v1_3b_contract_qa.md,file,2,INHERITED,inherits role from nearest known parent,review_parent,maybe,no,not a specifically classified root,review manually
runs/changelog_updated_20260601_ib2d_v1_3b_contract_qa.md,changelog_updated_20260601_ib2d_v1_3b_contract_qa.md,file,2,INHERITED,inherits role from nearest known parent,review_parent,maybe,no,not a specifically classified root,review manually
runs/CURRENT_INDEX.md,CURRENT_INDEX.md,file,2,INHERITED,inherits role from nearest known parent,review_parent,maybe,no,not a specifically classified root,review manually
runs/freeze_20260601_164615_ib2_ib2d_v1_3b_clean_pass,freeze_20260601_164615_ib2_ib2d_v1_3b_clean_pass,dir,2,INHERITED,inherits role from nearest known parent,review_parent,maybe,no,not a specifically classified root,review manually
runs/freeze_20260601_ib2_ib2d_v1_3b_clean_pass_freeze,freeze_20260601_ib2_ib2d_v1_3b_clean_pass_freeze,dir,2,INHERITED,inherits role from nearest known parent,review_parent,maybe,no,not a specifically classified root,review manually
runs/ia1_fetch_diagnostics,ia1_fetch_diagnostics,dir,2,INHERITED,inherits role from nearest known parent,review_parent,maybe,no,not a specifically classified root,review manually
runs/ib0d_v1_3b_contract_qa_run_log.txt,ib0d_v1_3b_contract_qa_run_log.txt,file,2,INHERITED,inherits role from nearest known parent,review_parent,maybe,no,not a specifically classified root,review manually
runs/IB_pipeline.md,IB_pipeline.md,file,2,INHERITED,inherits role from nearest known parent,review_parent,maybe,no,not a specifically classified root,review manually
runs/IB_pipeline_zh_assisted.md,IB_pipeline_zh_assisted.md,file,2,INHERITED,inherits role from nearest known parent,review_parent,maybe,no,not a specifically classified root,review manually
runs/latest_handoff_prompt_updated_20260601_ib2_ib2d_v1_3b_contract_qa.md,latest_handoff_prompt_updated_20260601_ib2_ib2d_v1_3b_contract_qa.md,file,2,INHERITED,inherits role from nearest known parent,review_parent,maybe,no,not a specifically classified root,review manually
runs/latest_handoff_prompt_updated_20260601_ib2d_v1_3b_contract_qa.md,latest_handoff_prompt_updated_20260601_ib2d_v1_3b_contract_qa.md,file,2,INHERITED,inherits role from nearest known parent,review_parent,maybe,no,not a specifically classified root,review manually
runs/mixed_backup_20260511,mixed_backup_20260511,dir,2,INHERITED,inherits role from nearest known parent,review_parent,maybe,no,not a specifically classified root,review manually
runs/qixing_lengshuikeng_to_xiaoyoukeng,qixing_lengshuikeng_to_xiaoyoukeng,dir,2,INHERITED,inherits role from nearest known parent,review_parent,maybe,no,not a specifically classified root,review manually
runs/qixing_xiaoyoukeng_out_and_back,qixing_xiaoyoukeng_out_and_back,dir,2,INHERITED,inherits role from nearest known parent,review_parent,maybe,no,not a specifically classified root,review manually
scripts/_legacy,_legacy,dir,2,INHERITED,inherits role from nearest known parent,review_parent,maybe,no,not a specifically classified root,review manually
scripts/activity_preprocess,activity_preprocess,dir,2,INHERITED,inherits role from nearest known parent,review_parent,maybe,no,not a specifically classified root,review manually
scripts/audit_ib0b_control_points_only_route_axis_v1_3b.ps1,audit_ib0b_control_points_only_route_axis_v1_3b.ps1,file,2,INHERITED,inherits role from nearest known parent,review_parent,maybe,no,not a specifically classified root,review manually
scripts/audit_ib0d_v1_3b_contract_qa_convergence.ps1,audit_ib0d_v1_3b_contract_qa_convergence.ps1,file,2,INHERITED,inherits role from nearest known parent,review_parent,maybe,no,not a specifically classified root,review manually
scripts/audit_ib1a_v1_3b_route_profile_convergence.ps1,audit_ib1a_v1_3b_route_profile_convergence.ps1,file,2,INHERITED,inherits role from nearest known parent,review_parent,maybe,no,not a specifically classified root,review manually
scripts/common,common,dir,2,INHERITED,inherits role from nearest known parent,review_parent,maybe,no,not a specifically classified root,review manually
scripts/gpxclean.py,gpxclean.py,file,2,INHERITED,inherits role from nearest known parent,review_parent,maybe,no,not a specifically classified root,review manually
scripts/ia2_nlsc_contour_hydrology_enrich.py,ia2_nlsc_contour_hydrology_enrich.py,file,2,REFERENCE,older NLSC/IA2 scripts,legacy_reference,reference,no,not current IB1G/IB1E runner,review manually
scripts/ia2a_plot_nlsc_contour_qa_map.py,ia2a_plot_nlsc_contour_qa_map.py,file,2,REFERENCE,older NLSC/IA2 scripts,legacy_reference,reference,no,not current IB1G/IB1E runner,review manually
scripts/ia2a_qa_map.py,ia2a_qa_map.py,file,2,REFERENCE,older NLSC/IA2 scripts,legacy_reference,reference,no,not current IB1G/IB1E runner,review manually
scripts/ia2b_split_segments.py,ia2b_split_segments.py,file,2,REFERENCE,older NLSC/IA2 scripts,legacy_reference,reference,no,not current IB1G/IB1E runner,review manually
scripts/ia2c_enrich_split_segments.py,ia2c_enrich_split_segments.py,file,2,REFERENCE,older NLSC/IA2 scripts,legacy_reference,reference,no,not current IB1G/IB1E runner,review manually
scripts/ia2d_qa_map_segments.py,ia2d_qa_map_segments.py,file,2,REFERENCE,older NLSC/IA2 scripts,legacy_reference,reference,no,not current IB1G/IB1E runner,review manually
scripts/ia_nlsc,ia_nlsc,dir,2,REFERENCE,older NLSC/IA2 scripts,legacy_reference,reference,no,not current IB1G/IB1E runner,review manually
scripts/ia_osm,ia_osm,dir,2,INHERITED,inherits role from nearest known parent,review_parent,maybe,no,not a specifically classified root,review manually
scripts/ib0_route_match,ib0_route_match,dir,2,INHERITED,inherits role from nearest known parent,review_parent,maybe,no,not a specifically classified root,review manually
scripts/ib0b_route_mainline_extract.py,ib0b_route_mainline_extract.py,file,2,INHERITED,inherits role from nearest known parent,review_parent,maybe,no,not a specifically classified root,review manually
scripts/ib0b_route_mainline_extract_abtest_v1.py,ib0b_route_mainline_extract_abtest_v1.py,file,2,INHERITED,inherits role from nearest known parent,review_parent,maybe,no,not a specifically classified root,review manually
scripts/ib0c_anchor_from_landmarks.py,ib0c_anchor_from_landmarks.py,file,2,INHERITED,inherits role from nearest known parent,review_parent,maybe,no,not a specifically classified root,review manually
scripts/ib0c_anchor_from_landmarks_v1.2.py,ib0c_anchor_from_landmarks_v1.2.py,file,2,INHERITED,inherits role from nearest known parent,review_parent,maybe,no,not a specifically classified root,review manually
scripts/ib0d_trim_ordered_mainline_by_anchors.py,ib0d_trim_ordered_mainline_by_anchors.py,file,2,INHERITED,inherits role from nearest known parent,review_parent,maybe,no,not a specifically classified root,review manually
scripts/ib0d_trim_ordered_mainline_by_anchors_v1.1.py,ib0d_trim_ordered_mainline_by_anchors_v1.1.py,file,2,INHERITED,inherits role from nearest known parent,review_parent,maybe,no,not a specifically classified root,review manually
scripts/ib1_nlsc_terrain,ib1_nlsc_terrain,dir,2,INHERITED,inherits role from nearest known parent,review_parent,maybe,no,not a specifically classified root,review manually
scripts/ib1_osm_semantics,ib1_osm_semantics,dir,2,INHERITED,inherits role from nearest known parent,review_parent,maybe,no,not a specifically classified root,review manually
scripts/ib1_route_profile,ib1_route_profile,dir,2,INHERITED,inherits role from nearest known parent,review_parent,maybe,no,not a specifically classified root,review manually
scripts/ib1_run_v1_3b_contract_qa_pipeline.py,ib1_run_v1_3b_contract_qa_pipeline.py,file,2,INHERITED,inherits role from nearest known parent,review_parent,maybe,no,not a specifically classified root,review manually
scripts/ib1a_build_route_elevation_profile.py,ib1a_build_route_elevation_profile.py,file,2,INHERITED,inherits role from nearest known parent,review_parent,maybe,no,not a specifically classified root,review manually
scripts/ib1b_plot_route_profile_attributes.py,ib1b_plot_route_profile_attributes.py,file,2,INHERITED,inherits role from nearest known parent,review_parent,maybe,no,not a specifically classified root,review manually
scripts/ib1c_enrich_route_profile_semantics.py,ib1c_enrich_route_profile_semantics.py,file,2,INHERITED,inherits role from nearest known parent,review_parent,maybe,no,not a specifically classified root,review manually
scripts/ib1c_semantic_risk_mapping_coverage_audit_v1_3b.py,ib1c_semantic_risk_mapping_coverage_audit_v1_3b.py,file,2,INHERITED,inherits role from nearest known parent,review_parent,maybe,no,not a specifically classified root,review manually
scripts/ib1d_plot_route_profile_semantics.py,ib1d_plot_route_profile_semantics.py,file,2,INHERITED,inherits role from nearest known parent,review_parent,maybe,no,not a specifically classified root,review manually
scripts/ib1e_enrich_route_profile_with_nlsc.py,ib1e_enrich_route_profile_with_nlsc.py,file,2,INHERITED,inherits role from nearest known parent,review_parent,maybe,no,not a specifically classified root,review manually
scripts/ib1f_plot_route_profile_gpx_vs_nlsc.py,ib1f_plot_route_profile_gpx_vs_nlsc.py,file,2,INHERITED,inherits role from nearest known parent,review_parent,maybe,no,not a specifically classified root,review manually
scripts/ib1g_compute_mainline_contour_features.py,ib1g_compute_mainline_contour_features.py,file,2,INHERITED,inherits role from nearest known parent,review_parent,maybe,no,not a specifically classified root,review manually
scripts/ib1g_v2_compute_contour_window_features.py,ib1g_v2_compute_contour_window_features.py,file,2,INHERITED,inherits role from nearest known parent,review_parent,maybe,no,not a specifically classified root,review manually
scripts/ib1h_plot_contour_window_profile.py,ib1h_plot_contour_window_profile.py,file,2,INHERITED,inherits role from nearest known parent,review_parent,maybe,no,not a specifically classified root,review manually
scripts/ib1h_v2_plot_contour_window_profile.py,ib1h_v2_plot_contour_window_profile.py,file,2,INHERITED,inherits role from nearest known parent,review_parent,maybe,no,not a specifically classified root,review manually
scripts/ib1z_experimental_dem_elevation_enrich.py,ib1z_experimental_dem_elevation_enrich.py,file,2,INHERITED,inherits role from nearest known parent,review_parent,maybe,no,not a specifically classified root,review manually
scripts/ib2_ib2d_run_v1_3b_contract_qa.py,ib2_ib2d_run_v1_3b_contract_qa.py,file,2,INHERITED,inherits role from nearest known parent,review_parent,maybe,no,not a specifically classified root,review manually
scripts/ib2_route_risk,ib2_route_risk,dir,2,INHERITED,inherits role from nearest known parent,review_parent,maybe,no,not a specifically classified root,review manually
scripts/ib2_route_risk_scoring.py,ib2_route_risk_scoring.py,file,2,INHERITED,inherits role from nearest known parent,review_parent,maybe,no,not a specifically classified root,review manually
scripts/ib2_v2_route_risk_scoring.py,ib2_v2_route_risk_scoring.py,file,2,INHERITED,inherits role from nearest known parent,review_parent,maybe,no,not a specifically classified root,review manually
scripts/ib2_v3_route_segment_risk.py,ib2_v3_route_segment_risk.py,file,2,INHERITED,inherits role from nearest known parent,review_parent,maybe,no,not a specifically classified root,review manually
scripts/ib2a_plot_route_risk_profile.py,ib2a_plot_route_risk_profile.py,file,2,INHERITED,inherits role from nearest known parent,review_parent,maybe,no,not a specifically classified root,review manually
scripts/ib2b_plot_route_segment_risk_profile.py,ib2b_plot_route_segment_risk_profile.py,file,2,INHERITED,inherits role from nearest known parent,review_parent,maybe,no,not a specifically classified root,review manually
scripts/ib2b_v2_plot_route_segment_risk_profile.py,ib2b_v2_plot_route_segment_risk_profile.py,file,2,INHERITED,inherits role from nearest known parent,review_parent,maybe,no,not a specifically classified root,review manually
scripts/ib2c_plot_route_risk_map_2d.py,ib2c_plot_route_risk_map_2d.py,file,2,INHERITED,inherits role from nearest known parent,review_parent,maybe,no,not a specifically classified root,review manually
scripts/ib2d_plot_route_context_offline_map.py,ib2d_plot_route_context_offline_map.py,file,2,INHERITED,inherits role from nearest known parent,review_parent,maybe,no,not a specifically classified root,review manually
scripts/ib2d_plot_route_risk_offline_map.py,ib2d_plot_route_risk_offline_map.py,file,2,INHERITED,inherits role from nearest known parent,review_parent,maybe,no,not a specifically classified root,review manually
scripts/ib2d_run_v1_3b_contract_qa_offline_maps.py,ib2d_run_v1_3b_contract_qa_offline_maps.py,file,2,INHERITED,inherits role from nearest known parent,review_parent,maybe,no,not a specifically classified root,review manually
scripts/ib2e_compute_route_challenge_index.py,ib2e_compute_route_challenge_index.py,file,2,INHERITED,inherits role from nearest known parent,review_parent,maybe,no,not a specifically classified root,review manually
scripts/ib2e_prepare_qixing_case_osm_layers.py,ib2e_prepare_qixing_case_osm_layers.py,file,2,INHERITED,inherits role from nearest known parent,review_parent,maybe,no,not a specifically classified root,review manually
scripts/ib2e_prepare_qixing_gpx_thci_inputs.py,ib2e_prepare_qixing_gpx_thci_inputs.py,file,2,INHERITED,inherits role from nearest known parent,review_parent,maybe,no,not a specifically classified root,review manually
scripts/ib3_activity_environment,ib3_activity_environment,dir,2,FUTURE_LAYER,IB3 activity/behavior/weather layer,future_or_legacy,no,no,outside current IA1-IB2D checkpoint,document in CURRENT_INDEX
scripts/ib3a_find_nearby_environment_stations.py,ib3a_find_nearby_environment_stations.py,file,2,FUTURE_LAYER,IB3 activity/behavior/weather layer,future_or_legacy,no,no,outside current IA1-IB2D checkpoint,document in CURRENT_INDEX
scripts/ib3a_find_nearby_weather_stations.py,ib3a_find_nearby_weather_stations.py,file,2,FUTURE_LAYER,IB3 activity/behavior/weather layer,future_or_legacy,no,no,outside current IA1-IB2D checkpoint,document in CURRENT_INDEX
scripts/ib3a_mapmatch_highfreq_activity.py,ib3a_mapmatch_highfreq_activity.py,file,2,FUTURE_LAYER,IB3 activity/behavior/weather layer,future_or_legacy,no,no,outside current IA1-IB2D checkpoint,document in CURRENT_INDEX
scripts/ib3a_run_actual_environment_pipeline.py,ib3a_run_actual_environment_pipeline.py,file,2,FUTURE_LAYER,IB3 activity/behavior/weather layer,future_or_legacy,no,no,outside current IA1-IB2D checkpoint,document in CURRENT_INDEX
scripts/ib3a_sequence_mapmatch_standardized_activity_folder_cli.py,ib3a_sequence_mapmatch_standardized_activity_folder_cli.py,file,2,FUTURE_LAYER,IB3 activity/behavior/weather layer,future_or_legacy,no,no,outside current IA1-IB2D checkpoint,document in CURRENT_INDEX
scripts/ib3b0_inspect_weather_database_schema.py,ib3b0_inspect_weather_database_schema.py,file,2,FUTURE_LAYER,IB3 activity/behavior/weather layer,future_or_legacy,no,no,outside current IA1-IB2D checkpoint,document in CURRENT_INDEX
scripts/ib3b2_analyze_weather_station_update_frequency.py,ib3b2_analyze_weather_station_update_frequency.py,file,2,FUTURE_LAYER,IB3 activity/behavior/weather layer,future_or_legacy,no,no,outside current IA1-IB2D checkpoint,document in CURRENT_INDEX
scripts/ib3b2_plot_activity_profile_1d_2d.py,ib3b2_plot_activity_profile_1d_2d.py,file,2,FUTURE_LAYER,IB3 activity/behavior/weather layer,future_or_legacy,no,no,outside current IA1-IB2D checkpoint,document in CURRENT_INDEX
scripts/ib3b2_qa_qixing_37_1_route_axis_window.py,ib3b2_qa_qixing_37_1_route_axis_window.py,file,2,FUTURE_LAYER,IB3 activity/behavior/weather layer,future_or_legacy,no,no,outside current IA1-IB2D checkpoint,document in CURRENT_INDEX
scripts/ib3b2_qa_summit_proximity_37_1.py,ib3b2_qa_summit_proximity_37_1.py,file,2,FUTURE_LAYER,IB3 activity/behavior/weather layer,future_or_legacy,no,no,outside current IA1-IB2D checkpoint,document in CURRENT_INDEX
scripts/ib3b3_estimate_station_elevation_from_nslc_contours.py,ib3b3_estimate_station_elevation_from_nslc_contours.py,file,2,FUTURE_LAYER,IB3 activity/behavior/weather layer,future_or_legacy,no,no,outside current IA1-IB2D checkpoint,document in CURRENT_INDEX
scripts/ib3b4_fuse_route_weather_conditions.py,ib3b4_fuse_route_weather_conditions.py,file,2,FUTURE_LAYER,IB3 activity/behavior/weather layer,future_or_legacy,no,no,outside current IA1-IB2D checkpoint,document in CURRENT_INDEX
scripts/ib3b_extract_environment_window.py,ib3b_extract_environment_window.py,file,2,FUTURE_LAYER,IB3 activity/behavior/weather layer,future_or_legacy,no,no,outside current IA1-IB2D checkpoint,document in CURRENT_INDEX
scripts/ib3b_plot_mapmatched_activity_profile.py,ib3b_plot_mapmatched_activity_profile.py,file,2,FUTURE_LAYER,IB3 activity/behavior/weather layer,future_or_legacy,no,no,outside current IA1-IB2D checkpoint,document in CURRENT_INDEX
scripts/ib3c2_compare_weather_trend_adjustment.py,ib3c2_compare_weather_trend_adjustment.py,file,2,FUTURE_LAYER,IB3 activity/behavior/weather layer,future_or_legacy,no,no,outside current IA1-IB2D checkpoint,document in CURRENT_INDEX
scripts/ib3c_apply_environment_risk_adjustment.py,ib3c_apply_environment_risk_adjustment.py,file,2,FUTURE_LAYER,IB3 activity/behavior/weather layer,future_or_legacy,no,no,outside current IA1-IB2D checkpoint,document in CURRENT_INDEX
scripts/ib3c_overlay_activity_with_route_risk.py,ib3c_overlay_activity_with_route_risk.py,file,2,FUTURE_LAYER,IB3 activity/behavior/weather layer,future_or_legacy,no,no,outside current IA1-IB2D checkpoint,document in CURRENT_INDEX
scripts/ib3c_plot_gpx_station_map.py,ib3c_plot_gpx_station_map.py,file,2,FUTURE_LAYER,IB3 activity/behavior/weather layer,future_or_legacy,no,no,outside current IA1-IB2D checkpoint,document in CURRENT_INDEX
scripts/ib3d_plot_activity_risk_timeline.py,ib3d_plot_activity_risk_timeline.py,file,2,FUTURE_LAYER,IB3 activity/behavior/weather layer,future_or_legacy,no,no,outside current IA1-IB2D checkpoint,document in CURRENT_INDEX
scripts/ib3d_plot_environment_adjusted_risk_profile.py,ib3d_plot_environment_adjusted_risk_profile.py,file,2,FUTURE_LAYER,IB3 activity/behavior/weather layer,future_or_legacy,no,no,outside current IA1-IB2D checkpoint,document in CURRENT_INDEX
scripts/ib3d_v2_plot_activity_risk_timeline_report.py,ib3d_v2_plot_activity_risk_timeline_report.py,file,2,FUTURE_LAYER,IB3 activity/behavior/weather layer,future_or_legacy,no,no,outside current IA1-IB2D checkpoint,document in CURRENT_INDEX
scripts/ib3e_extract_route_microclimate_terrain_features.py,ib3e_extract_route_microclimate_terrain_features.py,file,2,FUTURE_LAYER,IB3 activity/behavior/weather layer,future_or_legacy,no,no,outside current IA1-IB2D checkpoint,document in CURRENT_INDEX
scripts/ib3f_apply_weather_terrain_microclimate_interaction.py,ib3f_apply_weather_terrain_microclimate_interaction.py,file,2,FUTURE_LAYER,IB3 activity/behavior/weather layer,future_or_legacy,no,no,outside current IA1-IB2D checkpoint,document in CURRENT_INDEX
scripts/ib3x_inspect_weather_sqlite.py,ib3x_inspect_weather_sqlite.py,file,2,FUTURE_LAYER,IB3 activity/behavior/weather layer,future_or_legacy,no,no,outside current IA1-IB2D checkpoint,document in CURRENT_INDEX
scripts/ib3x_run_bad_weather_scenario_0430.py,ib3x_run_bad_weather_scenario_0430.py,file,2,FUTURE_LAYER,IB3 activity/behavior/weather layer,future_or_legacy,no,no,outside current IA1-IB2D checkpoint,document in CURRENT_INDEX
scripts/ib4_personal_model,ib4_personal_model,dir,2,EXPERIMENTAL,IB4/personal/model artifacts,historical_or_future,no,no,outside current IA1-IB2D checkpoint,review manually
scripts/ib4a_extract_activity_features_from_gpx.py,ib4a_extract_activity_features_from_gpx.py,file,2,EXPERIMENTAL,IB4/personal/model artifacts,historical_or_future,no,no,outside current IA1-IB2D checkpoint,review manually
scripts/ib4b_activity_route_risk_overlay.py,ib4b_activity_route_risk_overlay.py,file,2,EXPERIMENTAL,IB4/personal/model artifacts,historical_or_future,no,no,outside current IA1-IB2D checkpoint,review manually
scripts/ib4c_personal_capability_score.py,ib4c_personal_capability_score.py,file,2,EXPERIMENTAL,IB4/personal/model artifacts,historical_or_future,no,no,outside current IA1-IB2D checkpoint,review manually
scripts/Ic2_fetch_osm_tags.py,Ic2_fetch_osm_tags.py,file,2,INHERITED,inherits role from nearest known parent,review_parent,maybe,no,not a specifically classified root,review manually
scripts/Ic2_osm_way_tag_results.csv,Ic2_osm_way_tag_results.csv,file,2,INHERITED,inherits role from nearest known parent,review_parent,maybe,no,not a specifically classified root,review manually
scripts/Ic3_fetch_osm_nodes_highway.py,Ic3_fetch_osm_nodes_highway.py,file,2,INHERITED,inherits role from nearest known parent,review_parent,maybe,no,not a specifically classified root,review manually
scripts/Ic3_osm_nodes.csv,Ic3_osm_nodes.csv,file,2,INHERITED,inherits role from nearest known parent,review_parent,maybe,no,not a specifically classified root,review manually
scripts/Ic3_osm_nodes.geojson,Ic3_osm_nodes.geojson,file,2,INHERITED,inherits role from nearest known parent,review_parent,maybe,no,not a specifically classified root,review manually
scripts/Ic4_combined_with_tags_with_wayid.geojson,Ic4_combined_with_tags_with_wayid.geojson,file,2,INHERITED,inherits role from nearest known parent,review_parent,maybe,no,not a specifically classified root,review manually
scripts/Ic4_route_tags_popup_map_highway.html,Ic4_route_tags_popup_map_highway.html,file,2,INHERITED,inherits role from nearest known parent,review_parent,maybe,no,not a specifically classified root,review manually
scripts/Ic4_route_tags_popup_map_highway.py,Ic4_route_tags_popup_map_highway.py,file,2,INHERITED,inherits role from nearest known parent,review_parent,maybe,no,not a specifically classified root,review manually
scripts/Ic_combined_main_route_map_highway.py,Ic_combined_main_route_map_highway.py,file,2,INHERITED,inherits role from nearest known parent,review_parent,maybe,no,not a specifically classified root,review manually
scripts/Ic_combined_main_route_segments.geojson,Ic_combined_main_route_segments.geojson,file,2,INHERITED,inherits role from nearest known parent,review_parent,maybe,no,not a specifically classified root,review manually
scripts/Ic_combined_main_route_segments_map.html,Ic_combined_main_route_segments_map.html,file,2,INHERITED,inherits role from nearest known parent,review_parent,maybe,no,not a specifically classified root,review manually
scripts/If2_remaining_segments_map_highway.py,If2_remaining_segments_map_highway.py,file,2,INHERITED,inherits role from nearest known parent,review_parent,maybe,no,not a specifically classified root,review manually
scripts/If2_split_by_nodes.geojson,If2_split_by_nodes.geojson,file,2,INHERITED,inherits role from nearest known parent,review_parent,maybe,no,not a specifically classified root,review manually
scripts/If2_split_by_nodes_map.html,If2_split_by_nodes_map.html,file,2,INHERITED,inherits role from nearest known parent,review_parent,maybe,no,not a specifically classified root,review manually
scripts/If3_final_segments_with_ic4_details.geojson,If3_final_segments_with_ic4_details.geojson,file,2,INHERITED,inherits role from nearest known parent,review_parent,maybe,no,not a specifically classified root,review manually
scripts/If3_final_segments_with_ic4_details_map.html,If3_final_segments_with_ic4_details_map.html,file,2,INHERITED,inherits role from nearest known parent,review_parent,maybe,no,not a specifically classified root,review manually
scripts/If3_remaining_segments_map_highway.py,If3_remaining_segments_map_highway.py,file,2,INHERITED,inherits role from nearest known parent,review_parent,maybe,no,not a specifically classified root,review manually
scripts/If_remaining_segments.geojson,If_remaining_segments.geojson,file,2,INHERITED,inherits role from nearest known parent,review_parent,maybe,no,not a specifically classified root,review manually
scripts/If_remaining_segments_map_highway.html,If_remaining_segments_map_highway.html,file,2,INHERITED,inherits role from nearest known parent,review_parent,maybe,no,not a specifically classified root,review manually
scripts/If_remaining_segments_map_highway.py,If_remaining_segments_map_highway.py,file,2,INHERITED,inherits role from nearest known parent,review_parent,maybe,no,not a specifically classified root,review manually
scripts/Ij_bridge_generator_highway.py,Ij_bridge_generator_highway.py,file,2,INHERITED,inherits role from nearest known parent,review_parent,maybe,no,not a specifically classified root,review manually
scripts/Ij_bridges_map.html,Ij_bridges_map.html,file,2,INHERITED,inherits role from nearest known parent,review_parent,maybe,no,not a specifically classified root,review manually
scripts/Ij_combined_segments.geojson,Ij_combined_segments.geojson,file,2,INHERITED,inherits role from nearest known parent,review_parent,maybe,no,not a specifically classified root,review manually
scripts/Ij_route_sequence.csv,Ij_route_sequence.csv,file,2,INHERITED,inherits role from nearest known parent,review_parent,maybe,no,not a specifically classified root,review manually
scripts/Ik_reachability_map_highway.py,Ik_reachability_map_highway.py,file,2,INHERITED,inherits role from nearest known parent,review_parent,maybe,no,not a specifically classified root,review manually
scripts/Ik_reachable_map.html,Ik_reachable_map.html,file,2,INHERITED,inherits role from nearest known parent,review_parent,maybe,no,not a specifically classified root,review manually
scripts/Ik_reachable_route.csv,Ik_reachable_route.csv,file,2,INHERITED,inherits role from nearest known parent,review_parent,maybe,no,not a specifically classified root,review manually
scripts/Ik_reachable_segments.geojson,Ik_reachable_segments.geojson,file,2,INHERITED,inherits role from nearest known parent,review_parent,maybe,no,not a specifically classified root,review manually
scripts/Il10_elevation_error_analysis_il2andik.py,Il10_elevation_error_analysis_il2andik.py,file,2,INHERITED,inherits role from nearest known parent,review_parent,maybe,no,not a specifically classified root,review manually
scripts/Il1b_dem_data_with_closed_areas.npz,Il1b_dem_data_with_closed_areas.npz,file,2,INHERITED,inherits role from nearest known parent,review_parent,maybe,no,not a specifically classified root,review manually
scripts/Il1b_dem_generator_close.py,Il1b_dem_generator_close.py,file,2,INHERITED,inherits role from nearest known parent,review_parent,maybe,no,not a specifically classified root,review manually
scripts/Il1b_dem_with_closed_areas.png,Il1b_dem_with_closed_areas.png,file,2,INHERITED,inherits role from nearest known parent,review_parent,maybe,no,not a specifically classified root,review manually
scripts/Il1c_closed_area_zones.png,Il1c_closed_area_zones.png,file,2,INHERITED,inherits role from nearest known parent,review_parent,maybe,no,not a specifically classified root,review manually
scripts/Il1c_dem_data_with_closed_areas.npz,Il1c_dem_data_with_closed_areas.npz,file,2,INHERITED,inherits role from nearest known parent,review_parent,maybe,no,not a specifically classified root,review manually
scripts/Il1c_dem_generator_close.py,Il1c_dem_generator_close.py,file,2,INHERITED,inherits role from nearest known parent,review_parent,maybe,no,not a specifically classified root,review manually
scripts/Il1c_dem_interpolated.png,Il1c_dem_interpolated.png,file,2,INHERITED,inherits role from nearest known parent,review_parent,maybe,no,not a specifically classified root,review manually
scripts/Il1c_dem_with_closed_areas.png,Il1c_dem_with_closed_areas.png,file,2,INHERITED,inherits role from nearest known parent,review_parent,maybe,no,not a specifically classified root,review manually
scripts/Il2_generate_dem_from_contour.py,Il2_generate_dem_from_contour.py,file,2,INHERITED,inherits role from nearest known parent,review_parent,maybe,no,not a specifically classified root,review manually
scripts/Il2b_closed_zone_hits.png,Il2b_closed_zone_hits.png,file,2,INHERITED,inherits role from nearest known parent,review_parent,maybe,no,not a specifically classified root,review manually
scripts/Il2b_closed_zone_stats.csv,Il2b_closed_zone_stats.csv,file,2,INHERITED,inherits role from nearest known parent,review_parent,maybe,no,not a specifically classified root,review manually
scripts/Il2b_closed_zone_stats.py,Il2b_closed_zone_stats.py,file,2,INHERITED,inherits role from nearest known parent,review_parent,maybe,no,not a specifically classified root,review manually
scripts/Il3b_closed_zones_stats_map.html,Il3b_closed_zones_stats_map.html,file,2,INHERITED,inherits role from nearest known parent,review_parent,maybe,no,not a specifically classified root,review manually
scripts/Il3b_closed_zones_stats_map.png,Il3b_closed_zones_stats_map.png,file,2,INHERITED,inherits role from nearest known parent,review_parent,maybe,no,not a specifically classified root,review manually
scripts/Il3b_closed_zones_with_stats.geojson,Il3b_closed_zones_with_stats.geojson,file,2,INHERITED,inherits role from nearest known parent,review_parent,maybe,no,not a specifically classified root,review manually
scripts/Il3b_folium_map.py,Il3b_folium_map.py,file,2,INHERITED,inherits role from nearest known parent,review_parent,maybe,no,not a specifically classified root,review manually
scripts/Il3b_Il1b_Il1c_diff_with_contour.png,Il3b_Il1b_Il1c_diff_with_contour.png,file,2,INHERITED,inherits role from nearest known parent,review_parent,maybe,no,not a specifically classified root,review manually
scripts/README_current_pipeline.md,README_current_pipeline.md,file,2,INHERITED,inherits role from nearest known parent,review_parent,maybe,no,not a specifically classified root,review manually
scripts/README_current_pipeline_updated.md,README_current_pipeline_updated.md,file,2,INHERITED,inherits role from nearest known parent,review_parent,maybe,no,not a specifically classified root,review manually
scripts/README_current_pipeline_updated_20260526_qixing.md,README_current_pipeline_updated_20260526_qixing.md,file,2,INHERITED,inherits role from nearest known parent,review_parent,maybe,no,not a specifically classified root,review manually
scripts/README_current_pipeline_updated_20260529_ib3c_boundary.md,README_current_pipeline_updated_20260529_ib3c_boundary.md,file,2,INHERITED,inherits role from nearest known parent,review_parent,maybe,no,not a specifically classified root,review manually
scripts/README_current_pipeline_updated_20260529_ib3c_legacy_scripts.md,README_current_pipeline_updated_20260529_ib3c_legacy_scripts.md,file,2,INHERITED,inherits role from nearest known parent,review_parent,maybe,no,not a specifically classified root,review manually
scripts/README_current_pipeline_updated_20260529_ib3c_v1c.md,README_current_pipeline_updated_20260529_ib3c_v1c.md,file,2,INHERITED,inherits role from nearest known parent,review_parent,maybe,no,not a specifically classified root,review manually
scripts/README_current_pipeline_updated_20260529_ib3c_v1c_26batch.md,README_current_pipeline_updated_20260529_ib3c_v1c_26batch.md,file,2,INHERITED,inherits role from nearest known parent,review_parent,maybe,no,not a specifically classified root,review manually
scripts/README_current_pipeline_updated_20260529_ib3c_v1c_official26.md,README_current_pipeline_updated_20260529_ib3c_v1c_official26.md,file,2,INHERITED,inherits role from nearest known parent,review_parent,maybe,no,not a specifically classified root,review manually
scripts/README_current_pipeline_updated_20260530_ib3c_p3b_hr_delta_phase3c_bootstrap.md,README_current_pipeline_updated_20260530_ib3c_p3b_hr_delta_phase3c_bootstrap.md,file,2,INHERITED,inherits role from nearest known parent,review_parent,maybe,no,not a specifically classified root,review manually
scripts/README_current_pipeline_updated_20260530_ib3c_p3c_recovery_interpretation_verified.md,README_current_pipeline_updated_20260530_ib3c_p3c_recovery_interpretation_verified.md,file,2,INHERITED,inherits role from nearest known parent,review_parent,maybe,no,not a specifically classified root,review manually
scripts/README_current_pipeline_updated_20260531_v1g_route_phase_aware_recovery.md,README_current_pipeline_updated_20260531_v1g_route_phase_aware_recovery.md,file,2,INHERITED,inherits role from nearest known parent,review_parent,maybe,no,not a specifically classified root,review manually
scripts/README_current_pipeline_updated_20260531_v1g_v2_script_registry.md,README_current_pipeline_updated_20260531_v1g_v2_script_registry.md,file,2,INHERITED,inherits role from nearest known parent,review_parent,maybe,no,not a specifically classified root,review manually
scripts/README_current_pipeline_updated_20260531_v1h_reviewed_recovery_holdout.md,README_current_pipeline_updated_20260531_v1h_reviewed_recovery_holdout.md,file,2,INHERITED,inherits role from nearest known parent,review_parent,maybe,no,not a specifically classified root,review manually
scripts/README_current_pipeline_updated_20260601_ib0_route_axis_v1_3b_convergence_audit.md,README_current_pipeline_updated_20260601_ib0_route_axis_v1_3b_convergence_audit.md,file,2,INHERITED,inherits role from nearest known parent,review_parent,maybe,no,not a specifically classified root,review manually
scripts/README_current_pipeline_updated_20260601_ib0d_v1_3b_contract_qa.md,README_current_pipeline_updated_20260601_ib0d_v1_3b_contract_qa.md,file,2,INHERITED,inherits role from nearest known parent,review_parent,maybe,no,not a specifically classified root,review manually
scripts/README_current_pipeline_updated_20260601_ib0d_v1_3b_control_points_only_contract_qa.md,README_current_pipeline_updated_20260601_ib0d_v1_3b_control_points_only_contract_qa.md,file,2,INHERITED,inherits role from nearest known parent,review_parent,maybe,no,not a specifically classified root,review manually
scripts/README_current_pipeline_updated_20260601_ib1_v1_3b_contract_qa.md,README_current_pipeline_updated_20260601_ib1_v1_3b_contract_qa.md,file,2,INHERITED,inherits role from nearest known parent,review_parent,maybe,no,not a specifically classified root,review manually
scripts/README_current_pipeline_updated_20260601_ib2_ib2d_v1_3b_contract_qa.md,README_current_pipeline_updated_20260601_ib2_ib2d_v1_3b_contract_qa.md,file,2,INHERITED,inherits role from nearest known parent,review_parent,maybe,no,not a specifically classified root,review manually
scripts/README_current_pipeline_updated_20260601_ib2d_v1_3b_contract_qa.md,README_current_pipeline_updated_20260601_ib2d_v1_3b_contract_qa.md,file,2,INHERITED,inherits role from nearest known parent,review_parent,maybe,no,not a specifically classified root,review manually
scripts/route_core_modeling,route_core_modeling,dir,2,INHERITED,inherits role from nearest known parent,review_parent,maybe,no,not a specifically classified root,review manually
scripts/runners,runners,dir,2,INHERITED,inherits role from nearest known parent,review_parent,maybe,no,not a specifically classified root,review manually
scripts/zhonghua_tile_correction_cleanup_v1_3b.py,zhonghua_tile_correction_cleanup_v1_3b.py,file,2,INHERITED,inherits role from nearest known parent,review_parent,maybe,no,not a specifically classified root,review manually
weather/tw_weather_2026-05-01.sqlite3,tw_weather_2026-05-01.sqlite3,file,2,FUTURE_LAYER,IB3 activity/behavior/weather layer,future_or_legacy,no,no,outside current IA1-IB2D checkpoint,document in CURRENT_INDEX
weather/tw_weather_2026-05-01.sqlite3-shm,tw_weather_2026-05-01.sqlite3-shm,file,2,FUTURE_LAYER,IB3 activity/behavior/weather layer,future_or_legacy,no,no,outside current IA1-IB2D checkpoint,document in CURRENT_INDEX
weather/tw_weather_2026-05-01.sqlite3-wal,tw_weather_2026-05-01.sqlite3-wal,file,2,FUTURE_LAYER,IB3 activity/behavior/weather layer,future_or_legacy,no,no,outside current IA1-IB2D checkpoint,document in CURRENT_INDEX
七星山上山/ib0c_anchor_from_landmarks_v1.2.py,ib0c_anchor_from_landmarks_v1.2.py,file,2,UNKNOWN,not classified by folder prompt,needs_review,unknown,unknown,add rule if it matters,review manually
