schema_version,output_case,case_id,activity_id,activity_source_type,activity_source_path,activity_start_time_utc,activity_end_time_utc,activity_duration_min,timestamp_epoch_used,context_variable,context_status,audit_status,weather_db_path,weather_table,station_id,station_name,county_name,town_name,station_latitude,station_longitude,station_elevation_m,nearest_activity_dist_m,station_rank_by_distance,obs_count_total_window,obs_count_nonnull,obs_count_null,obs_count_zero,obs_count_positive,nearest_obs_time_utc,nearest_obs_gap_min,value_min,value_max,value_mean,value_sum,observed_values_available,selection_rule,missingness_reason,zero_fallback_used,context_notes
ib3w_activity_environment_window_adapter_v1,qixing_lengshuikeng_full26_backend_2024_v1,qixing_lengshuikeng_main_peak_20260523_osmrefresh_v1_3b,qixing_lengshuikeng_13_1,backend_activity_csv,outputs\ib3a_rc_backend_activity_enriched_v1l2_osm_radar_evidence_qixing_lengshuikeng_full26\qixing_lengshuikeng_13_1_backend_activity_enriched_v1l2_osm_radar_evidence.csv,2024-08-11T00:58:17+00:00,2024-08-11T03:16:38+00:00,138.35,garmin_seconds,precipitation_mm,MISSING,ACTIVITY_WINDOW_OUTSIDE_WEATHER_OBSERVATION_RANGE,weather\tw_weather_2026-05-01.sqlite3,weather_observations,,,,,,,,,,0,0,0,0,0,,,,,,,False,exact_activity_window; no station synthesized when evidence is unavailable,ACTIVITY_WINDOW_OUTSIDE_WEATHER_OBSERVATION_RANGE,False,Missing weather remains missing; no zero or calm fallback is created.
ib3w_activity_environment_window_adapter_v1,qixing_lengshuikeng_full26_backend_2024_v1,qixing_lengshuikeng_main_peak_20260523_osmrefresh_v1_3b,qixing_lengshuikeng_13_1,backend_activity_csv,outputs\ib3a_rc_backend_activity_enriched_v1l2_osm_radar_evidence_qixing_lengshuikeng_full26\qixing_lengshuikeng_13_1_backend_activity_enriched_v1l2_osm_radar_evidence.csv,2024-08-11T00:58:17+00:00,2024-08-11T03:16:38+00:00,138.35,garmin_seconds,precipitation_10min_mm,MISSING,ACTIVITY_WINDOW_OUTSIDE_WEATHER_OBSERVATION_RANGE,weather\tw_weather_2026-05-01.sqlite3,weather_observations,,,,,,,,,,0,0,0,0,0,,,,,,,False,exact_activity_window; no station synthesized when evidence is unavailable,ACTIVITY_WINDOW_OUTSIDE_WEATHER_OBSERVATION_RANGE,False,Missing weather remains missing; no zero or calm fallback is created.
ib3w_activity_environment_window_adapter_v1,qixing_lengshuikeng_full26_backend_2024_v1,qixing_lengshuikeng_main_peak_20260523_osmrefresh_v1_3b,qixing_lengshuikeng_13_1,backend_activity_csv,outputs\ib3a_rc_backend_activity_enriched_v1l2_osm_radar_evidence_qixing_lengshuikeng_full26\qixing_lengshuikeng_13_1_backend_activity_enriched_v1l2_osm_radar_evidence.csv,2024-08-11T00:58:17+00:00,2024-08-11T03:16:38+00:00,138.35,garmin_seconds,precipitation_1hr_mm,MISSING,ACTIVITY_WINDOW_OUTSIDE_WEATHER_OBSERVATION_RANGE,weather\tw_weather_2026-05-01.sqlite3,weather_observations,,,,,,,,,,0,0,0,0,0,,,,,,,False,exact_activity_window; no station synthesized when evidence is unavailable,ACTIVITY_WINDOW_OUTSIDE_WEATHER_OBSERVATION_RANGE,False,Missing weather remains missing; no zero or calm fallback is created.
ib3w_activity_environment_window_adapter_v1,qixing_lengshuikeng_full26_backend_2024_v1,qixing_lengshuikeng_main_peak_20260523_osmrefresh_v1_3b,qixing_lengshuikeng_13_1,backend_activity_csv,outputs\ib3a_rc_backend_activity_enriched_v1l2_osm_radar_evidence_qixing_lengshuikeng_full26\qixing_lengshuikeng_13_1_backend_activity_enriched_v1l2_osm_radar_evidence.csv,2024-08-11T00:58:17+00:00,2024-08-11T03:16:38+00:00,138.35,garmin_seconds,temperature_c,MISSING,ACTIVITY_WINDOW_OUTSIDE_WEATHER_OBSERVATION_RANGE,weather\tw_weather_2026-05-01.sqlite3,weather_observations,,,,,,,,,,0,0,0,0,0,,,,,,,False,exact_activity_window; no station synthesized when evidence is unavailable,ACTIVITY_WINDOW_OUTSIDE_WEATHER_OBSERVATION_RANGE,False,Missing weather remains missing; no zero or calm fallback is created.
ib3w_activity_environment_window_adapter_v1,qixing_lengshuikeng_full26_backend_2024_v1,qixing_lengshuikeng_main_peak_20260523_osmrefresh_v1_3b,qixing_lengshuikeng_13_1,backend_activity_csv,outputs\ib3a_rc_backend_activity_enriched_v1l2_osm_radar_evidence_qixing_lengshuikeng_full26\qixing_lengshuikeng_13_1_backend_activity_enriched_v1l2_osm_radar_evidence.csv,2024-08-11T00:58:17+00:00,2024-08-11T03:16:38+00:00,138.35,garmin_seconds,relative_humidity_pct,MISSING,ACTIVITY_WINDOW_OUTSIDE_WEATHER_OBSERVATION_RANGE,weather\tw_weather_2026-05-01.sqlite3,weather_observations,,,,,,,,,,0,0,0,0,0,,,,,,,False,exact_activity_window; no station synthesized when evidence is unavailable,ACTIVITY_WINDOW_OUTSIDE_WEATHER_OBSERVATION_RANGE,False,Missing weather remains missing; no zero or calm fallback is created.
ib3w_activity_environment_window_adapter_v1,qixing_lengshuikeng_full26_backend_2024_v1,qixing_lengshuikeng_main_peak_20260523_osmrefresh_v1_3b,qixing_lengshuikeng_13_1,backend_activity_csv,outputs\ib3a_rc_backend_activity_enriched_v1l2_osm_radar_evidence_qixing_lengshuikeng_full26\qixing_lengshuikeng_13_1_backend_activity_enriched_v1l2_osm_radar_evidence.csv,2024-08-11T00:58:17+00:00,2024-08-11T03:16:38+00:00,138.35,garmin_seconds,wind_speed_ms,MISSING,ACTIVITY_WINDOW_OUTSIDE_WEATHER_OBSERVATION_RANGE,weather\tw_weather_2026-05-01.sqlite3,weather_observations,,,,,,,,,,0,0,0,0,0,,,,,,,False,exact_activity_window; no station synthesized when evidence is unavailable,ACTIVITY_WINDOW_OUTSIDE_WEATHER_OBSERVATION_RANGE,False,Missing weather remains missing; no zero or calm fallback is created.
ib3w_activity_environment_window_adapter_v1,qixing_lengshuikeng_full26_backend_2024_v1,qixing_lengshuikeng_main_peak_20260523_osmrefresh_v1_3b,qixing_lengshuikeng_13_1,backend_activity_csv,outputs\ib3a_rc_backend_activity_enriched_v1l2_osm_radar_evidence_qixing_lengshuikeng_full26\qixing_lengshuikeng_13_1_backend_activity_enriched_v1l2_osm_radar_evidence.csv,2024-08-11T00:58:17+00:00,2024-08-11T03:16:38+00:00,138.35,garmin_seconds,wind_direction_deg,MISSING,ACTIVITY_WINDOW_OUTSIDE_WEATHER_OBSERVATION_RANGE,weather\tw_weather_2026-05-01.sqlite3,weather_observations,,,,,,,,,,0,0,0,0,0,,,,,,,False,exact_activity_window; no station synthesized when evidence is unavailable,ACTIVITY_WINDOW_OUTSIDE_WEATHER_OBSERVATION_RANGE,False,Missing weather remains missing; no zero or calm fallback is created.
ib3w_activity_environment_window_adapter_v1,qixing_lengshuikeng_full26_backend_2024_v1,qixing_lengshuikeng_main_peak_20260523_osmrefresh_v1_3b,qixing_lengshuikeng_13_1,backend_activity_csv,outputs\ib3a_rc_backend_activity_enriched_v1l2_osm_radar_evidence_qixing_lengshuikeng_full26\qixing_lengshuikeng_13_1_backend_activity_enriched_v1l2_osm_radar_evidence.csv,2024-08-11T00:58:17+00:00,2024-08-11T03:16:38+00:00,138.35,garmin_seconds,pressure_hpa,MISSING,ACTIVITY_WINDOW_OUTSIDE_WEATHER_OBSERVATION_RANGE,weather\tw_weather_2026-05-01.sqlite3,weather_observations,,,,,,,,,,0,0,0,0,0,,,,,,,False,exact_activity_window; no station synthesized when evidence is unavailable,ACTIVITY_WINDOW_OUTSIDE_WEATHER_OBSERVATION_RANGE,False,Missing weather remains missing; no zero or calm fallback is created.
ib3w_activity_environment_window_adapter_v1,qixing_lengshuikeng_full26_backend_2024_v1,qixing_lengshuikeng_main_peak_20260523_osmrefresh_v1_3b,qixing_lengshuikeng_13_1,backend_activity_csv,outputs\ib3a_rc_backend_activity_enriched_v1l2_osm_radar_evidence_qixing_lengshuikeng_full26\qixing_lengshuikeng_13_1_backend_activity_enriched_v1l2_osm_radar_evidence.csv,2024-08-11T00:58:17+00:00,2024-08-11T03:16:38+00:00,138.35,garmin_seconds,visibility_m,MISSING,ACTIVITY_WINDOW_OUTSIDE_WEATHER_OBSERVATION_RANGE,weather\tw_weather_2026-05-01.sqlite3,weather_observations,,,,,,,,,,0,0,0,0,0,,,,,,,False,exact_activity_window; no station synthesized when evidence is unavailable,ACTIVITY_WINDOW_OUTSIDE_WEATHER_OBSERVATION_RANGE,False,Missing weather remains missing; no zero or calm fallback is created.
ib3w_activity_environment_window_adapter_v1,qixing_lengshuikeng_full26_backend_2024_v1,qixing_lengshuikeng_main_peak_20260523_osmrefresh_v1_3b,qixing_lengshuikeng_13_1,backend_activity_csv,outputs\ib3a_rc_backend_activity_enriched_v1l2_osm_radar_evidence_qixing_lengshuikeng_full26\qixing_lengshuikeng_13_1_backend_activity_enriched_v1l2_osm_radar_evidence.csv,2024-08-11T00:58:17+00:00,2024-08-11T03:16:38+00:00,138.35,garmin_seconds,weather,MISSING,ACTIVITY_WINDOW_OUTSIDE_WEATHER_OBSERVATION_RANGE,weather\tw_weather_2026-05-01.sqlite3,weather_observations,,,,,,,,,,0,0,0,0,0,,,,,,,False,exact_activity_window; no station synthesized when evidence is unavailable,ACTIVITY_WINDOW_OUTSIDE_WEATHER_OBSERVATION_RANGE,False,Missing weather remains missing; no zero or calm fallback is created.
ib3w_activity_environment_window_adapter_v1,qixing_lengshuikeng_full26_backend_2024_v1,qixing_lengshuikeng_main_peak_20260523_osmrefresh_v1_3b,qixing_lengshuikeng_14_1,backend_activity_csv,outputs\ib3a_rc_backend_activity_enriched_v1l2_osm_radar_evidence_qixing_lengshuikeng_full26\qixing_lengshuikeng_14_1_backend_activity_enriched_v1l2_osm_radar_evidence.csv,2024-08-11T00:57:11+00:00,2024-08-11T02:56:51+00:00,119.667,garmin_seconds,precipitation_mm,MISSING,ACTIVITY_WINDOW_OUTSIDE_WEATHER_OBSERVATION_RANGE,weather\tw_weather_2026-05-01.sqlite3,weather_observations,,,,,,,,,,0,0,0,0,0,,,,,,,False,exact_activity_window; no station synthesized when evidence is unavailable,ACTIVITY_WINDOW_OUTSIDE_WEATHER_OBSERVATION_RANGE,False,Missing weather remains missing; no zero or calm fallback is created.
ib3w_activity_environment_window_adapter_v1,qixing_lengshuikeng_full26_backend_2024_v1,qixing_lengshuikeng_main_peak_20260523_osmrefresh_v1_3b,qixing_lengshuikeng_14_1,backend_activity_csv,outputs\ib3a_rc_backend_activity_enriched_v1l2_osm_radar_evidence_qixing_lengshuikeng_full26\qixing_lengshuikeng_14_1_backend_activity_enriched_v1l2_osm_radar_evidence.csv,2024-08-11T00:57:11+00:00,2024-08-11T02:56:51+00:00,119.667,garmin_seconds,precipitation_10min_mm,MISSING,ACTIVITY_WINDOW_OUTSIDE_WEATHER_OBSERVATION_RANGE,weather\tw_weather_2026-05-01.sqlite3,weather_observations,,,,,,,,,,0,0,0,0,0,,,,,,,False,exact_activity_window; no station synthesized when evidence is unavailable,ACTIVITY_WINDOW_OUTSIDE_WEATHER_OBSERVATION_RANGE,False,Missing weather remains missing; no zero or calm fallback is created.
ib3w_activity_environment_window_adapter_v1,qixing_lengshuikeng_full26_backend_2024_v1,qixing_lengshuikeng_main_peak_20260523_osmrefresh_v1_3b,qixing_lengshuikeng_14_1,backend_activity_csv,outputs\ib3a_rc_backend_activity_enriched_v1l2_osm_radar_evidence_qixing_lengshuikeng_full26\qixing_lengshuikeng_14_1_backend_activity_enriched_v1l2_osm_radar_evidence.csv,2024-08-11T00:57:11+00:00,2024-08-11T02:56:51+00:00,119.667,garmin_seconds,precipitation_1hr_mm,MISSING,ACTIVITY_WINDOW_OUTSIDE_WEATHER_OBSERVATION_RANGE,weather\tw_weather_2026-05-01.sqlite3,weather_observations,,,,,,,,,,0,0,0,0,0,,,,,,,False,exact_activity_window; no station synthesized when evidence is unavailable,ACTIVITY_WINDOW_OUTSIDE_WEATHER_OBSERVATION_RANGE,False,Missing weather remains missing; no zero or calm fallback is created.
ib3w_activity_environment_window_adapter_v1,qixing_lengshuikeng_full26_backend_2024_v1,qixing_lengshuikeng_main_peak_20260523_osmrefresh_v1_3b,qixing_lengshuikeng_14_1,backend_activity_csv,outputs\ib3a_rc_backend_activity_enriched_v1l2_osm_radar_evidence_qixing_lengshuikeng_full26\qixing_lengshuikeng_14_1_backend_activity_enriched_v1l2_osm_radar_evidence.csv,2024-08-11T00:57:11+00:00,2024-08-11T02:56:51+00:00,119.667,garmin_seconds,temperature_c,MISSING,ACTIVITY_WINDOW_OUTSIDE_WEATHER_OBSERVATION_RANGE,weather\tw_weather_2026-05-01.sqlite3,weather_observations,,,,,,,,,,0,0,0,0,0,,,,,,,False,exact_activity_window; no station synthesized when evidence is unavailable,ACTIVITY_WINDOW_OUTSIDE_WEATHER_OBSERVATION_RANGE,False,Missing weather remains missing; no zero or calm fallback is created.
ib3w_activity_environment_window_adapter_v1,qixing_lengshuikeng_full26_backend_2024_v1,qixing_lengshuikeng_main_peak_20260523_osmrefresh_v1_3b,qixing_lengshuikeng_14_1,backend_activity_csv,outputs\ib3a_rc_backend_activity_enriched_v1l2_osm_radar_evidence_qixing_lengshuikeng_full26\qixing_lengshuikeng_14_1_backend_activity_enriched_v1l2_osm_radar_evidence.csv,2024-08-11T00:57:11+00:00,2024-08-11T02:56:51+00:00,119.667,garmin_seconds,relative_humidity_pct,MISSING,ACTIVITY_WINDOW_OUTSIDE_WEATHER_OBSERVATION_RANGE,weather\tw_weather_2026-05-01.sqlite3,weather_observations,,,,,,,,,,0,0,0,0,0,,,,,,,False,exact_activity_window; no station synthesized when evidence is unavailable,ACTIVITY_WINDOW_OUTSIDE_WEATHER_OBSERVATION_RANGE,False,Missing weather remains missing; no zero or calm fallback is created.
ib3w_activity_environment_window_adapter_v1,qixing_lengshuikeng_full26_backend_2024_v1,qixing_lengshuikeng_main_peak_20260523_osmrefresh_v1_3b,qixing_lengshuikeng_14_1,backend_activity_csv,outputs\ib3a_rc_backend_activity_enriched_v1l2_osm_radar_evidence_qixing_lengshuikeng_full26\qixing_lengshuikeng_14_1_backend_activity_enriched_v1l2_osm_radar_evidence.csv,2024-08-11T00:57:11+00:00,2024-08-11T02:56:51+00:00,119.667,garmin_seconds,wind_speed_ms,MISSING,ACTIVITY_WINDOW_OUTSIDE_WEATHER_OBSERVATION_RANGE,weather\tw_weather_2026-05-01.sqlite3,weather_observations,,,,,,,,,,0,0,0,0,0,,,,,,,False,exact_activity_window; no station synthesized when evidence is unavailable,ACTIVITY_WINDOW_OUTSIDE_WEATHER_OBSERVATION_RANGE,False,Missing weather remains missing; no zero or calm fallback is created.
ib3w_activity_environment_window_adapter_v1,qixing_lengshuikeng_full26_backend_2024_v1,qixing_lengshuikeng_main_peak_20260523_osmrefresh_v1_3b,qixing_lengshuikeng_14_1,backend_activity_csv,outputs\ib3a_rc_backend_activity_enriched_v1l2_osm_radar_evidence_qixing_lengshuikeng_full26\qixing_lengshuikeng_14_1_backend_activity_enriched_v1l2_osm_radar_evidence.csv,2024-08-11T00:57:11+00:00,2024-08-11T02:56:51+00:00,119.667,garmin_seconds,wind_direction_deg,MISSING,ACTIVITY_WINDOW_OUTSIDE_WEATHER_OBSERVATION_RANGE,weather\tw_weather_2026-05-01.sqlite3,weather_observations,,,,,,,,,,0,0,0,0,0,,,,,,,False,exact_activity_window; no station synthesized when evidence is unavailable,ACTIVITY_WINDOW_OUTSIDE_WEATHER_OBSERVATION_RANGE,False,Missing weather remains missing; no zero or calm fallback is created.
ib3w_activity_environment_window_adapter_v1,qixing_lengshuikeng_full26_backend_2024_v1,qixing_lengshuikeng_main_peak_20260523_osmrefresh_v1_3b,qixing_lengshuikeng_14_1,backend_activity_csv,outputs\ib3a_rc_backend_activity_enriched_v1l2_osm_radar_evidence_qixing_lengshuikeng_full26\qixing_lengshuikeng_14_1_backend_activity_enriched_v1l2_osm_radar_evidence.csv,2024-08-11T00:57:11+00:00,2024-08-11T02:56:51+00:00,119.667,garmin_seconds,pressure_hpa,MISSING,ACTIVITY_WINDOW_OUTSIDE_WEATHER_OBSERVATION_RANGE,weather\tw_weather_2026-05-01.sqlite3,weather_observations,,,,,,,,,,0,0,0,0,0,,,,,,,False,exact_activity_window; no station synthesized when evidence is unavailable,ACTIVITY_WINDOW_OUTSIDE_WEATHER_OBSERVATION_RANGE,False,Missing weather remains missing; no zero or calm fallback is created.
ib3w_activity_environment_window_adapter_v1,qixing_lengshuikeng_full26_backend_2024_v1,qixing_lengshuikeng_main_peak_20260523_osmrefresh_v1_3b,qixing_lengshuikeng_14_1,backend_activity_csv,outputs\ib3a_rc_backend_activity_enriched_v1l2_osm_radar_evidence_qixing_lengshuikeng_full26\qixing_lengshuikeng_14_1_backend_activity_enriched_v1l2_osm_radar_evidence.csv,2024-08-11T00:57:11+00:00,2024-08-11T02:56:51+00:00,119.667,garmin_seconds,visibility_m,MISSING,ACTIVITY_WINDOW_OUTSIDE_WEATHER_OBSERVATION_RANGE,weather\tw_weather_2026-05-01.sqlite3,weather_observations,,,,,,,,,,0,0,0,0,0,,,,,,,False,exact_activity_window; no station synthesized when evidence is unavailable,ACTIVITY_WINDOW_OUTSIDE_WEATHER_OBSERVATION_RANGE,False,Missing weather remains missing; no zero or calm fallback is created.
ib3w_activity_environment_window_adapter_v1,qixing_lengshuikeng_full26_backend_2024_v1,qixing_lengshuikeng_main_peak_20260523_osmrefresh_v1_3b,qixing_lengshuikeng_14_1,backend_activity_csv,outputs\ib3a_rc_backend_activity_enriched_v1l2_osm_radar_evidence_qixing_lengshuikeng_full26\qixing_lengshuikeng_14_1_backend_activity_enriched_v1l2_osm_radar_evidence.csv,2024-08-11T00:57:11+00:00,2024-08-11T02:56:51+00:00,119.667,garmin_seconds,weather,MISSING,ACTIVITY_WINDOW_OUTSIDE_WEATHER_OBSERVATION_RANGE,weather\tw_weather_2026-05-01.sqlite3,weather_observations,,,,,,,,,,0,0,0,0,0,,,,,,,False,exact_activity_window; no station synthesized when evidence is unavailable,ACTIVITY_WINDOW_OUTSIDE_WEATHER_OBSERVATION_RANGE,False,Missing weather remains missing; no zero or calm fallback is created.
ib3w_activity_environment_window_adapter_v1,qixing_lengshuikeng_full26_backend_2024_v1,qixing_lengshuikeng_main_peak_20260523_osmrefresh_v1_3b,qixing_lengshuikeng_15_1,backend_activity_csv,outputs\ib3a_rc_backend_activity_enriched_v1l2_osm_radar_evidence_qixing_lengshuikeng_full26\qixing_lengshuikeng_15_1_backend_activity_enriched_v1l2_osm_radar_evidence.csv,2024-08-04T00:59:32+00:00,2024-08-04T02:55:27+00:00,115.917,garmin_seconds,precipitation_mm,MISSING,ACTIVITY_WINDOW_OUTSIDE_WEATHER_OBSERVATION_RANGE,weather\tw_weather_2026-05-01.sqlite3,weather_observations,,,,,,,,,,0,0,0,0,0,,,,,,,False,exact_activity_window; no station synthesized when evidence is unavailable,ACTIVITY_WINDOW_OUTSIDE_WEATHER_OBSERVATION_RANGE,False,Missing weather remains missing; no zero or calm fallback is created.
ib3w_activity_environment_window_adapter_v1,qixing_lengshuikeng_full26_backend_2024_v1,qixing_lengshuikeng_main_peak_20260523_osmrefresh_v1_3b,qixing_lengshuikeng_15_1,backend_activity_csv,outputs\ib3a_rc_backend_activity_enriched_v1l2_osm_radar_evidence_qixing_lengshuikeng_full26\qixing_lengshuikeng_15_1_backend_activity_enriched_v1l2_osm_radar_evidence.csv,2024-08-04T00:59:32+00:00,2024-08-04T02:55:27+00:00,115.917,garmin_seconds,precipitation_10min_mm,MISSING,ACTIVITY_WINDOW_OUTSIDE_WEATHER_OBSERVATION_RANGE,weather\tw_weather_2026-05-01.sqlite3,weather_observations,,,,,,,,,,0,0,0,0,0,,,,,,,False,exact_activity_window; no station synthesized when evidence is unavailable,ACTIVITY_WINDOW_OUTSIDE_WEATHER_OBSERVATION_RANGE,False,Missing weather remains missing; no zero or calm fallback is created.
ib3w_activity_environment_window_adapter_v1,qixing_lengshuikeng_full26_backend_2024_v1,qixing_lengshuikeng_main_peak_20260523_osmrefresh_v1_3b,qixing_lengshuikeng_15_1,backend_activity_csv,outputs\ib3a_rc_backend_activity_enriched_v1l2_osm_radar_evidence_qixing_lengshuikeng_full26\qixing_lengshuikeng_15_1_backend_activity_enriched_v1l2_osm_radar_evidence.csv,2024-08-04T00:59:32+00:00,2024-08-04T02:55:27+00:00,115.917,garmin_seconds,precipitation_1hr_mm,MISSING,ACTIVITY_WINDOW_OUTSIDE_WEATHER_OBSERVATION_RANGE,weather\tw_weather_2026-05-01.sqlite3,weather_observations,,,,,,,,,,0,0,0,0,0,,,,,,,False,exact_activity_window; no station synthesized when evidence is unavailable,ACTIVITY_WINDOW_OUTSIDE_WEATHER_OBSERVATION_RANGE,False,Missing weather remains missing; no zero or calm fallback is created.
ib3w_activity_environment_window_adapter_v1,qixing_lengshuikeng_full26_backend_2024_v1,qixing_lengshuikeng_main_peak_20260523_osmrefresh_v1_3b,qixing_lengshuikeng_15_1,backend_activity_csv,outputs\ib3a_rc_backend_activity_enriched_v1l2_osm_radar_evidence_qixing_lengshuikeng_full26\qixing_lengshuikeng_15_1_backend_activity_enriched_v1l2_osm_radar_evidence.csv,2024-08-04T00:59:32+00:00,2024-08-04T02:55:27+00:00,115.917,garmin_seconds,temperature_c,MISSING,ACTIVITY_WINDOW_OUTSIDE_WEATHER_OBSERVATION_RANGE,weather\tw_weather_2026-05-01.sqlite3,weather_observations,,,,,,,,,,0,0,0,0,0,,,,,,,False,exact_activity_window; no station synthesized when evidence is unavailable,ACTIVITY_WINDOW_OUTSIDE_WEATHER_OBSERVATION_RANGE,False,Missing weather remains missing; no zero or calm fallback is created.
ib3w_activity_environment_window_adapter_v1,qixing_lengshuikeng_full26_backend_2024_v1,qixing_lengshuikeng_main_peak_20260523_osmrefresh_v1_3b,qixing_lengshuikeng_15_1,backend_activity_csv,outputs\ib3a_rc_backend_activity_enriched_v1l2_osm_radar_evidence_qixing_lengshuikeng_full26\qixing_lengshuikeng_15_1_backend_activity_enriched_v1l2_osm_radar_evidence.csv,2024-08-04T00:59:32+00:00,2024-08-04T02:55:27+00:00,115.917,garmin_seconds,relative_humidity_pct,MISSING,ACTIVITY_WINDOW_OUTSIDE_WEATHER_OBSERVATION_RANGE,weather\tw_weather_2026-05-01.sqlite3,weather_observations,,,,,,,,,,0,0,0,0,0,,,,,,,False,exact_activity_window; no station synthesized when evidence is unavailable,ACTIVITY_WINDOW_OUTSIDE_WEATHER_OBSERVATION_RANGE,False,Missing weather remains missing; no zero or calm fallback is created.
ib3w_activity_environment_window_adapter_v1,qixing_lengshuikeng_full26_backend_2024_v1,qixing_lengshuikeng_main_peak_20260523_osmrefresh_v1_3b,qixing_lengshuikeng_15_1,backend_activity_csv,outputs\ib3a_rc_backend_activity_enriched_v1l2_osm_radar_evidence_qixing_lengshuikeng_full26\qixing_lengshuikeng_15_1_backend_activity_enriched_v1l2_osm_radar_evidence.csv,2024-08-04T00:59:32+00:00,2024-08-04T02:55:27+00:00,115.917,garmin_seconds,wind_speed_ms,MISSING,ACTIVITY_WINDOW_OUTSIDE_WEATHER_OBSERVATION_RANGE,weather\tw_weather_2026-05-01.sqlite3,weather_observations,,,,,,,,,,0,0,0,0,0,,,,,,,False,exact_activity_window; no station synthesized when evidence is unavailable,ACTIVITY_WINDOW_OUTSIDE_WEATHER_OBSERVATION_RANGE,False,Missing weather remains missing; no zero or calm fallback is created.
ib3w_activity_environment_window_adapter_v1,qixing_lengshuikeng_full26_backend_2024_v1,qixing_lengshuikeng_main_peak_20260523_osmrefresh_v1_3b,qixing_lengshuikeng_15_1,backend_activity_csv,outputs\ib3a_rc_backend_activity_enriched_v1l2_osm_radar_evidence_qixing_lengshuikeng_full26\qixing_lengshuikeng_15_1_backend_activity_enriched_v1l2_osm_radar_evidence.csv,2024-08-04T00:59:32+00:00,2024-08-04T02:55:27+00:00,115.917,garmin_seconds,wind_direction_deg,MISSING,ACTIVITY_WINDOW_OUTSIDE_WEATHER_OBSERVATION_RANGE,weather\tw_weather_2026-05-01.sqlite3,weather_observations,,,,,,,,,,0,0,0,0,0,,,,,,,False,exact_activity_window; no station synthesized when evidence is unavailable,ACTIVITY_WINDOW_OUTSIDE_WEATHER_OBSERVATION_RANGE,False,Missing weather remains missing; no zero or calm fallback is created.
ib3w_activity_environment_window_adapter_v1,qixing_lengshuikeng_full26_backend_2024_v1,qixing_lengshuikeng_main_peak_20260523_osmrefresh_v1_3b,qixing_lengshuikeng_15_1,backend_activity_csv,outputs\ib3a_rc_backend_activity_enriched_v1l2_osm_radar_evidence_qixing_lengshuikeng_full26\qixing_lengshuikeng_15_1_backend_activity_enriched_v1l2_osm_radar_evidence.csv,2024-08-04T00:59:32+00:00,2024-08-04T02:55:27+00:00,115.917,garmin_seconds,pressure_hpa,MISSING,ACTIVITY_WINDOW_OUTSIDE_WEATHER_OBSERVATION_RANGE,weather\tw_weather_2026-05-01.sqlite3,weather_observations,,,,,,,,,,0,0,0,0,0,,,,,,,False,exact_activity_window; no station synthesized when evidence is unavailable,ACTIVITY_WINDOW_OUTSIDE_WEATHER_OBSERVATION_RANGE,False,Missing weather remains missing; no zero or calm fallback is created.
ib3w_activity_environment_window_adapter_v1,qixing_lengshuikeng_full26_backend_2024_v1,qixing_lengshuikeng_main_peak_20260523_osmrefresh_v1_3b,qixing_lengshuikeng_15_1,backend_activity_csv,outputs\ib3a_rc_backend_activity_enriched_v1l2_osm_radar_evidence_qixing_lengshuikeng_full26\qixing_lengshuikeng_15_1_backend_activity_enriched_v1l2_osm_radar_evidence.csv,2024-08-04T00:59:32+00:00,2024-08-04T02:55:27+00:00,115.917,garmin_seconds,visibility_m,MISSING,ACTIVITY_WINDOW_OUTSIDE_WEATHER_OBSERVATION_RANGE,weather\tw_weather_2026-05-01.sqlite3,weather_observations,,,,,,,,,,0,0,0,0,0,,,,,,,False,exact_activity_window; no station synthesized when evidence is unavailable,ACTIVITY_WINDOW_OUTSIDE_WEATHER_OBSERVATION_RANGE,False,Missing weather remains missing; no zero or calm fallback is created.
ib3w_activity_environment_window_adapter_v1,qixing_lengshuikeng_full26_backend_2024_v1,qixing_lengshuikeng_main_peak_20260523_osmrefresh_v1_3b,qixing_lengshuikeng_15_1,backend_activity_csv,outputs\ib3a_rc_backend_activity_enriched_v1l2_osm_radar_evidence_qixing_lengshuikeng_full26\qixing_lengshuikeng_15_1_backend_activity_enriched_v1l2_osm_radar_evidence.csv,2024-08-04T00:59:32+00:00,2024-08-04T02:55:27+00:00,115.917,garmin_seconds,weather,MISSING,ACTIVITY_WINDOW_OUTSIDE_WEATHER_OBSERVATION_RANGE,weather\tw_weather_2026-05-01.sqlite3,weather_observations,,,,,,,,,,0,0,0,0,0,,,,,,,False,exact_activity_window; no station synthesized when evidence is unavailable,ACTIVITY_WINDOW_OUTSIDE_WEATHER_OBSERVATION_RANGE,False,Missing weather remains missing; no zero or calm fallback is created.
ib3w_activity_environment_window_adapter_v1,qixing_lengshuikeng_full26_backend_2024_v1,qixing_lengshuikeng_main_peak_20260523_osmrefresh_v1_3b,qixing_lengshuikeng_16_1,backend_activity_csv,outputs\ib3a_rc_backend_activity_enriched_v1l2_osm_radar_evidence_qixing_lengshuikeng_full26\qixing_lengshuikeng_16_1_backend_activity_enriched_v1l2_osm_radar_evidence.csv,2024-08-11T00:10:01+00:00,2024-08-11T02:59:46+00:00,169.75,garmin_seconds,precipitation_mm,MISSING,ACTIVITY_WINDOW_OUTSIDE_WEATHER_OBSERVATION_RANGE,weather\tw_weather_2026-05-01.sqlite3,weather_observations,,,,,,,,,,0,0,0,0,0,,,,,,,False,exact_activity_window; no station synthesized when evidence is unavailable,ACTIVITY_WINDOW_OUTSIDE_WEATHER_OBSERVATION_RANGE,False,Missing weather remains missing; no zero or calm fallback is created.
ib3w_activity_environment_window_adapter_v1,qixing_lengshuikeng_full26_backend_2024_v1,qixing_lengshuikeng_main_peak_20260523_osmrefresh_v1_3b,qixing_lengshuikeng_16_1,backend_activity_csv,outputs\ib3a_rc_backend_activity_enriched_v1l2_osm_radar_evidence_qixing_lengshuikeng_full26\qixing_lengshuikeng_16_1_backend_activity_enriched_v1l2_osm_radar_evidence.csv,2024-08-11T00:10:01+00:00,2024-08-11T02:59:46+00:00,169.75,garmin_seconds,precipitation_10min_mm,MISSING,ACTIVITY_WINDOW_OUTSIDE_WEATHER_OBSERVATION_RANGE,weather\tw_weather_2026-05-01.sqlite3,weather_observations,,,,,,,,,,0,0,0,0,0,,,,,,,False,exact_activity_window; no station synthesized when evidence is unavailable,ACTIVITY_WINDOW_OUTSIDE_WEATHER_OBSERVATION_RANGE,False,Missing weather remains missing; no zero or calm fallback is created.
ib3w_activity_environment_window_adapter_v1,qixing_lengshuikeng_full26_backend_2024_v1,qixing_lengshuikeng_main_peak_20260523_osmrefresh_v1_3b,qixing_lengshuikeng_16_1,backend_activity_csv,outputs\ib3a_rc_backend_activity_enriched_v1l2_osm_radar_evidence_qixing_lengshuikeng_full26\qixing_lengshuikeng_16_1_backend_activity_enriched_v1l2_osm_radar_evidence.csv,2024-08-11T00:10:01+00:00,2024-08-11T02:59:46+00:00,169.75,garmin_seconds,precipitation_1hr_mm,MISSING,ACTIVITY_WINDOW_OUTSIDE_WEATHER_OBSERVATION_RANGE,weather\tw_weather_2026-05-01.sqlite3,weather_observations,,,,,,,,,,0,0,0,0,0,,,,,,,False,exact_activity_window; no station synthesized when evidence is unavailable,ACTIVITY_WINDOW_OUTSIDE_WEATHER_OBSERVATION_RANGE,False,Missing weather remains missing; no zero or calm fallback is created.
ib3w_activity_environment_window_adapter_v1,qixing_lengshuikeng_full26_backend_2024_v1,qixing_lengshuikeng_main_peak_20260523_osmrefresh_v1_3b,qixing_lengshuikeng_16_1,backend_activity_csv,outputs\ib3a_rc_backend_activity_enriched_v1l2_osm_radar_evidence_qixing_lengshuikeng_full26\qixing_lengshuikeng_16_1_backend_activity_enriched_v1l2_osm_radar_evidence.csv,2024-08-11T00:10:01+00:00,2024-08-11T02:59:46+00:00,169.75,garmin_seconds,temperature_c,MISSING,ACTIVITY_WINDOW_OUTSIDE_WEATHER_OBSERVATION_RANGE,weather\tw_weather_2026-05-01.sqlite3,weather_observations,,,,,,,,,,0,0,0,0,0,,,,,,,False,exact_activity_window; no station synthesized when evidence is unavailable,ACTIVITY_WINDOW_OUTSIDE_WEATHER_OBSERVATION_RANGE,False,Missing weather remains missing; no zero or calm fallback is created.
ib3w_activity_environment_window_adapter_v1,qixing_lengshuikeng_full26_backend_2024_v1,qixing_lengshuikeng_main_peak_20260523_osmrefresh_v1_3b,qixing_lengshuikeng_16_1,backend_activity_csv,outputs\ib3a_rc_backend_activity_enriched_v1l2_osm_radar_evidence_qixing_lengshuikeng_full26\qixing_lengshuikeng_16_1_backend_activity_enriched_v1l2_osm_radar_evidence.csv,2024-08-11T00:10:01+00:00,2024-08-11T02:59:46+00:00,169.75,garmin_seconds,relative_humidity_pct,MISSING,ACTIVITY_WINDOW_OUTSIDE_WEATHER_OBSERVATION_RANGE,weather\tw_weather_2026-05-01.sqlite3,weather_observations,,,,,,,,,,0,0,0,0,0,,,,,,,False,exact_activity_window; no station synthesized when evidence is unavailable,ACTIVITY_WINDOW_OUTSIDE_WEATHER_OBSERVATION_RANGE,False,Missing weather remains missing; no zero or calm fallback is created.
ib3w_activity_environment_window_adapter_v1,qixing_lengshuikeng_full26_backend_2024_v1,qixing_lengshuikeng_main_peak_20260523_osmrefresh_v1_3b,qixing_lengshuikeng_16_1,backend_activity_csv,outputs\ib3a_rc_backend_activity_enriched_v1l2_osm_radar_evidence_qixing_lengshuikeng_full26\qixing_lengshuikeng_16_1_backend_activity_enriched_v1l2_osm_radar_evidence.csv,2024-08-11T00:10:01+00:00,2024-08-11T02:59:46+00:00,169.75,garmin_seconds,wind_speed_ms,MISSING,ACTIVITY_WINDOW_OUTSIDE_WEATHER_OBSERVATION_RANGE,weather\tw_weather_2026-05-01.sqlite3,weather_observations,,,,,,,,,,0,0,0,0,0,,,,,,,False,exact_activity_window; no station synthesized when evidence is unavailable,ACTIVITY_WINDOW_OUTSIDE_WEATHER_OBSERVATION_RANGE,False,Missing weather remains missing; no zero or calm fallback is created.
ib3w_activity_environment_window_adapter_v1,qixing_lengshuikeng_full26_backend_2024_v1,qixing_lengshuikeng_main_peak_20260523_osmrefresh_v1_3b,qixing_lengshuikeng_16_1,backend_activity_csv,outputs\ib3a_rc_backend_activity_enriched_v1l2_osm_radar_evidence_qixing_lengshuikeng_full26\qixing_lengshuikeng_16_1_backend_activity_enriched_v1l2_osm_radar_evidence.csv,2024-08-11T00:10:01+00:00,2024-08-11T02:59:46+00:00,169.75,garmin_seconds,wind_direction_deg,MISSING,ACTIVITY_WINDOW_OUTSIDE_WEATHER_OBSERVATION_RANGE,weather\tw_weather_2026-05-01.sqlite3,weather_observations,,,,,,,,,,0,0,0,0,0,,,,,,,False,exact_activity_window; no station synthesized when evidence is unavailable,ACTIVITY_WINDOW_OUTSIDE_WEATHER_OBSERVATION_RANGE,False,Missing weather remains missing; no zero or calm fallback is created.
ib3w_activity_environment_window_adapter_v1,qixing_lengshuikeng_full26_backend_2024_v1,qixing_lengshuikeng_main_peak_20260523_osmrefresh_v1_3b,qixing_lengshuikeng_16_1,backend_activity_csv,outputs\ib3a_rc_backend_activity_enriched_v1l2_osm_radar_evidence_qixing_lengshuikeng_full26\qixing_lengshuikeng_16_1_backend_activity_enriched_v1l2_osm_radar_evidence.csv,2024-08-11T00:10:01+00:00,2024-08-11T02:59:46+00:00,169.75,garmin_seconds,pressure_hpa,MISSING,ACTIVITY_WINDOW_OUTSIDE_WEATHER_OBSERVATION_RANGE,weather\tw_weather_2026-05-01.sqlite3,weather_observations,,,,,,,,,,0,0,0,0,0,,,,,,,False,exact_activity_window; no station synthesized when evidence is unavailable,ACTIVITY_WINDOW_OUTSIDE_WEATHER_OBSERVATION_RANGE,False,Missing weather remains missing; no zero or calm fallback is created.
ib3w_activity_environment_window_adapter_v1,qixing_lengshuikeng_full26_backend_2024_v1,qixing_lengshuikeng_main_peak_20260523_osmrefresh_v1_3b,qixing_lengshuikeng_16_1,backend_activity_csv,outputs\ib3a_rc_backend_activity_enriched_v1l2_osm_radar_evidence_qixing_lengshuikeng_full26\qixing_lengshuikeng_16_1_backend_activity_enriched_v1l2_osm_radar_evidence.csv,2024-08-11T00:10:01+00:00,2024-08-11T02:59:46+00:00,169.75,garmin_seconds,visibility_m,MISSING,ACTIVITY_WINDOW_OUTSIDE_WEATHER_OBSERVATION_RANGE,weather\tw_weather_2026-05-01.sqlite3,weather_observations,,,,,,,,,,0,0,0,0,0,,,,,,,False,exact_activity_window; no station synthesized when evidence is unavailable,ACTIVITY_WINDOW_OUTSIDE_WEATHER_OBSERVATION_RANGE,False,Missing weather remains missing; no zero or calm fallback is created.
ib3w_activity_environment_window_adapter_v1,qixing_lengshuikeng_full26_backend_2024_v1,qixing_lengshuikeng_main_peak_20260523_osmrefresh_v1_3b,qixing_lengshuikeng_16_1,backend_activity_csv,outputs\ib3a_rc_backend_activity_enriched_v1l2_osm_radar_evidence_qixing_lengshuikeng_full26\qixing_lengshuikeng_16_1_backend_activity_enriched_v1l2_osm_radar_evidence.csv,2024-08-11T00:10:01+00:00,2024-08-11T02:59:46+00:00,169.75,garmin_seconds,weather,MISSING,ACTIVITY_WINDOW_OUTSIDE_WEATHER_OBSERVATION_RANGE,weather\tw_weather_2026-05-01.sqlite3,weather_observations,,,,,,,,,,0,0,0,0,0,,,,,,,False,exact_activity_window; no station synthesized when evidence is unavailable,ACTIVITY_WINDOW_OUTSIDE_WEATHER_OBSERVATION_RANGE,False,Missing weather remains missing; no zero or calm fallback is created.
ib3w_activity_environment_window_adapter_v1,qixing_lengshuikeng_full26_backend_2024_v1,qixing_lengshuikeng_main_peak_20260523_osmrefresh_v1_3b,qixing_lengshuikeng_20_1,backend_activity_csv,outputs\ib3a_rc_backend_activity_enriched_v1l2_osm_radar_evidence_qixing_lengshuikeng_full26\qixing_lengshuikeng_20_1_backend_activity_enriched_v1l2_osm_radar_evidence.csv,2024-08-11T00:29:14+00:00,2024-08-11T02:59:11+00:00,149.95,garmin_seconds,precipitation_mm,MISSING,ACTIVITY_WINDOW_OUTSIDE_WEATHER_OBSERVATION_RANGE,weather\tw_weather_2026-05-01.sqlite3,weather_observations,,,,,,,,,,0,0,0,0,0,,,,,,,False,exact_activity_window; no station synthesized when evidence is unavailable,ACTIVITY_WINDOW_OUTSIDE_WEATHER_OBSERVATION_RANGE,False,Missing weather remains missing; no zero or calm fallback is created.
ib3w_activity_environment_window_adapter_v1,qixing_lengshuikeng_full26_backend_2024_v1,qixing_lengshuikeng_main_peak_20260523_osmrefresh_v1_3b,qixing_lengshuikeng_20_1,backend_activity_csv,outputs\ib3a_rc_backend_activity_enriched_v1l2_osm_radar_evidence_qixing_lengshuikeng_full26\qixing_lengshuikeng_20_1_backend_activity_enriched_v1l2_osm_radar_evidence.csv,2024-08-11T00:29:14+00:00,2024-08-11T02:59:11+00:00,149.95,garmin_seconds,precipitation_10min_mm,MISSING,ACTIVITY_WINDOW_OUTSIDE_WEATHER_OBSERVATION_RANGE,weather\tw_weather_2026-05-01.sqlite3,weather_observations,,,,,,,,,,0,0,0,0,0,,,,,,,False,exact_activity_window; no station synthesized when evidence is unavailable,ACTIVITY_WINDOW_OUTSIDE_WEATHER_OBSERVATION_RANGE,False,Missing weather remains missing; no zero or calm fallback is created.
ib3w_activity_environment_window_adapter_v1,qixing_lengshuikeng_full26_backend_2024_v1,qixing_lengshuikeng_main_peak_20260523_osmrefresh_v1_3b,qixing_lengshuikeng_20_1,backend_activity_csv,outputs\ib3a_rc_backend_activity_enriched_v1l2_osm_radar_evidence_qixing_lengshuikeng_full26\qixing_lengshuikeng_20_1_backend_activity_enriched_v1l2_osm_radar_evidence.csv,2024-08-11T00:29:14+00:00,2024-08-11T02:59:11+00:00,149.95,garmin_seconds,precipitation_1hr_mm,MISSING,ACTIVITY_WINDOW_OUTSIDE_WEATHER_OBSERVATION_RANGE,weather\tw_weather_2026-05-01.sqlite3,weather_observations,,,,,,,,,,0,0,0,0,0,,,,,,,False,exact_activity_window; no station synthesized when evidence is unavailable,ACTIVITY_WINDOW_OUTSIDE_WEATHER_OBSERVATION_RANGE,False,Missing weather remains missing; no zero or calm fallback is created.
ib3w_activity_environment_window_adapter_v1,qixing_lengshuikeng_full26_backend_2024_v1,qixing_lengshuikeng_main_peak_20260523_osmrefresh_v1_3b,qixing_lengshuikeng_20_1,backend_activity_csv,outputs\ib3a_rc_backend_activity_enriched_v1l2_osm_radar_evidence_qixing_lengshuikeng_full26\qixing_lengshuikeng_20_1_backend_activity_enriched_v1l2_osm_radar_evidence.csv,2024-08-11T00:29:14+00:00,2024-08-11T02:59:11+00:00,149.95,garmin_seconds,temperature_c,MISSING,ACTIVITY_WINDOW_OUTSIDE_WEATHER_OBSERVATION_RANGE,weather\tw_weather_2026-05-01.sqlite3,weather_observations,,,,,,,,,,0,0,0,0,0,,,,,,,False,exact_activity_window; no station synthesized when evidence is unavailable,ACTIVITY_WINDOW_OUTSIDE_WEATHER_OBSERVATION_RANGE,False,Missing weather remains missing; no zero or calm fallback is created.
ib3w_activity_environment_window_adapter_v1,qixing_lengshuikeng_full26_backend_2024_v1,qixing_lengshuikeng_main_peak_20260523_osmrefresh_v1_3b,qixing_lengshuikeng_20_1,backend_activity_csv,outputs\ib3a_rc_backend_activity_enriched_v1l2_osm_radar_evidence_qixing_lengshuikeng_full26\qixing_lengshuikeng_20_1_backend_activity_enriched_v1l2_osm_radar_evidence.csv,2024-08-11T00:29:14+00:00,2024-08-11T02:59:11+00:00,149.95,garmin_seconds,relative_humidity_pct,MISSING,ACTIVITY_WINDOW_OUTSIDE_WEATHER_OBSERVATION_RANGE,weather\tw_weather_2026-05-01.sqlite3,weather_observations,,,,,,,,,,0,0,0,0,0,,,,,,,False,exact_activity_window; no station synthesized when evidence is unavailable,ACTIVITY_WINDOW_OUTSIDE_WEATHER_OBSERVATION_RANGE,False,Missing weather remains missing; no zero or calm fallback is created.
ib3w_activity_environment_window_adapter_v1,qixing_lengshuikeng_full26_backend_2024_v1,qixing_lengshuikeng_main_peak_20260523_osmrefresh_v1_3b,qixing_lengshuikeng_20_1,backend_activity_csv,outputs\ib3a_rc_backend_activity_enriched_v1l2_osm_radar_evidence_qixing_lengshuikeng_full26\qixing_lengshuikeng_20_1_backend_activity_enriched_v1l2_osm_radar_evidence.csv,2024-08-11T00:29:14+00:00,2024-08-11T02:59:11+00:00,149.95,garmin_seconds,wind_speed_ms,MISSING,ACTIVITY_WINDOW_OUTSIDE_WEATHER_OBSERVATION_RANGE,weather\tw_weather_2026-05-01.sqlite3,weather_observations,,,,,,,,,,0,0,0,0,0,,,,,,,False,exact_activity_window; no station synthesized when evidence is unavailable,ACTIVITY_WINDOW_OUTSIDE_WEATHER_OBSERVATION_RANGE,False,Missing weather remains missing; no zero or calm fallback is created.
ib3w_activity_environment_window_adapter_v1,qixing_lengshuikeng_full26_backend_2024_v1,qixing_lengshuikeng_main_peak_20260523_osmrefresh_v1_3b,qixing_lengshuikeng_20_1,backend_activity_csv,outputs\ib3a_rc_backend_activity_enriched_v1l2_osm_radar_evidence_qixing_lengshuikeng_full26\qixing_lengshuikeng_20_1_backend_activity_enriched_v1l2_osm_radar_evidence.csv,2024-08-11T00:29:14+00:00,2024-08-11T02:59:11+00:00,149.95,garmin_seconds,wind_direction_deg,MISSING,ACTIVITY_WINDOW_OUTSIDE_WEATHER_OBSERVATION_RANGE,weather\tw_weather_2026-05-01.sqlite3,weather_observations,,,,,,,,,,0,0,0,0,0,,,,,,,False,exact_activity_window; no station synthesized when evidence is unavailable,ACTIVITY_WINDOW_OUTSIDE_WEATHER_OBSERVATION_RANGE,False,Missing weather remains missing; no zero or calm fallback is created.
ib3w_activity_environment_window_adapter_v1,qixing_lengshuikeng_full26_backend_2024_v1,qixing_lengshuikeng_main_peak_20260523_osmrefresh_v1_3b,qixing_lengshuikeng_20_1,backend_activity_csv,outputs\ib3a_rc_backend_activity_enriched_v1l2_osm_radar_evidence_qixing_lengshuikeng_full26\qixing_lengshuikeng_20_1_backend_activity_enriched_v1l2_osm_radar_evidence.csv,2024-08-11T00:29:14+00:00,2024-08-11T02:59:11+00:00,149.95,garmin_seconds,pressure_hpa,MISSING,ACTIVITY_WINDOW_OUTSIDE_WEATHER_OBSERVATION_RANGE,weather\tw_weather_2026-05-01.sqlite3,weather_observations,,,,,,,,,,0,0,0,0,0,,,,,,,False,exact_activity_window; no station synthesized when evidence is unavailable,ACTIVITY_WINDOW_OUTSIDE_WEATHER_OBSERVATION_RANGE,False,Missing weather remains missing; no zero or calm fallback is created.
ib3w_activity_environment_window_adapter_v1,qixing_lengshuikeng_full26_backend_2024_v1,qixing_lengshuikeng_main_peak_20260523_osmrefresh_v1_3b,qixing_lengshuikeng_20_1,backend_activity_csv,outputs\ib3a_rc_backend_activity_enriched_v1l2_osm_radar_evidence_qixing_lengshuikeng_full26\qixing_lengshuikeng_20_1_backend_activity_enriched_v1l2_osm_radar_evidence.csv,2024-08-11T00:29:14+00:00,2024-08-11T02:59:11+00:00,149.95,garmin_seconds,visibility_m,MISSING,ACTIVITY_WINDOW_OUTSIDE_WEATHER_OBSERVATION_RANGE,weather\tw_weather_2026-05-01.sqlite3,weather_observations,,,,,,,,,,0,0,0,0,0,,,,,,,False,exact_activity_window; no station synthesized when evidence is unavailable,ACTIVITY_WINDOW_OUTSIDE_WEATHER_OBSERVATION_RANGE,False,Missing weather remains missing; no zero or calm fallback is created.
ib3w_activity_environment_window_adapter_v1,qixing_lengshuikeng_full26_backend_2024_v1,qixing_lengshuikeng_main_peak_20260523_osmrefresh_v1_3b,qixing_lengshuikeng_20_1,backend_activity_csv,outputs\ib3a_rc_backend_activity_enriched_v1l2_osm_radar_evidence_qixing_lengshuikeng_full26\qixing_lengshuikeng_20_1_backend_activity_enriched_v1l2_osm_radar_evidence.csv,2024-08-11T00:29:14+00:00,2024-08-11T02:59:11+00:00,149.95,garmin_seconds,weather,MISSING,ACTIVITY_WINDOW_OUTSIDE_WEATHER_OBSERVATION_RANGE,weather\tw_weather_2026-05-01.sqlite3,weather_observations,,,,,,,,,,0,0,0,0,0,,,,,,,False,exact_activity_window; no station synthesized when evidence is unavailable,ACTIVITY_WINDOW_OUTSIDE_WEATHER_OBSERVATION_RANGE,False,Missing weather remains missing; no zero or calm fallback is created.
ib3w_activity_environment_window_adapter_v1,qixing_lengshuikeng_full26_backend_2024_v1,qixing_lengshuikeng_main_peak_20260523_osmrefresh_v1_3b,qixing_lengshuikeng_23_1,backend_activity_csv,outputs\ib3a_rc_backend_activity_enriched_v1l2_osm_radar_evidence_qixing_lengshuikeng_full26\qixing_lengshuikeng_23_1_backend_activity_enriched_v1l2_osm_radar_evidence.csv,2024-08-11T00:27:56+00:00,2024-08-11T03:36:20+00:00,188.4,garmin_seconds,precipitation_mm,MISSING,ACTIVITY_WINDOW_OUTSIDE_WEATHER_OBSERVATION_RANGE,weather\tw_weather_2026-05-01.sqlite3,weather_observations,,,,,,,,,,0,0,0,0,0,,,,,,,False,exact_activity_window; no station synthesized when evidence is unavailable,ACTIVITY_WINDOW_OUTSIDE_WEATHER_OBSERVATION_RANGE,False,Missing weather remains missing; no zero or calm fallback is created.
ib3w_activity_environment_window_adapter_v1,qixing_lengshuikeng_full26_backend_2024_v1,qixing_lengshuikeng_main_peak_20260523_osmrefresh_v1_3b,qixing_lengshuikeng_23_1,backend_activity_csv,outputs\ib3a_rc_backend_activity_enriched_v1l2_osm_radar_evidence_qixing_lengshuikeng_full26\qixing_lengshuikeng_23_1_backend_activity_enriched_v1l2_osm_radar_evidence.csv,2024-08-11T00:27:56+00:00,2024-08-11T03:36:20+00:00,188.4,garmin_seconds,precipitation_10min_mm,MISSING,ACTIVITY_WINDOW_OUTSIDE_WEATHER_OBSERVATION_RANGE,weather\tw_weather_2026-05-01.sqlite3,weather_observations,,,,,,,,,,0,0,0,0,0,,,,,,,False,exact_activity_window; no station synthesized when evidence is unavailable,ACTIVITY_WINDOW_OUTSIDE_WEATHER_OBSERVATION_RANGE,False,Missing weather remains missing; no zero or calm fallback is created.
ib3w_activity_environment_window_adapter_v1,qixing_lengshuikeng_full26_backend_2024_v1,qixing_lengshuikeng_main_peak_20260523_osmrefresh_v1_3b,qixing_lengshuikeng_23_1,backend_activity_csv,outputs\ib3a_rc_backend_activity_enriched_v1l2_osm_radar_evidence_qixing_lengshuikeng_full26\qixing_lengshuikeng_23_1_backend_activity_enriched_v1l2_osm_radar_evidence.csv,2024-08-11T00:27:56+00:00,2024-08-11T03:36:20+00:00,188.4,garmin_seconds,precipitation_1hr_mm,MISSING,ACTIVITY_WINDOW_OUTSIDE_WEATHER_OBSERVATION_RANGE,weather\tw_weather_2026-05-01.sqlite3,weather_observations,,,,,,,,,,0,0,0,0,0,,,,,,,False,exact_activity_window; no station synthesized when evidence is unavailable,ACTIVITY_WINDOW_OUTSIDE_WEATHER_OBSERVATION_RANGE,False,Missing weather remains missing; no zero or calm fallback is created.
ib3w_activity_environment_window_adapter_v1,qixing_lengshuikeng_full26_backend_2024_v1,qixing_lengshuikeng_main_peak_20260523_osmrefresh_v1_3b,qixing_lengshuikeng_23_1,backend_activity_csv,outputs\ib3a_rc_backend_activity_enriched_v1l2_osm_radar_evidence_qixing_lengshuikeng_full26\qixing_lengshuikeng_23_1_backend_activity_enriched_v1l2_osm_radar_evidence.csv,2024-08-11T00:27:56+00:00,2024-08-11T03:36:20+00:00,188.4,garmin_seconds,temperature_c,MISSING,ACTIVITY_WINDOW_OUTSIDE_WEATHER_OBSERVATION_RANGE,weather\tw_weather_2026-05-01.sqlite3,weather_observations,,,,,,,,,,0,0,0,0,0,,,,,,,False,exact_activity_window; no station synthesized when evidence is unavailable,ACTIVITY_WINDOW_OUTSIDE_WEATHER_OBSERVATION_RANGE,False,Missing weather remains missing; no zero or calm fallback is created.
ib3w_activity_environment_window_adapter_v1,qixing_lengshuikeng_full26_backend_2024_v1,qixing_lengshuikeng_main_peak_20260523_osmrefresh_v1_3b,qixing_lengshuikeng_23_1,backend_activity_csv,outputs\ib3a_rc_backend_activity_enriched_v1l2_osm_radar_evidence_qixing_lengshuikeng_full26\qixing_lengshuikeng_23_1_backend_activity_enriched_v1l2_osm_radar_evidence.csv,2024-08-11T00:27:56+00:00,2024-08-11T03:36:20+00:00,188.4,garmin_seconds,relative_humidity_pct,MISSING,ACTIVITY_WINDOW_OUTSIDE_WEATHER_OBSERVATION_RANGE,weather\tw_weather_2026-05-01.sqlite3,weather_observations,,,,,,,,,,0,0,0,0,0,,,,,,,False,exact_activity_window; no station synthesized when evidence is unavailable,ACTIVITY_WINDOW_OUTSIDE_WEATHER_OBSERVATION_RANGE,False,Missing weather remains missing; no zero or calm fallback is created.
ib3w_activity_environment_window_adapter_v1,qixing_lengshuikeng_full26_backend_2024_v1,qixing_lengshuikeng_main_peak_20260523_osmrefresh_v1_3b,qixing_lengshuikeng_23_1,backend_activity_csv,outputs\ib3a_rc_backend_activity_enriched_v1l2_osm_radar_evidence_qixing_lengshuikeng_full26\qixing_lengshuikeng_23_1_backend_activity_enriched_v1l2_osm_radar_evidence.csv,2024-08-11T00:27:56+00:00,2024-08-11T03:36:20+00:00,188.4,garmin_seconds,wind_speed_ms,MISSING,ACTIVITY_WINDOW_OUTSIDE_WEATHER_OBSERVATION_RANGE,weather\tw_weather_2026-05-01.sqlite3,weather_observations,,,,,,,,,,0,0,0,0,0,,,,,,,False,exact_activity_window; no station synthesized when evidence is unavailable,ACTIVITY_WINDOW_OUTSIDE_WEATHER_OBSERVATION_RANGE,False,Missing weather remains missing; no zero or calm fallback is created.
ib3w_activity_environment_window_adapter_v1,qixing_lengshuikeng_full26_backend_2024_v1,qixing_lengshuikeng_main_peak_20260523_osmrefresh_v1_3b,qixing_lengshuikeng_23_1,backend_activity_csv,outputs\ib3a_rc_backend_activity_enriched_v1l2_osm_radar_evidence_qixing_lengshuikeng_full26\qixing_lengshuikeng_23_1_backend_activity_enriched_v1l2_osm_radar_evidence.csv,2024-08-11T00:27:56+00:00,2024-08-11T03:36:20+00:00,188.4,garmin_seconds,wind_direction_deg,MISSING,ACTIVITY_WINDOW_OUTSIDE_WEATHER_OBSERVATION_RANGE,weather\tw_weather_2026-05-01.sqlite3,weather_observations,,,,,,,,,,0,0,0,0,0,,,,,,,False,exact_activity_window; no station synthesized when evidence is unavailable,ACTIVITY_WINDOW_OUTSIDE_WEATHER_OBSERVATION_RANGE,False,Missing weather remains missing; no zero or calm fallback is created.
ib3w_activity_environment_window_adapter_v1,qixing_lengshuikeng_full26_backend_2024_v1,qixing_lengshuikeng_main_peak_20260523_osmrefresh_v1_3b,qixing_lengshuikeng_23_1,backend_activity_csv,outputs\ib3a_rc_backend_activity_enriched_v1l2_osm_radar_evidence_qixing_lengshuikeng_full26\qixing_lengshuikeng_23_1_backend_activity_enriched_v1l2_osm_radar_evidence.csv,2024-08-11T00:27:56+00:00,2024-08-11T03:36:20+00:00,188.4,garmin_seconds,pressure_hpa,MISSING,ACTIVITY_WINDOW_OUTSIDE_WEATHER_OBSERVATION_RANGE,weather\tw_weather_2026-05-01.sqlite3,weather_observations,,,,,,,,,,0,0,0,0,0,,,,,,,False,exact_activity_window; no station synthesized when evidence is unavailable,ACTIVITY_WINDOW_OUTSIDE_WEATHER_OBSERVATION_RANGE,False,Missing weather remains missing; no zero or calm fallback is created.
ib3w_activity_environment_window_adapter_v1,qixing_lengshuikeng_full26_backend_2024_v1,qixing_lengshuikeng_main_peak_20260523_osmrefresh_v1_3b,qixing_lengshuikeng_23_1,backend_activity_csv,outputs\ib3a_rc_backend_activity_enriched_v1l2_osm_radar_evidence_qixing_lengshuikeng_full26\qixing_lengshuikeng_23_1_backend_activity_enriched_v1l2_osm_radar_evidence.csv,2024-08-11T00:27:56+00:00,2024-08-11T03:36:20+00:00,188.4,garmin_seconds,visibility_m,MISSING,ACTIVITY_WINDOW_OUTSIDE_WEATHER_OBSERVATION_RANGE,weather\tw_weather_2026-05-01.sqlite3,weather_observations,,,,,,,,,,0,0,0,0,0,,,,,,,False,exact_activity_window; no station synthesized when evidence is unavailable,ACTIVITY_WINDOW_OUTSIDE_WEATHER_OBSERVATION_RANGE,False,Missing weather remains missing; no zero or calm fallback is created.
ib3w_activity_environment_window_adapter_v1,qixing_lengshuikeng_full26_backend_2024_v1,qixing_lengshuikeng_main_peak_20260523_osmrefresh_v1_3b,qixing_lengshuikeng_23_1,backend_activity_csv,outputs\ib3a_rc_backend_activity_enriched_v1l2_osm_radar_evidence_qixing_lengshuikeng_full26\qixing_lengshuikeng_23_1_backend_activity_enriched_v1l2_osm_radar_evidence.csv,2024-08-11T00:27:56+00:00,2024-08-11T03:36:20+00:00,188.4,garmin_seconds,weather,MISSING,ACTIVITY_WINDOW_OUTSIDE_WEATHER_OBSERVATION_RANGE,weather\tw_weather_2026-05-01.sqlite3,weather_observations,,,,,,,,,,0,0,0,0,0,,,,,,,False,exact_activity_window; no station synthesized when evidence is unavailable,ACTIVITY_WINDOW_OUTSIDE_WEATHER_OBSERVATION_RANGE,False,Missing weather remains missing; no zero or calm fallback is created.
ib3w_activity_environment_window_adapter_v1,qixing_lengshuikeng_full26_backend_2024_v1,qixing_lengshuikeng_main_peak_20260523_osmrefresh_v1_3b,qixing_lengshuikeng_28_1,backend_activity_csv,outputs\ib3a_rc_backend_activity_enriched_v1l2_osm_radar_evidence_qixing_lengshuikeng_full26\qixing_lengshuikeng_28_1_backend_activity_enriched_v1l2_osm_radar_evidence.csv,2024-08-04T01:10:41+00:00,2024-08-04T03:34:22+00:00,143.683,garmin_seconds,precipitation_mm,MISSING,ACTIVITY_WINDOW_OUTSIDE_WEATHER_OBSERVATION_RANGE,weather\tw_weather_2026-05-01.sqlite3,weather_observations,,,,,,,,,,0,0,0,0,0,,,,,,,False,exact_activity_window; no station synthesized when evidence is unavailable,ACTIVITY_WINDOW_OUTSIDE_WEATHER_OBSERVATION_RANGE,False,Missing weather remains missing; no zero or calm fallback is created.
ib3w_activity_environment_window_adapter_v1,qixing_lengshuikeng_full26_backend_2024_v1,qixing_lengshuikeng_main_peak_20260523_osmrefresh_v1_3b,qixing_lengshuikeng_28_1,backend_activity_csv,outputs\ib3a_rc_backend_activity_enriched_v1l2_osm_radar_evidence_qixing_lengshuikeng_full26\qixing_lengshuikeng_28_1_backend_activity_enriched_v1l2_osm_radar_evidence.csv,2024-08-04T01:10:41+00:00,2024-08-04T03:34:22+00:00,143.683,garmin_seconds,precipitation_10min_mm,MISSING,ACTIVITY_WINDOW_OUTSIDE_WEATHER_OBSERVATION_RANGE,weather\tw_weather_2026-05-01.sqlite3,weather_observations,,,,,,,,,,0,0,0,0,0,,,,,,,False,exact_activity_window; no station synthesized when evidence is unavailable,ACTIVITY_WINDOW_OUTSIDE_WEATHER_OBSERVATION_RANGE,False,Missing weather remains missing; no zero or calm fallback is created.
ib3w_activity_environment_window_adapter_v1,qixing_lengshuikeng_full26_backend_2024_v1,qixing_lengshuikeng_main_peak_20260523_osmrefresh_v1_3b,qixing_lengshuikeng_28_1,backend_activity_csv,outputs\ib3a_rc_backend_activity_enriched_v1l2_osm_radar_evidence_qixing_lengshuikeng_full26\qixing_lengshuikeng_28_1_backend_activity_enriched_v1l2_osm_radar_evidence.csv,2024-08-04T01:10:41+00:00,2024-08-04T03:34:22+00:00,143.683,garmin_seconds,precipitation_1hr_mm,MISSING,ACTIVITY_WINDOW_OUTSIDE_WEATHER_OBSERVATION_RANGE,weather\tw_weather_2026-05-01.sqlite3,weather_observations,,,,,,,,,,0,0,0,0,0,,,,,,,False,exact_activity_window; no station synthesized when evidence is unavailable,ACTIVITY_WINDOW_OUTSIDE_WEATHER_OBSERVATION_RANGE,False,Missing weather remains missing; no zero or calm fallback is created.
ib3w_activity_environment_window_adapter_v1,qixing_lengshuikeng_full26_backend_2024_v1,qixing_lengshuikeng_main_peak_20260523_osmrefresh_v1_3b,qixing_lengshuikeng_28_1,backend_activity_csv,outputs\ib3a_rc_backend_activity_enriched_v1l2_osm_radar_evidence_qixing_lengshuikeng_full26\qixing_lengshuikeng_28_1_backend_activity_enriched_v1l2_osm_radar_evidence.csv,2024-08-04T01:10:41+00:00,2024-08-04T03:34:22+00:00,143.683,garmin_seconds,temperature_c,MISSING,ACTIVITY_WINDOW_OUTSIDE_WEATHER_OBSERVATION_RANGE,weather\tw_weather_2026-05-01.sqlite3,weather_observations,,,,,,,,,,0,0,0,0,0,,,,,,,False,exact_activity_window; no station synthesized when evidence is unavailable,ACTIVITY_WINDOW_OUTSIDE_WEATHER_OBSERVATION_RANGE,False,Missing weather remains missing; no zero or calm fallback is created.
ib3w_activity_environment_window_adapter_v1,qixing_lengshuikeng_full26_backend_2024_v1,qixing_lengshuikeng_main_peak_20260523_osmrefresh_v1_3b,qixing_lengshuikeng_28_1,backend_activity_csv,outputs\ib3a_rc_backend_activity_enriched_v1l2_osm_radar_evidence_qixing_lengshuikeng_full26\qixing_lengshuikeng_28_1_backend_activity_enriched_v1l2_osm_radar_evidence.csv,2024-08-04T01:10:41+00:00,2024-08-04T03:34:22+00:00,143.683,garmin_seconds,relative_humidity_pct,MISSING,ACTIVITY_WINDOW_OUTSIDE_WEATHER_OBSERVATION_RANGE,weather\tw_weather_2026-05-01.sqlite3,weather_observations,,,,,,,,,,0,0,0,0,0,,,,,,,False,exact_activity_window; no station synthesized when evidence is unavailable,ACTIVITY_WINDOW_OUTSIDE_WEATHER_OBSERVATION_RANGE,False,Missing weather remains missing; no zero or calm fallback is created.
ib3w_activity_environment_window_adapter_v1,qixing_lengshuikeng_full26_backend_2024_v1,qixing_lengshuikeng_main_peak_20260523_osmrefresh_v1_3b,qixing_lengshuikeng_28_1,backend_activity_csv,outputs\ib3a_rc_backend_activity_enriched_v1l2_osm_radar_evidence_qixing_lengshuikeng_full26\qixing_lengshuikeng_28_1_backend_activity_enriched_v1l2_osm_radar_evidence.csv,2024-08-04T01:10:41+00:00,2024-08-04T03:34:22+00:00,143.683,garmin_seconds,wind_speed_ms,MISSING,ACTIVITY_WINDOW_OUTSIDE_WEATHER_OBSERVATION_RANGE,weather\tw_weather_2026-05-01.sqlite3,weather_observations,,,,,,,,,,0,0,0,0,0,,,,,,,False,exact_activity_window; no station synthesized when evidence is unavailable,ACTIVITY_WINDOW_OUTSIDE_WEATHER_OBSERVATION_RANGE,False,Missing weather remains missing; no zero or calm fallback is created.
ib3w_activity_environment_window_adapter_v1,qixing_lengshuikeng_full26_backend_2024_v1,qixing_lengshuikeng_main_peak_20260523_osmrefresh_v1_3b,qixing_lengshuikeng_28_1,backend_activity_csv,outputs\ib3a_rc_backend_activity_enriched_v1l2_osm_radar_evidence_qixing_lengshuikeng_full26\qixing_lengshuikeng_28_1_backend_activity_enriched_v1l2_osm_radar_evidence.csv,2024-08-04T01:10:41+00:00,2024-08-04T03:34:22+00:00,143.683,garmin_seconds,wind_direction_deg,MISSING,ACTIVITY_WINDOW_OUTSIDE_WEATHER_OBSERVATION_RANGE,weather\tw_weather_2026-05-01.sqlite3,weather_observations,,,,,,,,,,0,0,0,0,0,,,,,,,False,exact_activity_window; no station synthesized when evidence is unavailable,ACTIVITY_WINDOW_OUTSIDE_WEATHER_OBSERVATION_RANGE,False,Missing weather remains missing; no zero or calm fallback is created.
ib3w_activity_environment_window_adapter_v1,qixing_lengshuikeng_full26_backend_2024_v1,qixing_lengshuikeng_main_peak_20260523_osmrefresh_v1_3b,qixing_lengshuikeng_28_1,backend_activity_csv,outputs\ib3a_rc_backend_activity_enriched_v1l2_osm_radar_evidence_qixing_lengshuikeng_full26\qixing_lengshuikeng_28_1_backend_activity_enriched_v1l2_osm_radar_evidence.csv,2024-08-04T01:10:41+00:00,2024-08-04T03:34:22+00:00,143.683,garmin_seconds,pressure_hpa,MISSING,ACTIVITY_WINDOW_OUTSIDE_WEATHER_OBSERVATION_RANGE,weather\tw_weather_2026-05-01.sqlite3,weather_observations,,,,,,,,,,0,0,0,0,0,,,,,,,False,exact_activity_window; no station synthesized when evidence is unavailable,ACTIVITY_WINDOW_OUTSIDE_WEATHER_OBSERVATION_RANGE,False,Missing weather remains missing; no zero or calm fallback is created.
ib3w_activity_environment_window_adapter_v1,qixing_lengshuikeng_full26_backend_2024_v1,qixing_lengshuikeng_main_peak_20260523_osmrefresh_v1_3b,qixing_lengshuikeng_28_1,backend_activity_csv,outputs\ib3a_rc_backend_activity_enriched_v1l2_osm_radar_evidence_qixing_lengshuikeng_full26\qixing_lengshuikeng_28_1_backend_activity_enriched_v1l2_osm_radar_evidence.csv,2024-08-04T01:10:41+00:00,2024-08-04T03:34:22+00:00,143.683,garmin_seconds,visibility_m,MISSING,ACTIVITY_WINDOW_OUTSIDE_WEATHER_OBSERVATION_RANGE,weather\tw_weather_2026-05-01.sqlite3,weather_observations,,,,,,,,,,0,0,0,0,0,,,,,,,False,exact_activity_window; no station synthesized when evidence is unavailable,ACTIVITY_WINDOW_OUTSIDE_WEATHER_OBSERVATION_RANGE,False,Missing weather remains missing; no zero or calm fallback is created.
ib3w_activity_environment_window_adapter_v1,qixing_lengshuikeng_full26_backend_2024_v1,qixing_lengshuikeng_main_peak_20260523_osmrefresh_v1_3b,qixing_lengshuikeng_28_1,backend_activity_csv,outputs\ib3a_rc_backend_activity_enriched_v1l2_osm_radar_evidence_qixing_lengshuikeng_full26\qixing_lengshuikeng_28_1_backend_activity_enriched_v1l2_osm_radar_evidence.csv,2024-08-04T01:10:41+00:00,2024-08-04T03:34:22+00:00,143.683,garmin_seconds,weather,MISSING,ACTIVITY_WINDOW_OUTSIDE_WEATHER_OBSERVATION_RANGE,weather\tw_weather_2026-05-01.sqlite3,weather_observations,,,,,,,,,,0,0,0,0,0,,,,,,,False,exact_activity_window; no station synthesized when evidence is unavailable,ACTIVITY_WINDOW_OUTSIDE_WEATHER_OBSERVATION_RANGE,False,Missing weather remains missing; no zero or calm fallback is created.
ib3w_activity_environment_window_adapter_v1,qixing_lengshuikeng_full26_backend_2024_v1,qixing_lengshuikeng_main_peak_20260523_osmrefresh_v1_3b,qixing_lengshuikeng_29_1,backend_activity_csv,outputs\ib3a_rc_backend_activity_enriched_v1l2_osm_radar_evidence_qixing_lengshuikeng_full26\qixing_lengshuikeng_29_1_backend_activity_enriched_v1l2_osm_radar_evidence.csv,2024-08-24T01:22:26+00:00,2024-08-24T03:29:14+00:00,126.8,garmin_seconds,precipitation_mm,MISSING,ACTIVITY_WINDOW_OUTSIDE_WEATHER_OBSERVATION_RANGE,weather\tw_weather_2026-05-01.sqlite3,weather_observations,,,,,,,,,,0,0,0,0,0,,,,,,,False,exact_activity_window; no station synthesized when evidence is unavailable,ACTIVITY_WINDOW_OUTSIDE_WEATHER_OBSERVATION_RANGE,False,Missing weather remains missing; no zero or calm fallback is created.
ib3w_activity_environment_window_adapter_v1,qixing_lengshuikeng_full26_backend_2024_v1,qixing_lengshuikeng_main_peak_20260523_osmrefresh_v1_3b,qixing_lengshuikeng_29_1,backend_activity_csv,outputs\ib3a_rc_backend_activity_enriched_v1l2_osm_radar_evidence_qixing_lengshuikeng_full26\qixing_lengshuikeng_29_1_backend_activity_enriched_v1l2_osm_radar_evidence.csv,2024-08-24T01:22:26+00:00,2024-08-24T03:29:14+00:00,126.8,garmin_seconds,precipitation_10min_mm,MISSING,ACTIVITY_WINDOW_OUTSIDE_WEATHER_OBSERVATION_RANGE,weather\tw_weather_2026-05-01.sqlite3,weather_observations,,,,,,,,,,0,0,0,0,0,,,,,,,False,exact_activity_window; no station synthesized when evidence is unavailable,ACTIVITY_WINDOW_OUTSIDE_WEATHER_OBSERVATION_RANGE,False,Missing weather remains missing; no zero or calm fallback is created.
ib3w_activity_environment_window_adapter_v1,qixing_lengshuikeng_full26_backend_2024_v1,qixing_lengshuikeng_main_peak_20260523_osmrefresh_v1_3b,qixing_lengshuikeng_29_1,backend_activity_csv,outputs\ib3a_rc_backend_activity_enriched_v1l2_osm_radar_evidence_qixing_lengshuikeng_full26\qixing_lengshuikeng_29_1_backend_activity_enriched_v1l2_osm_radar_evidence.csv,2024-08-24T01:22:26+00:00,2024-08-24T03:29:14+00:00,126.8,garmin_seconds,precipitation_1hr_mm,MISSING,ACTIVITY_WINDOW_OUTSIDE_WEATHER_OBSERVATION_RANGE,weather\tw_weather_2026-05-01.sqlite3,weather_observations,,,,,,,,,,0,0,0,0,0,,,,,,,False,exact_activity_window; no station synthesized when evidence is unavailable,ACTIVITY_WINDOW_OUTSIDE_WEATHER_OBSERVATION_RANGE,False,Missing weather remains missing; no zero or calm fallback is created.
ib3w_activity_environment_window_adapter_v1,qixing_lengshuikeng_full26_backend_2024_v1,qixing_lengshuikeng_main_peak_20260523_osmrefresh_v1_3b,qixing_lengshuikeng_29_1,backend_activity_csv,outputs\ib3a_rc_backend_activity_enriched_v1l2_osm_radar_evidence_qixing_lengshuikeng_full26\qixing_lengshuikeng_29_1_backend_activity_enriched_v1l2_osm_radar_evidence.csv,2024-08-24T01:22:26+00:00,2024-08-24T03:29:14+00:00,126.8,garmin_seconds,temperature_c,MISSING,ACTIVITY_WINDOW_OUTSIDE_WEATHER_OBSERVATION_RANGE,weather\tw_weather_2026-05-01.sqlite3,weather_observations,,,,,,,,,,0,0,0,0,0,,,,,,,False,exact_activity_window; no station synthesized when evidence is unavailable,ACTIVITY_WINDOW_OUTSIDE_WEATHER_OBSERVATION_RANGE,False,Missing weather remains missing; no zero or calm fallback is created.
ib3w_activity_environment_window_adapter_v1,qixing_lengshuikeng_full26_backend_2024_v1,qixing_lengshuikeng_main_peak_20260523_osmrefresh_v1_3b,qixing_lengshuikeng_29_1,backend_activity_csv,outputs\ib3a_rc_backend_activity_enriched_v1l2_osm_radar_evidence_qixing_lengshuikeng_full26\qixing_lengshuikeng_29_1_backend_activity_enriched_v1l2_osm_radar_evidence.csv,2024-08-24T01:22:26+00:00,2024-08-24T03:29:14+00:00,126.8,garmin_seconds,relative_humidity_pct,MISSING,ACTIVITY_WINDOW_OUTSIDE_WEATHER_OBSERVATION_RANGE,weather\tw_weather_2026-05-01.sqlite3,weather_observations,,,,,,,,,,0,0,0,0,0,,,,,,,False,exact_activity_window; no station synthesized when evidence is unavailable,ACTIVITY_WINDOW_OUTSIDE_WEATHER_OBSERVATION_RANGE,False,Missing weather remains missing; no zero or calm fallback is created.
ib3w_activity_environment_window_adapter_v1,qixing_lengshuikeng_full26_backend_2024_v1,qixing_lengshuikeng_main_peak_20260523_osmrefresh_v1_3b,qixing_lengshuikeng_29_1,backend_activity_csv,outputs\ib3a_rc_backend_activity_enriched_v1l2_osm_radar_evidence_qixing_lengshuikeng_full26\qixing_lengshuikeng_29_1_backend_activity_enriched_v1l2_osm_radar_evidence.csv,2024-08-24T01:22:26+00:00,2024-08-24T03:29:14+00:00,126.8,garmin_seconds,wind_speed_ms,MISSING,ACTIVITY_WINDOW_OUTSIDE_WEATHER_OBSERVATION_RANGE,weather\tw_weather_2026-05-01.sqlite3,weather_observations,,,,,,,,,,0,0,0,0,0,,,,,,,False,exact_activity_window; no station synthesized when evidence is unavailable,ACTIVITY_WINDOW_OUTSIDE_WEATHER_OBSERVATION_RANGE,False,Missing weather remains missing; no zero or calm fallback is created.
ib3w_activity_environment_window_adapter_v1,qixing_lengshuikeng_full26_backend_2024_v1,qixing_lengshuikeng_main_peak_20260523_osmrefresh_v1_3b,qixing_lengshuikeng_29_1,backend_activity_csv,outputs\ib3a_rc_backend_activity_enriched_v1l2_osm_radar_evidence_qixing_lengshuikeng_full26\qixing_lengshuikeng_29_1_backend_activity_enriched_v1l2_osm_radar_evidence.csv,2024-08-24T01:22:26+00:00,2024-08-24T03:29:14+00:00,126.8,garmin_seconds,wind_direction_deg,MISSING,ACTIVITY_WINDOW_OUTSIDE_WEATHER_OBSERVATION_RANGE,weather\tw_weather_2026-05-01.sqlite3,weather_observations,,,,,,,,,,0,0,0,0,0,,,,,,,False,exact_activity_window; no station synthesized when evidence is unavailable,ACTIVITY_WINDOW_OUTSIDE_WEATHER_OBSERVATION_RANGE,False,Missing weather remains missing; no zero or calm fallback is created.
ib3w_activity_environment_window_adapter_v1,qixing_lengshuikeng_full26_backend_2024_v1,qixing_lengshuikeng_main_peak_20260523_osmrefresh_v1_3b,qixing_lengshuikeng_29_1,backend_activity_csv,outputs\ib3a_rc_backend_activity_enriched_v1l2_osm_radar_evidence_qixing_lengshuikeng_full26\qixing_lengshuikeng_29_1_backend_activity_enriched_v1l2_osm_radar_evidence.csv,2024-08-24T01:22:26+00:00,2024-08-24T03:29:14+00:00,126.8,garmin_seconds,pressure_hpa,MISSING,ACTIVITY_WINDOW_OUTSIDE_WEATHER_OBSERVATION_RANGE,weather\tw_weather_2026-05-01.sqlite3,weather_observations,,,,,,,,,,0,0,0,0,0,,,,,,,False,exact_activity_window; no station synthesized when evidence is unavailable,ACTIVITY_WINDOW_OUTSIDE_WEATHER_OBSERVATION_RANGE,False,Missing weather remains missing; no zero or calm fallback is created.
ib3w_activity_environment_window_adapter_v1,qixing_lengshuikeng_full26_backend_2024_v1,qixing_lengshuikeng_main_peak_20260523_osmrefresh_v1_3b,qixing_lengshuikeng_29_1,backend_activity_csv,outputs\ib3a_rc_backend_activity_enriched_v1l2_osm_radar_evidence_qixing_lengshuikeng_full26\qixing_lengshuikeng_29_1_backend_activity_enriched_v1l2_osm_radar_evidence.csv,2024-08-24T01:22:26+00:00,2024-08-24T03:29:14+00:00,126.8,garmin_seconds,visibility_m,MISSING,ACTIVITY_WINDOW_OUTSIDE_WEATHER_OBSERVATION_RANGE,weather\tw_weather_2026-05-01.sqlite3,weather_observations,,,,,,,,,,0,0,0,0,0,,,,,,,False,exact_activity_window; no station synthesized when evidence is unavailable,ACTIVITY_WINDOW_OUTSIDE_WEATHER_OBSERVATION_RANGE,False,Missing weather remains missing; no zero or calm fallback is created.
ib3w_activity_environment_window_adapter_v1,qixing_lengshuikeng_full26_backend_2024_v1,qixing_lengshuikeng_main_peak_20260523_osmrefresh_v1_3b,qixing_lengshuikeng_29_1,backend_activity_csv,outputs\ib3a_rc_backend_activity_enriched_v1l2_osm_radar_evidence_qixing_lengshuikeng_full26\qixing_lengshuikeng_29_1_backend_activity_enriched_v1l2_osm_radar_evidence.csv,2024-08-24T01:22:26+00:00,2024-08-24T03:29:14+00:00,126.8,garmin_seconds,weather,MISSING,ACTIVITY_WINDOW_OUTSIDE_WEATHER_OBSERVATION_RANGE,weather\tw_weather_2026-05-01.sqlite3,weather_observations,,,,,,,,,,0,0,0,0,0,,,,,,,False,exact_activity_window; no station synthesized when evidence is unavailable,ACTIVITY_WINDOW_OUTSIDE_WEATHER_OBSERVATION_RANGE,False,Missing weather remains missing; no zero or calm fallback is created.
ib3w_activity_environment_window_adapter_v1,qixing_lengshuikeng_full26_backend_2024_v1,qixing_lengshuikeng_main_peak_20260523_osmrefresh_v1_3b,qixing_lengshuikeng_30_1,backend_activity_csv,outputs\ib3a_rc_backend_activity_enriched_v1l2_osm_radar_evidence_qixing_lengshuikeng_full26\qixing_lengshuikeng_30_1_backend_activity_enriched_v1l2_osm_radar_evidence.csv,2024-08-04T00:24:51+00:00,2024-08-04T02:31:41+00:00,126.833,garmin_seconds,precipitation_mm,MISSING,ACTIVITY_WINDOW_OUTSIDE_WEATHER_OBSERVATION_RANGE,weather\tw_weather_2026-05-01.sqlite3,weather_observations,,,,,,,,,,0,0,0,0,0,,,,,,,False,exact_activity_window; no station synthesized when evidence is unavailable,ACTIVITY_WINDOW_OUTSIDE_WEATHER_OBSERVATION_RANGE,False,Missing weather remains missing; no zero or calm fallback is created.
ib3w_activity_environment_window_adapter_v1,qixing_lengshuikeng_full26_backend_2024_v1,qixing_lengshuikeng_main_peak_20260523_osmrefresh_v1_3b,qixing_lengshuikeng_30_1,backend_activity_csv,outputs\ib3a_rc_backend_activity_enriched_v1l2_osm_radar_evidence_qixing_lengshuikeng_full26\qixing_lengshuikeng_30_1_backend_activity_enriched_v1l2_osm_radar_evidence.csv,2024-08-04T00:24:51+00:00,2024-08-04T02:31:41+00:00,126.833,garmin_seconds,precipitation_10min_mm,MISSING,ACTIVITY_WINDOW_OUTSIDE_WEATHER_OBSERVATION_RANGE,weather\tw_weather_2026-05-01.sqlite3,weather_observations,,,,,,,,,,0,0,0,0,0,,,,,,,False,exact_activity_window; no station synthesized when evidence is unavailable,ACTIVITY_WINDOW_OUTSIDE_WEATHER_OBSERVATION_RANGE,False,Missing weather remains missing; no zero or calm fallback is created.
ib3w_activity_environment_window_adapter_v1,qixing_lengshuikeng_full26_backend_2024_v1,qixing_lengshuikeng_main_peak_20260523_osmrefresh_v1_3b,qixing_lengshuikeng_30_1,backend_activity_csv,outputs\ib3a_rc_backend_activity_enriched_v1l2_osm_radar_evidence_qixing_lengshuikeng_full26\qixing_lengshuikeng_30_1_backend_activity_enriched_v1l2_osm_radar_evidence.csv,2024-08-04T00:24:51+00:00,2024-08-04T02:31:41+00:00,126.833,garmin_seconds,precipitation_1hr_mm,MISSING,ACTIVITY_WINDOW_OUTSIDE_WEATHER_OBSERVATION_RANGE,weather\tw_weather_2026-05-01.sqlite3,weather_observations,,,,,,,,,,0,0,0,0,0,,,,,,,False,exact_activity_window; no station synthesized when evidence is unavailable,ACTIVITY_WINDOW_OUTSIDE_WEATHER_OBSERVATION_RANGE,False,Missing weather remains missing; no zero or calm fallback is created.
ib3w_activity_environment_window_adapter_v1,qixing_lengshuikeng_full26_backend_2024_v1,qixing_lengshuikeng_main_peak_20260523_osmrefresh_v1_3b,qixing_lengshuikeng_30_1,backend_activity_csv,outputs\ib3a_rc_backend_activity_enriched_v1l2_osm_radar_evidence_qixing_lengshuikeng_full26\qixing_lengshuikeng_30_1_backend_activity_enriched_v1l2_osm_radar_evidence.csv,2024-08-04T00:24:51+00:00,2024-08-04T02:31:41+00:00,126.833,garmin_seconds,temperature_c,MISSING,ACTIVITY_WINDOW_OUTSIDE_WEATHER_OBSERVATION_RANGE,weather\tw_weather_2026-05-01.sqlite3,weather_observations,,,,,,,,,,0,0,0,0,0,,,,,,,False,exact_activity_window; no station synthesized when evidence is unavailable,ACTIVITY_WINDOW_OUTSIDE_WEATHER_OBSERVATION_RANGE,False,Missing weather remains missing; no zero or calm fallback is created.
ib3w_activity_environment_window_adapter_v1,qixing_lengshuikeng_full26_backend_2024_v1,qixing_lengshuikeng_main_peak_20260523_osmrefresh_v1_3b,qixing_lengshuikeng_30_1,backend_activity_csv,outputs\ib3a_rc_backend_activity_enriched_v1l2_osm_radar_evidence_qixing_lengshuikeng_full26\qixing_lengshuikeng_30_1_backend_activity_enriched_v1l2_osm_radar_evidence.csv,2024-08-04T00:24:51+00:00,2024-08-04T02:31:41+00:00,126.833,garmin_seconds,relative_humidity_pct,MISSING,ACTIVITY_WINDOW_OUTSIDE_WEATHER_OBSERVATION_RANGE,weather\tw_weather_2026-05-01.sqlite3,weather_observations,,,,,,,,,,0,0,0,0,0,,,,,,,False,exact_activity_window; no station synthesized when evidence is unavailable,ACTIVITY_WINDOW_OUTSIDE_WEATHER_OBSERVATION_RANGE,False,Missing weather remains missing; no zero or calm fallback is created.
ib3w_activity_environment_window_adapter_v1,qixing_lengshuikeng_full26_backend_2024_v1,qixing_lengshuikeng_main_peak_20260523_osmrefresh_v1_3b,qixing_lengshuikeng_30_1,backend_activity_csv,outputs\ib3a_rc_backend_activity_enriched_v1l2_osm_radar_evidence_qixing_lengshuikeng_full26\qixing_lengshuikeng_30_1_backend_activity_enriched_v1l2_osm_radar_evidence.csv,2024-08-04T00:24:51+00:00,2024-08-04T02:31:41+00:00,126.833,garmin_seconds,wind_speed_ms,MISSING,ACTIVITY_WINDOW_OUTSIDE_WEATHER_OBSERVATION_RANGE,weather\tw_weather_2026-05-01.sqlite3,weather_observations,,,,,,,,,,0,0,0,0,0,,,,,,,False,exact_activity_window; no station synthesized when evidence is unavailable,ACTIVITY_WINDOW_OUTSIDE_WEATHER_OBSERVATION_RANGE,False,Missing weather remains missing; no zero or calm fallback is created.
ib3w_activity_environment_window_adapter_v1,qixing_lengshuikeng_full26_backend_2024_v1,qixing_lengshuikeng_main_peak_20260523_osmrefresh_v1_3b,qixing_lengshuikeng_30_1,backend_activity_csv,outputs\ib3a_rc_backend_activity_enriched_v1l2_osm_radar_evidence_qixing_lengshuikeng_full26\qixing_lengshuikeng_30_1_backend_activity_enriched_v1l2_osm_radar_evidence.csv,2024-08-04T00:24:51+00:00,2024-08-04T02:31:41+00:00,126.833,garmin_seconds,wind_direction_deg,MISSING,ACTIVITY_WINDOW_OUTSIDE_WEATHER_OBSERVATION_RANGE,weather\tw_weather_2026-05-01.sqlite3,weather_observations,,,,,,,,,,0,0,0,0,0,,,,,,,False,exact_activity_window; no station synthesized when evidence is unavailable,ACTIVITY_WINDOW_OUTSIDE_WEATHER_OBSERVATION_RANGE,False,Missing weather remains missing; no zero or calm fallback is created.
ib3w_activity_environment_window_adapter_v1,qixing_lengshuikeng_full26_backend_2024_v1,qixing_lengshuikeng_main_peak_20260523_osmrefresh_v1_3b,qixing_lengshuikeng_30_1,backend_activity_csv,outputs\ib3a_rc_backend_activity_enriched_v1l2_osm_radar_evidence_qixing_lengshuikeng_full26\qixing_lengshuikeng_30_1_backend_activity_enriched_v1l2_osm_radar_evidence.csv,2024-08-04T00:24:51+00:00,2024-08-04T02:31:41+00:00,126.833,garmin_seconds,pressure_hpa,MISSING,ACTIVITY_WINDOW_OUTSIDE_WEATHER_OBSERVATION_RANGE,weather\tw_weather_2026-05-01.sqlite3,weather_observations,,,,,,,,,,0,0,0,0,0,,,,,,,False,exact_activity_window; no station synthesized when evidence is unavailable,ACTIVITY_WINDOW_OUTSIDE_WEATHER_OBSERVATION_RANGE,False,Missing weather remains missing; no zero or calm fallback is created.
ib3w_activity_environment_window_adapter_v1,qixing_lengshuikeng_full26_backend_2024_v1,qixing_lengshuikeng_main_peak_20260523_osmrefresh_v1_3b,qixing_lengshuikeng_30_1,backend_activity_csv,outputs\ib3a_rc_backend_activity_enriched_v1l2_osm_radar_evidence_qixing_lengshuikeng_full26\qixing_lengshuikeng_30_1_backend_activity_enriched_v1l2_osm_radar_evidence.csv,2024-08-04T00:24:51+00:00,2024-08-04T02:31:41+00:00,126.833,garmin_seconds,visibility_m,MISSING,ACTIVITY_WINDOW_OUTSIDE_WEATHER_OBSERVATION_RANGE,weather\tw_weather_2026-05-01.sqlite3,weather_observations,,,,,,,,,,0,0,0,0,0,,,,,,,False,exact_activity_window; no station synthesized when evidence is unavailable,ACTIVITY_WINDOW_OUTSIDE_WEATHER_OBSERVATION_RANGE,False,Missing weather remains missing; no zero or calm fallback is created.
ib3w_activity_environment_window_adapter_v1,qixing_lengshuikeng_full26_backend_2024_v1,qixing_lengshuikeng_main_peak_20260523_osmrefresh_v1_3b,qixing_lengshuikeng_30_1,backend_activity_csv,outputs\ib3a_rc_backend_activity_enriched_v1l2_osm_radar_evidence_qixing_lengshuikeng_full26\qixing_lengshuikeng_30_1_backend_activity_enriched_v1l2_osm_radar_evidence.csv,2024-08-04T00:24:51+00:00,2024-08-04T02:31:41+00:00,126.833,garmin_seconds,weather,MISSING,ACTIVITY_WINDOW_OUTSIDE_WEATHER_OBSERVATION_RANGE,weather\tw_weather_2026-05-01.sqlite3,weather_observations,,,,,,,,,,0,0,0,0,0,,,,,,,False,exact_activity_window; no station synthesized when evidence is unavailable,ACTIVITY_WINDOW_OUTSIDE_WEATHER_OBSERVATION_RANGE,False,Missing weather remains missing; no zero or calm fallback is created.
ib3w_activity_environment_window_adapter_v1,qixing_lengshuikeng_full26_backend_2024_v1,qixing_lengshuikeng_main_peak_20260523_osmrefresh_v1_3b,qixing_lengshuikeng_33_1,backend_activity_csv,outputs\ib3a_rc_backend_activity_enriched_v1l2_osm_radar_evidence_qixing_lengshuikeng_full26\qixing_lengshuikeng_33_1_backend_activity_enriched_v1l2_osm_radar_evidence.csv,2024-08-25T00:53:06+00:00,2024-08-25T02:42:28+00:00,109.367,garmin_seconds,precipitation_mm,MISSING,ACTIVITY_WINDOW_OUTSIDE_WEATHER_OBSERVATION_RANGE,weather\tw_weather_2026-05-01.sqlite3,weather_observations,,,,,,,,,,0,0,0,0,0,,,,,,,False,exact_activity_window; no station synthesized when evidence is unavailable,ACTIVITY_WINDOW_OUTSIDE_WEATHER_OBSERVATION_RANGE,False,Missing weather remains missing; no zero or calm fallback is created.
ib3w_activity_environment_window_adapter_v1,qixing_lengshuikeng_full26_backend_2024_v1,qixing_lengshuikeng_main_peak_20260523_osmrefresh_v1_3b,qixing_lengshuikeng_33_1,backend_activity_csv,outputs\ib3a_rc_backend_activity_enriched_v1l2_osm_radar_evidence_qixing_lengshuikeng_full26\qixing_lengshuikeng_33_1_backend_activity_enriched_v1l2_osm_radar_evidence.csv,2024-08-25T00:53:06+00:00,2024-08-25T02:42:28+00:00,109.367,garmin_seconds,precipitation_10min_mm,MISSING,ACTIVITY_WINDOW_OUTSIDE_WEATHER_OBSERVATION_RANGE,weather\tw_weather_2026-05-01.sqlite3,weather_observations,,,,,,,,,,0,0,0,0,0,,,,,,,False,exact_activity_window; no station synthesized when evidence is unavailable,ACTIVITY_WINDOW_OUTSIDE_WEATHER_OBSERVATION_RANGE,False,Missing weather remains missing; no zero or calm fallback is created.
ib3w_activity_environment_window_adapter_v1,qixing_lengshuikeng_full26_backend_2024_v1,qixing_lengshuikeng_main_peak_20260523_osmrefresh_v1_3b,qixing_lengshuikeng_33_1,backend_activity_csv,outputs\ib3a_rc_backend_activity_enriched_v1l2_osm_radar_evidence_qixing_lengshuikeng_full26\qixing_lengshuikeng_33_1_backend_activity_enriched_v1l2_osm_radar_evidence.csv,2024-08-25T00:53:06+00:00,2024-08-25T02:42:28+00:00,109.367,garmin_seconds,precipitation_1hr_mm,MISSING,ACTIVITY_WINDOW_OUTSIDE_WEATHER_OBSERVATION_RANGE,weather\tw_weather_2026-05-01.sqlite3,weather_observations,,,,,,,,,,0,0,0,0,0,,,,,,,False,exact_activity_window; no station synthesized when evidence is unavailable,ACTIVITY_WINDOW_OUTSIDE_WEATHER_OBSERVATION_RANGE,False,Missing weather remains missing; no zero or calm fallback is created.
ib3w_activity_environment_window_adapter_v1,qixing_lengshuikeng_full26_backend_2024_v1,qixing_lengshuikeng_main_peak_20260523_osmrefresh_v1_3b,qixing_lengshuikeng_33_1,backend_activity_csv,outputs\ib3a_rc_backend_activity_enriched_v1l2_osm_radar_evidence_qixing_lengshuikeng_full26\qixing_lengshuikeng_33_1_backend_activity_enriched_v1l2_osm_radar_evidence.csv,2024-08-25T00:53:06+00:00,2024-08-25T02:42:28+00:00,109.367,garmin_seconds,temperature_c,MISSING,ACTIVITY_WINDOW_OUTSIDE_WEATHER_OBSERVATION_RANGE,weather\tw_weather_2026-05-01.sqlite3,weather_observations,,,,,,,,,,0,0,0,0,0,,,,,,,False,exact_activity_window; no station synthesized when evidence is unavailable,ACTIVITY_WINDOW_OUTSIDE_WEATHER_OBSERVATION_RANGE,False,Missing weather remains missing; no zero or calm fallback is created.
ib3w_activity_environment_window_adapter_v1,qixing_lengshuikeng_full26_backend_2024_v1,qixing_lengshuikeng_main_peak_20260523_osmrefresh_v1_3b,qixing_lengshuikeng_33_1,backend_activity_csv,outputs\ib3a_rc_backend_activity_enriched_v1l2_osm_radar_evidence_qixing_lengshuikeng_full26\qixing_lengshuikeng_33_1_backend_activity_enriched_v1l2_osm_radar_evidence.csv,2024-08-25T00:53:06+00:00,2024-08-25T02:42:28+00:00,109.367,garmin_seconds,relative_humidity_pct,MISSING,ACTIVITY_WINDOW_OUTSIDE_WEATHER_OBSERVATION_RANGE,weather\tw_weather_2026-05-01.sqlite3,weather_observations,,,,,,,,,,0,0,0,0,0,,,,,,,False,exact_activity_window; no station synthesized when evidence is unavailable,ACTIVITY_WINDOW_OUTSIDE_WEATHER_OBSERVATION_RANGE,False,Missing weather remains missing; no zero or calm fallback is created.
ib3w_activity_environment_window_adapter_v1,qixing_lengshuikeng_full26_backend_2024_v1,qixing_lengshuikeng_main_peak_20260523_osmrefresh_v1_3b,qixing_lengshuikeng_33_1,backend_activity_csv,outputs\ib3a_rc_backend_activity_enriched_v1l2_osm_radar_evidence_qixing_lengshuikeng_full26\qixing_lengshuikeng_33_1_backend_activity_enriched_v1l2_osm_radar_evidence.csv,2024-08-25T00:53:06+00:00,2024-08-25T02:42:28+00:00,109.367,garmin_seconds,wind_speed_ms,MISSING,ACTIVITY_WINDOW_OUTSIDE_WEATHER_OBSERVATION_RANGE,weather\tw_weather_2026-05-01.sqlite3,weather_observations,,,,,,,,,,0,0,0,0,0,,,,,,,False,exact_activity_window; no station synthesized when evidence is unavailable,ACTIVITY_WINDOW_OUTSIDE_WEATHER_OBSERVATION_RANGE,False,Missing weather remains missing; no zero or calm fallback is created.
ib3w_activity_environment_window_adapter_v1,qixing_lengshuikeng_full26_backend_2024_v1,qixing_lengshuikeng_main_peak_20260523_osmrefresh_v1_3b,qixing_lengshuikeng_33_1,backend_activity_csv,outputs\ib3a_rc_backend_activity_enriched_v1l2_osm_radar_evidence_qixing_lengshuikeng_full26\qixing_lengshuikeng_33_1_backend_activity_enriched_v1l2_osm_radar_evidence.csv,2024-08-25T00:53:06+00:00,2024-08-25T02:42:28+00:00,109.367,garmin_seconds,wind_direction_deg,MISSING,ACTIVITY_WINDOW_OUTSIDE_WEATHER_OBSERVATION_RANGE,weather\tw_weather_2026-05-01.sqlite3,weather_observations,,,,,,,,,,0,0,0,0,0,,,,,,,False,exact_activity_window; no station synthesized when evidence is unavailable,ACTIVITY_WINDOW_OUTSIDE_WEATHER_OBSERVATION_RANGE,False,Missing weather remains missing; no zero or calm fallback is created.
ib3w_activity_environment_window_adapter_v1,qixing_lengshuikeng_full26_backend_2024_v1,qixing_lengshuikeng_main_peak_20260523_osmrefresh_v1_3b,qixing_lengshuikeng_33_1,backend_activity_csv,outputs\ib3a_rc_backend_activity_enriched_v1l2_osm_radar_evidence_qixing_lengshuikeng_full26\qixing_lengshuikeng_33_1_backend_activity_enriched_v1l2_osm_radar_evidence.csv,2024-08-25T00:53:06+00:00,2024-08-25T02:42:28+00:00,109.367,garmin_seconds,pressure_hpa,MISSING,ACTIVITY_WINDOW_OUTSIDE_WEATHER_OBSERVATION_RANGE,weather\tw_weather_2026-05-01.sqlite3,weather_observations,,,,,,,,,,0,0,0,0,0,,,,,,,False,exact_activity_window; no station synthesized when evidence is unavailable,ACTIVITY_WINDOW_OUTSIDE_WEATHER_OBSERVATION_RANGE,False,Missing weather remains missing; no zero or calm fallback is created.
ib3w_activity_environment_window_adapter_v1,qixing_lengshuikeng_full26_backend_2024_v1,qixing_lengshuikeng_main_peak_20260523_osmrefresh_v1_3b,qixing_lengshuikeng_33_1,backend_activity_csv,outputs\ib3a_rc_backend_activity_enriched_v1l2_osm_radar_evidence_qixing_lengshuikeng_full26\qixing_lengshuikeng_33_1_backend_activity_enriched_v1l2_osm_radar_evidence.csv,2024-08-25T00:53:06+00:00,2024-08-25T02:42:28+00:00,109.367,garmin_seconds,visibility_m,MISSING,ACTIVITY_WINDOW_OUTSIDE_WEATHER_OBSERVATION_RANGE,weather\tw_weather_2026-05-01.sqlite3,weather_observations,,,,,,,,,,0,0,0,0,0,,,,,,,False,exact_activity_window; no station synthesized when evidence is unavailable,ACTIVITY_WINDOW_OUTSIDE_WEATHER_OBSERVATION_RANGE,False,Missing weather remains missing; no zero or calm fallback is created.
ib3w_activity_environment_window_adapter_v1,qixing_lengshuikeng_full26_backend_2024_v1,qixing_lengshuikeng_main_peak_20260523_osmrefresh_v1_3b,qixing_lengshuikeng_33_1,backend_activity_csv,outputs\ib3a_rc_backend_activity_enriched_v1l2_osm_radar_evidence_qixing_lengshuikeng_full26\qixing_lengshuikeng_33_1_backend_activity_enriched_v1l2_osm_radar_evidence.csv,2024-08-25T00:53:06+00:00,2024-08-25T02:42:28+00:00,109.367,garmin_seconds,weather,MISSING,ACTIVITY_WINDOW_OUTSIDE_WEATHER_OBSERVATION_RANGE,weather\tw_weather_2026-05-01.sqlite3,weather_observations,,,,,,,,,,0,0,0,0,0,,,,,,,False,exact_activity_window; no station synthesized when evidence is unavailable,ACTIVITY_WINDOW_OUTSIDE_WEATHER_OBSERVATION_RANGE,False,Missing weather remains missing; no zero or calm fallback is created.
ib3w_activity_environment_window_adapter_v1,qixing_lengshuikeng_full26_backend_2024_v1,qixing_lengshuikeng_main_peak_20260523_osmrefresh_v1_3b,qixing_lengshuikeng_35_1,backend_activity_csv,outputs\ib3a_rc_backend_activity_enriched_v1l2_osm_radar_evidence_qixing_lengshuikeng_full26\qixing_lengshuikeng_35_1_backend_activity_enriched_v1l2_osm_radar_evidence.csv,2024-08-04T00:25:39+00:00,2024-08-04T02:31:28+00:00,125.817,garmin_seconds,precipitation_mm,MISSING,ACTIVITY_WINDOW_OUTSIDE_WEATHER_OBSERVATION_RANGE,weather\tw_weather_2026-05-01.sqlite3,weather_observations,,,,,,,,,,0,0,0,0,0,,,,,,,False,exact_activity_window; no station synthesized when evidence is unavailable,ACTIVITY_WINDOW_OUTSIDE_WEATHER_OBSERVATION_RANGE,False,Missing weather remains missing; no zero or calm fallback is created.
ib3w_activity_environment_window_adapter_v1,qixing_lengshuikeng_full26_backend_2024_v1,qixing_lengshuikeng_main_peak_20260523_osmrefresh_v1_3b,qixing_lengshuikeng_35_1,backend_activity_csv,outputs\ib3a_rc_backend_activity_enriched_v1l2_osm_radar_evidence_qixing_lengshuikeng_full26\qixing_lengshuikeng_35_1_backend_activity_enriched_v1l2_osm_radar_evidence.csv,2024-08-04T00:25:39+00:00,2024-08-04T02:31:28+00:00,125.817,garmin_seconds,precipitation_10min_mm,MISSING,ACTIVITY_WINDOW_OUTSIDE_WEATHER_OBSERVATION_RANGE,weather\tw_weather_2026-05-01.sqlite3,weather_observations,,,,,,,,,,0,0,0,0,0,,,,,,,False,exact_activity_window; no station synthesized when evidence is unavailable,ACTIVITY_WINDOW_OUTSIDE_WEATHER_OBSERVATION_RANGE,False,Missing weather remains missing; no zero or calm fallback is created.
ib3w_activity_environment_window_adapter_v1,qixing_lengshuikeng_full26_backend_2024_v1,qixing_lengshuikeng_main_peak_20260523_osmrefresh_v1_3b,qixing_lengshuikeng_35_1,backend_activity_csv,outputs\ib3a_rc_backend_activity_enriched_v1l2_osm_radar_evidence_qixing_lengshuikeng_full26\qixing_lengshuikeng_35_1_backend_activity_enriched_v1l2_osm_radar_evidence.csv,2024-08-04T00:25:39+00:00,2024-08-04T02:31:28+00:00,125.817,garmin_seconds,precipitation_1hr_mm,MISSING,ACTIVITY_WINDOW_OUTSIDE_WEATHER_OBSERVATION_RANGE,weather\tw_weather_2026-05-01.sqlite3,weather_observations,,,,,,,,,,0,0,0,0,0,,,,,,,False,exact_activity_window; no station synthesized when evidence is unavailable,ACTIVITY_WINDOW_OUTSIDE_WEATHER_OBSERVATION_RANGE,False,Missing weather remains missing; no zero or calm fallback is created.
ib3w_activity_environment_window_adapter_v1,qixing_lengshuikeng_full26_backend_2024_v1,qixing_lengshuikeng_main_peak_20260523_osmrefresh_v1_3b,qixing_lengshuikeng_35_1,backend_activity_csv,outputs\ib3a_rc_backend_activity_enriched_v1l2_osm_radar_evidence_qixing_lengshuikeng_full26\qixing_lengshuikeng_35_1_backend_activity_enriched_v1l2_osm_radar_evidence.csv,2024-08-04T00:25:39+00:00,2024-08-04T02:31:28+00:00,125.817,garmin_seconds,temperature_c,MISSING,ACTIVITY_WINDOW_OUTSIDE_WEATHER_OBSERVATION_RANGE,weather\tw_weather_2026-05-01.sqlite3,weather_observations,,,,,,,,,,0,0,0,0,0,,,,,,,False,exact_activity_window; no station synthesized when evidence is unavailable,ACTIVITY_WINDOW_OUTSIDE_WEATHER_OBSERVATION_RANGE,False,Missing weather remains missing; no zero or calm fallback is created.
ib3w_activity_environment_window_adapter_v1,qixing_lengshuikeng_full26_backend_2024_v1,qixing_lengshuikeng_main_peak_20260523_osmrefresh_v1_3b,qixing_lengshuikeng_35_1,backend_activity_csv,outputs\ib3a_rc_backend_activity_enriched_v1l2_osm_radar_evidence_qixing_lengshuikeng_full26\qixing_lengshuikeng_35_1_backend_activity_enriched_v1l2_osm_radar_evidence.csv,2024-08-04T00:25:39+00:00,2024-08-04T02:31:28+00:00,125.817,garmin_seconds,relative_humidity_pct,MISSING,ACTIVITY_WINDOW_OUTSIDE_WEATHER_OBSERVATION_RANGE,weather\tw_weather_2026-05-01.sqlite3,weather_observations,,,,,,,,,,0,0,0,0,0,,,,,,,False,exact_activity_window; no station synthesized when evidence is unavailable,ACTIVITY_WINDOW_OUTSIDE_WEATHER_OBSERVATION_RANGE,False,Missing weather remains missing; no zero or calm fallback is created.
ib3w_activity_environment_window_adapter_v1,qixing_lengshuikeng_full26_backend_2024_v1,qixing_lengshuikeng_main_peak_20260523_osmrefresh_v1_3b,qixing_lengshuikeng_35_1,backend_activity_csv,outputs\ib3a_rc_backend_activity_enriched_v1l2_osm_radar_evidence_qixing_lengshuikeng_full26\qixing_lengshuikeng_35_1_backend_activity_enriched_v1l2_osm_radar_evidence.csv,2024-08-04T00:25:39+00:00,2024-08-04T02:31:28+00:00,125.817,garmin_seconds,wind_speed_ms,MISSING,ACTIVITY_WINDOW_OUTSIDE_WEATHER_OBSERVATION_RANGE,weather\tw_weather_2026-05-01.sqlite3,weather_observations,,,,,,,,,,0,0,0,0,0,,,,,,,False,exact_activity_window; no station synthesized when evidence is unavailable,ACTIVITY_WINDOW_OUTSIDE_WEATHER_OBSERVATION_RANGE,False,Missing weather remains missing; no zero or calm fallback is created.
ib3w_activity_environment_window_adapter_v1,qixing_lengshuikeng_full26_backend_2024_v1,qixing_lengshuikeng_main_peak_20260523_osmrefresh_v1_3b,qixing_lengshuikeng_35_1,backend_activity_csv,outputs\ib3a_rc_backend_activity_enriched_v1l2_osm_radar_evidence_qixing_lengshuikeng_full26\qixing_lengshuikeng_35_1_backend_activity_enriched_v1l2_osm_radar_evidence.csv,2024-08-04T00:25:39+00:00,2024-08-04T02:31:28+00:00,125.817,garmin_seconds,wind_direction_deg,MISSING,ACTIVITY_WINDOW_OUTSIDE_WEATHER_OBSERVATION_RANGE,weather\tw_weather_2026-05-01.sqlite3,weather_observations,,,,,,,,,,0,0,0,0,0,,,,,,,False,exact_activity_window; no station synthesized when evidence is unavailable,ACTIVITY_WINDOW_OUTSIDE_WEATHER_OBSERVATION_RANGE,False,Missing weather remains missing; no zero or calm fallback is created.
ib3w_activity_environment_window_adapter_v1,qixing_lengshuikeng_full26_backend_2024_v1,qixing_lengshuikeng_main_peak_20260523_osmrefresh_v1_3b,qixing_lengshuikeng_35_1,backend_activity_csv,outputs\ib3a_rc_backend_activity_enriched_v1l2_osm_radar_evidence_qixing_lengshuikeng_full26\qixing_lengshuikeng_35_1_backend_activity_enriched_v1l2_osm_radar_evidence.csv,2024-08-04T00:25:39+00:00,2024-08-04T02:31:28+00:00,125.817,garmin_seconds,pressure_hpa,MISSING,ACTIVITY_WINDOW_OUTSIDE_WEATHER_OBSERVATION_RANGE,weather\tw_weather_2026-05-01.sqlite3,weather_observations,,,,,,,,,,0,0,0,0,0,,,,,,,False,exact_activity_window; no station synthesized when evidence is unavailable,ACTIVITY_WINDOW_OUTSIDE_WEATHER_OBSERVATION_RANGE,False,Missing weather remains missing; no zero or calm fallback is created.
ib3w_activity_environment_window_adapter_v1,qixing_lengshuikeng_full26_backend_2024_v1,qixing_lengshuikeng_main_peak_20260523_osmrefresh_v1_3b,qixing_lengshuikeng_35_1,backend_activity_csv,outputs\ib3a_rc_backend_activity_enriched_v1l2_osm_radar_evidence_qixing_lengshuikeng_full26\qixing_lengshuikeng_35_1_backend_activity_enriched_v1l2_osm_radar_evidence.csv,2024-08-04T00:25:39+00:00,2024-08-04T02:31:28+00:00,125.817,garmin_seconds,visibility_m,MISSING,ACTIVITY_WINDOW_OUTSIDE_WEATHER_OBSERVATION_RANGE,weather\tw_weather_2026-05-01.sqlite3,weather_observations,,,,,,,,,,0,0,0,0,0,,,,,,,False,exact_activity_window; no station synthesized when evidence is unavailable,ACTIVITY_WINDOW_OUTSIDE_WEATHER_OBSERVATION_RANGE,False,Missing weather remains missing; no zero or calm fallback is created.
ib3w_activity_environment_window_adapter_v1,qixing_lengshuikeng_full26_backend_2024_v1,qixing_lengshuikeng_main_peak_20260523_osmrefresh_v1_3b,qixing_lengshuikeng_35_1,backend_activity_csv,outputs\ib3a_rc_backend_activity_enriched_v1l2_osm_radar_evidence_qixing_lengshuikeng_full26\qixing_lengshuikeng_35_1_backend_activity_enriched_v1l2_osm_radar_evidence.csv,2024-08-04T00:25:39+00:00,2024-08-04T02:31:28+00:00,125.817,garmin_seconds,weather,MISSING,ACTIVITY_WINDOW_OUTSIDE_WEATHER_OBSERVATION_RANGE,weather\tw_weather_2026-05-01.sqlite3,weather_observations,,,,,,,,,,0,0,0,0,0,,,,,,,False,exact_activity_window; no station synthesized when evidence is unavailable,ACTIVITY_WINDOW_OUTSIDE_WEATHER_OBSERVATION_RANGE,False,Missing weather remains missing; no zero or calm fallback is created.
ib3w_activity_environment_window_adapter_v1,qixing_lengshuikeng_full26_backend_2024_v1,qixing_lengshuikeng_main_peak_20260523_osmrefresh_v1_3b,qixing_lengshuikeng_36_1,backend_activity_csv,outputs\ib3a_rc_backend_activity_enriched_v1l2_osm_radar_evidence_qixing_lengshuikeng_full26\qixing_lengshuikeng_36_1_backend_activity_enriched_v1l2_osm_radar_evidence.csv,2024-08-04T00:23:14+00:00,2024-08-04T02:36:34+00:00,133.333,garmin_seconds,precipitation_mm,MISSING,ACTIVITY_WINDOW_OUTSIDE_WEATHER_OBSERVATION_RANGE,weather\tw_weather_2026-05-01.sqlite3,weather_observations,,,,,,,,,,0,0,0,0,0,,,,,,,False,exact_activity_window; no station synthesized when evidence is unavailable,ACTIVITY_WINDOW_OUTSIDE_WEATHER_OBSERVATION_RANGE,False,Missing weather remains missing; no zero or calm fallback is created.
ib3w_activity_environment_window_adapter_v1,qixing_lengshuikeng_full26_backend_2024_v1,qixing_lengshuikeng_main_peak_20260523_osmrefresh_v1_3b,qixing_lengshuikeng_36_1,backend_activity_csv,outputs\ib3a_rc_backend_activity_enriched_v1l2_osm_radar_evidence_qixing_lengshuikeng_full26\qixing_lengshuikeng_36_1_backend_activity_enriched_v1l2_osm_radar_evidence.csv,2024-08-04T00:23:14+00:00,2024-08-04T02:36:34+00:00,133.333,garmin_seconds,precipitation_10min_mm,MISSING,ACTIVITY_WINDOW_OUTSIDE_WEATHER_OBSERVATION_RANGE,weather\tw_weather_2026-05-01.sqlite3,weather_observations,,,,,,,,,,0,0,0,0,0,,,,,,,False,exact_activity_window; no station synthesized when evidence is unavailable,ACTIVITY_WINDOW_OUTSIDE_WEATHER_OBSERVATION_RANGE,False,Missing weather remains missing; no zero or calm fallback is created.
ib3w_activity_environment_window_adapter_v1,qixing_lengshuikeng_full26_backend_2024_v1,qixing_lengshuikeng_main_peak_20260523_osmrefresh_v1_3b,qixing_lengshuikeng_36_1,backend_activity_csv,outputs\ib3a_rc_backend_activity_enriched_v1l2_osm_radar_evidence_qixing_lengshuikeng_full26\qixing_lengshuikeng_36_1_backend_activity_enriched_v1l2_osm_radar_evidence.csv,2024-08-04T00:23:14+00:00,2024-08-04T02:36:34+00:00,133.333,garmin_seconds,precipitation_1hr_mm,MISSING,ACTIVITY_WINDOW_OUTSIDE_WEATHER_OBSERVATION_RANGE,weather\tw_weather_2026-05-01.sqlite3,weather_observations,,,,,,,,,,0,0,0,0,0,,,,,,,False,exact_activity_window; no station synthesized when evidence is unavailable,ACTIVITY_WINDOW_OUTSIDE_WEATHER_OBSERVATION_RANGE,False,Missing weather remains missing; no zero or calm fallback is created.
ib3w_activity_environment_window_adapter_v1,qixing_lengshuikeng_full26_backend_2024_v1,qixing_lengshuikeng_main_peak_20260523_osmrefresh_v1_3b,qixing_lengshuikeng_36_1,backend_activity_csv,outputs\ib3a_rc_backend_activity_enriched_v1l2_osm_radar_evidence_qixing_lengshuikeng_full26\qixing_lengshuikeng_36_1_backend_activity_enriched_v1l2_osm_radar_evidence.csv,2024-08-04T00:23:14+00:00,2024-08-04T02:36:34+00:00,133.333,garmin_seconds,temperature_c,MISSING,ACTIVITY_WINDOW_OUTSIDE_WEATHER_OBSERVATION_RANGE,weather\tw_weather_2026-05-01.sqlite3,weather_observations,,,,,,,,,,0,0,0,0,0,,,,,,,False,exact_activity_window; no station synthesized when evidence is unavailable,ACTIVITY_WINDOW_OUTSIDE_WEATHER_OBSERVATION_RANGE,False,Missing weather remains missing; no zero or calm fallback is created.
ib3w_activity_environment_window_adapter_v1,qixing_lengshuikeng_full26_backend_2024_v1,qixing_lengshuikeng_main_peak_20260523_osmrefresh_v1_3b,qixing_lengshuikeng_36_1,backend_activity_csv,outputs\ib3a_rc_backend_activity_enriched_v1l2_osm_radar_evidence_qixing_lengshuikeng_full26\qixing_lengshuikeng_36_1_backend_activity_enriched_v1l2_osm_radar_evidence.csv,2024-08-04T00:23:14+00:00,2024-08-04T02:36:34+00:00,133.333,garmin_seconds,relative_humidity_pct,MISSING,ACTIVITY_WINDOW_OUTSIDE_WEATHER_OBSERVATION_RANGE,weather\tw_weather_2026-05-01.sqlite3,weather_observations,,,,,,,,,,0,0,0,0,0,,,,,,,False,exact_activity_window; no station synthesized when evidence is unavailable,ACTIVITY_WINDOW_OUTSIDE_WEATHER_OBSERVATION_RANGE,False,Missing weather remains missing; no zero or calm fallback is created.
ib3w_activity_environment_window_adapter_v1,qixing_lengshuikeng_full26_backend_2024_v1,qixing_lengshuikeng_main_peak_20260523_osmrefresh_v1_3b,qixing_lengshuikeng_36_1,backend_activity_csv,outputs\ib3a_rc_backend_activity_enriched_v1l2_osm_radar_evidence_qixing_lengshuikeng_full26\qixing_lengshuikeng_36_1_backend_activity_enriched_v1l2_osm_radar_evidence.csv,2024-08-04T00:23:14+00:00,2024-08-04T02:36:34+00:00,133.333,garmin_seconds,wind_speed_ms,MISSING,ACTIVITY_WINDOW_OUTSIDE_WEATHER_OBSERVATION_RANGE,weather\tw_weather_2026-05-01.sqlite3,weather_observations,,,,,,,,,,0,0,0,0,0,,,,,,,False,exact_activity_window; no station synthesized when evidence is unavailable,ACTIVITY_WINDOW_OUTSIDE_WEATHER_OBSERVATION_RANGE,False,Missing weather remains missing; no zero or calm fallback is created.
ib3w_activity_environment_window_adapter_v1,qixing_lengshuikeng_full26_backend_2024_v1,qixing_lengshuikeng_main_peak_20260523_osmrefresh_v1_3b,qixing_lengshuikeng_36_1,backend_activity_csv,outputs\ib3a_rc_backend_activity_enriched_v1l2_osm_radar_evidence_qixing_lengshuikeng_full26\qixing_lengshuikeng_36_1_backend_activity_enriched_v1l2_osm_radar_evidence.csv,2024-08-04T00:23:14+00:00,2024-08-04T02:36:34+00:00,133.333,garmin_seconds,wind_direction_deg,MISSING,ACTIVITY_WINDOW_OUTSIDE_WEATHER_OBSERVATION_RANGE,weather\tw_weather_2026-05-01.sqlite3,weather_observations,,,,,,,,,,0,0,0,0,0,,,,,,,False,exact_activity_window; no station synthesized when evidence is unavailable,ACTIVITY_WINDOW_OUTSIDE_WEATHER_OBSERVATION_RANGE,False,Missing weather remains missing; no zero or calm fallback is created.
ib3w_activity_environment_window_adapter_v1,qixing_lengshuikeng_full26_backend_2024_v1,qixing_lengshuikeng_main_peak_20260523_osmrefresh_v1_3b,qixing_lengshuikeng_36_1,backend_activity_csv,outputs\ib3a_rc_backend_activity_enriched_v1l2_osm_radar_evidence_qixing_lengshuikeng_full26\qixing_lengshuikeng_36_1_backend_activity_enriched_v1l2_osm_radar_evidence.csv,2024-08-04T00:23:14+00:00,2024-08-04T02:36:34+00:00,133.333,garmin_seconds,pressure_hpa,MISSING,ACTIVITY_WINDOW_OUTSIDE_WEATHER_OBSERVATION_RANGE,weather\tw_weather_2026-05-01.sqlite3,weather_observations,,,,,,,,,,0,0,0,0,0,,,,,,,False,exact_activity_window; no station synthesized when evidence is unavailable,ACTIVITY_WINDOW_OUTSIDE_WEATHER_OBSERVATION_RANGE,False,Missing weather remains missing; no zero or calm fallback is created.
ib3w_activity_environment_window_adapter_v1,qixing_lengshuikeng_full26_backend_2024_v1,qixing_lengshuikeng_main_peak_20260523_osmrefresh_v1_3b,qixing_lengshuikeng_36_1,backend_activity_csv,outputs\ib3a_rc_backend_activity_enriched_v1l2_osm_radar_evidence_qixing_lengshuikeng_full26\qixing_lengshuikeng_36_1_backend_activity_enriched_v1l2_osm_radar_evidence.csv,2024-08-04T00:23:14+00:00,2024-08-04T02:36:34+00:00,133.333,garmin_seconds,visibility_m,MISSING,ACTIVITY_WINDOW_OUTSIDE_WEATHER_OBSERVATION_RANGE,weather\tw_weather_2026-05-01.sqlite3,weather_observations,,,,,,,,,,0,0,0,0,0,,,,,,,False,exact_activity_window; no station synthesized when evidence is unavailable,ACTIVITY_WINDOW_OUTSIDE_WEATHER_OBSERVATION_RANGE,False,Missing weather remains missing; no zero or calm fallback is created.
ib3w_activity_environment_window_adapter_v1,qixing_lengshuikeng_full26_backend_2024_v1,qixing_lengshuikeng_main_peak_20260523_osmrefresh_v1_3b,qixing_lengshuikeng_36_1,backend_activity_csv,outputs\ib3a_rc_backend_activity_enriched_v1l2_osm_radar_evidence_qixing_lengshuikeng_full26\qixing_lengshuikeng_36_1_backend_activity_enriched_v1l2_osm_radar_evidence.csv,2024-08-04T00:23:14+00:00,2024-08-04T02:36:34+00:00,133.333,garmin_seconds,weather,MISSING,ACTIVITY_WINDOW_OUTSIDE_WEATHER_OBSERVATION_RANGE,weather\tw_weather_2026-05-01.sqlite3,weather_observations,,,,,,,,,,0,0,0,0,0,,,,,,,False,exact_activity_window; no station synthesized when evidence is unavailable,ACTIVITY_WINDOW_OUTSIDE_WEATHER_OBSERVATION_RANGE,False,Missing weather remains missing; no zero or calm fallback is created.
ib3w_activity_environment_window_adapter_v1,qixing_lengshuikeng_full26_backend_2024_v1,qixing_lengshuikeng_main_peak_20260523_osmrefresh_v1_3b,qixing_lengshuikeng_37_1,backend_activity_csv,outputs\ib3a_rc_backend_activity_enriched_v1l2_osm_radar_evidence_qixing_lengshuikeng_full26\qixing_lengshuikeng_37_1_backend_activity_enriched_v1l2_osm_radar_evidence.csv,2024-08-04T00:24:03+00:00,2024-08-04T03:02:34+00:00,158.517,garmin_seconds,precipitation_mm,MISSING,ACTIVITY_WINDOW_OUTSIDE_WEATHER_OBSERVATION_RANGE,weather\tw_weather_2026-05-01.sqlite3,weather_observations,,,,,,,,,,0,0,0,0,0,,,,,,,False,exact_activity_window; no station synthesized when evidence is unavailable,ACTIVITY_WINDOW_OUTSIDE_WEATHER_OBSERVATION_RANGE,False,Missing weather remains missing; no zero or calm fallback is created.
ib3w_activity_environment_window_adapter_v1,qixing_lengshuikeng_full26_backend_2024_v1,qixing_lengshuikeng_main_peak_20260523_osmrefresh_v1_3b,qixing_lengshuikeng_37_1,backend_activity_csv,outputs\ib3a_rc_backend_activity_enriched_v1l2_osm_radar_evidence_qixing_lengshuikeng_full26\qixing_lengshuikeng_37_1_backend_activity_enriched_v1l2_osm_radar_evidence.csv,2024-08-04T00:24:03+00:00,2024-08-04T03:02:34+00:00,158.517,garmin_seconds,precipitation_10min_mm,MISSING,ACTIVITY_WINDOW_OUTSIDE_WEATHER_OBSERVATION_RANGE,weather\tw_weather_2026-05-01.sqlite3,weather_observations,,,,,,,,,,0,0,0,0,0,,,,,,,False,exact_activity_window; no station synthesized when evidence is unavailable,ACTIVITY_WINDOW_OUTSIDE_WEATHER_OBSERVATION_RANGE,False,Missing weather remains missing; no zero or calm fallback is created.
ib3w_activity_environment_window_adapter_v1,qixing_lengshuikeng_full26_backend_2024_v1,qixing_lengshuikeng_main_peak_20260523_osmrefresh_v1_3b,qixing_lengshuikeng_37_1,backend_activity_csv,outputs\ib3a_rc_backend_activity_enriched_v1l2_osm_radar_evidence_qixing_lengshuikeng_full26\qixing_lengshuikeng_37_1_backend_activity_enriched_v1l2_osm_radar_evidence.csv,2024-08-04T00:24:03+00:00,2024-08-04T03:02:34+00:00,158.517,garmin_seconds,precipitation_1hr_mm,MISSING,ACTIVITY_WINDOW_OUTSIDE_WEATHER_OBSERVATION_RANGE,weather\tw_weather_2026-05-01.sqlite3,weather_observations,,,,,,,,,,0,0,0,0,0,,,,,,,False,exact_activity_window; no station synthesized when evidence is unavailable,ACTIVITY_WINDOW_OUTSIDE_WEATHER_OBSERVATION_RANGE,False,Missing weather remains missing; no zero or calm fallback is created.
ib3w_activity_environment_window_adapter_v1,qixing_lengshuikeng_full26_backend_2024_v1,qixing_lengshuikeng_main_peak_20260523_osmrefresh_v1_3b,qixing_lengshuikeng_37_1,backend_activity_csv,outputs\ib3a_rc_backend_activity_enriched_v1l2_osm_radar_evidence_qixing_lengshuikeng_full26\qixing_lengshuikeng_37_1_backend_activity_enriched_v1l2_osm_radar_evidence.csv,2024-08-04T00:24:03+00:00,2024-08-04T03:02:34+00:00,158.517,garmin_seconds,temperature_c,MISSING,ACTIVITY_WINDOW_OUTSIDE_WEATHER_OBSERVATION_RANGE,weather\tw_weather_2026-05-01.sqlite3,weather_observations,,,,,,,,,,0,0,0,0,0,,,,,,,False,exact_activity_window; no station synthesized when evidence is unavailable,ACTIVITY_WINDOW_OUTSIDE_WEATHER_OBSERVATION_RANGE,False,Missing weather remains missing; no zero or calm fallback is created.
ib3w_activity_environment_window_adapter_v1,qixing_lengshuikeng_full26_backend_2024_v1,qixing_lengshuikeng_main_peak_20260523_osmrefresh_v1_3b,qixing_lengshuikeng_37_1,backend_activity_csv,outputs\ib3a_rc_backend_activity_enriched_v1l2_osm_radar_evidence_qixing_lengshuikeng_full26\qixing_lengshuikeng_37_1_backend_activity_enriched_v1l2_osm_radar_evidence.csv,2024-08-04T00:24:03+00:00,2024-08-04T03:02:34+00:00,158.517,garmin_seconds,relative_humidity_pct,MISSING,ACTIVITY_WINDOW_OUTSIDE_WEATHER_OBSERVATION_RANGE,weather\tw_weather_2026-05-01.sqlite3,weather_observations,,,,,,,,,,0,0,0,0,0,,,,,,,False,exact_activity_window; no station synthesized when evidence is unavailable,ACTIVITY_WINDOW_OUTSIDE_WEATHER_OBSERVATION_RANGE,False,Missing weather remains missing; no zero or calm fallback is created.
ib3w_activity_environment_window_adapter_v1,qixing_lengshuikeng_full26_backend_2024_v1,qixing_lengshuikeng_main_peak_20260523_osmrefresh_v1_3b,qixing_lengshuikeng_37_1,backend_activity_csv,outputs\ib3a_rc_backend_activity_enriched_v1l2_osm_radar_evidence_qixing_lengshuikeng_full26\qixing_lengshuikeng_37_1_backend_activity_enriched_v1l2_osm_radar_evidence.csv,2024-08-04T00:24:03+00:00,2024-08-04T03:02:34+00:00,158.517,garmin_seconds,wind_speed_ms,MISSING,ACTIVITY_WINDOW_OUTSIDE_WEATHER_OBSERVATION_RANGE,weather\tw_weather_2026-05-01.sqlite3,weather_observations,,,,,,,,,,0,0,0,0,0,,,,,,,False,exact_activity_window; no station synthesized when evidence is unavailable,ACTIVITY_WINDOW_OUTSIDE_WEATHER_OBSERVATION_RANGE,False,Missing weather remains missing; no zero or calm fallback is created.
ib3w_activity_environment_window_adapter_v1,qixing_lengshuikeng_full26_backend_2024_v1,qixing_lengshuikeng_main_peak_20260523_osmrefresh_v1_3b,qixing_lengshuikeng_37_1,backend_activity_csv,outputs\ib3a_rc_backend_activity_enriched_v1l2_osm_radar_evidence_qixing_lengshuikeng_full26\qixing_lengshuikeng_37_1_backend_activity_enriched_v1l2_osm_radar_evidence.csv,2024-08-04T00:24:03+00:00,2024-08-04T03:02:34+00:00,158.517,garmin_seconds,wind_direction_deg,MISSING,ACTIVITY_WINDOW_OUTSIDE_WEATHER_OBSERVATION_RANGE,weather\tw_weather_2026-05-01.sqlite3,weather_observations,,,,,,,,,,0,0,0,0,0,,,,,,,False,exact_activity_window; no station synthesized when evidence is unavailable,ACTIVITY_WINDOW_OUTSIDE_WEATHER_OBSERVATION_RANGE,False,Missing weather remains missing; no zero or calm fallback is created.
ib3w_activity_environment_window_adapter_v1,qixing_lengshuikeng_full26_backend_2024_v1,qixing_lengshuikeng_main_peak_20260523_osmrefresh_v1_3b,qixing_lengshuikeng_37_1,backend_activity_csv,outputs\ib3a_rc_backend_activity_enriched_v1l2_osm_radar_evidence_qixing_lengshuikeng_full26\qixing_lengshuikeng_37_1_backend_activity_enriched_v1l2_osm_radar_evidence.csv,2024-08-04T00:24:03+00:00,2024-08-04T03:02:34+00:00,158.517,garmin_seconds,pressure_hpa,MISSING,ACTIVITY_WINDOW_OUTSIDE_WEATHER_OBSERVATION_RANGE,weather\tw_weather_2026-05-01.sqlite3,weather_observations,,,,,,,,,,0,0,0,0,0,,,,,,,False,exact_activity_window; no station synthesized when evidence is unavailable,ACTIVITY_WINDOW_OUTSIDE_WEATHER_OBSERVATION_RANGE,False,Missing weather remains missing; no zero or calm fallback is created.
ib3w_activity_environment_window_adapter_v1,qixing_lengshuikeng_full26_backend_2024_v1,qixing_lengshuikeng_main_peak_20260523_osmrefresh_v1_3b,qixing_lengshuikeng_37_1,backend_activity_csv,outputs\ib3a_rc_backend_activity_enriched_v1l2_osm_radar_evidence_qixing_lengshuikeng_full26\qixing_lengshuikeng_37_1_backend_activity_enriched_v1l2_osm_radar_evidence.csv,2024-08-04T00:24:03+00:00,2024-08-04T03:02:34+00:00,158.517,garmin_seconds,visibility_m,MISSING,ACTIVITY_WINDOW_OUTSIDE_WEATHER_OBSERVATION_RANGE,weather\tw_weather_2026-05-01.sqlite3,weather_observations,,,,,,,,,,0,0,0,0,0,,,,,,,False,exact_activity_window; no station synthesized when evidence is unavailable,ACTIVITY_WINDOW_OUTSIDE_WEATHER_OBSERVATION_RANGE,False,Missing weather remains missing; no zero or calm fallback is created.
ib3w_activity_environment_window_adapter_v1,qixing_lengshuikeng_full26_backend_2024_v1,qixing_lengshuikeng_main_peak_20260523_osmrefresh_v1_3b,qixing_lengshuikeng_37_1,backend_activity_csv,outputs\ib3a_rc_backend_activity_enriched_v1l2_osm_radar_evidence_qixing_lengshuikeng_full26\qixing_lengshuikeng_37_1_backend_activity_enriched_v1l2_osm_radar_evidence.csv,2024-08-04T00:24:03+00:00,2024-08-04T03:02:34+00:00,158.517,garmin_seconds,weather,MISSING,ACTIVITY_WINDOW_OUTSIDE_WEATHER_OBSERVATION_RANGE,weather\tw_weather_2026-05-01.sqlite3,weather_observations,,,,,,,,,,0,0,0,0,0,,,,,,,False,exact_activity_window; no station synthesized when evidence is unavailable,ACTIVITY_WINDOW_OUTSIDE_WEATHER_OBSERVATION_RANGE,False,Missing weather remains missing; no zero or calm fallback is created.
ib3w_activity_environment_window_adapter_v1,qixing_lengshuikeng_full26_backend_2024_v1,qixing_lengshuikeng_main_peak_20260523_osmrefresh_v1_3b,qixing_lengshuikeng_38_1,backend_activity_csv,outputs\ib3a_rc_backend_activity_enriched_v1l2_osm_radar_evidence_qixing_lengshuikeng_full26\qixing_lengshuikeng_38_1_backend_activity_enriched_v1l2_osm_radar_evidence.csv,2024-08-25T00:56:42+00:00,2024-08-25T03:46:28+00:00,169.767,garmin_seconds,precipitation_mm,MISSING,ACTIVITY_WINDOW_OUTSIDE_WEATHER_OBSERVATION_RANGE,weather\tw_weather_2026-05-01.sqlite3,weather_observations,,,,,,,,,,0,0,0,0,0,,,,,,,False,exact_activity_window; no station synthesized when evidence is unavailable,ACTIVITY_WINDOW_OUTSIDE_WEATHER_OBSERVATION_RANGE,False,Missing weather remains missing; no zero or calm fallback is created.
ib3w_activity_environment_window_adapter_v1,qixing_lengshuikeng_full26_backend_2024_v1,qixing_lengshuikeng_main_peak_20260523_osmrefresh_v1_3b,qixing_lengshuikeng_38_1,backend_activity_csv,outputs\ib3a_rc_backend_activity_enriched_v1l2_osm_radar_evidence_qixing_lengshuikeng_full26\qixing_lengshuikeng_38_1_backend_activity_enriched_v1l2_osm_radar_evidence.csv,2024-08-25T00:56:42+00:00,2024-08-25T03:46:28+00:00,169.767,garmin_seconds,precipitation_10min_mm,MISSING,ACTIVITY_WINDOW_OUTSIDE_WEATHER_OBSERVATION_RANGE,weather\tw_weather_2026-05-01.sqlite3,weather_observations,,,,,,,,,,0,0,0,0,0,,,,,,,False,exact_activity_window; no station synthesized when evidence is unavailable,ACTIVITY_WINDOW_OUTSIDE_WEATHER_OBSERVATION_RANGE,False,Missing weather remains missing; no zero or calm fallback is created.
ib3w_activity_environment_window_adapter_v1,qixing_lengshuikeng_full26_backend_2024_v1,qixing_lengshuikeng_main_peak_20260523_osmrefresh_v1_3b,qixing_lengshuikeng_38_1,backend_activity_csv,outputs\ib3a_rc_backend_activity_enriched_v1l2_osm_radar_evidence_qixing_lengshuikeng_full26\qixing_lengshuikeng_38_1_backend_activity_enriched_v1l2_osm_radar_evidence.csv,2024-08-25T00:56:42+00:00,2024-08-25T03:46:28+00:00,169.767,garmin_seconds,precipitation_1hr_mm,MISSING,ACTIVITY_WINDOW_OUTSIDE_WEATHER_OBSERVATION_RANGE,weather\tw_weather_2026-05-01.sqlite3,weather_observations,,,,,,,,,,0,0,0,0,0,,,,,,,False,exact_activity_window; no station synthesized when evidence is unavailable,ACTIVITY_WINDOW_OUTSIDE_WEATHER_OBSERVATION_RANGE,False,Missing weather remains missing; no zero or calm fallback is created.
ib3w_activity_environment_window_adapter_v1,qixing_lengshuikeng_full26_backend_2024_v1,qixing_lengshuikeng_main_peak_20260523_osmrefresh_v1_3b,qixing_lengshuikeng_38_1,backend_activity_csv,outputs\ib3a_rc_backend_activity_enriched_v1l2_osm_radar_evidence_qixing_lengshuikeng_full26\qixing_lengshuikeng_38_1_backend_activity_enriched_v1l2_osm_radar_evidence.csv,2024-08-25T00:56:42+00:00,2024-08-25T03:46:28+00:00,169.767,garmin_seconds,temperature_c,MISSING,ACTIVITY_WINDOW_OUTSIDE_WEATHER_OBSERVATION_RANGE,weather\tw_weather_2026-05-01.sqlite3,weather_observations,,,,,,,,,,0,0,0,0,0,,,,,,,False,exact_activity_window; no station synthesized when evidence is unavailable,ACTIVITY_WINDOW_OUTSIDE_WEATHER_OBSERVATION_RANGE,False,Missing weather remains missing; no zero or calm fallback is created.
ib3w_activity_environment_window_adapter_v1,qixing_lengshuikeng_full26_backend_2024_v1,qixing_lengshuikeng_main_peak_20260523_osmrefresh_v1_3b,qixing_lengshuikeng_38_1,backend_activity_csv,outputs\ib3a_rc_backend_activity_enriched_v1l2_osm_radar_evidence_qixing_lengshuikeng_full26\qixing_lengshuikeng_38_1_backend_activity_enriched_v1l2_osm_radar_evidence.csv,2024-08-25T00:56:42+00:00,2024-08-25T03:46:28+00:00,169.767,garmin_seconds,relative_humidity_pct,MISSING,ACTIVITY_WINDOW_OUTSIDE_WEATHER_OBSERVATION_RANGE,weather\tw_weather_2026-05-01.sqlite3,weather_observations,,,,,,,,,,0,0,0,0,0,,,,,,,False,exact_activity_window; no station synthesized when evidence is unavailable,ACTIVITY_WINDOW_OUTSIDE_WEATHER_OBSERVATION_RANGE,False,Missing weather remains missing; no zero or calm fallback is created.
ib3w_activity_environment_window_adapter_v1,qixing_lengshuikeng_full26_backend_2024_v1,qixing_lengshuikeng_main_peak_20260523_osmrefresh_v1_3b,qixing_lengshuikeng_38_1,backend_activity_csv,outputs\ib3a_rc_backend_activity_enriched_v1l2_osm_radar_evidence_qixing_lengshuikeng_full26\qixing_lengshuikeng_38_1_backend_activity_enriched_v1l2_osm_radar_evidence.csv,2024-08-25T00:56:42+00:00,2024-08-25T03:46:28+00:00,169.767,garmin_seconds,wind_speed_ms,MISSING,ACTIVITY_WINDOW_OUTSIDE_WEATHER_OBSERVATION_RANGE,weather\tw_weather_2026-05-01.sqlite3,weather_observations,,,,,,,,,,0,0,0,0,0,,,,,,,False,exact_activity_window; no station synthesized when evidence is unavailable,ACTIVITY_WINDOW_OUTSIDE_WEATHER_OBSERVATION_RANGE,False,Missing weather remains missing; no zero or calm fallback is created.
ib3w_activity_environment_window_adapter_v1,qixing_lengshuikeng_full26_backend_2024_v1,qixing_lengshuikeng_main_peak_20260523_osmrefresh_v1_3b,qixing_lengshuikeng_38_1,backend_activity_csv,outputs\ib3a_rc_backend_activity_enriched_v1l2_osm_radar_evidence_qixing_lengshuikeng_full26\qixing_lengshuikeng_38_1_backend_activity_enriched_v1l2_osm_radar_evidence.csv,2024-08-25T00:56:42+00:00,2024-08-25T03:46:28+00:00,169.767,garmin_seconds,wind_direction_deg,MISSING,ACTIVITY_WINDOW_OUTSIDE_WEATHER_OBSERVATION_RANGE,weather\tw_weather_2026-05-01.sqlite3,weather_observations,,,,,,,,,,0,0,0,0,0,,,,,,,False,exact_activity_window; no station synthesized when evidence is unavailable,ACTIVITY_WINDOW_OUTSIDE_WEATHER_OBSERVATION_RANGE,False,Missing weather remains missing; no zero or calm fallback is created.
ib3w_activity_environment_window_adapter_v1,qixing_lengshuikeng_full26_backend_2024_v1,qixing_lengshuikeng_main_peak_20260523_osmrefresh_v1_3b,qixing_lengshuikeng_38_1,backend_activity_csv,outputs\ib3a_rc_backend_activity_enriched_v1l2_osm_radar_evidence_qixing_lengshuikeng_full26\qixing_lengshuikeng_38_1_backend_activity_enriched_v1l2_osm_radar_evidence.csv,2024-08-25T00:56:42+00:00,2024-08-25T03:46:28+00:00,169.767,garmin_seconds,pressure_hpa,MISSING,ACTIVITY_WINDOW_OUTSIDE_WEATHER_OBSERVATION_RANGE,weather\tw_weather_2026-05-01.sqlite3,weather_observations,,,,,,,,,,0,0,0,0,0,,,,,,,False,exact_activity_window; no station synthesized when evidence is unavailable,ACTIVITY_WINDOW_OUTSIDE_WEATHER_OBSERVATION_RANGE,False,Missing weather remains missing; no zero or calm fallback is created.
ib3w_activity_environment_window_adapter_v1,qixing_lengshuikeng_full26_backend_2024_v1,qixing_lengshuikeng_main_peak_20260523_osmrefresh_v1_3b,qixing_lengshuikeng_38_1,backend_activity_csv,outputs\ib3a_rc_backend_activity_enriched_v1l2_osm_radar_evidence_qixing_lengshuikeng_full26\qixing_lengshuikeng_38_1_backend_activity_enriched_v1l2_osm_radar_evidence.csv,2024-08-25T00:56:42+00:00,2024-08-25T03:46:28+00:00,169.767,garmin_seconds,visibility_m,MISSING,ACTIVITY_WINDOW_OUTSIDE_WEATHER_OBSERVATION_RANGE,weather\tw_weather_2026-05-01.sqlite3,weather_observations,,,,,,,,,,0,0,0,0,0,,,,,,,False,exact_activity_window; no station synthesized when evidence is unavailable,ACTIVITY_WINDOW_OUTSIDE_WEATHER_OBSERVATION_RANGE,False,Missing weather remains missing; no zero or calm fallback is created.
ib3w_activity_environment_window_adapter_v1,qixing_lengshuikeng_full26_backend_2024_v1,qixing_lengshuikeng_main_peak_20260523_osmrefresh_v1_3b,qixing_lengshuikeng_38_1,backend_activity_csv,outputs\ib3a_rc_backend_activity_enriched_v1l2_osm_radar_evidence_qixing_lengshuikeng_full26\qixing_lengshuikeng_38_1_backend_activity_enriched_v1l2_osm_radar_evidence.csv,2024-08-25T00:56:42+00:00,2024-08-25T03:46:28+00:00,169.767,garmin_seconds,weather,MISSING,ACTIVITY_WINDOW_OUTSIDE_WEATHER_OBSERVATION_RANGE,weather\tw_weather_2026-05-01.sqlite3,weather_observations,,,,,,,,,,0,0,0,0,0,,,,,,,False,exact_activity_window; no station synthesized when evidence is unavailable,ACTIVITY_WINDOW_OUTSIDE_WEATHER_OBSERVATION_RANGE,False,Missing weather remains missing; no zero or calm fallback is created.
ib3w_activity_environment_window_adapter_v1,qixing_lengshuikeng_full26_backend_2024_v1,qixing_lengshuikeng_main_peak_20260523_osmrefresh_v1_3b,qixing_lengshuikeng_3_1,backend_activity_csv,outputs\ib3a_rc_backend_activity_enriched_v1l2_osm_radar_evidence_qixing_lengshuikeng_full26\qixing_lengshuikeng_3_1_backend_activity_enriched_v1l2_osm_radar_evidence.csv,2024-09-16T23:43:06+00:00,2024-09-17T01:54:04+00:00,130.967,garmin_seconds,precipitation_mm,MISSING,ACTIVITY_WINDOW_OUTSIDE_WEATHER_OBSERVATION_RANGE,weather\tw_weather_2026-05-01.sqlite3,weather_observations,,,,,,,,,,0,0,0,0,0,,,,,,,False,exact_activity_window; no station synthesized when evidence is unavailable,ACTIVITY_WINDOW_OUTSIDE_WEATHER_OBSERVATION_RANGE,False,Missing weather remains missing; no zero or calm fallback is created.
ib3w_activity_environment_window_adapter_v1,qixing_lengshuikeng_full26_backend_2024_v1,qixing_lengshuikeng_main_peak_20260523_osmrefresh_v1_3b,qixing_lengshuikeng_3_1,backend_activity_csv,outputs\ib3a_rc_backend_activity_enriched_v1l2_osm_radar_evidence_qixing_lengshuikeng_full26\qixing_lengshuikeng_3_1_backend_activity_enriched_v1l2_osm_radar_evidence.csv,2024-09-16T23:43:06+00:00,2024-09-17T01:54:04+00:00,130.967,garmin_seconds,precipitation_10min_mm,MISSING,ACTIVITY_WINDOW_OUTSIDE_WEATHER_OBSERVATION_RANGE,weather\tw_weather_2026-05-01.sqlite3,weather_observations,,,,,,,,,,0,0,0,0,0,,,,,,,False,exact_activity_window; no station synthesized when evidence is unavailable,ACTIVITY_WINDOW_OUTSIDE_WEATHER_OBSERVATION_RANGE,False,Missing weather remains missing; no zero or calm fallback is created.
ib3w_activity_environment_window_adapter_v1,qixing_lengshuikeng_full26_backend_2024_v1,qixing_lengshuikeng_main_peak_20260523_osmrefresh_v1_3b,qixing_lengshuikeng_3_1,backend_activity_csv,outputs\ib3a_rc_backend_activity_enriched_v1l2_osm_radar_evidence_qixing_lengshuikeng_full26\qixing_lengshuikeng_3_1_backend_activity_enriched_v1l2_osm_radar_evidence.csv,2024-09-16T23:43:06+00:00,2024-09-17T01:54:04+00:00,130.967,garmin_seconds,precipitation_1hr_mm,MISSING,ACTIVITY_WINDOW_OUTSIDE_WEATHER_OBSERVATION_RANGE,weather\tw_weather_2026-05-01.sqlite3,weather_observations,,,,,,,,,,0,0,0,0,0,,,,,,,False,exact_activity_window; no station synthesized when evidence is unavailable,ACTIVITY_WINDOW_OUTSIDE_WEATHER_OBSERVATION_RANGE,False,Missing weather remains missing; no zero or calm fallback is created.
ib3w_activity_environment_window_adapter_v1,qixing_lengshuikeng_full26_backend_2024_v1,qixing_lengshuikeng_main_peak_20260523_osmrefresh_v1_3b,qixing_lengshuikeng_3_1,backend_activity_csv,outputs\ib3a_rc_backend_activity_enriched_v1l2_osm_radar_evidence_qixing_lengshuikeng_full26\qixing_lengshuikeng_3_1_backend_activity_enriched_v1l2_osm_radar_evidence.csv,2024-09-16T23:43:06+00:00,2024-09-17T01:54:04+00:00,130.967,garmin_seconds,temperature_c,MISSING,ACTIVITY_WINDOW_OUTSIDE_WEATHER_OBSERVATION_RANGE,weather\tw_weather_2026-05-01.sqlite3,weather_observations,,,,,,,,,,0,0,0,0,0,,,,,,,False,exact_activity_window; no station synthesized when evidence is unavailable,ACTIVITY_WINDOW_OUTSIDE_WEATHER_OBSERVATION_RANGE,False,Missing weather remains missing; no zero or calm fallback is created.
ib3w_activity_environment_window_adapter_v1,qixing_lengshuikeng_full26_backend_2024_v1,qixing_lengshuikeng_main_peak_20260523_osmrefresh_v1_3b,qixing_lengshuikeng_3_1,backend_activity_csv,outputs\ib3a_rc_backend_activity_enriched_v1l2_osm_radar_evidence_qixing_lengshuikeng_full26\qixing_lengshuikeng_3_1_backend_activity_enriched_v1l2_osm_radar_evidence.csv,2024-09-16T23:43:06+00:00,2024-09-17T01:54:04+00:00,130.967,garmin_seconds,relative_humidity_pct,MISSING,ACTIVITY_WINDOW_OUTSIDE_WEATHER_OBSERVATION_RANGE,weather\tw_weather_2026-05-01.sqlite3,weather_observations,,,,,,,,,,0,0,0,0,0,,,,,,,False,exact_activity_window; no station synthesized when evidence is unavailable,ACTIVITY_WINDOW_OUTSIDE_WEATHER_OBSERVATION_RANGE,False,Missing weather remains missing; no zero or calm fallback is created.
ib3w_activity_environment_window_adapter_v1,qixing_lengshuikeng_full26_backend_2024_v1,qixing_lengshuikeng_main_peak_20260523_osmrefresh_v1_3b,qixing_lengshuikeng_3_1,backend_activity_csv,outputs\ib3a_rc_backend_activity_enriched_v1l2_osm_radar_evidence_qixing_lengshuikeng_full26\qixing_lengshuikeng_3_1_backend_activity_enriched_v1l2_osm_radar_evidence.csv,2024-09-16T23:43:06+00:00,2024-09-17T01:54:04+00:00,130.967,garmin_seconds,wind_speed_ms,MISSING,ACTIVITY_WINDOW_OUTSIDE_WEATHER_OBSERVATION_RANGE,weather\tw_weather_2026-05-01.sqlite3,weather_observations,,,,,,,,,,0,0,0,0,0,,,,,,,False,exact_activity_window; no station synthesized when evidence is unavailable,ACTIVITY_WINDOW_OUTSIDE_WEATHER_OBSERVATION_RANGE,False,Missing weather remains missing; no zero or calm fallback is created.
ib3w_activity_environment_window_adapter_v1,qixing_lengshuikeng_full26_backend_2024_v1,qixing_lengshuikeng_main_peak_20260523_osmrefresh_v1_3b,qixing_lengshuikeng_3_1,backend_activity_csv,outputs\ib3a_rc_backend_activity_enriched_v1l2_osm_radar_evidence_qixing_lengshuikeng_full26\qixing_lengshuikeng_3_1_backend_activity_enriched_v1l2_osm_radar_evidence.csv,2024-09-16T23:43:06+00:00,2024-09-17T01:54:04+00:00,130.967,garmin_seconds,wind_direction_deg,MISSING,ACTIVITY_WINDOW_OUTSIDE_WEATHER_OBSERVATION_RANGE,weather\tw_weather_2026-05-01.sqlite3,weather_observations,,,,,,,,,,0,0,0,0,0,,,,,,,False,exact_activity_window; no station synthesized when evidence is unavailable,ACTIVITY_WINDOW_OUTSIDE_WEATHER_OBSERVATION_RANGE,False,Missing weather remains missing; no zero or calm fallback is created.
ib3w_activity_environment_window_adapter_v1,qixing_lengshuikeng_full26_backend_2024_v1,qixing_lengshuikeng_main_peak_20260523_osmrefresh_v1_3b,qixing_lengshuikeng_3_1,backend_activity_csv,outputs\ib3a_rc_backend_activity_enriched_v1l2_osm_radar_evidence_qixing_lengshuikeng_full26\qixing_lengshuikeng_3_1_backend_activity_enriched_v1l2_osm_radar_evidence.csv,2024-09-16T23:43:06+00:00,2024-09-17T01:54:04+00:00,130.967,garmin_seconds,pressure_hpa,MISSING,ACTIVITY_WINDOW_OUTSIDE_WEATHER_OBSERVATION_RANGE,weather\tw_weather_2026-05-01.sqlite3,weather_observations,,,,,,,,,,0,0,0,0,0,,,,,,,False,exact_activity_window; no station synthesized when evidence is unavailable,ACTIVITY_WINDOW_OUTSIDE_WEATHER_OBSERVATION_RANGE,False,Missing weather remains missing; no zero or calm fallback is created.
ib3w_activity_environment_window_adapter_v1,qixing_lengshuikeng_full26_backend_2024_v1,qixing_lengshuikeng_main_peak_20260523_osmrefresh_v1_3b,qixing_lengshuikeng_3_1,backend_activity_csv,outputs\ib3a_rc_backend_activity_enriched_v1l2_osm_radar_evidence_qixing_lengshuikeng_full26\qixing_lengshuikeng_3_1_backend_activity_enriched_v1l2_osm_radar_evidence.csv,2024-09-16T23:43:06+00:00,2024-09-17T01:54:04+00:00,130.967,garmin_seconds,visibility_m,MISSING,ACTIVITY_WINDOW_OUTSIDE_WEATHER_OBSERVATION_RANGE,weather\tw_weather_2026-05-01.sqlite3,weather_observations,,,,,,,,,,0,0,0,0,0,,,,,,,False,exact_activity_window; no station synthesized when evidence is unavailable,ACTIVITY_WINDOW_OUTSIDE_WEATHER_OBSERVATION_RANGE,False,Missing weather remains missing; no zero or calm fallback is created.
ib3w_activity_environment_window_adapter_v1,qixing_lengshuikeng_full26_backend_2024_v1,qixing_lengshuikeng_main_peak_20260523_osmrefresh_v1_3b,qixing_lengshuikeng_3_1,backend_activity_csv,outputs\ib3a_rc_backend_activity_enriched_v1l2_osm_radar_evidence_qixing_lengshuikeng_full26\qixing_lengshuikeng_3_1_backend_activity_enriched_v1l2_osm_radar_evidence.csv,2024-09-16T23:43:06+00:00,2024-09-17T01:54:04+00:00,130.967,garmin_seconds,weather,MISSING,ACTIVITY_WINDOW_OUTSIDE_WEATHER_OBSERVATION_RANGE,weather\tw_weather_2026-05-01.sqlite3,weather_observations,,,,,,,,,,0,0,0,0,0,,,,,,,False,exact_activity_window; no station synthesized when evidence is unavailable,ACTIVITY_WINDOW_OUTSIDE_WEATHER_OBSERVATION_RANGE,False,Missing weather remains missing; no zero or calm fallback is created.
ib3w_activity_environment_window_adapter_v1,qixing_lengshuikeng_full26_backend_2024_v1,qixing_lengshuikeng_main_peak_20260523_osmrefresh_v1_3b,qixing_lengshuikeng_40_1,backend_activity_csv,outputs\ib3a_rc_backend_activity_enriched_v1l2_osm_radar_evidence_qixing_lengshuikeng_full26\qixing_lengshuikeng_40_1_backend_activity_enriched_v1l2_osm_radar_evidence.csv,2024-08-25T01:14:06+00:00,2024-08-25T03:22:17+00:00,128.183,garmin_seconds,precipitation_mm,MISSING,ACTIVITY_WINDOW_OUTSIDE_WEATHER_OBSERVATION_RANGE,weather\tw_weather_2026-05-01.sqlite3,weather_observations,,,,,,,,,,0,0,0,0,0,,,,,,,False,exact_activity_window; no station synthesized when evidence is unavailable,ACTIVITY_WINDOW_OUTSIDE_WEATHER_OBSERVATION_RANGE,False,Missing weather remains missing; no zero or calm fallback is created.
ib3w_activity_environment_window_adapter_v1,qixing_lengshuikeng_full26_backend_2024_v1,qixing_lengshuikeng_main_peak_20260523_osmrefresh_v1_3b,qixing_lengshuikeng_40_1,backend_activity_csv,outputs\ib3a_rc_backend_activity_enriched_v1l2_osm_radar_evidence_qixing_lengshuikeng_full26\qixing_lengshuikeng_40_1_backend_activity_enriched_v1l2_osm_radar_evidence.csv,2024-08-25T01:14:06+00:00,2024-08-25T03:22:17+00:00,128.183,garmin_seconds,precipitation_10min_mm,MISSING,ACTIVITY_WINDOW_OUTSIDE_WEATHER_OBSERVATION_RANGE,weather\tw_weather_2026-05-01.sqlite3,weather_observations,,,,,,,,,,0,0,0,0,0,,,,,,,False,exact_activity_window; no station synthesized when evidence is unavailable,ACTIVITY_WINDOW_OUTSIDE_WEATHER_OBSERVATION_RANGE,False,Missing weather remains missing; no zero or calm fallback is created.
ib3w_activity_environment_window_adapter_v1,qixing_lengshuikeng_full26_backend_2024_v1,qixing_lengshuikeng_main_peak_20260523_osmrefresh_v1_3b,qixing_lengshuikeng_40_1,backend_activity_csv,outputs\ib3a_rc_backend_activity_enriched_v1l2_osm_radar_evidence_qixing_lengshuikeng_full26\qixing_lengshuikeng_40_1_backend_activity_enriched_v1l2_osm_radar_evidence.csv,2024-08-25T01:14:06+00:00,2024-08-25T03:22:17+00:00,128.183,garmin_seconds,precipitation_1hr_mm,MISSING,ACTIVITY_WINDOW_OUTSIDE_WEATHER_OBSERVATION_RANGE,weather\tw_weather_2026-05-01.sqlite3,weather_observations,,,,,,,,,,0,0,0,0,0,,,,,,,False,exact_activity_window; no station synthesized when evidence is unavailable,ACTIVITY_WINDOW_OUTSIDE_WEATHER_OBSERVATION_RANGE,False,Missing weather remains missing; no zero or calm fallback is created.
ib3w_activity_environment_window_adapter_v1,qixing_lengshuikeng_full26_backend_2024_v1,qixing_lengshuikeng_main_peak_20260523_osmrefresh_v1_3b,qixing_lengshuikeng_40_1,backend_activity_csv,outputs\ib3a_rc_backend_activity_enriched_v1l2_osm_radar_evidence_qixing_lengshuikeng_full26\qixing_lengshuikeng_40_1_backend_activity_enriched_v1l2_osm_radar_evidence.csv,2024-08-25T01:14:06+00:00,2024-08-25T03:22:17+00:00,128.183,garmin_seconds,temperature_c,MISSING,ACTIVITY_WINDOW_OUTSIDE_WEATHER_OBSERVATION_RANGE,weather\tw_weather_2026-05-01.sqlite3,weather_observations,,,,,,,,,,0,0,0,0,0,,,,,,,False,exact_activity_window; no station synthesized when evidence is unavailable,ACTIVITY_WINDOW_OUTSIDE_WEATHER_OBSERVATION_RANGE,False,Missing weather remains missing; no zero or calm fallback is created.
ib3w_activity_environment_window_adapter_v1,qixing_lengshuikeng_full26_backend_2024_v1,qixing_lengshuikeng_main_peak_20260523_osmrefresh_v1_3b,qixing_lengshuikeng_40_1,backend_activity_csv,outputs\ib3a_rc_backend_activity_enriched_v1l2_osm_radar_evidence_qixing_lengshuikeng_full26\qixing_lengshuikeng_40_1_backend_activity_enriched_v1l2_osm_radar_evidence.csv,2024-08-25T01:14:06+00:00,2024-08-25T03:22:17+00:00,128.183,garmin_seconds,relative_humidity_pct,MISSING,ACTIVITY_WINDOW_OUTSIDE_WEATHER_OBSERVATION_RANGE,weather\tw_weather_2026-05-01.sqlite3,weather_observations,,,,,,,,,,0,0,0,0,0,,,,,,,False,exact_activity_window; no station synthesized when evidence is unavailable,ACTIVITY_WINDOW_OUTSIDE_WEATHER_OBSERVATION_RANGE,False,Missing weather remains missing; no zero or calm fallback is created.
ib3w_activity_environment_window_adapter_v1,qixing_lengshuikeng_full26_backend_2024_v1,qixing_lengshuikeng_main_peak_20260523_osmrefresh_v1_3b,qixing_lengshuikeng_40_1,backend_activity_csv,outputs\ib3a_rc_backend_activity_enriched_v1l2_osm_radar_evidence_qixing_lengshuikeng_full26\qixing_lengshuikeng_40_1_backend_activity_enriched_v1l2_osm_radar_evidence.csv,2024-08-25T01:14:06+00:00,2024-08-25T03:22:17+00:00,128.183,garmin_seconds,wind_speed_ms,MISSING,ACTIVITY_WINDOW_OUTSIDE_WEATHER_OBSERVATION_RANGE,weather\tw_weather_2026-05-01.sqlite3,weather_observations,,,,,,,,,,0,0,0,0,0,,,,,,,False,exact_activity_window; no station synthesized when evidence is unavailable,ACTIVITY_WINDOW_OUTSIDE_WEATHER_OBSERVATION_RANGE,False,Missing weather remains missing; no zero or calm fallback is created.
ib3w_activity_environment_window_adapter_v1,qixing_lengshuikeng_full26_backend_2024_v1,qixing_lengshuikeng_main_peak_20260523_osmrefresh_v1_3b,qixing_lengshuikeng_40_1,backend_activity_csv,outputs\ib3a_rc_backend_activity_enriched_v1l2_osm_radar_evidence_qixing_lengshuikeng_full26\qixing_lengshuikeng_40_1_backend_activity_enriched_v1l2_osm_radar_evidence.csv,2024-08-25T01:14:06+00:00,2024-08-25T03:22:17+00:00,128.183,garmin_seconds,wind_direction_deg,MISSING,ACTIVITY_WINDOW_OUTSIDE_WEATHER_OBSERVATION_RANGE,weather\tw_weather_2026-05-01.sqlite3,weather_observations,,,,,,,,,,0,0,0,0,0,,,,,,,False,exact_activity_window; no station synthesized when evidence is unavailable,ACTIVITY_WINDOW_OUTSIDE_WEATHER_OBSERVATION_RANGE,False,Missing weather remains missing; no zero or calm fallback is created.
ib3w_activity_environment_window_adapter_v1,qixing_lengshuikeng_full26_backend_2024_v1,qixing_lengshuikeng_main_peak_20260523_osmrefresh_v1_3b,qixing_lengshuikeng_40_1,backend_activity_csv,outputs\ib3a_rc_backend_activity_enriched_v1l2_osm_radar_evidence_qixing_lengshuikeng_full26\qixing_lengshuikeng_40_1_backend_activity_enriched_v1l2_osm_radar_evidence.csv,2024-08-25T01:14:06+00:00,2024-08-25T03:22:17+00:00,128.183,garmin_seconds,pressure_hpa,MISSING,ACTIVITY_WINDOW_OUTSIDE_WEATHER_OBSERVATION_RANGE,weather\tw_weather_2026-05-01.sqlite3,weather_observations,,,,,,,,,,0,0,0,0,0,,,,,,,False,exact_activity_window; no station synthesized when evidence is unavailable,ACTIVITY_WINDOW_OUTSIDE_WEATHER_OBSERVATION_RANGE,False,Missing weather remains missing; no zero or calm fallback is created.
ib3w_activity_environment_window_adapter_v1,qixing_lengshuikeng_full26_backend_2024_v1,qixing_lengshuikeng_main_peak_20260523_osmrefresh_v1_3b,qixing_lengshuikeng_40_1,backend_activity_csv,outputs\ib3a_rc_backend_activity_enriched_v1l2_osm_radar_evidence_qixing_lengshuikeng_full26\qixing_lengshuikeng_40_1_backend_activity_enriched_v1l2_osm_radar_evidence.csv,2024-08-25T01:14:06+00:00,2024-08-25T03:22:17+00:00,128.183,garmin_seconds,visibility_m,MISSING,ACTIVITY_WINDOW_OUTSIDE_WEATHER_OBSERVATION_RANGE,weather\tw_weather_2026-05-01.sqlite3,weather_observations,,,,,,,,,,0,0,0,0,0,,,,,,,False,exact_activity_window; no station synthesized when evidence is unavailable,ACTIVITY_WINDOW_OUTSIDE_WEATHER_OBSERVATION_RANGE,False,Missing weather remains missing; no zero or calm fallback is created.
ib3w_activity_environment_window_adapter_v1,qixing_lengshuikeng_full26_backend_2024_v1,qixing_lengshuikeng_main_peak_20260523_osmrefresh_v1_3b,qixing_lengshuikeng_40_1,backend_activity_csv,outputs\ib3a_rc_backend_activity_enriched_v1l2_osm_radar_evidence_qixing_lengshuikeng_full26\qixing_lengshuikeng_40_1_backend_activity_enriched_v1l2_osm_radar_evidence.csv,2024-08-25T01:14:06+00:00,2024-08-25T03:22:17+00:00,128.183,garmin_seconds,weather,MISSING,ACTIVITY_WINDOW_OUTSIDE_WEATHER_OBSERVATION_RANGE,weather\tw_weather_2026-05-01.sqlite3,weather_observations,,,,,,,,,,0,0,0,0,0,,,,,,,False,exact_activity_window; no station synthesized when evidence is unavailable,ACTIVITY_WINDOW_OUTSIDE_WEATHER_OBSERVATION_RANGE,False,Missing weather remains missing; no zero or calm fallback is created.
ib3w_activity_environment_window_adapter_v1,qixing_lengshuikeng_full26_backend_2024_v1,qixing_lengshuikeng_main_peak_20260523_osmrefresh_v1_3b,qixing_lengshuikeng_41_1,backend_activity_csv,outputs\ib3a_rc_backend_activity_enriched_v1l2_osm_radar_evidence_qixing_lengshuikeng_full26\qixing_lengshuikeng_41_1_backend_activity_enriched_v1l2_osm_radar_evidence.csv,2024-08-25T00:29:17+00:00,2024-08-25T02:26:50+00:00,117.55,garmin_seconds,precipitation_mm,MISSING,ACTIVITY_WINDOW_OUTSIDE_WEATHER_OBSERVATION_RANGE,weather\tw_weather_2026-05-01.sqlite3,weather_observations,,,,,,,,,,0,0,0,0,0,,,,,,,False,exact_activity_window; no station synthesized when evidence is unavailable,ACTIVITY_WINDOW_OUTSIDE_WEATHER_OBSERVATION_RANGE,False,Missing weather remains missing; no zero or calm fallback is created.
ib3w_activity_environment_window_adapter_v1,qixing_lengshuikeng_full26_backend_2024_v1,qixing_lengshuikeng_main_peak_20260523_osmrefresh_v1_3b,qixing_lengshuikeng_41_1,backend_activity_csv,outputs\ib3a_rc_backend_activity_enriched_v1l2_osm_radar_evidence_qixing_lengshuikeng_full26\qixing_lengshuikeng_41_1_backend_activity_enriched_v1l2_osm_radar_evidence.csv,2024-08-25T00:29:17+00:00,2024-08-25T02:26:50+00:00,117.55,garmin_seconds,precipitation_10min_mm,MISSING,ACTIVITY_WINDOW_OUTSIDE_WEATHER_OBSERVATION_RANGE,weather\tw_weather_2026-05-01.sqlite3,weather_observations,,,,,,,,,,0,0,0,0,0,,,,,,,False,exact_activity_window; no station synthesized when evidence is unavailable,ACTIVITY_WINDOW_OUTSIDE_WEATHER_OBSERVATION_RANGE,False,Missing weather remains missing; no zero or calm fallback is created.
ib3w_activity_environment_window_adapter_v1,qixing_lengshuikeng_full26_backend_2024_v1,qixing_lengshuikeng_main_peak_20260523_osmrefresh_v1_3b,qixing_lengshuikeng_41_1,backend_activity_csv,outputs\ib3a_rc_backend_activity_enriched_v1l2_osm_radar_evidence_qixing_lengshuikeng_full26\qixing_lengshuikeng_41_1_backend_activity_enriched_v1l2_osm_radar_evidence.csv,2024-08-25T00:29:17+00:00,2024-08-25T02:26:50+00:00,117.55,garmin_seconds,precipitation_1hr_mm,MISSING,ACTIVITY_WINDOW_OUTSIDE_WEATHER_OBSERVATION_RANGE,weather\tw_weather_2026-05-01.sqlite3,weather_observations,,,,,,,,,,0,0,0,0,0,,,,,,,False,exact_activity_window; no station synthesized when evidence is unavailable,ACTIVITY_WINDOW_OUTSIDE_WEATHER_OBSERVATION_RANGE,False,Missing weather remains missing; no zero or calm fallback is created.
ib3w_activity_environment_window_adapter_v1,qixing_lengshuikeng_full26_backend_2024_v1,qixing_lengshuikeng_main_peak_20260523_osmrefresh_v1_3b,qixing_lengshuikeng_41_1,backend_activity_csv,outputs\ib3a_rc_backend_activity_enriched_v1l2_osm_radar_evidence_qixing_lengshuikeng_full26\qixing_lengshuikeng_41_1_backend_activity_enriched_v1l2_osm_radar_evidence.csv,2024-08-25T00:29:17+00:00,2024-08-25T02:26:50+00:00,117.55,garmin_seconds,temperature_c,MISSING,ACTIVITY_WINDOW_OUTSIDE_WEATHER_OBSERVATION_RANGE,weather\tw_weather_2026-05-01.sqlite3,weather_observations,,,,,,,,,,0,0,0,0,0,,,,,,,False,exact_activity_window; no station synthesized when evidence is unavailable,ACTIVITY_WINDOW_OUTSIDE_WEATHER_OBSERVATION_RANGE,False,Missing weather remains missing; no zero or calm fallback is created.
ib3w_activity_environment_window_adapter_v1,qixing_lengshuikeng_full26_backend_2024_v1,qixing_lengshuikeng_main_peak_20260523_osmrefresh_v1_3b,qixing_lengshuikeng_41_1,backend_activity_csv,outputs\ib3a_rc_backend_activity_enriched_v1l2_osm_radar_evidence_qixing_lengshuikeng_full26\qixing_lengshuikeng_41_1_backend_activity_enriched_v1l2_osm_radar_evidence.csv,2024-08-25T00:29:17+00:00,2024-08-25T02:26:50+00:00,117.55,garmin_seconds,relative_humidity_pct,MISSING,ACTIVITY_WINDOW_OUTSIDE_WEATHER_OBSERVATION_RANGE,weather\tw_weather_2026-05-01.sqlite3,weather_observations,,,,,,,,,,0,0,0,0,0,,,,,,,False,exact_activity_window; no station synthesized when evidence is unavailable,ACTIVITY_WINDOW_OUTSIDE_WEATHER_OBSERVATION_RANGE,False,Missing weather remains missing; no zero or calm fallback is created.
ib3w_activity_environment_window_adapter_v1,qixing_lengshuikeng_full26_backend_2024_v1,qixing_lengshuikeng_main_peak_20260523_osmrefresh_v1_3b,qixing_lengshuikeng_41_1,backend_activity_csv,outputs\ib3a_rc_backend_activity_enriched_v1l2_osm_radar_evidence_qixing_lengshuikeng_full26\qixing_lengshuikeng_41_1_backend_activity_enriched_v1l2_osm_radar_evidence.csv,2024-08-25T00:29:17+00:00,2024-08-25T02:26:50+00:00,117.55,garmin_seconds,wind_speed_ms,MISSING,ACTIVITY_WINDOW_OUTSIDE_WEATHER_OBSERVATION_RANGE,weather\tw_weather_2026-05-01.sqlite3,weather_observations,,,,,,,,,,0,0,0,0,0,,,,,,,False,exact_activity_window; no station synthesized when evidence is unavailable,ACTIVITY_WINDOW_OUTSIDE_WEATHER_OBSERVATION_RANGE,False,Missing weather remains missing; no zero or calm fallback is created.
ib3w_activity_environment_window_adapter_v1,qixing_lengshuikeng_full26_backend_2024_v1,qixing_lengshuikeng_main_peak_20260523_osmrefresh_v1_3b,qixing_lengshuikeng_41_1,backend_activity_csv,outputs\ib3a_rc_backend_activity_enriched_v1l2_osm_radar_evidence_qixing_lengshuikeng_full26\qixing_lengshuikeng_41_1_backend_activity_enriched_v1l2_osm_radar_evidence.csv,2024-08-25T00:29:17+00:00,2024-08-25T02:26:50+00:00,117.55,garmin_seconds,wind_direction_deg,MISSING,ACTIVITY_WINDOW_OUTSIDE_WEATHER_OBSERVATION_RANGE,weather\tw_weather_2026-05-01.sqlite3,weather_observations,,,,,,,,,,0,0,0,0,0,,,,,,,False,exact_activity_window; no station synthesized when evidence is unavailable,ACTIVITY_WINDOW_OUTSIDE_WEATHER_OBSERVATION_RANGE,False,Missing weather remains missing; no zero or calm fallback is created.
ib3w_activity_environment_window_adapter_v1,qixing_lengshuikeng_full26_backend_2024_v1,qixing_lengshuikeng_main_peak_20260523_osmrefresh_v1_3b,qixing_lengshuikeng_41_1,backend_activity_csv,outputs\ib3a_rc_backend_activity_enriched_v1l2_osm_radar_evidence_qixing_lengshuikeng_full26\qixing_lengshuikeng_41_1_backend_activity_enriched_v1l2_osm_radar_evidence.csv,2024-08-25T00:29:17+00:00,2024-08-25T02:26:50+00:00,117.55,garmin_seconds,pressure_hpa,MISSING,ACTIVITY_WINDOW_OUTSIDE_WEATHER_OBSERVATION_RANGE,weather\tw_weather_2026-05-01.sqlite3,weather_observations,,,,,,,,,,0,0,0,0,0,,,,,,,False,exact_activity_window; no station synthesized when evidence is unavailable,ACTIVITY_WINDOW_OUTSIDE_WEATHER_OBSERVATION_RANGE,False,Missing weather remains missing; no zero or calm fallback is created.
ib3w_activity_environment_window_adapter_v1,qixing_lengshuikeng_full26_backend_2024_v1,qixing_lengshuikeng_main_peak_20260523_osmrefresh_v1_3b,qixing_lengshuikeng_41_1,backend_activity_csv,outputs\ib3a_rc_backend_activity_enriched_v1l2_osm_radar_evidence_qixing_lengshuikeng_full26\qixing_lengshuikeng_41_1_backend_activity_enriched_v1l2_osm_radar_evidence.csv,2024-08-25T00:29:17+00:00,2024-08-25T02:26:50+00:00,117.55,garmin_seconds,visibility_m,MISSING,ACTIVITY_WINDOW_OUTSIDE_WEATHER_OBSERVATION_RANGE,weather\tw_weather_2026-05-01.sqlite3,weather_observations,,,,,,,,,,0,0,0,0,0,,,,,,,False,exact_activity_window; no station synthesized when evidence is unavailable,ACTIVITY_WINDOW_OUTSIDE_WEATHER_OBSERVATION_RANGE,False,Missing weather remains missing; no zero or calm fallback is created.
ib3w_activity_environment_window_adapter_v1,qixing_lengshuikeng_full26_backend_2024_v1,qixing_lengshuikeng_main_peak_20260523_osmrefresh_v1_3b,qixing_lengshuikeng_41_1,backend_activity_csv,outputs\ib3a_rc_backend_activity_enriched_v1l2_osm_radar_evidence_qixing_lengshuikeng_full26\qixing_lengshuikeng_41_1_backend_activity_enriched_v1l2_osm_radar_evidence.csv,2024-08-25T00:29:17+00:00,2024-08-25T02:26:50+00:00,117.55,garmin_seconds,weather,MISSING,ACTIVITY_WINDOW_OUTSIDE_WEATHER_OBSERVATION_RANGE,weather\tw_weather_2026-05-01.sqlite3,weather_observations,,,,,,,,,,0,0,0,0,0,,,,,,,False,exact_activity_window; no station synthesized when evidence is unavailable,ACTIVITY_WINDOW_OUTSIDE_WEATHER_OBSERVATION_RANGE,False,Missing weather remains missing; no zero or calm fallback is created.
ib3w_activity_environment_window_adapter_v1,qixing_lengshuikeng_full26_backend_2024_v1,qixing_lengshuikeng_main_peak_20260523_osmrefresh_v1_3b,qixing_lengshuikeng_42_1,backend_activity_csv,outputs\ib3a_rc_backend_activity_enriched_v1l2_osm_radar_evidence_qixing_lengshuikeng_full26\qixing_lengshuikeng_42_1_backend_activity_enriched_v1l2_osm_radar_evidence.csv,2024-08-26T00:46:25+00:00,2024-08-26T03:37:31+00:00,171.1,garmin_seconds,precipitation_mm,MISSING,ACTIVITY_WINDOW_OUTSIDE_WEATHER_OBSERVATION_RANGE,weather\tw_weather_2026-05-01.sqlite3,weather_observations,,,,,,,,,,0,0,0,0,0,,,,,,,False,exact_activity_window; no station synthesized when evidence is unavailable,ACTIVITY_WINDOW_OUTSIDE_WEATHER_OBSERVATION_RANGE,False,Missing weather remains missing; no zero or calm fallback is created.
ib3w_activity_environment_window_adapter_v1,qixing_lengshuikeng_full26_backend_2024_v1,qixing_lengshuikeng_main_peak_20260523_osmrefresh_v1_3b,qixing_lengshuikeng_42_1,backend_activity_csv,outputs\ib3a_rc_backend_activity_enriched_v1l2_osm_radar_evidence_qixing_lengshuikeng_full26\qixing_lengshuikeng_42_1_backend_activity_enriched_v1l2_osm_radar_evidence.csv,2024-08-26T00:46:25+00:00,2024-08-26T03:37:31+00:00,171.1,garmin_seconds,precipitation_10min_mm,MISSING,ACTIVITY_WINDOW_OUTSIDE_WEATHER_OBSERVATION_RANGE,weather\tw_weather_2026-05-01.sqlite3,weather_observations,,,,,,,,,,0,0,0,0,0,,,,,,,False,exact_activity_window; no station synthesized when evidence is unavailable,ACTIVITY_WINDOW_OUTSIDE_WEATHER_OBSERVATION_RANGE,False,Missing weather remains missing; no zero or calm fallback is created.
ib3w_activity_environment_window_adapter_v1,qixing_lengshuikeng_full26_backend_2024_v1,qixing_lengshuikeng_main_peak_20260523_osmrefresh_v1_3b,qixing_lengshuikeng_42_1,backend_activity_csv,outputs\ib3a_rc_backend_activity_enriched_v1l2_osm_radar_evidence_qixing_lengshuikeng_full26\qixing_lengshuikeng_42_1_backend_activity_enriched_v1l2_osm_radar_evidence.csv,2024-08-26T00:46:25+00:00,2024-08-26T03:37:31+00:00,171.1,garmin_seconds,precipitation_1hr_mm,MISSING,ACTIVITY_WINDOW_OUTSIDE_WEATHER_OBSERVATION_RANGE,weather\tw_weather_2026-05-01.sqlite3,weather_observations,,,,,,,,,,0,0,0,0,0,,,,,,,False,exact_activity_window; no station synthesized when evidence is unavailable,ACTIVITY_WINDOW_OUTSIDE_WEATHER_OBSERVATION_RANGE,False,Missing weather remains missing; no zero or calm fallback is created.
ib3w_activity_environment_window_adapter_v1,qixing_lengshuikeng_full26_backend_2024_v1,qixing_lengshuikeng_main_peak_20260523_osmrefresh_v1_3b,qixing_lengshuikeng_42_1,backend_activity_csv,outputs\ib3a_rc_backend_activity_enriched_v1l2_osm_radar_evidence_qixing_lengshuikeng_full26\qixing_lengshuikeng_42_1_backend_activity_enriched_v1l2_osm_radar_evidence.csv,2024-08-26T00:46:25+00:00,2024-08-26T03:37:31+00:00,171.1,garmin_seconds,temperature_c,MISSING,ACTIVITY_WINDOW_OUTSIDE_WEATHER_OBSERVATION_RANGE,weather\tw_weather_2026-05-01.sqlite3,weather_observations,,,,,,,,,,0,0,0,0,0,,,,,,,False,exact_activity_window; no station synthesized when evidence is unavailable,ACTIVITY_WINDOW_OUTSIDE_WEATHER_OBSERVATION_RANGE,False,Missing weather remains missing; no zero or calm fallback is created.
ib3w_activity_environment_window_adapter_v1,qixing_lengshuikeng_full26_backend_2024_v1,qixing_lengshuikeng_main_peak_20260523_osmrefresh_v1_3b,qixing_lengshuikeng_42_1,backend_activity_csv,outputs\ib3a_rc_backend_activity_enriched_v1l2_osm_radar_evidence_qixing_lengshuikeng_full26\qixing_lengshuikeng_42_1_backend_activity_enriched_v1l2_osm_radar_evidence.csv,2024-08-26T00:46:25+00:00,2024-08-26T03:37:31+00:00,171.1,garmin_seconds,relative_humidity_pct,MISSING,ACTIVITY_WINDOW_OUTSIDE_WEATHER_OBSERVATION_RANGE,weather\tw_weather_2026-05-01.sqlite3,weather_observations,,,,,,,,,,0,0,0,0,0,,,,,,,False,exact_activity_window; no station synthesized when evidence is unavailable,ACTIVITY_WINDOW_OUTSIDE_WEATHER_OBSERVATION_RANGE,False,Missing weather remains missing; no zero or calm fallback is created.
ib3w_activity_environment_window_adapter_v1,qixing_lengshuikeng_full26_backend_2024_v1,qixing_lengshuikeng_main_peak_20260523_osmrefresh_v1_3b,qixing_lengshuikeng_42_1,backend_activity_csv,outputs\ib3a_rc_backend_activity_enriched_v1l2_osm_radar_evidence_qixing_lengshuikeng_full26\qixing_lengshuikeng_42_1_backend_activity_enriched_v1l2_osm_radar_evidence.csv,2024-08-26T00:46:25+00:00,2024-08-26T03:37:31+00:00,171.1,garmin_seconds,wind_speed_ms,MISSING,ACTIVITY_WINDOW_OUTSIDE_WEATHER_OBSERVATION_RANGE,weather\tw_weather_2026-05-01.sqlite3,weather_observations,,,,,,,,,,0,0,0,0,0,,,,,,,False,exact_activity_window; no station synthesized when evidence is unavailable,ACTIVITY_WINDOW_OUTSIDE_WEATHER_OBSERVATION_RANGE,False,Missing weather remains missing; no zero or calm fallback is created.
ib3w_activity_environment_window_adapter_v1,qixing_lengshuikeng_full26_backend_2024_v1,qixing_lengshuikeng_main_peak_20260523_osmrefresh_v1_3b,qixing_lengshuikeng_42_1,backend_activity_csv,outputs\ib3a_rc_backend_activity_enriched_v1l2_osm_radar_evidence_qixing_lengshuikeng_full26\qixing_lengshuikeng_42_1_backend_activity_enriched_v1l2_osm_radar_evidence.csv,2024-08-26T00:46:25+00:00,2024-08-26T03:37:31+00:00,171.1,garmin_seconds,wind_direction_deg,MISSING,ACTIVITY_WINDOW_OUTSIDE_WEATHER_OBSERVATION_RANGE,weather\tw_weather_2026-05-01.sqlite3,weather_observations,,,,,,,,,,0,0,0,0,0,,,,,,,False,exact_activity_window; no station synthesized when evidence is unavailable,ACTIVITY_WINDOW_OUTSIDE_WEATHER_OBSERVATION_RANGE,False,Missing weather remains missing; no zero or calm fallback is created.
ib3w_activity_environment_window_adapter_v1,qixing_lengshuikeng_full26_backend_2024_v1,qixing_lengshuikeng_main_peak_20260523_osmrefresh_v1_3b,qixing_lengshuikeng_42_1,backend_activity_csv,outputs\ib3a_rc_backend_activity_enriched_v1l2_osm_radar_evidence_qixing_lengshuikeng_full26\qixing_lengshuikeng_42_1_backend_activity_enriched_v1l2_osm_radar_evidence.csv,2024-08-26T00:46:25+00:00,2024-08-26T03:37:31+00:00,171.1,garmin_seconds,pressure_hpa,MISSING,ACTIVITY_WINDOW_OUTSIDE_WEATHER_OBSERVATION_RANGE,weather\tw_weather_2026-05-01.sqlite3,weather_observations,,,,,,,,,,0,0,0,0,0,,,,,,,False,exact_activity_window; no station synthesized when evidence is unavailable,ACTIVITY_WINDOW_OUTSIDE_WEATHER_OBSERVATION_RANGE,False,Missing weather remains missing; no zero or calm fallback is created.
ib3w_activity_environment_window_adapter_v1,qixing_lengshuikeng_full26_backend_2024_v1,qixing_lengshuikeng_main_peak_20260523_osmrefresh_v1_3b,qixing_lengshuikeng_42_1,backend_activity_csv,outputs\ib3a_rc_backend_activity_enriched_v1l2_osm_radar_evidence_qixing_lengshuikeng_full26\qixing_lengshuikeng_42_1_backend_activity_enriched_v1l2_osm_radar_evidence.csv,2024-08-26T00:46:25+00:00,2024-08-26T03:37:31+00:00,171.1,garmin_seconds,visibility_m,MISSING,ACTIVITY_WINDOW_OUTSIDE_WEATHER_OBSERVATION_RANGE,weather\tw_weather_2026-05-01.sqlite3,weather_observations,,,,,,,,,,0,0,0,0,0,,,,,,,False,exact_activity_window; no station synthesized when evidence is unavailable,ACTIVITY_WINDOW_OUTSIDE_WEATHER_OBSERVATION_RANGE,False,Missing weather remains missing; no zero or calm fallback is created.
ib3w_activity_environment_window_adapter_v1,qixing_lengshuikeng_full26_backend_2024_v1,qixing_lengshuikeng_main_peak_20260523_osmrefresh_v1_3b,qixing_lengshuikeng_42_1,backend_activity_csv,outputs\ib3a_rc_backend_activity_enriched_v1l2_osm_radar_evidence_qixing_lengshuikeng_full26\qixing_lengshuikeng_42_1_backend_activity_enriched_v1l2_osm_radar_evidence.csv,2024-08-26T00:46:25+00:00,2024-08-26T03:37:31+00:00,171.1,garmin_seconds,weather,MISSING,ACTIVITY_WINDOW_OUTSIDE_WEATHER_OBSERVATION_RANGE,weather\tw_weather_2026-05-01.sqlite3,weather_observations,,,,,,,,,,0,0,0,0,0,,,,,,,False,exact_activity_window; no station synthesized when evidence is unavailable,ACTIVITY_WINDOW_OUTSIDE_WEATHER_OBSERVATION_RANGE,False,Missing weather remains missing; no zero or calm fallback is created.
ib3w_activity_environment_window_adapter_v1,qixing_lengshuikeng_full26_backend_2024_v1,qixing_lengshuikeng_main_peak_20260523_osmrefresh_v1_3b,qixing_lengshuikeng_43_1,backend_activity_csv,outputs\ib3a_rc_backend_activity_enriched_v1l2_osm_radar_evidence_qixing_lengshuikeng_full26\qixing_lengshuikeng_43_1_backend_activity_enriched_v1l2_osm_radar_evidence.csv,2024-08-25T00:07:00+00:00,2024-08-25T03:17:32+00:00,190.533,garmin_seconds,precipitation_mm,MISSING,ACTIVITY_WINDOW_OUTSIDE_WEATHER_OBSERVATION_RANGE,weather\tw_weather_2026-05-01.sqlite3,weather_observations,,,,,,,,,,0,0,0,0,0,,,,,,,False,exact_activity_window; no station synthesized when evidence is unavailable,ACTIVITY_WINDOW_OUTSIDE_WEATHER_OBSERVATION_RANGE,False,Missing weather remains missing; no zero or calm fallback is created.
ib3w_activity_environment_window_adapter_v1,qixing_lengshuikeng_full26_backend_2024_v1,qixing_lengshuikeng_main_peak_20260523_osmrefresh_v1_3b,qixing_lengshuikeng_43_1,backend_activity_csv,outputs\ib3a_rc_backend_activity_enriched_v1l2_osm_radar_evidence_qixing_lengshuikeng_full26\qixing_lengshuikeng_43_1_backend_activity_enriched_v1l2_osm_radar_evidence.csv,2024-08-25T00:07:00+00:00,2024-08-25T03:17:32+00:00,190.533,garmin_seconds,precipitation_10min_mm,MISSING,ACTIVITY_WINDOW_OUTSIDE_WEATHER_OBSERVATION_RANGE,weather\tw_weather_2026-05-01.sqlite3,weather_observations,,,,,,,,,,0,0,0,0,0,,,,,,,False,exact_activity_window; no station synthesized when evidence is unavailable,ACTIVITY_WINDOW_OUTSIDE_WEATHER_OBSERVATION_RANGE,False,Missing weather remains missing; no zero or calm fallback is created.
ib3w_activity_environment_window_adapter_v1,qixing_lengshuikeng_full26_backend_2024_v1,qixing_lengshuikeng_main_peak_20260523_osmrefresh_v1_3b,qixing_lengshuikeng_43_1,backend_activity_csv,outputs\ib3a_rc_backend_activity_enriched_v1l2_osm_radar_evidence_qixing_lengshuikeng_full26\qixing_lengshuikeng_43_1_backend_activity_enriched_v1l2_osm_radar_evidence.csv,2024-08-25T00:07:00+00:00,2024-08-25T03:17:32+00:00,190.533,garmin_seconds,precipitation_1hr_mm,MISSING,ACTIVITY_WINDOW_OUTSIDE_WEATHER_OBSERVATION_RANGE,weather\tw_weather_2026-05-01.sqlite3,weather_observations,,,,,,,,,,0,0,0,0,0,,,,,,,False,exact_activity_window; no station synthesized when evidence is unavailable,ACTIVITY_WINDOW_OUTSIDE_WEATHER_OBSERVATION_RANGE,False,Missing weather remains missing; no zero or calm fallback is created.
ib3w_activity_environment_window_adapter_v1,qixing_lengshuikeng_full26_backend_2024_v1,qixing_lengshuikeng_main_peak_20260523_osmrefresh_v1_3b,qixing_lengshuikeng_43_1,backend_activity_csv,outputs\ib3a_rc_backend_activity_enriched_v1l2_osm_radar_evidence_qixing_lengshuikeng_full26\qixing_lengshuikeng_43_1_backend_activity_enriched_v1l2_osm_radar_evidence.csv,2024-08-25T00:07:00+00:00,2024-08-25T03:17:32+00:00,190.533,garmin_seconds,temperature_c,MISSING,ACTIVITY_WINDOW_OUTSIDE_WEATHER_OBSERVATION_RANGE,weather\tw_weather_2026-05-01.sqlite3,weather_observations,,,,,,,,,,0,0,0,0,0,,,,,,,False,exact_activity_window; no station synthesized when evidence is unavailable,ACTIVITY_WINDOW_OUTSIDE_WEATHER_OBSERVATION_RANGE,False,Missing weather remains missing; no zero or calm fallback is created.
ib3w_activity_environment_window_adapter_v1,qixing_lengshuikeng_full26_backend_2024_v1,qixing_lengshuikeng_main_peak_20260523_osmrefresh_v1_3b,qixing_lengshuikeng_43_1,backend_activity_csv,outputs\ib3a_rc_backend_activity_enriched_v1l2_osm_radar_evidence_qixing_lengshuikeng_full26\qixing_lengshuikeng_43_1_backend_activity_enriched_v1l2_osm_radar_evidence.csv,2024-08-25T00:07:00+00:00,2024-08-25T03:17:32+00:00,190.533,garmin_seconds,relative_humidity_pct,MISSING,ACTIVITY_WINDOW_OUTSIDE_WEATHER_OBSERVATION_RANGE,weather\tw_weather_2026-05-01.sqlite3,weather_observations,,,,,,,,,,0,0,0,0,0,,,,,,,False,exact_activity_window; no station synthesized when evidence is unavailable,ACTIVITY_WINDOW_OUTSIDE_WEATHER_OBSERVATION_RANGE,False,Missing weather remains missing; no zero or calm fallback is created.
ib3w_activity_environment_window_adapter_v1,qixing_lengshuikeng_full26_backend_2024_v1,qixing_lengshuikeng_main_peak_20260523_osmrefresh_v1_3b,qixing_lengshuikeng_43_1,backend_activity_csv,outputs\ib3a_rc_backend_activity_enriched_v1l2_osm_radar_evidence_qixing_lengshuikeng_full26\qixing_lengshuikeng_43_1_backend_activity_enriched_v1l2_osm_radar_evidence.csv,2024-08-25T00:07:00+00:00,2024-08-25T03:17:32+00:00,190.533,garmin_seconds,wind_speed_ms,MISSING,ACTIVITY_WINDOW_OUTSIDE_WEATHER_OBSERVATION_RANGE,weather\tw_weather_2026-05-01.sqlite3,weather_observations,,,,,,,,,,0,0,0,0,0,,,,,,,False,exact_activity_window; no station synthesized when evidence is unavailable,ACTIVITY_WINDOW_OUTSIDE_WEATHER_OBSERVATION_RANGE,False,Missing weather remains missing; no zero or calm fallback is created.
ib3w_activity_environment_window_adapter_v1,qixing_lengshuikeng_full26_backend_2024_v1,qixing_lengshuikeng_main_peak_20260523_osmrefresh_v1_3b,qixing_lengshuikeng_43_1,backend_activity_csv,outputs\ib3a_rc_backend_activity_enriched_v1l2_osm_radar_evidence_qixing_lengshuikeng_full26\qixing_lengshuikeng_43_1_backend_activity_enriched_v1l2_osm_radar_evidence.csv,2024-08-25T00:07:00+00:00,2024-08-25T03:17:32+00:00,190.533,garmin_seconds,wind_direction_deg,MISSING,ACTIVITY_WINDOW_OUTSIDE_WEATHER_OBSERVATION_RANGE,weather\tw_weather_2026-05-01.sqlite3,weather_observations,,,,,,,,,,0,0,0,0,0,,,,,,,False,exact_activity_window; no station synthesized when evidence is unavailable,ACTIVITY_WINDOW_OUTSIDE_WEATHER_OBSERVATION_RANGE,False,Missing weather remains missing; no zero or calm fallback is created.
ib3w_activity_environment_window_adapter_v1,qixing_lengshuikeng_full26_backend_2024_v1,qixing_lengshuikeng_main_peak_20260523_osmrefresh_v1_3b,qixing_lengshuikeng_43_1,backend_activity_csv,outputs\ib3a_rc_backend_activity_enriched_v1l2_osm_radar_evidence_qixing_lengshuikeng_full26\qixing_lengshuikeng_43_1_backend_activity_enriched_v1l2_osm_radar_evidence.csv,2024-08-25T00:07:00+00:00,2024-08-25T03:17:32+00:00,190.533,garmin_seconds,pressure_hpa,MISSING,ACTIVITY_WINDOW_OUTSIDE_WEATHER_OBSERVATION_RANGE,weather\tw_weather_2026-05-01.sqlite3,weather_observations,,,,,,,,,,0,0,0,0,0,,,,,,,False,exact_activity_window; no station synthesized when evidence is unavailable,ACTIVITY_WINDOW_OUTSIDE_WEATHER_OBSERVATION_RANGE,False,Missing weather remains missing; no zero or calm fallback is created.
ib3w_activity_environment_window_adapter_v1,qixing_lengshuikeng_full26_backend_2024_v1,qixing_lengshuikeng_main_peak_20260523_osmrefresh_v1_3b,qixing_lengshuikeng_43_1,backend_activity_csv,outputs\ib3a_rc_backend_activity_enriched_v1l2_osm_radar_evidence_qixing_lengshuikeng_full26\qixing_lengshuikeng_43_1_backend_activity_enriched_v1l2_osm_radar_evidence.csv,2024-08-25T00:07:00+00:00,2024-08-25T03:17:32+00:00,190.533,garmin_seconds,visibility_m,MISSING,ACTIVITY_WINDOW_OUTSIDE_WEATHER_OBSERVATION_RANGE,weather\tw_weather_2026-05-01.sqlite3,weather_observations,,,,,,,,,,0,0,0,0,0,,,,,,,False,exact_activity_window; no station synthesized when evidence is unavailable,ACTIVITY_WINDOW_OUTSIDE_WEATHER_OBSERVATION_RANGE,False,Missing weather remains missing; no zero or calm fallback is created.
ib3w_activity_environment_window_adapter_v1,qixing_lengshuikeng_full26_backend_2024_v1,qixing_lengshuikeng_main_peak_20260523_osmrefresh_v1_3b,qixing_lengshuikeng_43_1,backend_activity_csv,outputs\ib3a_rc_backend_activity_enriched_v1l2_osm_radar_evidence_qixing_lengshuikeng_full26\qixing_lengshuikeng_43_1_backend_activity_enriched_v1l2_osm_radar_evidence.csv,2024-08-25T00:07:00+00:00,2024-08-25T03:17:32+00:00,190.533,garmin_seconds,weather,MISSING,ACTIVITY_WINDOW_OUTSIDE_WEATHER_OBSERVATION_RANGE,weather\tw_weather_2026-05-01.sqlite3,weather_observations,,,,,,,,,,0,0,0,0,0,,,,,,,False,exact_activity_window; no station synthesized when evidence is unavailable,ACTIVITY_WINDOW_OUTSIDE_WEATHER_OBSERVATION_RANGE,False,Missing weather remains missing; no zero or calm fallback is created.
ib3w_activity_environment_window_adapter_v1,qixing_lengshuikeng_full26_backend_2024_v1,qixing_lengshuikeng_main_peak_20260523_osmrefresh_v1_3b,qixing_lengshuikeng_44_1,backend_activity_csv,outputs\ib3a_rc_backend_activity_enriched_v1l2_osm_radar_evidence_qixing_lengshuikeng_full26\qixing_lengshuikeng_44_1_backend_activity_enriched_v1l2_osm_radar_evidence.csv,2024-08-25T00:05:20+00:00,2024-08-25T02:01:52+00:00,116.533,garmin_seconds,precipitation_mm,MISSING,ACTIVITY_WINDOW_OUTSIDE_WEATHER_OBSERVATION_RANGE,weather\tw_weather_2026-05-01.sqlite3,weather_observations,,,,,,,,,,0,0,0,0,0,,,,,,,False,exact_activity_window; no station synthesized when evidence is unavailable,ACTIVITY_WINDOW_OUTSIDE_WEATHER_OBSERVATION_RANGE,False,Missing weather remains missing; no zero or calm fallback is created.
ib3w_activity_environment_window_adapter_v1,qixing_lengshuikeng_full26_backend_2024_v1,qixing_lengshuikeng_main_peak_20260523_osmrefresh_v1_3b,qixing_lengshuikeng_44_1,backend_activity_csv,outputs\ib3a_rc_backend_activity_enriched_v1l2_osm_radar_evidence_qixing_lengshuikeng_full26\qixing_lengshuikeng_44_1_backend_activity_enriched_v1l2_osm_radar_evidence.csv,2024-08-25T00:05:20+00:00,2024-08-25T02:01:52+00:00,116.533,garmin_seconds,precipitation_10min_mm,MISSING,ACTIVITY_WINDOW_OUTSIDE_WEATHER_OBSERVATION_RANGE,weather\tw_weather_2026-05-01.sqlite3,weather_observations,,,,,,,,,,0,0,0,0,0,,,,,,,False,exact_activity_window; no station synthesized when evidence is unavailable,ACTIVITY_WINDOW_OUTSIDE_WEATHER_OBSERVATION_RANGE,False,Missing weather remains missing; no zero or calm fallback is created.
ib3w_activity_environment_window_adapter_v1,qixing_lengshuikeng_full26_backend_2024_v1,qixing_lengshuikeng_main_peak_20260523_osmrefresh_v1_3b,qixing_lengshuikeng_44_1,backend_activity_csv,outputs\ib3a_rc_backend_activity_enriched_v1l2_osm_radar_evidence_qixing_lengshuikeng_full26\qixing_lengshuikeng_44_1_backend_activity_enriched_v1l2_osm_radar_evidence.csv,2024-08-25T00:05:20+00:00,2024-08-25T02:01:52+00:00,116.533,garmin_seconds,precipitation_1hr_mm,MISSING,ACTIVITY_WINDOW_OUTSIDE_WEATHER_OBSERVATION_RANGE,weather\tw_weather_2026-05-01.sqlite3,weather_observations,,,,,,,,,,0,0,0,0,0,,,,,,,False,exact_activity_window; no station synthesized when evidence is unavailable,ACTIVITY_WINDOW_OUTSIDE_WEATHER_OBSERVATION_RANGE,False,Missing weather remains missing; no zero or calm fallback is created.
ib3w_activity_environment_window_adapter_v1,qixing_lengshuikeng_full26_backend_2024_v1,qixing_lengshuikeng_main_peak_20260523_osmrefresh_v1_3b,qixing_lengshuikeng_44_1,backend_activity_csv,outputs\ib3a_rc_backend_activity_enriched_v1l2_osm_radar_evidence_qixing_lengshuikeng_full26\qixing_lengshuikeng_44_1_backend_activity_enriched_v1l2_osm_radar_evidence.csv,2024-08-25T00:05:20+00:00,2024-08-25T02:01:52+00:00,116.533,garmin_seconds,temperature_c,MISSING,ACTIVITY_WINDOW_OUTSIDE_WEATHER_OBSERVATION_RANGE,weather\tw_weather_2026-05-01.sqlite3,weather_observations,,,,,,,,,,0,0,0,0,0,,,,,,,False,exact_activity_window; no station synthesized when evidence is unavailable,ACTIVITY_WINDOW_OUTSIDE_WEATHER_OBSERVATION_RANGE,False,Missing weather remains missing; no zero or calm fallback is created.
ib3w_activity_environment_window_adapter_v1,qixing_lengshuikeng_full26_backend_2024_v1,qixing_lengshuikeng_main_peak_20260523_osmrefresh_v1_3b,qixing_lengshuikeng_44_1,backend_activity_csv,outputs\ib3a_rc_backend_activity_enriched_v1l2_osm_radar_evidence_qixing_lengshuikeng_full26\qixing_lengshuikeng_44_1_backend_activity_enriched_v1l2_osm_radar_evidence.csv,2024-08-25T00:05:20+00:00,2024-08-25T02:01:52+00:00,116.533,garmin_seconds,relative_humidity_pct,MISSING,ACTIVITY_WINDOW_OUTSIDE_WEATHER_OBSERVATION_RANGE,weather\tw_weather_2026-05-01.sqlite3,weather_observations,,,,,,,,,,0,0,0,0,0,,,,,,,False,exact_activity_window; no station synthesized when evidence is unavailable,ACTIVITY_WINDOW_OUTSIDE_WEATHER_OBSERVATION_RANGE,False,Missing weather remains missing; no zero or calm fallback is created.
ib3w_activity_environment_window_adapter_v1,qixing_lengshuikeng_full26_backend_2024_v1,qixing_lengshuikeng_main_peak_20260523_osmrefresh_v1_3b,qixing_lengshuikeng_44_1,backend_activity_csv,outputs\ib3a_rc_backend_activity_enriched_v1l2_osm_radar_evidence_qixing_lengshuikeng_full26\qixing_lengshuikeng_44_1_backend_activity_enriched_v1l2_osm_radar_evidence.csv,2024-08-25T00:05:20+00:00,2024-08-25T02:01:52+00:00,116.533,garmin_seconds,wind_speed_ms,MISSING,ACTIVITY_WINDOW_OUTSIDE_WEATHER_OBSERVATION_RANGE,weather\tw_weather_2026-05-01.sqlite3,weather_observations,,,,,,,,,,0,0,0,0,0,,,,,,,False,exact_activity_window; no station synthesized when evidence is unavailable,ACTIVITY_WINDOW_OUTSIDE_WEATHER_OBSERVATION_RANGE,False,Missing weather remains missing; no zero or calm fallback is created.
ib3w_activity_environment_window_adapter_v1,qixing_lengshuikeng_full26_backend_2024_v1,qixing_lengshuikeng_main_peak_20260523_osmrefresh_v1_3b,qixing_lengshuikeng_44_1,backend_activity_csv,outputs\ib3a_rc_backend_activity_enriched_v1l2_osm_radar_evidence_qixing_lengshuikeng_full26\qixing_lengshuikeng_44_1_backend_activity_enriched_v1l2_osm_radar_evidence.csv,2024-08-25T00:05:20+00:00,2024-08-25T02:01:52+00:00,116.533,garmin_seconds,wind_direction_deg,MISSING,ACTIVITY_WINDOW_OUTSIDE_WEATHER_OBSERVATION_RANGE,weather\tw_weather_2026-05-01.sqlite3,weather_observations,,,,,,,,,,0,0,0,0,0,,,,,,,False,exact_activity_window; no station synthesized when evidence is unavailable,ACTIVITY_WINDOW_OUTSIDE_WEATHER_OBSERVATION_RANGE,False,Missing weather remains missing; no zero or calm fallback is created.
ib3w_activity_environment_window_adapter_v1,qixing_lengshuikeng_full26_backend_2024_v1,qixing_lengshuikeng_main_peak_20260523_osmrefresh_v1_3b,qixing_lengshuikeng_44_1,backend_activity_csv,outputs\ib3a_rc_backend_activity_enriched_v1l2_osm_radar_evidence_qixing_lengshuikeng_full26\qixing_lengshuikeng_44_1_backend_activity_enriched_v1l2_osm_radar_evidence.csv,2024-08-25T00:05:20+00:00,2024-08-25T02:01:52+00:00,116.533,garmin_seconds,pressure_hpa,MISSING,ACTIVITY_WINDOW_OUTSIDE_WEATHER_OBSERVATION_RANGE,weather\tw_weather_2026-05-01.sqlite3,weather_observations,,,,,,,,,,0,0,0,0,0,,,,,,,False,exact_activity_window; no station synthesized when evidence is unavailable,ACTIVITY_WINDOW_OUTSIDE_WEATHER_OBSERVATION_RANGE,False,Missing weather remains missing; no zero or calm fallback is created.
ib3w_activity_environment_window_adapter_v1,qixing_lengshuikeng_full26_backend_2024_v1,qixing_lengshuikeng_main_peak_20260523_osmrefresh_v1_3b,qixing_lengshuikeng_44_1,backend_activity_csv,outputs\ib3a_rc_backend_activity_enriched_v1l2_osm_radar_evidence_qixing_lengshuikeng_full26\qixing_lengshuikeng_44_1_backend_activity_enriched_v1l2_osm_radar_evidence.csv,2024-08-25T00:05:20+00:00,2024-08-25T02:01:52+00:00,116.533,garmin_seconds,visibility_m,MISSING,ACTIVITY_WINDOW_OUTSIDE_WEATHER_OBSERVATION_RANGE,weather\tw_weather_2026-05-01.sqlite3,weather_observations,,,,,,,,,,0,0,0,0,0,,,,,,,False,exact_activity_window; no station synthesized when evidence is unavailable,ACTIVITY_WINDOW_OUTSIDE_WEATHER_OBSERVATION_RANGE,False,Missing weather remains missing; no zero or calm fallback is created.
ib3w_activity_environment_window_adapter_v1,qixing_lengshuikeng_full26_backend_2024_v1,qixing_lengshuikeng_main_peak_20260523_osmrefresh_v1_3b,qixing_lengshuikeng_44_1,backend_activity_csv,outputs\ib3a_rc_backend_activity_enriched_v1l2_osm_radar_evidence_qixing_lengshuikeng_full26\qixing_lengshuikeng_44_1_backend_activity_enriched_v1l2_osm_radar_evidence.csv,2024-08-25T00:05:20+00:00,2024-08-25T02:01:52+00:00,116.533,garmin_seconds,weather,MISSING,ACTIVITY_WINDOW_OUTSIDE_WEATHER_OBSERVATION_RANGE,weather\tw_weather_2026-05-01.sqlite3,weather_observations,,,,,,,,,,0,0,0,0,0,,,,,,,False,exact_activity_window; no station synthesized when evidence is unavailable,ACTIVITY_WINDOW_OUTSIDE_WEATHER_OBSERVATION_RANGE,False,Missing weather remains missing; no zero or calm fallback is created.
ib3w_activity_environment_window_adapter_v1,qixing_lengshuikeng_full26_backend_2024_v1,qixing_lengshuikeng_main_peak_20260523_osmrefresh_v1_3b,qixing_lengshuikeng_45_1,backend_activity_csv,outputs\ib3a_rc_backend_activity_enriched_v1l2_osm_radar_evidence_qixing_lengshuikeng_full26\qixing_lengshuikeng_45_1_backend_activity_enriched_v1l2_osm_radar_evidence.csv,2024-08-25T00:06:25+00:00,2024-08-25T02:06:35+00:00,120.167,garmin_seconds,precipitation_mm,MISSING,ACTIVITY_WINDOW_OUTSIDE_WEATHER_OBSERVATION_RANGE,weather\tw_weather_2026-05-01.sqlite3,weather_observations,,,,,,,,,,0,0,0,0,0,,,,,,,False,exact_activity_window; no station synthesized when evidence is unavailable,ACTIVITY_WINDOW_OUTSIDE_WEATHER_OBSERVATION_RANGE,False,Missing weather remains missing; no zero or calm fallback is created.
ib3w_activity_environment_window_adapter_v1,qixing_lengshuikeng_full26_backend_2024_v1,qixing_lengshuikeng_main_peak_20260523_osmrefresh_v1_3b,qixing_lengshuikeng_45_1,backend_activity_csv,outputs\ib3a_rc_backend_activity_enriched_v1l2_osm_radar_evidence_qixing_lengshuikeng_full26\qixing_lengshuikeng_45_1_backend_activity_enriched_v1l2_osm_radar_evidence.csv,2024-08-25T00:06:25+00:00,2024-08-25T02:06:35+00:00,120.167,garmin_seconds,precipitation_10min_mm,MISSING,ACTIVITY_WINDOW_OUTSIDE_WEATHER_OBSERVATION_RANGE,weather\tw_weather_2026-05-01.sqlite3,weather_observations,,,,,,,,,,0,0,0,0,0,,,,,,,False,exact_activity_window; no station synthesized when evidence is unavailable,ACTIVITY_WINDOW_OUTSIDE_WEATHER_OBSERVATION_RANGE,False,Missing weather remains missing; no zero or calm fallback is created.
ib3w_activity_environment_window_adapter_v1,qixing_lengshuikeng_full26_backend_2024_v1,qixing_lengshuikeng_main_peak_20260523_osmrefresh_v1_3b,qixing_lengshuikeng_45_1,backend_activity_csv,outputs\ib3a_rc_backend_activity_enriched_v1l2_osm_radar_evidence_qixing_lengshuikeng_full26\qixing_lengshuikeng_45_1_backend_activity_enriched_v1l2_osm_radar_evidence.csv,2024-08-25T00:06:25+00:00,2024-08-25T02:06:35+00:00,120.167,garmin_seconds,precipitation_1hr_mm,MISSING,ACTIVITY_WINDOW_OUTSIDE_WEATHER_OBSERVATION_RANGE,weather\tw_weather_2026-05-01.sqlite3,weather_observations,,,,,,,,,,0,0,0,0,0,,,,,,,False,exact_activity_window; no station synthesized when evidence is unavailable,ACTIVITY_WINDOW_OUTSIDE_WEATHER_OBSERVATION_RANGE,False,Missing weather remains missing; no zero or calm fallback is created.
ib3w_activity_environment_window_adapter_v1,qixing_lengshuikeng_full26_backend_2024_v1,qixing_lengshuikeng_main_peak_20260523_osmrefresh_v1_3b,qixing_lengshuikeng_45_1,backend_activity_csv,outputs\ib3a_rc_backend_activity_enriched_v1l2_osm_radar_evidence_qixing_lengshuikeng_full26\qixing_lengshuikeng_45_1_backend_activity_enriched_v1l2_osm_radar_evidence.csv,2024-08-25T00:06:25+00:00,2024-08-25T02:06:35+00:00,120.167,garmin_seconds,temperature_c,MISSING,ACTIVITY_WINDOW_OUTSIDE_WEATHER_OBSERVATION_RANGE,weather\tw_weather_2026-05-01.sqlite3,weather_observations,,,,,,,,,,0,0,0,0,0,,,,,,,False,exact_activity_window; no station synthesized when evidence is unavailable,ACTIVITY_WINDOW_OUTSIDE_WEATHER_OBSERVATION_RANGE,False,Missing weather remains missing; no zero or calm fallback is created.
ib3w_activity_environment_window_adapter_v1,qixing_lengshuikeng_full26_backend_2024_v1,qixing_lengshuikeng_main_peak_20260523_osmrefresh_v1_3b,qixing_lengshuikeng_45_1,backend_activity_csv,outputs\ib3a_rc_backend_activity_enriched_v1l2_osm_radar_evidence_qixing_lengshuikeng_full26\qixing_lengshuikeng_45_1_backend_activity_enriched_v1l2_osm_radar_evidence.csv,2024-08-25T00:06:25+00:00,2024-08-25T02:06:35+00:00,120.167,garmin_seconds,relative_humidity_pct,MISSING,ACTIVITY_WINDOW_OUTSIDE_WEATHER_OBSERVATION_RANGE,weather\tw_weather_2026-05-01.sqlite3,weather_observations,,,,,,,,,,0,0,0,0,0,,,,,,,False,exact_activity_window; no station synthesized when evidence is unavailable,ACTIVITY_WINDOW_OUTSIDE_WEATHER_OBSERVATION_RANGE,False,Missing weather remains missing; no zero or calm fallback is created.
ib3w_activity_environment_window_adapter_v1,qixing_lengshuikeng_full26_backend_2024_v1,qixing_lengshuikeng_main_peak_20260523_osmrefresh_v1_3b,qixing_lengshuikeng_45_1,backend_activity_csv,outputs\ib3a_rc_backend_activity_enriched_v1l2_osm_radar_evidence_qixing_lengshuikeng_full26\qixing_lengshuikeng_45_1_backend_activity_enriched_v1l2_osm_radar_evidence.csv,2024-08-25T00:06:25+00:00,2024-08-25T02:06:35+00:00,120.167,garmin_seconds,wind_speed_ms,MISSING,ACTIVITY_WINDOW_OUTSIDE_WEATHER_OBSERVATION_RANGE,weather\tw_weather_2026-05-01.sqlite3,weather_observations,,,,,,,,,,0,0,0,0,0,,,,,,,False,exact_activity_window; no station synthesized when evidence is unavailable,ACTIVITY_WINDOW_OUTSIDE_WEATHER_OBSERVATION_RANGE,False,Missing weather remains missing; no zero or calm fallback is created.
ib3w_activity_environment_window_adapter_v1,qixing_lengshuikeng_full26_backend_2024_v1,qixing_lengshuikeng_main_peak_20260523_osmrefresh_v1_3b,qixing_lengshuikeng_45_1,backend_activity_csv,outputs\ib3a_rc_backend_activity_enriched_v1l2_osm_radar_evidence_qixing_lengshuikeng_full26\qixing_lengshuikeng_45_1_backend_activity_enriched_v1l2_osm_radar_evidence.csv,2024-08-25T00:06:25+00:00,2024-08-25T02:06:35+00:00,120.167,garmin_seconds,wind_direction_deg,MISSING,ACTIVITY_WINDOW_OUTSIDE_WEATHER_OBSERVATION_RANGE,weather\tw_weather_2026-05-01.sqlite3,weather_observations,,,,,,,,,,0,0,0,0,0,,,,,,,False,exact_activity_window; no station synthesized when evidence is unavailable,ACTIVITY_WINDOW_OUTSIDE_WEATHER_OBSERVATION_RANGE,False,Missing weather remains missing; no zero or calm fallback is created.
ib3w_activity_environment_window_adapter_v1,qixing_lengshuikeng_full26_backend_2024_v1,qixing_lengshuikeng_main_peak_20260523_osmrefresh_v1_3b,qixing_lengshuikeng_45_1,backend_activity_csv,outputs\ib3a_rc_backend_activity_enriched_v1l2_osm_radar_evidence_qixing_lengshuikeng_full26\qixing_lengshuikeng_45_1_backend_activity_enriched_v1l2_osm_radar_evidence.csv,2024-08-25T00:06:25+00:00,2024-08-25T02:06:35+00:00,120.167,garmin_seconds,pressure_hpa,MISSING,ACTIVITY_WINDOW_OUTSIDE_WEATHER_OBSERVATION_RANGE,weather\tw_weather_2026-05-01.sqlite3,weather_observations,,,,,,,,,,0,0,0,0,0,,,,,,,False,exact_activity_window; no station synthesized when evidence is unavailable,ACTIVITY_WINDOW_OUTSIDE_WEATHER_OBSERVATION_RANGE,False,Missing weather remains missing; no zero or calm fallback is created.
ib3w_activity_environment_window_adapter_v1,qixing_lengshuikeng_full26_backend_2024_v1,qixing_lengshuikeng_main_peak_20260523_osmrefresh_v1_3b,qixing_lengshuikeng_45_1,backend_activity_csv,outputs\ib3a_rc_backend_activity_enriched_v1l2_osm_radar_evidence_qixing_lengshuikeng_full26\qixing_lengshuikeng_45_1_backend_activity_enriched_v1l2_osm_radar_evidence.csv,2024-08-25T00:06:25+00:00,2024-08-25T02:06:35+00:00,120.167,garmin_seconds,visibility_m,MISSING,ACTIVITY_WINDOW_OUTSIDE_WEATHER_OBSERVATION_RANGE,weather\tw_weather_2026-05-01.sqlite3,weather_observations,,,,,,,,,,0,0,0,0,0,,,,,,,False,exact_activity_window; no station synthesized when evidence is unavailable,ACTIVITY_WINDOW_OUTSIDE_WEATHER_OBSERVATION_RANGE,False,Missing weather remains missing; no zero or calm fallback is created.
ib3w_activity_environment_window_adapter_v1,qixing_lengshuikeng_full26_backend_2024_v1,qixing_lengshuikeng_main_peak_20260523_osmrefresh_v1_3b,qixing_lengshuikeng_45_1,backend_activity_csv,outputs\ib3a_rc_backend_activity_enriched_v1l2_osm_radar_evidence_qixing_lengshuikeng_full26\qixing_lengshuikeng_45_1_backend_activity_enriched_v1l2_osm_radar_evidence.csv,2024-08-25T00:06:25+00:00,2024-08-25T02:06:35+00:00,120.167,garmin_seconds,weather,MISSING,ACTIVITY_WINDOW_OUTSIDE_WEATHER_OBSERVATION_RANGE,weather\tw_weather_2026-05-01.sqlite3,weather_observations,,,,,,,,,,0,0,0,0,0,,,,,,,False,exact_activity_window; no station synthesized when evidence is unavailable,ACTIVITY_WINDOW_OUTSIDE_WEATHER_OBSERVATION_RANGE,False,Missing weather remains missing; no zero or calm fallback is created.
ib3w_activity_environment_window_adapter_v1,qixing_lengshuikeng_full26_backend_2024_v1,qixing_lengshuikeng_main_peak_20260523_osmrefresh_v1_3b,qixing_lengshuikeng_46_1,backend_activity_csv,outputs\ib3a_rc_backend_activity_enriched_v1l2_osm_radar_evidence_qixing_lengshuikeng_full26\qixing_lengshuikeng_46_1_backend_activity_enriched_v1l2_osm_radar_evidence.csv,2024-08-26T00:45:41+00:00,2024-08-26T03:37:11+00:00,171.5,garmin_seconds,precipitation_mm,MISSING,ACTIVITY_WINDOW_OUTSIDE_WEATHER_OBSERVATION_RANGE,weather\tw_weather_2026-05-01.sqlite3,weather_observations,,,,,,,,,,0,0,0,0,0,,,,,,,False,exact_activity_window; no station synthesized when evidence is unavailable,ACTIVITY_WINDOW_OUTSIDE_WEATHER_OBSERVATION_RANGE,False,Missing weather remains missing; no zero or calm fallback is created.
ib3w_activity_environment_window_adapter_v1,qixing_lengshuikeng_full26_backend_2024_v1,qixing_lengshuikeng_main_peak_20260523_osmrefresh_v1_3b,qixing_lengshuikeng_46_1,backend_activity_csv,outputs\ib3a_rc_backend_activity_enriched_v1l2_osm_radar_evidence_qixing_lengshuikeng_full26\qixing_lengshuikeng_46_1_backend_activity_enriched_v1l2_osm_radar_evidence.csv,2024-08-26T00:45:41+00:00,2024-08-26T03:37:11+00:00,171.5,garmin_seconds,precipitation_10min_mm,MISSING,ACTIVITY_WINDOW_OUTSIDE_WEATHER_OBSERVATION_RANGE,weather\tw_weather_2026-05-01.sqlite3,weather_observations,,,,,,,,,,0,0,0,0,0,,,,,,,False,exact_activity_window; no station synthesized when evidence is unavailable,ACTIVITY_WINDOW_OUTSIDE_WEATHER_OBSERVATION_RANGE,False,Missing weather remains missing; no zero or calm fallback is created.
ib3w_activity_environment_window_adapter_v1,qixing_lengshuikeng_full26_backend_2024_v1,qixing_lengshuikeng_main_peak_20260523_osmrefresh_v1_3b,qixing_lengshuikeng_46_1,backend_activity_csv,outputs\ib3a_rc_backend_activity_enriched_v1l2_osm_radar_evidence_qixing_lengshuikeng_full26\qixing_lengshuikeng_46_1_backend_activity_enriched_v1l2_osm_radar_evidence.csv,2024-08-26T00:45:41+00:00,2024-08-26T03:37:11+00:00,171.5,garmin_seconds,precipitation_1hr_mm,MISSING,ACTIVITY_WINDOW_OUTSIDE_WEATHER_OBSERVATION_RANGE,weather\tw_weather_2026-05-01.sqlite3,weather_observations,,,,,,,,,,0,0,0,0,0,,,,,,,False,exact_activity_window; no station synthesized when evidence is unavailable,ACTIVITY_WINDOW_OUTSIDE_WEATHER_OBSERVATION_RANGE,False,Missing weather remains missing; no zero or calm fallback is created.
ib3w_activity_environment_window_adapter_v1,qixing_lengshuikeng_full26_backend_2024_v1,qixing_lengshuikeng_main_peak_20260523_osmrefresh_v1_3b,qixing_lengshuikeng_46_1,backend_activity_csv,outputs\ib3a_rc_backend_activity_enriched_v1l2_osm_radar_evidence_qixing_lengshuikeng_full26\qixing_lengshuikeng_46_1_backend_activity_enriched_v1l2_osm_radar_evidence.csv,2024-08-26T00:45:41+00:00,2024-08-26T03:37:11+00:00,171.5,garmin_seconds,temperature_c,MISSING,ACTIVITY_WINDOW_OUTSIDE_WEATHER_OBSERVATION_RANGE,weather\tw_weather_2026-05-01.sqlite3,weather_observations,,,,,,,,,,0,0,0,0,0,,,,,,,False,exact_activity_window; no station synthesized when evidence is unavailable,ACTIVITY_WINDOW_OUTSIDE_WEATHER_OBSERVATION_RANGE,False,Missing weather remains missing; no zero or calm fallback is created.
ib3w_activity_environment_window_adapter_v1,qixing_lengshuikeng_full26_backend_2024_v1,qixing_lengshuikeng_main_peak_20260523_osmrefresh_v1_3b,qixing_lengshuikeng_46_1,backend_activity_csv,outputs\ib3a_rc_backend_activity_enriched_v1l2_osm_radar_evidence_qixing_lengshuikeng_full26\qixing_lengshuikeng_46_1_backend_activity_enriched_v1l2_osm_radar_evidence.csv,2024-08-26T00:45:41+00:00,2024-08-26T03:37:11+00:00,171.5,garmin_seconds,relative_humidity_pct,MISSING,ACTIVITY_WINDOW_OUTSIDE_WEATHER_OBSERVATION_RANGE,weather\tw_weather_2026-05-01.sqlite3,weather_observations,,,,,,,,,,0,0,0,0,0,,,,,,,False,exact_activity_window; no station synthesized when evidence is unavailable,ACTIVITY_WINDOW_OUTSIDE_WEATHER_OBSERVATION_RANGE,False,Missing weather remains missing; no zero or calm fallback is created.
ib3w_activity_environment_window_adapter_v1,qixing_lengshuikeng_full26_backend_2024_v1,qixing_lengshuikeng_main_peak_20260523_osmrefresh_v1_3b,qixing_lengshuikeng_46_1,backend_activity_csv,outputs\ib3a_rc_backend_activity_enriched_v1l2_osm_radar_evidence_qixing_lengshuikeng_full26\qixing_lengshuikeng_46_1_backend_activity_enriched_v1l2_osm_radar_evidence.csv,2024-08-26T00:45:41+00:00,2024-08-26T03:37:11+00:00,171.5,garmin_seconds,wind_speed_ms,MISSING,ACTIVITY_WINDOW_OUTSIDE_WEATHER_OBSERVATION_RANGE,weather\tw_weather_2026-05-01.sqlite3,weather_observations,,,,,,,,,,0,0,0,0,0,,,,,,,False,exact_activity_window; no station synthesized when evidence is unavailable,ACTIVITY_WINDOW_OUTSIDE_WEATHER_OBSERVATION_RANGE,False,Missing weather remains missing; no zero or calm fallback is created.
ib3w_activity_environment_window_adapter_v1,qixing_lengshuikeng_full26_backend_2024_v1,qixing_lengshuikeng_main_peak_20260523_osmrefresh_v1_3b,qixing_lengshuikeng_46_1,backend_activity_csv,outputs\ib3a_rc_backend_activity_enriched_v1l2_osm_radar_evidence_qixing_lengshuikeng_full26\qixing_lengshuikeng_46_1_backend_activity_enriched_v1l2_osm_radar_evidence.csv,2024-08-26T00:45:41+00:00,2024-08-26T03:37:11+00:00,171.5,garmin_seconds,wind_direction_deg,MISSING,ACTIVITY_WINDOW_OUTSIDE_WEATHER_OBSERVATION_RANGE,weather\tw_weather_2026-05-01.sqlite3,weather_observations,,,,,,,,,,0,0,0,0,0,,,,,,,False,exact_activity_window; no station synthesized when evidence is unavailable,ACTIVITY_WINDOW_OUTSIDE_WEATHER_OBSERVATION_RANGE,False,Missing weather remains missing; no zero or calm fallback is created.
ib3w_activity_environment_window_adapter_v1,qixing_lengshuikeng_full26_backend_2024_v1,qixing_lengshuikeng_main_peak_20260523_osmrefresh_v1_3b,qixing_lengshuikeng_46_1,backend_activity_csv,outputs\ib3a_rc_backend_activity_enriched_v1l2_osm_radar_evidence_qixing_lengshuikeng_full26\qixing_lengshuikeng_46_1_backend_activity_enriched_v1l2_osm_radar_evidence.csv,2024-08-26T00:45:41+00:00,2024-08-26T03:37:11+00:00,171.5,garmin_seconds,pressure_hpa,MISSING,ACTIVITY_WINDOW_OUTSIDE_WEATHER_OBSERVATION_RANGE,weather\tw_weather_2026-05-01.sqlite3,weather_observations,,,,,,,,,,0,0,0,0,0,,,,,,,False,exact_activity_window; no station synthesized when evidence is unavailable,ACTIVITY_WINDOW_OUTSIDE_WEATHER_OBSERVATION_RANGE,False,Missing weather remains missing; no zero or calm fallback is created.
ib3w_activity_environment_window_adapter_v1,qixing_lengshuikeng_full26_backend_2024_v1,qixing_lengshuikeng_main_peak_20260523_osmrefresh_v1_3b,qixing_lengshuikeng_46_1,backend_activity_csv,outputs\ib3a_rc_backend_activity_enriched_v1l2_osm_radar_evidence_qixing_lengshuikeng_full26\qixing_lengshuikeng_46_1_backend_activity_enriched_v1l2_osm_radar_evidence.csv,2024-08-26T00:45:41+00:00,2024-08-26T03:37:11+00:00,171.5,garmin_seconds,visibility_m,MISSING,ACTIVITY_WINDOW_OUTSIDE_WEATHER_OBSERVATION_RANGE,weather\tw_weather_2026-05-01.sqlite3,weather_observations,,,,,,,,,,0,0,0,0,0,,,,,,,False,exact_activity_window; no station synthesized when evidence is unavailable,ACTIVITY_WINDOW_OUTSIDE_WEATHER_OBSERVATION_RANGE,False,Missing weather remains missing; no zero or calm fallback is created.
ib3w_activity_environment_window_adapter_v1,qixing_lengshuikeng_full26_backend_2024_v1,qixing_lengshuikeng_main_peak_20260523_osmrefresh_v1_3b,qixing_lengshuikeng_46_1,backend_activity_csv,outputs\ib3a_rc_backend_activity_enriched_v1l2_osm_radar_evidence_qixing_lengshuikeng_full26\qixing_lengshuikeng_46_1_backend_activity_enriched_v1l2_osm_radar_evidence.csv,2024-08-26T00:45:41+00:00,2024-08-26T03:37:11+00:00,171.5,garmin_seconds,weather,MISSING,ACTIVITY_WINDOW_OUTSIDE_WEATHER_OBSERVATION_RANGE,weather\tw_weather_2026-05-01.sqlite3,weather_observations,,,,,,,,,,0,0,0,0,0,,,,,,,False,exact_activity_window; no station synthesized when evidence is unavailable,ACTIVITY_WINDOW_OUTSIDE_WEATHER_OBSERVATION_RANGE,False,Missing weather remains missing; no zero or calm fallback is created.
ib3w_activity_environment_window_adapter_v1,qixing_lengshuikeng_full26_backend_2024_v1,qixing_lengshuikeng_main_peak_20260523_osmrefresh_v1_3b,qixing_lengshuikeng_48_1,backend_activity_csv,outputs\ib3a_rc_backend_activity_enriched_v1l2_osm_radar_evidence_qixing_lengshuikeng_full26\qixing_lengshuikeng_48_1_backend_activity_enriched_v1l2_osm_radar_evidence.csv,2024-08-19T00:42:09+00:00,2024-08-19T03:54:56+00:00,192.783,garmin_seconds,precipitation_mm,MISSING,ACTIVITY_WINDOW_OUTSIDE_WEATHER_OBSERVATION_RANGE,weather\tw_weather_2026-05-01.sqlite3,weather_observations,,,,,,,,,,0,0,0,0,0,,,,,,,False,exact_activity_window; no station synthesized when evidence is unavailable,ACTIVITY_WINDOW_OUTSIDE_WEATHER_OBSERVATION_RANGE,False,Missing weather remains missing; no zero or calm fallback is created.
ib3w_activity_environment_window_adapter_v1,qixing_lengshuikeng_full26_backend_2024_v1,qixing_lengshuikeng_main_peak_20260523_osmrefresh_v1_3b,qixing_lengshuikeng_48_1,backend_activity_csv,outputs\ib3a_rc_backend_activity_enriched_v1l2_osm_radar_evidence_qixing_lengshuikeng_full26\qixing_lengshuikeng_48_1_backend_activity_enriched_v1l2_osm_radar_evidence.csv,2024-08-19T00:42:09+00:00,2024-08-19T03:54:56+00:00,192.783,garmin_seconds,precipitation_10min_mm,MISSING,ACTIVITY_WINDOW_OUTSIDE_WEATHER_OBSERVATION_RANGE,weather\tw_weather_2026-05-01.sqlite3,weather_observations,,,,,,,,,,0,0,0,0,0,,,,,,,False,exact_activity_window; no station synthesized when evidence is unavailable,ACTIVITY_WINDOW_OUTSIDE_WEATHER_OBSERVATION_RANGE,False,Missing weather remains missing; no zero or calm fallback is created.
ib3w_activity_environment_window_adapter_v1,qixing_lengshuikeng_full26_backend_2024_v1,qixing_lengshuikeng_main_peak_20260523_osmrefresh_v1_3b,qixing_lengshuikeng_48_1,backend_activity_csv,outputs\ib3a_rc_backend_activity_enriched_v1l2_osm_radar_evidence_qixing_lengshuikeng_full26\qixing_lengshuikeng_48_1_backend_activity_enriched_v1l2_osm_radar_evidence.csv,2024-08-19T00:42:09+00:00,2024-08-19T03:54:56+00:00,192.783,garmin_seconds,precipitation_1hr_mm,MISSING,ACTIVITY_WINDOW_OUTSIDE_WEATHER_OBSERVATION_RANGE,weather\tw_weather_2026-05-01.sqlite3,weather_observations,,,,,,,,,,0,0,0,0,0,,,,,,,False,exact_activity_window; no station synthesized when evidence is unavailable,ACTIVITY_WINDOW_OUTSIDE_WEATHER_OBSERVATION_RANGE,False,Missing weather remains missing; no zero or calm fallback is created.
ib3w_activity_environment_window_adapter_v1,qixing_lengshuikeng_full26_backend_2024_v1,qixing_lengshuikeng_main_peak_20260523_osmrefresh_v1_3b,qixing_lengshuikeng_48_1,backend_activity_csv,outputs\ib3a_rc_backend_activity_enriched_v1l2_osm_radar_evidence_qixing_lengshuikeng_full26\qixing_lengshuikeng_48_1_backend_activity_enriched_v1l2_osm_radar_evidence.csv,2024-08-19T00:42:09+00:00,2024-08-19T03:54:56+00:00,192.783,garmin_seconds,temperature_c,MISSING,ACTIVITY_WINDOW_OUTSIDE_WEATHER_OBSERVATION_RANGE,weather\tw_weather_2026-05-01.sqlite3,weather_observations,,,,,,,,,,0,0,0,0,0,,,,,,,False,exact_activity_window; no station synthesized when evidence is unavailable,ACTIVITY_WINDOW_OUTSIDE_WEATHER_OBSERVATION_RANGE,False,Missing weather remains missing; no zero or calm fallback is created.
ib3w_activity_environment_window_adapter_v1,qixing_lengshuikeng_full26_backend_2024_v1,qixing_lengshuikeng_main_peak_20260523_osmrefresh_v1_3b,qixing_lengshuikeng_48_1,backend_activity_csv,outputs\ib3a_rc_backend_activity_enriched_v1l2_osm_radar_evidence_qixing_lengshuikeng_full26\qixing_lengshuikeng_48_1_backend_activity_enriched_v1l2_osm_radar_evidence.csv,2024-08-19T00:42:09+00:00,2024-08-19T03:54:56+00:00,192.783,garmin_seconds,relative_humidity_pct,MISSING,ACTIVITY_WINDOW_OUTSIDE_WEATHER_OBSERVATION_RANGE,weather\tw_weather_2026-05-01.sqlite3,weather_observations,,,,,,,,,,0,0,0,0,0,,,,,,,False,exact_activity_window; no station synthesized when evidence is unavailable,ACTIVITY_WINDOW_OUTSIDE_WEATHER_OBSERVATION_RANGE,False,Missing weather remains missing; no zero or calm fallback is created.
ib3w_activity_environment_window_adapter_v1,qixing_lengshuikeng_full26_backend_2024_v1,qixing_lengshuikeng_main_peak_20260523_osmrefresh_v1_3b,qixing_lengshuikeng_48_1,backend_activity_csv,outputs\ib3a_rc_backend_activity_enriched_v1l2_osm_radar_evidence_qixing_lengshuikeng_full26\qixing_lengshuikeng_48_1_backend_activity_enriched_v1l2_osm_radar_evidence.csv,2024-08-19T00:42:09+00:00,2024-08-19T03:54:56+00:00,192.783,garmin_seconds,wind_speed_ms,MISSING,ACTIVITY_WINDOW_OUTSIDE_WEATHER_OBSERVATION_RANGE,weather\tw_weather_2026-05-01.sqlite3,weather_observations,,,,,,,,,,0,0,0,0,0,,,,,,,False,exact_activity_window; no station synthesized when evidence is unavailable,ACTIVITY_WINDOW_OUTSIDE_WEATHER_OBSERVATION_RANGE,False,Missing weather remains missing; no zero or calm fallback is created.
ib3w_activity_environment_window_adapter_v1,qixing_lengshuikeng_full26_backend_2024_v1,qixing_lengshuikeng_main_peak_20260523_osmrefresh_v1_3b,qixing_lengshuikeng_48_1,backend_activity_csv,outputs\ib3a_rc_backend_activity_enriched_v1l2_osm_radar_evidence_qixing_lengshuikeng_full26\qixing_lengshuikeng_48_1_backend_activity_enriched_v1l2_osm_radar_evidence.csv,2024-08-19T00:42:09+00:00,2024-08-19T03:54:56+00:00,192.783,garmin_seconds,wind_direction_deg,MISSING,ACTIVITY_WINDOW_OUTSIDE_WEATHER_OBSERVATION_RANGE,weather\tw_weather_2026-05-01.sqlite3,weather_observations,,,,,,,,,,0,0,0,0,0,,,,,,,False,exact_activity_window; no station synthesized when evidence is unavailable,ACTIVITY_WINDOW_OUTSIDE_WEATHER_OBSERVATION_RANGE,False,Missing weather remains missing; no zero or calm fallback is created.
ib3w_activity_environment_window_adapter_v1,qixing_lengshuikeng_full26_backend_2024_v1,qixing_lengshuikeng_main_peak_20260523_osmrefresh_v1_3b,qixing_lengshuikeng_48_1,backend_activity_csv,outputs\ib3a_rc_backend_activity_enriched_v1l2_osm_radar_evidence_qixing_lengshuikeng_full26\qixing_lengshuikeng_48_1_backend_activity_enriched_v1l2_osm_radar_evidence.csv,2024-08-19T00:42:09+00:00,2024-08-19T03:54:56+00:00,192.783,garmin_seconds,pressure_hpa,MISSING,ACTIVITY_WINDOW_OUTSIDE_WEATHER_OBSERVATION_RANGE,weather\tw_weather_2026-05-01.sqlite3,weather_observations,,,,,,,,,,0,0,0,0,0,,,,,,,False,exact_activity_window; no station synthesized when evidence is unavailable,ACTIVITY_WINDOW_OUTSIDE_WEATHER_OBSERVATION_RANGE,False,Missing weather remains missing; no zero or calm fallback is created.
ib3w_activity_environment_window_adapter_v1,qixing_lengshuikeng_full26_backend_2024_v1,qixing_lengshuikeng_main_peak_20260523_osmrefresh_v1_3b,qixing_lengshuikeng_48_1,backend_activity_csv,outputs\ib3a_rc_backend_activity_enriched_v1l2_osm_radar_evidence_qixing_lengshuikeng_full26\qixing_lengshuikeng_48_1_backend_activity_enriched_v1l2_osm_radar_evidence.csv,2024-08-19T00:42:09+00:00,2024-08-19T03:54:56+00:00,192.783,garmin_seconds,visibility_m,MISSING,ACTIVITY_WINDOW_OUTSIDE_WEATHER_OBSERVATION_RANGE,weather\tw_weather_2026-05-01.sqlite3,weather_observations,,,,,,,,,,0,0,0,0,0,,,,,,,False,exact_activity_window; no station synthesized when evidence is unavailable,ACTIVITY_WINDOW_OUTSIDE_WEATHER_OBSERVATION_RANGE,False,Missing weather remains missing; no zero or calm fallback is created.
ib3w_activity_environment_window_adapter_v1,qixing_lengshuikeng_full26_backend_2024_v1,qixing_lengshuikeng_main_peak_20260523_osmrefresh_v1_3b,qixing_lengshuikeng_48_1,backend_activity_csv,outputs\ib3a_rc_backend_activity_enriched_v1l2_osm_radar_evidence_qixing_lengshuikeng_full26\qixing_lengshuikeng_48_1_backend_activity_enriched_v1l2_osm_radar_evidence.csv,2024-08-19T00:42:09+00:00,2024-08-19T03:54:56+00:00,192.783,garmin_seconds,weather,MISSING,ACTIVITY_WINDOW_OUTSIDE_WEATHER_OBSERVATION_RANGE,weather\tw_weather_2026-05-01.sqlite3,weather_observations,,,,,,,,,,0,0,0,0,0,,,,,,,False,exact_activity_window; no station synthesized when evidence is unavailable,ACTIVITY_WINDOW_OUTSIDE_WEATHER_OBSERVATION_RANGE,False,Missing weather remains missing; no zero or calm fallback is created.
ib3w_activity_environment_window_adapter_v1,qixing_lengshuikeng_full26_backend_2024_v1,qixing_lengshuikeng_main_peak_20260523_osmrefresh_v1_3b,qixing_lengshuikeng_6_1,backend_activity_csv,outputs\ib3a_rc_backend_activity_enriched_v1l2_osm_radar_evidence_qixing_lengshuikeng_full26\qixing_lengshuikeng_6_1_backend_activity_enriched_v1l2_osm_radar_evidence.csv,2024-07-22T01:28:43+00:00,2024-07-22T04:47:53+00:00,199.167,garmin_seconds,precipitation_mm,MISSING,ACTIVITY_WINDOW_OUTSIDE_WEATHER_OBSERVATION_RANGE,weather\tw_weather_2026-05-01.sqlite3,weather_observations,,,,,,,,,,0,0,0,0,0,,,,,,,False,exact_activity_window; no station synthesized when evidence is unavailable,ACTIVITY_WINDOW_OUTSIDE_WEATHER_OBSERVATION_RANGE,False,Missing weather remains missing; no zero or calm fallback is created.
ib3w_activity_environment_window_adapter_v1,qixing_lengshuikeng_full26_backend_2024_v1,qixing_lengshuikeng_main_peak_20260523_osmrefresh_v1_3b,qixing_lengshuikeng_6_1,backend_activity_csv,outputs\ib3a_rc_backend_activity_enriched_v1l2_osm_radar_evidence_qixing_lengshuikeng_full26\qixing_lengshuikeng_6_1_backend_activity_enriched_v1l2_osm_radar_evidence.csv,2024-07-22T01:28:43+00:00,2024-07-22T04:47:53+00:00,199.167,garmin_seconds,precipitation_10min_mm,MISSING,ACTIVITY_WINDOW_OUTSIDE_WEATHER_OBSERVATION_RANGE,weather\tw_weather_2026-05-01.sqlite3,weather_observations,,,,,,,,,,0,0,0,0,0,,,,,,,False,exact_activity_window; no station synthesized when evidence is unavailable,ACTIVITY_WINDOW_OUTSIDE_WEATHER_OBSERVATION_RANGE,False,Missing weather remains missing; no zero or calm fallback is created.
ib3w_activity_environment_window_adapter_v1,qixing_lengshuikeng_full26_backend_2024_v1,qixing_lengshuikeng_main_peak_20260523_osmrefresh_v1_3b,qixing_lengshuikeng_6_1,backend_activity_csv,outputs\ib3a_rc_backend_activity_enriched_v1l2_osm_radar_evidence_qixing_lengshuikeng_full26\qixing_lengshuikeng_6_1_backend_activity_enriched_v1l2_osm_radar_evidence.csv,2024-07-22T01:28:43+00:00,2024-07-22T04:47:53+00:00,199.167,garmin_seconds,precipitation_1hr_mm,MISSING,ACTIVITY_WINDOW_OUTSIDE_WEATHER_OBSERVATION_RANGE,weather\tw_weather_2026-05-01.sqlite3,weather_observations,,,,,,,,,,0,0,0,0,0,,,,,,,False,exact_activity_window; no station synthesized when evidence is unavailable,ACTIVITY_WINDOW_OUTSIDE_WEATHER_OBSERVATION_RANGE,False,Missing weather remains missing; no zero or calm fallback is created.
ib3w_activity_environment_window_adapter_v1,qixing_lengshuikeng_full26_backend_2024_v1,qixing_lengshuikeng_main_peak_20260523_osmrefresh_v1_3b,qixing_lengshuikeng_6_1,backend_activity_csv,outputs\ib3a_rc_backend_activity_enriched_v1l2_osm_radar_evidence_qixing_lengshuikeng_full26\qixing_lengshuikeng_6_1_backend_activity_enriched_v1l2_osm_radar_evidence.csv,2024-07-22T01:28:43+00:00,2024-07-22T04:47:53+00:00,199.167,garmin_seconds,temperature_c,MISSING,ACTIVITY_WINDOW_OUTSIDE_WEATHER_OBSERVATION_RANGE,weather\tw_weather_2026-05-01.sqlite3,weather_observations,,,,,,,,,,0,0,0,0,0,,,,,,,False,exact_activity_window; no station synthesized when evidence is unavailable,ACTIVITY_WINDOW_OUTSIDE_WEATHER_OBSERVATION_RANGE,False,Missing weather remains missing; no zero or calm fallback is created.
ib3w_activity_environment_window_adapter_v1,qixing_lengshuikeng_full26_backend_2024_v1,qixing_lengshuikeng_main_peak_20260523_osmrefresh_v1_3b,qixing_lengshuikeng_6_1,backend_activity_csv,outputs\ib3a_rc_backend_activity_enriched_v1l2_osm_radar_evidence_qixing_lengshuikeng_full26\qixing_lengshuikeng_6_1_backend_activity_enriched_v1l2_osm_radar_evidence.csv,2024-07-22T01:28:43+00:00,2024-07-22T04:47:53+00:00,199.167,garmin_seconds,relative_humidity_pct,MISSING,ACTIVITY_WINDOW_OUTSIDE_WEATHER_OBSERVATION_RANGE,weather\tw_weather_2026-05-01.sqlite3,weather_observations,,,,,,,,,,0,0,0,0,0,,,,,,,False,exact_activity_window; no station synthesized when evidence is unavailable,ACTIVITY_WINDOW_OUTSIDE_WEATHER_OBSERVATION_RANGE,False,Missing weather remains missing; no zero or calm fallback is created.
ib3w_activity_environment_window_adapter_v1,qixing_lengshuikeng_full26_backend_2024_v1,qixing_lengshuikeng_main_peak_20260523_osmrefresh_v1_3b,qixing_lengshuikeng_6_1,backend_activity_csv,outputs\ib3a_rc_backend_activity_enriched_v1l2_osm_radar_evidence_qixing_lengshuikeng_full26\qixing_lengshuikeng_6_1_backend_activity_enriched_v1l2_osm_radar_evidence.csv,2024-07-22T01:28:43+00:00,2024-07-22T04:47:53+00:00,199.167,garmin_seconds,wind_speed_ms,MISSING,ACTIVITY_WINDOW_OUTSIDE_WEATHER_OBSERVATION_RANGE,weather\tw_weather_2026-05-01.sqlite3,weather_observations,,,,,,,,,,0,0,0,0,0,,,,,,,False,exact_activity_window; no station synthesized when evidence is unavailable,ACTIVITY_WINDOW_OUTSIDE_WEATHER_OBSERVATION_RANGE,False,Missing weather remains missing; no zero or calm fallback is created.
ib3w_activity_environment_window_adapter_v1,qixing_lengshuikeng_full26_backend_2024_v1,qixing_lengshuikeng_main_peak_20260523_osmrefresh_v1_3b,qixing_lengshuikeng_6_1,backend_activity_csv,outputs\ib3a_rc_backend_activity_enriched_v1l2_osm_radar_evidence_qixing_lengshuikeng_full26\qixing_lengshuikeng_6_1_backend_activity_enriched_v1l2_osm_radar_evidence.csv,2024-07-22T01:28:43+00:00,2024-07-22T04:47:53+00:00,199.167,garmin_seconds,wind_direction_deg,MISSING,ACTIVITY_WINDOW_OUTSIDE_WEATHER_OBSERVATION_RANGE,weather\tw_weather_2026-05-01.sqlite3,weather_observations,,,,,,,,,,0,0,0,0,0,,,,,,,False,exact_activity_window; no station synthesized when evidence is unavailable,ACTIVITY_WINDOW_OUTSIDE_WEATHER_OBSERVATION_RANGE,False,Missing weather remains missing; no zero or calm fallback is created.
ib3w_activity_environment_window_adapter_v1,qixing_lengshuikeng_full26_backend_2024_v1,qixing_lengshuikeng_main_peak_20260523_osmrefresh_v1_3b,qixing_lengshuikeng_6_1,backend_activity_csv,outputs\ib3a_rc_backend_activity_enriched_v1l2_osm_radar_evidence_qixing_lengshuikeng_full26\qixing_lengshuikeng_6_1_backend_activity_enriched_v1l2_osm_radar_evidence.csv,2024-07-22T01:28:43+00:00,2024-07-22T04:47:53+00:00,199.167,garmin_seconds,pressure_hpa,MISSING,ACTIVITY_WINDOW_OUTSIDE_WEATHER_OBSERVATION_RANGE,weather\tw_weather_2026-05-01.sqlite3,weather_observations,,,,,,,,,,0,0,0,0,0,,,,,,,False,exact_activity_window; no station synthesized when evidence is unavailable,ACTIVITY_WINDOW_OUTSIDE_WEATHER_OBSERVATION_RANGE,False,Missing weather remains missing; no zero or calm fallback is created.
ib3w_activity_environment_window_adapter_v1,qixing_lengshuikeng_full26_backend_2024_v1,qixing_lengshuikeng_main_peak_20260523_osmrefresh_v1_3b,qixing_lengshuikeng_6_1,backend_activity_csv,outputs\ib3a_rc_backend_activity_enriched_v1l2_osm_radar_evidence_qixing_lengshuikeng_full26\qixing_lengshuikeng_6_1_backend_activity_enriched_v1l2_osm_radar_evidence.csv,2024-07-22T01:28:43+00:00,2024-07-22T04:47:53+00:00,199.167,garmin_seconds,visibility_m,MISSING,ACTIVITY_WINDOW_OUTSIDE_WEATHER_OBSERVATION_RANGE,weather\tw_weather_2026-05-01.sqlite3,weather_observations,,,,,,,,,,0,0,0,0,0,,,,,,,False,exact_activity_window; no station synthesized when evidence is unavailable,ACTIVITY_WINDOW_OUTSIDE_WEATHER_OBSERVATION_RANGE,False,Missing weather remains missing; no zero or calm fallback is created.
ib3w_activity_environment_window_adapter_v1,qixing_lengshuikeng_full26_backend_2024_v1,qixing_lengshuikeng_main_peak_20260523_osmrefresh_v1_3b,qixing_lengshuikeng_6_1,backend_activity_csv,outputs\ib3a_rc_backend_activity_enriched_v1l2_osm_radar_evidence_qixing_lengshuikeng_full26\qixing_lengshuikeng_6_1_backend_activity_enriched_v1l2_osm_radar_evidence.csv,2024-07-22T01:28:43+00:00,2024-07-22T04:47:53+00:00,199.167,garmin_seconds,weather,MISSING,ACTIVITY_WINDOW_OUTSIDE_WEATHER_OBSERVATION_RANGE,weather\tw_weather_2026-05-01.sqlite3,weather_observations,,,,,,,,,,0,0,0,0,0,,,,,,,False,exact_activity_window; no station synthesized when evidence is unavailable,ACTIVITY_WINDOW_OUTSIDE_WEATHER_OBSERVATION_RANGE,False,Missing weather remains missing; no zero or calm fallback is created.
ib3w_activity_environment_window_adapter_v1,qixing_lengshuikeng_full26_backend_2024_v1,qixing_lengshuikeng_main_peak_20260523_osmrefresh_v1_3b,qixing_lengshuikeng_8_1,backend_activity_csv,outputs\ib3a_rc_backend_activity_enriched_v1l2_osm_radar_evidence_qixing_lengshuikeng_full26\qixing_lengshuikeng_8_1_backend_activity_enriched_v1l2_osm_radar_evidence.csv,2024-08-11T00:55:44+00:00,2024-08-11T03:15:57+00:00,140.217,garmin_seconds,precipitation_mm,MISSING,ACTIVITY_WINDOW_OUTSIDE_WEATHER_OBSERVATION_RANGE,weather\tw_weather_2026-05-01.sqlite3,weather_observations,,,,,,,,,,0,0,0,0,0,,,,,,,False,exact_activity_window; no station synthesized when evidence is unavailable,ACTIVITY_WINDOW_OUTSIDE_WEATHER_OBSERVATION_RANGE,False,Missing weather remains missing; no zero or calm fallback is created.
ib3w_activity_environment_window_adapter_v1,qixing_lengshuikeng_full26_backend_2024_v1,qixing_lengshuikeng_main_peak_20260523_osmrefresh_v1_3b,qixing_lengshuikeng_8_1,backend_activity_csv,outputs\ib3a_rc_backend_activity_enriched_v1l2_osm_radar_evidence_qixing_lengshuikeng_full26\qixing_lengshuikeng_8_1_backend_activity_enriched_v1l2_osm_radar_evidence.csv,2024-08-11T00:55:44+00:00,2024-08-11T03:15:57+00:00,140.217,garmin_seconds,precipitation_10min_mm,MISSING,ACTIVITY_WINDOW_OUTSIDE_WEATHER_OBSERVATION_RANGE,weather\tw_weather_2026-05-01.sqlite3,weather_observations,,,,,,,,,,0,0,0,0,0,,,,,,,False,exact_activity_window; no station synthesized when evidence is unavailable,ACTIVITY_WINDOW_OUTSIDE_WEATHER_OBSERVATION_RANGE,False,Missing weather remains missing; no zero or calm fallback is created.
ib3w_activity_environment_window_adapter_v1,qixing_lengshuikeng_full26_backend_2024_v1,qixing_lengshuikeng_main_peak_20260523_osmrefresh_v1_3b,qixing_lengshuikeng_8_1,backend_activity_csv,outputs\ib3a_rc_backend_activity_enriched_v1l2_osm_radar_evidence_qixing_lengshuikeng_full26\qixing_lengshuikeng_8_1_backend_activity_enriched_v1l2_osm_radar_evidence.csv,2024-08-11T00:55:44+00:00,2024-08-11T03:15:57+00:00,140.217,garmin_seconds,precipitation_1hr_mm,MISSING,ACTIVITY_WINDOW_OUTSIDE_WEATHER_OBSERVATION_RANGE,weather\tw_weather_2026-05-01.sqlite3,weather_observations,,,,,,,,,,0,0,0,0,0,,,,,,,False,exact_activity_window; no station synthesized when evidence is unavailable,ACTIVITY_WINDOW_OUTSIDE_WEATHER_OBSERVATION_RANGE,False,Missing weather remains missing; no zero or calm fallback is created.
ib3w_activity_environment_window_adapter_v1,qixing_lengshuikeng_full26_backend_2024_v1,qixing_lengshuikeng_main_peak_20260523_osmrefresh_v1_3b,qixing_lengshuikeng_8_1,backend_activity_csv,outputs\ib3a_rc_backend_activity_enriched_v1l2_osm_radar_evidence_qixing_lengshuikeng_full26\qixing_lengshuikeng_8_1_backend_activity_enriched_v1l2_osm_radar_evidence.csv,2024-08-11T00:55:44+00:00,2024-08-11T03:15:57+00:00,140.217,garmin_seconds,temperature_c,MISSING,ACTIVITY_WINDOW_OUTSIDE_WEATHER_OBSERVATION_RANGE,weather\tw_weather_2026-05-01.sqlite3,weather_observations,,,,,,,,,,0,0,0,0,0,,,,,,,False,exact_activity_window; no station synthesized when evidence is unavailable,ACTIVITY_WINDOW_OUTSIDE_WEATHER_OBSERVATION_RANGE,False,Missing weather remains missing; no zero or calm fallback is created.
ib3w_activity_environment_window_adapter_v1,qixing_lengshuikeng_full26_backend_2024_v1,qixing_lengshuikeng_main_peak_20260523_osmrefresh_v1_3b,qixing_lengshuikeng_8_1,backend_activity_csv,outputs\ib3a_rc_backend_activity_enriched_v1l2_osm_radar_evidence_qixing_lengshuikeng_full26\qixing_lengshuikeng_8_1_backend_activity_enriched_v1l2_osm_radar_evidence.csv,2024-08-11T00:55:44+00:00,2024-08-11T03:15:57+00:00,140.217,garmin_seconds,relative_humidity_pct,MISSING,ACTIVITY_WINDOW_OUTSIDE_WEATHER_OBSERVATION_RANGE,weather\tw_weather_2026-05-01.sqlite3,weather_observations,,,,,,,,,,0,0,0,0,0,,,,,,,False,exact_activity_window; no station synthesized when evidence is unavailable,ACTIVITY_WINDOW_OUTSIDE_WEATHER_OBSERVATION_RANGE,False,Missing weather remains missing; no zero or calm fallback is created.
ib3w_activity_environment_window_adapter_v1,qixing_lengshuikeng_full26_backend_2024_v1,qixing_lengshuikeng_main_peak_20260523_osmrefresh_v1_3b,qixing_lengshuikeng_8_1,backend_activity_csv,outputs\ib3a_rc_backend_activity_enriched_v1l2_osm_radar_evidence_qixing_lengshuikeng_full26\qixing_lengshuikeng_8_1_backend_activity_enriched_v1l2_osm_radar_evidence.csv,2024-08-11T00:55:44+00:00,2024-08-11T03:15:57+00:00,140.217,garmin_seconds,wind_speed_ms,MISSING,ACTIVITY_WINDOW_OUTSIDE_WEATHER_OBSERVATION_RANGE,weather\tw_weather_2026-05-01.sqlite3,weather_observations,,,,,,,,,,0,0,0,0,0,,,,,,,False,exact_activity_window; no station synthesized when evidence is unavailable,ACTIVITY_WINDOW_OUTSIDE_WEATHER_OBSERVATION_RANGE,False,Missing weather remains missing; no zero or calm fallback is created.
ib3w_activity_environment_window_adapter_v1,qixing_lengshuikeng_full26_backend_2024_v1,qixing_lengshuikeng_main_peak_20260523_osmrefresh_v1_3b,qixing_lengshuikeng_8_1,backend_activity_csv,outputs\ib3a_rc_backend_activity_enriched_v1l2_osm_radar_evidence_qixing_lengshuikeng_full26\qixing_lengshuikeng_8_1_backend_activity_enriched_v1l2_osm_radar_evidence.csv,2024-08-11T00:55:44+00:00,2024-08-11T03:15:57+00:00,140.217,garmin_seconds,wind_direction_deg,MISSING,ACTIVITY_WINDOW_OUTSIDE_WEATHER_OBSERVATION_RANGE,weather\tw_weather_2026-05-01.sqlite3,weather_observations,,,,,,,,,,0,0,0,0,0,,,,,,,False,exact_activity_window; no station synthesized when evidence is unavailable,ACTIVITY_WINDOW_OUTSIDE_WEATHER_OBSERVATION_RANGE,False,Missing weather remains missing; no zero or calm fallback is created.
ib3w_activity_environment_window_adapter_v1,qixing_lengshuikeng_full26_backend_2024_v1,qixing_lengshuikeng_main_peak_20260523_osmrefresh_v1_3b,qixing_lengshuikeng_8_1,backend_activity_csv,outputs\ib3a_rc_backend_activity_enriched_v1l2_osm_radar_evidence_qixing_lengshuikeng_full26\qixing_lengshuikeng_8_1_backend_activity_enriched_v1l2_osm_radar_evidence.csv,2024-08-11T00:55:44+00:00,2024-08-11T03:15:57+00:00,140.217,garmin_seconds,pressure_hpa,MISSING,ACTIVITY_WINDOW_OUTSIDE_WEATHER_OBSERVATION_RANGE,weather\tw_weather_2026-05-01.sqlite3,weather_observations,,,,,,,,,,0,0,0,0,0,,,,,,,False,exact_activity_window; no station synthesized when evidence is unavailable,ACTIVITY_WINDOW_OUTSIDE_WEATHER_OBSERVATION_RANGE,False,Missing weather remains missing; no zero or calm fallback is created.
ib3w_activity_environment_window_adapter_v1,qixing_lengshuikeng_full26_backend_2024_v1,qixing_lengshuikeng_main_peak_20260523_osmrefresh_v1_3b,qixing_lengshuikeng_8_1,backend_activity_csv,outputs\ib3a_rc_backend_activity_enriched_v1l2_osm_radar_evidence_qixing_lengshuikeng_full26\qixing_lengshuikeng_8_1_backend_activity_enriched_v1l2_osm_radar_evidence.csv,2024-08-11T00:55:44+00:00,2024-08-11T03:15:57+00:00,140.217,garmin_seconds,visibility_m,MISSING,ACTIVITY_WINDOW_OUTSIDE_WEATHER_OBSERVATION_RANGE,weather\tw_weather_2026-05-01.sqlite3,weather_observations,,,,,,,,,,0,0,0,0,0,,,,,,,False,exact_activity_window; no station synthesized when evidence is unavailable,ACTIVITY_WINDOW_OUTSIDE_WEATHER_OBSERVATION_RANGE,False,Missing weather remains missing; no zero or calm fallback is created.
ib3w_activity_environment_window_adapter_v1,qixing_lengshuikeng_full26_backend_2024_v1,qixing_lengshuikeng_main_peak_20260523_osmrefresh_v1_3b,qixing_lengshuikeng_8_1,backend_activity_csv,outputs\ib3a_rc_backend_activity_enriched_v1l2_osm_radar_evidence_qixing_lengshuikeng_full26\qixing_lengshuikeng_8_1_backend_activity_enriched_v1l2_osm_radar_evidence.csv,2024-08-11T00:55:44+00:00,2024-08-11T03:15:57+00:00,140.217,garmin_seconds,weather,MISSING,ACTIVITY_WINDOW_OUTSIDE_WEATHER_OBSERVATION_RANGE,weather\tw_weather_2026-05-01.sqlite3,weather_observations,,,,,,,,,,0,0,0,0,0,,,,,,,False,exact_activity_window; no station synthesized when evidence is unavailable,ACTIVITY_WINDOW_OUTSIDE_WEATHER_OBSERVATION_RANGE,False,Missing weather remains missing; no zero or calm fallback is created.
ib3w_activity_environment_window_adapter_v1,qixing_lengshuikeng_full26_backend_2024_v1,qixing_lengshuikeng_main_peak_20260523_osmrefresh_v1_3b,qixing_lengshuikeng_9_1,backend_activity_csv,outputs\ib3a_rc_backend_activity_enriched_v1l2_osm_radar_evidence_qixing_lengshuikeng_full26\qixing_lengshuikeng_9_1_backend_activity_enriched_v1l2_osm_radar_evidence.csv,2024-09-22T00:56:08+00:00,2024-09-22T03:20:10+00:00,144.033,garmin_seconds,precipitation_mm,MISSING,ACTIVITY_WINDOW_OUTSIDE_WEATHER_OBSERVATION_RANGE,weather\tw_weather_2026-05-01.sqlite3,weather_observations,,,,,,,,,,0,0,0,0,0,,,,,,,False,exact_activity_window; no station synthesized when evidence is unavailable,ACTIVITY_WINDOW_OUTSIDE_WEATHER_OBSERVATION_RANGE,False,Missing weather remains missing; no zero or calm fallback is created.
ib3w_activity_environment_window_adapter_v1,qixing_lengshuikeng_full26_backend_2024_v1,qixing_lengshuikeng_main_peak_20260523_osmrefresh_v1_3b,qixing_lengshuikeng_9_1,backend_activity_csv,outputs\ib3a_rc_backend_activity_enriched_v1l2_osm_radar_evidence_qixing_lengshuikeng_full26\qixing_lengshuikeng_9_1_backend_activity_enriched_v1l2_osm_radar_evidence.csv,2024-09-22T00:56:08+00:00,2024-09-22T03:20:10+00:00,144.033,garmin_seconds,precipitation_10min_mm,MISSING,ACTIVITY_WINDOW_OUTSIDE_WEATHER_OBSERVATION_RANGE,weather\tw_weather_2026-05-01.sqlite3,weather_observations,,,,,,,,,,0,0,0,0,0,,,,,,,False,exact_activity_window; no station synthesized when evidence is unavailable,ACTIVITY_WINDOW_OUTSIDE_WEATHER_OBSERVATION_RANGE,False,Missing weather remains missing; no zero or calm fallback is created.
ib3w_activity_environment_window_adapter_v1,qixing_lengshuikeng_full26_backend_2024_v1,qixing_lengshuikeng_main_peak_20260523_osmrefresh_v1_3b,qixing_lengshuikeng_9_1,backend_activity_csv,outputs\ib3a_rc_backend_activity_enriched_v1l2_osm_radar_evidence_qixing_lengshuikeng_full26\qixing_lengshuikeng_9_1_backend_activity_enriched_v1l2_osm_radar_evidence.csv,2024-09-22T00:56:08+00:00,2024-09-22T03:20:10+00:00,144.033,garmin_seconds,precipitation_1hr_mm,MISSING,ACTIVITY_WINDOW_OUTSIDE_WEATHER_OBSERVATION_RANGE,weather\tw_weather_2026-05-01.sqlite3,weather_observations,,,,,,,,,,0,0,0,0,0,,,,,,,False,exact_activity_window; no station synthesized when evidence is unavailable,ACTIVITY_WINDOW_OUTSIDE_WEATHER_OBSERVATION_RANGE,False,Missing weather remains missing; no zero or calm fallback is created.
ib3w_activity_environment_window_adapter_v1,qixing_lengshuikeng_full26_backend_2024_v1,qixing_lengshuikeng_main_peak_20260523_osmrefresh_v1_3b,qixing_lengshuikeng_9_1,backend_activity_csv,outputs\ib3a_rc_backend_activity_enriched_v1l2_osm_radar_evidence_qixing_lengshuikeng_full26\qixing_lengshuikeng_9_1_backend_activity_enriched_v1l2_osm_radar_evidence.csv,2024-09-22T00:56:08+00:00,2024-09-22T03:20:10+00:00,144.033,garmin_seconds,temperature_c,MISSING,ACTIVITY_WINDOW_OUTSIDE_WEATHER_OBSERVATION_RANGE,weather\tw_weather_2026-05-01.sqlite3,weather_observations,,,,,,,,,,0,0,0,0,0,,,,,,,False,exact_activity_window; no station synthesized when evidence is unavailable,ACTIVITY_WINDOW_OUTSIDE_WEATHER_OBSERVATION_RANGE,False,Missing weather remains missing; no zero or calm fallback is created.
ib3w_activity_environment_window_adapter_v1,qixing_lengshuikeng_full26_backend_2024_v1,qixing_lengshuikeng_main_peak_20260523_osmrefresh_v1_3b,qixing_lengshuikeng_9_1,backend_activity_csv,outputs\ib3a_rc_backend_activity_enriched_v1l2_osm_radar_evidence_qixing_lengshuikeng_full26\qixing_lengshuikeng_9_1_backend_activity_enriched_v1l2_osm_radar_evidence.csv,2024-09-22T00:56:08+00:00,2024-09-22T03:20:10+00:00,144.033,garmin_seconds,relative_humidity_pct,MISSING,ACTIVITY_WINDOW_OUTSIDE_WEATHER_OBSERVATION_RANGE,weather\tw_weather_2026-05-01.sqlite3,weather_observations,,,,,,,,,,0,0,0,0,0,,,,,,,False,exact_activity_window; no station synthesized when evidence is unavailable,ACTIVITY_WINDOW_OUTSIDE_WEATHER_OBSERVATION_RANGE,False,Missing weather remains missing; no zero or calm fallback is created.
ib3w_activity_environment_window_adapter_v1,qixing_lengshuikeng_full26_backend_2024_v1,qixing_lengshuikeng_main_peak_20260523_osmrefresh_v1_3b,qixing_lengshuikeng_9_1,backend_activity_csv,outputs\ib3a_rc_backend_activity_enriched_v1l2_osm_radar_evidence_qixing_lengshuikeng_full26\qixing_lengshuikeng_9_1_backend_activity_enriched_v1l2_osm_radar_evidence.csv,2024-09-22T00:56:08+00:00,2024-09-22T03:20:10+00:00,144.033,garmin_seconds,wind_speed_ms,MISSING,ACTIVITY_WINDOW_OUTSIDE_WEATHER_OBSERVATION_RANGE,weather\tw_weather_2026-05-01.sqlite3,weather_observations,,,,,,,,,,0,0,0,0,0,,,,,,,False,exact_activity_window; no station synthesized when evidence is unavailable,ACTIVITY_WINDOW_OUTSIDE_WEATHER_OBSERVATION_RANGE,False,Missing weather remains missing; no zero or calm fallback is created.
ib3w_activity_environment_window_adapter_v1,qixing_lengshuikeng_full26_backend_2024_v1,qixing_lengshuikeng_main_peak_20260523_osmrefresh_v1_3b,qixing_lengshuikeng_9_1,backend_activity_csv,outputs\ib3a_rc_backend_activity_enriched_v1l2_osm_radar_evidence_qixing_lengshuikeng_full26\qixing_lengshuikeng_9_1_backend_activity_enriched_v1l2_osm_radar_evidence.csv,2024-09-22T00:56:08+00:00,2024-09-22T03:20:10+00:00,144.033,garmin_seconds,wind_direction_deg,MISSING,ACTIVITY_WINDOW_OUTSIDE_WEATHER_OBSERVATION_RANGE,weather\tw_weather_2026-05-01.sqlite3,weather_observations,,,,,,,,,,0,0,0,0,0,,,,,,,False,exact_activity_window; no station synthesized when evidence is unavailable,ACTIVITY_WINDOW_OUTSIDE_WEATHER_OBSERVATION_RANGE,False,Missing weather remains missing; no zero or calm fallback is created.
ib3w_activity_environment_window_adapter_v1,qixing_lengshuikeng_full26_backend_2024_v1,qixing_lengshuikeng_main_peak_20260523_osmrefresh_v1_3b,qixing_lengshuikeng_9_1,backend_activity_csv,outputs\ib3a_rc_backend_activity_enriched_v1l2_osm_radar_evidence_qixing_lengshuikeng_full26\qixing_lengshuikeng_9_1_backend_activity_enriched_v1l2_osm_radar_evidence.csv,2024-09-22T00:56:08+00:00,2024-09-22T03:20:10+00:00,144.033,garmin_seconds,pressure_hpa,MISSING,ACTIVITY_WINDOW_OUTSIDE_WEATHER_OBSERVATION_RANGE,weather\tw_weather_2026-05-01.sqlite3,weather_observations,,,,,,,,,,0,0,0,0,0,,,,,,,False,exact_activity_window; no station synthesized when evidence is unavailable,ACTIVITY_WINDOW_OUTSIDE_WEATHER_OBSERVATION_RANGE,False,Missing weather remains missing; no zero or calm fallback is created.
ib3w_activity_environment_window_adapter_v1,qixing_lengshuikeng_full26_backend_2024_v1,qixing_lengshuikeng_main_peak_20260523_osmrefresh_v1_3b,qixing_lengshuikeng_9_1,backend_activity_csv,outputs\ib3a_rc_backend_activity_enriched_v1l2_osm_radar_evidence_qixing_lengshuikeng_full26\qixing_lengshuikeng_9_1_backend_activity_enriched_v1l2_osm_radar_evidence.csv,2024-09-22T00:56:08+00:00,2024-09-22T03:20:10+00:00,144.033,garmin_seconds,visibility_m,MISSING,ACTIVITY_WINDOW_OUTSIDE_WEATHER_OBSERVATION_RANGE,weather\tw_weather_2026-05-01.sqlite3,weather_observations,,,,,,,,,,0,0,0,0,0,,,,,,,False,exact_activity_window; no station synthesized when evidence is unavailable,ACTIVITY_WINDOW_OUTSIDE_WEATHER_OBSERVATION_RANGE,False,Missing weather remains missing; no zero or calm fallback is created.
ib3w_activity_environment_window_adapter_v1,qixing_lengshuikeng_full26_backend_2024_v1,qixing_lengshuikeng_main_peak_20260523_osmrefresh_v1_3b,qixing_lengshuikeng_9_1,backend_activity_csv,outputs\ib3a_rc_backend_activity_enriched_v1l2_osm_radar_evidence_qixing_lengshuikeng_full26\qixing_lengshuikeng_9_1_backend_activity_enriched_v1l2_osm_radar_evidence.csv,2024-09-22T00:56:08+00:00,2024-09-22T03:20:10+00:00,144.033,garmin_seconds,weather,MISSING,ACTIVITY_WINDOW_OUTSIDE_WEATHER_OBSERVATION_RANGE,weather\tw_weather_2026-05-01.sqlite3,weather_observations,,,,,,,,,,0,0,0,0,0,,,,,,,False,exact_activity_window; no station synthesized when evidence is unavailable,ACTIVITY_WINDOW_OUTSIDE_WEATHER_OBSERVATION_RANGE,False,Missing weather remains missing; no zero or calm fallback is created.
