schema_version,output_case,case_id,activity_id,activity_source_type,activity_source_path,activity_start_time_utc,activity_end_time_utc,activity_duration_min,timestamp_epoch_used,context_variable,context_status,audit_status,weather_db_path,weather_table,station_id,station_name,county_name,town_name,station_latitude,station_longitude,station_elevation_m,nearest_activity_dist_m,station_rank_by_distance,obs_count_total_window,obs_count_nonnull,obs_count_null,obs_count_zero,obs_count_positive,nearest_obs_time_utc,nearest_obs_gap_min,value_min,value_max,value_mean,value_sum,observed_values_available,selection_rule,missingness_reason,zero_fallback_used,context_notes
ib3w_activity_environment_window_adapter_v1,qixing_lengshuikeng_xiaoyoukeng_20260410_gpx_v1,qixing_lengshuikeng_xiaoyoukeng_20260410_biji_gpx,qixing_lengshuikeng_xiaoyoukeng_20260410_biji_gpx,gpx,D:\mountain_work\115_osm\activity_input\gpx\qixing_lengshuikeng_xiaoyoukeng_gpx\冷水坑上-七星山東峰-主峰-下小油坑.gpx,2026-04-10T21:35:47+00:00,2026-04-10T23:54:30+00:00,138.717,explicit_gpx_utc,precipitation_mm,OBSERVED,OBSERVED_IN_ACTIVITY_WINDOW,weather\tw_weather_2026-05-01.sqlite3,weather_observations,466930,陽明山,臺北市,北投區,25.162079,121.54455,,1057.9,1,12,12,0,12,0,2026-04-10T21:50:00+00:00,0.0,0.0,0.0,0.0,0.0,True,stations_with_observations_in_exact_activity_window_and_activity_bbox; rank_by_nearest_activity_trackpoint_distance,,False,Raw zero values are retained as observed evidence; zero is never synthesized.
ib3w_activity_environment_window_adapter_v1,qixing_lengshuikeng_xiaoyoukeng_20260410_gpx_v1,qixing_lengshuikeng_xiaoyoukeng_20260410_biji_gpx,qixing_lengshuikeng_xiaoyoukeng_20260410_biji_gpx,gpx,D:\mountain_work\115_osm\activity_input\gpx\qixing_lengshuikeng_xiaoyoukeng_gpx\冷水坑上-七星山東峰-主峰-下小油坑.gpx,2026-04-10T21:35:47+00:00,2026-04-10T23:54:30+00:00,138.717,explicit_gpx_utc,precipitation_10min_mm,MISSING,NULL_VALUE_ONLY,weather\tw_weather_2026-05-01.sqlite3,weather_observations,466930,陽明山,臺北市,北投區,25.162079,121.54455,,1057.9,1,12,0,12,0,0,,,,,,,False,stations_with_observations_in_exact_activity_window_and_activity_bbox; rank_by_nearest_activity_trackpoint_distance,VARIABLE_VALUES_NULL_OR_BLANK_IN_ACTIVITY_WINDOW,False,Exact activity-window station-variable evidence; no imputation or weather fusion.
ib3w_activity_environment_window_adapter_v1,qixing_lengshuikeng_xiaoyoukeng_20260410_gpx_v1,qixing_lengshuikeng_xiaoyoukeng_20260410_biji_gpx,qixing_lengshuikeng_xiaoyoukeng_20260410_biji_gpx,gpx,D:\mountain_work\115_osm\activity_input\gpx\qixing_lengshuikeng_xiaoyoukeng_gpx\冷水坑上-七星山東峰-主峰-下小油坑.gpx,2026-04-10T21:35:47+00:00,2026-04-10T23:54:30+00:00,138.717,explicit_gpx_utc,precipitation_1hr_mm,MISSING,NULL_VALUE_ONLY,weather\tw_weather_2026-05-01.sqlite3,weather_observations,466930,陽明山,臺北市,北投區,25.162079,121.54455,,1057.9,1,12,0,12,0,0,,,,,,,False,stations_with_observations_in_exact_activity_window_and_activity_bbox; rank_by_nearest_activity_trackpoint_distance,VARIABLE_VALUES_NULL_OR_BLANK_IN_ACTIVITY_WINDOW,False,Exact activity-window station-variable evidence; no imputation or weather fusion.
ib3w_activity_environment_window_adapter_v1,qixing_lengshuikeng_xiaoyoukeng_20260410_gpx_v1,qixing_lengshuikeng_xiaoyoukeng_20260410_biji_gpx,qixing_lengshuikeng_xiaoyoukeng_20260410_biji_gpx,gpx,D:\mountain_work\115_osm\activity_input\gpx\qixing_lengshuikeng_xiaoyoukeng_gpx\冷水坑上-七星山東峰-主峰-下小油坑.gpx,2026-04-10T21:35:47+00:00,2026-04-10T23:54:30+00:00,138.717,explicit_gpx_utc,temperature_c,OBSERVED,OBSERVED_IN_ACTIVITY_WINDOW,weather\tw_weather_2026-05-01.sqlite3,weather_observations,466930,陽明山,臺北市,北投區,25.162079,121.54455,,1057.9,1,12,12,0,0,12,2026-04-10T21:50:00+00:00,0.0,19.4,20.9,20.166666666666668,242.0,True,stations_with_observations_in_exact_activity_window_and_activity_bbox; rank_by_nearest_activity_trackpoint_distance,,False,Exact activity-window station-variable evidence; no imputation or weather fusion.
ib3w_activity_environment_window_adapter_v1,qixing_lengshuikeng_xiaoyoukeng_20260410_gpx_v1,qixing_lengshuikeng_xiaoyoukeng_20260410_biji_gpx,qixing_lengshuikeng_xiaoyoukeng_20260410_biji_gpx,gpx,D:\mountain_work\115_osm\activity_input\gpx\qixing_lengshuikeng_xiaoyoukeng_gpx\冷水坑上-七星山東峰-主峰-下小油坑.gpx,2026-04-10T21:35:47+00:00,2026-04-10T23:54:30+00:00,138.717,explicit_gpx_utc,relative_humidity_pct,OBSERVED,OBSERVED_IN_ACTIVITY_WINDOW,weather\tw_weather_2026-05-01.sqlite3,weather_observations,466930,陽明山,臺北市,北投區,25.162079,121.54455,,1057.9,1,12,12,0,0,12,2026-04-10T21:50:00+00:00,0.0,92.0,94.0,92.83333333333333,1114.0,True,stations_with_observations_in_exact_activity_window_and_activity_bbox; rank_by_nearest_activity_trackpoint_distance,,False,Exact activity-window station-variable evidence; no imputation or weather fusion.
ib3w_activity_environment_window_adapter_v1,qixing_lengshuikeng_xiaoyoukeng_20260410_gpx_v1,qixing_lengshuikeng_xiaoyoukeng_20260410_biji_gpx,qixing_lengshuikeng_xiaoyoukeng_20260410_biji_gpx,gpx,D:\mountain_work\115_osm\activity_input\gpx\qixing_lengshuikeng_xiaoyoukeng_gpx\冷水坑上-七星山東峰-主峰-下小油坑.gpx,2026-04-10T21:35:47+00:00,2026-04-10T23:54:30+00:00,138.717,explicit_gpx_utc,wind_speed_ms,OBSERVED,OBSERVED_IN_ACTIVITY_WINDOW,weather\tw_weather_2026-05-01.sqlite3,weather_observations,466930,陽明山,臺北市,北投區,25.162079,121.54455,,1057.9,1,12,12,0,0,12,2026-04-10T21:50:00+00:00,0.0,0.2,0.8,0.4833333333333332,5.799999999999999,True,stations_with_observations_in_exact_activity_window_and_activity_bbox; rank_by_nearest_activity_trackpoint_distance,,False,Exact activity-window station-variable evidence; no imputation or weather fusion.
ib3w_activity_environment_window_adapter_v1,qixing_lengshuikeng_xiaoyoukeng_20260410_gpx_v1,qixing_lengshuikeng_xiaoyoukeng_20260410_biji_gpx,qixing_lengshuikeng_xiaoyoukeng_20260410_biji_gpx,gpx,D:\mountain_work\115_osm\activity_input\gpx\qixing_lengshuikeng_xiaoyoukeng_gpx\冷水坑上-七星山東峰-主峰-下小油坑.gpx,2026-04-10T21:35:47+00:00,2026-04-10T23:54:30+00:00,138.717,explicit_gpx_utc,wind_direction_deg,OBSERVED,OBSERVED_IN_ACTIVITY_WINDOW,weather\tw_weather_2026-05-01.sqlite3,weather_observations,466930,陽明山,臺北市,北投區,25.162079,121.54455,,1057.9,1,12,12,0,1,11,2026-04-10T21:50:00+00:00,0.0,0.0,170.0,96.66666666666667,1160.0,True,stations_with_observations_in_exact_activity_window_and_activity_bbox; rank_by_nearest_activity_trackpoint_distance,,False,Raw zero values are retained as observed evidence; zero is never synthesized.
ib3w_activity_environment_window_adapter_v1,qixing_lengshuikeng_xiaoyoukeng_20260410_gpx_v1,qixing_lengshuikeng_xiaoyoukeng_20260410_biji_gpx,qixing_lengshuikeng_xiaoyoukeng_20260410_biji_gpx,gpx,D:\mountain_work\115_osm\activity_input\gpx\qixing_lengshuikeng_xiaoyoukeng_gpx\冷水坑上-七星山東峰-主峰-下小油坑.gpx,2026-04-10T21:35:47+00:00,2026-04-10T23:54:30+00:00,138.717,explicit_gpx_utc,pressure_hpa,OBSERVED,OBSERVED_IN_ACTIVITY_WINDOW,weather\tw_weather_2026-05-01.sqlite3,weather_observations,466930,陽明山,臺北市,北投區,25.162079,121.54455,,1057.9,1,12,12,0,0,12,2026-04-10T21:50:00+00:00,0.0,943.2,943.8,943.4833333333332,11321.8,True,stations_with_observations_in_exact_activity_window_and_activity_bbox; rank_by_nearest_activity_trackpoint_distance,,False,Exact activity-window station-variable evidence; no imputation or weather fusion.
ib3w_activity_environment_window_adapter_v1,qixing_lengshuikeng_xiaoyoukeng_20260410_gpx_v1,qixing_lengshuikeng_xiaoyoukeng_20260410_biji_gpx,qixing_lengshuikeng_xiaoyoukeng_20260410_biji_gpx,gpx,D:\mountain_work\115_osm\activity_input\gpx\qixing_lengshuikeng_xiaoyoukeng_gpx\冷水坑上-七星山東峰-主峰-下小油坑.gpx,2026-04-10T21:35:47+00:00,2026-04-10T23:54:30+00:00,138.717,explicit_gpx_utc,visibility_m,MISSING,NULL_VALUE_ONLY,weather\tw_weather_2026-05-01.sqlite3,weather_observations,466930,陽明山,臺北市,北投區,25.162079,121.54455,,1057.9,1,12,0,12,0,0,,,,,,,False,stations_with_observations_in_exact_activity_window_and_activity_bbox; rank_by_nearest_activity_trackpoint_distance,VARIABLE_VALUES_NULL_OR_BLANK_IN_ACTIVITY_WINDOW,False,Exact activity-window station-variable evidence; no imputation or weather fusion.
ib3w_activity_environment_window_adapter_v1,qixing_lengshuikeng_xiaoyoukeng_20260410_gpx_v1,qixing_lengshuikeng_xiaoyoukeng_20260410_biji_gpx,qixing_lengshuikeng_xiaoyoukeng_20260410_biji_gpx,gpx,D:\mountain_work\115_osm\activity_input\gpx\qixing_lengshuikeng_xiaoyoukeng_gpx\冷水坑上-七星山東峰-主峰-下小油坑.gpx,2026-04-10T21:35:47+00:00,2026-04-10T23:54:30+00:00,138.717,explicit_gpx_utc,weather,MISSING,NULL_VALUE_ONLY,weather\tw_weather_2026-05-01.sqlite3,weather_observations,466930,陽明山,臺北市,北投區,25.162079,121.54455,,1057.9,1,12,0,12,0,0,,,,,,,False,stations_with_observations_in_exact_activity_window_and_activity_bbox; rank_by_nearest_activity_trackpoint_distance,VARIABLE_VALUES_NULL_OR_BLANK_IN_ACTIVITY_WINDOW,False,Exact activity-window station-variable evidence; no imputation or weather fusion.
ib3w_activity_environment_window_adapter_v1,qixing_lengshuikeng_xiaoyoukeng_20260410_gpx_v1,qixing_lengshuikeng_xiaoyoukeng_20260410_biji_gpx,qixing_lengshuikeng_xiaoyoukeng_20260410_biji_gpx,gpx,D:\mountain_work\115_osm\activity_input\gpx\qixing_lengshuikeng_xiaoyoukeng_gpx\冷水坑上-七星山東峰-主峰-下小油坑.gpx,2026-04-10T21:35:47+00:00,2026-04-10T23:54:30+00:00,138.717,explicit_gpx_utc,precipitation_mm,OBSERVED,OBSERVED_IN_ACTIVITY_WINDOW,weather\tw_weather_2026-05-01.sqlite3,weather_observations,466910,鞍部,臺北市,北投區,25.182587,121.52973,,1907.9,2,13,12,1,12,0,2026-04-10T21:50:00+00:00,0.0,0.0,0.0,0.0,0.0,True,stations_with_observations_in_exact_activity_window_and_activity_bbox; rank_by_nearest_activity_trackpoint_distance,,False,Raw zero values are retained as observed evidence; zero is never synthesized.
ib3w_activity_environment_window_adapter_v1,qixing_lengshuikeng_xiaoyoukeng_20260410_gpx_v1,qixing_lengshuikeng_xiaoyoukeng_20260410_biji_gpx,qixing_lengshuikeng_xiaoyoukeng_20260410_biji_gpx,gpx,D:\mountain_work\115_osm\activity_input\gpx\qixing_lengshuikeng_xiaoyoukeng_gpx\冷水坑上-七星山東峰-主峰-下小油坑.gpx,2026-04-10T21:35:47+00:00,2026-04-10T23:54:30+00:00,138.717,explicit_gpx_utc,precipitation_10min_mm,MISSING,NULL_VALUE_ONLY,weather\tw_weather_2026-05-01.sqlite3,weather_observations,466910,鞍部,臺北市,北投區,25.182587,121.52973,,1907.9,2,13,0,13,0,0,,,,,,,False,stations_with_observations_in_exact_activity_window_and_activity_bbox; rank_by_nearest_activity_trackpoint_distance,VARIABLE_VALUES_NULL_OR_BLANK_IN_ACTIVITY_WINDOW,False,Exact activity-window station-variable evidence; no imputation or weather fusion.
ib3w_activity_environment_window_adapter_v1,qixing_lengshuikeng_xiaoyoukeng_20260410_gpx_v1,qixing_lengshuikeng_xiaoyoukeng_20260410_biji_gpx,qixing_lengshuikeng_xiaoyoukeng_20260410_biji_gpx,gpx,D:\mountain_work\115_osm\activity_input\gpx\qixing_lengshuikeng_xiaoyoukeng_gpx\冷水坑上-七星山東峰-主峰-下小油坑.gpx,2026-04-10T21:35:47+00:00,2026-04-10T23:54:30+00:00,138.717,explicit_gpx_utc,precipitation_1hr_mm,MISSING,NULL_VALUE_ONLY,weather\tw_weather_2026-05-01.sqlite3,weather_observations,466910,鞍部,臺北市,北投區,25.182587,121.52973,,1907.9,2,13,0,13,0,0,,,,,,,False,stations_with_observations_in_exact_activity_window_and_activity_bbox; rank_by_nearest_activity_trackpoint_distance,VARIABLE_VALUES_NULL_OR_BLANK_IN_ACTIVITY_WINDOW,False,Exact activity-window station-variable evidence; no imputation or weather fusion.
ib3w_activity_environment_window_adapter_v1,qixing_lengshuikeng_xiaoyoukeng_20260410_gpx_v1,qixing_lengshuikeng_xiaoyoukeng_20260410_biji_gpx,qixing_lengshuikeng_xiaoyoukeng_20260410_biji_gpx,gpx,D:\mountain_work\115_osm\activity_input\gpx\qixing_lengshuikeng_xiaoyoukeng_gpx\冷水坑上-七星山東峰-主峰-下小油坑.gpx,2026-04-10T21:35:47+00:00,2026-04-10T23:54:30+00:00,138.717,explicit_gpx_utc,temperature_c,OBSERVED,OBSERVED_IN_ACTIVITY_WINDOW,weather\tw_weather_2026-05-01.sqlite3,weather_observations,466910,鞍部,臺北市,北投區,25.182587,121.52973,,1907.9,2,13,12,1,0,12,2026-04-10T21:40:00+00:00,0.0,18.2,19.9,19.083333333333332,229.0,True,stations_with_observations_in_exact_activity_window_and_activity_bbox; rank_by_nearest_activity_trackpoint_distance,,False,Exact activity-window station-variable evidence; no imputation or weather fusion.
ib3w_activity_environment_window_adapter_v1,qixing_lengshuikeng_xiaoyoukeng_20260410_gpx_v1,qixing_lengshuikeng_xiaoyoukeng_20260410_biji_gpx,qixing_lengshuikeng_xiaoyoukeng_20260410_biji_gpx,gpx,D:\mountain_work\115_osm\activity_input\gpx\qixing_lengshuikeng_xiaoyoukeng_gpx\冷水坑上-七星山東峰-主峰-下小油坑.gpx,2026-04-10T21:35:47+00:00,2026-04-10T23:54:30+00:00,138.717,explicit_gpx_utc,relative_humidity_pct,OBSERVED,OBSERVED_IN_ACTIVITY_WINDOW,weather\tw_weather_2026-05-01.sqlite3,weather_observations,466910,鞍部,臺北市,北投區,25.182587,121.52973,,1907.9,2,13,12,1,0,12,2026-04-10T21:40:00+00:00,0.0,95.0,100.0,98.33333333333333,1180.0,True,stations_with_observations_in_exact_activity_window_and_activity_bbox; rank_by_nearest_activity_trackpoint_distance,,False,Exact activity-window station-variable evidence; no imputation or weather fusion.
ib3w_activity_environment_window_adapter_v1,qixing_lengshuikeng_xiaoyoukeng_20260410_gpx_v1,qixing_lengshuikeng_xiaoyoukeng_20260410_biji_gpx,qixing_lengshuikeng_xiaoyoukeng_20260410_biji_gpx,gpx,D:\mountain_work\115_osm\activity_input\gpx\qixing_lengshuikeng_xiaoyoukeng_gpx\冷水坑上-七星山東峰-主峰-下小油坑.gpx,2026-04-10T21:35:47+00:00,2026-04-10T23:54:30+00:00,138.717,explicit_gpx_utc,wind_speed_ms,OBSERVED,OBSERVED_IN_ACTIVITY_WINDOW,weather\tw_weather_2026-05-01.sqlite3,weather_observations,466910,鞍部,臺北市,北投區,25.182587,121.52973,,1907.9,2,13,12,1,0,12,2026-04-10T21:50:00+00:00,0.0,0.7,2.3,1.5250000000000001,18.3,True,stations_with_observations_in_exact_activity_window_and_activity_bbox; rank_by_nearest_activity_trackpoint_distance,,False,Exact activity-window station-variable evidence; no imputation or weather fusion.
ib3w_activity_environment_window_adapter_v1,qixing_lengshuikeng_xiaoyoukeng_20260410_gpx_v1,qixing_lengshuikeng_xiaoyoukeng_20260410_biji_gpx,qixing_lengshuikeng_xiaoyoukeng_20260410_biji_gpx,gpx,D:\mountain_work\115_osm\activity_input\gpx\qixing_lengshuikeng_xiaoyoukeng_gpx\冷水坑上-七星山東峰-主峰-下小油坑.gpx,2026-04-10T21:35:47+00:00,2026-04-10T23:54:30+00:00,138.717,explicit_gpx_utc,wind_direction_deg,OBSERVED,OBSERVED_IN_ACTIVITY_WINDOW,weather\tw_weather_2026-05-01.sqlite3,weather_observations,466910,鞍部,臺北市,北投區,25.182587,121.52973,,1907.9,2,13,12,1,0,12,2026-04-10T21:50:00+00:00,0.0,170.0,200.0,185.83333333333334,2230.0,True,stations_with_observations_in_exact_activity_window_and_activity_bbox; rank_by_nearest_activity_trackpoint_distance,,False,Exact activity-window station-variable evidence; no imputation or weather fusion.
ib3w_activity_environment_window_adapter_v1,qixing_lengshuikeng_xiaoyoukeng_20260410_gpx_v1,qixing_lengshuikeng_xiaoyoukeng_20260410_biji_gpx,qixing_lengshuikeng_xiaoyoukeng_20260410_biji_gpx,gpx,D:\mountain_work\115_osm\activity_input\gpx\qixing_lengshuikeng_xiaoyoukeng_gpx\冷水坑上-七星山東峰-主峰-下小油坑.gpx,2026-04-10T21:35:47+00:00,2026-04-10T23:54:30+00:00,138.717,explicit_gpx_utc,pressure_hpa,MISSING,NULL_VALUE_ONLY,weather\tw_weather_2026-05-01.sqlite3,weather_observations,466910,鞍部,臺北市,北投區,25.182587,121.52973,,1907.9,2,13,0,13,0,0,,,,,,,False,stations_with_observations_in_exact_activity_window_and_activity_bbox; rank_by_nearest_activity_trackpoint_distance,VARIABLE_VALUES_NULL_OR_BLANK_IN_ACTIVITY_WINDOW,False,Exact activity-window station-variable evidence; no imputation or weather fusion.
ib3w_activity_environment_window_adapter_v1,qixing_lengshuikeng_xiaoyoukeng_20260410_gpx_v1,qixing_lengshuikeng_xiaoyoukeng_20260410_biji_gpx,qixing_lengshuikeng_xiaoyoukeng_20260410_biji_gpx,gpx,D:\mountain_work\115_osm\activity_input\gpx\qixing_lengshuikeng_xiaoyoukeng_gpx\冷水坑上-七星山東峰-主峰-下小油坑.gpx,2026-04-10T21:35:47+00:00,2026-04-10T23:54:30+00:00,138.717,explicit_gpx_utc,visibility_m,MISSING,NULL_VALUE_ONLY,weather\tw_weather_2026-05-01.sqlite3,weather_observations,466910,鞍部,臺北市,北投區,25.182587,121.52973,,1907.9,2,13,0,13,0,0,,,,,,,False,stations_with_observations_in_exact_activity_window_and_activity_bbox; rank_by_nearest_activity_trackpoint_distance,VARIABLE_VALUES_NULL_OR_BLANK_IN_ACTIVITY_WINDOW,False,Exact activity-window station-variable evidence; no imputation or weather fusion.
ib3w_activity_environment_window_adapter_v1,qixing_lengshuikeng_xiaoyoukeng_20260410_gpx_v1,qixing_lengshuikeng_xiaoyoukeng_20260410_biji_gpx,qixing_lengshuikeng_xiaoyoukeng_20260410_biji_gpx,gpx,D:\mountain_work\115_osm\activity_input\gpx\qixing_lengshuikeng_xiaoyoukeng_gpx\冷水坑上-七星山東峰-主峰-下小油坑.gpx,2026-04-10T21:35:47+00:00,2026-04-10T23:54:30+00:00,138.717,explicit_gpx_utc,weather,MISSING,NULL_VALUE_ONLY,weather\tw_weather_2026-05-01.sqlite3,weather_observations,466910,鞍部,臺北市,北投區,25.182587,121.52973,,1907.9,2,13,0,13,0,0,,,,,,,False,stations_with_observations_in_exact_activity_window_and_activity_bbox; rank_by_nearest_activity_trackpoint_distance,VARIABLE_VALUES_NULL_OR_BLANK_IN_ACTIVITY_WINDOW,False,Exact activity-window station-variable evidence; no imputation or weather fusion.
ib3w_activity_environment_window_adapter_v1,qixing_lengshuikeng_xiaoyoukeng_20260410_gpx_v1,qixing_lengshuikeng_xiaoyoukeng_20260410_biji_gpx,qixing_lengshuikeng_xiaoyoukeng_20260410_biji_gpx,gpx,D:\mountain_work\115_osm\activity_input\gpx\qixing_lengshuikeng_xiaoyoukeng_gpx\冷水坑上-七星山東峰-主峰-下小油坑.gpx,2026-04-10T21:35:47+00:00,2026-04-10T23:54:30+00:00,138.717,explicit_gpx_utc,precipitation_mm,OBSERVED,OBSERVED_IN_ACTIVITY_WINDOW,weather\tw_weather_2026-05-01.sqlite3,weather_observations,C0AC40,大屯山,臺北市,北投區,25.175674,121.52241,,2536.5,3,2,2,0,2,0,2026-04-10T22:00:00+00:00,0.0,0.0,0.0,0.0,0.0,True,stations_with_observations_in_exact_activity_window_and_activity_bbox; rank_by_nearest_activity_trackpoint_distance,,False,Raw zero values are retained as observed evidence; zero is never synthesized.
ib3w_activity_environment_window_adapter_v1,qixing_lengshuikeng_xiaoyoukeng_20260410_gpx_v1,qixing_lengshuikeng_xiaoyoukeng_20260410_biji_gpx,qixing_lengshuikeng_xiaoyoukeng_20260410_biji_gpx,gpx,D:\mountain_work\115_osm\activity_input\gpx\qixing_lengshuikeng_xiaoyoukeng_gpx\冷水坑上-七星山東峰-主峰-下小油坑.gpx,2026-04-10T21:35:47+00:00,2026-04-10T23:54:30+00:00,138.717,explicit_gpx_utc,precipitation_10min_mm,MISSING,NULL_VALUE_ONLY,weather\tw_weather_2026-05-01.sqlite3,weather_observations,C0AC40,大屯山,臺北市,北投區,25.175674,121.52241,,2536.5,3,2,0,2,0,0,,,,,,,False,stations_with_observations_in_exact_activity_window_and_activity_bbox; rank_by_nearest_activity_trackpoint_distance,VARIABLE_VALUES_NULL_OR_BLANK_IN_ACTIVITY_WINDOW,False,Exact activity-window station-variable evidence; no imputation or weather fusion.
ib3w_activity_environment_window_adapter_v1,qixing_lengshuikeng_xiaoyoukeng_20260410_gpx_v1,qixing_lengshuikeng_xiaoyoukeng_20260410_biji_gpx,qixing_lengshuikeng_xiaoyoukeng_20260410_biji_gpx,gpx,D:\mountain_work\115_osm\activity_input\gpx\qixing_lengshuikeng_xiaoyoukeng_gpx\冷水坑上-七星山東峰-主峰-下小油坑.gpx,2026-04-10T21:35:47+00:00,2026-04-10T23:54:30+00:00,138.717,explicit_gpx_utc,precipitation_1hr_mm,MISSING,NULL_VALUE_ONLY,weather\tw_weather_2026-05-01.sqlite3,weather_observations,C0AC40,大屯山,臺北市,北投區,25.175674,121.52241,,2536.5,3,2,0,2,0,0,,,,,,,False,stations_with_observations_in_exact_activity_window_and_activity_bbox; rank_by_nearest_activity_trackpoint_distance,VARIABLE_VALUES_NULL_OR_BLANK_IN_ACTIVITY_WINDOW,False,Exact activity-window station-variable evidence; no imputation or weather fusion.
ib3w_activity_environment_window_adapter_v1,qixing_lengshuikeng_xiaoyoukeng_20260410_gpx_v1,qixing_lengshuikeng_xiaoyoukeng_20260410_biji_gpx,qixing_lengshuikeng_xiaoyoukeng_20260410_biji_gpx,gpx,D:\mountain_work\115_osm\activity_input\gpx\qixing_lengshuikeng_xiaoyoukeng_gpx\冷水坑上-七星山東峰-主峰-下小油坑.gpx,2026-04-10T21:35:47+00:00,2026-04-10T23:54:30+00:00,138.717,explicit_gpx_utc,temperature_c,OBSERVED,OBSERVED_IN_ACTIVITY_WINDOW,weather\tw_weather_2026-05-01.sqlite3,weather_observations,C0AC40,大屯山,臺北市,北投區,25.175674,121.52241,,2536.5,3,2,2,0,0,2,2026-04-10T22:00:00+00:00,0.0,17.2,17.5,17.35,34.7,True,stations_with_observations_in_exact_activity_window_and_activity_bbox; rank_by_nearest_activity_trackpoint_distance,,False,Exact activity-window station-variable evidence; no imputation or weather fusion.
ib3w_activity_environment_window_adapter_v1,qixing_lengshuikeng_xiaoyoukeng_20260410_gpx_v1,qixing_lengshuikeng_xiaoyoukeng_20260410_biji_gpx,qixing_lengshuikeng_xiaoyoukeng_20260410_biji_gpx,gpx,D:\mountain_work\115_osm\activity_input\gpx\qixing_lengshuikeng_xiaoyoukeng_gpx\冷水坑上-七星山東峰-主峰-下小油坑.gpx,2026-04-10T21:35:47+00:00,2026-04-10T23:54:30+00:00,138.717,explicit_gpx_utc,relative_humidity_pct,OBSERVED,OBSERVED_IN_ACTIVITY_WINDOW,weather\tw_weather_2026-05-01.sqlite3,weather_observations,C0AC40,大屯山,臺北市,北投區,25.175674,121.52241,,2536.5,3,2,2,0,0,2,2026-04-10T22:00:00+00:00,0.0,96.0,96.0,96.0,192.0,True,stations_with_observations_in_exact_activity_window_and_activity_bbox; rank_by_nearest_activity_trackpoint_distance,,False,Exact activity-window station-variable evidence; no imputation or weather fusion.
ib3w_activity_environment_window_adapter_v1,qixing_lengshuikeng_xiaoyoukeng_20260410_gpx_v1,qixing_lengshuikeng_xiaoyoukeng_20260410_biji_gpx,qixing_lengshuikeng_xiaoyoukeng_20260410_biji_gpx,gpx,D:\mountain_work\115_osm\activity_input\gpx\qixing_lengshuikeng_xiaoyoukeng_gpx\冷水坑上-七星山東峰-主峰-下小油坑.gpx,2026-04-10T21:35:47+00:00,2026-04-10T23:54:30+00:00,138.717,explicit_gpx_utc,wind_speed_ms,OBSERVED,OBSERVED_IN_ACTIVITY_WINDOW,weather\tw_weather_2026-05-01.sqlite3,weather_observations,C0AC40,大屯山,臺北市,北投區,25.175674,121.52241,,2536.5,3,2,2,0,0,2,2026-04-10T22:00:00+00:00,0.0,3.6,5.6,4.6,9.2,True,stations_with_observations_in_exact_activity_window_and_activity_bbox; rank_by_nearest_activity_trackpoint_distance,,False,Exact activity-window station-variable evidence; no imputation or weather fusion.
ib3w_activity_environment_window_adapter_v1,qixing_lengshuikeng_xiaoyoukeng_20260410_gpx_v1,qixing_lengshuikeng_xiaoyoukeng_20260410_biji_gpx,qixing_lengshuikeng_xiaoyoukeng_20260410_biji_gpx,gpx,D:\mountain_work\115_osm\activity_input\gpx\qixing_lengshuikeng_xiaoyoukeng_gpx\冷水坑上-七星山東峰-主峰-下小油坑.gpx,2026-04-10T21:35:47+00:00,2026-04-10T23:54:30+00:00,138.717,explicit_gpx_utc,wind_direction_deg,OBSERVED,OBSERVED_IN_ACTIVITY_WINDOW,weather\tw_weather_2026-05-01.sqlite3,weather_observations,C0AC40,大屯山,臺北市,北投區,25.175674,121.52241,,2536.5,3,2,2,0,0,2,2026-04-10T22:00:00+00:00,0.0,213.0,333.0,273.0,546.0,True,stations_with_observations_in_exact_activity_window_and_activity_bbox; rank_by_nearest_activity_trackpoint_distance,,False,Exact activity-window station-variable evidence; no imputation or weather fusion.
ib3w_activity_environment_window_adapter_v1,qixing_lengshuikeng_xiaoyoukeng_20260410_gpx_v1,qixing_lengshuikeng_xiaoyoukeng_20260410_biji_gpx,qixing_lengshuikeng_xiaoyoukeng_20260410_biji_gpx,gpx,D:\mountain_work\115_osm\activity_input\gpx\qixing_lengshuikeng_xiaoyoukeng_gpx\冷水坑上-七星山東峰-主峰-下小油坑.gpx,2026-04-10T21:35:47+00:00,2026-04-10T23:54:30+00:00,138.717,explicit_gpx_utc,pressure_hpa,OBSERVED,OBSERVED_IN_ACTIVITY_WINDOW,weather\tw_weather_2026-05-01.sqlite3,weather_observations,C0AC40,大屯山,臺北市,北投區,25.175674,121.52241,,2536.5,3,2,2,0,0,2,2026-04-10T22:00:00+00:00,0.0,893.0,893.4,893.2,1786.4,True,stations_with_observations_in_exact_activity_window_and_activity_bbox; rank_by_nearest_activity_trackpoint_distance,,False,Exact activity-window station-variable evidence; no imputation or weather fusion.
ib3w_activity_environment_window_adapter_v1,qixing_lengshuikeng_xiaoyoukeng_20260410_gpx_v1,qixing_lengshuikeng_xiaoyoukeng_20260410_biji_gpx,qixing_lengshuikeng_xiaoyoukeng_20260410_biji_gpx,gpx,D:\mountain_work\115_osm\activity_input\gpx\qixing_lengshuikeng_xiaoyoukeng_gpx\冷水坑上-七星山東峰-主峰-下小油坑.gpx,2026-04-10T21:35:47+00:00,2026-04-10T23:54:30+00:00,138.717,explicit_gpx_utc,visibility_m,MISSING,NULL_VALUE_ONLY,weather\tw_weather_2026-05-01.sqlite3,weather_observations,C0AC40,大屯山,臺北市,北投區,25.175674,121.52241,,2536.5,3,2,0,2,0,0,,,,,,,False,stations_with_observations_in_exact_activity_window_and_activity_bbox; rank_by_nearest_activity_trackpoint_distance,VARIABLE_VALUES_NULL_OR_BLANK_IN_ACTIVITY_WINDOW,False,Exact activity-window station-variable evidence; no imputation or weather fusion.
ib3w_activity_environment_window_adapter_v1,qixing_lengshuikeng_xiaoyoukeng_20260410_gpx_v1,qixing_lengshuikeng_xiaoyoukeng_20260410_biji_gpx,qixing_lengshuikeng_xiaoyoukeng_20260410_biji_gpx,gpx,D:\mountain_work\115_osm\activity_input\gpx\qixing_lengshuikeng_xiaoyoukeng_gpx\冷水坑上-七星山東峰-主峰-下小油坑.gpx,2026-04-10T21:35:47+00:00,2026-04-10T23:54:30+00:00,138.717,explicit_gpx_utc,weather,MISSING,NULL_VALUE_ONLY,weather\tw_weather_2026-05-01.sqlite3,weather_observations,C0AC40,大屯山,臺北市,北投區,25.175674,121.52241,,2536.5,3,2,0,2,0,0,,,,,,,False,stations_with_observations_in_exact_activity_window_and_activity_bbox; rank_by_nearest_activity_trackpoint_distance,VARIABLE_VALUES_NULL_OR_BLANK_IN_ACTIVITY_WINDOW,False,Exact activity-window station-variable evidence; no imputation or weather fusion.
ib3w_activity_environment_window_adapter_v1,qixing_lengshuikeng_xiaoyoukeng_20260410_gpx_v1,qixing_lengshuikeng_xiaoyoukeng_20260410_biji_gpx,qixing_lengshuikeng_xiaoyoukeng_20260410_biji_gpx,gpx,D:\mountain_work\115_osm\activity_input\gpx\qixing_lengshuikeng_xiaoyoukeng_gpx\冷水坑上-七星山東峰-主峰-下小油坑.gpx,2026-04-10T21:35:47+00:00,2026-04-10T23:54:30+00:00,138.717,explicit_gpx_utc,precipitation_mm,OBSERVED,OBSERVED_IN_ACTIVITY_WINDOW,weather\tw_weather_2026-05-01.sqlite3,weather_observations,A0A460,文化大學,臺北市,士林區,25.13605,121.53987,,3696.4,4,13,12,1,12,0,2026-04-10T21:50:00+00:00,0.0,0.0,0.0,0.0,0.0,True,stations_with_observations_in_exact_activity_window_and_activity_bbox; rank_by_nearest_activity_trackpoint_distance,,False,Raw zero values are retained as observed evidence; zero is never synthesized.
ib3w_activity_environment_window_adapter_v1,qixing_lengshuikeng_xiaoyoukeng_20260410_gpx_v1,qixing_lengshuikeng_xiaoyoukeng_20260410_biji_gpx,qixing_lengshuikeng_xiaoyoukeng_20260410_biji_gpx,gpx,D:\mountain_work\115_osm\activity_input\gpx\qixing_lengshuikeng_xiaoyoukeng_gpx\冷水坑上-七星山東峰-主峰-下小油坑.gpx,2026-04-10T21:35:47+00:00,2026-04-10T23:54:30+00:00,138.717,explicit_gpx_utc,precipitation_10min_mm,MISSING,NULL_VALUE_ONLY,weather\tw_weather_2026-05-01.sqlite3,weather_observations,A0A460,文化大學,臺北市,士林區,25.13605,121.53987,,3696.4,4,13,0,13,0,0,,,,,,,False,stations_with_observations_in_exact_activity_window_and_activity_bbox; rank_by_nearest_activity_trackpoint_distance,VARIABLE_VALUES_NULL_OR_BLANK_IN_ACTIVITY_WINDOW,False,Exact activity-window station-variable evidence; no imputation or weather fusion.
ib3w_activity_environment_window_adapter_v1,qixing_lengshuikeng_xiaoyoukeng_20260410_gpx_v1,qixing_lengshuikeng_xiaoyoukeng_20260410_biji_gpx,qixing_lengshuikeng_xiaoyoukeng_20260410_biji_gpx,gpx,D:\mountain_work\115_osm\activity_input\gpx\qixing_lengshuikeng_xiaoyoukeng_gpx\冷水坑上-七星山東峰-主峰-下小油坑.gpx,2026-04-10T21:35:47+00:00,2026-04-10T23:54:30+00:00,138.717,explicit_gpx_utc,precipitation_1hr_mm,MISSING,NULL_VALUE_ONLY,weather\tw_weather_2026-05-01.sqlite3,weather_observations,A0A460,文化大學,臺北市,士林區,25.13605,121.53987,,3696.4,4,13,0,13,0,0,,,,,,,False,stations_with_observations_in_exact_activity_window_and_activity_bbox; rank_by_nearest_activity_trackpoint_distance,VARIABLE_VALUES_NULL_OR_BLANK_IN_ACTIVITY_WINDOW,False,Exact activity-window station-variable evidence; no imputation or weather fusion.
ib3w_activity_environment_window_adapter_v1,qixing_lengshuikeng_xiaoyoukeng_20260410_gpx_v1,qixing_lengshuikeng_xiaoyoukeng_20260410_biji_gpx,qixing_lengshuikeng_xiaoyoukeng_20260410_biji_gpx,gpx,D:\mountain_work\115_osm\activity_input\gpx\qixing_lengshuikeng_xiaoyoukeng_gpx\冷水坑上-七星山東峰-主峰-下小油坑.gpx,2026-04-10T21:35:47+00:00,2026-04-10T23:54:30+00:00,138.717,explicit_gpx_utc,temperature_c,OBSERVED,OBSERVED_IN_ACTIVITY_WINDOW,weather\tw_weather_2026-05-01.sqlite3,weather_observations,A0A460,文化大學,臺北市,士林區,25.13605,121.53987,,3696.4,4,13,12,1,0,12,2026-04-10T21:40:00+00:00,0.0,20.5,23.6,22.083333333333332,265.0,True,stations_with_observations_in_exact_activity_window_and_activity_bbox; rank_by_nearest_activity_trackpoint_distance,,False,Exact activity-window station-variable evidence; no imputation or weather fusion.
ib3w_activity_environment_window_adapter_v1,qixing_lengshuikeng_xiaoyoukeng_20260410_gpx_v1,qixing_lengshuikeng_xiaoyoukeng_20260410_biji_gpx,qixing_lengshuikeng_xiaoyoukeng_20260410_biji_gpx,gpx,D:\mountain_work\115_osm\activity_input\gpx\qixing_lengshuikeng_xiaoyoukeng_gpx\冷水坑上-七星山東峰-主峰-下小油坑.gpx,2026-04-10T21:35:47+00:00,2026-04-10T23:54:30+00:00,138.717,explicit_gpx_utc,relative_humidity_pct,OBSERVED,OBSERVED_IN_ACTIVITY_WINDOW,weather\tw_weather_2026-05-01.sqlite3,weather_observations,A0A460,文化大學,臺北市,士林區,25.13605,121.53987,,3696.4,4,13,12,1,0,12,2026-04-10T21:40:00+00:00,0.0,77.0,88.0,82.75,993.0,True,stations_with_observations_in_exact_activity_window_and_activity_bbox; rank_by_nearest_activity_trackpoint_distance,,False,Exact activity-window station-variable evidence; no imputation or weather fusion.
ib3w_activity_environment_window_adapter_v1,qixing_lengshuikeng_xiaoyoukeng_20260410_gpx_v1,qixing_lengshuikeng_xiaoyoukeng_20260410_biji_gpx,qixing_lengshuikeng_xiaoyoukeng_20260410_biji_gpx,gpx,D:\mountain_work\115_osm\activity_input\gpx\qixing_lengshuikeng_xiaoyoukeng_gpx\冷水坑上-七星山東峰-主峰-下小油坑.gpx,2026-04-10T21:35:47+00:00,2026-04-10T23:54:30+00:00,138.717,explicit_gpx_utc,wind_speed_ms,OBSERVED,OBSERVED_IN_ACTIVITY_WINDOW,weather\tw_weather_2026-05-01.sqlite3,weather_observations,A0A460,文化大學,臺北市,士林區,25.13605,121.53987,,3696.4,4,13,12,1,0,12,2026-04-10T21:40:00+00:00,0.0,1.4,2.9,2.033333333333333,24.4,True,stations_with_observations_in_exact_activity_window_and_activity_bbox; rank_by_nearest_activity_trackpoint_distance,,False,Exact activity-window station-variable evidence; no imputation or weather fusion.
ib3w_activity_environment_window_adapter_v1,qixing_lengshuikeng_xiaoyoukeng_20260410_gpx_v1,qixing_lengshuikeng_xiaoyoukeng_20260410_biji_gpx,qixing_lengshuikeng_xiaoyoukeng_20260410_biji_gpx,gpx,D:\mountain_work\115_osm\activity_input\gpx\qixing_lengshuikeng_xiaoyoukeng_gpx\冷水坑上-七星山東峰-主峰-下小油坑.gpx,2026-04-10T21:35:47+00:00,2026-04-10T23:54:30+00:00,138.717,explicit_gpx_utc,wind_direction_deg,OBSERVED,OBSERVED_IN_ACTIVITY_WINDOW,weather\tw_weather_2026-05-01.sqlite3,weather_observations,A0A460,文化大學,臺北市,士林區,25.13605,121.53987,,3696.4,4,13,12,1,0,12,2026-04-10T21:40:00+00:00,0.0,50.0,100.0,70.83333333333333,850.0,True,stations_with_observations_in_exact_activity_window_and_activity_bbox; rank_by_nearest_activity_trackpoint_distance,,False,Exact activity-window station-variable evidence; no imputation or weather fusion.
ib3w_activity_environment_window_adapter_v1,qixing_lengshuikeng_xiaoyoukeng_20260410_gpx_v1,qixing_lengshuikeng_xiaoyoukeng_20260410_biji_gpx,qixing_lengshuikeng_xiaoyoukeng_20260410_biji_gpx,gpx,D:\mountain_work\115_osm\activity_input\gpx\qixing_lengshuikeng_xiaoyoukeng_gpx\冷水坑上-七星山東峰-主峰-下小油坑.gpx,2026-04-10T21:35:47+00:00,2026-04-10T23:54:30+00:00,138.717,explicit_gpx_utc,pressure_hpa,MISSING,NULL_VALUE_ONLY,weather\tw_weather_2026-05-01.sqlite3,weather_observations,A0A460,文化大學,臺北市,士林區,25.13605,121.53987,,3696.4,4,13,0,13,0,0,,,,,,,False,stations_with_observations_in_exact_activity_window_and_activity_bbox; rank_by_nearest_activity_trackpoint_distance,VARIABLE_VALUES_NULL_OR_BLANK_IN_ACTIVITY_WINDOW,False,Exact activity-window station-variable evidence; no imputation or weather fusion.
ib3w_activity_environment_window_adapter_v1,qixing_lengshuikeng_xiaoyoukeng_20260410_gpx_v1,qixing_lengshuikeng_xiaoyoukeng_20260410_biji_gpx,qixing_lengshuikeng_xiaoyoukeng_20260410_biji_gpx,gpx,D:\mountain_work\115_osm\activity_input\gpx\qixing_lengshuikeng_xiaoyoukeng_gpx\冷水坑上-七星山東峰-主峰-下小油坑.gpx,2026-04-10T21:35:47+00:00,2026-04-10T23:54:30+00:00,138.717,explicit_gpx_utc,visibility_m,MISSING,NULL_VALUE_ONLY,weather\tw_weather_2026-05-01.sqlite3,weather_observations,A0A460,文化大學,臺北市,士林區,25.13605,121.53987,,3696.4,4,13,0,13,0,0,,,,,,,False,stations_with_observations_in_exact_activity_window_and_activity_bbox; rank_by_nearest_activity_trackpoint_distance,VARIABLE_VALUES_NULL_OR_BLANK_IN_ACTIVITY_WINDOW,False,Exact activity-window station-variable evidence; no imputation or weather fusion.
ib3w_activity_environment_window_adapter_v1,qixing_lengshuikeng_xiaoyoukeng_20260410_gpx_v1,qixing_lengshuikeng_xiaoyoukeng_20260410_biji_gpx,qixing_lengshuikeng_xiaoyoukeng_20260410_biji_gpx,gpx,D:\mountain_work\115_osm\activity_input\gpx\qixing_lengshuikeng_xiaoyoukeng_gpx\冷水坑上-七星山東峰-主峰-下小油坑.gpx,2026-04-10T21:35:47+00:00,2026-04-10T23:54:30+00:00,138.717,explicit_gpx_utc,weather,MISSING,NULL_VALUE_ONLY,weather\tw_weather_2026-05-01.sqlite3,weather_observations,A0A460,文化大學,臺北市,士林區,25.13605,121.53987,,3696.4,4,13,0,13,0,0,,,,,,,False,stations_with_observations_in_exact_activity_window_and_activity_bbox; rank_by_nearest_activity_trackpoint_distance,VARIABLE_VALUES_NULL_OR_BLANK_IN_ACTIVITY_WINDOW,False,Exact activity-window station-variable evidence; no imputation or weather fusion.
ib3w_activity_environment_window_adapter_v1,qixing_lengshuikeng_xiaoyoukeng_20260410_gpx_v1,qixing_lengshuikeng_xiaoyoukeng_20260410_biji_gpx,qixing_lengshuikeng_xiaoyoukeng_20260410_biji_gpx,gpx,D:\mountain_work\115_osm\activity_input\gpx\qixing_lengshuikeng_xiaoyoukeng_gpx\冷水坑上-七星山東峰-主峰-下小油坑.gpx,2026-04-10T21:35:47+00:00,2026-04-10T23:54:30+00:00,138.717,explicit_gpx_utc,precipitation_mm,OBSERVED,OBSERVED_IN_ACTIVITY_WINDOW,weather\tw_weather_2026-05-01.sqlite3,weather_observations,C0AH40,平等,臺北市,士林區,25.129143,121.57709,,4273.0,5,2,2,0,2,0,2026-04-10T22:00:00+00:00,0.0,0.0,0.0,0.0,0.0,True,stations_with_observations_in_exact_activity_window_and_activity_bbox; rank_by_nearest_activity_trackpoint_distance,,False,Raw zero values are retained as observed evidence; zero is never synthesized.
ib3w_activity_environment_window_adapter_v1,qixing_lengshuikeng_xiaoyoukeng_20260410_gpx_v1,qixing_lengshuikeng_xiaoyoukeng_20260410_biji_gpx,qixing_lengshuikeng_xiaoyoukeng_20260410_biji_gpx,gpx,D:\mountain_work\115_osm\activity_input\gpx\qixing_lengshuikeng_xiaoyoukeng_gpx\冷水坑上-七星山東峰-主峰-下小油坑.gpx,2026-04-10T21:35:47+00:00,2026-04-10T23:54:30+00:00,138.717,explicit_gpx_utc,precipitation_10min_mm,MISSING,NULL_VALUE_ONLY,weather\tw_weather_2026-05-01.sqlite3,weather_observations,C0AH40,平等,臺北市,士林區,25.129143,121.57709,,4273.0,5,2,0,2,0,0,,,,,,,False,stations_with_observations_in_exact_activity_window_and_activity_bbox; rank_by_nearest_activity_trackpoint_distance,VARIABLE_VALUES_NULL_OR_BLANK_IN_ACTIVITY_WINDOW,False,Exact activity-window station-variable evidence; no imputation or weather fusion.
ib3w_activity_environment_window_adapter_v1,qixing_lengshuikeng_xiaoyoukeng_20260410_gpx_v1,qixing_lengshuikeng_xiaoyoukeng_20260410_biji_gpx,qixing_lengshuikeng_xiaoyoukeng_20260410_biji_gpx,gpx,D:\mountain_work\115_osm\activity_input\gpx\qixing_lengshuikeng_xiaoyoukeng_gpx\冷水坑上-七星山東峰-主峰-下小油坑.gpx,2026-04-10T21:35:47+00:00,2026-04-10T23:54:30+00:00,138.717,explicit_gpx_utc,precipitation_1hr_mm,MISSING,NULL_VALUE_ONLY,weather\tw_weather_2026-05-01.sqlite3,weather_observations,C0AH40,平等,臺北市,士林區,25.129143,121.57709,,4273.0,5,2,0,2,0,0,,,,,,,False,stations_with_observations_in_exact_activity_window_and_activity_bbox; rank_by_nearest_activity_trackpoint_distance,VARIABLE_VALUES_NULL_OR_BLANK_IN_ACTIVITY_WINDOW,False,Exact activity-window station-variable evidence; no imputation or weather fusion.
ib3w_activity_environment_window_adapter_v1,qixing_lengshuikeng_xiaoyoukeng_20260410_gpx_v1,qixing_lengshuikeng_xiaoyoukeng_20260410_biji_gpx,qixing_lengshuikeng_xiaoyoukeng_20260410_biji_gpx,gpx,D:\mountain_work\115_osm\activity_input\gpx\qixing_lengshuikeng_xiaoyoukeng_gpx\冷水坑上-七星山東峰-主峰-下小油坑.gpx,2026-04-10T21:35:47+00:00,2026-04-10T23:54:30+00:00,138.717,explicit_gpx_utc,temperature_c,MISSING,NULL_VALUE_ONLY,weather\tw_weather_2026-05-01.sqlite3,weather_observations,C0AH40,平等,臺北市,士林區,25.129143,121.57709,,4273.0,5,2,0,2,0,0,,,,,,,False,stations_with_observations_in_exact_activity_window_and_activity_bbox; rank_by_nearest_activity_trackpoint_distance,VARIABLE_VALUES_NULL_OR_BLANK_IN_ACTIVITY_WINDOW,False,Exact activity-window station-variable evidence; no imputation or weather fusion.
ib3w_activity_environment_window_adapter_v1,qixing_lengshuikeng_xiaoyoukeng_20260410_gpx_v1,qixing_lengshuikeng_xiaoyoukeng_20260410_biji_gpx,qixing_lengshuikeng_xiaoyoukeng_20260410_biji_gpx,gpx,D:\mountain_work\115_osm\activity_input\gpx\qixing_lengshuikeng_xiaoyoukeng_gpx\冷水坑上-七星山東峰-主峰-下小油坑.gpx,2026-04-10T21:35:47+00:00,2026-04-10T23:54:30+00:00,138.717,explicit_gpx_utc,relative_humidity_pct,MISSING,NULL_VALUE_ONLY,weather\tw_weather_2026-05-01.sqlite3,weather_observations,C0AH40,平等,臺北市,士林區,25.129143,121.57709,,4273.0,5,2,0,2,0,0,,,,,,,False,stations_with_observations_in_exact_activity_window_and_activity_bbox; rank_by_nearest_activity_trackpoint_distance,VARIABLE_VALUES_NULL_OR_BLANK_IN_ACTIVITY_WINDOW,False,Exact activity-window station-variable evidence; no imputation or weather fusion.
ib3w_activity_environment_window_adapter_v1,qixing_lengshuikeng_xiaoyoukeng_20260410_gpx_v1,qixing_lengshuikeng_xiaoyoukeng_20260410_biji_gpx,qixing_lengshuikeng_xiaoyoukeng_20260410_biji_gpx,gpx,D:\mountain_work\115_osm\activity_input\gpx\qixing_lengshuikeng_xiaoyoukeng_gpx\冷水坑上-七星山東峰-主峰-下小油坑.gpx,2026-04-10T21:35:47+00:00,2026-04-10T23:54:30+00:00,138.717,explicit_gpx_utc,wind_speed_ms,MISSING,NULL_VALUE_ONLY,weather\tw_weather_2026-05-01.sqlite3,weather_observations,C0AH40,平等,臺北市,士林區,25.129143,121.57709,,4273.0,5,2,0,2,0,0,,,,,,,False,stations_with_observations_in_exact_activity_window_and_activity_bbox; rank_by_nearest_activity_trackpoint_distance,VARIABLE_VALUES_NULL_OR_BLANK_IN_ACTIVITY_WINDOW,False,Exact activity-window station-variable evidence; no imputation or weather fusion.
ib3w_activity_environment_window_adapter_v1,qixing_lengshuikeng_xiaoyoukeng_20260410_gpx_v1,qixing_lengshuikeng_xiaoyoukeng_20260410_biji_gpx,qixing_lengshuikeng_xiaoyoukeng_20260410_biji_gpx,gpx,D:\mountain_work\115_osm\activity_input\gpx\qixing_lengshuikeng_xiaoyoukeng_gpx\冷水坑上-七星山東峰-主峰-下小油坑.gpx,2026-04-10T21:35:47+00:00,2026-04-10T23:54:30+00:00,138.717,explicit_gpx_utc,wind_direction_deg,MISSING,NULL_VALUE_ONLY,weather\tw_weather_2026-05-01.sqlite3,weather_observations,C0AH40,平等,臺北市,士林區,25.129143,121.57709,,4273.0,5,2,0,2,0,0,,,,,,,False,stations_with_observations_in_exact_activity_window_and_activity_bbox; rank_by_nearest_activity_trackpoint_distance,VARIABLE_VALUES_NULL_OR_BLANK_IN_ACTIVITY_WINDOW,False,Exact activity-window station-variable evidence; no imputation or weather fusion.
ib3w_activity_environment_window_adapter_v1,qixing_lengshuikeng_xiaoyoukeng_20260410_gpx_v1,qixing_lengshuikeng_xiaoyoukeng_20260410_biji_gpx,qixing_lengshuikeng_xiaoyoukeng_20260410_biji_gpx,gpx,D:\mountain_work\115_osm\activity_input\gpx\qixing_lengshuikeng_xiaoyoukeng_gpx\冷水坑上-七星山東峰-主峰-下小油坑.gpx,2026-04-10T21:35:47+00:00,2026-04-10T23:54:30+00:00,138.717,explicit_gpx_utc,pressure_hpa,MISSING,NULL_VALUE_ONLY,weather\tw_weather_2026-05-01.sqlite3,weather_observations,C0AH40,平等,臺北市,士林區,25.129143,121.57709,,4273.0,5,2,0,2,0,0,,,,,,,False,stations_with_observations_in_exact_activity_window_and_activity_bbox; rank_by_nearest_activity_trackpoint_distance,VARIABLE_VALUES_NULL_OR_BLANK_IN_ACTIVITY_WINDOW,False,Exact activity-window station-variable evidence; no imputation or weather fusion.
ib3w_activity_environment_window_adapter_v1,qixing_lengshuikeng_xiaoyoukeng_20260410_gpx_v1,qixing_lengshuikeng_xiaoyoukeng_20260410_biji_gpx,qixing_lengshuikeng_xiaoyoukeng_20260410_biji_gpx,gpx,D:\mountain_work\115_osm\activity_input\gpx\qixing_lengshuikeng_xiaoyoukeng_gpx\冷水坑上-七星山東峰-主峰-下小油坑.gpx,2026-04-10T21:35:47+00:00,2026-04-10T23:54:30+00:00,138.717,explicit_gpx_utc,visibility_m,MISSING,NULL_VALUE_ONLY,weather\tw_weather_2026-05-01.sqlite3,weather_observations,C0AH40,平等,臺北市,士林區,25.129143,121.57709,,4273.0,5,2,0,2,0,0,,,,,,,False,stations_with_observations_in_exact_activity_window_and_activity_bbox; rank_by_nearest_activity_trackpoint_distance,VARIABLE_VALUES_NULL_OR_BLANK_IN_ACTIVITY_WINDOW,False,Exact activity-window station-variable evidence; no imputation or weather fusion.
ib3w_activity_environment_window_adapter_v1,qixing_lengshuikeng_xiaoyoukeng_20260410_gpx_v1,qixing_lengshuikeng_xiaoyoukeng_20260410_biji_gpx,qixing_lengshuikeng_xiaoyoukeng_20260410_biji_gpx,gpx,D:\mountain_work\115_osm\activity_input\gpx\qixing_lengshuikeng_xiaoyoukeng_gpx\冷水坑上-七星山東峰-主峰-下小油坑.gpx,2026-04-10T21:35:47+00:00,2026-04-10T23:54:30+00:00,138.717,explicit_gpx_utc,weather,MISSING,NULL_VALUE_ONLY,weather\tw_weather_2026-05-01.sqlite3,weather_observations,C0AH40,平等,臺北市,士林區,25.129143,121.57709,,4273.0,5,2,0,2,0,0,,,,,,,False,stations_with_observations_in_exact_activity_window_and_activity_bbox; rank_by_nearest_activity_trackpoint_distance,VARIABLE_VALUES_NULL_OR_BLANK_IN_ACTIVITY_WINDOW,False,Exact activity-window station-variable evidence; no imputation or weather fusion.
ib3w_activity_environment_window_adapter_v1,qixing_lengshuikeng_xiaoyoukeng_20260410_gpx_v1,qixing_lengshuikeng_xiaoyoukeng_20260410_biji_gpx,qixing_lengshuikeng_xiaoyoukeng_20260410_biji_gpx,gpx,D:\mountain_work\115_osm\activity_input\gpx\qixing_lengshuikeng_xiaoyoukeng_gpx\冷水坑上-七星山東峰-主峰-下小油坑.gpx,2026-04-10T21:35:47+00:00,2026-04-10T23:54:30+00:00,138.717,explicit_gpx_utc,precipitation_mm,OBSERVED,OBSERVED_IN_ACTIVITY_WINDOW,weather\tw_weather_2026-05-01.sqlite3,weather_observations,C0A9C0,天母,臺北市,士林區,25.117495,121.53717,,5685.0,6,2,2,0,2,0,2026-04-10T22:00:00+00:00,0.0,0.0,0.0,0.0,0.0,True,stations_with_observations_in_exact_activity_window_and_activity_bbox; rank_by_nearest_activity_trackpoint_distance,,False,Raw zero values are retained as observed evidence; zero is never synthesized.
ib3w_activity_environment_window_adapter_v1,qixing_lengshuikeng_xiaoyoukeng_20260410_gpx_v1,qixing_lengshuikeng_xiaoyoukeng_20260410_biji_gpx,qixing_lengshuikeng_xiaoyoukeng_20260410_biji_gpx,gpx,D:\mountain_work\115_osm\activity_input\gpx\qixing_lengshuikeng_xiaoyoukeng_gpx\冷水坑上-七星山東峰-主峰-下小油坑.gpx,2026-04-10T21:35:47+00:00,2026-04-10T23:54:30+00:00,138.717,explicit_gpx_utc,precipitation_10min_mm,MISSING,NULL_VALUE_ONLY,weather\tw_weather_2026-05-01.sqlite3,weather_observations,C0A9C0,天母,臺北市,士林區,25.117495,121.53717,,5685.0,6,2,0,2,0,0,,,,,,,False,stations_with_observations_in_exact_activity_window_and_activity_bbox; rank_by_nearest_activity_trackpoint_distance,VARIABLE_VALUES_NULL_OR_BLANK_IN_ACTIVITY_WINDOW,False,Exact activity-window station-variable evidence; no imputation or weather fusion.
ib3w_activity_environment_window_adapter_v1,qixing_lengshuikeng_xiaoyoukeng_20260410_gpx_v1,qixing_lengshuikeng_xiaoyoukeng_20260410_biji_gpx,qixing_lengshuikeng_xiaoyoukeng_20260410_biji_gpx,gpx,D:\mountain_work\115_osm\activity_input\gpx\qixing_lengshuikeng_xiaoyoukeng_gpx\冷水坑上-七星山東峰-主峰-下小油坑.gpx,2026-04-10T21:35:47+00:00,2026-04-10T23:54:30+00:00,138.717,explicit_gpx_utc,precipitation_1hr_mm,MISSING,NULL_VALUE_ONLY,weather\tw_weather_2026-05-01.sqlite3,weather_observations,C0A9C0,天母,臺北市,士林區,25.117495,121.53717,,5685.0,6,2,0,2,0,0,,,,,,,False,stations_with_observations_in_exact_activity_window_and_activity_bbox; rank_by_nearest_activity_trackpoint_distance,VARIABLE_VALUES_NULL_OR_BLANK_IN_ACTIVITY_WINDOW,False,Exact activity-window station-variable evidence; no imputation or weather fusion.
ib3w_activity_environment_window_adapter_v1,qixing_lengshuikeng_xiaoyoukeng_20260410_gpx_v1,qixing_lengshuikeng_xiaoyoukeng_20260410_biji_gpx,qixing_lengshuikeng_xiaoyoukeng_20260410_biji_gpx,gpx,D:\mountain_work\115_osm\activity_input\gpx\qixing_lengshuikeng_xiaoyoukeng_gpx\冷水坑上-七星山東峰-主峰-下小油坑.gpx,2026-04-10T21:35:47+00:00,2026-04-10T23:54:30+00:00,138.717,explicit_gpx_utc,temperature_c,OBSERVED,OBSERVED_IN_ACTIVITY_WINDOW,weather\tw_weather_2026-05-01.sqlite3,weather_observations,C0A9C0,天母,臺北市,士林區,25.117495,121.53717,,5685.0,6,2,2,0,0,2,2026-04-10T22:00:00+00:00,0.0,23.4,25.6,24.5,49.0,True,stations_with_observations_in_exact_activity_window_and_activity_bbox; rank_by_nearest_activity_trackpoint_distance,,False,Exact activity-window station-variable evidence; no imputation or weather fusion.
ib3w_activity_environment_window_adapter_v1,qixing_lengshuikeng_xiaoyoukeng_20260410_gpx_v1,qixing_lengshuikeng_xiaoyoukeng_20260410_biji_gpx,qixing_lengshuikeng_xiaoyoukeng_20260410_biji_gpx,gpx,D:\mountain_work\115_osm\activity_input\gpx\qixing_lengshuikeng_xiaoyoukeng_gpx\冷水坑上-七星山東峰-主峰-下小油坑.gpx,2026-04-10T21:35:47+00:00,2026-04-10T23:54:30+00:00,138.717,explicit_gpx_utc,relative_humidity_pct,OBSERVED,OBSERVED_IN_ACTIVITY_WINDOW,weather\tw_weather_2026-05-01.sqlite3,weather_observations,C0A9C0,天母,臺北市,士林區,25.117495,121.53717,,5685.0,6,2,2,0,0,2,2026-04-10T22:00:00+00:00,0.0,81.0,88.0,84.5,169.0,True,stations_with_observations_in_exact_activity_window_and_activity_bbox; rank_by_nearest_activity_trackpoint_distance,,False,Exact activity-window station-variable evidence; no imputation or weather fusion.
ib3w_activity_environment_window_adapter_v1,qixing_lengshuikeng_xiaoyoukeng_20260410_gpx_v1,qixing_lengshuikeng_xiaoyoukeng_20260410_biji_gpx,qixing_lengshuikeng_xiaoyoukeng_20260410_biji_gpx,gpx,D:\mountain_work\115_osm\activity_input\gpx\qixing_lengshuikeng_xiaoyoukeng_gpx\冷水坑上-七星山東峰-主峰-下小油坑.gpx,2026-04-10T21:35:47+00:00,2026-04-10T23:54:30+00:00,138.717,explicit_gpx_utc,wind_speed_ms,OBSERVED,OBSERVED_IN_ACTIVITY_WINDOW,weather\tw_weather_2026-05-01.sqlite3,weather_observations,C0A9C0,天母,臺北市,士林區,25.117495,121.53717,,5685.0,6,2,2,0,1,1,2026-04-10T22:00:00+00:00,0.0,0.0,0.1,0.05,0.1,True,stations_with_observations_in_exact_activity_window_and_activity_bbox; rank_by_nearest_activity_trackpoint_distance,,False,Raw zero values are retained as observed evidence; zero is never synthesized.
ib3w_activity_environment_window_adapter_v1,qixing_lengshuikeng_xiaoyoukeng_20260410_gpx_v1,qixing_lengshuikeng_xiaoyoukeng_20260410_biji_gpx,qixing_lengshuikeng_xiaoyoukeng_20260410_biji_gpx,gpx,D:\mountain_work\115_osm\activity_input\gpx\qixing_lengshuikeng_xiaoyoukeng_gpx\冷水坑上-七星山東峰-主峰-下小油坑.gpx,2026-04-10T21:35:47+00:00,2026-04-10T23:54:30+00:00,138.717,explicit_gpx_utc,wind_direction_deg,OBSERVED,OBSERVED_IN_ACTIVITY_WINDOW,weather\tw_weather_2026-05-01.sqlite3,weather_observations,C0A9C0,天母,臺北市,士林區,25.117495,121.53717,,5685.0,6,2,2,0,2,0,2026-04-10T22:00:00+00:00,0.0,0.0,0.0,0.0,0.0,True,stations_with_observations_in_exact_activity_window_and_activity_bbox; rank_by_nearest_activity_trackpoint_distance,,False,Raw zero values are retained as observed evidence; zero is never synthesized.
ib3w_activity_environment_window_adapter_v1,qixing_lengshuikeng_xiaoyoukeng_20260410_gpx_v1,qixing_lengshuikeng_xiaoyoukeng_20260410_biji_gpx,qixing_lengshuikeng_xiaoyoukeng_20260410_biji_gpx,gpx,D:\mountain_work\115_osm\activity_input\gpx\qixing_lengshuikeng_xiaoyoukeng_gpx\冷水坑上-七星山東峰-主峰-下小油坑.gpx,2026-04-10T21:35:47+00:00,2026-04-10T23:54:30+00:00,138.717,explicit_gpx_utc,pressure_hpa,OBSERVED,OBSERVED_IN_ACTIVITY_WINDOW,weather\tw_weather_2026-05-01.sqlite3,weather_observations,C0A9C0,天母,臺北市,士林區,25.117495,121.53717,,5685.0,6,2,2,0,0,2,2026-04-10T22:00:00+00:00,0.0,1008.1,1008.4,1008.25,2016.5,True,stations_with_observations_in_exact_activity_window_and_activity_bbox; rank_by_nearest_activity_trackpoint_distance,,False,Exact activity-window station-variable evidence; no imputation or weather fusion.
ib3w_activity_environment_window_adapter_v1,qixing_lengshuikeng_xiaoyoukeng_20260410_gpx_v1,qixing_lengshuikeng_xiaoyoukeng_20260410_biji_gpx,qixing_lengshuikeng_xiaoyoukeng_20260410_biji_gpx,gpx,D:\mountain_work\115_osm\activity_input\gpx\qixing_lengshuikeng_xiaoyoukeng_gpx\冷水坑上-七星山東峰-主峰-下小油坑.gpx,2026-04-10T21:35:47+00:00,2026-04-10T23:54:30+00:00,138.717,explicit_gpx_utc,visibility_m,MISSING,NULL_VALUE_ONLY,weather\tw_weather_2026-05-01.sqlite3,weather_observations,C0A9C0,天母,臺北市,士林區,25.117495,121.53717,,5685.0,6,2,0,2,0,0,,,,,,,False,stations_with_observations_in_exact_activity_window_and_activity_bbox; rank_by_nearest_activity_trackpoint_distance,VARIABLE_VALUES_NULL_OR_BLANK_IN_ACTIVITY_WINDOW,False,Exact activity-window station-variable evidence; no imputation or weather fusion.
ib3w_activity_environment_window_adapter_v1,qixing_lengshuikeng_xiaoyoukeng_20260410_gpx_v1,qixing_lengshuikeng_xiaoyoukeng_20260410_biji_gpx,qixing_lengshuikeng_xiaoyoukeng_20260410_biji_gpx,gpx,D:\mountain_work\115_osm\activity_input\gpx\qixing_lengshuikeng_xiaoyoukeng_gpx\冷水坑上-七星山東峰-主峰-下小油坑.gpx,2026-04-10T21:35:47+00:00,2026-04-10T23:54:30+00:00,138.717,explicit_gpx_utc,weather,MISSING,NULL_VALUE_ONLY,weather\tw_weather_2026-05-01.sqlite3,weather_observations,C0A9C0,天母,臺北市,士林區,25.117495,121.53717,,5685.0,6,2,0,2,0,0,,,,,,,False,stations_with_observations_in_exact_activity_window_and_activity_bbox; rank_by_nearest_activity_trackpoint_distance,VARIABLE_VALUES_NULL_OR_BLANK_IN_ACTIVITY_WINDOW,False,Exact activity-window station-variable evidence; no imputation or weather fusion.
ib3w_activity_environment_window_adapter_v1,qixing_lengshuikeng_xiaoyoukeng_20260410_gpx_v1,qixing_lengshuikeng_xiaoyoukeng_20260410_biji_gpx,qixing_lengshuikeng_xiaoyoukeng_20260410_biji_gpx,gpx,D:\mountain_work\115_osm\activity_input\gpx\qixing_lengshuikeng_xiaoyoukeng_gpx\冷水坑上-七星山東峰-主峰-下小油坑.gpx,2026-04-10T21:35:47+00:00,2026-04-10T23:54:30+00:00,138.717,explicit_gpx_utc,precipitation_mm,OBSERVED,OBSERVED_IN_ACTIVITY_WINDOW,weather\tw_weather_2026-05-01.sqlite3,weather_observations,C0A870,五指山,新北市,汐止區,25.132153,121.60869,,5850.4,7,2,2,0,2,0,2026-04-10T22:00:00+00:00,0.0,0.0,0.0,0.0,0.0,True,stations_with_observations_in_exact_activity_window_and_activity_bbox; rank_by_nearest_activity_trackpoint_distance,,False,Raw zero values are retained as observed evidence; zero is never synthesized.
ib3w_activity_environment_window_adapter_v1,qixing_lengshuikeng_xiaoyoukeng_20260410_gpx_v1,qixing_lengshuikeng_xiaoyoukeng_20260410_biji_gpx,qixing_lengshuikeng_xiaoyoukeng_20260410_biji_gpx,gpx,D:\mountain_work\115_osm\activity_input\gpx\qixing_lengshuikeng_xiaoyoukeng_gpx\冷水坑上-七星山東峰-主峰-下小油坑.gpx,2026-04-10T21:35:47+00:00,2026-04-10T23:54:30+00:00,138.717,explicit_gpx_utc,precipitation_10min_mm,MISSING,NULL_VALUE_ONLY,weather\tw_weather_2026-05-01.sqlite3,weather_observations,C0A870,五指山,新北市,汐止區,25.132153,121.60869,,5850.4,7,2,0,2,0,0,,,,,,,False,stations_with_observations_in_exact_activity_window_and_activity_bbox; rank_by_nearest_activity_trackpoint_distance,VARIABLE_VALUES_NULL_OR_BLANK_IN_ACTIVITY_WINDOW,False,Exact activity-window station-variable evidence; no imputation or weather fusion.
ib3w_activity_environment_window_adapter_v1,qixing_lengshuikeng_xiaoyoukeng_20260410_gpx_v1,qixing_lengshuikeng_xiaoyoukeng_20260410_biji_gpx,qixing_lengshuikeng_xiaoyoukeng_20260410_biji_gpx,gpx,D:\mountain_work\115_osm\activity_input\gpx\qixing_lengshuikeng_xiaoyoukeng_gpx\冷水坑上-七星山東峰-主峰-下小油坑.gpx,2026-04-10T21:35:47+00:00,2026-04-10T23:54:30+00:00,138.717,explicit_gpx_utc,precipitation_1hr_mm,MISSING,NULL_VALUE_ONLY,weather\tw_weather_2026-05-01.sqlite3,weather_observations,C0A870,五指山,新北市,汐止區,25.132153,121.60869,,5850.4,7,2,0,2,0,0,,,,,,,False,stations_with_observations_in_exact_activity_window_and_activity_bbox; rank_by_nearest_activity_trackpoint_distance,VARIABLE_VALUES_NULL_OR_BLANK_IN_ACTIVITY_WINDOW,False,Exact activity-window station-variable evidence; no imputation or weather fusion.
ib3w_activity_environment_window_adapter_v1,qixing_lengshuikeng_xiaoyoukeng_20260410_gpx_v1,qixing_lengshuikeng_xiaoyoukeng_20260410_biji_gpx,qixing_lengshuikeng_xiaoyoukeng_20260410_biji_gpx,gpx,D:\mountain_work\115_osm\activity_input\gpx\qixing_lengshuikeng_xiaoyoukeng_gpx\冷水坑上-七星山東峰-主峰-下小油坑.gpx,2026-04-10T21:35:47+00:00,2026-04-10T23:54:30+00:00,138.717,explicit_gpx_utc,temperature_c,OBSERVED,OBSERVED_IN_ACTIVITY_WINDOW,weather\tw_weather_2026-05-01.sqlite3,weather_observations,C0A870,五指山,新北市,汐止區,25.132153,121.60869,,5850.4,7,2,2,0,0,2,2026-04-10T22:00:00+00:00,0.0,19.7,20.2,19.95,39.9,True,stations_with_observations_in_exact_activity_window_and_activity_bbox; rank_by_nearest_activity_trackpoint_distance,,False,Exact activity-window station-variable evidence; no imputation or weather fusion.
ib3w_activity_environment_window_adapter_v1,qixing_lengshuikeng_xiaoyoukeng_20260410_gpx_v1,qixing_lengshuikeng_xiaoyoukeng_20260410_biji_gpx,qixing_lengshuikeng_xiaoyoukeng_20260410_biji_gpx,gpx,D:\mountain_work\115_osm\activity_input\gpx\qixing_lengshuikeng_xiaoyoukeng_gpx\冷水坑上-七星山東峰-主峰-下小油坑.gpx,2026-04-10T21:35:47+00:00,2026-04-10T23:54:30+00:00,138.717,explicit_gpx_utc,relative_humidity_pct,OBSERVED,OBSERVED_IN_ACTIVITY_WINDOW,weather\tw_weather_2026-05-01.sqlite3,weather_observations,C0A870,五指山,新北市,汐止區,25.132153,121.60869,,5850.4,7,2,2,0,0,2,2026-04-10T22:00:00+00:00,0.0,95.0,95.0,95.0,190.0,True,stations_with_observations_in_exact_activity_window_and_activity_bbox; rank_by_nearest_activity_trackpoint_distance,,False,Exact activity-window station-variable evidence; no imputation or weather fusion.
ib3w_activity_environment_window_adapter_v1,qixing_lengshuikeng_xiaoyoukeng_20260410_gpx_v1,qixing_lengshuikeng_xiaoyoukeng_20260410_biji_gpx,qixing_lengshuikeng_xiaoyoukeng_20260410_biji_gpx,gpx,D:\mountain_work\115_osm\activity_input\gpx\qixing_lengshuikeng_xiaoyoukeng_gpx\冷水坑上-七星山東峰-主峰-下小油坑.gpx,2026-04-10T21:35:47+00:00,2026-04-10T23:54:30+00:00,138.717,explicit_gpx_utc,wind_speed_ms,OBSERVED,OBSERVED_IN_ACTIVITY_WINDOW,weather\tw_weather_2026-05-01.sqlite3,weather_observations,C0A870,五指山,新北市,汐止區,25.132153,121.60869,,5850.4,7,2,2,0,0,2,2026-04-10T22:00:00+00:00,0.0,2.6,2.6,2.6,5.2,True,stations_with_observations_in_exact_activity_window_and_activity_bbox; rank_by_nearest_activity_trackpoint_distance,,False,Exact activity-window station-variable evidence; no imputation or weather fusion.
ib3w_activity_environment_window_adapter_v1,qixing_lengshuikeng_xiaoyoukeng_20260410_gpx_v1,qixing_lengshuikeng_xiaoyoukeng_20260410_biji_gpx,qixing_lengshuikeng_xiaoyoukeng_20260410_biji_gpx,gpx,D:\mountain_work\115_osm\activity_input\gpx\qixing_lengshuikeng_xiaoyoukeng_gpx\冷水坑上-七星山東峰-主峰-下小油坑.gpx,2026-04-10T21:35:47+00:00,2026-04-10T23:54:30+00:00,138.717,explicit_gpx_utc,wind_direction_deg,OBSERVED,OBSERVED_IN_ACTIVITY_WINDOW,weather\tw_weather_2026-05-01.sqlite3,weather_observations,C0A870,五指山,新北市,汐止區,25.132153,121.60869,,5850.4,7,2,2,0,0,2,2026-04-10T22:00:00+00:00,0.0,144.0,158.0,151.0,302.0,True,stations_with_observations_in_exact_activity_window_and_activity_bbox; rank_by_nearest_activity_trackpoint_distance,,False,Exact activity-window station-variable evidence; no imputation or weather fusion.
ib3w_activity_environment_window_adapter_v1,qixing_lengshuikeng_xiaoyoukeng_20260410_gpx_v1,qixing_lengshuikeng_xiaoyoukeng_20260410_biji_gpx,qixing_lengshuikeng_xiaoyoukeng_20260410_biji_gpx,gpx,D:\mountain_work\115_osm\activity_input\gpx\qixing_lengshuikeng_xiaoyoukeng_gpx\冷水坑上-七星山東峰-主峰-下小油坑.gpx,2026-04-10T21:35:47+00:00,2026-04-10T23:54:30+00:00,138.717,explicit_gpx_utc,pressure_hpa,OBSERVED,OBSERVED_IN_ACTIVITY_WINDOW,weather\tw_weather_2026-05-01.sqlite3,weather_observations,C0A870,五指山,新北市,汐止區,25.132153,121.60869,,5850.4,7,2,2,0,0,2,2026-04-10T22:00:00+00:00,0.0,931.4,931.6,931.5,1863.0,True,stations_with_observations_in_exact_activity_window_and_activity_bbox; rank_by_nearest_activity_trackpoint_distance,,False,Exact activity-window station-variable evidence; no imputation or weather fusion.
ib3w_activity_environment_window_adapter_v1,qixing_lengshuikeng_xiaoyoukeng_20260410_gpx_v1,qixing_lengshuikeng_xiaoyoukeng_20260410_biji_gpx,qixing_lengshuikeng_xiaoyoukeng_20260410_biji_gpx,gpx,D:\mountain_work\115_osm\activity_input\gpx\qixing_lengshuikeng_xiaoyoukeng_gpx\冷水坑上-七星山東峰-主峰-下小油坑.gpx,2026-04-10T21:35:47+00:00,2026-04-10T23:54:30+00:00,138.717,explicit_gpx_utc,visibility_m,MISSING,NULL_VALUE_ONLY,weather\tw_weather_2026-05-01.sqlite3,weather_observations,C0A870,五指山,新北市,汐止區,25.132153,121.60869,,5850.4,7,2,0,2,0,0,,,,,,,False,stations_with_observations_in_exact_activity_window_and_activity_bbox; rank_by_nearest_activity_trackpoint_distance,VARIABLE_VALUES_NULL_OR_BLANK_IN_ACTIVITY_WINDOW,False,Exact activity-window station-variable evidence; no imputation or weather fusion.
ib3w_activity_environment_window_adapter_v1,qixing_lengshuikeng_xiaoyoukeng_20260410_gpx_v1,qixing_lengshuikeng_xiaoyoukeng_20260410_biji_gpx,qixing_lengshuikeng_xiaoyoukeng_20260410_biji_gpx,gpx,D:\mountain_work\115_osm\activity_input\gpx\qixing_lengshuikeng_xiaoyoukeng_gpx\冷水坑上-七星山東峰-主峰-下小油坑.gpx,2026-04-10T21:35:47+00:00,2026-04-10T23:54:30+00:00,138.717,explicit_gpx_utc,weather,MISSING,NULL_VALUE_ONLY,weather\tw_weather_2026-05-01.sqlite3,weather_observations,C0A870,五指山,新北市,汐止區,25.132153,121.60869,,5850.4,7,2,0,2,0,0,,,,,,,False,stations_with_observations_in_exact_activity_window_and_activity_bbox; rank_by_nearest_activity_trackpoint_distance,VARIABLE_VALUES_NULL_OR_BLANK_IN_ACTIVITY_WINDOW,False,Exact activity-window station-variable evidence; no imputation or weather fusion.
ib3w_activity_environment_window_adapter_v1,qixing_lengshuikeng_xiaoyoukeng_20260410_gpx_v1,qixing_lengshuikeng_xiaoyoukeng_20260410_biji_gpx,qixing_lengshuikeng_xiaoyoukeng_20260410_biji_gpx,gpx,D:\mountain_work\115_osm\activity_input\gpx\qixing_lengshuikeng_xiaoyoukeng_gpx\冷水坑上-七星山東峰-主峰-下小油坑.gpx,2026-04-10T21:35:47+00:00,2026-04-10T23:54:30+00:00,138.717,explicit_gpx_utc,precipitation_mm,OBSERVED,OBSERVED_IN_ACTIVITY_WINDOW,weather\tw_weather_2026-05-01.sqlite3,weather_observations,C0A860,大坪,新北市,萬里區,25.165915,121.63297,,6953.4,8,2,2,0,2,0,2026-04-10T22:00:00+00:00,0.0,0.0,0.0,0.0,0.0,True,stations_with_observations_in_exact_activity_window_and_activity_bbox; rank_by_nearest_activity_trackpoint_distance,,False,Raw zero values are retained as observed evidence; zero is never synthesized.
ib3w_activity_environment_window_adapter_v1,qixing_lengshuikeng_xiaoyoukeng_20260410_gpx_v1,qixing_lengshuikeng_xiaoyoukeng_20260410_biji_gpx,qixing_lengshuikeng_xiaoyoukeng_20260410_biji_gpx,gpx,D:\mountain_work\115_osm\activity_input\gpx\qixing_lengshuikeng_xiaoyoukeng_gpx\冷水坑上-七星山東峰-主峰-下小油坑.gpx,2026-04-10T21:35:47+00:00,2026-04-10T23:54:30+00:00,138.717,explicit_gpx_utc,precipitation_10min_mm,MISSING,NULL_VALUE_ONLY,weather\tw_weather_2026-05-01.sqlite3,weather_observations,C0A860,大坪,新北市,萬里區,25.165915,121.63297,,6953.4,8,2,0,2,0,0,,,,,,,False,stations_with_observations_in_exact_activity_window_and_activity_bbox; rank_by_nearest_activity_trackpoint_distance,VARIABLE_VALUES_NULL_OR_BLANK_IN_ACTIVITY_WINDOW,False,Exact activity-window station-variable evidence; no imputation or weather fusion.
ib3w_activity_environment_window_adapter_v1,qixing_lengshuikeng_xiaoyoukeng_20260410_gpx_v1,qixing_lengshuikeng_xiaoyoukeng_20260410_biji_gpx,qixing_lengshuikeng_xiaoyoukeng_20260410_biji_gpx,gpx,D:\mountain_work\115_osm\activity_input\gpx\qixing_lengshuikeng_xiaoyoukeng_gpx\冷水坑上-七星山東峰-主峰-下小油坑.gpx,2026-04-10T21:35:47+00:00,2026-04-10T23:54:30+00:00,138.717,explicit_gpx_utc,precipitation_1hr_mm,MISSING,NULL_VALUE_ONLY,weather\tw_weather_2026-05-01.sqlite3,weather_observations,C0A860,大坪,新北市,萬里區,25.165915,121.63297,,6953.4,8,2,0,2,0,0,,,,,,,False,stations_with_observations_in_exact_activity_window_and_activity_bbox; rank_by_nearest_activity_trackpoint_distance,VARIABLE_VALUES_NULL_OR_BLANK_IN_ACTIVITY_WINDOW,False,Exact activity-window station-variable evidence; no imputation or weather fusion.
ib3w_activity_environment_window_adapter_v1,qixing_lengshuikeng_xiaoyoukeng_20260410_gpx_v1,qixing_lengshuikeng_xiaoyoukeng_20260410_biji_gpx,qixing_lengshuikeng_xiaoyoukeng_20260410_biji_gpx,gpx,D:\mountain_work\115_osm\activity_input\gpx\qixing_lengshuikeng_xiaoyoukeng_gpx\冷水坑上-七星山東峰-主峰-下小油坑.gpx,2026-04-10T21:35:47+00:00,2026-04-10T23:54:30+00:00,138.717,explicit_gpx_utc,temperature_c,OBSERVED,OBSERVED_IN_ACTIVITY_WINDOW,weather\tw_weather_2026-05-01.sqlite3,weather_observations,C0A860,大坪,新北市,萬里區,25.165915,121.63297,,6953.4,8,2,2,0,0,2,2026-04-10T22:00:00+00:00,0.0,21.5,22.0,21.75,43.5,True,stations_with_observations_in_exact_activity_window_and_activity_bbox; rank_by_nearest_activity_trackpoint_distance,,False,Exact activity-window station-variable evidence; no imputation or weather fusion.
ib3w_activity_environment_window_adapter_v1,qixing_lengshuikeng_xiaoyoukeng_20260410_gpx_v1,qixing_lengshuikeng_xiaoyoukeng_20260410_biji_gpx,qixing_lengshuikeng_xiaoyoukeng_20260410_biji_gpx,gpx,D:\mountain_work\115_osm\activity_input\gpx\qixing_lengshuikeng_xiaoyoukeng_gpx\冷水坑上-七星山東峰-主峰-下小油坑.gpx,2026-04-10T21:35:47+00:00,2026-04-10T23:54:30+00:00,138.717,explicit_gpx_utc,relative_humidity_pct,OBSERVED,OBSERVED_IN_ACTIVITY_WINDOW,weather\tw_weather_2026-05-01.sqlite3,weather_observations,C0A860,大坪,新北市,萬里區,25.165915,121.63297,,6953.4,8,2,2,0,0,2,2026-04-10T22:00:00+00:00,0.0,92.0,94.0,93.0,186.0,True,stations_with_observations_in_exact_activity_window_and_activity_bbox; rank_by_nearest_activity_trackpoint_distance,,False,Exact activity-window station-variable evidence; no imputation or weather fusion.
ib3w_activity_environment_window_adapter_v1,qixing_lengshuikeng_xiaoyoukeng_20260410_gpx_v1,qixing_lengshuikeng_xiaoyoukeng_20260410_biji_gpx,qixing_lengshuikeng_xiaoyoukeng_20260410_biji_gpx,gpx,D:\mountain_work\115_osm\activity_input\gpx\qixing_lengshuikeng_xiaoyoukeng_gpx\冷水坑上-七星山東峰-主峰-下小油坑.gpx,2026-04-10T21:35:47+00:00,2026-04-10T23:54:30+00:00,138.717,explicit_gpx_utc,wind_speed_ms,OBSERVED,OBSERVED_IN_ACTIVITY_WINDOW,weather\tw_weather_2026-05-01.sqlite3,weather_observations,C0A860,大坪,新北市,萬里區,25.165915,121.63297,,6953.4,8,2,2,0,2,0,2026-04-10T22:00:00+00:00,0.0,0.0,0.0,0.0,0.0,True,stations_with_observations_in_exact_activity_window_and_activity_bbox; rank_by_nearest_activity_trackpoint_distance,,False,Raw zero values are retained as observed evidence; zero is never synthesized.
ib3w_activity_environment_window_adapter_v1,qixing_lengshuikeng_xiaoyoukeng_20260410_gpx_v1,qixing_lengshuikeng_xiaoyoukeng_20260410_biji_gpx,qixing_lengshuikeng_xiaoyoukeng_20260410_biji_gpx,gpx,D:\mountain_work\115_osm\activity_input\gpx\qixing_lengshuikeng_xiaoyoukeng_gpx\冷水坑上-七星山東峰-主峰-下小油坑.gpx,2026-04-10T21:35:47+00:00,2026-04-10T23:54:30+00:00,138.717,explicit_gpx_utc,wind_direction_deg,OBSERVED,OBSERVED_IN_ACTIVITY_WINDOW,weather\tw_weather_2026-05-01.sqlite3,weather_observations,C0A860,大坪,新北市,萬里區,25.165915,121.63297,,6953.4,8,2,2,0,2,0,2026-04-10T22:00:00+00:00,0.0,0.0,0.0,0.0,0.0,True,stations_with_observations_in_exact_activity_window_and_activity_bbox; rank_by_nearest_activity_trackpoint_distance,,False,Raw zero values are retained as observed evidence; zero is never synthesized.
ib3w_activity_environment_window_adapter_v1,qixing_lengshuikeng_xiaoyoukeng_20260410_gpx_v1,qixing_lengshuikeng_xiaoyoukeng_20260410_biji_gpx,qixing_lengshuikeng_xiaoyoukeng_20260410_biji_gpx,gpx,D:\mountain_work\115_osm\activity_input\gpx\qixing_lengshuikeng_xiaoyoukeng_gpx\冷水坑上-七星山東峰-主峰-下小油坑.gpx,2026-04-10T21:35:47+00:00,2026-04-10T23:54:30+00:00,138.717,explicit_gpx_utc,pressure_hpa,OBSERVED,OBSERVED_IN_ACTIVITY_WINDOW,weather\tw_weather_2026-05-01.sqlite3,weather_observations,C0A860,大坪,新北市,萬里區,25.165915,121.63297,,6953.4,8,2,2,0,0,2,2026-04-10T22:00:00+00:00,0.0,970.6,970.9,970.75,1941.5,True,stations_with_observations_in_exact_activity_window_and_activity_bbox; rank_by_nearest_activity_trackpoint_distance,,False,Exact activity-window station-variable evidence; no imputation or weather fusion.
ib3w_activity_environment_window_adapter_v1,qixing_lengshuikeng_xiaoyoukeng_20260410_gpx_v1,qixing_lengshuikeng_xiaoyoukeng_20260410_biji_gpx,qixing_lengshuikeng_xiaoyoukeng_20260410_biji_gpx,gpx,D:\mountain_work\115_osm\activity_input\gpx\qixing_lengshuikeng_xiaoyoukeng_gpx\冷水坑上-七星山東峰-主峰-下小油坑.gpx,2026-04-10T21:35:47+00:00,2026-04-10T23:54:30+00:00,138.717,explicit_gpx_utc,visibility_m,MISSING,NULL_VALUE_ONLY,weather\tw_weather_2026-05-01.sqlite3,weather_observations,C0A860,大坪,新北市,萬里區,25.165915,121.63297,,6953.4,8,2,0,2,0,0,,,,,,,False,stations_with_observations_in_exact_activity_window_and_activity_bbox; rank_by_nearest_activity_trackpoint_distance,VARIABLE_VALUES_NULL_OR_BLANK_IN_ACTIVITY_WINDOW,False,Exact activity-window station-variable evidence; no imputation or weather fusion.
ib3w_activity_environment_window_adapter_v1,qixing_lengshuikeng_xiaoyoukeng_20260410_gpx_v1,qixing_lengshuikeng_xiaoyoukeng_20260410_biji_gpx,qixing_lengshuikeng_xiaoyoukeng_20260410_biji_gpx,gpx,D:\mountain_work\115_osm\activity_input\gpx\qixing_lengshuikeng_xiaoyoukeng_gpx\冷水坑上-七星山東峰-主峰-下小油坑.gpx,2026-04-10T21:35:47+00:00,2026-04-10T23:54:30+00:00,138.717,explicit_gpx_utc,weather,MISSING,NULL_VALUE_ONLY,weather\tw_weather_2026-05-01.sqlite3,weather_observations,C0A860,大坪,新北市,萬里區,25.165915,121.63297,,6953.4,8,2,0,2,0,0,,,,,,,False,stations_with_observations_in_exact_activity_window_and_activity_bbox; rank_by_nearest_activity_trackpoint_distance,VARIABLE_VALUES_NULL_OR_BLANK_IN_ACTIVITY_WINDOW,False,Exact activity-window station-variable evidence; no imputation or weather fusion.
ib3w_activity_environment_window_adapter_v1,qixing_lengshuikeng_xiaoyoukeng_20260410_gpx_v1,qixing_lengshuikeng_xiaoyoukeng_20260410_biji_gpx,qixing_lengshuikeng_xiaoyoukeng_20260410_biji_gpx,gpx,D:\mountain_work\115_osm\activity_input\gpx\qixing_lengshuikeng_xiaoyoukeng_gpx\冷水坑上-七星山東峰-主峰-下小油坑.gpx,2026-04-10T21:35:47+00:00,2026-04-10T23:54:30+00:00,138.717,explicit_gpx_utc,precipitation_mm,OBSERVED,OBSERVED_IN_ACTIVITY_WINDOW,weather\tw_weather_2026-05-01.sqlite3,weather_observations,C0AI40,石牌,臺北市,北投區,25.115597,121.51314,,7099.3,9,2,2,0,2,0,2026-04-10T22:00:00+00:00,0.0,0.0,0.0,0.0,0.0,True,stations_with_observations_in_exact_activity_window_and_activity_bbox; rank_by_nearest_activity_trackpoint_distance,,False,Raw zero values are retained as observed evidence; zero is never synthesized.
ib3w_activity_environment_window_adapter_v1,qixing_lengshuikeng_xiaoyoukeng_20260410_gpx_v1,qixing_lengshuikeng_xiaoyoukeng_20260410_biji_gpx,qixing_lengshuikeng_xiaoyoukeng_20260410_biji_gpx,gpx,D:\mountain_work\115_osm\activity_input\gpx\qixing_lengshuikeng_xiaoyoukeng_gpx\冷水坑上-七星山東峰-主峰-下小油坑.gpx,2026-04-10T21:35:47+00:00,2026-04-10T23:54:30+00:00,138.717,explicit_gpx_utc,precipitation_10min_mm,MISSING,NULL_VALUE_ONLY,weather\tw_weather_2026-05-01.sqlite3,weather_observations,C0AI40,石牌,臺北市,北投區,25.115597,121.51314,,7099.3,9,2,0,2,0,0,,,,,,,False,stations_with_observations_in_exact_activity_window_and_activity_bbox; rank_by_nearest_activity_trackpoint_distance,VARIABLE_VALUES_NULL_OR_BLANK_IN_ACTIVITY_WINDOW,False,Exact activity-window station-variable evidence; no imputation or weather fusion.
ib3w_activity_environment_window_adapter_v1,qixing_lengshuikeng_xiaoyoukeng_20260410_gpx_v1,qixing_lengshuikeng_xiaoyoukeng_20260410_biji_gpx,qixing_lengshuikeng_xiaoyoukeng_20260410_biji_gpx,gpx,D:\mountain_work\115_osm\activity_input\gpx\qixing_lengshuikeng_xiaoyoukeng_gpx\冷水坑上-七星山東峰-主峰-下小油坑.gpx,2026-04-10T21:35:47+00:00,2026-04-10T23:54:30+00:00,138.717,explicit_gpx_utc,precipitation_1hr_mm,MISSING,NULL_VALUE_ONLY,weather\tw_weather_2026-05-01.sqlite3,weather_observations,C0AI40,石牌,臺北市,北投區,25.115597,121.51314,,7099.3,9,2,0,2,0,0,,,,,,,False,stations_with_observations_in_exact_activity_window_and_activity_bbox; rank_by_nearest_activity_trackpoint_distance,VARIABLE_VALUES_NULL_OR_BLANK_IN_ACTIVITY_WINDOW,False,Exact activity-window station-variable evidence; no imputation or weather fusion.
ib3w_activity_environment_window_adapter_v1,qixing_lengshuikeng_xiaoyoukeng_20260410_gpx_v1,qixing_lengshuikeng_xiaoyoukeng_20260410_biji_gpx,qixing_lengshuikeng_xiaoyoukeng_20260410_biji_gpx,gpx,D:\mountain_work\115_osm\activity_input\gpx\qixing_lengshuikeng_xiaoyoukeng_gpx\冷水坑上-七星山東峰-主峰-下小油坑.gpx,2026-04-10T21:35:47+00:00,2026-04-10T23:54:30+00:00,138.717,explicit_gpx_utc,temperature_c,OBSERVED,OBSERVED_IN_ACTIVITY_WINDOW,weather\tw_weather_2026-05-01.sqlite3,weather_observations,C0AI40,石牌,臺北市,北投區,25.115597,121.51314,,7099.3,9,2,2,0,0,2,2026-04-10T22:00:00+00:00,0.0,25.8,27.1,26.450000000000003,52.900000000000006,True,stations_with_observations_in_exact_activity_window_and_activity_bbox; rank_by_nearest_activity_trackpoint_distance,,False,Exact activity-window station-variable evidence; no imputation or weather fusion.
ib3w_activity_environment_window_adapter_v1,qixing_lengshuikeng_xiaoyoukeng_20260410_gpx_v1,qixing_lengshuikeng_xiaoyoukeng_20260410_biji_gpx,qixing_lengshuikeng_xiaoyoukeng_20260410_biji_gpx,gpx,D:\mountain_work\115_osm\activity_input\gpx\qixing_lengshuikeng_xiaoyoukeng_gpx\冷水坑上-七星山東峰-主峰-下小油坑.gpx,2026-04-10T21:35:47+00:00,2026-04-10T23:54:30+00:00,138.717,explicit_gpx_utc,relative_humidity_pct,OBSERVED,OBSERVED_IN_ACTIVITY_WINDOW,weather\tw_weather_2026-05-01.sqlite3,weather_observations,C0AI40,石牌,臺北市,北投區,25.115597,121.51314,,7099.3,9,2,2,0,0,2,2026-04-10T22:00:00+00:00,0.0,78.0,81.0,79.5,159.0,True,stations_with_observations_in_exact_activity_window_and_activity_bbox; rank_by_nearest_activity_trackpoint_distance,,False,Exact activity-window station-variable evidence; no imputation or weather fusion.
ib3w_activity_environment_window_adapter_v1,qixing_lengshuikeng_xiaoyoukeng_20260410_gpx_v1,qixing_lengshuikeng_xiaoyoukeng_20260410_biji_gpx,qixing_lengshuikeng_xiaoyoukeng_20260410_biji_gpx,gpx,D:\mountain_work\115_osm\activity_input\gpx\qixing_lengshuikeng_xiaoyoukeng_gpx\冷水坑上-七星山東峰-主峰-下小油坑.gpx,2026-04-10T21:35:47+00:00,2026-04-10T23:54:30+00:00,138.717,explicit_gpx_utc,wind_speed_ms,OBSERVED,OBSERVED_IN_ACTIVITY_WINDOW,weather\tw_weather_2026-05-01.sqlite3,weather_observations,C0AI40,石牌,臺北市,北投區,25.115597,121.51314,,7099.3,9,2,2,0,1,1,2026-04-10T22:00:00+00:00,0.0,0.0,0.1,0.05,0.1,True,stations_with_observations_in_exact_activity_window_and_activity_bbox; rank_by_nearest_activity_trackpoint_distance,,False,Raw zero values are retained as observed evidence; zero is never synthesized.
ib3w_activity_environment_window_adapter_v1,qixing_lengshuikeng_xiaoyoukeng_20260410_gpx_v1,qixing_lengshuikeng_xiaoyoukeng_20260410_biji_gpx,qixing_lengshuikeng_xiaoyoukeng_20260410_biji_gpx,gpx,D:\mountain_work\115_osm\activity_input\gpx\qixing_lengshuikeng_xiaoyoukeng_gpx\冷水坑上-七星山東峰-主峰-下小油坑.gpx,2026-04-10T21:35:47+00:00,2026-04-10T23:54:30+00:00,138.717,explicit_gpx_utc,wind_direction_deg,OBSERVED,OBSERVED_IN_ACTIVITY_WINDOW,weather\tw_weather_2026-05-01.sqlite3,weather_observations,C0AI40,石牌,臺北市,北投區,25.115597,121.51314,,7099.3,9,2,2,0,2,0,2026-04-10T22:00:00+00:00,0.0,0.0,0.0,0.0,0.0,True,stations_with_observations_in_exact_activity_window_and_activity_bbox; rank_by_nearest_activity_trackpoint_distance,,False,Raw zero values are retained as observed evidence; zero is never synthesized.
ib3w_activity_environment_window_adapter_v1,qixing_lengshuikeng_xiaoyoukeng_20260410_gpx_v1,qixing_lengshuikeng_xiaoyoukeng_20260410_biji_gpx,qixing_lengshuikeng_xiaoyoukeng_20260410_biji_gpx,gpx,D:\mountain_work\115_osm\activity_input\gpx\qixing_lengshuikeng_xiaoyoukeng_gpx\冷水坑上-七星山東峰-主峰-下小油坑.gpx,2026-04-10T21:35:47+00:00,2026-04-10T23:54:30+00:00,138.717,explicit_gpx_utc,pressure_hpa,OBSERVED,OBSERVED_IN_ACTIVITY_WINDOW,weather\tw_weather_2026-05-01.sqlite3,weather_observations,C0AI40,石牌,臺北市,北投區,25.115597,121.51314,,7099.3,9,2,2,0,0,2,2026-04-10T22:00:00+00:00,0.0,1007.5,1007.8,1007.65,2015.3,True,stations_with_observations_in_exact_activity_window_and_activity_bbox; rank_by_nearest_activity_trackpoint_distance,,False,Exact activity-window station-variable evidence; no imputation or weather fusion.
ib3w_activity_environment_window_adapter_v1,qixing_lengshuikeng_xiaoyoukeng_20260410_gpx_v1,qixing_lengshuikeng_xiaoyoukeng_20260410_biji_gpx,qixing_lengshuikeng_xiaoyoukeng_20260410_biji_gpx,gpx,D:\mountain_work\115_osm\activity_input\gpx\qixing_lengshuikeng_xiaoyoukeng_gpx\冷水坑上-七星山東峰-主峰-下小油坑.gpx,2026-04-10T21:35:47+00:00,2026-04-10T23:54:30+00:00,138.717,explicit_gpx_utc,visibility_m,MISSING,NULL_VALUE_ONLY,weather\tw_weather_2026-05-01.sqlite3,weather_observations,C0AI40,石牌,臺北市,北投區,25.115597,121.51314,,7099.3,9,2,0,2,0,0,,,,,,,False,stations_with_observations_in_exact_activity_window_and_activity_bbox; rank_by_nearest_activity_trackpoint_distance,VARIABLE_VALUES_NULL_OR_BLANK_IN_ACTIVITY_WINDOW,False,Exact activity-window station-variable evidence; no imputation or weather fusion.
ib3w_activity_environment_window_adapter_v1,qixing_lengshuikeng_xiaoyoukeng_20260410_gpx_v1,qixing_lengshuikeng_xiaoyoukeng_20260410_biji_gpx,qixing_lengshuikeng_xiaoyoukeng_20260410_biji_gpx,gpx,D:\mountain_work\115_osm\activity_input\gpx\qixing_lengshuikeng_xiaoyoukeng_gpx\冷水坑上-七星山東峰-主峰-下小油坑.gpx,2026-04-10T21:35:47+00:00,2026-04-10T23:54:30+00:00,138.717,explicit_gpx_utc,weather,MISSING,NULL_VALUE_ONLY,weather\tw_weather_2026-05-01.sqlite3,weather_observations,C0AI40,石牌,臺北市,北投區,25.115597,121.51314,,7099.3,9,2,0,2,0,0,,,,,,,False,stations_with_observations_in_exact_activity_window_and_activity_bbox; rank_by_nearest_activity_trackpoint_distance,VARIABLE_VALUES_NULL_OR_BLANK_IN_ACTIVITY_WINDOW,False,Exact activity-window station-variable evidence; no imputation or weather fusion.
ib3w_activity_environment_window_adapter_v1,qixing_lengshuikeng_xiaoyoukeng_20260410_gpx_v1,qixing_lengshuikeng_xiaoyoukeng_20260410_biji_gpx,qixing_lengshuikeng_xiaoyoukeng_20260410_biji_gpx,gpx,D:\mountain_work\115_osm\activity_input\gpx\qixing_lengshuikeng_xiaoyoukeng_gpx\冷水坑上-七星山東峰-主峰-下小油坑.gpx,2026-04-10T21:35:47+00:00,2026-04-10T23:54:30+00:00,138.717,explicit_gpx_utc,precipitation_mm,OBSERVED,OBSERVED_IN_ACTIVITY_WINDOW,weather\tw_weather_2026-05-01.sqlite3,weather_observations,C0A770,科教館,臺北市,士林區,25.096355,121.5165,,8698.1,10,2,2,0,2,0,2026-04-10T22:00:00+00:00,0.0,0.0,0.0,0.0,0.0,True,stations_with_observations_in_exact_activity_window_and_activity_bbox; rank_by_nearest_activity_trackpoint_distance,,False,Raw zero values are retained as observed evidence; zero is never synthesized.
ib3w_activity_environment_window_adapter_v1,qixing_lengshuikeng_xiaoyoukeng_20260410_gpx_v1,qixing_lengshuikeng_xiaoyoukeng_20260410_biji_gpx,qixing_lengshuikeng_xiaoyoukeng_20260410_biji_gpx,gpx,D:\mountain_work\115_osm\activity_input\gpx\qixing_lengshuikeng_xiaoyoukeng_gpx\冷水坑上-七星山東峰-主峰-下小油坑.gpx,2026-04-10T21:35:47+00:00,2026-04-10T23:54:30+00:00,138.717,explicit_gpx_utc,precipitation_10min_mm,MISSING,NULL_VALUE_ONLY,weather\tw_weather_2026-05-01.sqlite3,weather_observations,C0A770,科教館,臺北市,士林區,25.096355,121.5165,,8698.1,10,2,0,2,0,0,,,,,,,False,stations_with_observations_in_exact_activity_window_and_activity_bbox; rank_by_nearest_activity_trackpoint_distance,VARIABLE_VALUES_NULL_OR_BLANK_IN_ACTIVITY_WINDOW,False,Exact activity-window station-variable evidence; no imputation or weather fusion.
ib3w_activity_environment_window_adapter_v1,qixing_lengshuikeng_xiaoyoukeng_20260410_gpx_v1,qixing_lengshuikeng_xiaoyoukeng_20260410_biji_gpx,qixing_lengshuikeng_xiaoyoukeng_20260410_biji_gpx,gpx,D:\mountain_work\115_osm\activity_input\gpx\qixing_lengshuikeng_xiaoyoukeng_gpx\冷水坑上-七星山東峰-主峰-下小油坑.gpx,2026-04-10T21:35:47+00:00,2026-04-10T23:54:30+00:00,138.717,explicit_gpx_utc,precipitation_1hr_mm,MISSING,NULL_VALUE_ONLY,weather\tw_weather_2026-05-01.sqlite3,weather_observations,C0A770,科教館,臺北市,士林區,25.096355,121.5165,,8698.1,10,2,0,2,0,0,,,,,,,False,stations_with_observations_in_exact_activity_window_and_activity_bbox; rank_by_nearest_activity_trackpoint_distance,VARIABLE_VALUES_NULL_OR_BLANK_IN_ACTIVITY_WINDOW,False,Exact activity-window station-variable evidence; no imputation or weather fusion.
ib3w_activity_environment_window_adapter_v1,qixing_lengshuikeng_xiaoyoukeng_20260410_gpx_v1,qixing_lengshuikeng_xiaoyoukeng_20260410_biji_gpx,qixing_lengshuikeng_xiaoyoukeng_20260410_biji_gpx,gpx,D:\mountain_work\115_osm\activity_input\gpx\qixing_lengshuikeng_xiaoyoukeng_gpx\冷水坑上-七星山東峰-主峰-下小油坑.gpx,2026-04-10T21:35:47+00:00,2026-04-10T23:54:30+00:00,138.717,explicit_gpx_utc,temperature_c,OBSERVED,OBSERVED_IN_ACTIVITY_WINDOW,weather\tw_weather_2026-05-01.sqlite3,weather_observations,C0A770,科教館,臺北市,士林區,25.096355,121.5165,,8698.1,10,2,2,0,0,2,2026-04-10T22:00:00+00:00,0.0,23.6,25.3,24.450000000000003,48.900000000000006,True,stations_with_observations_in_exact_activity_window_and_activity_bbox; rank_by_nearest_activity_trackpoint_distance,,False,Exact activity-window station-variable evidence; no imputation or weather fusion.
ib3w_activity_environment_window_adapter_v1,qixing_lengshuikeng_xiaoyoukeng_20260410_gpx_v1,qixing_lengshuikeng_xiaoyoukeng_20260410_biji_gpx,qixing_lengshuikeng_xiaoyoukeng_20260410_biji_gpx,gpx,D:\mountain_work\115_osm\activity_input\gpx\qixing_lengshuikeng_xiaoyoukeng_gpx\冷水坑上-七星山東峰-主峰-下小油坑.gpx,2026-04-10T21:35:47+00:00,2026-04-10T23:54:30+00:00,138.717,explicit_gpx_utc,relative_humidity_pct,OBSERVED,OBSERVED_IN_ACTIVITY_WINDOW,weather\tw_weather_2026-05-01.sqlite3,weather_observations,C0A770,科教館,臺北市,士林區,25.096355,121.5165,,8698.1,10,2,2,0,0,2,2026-04-10T22:00:00+00:00,0.0,94.0,100.0,97.0,194.0,True,stations_with_observations_in_exact_activity_window_and_activity_bbox; rank_by_nearest_activity_trackpoint_distance,,False,Exact activity-window station-variable evidence; no imputation or weather fusion.
ib3w_activity_environment_window_adapter_v1,qixing_lengshuikeng_xiaoyoukeng_20260410_gpx_v1,qixing_lengshuikeng_xiaoyoukeng_20260410_biji_gpx,qixing_lengshuikeng_xiaoyoukeng_20260410_biji_gpx,gpx,D:\mountain_work\115_osm\activity_input\gpx\qixing_lengshuikeng_xiaoyoukeng_gpx\冷水坑上-七星山東峰-主峰-下小油坑.gpx,2026-04-10T21:35:47+00:00,2026-04-10T23:54:30+00:00,138.717,explicit_gpx_utc,wind_speed_ms,OBSERVED,OBSERVED_IN_ACTIVITY_WINDOW,weather\tw_weather_2026-05-01.sqlite3,weather_observations,C0A770,科教館,臺北市,士林區,25.096355,121.5165,,8698.1,10,2,2,0,2,0,2026-04-10T22:00:00+00:00,0.0,0.0,0.0,0.0,0.0,True,stations_with_observations_in_exact_activity_window_and_activity_bbox; rank_by_nearest_activity_trackpoint_distance,,False,Raw zero values are retained as observed evidence; zero is never synthesized.
ib3w_activity_environment_window_adapter_v1,qixing_lengshuikeng_xiaoyoukeng_20260410_gpx_v1,qixing_lengshuikeng_xiaoyoukeng_20260410_biji_gpx,qixing_lengshuikeng_xiaoyoukeng_20260410_biji_gpx,gpx,D:\mountain_work\115_osm\activity_input\gpx\qixing_lengshuikeng_xiaoyoukeng_gpx\冷水坑上-七星山東峰-主峰-下小油坑.gpx,2026-04-10T21:35:47+00:00,2026-04-10T23:54:30+00:00,138.717,explicit_gpx_utc,wind_direction_deg,OBSERVED,OBSERVED_IN_ACTIVITY_WINDOW,weather\tw_weather_2026-05-01.sqlite3,weather_observations,C0A770,科教館,臺北市,士林區,25.096355,121.5165,,8698.1,10,2,2,0,2,0,2026-04-10T22:00:00+00:00,0.0,0.0,0.0,0.0,0.0,True,stations_with_observations_in_exact_activity_window_and_activity_bbox; rank_by_nearest_activity_trackpoint_distance,,False,Raw zero values are retained as observed evidence; zero is never synthesized.
ib3w_activity_environment_window_adapter_v1,qixing_lengshuikeng_xiaoyoukeng_20260410_gpx_v1,qixing_lengshuikeng_xiaoyoukeng_20260410_biji_gpx,qixing_lengshuikeng_xiaoyoukeng_20260410_biji_gpx,gpx,D:\mountain_work\115_osm\activity_input\gpx\qixing_lengshuikeng_xiaoyoukeng_gpx\冷水坑上-七星山東峰-主峰-下小油坑.gpx,2026-04-10T21:35:47+00:00,2026-04-10T23:54:30+00:00,138.717,explicit_gpx_utc,pressure_hpa,OBSERVED,OBSERVED_IN_ACTIVITY_WINDOW,weather\tw_weather_2026-05-01.sqlite3,weather_observations,C0A770,科教館,臺北市,士林區,25.096355,121.5165,,8698.1,10,2,2,0,0,2,2026-04-10T22:00:00+00:00,0.0,1005.4,1005.6,1005.5,2011.0,True,stations_with_observations_in_exact_activity_window_and_activity_bbox; rank_by_nearest_activity_trackpoint_distance,,False,Exact activity-window station-variable evidence; no imputation or weather fusion.
ib3w_activity_environment_window_adapter_v1,qixing_lengshuikeng_xiaoyoukeng_20260410_gpx_v1,qixing_lengshuikeng_xiaoyoukeng_20260410_biji_gpx,qixing_lengshuikeng_xiaoyoukeng_20260410_biji_gpx,gpx,D:\mountain_work\115_osm\activity_input\gpx\qixing_lengshuikeng_xiaoyoukeng_gpx\冷水坑上-七星山東峰-主峰-下小油坑.gpx,2026-04-10T21:35:47+00:00,2026-04-10T23:54:30+00:00,138.717,explicit_gpx_utc,visibility_m,MISSING,NULL_VALUE_ONLY,weather\tw_weather_2026-05-01.sqlite3,weather_observations,C0A770,科教館,臺北市,士林區,25.096355,121.5165,,8698.1,10,2,0,2,0,0,,,,,,,False,stations_with_observations_in_exact_activity_window_and_activity_bbox; rank_by_nearest_activity_trackpoint_distance,VARIABLE_VALUES_NULL_OR_BLANK_IN_ACTIVITY_WINDOW,False,Exact activity-window station-variable evidence; no imputation or weather fusion.
ib3w_activity_environment_window_adapter_v1,qixing_lengshuikeng_xiaoyoukeng_20260410_gpx_v1,qixing_lengshuikeng_xiaoyoukeng_20260410_biji_gpx,qixing_lengshuikeng_xiaoyoukeng_20260410_biji_gpx,gpx,D:\mountain_work\115_osm\activity_input\gpx\qixing_lengshuikeng_xiaoyoukeng_gpx\冷水坑上-七星山東峰-主峰-下小油坑.gpx,2026-04-10T21:35:47+00:00,2026-04-10T23:54:30+00:00,138.717,explicit_gpx_utc,weather,MISSING,NULL_VALUE_ONLY,weather\tw_weather_2026-05-01.sqlite3,weather_observations,C0A770,科教館,臺北市,士林區,25.096355,121.5165,,8698.1,10,2,0,2,0,0,,,,,,,False,stations_with_observations_in_exact_activity_window_and_activity_bbox; rank_by_nearest_activity_trackpoint_distance,VARIABLE_VALUES_NULL_OR_BLANK_IN_ACTIVITY_WINDOW,False,Exact activity-window station-variable evidence; no imputation or weather fusion.
ib3w_activity_environment_window_adapter_v1,qixing_lengshuikeng_xiaoyoukeng_20260410_gpx_v1,qixing_lengshuikeng_xiaoyoukeng_20260410_biji_gpx,qixing_lengshuikeng_xiaoyoukeng_20260410_biji_gpx,gpx,D:\mountain_work\115_osm\activity_input\gpx\qixing_lengshuikeng_xiaoyoukeng_gpx\冷水坑上-七星山東峰-主峰-下小油坑.gpx,2026-04-10T21:35:47+00:00,2026-04-10T23:54:30+00:00,138.717,explicit_gpx_utc,precipitation_mm,OBSERVED,OBSERVED_IN_ACTIVITY_WINDOW,weather\tw_weather_2026-05-01.sqlite3,weather_observations,C0A9F0,內湖,臺北市,內湖區,25.079422,121.57545,,9637.5,11,2,2,0,2,0,2026-04-10T22:00:00+00:00,0.0,0.0,0.0,0.0,0.0,True,stations_with_observations_in_exact_activity_window_and_activity_bbox; rank_by_nearest_activity_trackpoint_distance,,False,Raw zero values are retained as observed evidence; zero is never synthesized.
ib3w_activity_environment_window_adapter_v1,qixing_lengshuikeng_xiaoyoukeng_20260410_gpx_v1,qixing_lengshuikeng_xiaoyoukeng_20260410_biji_gpx,qixing_lengshuikeng_xiaoyoukeng_20260410_biji_gpx,gpx,D:\mountain_work\115_osm\activity_input\gpx\qixing_lengshuikeng_xiaoyoukeng_gpx\冷水坑上-七星山東峰-主峰-下小油坑.gpx,2026-04-10T21:35:47+00:00,2026-04-10T23:54:30+00:00,138.717,explicit_gpx_utc,precipitation_10min_mm,MISSING,NULL_VALUE_ONLY,weather\tw_weather_2026-05-01.sqlite3,weather_observations,C0A9F0,內湖,臺北市,內湖區,25.079422,121.57545,,9637.5,11,2,0,2,0,0,,,,,,,False,stations_with_observations_in_exact_activity_window_and_activity_bbox; rank_by_nearest_activity_trackpoint_distance,VARIABLE_VALUES_NULL_OR_BLANK_IN_ACTIVITY_WINDOW,False,Exact activity-window station-variable evidence; no imputation or weather fusion.
ib3w_activity_environment_window_adapter_v1,qixing_lengshuikeng_xiaoyoukeng_20260410_gpx_v1,qixing_lengshuikeng_xiaoyoukeng_20260410_biji_gpx,qixing_lengshuikeng_xiaoyoukeng_20260410_biji_gpx,gpx,D:\mountain_work\115_osm\activity_input\gpx\qixing_lengshuikeng_xiaoyoukeng_gpx\冷水坑上-七星山東峰-主峰-下小油坑.gpx,2026-04-10T21:35:47+00:00,2026-04-10T23:54:30+00:00,138.717,explicit_gpx_utc,precipitation_1hr_mm,MISSING,NULL_VALUE_ONLY,weather\tw_weather_2026-05-01.sqlite3,weather_observations,C0A9F0,內湖,臺北市,內湖區,25.079422,121.57545,,9637.5,11,2,0,2,0,0,,,,,,,False,stations_with_observations_in_exact_activity_window_and_activity_bbox; rank_by_nearest_activity_trackpoint_distance,VARIABLE_VALUES_NULL_OR_BLANK_IN_ACTIVITY_WINDOW,False,Exact activity-window station-variable evidence; no imputation or weather fusion.
ib3w_activity_environment_window_adapter_v1,qixing_lengshuikeng_xiaoyoukeng_20260410_gpx_v1,qixing_lengshuikeng_xiaoyoukeng_20260410_biji_gpx,qixing_lengshuikeng_xiaoyoukeng_20260410_biji_gpx,gpx,D:\mountain_work\115_osm\activity_input\gpx\qixing_lengshuikeng_xiaoyoukeng_gpx\冷水坑上-七星山東峰-主峰-下小油坑.gpx,2026-04-10T21:35:47+00:00,2026-04-10T23:54:30+00:00,138.717,explicit_gpx_utc,temperature_c,OBSERVED,OBSERVED_IN_ACTIVITY_WINDOW,weather\tw_weather_2026-05-01.sqlite3,weather_observations,C0A9F0,內湖,臺北市,內湖區,25.079422,121.57545,,9637.5,11,2,2,0,0,2,2026-04-10T22:00:00+00:00,0.0,25.4,26.7,26.049999999999997,52.099999999999994,True,stations_with_observations_in_exact_activity_window_and_activity_bbox; rank_by_nearest_activity_trackpoint_distance,,False,Exact activity-window station-variable evidence; no imputation or weather fusion.
ib3w_activity_environment_window_adapter_v1,qixing_lengshuikeng_xiaoyoukeng_20260410_gpx_v1,qixing_lengshuikeng_xiaoyoukeng_20260410_biji_gpx,qixing_lengshuikeng_xiaoyoukeng_20260410_biji_gpx,gpx,D:\mountain_work\115_osm\activity_input\gpx\qixing_lengshuikeng_xiaoyoukeng_gpx\冷水坑上-七星山東峰-主峰-下小油坑.gpx,2026-04-10T21:35:47+00:00,2026-04-10T23:54:30+00:00,138.717,explicit_gpx_utc,relative_humidity_pct,OBSERVED,OBSERVED_IN_ACTIVITY_WINDOW,weather\tw_weather_2026-05-01.sqlite3,weather_observations,C0A9F0,內湖,臺北市,內湖區,25.079422,121.57545,,9637.5,11,2,2,0,0,2,2026-04-10T22:00:00+00:00,0.0,84.0,89.0,86.5,173.0,True,stations_with_observations_in_exact_activity_window_and_activity_bbox; rank_by_nearest_activity_trackpoint_distance,,False,Exact activity-window station-variable evidence; no imputation or weather fusion.
ib3w_activity_environment_window_adapter_v1,qixing_lengshuikeng_xiaoyoukeng_20260410_gpx_v1,qixing_lengshuikeng_xiaoyoukeng_20260410_biji_gpx,qixing_lengshuikeng_xiaoyoukeng_20260410_biji_gpx,gpx,D:\mountain_work\115_osm\activity_input\gpx\qixing_lengshuikeng_xiaoyoukeng_gpx\冷水坑上-七星山東峰-主峰-下小油坑.gpx,2026-04-10T21:35:47+00:00,2026-04-10T23:54:30+00:00,138.717,explicit_gpx_utc,wind_speed_ms,OBSERVED,OBSERVED_IN_ACTIVITY_WINDOW,weather\tw_weather_2026-05-01.sqlite3,weather_observations,C0A9F0,內湖,臺北市,內湖區,25.079422,121.57545,,9637.5,11,2,2,0,0,2,2026-04-10T22:00:00+00:00,0.0,0.3,0.6,0.44999999999999996,0.8999999999999999,True,stations_with_observations_in_exact_activity_window_and_activity_bbox; rank_by_nearest_activity_trackpoint_distance,,False,Exact activity-window station-variable evidence; no imputation or weather fusion.
ib3w_activity_environment_window_adapter_v1,qixing_lengshuikeng_xiaoyoukeng_20260410_gpx_v1,qixing_lengshuikeng_xiaoyoukeng_20260410_biji_gpx,qixing_lengshuikeng_xiaoyoukeng_20260410_biji_gpx,gpx,D:\mountain_work\115_osm\activity_input\gpx\qixing_lengshuikeng_xiaoyoukeng_gpx\冷水坑上-七星山東峰-主峰-下小油坑.gpx,2026-04-10T21:35:47+00:00,2026-04-10T23:54:30+00:00,138.717,explicit_gpx_utc,wind_direction_deg,OBSERVED,OBSERVED_IN_ACTIVITY_WINDOW,weather\tw_weather_2026-05-01.sqlite3,weather_observations,C0A9F0,內湖,臺北市,內湖區,25.079422,121.57545,,9637.5,11,2,2,0,0,2,2026-04-10T22:00:00+00:00,0.0,90.0,127.0,108.5,217.0,True,stations_with_observations_in_exact_activity_window_and_activity_bbox; rank_by_nearest_activity_trackpoint_distance,,False,Exact activity-window station-variable evidence; no imputation or weather fusion.
ib3w_activity_environment_window_adapter_v1,qixing_lengshuikeng_xiaoyoukeng_20260410_gpx_v1,qixing_lengshuikeng_xiaoyoukeng_20260410_biji_gpx,qixing_lengshuikeng_xiaoyoukeng_20260410_biji_gpx,gpx,D:\mountain_work\115_osm\activity_input\gpx\qixing_lengshuikeng_xiaoyoukeng_gpx\冷水坑上-七星山東峰-主峰-下小油坑.gpx,2026-04-10T21:35:47+00:00,2026-04-10T23:54:30+00:00,138.717,explicit_gpx_utc,pressure_hpa,OBSERVED,OBSERVED_IN_ACTIVITY_WINDOW,weather\tw_weather_2026-05-01.sqlite3,weather_observations,C0A9F0,內湖,臺北市,內湖區,25.079422,121.57545,,9637.5,11,2,2,0,0,2,2026-04-10T22:00:00+00:00,0.0,1007.1,1007.3,1007.2,2014.4,True,stations_with_observations_in_exact_activity_window_and_activity_bbox; rank_by_nearest_activity_trackpoint_distance,,False,Exact activity-window station-variable evidence; no imputation or weather fusion.
ib3w_activity_environment_window_adapter_v1,qixing_lengshuikeng_xiaoyoukeng_20260410_gpx_v1,qixing_lengshuikeng_xiaoyoukeng_20260410_biji_gpx,qixing_lengshuikeng_xiaoyoukeng_20260410_biji_gpx,gpx,D:\mountain_work\115_osm\activity_input\gpx\qixing_lengshuikeng_xiaoyoukeng_gpx\冷水坑上-七星山東峰-主峰-下小油坑.gpx,2026-04-10T21:35:47+00:00,2026-04-10T23:54:30+00:00,138.717,explicit_gpx_utc,visibility_m,MISSING,NULL_VALUE_ONLY,weather\tw_weather_2026-05-01.sqlite3,weather_observations,C0A9F0,內湖,臺北市,內湖區,25.079422,121.57545,,9637.5,11,2,0,2,0,0,,,,,,,False,stations_with_observations_in_exact_activity_window_and_activity_bbox; rank_by_nearest_activity_trackpoint_distance,VARIABLE_VALUES_NULL_OR_BLANK_IN_ACTIVITY_WINDOW,False,Exact activity-window station-variable evidence; no imputation or weather fusion.
ib3w_activity_environment_window_adapter_v1,qixing_lengshuikeng_xiaoyoukeng_20260410_gpx_v1,qixing_lengshuikeng_xiaoyoukeng_20260410_biji_gpx,qixing_lengshuikeng_xiaoyoukeng_20260410_biji_gpx,gpx,D:\mountain_work\115_osm\activity_input\gpx\qixing_lengshuikeng_xiaoyoukeng_gpx\冷水坑上-七星山東峰-主峰-下小油坑.gpx,2026-04-10T21:35:47+00:00,2026-04-10T23:54:30+00:00,138.717,explicit_gpx_utc,weather,MISSING,NULL_VALUE_ONLY,weather\tw_weather_2026-05-01.sqlite3,weather_observations,C0A9F0,內湖,臺北市,內湖區,25.079422,121.57545,,9637.5,11,2,0,2,0,0,,,,,,,False,stations_with_observations_in_exact_activity_window_and_activity_bbox; rank_by_nearest_activity_trackpoint_distance,VARIABLE_VALUES_NULL_OR_BLANK_IN_ACTIVITY_WINDOW,False,Exact activity-window station-variable evidence; no imputation or weather fusion.
ib3w_activity_environment_window_adapter_v1,qixing_lengshuikeng_xiaoyoukeng_20260410_gpx_v1,qixing_lengshuikeng_xiaoyoukeng_20260410_biji_gpx,qixing_lengshuikeng_xiaoyoukeng_20260410_biji_gpx,gpx,D:\mountain_work\115_osm\activity_input\gpx\qixing_lengshuikeng_xiaoyoukeng_gpx\冷水坑上-七星山東峰-主峰-下小油坑.gpx,2026-04-10T21:35:47+00:00,2026-04-10T23:54:30+00:00,138.717,explicit_gpx_utc,precipitation_mm,OBSERVED,OBSERVED_IN_ACTIVITY_WINDOW,weather\tw_weather_2026-05-01.sqlite3,weather_observations,466900,淡水,新北市,淡水區,25.164888,121.448906,,10018.7,12,12,12,0,12,0,2026-04-10T21:50:00+00:00,0.0,0.0,0.0,0.0,0.0,True,stations_with_observations_in_exact_activity_window_and_activity_bbox; rank_by_nearest_activity_trackpoint_distance,,False,Raw zero values are retained as observed evidence; zero is never synthesized.
ib3w_activity_environment_window_adapter_v1,qixing_lengshuikeng_xiaoyoukeng_20260410_gpx_v1,qixing_lengshuikeng_xiaoyoukeng_20260410_biji_gpx,qixing_lengshuikeng_xiaoyoukeng_20260410_biji_gpx,gpx,D:\mountain_work\115_osm\activity_input\gpx\qixing_lengshuikeng_xiaoyoukeng_gpx\冷水坑上-七星山東峰-主峰-下小油坑.gpx,2026-04-10T21:35:47+00:00,2026-04-10T23:54:30+00:00,138.717,explicit_gpx_utc,precipitation_10min_mm,MISSING,NULL_VALUE_ONLY,weather\tw_weather_2026-05-01.sqlite3,weather_observations,466900,淡水,新北市,淡水區,25.164888,121.448906,,10018.7,12,12,0,12,0,0,,,,,,,False,stations_with_observations_in_exact_activity_window_and_activity_bbox; rank_by_nearest_activity_trackpoint_distance,VARIABLE_VALUES_NULL_OR_BLANK_IN_ACTIVITY_WINDOW,False,Exact activity-window station-variable evidence; no imputation or weather fusion.
ib3w_activity_environment_window_adapter_v1,qixing_lengshuikeng_xiaoyoukeng_20260410_gpx_v1,qixing_lengshuikeng_xiaoyoukeng_20260410_biji_gpx,qixing_lengshuikeng_xiaoyoukeng_20260410_biji_gpx,gpx,D:\mountain_work\115_osm\activity_input\gpx\qixing_lengshuikeng_xiaoyoukeng_gpx\冷水坑上-七星山東峰-主峰-下小油坑.gpx,2026-04-10T21:35:47+00:00,2026-04-10T23:54:30+00:00,138.717,explicit_gpx_utc,precipitation_1hr_mm,MISSING,NULL_VALUE_ONLY,weather\tw_weather_2026-05-01.sqlite3,weather_observations,466900,淡水,新北市,淡水區,25.164888,121.448906,,10018.7,12,12,0,12,0,0,,,,,,,False,stations_with_observations_in_exact_activity_window_and_activity_bbox; rank_by_nearest_activity_trackpoint_distance,VARIABLE_VALUES_NULL_OR_BLANK_IN_ACTIVITY_WINDOW,False,Exact activity-window station-variable evidence; no imputation or weather fusion.
ib3w_activity_environment_window_adapter_v1,qixing_lengshuikeng_xiaoyoukeng_20260410_gpx_v1,qixing_lengshuikeng_xiaoyoukeng_20260410_biji_gpx,qixing_lengshuikeng_xiaoyoukeng_20260410_biji_gpx,gpx,D:\mountain_work\115_osm\activity_input\gpx\qixing_lengshuikeng_xiaoyoukeng_gpx\冷水坑上-七星山東峰-主峰-下小油坑.gpx,2026-04-10T21:35:47+00:00,2026-04-10T23:54:30+00:00,138.717,explicit_gpx_utc,temperature_c,OBSERVED,OBSERVED_IN_ACTIVITY_WINDOW,weather\tw_weather_2026-05-01.sqlite3,weather_observations,466900,淡水,新北市,淡水區,25.164888,121.448906,,10018.7,12,12,12,0,0,12,2026-04-10T21:50:00+00:00,0.0,22.7,24.8,23.608333333333334,283.3,True,stations_with_observations_in_exact_activity_window_and_activity_bbox; rank_by_nearest_activity_trackpoint_distance,,False,Exact activity-window station-variable evidence; no imputation or weather fusion.
ib3w_activity_environment_window_adapter_v1,qixing_lengshuikeng_xiaoyoukeng_20260410_gpx_v1,qixing_lengshuikeng_xiaoyoukeng_20260410_biji_gpx,qixing_lengshuikeng_xiaoyoukeng_20260410_biji_gpx,gpx,D:\mountain_work\115_osm\activity_input\gpx\qixing_lengshuikeng_xiaoyoukeng_gpx\冷水坑上-七星山東峰-主峰-下小油坑.gpx,2026-04-10T21:35:47+00:00,2026-04-10T23:54:30+00:00,138.717,explicit_gpx_utc,relative_humidity_pct,OBSERVED,OBSERVED_IN_ACTIVITY_WINDOW,weather\tw_weather_2026-05-01.sqlite3,weather_observations,466900,淡水,新北市,淡水區,25.164888,121.448906,,10018.7,12,12,12,0,0,12,2026-04-10T21:50:00+00:00,0.0,84.0,93.0,89.25,1071.0,True,stations_with_observations_in_exact_activity_window_and_activity_bbox; rank_by_nearest_activity_trackpoint_distance,,False,Exact activity-window station-variable evidence; no imputation or weather fusion.
ib3w_activity_environment_window_adapter_v1,qixing_lengshuikeng_xiaoyoukeng_20260410_gpx_v1,qixing_lengshuikeng_xiaoyoukeng_20260410_biji_gpx,qixing_lengshuikeng_xiaoyoukeng_20260410_biji_gpx,gpx,D:\mountain_work\115_osm\activity_input\gpx\qixing_lengshuikeng_xiaoyoukeng_gpx\冷水坑上-七星山東峰-主峰-下小油坑.gpx,2026-04-10T21:35:47+00:00,2026-04-10T23:54:30+00:00,138.717,explicit_gpx_utc,wind_speed_ms,OBSERVED,OBSERVED_IN_ACTIVITY_WINDOW,weather\tw_weather_2026-05-01.sqlite3,weather_observations,466900,淡水,新北市,淡水區,25.164888,121.448906,,10018.7,12,12,12,0,0,12,2026-04-10T21:50:00+00:00,0.0,1.0,2.3,1.5583333333333333,18.7,True,stations_with_observations_in_exact_activity_window_and_activity_bbox; rank_by_nearest_activity_trackpoint_distance,,False,Exact activity-window station-variable evidence; no imputation or weather fusion.
ib3w_activity_environment_window_adapter_v1,qixing_lengshuikeng_xiaoyoukeng_20260410_gpx_v1,qixing_lengshuikeng_xiaoyoukeng_20260410_biji_gpx,qixing_lengshuikeng_xiaoyoukeng_20260410_biji_gpx,gpx,D:\mountain_work\115_osm\activity_input\gpx\qixing_lengshuikeng_xiaoyoukeng_gpx\冷水坑上-七星山東峰-主峰-下小油坑.gpx,2026-04-10T21:35:47+00:00,2026-04-10T23:54:30+00:00,138.717,explicit_gpx_utc,wind_direction_deg,OBSERVED,OBSERVED_IN_ACTIVITY_WINDOW,weather\tw_weather_2026-05-01.sqlite3,weather_observations,466900,淡水,新北市,淡水區,25.164888,121.448906,,10018.7,12,12,12,0,0,12,2026-04-10T21:50:00+00:00,0.0,140.0,170.0,151.66666666666666,1820.0,True,stations_with_observations_in_exact_activity_window_and_activity_bbox; rank_by_nearest_activity_trackpoint_distance,,False,Exact activity-window station-variable evidence; no imputation or weather fusion.
ib3w_activity_environment_window_adapter_v1,qixing_lengshuikeng_xiaoyoukeng_20260410_gpx_v1,qixing_lengshuikeng_xiaoyoukeng_20260410_biji_gpx,qixing_lengshuikeng_xiaoyoukeng_20260410_biji_gpx,gpx,D:\mountain_work\115_osm\activity_input\gpx\qixing_lengshuikeng_xiaoyoukeng_gpx\冷水坑上-七星山東峰-主峰-下小油坑.gpx,2026-04-10T21:35:47+00:00,2026-04-10T23:54:30+00:00,138.717,explicit_gpx_utc,pressure_hpa,OBSERVED,OBSERVED_IN_ACTIVITY_WINDOW,weather\tw_weather_2026-05-01.sqlite3,weather_observations,466900,淡水,新北市,淡水區,25.164888,121.448906,,10018.7,12,12,12,0,0,12,2026-04-10T21:50:00+00:00,0.0,1008.7,1009.3,1009.0833333333331,12108.999999999998,True,stations_with_observations_in_exact_activity_window_and_activity_bbox; rank_by_nearest_activity_trackpoint_distance,,False,Exact activity-window station-variable evidence; no imputation or weather fusion.
ib3w_activity_environment_window_adapter_v1,qixing_lengshuikeng_xiaoyoukeng_20260410_gpx_v1,qixing_lengshuikeng_xiaoyoukeng_20260410_biji_gpx,qixing_lengshuikeng_xiaoyoukeng_20260410_biji_gpx,gpx,D:\mountain_work\115_osm\activity_input\gpx\qixing_lengshuikeng_xiaoyoukeng_gpx\冷水坑上-七星山東峰-主峰-下小油坑.gpx,2026-04-10T21:35:47+00:00,2026-04-10T23:54:30+00:00,138.717,explicit_gpx_utc,visibility_m,MISSING,NULL_VALUE_ONLY,weather\tw_weather_2026-05-01.sqlite3,weather_observations,466900,淡水,新北市,淡水區,25.164888,121.448906,,10018.7,12,12,0,12,0,0,,,,,,,False,stations_with_observations_in_exact_activity_window_and_activity_bbox; rank_by_nearest_activity_trackpoint_distance,VARIABLE_VALUES_NULL_OR_BLANK_IN_ACTIVITY_WINDOW,False,Exact activity-window station-variable evidence; no imputation or weather fusion.
ib3w_activity_environment_window_adapter_v1,qixing_lengshuikeng_xiaoyoukeng_20260410_gpx_v1,qixing_lengshuikeng_xiaoyoukeng_20260410_biji_gpx,qixing_lengshuikeng_xiaoyoukeng_20260410_biji_gpx,gpx,D:\mountain_work\115_osm\activity_input\gpx\qixing_lengshuikeng_xiaoyoukeng_gpx\冷水坑上-七星山東峰-主峰-下小油坑.gpx,2026-04-10T21:35:47+00:00,2026-04-10T23:54:30+00:00,138.717,explicit_gpx_utc,weather,MISSING,NULL_VALUE_ONLY,weather\tw_weather_2026-05-01.sqlite3,weather_observations,466900,淡水,新北市,淡水區,25.164888,121.448906,,10018.7,12,12,0,12,0,0,,,,,,,False,stations_with_observations_in_exact_activity_window_and_activity_bbox; rank_by_nearest_activity_trackpoint_distance,VARIABLE_VALUES_NULL_OR_BLANK_IN_ACTIVITY_WINDOW,False,Exact activity-window station-variable evidence; no imputation or weather fusion.
ib3w_activity_environment_window_adapter_v1,qixing_lengshuikeng_xiaoyoukeng_20260410_gpx_v1,qixing_lengshuikeng_xiaoyoukeng_20260410_biji_gpx,qixing_lengshuikeng_xiaoyoukeng_20260410_biji_gpx,gpx,D:\mountain_work\115_osm\activity_input\gpx\qixing_lengshuikeng_xiaoyoukeng_gpx\冷水坑上-七星山東峰-主峰-下小油坑.gpx,2026-04-10T21:35:47+00:00,2026-04-10T23:54:30+00:00,138.717,explicit_gpx_utc,precipitation_mm,OBSERVED,OBSERVED_IN_ACTIVITY_WINDOW,weather\tw_weather_2026-05-01.sqlite3,weather_observations,C0A940,金山,新北市,金山區,25.223627,121.64397,,10318.6,13,2,2,0,2,0,2026-04-10T22:00:00+00:00,0.0,0.0,0.0,0.0,0.0,True,stations_with_observations_in_exact_activity_window_and_activity_bbox; rank_by_nearest_activity_trackpoint_distance,,False,Raw zero values are retained as observed evidence; zero is never synthesized.
ib3w_activity_environment_window_adapter_v1,qixing_lengshuikeng_xiaoyoukeng_20260410_gpx_v1,qixing_lengshuikeng_xiaoyoukeng_20260410_biji_gpx,qixing_lengshuikeng_xiaoyoukeng_20260410_biji_gpx,gpx,D:\mountain_work\115_osm\activity_input\gpx\qixing_lengshuikeng_xiaoyoukeng_gpx\冷水坑上-七星山東峰-主峰-下小油坑.gpx,2026-04-10T21:35:47+00:00,2026-04-10T23:54:30+00:00,138.717,explicit_gpx_utc,precipitation_10min_mm,MISSING,NULL_VALUE_ONLY,weather\tw_weather_2026-05-01.sqlite3,weather_observations,C0A940,金山,新北市,金山區,25.223627,121.64397,,10318.6,13,2,0,2,0,0,,,,,,,False,stations_with_observations_in_exact_activity_window_and_activity_bbox; rank_by_nearest_activity_trackpoint_distance,VARIABLE_VALUES_NULL_OR_BLANK_IN_ACTIVITY_WINDOW,False,Exact activity-window station-variable evidence; no imputation or weather fusion.
ib3w_activity_environment_window_adapter_v1,qixing_lengshuikeng_xiaoyoukeng_20260410_gpx_v1,qixing_lengshuikeng_xiaoyoukeng_20260410_biji_gpx,qixing_lengshuikeng_xiaoyoukeng_20260410_biji_gpx,gpx,D:\mountain_work\115_osm\activity_input\gpx\qixing_lengshuikeng_xiaoyoukeng_gpx\冷水坑上-七星山東峰-主峰-下小油坑.gpx,2026-04-10T21:35:47+00:00,2026-04-10T23:54:30+00:00,138.717,explicit_gpx_utc,precipitation_1hr_mm,MISSING,NULL_VALUE_ONLY,weather\tw_weather_2026-05-01.sqlite3,weather_observations,C0A940,金山,新北市,金山區,25.223627,121.64397,,10318.6,13,2,0,2,0,0,,,,,,,False,stations_with_observations_in_exact_activity_window_and_activity_bbox; rank_by_nearest_activity_trackpoint_distance,VARIABLE_VALUES_NULL_OR_BLANK_IN_ACTIVITY_WINDOW,False,Exact activity-window station-variable evidence; no imputation or weather fusion.
ib3w_activity_environment_window_adapter_v1,qixing_lengshuikeng_xiaoyoukeng_20260410_gpx_v1,qixing_lengshuikeng_xiaoyoukeng_20260410_biji_gpx,qixing_lengshuikeng_xiaoyoukeng_20260410_biji_gpx,gpx,D:\mountain_work\115_osm\activity_input\gpx\qixing_lengshuikeng_xiaoyoukeng_gpx\冷水坑上-七星山東峰-主峰-下小油坑.gpx,2026-04-10T21:35:47+00:00,2026-04-10T23:54:30+00:00,138.717,explicit_gpx_utc,temperature_c,OBSERVED,OBSERVED_IN_ACTIVITY_WINDOW,weather\tw_weather_2026-05-01.sqlite3,weather_observations,C0A940,金山,新北市,金山區,25.223627,121.64397,,10318.6,13,2,2,0,0,2,2026-04-10T22:00:00+00:00,0.0,23.7,24.3,24.0,48.0,True,stations_with_observations_in_exact_activity_window_and_activity_bbox; rank_by_nearest_activity_trackpoint_distance,,False,Exact activity-window station-variable evidence; no imputation or weather fusion.
ib3w_activity_environment_window_adapter_v1,qixing_lengshuikeng_xiaoyoukeng_20260410_gpx_v1,qixing_lengshuikeng_xiaoyoukeng_20260410_biji_gpx,qixing_lengshuikeng_xiaoyoukeng_20260410_biji_gpx,gpx,D:\mountain_work\115_osm\activity_input\gpx\qixing_lengshuikeng_xiaoyoukeng_gpx\冷水坑上-七星山東峰-主峰-下小油坑.gpx,2026-04-10T21:35:47+00:00,2026-04-10T23:54:30+00:00,138.717,explicit_gpx_utc,relative_humidity_pct,OBSERVED,OBSERVED_IN_ACTIVITY_WINDOW,weather\tw_weather_2026-05-01.sqlite3,weather_observations,C0A940,金山,新北市,金山區,25.223627,121.64397,,10318.6,13,2,2,0,0,2,2026-04-10T22:00:00+00:00,0.0,91.0,91.0,91.0,182.0,True,stations_with_observations_in_exact_activity_window_and_activity_bbox; rank_by_nearest_activity_trackpoint_distance,,False,Exact activity-window station-variable evidence; no imputation or weather fusion.
ib3w_activity_environment_window_adapter_v1,qixing_lengshuikeng_xiaoyoukeng_20260410_gpx_v1,qixing_lengshuikeng_xiaoyoukeng_20260410_biji_gpx,qixing_lengshuikeng_xiaoyoukeng_20260410_biji_gpx,gpx,D:\mountain_work\115_osm\activity_input\gpx\qixing_lengshuikeng_xiaoyoukeng_gpx\冷水坑上-七星山東峰-主峰-下小油坑.gpx,2026-04-10T21:35:47+00:00,2026-04-10T23:54:30+00:00,138.717,explicit_gpx_utc,wind_speed_ms,OBSERVED,OBSERVED_IN_ACTIVITY_WINDOW,weather\tw_weather_2026-05-01.sqlite3,weather_observations,C0A940,金山,新北市,金山區,25.223627,121.64397,,10318.6,13,2,2,0,2,0,2026-04-10T22:00:00+00:00,0.0,0.0,0.0,0.0,0.0,True,stations_with_observations_in_exact_activity_window_and_activity_bbox; rank_by_nearest_activity_trackpoint_distance,,False,Raw zero values are retained as observed evidence; zero is never synthesized.
ib3w_activity_environment_window_adapter_v1,qixing_lengshuikeng_xiaoyoukeng_20260410_gpx_v1,qixing_lengshuikeng_xiaoyoukeng_20260410_biji_gpx,qixing_lengshuikeng_xiaoyoukeng_20260410_biji_gpx,gpx,D:\mountain_work\115_osm\activity_input\gpx\qixing_lengshuikeng_xiaoyoukeng_gpx\冷水坑上-七星山東峰-主峰-下小油坑.gpx,2026-04-10T21:35:47+00:00,2026-04-10T23:54:30+00:00,138.717,explicit_gpx_utc,wind_direction_deg,OBSERVED,OBSERVED_IN_ACTIVITY_WINDOW,weather\tw_weather_2026-05-01.sqlite3,weather_observations,C0A940,金山,新北市,金山區,25.223627,121.64397,,10318.6,13,2,2,0,2,0,2026-04-10T22:00:00+00:00,0.0,0.0,0.0,0.0,0.0,True,stations_with_observations_in_exact_activity_window_and_activity_bbox; rank_by_nearest_activity_trackpoint_distance,,False,Raw zero values are retained as observed evidence; zero is never synthesized.
ib3w_activity_environment_window_adapter_v1,qixing_lengshuikeng_xiaoyoukeng_20260410_gpx_v1,qixing_lengshuikeng_xiaoyoukeng_20260410_biji_gpx,qixing_lengshuikeng_xiaoyoukeng_20260410_biji_gpx,gpx,D:\mountain_work\115_osm\activity_input\gpx\qixing_lengshuikeng_xiaoyoukeng_gpx\冷水坑上-七星山東峰-主峰-下小油坑.gpx,2026-04-10T21:35:47+00:00,2026-04-10T23:54:30+00:00,138.717,explicit_gpx_utc,pressure_hpa,OBSERVED,OBSERVED_IN_ACTIVITY_WINDOW,weather\tw_weather_2026-05-01.sqlite3,weather_observations,C0A940,金山,新北市,金山區,25.223627,121.64397,,10318.6,13,2,2,0,0,2,2026-04-10T22:00:00+00:00,0.0,1006.3,1006.7,1006.5,2013.0,True,stations_with_observations_in_exact_activity_window_and_activity_bbox; rank_by_nearest_activity_trackpoint_distance,,False,Exact activity-window station-variable evidence; no imputation or weather fusion.
ib3w_activity_environment_window_adapter_v1,qixing_lengshuikeng_xiaoyoukeng_20260410_gpx_v1,qixing_lengshuikeng_xiaoyoukeng_20260410_biji_gpx,qixing_lengshuikeng_xiaoyoukeng_20260410_biji_gpx,gpx,D:\mountain_work\115_osm\activity_input\gpx\qixing_lengshuikeng_xiaoyoukeng_gpx\冷水坑上-七星山東峰-主峰-下小油坑.gpx,2026-04-10T21:35:47+00:00,2026-04-10T23:54:30+00:00,138.717,explicit_gpx_utc,visibility_m,MISSING,NULL_VALUE_ONLY,weather\tw_weather_2026-05-01.sqlite3,weather_observations,C0A940,金山,新北市,金山區,25.223627,121.64397,,10318.6,13,2,0,2,0,0,,,,,,,False,stations_with_observations_in_exact_activity_window_and_activity_bbox; rank_by_nearest_activity_trackpoint_distance,VARIABLE_VALUES_NULL_OR_BLANK_IN_ACTIVITY_WINDOW,False,Exact activity-window station-variable evidence; no imputation or weather fusion.
ib3w_activity_environment_window_adapter_v1,qixing_lengshuikeng_xiaoyoukeng_20260410_gpx_v1,qixing_lengshuikeng_xiaoyoukeng_20260410_biji_gpx,qixing_lengshuikeng_xiaoyoukeng_20260410_biji_gpx,gpx,D:\mountain_work\115_osm\activity_input\gpx\qixing_lengshuikeng_xiaoyoukeng_gpx\冷水坑上-七星山東峰-主峰-下小油坑.gpx,2026-04-10T21:35:47+00:00,2026-04-10T23:54:30+00:00,138.717,explicit_gpx_utc,weather,MISSING,NULL_VALUE_ONLY,weather\tw_weather_2026-05-01.sqlite3,weather_observations,C0A940,金山,新北市,金山區,25.223627,121.64397,,10318.6,13,2,0,2,0,0,,,,,,,False,stations_with_observations_in_exact_activity_window_and_activity_bbox; rank_by_nearest_activity_trackpoint_distance,VARIABLE_VALUES_NULL_OR_BLANK_IN_ACTIVITY_WINDOW,False,Exact activity-window station-variable evidence; no imputation or weather fusion.
ib3w_activity_environment_window_adapter_v1,qixing_lengshuikeng_xiaoyoukeng_20260410_gpx_v1,qixing_lengshuikeng_xiaoyoukeng_20260410_biji_gpx,qixing_lengshuikeng_xiaoyoukeng_20260410_biji_gpx,gpx,D:\mountain_work\115_osm\activity_input\gpx\qixing_lengshuikeng_xiaoyoukeng_gpx\冷水坑上-七星山東峰-主峰-下小油坑.gpx,2026-04-10T21:35:47+00:00,2026-04-10T23:54:30+00:00,138.717,explicit_gpx_utc,precipitation_mm,OBSERVED,OBSERVED_IN_ACTIVITY_WINDOW,weather\tw_weather_2026-05-01.sqlite3,weather_observations,C0A980,社子,臺北市,士林區,25.109509,121.46968,,10514.9,14,2,2,0,2,0,2026-04-10T22:00:00+00:00,0.0,0.0,0.0,0.0,0.0,True,stations_with_observations_in_exact_activity_window_and_activity_bbox; rank_by_nearest_activity_trackpoint_distance,,False,Raw zero values are retained as observed evidence; zero is never synthesized.
ib3w_activity_environment_window_adapter_v1,qixing_lengshuikeng_xiaoyoukeng_20260410_gpx_v1,qixing_lengshuikeng_xiaoyoukeng_20260410_biji_gpx,qixing_lengshuikeng_xiaoyoukeng_20260410_biji_gpx,gpx,D:\mountain_work\115_osm\activity_input\gpx\qixing_lengshuikeng_xiaoyoukeng_gpx\冷水坑上-七星山東峰-主峰-下小油坑.gpx,2026-04-10T21:35:47+00:00,2026-04-10T23:54:30+00:00,138.717,explicit_gpx_utc,precipitation_10min_mm,MISSING,NULL_VALUE_ONLY,weather\tw_weather_2026-05-01.sqlite3,weather_observations,C0A980,社子,臺北市,士林區,25.109509,121.46968,,10514.9,14,2,0,2,0,0,,,,,,,False,stations_with_observations_in_exact_activity_window_and_activity_bbox; rank_by_nearest_activity_trackpoint_distance,VARIABLE_VALUES_NULL_OR_BLANK_IN_ACTIVITY_WINDOW,False,Exact activity-window station-variable evidence; no imputation or weather fusion.
ib3w_activity_environment_window_adapter_v1,qixing_lengshuikeng_xiaoyoukeng_20260410_gpx_v1,qixing_lengshuikeng_xiaoyoukeng_20260410_biji_gpx,qixing_lengshuikeng_xiaoyoukeng_20260410_biji_gpx,gpx,D:\mountain_work\115_osm\activity_input\gpx\qixing_lengshuikeng_xiaoyoukeng_gpx\冷水坑上-七星山東峰-主峰-下小油坑.gpx,2026-04-10T21:35:47+00:00,2026-04-10T23:54:30+00:00,138.717,explicit_gpx_utc,precipitation_1hr_mm,MISSING,NULL_VALUE_ONLY,weather\tw_weather_2026-05-01.sqlite3,weather_observations,C0A980,社子,臺北市,士林區,25.109509,121.46968,,10514.9,14,2,0,2,0,0,,,,,,,False,stations_with_observations_in_exact_activity_window_and_activity_bbox; rank_by_nearest_activity_trackpoint_distance,VARIABLE_VALUES_NULL_OR_BLANK_IN_ACTIVITY_WINDOW,False,Exact activity-window station-variable evidence; no imputation or weather fusion.
ib3w_activity_environment_window_adapter_v1,qixing_lengshuikeng_xiaoyoukeng_20260410_gpx_v1,qixing_lengshuikeng_xiaoyoukeng_20260410_biji_gpx,qixing_lengshuikeng_xiaoyoukeng_20260410_biji_gpx,gpx,D:\mountain_work\115_osm\activity_input\gpx\qixing_lengshuikeng_xiaoyoukeng_gpx\冷水坑上-七星山東峰-主峰-下小油坑.gpx,2026-04-10T21:35:47+00:00,2026-04-10T23:54:30+00:00,138.717,explicit_gpx_utc,temperature_c,OBSERVED,OBSERVED_IN_ACTIVITY_WINDOW,weather\tw_weather_2026-05-01.sqlite3,weather_observations,C0A980,社子,臺北市,士林區,25.109509,121.46968,,10514.9,14,2,2,0,0,2,2026-04-10T22:00:00+00:00,0.0,23.1,25.3,24.200000000000003,48.400000000000006,True,stations_with_observations_in_exact_activity_window_and_activity_bbox; rank_by_nearest_activity_trackpoint_distance,,False,Exact activity-window station-variable evidence; no imputation or weather fusion.
ib3w_activity_environment_window_adapter_v1,qixing_lengshuikeng_xiaoyoukeng_20260410_gpx_v1,qixing_lengshuikeng_xiaoyoukeng_20260410_biji_gpx,qixing_lengshuikeng_xiaoyoukeng_20260410_biji_gpx,gpx,D:\mountain_work\115_osm\activity_input\gpx\qixing_lengshuikeng_xiaoyoukeng_gpx\冷水坑上-七星山東峰-主峰-下小油坑.gpx,2026-04-10T21:35:47+00:00,2026-04-10T23:54:30+00:00,138.717,explicit_gpx_utc,relative_humidity_pct,OBSERVED,OBSERVED_IN_ACTIVITY_WINDOW,weather\tw_weather_2026-05-01.sqlite3,weather_observations,C0A980,社子,臺北市,士林區,25.109509,121.46968,,10514.9,14,2,2,0,0,2,2026-04-10T22:00:00+00:00,0.0,89.0,93.0,91.0,182.0,True,stations_with_observations_in_exact_activity_window_and_activity_bbox; rank_by_nearest_activity_trackpoint_distance,,False,Exact activity-window station-variable evidence; no imputation or weather fusion.
ib3w_activity_environment_window_adapter_v1,qixing_lengshuikeng_xiaoyoukeng_20260410_gpx_v1,qixing_lengshuikeng_xiaoyoukeng_20260410_biji_gpx,qixing_lengshuikeng_xiaoyoukeng_20260410_biji_gpx,gpx,D:\mountain_work\115_osm\activity_input\gpx\qixing_lengshuikeng_xiaoyoukeng_gpx\冷水坑上-七星山東峰-主峰-下小油坑.gpx,2026-04-10T21:35:47+00:00,2026-04-10T23:54:30+00:00,138.717,explicit_gpx_utc,wind_speed_ms,OBSERVED,OBSERVED_IN_ACTIVITY_WINDOW,weather\tw_weather_2026-05-01.sqlite3,weather_observations,C0A980,社子,臺北市,士林區,25.109509,121.46968,,10514.9,14,2,2,0,2,0,2026-04-10T22:00:00+00:00,0.0,0.0,0.0,0.0,0.0,True,stations_with_observations_in_exact_activity_window_and_activity_bbox; rank_by_nearest_activity_trackpoint_distance,,False,Raw zero values are retained as observed evidence; zero is never synthesized.
ib3w_activity_environment_window_adapter_v1,qixing_lengshuikeng_xiaoyoukeng_20260410_gpx_v1,qixing_lengshuikeng_xiaoyoukeng_20260410_biji_gpx,qixing_lengshuikeng_xiaoyoukeng_20260410_biji_gpx,gpx,D:\mountain_work\115_osm\activity_input\gpx\qixing_lengshuikeng_xiaoyoukeng_gpx\冷水坑上-七星山東峰-主峰-下小油坑.gpx,2026-04-10T21:35:47+00:00,2026-04-10T23:54:30+00:00,138.717,explicit_gpx_utc,wind_direction_deg,OBSERVED,OBSERVED_IN_ACTIVITY_WINDOW,weather\tw_weather_2026-05-01.sqlite3,weather_observations,C0A980,社子,臺北市,士林區,25.109509,121.46968,,10514.9,14,2,2,0,2,0,2026-04-10T22:00:00+00:00,0.0,0.0,0.0,0.0,0.0,True,stations_with_observations_in_exact_activity_window_and_activity_bbox; rank_by_nearest_activity_trackpoint_distance,,False,Raw zero values are retained as observed evidence; zero is never synthesized.
ib3w_activity_environment_window_adapter_v1,qixing_lengshuikeng_xiaoyoukeng_20260410_gpx_v1,qixing_lengshuikeng_xiaoyoukeng_20260410_biji_gpx,qixing_lengshuikeng_xiaoyoukeng_20260410_biji_gpx,gpx,D:\mountain_work\115_osm\activity_input\gpx\qixing_lengshuikeng_xiaoyoukeng_gpx\冷水坑上-七星山東峰-主峰-下小油坑.gpx,2026-04-10T21:35:47+00:00,2026-04-10T23:54:30+00:00,138.717,explicit_gpx_utc,pressure_hpa,OBSERVED,OBSERVED_IN_ACTIVITY_WINDOW,weather\tw_weather_2026-05-01.sqlite3,weather_observations,C0A980,社子,臺北市,士林區,25.109509,121.46968,,10514.9,14,2,2,0,0,2,2026-04-10T22:00:00+00:00,0.0,1010.9,1011.1,1011.0,2022.0,True,stations_with_observations_in_exact_activity_window_and_activity_bbox; rank_by_nearest_activity_trackpoint_distance,,False,Exact activity-window station-variable evidence; no imputation or weather fusion.
ib3w_activity_environment_window_adapter_v1,qixing_lengshuikeng_xiaoyoukeng_20260410_gpx_v1,qixing_lengshuikeng_xiaoyoukeng_20260410_biji_gpx,qixing_lengshuikeng_xiaoyoukeng_20260410_biji_gpx,gpx,D:\mountain_work\115_osm\activity_input\gpx\qixing_lengshuikeng_xiaoyoukeng_gpx\冷水坑上-七星山東峰-主峰-下小油坑.gpx,2026-04-10T21:35:47+00:00,2026-04-10T23:54:30+00:00,138.717,explicit_gpx_utc,visibility_m,MISSING,NULL_VALUE_ONLY,weather\tw_weather_2026-05-01.sqlite3,weather_observations,C0A980,社子,臺北市,士林區,25.109509,121.46968,,10514.9,14,2,0,2,0,0,,,,,,,False,stations_with_observations_in_exact_activity_window_and_activity_bbox; rank_by_nearest_activity_trackpoint_distance,VARIABLE_VALUES_NULL_OR_BLANK_IN_ACTIVITY_WINDOW,False,Exact activity-window station-variable evidence; no imputation or weather fusion.
ib3w_activity_environment_window_adapter_v1,qixing_lengshuikeng_xiaoyoukeng_20260410_gpx_v1,qixing_lengshuikeng_xiaoyoukeng_20260410_biji_gpx,qixing_lengshuikeng_xiaoyoukeng_20260410_biji_gpx,gpx,D:\mountain_work\115_osm\activity_input\gpx\qixing_lengshuikeng_xiaoyoukeng_gpx\冷水坑上-七星山東峰-主峰-下小油坑.gpx,2026-04-10T21:35:47+00:00,2026-04-10T23:54:30+00:00,138.717,explicit_gpx_utc,weather,MISSING,NULL_VALUE_ONLY,weather\tw_weather_2026-05-01.sqlite3,weather_observations,C0A980,社子,臺北市,士林區,25.109509,121.46968,,10514.9,14,2,0,2,0,0,,,,,,,False,stations_with_observations_in_exact_activity_window_and_activity_bbox; rank_by_nearest_activity_trackpoint_distance,VARIABLE_VALUES_NULL_OR_BLANK_IN_ACTIVITY_WINDOW,False,Exact activity-window station-variable evidence; no imputation or weather fusion.
ib3w_activity_environment_window_adapter_v1,qixing_lengshuikeng_xiaoyoukeng_20260410_gpx_v1,qixing_lengshuikeng_xiaoyoukeng_20260410_biji_gpx,qixing_lengshuikeng_xiaoyoukeng_20260410_biji_gpx,gpx,D:\mountain_work\115_osm\activity_input\gpx\qixing_lengshuikeng_xiaoyoukeng_gpx\冷水坑上-七星山東峰-主峰-下小油坑.gpx,2026-04-10T21:35:47+00:00,2026-04-10T23:54:30+00:00,138.717,explicit_gpx_utc,precipitation_mm,OBSERVED,OBSERVED_IN_ACTIVITY_WINDOW,weather\tw_weather_2026-05-01.sqlite3,weather_observations,CAA020,國一S026K,新北市,三重區,25.07639,121.4964,,11636.3,15,13,12,1,12,0,2026-04-10T21:50:00+00:00,0.0,0.0,0.0,0.0,0.0,True,stations_with_observations_in_exact_activity_window_and_activity_bbox; rank_by_nearest_activity_trackpoint_distance,,False,Raw zero values are retained as observed evidence; zero is never synthesized.
ib3w_activity_environment_window_adapter_v1,qixing_lengshuikeng_xiaoyoukeng_20260410_gpx_v1,qixing_lengshuikeng_xiaoyoukeng_20260410_biji_gpx,qixing_lengshuikeng_xiaoyoukeng_20260410_biji_gpx,gpx,D:\mountain_work\115_osm\activity_input\gpx\qixing_lengshuikeng_xiaoyoukeng_gpx\冷水坑上-七星山東峰-主峰-下小油坑.gpx,2026-04-10T21:35:47+00:00,2026-04-10T23:54:30+00:00,138.717,explicit_gpx_utc,precipitation_10min_mm,MISSING,NULL_VALUE_ONLY,weather\tw_weather_2026-05-01.sqlite3,weather_observations,CAA020,國一S026K,新北市,三重區,25.07639,121.4964,,11636.3,15,13,0,13,0,0,,,,,,,False,stations_with_observations_in_exact_activity_window_and_activity_bbox; rank_by_nearest_activity_trackpoint_distance,VARIABLE_VALUES_NULL_OR_BLANK_IN_ACTIVITY_WINDOW,False,Exact activity-window station-variable evidence; no imputation or weather fusion.
ib3w_activity_environment_window_adapter_v1,qixing_lengshuikeng_xiaoyoukeng_20260410_gpx_v1,qixing_lengshuikeng_xiaoyoukeng_20260410_biji_gpx,qixing_lengshuikeng_xiaoyoukeng_20260410_biji_gpx,gpx,D:\mountain_work\115_osm\activity_input\gpx\qixing_lengshuikeng_xiaoyoukeng_gpx\冷水坑上-七星山東峰-主峰-下小油坑.gpx,2026-04-10T21:35:47+00:00,2026-04-10T23:54:30+00:00,138.717,explicit_gpx_utc,precipitation_1hr_mm,MISSING,NULL_VALUE_ONLY,weather\tw_weather_2026-05-01.sqlite3,weather_observations,CAA020,國一S026K,新北市,三重區,25.07639,121.4964,,11636.3,15,13,0,13,0,0,,,,,,,False,stations_with_observations_in_exact_activity_window_and_activity_bbox; rank_by_nearest_activity_trackpoint_distance,VARIABLE_VALUES_NULL_OR_BLANK_IN_ACTIVITY_WINDOW,False,Exact activity-window station-variable evidence; no imputation or weather fusion.
ib3w_activity_environment_window_adapter_v1,qixing_lengshuikeng_xiaoyoukeng_20260410_gpx_v1,qixing_lengshuikeng_xiaoyoukeng_20260410_biji_gpx,qixing_lengshuikeng_xiaoyoukeng_20260410_biji_gpx,gpx,D:\mountain_work\115_osm\activity_input\gpx\qixing_lengshuikeng_xiaoyoukeng_gpx\冷水坑上-七星山東峰-主峰-下小油坑.gpx,2026-04-10T21:35:47+00:00,2026-04-10T23:54:30+00:00,138.717,explicit_gpx_utc,temperature_c,OBSERVED,OBSERVED_IN_ACTIVITY_WINDOW,weather\tw_weather_2026-05-01.sqlite3,weather_observations,CAA020,國一S026K,新北市,三重區,25.07639,121.4964,,11636.3,15,13,12,1,0,12,2026-04-10T21:40:00+00:00,0.0,24.5,26.5,25.233333333333334,302.8,True,stations_with_observations_in_exact_activity_window_and_activity_bbox; rank_by_nearest_activity_trackpoint_distance,,False,Exact activity-window station-variable evidence; no imputation or weather fusion.
ib3w_activity_environment_window_adapter_v1,qixing_lengshuikeng_xiaoyoukeng_20260410_gpx_v1,qixing_lengshuikeng_xiaoyoukeng_20260410_biji_gpx,qixing_lengshuikeng_xiaoyoukeng_20260410_biji_gpx,gpx,D:\mountain_work\115_osm\activity_input\gpx\qixing_lengshuikeng_xiaoyoukeng_gpx\冷水坑上-七星山東峰-主峰-下小油坑.gpx,2026-04-10T21:35:47+00:00,2026-04-10T23:54:30+00:00,138.717,explicit_gpx_utc,relative_humidity_pct,OBSERVED,OBSERVED_IN_ACTIVITY_WINDOW,weather\tw_weather_2026-05-01.sqlite3,weather_observations,CAA020,國一S026K,新北市,三重區,25.07639,121.4964,,11636.3,15,13,12,1,0,12,2026-04-10T21:40:00+00:00,0.0,79.0,86.0,83.16666666666667,998.0,True,stations_with_observations_in_exact_activity_window_and_activity_bbox; rank_by_nearest_activity_trackpoint_distance,,False,Exact activity-window station-variable evidence; no imputation or weather fusion.
ib3w_activity_environment_window_adapter_v1,qixing_lengshuikeng_xiaoyoukeng_20260410_gpx_v1,qixing_lengshuikeng_xiaoyoukeng_20260410_biji_gpx,qixing_lengshuikeng_xiaoyoukeng_20260410_biji_gpx,gpx,D:\mountain_work\115_osm\activity_input\gpx\qixing_lengshuikeng_xiaoyoukeng_gpx\冷水坑上-七星山東峰-主峰-下小油坑.gpx,2026-04-10T21:35:47+00:00,2026-04-10T23:54:30+00:00,138.717,explicit_gpx_utc,wind_speed_ms,OBSERVED,OBSERVED_IN_ACTIVITY_WINDOW,weather\tw_weather_2026-05-01.sqlite3,weather_observations,CAA020,國一S026K,新北市,三重區,25.07639,121.4964,,11636.3,15,13,12,1,0,12,2026-04-10T21:50:00+00:00,0.0,1.3,2.1,1.5083333333333335,18.1,True,stations_with_observations_in_exact_activity_window_and_activity_bbox; rank_by_nearest_activity_trackpoint_distance,,False,Exact activity-window station-variable evidence; no imputation or weather fusion.
ib3w_activity_environment_window_adapter_v1,qixing_lengshuikeng_xiaoyoukeng_20260410_gpx_v1,qixing_lengshuikeng_xiaoyoukeng_20260410_biji_gpx,qixing_lengshuikeng_xiaoyoukeng_20260410_biji_gpx,gpx,D:\mountain_work\115_osm\activity_input\gpx\qixing_lengshuikeng_xiaoyoukeng_gpx\冷水坑上-七星山東峰-主峰-下小油坑.gpx,2026-04-10T21:35:47+00:00,2026-04-10T23:54:30+00:00,138.717,explicit_gpx_utc,wind_direction_deg,OBSERVED,OBSERVED_IN_ACTIVITY_WINDOW,weather\tw_weather_2026-05-01.sqlite3,weather_observations,CAA020,國一S026K,新北市,三重區,25.07639,121.4964,,11636.3,15,13,12,1,0,12,2026-04-10T21:50:00+00:00,0.0,60.0,110.0,89.16666666666667,1070.0,True,stations_with_observations_in_exact_activity_window_and_activity_bbox; rank_by_nearest_activity_trackpoint_distance,,False,Exact activity-window station-variable evidence; no imputation or weather fusion.
ib3w_activity_environment_window_adapter_v1,qixing_lengshuikeng_xiaoyoukeng_20260410_gpx_v1,qixing_lengshuikeng_xiaoyoukeng_20260410_biji_gpx,qixing_lengshuikeng_xiaoyoukeng_20260410_biji_gpx,gpx,D:\mountain_work\115_osm\activity_input\gpx\qixing_lengshuikeng_xiaoyoukeng_gpx\冷水坑上-七星山東峰-主峰-下小油坑.gpx,2026-04-10T21:35:47+00:00,2026-04-10T23:54:30+00:00,138.717,explicit_gpx_utc,pressure_hpa,MISSING,NULL_VALUE_ONLY,weather\tw_weather_2026-05-01.sqlite3,weather_observations,CAA020,國一S026K,新北市,三重區,25.07639,121.4964,,11636.3,15,13,0,13,0,0,,,,,,,False,stations_with_observations_in_exact_activity_window_and_activity_bbox; rank_by_nearest_activity_trackpoint_distance,VARIABLE_VALUES_NULL_OR_BLANK_IN_ACTIVITY_WINDOW,False,Exact activity-window station-variable evidence; no imputation or weather fusion.
ib3w_activity_environment_window_adapter_v1,qixing_lengshuikeng_xiaoyoukeng_20260410_gpx_v1,qixing_lengshuikeng_xiaoyoukeng_20260410_biji_gpx,qixing_lengshuikeng_xiaoyoukeng_20260410_biji_gpx,gpx,D:\mountain_work\115_osm\activity_input\gpx\qixing_lengshuikeng_xiaoyoukeng_gpx\冷水坑上-七星山東峰-主峰-下小油坑.gpx,2026-04-10T21:35:47+00:00,2026-04-10T23:54:30+00:00,138.717,explicit_gpx_utc,visibility_m,MISSING,NULL_VALUE_ONLY,weather\tw_weather_2026-05-01.sqlite3,weather_observations,CAA020,國一S026K,新北市,三重區,25.07639,121.4964,,11636.3,15,13,0,13,0,0,,,,,,,False,stations_with_observations_in_exact_activity_window_and_activity_bbox; rank_by_nearest_activity_trackpoint_distance,VARIABLE_VALUES_NULL_OR_BLANK_IN_ACTIVITY_WINDOW,False,Exact activity-window station-variable evidence; no imputation or weather fusion.
ib3w_activity_environment_window_adapter_v1,qixing_lengshuikeng_xiaoyoukeng_20260410_gpx_v1,qixing_lengshuikeng_xiaoyoukeng_20260410_biji_gpx,qixing_lengshuikeng_xiaoyoukeng_20260410_biji_gpx,gpx,D:\mountain_work\115_osm\activity_input\gpx\qixing_lengshuikeng_xiaoyoukeng_gpx\冷水坑上-七星山東峰-主峰-下小油坑.gpx,2026-04-10T21:35:47+00:00,2026-04-10T23:54:30+00:00,138.717,explicit_gpx_utc,weather,MISSING,NULL_VALUE_ONLY,weather\tw_weather_2026-05-01.sqlite3,weather_observations,CAA020,國一S026K,新北市,三重區,25.07639,121.4964,,11636.3,15,13,0,13,0,0,,,,,,,False,stations_with_observations_in_exact_activity_window_and_activity_bbox; rank_by_nearest_activity_trackpoint_distance,VARIABLE_VALUES_NULL_OR_BLANK_IN_ACTIVITY_WINDOW,False,Exact activity-window station-variable evidence; no imputation or weather fusion.
ib3w_activity_environment_window_adapter_v1,qixing_lengshuikeng_xiaoyoukeng_20260410_gpx_v1,qixing_lengshuikeng_xiaoyoukeng_20260410_biji_gpx,qixing_lengshuikeng_xiaoyoukeng_20260410_biji_gpx,gpx,D:\mountain_work\115_osm\activity_input\gpx\qixing_lengshuikeng_xiaoyoukeng_gpx\冷水坑上-七星山東峰-主峰-下小油坑.gpx,2026-04-10T21:35:47+00:00,2026-04-10T23:54:30+00:00,138.717,explicit_gpx_utc,precipitation_mm,OBSERVED,OBSERVED_IN_ACTIVITY_WINDOW,weather\tw_weather_2026-05-01.sqlite3,weather_observations,C0AJ70,田寮,新北市,三芝區,25.2698,121.488594,,11921.4,16,2,2,0,2,0,2026-04-10T22:00:00+00:00,0.0,0.0,0.0,0.0,0.0,True,stations_with_observations_in_exact_activity_window_and_activity_bbox; rank_by_nearest_activity_trackpoint_distance,,False,Raw zero values are retained as observed evidence; zero is never synthesized.
ib3w_activity_environment_window_adapter_v1,qixing_lengshuikeng_xiaoyoukeng_20260410_gpx_v1,qixing_lengshuikeng_xiaoyoukeng_20260410_biji_gpx,qixing_lengshuikeng_xiaoyoukeng_20260410_biji_gpx,gpx,D:\mountain_work\115_osm\activity_input\gpx\qixing_lengshuikeng_xiaoyoukeng_gpx\冷水坑上-七星山東峰-主峰-下小油坑.gpx,2026-04-10T21:35:47+00:00,2026-04-10T23:54:30+00:00,138.717,explicit_gpx_utc,precipitation_10min_mm,MISSING,NULL_VALUE_ONLY,weather\tw_weather_2026-05-01.sqlite3,weather_observations,C0AJ70,田寮,新北市,三芝區,25.2698,121.488594,,11921.4,16,2,0,2,0,0,,,,,,,False,stations_with_observations_in_exact_activity_window_and_activity_bbox; rank_by_nearest_activity_trackpoint_distance,VARIABLE_VALUES_NULL_OR_BLANK_IN_ACTIVITY_WINDOW,False,Exact activity-window station-variable evidence; no imputation or weather fusion.
ib3w_activity_environment_window_adapter_v1,qixing_lengshuikeng_xiaoyoukeng_20260410_gpx_v1,qixing_lengshuikeng_xiaoyoukeng_20260410_biji_gpx,qixing_lengshuikeng_xiaoyoukeng_20260410_biji_gpx,gpx,D:\mountain_work\115_osm\activity_input\gpx\qixing_lengshuikeng_xiaoyoukeng_gpx\冷水坑上-七星山東峰-主峰-下小油坑.gpx,2026-04-10T21:35:47+00:00,2026-04-10T23:54:30+00:00,138.717,explicit_gpx_utc,precipitation_1hr_mm,MISSING,NULL_VALUE_ONLY,weather\tw_weather_2026-05-01.sqlite3,weather_observations,C0AJ70,田寮,新北市,三芝區,25.2698,121.488594,,11921.4,16,2,0,2,0,0,,,,,,,False,stations_with_observations_in_exact_activity_window_and_activity_bbox; rank_by_nearest_activity_trackpoint_distance,VARIABLE_VALUES_NULL_OR_BLANK_IN_ACTIVITY_WINDOW,False,Exact activity-window station-variable evidence; no imputation or weather fusion.
ib3w_activity_environment_window_adapter_v1,qixing_lengshuikeng_xiaoyoukeng_20260410_gpx_v1,qixing_lengshuikeng_xiaoyoukeng_20260410_biji_gpx,qixing_lengshuikeng_xiaoyoukeng_20260410_biji_gpx,gpx,D:\mountain_work\115_osm\activity_input\gpx\qixing_lengshuikeng_xiaoyoukeng_gpx\冷水坑上-七星山東峰-主峰-下小油坑.gpx,2026-04-10T21:35:47+00:00,2026-04-10T23:54:30+00:00,138.717,explicit_gpx_utc,temperature_c,OBSERVED,OBSERVED_IN_ACTIVITY_WINDOW,weather\tw_weather_2026-05-01.sqlite3,weather_observations,C0AJ70,田寮,新北市,三芝區,25.2698,121.488594,,11921.4,16,2,2,0,0,2,2026-04-10T22:00:00+00:00,0.0,21.8,24.1,22.950000000000003,45.900000000000006,True,stations_with_observations_in_exact_activity_window_and_activity_bbox; rank_by_nearest_activity_trackpoint_distance,,False,Exact activity-window station-variable evidence; no imputation or weather fusion.
ib3w_activity_environment_window_adapter_v1,qixing_lengshuikeng_xiaoyoukeng_20260410_gpx_v1,qixing_lengshuikeng_xiaoyoukeng_20260410_biji_gpx,qixing_lengshuikeng_xiaoyoukeng_20260410_biji_gpx,gpx,D:\mountain_work\115_osm\activity_input\gpx\qixing_lengshuikeng_xiaoyoukeng_gpx\冷水坑上-七星山東峰-主峰-下小油坑.gpx,2026-04-10T21:35:47+00:00,2026-04-10T23:54:30+00:00,138.717,explicit_gpx_utc,relative_humidity_pct,OBSERVED,OBSERVED_IN_ACTIVITY_WINDOW,weather\tw_weather_2026-05-01.sqlite3,weather_observations,C0AJ70,田寮,新北市,三芝區,25.2698,121.488594,,11921.4,16,2,2,0,0,2,2026-04-10T22:00:00+00:00,0.0,89.0,94.0,91.5,183.0,True,stations_with_observations_in_exact_activity_window_and_activity_bbox; rank_by_nearest_activity_trackpoint_distance,,False,Exact activity-window station-variable evidence; no imputation or weather fusion.
ib3w_activity_environment_window_adapter_v1,qixing_lengshuikeng_xiaoyoukeng_20260410_gpx_v1,qixing_lengshuikeng_xiaoyoukeng_20260410_biji_gpx,qixing_lengshuikeng_xiaoyoukeng_20260410_biji_gpx,gpx,D:\mountain_work\115_osm\activity_input\gpx\qixing_lengshuikeng_xiaoyoukeng_gpx\冷水坑上-七星山東峰-主峰-下小油坑.gpx,2026-04-10T21:35:47+00:00,2026-04-10T23:54:30+00:00,138.717,explicit_gpx_utc,wind_speed_ms,OBSERVED,OBSERVED_IN_ACTIVITY_WINDOW,weather\tw_weather_2026-05-01.sqlite3,weather_observations,C0AJ70,田寮,新北市,三芝區,25.2698,121.488594,,11921.4,16,2,2,0,0,2,2026-04-10T22:00:00+00:00,0.0,0.6,1.3,0.95,1.9,True,stations_with_observations_in_exact_activity_window_and_activity_bbox; rank_by_nearest_activity_trackpoint_distance,,False,Exact activity-window station-variable evidence; no imputation or weather fusion.
ib3w_activity_environment_window_adapter_v1,qixing_lengshuikeng_xiaoyoukeng_20260410_gpx_v1,qixing_lengshuikeng_xiaoyoukeng_20260410_biji_gpx,qixing_lengshuikeng_xiaoyoukeng_20260410_biji_gpx,gpx,D:\mountain_work\115_osm\activity_input\gpx\qixing_lengshuikeng_xiaoyoukeng_gpx\冷水坑上-七星山東峰-主峰-下小油坑.gpx,2026-04-10T21:35:47+00:00,2026-04-10T23:54:30+00:00,138.717,explicit_gpx_utc,wind_direction_deg,OBSERVED,OBSERVED_IN_ACTIVITY_WINDOW,weather\tw_weather_2026-05-01.sqlite3,weather_observations,C0AJ70,田寮,新北市,三芝區,25.2698,121.488594,,11921.4,16,2,2,0,0,2,2026-04-10T22:00:00+00:00,0.0,130.0,358.0,244.0,488.0,True,stations_with_observations_in_exact_activity_window_and_activity_bbox; rank_by_nearest_activity_trackpoint_distance,,False,Exact activity-window station-variable evidence; no imputation or weather fusion.
ib3w_activity_environment_window_adapter_v1,qixing_lengshuikeng_xiaoyoukeng_20260410_gpx_v1,qixing_lengshuikeng_xiaoyoukeng_20260410_biji_gpx,qixing_lengshuikeng_xiaoyoukeng_20260410_biji_gpx,gpx,D:\mountain_work\115_osm\activity_input\gpx\qixing_lengshuikeng_xiaoyoukeng_gpx\冷水坑上-七星山東峰-主峰-下小油坑.gpx,2026-04-10T21:35:47+00:00,2026-04-10T23:54:30+00:00,138.717,explicit_gpx_utc,pressure_hpa,OBSERVED,OBSERVED_IN_ACTIVITY_WINDOW,weather\tw_weather_2026-05-01.sqlite3,weather_observations,C0AJ70,田寮,新北市,三芝區,25.2698,121.488594,,11921.4,16,2,2,0,0,2,2026-04-10T22:00:00+00:00,0.0,1008.9,1009.3,1009.0999999999999,2018.1999999999998,True,stations_with_observations_in_exact_activity_window_and_activity_bbox; rank_by_nearest_activity_trackpoint_distance,,False,Exact activity-window station-variable evidence; no imputation or weather fusion.
ib3w_activity_environment_window_adapter_v1,qixing_lengshuikeng_xiaoyoukeng_20260410_gpx_v1,qixing_lengshuikeng_xiaoyoukeng_20260410_biji_gpx,qixing_lengshuikeng_xiaoyoukeng_20260410_biji_gpx,gpx,D:\mountain_work\115_osm\activity_input\gpx\qixing_lengshuikeng_xiaoyoukeng_gpx\冷水坑上-七星山東峰-主峰-下小油坑.gpx,2026-04-10T21:35:47+00:00,2026-04-10T23:54:30+00:00,138.717,explicit_gpx_utc,visibility_m,MISSING,NULL_VALUE_ONLY,weather\tw_weather_2026-05-01.sqlite3,weather_observations,C0AJ70,田寮,新北市,三芝區,25.2698,121.488594,,11921.4,16,2,0,2,0,0,,,,,,,False,stations_with_observations_in_exact_activity_window_and_activity_bbox; rank_by_nearest_activity_trackpoint_distance,VARIABLE_VALUES_NULL_OR_BLANK_IN_ACTIVITY_WINDOW,False,Exact activity-window station-variable evidence; no imputation or weather fusion.
ib3w_activity_environment_window_adapter_v1,qixing_lengshuikeng_xiaoyoukeng_20260410_gpx_v1,qixing_lengshuikeng_xiaoyoukeng_20260410_biji_gpx,qixing_lengshuikeng_xiaoyoukeng_20260410_biji_gpx,gpx,D:\mountain_work\115_osm\activity_input\gpx\qixing_lengshuikeng_xiaoyoukeng_gpx\冷水坑上-七星山東峰-主峰-下小油坑.gpx,2026-04-10T21:35:47+00:00,2026-04-10T23:54:30+00:00,138.717,explicit_gpx_utc,weather,MISSING,NULL_VALUE_ONLY,weather\tw_weather_2026-05-01.sqlite3,weather_observations,C0AJ70,田寮,新北市,三芝區,25.2698,121.488594,,11921.4,16,2,0,2,0,0,,,,,,,False,stations_with_observations_in_exact_activity_window_and_activity_bbox; rank_by_nearest_activity_trackpoint_distance,VARIABLE_VALUES_NULL_OR_BLANK_IN_ACTIVITY_WINDOW,False,Exact activity-window station-variable evidence; no imputation or weather fusion.
ib3w_activity_environment_window_adapter_v1,qixing_lengshuikeng_xiaoyoukeng_20260410_gpx_v1,qixing_lengshuikeng_xiaoyoukeng_20260410_biji_gpx,qixing_lengshuikeng_xiaoyoukeng_20260410_biji_gpx,gpx,D:\mountain_work\115_osm\activity_input\gpx\qixing_lengshuikeng_xiaoyoukeng_gpx\冷水坑上-七星山東峰-主峰-下小油坑.gpx,2026-04-10T21:35:47+00:00,2026-04-10T23:54:30+00:00,138.717,explicit_gpx_utc,precipitation_mm,OBSERVED,OBSERVED_IN_ACTIVITY_WINDOW,weather\tw_weather_2026-05-01.sqlite3,weather_observations,C0AJ40,石門,新北市,石門區,25.273672,121.6012,,12024.0,17,2,2,0,2,0,2026-04-10T22:00:00+00:00,0.0,0.0,0.0,0.0,0.0,True,stations_with_observations_in_exact_activity_window_and_activity_bbox; rank_by_nearest_activity_trackpoint_distance,,False,Raw zero values are retained as observed evidence; zero is never synthesized.
ib3w_activity_environment_window_adapter_v1,qixing_lengshuikeng_xiaoyoukeng_20260410_gpx_v1,qixing_lengshuikeng_xiaoyoukeng_20260410_biji_gpx,qixing_lengshuikeng_xiaoyoukeng_20260410_biji_gpx,gpx,D:\mountain_work\115_osm\activity_input\gpx\qixing_lengshuikeng_xiaoyoukeng_gpx\冷水坑上-七星山東峰-主峰-下小油坑.gpx,2026-04-10T21:35:47+00:00,2026-04-10T23:54:30+00:00,138.717,explicit_gpx_utc,precipitation_10min_mm,MISSING,NULL_VALUE_ONLY,weather\tw_weather_2026-05-01.sqlite3,weather_observations,C0AJ40,石門,新北市,石門區,25.273672,121.6012,,12024.0,17,2,0,2,0,0,,,,,,,False,stations_with_observations_in_exact_activity_window_and_activity_bbox; rank_by_nearest_activity_trackpoint_distance,VARIABLE_VALUES_NULL_OR_BLANK_IN_ACTIVITY_WINDOW,False,Exact activity-window station-variable evidence; no imputation or weather fusion.
ib3w_activity_environment_window_adapter_v1,qixing_lengshuikeng_xiaoyoukeng_20260410_gpx_v1,qixing_lengshuikeng_xiaoyoukeng_20260410_biji_gpx,qixing_lengshuikeng_xiaoyoukeng_20260410_biji_gpx,gpx,D:\mountain_work\115_osm\activity_input\gpx\qixing_lengshuikeng_xiaoyoukeng_gpx\冷水坑上-七星山東峰-主峰-下小油坑.gpx,2026-04-10T21:35:47+00:00,2026-04-10T23:54:30+00:00,138.717,explicit_gpx_utc,precipitation_1hr_mm,MISSING,NULL_VALUE_ONLY,weather\tw_weather_2026-05-01.sqlite3,weather_observations,C0AJ40,石門,新北市,石門區,25.273672,121.6012,,12024.0,17,2,0,2,0,0,,,,,,,False,stations_with_observations_in_exact_activity_window_and_activity_bbox; rank_by_nearest_activity_trackpoint_distance,VARIABLE_VALUES_NULL_OR_BLANK_IN_ACTIVITY_WINDOW,False,Exact activity-window station-variable evidence; no imputation or weather fusion.
ib3w_activity_environment_window_adapter_v1,qixing_lengshuikeng_xiaoyoukeng_20260410_gpx_v1,qixing_lengshuikeng_xiaoyoukeng_20260410_biji_gpx,qixing_lengshuikeng_xiaoyoukeng_20260410_biji_gpx,gpx,D:\mountain_work\115_osm\activity_input\gpx\qixing_lengshuikeng_xiaoyoukeng_gpx\冷水坑上-七星山東峰-主峰-下小油坑.gpx,2026-04-10T21:35:47+00:00,2026-04-10T23:54:30+00:00,138.717,explicit_gpx_utc,temperature_c,OBSERVED,OBSERVED_IN_ACTIVITY_WINDOW,weather\tw_weather_2026-05-01.sqlite3,weather_observations,C0AJ40,石門,新北市,石門區,25.273672,121.6012,,12024.0,17,2,2,0,0,2,2026-04-10T22:00:00+00:00,0.0,22.3,23.1,22.700000000000003,45.400000000000006,True,stations_with_observations_in_exact_activity_window_and_activity_bbox; rank_by_nearest_activity_trackpoint_distance,,False,Exact activity-window station-variable evidence; no imputation or weather fusion.
ib3w_activity_environment_window_adapter_v1,qixing_lengshuikeng_xiaoyoukeng_20260410_gpx_v1,qixing_lengshuikeng_xiaoyoukeng_20260410_biji_gpx,qixing_lengshuikeng_xiaoyoukeng_20260410_biji_gpx,gpx,D:\mountain_work\115_osm\activity_input\gpx\qixing_lengshuikeng_xiaoyoukeng_gpx\冷水坑上-七星山東峰-主峰-下小油坑.gpx,2026-04-10T21:35:47+00:00,2026-04-10T23:54:30+00:00,138.717,explicit_gpx_utc,relative_humidity_pct,OBSERVED,OBSERVED_IN_ACTIVITY_WINDOW,weather\tw_weather_2026-05-01.sqlite3,weather_observations,C0AJ40,石門,新北市,石門區,25.273672,121.6012,,12024.0,17,2,2,0,0,2,2026-04-10T22:00:00+00:00,0.0,96.0,97.0,96.5,193.0,True,stations_with_observations_in_exact_activity_window_and_activity_bbox; rank_by_nearest_activity_trackpoint_distance,,False,Exact activity-window station-variable evidence; no imputation or weather fusion.
ib3w_activity_environment_window_adapter_v1,qixing_lengshuikeng_xiaoyoukeng_20260410_gpx_v1,qixing_lengshuikeng_xiaoyoukeng_20260410_biji_gpx,qixing_lengshuikeng_xiaoyoukeng_20260410_biji_gpx,gpx,D:\mountain_work\115_osm\activity_input\gpx\qixing_lengshuikeng_xiaoyoukeng_gpx\冷水坑上-七星山東峰-主峰-下小油坑.gpx,2026-04-10T21:35:47+00:00,2026-04-10T23:54:30+00:00,138.717,explicit_gpx_utc,wind_speed_ms,OBSERVED,OBSERVED_IN_ACTIVITY_WINDOW,weather\tw_weather_2026-05-01.sqlite3,weather_observations,C0AJ40,石門,新北市,石門區,25.273672,121.6012,,12024.0,17,2,2,0,0,2,2026-04-10T22:00:00+00:00,0.0,1.9,2.5,2.2,4.4,True,stations_with_observations_in_exact_activity_window_and_activity_bbox; rank_by_nearest_activity_trackpoint_distance,,False,Exact activity-window station-variable evidence; no imputation or weather fusion.
ib3w_activity_environment_window_adapter_v1,qixing_lengshuikeng_xiaoyoukeng_20260410_gpx_v1,qixing_lengshuikeng_xiaoyoukeng_20260410_biji_gpx,qixing_lengshuikeng_xiaoyoukeng_20260410_biji_gpx,gpx,D:\mountain_work\115_osm\activity_input\gpx\qixing_lengshuikeng_xiaoyoukeng_gpx\冷水坑上-七星山東峰-主峰-下小油坑.gpx,2026-04-10T21:35:47+00:00,2026-04-10T23:54:30+00:00,138.717,explicit_gpx_utc,wind_direction_deg,OBSERVED,OBSERVED_IN_ACTIVITY_WINDOW,weather\tw_weather_2026-05-01.sqlite3,weather_observations,C0AJ40,石門,新北市,石門區,25.273672,121.6012,,12024.0,17,2,2,0,0,2,2026-04-10T22:00:00+00:00,0.0,106.0,131.0,118.5,237.0,True,stations_with_observations_in_exact_activity_window_and_activity_bbox; rank_by_nearest_activity_trackpoint_distance,,False,Exact activity-window station-variable evidence; no imputation or weather fusion.
ib3w_activity_environment_window_adapter_v1,qixing_lengshuikeng_xiaoyoukeng_20260410_gpx_v1,qixing_lengshuikeng_xiaoyoukeng_20260410_biji_gpx,qixing_lengshuikeng_xiaoyoukeng_20260410_biji_gpx,gpx,D:\mountain_work\115_osm\activity_input\gpx\qixing_lengshuikeng_xiaoyoukeng_gpx\冷水坑上-七星山東峰-主峰-下小油坑.gpx,2026-04-10T21:35:47+00:00,2026-04-10T23:54:30+00:00,138.717,explicit_gpx_utc,pressure_hpa,OBSERVED,OBSERVED_IN_ACTIVITY_WINDOW,weather\tw_weather_2026-05-01.sqlite3,weather_observations,C0AJ40,石門,新北市,石門區,25.273672,121.6012,,12024.0,17,2,2,0,0,2,2026-04-10T22:00:00+00:00,0.0,994.8,995.1,994.95,1989.9,True,stations_with_observations_in_exact_activity_window_and_activity_bbox; rank_by_nearest_activity_trackpoint_distance,,False,Exact activity-window station-variable evidence; no imputation or weather fusion.
ib3w_activity_environment_window_adapter_v1,qixing_lengshuikeng_xiaoyoukeng_20260410_gpx_v1,qixing_lengshuikeng_xiaoyoukeng_20260410_biji_gpx,qixing_lengshuikeng_xiaoyoukeng_20260410_biji_gpx,gpx,D:\mountain_work\115_osm\activity_input\gpx\qixing_lengshuikeng_xiaoyoukeng_gpx\冷水坑上-七星山東峰-主峰-下小油坑.gpx,2026-04-10T21:35:47+00:00,2026-04-10T23:54:30+00:00,138.717,explicit_gpx_utc,visibility_m,MISSING,NULL_VALUE_ONLY,weather\tw_weather_2026-05-01.sqlite3,weather_observations,C0AJ40,石門,新北市,石門區,25.273672,121.6012,,12024.0,17,2,0,2,0,0,,,,,,,False,stations_with_observations_in_exact_activity_window_and_activity_bbox; rank_by_nearest_activity_trackpoint_distance,VARIABLE_VALUES_NULL_OR_BLANK_IN_ACTIVITY_WINDOW,False,Exact activity-window station-variable evidence; no imputation or weather fusion.
ib3w_activity_environment_window_adapter_v1,qixing_lengshuikeng_xiaoyoukeng_20260410_gpx_v1,qixing_lengshuikeng_xiaoyoukeng_20260410_biji_gpx,qixing_lengshuikeng_xiaoyoukeng_20260410_biji_gpx,gpx,D:\mountain_work\115_osm\activity_input\gpx\qixing_lengshuikeng_xiaoyoukeng_gpx\冷水坑上-七星山東峰-主峰-下小油坑.gpx,2026-04-10T21:35:47+00:00,2026-04-10T23:54:30+00:00,138.717,explicit_gpx_utc,weather,MISSING,NULL_VALUE_ONLY,weather\tw_weather_2026-05-01.sqlite3,weather_observations,C0AJ40,石門,新北市,石門區,25.273672,121.6012,,12024.0,17,2,0,2,0,0,,,,,,,False,stations_with_observations_in_exact_activity_window_and_activity_bbox; rank_by_nearest_activity_trackpoint_distance,VARIABLE_VALUES_NULL_OR_BLANK_IN_ACTIVITY_WINDOW,False,Exact activity-window station-variable evidence; no imputation or weather fusion.
ib3w_activity_environment_window_adapter_v1,qixing_lengshuikeng_xiaoyoukeng_20260410_gpx_v1,qixing_lengshuikeng_xiaoyoukeng_20260410_biji_gpx,qixing_lengshuikeng_xiaoyoukeng_20260410_biji_gpx,gpx,D:\mountain_work\115_osm\activity_input\gpx\qixing_lengshuikeng_xiaoyoukeng_gpx\冷水坑上-七星山東峰-主峰-下小油坑.gpx,2026-04-10T21:35:47+00:00,2026-04-10T23:54:30+00:00,138.717,explicit_gpx_utc,precipitation_mm,OBSERVED,OBSERVED_IN_ACTIVITY_WINDOW,weather\tw_weather_2026-05-01.sqlite3,weather_observations,C0AD30,蘆洲,新北市,蘆洲區,25.086594,121.47233,,12152.7,18,2,2,0,2,0,2026-04-10T22:00:00+00:00,0.0,0.0,0.0,0.0,0.0,True,stations_with_observations_in_exact_activity_window_and_activity_bbox; rank_by_nearest_activity_trackpoint_distance,,False,Raw zero values are retained as observed evidence; zero is never synthesized.
ib3w_activity_environment_window_adapter_v1,qixing_lengshuikeng_xiaoyoukeng_20260410_gpx_v1,qixing_lengshuikeng_xiaoyoukeng_20260410_biji_gpx,qixing_lengshuikeng_xiaoyoukeng_20260410_biji_gpx,gpx,D:\mountain_work\115_osm\activity_input\gpx\qixing_lengshuikeng_xiaoyoukeng_gpx\冷水坑上-七星山東峰-主峰-下小油坑.gpx,2026-04-10T21:35:47+00:00,2026-04-10T23:54:30+00:00,138.717,explicit_gpx_utc,precipitation_10min_mm,MISSING,NULL_VALUE_ONLY,weather\tw_weather_2026-05-01.sqlite3,weather_observations,C0AD30,蘆洲,新北市,蘆洲區,25.086594,121.47233,,12152.7,18,2,0,2,0,0,,,,,,,False,stations_with_observations_in_exact_activity_window_and_activity_bbox; rank_by_nearest_activity_trackpoint_distance,VARIABLE_VALUES_NULL_OR_BLANK_IN_ACTIVITY_WINDOW,False,Exact activity-window station-variable evidence; no imputation or weather fusion.
ib3w_activity_environment_window_adapter_v1,qixing_lengshuikeng_xiaoyoukeng_20260410_gpx_v1,qixing_lengshuikeng_xiaoyoukeng_20260410_biji_gpx,qixing_lengshuikeng_xiaoyoukeng_20260410_biji_gpx,gpx,D:\mountain_work\115_osm\activity_input\gpx\qixing_lengshuikeng_xiaoyoukeng_gpx\冷水坑上-七星山東峰-主峰-下小油坑.gpx,2026-04-10T21:35:47+00:00,2026-04-10T23:54:30+00:00,138.717,explicit_gpx_utc,precipitation_1hr_mm,MISSING,NULL_VALUE_ONLY,weather\tw_weather_2026-05-01.sqlite3,weather_observations,C0AD30,蘆洲,新北市,蘆洲區,25.086594,121.47233,,12152.7,18,2,0,2,0,0,,,,,,,False,stations_with_observations_in_exact_activity_window_and_activity_bbox; rank_by_nearest_activity_trackpoint_distance,VARIABLE_VALUES_NULL_OR_BLANK_IN_ACTIVITY_WINDOW,False,Exact activity-window station-variable evidence; no imputation or weather fusion.
ib3w_activity_environment_window_adapter_v1,qixing_lengshuikeng_xiaoyoukeng_20260410_gpx_v1,qixing_lengshuikeng_xiaoyoukeng_20260410_biji_gpx,qixing_lengshuikeng_xiaoyoukeng_20260410_biji_gpx,gpx,D:\mountain_work\115_osm\activity_input\gpx\qixing_lengshuikeng_xiaoyoukeng_gpx\冷水坑上-七星山東峰-主峰-下小油坑.gpx,2026-04-10T21:35:47+00:00,2026-04-10T23:54:30+00:00,138.717,explicit_gpx_utc,temperature_c,OBSERVED,OBSERVED_IN_ACTIVITY_WINDOW,weather\tw_weather_2026-05-01.sqlite3,weather_observations,C0AD30,蘆洲,新北市,蘆洲區,25.086594,121.47233,,12152.7,18,2,2,0,0,2,2026-04-10T22:00:00+00:00,0.0,25.2,26.0,25.6,51.2,True,stations_with_observations_in_exact_activity_window_and_activity_bbox; rank_by_nearest_activity_trackpoint_distance,,False,Exact activity-window station-variable evidence; no imputation or weather fusion.
ib3w_activity_environment_window_adapter_v1,qixing_lengshuikeng_xiaoyoukeng_20260410_gpx_v1,qixing_lengshuikeng_xiaoyoukeng_20260410_biji_gpx,qixing_lengshuikeng_xiaoyoukeng_20260410_biji_gpx,gpx,D:\mountain_work\115_osm\activity_input\gpx\qixing_lengshuikeng_xiaoyoukeng_gpx\冷水坑上-七星山東峰-主峰-下小油坑.gpx,2026-04-10T21:35:47+00:00,2026-04-10T23:54:30+00:00,138.717,explicit_gpx_utc,relative_humidity_pct,OBSERVED,OBSERVED_IN_ACTIVITY_WINDOW,weather\tw_weather_2026-05-01.sqlite3,weather_observations,C0AD30,蘆洲,新北市,蘆洲區,25.086594,121.47233,,12152.7,18,2,2,0,0,2,2026-04-10T22:00:00+00:00,0.0,83.0,84.0,83.5,167.0,True,stations_with_observations_in_exact_activity_window_and_activity_bbox; rank_by_nearest_activity_trackpoint_distance,,False,Exact activity-window station-variable evidence; no imputation or weather fusion.
ib3w_activity_environment_window_adapter_v1,qixing_lengshuikeng_xiaoyoukeng_20260410_gpx_v1,qixing_lengshuikeng_xiaoyoukeng_20260410_biji_gpx,qixing_lengshuikeng_xiaoyoukeng_20260410_biji_gpx,gpx,D:\mountain_work\115_osm\activity_input\gpx\qixing_lengshuikeng_xiaoyoukeng_gpx\冷水坑上-七星山東峰-主峰-下小油坑.gpx,2026-04-10T21:35:47+00:00,2026-04-10T23:54:30+00:00,138.717,explicit_gpx_utc,wind_speed_ms,OBSERVED,OBSERVED_IN_ACTIVITY_WINDOW,weather\tw_weather_2026-05-01.sqlite3,weather_observations,C0AD30,蘆洲,新北市,蘆洲區,25.086594,121.47233,,12152.7,18,2,2,0,0,2,2026-04-10T22:00:00+00:00,0.0,0.8,0.8,0.8,1.6,True,stations_with_observations_in_exact_activity_window_and_activity_bbox; rank_by_nearest_activity_trackpoint_distance,,False,Exact activity-window station-variable evidence; no imputation or weather fusion.
ib3w_activity_environment_window_adapter_v1,qixing_lengshuikeng_xiaoyoukeng_20260410_gpx_v1,qixing_lengshuikeng_xiaoyoukeng_20260410_biji_gpx,qixing_lengshuikeng_xiaoyoukeng_20260410_biji_gpx,gpx,D:\mountain_work\115_osm\activity_input\gpx\qixing_lengshuikeng_xiaoyoukeng_gpx\冷水坑上-七星山東峰-主峰-下小油坑.gpx,2026-04-10T21:35:47+00:00,2026-04-10T23:54:30+00:00,138.717,explicit_gpx_utc,wind_direction_deg,OBSERVED,OBSERVED_IN_ACTIVITY_WINDOW,weather\tw_weather_2026-05-01.sqlite3,weather_observations,C0AD30,蘆洲,新北市,蘆洲區,25.086594,121.47233,,12152.7,18,2,2,0,0,2,2026-04-10T22:00:00+00:00,0.0,135.0,309.0,222.0,444.0,True,stations_with_observations_in_exact_activity_window_and_activity_bbox; rank_by_nearest_activity_trackpoint_distance,,False,Exact activity-window station-variable evidence; no imputation or weather fusion.
ib3w_activity_environment_window_adapter_v1,qixing_lengshuikeng_xiaoyoukeng_20260410_gpx_v1,qixing_lengshuikeng_xiaoyoukeng_20260410_biji_gpx,qixing_lengshuikeng_xiaoyoukeng_20260410_biji_gpx,gpx,D:\mountain_work\115_osm\activity_input\gpx\qixing_lengshuikeng_xiaoyoukeng_gpx\冷水坑上-七星山東峰-主峰-下小油坑.gpx,2026-04-10T21:35:47+00:00,2026-04-10T23:54:30+00:00,138.717,explicit_gpx_utc,pressure_hpa,OBSERVED,OBSERVED_IN_ACTIVITY_WINDOW,weather\tw_weather_2026-05-01.sqlite3,weather_observations,C0AD30,蘆洲,新北市,蘆洲區,25.086594,121.47233,,12152.7,18,2,2,0,0,2,2026-04-10T22:00:00+00:00,0.0,1007.1,1007.3,1007.2,2014.4,True,stations_with_observations_in_exact_activity_window_and_activity_bbox; rank_by_nearest_activity_trackpoint_distance,,False,Exact activity-window station-variable evidence; no imputation or weather fusion.
ib3w_activity_environment_window_adapter_v1,qixing_lengshuikeng_xiaoyoukeng_20260410_gpx_v1,qixing_lengshuikeng_xiaoyoukeng_20260410_biji_gpx,qixing_lengshuikeng_xiaoyoukeng_20260410_biji_gpx,gpx,D:\mountain_work\115_osm\activity_input\gpx\qixing_lengshuikeng_xiaoyoukeng_gpx\冷水坑上-七星山東峰-主峰-下小油坑.gpx,2026-04-10T21:35:47+00:00,2026-04-10T23:54:30+00:00,138.717,explicit_gpx_utc,visibility_m,MISSING,NULL_VALUE_ONLY,weather\tw_weather_2026-05-01.sqlite3,weather_observations,C0AD30,蘆洲,新北市,蘆洲區,25.086594,121.47233,,12152.7,18,2,0,2,0,0,,,,,,,False,stations_with_observations_in_exact_activity_window_and_activity_bbox; rank_by_nearest_activity_trackpoint_distance,VARIABLE_VALUES_NULL_OR_BLANK_IN_ACTIVITY_WINDOW,False,Exact activity-window station-variable evidence; no imputation or weather fusion.
ib3w_activity_environment_window_adapter_v1,qixing_lengshuikeng_xiaoyoukeng_20260410_gpx_v1,qixing_lengshuikeng_xiaoyoukeng_20260410_biji_gpx,qixing_lengshuikeng_xiaoyoukeng_20260410_biji_gpx,gpx,D:\mountain_work\115_osm\activity_input\gpx\qixing_lengshuikeng_xiaoyoukeng_gpx\冷水坑上-七星山東峰-主峰-下小油坑.gpx,2026-04-10T21:35:47+00:00,2026-04-10T23:54:30+00:00,138.717,explicit_gpx_utc,weather,MISSING,NULL_VALUE_ONLY,weather\tw_weather_2026-05-01.sqlite3,weather_observations,C0AD30,蘆洲,新北市,蘆洲區,25.086594,121.47233,,12152.7,18,2,0,2,0,0,,,,,,,False,stations_with_observations_in_exact_activity_window_and_activity_bbox; rank_by_nearest_activity_trackpoint_distance,VARIABLE_VALUES_NULL_OR_BLANK_IN_ACTIVITY_WINDOW,False,Exact activity-window station-variable evidence; no imputation or weather fusion.
ib3w_activity_environment_window_adapter_v1,qixing_lengshuikeng_xiaoyoukeng_20260410_gpx_v1,qixing_lengshuikeng_xiaoyoukeng_20260410_biji_gpx,qixing_lengshuikeng_xiaoyoukeng_20260410_biji_gpx,gpx,D:\mountain_work\115_osm\activity_input\gpx\qixing_lengshuikeng_xiaoyoukeng_gpx\冷水坑上-七星山東峰-主峰-下小油坑.gpx,2026-04-10T21:35:47+00:00,2026-04-10T23:54:30+00:00,138.717,explicit_gpx_utc,precipitation_mm,OBSERVED,OBSERVED_IN_ACTIVITY_WINDOW,weather\tw_weather_2026-05-01.sqlite3,weather_observations,C0AI20,白沙灣,新北市,石門區,25.283129,121.51906,,12165.0,19,2,2,0,2,0,2026-04-10T22:00:00+00:00,0.0,0.0,0.0,0.0,0.0,True,stations_with_observations_in_exact_activity_window_and_activity_bbox; rank_by_nearest_activity_trackpoint_distance,,False,Raw zero values are retained as observed evidence; zero is never synthesized.
ib3w_activity_environment_window_adapter_v1,qixing_lengshuikeng_xiaoyoukeng_20260410_gpx_v1,qixing_lengshuikeng_xiaoyoukeng_20260410_biji_gpx,qixing_lengshuikeng_xiaoyoukeng_20260410_biji_gpx,gpx,D:\mountain_work\115_osm\activity_input\gpx\qixing_lengshuikeng_xiaoyoukeng_gpx\冷水坑上-七星山東峰-主峰-下小油坑.gpx,2026-04-10T21:35:47+00:00,2026-04-10T23:54:30+00:00,138.717,explicit_gpx_utc,precipitation_10min_mm,MISSING,NULL_VALUE_ONLY,weather\tw_weather_2026-05-01.sqlite3,weather_observations,C0AI20,白沙灣,新北市,石門區,25.283129,121.51906,,12165.0,19,2,0,2,0,0,,,,,,,False,stations_with_observations_in_exact_activity_window_and_activity_bbox; rank_by_nearest_activity_trackpoint_distance,VARIABLE_VALUES_NULL_OR_BLANK_IN_ACTIVITY_WINDOW,False,Exact activity-window station-variable evidence; no imputation or weather fusion.
ib3w_activity_environment_window_adapter_v1,qixing_lengshuikeng_xiaoyoukeng_20260410_gpx_v1,qixing_lengshuikeng_xiaoyoukeng_20260410_biji_gpx,qixing_lengshuikeng_xiaoyoukeng_20260410_biji_gpx,gpx,D:\mountain_work\115_osm\activity_input\gpx\qixing_lengshuikeng_xiaoyoukeng_gpx\冷水坑上-七星山東峰-主峰-下小油坑.gpx,2026-04-10T21:35:47+00:00,2026-04-10T23:54:30+00:00,138.717,explicit_gpx_utc,precipitation_1hr_mm,MISSING,NULL_VALUE_ONLY,weather\tw_weather_2026-05-01.sqlite3,weather_observations,C0AI20,白沙灣,新北市,石門區,25.283129,121.51906,,12165.0,19,2,0,2,0,0,,,,,,,False,stations_with_observations_in_exact_activity_window_and_activity_bbox; rank_by_nearest_activity_trackpoint_distance,VARIABLE_VALUES_NULL_OR_BLANK_IN_ACTIVITY_WINDOW,False,Exact activity-window station-variable evidence; no imputation or weather fusion.
ib3w_activity_environment_window_adapter_v1,qixing_lengshuikeng_xiaoyoukeng_20260410_gpx_v1,qixing_lengshuikeng_xiaoyoukeng_20260410_biji_gpx,qixing_lengshuikeng_xiaoyoukeng_20260410_biji_gpx,gpx,D:\mountain_work\115_osm\activity_input\gpx\qixing_lengshuikeng_xiaoyoukeng_gpx\冷水坑上-七星山東峰-主峰-下小油坑.gpx,2026-04-10T21:35:47+00:00,2026-04-10T23:54:30+00:00,138.717,explicit_gpx_utc,temperature_c,OBSERVED,OBSERVED_IN_ACTIVITY_WINDOW,weather\tw_weather_2026-05-01.sqlite3,weather_observations,C0AI20,白沙灣,新北市,石門區,25.283129,121.51906,,12165.0,19,2,2,0,0,2,2026-04-10T22:00:00+00:00,0.0,21.7,24.1,22.9,45.8,True,stations_with_observations_in_exact_activity_window_and_activity_bbox; rank_by_nearest_activity_trackpoint_distance,,False,Exact activity-window station-variable evidence; no imputation or weather fusion.
ib3w_activity_environment_window_adapter_v1,qixing_lengshuikeng_xiaoyoukeng_20260410_gpx_v1,qixing_lengshuikeng_xiaoyoukeng_20260410_biji_gpx,qixing_lengshuikeng_xiaoyoukeng_20260410_biji_gpx,gpx,D:\mountain_work\115_osm\activity_input\gpx\qixing_lengshuikeng_xiaoyoukeng_gpx\冷水坑上-七星山東峰-主峰-下小油坑.gpx,2026-04-10T21:35:47+00:00,2026-04-10T23:54:30+00:00,138.717,explicit_gpx_utc,relative_humidity_pct,OBSERVED,OBSERVED_IN_ACTIVITY_WINDOW,weather\tw_weather_2026-05-01.sqlite3,weather_observations,C0AI20,白沙灣,新北市,石門區,25.283129,121.51906,,12165.0,19,2,2,0,0,2,2026-04-10T22:00:00+00:00,0.0,90.0,96.0,93.0,186.0,True,stations_with_observations_in_exact_activity_window_and_activity_bbox; rank_by_nearest_activity_trackpoint_distance,,False,Exact activity-window station-variable evidence; no imputation or weather fusion.
ib3w_activity_environment_window_adapter_v1,qixing_lengshuikeng_xiaoyoukeng_20260410_gpx_v1,qixing_lengshuikeng_xiaoyoukeng_20260410_biji_gpx,qixing_lengshuikeng_xiaoyoukeng_20260410_biji_gpx,gpx,D:\mountain_work\115_osm\activity_input\gpx\qixing_lengshuikeng_xiaoyoukeng_gpx\冷水坑上-七星山東峰-主峰-下小油坑.gpx,2026-04-10T21:35:47+00:00,2026-04-10T23:54:30+00:00,138.717,explicit_gpx_utc,wind_speed_ms,OBSERVED,OBSERVED_IN_ACTIVITY_WINDOW,weather\tw_weather_2026-05-01.sqlite3,weather_observations,C0AI20,白沙灣,新北市,石門區,25.283129,121.51906,,12165.0,19,2,2,0,0,2,2026-04-10T22:00:00+00:00,0.0,0.2,1.0,0.6,1.2,True,stations_with_observations_in_exact_activity_window_and_activity_bbox; rank_by_nearest_activity_trackpoint_distance,,False,Exact activity-window station-variable evidence; no imputation or weather fusion.
ib3w_activity_environment_window_adapter_v1,qixing_lengshuikeng_xiaoyoukeng_20260410_gpx_v1,qixing_lengshuikeng_xiaoyoukeng_20260410_biji_gpx,qixing_lengshuikeng_xiaoyoukeng_20260410_biji_gpx,gpx,D:\mountain_work\115_osm\activity_input\gpx\qixing_lengshuikeng_xiaoyoukeng_gpx\冷水坑上-七星山東峰-主峰-下小油坑.gpx,2026-04-10T21:35:47+00:00,2026-04-10T23:54:30+00:00,138.717,explicit_gpx_utc,wind_direction_deg,OBSERVED,OBSERVED_IN_ACTIVITY_WINDOW,weather\tw_weather_2026-05-01.sqlite3,weather_observations,C0AI20,白沙灣,新北市,石門區,25.283129,121.51906,,12165.0,19,2,2,0,1,1,2026-04-10T22:00:00+00:00,0.0,0.0,169.0,84.5,169.0,True,stations_with_observations_in_exact_activity_window_and_activity_bbox; rank_by_nearest_activity_trackpoint_distance,,False,Raw zero values are retained as observed evidence; zero is never synthesized.
ib3w_activity_environment_window_adapter_v1,qixing_lengshuikeng_xiaoyoukeng_20260410_gpx_v1,qixing_lengshuikeng_xiaoyoukeng_20260410_biji_gpx,qixing_lengshuikeng_xiaoyoukeng_20260410_biji_gpx,gpx,D:\mountain_work\115_osm\activity_input\gpx\qixing_lengshuikeng_xiaoyoukeng_gpx\冷水坑上-七星山東峰-主峰-下小油坑.gpx,2026-04-10T21:35:47+00:00,2026-04-10T23:54:30+00:00,138.717,explicit_gpx_utc,pressure_hpa,OBSERVED,OBSERVED_IN_ACTIVITY_WINDOW,weather\tw_weather_2026-05-01.sqlite3,weather_observations,C0AI20,白沙灣,新北市,石門區,25.283129,121.51906,,12165.0,19,2,2,0,0,2,2026-04-10T22:00:00+00:00,0.0,1007.6,1008.0,1007.8,2015.6,True,stations_with_observations_in_exact_activity_window_and_activity_bbox; rank_by_nearest_activity_trackpoint_distance,,False,Exact activity-window station-variable evidence; no imputation or weather fusion.
ib3w_activity_environment_window_adapter_v1,qixing_lengshuikeng_xiaoyoukeng_20260410_gpx_v1,qixing_lengshuikeng_xiaoyoukeng_20260410_biji_gpx,qixing_lengshuikeng_xiaoyoukeng_20260410_biji_gpx,gpx,D:\mountain_work\115_osm\activity_input\gpx\qixing_lengshuikeng_xiaoyoukeng_gpx\冷水坑上-七星山東峰-主峰-下小油坑.gpx,2026-04-10T21:35:47+00:00,2026-04-10T23:54:30+00:00,138.717,explicit_gpx_utc,visibility_m,MISSING,NULL_VALUE_ONLY,weather\tw_weather_2026-05-01.sqlite3,weather_observations,C0AI20,白沙灣,新北市,石門區,25.283129,121.51906,,12165.0,19,2,0,2,0,0,,,,,,,False,stations_with_observations_in_exact_activity_window_and_activity_bbox; rank_by_nearest_activity_trackpoint_distance,VARIABLE_VALUES_NULL_OR_BLANK_IN_ACTIVITY_WINDOW,False,Exact activity-window station-variable evidence; no imputation or weather fusion.
ib3w_activity_environment_window_adapter_v1,qixing_lengshuikeng_xiaoyoukeng_20260410_gpx_v1,qixing_lengshuikeng_xiaoyoukeng_20260410_biji_gpx,qixing_lengshuikeng_xiaoyoukeng_20260410_biji_gpx,gpx,D:\mountain_work\115_osm\activity_input\gpx\qixing_lengshuikeng_xiaoyoukeng_gpx\冷水坑上-七星山東峰-主峰-下小油坑.gpx,2026-04-10T21:35:47+00:00,2026-04-10T23:54:30+00:00,138.717,explicit_gpx_utc,weather,MISSING,NULL_VALUE_ONLY,weather\tw_weather_2026-05-01.sqlite3,weather_observations,C0AI20,白沙灣,新北市,石門區,25.283129,121.51906,,12165.0,19,2,0,2,0,0,,,,,,,False,stations_with_observations_in_exact_activity_window_and_activity_bbox; rank_by_nearest_activity_trackpoint_distance,VARIABLE_VALUES_NULL_OR_BLANK_IN_ACTIVITY_WINDOW,False,Exact activity-window station-variable evidence; no imputation or weather fusion.
ib3w_activity_environment_window_adapter_v1,qixing_lengshuikeng_xiaoyoukeng_20260410_gpx_v1,qixing_lengshuikeng_xiaoyoukeng_20260410_biji_gpx,qixing_lengshuikeng_xiaoyoukeng_20260410_biji_gpx,gpx,D:\mountain_work\115_osm\activity_input\gpx\qixing_lengshuikeng_xiaoyoukeng_gpx\冷水坑上-七星山東峰-主峰-下小油坑.gpx,2026-04-10T21:35:47+00:00,2026-04-10T23:54:30+00:00,138.717,explicit_gpx_utc,precipitation_mm,OBSERVED,OBSERVED_IN_ACTIVITY_WINDOW,weather\tw_weather_2026-05-01.sqlite3,weather_observations,C0AJ60,六塊厝,新北市,淡水區,25.240002,121.448105,,12228.3,20,2,2,0,2,0,2026-04-10T22:00:00+00:00,0.0,0.0,0.0,0.0,0.0,True,stations_with_observations_in_exact_activity_window_and_activity_bbox; rank_by_nearest_activity_trackpoint_distance,,False,Raw zero values are retained as observed evidence; zero is never synthesized.
ib3w_activity_environment_window_adapter_v1,qixing_lengshuikeng_xiaoyoukeng_20260410_gpx_v1,qixing_lengshuikeng_xiaoyoukeng_20260410_biji_gpx,qixing_lengshuikeng_xiaoyoukeng_20260410_biji_gpx,gpx,D:\mountain_work\115_osm\activity_input\gpx\qixing_lengshuikeng_xiaoyoukeng_gpx\冷水坑上-七星山東峰-主峰-下小油坑.gpx,2026-04-10T21:35:47+00:00,2026-04-10T23:54:30+00:00,138.717,explicit_gpx_utc,precipitation_10min_mm,MISSING,NULL_VALUE_ONLY,weather\tw_weather_2026-05-01.sqlite3,weather_observations,C0AJ60,六塊厝,新北市,淡水區,25.240002,121.448105,,12228.3,20,2,0,2,0,0,,,,,,,False,stations_with_observations_in_exact_activity_window_and_activity_bbox; rank_by_nearest_activity_trackpoint_distance,VARIABLE_VALUES_NULL_OR_BLANK_IN_ACTIVITY_WINDOW,False,Exact activity-window station-variable evidence; no imputation or weather fusion.
ib3w_activity_environment_window_adapter_v1,qixing_lengshuikeng_xiaoyoukeng_20260410_gpx_v1,qixing_lengshuikeng_xiaoyoukeng_20260410_biji_gpx,qixing_lengshuikeng_xiaoyoukeng_20260410_biji_gpx,gpx,D:\mountain_work\115_osm\activity_input\gpx\qixing_lengshuikeng_xiaoyoukeng_gpx\冷水坑上-七星山東峰-主峰-下小油坑.gpx,2026-04-10T21:35:47+00:00,2026-04-10T23:54:30+00:00,138.717,explicit_gpx_utc,precipitation_1hr_mm,MISSING,NULL_VALUE_ONLY,weather\tw_weather_2026-05-01.sqlite3,weather_observations,C0AJ60,六塊厝,新北市,淡水區,25.240002,121.448105,,12228.3,20,2,0,2,0,0,,,,,,,False,stations_with_observations_in_exact_activity_window_and_activity_bbox; rank_by_nearest_activity_trackpoint_distance,VARIABLE_VALUES_NULL_OR_BLANK_IN_ACTIVITY_WINDOW,False,Exact activity-window station-variable evidence; no imputation or weather fusion.
ib3w_activity_environment_window_adapter_v1,qixing_lengshuikeng_xiaoyoukeng_20260410_gpx_v1,qixing_lengshuikeng_xiaoyoukeng_20260410_biji_gpx,qixing_lengshuikeng_xiaoyoukeng_20260410_biji_gpx,gpx,D:\mountain_work\115_osm\activity_input\gpx\qixing_lengshuikeng_xiaoyoukeng_gpx\冷水坑上-七星山東峰-主峰-下小油坑.gpx,2026-04-10T21:35:47+00:00,2026-04-10T23:54:30+00:00,138.717,explicit_gpx_utc,temperature_c,OBSERVED,OBSERVED_IN_ACTIVITY_WINDOW,weather\tw_weather_2026-05-01.sqlite3,weather_observations,C0AJ60,六塊厝,新北市,淡水區,25.240002,121.448105,,12228.3,20,2,2,0,0,2,2026-04-10T22:00:00+00:00,0.0,21.0,23.4,22.2,44.4,True,stations_with_observations_in_exact_activity_window_and_activity_bbox; rank_by_nearest_activity_trackpoint_distance,,False,Exact activity-window station-variable evidence; no imputation or weather fusion.
ib3w_activity_environment_window_adapter_v1,qixing_lengshuikeng_xiaoyoukeng_20260410_gpx_v1,qixing_lengshuikeng_xiaoyoukeng_20260410_biji_gpx,qixing_lengshuikeng_xiaoyoukeng_20260410_biji_gpx,gpx,D:\mountain_work\115_osm\activity_input\gpx\qixing_lengshuikeng_xiaoyoukeng_gpx\冷水坑上-七星山東峰-主峰-下小油坑.gpx,2026-04-10T21:35:47+00:00,2026-04-10T23:54:30+00:00,138.717,explicit_gpx_utc,relative_humidity_pct,OBSERVED,OBSERVED_IN_ACTIVITY_WINDOW,weather\tw_weather_2026-05-01.sqlite3,weather_observations,C0AJ60,六塊厝,新北市,淡水區,25.240002,121.448105,,12228.3,20,2,2,0,0,2,2026-04-10T22:00:00+00:00,0.0,93.0,97.0,95.0,190.0,True,stations_with_observations_in_exact_activity_window_and_activity_bbox; rank_by_nearest_activity_trackpoint_distance,,False,Exact activity-window station-variable evidence; no imputation or weather fusion.
ib3w_activity_environment_window_adapter_v1,qixing_lengshuikeng_xiaoyoukeng_20260410_gpx_v1,qixing_lengshuikeng_xiaoyoukeng_20260410_biji_gpx,qixing_lengshuikeng_xiaoyoukeng_20260410_biji_gpx,gpx,D:\mountain_work\115_osm\activity_input\gpx\qixing_lengshuikeng_xiaoyoukeng_gpx\冷水坑上-七星山東峰-主峰-下小油坑.gpx,2026-04-10T21:35:47+00:00,2026-04-10T23:54:30+00:00,138.717,explicit_gpx_utc,wind_speed_ms,OBSERVED,OBSERVED_IN_ACTIVITY_WINDOW,weather\tw_weather_2026-05-01.sqlite3,weather_observations,C0AJ60,六塊厝,新北市,淡水區,25.240002,121.448105,,12228.3,20,2,2,0,0,2,2026-04-10T22:00:00+00:00,0.0,1.1,1.8,1.4500000000000002,2.9000000000000004,True,stations_with_observations_in_exact_activity_window_and_activity_bbox; rank_by_nearest_activity_trackpoint_distance,,False,Exact activity-window station-variable evidence; no imputation or weather fusion.
ib3w_activity_environment_window_adapter_v1,qixing_lengshuikeng_xiaoyoukeng_20260410_gpx_v1,qixing_lengshuikeng_xiaoyoukeng_20260410_biji_gpx,qixing_lengshuikeng_xiaoyoukeng_20260410_biji_gpx,gpx,D:\mountain_work\115_osm\activity_input\gpx\qixing_lengshuikeng_xiaoyoukeng_gpx\冷水坑上-七星山東峰-主峰-下小油坑.gpx,2026-04-10T21:35:47+00:00,2026-04-10T23:54:30+00:00,138.717,explicit_gpx_utc,wind_direction_deg,OBSERVED,OBSERVED_IN_ACTIVITY_WINDOW,weather\tw_weather_2026-05-01.sqlite3,weather_observations,C0AJ60,六塊厝,新北市,淡水區,25.240002,121.448105,,12228.3,20,2,2,0,0,2,2026-04-10T22:00:00+00:00,0.0,118.0,118.0,118.0,236.0,True,stations_with_observations_in_exact_activity_window_and_activity_bbox; rank_by_nearest_activity_trackpoint_distance,,False,Exact activity-window station-variable evidence; no imputation or weather fusion.
ib3w_activity_environment_window_adapter_v1,qixing_lengshuikeng_xiaoyoukeng_20260410_gpx_v1,qixing_lengshuikeng_xiaoyoukeng_20260410_biji_gpx,qixing_lengshuikeng_xiaoyoukeng_20260410_biji_gpx,gpx,D:\mountain_work\115_osm\activity_input\gpx\qixing_lengshuikeng_xiaoyoukeng_gpx\冷水坑上-七星山東峰-主峰-下小油坑.gpx,2026-04-10T21:35:47+00:00,2026-04-10T23:54:30+00:00,138.717,explicit_gpx_utc,pressure_hpa,OBSERVED,OBSERVED_IN_ACTIVITY_WINDOW,weather\tw_weather_2026-05-01.sqlite3,weather_observations,C0AJ60,六塊厝,新北市,淡水區,25.240002,121.448105,,12228.3,20,2,2,0,0,2,2026-04-10T22:00:00+00:00,0.0,1009.5,1010.0,1009.75,2019.5,True,stations_with_observations_in_exact_activity_window_and_activity_bbox; rank_by_nearest_activity_trackpoint_distance,,False,Exact activity-window station-variable evidence; no imputation or weather fusion.
ib3w_activity_environment_window_adapter_v1,qixing_lengshuikeng_xiaoyoukeng_20260410_gpx_v1,qixing_lengshuikeng_xiaoyoukeng_20260410_biji_gpx,qixing_lengshuikeng_xiaoyoukeng_20260410_biji_gpx,gpx,D:\mountain_work\115_osm\activity_input\gpx\qixing_lengshuikeng_xiaoyoukeng_gpx\冷水坑上-七星山東峰-主峰-下小油坑.gpx,2026-04-10T21:35:47+00:00,2026-04-10T23:54:30+00:00,138.717,explicit_gpx_utc,visibility_m,MISSING,NULL_VALUE_ONLY,weather\tw_weather_2026-05-01.sqlite3,weather_observations,C0AJ60,六塊厝,新北市,淡水區,25.240002,121.448105,,12228.3,20,2,0,2,0,0,,,,,,,False,stations_with_observations_in_exact_activity_window_and_activity_bbox; rank_by_nearest_activity_trackpoint_distance,VARIABLE_VALUES_NULL_OR_BLANK_IN_ACTIVITY_WINDOW,False,Exact activity-window station-variable evidence; no imputation or weather fusion.
ib3w_activity_environment_window_adapter_v1,qixing_lengshuikeng_xiaoyoukeng_20260410_gpx_v1,qixing_lengshuikeng_xiaoyoukeng_20260410_biji_gpx,qixing_lengshuikeng_xiaoyoukeng_20260410_biji_gpx,gpx,D:\mountain_work\115_osm\activity_input\gpx\qixing_lengshuikeng_xiaoyoukeng_gpx\冷水坑上-七星山東峰-主峰-下小油坑.gpx,2026-04-10T21:35:47+00:00,2026-04-10T23:54:30+00:00,138.717,explicit_gpx_utc,weather,MISSING,NULL_VALUE_ONLY,weather\tw_weather_2026-05-01.sqlite3,weather_observations,C0AJ60,六塊厝,新北市,淡水區,25.240002,121.448105,,12228.3,20,2,0,2,0,0,,,,,,,False,stations_with_observations_in_exact_activity_window_and_activity_bbox; rank_by_nearest_activity_trackpoint_distance,VARIABLE_VALUES_NULL_OR_BLANK_IN_ACTIVITY_WINDOW,False,Exact activity-window station-variable evidence; no imputation or weather fusion.
ib3w_activity_environment_window_adapter_v1,qixing_lengshuikeng_xiaoyoukeng_20260410_gpx_v1,qixing_lengshuikeng_xiaoyoukeng_20260410_biji_gpx,qixing_lengshuikeng_xiaoyoukeng_20260410_biji_gpx,gpx,D:\mountain_work\115_osm\activity_input\gpx\qixing_lengshuikeng_xiaoyoukeng_gpx\冷水坑上-七星山東峰-主峰-下小油坑.gpx,2026-04-10T21:35:47+00:00,2026-04-10T23:54:30+00:00,138.717,explicit_gpx_utc,precipitation_mm,OBSERVED,OBSERVED_IN_ACTIVITY_WINDOW,weather\tw_weather_2026-05-01.sqlite3,weather_observations,CAA030,國三S010K,新北市,汐止區,25.08,121.6475,,12712.3,21,12,12,0,12,0,2026-04-10T21:50:00+00:00,0.0,0.0,0.0,0.0,0.0,True,stations_with_observations_in_exact_activity_window_and_activity_bbox; rank_by_nearest_activity_trackpoint_distance,,False,Raw zero values are retained as observed evidence; zero is never synthesized.
ib3w_activity_environment_window_adapter_v1,qixing_lengshuikeng_xiaoyoukeng_20260410_gpx_v1,qixing_lengshuikeng_xiaoyoukeng_20260410_biji_gpx,qixing_lengshuikeng_xiaoyoukeng_20260410_biji_gpx,gpx,D:\mountain_work\115_osm\activity_input\gpx\qixing_lengshuikeng_xiaoyoukeng_gpx\冷水坑上-七星山東峰-主峰-下小油坑.gpx,2026-04-10T21:35:47+00:00,2026-04-10T23:54:30+00:00,138.717,explicit_gpx_utc,precipitation_10min_mm,MISSING,NULL_VALUE_ONLY,weather\tw_weather_2026-05-01.sqlite3,weather_observations,CAA030,國三S010K,新北市,汐止區,25.08,121.6475,,12712.3,21,12,0,12,0,0,,,,,,,False,stations_with_observations_in_exact_activity_window_and_activity_bbox; rank_by_nearest_activity_trackpoint_distance,VARIABLE_VALUES_NULL_OR_BLANK_IN_ACTIVITY_WINDOW,False,Exact activity-window station-variable evidence; no imputation or weather fusion.
ib3w_activity_environment_window_adapter_v1,qixing_lengshuikeng_xiaoyoukeng_20260410_gpx_v1,qixing_lengshuikeng_xiaoyoukeng_20260410_biji_gpx,qixing_lengshuikeng_xiaoyoukeng_20260410_biji_gpx,gpx,D:\mountain_work\115_osm\activity_input\gpx\qixing_lengshuikeng_xiaoyoukeng_gpx\冷水坑上-七星山東峰-主峰-下小油坑.gpx,2026-04-10T21:35:47+00:00,2026-04-10T23:54:30+00:00,138.717,explicit_gpx_utc,precipitation_1hr_mm,MISSING,NULL_VALUE_ONLY,weather\tw_weather_2026-05-01.sqlite3,weather_observations,CAA030,國三S010K,新北市,汐止區,25.08,121.6475,,12712.3,21,12,0,12,0,0,,,,,,,False,stations_with_observations_in_exact_activity_window_and_activity_bbox; rank_by_nearest_activity_trackpoint_distance,VARIABLE_VALUES_NULL_OR_BLANK_IN_ACTIVITY_WINDOW,False,Exact activity-window station-variable evidence; no imputation or weather fusion.
ib3w_activity_environment_window_adapter_v1,qixing_lengshuikeng_xiaoyoukeng_20260410_gpx_v1,qixing_lengshuikeng_xiaoyoukeng_20260410_biji_gpx,qixing_lengshuikeng_xiaoyoukeng_20260410_biji_gpx,gpx,D:\mountain_work\115_osm\activity_input\gpx\qixing_lengshuikeng_xiaoyoukeng_gpx\冷水坑上-七星山東峰-主峰-下小油坑.gpx,2026-04-10T21:35:47+00:00,2026-04-10T23:54:30+00:00,138.717,explicit_gpx_utc,temperature_c,OBSERVED,OBSERVED_IN_ACTIVITY_WINDOW,weather\tw_weather_2026-05-01.sqlite3,weather_observations,CAA030,國三S010K,新北市,汐止區,25.08,121.6475,,12712.3,21,12,12,0,0,12,2026-04-10T21:50:00+00:00,0.0,22.3,25.8,23.508333333333336,282.1,True,stations_with_observations_in_exact_activity_window_and_activity_bbox; rank_by_nearest_activity_trackpoint_distance,,False,Exact activity-window station-variable evidence; no imputation or weather fusion.
ib3w_activity_environment_window_adapter_v1,qixing_lengshuikeng_xiaoyoukeng_20260410_gpx_v1,qixing_lengshuikeng_xiaoyoukeng_20260410_biji_gpx,qixing_lengshuikeng_xiaoyoukeng_20260410_biji_gpx,gpx,D:\mountain_work\115_osm\activity_input\gpx\qixing_lengshuikeng_xiaoyoukeng_gpx\冷水坑上-七星山東峰-主峰-下小油坑.gpx,2026-04-10T21:35:47+00:00,2026-04-10T23:54:30+00:00,138.717,explicit_gpx_utc,relative_humidity_pct,OBSERVED,OBSERVED_IN_ACTIVITY_WINDOW,weather\tw_weather_2026-05-01.sqlite3,weather_observations,CAA030,國三S010K,新北市,汐止區,25.08,121.6475,,12712.3,21,12,12,0,0,12,2026-04-10T21:50:00+00:00,0.0,78.0,89.0,85.16666666666667,1022.0,True,stations_with_observations_in_exact_activity_window_and_activity_bbox; rank_by_nearest_activity_trackpoint_distance,,False,Exact activity-window station-variable evidence; no imputation or weather fusion.
ib3w_activity_environment_window_adapter_v1,qixing_lengshuikeng_xiaoyoukeng_20260410_gpx_v1,qixing_lengshuikeng_xiaoyoukeng_20260410_biji_gpx,qixing_lengshuikeng_xiaoyoukeng_20260410_biji_gpx,gpx,D:\mountain_work\115_osm\activity_input\gpx\qixing_lengshuikeng_xiaoyoukeng_gpx\冷水坑上-七星山東峰-主峰-下小油坑.gpx,2026-04-10T21:35:47+00:00,2026-04-10T23:54:30+00:00,138.717,explicit_gpx_utc,wind_speed_ms,OBSERVED,OBSERVED_IN_ACTIVITY_WINDOW,weather\tw_weather_2026-05-01.sqlite3,weather_observations,CAA030,國三S010K,新北市,汐止區,25.08,121.6475,,12712.3,21,12,12,0,0,12,2026-04-10T21:50:00+00:00,0.0,0.2,1.6,0.775,9.3,True,stations_with_observations_in_exact_activity_window_and_activity_bbox; rank_by_nearest_activity_trackpoint_distance,,False,Exact activity-window station-variable evidence; no imputation or weather fusion.
ib3w_activity_environment_window_adapter_v1,qixing_lengshuikeng_xiaoyoukeng_20260410_gpx_v1,qixing_lengshuikeng_xiaoyoukeng_20260410_biji_gpx,qixing_lengshuikeng_xiaoyoukeng_20260410_biji_gpx,gpx,D:\mountain_work\115_osm\activity_input\gpx\qixing_lengshuikeng_xiaoyoukeng_gpx\冷水坑上-七星山東峰-主峰-下小油坑.gpx,2026-04-10T21:35:47+00:00,2026-04-10T23:54:30+00:00,138.717,explicit_gpx_utc,wind_direction_deg,OBSERVED,OBSERVED_IN_ACTIVITY_WINDOW,weather\tw_weather_2026-05-01.sqlite3,weather_observations,CAA030,國三S010K,新北市,汐止區,25.08,121.6475,,12712.3,21,12,12,0,1,11,2026-04-10T21:50:00+00:00,0.0,0.0,360.0,205.0,2460.0,True,stations_with_observations_in_exact_activity_window_and_activity_bbox; rank_by_nearest_activity_trackpoint_distance,,False,Raw zero values are retained as observed evidence; zero is never synthesized.
ib3w_activity_environment_window_adapter_v1,qixing_lengshuikeng_xiaoyoukeng_20260410_gpx_v1,qixing_lengshuikeng_xiaoyoukeng_20260410_biji_gpx,qixing_lengshuikeng_xiaoyoukeng_20260410_biji_gpx,gpx,D:\mountain_work\115_osm\activity_input\gpx\qixing_lengshuikeng_xiaoyoukeng_gpx\冷水坑上-七星山東峰-主峰-下小油坑.gpx,2026-04-10T21:35:47+00:00,2026-04-10T23:54:30+00:00,138.717,explicit_gpx_utc,pressure_hpa,MISSING,NULL_VALUE_ONLY,weather\tw_weather_2026-05-01.sqlite3,weather_observations,CAA030,國三S010K,新北市,汐止區,25.08,121.6475,,12712.3,21,12,0,12,0,0,,,,,,,False,stations_with_observations_in_exact_activity_window_and_activity_bbox; rank_by_nearest_activity_trackpoint_distance,VARIABLE_VALUES_NULL_OR_BLANK_IN_ACTIVITY_WINDOW,False,Exact activity-window station-variable evidence; no imputation or weather fusion.
ib3w_activity_environment_window_adapter_v1,qixing_lengshuikeng_xiaoyoukeng_20260410_gpx_v1,qixing_lengshuikeng_xiaoyoukeng_20260410_biji_gpx,qixing_lengshuikeng_xiaoyoukeng_20260410_biji_gpx,gpx,D:\mountain_work\115_osm\activity_input\gpx\qixing_lengshuikeng_xiaoyoukeng_gpx\冷水坑上-七星山東峰-主峰-下小油坑.gpx,2026-04-10T21:35:47+00:00,2026-04-10T23:54:30+00:00,138.717,explicit_gpx_utc,visibility_m,MISSING,NULL_VALUE_ONLY,weather\tw_weather_2026-05-01.sqlite3,weather_observations,CAA030,國三S010K,新北市,汐止區,25.08,121.6475,,12712.3,21,12,0,12,0,0,,,,,,,False,stations_with_observations_in_exact_activity_window_and_activity_bbox; rank_by_nearest_activity_trackpoint_distance,VARIABLE_VALUES_NULL_OR_BLANK_IN_ACTIVITY_WINDOW,False,Exact activity-window station-variable evidence; no imputation or weather fusion.
ib3w_activity_environment_window_adapter_v1,qixing_lengshuikeng_xiaoyoukeng_20260410_gpx_v1,qixing_lengshuikeng_xiaoyoukeng_20260410_biji_gpx,qixing_lengshuikeng_xiaoyoukeng_20260410_biji_gpx,gpx,D:\mountain_work\115_osm\activity_input\gpx\qixing_lengshuikeng_xiaoyoukeng_gpx\冷水坑上-七星山東峰-主峰-下小油坑.gpx,2026-04-10T21:35:47+00:00,2026-04-10T23:54:30+00:00,138.717,explicit_gpx_utc,weather,MISSING,NULL_VALUE_ONLY,weather\tw_weather_2026-05-01.sqlite3,weather_observations,CAA030,國三S010K,新北市,汐止區,25.08,121.6475,,12712.3,21,12,0,12,0,0,,,,,,,False,stations_with_observations_in_exact_activity_window_and_activity_bbox; rank_by_nearest_activity_trackpoint_distance,VARIABLE_VALUES_NULL_OR_BLANK_IN_ACTIVITY_WINDOW,False,Exact activity-window station-variable evidence; no imputation or weather fusion.
ib3w_activity_environment_window_adapter_v1,qixing_lengshuikeng_xiaoyoukeng_20260410_gpx_v1,qixing_lengshuikeng_xiaoyoukeng_20260410_biji_gpx,qixing_lengshuikeng_xiaoyoukeng_20260410_biji_gpx,gpx,D:\mountain_work\115_osm\activity_input\gpx\qixing_lengshuikeng_xiaoyoukeng_gpx\冷水坑上-七星山東峰-主峰-下小油坑.gpx,2026-04-10T21:35:47+00:00,2026-04-10T23:54:30+00:00,138.717,explicit_gpx_utc,precipitation_mm,OBSERVED,OBSERVED_IN_ACTIVITY_WINDOW,weather\tw_weather_2026-05-01.sqlite3,weather_observations,CAA010,國一N013K,新北市,汐止區,25.066738,121.62815,,12762.1,22,13,12,1,12,0,2026-04-10T21:50:00+00:00,0.0,0.0,0.0,0.0,0.0,True,stations_with_observations_in_exact_activity_window_and_activity_bbox; rank_by_nearest_activity_trackpoint_distance,,False,Raw zero values are retained as observed evidence; zero is never synthesized.
ib3w_activity_environment_window_adapter_v1,qixing_lengshuikeng_xiaoyoukeng_20260410_gpx_v1,qixing_lengshuikeng_xiaoyoukeng_20260410_biji_gpx,qixing_lengshuikeng_xiaoyoukeng_20260410_biji_gpx,gpx,D:\mountain_work\115_osm\activity_input\gpx\qixing_lengshuikeng_xiaoyoukeng_gpx\冷水坑上-七星山東峰-主峰-下小油坑.gpx,2026-04-10T21:35:47+00:00,2026-04-10T23:54:30+00:00,138.717,explicit_gpx_utc,precipitation_10min_mm,MISSING,NULL_VALUE_ONLY,weather\tw_weather_2026-05-01.sqlite3,weather_observations,CAA010,國一N013K,新北市,汐止區,25.066738,121.62815,,12762.1,22,13,0,13,0,0,,,,,,,False,stations_with_observations_in_exact_activity_window_and_activity_bbox; rank_by_nearest_activity_trackpoint_distance,VARIABLE_VALUES_NULL_OR_BLANK_IN_ACTIVITY_WINDOW,False,Exact activity-window station-variable evidence; no imputation or weather fusion.
ib3w_activity_environment_window_adapter_v1,qixing_lengshuikeng_xiaoyoukeng_20260410_gpx_v1,qixing_lengshuikeng_xiaoyoukeng_20260410_biji_gpx,qixing_lengshuikeng_xiaoyoukeng_20260410_biji_gpx,gpx,D:\mountain_work\115_osm\activity_input\gpx\qixing_lengshuikeng_xiaoyoukeng_gpx\冷水坑上-七星山東峰-主峰-下小油坑.gpx,2026-04-10T21:35:47+00:00,2026-04-10T23:54:30+00:00,138.717,explicit_gpx_utc,precipitation_1hr_mm,MISSING,NULL_VALUE_ONLY,weather\tw_weather_2026-05-01.sqlite3,weather_observations,CAA010,國一N013K,新北市,汐止區,25.066738,121.62815,,12762.1,22,13,0,13,0,0,,,,,,,False,stations_with_observations_in_exact_activity_window_and_activity_bbox; rank_by_nearest_activity_trackpoint_distance,VARIABLE_VALUES_NULL_OR_BLANK_IN_ACTIVITY_WINDOW,False,Exact activity-window station-variable evidence; no imputation or weather fusion.
ib3w_activity_environment_window_adapter_v1,qixing_lengshuikeng_xiaoyoukeng_20260410_gpx_v1,qixing_lengshuikeng_xiaoyoukeng_20260410_biji_gpx,qixing_lengshuikeng_xiaoyoukeng_20260410_biji_gpx,gpx,D:\mountain_work\115_osm\activity_input\gpx\qixing_lengshuikeng_xiaoyoukeng_gpx\冷水坑上-七星山東峰-主峰-下小油坑.gpx,2026-04-10T21:35:47+00:00,2026-04-10T23:54:30+00:00,138.717,explicit_gpx_utc,temperature_c,OBSERVED,OBSERVED_IN_ACTIVITY_WINDOW,weather\tw_weather_2026-05-01.sqlite3,weather_observations,CAA010,國一N013K,新北市,汐止區,25.066738,121.62815,,12762.1,22,13,12,1,0,12,2026-04-10T21:40:00+00:00,0.0,23.5,26.0,24.600000000000005,295.20000000000005,True,stations_with_observations_in_exact_activity_window_and_activity_bbox; rank_by_nearest_activity_trackpoint_distance,,False,Exact activity-window station-variable evidence; no imputation or weather fusion.
ib3w_activity_environment_window_adapter_v1,qixing_lengshuikeng_xiaoyoukeng_20260410_gpx_v1,qixing_lengshuikeng_xiaoyoukeng_20260410_biji_gpx,qixing_lengshuikeng_xiaoyoukeng_20260410_biji_gpx,gpx,D:\mountain_work\115_osm\activity_input\gpx\qixing_lengshuikeng_xiaoyoukeng_gpx\冷水坑上-七星山東峰-主峰-下小油坑.gpx,2026-04-10T21:35:47+00:00,2026-04-10T23:54:30+00:00,138.717,explicit_gpx_utc,relative_humidity_pct,OBSERVED,OBSERVED_IN_ACTIVITY_WINDOW,weather\tw_weather_2026-05-01.sqlite3,weather_observations,CAA010,國一N013K,新北市,汐止區,25.066738,121.62815,,12762.1,22,13,12,1,0,12,2026-04-10T21:50:00+00:00,0.0,85.0,94.0,90.16666666666667,1082.0,True,stations_with_observations_in_exact_activity_window_and_activity_bbox; rank_by_nearest_activity_trackpoint_distance,,False,Exact activity-window station-variable evidence; no imputation or weather fusion.
ib3w_activity_environment_window_adapter_v1,qixing_lengshuikeng_xiaoyoukeng_20260410_gpx_v1,qixing_lengshuikeng_xiaoyoukeng_20260410_biji_gpx,qixing_lengshuikeng_xiaoyoukeng_20260410_biji_gpx,gpx,D:\mountain_work\115_osm\activity_input\gpx\qixing_lengshuikeng_xiaoyoukeng_gpx\冷水坑上-七星山東峰-主峰-下小油坑.gpx,2026-04-10T21:35:47+00:00,2026-04-10T23:54:30+00:00,138.717,explicit_gpx_utc,wind_speed_ms,OBSERVED,OBSERVED_IN_ACTIVITY_WINDOW,weather\tw_weather_2026-05-01.sqlite3,weather_observations,CAA010,國一N013K,新北市,汐止區,25.066738,121.62815,,12762.1,22,13,12,1,0,12,2026-04-10T21:50:00+00:00,0.0,0.5,1.8,0.9333333333333335,11.200000000000001,True,stations_with_observations_in_exact_activity_window_and_activity_bbox; rank_by_nearest_activity_trackpoint_distance,,False,Exact activity-window station-variable evidence; no imputation or weather fusion.
ib3w_activity_environment_window_adapter_v1,qixing_lengshuikeng_xiaoyoukeng_20260410_gpx_v1,qixing_lengshuikeng_xiaoyoukeng_20260410_biji_gpx,qixing_lengshuikeng_xiaoyoukeng_20260410_biji_gpx,gpx,D:\mountain_work\115_osm\activity_input\gpx\qixing_lengshuikeng_xiaoyoukeng_gpx\冷水坑上-七星山東峰-主峰-下小油坑.gpx,2026-04-10T21:35:47+00:00,2026-04-10T23:54:30+00:00,138.717,explicit_gpx_utc,wind_direction_deg,OBSERVED,OBSERVED_IN_ACTIVITY_WINDOW,weather\tw_weather_2026-05-01.sqlite3,weather_observations,CAA010,國一N013K,新北市,汐止區,25.066738,121.62815,,12762.1,22,13,12,1,0,12,2026-04-10T21:50:00+00:00,0.0,50.0,210.0,105.0,1260.0,True,stations_with_observations_in_exact_activity_window_and_activity_bbox; rank_by_nearest_activity_trackpoint_distance,,False,Exact activity-window station-variable evidence; no imputation or weather fusion.
ib3w_activity_environment_window_adapter_v1,qixing_lengshuikeng_xiaoyoukeng_20260410_gpx_v1,qixing_lengshuikeng_xiaoyoukeng_20260410_biji_gpx,qixing_lengshuikeng_xiaoyoukeng_20260410_biji_gpx,gpx,D:\mountain_work\115_osm\activity_input\gpx\qixing_lengshuikeng_xiaoyoukeng_gpx\冷水坑上-七星山東峰-主峰-下小油坑.gpx,2026-04-10T21:35:47+00:00,2026-04-10T23:54:30+00:00,138.717,explicit_gpx_utc,pressure_hpa,MISSING,NULL_VALUE_ONLY,weather\tw_weather_2026-05-01.sqlite3,weather_observations,CAA010,國一N013K,新北市,汐止區,25.066738,121.62815,,12762.1,22,13,0,13,0,0,,,,,,,False,stations_with_observations_in_exact_activity_window_and_activity_bbox; rank_by_nearest_activity_trackpoint_distance,VARIABLE_VALUES_NULL_OR_BLANK_IN_ACTIVITY_WINDOW,False,Exact activity-window station-variable evidence; no imputation or weather fusion.
ib3w_activity_environment_window_adapter_v1,qixing_lengshuikeng_xiaoyoukeng_20260410_gpx_v1,qixing_lengshuikeng_xiaoyoukeng_20260410_biji_gpx,qixing_lengshuikeng_xiaoyoukeng_20260410_biji_gpx,gpx,D:\mountain_work\115_osm\activity_input\gpx\qixing_lengshuikeng_xiaoyoukeng_gpx\冷水坑上-七星山東峰-主峰-下小油坑.gpx,2026-04-10T21:35:47+00:00,2026-04-10T23:54:30+00:00,138.717,explicit_gpx_utc,visibility_m,MISSING,NULL_VALUE_ONLY,weather\tw_weather_2026-05-01.sqlite3,weather_observations,CAA010,國一N013K,新北市,汐止區,25.066738,121.62815,,12762.1,22,13,0,13,0,0,,,,,,,False,stations_with_observations_in_exact_activity_window_and_activity_bbox; rank_by_nearest_activity_trackpoint_distance,VARIABLE_VALUES_NULL_OR_BLANK_IN_ACTIVITY_WINDOW,False,Exact activity-window station-variable evidence; no imputation or weather fusion.
ib3w_activity_environment_window_adapter_v1,qixing_lengshuikeng_xiaoyoukeng_20260410_gpx_v1,qixing_lengshuikeng_xiaoyoukeng_20260410_biji_gpx,qixing_lengshuikeng_xiaoyoukeng_20260410_biji_gpx,gpx,D:\mountain_work\115_osm\activity_input\gpx\qixing_lengshuikeng_xiaoyoukeng_gpx\冷水坑上-七星山東峰-主峰-下小油坑.gpx,2026-04-10T21:35:47+00:00,2026-04-10T23:54:30+00:00,138.717,explicit_gpx_utc,weather,MISSING,NULL_VALUE_ONLY,weather\tw_weather_2026-05-01.sqlite3,weather_observations,CAA010,國一N013K,新北市,汐止區,25.066738,121.62815,,12762.1,22,13,0,13,0,0,,,,,,,False,stations_with_observations_in_exact_activity_window_and_activity_bbox; rank_by_nearest_activity_trackpoint_distance,VARIABLE_VALUES_NULL_OR_BLANK_IN_ACTIVITY_WINDOW,False,Exact activity-window station-variable evidence; no imputation or weather fusion.
ib3w_activity_environment_window_adapter_v1,qixing_lengshuikeng_xiaoyoukeng_20260410_gpx_v1,qixing_lengshuikeng_xiaoyoukeng_20260410_biji_gpx,qixing_lengshuikeng_xiaoyoukeng_20260410_biji_gpx,gpx,D:\mountain_work\115_osm\activity_input\gpx\qixing_lengshuikeng_xiaoyoukeng_gpx\冷水坑上-七星山東峰-主峰-下小油坑.gpx,2026-04-10T21:35:47+00:00,2026-04-10T23:54:30+00:00,138.717,explicit_gpx_utc,precipitation_mm,OBSERVED,OBSERVED_IN_ACTIVITY_WINDOW,weather\tw_weather_2026-05-01.sqlite3,weather_observations,CAB040,國三S007K,基隆市,七堵區,25.09694,121.6678,,12955.3,23,13,12,1,12,0,2026-04-10T21:50:00+00:00,0.0,0.0,0.0,0.0,0.0,True,stations_with_observations_in_exact_activity_window_and_activity_bbox; rank_by_nearest_activity_trackpoint_distance,,False,Raw zero values are retained as observed evidence; zero is never synthesized.
ib3w_activity_environment_window_adapter_v1,qixing_lengshuikeng_xiaoyoukeng_20260410_gpx_v1,qixing_lengshuikeng_xiaoyoukeng_20260410_biji_gpx,qixing_lengshuikeng_xiaoyoukeng_20260410_biji_gpx,gpx,D:\mountain_work\115_osm\activity_input\gpx\qixing_lengshuikeng_xiaoyoukeng_gpx\冷水坑上-七星山東峰-主峰-下小油坑.gpx,2026-04-10T21:35:47+00:00,2026-04-10T23:54:30+00:00,138.717,explicit_gpx_utc,precipitation_10min_mm,MISSING,NULL_VALUE_ONLY,weather\tw_weather_2026-05-01.sqlite3,weather_observations,CAB040,國三S007K,基隆市,七堵區,25.09694,121.6678,,12955.3,23,13,0,13,0,0,,,,,,,False,stations_with_observations_in_exact_activity_window_and_activity_bbox; rank_by_nearest_activity_trackpoint_distance,VARIABLE_VALUES_NULL_OR_BLANK_IN_ACTIVITY_WINDOW,False,Exact activity-window station-variable evidence; no imputation or weather fusion.
ib3w_activity_environment_window_adapter_v1,qixing_lengshuikeng_xiaoyoukeng_20260410_gpx_v1,qixing_lengshuikeng_xiaoyoukeng_20260410_biji_gpx,qixing_lengshuikeng_xiaoyoukeng_20260410_biji_gpx,gpx,D:\mountain_work\115_osm\activity_input\gpx\qixing_lengshuikeng_xiaoyoukeng_gpx\冷水坑上-七星山東峰-主峰-下小油坑.gpx,2026-04-10T21:35:47+00:00,2026-04-10T23:54:30+00:00,138.717,explicit_gpx_utc,precipitation_1hr_mm,MISSING,NULL_VALUE_ONLY,weather\tw_weather_2026-05-01.sqlite3,weather_observations,CAB040,國三S007K,基隆市,七堵區,25.09694,121.6678,,12955.3,23,13,0,13,0,0,,,,,,,False,stations_with_observations_in_exact_activity_window_and_activity_bbox; rank_by_nearest_activity_trackpoint_distance,VARIABLE_VALUES_NULL_OR_BLANK_IN_ACTIVITY_WINDOW,False,Exact activity-window station-variable evidence; no imputation or weather fusion.
ib3w_activity_environment_window_adapter_v1,qixing_lengshuikeng_xiaoyoukeng_20260410_gpx_v1,qixing_lengshuikeng_xiaoyoukeng_20260410_biji_gpx,qixing_lengshuikeng_xiaoyoukeng_20260410_biji_gpx,gpx,D:\mountain_work\115_osm\activity_input\gpx\qixing_lengshuikeng_xiaoyoukeng_gpx\冷水坑上-七星山東峰-主峰-下小油坑.gpx,2026-04-10T21:35:47+00:00,2026-04-10T23:54:30+00:00,138.717,explicit_gpx_utc,temperature_c,OBSERVED,OBSERVED_IN_ACTIVITY_WINDOW,weather\tw_weather_2026-05-01.sqlite3,weather_observations,CAB040,國三S007K,基隆市,七堵區,25.09694,121.6678,,12955.3,23,13,12,1,0,12,2026-04-10T21:40:00+00:00,0.0,21.6,25.3,23.066666666666666,276.8,True,stations_with_observations_in_exact_activity_window_and_activity_bbox; rank_by_nearest_activity_trackpoint_distance,,False,Exact activity-window station-variable evidence; no imputation or weather fusion.
ib3w_activity_environment_window_adapter_v1,qixing_lengshuikeng_xiaoyoukeng_20260410_gpx_v1,qixing_lengshuikeng_xiaoyoukeng_20260410_biji_gpx,qixing_lengshuikeng_xiaoyoukeng_20260410_biji_gpx,gpx,D:\mountain_work\115_osm\activity_input\gpx\qixing_lengshuikeng_xiaoyoukeng_gpx\冷水坑上-七星山東峰-主峰-下小油坑.gpx,2026-04-10T21:35:47+00:00,2026-04-10T23:54:30+00:00,138.717,explicit_gpx_utc,relative_humidity_pct,OBSERVED,OBSERVED_IN_ACTIVITY_WINDOW,weather\tw_weather_2026-05-01.sqlite3,weather_observations,CAB040,國三S007K,基隆市,七堵區,25.09694,121.6678,,12955.3,23,13,12,1,0,12,2026-04-10T21:40:00+00:00,0.0,91.0,100.0,97.58333333333333,1171.0,True,stations_with_observations_in_exact_activity_window_and_activity_bbox; rank_by_nearest_activity_trackpoint_distance,,False,Exact activity-window station-variable evidence; no imputation or weather fusion.
ib3w_activity_environment_window_adapter_v1,qixing_lengshuikeng_xiaoyoukeng_20260410_gpx_v1,qixing_lengshuikeng_xiaoyoukeng_20260410_biji_gpx,qixing_lengshuikeng_xiaoyoukeng_20260410_biji_gpx,gpx,D:\mountain_work\115_osm\activity_input\gpx\qixing_lengshuikeng_xiaoyoukeng_gpx\冷水坑上-七星山東峰-主峰-下小油坑.gpx,2026-04-10T21:35:47+00:00,2026-04-10T23:54:30+00:00,138.717,explicit_gpx_utc,wind_speed_ms,OBSERVED,OBSERVED_IN_ACTIVITY_WINDOW,weather\tw_weather_2026-05-01.sqlite3,weather_observations,CAB040,國三S007K,基隆市,七堵區,25.09694,121.6678,,12955.3,23,13,12,1,0,12,2026-04-10T21:50:00+00:00,0.0,0.6,1.3,1.0583333333333331,12.699999999999998,True,stations_with_observations_in_exact_activity_window_and_activity_bbox; rank_by_nearest_activity_trackpoint_distance,,False,Exact activity-window station-variable evidence; no imputation or weather fusion.
ib3w_activity_environment_window_adapter_v1,qixing_lengshuikeng_xiaoyoukeng_20260410_gpx_v1,qixing_lengshuikeng_xiaoyoukeng_20260410_biji_gpx,qixing_lengshuikeng_xiaoyoukeng_20260410_biji_gpx,gpx,D:\mountain_work\115_osm\activity_input\gpx\qixing_lengshuikeng_xiaoyoukeng_gpx\冷水坑上-七星山東峰-主峰-下小油坑.gpx,2026-04-10T21:35:47+00:00,2026-04-10T23:54:30+00:00,138.717,explicit_gpx_utc,wind_direction_deg,OBSERVED,OBSERVED_IN_ACTIVITY_WINDOW,weather\tw_weather_2026-05-01.sqlite3,weather_observations,CAB040,國三S007K,基隆市,七堵區,25.09694,121.6678,,12955.3,23,13,12,1,0,12,2026-04-10T21:50:00+00:00,0.0,10.0,360.0,239.16666666666666,2870.0,True,stations_with_observations_in_exact_activity_window_and_activity_bbox; rank_by_nearest_activity_trackpoint_distance,,False,Exact activity-window station-variable evidence; no imputation or weather fusion.
ib3w_activity_environment_window_adapter_v1,qixing_lengshuikeng_xiaoyoukeng_20260410_gpx_v1,qixing_lengshuikeng_xiaoyoukeng_20260410_biji_gpx,qixing_lengshuikeng_xiaoyoukeng_20260410_biji_gpx,gpx,D:\mountain_work\115_osm\activity_input\gpx\qixing_lengshuikeng_xiaoyoukeng_gpx\冷水坑上-七星山東峰-主峰-下小油坑.gpx,2026-04-10T21:35:47+00:00,2026-04-10T23:54:30+00:00,138.717,explicit_gpx_utc,pressure_hpa,MISSING,NULL_VALUE_ONLY,weather\tw_weather_2026-05-01.sqlite3,weather_observations,CAB040,國三S007K,基隆市,七堵區,25.09694,121.6678,,12955.3,23,13,0,13,0,0,,,,,,,False,stations_with_observations_in_exact_activity_window_and_activity_bbox; rank_by_nearest_activity_trackpoint_distance,VARIABLE_VALUES_NULL_OR_BLANK_IN_ACTIVITY_WINDOW,False,Exact activity-window station-variable evidence; no imputation or weather fusion.
ib3w_activity_environment_window_adapter_v1,qixing_lengshuikeng_xiaoyoukeng_20260410_gpx_v1,qixing_lengshuikeng_xiaoyoukeng_20260410_biji_gpx,qixing_lengshuikeng_xiaoyoukeng_20260410_biji_gpx,gpx,D:\mountain_work\115_osm\activity_input\gpx\qixing_lengshuikeng_xiaoyoukeng_gpx\冷水坑上-七星山東峰-主峰-下小油坑.gpx,2026-04-10T21:35:47+00:00,2026-04-10T23:54:30+00:00,138.717,explicit_gpx_utc,visibility_m,MISSING,NULL_VALUE_ONLY,weather\tw_weather_2026-05-01.sqlite3,weather_observations,CAB040,國三S007K,基隆市,七堵區,25.09694,121.6678,,12955.3,23,13,0,13,0,0,,,,,,,False,stations_with_observations_in_exact_activity_window_and_activity_bbox; rank_by_nearest_activity_trackpoint_distance,VARIABLE_VALUES_NULL_OR_BLANK_IN_ACTIVITY_WINDOW,False,Exact activity-window station-variable evidence; no imputation or weather fusion.
ib3w_activity_environment_window_adapter_v1,qixing_lengshuikeng_xiaoyoukeng_20260410_gpx_v1,qixing_lengshuikeng_xiaoyoukeng_20260410_biji_gpx,qixing_lengshuikeng_xiaoyoukeng_20260410_biji_gpx,gpx,D:\mountain_work\115_osm\activity_input\gpx\qixing_lengshuikeng_xiaoyoukeng_gpx\冷水坑上-七星山東峰-主峰-下小油坑.gpx,2026-04-10T21:35:47+00:00,2026-04-10T23:54:30+00:00,138.717,explicit_gpx_utc,weather,MISSING,NULL_VALUE_ONLY,weather\tw_weather_2026-05-01.sqlite3,weather_observations,CAB040,國三S007K,基隆市,七堵區,25.09694,121.6678,,12955.3,23,13,0,13,0,0,,,,,,,False,stations_with_observations_in_exact_activity_window_and_activity_bbox; rank_by_nearest_activity_trackpoint_distance,VARIABLE_VALUES_NULL_OR_BLANK_IN_ACTIVITY_WINDOW,False,Exact activity-window station-variable evidence; no imputation or weather fusion.
ib3w_activity_environment_window_adapter_v1,qixing_lengshuikeng_xiaoyoukeng_20260410_gpx_v1,qixing_lengshuikeng_xiaoyoukeng_20260410_biji_gpx,qixing_lengshuikeng_xiaoyoukeng_20260410_biji_gpx,gpx,D:\mountain_work\115_osm\activity_input\gpx\qixing_lengshuikeng_xiaoyoukeng_gpx\冷水坑上-七星山東峰-主峰-下小油坑.gpx,2026-04-10T21:35:47+00:00,2026-04-10T23:54:30+00:00,138.717,explicit_gpx_utc,precipitation_mm,OBSERVED,OBSERVED_IN_ACTIVITY_WINDOW,weather\tw_weather_2026-05-01.sqlite3,weather_observations,C0AH70,松山,臺北市,松山區,25.048712,121.55043,,12960.5,24,2,2,0,2,0,2026-04-10T22:00:00+00:00,0.0,0.0,0.0,0.0,0.0,True,stations_with_observations_in_exact_activity_window_and_activity_bbox; rank_by_nearest_activity_trackpoint_distance,,False,Raw zero values are retained as observed evidence; zero is never synthesized.
ib3w_activity_environment_window_adapter_v1,qixing_lengshuikeng_xiaoyoukeng_20260410_gpx_v1,qixing_lengshuikeng_xiaoyoukeng_20260410_biji_gpx,qixing_lengshuikeng_xiaoyoukeng_20260410_biji_gpx,gpx,D:\mountain_work\115_osm\activity_input\gpx\qixing_lengshuikeng_xiaoyoukeng_gpx\冷水坑上-七星山東峰-主峰-下小油坑.gpx,2026-04-10T21:35:47+00:00,2026-04-10T23:54:30+00:00,138.717,explicit_gpx_utc,precipitation_10min_mm,MISSING,NULL_VALUE_ONLY,weather\tw_weather_2026-05-01.sqlite3,weather_observations,C0AH70,松山,臺北市,松山區,25.048712,121.55043,,12960.5,24,2,0,2,0,0,,,,,,,False,stations_with_observations_in_exact_activity_window_and_activity_bbox; rank_by_nearest_activity_trackpoint_distance,VARIABLE_VALUES_NULL_OR_BLANK_IN_ACTIVITY_WINDOW,False,Exact activity-window station-variable evidence; no imputation or weather fusion.
ib3w_activity_environment_window_adapter_v1,qixing_lengshuikeng_xiaoyoukeng_20260410_gpx_v1,qixing_lengshuikeng_xiaoyoukeng_20260410_biji_gpx,qixing_lengshuikeng_xiaoyoukeng_20260410_biji_gpx,gpx,D:\mountain_work\115_osm\activity_input\gpx\qixing_lengshuikeng_xiaoyoukeng_gpx\冷水坑上-七星山東峰-主峰-下小油坑.gpx,2026-04-10T21:35:47+00:00,2026-04-10T23:54:30+00:00,138.717,explicit_gpx_utc,precipitation_1hr_mm,MISSING,NULL_VALUE_ONLY,weather\tw_weather_2026-05-01.sqlite3,weather_observations,C0AH70,松山,臺北市,松山區,25.048712,121.55043,,12960.5,24,2,0,2,0,0,,,,,,,False,stations_with_observations_in_exact_activity_window_and_activity_bbox; rank_by_nearest_activity_trackpoint_distance,VARIABLE_VALUES_NULL_OR_BLANK_IN_ACTIVITY_WINDOW,False,Exact activity-window station-variable evidence; no imputation or weather fusion.
ib3w_activity_environment_window_adapter_v1,qixing_lengshuikeng_xiaoyoukeng_20260410_gpx_v1,qixing_lengshuikeng_xiaoyoukeng_20260410_biji_gpx,qixing_lengshuikeng_xiaoyoukeng_20260410_biji_gpx,gpx,D:\mountain_work\115_osm\activity_input\gpx\qixing_lengshuikeng_xiaoyoukeng_gpx\冷水坑上-七星山東峰-主峰-下小油坑.gpx,2026-04-10T21:35:47+00:00,2026-04-10T23:54:30+00:00,138.717,explicit_gpx_utc,temperature_c,OBSERVED,OBSERVED_IN_ACTIVITY_WINDOW,weather\tw_weather_2026-05-01.sqlite3,weather_observations,C0AH70,松山,臺北市,松山區,25.048712,121.55043,,12960.5,24,2,2,0,0,2,2026-04-10T22:00:00+00:00,0.0,23.8,24.5,24.15,48.3,True,stations_with_observations_in_exact_activity_window_and_activity_bbox; rank_by_nearest_activity_trackpoint_distance,,False,Exact activity-window station-variable evidence; no imputation or weather fusion.
ib3w_activity_environment_window_adapter_v1,qixing_lengshuikeng_xiaoyoukeng_20260410_gpx_v1,qixing_lengshuikeng_xiaoyoukeng_20260410_biji_gpx,qixing_lengshuikeng_xiaoyoukeng_20260410_biji_gpx,gpx,D:\mountain_work\115_osm\activity_input\gpx\qixing_lengshuikeng_xiaoyoukeng_gpx\冷水坑上-七星山東峰-主峰-下小油坑.gpx,2026-04-10T21:35:47+00:00,2026-04-10T23:54:30+00:00,138.717,explicit_gpx_utc,relative_humidity_pct,OBSERVED,OBSERVED_IN_ACTIVITY_WINDOW,weather\tw_weather_2026-05-01.sqlite3,weather_observations,C0AH70,松山,臺北市,松山區,25.048712,121.55043,,12960.5,24,2,2,0,0,2,2026-04-10T22:00:00+00:00,0.0,91.0,94.0,92.5,185.0,True,stations_with_observations_in_exact_activity_window_and_activity_bbox; rank_by_nearest_activity_trackpoint_distance,,False,Exact activity-window station-variable evidence; no imputation or weather fusion.
ib3w_activity_environment_window_adapter_v1,qixing_lengshuikeng_xiaoyoukeng_20260410_gpx_v1,qixing_lengshuikeng_xiaoyoukeng_20260410_biji_gpx,qixing_lengshuikeng_xiaoyoukeng_20260410_biji_gpx,gpx,D:\mountain_work\115_osm\activity_input\gpx\qixing_lengshuikeng_xiaoyoukeng_gpx\冷水坑上-七星山東峰-主峰-下小油坑.gpx,2026-04-10T21:35:47+00:00,2026-04-10T23:54:30+00:00,138.717,explicit_gpx_utc,wind_speed_ms,OBSERVED,OBSERVED_IN_ACTIVITY_WINDOW,weather\tw_weather_2026-05-01.sqlite3,weather_observations,C0AH70,松山,臺北市,松山區,25.048712,121.55043,,12960.5,24,2,2,0,0,2,2026-04-10T22:00:00+00:00,0.0,0.8,1.7,1.25,2.5,True,stations_with_observations_in_exact_activity_window_and_activity_bbox; rank_by_nearest_activity_trackpoint_distance,,False,Exact activity-window station-variable evidence; no imputation or weather fusion.
ib3w_activity_environment_window_adapter_v1,qixing_lengshuikeng_xiaoyoukeng_20260410_gpx_v1,qixing_lengshuikeng_xiaoyoukeng_20260410_biji_gpx,qixing_lengshuikeng_xiaoyoukeng_20260410_biji_gpx,gpx,D:\mountain_work\115_osm\activity_input\gpx\qixing_lengshuikeng_xiaoyoukeng_gpx\冷水坑上-七星山東峰-主峰-下小油坑.gpx,2026-04-10T21:35:47+00:00,2026-04-10T23:54:30+00:00,138.717,explicit_gpx_utc,wind_direction_deg,OBSERVED,OBSERVED_IN_ACTIVITY_WINDOW,weather\tw_weather_2026-05-01.sqlite3,weather_observations,C0AH70,松山,臺北市,松山區,25.048712,121.55043,,12960.5,24,2,2,0,0,2,2026-04-10T22:00:00+00:00,0.0,42.0,77.0,59.5,119.0,True,stations_with_observations_in_exact_activity_window_and_activity_bbox; rank_by_nearest_activity_trackpoint_distance,,False,Exact activity-window station-variable evidence; no imputation or weather fusion.
ib3w_activity_environment_window_adapter_v1,qixing_lengshuikeng_xiaoyoukeng_20260410_gpx_v1,qixing_lengshuikeng_xiaoyoukeng_20260410_biji_gpx,qixing_lengshuikeng_xiaoyoukeng_20260410_biji_gpx,gpx,D:\mountain_work\115_osm\activity_input\gpx\qixing_lengshuikeng_xiaoyoukeng_gpx\冷水坑上-七星山東峰-主峰-下小油坑.gpx,2026-04-10T21:35:47+00:00,2026-04-10T23:54:30+00:00,138.717,explicit_gpx_utc,pressure_hpa,OBSERVED,OBSERVED_IN_ACTIVITY_WINDOW,weather\tw_weather_2026-05-01.sqlite3,weather_observations,C0AH70,松山,臺北市,松山區,25.048712,121.55043,,12960.5,24,2,2,0,0,2,2026-04-10T22:00:00+00:00,0.0,1007.7,1007.9,1007.8,2015.6,True,stations_with_observations_in_exact_activity_window_and_activity_bbox; rank_by_nearest_activity_trackpoint_distance,,False,Exact activity-window station-variable evidence; no imputation or weather fusion.
ib3w_activity_environment_window_adapter_v1,qixing_lengshuikeng_xiaoyoukeng_20260410_gpx_v1,qixing_lengshuikeng_xiaoyoukeng_20260410_biji_gpx,qixing_lengshuikeng_xiaoyoukeng_20260410_biji_gpx,gpx,D:\mountain_work\115_osm\activity_input\gpx\qixing_lengshuikeng_xiaoyoukeng_gpx\冷水坑上-七星山東峰-主峰-下小油坑.gpx,2026-04-10T21:35:47+00:00,2026-04-10T23:54:30+00:00,138.717,explicit_gpx_utc,visibility_m,MISSING,NULL_VALUE_ONLY,weather\tw_weather_2026-05-01.sqlite3,weather_observations,C0AH70,松山,臺北市,松山區,25.048712,121.55043,,12960.5,24,2,0,2,0,0,,,,,,,False,stations_with_observations_in_exact_activity_window_and_activity_bbox; rank_by_nearest_activity_trackpoint_distance,VARIABLE_VALUES_NULL_OR_BLANK_IN_ACTIVITY_WINDOW,False,Exact activity-window station-variable evidence; no imputation or weather fusion.
ib3w_activity_environment_window_adapter_v1,qixing_lengshuikeng_xiaoyoukeng_20260410_gpx_v1,qixing_lengshuikeng_xiaoyoukeng_20260410_biji_gpx,qixing_lengshuikeng_xiaoyoukeng_20260410_biji_gpx,gpx,D:\mountain_work\115_osm\activity_input\gpx\qixing_lengshuikeng_xiaoyoukeng_gpx\冷水坑上-七星山東峰-主峰-下小油坑.gpx,2026-04-10T21:35:47+00:00,2026-04-10T23:54:30+00:00,138.717,explicit_gpx_utc,weather,MISSING,NULL_VALUE_ONLY,weather\tw_weather_2026-05-01.sqlite3,weather_observations,C0AH70,松山,臺北市,松山區,25.048712,121.55043,,12960.5,24,2,0,2,0,0,,,,,,,False,stations_with_observations_in_exact_activity_window_and_activity_bbox; rank_by_nearest_activity_trackpoint_distance,VARIABLE_VALUES_NULL_OR_BLANK_IN_ACTIVITY_WINDOW,False,Exact activity-window station-variable evidence; no imputation or weather fusion.
ib3w_activity_environment_window_adapter_v1,qixing_lengshuikeng_xiaoyoukeng_20260410_gpx_v1,qixing_lengshuikeng_xiaoyoukeng_20260410_biji_gpx,qixing_lengshuikeng_xiaoyoukeng_20260410_biji_gpx,gpx,D:\mountain_work\115_osm\activity_input\gpx\qixing_lengshuikeng_xiaoyoukeng_gpx\冷水坑上-七星山東峰-主峰-下小油坑.gpx,2026-04-10T21:35:47+00:00,2026-04-10T23:54:30+00:00,138.717,explicit_gpx_utc,precipitation_mm,OBSERVED,OBSERVED_IN_ACTIVITY_WINDOW,weather\tw_weather_2026-05-01.sqlite3,weather_observations,C0AI30,三重,新北市,三重區,25.057379,121.500626,,13286.9,25,2,2,0,2,0,2026-04-10T22:00:00+00:00,0.0,0.0,0.0,0.0,0.0,True,stations_with_observations_in_exact_activity_window_and_activity_bbox; rank_by_nearest_activity_trackpoint_distance,,False,Raw zero values are retained as observed evidence; zero is never synthesized.
ib3w_activity_environment_window_adapter_v1,qixing_lengshuikeng_xiaoyoukeng_20260410_gpx_v1,qixing_lengshuikeng_xiaoyoukeng_20260410_biji_gpx,qixing_lengshuikeng_xiaoyoukeng_20260410_biji_gpx,gpx,D:\mountain_work\115_osm\activity_input\gpx\qixing_lengshuikeng_xiaoyoukeng_gpx\冷水坑上-七星山東峰-主峰-下小油坑.gpx,2026-04-10T21:35:47+00:00,2026-04-10T23:54:30+00:00,138.717,explicit_gpx_utc,precipitation_10min_mm,MISSING,NULL_VALUE_ONLY,weather\tw_weather_2026-05-01.sqlite3,weather_observations,C0AI30,三重,新北市,三重區,25.057379,121.500626,,13286.9,25,2,0,2,0,0,,,,,,,False,stations_with_observations_in_exact_activity_window_and_activity_bbox; rank_by_nearest_activity_trackpoint_distance,VARIABLE_VALUES_NULL_OR_BLANK_IN_ACTIVITY_WINDOW,False,Exact activity-window station-variable evidence; no imputation or weather fusion.
ib3w_activity_environment_window_adapter_v1,qixing_lengshuikeng_xiaoyoukeng_20260410_gpx_v1,qixing_lengshuikeng_xiaoyoukeng_20260410_biji_gpx,qixing_lengshuikeng_xiaoyoukeng_20260410_biji_gpx,gpx,D:\mountain_work\115_osm\activity_input\gpx\qixing_lengshuikeng_xiaoyoukeng_gpx\冷水坑上-七星山東峰-主峰-下小油坑.gpx,2026-04-10T21:35:47+00:00,2026-04-10T23:54:30+00:00,138.717,explicit_gpx_utc,precipitation_1hr_mm,MISSING,NULL_VALUE_ONLY,weather\tw_weather_2026-05-01.sqlite3,weather_observations,C0AI30,三重,新北市,三重區,25.057379,121.500626,,13286.9,25,2,0,2,0,0,,,,,,,False,stations_with_observations_in_exact_activity_window_and_activity_bbox; rank_by_nearest_activity_trackpoint_distance,VARIABLE_VALUES_NULL_OR_BLANK_IN_ACTIVITY_WINDOW,False,Exact activity-window station-variable evidence; no imputation or weather fusion.
ib3w_activity_environment_window_adapter_v1,qixing_lengshuikeng_xiaoyoukeng_20260410_gpx_v1,qixing_lengshuikeng_xiaoyoukeng_20260410_biji_gpx,qixing_lengshuikeng_xiaoyoukeng_20260410_biji_gpx,gpx,D:\mountain_work\115_osm\activity_input\gpx\qixing_lengshuikeng_xiaoyoukeng_gpx\冷水坑上-七星山東峰-主峰-下小油坑.gpx,2026-04-10T21:35:47+00:00,2026-04-10T23:54:30+00:00,138.717,explicit_gpx_utc,temperature_c,OBSERVED,OBSERVED_IN_ACTIVITY_WINDOW,weather\tw_weather_2026-05-01.sqlite3,weather_observations,C0AI30,三重,新北市,三重區,25.057379,121.500626,,13286.9,25,2,2,0,0,2,2026-04-10T22:00:00+00:00,0.0,24.4,24.5,24.45,48.9,True,stations_with_observations_in_exact_activity_window_and_activity_bbox; rank_by_nearest_activity_trackpoint_distance,,False,Exact activity-window station-variable evidence; no imputation or weather fusion.
ib3w_activity_environment_window_adapter_v1,qixing_lengshuikeng_xiaoyoukeng_20260410_gpx_v1,qixing_lengshuikeng_xiaoyoukeng_20260410_biji_gpx,qixing_lengshuikeng_xiaoyoukeng_20260410_biji_gpx,gpx,D:\mountain_work\115_osm\activity_input\gpx\qixing_lengshuikeng_xiaoyoukeng_gpx\冷水坑上-七星山東峰-主峰-下小油坑.gpx,2026-04-10T21:35:47+00:00,2026-04-10T23:54:30+00:00,138.717,explicit_gpx_utc,relative_humidity_pct,OBSERVED,OBSERVED_IN_ACTIVITY_WINDOW,weather\tw_weather_2026-05-01.sqlite3,weather_observations,C0AI30,三重,新北市,三重區,25.057379,121.500626,,13286.9,25,2,2,0,0,2,2026-04-10T22:00:00+00:00,0.0,99.0,99.0,99.0,198.0,True,stations_with_observations_in_exact_activity_window_and_activity_bbox; rank_by_nearest_activity_trackpoint_distance,,False,Exact activity-window station-variable evidence; no imputation or weather fusion.
ib3w_activity_environment_window_adapter_v1,qixing_lengshuikeng_xiaoyoukeng_20260410_gpx_v1,qixing_lengshuikeng_xiaoyoukeng_20260410_biji_gpx,qixing_lengshuikeng_xiaoyoukeng_20260410_biji_gpx,gpx,D:\mountain_work\115_osm\activity_input\gpx\qixing_lengshuikeng_xiaoyoukeng_gpx\冷水坑上-七星山東峰-主峰-下小油坑.gpx,2026-04-10T21:35:47+00:00,2026-04-10T23:54:30+00:00,138.717,explicit_gpx_utc,wind_speed_ms,OBSERVED,OBSERVED_IN_ACTIVITY_WINDOW,weather\tw_weather_2026-05-01.sqlite3,weather_observations,C0AI30,三重,新北市,三重區,25.057379,121.500626,,13286.9,25,2,2,0,0,2,2026-04-10T22:00:00+00:00,0.0,1.6,2.1,1.85,3.7,True,stations_with_observations_in_exact_activity_window_and_activity_bbox; rank_by_nearest_activity_trackpoint_distance,,False,Exact activity-window station-variable evidence; no imputation or weather fusion.
ib3w_activity_environment_window_adapter_v1,qixing_lengshuikeng_xiaoyoukeng_20260410_gpx_v1,qixing_lengshuikeng_xiaoyoukeng_20260410_biji_gpx,qixing_lengshuikeng_xiaoyoukeng_20260410_biji_gpx,gpx,D:\mountain_work\115_osm\activity_input\gpx\qixing_lengshuikeng_xiaoyoukeng_gpx\冷水坑上-七星山東峰-主峰-下小油坑.gpx,2026-04-10T21:35:47+00:00,2026-04-10T23:54:30+00:00,138.717,explicit_gpx_utc,wind_direction_deg,OBSERVED,OBSERVED_IN_ACTIVITY_WINDOW,weather\tw_weather_2026-05-01.sqlite3,weather_observations,C0AI30,三重,新北市,三重區,25.057379,121.500626,,13286.9,25,2,2,0,0,2,2026-04-10T22:00:00+00:00,0.0,129.0,167.0,148.0,296.0,True,stations_with_observations_in_exact_activity_window_and_activity_bbox; rank_by_nearest_activity_trackpoint_distance,,False,Exact activity-window station-variable evidence; no imputation or weather fusion.
ib3w_activity_environment_window_adapter_v1,qixing_lengshuikeng_xiaoyoukeng_20260410_gpx_v1,qixing_lengshuikeng_xiaoyoukeng_20260410_biji_gpx,qixing_lengshuikeng_xiaoyoukeng_20260410_biji_gpx,gpx,D:\mountain_work\115_osm\activity_input\gpx\qixing_lengshuikeng_xiaoyoukeng_gpx\冷水坑上-七星山東峰-主峰-下小油坑.gpx,2026-04-10T21:35:47+00:00,2026-04-10T23:54:30+00:00,138.717,explicit_gpx_utc,pressure_hpa,OBSERVED,OBSERVED_IN_ACTIVITY_WINDOW,weather\tw_weather_2026-05-01.sqlite3,weather_observations,C0AI30,三重,新北市,三重區,25.057379,121.500626,,13286.9,25,2,2,0,0,2,2026-04-10T22:00:00+00:00,0.0,1008.9,1009.2,1009.05,2018.1,True,stations_with_observations_in_exact_activity_window_and_activity_bbox; rank_by_nearest_activity_trackpoint_distance,,False,Exact activity-window station-variable evidence; no imputation or weather fusion.
ib3w_activity_environment_window_adapter_v1,qixing_lengshuikeng_xiaoyoukeng_20260410_gpx_v1,qixing_lengshuikeng_xiaoyoukeng_20260410_biji_gpx,qixing_lengshuikeng_xiaoyoukeng_20260410_biji_gpx,gpx,D:\mountain_work\115_osm\activity_input\gpx\qixing_lengshuikeng_xiaoyoukeng_gpx\冷水坑上-七星山東峰-主峰-下小油坑.gpx,2026-04-10T21:35:47+00:00,2026-04-10T23:54:30+00:00,138.717,explicit_gpx_utc,visibility_m,MISSING,NULL_VALUE_ONLY,weather\tw_weather_2026-05-01.sqlite3,weather_observations,C0AI30,三重,新北市,三重區,25.057379,121.500626,,13286.9,25,2,0,2,0,0,,,,,,,False,stations_with_observations_in_exact_activity_window_and_activity_bbox; rank_by_nearest_activity_trackpoint_distance,VARIABLE_VALUES_NULL_OR_BLANK_IN_ACTIVITY_WINDOW,False,Exact activity-window station-variable evidence; no imputation or weather fusion.
ib3w_activity_environment_window_adapter_v1,qixing_lengshuikeng_xiaoyoukeng_20260410_gpx_v1,qixing_lengshuikeng_xiaoyoukeng_20260410_biji_gpx,qixing_lengshuikeng_xiaoyoukeng_20260410_biji_gpx,gpx,D:\mountain_work\115_osm\activity_input\gpx\qixing_lengshuikeng_xiaoyoukeng_gpx\冷水坑上-七星山東峰-主峰-下小油坑.gpx,2026-04-10T21:35:47+00:00,2026-04-10T23:54:30+00:00,138.717,explicit_gpx_utc,weather,MISSING,NULL_VALUE_ONLY,weather\tw_weather_2026-05-01.sqlite3,weather_observations,C0AI30,三重,新北市,三重區,25.057379,121.500626,,13286.9,25,2,0,2,0,0,,,,,,,False,stations_with_observations_in_exact_activity_window_and_activity_bbox; rank_by_nearest_activity_trackpoint_distance,VARIABLE_VALUES_NULL_OR_BLANK_IN_ACTIVITY_WINDOW,False,Exact activity-window station-variable evidence; no imputation or weather fusion.
ib3w_activity_environment_window_adapter_v1,qixing_lengshuikeng_xiaoyoukeng_20260410_gpx_v1,qixing_lengshuikeng_xiaoyoukeng_20260410_biji_gpx,qixing_lengshuikeng_xiaoyoukeng_20260410_biji_gpx,gpx,D:\mountain_work\115_osm\activity_input\gpx\qixing_lengshuikeng_xiaoyoukeng_gpx\冷水坑上-七星山東峰-主峰-下小油坑.gpx,2026-04-10T21:35:47+00:00,2026-04-10T23:54:30+00:00,138.717,explicit_gpx_utc,precipitation_mm,OBSERVED,OBSERVED_IN_ACTIVITY_WINDOW,weather\tw_weather_2026-05-01.sqlite3,weather_observations,C0AJ20,野柳,新北市,萬里區,25.207031,121.690025,,13501.0,26,2,2,0,2,0,2026-04-10T22:00:00+00:00,0.0,0.0,0.0,0.0,0.0,True,stations_with_observations_in_exact_activity_window_and_activity_bbox; rank_by_nearest_activity_trackpoint_distance,,False,Raw zero values are retained as observed evidence; zero is never synthesized.
ib3w_activity_environment_window_adapter_v1,qixing_lengshuikeng_xiaoyoukeng_20260410_gpx_v1,qixing_lengshuikeng_xiaoyoukeng_20260410_biji_gpx,qixing_lengshuikeng_xiaoyoukeng_20260410_biji_gpx,gpx,D:\mountain_work\115_osm\activity_input\gpx\qixing_lengshuikeng_xiaoyoukeng_gpx\冷水坑上-七星山東峰-主峰-下小油坑.gpx,2026-04-10T21:35:47+00:00,2026-04-10T23:54:30+00:00,138.717,explicit_gpx_utc,precipitation_10min_mm,MISSING,NULL_VALUE_ONLY,weather\tw_weather_2026-05-01.sqlite3,weather_observations,C0AJ20,野柳,新北市,萬里區,25.207031,121.690025,,13501.0,26,2,0,2,0,0,,,,,,,False,stations_with_observations_in_exact_activity_window_and_activity_bbox; rank_by_nearest_activity_trackpoint_distance,VARIABLE_VALUES_NULL_OR_BLANK_IN_ACTIVITY_WINDOW,False,Exact activity-window station-variable evidence; no imputation or weather fusion.
ib3w_activity_environment_window_adapter_v1,qixing_lengshuikeng_xiaoyoukeng_20260410_gpx_v1,qixing_lengshuikeng_xiaoyoukeng_20260410_biji_gpx,qixing_lengshuikeng_xiaoyoukeng_20260410_biji_gpx,gpx,D:\mountain_work\115_osm\activity_input\gpx\qixing_lengshuikeng_xiaoyoukeng_gpx\冷水坑上-七星山東峰-主峰-下小油坑.gpx,2026-04-10T21:35:47+00:00,2026-04-10T23:54:30+00:00,138.717,explicit_gpx_utc,precipitation_1hr_mm,MISSING,NULL_VALUE_ONLY,weather\tw_weather_2026-05-01.sqlite3,weather_observations,C0AJ20,野柳,新北市,萬里區,25.207031,121.690025,,13501.0,26,2,0,2,0,0,,,,,,,False,stations_with_observations_in_exact_activity_window_and_activity_bbox; rank_by_nearest_activity_trackpoint_distance,VARIABLE_VALUES_NULL_OR_BLANK_IN_ACTIVITY_WINDOW,False,Exact activity-window station-variable evidence; no imputation or weather fusion.
ib3w_activity_environment_window_adapter_v1,qixing_lengshuikeng_xiaoyoukeng_20260410_gpx_v1,qixing_lengshuikeng_xiaoyoukeng_20260410_biji_gpx,qixing_lengshuikeng_xiaoyoukeng_20260410_biji_gpx,gpx,D:\mountain_work\115_osm\activity_input\gpx\qixing_lengshuikeng_xiaoyoukeng_gpx\冷水坑上-七星山東峰-主峰-下小油坑.gpx,2026-04-10T21:35:47+00:00,2026-04-10T23:54:30+00:00,138.717,explicit_gpx_utc,temperature_c,OBSERVED,OBSERVED_IN_ACTIVITY_WINDOW,weather\tw_weather_2026-05-01.sqlite3,weather_observations,C0AJ20,野柳,新北市,萬里區,25.207031,121.690025,,13501.0,26,2,2,0,0,2,2026-04-10T22:00:00+00:00,0.0,23.7,24.1,23.9,47.8,True,stations_with_observations_in_exact_activity_window_and_activity_bbox; rank_by_nearest_activity_trackpoint_distance,,False,Exact activity-window station-variable evidence; no imputation or weather fusion.
ib3w_activity_environment_window_adapter_v1,qixing_lengshuikeng_xiaoyoukeng_20260410_gpx_v1,qixing_lengshuikeng_xiaoyoukeng_20260410_biji_gpx,qixing_lengshuikeng_xiaoyoukeng_20260410_biji_gpx,gpx,D:\mountain_work\115_osm\activity_input\gpx\qixing_lengshuikeng_xiaoyoukeng_gpx\冷水坑上-七星山東峰-主峰-下小油坑.gpx,2026-04-10T21:35:47+00:00,2026-04-10T23:54:30+00:00,138.717,explicit_gpx_utc,relative_humidity_pct,OBSERVED,OBSERVED_IN_ACTIVITY_WINDOW,weather\tw_weather_2026-05-01.sqlite3,weather_observations,C0AJ20,野柳,新北市,萬里區,25.207031,121.690025,,13501.0,26,2,2,0,0,2,2026-04-10T22:00:00+00:00,0.0,99.0,100.0,99.5,199.0,True,stations_with_observations_in_exact_activity_window_and_activity_bbox; rank_by_nearest_activity_trackpoint_distance,,False,Exact activity-window station-variable evidence; no imputation or weather fusion.
ib3w_activity_environment_window_adapter_v1,qixing_lengshuikeng_xiaoyoukeng_20260410_gpx_v1,qixing_lengshuikeng_xiaoyoukeng_20260410_biji_gpx,qixing_lengshuikeng_xiaoyoukeng_20260410_biji_gpx,gpx,D:\mountain_work\115_osm\activity_input\gpx\qixing_lengshuikeng_xiaoyoukeng_gpx\冷水坑上-七星山東峰-主峰-下小油坑.gpx,2026-04-10T21:35:47+00:00,2026-04-10T23:54:30+00:00,138.717,explicit_gpx_utc,wind_speed_ms,OBSERVED,OBSERVED_IN_ACTIVITY_WINDOW,weather\tw_weather_2026-05-01.sqlite3,weather_observations,C0AJ20,野柳,新北市,萬里區,25.207031,121.690025,,13501.0,26,2,2,0,0,2,2026-04-10T22:00:00+00:00,0.0,4.3,5.6,4.949999999999999,9.899999999999999,True,stations_with_observations_in_exact_activity_window_and_activity_bbox; rank_by_nearest_activity_trackpoint_distance,,False,Exact activity-window station-variable evidence; no imputation or weather fusion.
ib3w_activity_environment_window_adapter_v1,qixing_lengshuikeng_xiaoyoukeng_20260410_gpx_v1,qixing_lengshuikeng_xiaoyoukeng_20260410_biji_gpx,qixing_lengshuikeng_xiaoyoukeng_20260410_biji_gpx,gpx,D:\mountain_work\115_osm\activity_input\gpx\qixing_lengshuikeng_xiaoyoukeng_gpx\冷水坑上-七星山東峰-主峰-下小油坑.gpx,2026-04-10T21:35:47+00:00,2026-04-10T23:54:30+00:00,138.717,explicit_gpx_utc,wind_direction_deg,OBSERVED,OBSERVED_IN_ACTIVITY_WINDOW,weather\tw_weather_2026-05-01.sqlite3,weather_observations,C0AJ20,野柳,新北市,萬里區,25.207031,121.690025,,13501.0,26,2,2,0,0,2,2026-04-10T22:00:00+00:00,0.0,109.0,141.0,125.0,250.0,True,stations_with_observations_in_exact_activity_window_and_activity_bbox; rank_by_nearest_activity_trackpoint_distance,,False,Exact activity-window station-variable evidence; no imputation or weather fusion.
ib3w_activity_environment_window_adapter_v1,qixing_lengshuikeng_xiaoyoukeng_20260410_gpx_v1,qixing_lengshuikeng_xiaoyoukeng_20260410_biji_gpx,qixing_lengshuikeng_xiaoyoukeng_20260410_biji_gpx,gpx,D:\mountain_work\115_osm\activity_input\gpx\qixing_lengshuikeng_xiaoyoukeng_gpx\冷水坑上-七星山東峰-主峰-下小油坑.gpx,2026-04-10T21:35:47+00:00,2026-04-10T23:54:30+00:00,138.717,explicit_gpx_utc,pressure_hpa,OBSERVED,OBSERVED_IN_ACTIVITY_WINDOW,weather\tw_weather_2026-05-01.sqlite3,weather_observations,C0AJ20,野柳,新北市,萬里區,25.207031,121.690025,,13501.0,26,2,2,0,0,2,2026-04-10T22:00:00+00:00,0.0,1004.2,1004.5,1004.35,2008.7,True,stations_with_observations_in_exact_activity_window_and_activity_bbox; rank_by_nearest_activity_trackpoint_distance,,False,Exact activity-window station-variable evidence; no imputation or weather fusion.
ib3w_activity_environment_window_adapter_v1,qixing_lengshuikeng_xiaoyoukeng_20260410_gpx_v1,qixing_lengshuikeng_xiaoyoukeng_20260410_biji_gpx,qixing_lengshuikeng_xiaoyoukeng_20260410_biji_gpx,gpx,D:\mountain_work\115_osm\activity_input\gpx\qixing_lengshuikeng_xiaoyoukeng_gpx\冷水坑上-七星山東峰-主峰-下小油坑.gpx,2026-04-10T21:35:47+00:00,2026-04-10T23:54:30+00:00,138.717,explicit_gpx_utc,visibility_m,MISSING,NULL_VALUE_ONLY,weather\tw_weather_2026-05-01.sqlite3,weather_observations,C0AJ20,野柳,新北市,萬里區,25.207031,121.690025,,13501.0,26,2,0,2,0,0,,,,,,,False,stations_with_observations_in_exact_activity_window_and_activity_bbox; rank_by_nearest_activity_trackpoint_distance,VARIABLE_VALUES_NULL_OR_BLANK_IN_ACTIVITY_WINDOW,False,Exact activity-window station-variable evidence; no imputation or weather fusion.
ib3w_activity_environment_window_adapter_v1,qixing_lengshuikeng_xiaoyoukeng_20260410_gpx_v1,qixing_lengshuikeng_xiaoyoukeng_20260410_biji_gpx,qixing_lengshuikeng_xiaoyoukeng_20260410_biji_gpx,gpx,D:\mountain_work\115_osm\activity_input\gpx\qixing_lengshuikeng_xiaoyoukeng_gpx\冷水坑上-七星山東峰-主峰-下小油坑.gpx,2026-04-10T21:35:47+00:00,2026-04-10T23:54:30+00:00,138.717,explicit_gpx_utc,weather,MISSING,NULL_VALUE_ONLY,weather\tw_weather_2026-05-01.sqlite3,weather_observations,C0AJ20,野柳,新北市,萬里區,25.207031,121.690025,,13501.0,26,2,0,2,0,0,,,,,,,False,stations_with_observations_in_exact_activity_window_and_activity_bbox; rank_by_nearest_activity_trackpoint_distance,VARIABLE_VALUES_NULL_OR_BLANK_IN_ACTIVITY_WINDOW,False,Exact activity-window station-variable evidence; no imputation or weather fusion.
ib3w_activity_environment_window_adapter_v1,qixing_lengshuikeng_xiaoyoukeng_20260410_gpx_v1,qixing_lengshuikeng_xiaoyoukeng_20260410_biji_gpx,qixing_lengshuikeng_xiaoyoukeng_20260410_biji_gpx,gpx,D:\mountain_work\115_osm\activity_input\gpx\qixing_lengshuikeng_xiaoyoukeng_gpx\冷水坑上-七星山東峰-主峰-下小油坑.gpx,2026-04-10T21:35:47+00:00,2026-04-10T23:54:30+00:00,138.717,explicit_gpx_utc,precipitation_mm,OBSERVED,OBSERVED_IN_ACTIVITY_WINDOW,weather\tw_weather_2026-05-01.sqlite3,weather_observations,CAB030,國三S004K,基隆市,七堵區,25.11444,121.6886,,13786.2,27,12,12,0,12,0,2026-04-10T21:50:00+00:00,0.0,0.0,0.0,0.0,0.0,True,stations_with_observations_in_exact_activity_window_and_activity_bbox; rank_by_nearest_activity_trackpoint_distance,,False,Raw zero values are retained as observed evidence; zero is never synthesized.
ib3w_activity_environment_window_adapter_v1,qixing_lengshuikeng_xiaoyoukeng_20260410_gpx_v1,qixing_lengshuikeng_xiaoyoukeng_20260410_biji_gpx,qixing_lengshuikeng_xiaoyoukeng_20260410_biji_gpx,gpx,D:\mountain_work\115_osm\activity_input\gpx\qixing_lengshuikeng_xiaoyoukeng_gpx\冷水坑上-七星山東峰-主峰-下小油坑.gpx,2026-04-10T21:35:47+00:00,2026-04-10T23:54:30+00:00,138.717,explicit_gpx_utc,precipitation_10min_mm,MISSING,NULL_VALUE_ONLY,weather\tw_weather_2026-05-01.sqlite3,weather_observations,CAB030,國三S004K,基隆市,七堵區,25.11444,121.6886,,13786.2,27,12,0,12,0,0,,,,,,,False,stations_with_observations_in_exact_activity_window_and_activity_bbox; rank_by_nearest_activity_trackpoint_distance,VARIABLE_VALUES_NULL_OR_BLANK_IN_ACTIVITY_WINDOW,False,Exact activity-window station-variable evidence; no imputation or weather fusion.
ib3w_activity_environment_window_adapter_v1,qixing_lengshuikeng_xiaoyoukeng_20260410_gpx_v1,qixing_lengshuikeng_xiaoyoukeng_20260410_biji_gpx,qixing_lengshuikeng_xiaoyoukeng_20260410_biji_gpx,gpx,D:\mountain_work\115_osm\activity_input\gpx\qixing_lengshuikeng_xiaoyoukeng_gpx\冷水坑上-七星山東峰-主峰-下小油坑.gpx,2026-04-10T21:35:47+00:00,2026-04-10T23:54:30+00:00,138.717,explicit_gpx_utc,precipitation_1hr_mm,MISSING,NULL_VALUE_ONLY,weather\tw_weather_2026-05-01.sqlite3,weather_observations,CAB030,國三S004K,基隆市,七堵區,25.11444,121.6886,,13786.2,27,12,0,12,0,0,,,,,,,False,stations_with_observations_in_exact_activity_window_and_activity_bbox; rank_by_nearest_activity_trackpoint_distance,VARIABLE_VALUES_NULL_OR_BLANK_IN_ACTIVITY_WINDOW,False,Exact activity-window station-variable evidence; no imputation or weather fusion.
ib3w_activity_environment_window_adapter_v1,qixing_lengshuikeng_xiaoyoukeng_20260410_gpx_v1,qixing_lengshuikeng_xiaoyoukeng_20260410_biji_gpx,qixing_lengshuikeng_xiaoyoukeng_20260410_biji_gpx,gpx,D:\mountain_work\115_osm\activity_input\gpx\qixing_lengshuikeng_xiaoyoukeng_gpx\冷水坑上-七星山東峰-主峰-下小油坑.gpx,2026-04-10T21:35:47+00:00,2026-04-10T23:54:30+00:00,138.717,explicit_gpx_utc,temperature_c,OBSERVED,OBSERVED_IN_ACTIVITY_WINDOW,weather\tw_weather_2026-05-01.sqlite3,weather_observations,CAB030,國三S004K,基隆市,七堵區,25.11444,121.6886,,13786.2,27,12,12,0,0,12,2026-04-10T21:50:00+00:00,0.0,22.2,25.6,23.533333333333335,282.40000000000003,True,stations_with_observations_in_exact_activity_window_and_activity_bbox; rank_by_nearest_activity_trackpoint_distance,,False,Exact activity-window station-variable evidence; no imputation or weather fusion.
ib3w_activity_environment_window_adapter_v1,qixing_lengshuikeng_xiaoyoukeng_20260410_gpx_v1,qixing_lengshuikeng_xiaoyoukeng_20260410_biji_gpx,qixing_lengshuikeng_xiaoyoukeng_20260410_biji_gpx,gpx,D:\mountain_work\115_osm\activity_input\gpx\qixing_lengshuikeng_xiaoyoukeng_gpx\冷水坑上-七星山東峰-主峰-下小油坑.gpx,2026-04-10T21:35:47+00:00,2026-04-10T23:54:30+00:00,138.717,explicit_gpx_utc,relative_humidity_pct,OBSERVED,OBSERVED_IN_ACTIVITY_WINDOW,weather\tw_weather_2026-05-01.sqlite3,weather_observations,CAB030,國三S004K,基隆市,七堵區,25.11444,121.6886,,13786.2,27,12,12,0,0,12,2026-04-10T21:50:00+00:00,0.0,84.0,95.0,91.16666666666667,1094.0,True,stations_with_observations_in_exact_activity_window_and_activity_bbox; rank_by_nearest_activity_trackpoint_distance,,False,Exact activity-window station-variable evidence; no imputation or weather fusion.
ib3w_activity_environment_window_adapter_v1,qixing_lengshuikeng_xiaoyoukeng_20260410_gpx_v1,qixing_lengshuikeng_xiaoyoukeng_20260410_biji_gpx,qixing_lengshuikeng_xiaoyoukeng_20260410_biji_gpx,gpx,D:\mountain_work\115_osm\activity_input\gpx\qixing_lengshuikeng_xiaoyoukeng_gpx\冷水坑上-七星山東峰-主峰-下小油坑.gpx,2026-04-10T21:35:47+00:00,2026-04-10T23:54:30+00:00,138.717,explicit_gpx_utc,wind_speed_ms,OBSERVED,OBSERVED_IN_ACTIVITY_WINDOW,weather\tw_weather_2026-05-01.sqlite3,weather_observations,CAB030,國三S004K,基隆市,七堵區,25.11444,121.6886,,13786.2,27,12,12,0,0,12,2026-04-10T21:50:00+00:00,0.0,0.3,0.8,0.48333333333333334,5.8,True,stations_with_observations_in_exact_activity_window_and_activity_bbox; rank_by_nearest_activity_trackpoint_distance,,False,Exact activity-window station-variable evidence; no imputation or weather fusion.
ib3w_activity_environment_window_adapter_v1,qixing_lengshuikeng_xiaoyoukeng_20260410_gpx_v1,qixing_lengshuikeng_xiaoyoukeng_20260410_biji_gpx,qixing_lengshuikeng_xiaoyoukeng_20260410_biji_gpx,gpx,D:\mountain_work\115_osm\activity_input\gpx\qixing_lengshuikeng_xiaoyoukeng_gpx\冷水坑上-七星山東峰-主峰-下小油坑.gpx,2026-04-10T21:35:47+00:00,2026-04-10T23:54:30+00:00,138.717,explicit_gpx_utc,wind_direction_deg,OBSERVED,OBSERVED_IN_ACTIVITY_WINDOW,weather\tw_weather_2026-05-01.sqlite3,weather_observations,CAB030,國三S004K,基隆市,七堵區,25.11444,121.6886,,13786.2,27,12,12,0,0,12,2026-04-10T21:50:00+00:00,0.0,30.0,360.0,84.16666666666667,1010.0,True,stations_with_observations_in_exact_activity_window_and_activity_bbox; rank_by_nearest_activity_trackpoint_distance,,False,Exact activity-window station-variable evidence; no imputation or weather fusion.
ib3w_activity_environment_window_adapter_v1,qixing_lengshuikeng_xiaoyoukeng_20260410_gpx_v1,qixing_lengshuikeng_xiaoyoukeng_20260410_biji_gpx,qixing_lengshuikeng_xiaoyoukeng_20260410_biji_gpx,gpx,D:\mountain_work\115_osm\activity_input\gpx\qixing_lengshuikeng_xiaoyoukeng_gpx\冷水坑上-七星山東峰-主峰-下小油坑.gpx,2026-04-10T21:35:47+00:00,2026-04-10T23:54:30+00:00,138.717,explicit_gpx_utc,pressure_hpa,MISSING,NULL_VALUE_ONLY,weather\tw_weather_2026-05-01.sqlite3,weather_observations,CAB030,國三S004K,基隆市,七堵區,25.11444,121.6886,,13786.2,27,12,0,12,0,0,,,,,,,False,stations_with_observations_in_exact_activity_window_and_activity_bbox; rank_by_nearest_activity_trackpoint_distance,VARIABLE_VALUES_NULL_OR_BLANK_IN_ACTIVITY_WINDOW,False,Exact activity-window station-variable evidence; no imputation or weather fusion.
ib3w_activity_environment_window_adapter_v1,qixing_lengshuikeng_xiaoyoukeng_20260410_gpx_v1,qixing_lengshuikeng_xiaoyoukeng_20260410_biji_gpx,qixing_lengshuikeng_xiaoyoukeng_20260410_biji_gpx,gpx,D:\mountain_work\115_osm\activity_input\gpx\qixing_lengshuikeng_xiaoyoukeng_gpx\冷水坑上-七星山東峰-主峰-下小油坑.gpx,2026-04-10T21:35:47+00:00,2026-04-10T23:54:30+00:00,138.717,explicit_gpx_utc,visibility_m,MISSING,NULL_VALUE_ONLY,weather\tw_weather_2026-05-01.sqlite3,weather_observations,CAB030,國三S004K,基隆市,七堵區,25.11444,121.6886,,13786.2,27,12,0,12,0,0,,,,,,,False,stations_with_observations_in_exact_activity_window_and_activity_bbox; rank_by_nearest_activity_trackpoint_distance,VARIABLE_VALUES_NULL_OR_BLANK_IN_ACTIVITY_WINDOW,False,Exact activity-window station-variable evidence; no imputation or weather fusion.
ib3w_activity_environment_window_adapter_v1,qixing_lengshuikeng_xiaoyoukeng_20260410_gpx_v1,qixing_lengshuikeng_xiaoyoukeng_20260410_biji_gpx,qixing_lengshuikeng_xiaoyoukeng_20260410_biji_gpx,gpx,D:\mountain_work\115_osm\activity_input\gpx\qixing_lengshuikeng_xiaoyoukeng_gpx\冷水坑上-七星山東峰-主峰-下小油坑.gpx,2026-04-10T21:35:47+00:00,2026-04-10T23:54:30+00:00,138.717,explicit_gpx_utc,weather,MISSING,NULL_VALUE_ONLY,weather\tw_weather_2026-05-01.sqlite3,weather_observations,CAB030,國三S004K,基隆市,七堵區,25.11444,121.6886,,13786.2,27,12,0,12,0,0,,,,,,,False,stations_with_observations_in_exact_activity_window_and_activity_bbox; rank_by_nearest_activity_trackpoint_distance,VARIABLE_VALUES_NULL_OR_BLANK_IN_ACTIVITY_WINDOW,False,Exact activity-window station-variable evidence; no imputation or weather fusion.
ib3w_activity_environment_window_adapter_v1,qixing_lengshuikeng_xiaoyoukeng_20260410_gpx_v1,qixing_lengshuikeng_xiaoyoukeng_20260410_biji_gpx,qixing_lengshuikeng_xiaoyoukeng_20260410_biji_gpx,gpx,D:\mountain_work\115_osm\activity_input\gpx\qixing_lengshuikeng_xiaoyoukeng_gpx\冷水坑上-七星山東峰-主峰-下小油坑.gpx,2026-04-10T21:35:47+00:00,2026-04-10T23:54:30+00:00,138.717,explicit_gpx_utc,precipitation_mm,OBSERVED,OBSERVED_IN_ACTIVITY_WINDOW,weather\tw_weather_2026-05-01.sqlite3,weather_observations,C0AJ30,淡水觀海,新北市,淡水區,25.184591,121.408615,,14010.9,28,2,2,0,2,0,2026-04-10T22:00:00+00:00,0.0,0.0,0.0,0.0,0.0,True,stations_with_observations_in_exact_activity_window_and_activity_bbox; rank_by_nearest_activity_trackpoint_distance,,False,Raw zero values are retained as observed evidence; zero is never synthesized.
ib3w_activity_environment_window_adapter_v1,qixing_lengshuikeng_xiaoyoukeng_20260410_gpx_v1,qixing_lengshuikeng_xiaoyoukeng_20260410_biji_gpx,qixing_lengshuikeng_xiaoyoukeng_20260410_biji_gpx,gpx,D:\mountain_work\115_osm\activity_input\gpx\qixing_lengshuikeng_xiaoyoukeng_gpx\冷水坑上-七星山東峰-主峰-下小油坑.gpx,2026-04-10T21:35:47+00:00,2026-04-10T23:54:30+00:00,138.717,explicit_gpx_utc,precipitation_10min_mm,MISSING,NULL_VALUE_ONLY,weather\tw_weather_2026-05-01.sqlite3,weather_observations,C0AJ30,淡水觀海,新北市,淡水區,25.184591,121.408615,,14010.9,28,2,0,2,0,0,,,,,,,False,stations_with_observations_in_exact_activity_window_and_activity_bbox; rank_by_nearest_activity_trackpoint_distance,VARIABLE_VALUES_NULL_OR_BLANK_IN_ACTIVITY_WINDOW,False,Exact activity-window station-variable evidence; no imputation or weather fusion.
ib3w_activity_environment_window_adapter_v1,qixing_lengshuikeng_xiaoyoukeng_20260410_gpx_v1,qixing_lengshuikeng_xiaoyoukeng_20260410_biji_gpx,qixing_lengshuikeng_xiaoyoukeng_20260410_biji_gpx,gpx,D:\mountain_work\115_osm\activity_input\gpx\qixing_lengshuikeng_xiaoyoukeng_gpx\冷水坑上-七星山東峰-主峰-下小油坑.gpx,2026-04-10T21:35:47+00:00,2026-04-10T23:54:30+00:00,138.717,explicit_gpx_utc,precipitation_1hr_mm,MISSING,NULL_VALUE_ONLY,weather\tw_weather_2026-05-01.sqlite3,weather_observations,C0AJ30,淡水觀海,新北市,淡水區,25.184591,121.408615,,14010.9,28,2,0,2,0,0,,,,,,,False,stations_with_observations_in_exact_activity_window_and_activity_bbox; rank_by_nearest_activity_trackpoint_distance,VARIABLE_VALUES_NULL_OR_BLANK_IN_ACTIVITY_WINDOW,False,Exact activity-window station-variable evidence; no imputation or weather fusion.
ib3w_activity_environment_window_adapter_v1,qixing_lengshuikeng_xiaoyoukeng_20260410_gpx_v1,qixing_lengshuikeng_xiaoyoukeng_20260410_biji_gpx,qixing_lengshuikeng_xiaoyoukeng_20260410_biji_gpx,gpx,D:\mountain_work\115_osm\activity_input\gpx\qixing_lengshuikeng_xiaoyoukeng_gpx\冷水坑上-七星山東峰-主峰-下小油坑.gpx,2026-04-10T21:35:47+00:00,2026-04-10T23:54:30+00:00,138.717,explicit_gpx_utc,temperature_c,OBSERVED,OBSERVED_IN_ACTIVITY_WINDOW,weather\tw_weather_2026-05-01.sqlite3,weather_observations,C0AJ30,淡水觀海,新北市,淡水區,25.184591,121.408615,,14010.9,28,2,2,0,0,2,2026-04-10T22:00:00+00:00,0.0,23.8,24.4,24.1,48.2,True,stations_with_observations_in_exact_activity_window_and_activity_bbox; rank_by_nearest_activity_trackpoint_distance,,False,Exact activity-window station-variable evidence; no imputation or weather fusion.
ib3w_activity_environment_window_adapter_v1,qixing_lengshuikeng_xiaoyoukeng_20260410_gpx_v1,qixing_lengshuikeng_xiaoyoukeng_20260410_biji_gpx,qixing_lengshuikeng_xiaoyoukeng_20260410_biji_gpx,gpx,D:\mountain_work\115_osm\activity_input\gpx\qixing_lengshuikeng_xiaoyoukeng_gpx\冷水坑上-七星山東峰-主峰-下小油坑.gpx,2026-04-10T21:35:47+00:00,2026-04-10T23:54:30+00:00,138.717,explicit_gpx_utc,relative_humidity_pct,OBSERVED,OBSERVED_IN_ACTIVITY_WINDOW,weather\tw_weather_2026-05-01.sqlite3,weather_observations,C0AJ30,淡水觀海,新北市,淡水區,25.184591,121.408615,,14010.9,28,2,2,0,0,2,2026-04-10T22:00:00+00:00,0.0,85.0,86.0,85.5,171.0,True,stations_with_observations_in_exact_activity_window_and_activity_bbox; rank_by_nearest_activity_trackpoint_distance,,False,Exact activity-window station-variable evidence; no imputation or weather fusion.
ib3w_activity_environment_window_adapter_v1,qixing_lengshuikeng_xiaoyoukeng_20260410_gpx_v1,qixing_lengshuikeng_xiaoyoukeng_20260410_biji_gpx,qixing_lengshuikeng_xiaoyoukeng_20260410_biji_gpx,gpx,D:\mountain_work\115_osm\activity_input\gpx\qixing_lengshuikeng_xiaoyoukeng_gpx\冷水坑上-七星山東峰-主峰-下小油坑.gpx,2026-04-10T21:35:47+00:00,2026-04-10T23:54:30+00:00,138.717,explicit_gpx_utc,wind_speed_ms,OBSERVED,OBSERVED_IN_ACTIVITY_WINDOW,weather\tw_weather_2026-05-01.sqlite3,weather_observations,C0AJ30,淡水觀海,新北市,淡水區,25.184591,121.408615,,14010.9,28,2,2,0,0,2,2026-04-10T22:00:00+00:00,0.0,3.4,3.8,3.5999999999999996,7.199999999999999,True,stations_with_observations_in_exact_activity_window_and_activity_bbox; rank_by_nearest_activity_trackpoint_distance,,False,Exact activity-window station-variable evidence; no imputation or weather fusion.
ib3w_activity_environment_window_adapter_v1,qixing_lengshuikeng_xiaoyoukeng_20260410_gpx_v1,qixing_lengshuikeng_xiaoyoukeng_20260410_biji_gpx,qixing_lengshuikeng_xiaoyoukeng_20260410_biji_gpx,gpx,D:\mountain_work\115_osm\activity_input\gpx\qixing_lengshuikeng_xiaoyoukeng_gpx\冷水坑上-七星山東峰-主峰-下小油坑.gpx,2026-04-10T21:35:47+00:00,2026-04-10T23:54:30+00:00,138.717,explicit_gpx_utc,wind_direction_deg,OBSERVED,OBSERVED_IN_ACTIVITY_WINDOW,weather\tw_weather_2026-05-01.sqlite3,weather_observations,C0AJ30,淡水觀海,新北市,淡水區,25.184591,121.408615,,14010.9,28,2,2,0,0,2,2026-04-10T22:00:00+00:00,0.0,115.0,118.0,116.5,233.0,True,stations_with_observations_in_exact_activity_window_and_activity_bbox; rank_by_nearest_activity_trackpoint_distance,,False,Exact activity-window station-variable evidence; no imputation or weather fusion.
ib3w_activity_environment_window_adapter_v1,qixing_lengshuikeng_xiaoyoukeng_20260410_gpx_v1,qixing_lengshuikeng_xiaoyoukeng_20260410_biji_gpx,qixing_lengshuikeng_xiaoyoukeng_20260410_biji_gpx,gpx,D:\mountain_work\115_osm\activity_input\gpx\qixing_lengshuikeng_xiaoyoukeng_gpx\冷水坑上-七星山東峰-主峰-下小油坑.gpx,2026-04-10T21:35:47+00:00,2026-04-10T23:54:30+00:00,138.717,explicit_gpx_utc,pressure_hpa,OBSERVED,OBSERVED_IN_ACTIVITY_WINDOW,weather\tw_weather_2026-05-01.sqlite3,weather_observations,C0AJ30,淡水觀海,新北市,淡水區,25.184591,121.408615,,14010.9,28,2,2,0,0,2,2026-04-10T22:00:00+00:00,0.0,1008.1,1008.4,1008.25,2016.5,True,stations_with_observations_in_exact_activity_window_and_activity_bbox; rank_by_nearest_activity_trackpoint_distance,,False,Exact activity-window station-variable evidence; no imputation or weather fusion.
ib3w_activity_environment_window_adapter_v1,qixing_lengshuikeng_xiaoyoukeng_20260410_gpx_v1,qixing_lengshuikeng_xiaoyoukeng_20260410_biji_gpx,qixing_lengshuikeng_xiaoyoukeng_20260410_biji_gpx,gpx,D:\mountain_work\115_osm\activity_input\gpx\qixing_lengshuikeng_xiaoyoukeng_gpx\冷水坑上-七星山東峰-主峰-下小油坑.gpx,2026-04-10T21:35:47+00:00,2026-04-10T23:54:30+00:00,138.717,explicit_gpx_utc,visibility_m,MISSING,NULL_VALUE_ONLY,weather\tw_weather_2026-05-01.sqlite3,weather_observations,C0AJ30,淡水觀海,新北市,淡水區,25.184591,121.408615,,14010.9,28,2,0,2,0,0,,,,,,,False,stations_with_observations_in_exact_activity_window_and_activity_bbox; rank_by_nearest_activity_trackpoint_distance,VARIABLE_VALUES_NULL_OR_BLANK_IN_ACTIVITY_WINDOW,False,Exact activity-window station-variable evidence; no imputation or weather fusion.
ib3w_activity_environment_window_adapter_v1,qixing_lengshuikeng_xiaoyoukeng_20260410_gpx_v1,qixing_lengshuikeng_xiaoyoukeng_20260410_biji_gpx,qixing_lengshuikeng_xiaoyoukeng_20260410_biji_gpx,gpx,D:\mountain_work\115_osm\activity_input\gpx\qixing_lengshuikeng_xiaoyoukeng_gpx\冷水坑上-七星山東峰-主峰-下小油坑.gpx,2026-04-10T21:35:47+00:00,2026-04-10T23:54:30+00:00,138.717,explicit_gpx_utc,weather,MISSING,NULL_VALUE_ONLY,weather\tw_weather_2026-05-01.sqlite3,weather_observations,C0AJ30,淡水觀海,新北市,淡水區,25.184591,121.408615,,14010.9,28,2,0,2,0,0,,,,,,,False,stations_with_observations_in_exact_activity_window_and_activity_bbox; rank_by_nearest_activity_trackpoint_distance,VARIABLE_VALUES_NULL_OR_BLANK_IN_ACTIVITY_WINDOW,False,Exact activity-window station-variable evidence; no imputation or weather fusion.
ib3w_activity_environment_window_adapter_v1,qixing_lengshuikeng_xiaoyoukeng_20260410_gpx_v1,qixing_lengshuikeng_xiaoyoukeng_20260410_biji_gpx,qixing_lengshuikeng_xiaoyoukeng_20260410_biji_gpx,gpx,D:\mountain_work\115_osm\activity_input\gpx\qixing_lengshuikeng_xiaoyoukeng_gpx\冷水坑上-七星山東峰-主峰-下小油坑.gpx,2026-04-10T21:35:47+00:00,2026-04-10T23:54:30+00:00,138.717,explicit_gpx_utc,precipitation_mm,OBSERVED,OBSERVED_IN_ACTIVITY_WINDOW,weather\tw_weather_2026-05-01.sqlite3,weather_observations,C0AC70,信義,臺北市,信義區,25.037823,121.5646,,14147.1,29,2,2,0,2,0,2026-04-10T22:00:00+00:00,0.0,0.0,0.0,0.0,0.0,True,stations_with_observations_in_exact_activity_window_and_activity_bbox; rank_by_nearest_activity_trackpoint_distance,,False,Raw zero values are retained as observed evidence; zero is never synthesized.
ib3w_activity_environment_window_adapter_v1,qixing_lengshuikeng_xiaoyoukeng_20260410_gpx_v1,qixing_lengshuikeng_xiaoyoukeng_20260410_biji_gpx,qixing_lengshuikeng_xiaoyoukeng_20260410_biji_gpx,gpx,D:\mountain_work\115_osm\activity_input\gpx\qixing_lengshuikeng_xiaoyoukeng_gpx\冷水坑上-七星山東峰-主峰-下小油坑.gpx,2026-04-10T21:35:47+00:00,2026-04-10T23:54:30+00:00,138.717,explicit_gpx_utc,precipitation_10min_mm,MISSING,NULL_VALUE_ONLY,weather\tw_weather_2026-05-01.sqlite3,weather_observations,C0AC70,信義,臺北市,信義區,25.037823,121.5646,,14147.1,29,2,0,2,0,0,,,,,,,False,stations_with_observations_in_exact_activity_window_and_activity_bbox; rank_by_nearest_activity_trackpoint_distance,VARIABLE_VALUES_NULL_OR_BLANK_IN_ACTIVITY_WINDOW,False,Exact activity-window station-variable evidence; no imputation or weather fusion.
ib3w_activity_environment_window_adapter_v1,qixing_lengshuikeng_xiaoyoukeng_20260410_gpx_v1,qixing_lengshuikeng_xiaoyoukeng_20260410_biji_gpx,qixing_lengshuikeng_xiaoyoukeng_20260410_biji_gpx,gpx,D:\mountain_work\115_osm\activity_input\gpx\qixing_lengshuikeng_xiaoyoukeng_gpx\冷水坑上-七星山東峰-主峰-下小油坑.gpx,2026-04-10T21:35:47+00:00,2026-04-10T23:54:30+00:00,138.717,explicit_gpx_utc,precipitation_1hr_mm,MISSING,NULL_VALUE_ONLY,weather\tw_weather_2026-05-01.sqlite3,weather_observations,C0AC70,信義,臺北市,信義區,25.037823,121.5646,,14147.1,29,2,0,2,0,0,,,,,,,False,stations_with_observations_in_exact_activity_window_and_activity_bbox; rank_by_nearest_activity_trackpoint_distance,VARIABLE_VALUES_NULL_OR_BLANK_IN_ACTIVITY_WINDOW,False,Exact activity-window station-variable evidence; no imputation or weather fusion.
ib3w_activity_environment_window_adapter_v1,qixing_lengshuikeng_xiaoyoukeng_20260410_gpx_v1,qixing_lengshuikeng_xiaoyoukeng_20260410_biji_gpx,qixing_lengshuikeng_xiaoyoukeng_20260410_biji_gpx,gpx,D:\mountain_work\115_osm\activity_input\gpx\qixing_lengshuikeng_xiaoyoukeng_gpx\冷水坑上-七星山東峰-主峰-下小油坑.gpx,2026-04-10T21:35:47+00:00,2026-04-10T23:54:30+00:00,138.717,explicit_gpx_utc,temperature_c,OBSERVED,OBSERVED_IN_ACTIVITY_WINDOW,weather\tw_weather_2026-05-01.sqlite3,weather_observations,C0AC70,信義,臺北市,信義區,25.037823,121.5646,,14147.1,29,2,2,0,0,2,2026-04-10T22:00:00+00:00,0.0,24.1,24.3,24.200000000000003,48.400000000000006,True,stations_with_observations_in_exact_activity_window_and_activity_bbox; rank_by_nearest_activity_trackpoint_distance,,False,Exact activity-window station-variable evidence; no imputation or weather fusion.
ib3w_activity_environment_window_adapter_v1,qixing_lengshuikeng_xiaoyoukeng_20260410_gpx_v1,qixing_lengshuikeng_xiaoyoukeng_20260410_biji_gpx,qixing_lengshuikeng_xiaoyoukeng_20260410_biji_gpx,gpx,D:\mountain_work\115_osm\activity_input\gpx\qixing_lengshuikeng_xiaoyoukeng_gpx\冷水坑上-七星山東峰-主峰-下小油坑.gpx,2026-04-10T21:35:47+00:00,2026-04-10T23:54:30+00:00,138.717,explicit_gpx_utc,relative_humidity_pct,OBSERVED,OBSERVED_IN_ACTIVITY_WINDOW,weather\tw_weather_2026-05-01.sqlite3,weather_observations,C0AC70,信義,臺北市,信義區,25.037823,121.5646,,14147.1,29,2,2,0,0,2,2026-04-10T22:00:00+00:00,0.0,88.0,90.0,89.0,178.0,True,stations_with_observations_in_exact_activity_window_and_activity_bbox; rank_by_nearest_activity_trackpoint_distance,,False,Exact activity-window station-variable evidence; no imputation or weather fusion.
ib3w_activity_environment_window_adapter_v1,qixing_lengshuikeng_xiaoyoukeng_20260410_gpx_v1,qixing_lengshuikeng_xiaoyoukeng_20260410_biji_gpx,qixing_lengshuikeng_xiaoyoukeng_20260410_biji_gpx,gpx,D:\mountain_work\115_osm\activity_input\gpx\qixing_lengshuikeng_xiaoyoukeng_gpx\冷水坑上-七星山東峰-主峰-下小油坑.gpx,2026-04-10T21:35:47+00:00,2026-04-10T23:54:30+00:00,138.717,explicit_gpx_utc,wind_speed_ms,OBSERVED,OBSERVED_IN_ACTIVITY_WINDOW,weather\tw_weather_2026-05-01.sqlite3,weather_observations,C0AC70,信義,臺北市,信義區,25.037823,121.5646,,14147.1,29,2,2,0,1,1,2026-04-10T22:00:00+00:00,0.0,0.0,0.3,0.15,0.3,True,stations_with_observations_in_exact_activity_window_and_activity_bbox; rank_by_nearest_activity_trackpoint_distance,,False,Raw zero values are retained as observed evidence; zero is never synthesized.
ib3w_activity_environment_window_adapter_v1,qixing_lengshuikeng_xiaoyoukeng_20260410_gpx_v1,qixing_lengshuikeng_xiaoyoukeng_20260410_biji_gpx,qixing_lengshuikeng_xiaoyoukeng_20260410_biji_gpx,gpx,D:\mountain_work\115_osm\activity_input\gpx\qixing_lengshuikeng_xiaoyoukeng_gpx\冷水坑上-七星山東峰-主峰-下小油坑.gpx,2026-04-10T21:35:47+00:00,2026-04-10T23:54:30+00:00,138.717,explicit_gpx_utc,wind_direction_deg,OBSERVED,OBSERVED_IN_ACTIVITY_WINDOW,weather\tw_weather_2026-05-01.sqlite3,weather_observations,C0AC70,信義,臺北市,信義區,25.037823,121.5646,,14147.1,29,2,2,0,1,1,2026-04-10T22:00:00+00:00,0.0,0.0,62.0,31.0,62.0,True,stations_with_observations_in_exact_activity_window_and_activity_bbox; rank_by_nearest_activity_trackpoint_distance,,False,Raw zero values are retained as observed evidence; zero is never synthesized.
ib3w_activity_environment_window_adapter_v1,qixing_lengshuikeng_xiaoyoukeng_20260410_gpx_v1,qixing_lengshuikeng_xiaoyoukeng_20260410_biji_gpx,qixing_lengshuikeng_xiaoyoukeng_20260410_biji_gpx,gpx,D:\mountain_work\115_osm\activity_input\gpx\qixing_lengshuikeng_xiaoyoukeng_gpx\冷水坑上-七星山東峰-主峰-下小油坑.gpx,2026-04-10T21:35:47+00:00,2026-04-10T23:54:30+00:00,138.717,explicit_gpx_utc,pressure_hpa,OBSERVED,OBSERVED_IN_ACTIVITY_WINDOW,weather\tw_weather_2026-05-01.sqlite3,weather_observations,C0AC70,信義,臺北市,信義區,25.037823,121.5646,,14147.1,29,2,2,0,0,2,2026-04-10T22:00:00+00:00,0.0,1002.6,1002.8,1002.7,2005.4,True,stations_with_observations_in_exact_activity_window_and_activity_bbox; rank_by_nearest_activity_trackpoint_distance,,False,Exact activity-window station-variable evidence; no imputation or weather fusion.
ib3w_activity_environment_window_adapter_v1,qixing_lengshuikeng_xiaoyoukeng_20260410_gpx_v1,qixing_lengshuikeng_xiaoyoukeng_20260410_biji_gpx,qixing_lengshuikeng_xiaoyoukeng_20260410_biji_gpx,gpx,D:\mountain_work\115_osm\activity_input\gpx\qixing_lengshuikeng_xiaoyoukeng_gpx\冷水坑上-七星山東峰-主峰-下小油坑.gpx,2026-04-10T21:35:47+00:00,2026-04-10T23:54:30+00:00,138.717,explicit_gpx_utc,visibility_m,MISSING,NULL_VALUE_ONLY,weather\tw_weather_2026-05-01.sqlite3,weather_observations,C0AC70,信義,臺北市,信義區,25.037823,121.5646,,14147.1,29,2,0,2,0,0,,,,,,,False,stations_with_observations_in_exact_activity_window_and_activity_bbox; rank_by_nearest_activity_trackpoint_distance,VARIABLE_VALUES_NULL_OR_BLANK_IN_ACTIVITY_WINDOW,False,Exact activity-window station-variable evidence; no imputation or weather fusion.
ib3w_activity_environment_window_adapter_v1,qixing_lengshuikeng_xiaoyoukeng_20260410_gpx_v1,qixing_lengshuikeng_xiaoyoukeng_20260410_biji_gpx,qixing_lengshuikeng_xiaoyoukeng_20260410_biji_gpx,gpx,D:\mountain_work\115_osm\activity_input\gpx\qixing_lengshuikeng_xiaoyoukeng_gpx\冷水坑上-七星山東峰-主峰-下小油坑.gpx,2026-04-10T21:35:47+00:00,2026-04-10T23:54:30+00:00,138.717,explicit_gpx_utc,weather,MISSING,NULL_VALUE_ONLY,weather\tw_weather_2026-05-01.sqlite3,weather_observations,C0AC70,信義,臺北市,信義區,25.037823,121.5646,,14147.1,29,2,0,2,0,0,,,,,,,False,stations_with_observations_in_exact_activity_window_and_activity_bbox; rank_by_nearest_activity_trackpoint_distance,VARIABLE_VALUES_NULL_OR_BLANK_IN_ACTIVITY_WINDOW,False,Exact activity-window station-variable evidence; no imputation or weather fusion.
ib3w_activity_environment_window_adapter_v1,qixing_lengshuikeng_xiaoyoukeng_20260410_gpx_v1,qixing_lengshuikeng_xiaoyoukeng_20260410_biji_gpx,qixing_lengshuikeng_xiaoyoukeng_20260410_biji_gpx,gpx,D:\mountain_work\115_osm\activity_input\gpx\qixing_lengshuikeng_xiaoyoukeng_gpx\冷水坑上-七星山東峰-主峰-下小油坑.gpx,2026-04-10T21:35:47+00:00,2026-04-10T23:54:30+00:00,138.717,explicit_gpx_utc,precipitation_mm,OBSERVED,OBSERVED_IN_ACTIVITY_WINDOW,weather\tw_weather_2026-05-01.sqlite3,weather_observations,C0B040,大武崙,基隆市,安樂區,25.166677,121.70699,,14403.1,30,2,2,0,2,0,2026-04-10T22:00:00+00:00,0.0,0.0,0.0,0.0,0.0,True,stations_with_observations_in_exact_activity_window_and_activity_bbox; rank_by_nearest_activity_trackpoint_distance,,False,Raw zero values are retained as observed evidence; zero is never synthesized.
ib3w_activity_environment_window_adapter_v1,qixing_lengshuikeng_xiaoyoukeng_20260410_gpx_v1,qixing_lengshuikeng_xiaoyoukeng_20260410_biji_gpx,qixing_lengshuikeng_xiaoyoukeng_20260410_biji_gpx,gpx,D:\mountain_work\115_osm\activity_input\gpx\qixing_lengshuikeng_xiaoyoukeng_gpx\冷水坑上-七星山東峰-主峰-下小油坑.gpx,2026-04-10T21:35:47+00:00,2026-04-10T23:54:30+00:00,138.717,explicit_gpx_utc,precipitation_10min_mm,MISSING,NULL_VALUE_ONLY,weather\tw_weather_2026-05-01.sqlite3,weather_observations,C0B040,大武崙,基隆市,安樂區,25.166677,121.70699,,14403.1,30,2,0,2,0,0,,,,,,,False,stations_with_observations_in_exact_activity_window_and_activity_bbox; rank_by_nearest_activity_trackpoint_distance,VARIABLE_VALUES_NULL_OR_BLANK_IN_ACTIVITY_WINDOW,False,Exact activity-window station-variable evidence; no imputation or weather fusion.
ib3w_activity_environment_window_adapter_v1,qixing_lengshuikeng_xiaoyoukeng_20260410_gpx_v1,qixing_lengshuikeng_xiaoyoukeng_20260410_biji_gpx,qixing_lengshuikeng_xiaoyoukeng_20260410_biji_gpx,gpx,D:\mountain_work\115_osm\activity_input\gpx\qixing_lengshuikeng_xiaoyoukeng_gpx\冷水坑上-七星山東峰-主峰-下小油坑.gpx,2026-04-10T21:35:47+00:00,2026-04-10T23:54:30+00:00,138.717,explicit_gpx_utc,precipitation_1hr_mm,MISSING,NULL_VALUE_ONLY,weather\tw_weather_2026-05-01.sqlite3,weather_observations,C0B040,大武崙,基隆市,安樂區,25.166677,121.70699,,14403.1,30,2,0,2,0,0,,,,,,,False,stations_with_observations_in_exact_activity_window_and_activity_bbox; rank_by_nearest_activity_trackpoint_distance,VARIABLE_VALUES_NULL_OR_BLANK_IN_ACTIVITY_WINDOW,False,Exact activity-window station-variable evidence; no imputation or weather fusion.
ib3w_activity_environment_window_adapter_v1,qixing_lengshuikeng_xiaoyoukeng_20260410_gpx_v1,qixing_lengshuikeng_xiaoyoukeng_20260410_biji_gpx,qixing_lengshuikeng_xiaoyoukeng_20260410_biji_gpx,gpx,D:\mountain_work\115_osm\activity_input\gpx\qixing_lengshuikeng_xiaoyoukeng_gpx\冷水坑上-七星山東峰-主峰-下小油坑.gpx,2026-04-10T21:35:47+00:00,2026-04-10T23:54:30+00:00,138.717,explicit_gpx_utc,temperature_c,OBSERVED,OBSERVED_IN_ACTIVITY_WINDOW,weather\tw_weather_2026-05-01.sqlite3,weather_observations,C0B040,大武崙,基隆市,安樂區,25.166677,121.70699,,14403.1,30,2,2,0,0,2,2026-04-10T22:00:00+00:00,0.0,24.0,24.9,24.45,48.9,True,stations_with_observations_in_exact_activity_window_and_activity_bbox; rank_by_nearest_activity_trackpoint_distance,,False,Exact activity-window station-variable evidence; no imputation or weather fusion.
ib3w_activity_environment_window_adapter_v1,qixing_lengshuikeng_xiaoyoukeng_20260410_gpx_v1,qixing_lengshuikeng_xiaoyoukeng_20260410_biji_gpx,qixing_lengshuikeng_xiaoyoukeng_20260410_biji_gpx,gpx,D:\mountain_work\115_osm\activity_input\gpx\qixing_lengshuikeng_xiaoyoukeng_gpx\冷水坑上-七星山東峰-主峰-下小油坑.gpx,2026-04-10T21:35:47+00:00,2026-04-10T23:54:30+00:00,138.717,explicit_gpx_utc,relative_humidity_pct,OBSERVED,OBSERVED_IN_ACTIVITY_WINDOW,weather\tw_weather_2026-05-01.sqlite3,weather_observations,C0B040,大武崙,基隆市,安樂區,25.166677,121.70699,,14403.1,30,2,2,0,0,2,2026-04-10T22:00:00+00:00,0.0,91.0,93.0,92.0,184.0,True,stations_with_observations_in_exact_activity_window_and_activity_bbox; rank_by_nearest_activity_trackpoint_distance,,False,Exact activity-window station-variable evidence; no imputation or weather fusion.
ib3w_activity_environment_window_adapter_v1,qixing_lengshuikeng_xiaoyoukeng_20260410_gpx_v1,qixing_lengshuikeng_xiaoyoukeng_20260410_biji_gpx,qixing_lengshuikeng_xiaoyoukeng_20260410_biji_gpx,gpx,D:\mountain_work\115_osm\activity_input\gpx\qixing_lengshuikeng_xiaoyoukeng_gpx\冷水坑上-七星山東峰-主峰-下小油坑.gpx,2026-04-10T21:35:47+00:00,2026-04-10T23:54:30+00:00,138.717,explicit_gpx_utc,wind_speed_ms,OBSERVED,OBSERVED_IN_ACTIVITY_WINDOW,weather\tw_weather_2026-05-01.sqlite3,weather_observations,C0B040,大武崙,基隆市,安樂區,25.166677,121.70699,,14403.1,30,2,2,0,0,2,2026-04-10T22:00:00+00:00,0.0,0.8,0.9,0.8500000000000001,1.7000000000000002,True,stations_with_observations_in_exact_activity_window_and_activity_bbox; rank_by_nearest_activity_trackpoint_distance,,False,Exact activity-window station-variable evidence; no imputation or weather fusion.
ib3w_activity_environment_window_adapter_v1,qixing_lengshuikeng_xiaoyoukeng_20260410_gpx_v1,qixing_lengshuikeng_xiaoyoukeng_20260410_biji_gpx,qixing_lengshuikeng_xiaoyoukeng_20260410_biji_gpx,gpx,D:\mountain_work\115_osm\activity_input\gpx\qixing_lengshuikeng_xiaoyoukeng_gpx\冷水坑上-七星山東峰-主峰-下小油坑.gpx,2026-04-10T21:35:47+00:00,2026-04-10T23:54:30+00:00,138.717,explicit_gpx_utc,wind_direction_deg,OBSERVED,OBSERVED_IN_ACTIVITY_WINDOW,weather\tw_weather_2026-05-01.sqlite3,weather_observations,C0B040,大武崙,基隆市,安樂區,25.166677,121.70699,,14403.1,30,2,2,0,0,2,2026-04-10T22:00:00+00:00,0.0,241.0,360.0,300.5,601.0,True,stations_with_observations_in_exact_activity_window_and_activity_bbox; rank_by_nearest_activity_trackpoint_distance,,False,Exact activity-window station-variable evidence; no imputation or weather fusion.
ib3w_activity_environment_window_adapter_v1,qixing_lengshuikeng_xiaoyoukeng_20260410_gpx_v1,qixing_lengshuikeng_xiaoyoukeng_20260410_biji_gpx,qixing_lengshuikeng_xiaoyoukeng_20260410_biji_gpx,gpx,D:\mountain_work\115_osm\activity_input\gpx\qixing_lengshuikeng_xiaoyoukeng_gpx\冷水坑上-七星山東峰-主峰-下小油坑.gpx,2026-04-10T21:35:47+00:00,2026-04-10T23:54:30+00:00,138.717,explicit_gpx_utc,pressure_hpa,OBSERVED,OBSERVED_IN_ACTIVITY_WINDOW,weather\tw_weather_2026-05-01.sqlite3,weather_observations,C0B040,大武崙,基隆市,安樂區,25.166677,121.70699,,14403.1,30,2,2,0,0,2,2026-04-10T22:00:00+00:00,0.0,1010.7,1011.0,1010.85,2021.7,True,stations_with_observations_in_exact_activity_window_and_activity_bbox; rank_by_nearest_activity_trackpoint_distance,,False,Exact activity-window station-variable evidence; no imputation or weather fusion.
ib3w_activity_environment_window_adapter_v1,qixing_lengshuikeng_xiaoyoukeng_20260410_gpx_v1,qixing_lengshuikeng_xiaoyoukeng_20260410_biji_gpx,qixing_lengshuikeng_xiaoyoukeng_20260410_biji_gpx,gpx,D:\mountain_work\115_osm\activity_input\gpx\qixing_lengshuikeng_xiaoyoukeng_gpx\冷水坑上-七星山東峰-主峰-下小油坑.gpx,2026-04-10T21:35:47+00:00,2026-04-10T23:54:30+00:00,138.717,explicit_gpx_utc,visibility_m,MISSING,NULL_VALUE_ONLY,weather\tw_weather_2026-05-01.sqlite3,weather_observations,C0B040,大武崙,基隆市,安樂區,25.166677,121.70699,,14403.1,30,2,0,2,0,0,,,,,,,False,stations_with_observations_in_exact_activity_window_and_activity_bbox; rank_by_nearest_activity_trackpoint_distance,VARIABLE_VALUES_NULL_OR_BLANK_IN_ACTIVITY_WINDOW,False,Exact activity-window station-variable evidence; no imputation or weather fusion.
ib3w_activity_environment_window_adapter_v1,qixing_lengshuikeng_xiaoyoukeng_20260410_gpx_v1,qixing_lengshuikeng_xiaoyoukeng_20260410_biji_gpx,qixing_lengshuikeng_xiaoyoukeng_20260410_biji_gpx,gpx,D:\mountain_work\115_osm\activity_input\gpx\qixing_lengshuikeng_xiaoyoukeng_gpx\冷水坑上-七星山東峰-主峰-下小油坑.gpx,2026-04-10T21:35:47+00:00,2026-04-10T23:54:30+00:00,138.717,explicit_gpx_utc,weather,MISSING,NULL_VALUE_ONLY,weather\tw_weather_2026-05-01.sqlite3,weather_observations,C0B040,大武崙,基隆市,安樂區,25.166677,121.70699,,14403.1,30,2,0,2,0,0,,,,,,,False,stations_with_observations_in_exact_activity_window_and_activity_bbox; rank_by_nearest_activity_trackpoint_distance,VARIABLE_VALUES_NULL_OR_BLANK_IN_ACTIVITY_WINDOW,False,Exact activity-window station-variable evidence; no imputation or weather fusion.
ib3w_activity_environment_window_adapter_v1,qixing_lengshuikeng_xiaoyoukeng_20260410_gpx_v1,qixing_lengshuikeng_xiaoyoukeng_20260410_biji_gpx,qixing_lengshuikeng_xiaoyoukeng_20260410_biji_gpx,gpx,D:\mountain_work\115_osm\activity_input\gpx\qixing_lengshuikeng_xiaoyoukeng_gpx\冷水坑上-七星山東峰-主峰-下小油坑.gpx,2026-04-10T21:35:47+00:00,2026-04-10T23:54:30+00:00,138.717,explicit_gpx_utc,precipitation_mm,OBSERVED,OBSERVED_IN_ACTIVITY_WINDOW,weather\tw_weather_2026-05-01.sqlite3,weather_observations,C0AH00,汐止,新北市,汐止區,25.066881,121.658775,,14557.9,31,2,2,0,2,0,2026-04-10T22:00:00+00:00,0.0,0.0,0.0,0.0,0.0,True,stations_with_observations_in_exact_activity_window_and_activity_bbox; rank_by_nearest_activity_trackpoint_distance,,False,Raw zero values are retained as observed evidence; zero is never synthesized.
ib3w_activity_environment_window_adapter_v1,qixing_lengshuikeng_xiaoyoukeng_20260410_gpx_v1,qixing_lengshuikeng_xiaoyoukeng_20260410_biji_gpx,qixing_lengshuikeng_xiaoyoukeng_20260410_biji_gpx,gpx,D:\mountain_work\115_osm\activity_input\gpx\qixing_lengshuikeng_xiaoyoukeng_gpx\冷水坑上-七星山東峰-主峰-下小油坑.gpx,2026-04-10T21:35:47+00:00,2026-04-10T23:54:30+00:00,138.717,explicit_gpx_utc,precipitation_10min_mm,MISSING,NULL_VALUE_ONLY,weather\tw_weather_2026-05-01.sqlite3,weather_observations,C0AH00,汐止,新北市,汐止區,25.066881,121.658775,,14557.9,31,2,0,2,0,0,,,,,,,False,stations_with_observations_in_exact_activity_window_and_activity_bbox; rank_by_nearest_activity_trackpoint_distance,VARIABLE_VALUES_NULL_OR_BLANK_IN_ACTIVITY_WINDOW,False,Exact activity-window station-variable evidence; no imputation or weather fusion.
ib3w_activity_environment_window_adapter_v1,qixing_lengshuikeng_xiaoyoukeng_20260410_gpx_v1,qixing_lengshuikeng_xiaoyoukeng_20260410_biji_gpx,qixing_lengshuikeng_xiaoyoukeng_20260410_biji_gpx,gpx,D:\mountain_work\115_osm\activity_input\gpx\qixing_lengshuikeng_xiaoyoukeng_gpx\冷水坑上-七星山東峰-主峰-下小油坑.gpx,2026-04-10T21:35:47+00:00,2026-04-10T23:54:30+00:00,138.717,explicit_gpx_utc,precipitation_1hr_mm,MISSING,NULL_VALUE_ONLY,weather\tw_weather_2026-05-01.sqlite3,weather_observations,C0AH00,汐止,新北市,汐止區,25.066881,121.658775,,14557.9,31,2,0,2,0,0,,,,,,,False,stations_with_observations_in_exact_activity_window_and_activity_bbox; rank_by_nearest_activity_trackpoint_distance,VARIABLE_VALUES_NULL_OR_BLANK_IN_ACTIVITY_WINDOW,False,Exact activity-window station-variable evidence; no imputation or weather fusion.
ib3w_activity_environment_window_adapter_v1,qixing_lengshuikeng_xiaoyoukeng_20260410_gpx_v1,qixing_lengshuikeng_xiaoyoukeng_20260410_biji_gpx,qixing_lengshuikeng_xiaoyoukeng_20260410_biji_gpx,gpx,D:\mountain_work\115_osm\activity_input\gpx\qixing_lengshuikeng_xiaoyoukeng_gpx\冷水坑上-七星山東峰-主峰-下小油坑.gpx,2026-04-10T21:35:47+00:00,2026-04-10T23:54:30+00:00,138.717,explicit_gpx_utc,temperature_c,OBSERVED,OBSERVED_IN_ACTIVITY_WINDOW,weather\tw_weather_2026-05-01.sqlite3,weather_observations,C0AH00,汐止,新北市,汐止區,25.066881,121.658775,,14557.9,31,2,1,1,0,1,2026-04-10T22:00:00+00:00,0.0,24.7,24.7,24.7,24.7,True,stations_with_observations_in_exact_activity_window_and_activity_bbox; rank_by_nearest_activity_trackpoint_distance,,False,Exact activity-window station-variable evidence; no imputation or weather fusion.
ib3w_activity_environment_window_adapter_v1,qixing_lengshuikeng_xiaoyoukeng_20260410_gpx_v1,qixing_lengshuikeng_xiaoyoukeng_20260410_biji_gpx,qixing_lengshuikeng_xiaoyoukeng_20260410_biji_gpx,gpx,D:\mountain_work\115_osm\activity_input\gpx\qixing_lengshuikeng_xiaoyoukeng_gpx\冷水坑上-七星山東峰-主峰-下小油坑.gpx,2026-04-10T21:35:47+00:00,2026-04-10T23:54:30+00:00,138.717,explicit_gpx_utc,relative_humidity_pct,OBSERVED,OBSERVED_IN_ACTIVITY_WINDOW,weather\tw_weather_2026-05-01.sqlite3,weather_observations,C0AH00,汐止,新北市,汐止區,25.066881,121.658775,,14557.9,31,2,1,1,0,1,2026-04-10T22:00:00+00:00,0.0,96.0,96.0,96.0,96.0,True,stations_with_observations_in_exact_activity_window_and_activity_bbox; rank_by_nearest_activity_trackpoint_distance,,False,Exact activity-window station-variable evidence; no imputation or weather fusion.
ib3w_activity_environment_window_adapter_v1,qixing_lengshuikeng_xiaoyoukeng_20260410_gpx_v1,qixing_lengshuikeng_xiaoyoukeng_20260410_biji_gpx,qixing_lengshuikeng_xiaoyoukeng_20260410_biji_gpx,gpx,D:\mountain_work\115_osm\activity_input\gpx\qixing_lengshuikeng_xiaoyoukeng_gpx\冷水坑上-七星山東峰-主峰-下小油坑.gpx,2026-04-10T21:35:47+00:00,2026-04-10T23:54:30+00:00,138.717,explicit_gpx_utc,wind_speed_ms,OBSERVED,OBSERVED_IN_ACTIVITY_WINDOW,weather\tw_weather_2026-05-01.sqlite3,weather_observations,C0AH00,汐止,新北市,汐止區,25.066881,121.658775,,14557.9,31,2,1,1,0,1,2026-04-10T22:00:00+00:00,0.0,0.9,0.9,0.9,0.9,True,stations_with_observations_in_exact_activity_window_and_activity_bbox; rank_by_nearest_activity_trackpoint_distance,,False,Exact activity-window station-variable evidence; no imputation or weather fusion.
ib3w_activity_environment_window_adapter_v1,qixing_lengshuikeng_xiaoyoukeng_20260410_gpx_v1,qixing_lengshuikeng_xiaoyoukeng_20260410_biji_gpx,qixing_lengshuikeng_xiaoyoukeng_20260410_biji_gpx,gpx,D:\mountain_work\115_osm\activity_input\gpx\qixing_lengshuikeng_xiaoyoukeng_gpx\冷水坑上-七星山東峰-主峰-下小油坑.gpx,2026-04-10T21:35:47+00:00,2026-04-10T23:54:30+00:00,138.717,explicit_gpx_utc,wind_direction_deg,OBSERVED,OBSERVED_IN_ACTIVITY_WINDOW,weather\tw_weather_2026-05-01.sqlite3,weather_observations,C0AH00,汐止,新北市,汐止區,25.066881,121.658775,,14557.9,31,2,1,1,0,1,2026-04-10T22:00:00+00:00,0.0,7.0,7.0,7.0,7.0,True,stations_with_observations_in_exact_activity_window_and_activity_bbox; rank_by_nearest_activity_trackpoint_distance,,False,Exact activity-window station-variable evidence; no imputation or weather fusion.
ib3w_activity_environment_window_adapter_v1,qixing_lengshuikeng_xiaoyoukeng_20260410_gpx_v1,qixing_lengshuikeng_xiaoyoukeng_20260410_biji_gpx,qixing_lengshuikeng_xiaoyoukeng_20260410_biji_gpx,gpx,D:\mountain_work\115_osm\activity_input\gpx\qixing_lengshuikeng_xiaoyoukeng_gpx\冷水坑上-七星山東峰-主峰-下小油坑.gpx,2026-04-10T21:35:47+00:00,2026-04-10T23:54:30+00:00,138.717,explicit_gpx_utc,pressure_hpa,OBSERVED,OBSERVED_IN_ACTIVITY_WINDOW,weather\tw_weather_2026-05-01.sqlite3,weather_observations,C0AH00,汐止,新北市,汐止區,25.066881,121.658775,,14557.9,31,2,1,1,0,1,2026-04-10T22:00:00+00:00,0.0,1005.2,1005.2,1005.2,1005.2,True,stations_with_observations_in_exact_activity_window_and_activity_bbox; rank_by_nearest_activity_trackpoint_distance,,False,Exact activity-window station-variable evidence; no imputation or weather fusion.
ib3w_activity_environment_window_adapter_v1,qixing_lengshuikeng_xiaoyoukeng_20260410_gpx_v1,qixing_lengshuikeng_xiaoyoukeng_20260410_biji_gpx,qixing_lengshuikeng_xiaoyoukeng_20260410_biji_gpx,gpx,D:\mountain_work\115_osm\activity_input\gpx\qixing_lengshuikeng_xiaoyoukeng_gpx\冷水坑上-七星山東峰-主峰-下小油坑.gpx,2026-04-10T21:35:47+00:00,2026-04-10T23:54:30+00:00,138.717,explicit_gpx_utc,visibility_m,MISSING,NULL_VALUE_ONLY,weather\tw_weather_2026-05-01.sqlite3,weather_observations,C0AH00,汐止,新北市,汐止區,25.066881,121.658775,,14557.9,31,2,0,2,0,0,,,,,,,False,stations_with_observations_in_exact_activity_window_and_activity_bbox; rank_by_nearest_activity_trackpoint_distance,VARIABLE_VALUES_NULL_OR_BLANK_IN_ACTIVITY_WINDOW,False,Exact activity-window station-variable evidence; no imputation or weather fusion.
ib3w_activity_environment_window_adapter_v1,qixing_lengshuikeng_xiaoyoukeng_20260410_gpx_v1,qixing_lengshuikeng_xiaoyoukeng_20260410_biji_gpx,qixing_lengshuikeng_xiaoyoukeng_20260410_biji_gpx,gpx,D:\mountain_work\115_osm\activity_input\gpx\qixing_lengshuikeng_xiaoyoukeng_gpx\冷水坑上-七星山東峰-主峰-下小油坑.gpx,2026-04-10T21:35:47+00:00,2026-04-10T23:54:30+00:00,138.717,explicit_gpx_utc,weather,MISSING,NULL_VALUE_ONLY,weather\tw_weather_2026-05-01.sqlite3,weather_observations,C0AH00,汐止,新北市,汐止區,25.066881,121.658775,,14557.9,31,2,0,2,0,0,,,,,,,False,stations_with_observations_in_exact_activity_window_and_activity_bbox; rank_by_nearest_activity_trackpoint_distance,VARIABLE_VALUES_NULL_OR_BLANK_IN_ACTIVITY_WINDOW,False,Exact activity-window station-variable evidence; no imputation or weather fusion.
ib3w_activity_environment_window_adapter_v1,qixing_lengshuikeng_xiaoyoukeng_20260410_gpx_v1,qixing_lengshuikeng_xiaoyoukeng_20260410_biji_gpx,qixing_lengshuikeng_xiaoyoukeng_20260410_biji_gpx,gpx,D:\mountain_work\115_osm\activity_input\gpx\qixing_lengshuikeng_xiaoyoukeng_gpx\冷水坑上-七星山東峰-主峰-下小油坑.gpx,2026-04-10T21:35:47+00:00,2026-04-10T23:54:30+00:00,138.717,explicit_gpx_utc,precipitation_mm,OBSERVED,OBSERVED_IN_ACTIVITY_WINDOW,weather\tw_weather_2026-05-01.sqlite3,weather_observations,C0AD10,八里,新北市,八里區,25.150211,121.403946,,14755.6,32,2,2,0,2,0,2026-04-10T22:00:00+00:00,0.0,0.0,0.0,0.0,0.0,True,stations_with_observations_in_exact_activity_window_and_activity_bbox; rank_by_nearest_activity_trackpoint_distance,,False,Raw zero values are retained as observed evidence; zero is never synthesized.
ib3w_activity_environment_window_adapter_v1,qixing_lengshuikeng_xiaoyoukeng_20260410_gpx_v1,qixing_lengshuikeng_xiaoyoukeng_20260410_biji_gpx,qixing_lengshuikeng_xiaoyoukeng_20260410_biji_gpx,gpx,D:\mountain_work\115_osm\activity_input\gpx\qixing_lengshuikeng_xiaoyoukeng_gpx\冷水坑上-七星山東峰-主峰-下小油坑.gpx,2026-04-10T21:35:47+00:00,2026-04-10T23:54:30+00:00,138.717,explicit_gpx_utc,precipitation_10min_mm,MISSING,NULL_VALUE_ONLY,weather\tw_weather_2026-05-01.sqlite3,weather_observations,C0AD10,八里,新北市,八里區,25.150211,121.403946,,14755.6,32,2,0,2,0,0,,,,,,,False,stations_with_observations_in_exact_activity_window_and_activity_bbox; rank_by_nearest_activity_trackpoint_distance,VARIABLE_VALUES_NULL_OR_BLANK_IN_ACTIVITY_WINDOW,False,Exact activity-window station-variable evidence; no imputation or weather fusion.
ib3w_activity_environment_window_adapter_v1,qixing_lengshuikeng_xiaoyoukeng_20260410_gpx_v1,qixing_lengshuikeng_xiaoyoukeng_20260410_biji_gpx,qixing_lengshuikeng_xiaoyoukeng_20260410_biji_gpx,gpx,D:\mountain_work\115_osm\activity_input\gpx\qixing_lengshuikeng_xiaoyoukeng_gpx\冷水坑上-七星山東峰-主峰-下小油坑.gpx,2026-04-10T21:35:47+00:00,2026-04-10T23:54:30+00:00,138.717,explicit_gpx_utc,precipitation_1hr_mm,MISSING,NULL_VALUE_ONLY,weather\tw_weather_2026-05-01.sqlite3,weather_observations,C0AD10,八里,新北市,八里區,25.150211,121.403946,,14755.6,32,2,0,2,0,0,,,,,,,False,stations_with_observations_in_exact_activity_window_and_activity_bbox; rank_by_nearest_activity_trackpoint_distance,VARIABLE_VALUES_NULL_OR_BLANK_IN_ACTIVITY_WINDOW,False,Exact activity-window station-variable evidence; no imputation or weather fusion.
ib3w_activity_environment_window_adapter_v1,qixing_lengshuikeng_xiaoyoukeng_20260410_gpx_v1,qixing_lengshuikeng_xiaoyoukeng_20260410_biji_gpx,qixing_lengshuikeng_xiaoyoukeng_20260410_biji_gpx,gpx,D:\mountain_work\115_osm\activity_input\gpx\qixing_lengshuikeng_xiaoyoukeng_gpx\冷水坑上-七星山東峰-主峰-下小油坑.gpx,2026-04-10T21:35:47+00:00,2026-04-10T23:54:30+00:00,138.717,explicit_gpx_utc,temperature_c,OBSERVED,OBSERVED_IN_ACTIVITY_WINDOW,weather\tw_weather_2026-05-01.sqlite3,weather_observations,C0AD10,八里,新北市,八里區,25.150211,121.403946,,14755.6,32,2,2,0,0,2,2026-04-10T22:00:00+00:00,0.0,23.7,24.9,24.299999999999997,48.599999999999994,True,stations_with_observations_in_exact_activity_window_and_activity_bbox; rank_by_nearest_activity_trackpoint_distance,,False,Exact activity-window station-variable evidence; no imputation or weather fusion.
ib3w_activity_environment_window_adapter_v1,qixing_lengshuikeng_xiaoyoukeng_20260410_gpx_v1,qixing_lengshuikeng_xiaoyoukeng_20260410_biji_gpx,qixing_lengshuikeng_xiaoyoukeng_20260410_biji_gpx,gpx,D:\mountain_work\115_osm\activity_input\gpx\qixing_lengshuikeng_xiaoyoukeng_gpx\冷水坑上-七星山東峰-主峰-下小油坑.gpx,2026-04-10T21:35:47+00:00,2026-04-10T23:54:30+00:00,138.717,explicit_gpx_utc,relative_humidity_pct,OBSERVED,OBSERVED_IN_ACTIVITY_WINDOW,weather\tw_weather_2026-05-01.sqlite3,weather_observations,C0AD10,八里,新北市,八里區,25.150211,121.403946,,14755.6,32,2,2,0,0,2,2026-04-10T22:00:00+00:00,0.0,100.0,100.0,100.0,200.0,True,stations_with_observations_in_exact_activity_window_and_activity_bbox; rank_by_nearest_activity_trackpoint_distance,,False,Exact activity-window station-variable evidence; no imputation or weather fusion.
ib3w_activity_environment_window_adapter_v1,qixing_lengshuikeng_xiaoyoukeng_20260410_gpx_v1,qixing_lengshuikeng_xiaoyoukeng_20260410_biji_gpx,qixing_lengshuikeng_xiaoyoukeng_20260410_biji_gpx,gpx,D:\mountain_work\115_osm\activity_input\gpx\qixing_lengshuikeng_xiaoyoukeng_gpx\冷水坑上-七星山東峰-主峰-下小油坑.gpx,2026-04-10T21:35:47+00:00,2026-04-10T23:54:30+00:00,138.717,explicit_gpx_utc,wind_speed_ms,OBSERVED,OBSERVED_IN_ACTIVITY_WINDOW,weather\tw_weather_2026-05-01.sqlite3,weather_observations,C0AD10,八里,新北市,八里區,25.150211,121.403946,,14755.6,32,2,2,0,0,2,2026-04-10T22:00:00+00:00,0.0,1.0,1.1,1.05,2.1,True,stations_with_observations_in_exact_activity_window_and_activity_bbox; rank_by_nearest_activity_trackpoint_distance,,False,Exact activity-window station-variable evidence; no imputation or weather fusion.
ib3w_activity_environment_window_adapter_v1,qixing_lengshuikeng_xiaoyoukeng_20260410_gpx_v1,qixing_lengshuikeng_xiaoyoukeng_20260410_biji_gpx,qixing_lengshuikeng_xiaoyoukeng_20260410_biji_gpx,gpx,D:\mountain_work\115_osm\activity_input\gpx\qixing_lengshuikeng_xiaoyoukeng_gpx\冷水坑上-七星山東峰-主峰-下小油坑.gpx,2026-04-10T21:35:47+00:00,2026-04-10T23:54:30+00:00,138.717,explicit_gpx_utc,wind_direction_deg,OBSERVED,OBSERVED_IN_ACTIVITY_WINDOW,weather\tw_weather_2026-05-01.sqlite3,weather_observations,C0AD10,八里,新北市,八里區,25.150211,121.403946,,14755.6,32,2,2,0,0,2,2026-04-10T22:00:00+00:00,0.0,231.0,267.0,249.0,498.0,True,stations_with_observations_in_exact_activity_window_and_activity_bbox; rank_by_nearest_activity_trackpoint_distance,,False,Exact activity-window station-variable evidence; no imputation or weather fusion.
ib3w_activity_environment_window_adapter_v1,qixing_lengshuikeng_xiaoyoukeng_20260410_gpx_v1,qixing_lengshuikeng_xiaoyoukeng_20260410_biji_gpx,qixing_lengshuikeng_xiaoyoukeng_20260410_biji_gpx,gpx,D:\mountain_work\115_osm\activity_input\gpx\qixing_lengshuikeng_xiaoyoukeng_gpx\冷水坑上-七星山東峰-主峰-下小油坑.gpx,2026-04-10T21:35:47+00:00,2026-04-10T23:54:30+00:00,138.717,explicit_gpx_utc,pressure_hpa,OBSERVED,OBSERVED_IN_ACTIVITY_WINDOW,weather\tw_weather_2026-05-01.sqlite3,weather_observations,C0AD10,八里,新北市,八里區,25.150211,121.403946,,14755.6,32,2,2,0,0,2,2026-04-10T22:00:00+00:00,0.0,1006.3,1006.5,1006.4,2012.8,True,stations_with_observations_in_exact_activity_window_and_activity_bbox; rank_by_nearest_activity_trackpoint_distance,,False,Exact activity-window station-variable evidence; no imputation or weather fusion.
ib3w_activity_environment_window_adapter_v1,qixing_lengshuikeng_xiaoyoukeng_20260410_gpx_v1,qixing_lengshuikeng_xiaoyoukeng_20260410_biji_gpx,qixing_lengshuikeng_xiaoyoukeng_20260410_biji_gpx,gpx,D:\mountain_work\115_osm\activity_input\gpx\qixing_lengshuikeng_xiaoyoukeng_gpx\冷水坑上-七星山東峰-主峰-下小油坑.gpx,2026-04-10T21:35:47+00:00,2026-04-10T23:54:30+00:00,138.717,explicit_gpx_utc,visibility_m,MISSING,NULL_VALUE_ONLY,weather\tw_weather_2026-05-01.sqlite3,weather_observations,C0AD10,八里,新北市,八里區,25.150211,121.403946,,14755.6,32,2,0,2,0,0,,,,,,,False,stations_with_observations_in_exact_activity_window_and_activity_bbox; rank_by_nearest_activity_trackpoint_distance,VARIABLE_VALUES_NULL_OR_BLANK_IN_ACTIVITY_WINDOW,False,Exact activity-window station-variable evidence; no imputation or weather fusion.
ib3w_activity_environment_window_adapter_v1,qixing_lengshuikeng_xiaoyoukeng_20260410_gpx_v1,qixing_lengshuikeng_xiaoyoukeng_20260410_biji_gpx,qixing_lengshuikeng_xiaoyoukeng_20260410_biji_gpx,gpx,D:\mountain_work\115_osm\activity_input\gpx\qixing_lengshuikeng_xiaoyoukeng_gpx\冷水坑上-七星山東峰-主峰-下小油坑.gpx,2026-04-10T21:35:47+00:00,2026-04-10T23:54:30+00:00,138.717,explicit_gpx_utc,weather,MISSING,NULL_VALUE_ONLY,weather\tw_weather_2026-05-01.sqlite3,weather_observations,C0AD10,八里,新北市,八里區,25.150211,121.403946,,14755.6,32,2,0,2,0,0,,,,,,,False,stations_with_observations_in_exact_activity_window_and_activity_bbox; rank_by_nearest_activity_trackpoint_distance,VARIABLE_VALUES_NULL_OR_BLANK_IN_ACTIVITY_WINDOW,False,Exact activity-window station-variable evidence; no imputation or weather fusion.
ib3w_activity_environment_window_adapter_v1,qixing_lengshuikeng_xiaoyoukeng_20260410_gpx_v1,qixing_lengshuikeng_xiaoyoukeng_20260410_biji_gpx,qixing_lengshuikeng_xiaoyoukeng_20260410_biji_gpx,gpx,D:\mountain_work\115_osm\activity_input\gpx\qixing_lengshuikeng_xiaoyoukeng_gpx\冷水坑上-七星山東峰-主峰-下小油坑.gpx,2026-04-10T21:35:47+00:00,2026-04-10T23:54:30+00:00,138.717,explicit_gpx_utc,precipitation_mm,OBSERVED,OBSERVED_IN_ACTIVITY_WINDOW,weather\tw_weather_2026-05-01.sqlite3,weather_observations,466920,臺北,臺北市,中正區,25.037659,121.514854,,14816.2,33,13,12,1,12,0,2026-04-10T21:50:00+00:00,0.0,0.0,0.0,0.0,0.0,True,stations_with_observations_in_exact_activity_window_and_activity_bbox; rank_by_nearest_activity_trackpoint_distance,,False,Raw zero values are retained as observed evidence; zero is never synthesized.
ib3w_activity_environment_window_adapter_v1,qixing_lengshuikeng_xiaoyoukeng_20260410_gpx_v1,qixing_lengshuikeng_xiaoyoukeng_20260410_biji_gpx,qixing_lengshuikeng_xiaoyoukeng_20260410_biji_gpx,gpx,D:\mountain_work\115_osm\activity_input\gpx\qixing_lengshuikeng_xiaoyoukeng_gpx\冷水坑上-七星山東峰-主峰-下小油坑.gpx,2026-04-10T21:35:47+00:00,2026-04-10T23:54:30+00:00,138.717,explicit_gpx_utc,precipitation_10min_mm,MISSING,NULL_VALUE_ONLY,weather\tw_weather_2026-05-01.sqlite3,weather_observations,466920,臺北,臺北市,中正區,25.037659,121.514854,,14816.2,33,13,0,13,0,0,,,,,,,False,stations_with_observations_in_exact_activity_window_and_activity_bbox; rank_by_nearest_activity_trackpoint_distance,VARIABLE_VALUES_NULL_OR_BLANK_IN_ACTIVITY_WINDOW,False,Exact activity-window station-variable evidence; no imputation or weather fusion.
ib3w_activity_environment_window_adapter_v1,qixing_lengshuikeng_xiaoyoukeng_20260410_gpx_v1,qixing_lengshuikeng_xiaoyoukeng_20260410_biji_gpx,qixing_lengshuikeng_xiaoyoukeng_20260410_biji_gpx,gpx,D:\mountain_work\115_osm\activity_input\gpx\qixing_lengshuikeng_xiaoyoukeng_gpx\冷水坑上-七星山東峰-主峰-下小油坑.gpx,2026-04-10T21:35:47+00:00,2026-04-10T23:54:30+00:00,138.717,explicit_gpx_utc,precipitation_1hr_mm,MISSING,NULL_VALUE_ONLY,weather\tw_weather_2026-05-01.sqlite3,weather_observations,466920,臺北,臺北市,中正區,25.037659,121.514854,,14816.2,33,13,0,13,0,0,,,,,,,False,stations_with_observations_in_exact_activity_window_and_activity_bbox; rank_by_nearest_activity_trackpoint_distance,VARIABLE_VALUES_NULL_OR_BLANK_IN_ACTIVITY_WINDOW,False,Exact activity-window station-variable evidence; no imputation or weather fusion.
ib3w_activity_environment_window_adapter_v1,qixing_lengshuikeng_xiaoyoukeng_20260410_gpx_v1,qixing_lengshuikeng_xiaoyoukeng_20260410_biji_gpx,qixing_lengshuikeng_xiaoyoukeng_20260410_biji_gpx,gpx,D:\mountain_work\115_osm\activity_input\gpx\qixing_lengshuikeng_xiaoyoukeng_gpx\冷水坑上-七星山東峰-主峰-下小油坑.gpx,2026-04-10T21:35:47+00:00,2026-04-10T23:54:30+00:00,138.717,explicit_gpx_utc,temperature_c,OBSERVED,OBSERVED_IN_ACTIVITY_WINDOW,weather\tw_weather_2026-05-01.sqlite3,weather_observations,466920,臺北,臺北市,中正區,25.037659,121.514854,,14816.2,33,13,12,1,0,12,2026-04-10T21:40:00+00:00,0.0,24.0,26.0,24.700000000000003,296.40000000000003,True,stations_with_observations_in_exact_activity_window_and_activity_bbox; rank_by_nearest_activity_trackpoint_distance,,False,Exact activity-window station-variable evidence; no imputation or weather fusion.
ib3w_activity_environment_window_adapter_v1,qixing_lengshuikeng_xiaoyoukeng_20260410_gpx_v1,qixing_lengshuikeng_xiaoyoukeng_20260410_biji_gpx,qixing_lengshuikeng_xiaoyoukeng_20260410_biji_gpx,gpx,D:\mountain_work\115_osm\activity_input\gpx\qixing_lengshuikeng_xiaoyoukeng_gpx\冷水坑上-七星山東峰-主峰-下小油坑.gpx,2026-04-10T21:35:47+00:00,2026-04-10T23:54:30+00:00,138.717,explicit_gpx_utc,relative_humidity_pct,OBSERVED,OBSERVED_IN_ACTIVITY_WINDOW,weather\tw_weather_2026-05-01.sqlite3,weather_observations,466920,臺北,臺北市,中正區,25.037659,121.514854,,14816.2,33,13,12,1,0,12,2026-04-10T21:50:00+00:00,0.0,79.0,88.0,84.25,1011.0,True,stations_with_observations_in_exact_activity_window_and_activity_bbox; rank_by_nearest_activity_trackpoint_distance,,False,Exact activity-window station-variable evidence; no imputation or weather fusion.
ib3w_activity_environment_window_adapter_v1,qixing_lengshuikeng_xiaoyoukeng_20260410_gpx_v1,qixing_lengshuikeng_xiaoyoukeng_20260410_biji_gpx,qixing_lengshuikeng_xiaoyoukeng_20260410_biji_gpx,gpx,D:\mountain_work\115_osm\activity_input\gpx\qixing_lengshuikeng_xiaoyoukeng_gpx\冷水坑上-七星山東峰-主峰-下小油坑.gpx,2026-04-10T21:35:47+00:00,2026-04-10T23:54:30+00:00,138.717,explicit_gpx_utc,wind_speed_ms,OBSERVED,OBSERVED_IN_ACTIVITY_WINDOW,weather\tw_weather_2026-05-01.sqlite3,weather_observations,466920,臺北,臺北市,中正區,25.037659,121.514854,,14816.2,33,13,12,1,0,12,2026-04-10T21:50:00+00:00,0.0,0.9,1.6,1.2333333333333334,14.8,True,stations_with_observations_in_exact_activity_window_and_activity_bbox; rank_by_nearest_activity_trackpoint_distance,,False,Exact activity-window station-variable evidence; no imputation or weather fusion.
ib3w_activity_environment_window_adapter_v1,qixing_lengshuikeng_xiaoyoukeng_20260410_gpx_v1,qixing_lengshuikeng_xiaoyoukeng_20260410_biji_gpx,qixing_lengshuikeng_xiaoyoukeng_20260410_biji_gpx,gpx,D:\mountain_work\115_osm\activity_input\gpx\qixing_lengshuikeng_xiaoyoukeng_gpx\冷水坑上-七星山東峰-主峰-下小油坑.gpx,2026-04-10T21:35:47+00:00,2026-04-10T23:54:30+00:00,138.717,explicit_gpx_utc,wind_direction_deg,OBSERVED,OBSERVED_IN_ACTIVITY_WINDOW,weather\tw_weather_2026-05-01.sqlite3,weather_observations,466920,臺北,臺北市,中正區,25.037659,121.514854,,14816.2,33,13,12,1,0,12,2026-04-10T21:50:00+00:00,0.0,40.0,180.0,131.66666666666666,1580.0,True,stations_with_observations_in_exact_activity_window_and_activity_bbox; rank_by_nearest_activity_trackpoint_distance,,False,Exact activity-window station-variable evidence; no imputation or weather fusion.
ib3w_activity_environment_window_adapter_v1,qixing_lengshuikeng_xiaoyoukeng_20260410_gpx_v1,qixing_lengshuikeng_xiaoyoukeng_20260410_biji_gpx,qixing_lengshuikeng_xiaoyoukeng_20260410_biji_gpx,gpx,D:\mountain_work\115_osm\activity_input\gpx\qixing_lengshuikeng_xiaoyoukeng_gpx\冷水坑上-七星山東峰-主峰-下小油坑.gpx,2026-04-10T21:35:47+00:00,2026-04-10T23:54:30+00:00,138.717,explicit_gpx_utc,pressure_hpa,OBSERVED,OBSERVED_IN_ACTIVITY_WINDOW,weather\tw_weather_2026-05-01.sqlite3,weather_observations,466920,臺北,臺北市,中正區,25.037659,121.514854,,14816.2,33,13,12,1,0,12,2026-04-10T21:50:00+00:00,0.0,1007.5,1007.9,1007.7666666666664,12093.199999999997,True,stations_with_observations_in_exact_activity_window_and_activity_bbox; rank_by_nearest_activity_trackpoint_distance,,False,Exact activity-window station-variable evidence; no imputation or weather fusion.
ib3w_activity_environment_window_adapter_v1,qixing_lengshuikeng_xiaoyoukeng_20260410_gpx_v1,qixing_lengshuikeng_xiaoyoukeng_20260410_biji_gpx,qixing_lengshuikeng_xiaoyoukeng_20260410_biji_gpx,gpx,D:\mountain_work\115_osm\activity_input\gpx\qixing_lengshuikeng_xiaoyoukeng_gpx\冷水坑上-七星山東峰-主峰-下小油坑.gpx,2026-04-10T21:35:47+00:00,2026-04-10T23:54:30+00:00,138.717,explicit_gpx_utc,visibility_m,MISSING,NULL_VALUE_ONLY,weather\tw_weather_2026-05-01.sqlite3,weather_observations,466920,臺北,臺北市,中正區,25.037659,121.514854,,14816.2,33,13,0,13,0,0,,,,,,,False,stations_with_observations_in_exact_activity_window_and_activity_bbox; rank_by_nearest_activity_trackpoint_distance,VARIABLE_VALUES_NULL_OR_BLANK_IN_ACTIVITY_WINDOW,False,Exact activity-window station-variable evidence; no imputation or weather fusion.
ib3w_activity_environment_window_adapter_v1,qixing_lengshuikeng_xiaoyoukeng_20260410_gpx_v1,qixing_lengshuikeng_xiaoyoukeng_20260410_biji_gpx,qixing_lengshuikeng_xiaoyoukeng_20260410_biji_gpx,gpx,D:\mountain_work\115_osm\activity_input\gpx\qixing_lengshuikeng_xiaoyoukeng_gpx\冷水坑上-七星山東峰-主峰-下小油坑.gpx,2026-04-10T21:35:47+00:00,2026-04-10T23:54:30+00:00,138.717,explicit_gpx_utc,weather,MISSING,NULL_VALUE_ONLY,weather\tw_weather_2026-05-01.sqlite3,weather_observations,466920,臺北,臺北市,中正區,25.037659,121.514854,,14816.2,33,13,0,13,0,0,,,,,,,False,stations_with_observations_in_exact_activity_window_and_activity_bbox; rank_by_nearest_activity_trackpoint_distance,VARIABLE_VALUES_NULL_OR_BLANK_IN_ACTIVITY_WINDOW,False,Exact activity-window station-variable evidence; no imputation or weather fusion.
ib3w_activity_environment_window_adapter_v1,qixing_lengshuikeng_xiaoyoukeng_20260410_gpx_v1,qixing_lengshuikeng_xiaoyoukeng_20260410_biji_gpx,qixing_lengshuikeng_xiaoyoukeng_20260410_biji_gpx,gpx,D:\mountain_work\115_osm\activity_input\gpx\qixing_lengshuikeng_xiaoyoukeng_gpx\冷水坑上-七星山東峰-主峰-下小油坑.gpx,2026-04-10T21:35:47+00:00,2026-04-10T23:54:30+00:00,138.717,explicit_gpx_utc,precipitation_mm,OBSERVED,OBSERVED_IN_ACTIVITY_WINDOW,weather\tw_weather_2026-05-01.sqlite3,weather_observations,CAB020,國一S006K,基隆市,七堵區,25.08694,121.6869,,15166.1,34,13,12,1,12,0,2026-04-10T21:50:00+00:00,0.0,0.0,0.0,0.0,0.0,True,stations_with_observations_in_exact_activity_window_and_activity_bbox; rank_by_nearest_activity_trackpoint_distance,,False,Raw zero values are retained as observed evidence; zero is never synthesized.
ib3w_activity_environment_window_adapter_v1,qixing_lengshuikeng_xiaoyoukeng_20260410_gpx_v1,qixing_lengshuikeng_xiaoyoukeng_20260410_biji_gpx,qixing_lengshuikeng_xiaoyoukeng_20260410_biji_gpx,gpx,D:\mountain_work\115_osm\activity_input\gpx\qixing_lengshuikeng_xiaoyoukeng_gpx\冷水坑上-七星山東峰-主峰-下小油坑.gpx,2026-04-10T21:35:47+00:00,2026-04-10T23:54:30+00:00,138.717,explicit_gpx_utc,precipitation_10min_mm,MISSING,NULL_VALUE_ONLY,weather\tw_weather_2026-05-01.sqlite3,weather_observations,CAB020,國一S006K,基隆市,七堵區,25.08694,121.6869,,15166.1,34,13,0,13,0,0,,,,,,,False,stations_with_observations_in_exact_activity_window_and_activity_bbox; rank_by_nearest_activity_trackpoint_distance,VARIABLE_VALUES_NULL_OR_BLANK_IN_ACTIVITY_WINDOW,False,Exact activity-window station-variable evidence; no imputation or weather fusion.
ib3w_activity_environment_window_adapter_v1,qixing_lengshuikeng_xiaoyoukeng_20260410_gpx_v1,qixing_lengshuikeng_xiaoyoukeng_20260410_biji_gpx,qixing_lengshuikeng_xiaoyoukeng_20260410_biji_gpx,gpx,D:\mountain_work\115_osm\activity_input\gpx\qixing_lengshuikeng_xiaoyoukeng_gpx\冷水坑上-七星山東峰-主峰-下小油坑.gpx,2026-04-10T21:35:47+00:00,2026-04-10T23:54:30+00:00,138.717,explicit_gpx_utc,precipitation_1hr_mm,MISSING,NULL_VALUE_ONLY,weather\tw_weather_2026-05-01.sqlite3,weather_observations,CAB020,國一S006K,基隆市,七堵區,25.08694,121.6869,,15166.1,34,13,0,13,0,0,,,,,,,False,stations_with_observations_in_exact_activity_window_and_activity_bbox; rank_by_nearest_activity_trackpoint_distance,VARIABLE_VALUES_NULL_OR_BLANK_IN_ACTIVITY_WINDOW,False,Exact activity-window station-variable evidence; no imputation or weather fusion.
ib3w_activity_environment_window_adapter_v1,qixing_lengshuikeng_xiaoyoukeng_20260410_gpx_v1,qixing_lengshuikeng_xiaoyoukeng_20260410_biji_gpx,qixing_lengshuikeng_xiaoyoukeng_20260410_biji_gpx,gpx,D:\mountain_work\115_osm\activity_input\gpx\qixing_lengshuikeng_xiaoyoukeng_gpx\冷水坑上-七星山東峰-主峰-下小油坑.gpx,2026-04-10T21:35:47+00:00,2026-04-10T23:54:30+00:00,138.717,explicit_gpx_utc,temperature_c,OBSERVED,OBSERVED_IN_ACTIVITY_WINDOW,weather\tw_weather_2026-05-01.sqlite3,weather_observations,CAB020,國一S006K,基隆市,七堵區,25.08694,121.6869,,15166.1,34,13,12,1,0,12,2026-04-10T21:40:00+00:00,0.0,22.5,25.8,23.816666666666666,285.8,True,stations_with_observations_in_exact_activity_window_and_activity_bbox; rank_by_nearest_activity_trackpoint_distance,,False,Exact activity-window station-variable evidence; no imputation or weather fusion.
ib3w_activity_environment_window_adapter_v1,qixing_lengshuikeng_xiaoyoukeng_20260410_gpx_v1,qixing_lengshuikeng_xiaoyoukeng_20260410_biji_gpx,qixing_lengshuikeng_xiaoyoukeng_20260410_biji_gpx,gpx,D:\mountain_work\115_osm\activity_input\gpx\qixing_lengshuikeng_xiaoyoukeng_gpx\冷水坑上-七星山東峰-主峰-下小油坑.gpx,2026-04-10T21:35:47+00:00,2026-04-10T23:54:30+00:00,138.717,explicit_gpx_utc,relative_humidity_pct,OBSERVED,OBSERVED_IN_ACTIVITY_WINDOW,weather\tw_weather_2026-05-01.sqlite3,weather_observations,CAB020,國一S006K,基隆市,七堵區,25.08694,121.6869,,15166.1,34,13,12,1,0,12,2026-04-10T21:40:00+00:00,0.0,89.0,98.0,94.25,1131.0,True,stations_with_observations_in_exact_activity_window_and_activity_bbox; rank_by_nearest_activity_trackpoint_distance,,False,Exact activity-window station-variable evidence; no imputation or weather fusion.
ib3w_activity_environment_window_adapter_v1,qixing_lengshuikeng_xiaoyoukeng_20260410_gpx_v1,qixing_lengshuikeng_xiaoyoukeng_20260410_biji_gpx,qixing_lengshuikeng_xiaoyoukeng_20260410_biji_gpx,gpx,D:\mountain_work\115_osm\activity_input\gpx\qixing_lengshuikeng_xiaoyoukeng_gpx\冷水坑上-七星山東峰-主峰-下小油坑.gpx,2026-04-10T21:35:47+00:00,2026-04-10T23:54:30+00:00,138.717,explicit_gpx_utc,wind_speed_ms,OBSERVED,OBSERVED_IN_ACTIVITY_WINDOW,weather\tw_weather_2026-05-01.sqlite3,weather_observations,CAB020,國一S006K,基隆市,七堵區,25.08694,121.6869,,15166.1,34,13,12,1,0,12,2026-04-10T21:50:00+00:00,0.0,0.5,1.7,1.0083333333333333,12.1,True,stations_with_observations_in_exact_activity_window_and_activity_bbox; rank_by_nearest_activity_trackpoint_distance,,False,Exact activity-window station-variable evidence; no imputation or weather fusion.
ib3w_activity_environment_window_adapter_v1,qixing_lengshuikeng_xiaoyoukeng_20260410_gpx_v1,qixing_lengshuikeng_xiaoyoukeng_20260410_biji_gpx,qixing_lengshuikeng_xiaoyoukeng_20260410_biji_gpx,gpx,D:\mountain_work\115_osm\activity_input\gpx\qixing_lengshuikeng_xiaoyoukeng_gpx\冷水坑上-七星山東峰-主峰-下小油坑.gpx,2026-04-10T21:35:47+00:00,2026-04-10T23:54:30+00:00,138.717,explicit_gpx_utc,wind_direction_deg,OBSERVED,OBSERVED_IN_ACTIVITY_WINDOW,weather\tw_weather_2026-05-01.sqlite3,weather_observations,CAB020,國一S006K,基隆市,七堵區,25.08694,121.6869,,15166.1,34,13,12,1,0,12,2026-04-10T21:50:00+00:00,0.0,10.0,360.0,258.3333333333333,3100.0,True,stations_with_observations_in_exact_activity_window_and_activity_bbox; rank_by_nearest_activity_trackpoint_distance,,False,Exact activity-window station-variable evidence; no imputation or weather fusion.
ib3w_activity_environment_window_adapter_v1,qixing_lengshuikeng_xiaoyoukeng_20260410_gpx_v1,qixing_lengshuikeng_xiaoyoukeng_20260410_biji_gpx,qixing_lengshuikeng_xiaoyoukeng_20260410_biji_gpx,gpx,D:\mountain_work\115_osm\activity_input\gpx\qixing_lengshuikeng_xiaoyoukeng_gpx\冷水坑上-七星山東峰-主峰-下小油坑.gpx,2026-04-10T21:35:47+00:00,2026-04-10T23:54:30+00:00,138.717,explicit_gpx_utc,pressure_hpa,MISSING,NULL_VALUE_ONLY,weather\tw_weather_2026-05-01.sqlite3,weather_observations,CAB020,國一S006K,基隆市,七堵區,25.08694,121.6869,,15166.1,34,13,0,13,0,0,,,,,,,False,stations_with_observations_in_exact_activity_window_and_activity_bbox; rank_by_nearest_activity_trackpoint_distance,VARIABLE_VALUES_NULL_OR_BLANK_IN_ACTIVITY_WINDOW,False,Exact activity-window station-variable evidence; no imputation or weather fusion.
ib3w_activity_environment_window_adapter_v1,qixing_lengshuikeng_xiaoyoukeng_20260410_gpx_v1,qixing_lengshuikeng_xiaoyoukeng_20260410_biji_gpx,qixing_lengshuikeng_xiaoyoukeng_20260410_biji_gpx,gpx,D:\mountain_work\115_osm\activity_input\gpx\qixing_lengshuikeng_xiaoyoukeng_gpx\冷水坑上-七星山東峰-主峰-下小油坑.gpx,2026-04-10T21:35:47+00:00,2026-04-10T23:54:30+00:00,138.717,explicit_gpx_utc,visibility_m,MISSING,NULL_VALUE_ONLY,weather\tw_weather_2026-05-01.sqlite3,weather_observations,CAB020,國一S006K,基隆市,七堵區,25.08694,121.6869,,15166.1,34,13,0,13,0,0,,,,,,,False,stations_with_observations_in_exact_activity_window_and_activity_bbox; rank_by_nearest_activity_trackpoint_distance,VARIABLE_VALUES_NULL_OR_BLANK_IN_ACTIVITY_WINDOW,False,Exact activity-window station-variable evidence; no imputation or weather fusion.
ib3w_activity_environment_window_adapter_v1,qixing_lengshuikeng_xiaoyoukeng_20260410_gpx_v1,qixing_lengshuikeng_xiaoyoukeng_20260410_biji_gpx,qixing_lengshuikeng_xiaoyoukeng_20260410_biji_gpx,gpx,D:\mountain_work\115_osm\activity_input\gpx\qixing_lengshuikeng_xiaoyoukeng_gpx\冷水坑上-七星山東峰-主峰-下小油坑.gpx,2026-04-10T21:35:47+00:00,2026-04-10T23:54:30+00:00,138.717,explicit_gpx_utc,weather,MISSING,NULL_VALUE_ONLY,weather\tw_weather_2026-05-01.sqlite3,weather_observations,CAB020,國一S006K,基隆市,七堵區,25.08694,121.6869,,15166.1,34,13,0,13,0,0,,,,,,,False,stations_with_observations_in_exact_activity_window_and_activity_bbox; rank_by_nearest_activity_trackpoint_distance,VARIABLE_VALUES_NULL_OR_BLANK_IN_ACTIVITY_WINDOW,False,Exact activity-window station-variable evidence; no imputation or weather fusion.
ib3w_activity_environment_window_adapter_v1,qixing_lengshuikeng_xiaoyoukeng_20260410_gpx_v1,qixing_lengshuikeng_xiaoyoukeng_20260410_biji_gpx,qixing_lengshuikeng_xiaoyoukeng_20260410_biji_gpx,gpx,D:\mountain_work\115_osm\activity_input\gpx\qixing_lengshuikeng_xiaoyoukeng_gpx\冷水坑上-七星山東峰-主峰-下小油坑.gpx,2026-04-10T21:35:47+00:00,2026-04-10T23:54:30+00:00,138.717,explicit_gpx_utc,precipitation_mm,OBSERVED,OBSERVED_IN_ACTIVITY_WINDOW,weather\tw_weather_2026-05-01.sqlite3,weather_observations,CAAH60,大安森林,臺北市,大安區,25.02955,121.53628,,15230.6,35,12,12,0,12,0,2026-04-10T21:50:00+00:00,0.0,0.0,0.0,0.0,0.0,True,stations_with_observations_in_exact_activity_window_and_activity_bbox; rank_by_nearest_activity_trackpoint_distance,,False,Raw zero values are retained as observed evidence; zero is never synthesized.
ib3w_activity_environment_window_adapter_v1,qixing_lengshuikeng_xiaoyoukeng_20260410_gpx_v1,qixing_lengshuikeng_xiaoyoukeng_20260410_biji_gpx,qixing_lengshuikeng_xiaoyoukeng_20260410_biji_gpx,gpx,D:\mountain_work\115_osm\activity_input\gpx\qixing_lengshuikeng_xiaoyoukeng_gpx\冷水坑上-七星山東峰-主峰-下小油坑.gpx,2026-04-10T21:35:47+00:00,2026-04-10T23:54:30+00:00,138.717,explicit_gpx_utc,precipitation_10min_mm,MISSING,NULL_VALUE_ONLY,weather\tw_weather_2026-05-01.sqlite3,weather_observations,CAAH60,大安森林,臺北市,大安區,25.02955,121.53628,,15230.6,35,12,0,12,0,0,,,,,,,False,stations_with_observations_in_exact_activity_window_and_activity_bbox; rank_by_nearest_activity_trackpoint_distance,VARIABLE_VALUES_NULL_OR_BLANK_IN_ACTIVITY_WINDOW,False,Exact activity-window station-variable evidence; no imputation or weather fusion.
ib3w_activity_environment_window_adapter_v1,qixing_lengshuikeng_xiaoyoukeng_20260410_gpx_v1,qixing_lengshuikeng_xiaoyoukeng_20260410_biji_gpx,qixing_lengshuikeng_xiaoyoukeng_20260410_biji_gpx,gpx,D:\mountain_work\115_osm\activity_input\gpx\qixing_lengshuikeng_xiaoyoukeng_gpx\冷水坑上-七星山東峰-主峰-下小油坑.gpx,2026-04-10T21:35:47+00:00,2026-04-10T23:54:30+00:00,138.717,explicit_gpx_utc,precipitation_1hr_mm,MISSING,NULL_VALUE_ONLY,weather\tw_weather_2026-05-01.sqlite3,weather_observations,CAAH60,大安森林,臺北市,大安區,25.02955,121.53628,,15230.6,35,12,0,12,0,0,,,,,,,False,stations_with_observations_in_exact_activity_window_and_activity_bbox; rank_by_nearest_activity_trackpoint_distance,VARIABLE_VALUES_NULL_OR_BLANK_IN_ACTIVITY_WINDOW,False,Exact activity-window station-variable evidence; no imputation or weather fusion.
ib3w_activity_environment_window_adapter_v1,qixing_lengshuikeng_xiaoyoukeng_20260410_gpx_v1,qixing_lengshuikeng_xiaoyoukeng_20260410_biji_gpx,qixing_lengshuikeng_xiaoyoukeng_20260410_biji_gpx,gpx,D:\mountain_work\115_osm\activity_input\gpx\qixing_lengshuikeng_xiaoyoukeng_gpx\冷水坑上-七星山東峰-主峰-下小油坑.gpx,2026-04-10T21:35:47+00:00,2026-04-10T23:54:30+00:00,138.717,explicit_gpx_utc,temperature_c,OBSERVED,OBSERVED_IN_ACTIVITY_WINDOW,weather\tw_weather_2026-05-01.sqlite3,weather_observations,CAAH60,大安森林,臺北市,大安區,25.02955,121.53628,,15230.6,35,12,12,0,0,12,2026-04-10T21:50:00+00:00,0.0,22.3,25.6,23.658333333333335,283.90000000000003,True,stations_with_observations_in_exact_activity_window_and_activity_bbox; rank_by_nearest_activity_trackpoint_distance,,False,Exact activity-window station-variable evidence; no imputation or weather fusion.
ib3w_activity_environment_window_adapter_v1,qixing_lengshuikeng_xiaoyoukeng_20260410_gpx_v1,qixing_lengshuikeng_xiaoyoukeng_20260410_biji_gpx,qixing_lengshuikeng_xiaoyoukeng_20260410_biji_gpx,gpx,D:\mountain_work\115_osm\activity_input\gpx\qixing_lengshuikeng_xiaoyoukeng_gpx\冷水坑上-七星山東峰-主峰-下小油坑.gpx,2026-04-10T21:35:47+00:00,2026-04-10T23:54:30+00:00,138.717,explicit_gpx_utc,relative_humidity_pct,OBSERVED,OBSERVED_IN_ACTIVITY_WINDOW,weather\tw_weather_2026-05-01.sqlite3,weather_observations,CAAH60,大安森林,臺北市,大安區,25.02955,121.53628,,15230.6,35,12,12,0,0,12,2026-04-10T21:50:00+00:00,0.0,79.0,94.0,87.58333333333333,1051.0,True,stations_with_observations_in_exact_activity_window_and_activity_bbox; rank_by_nearest_activity_trackpoint_distance,,False,Exact activity-window station-variable evidence; no imputation or weather fusion.
ib3w_activity_environment_window_adapter_v1,qixing_lengshuikeng_xiaoyoukeng_20260410_gpx_v1,qixing_lengshuikeng_xiaoyoukeng_20260410_biji_gpx,qixing_lengshuikeng_xiaoyoukeng_20260410_biji_gpx,gpx,D:\mountain_work\115_osm\activity_input\gpx\qixing_lengshuikeng_xiaoyoukeng_gpx\冷水坑上-七星山東峰-主峰-下小油坑.gpx,2026-04-10T21:35:47+00:00,2026-04-10T23:54:30+00:00,138.717,explicit_gpx_utc,wind_speed_ms,OBSERVED,OBSERVED_IN_ACTIVITY_WINDOW,weather\tw_weather_2026-05-01.sqlite3,weather_observations,CAAH60,大安森林,臺北市,大安區,25.02955,121.53628,,15230.6,35,12,12,0,11,1,2026-04-10T21:50:00+00:00,0.0,0.0,0.1,0.008333333333333333,0.1,True,stations_with_observations_in_exact_activity_window_and_activity_bbox; rank_by_nearest_activity_trackpoint_distance,,False,Raw zero values are retained as observed evidence; zero is never synthesized.
ib3w_activity_environment_window_adapter_v1,qixing_lengshuikeng_xiaoyoukeng_20260410_gpx_v1,qixing_lengshuikeng_xiaoyoukeng_20260410_biji_gpx,qixing_lengshuikeng_xiaoyoukeng_20260410_biji_gpx,gpx,D:\mountain_work\115_osm\activity_input\gpx\qixing_lengshuikeng_xiaoyoukeng_gpx\冷水坑上-七星山東峰-主峰-下小油坑.gpx,2026-04-10T21:35:47+00:00,2026-04-10T23:54:30+00:00,138.717,explicit_gpx_utc,wind_direction_deg,OBSERVED,OBSERVED_IN_ACTIVITY_WINDOW,weather\tw_weather_2026-05-01.sqlite3,weather_observations,CAAH60,大安森林,臺北市,大安區,25.02955,121.53628,,15230.6,35,12,12,0,12,0,2026-04-10T21:50:00+00:00,0.0,0.0,0.0,0.0,0.0,True,stations_with_observations_in_exact_activity_window_and_activity_bbox; rank_by_nearest_activity_trackpoint_distance,,False,Raw zero values are retained as observed evidence; zero is never synthesized.
ib3w_activity_environment_window_adapter_v1,qixing_lengshuikeng_xiaoyoukeng_20260410_gpx_v1,qixing_lengshuikeng_xiaoyoukeng_20260410_biji_gpx,qixing_lengshuikeng_xiaoyoukeng_20260410_biji_gpx,gpx,D:\mountain_work\115_osm\activity_input\gpx\qixing_lengshuikeng_xiaoyoukeng_gpx\冷水坑上-七星山東峰-主峰-下小油坑.gpx,2026-04-10T21:35:47+00:00,2026-04-10T23:54:30+00:00,138.717,explicit_gpx_utc,pressure_hpa,MISSING,NULL_VALUE_ONLY,weather\tw_weather_2026-05-01.sqlite3,weather_observations,CAAH60,大安森林,臺北市,大安區,25.02955,121.53628,,15230.6,35,12,0,12,0,0,,,,,,,False,stations_with_observations_in_exact_activity_window_and_activity_bbox; rank_by_nearest_activity_trackpoint_distance,VARIABLE_VALUES_NULL_OR_BLANK_IN_ACTIVITY_WINDOW,False,Exact activity-window station-variable evidence; no imputation or weather fusion.
ib3w_activity_environment_window_adapter_v1,qixing_lengshuikeng_xiaoyoukeng_20260410_gpx_v1,qixing_lengshuikeng_xiaoyoukeng_20260410_biji_gpx,qixing_lengshuikeng_xiaoyoukeng_20260410_biji_gpx,gpx,D:\mountain_work\115_osm\activity_input\gpx\qixing_lengshuikeng_xiaoyoukeng_gpx\冷水坑上-七星山東峰-主峰-下小油坑.gpx,2026-04-10T21:35:47+00:00,2026-04-10T23:54:30+00:00,138.717,explicit_gpx_utc,visibility_m,MISSING,NULL_VALUE_ONLY,weather\tw_weather_2026-05-01.sqlite3,weather_observations,CAAH60,大安森林,臺北市,大安區,25.02955,121.53628,,15230.6,35,12,0,12,0,0,,,,,,,False,stations_with_observations_in_exact_activity_window_and_activity_bbox; rank_by_nearest_activity_trackpoint_distance,VARIABLE_VALUES_NULL_OR_BLANK_IN_ACTIVITY_WINDOW,False,Exact activity-window station-variable evidence; no imputation or weather fusion.
ib3w_activity_environment_window_adapter_v1,qixing_lengshuikeng_xiaoyoukeng_20260410_gpx_v1,qixing_lengshuikeng_xiaoyoukeng_20260410_biji_gpx,qixing_lengshuikeng_xiaoyoukeng_20260410_biji_gpx,gpx,D:\mountain_work\115_osm\activity_input\gpx\qixing_lengshuikeng_xiaoyoukeng_gpx\冷水坑上-七星山東峰-主峰-下小油坑.gpx,2026-04-10T21:35:47+00:00,2026-04-10T23:54:30+00:00,138.717,explicit_gpx_utc,weather,MISSING,NULL_VALUE_ONLY,weather\tw_weather_2026-05-01.sqlite3,weather_observations,CAAH60,大安森林,臺北市,大安區,25.02955,121.53628,,15230.6,35,12,0,12,0,0,,,,,,,False,stations_with_observations_in_exact_activity_window_and_activity_bbox; rank_by_nearest_activity_trackpoint_distance,VARIABLE_VALUES_NULL_OR_BLANK_IN_ACTIVITY_WINDOW,False,Exact activity-window station-variable evidence; no imputation or weather fusion.
ib3w_activity_environment_window_adapter_v1,qixing_lengshuikeng_xiaoyoukeng_20260410_gpx_v1,qixing_lengshuikeng_xiaoyoukeng_20260410_biji_gpx,qixing_lengshuikeng_xiaoyoukeng_20260410_biji_gpx,gpx,D:\mountain_work\115_osm\activity_input\gpx\qixing_lengshuikeng_xiaoyoukeng_gpx\冷水坑上-七星山東峰-主峰-下小油坑.gpx,2026-04-10T21:35:47+00:00,2026-04-10T23:54:30+00:00,138.717,explicit_gpx_utc,precipitation_mm,OBSERVED,OBSERVED_IN_ACTIVITY_WINDOW,weather\tw_weather_2026-05-01.sqlite3,weather_observations,CAA040,國三S016K,臺北市,南港區,25.03306,121.6158,,15644.2,36,13,12,1,12,0,2026-04-10T21:50:00+00:00,0.0,0.0,0.0,0.0,0.0,True,stations_with_observations_in_exact_activity_window_and_activity_bbox; rank_by_nearest_activity_trackpoint_distance,,False,Raw zero values are retained as observed evidence; zero is never synthesized.
ib3w_activity_environment_window_adapter_v1,qixing_lengshuikeng_xiaoyoukeng_20260410_gpx_v1,qixing_lengshuikeng_xiaoyoukeng_20260410_biji_gpx,qixing_lengshuikeng_xiaoyoukeng_20260410_biji_gpx,gpx,D:\mountain_work\115_osm\activity_input\gpx\qixing_lengshuikeng_xiaoyoukeng_gpx\冷水坑上-七星山東峰-主峰-下小油坑.gpx,2026-04-10T21:35:47+00:00,2026-04-10T23:54:30+00:00,138.717,explicit_gpx_utc,precipitation_10min_mm,MISSING,NULL_VALUE_ONLY,weather\tw_weather_2026-05-01.sqlite3,weather_observations,CAA040,國三S016K,臺北市,南港區,25.03306,121.6158,,15644.2,36,13,0,13,0,0,,,,,,,False,stations_with_observations_in_exact_activity_window_and_activity_bbox; rank_by_nearest_activity_trackpoint_distance,VARIABLE_VALUES_NULL_OR_BLANK_IN_ACTIVITY_WINDOW,False,Exact activity-window station-variable evidence; no imputation or weather fusion.
ib3w_activity_environment_window_adapter_v1,qixing_lengshuikeng_xiaoyoukeng_20260410_gpx_v1,qixing_lengshuikeng_xiaoyoukeng_20260410_biji_gpx,qixing_lengshuikeng_xiaoyoukeng_20260410_biji_gpx,gpx,D:\mountain_work\115_osm\activity_input\gpx\qixing_lengshuikeng_xiaoyoukeng_gpx\冷水坑上-七星山東峰-主峰-下小油坑.gpx,2026-04-10T21:35:47+00:00,2026-04-10T23:54:30+00:00,138.717,explicit_gpx_utc,precipitation_1hr_mm,MISSING,NULL_VALUE_ONLY,weather\tw_weather_2026-05-01.sqlite3,weather_observations,CAA040,國三S016K,臺北市,南港區,25.03306,121.6158,,15644.2,36,13,0,13,0,0,,,,,,,False,stations_with_observations_in_exact_activity_window_and_activity_bbox; rank_by_nearest_activity_trackpoint_distance,VARIABLE_VALUES_NULL_OR_BLANK_IN_ACTIVITY_WINDOW,False,Exact activity-window station-variable evidence; no imputation or weather fusion.
ib3w_activity_environment_window_adapter_v1,qixing_lengshuikeng_xiaoyoukeng_20260410_gpx_v1,qixing_lengshuikeng_xiaoyoukeng_20260410_biji_gpx,qixing_lengshuikeng_xiaoyoukeng_20260410_biji_gpx,gpx,D:\mountain_work\115_osm\activity_input\gpx\qixing_lengshuikeng_xiaoyoukeng_gpx\冷水坑上-七星山東峰-主峰-下小油坑.gpx,2026-04-10T21:35:47+00:00,2026-04-10T23:54:30+00:00,138.717,explicit_gpx_utc,temperature_c,OBSERVED,OBSERVED_IN_ACTIVITY_WINDOW,weather\tw_weather_2026-05-01.sqlite3,weather_observations,CAA040,國三S016K,臺北市,南港區,25.03306,121.6158,,15644.2,36,13,12,1,0,12,2026-04-10T21:40:00+00:00,0.0,21.6,25.0,22.991666666666664,275.9,True,stations_with_observations_in_exact_activity_window_and_activity_bbox; rank_by_nearest_activity_trackpoint_distance,,False,Exact activity-window station-variable evidence; no imputation or weather fusion.
ib3w_activity_environment_window_adapter_v1,qixing_lengshuikeng_xiaoyoukeng_20260410_gpx_v1,qixing_lengshuikeng_xiaoyoukeng_20260410_biji_gpx,qixing_lengshuikeng_xiaoyoukeng_20260410_biji_gpx,gpx,D:\mountain_work\115_osm\activity_input\gpx\qixing_lengshuikeng_xiaoyoukeng_gpx\冷水坑上-七星山東峰-主峰-下小油坑.gpx,2026-04-10T21:35:47+00:00,2026-04-10T23:54:30+00:00,138.717,explicit_gpx_utc,relative_humidity_pct,OBSERVED,OBSERVED_IN_ACTIVITY_WINDOW,weather\tw_weather_2026-05-01.sqlite3,weather_observations,CAA040,國三S016K,臺北市,南港區,25.03306,121.6158,,15644.2,36,13,12,1,0,12,2026-04-10T21:50:00+00:00,0.0,92.0,100.0,97.41666666666667,1169.0,True,stations_with_observations_in_exact_activity_window_and_activity_bbox; rank_by_nearest_activity_trackpoint_distance,,False,Exact activity-window station-variable evidence; no imputation or weather fusion.
ib3w_activity_environment_window_adapter_v1,qixing_lengshuikeng_xiaoyoukeng_20260410_gpx_v1,qixing_lengshuikeng_xiaoyoukeng_20260410_biji_gpx,qixing_lengshuikeng_xiaoyoukeng_20260410_biji_gpx,gpx,D:\mountain_work\115_osm\activity_input\gpx\qixing_lengshuikeng_xiaoyoukeng_gpx\冷水坑上-七星山東峰-主峰-下小油坑.gpx,2026-04-10T21:35:47+00:00,2026-04-10T23:54:30+00:00,138.717,explicit_gpx_utc,wind_speed_ms,OBSERVED,OBSERVED_IN_ACTIVITY_WINDOW,weather\tw_weather_2026-05-01.sqlite3,weather_observations,CAA040,國三S016K,臺北市,南港區,25.03306,121.6158,,15644.2,36,13,12,1,0,12,2026-04-10T21:50:00+00:00,0.0,0.4,1.8,0.8333333333333334,10.0,True,stations_with_observations_in_exact_activity_window_and_activity_bbox; rank_by_nearest_activity_trackpoint_distance,,False,Exact activity-window station-variable evidence; no imputation or weather fusion.
ib3w_activity_environment_window_adapter_v1,qixing_lengshuikeng_xiaoyoukeng_20260410_gpx_v1,qixing_lengshuikeng_xiaoyoukeng_20260410_biji_gpx,qixing_lengshuikeng_xiaoyoukeng_20260410_biji_gpx,gpx,D:\mountain_work\115_osm\activity_input\gpx\qixing_lengshuikeng_xiaoyoukeng_gpx\冷水坑上-七星山東峰-主峰-下小油坑.gpx,2026-04-10T21:35:47+00:00,2026-04-10T23:54:30+00:00,138.717,explicit_gpx_utc,wind_direction_deg,OBSERVED,OBSERVED_IN_ACTIVITY_WINDOW,weather\tw_weather_2026-05-01.sqlite3,weather_observations,CAA040,國三S016K,臺北市,南港區,25.03306,121.6158,,15644.2,36,13,12,1,0,12,2026-04-10T21:50:00+00:00,0.0,10.0,360.0,148.33333333333334,1780.0,True,stations_with_observations_in_exact_activity_window_and_activity_bbox; rank_by_nearest_activity_trackpoint_distance,,False,Exact activity-window station-variable evidence; no imputation or weather fusion.
ib3w_activity_environment_window_adapter_v1,qixing_lengshuikeng_xiaoyoukeng_20260410_gpx_v1,qixing_lengshuikeng_xiaoyoukeng_20260410_biji_gpx,qixing_lengshuikeng_xiaoyoukeng_20260410_biji_gpx,gpx,D:\mountain_work\115_osm\activity_input\gpx\qixing_lengshuikeng_xiaoyoukeng_gpx\冷水坑上-七星山東峰-主峰-下小油坑.gpx,2026-04-10T21:35:47+00:00,2026-04-10T23:54:30+00:00,138.717,explicit_gpx_utc,pressure_hpa,MISSING,NULL_VALUE_ONLY,weather\tw_weather_2026-05-01.sqlite3,weather_observations,CAA040,國三S016K,臺北市,南港區,25.03306,121.6158,,15644.2,36,13,0,13,0,0,,,,,,,False,stations_with_observations_in_exact_activity_window_and_activity_bbox; rank_by_nearest_activity_trackpoint_distance,VARIABLE_VALUES_NULL_OR_BLANK_IN_ACTIVITY_WINDOW,False,Exact activity-window station-variable evidence; no imputation or weather fusion.
ib3w_activity_environment_window_adapter_v1,qixing_lengshuikeng_xiaoyoukeng_20260410_gpx_v1,qixing_lengshuikeng_xiaoyoukeng_20260410_biji_gpx,qixing_lengshuikeng_xiaoyoukeng_20260410_biji_gpx,gpx,D:\mountain_work\115_osm\activity_input\gpx\qixing_lengshuikeng_xiaoyoukeng_gpx\冷水坑上-七星山東峰-主峰-下小油坑.gpx,2026-04-10T21:35:47+00:00,2026-04-10T23:54:30+00:00,138.717,explicit_gpx_utc,visibility_m,MISSING,NULL_VALUE_ONLY,weather\tw_weather_2026-05-01.sqlite3,weather_observations,CAA040,國三S016K,臺北市,南港區,25.03306,121.6158,,15644.2,36,13,0,13,0,0,,,,,,,False,stations_with_observations_in_exact_activity_window_and_activity_bbox; rank_by_nearest_activity_trackpoint_distance,VARIABLE_VALUES_NULL_OR_BLANK_IN_ACTIVITY_WINDOW,False,Exact activity-window station-variable evidence; no imputation or weather fusion.
ib3w_activity_environment_window_adapter_v1,qixing_lengshuikeng_xiaoyoukeng_20260410_gpx_v1,qixing_lengshuikeng_xiaoyoukeng_20260410_biji_gpx,qixing_lengshuikeng_xiaoyoukeng_20260410_biji_gpx,gpx,D:\mountain_work\115_osm\activity_input\gpx\qixing_lengshuikeng_xiaoyoukeng_gpx\冷水坑上-七星山東峰-主峰-下小油坑.gpx,2026-04-10T21:35:47+00:00,2026-04-10T23:54:30+00:00,138.717,explicit_gpx_utc,weather,MISSING,NULL_VALUE_ONLY,weather\tw_weather_2026-05-01.sqlite3,weather_observations,CAA040,國三S016K,臺北市,南港區,25.03306,121.6158,,15644.2,36,13,0,13,0,0,,,,,,,False,stations_with_observations_in_exact_activity_window_and_activity_bbox; rank_by_nearest_activity_trackpoint_distance,VARIABLE_VALUES_NULL_OR_BLANK_IN_ACTIVITY_WINDOW,False,Exact activity-window station-variable evidence; no imputation or weather fusion.
ib3w_activity_environment_window_adapter_v1,qixing_lengshuikeng_xiaoyoukeng_20260410_gpx_v1,qixing_lengshuikeng_xiaoyoukeng_20260410_biji_gpx,qixing_lengshuikeng_xiaoyoukeng_20260410_biji_gpx,gpx,D:\mountain_work\115_osm\activity_input\gpx\qixing_lengshuikeng_xiaoyoukeng_gpx\冷水坑上-七星山東峰-主峰-下小油坑.gpx,2026-04-10T21:35:47+00:00,2026-04-10T23:54:30+00:00,138.717,explicit_gpx_utc,precipitation_mm,OBSERVED,OBSERVED_IN_ACTIVITY_WINDOW,weather\tw_weather_2026-05-01.sqlite3,weather_observations,CAB050,國三N002K,基隆市,安樂區,25.14583,121.7217,,16036.8,37,13,12,1,12,0,2026-04-10T21:50:00+00:00,0.0,0.0,0.0,0.0,0.0,True,stations_with_observations_in_exact_activity_window_and_activity_bbox; rank_by_nearest_activity_trackpoint_distance,,False,Raw zero values are retained as observed evidence; zero is never synthesized.
ib3w_activity_environment_window_adapter_v1,qixing_lengshuikeng_xiaoyoukeng_20260410_gpx_v1,qixing_lengshuikeng_xiaoyoukeng_20260410_biji_gpx,qixing_lengshuikeng_xiaoyoukeng_20260410_biji_gpx,gpx,D:\mountain_work\115_osm\activity_input\gpx\qixing_lengshuikeng_xiaoyoukeng_gpx\冷水坑上-七星山東峰-主峰-下小油坑.gpx,2026-04-10T21:35:47+00:00,2026-04-10T23:54:30+00:00,138.717,explicit_gpx_utc,precipitation_10min_mm,MISSING,NULL_VALUE_ONLY,weather\tw_weather_2026-05-01.sqlite3,weather_observations,CAB050,國三N002K,基隆市,安樂區,25.14583,121.7217,,16036.8,37,13,0,13,0,0,,,,,,,False,stations_with_observations_in_exact_activity_window_and_activity_bbox; rank_by_nearest_activity_trackpoint_distance,VARIABLE_VALUES_NULL_OR_BLANK_IN_ACTIVITY_WINDOW,False,Exact activity-window station-variable evidence; no imputation or weather fusion.
ib3w_activity_environment_window_adapter_v1,qixing_lengshuikeng_xiaoyoukeng_20260410_gpx_v1,qixing_lengshuikeng_xiaoyoukeng_20260410_biji_gpx,qixing_lengshuikeng_xiaoyoukeng_20260410_biji_gpx,gpx,D:\mountain_work\115_osm\activity_input\gpx\qixing_lengshuikeng_xiaoyoukeng_gpx\冷水坑上-七星山東峰-主峰-下小油坑.gpx,2026-04-10T21:35:47+00:00,2026-04-10T23:54:30+00:00,138.717,explicit_gpx_utc,precipitation_1hr_mm,MISSING,NULL_VALUE_ONLY,weather\tw_weather_2026-05-01.sqlite3,weather_observations,CAB050,國三N002K,基隆市,安樂區,25.14583,121.7217,,16036.8,37,13,0,13,0,0,,,,,,,False,stations_with_observations_in_exact_activity_window_and_activity_bbox; rank_by_nearest_activity_trackpoint_distance,VARIABLE_VALUES_NULL_OR_BLANK_IN_ACTIVITY_WINDOW,False,Exact activity-window station-variable evidence; no imputation or weather fusion.
ib3w_activity_environment_window_adapter_v1,qixing_lengshuikeng_xiaoyoukeng_20260410_gpx_v1,qixing_lengshuikeng_xiaoyoukeng_20260410_biji_gpx,qixing_lengshuikeng_xiaoyoukeng_20260410_biji_gpx,gpx,D:\mountain_work\115_osm\activity_input\gpx\qixing_lengshuikeng_xiaoyoukeng_gpx\冷水坑上-七星山東峰-主峰-下小油坑.gpx,2026-04-10T21:35:47+00:00,2026-04-10T23:54:30+00:00,138.717,explicit_gpx_utc,temperature_c,OBSERVED,OBSERVED_IN_ACTIVITY_WINDOW,weather\tw_weather_2026-05-01.sqlite3,weather_observations,CAB050,國三N002K,基隆市,安樂區,25.14583,121.7217,,16036.8,37,13,12,1,0,12,2026-04-10T21:40:00+00:00,0.0,22.5,25.8,23.691666666666666,284.3,True,stations_with_observations_in_exact_activity_window_and_activity_bbox; rank_by_nearest_activity_trackpoint_distance,,False,Exact activity-window station-variable evidence; no imputation or weather fusion.
ib3w_activity_environment_window_adapter_v1,qixing_lengshuikeng_xiaoyoukeng_20260410_gpx_v1,qixing_lengshuikeng_xiaoyoukeng_20260410_biji_gpx,qixing_lengshuikeng_xiaoyoukeng_20260410_biji_gpx,gpx,D:\mountain_work\115_osm\activity_input\gpx\qixing_lengshuikeng_xiaoyoukeng_gpx\冷水坑上-七星山東峰-主峰-下小油坑.gpx,2026-04-10T21:35:47+00:00,2026-04-10T23:54:30+00:00,138.717,explicit_gpx_utc,relative_humidity_pct,OBSERVED,OBSERVED_IN_ACTIVITY_WINDOW,weather\tw_weather_2026-05-01.sqlite3,weather_observations,CAB050,國三N002K,基隆市,安樂區,25.14583,121.7217,,16036.8,37,13,12,1,0,12,2026-04-10T21:40:00+00:00,0.0,85.0,97.0,93.0,1116.0,True,stations_with_observations_in_exact_activity_window_and_activity_bbox; rank_by_nearest_activity_trackpoint_distance,,False,Exact activity-window station-variable evidence; no imputation or weather fusion.
ib3w_activity_environment_window_adapter_v1,qixing_lengshuikeng_xiaoyoukeng_20260410_gpx_v1,qixing_lengshuikeng_xiaoyoukeng_20260410_biji_gpx,qixing_lengshuikeng_xiaoyoukeng_20260410_biji_gpx,gpx,D:\mountain_work\115_osm\activity_input\gpx\qixing_lengshuikeng_xiaoyoukeng_gpx\冷水坑上-七星山東峰-主峰-下小油坑.gpx,2026-04-10T21:35:47+00:00,2026-04-10T23:54:30+00:00,138.717,explicit_gpx_utc,wind_speed_ms,OBSERVED,OBSERVED_IN_ACTIVITY_WINDOW,weather\tw_weather_2026-05-01.sqlite3,weather_observations,CAB050,國三N002K,基隆市,安樂區,25.14583,121.7217,,16036.8,37,13,12,1,0,12,2026-04-10T21:50:00+00:00,0.0,0.2,0.6,0.4083333333333334,4.9,True,stations_with_observations_in_exact_activity_window_and_activity_bbox; rank_by_nearest_activity_trackpoint_distance,,False,Exact activity-window station-variable evidence; no imputation or weather fusion.
ib3w_activity_environment_window_adapter_v1,qixing_lengshuikeng_xiaoyoukeng_20260410_gpx_v1,qixing_lengshuikeng_xiaoyoukeng_20260410_biji_gpx,qixing_lengshuikeng_xiaoyoukeng_20260410_biji_gpx,gpx,D:\mountain_work\115_osm\activity_input\gpx\qixing_lengshuikeng_xiaoyoukeng_gpx\冷水坑上-七星山東峰-主峰-下小油坑.gpx,2026-04-10T21:35:47+00:00,2026-04-10T23:54:30+00:00,138.717,explicit_gpx_utc,wind_direction_deg,OBSERVED,OBSERVED_IN_ACTIVITY_WINDOW,weather\tw_weather_2026-05-01.sqlite3,weather_observations,CAB050,國三N002K,基隆市,安樂區,25.14583,121.7217,,16036.8,37,13,12,1,3,9,2026-04-10T21:50:00+00:00,0.0,0.0,360.0,167.5,2010.0,True,stations_with_observations_in_exact_activity_window_and_activity_bbox; rank_by_nearest_activity_trackpoint_distance,,False,Raw zero values are retained as observed evidence; zero is never synthesized.
ib3w_activity_environment_window_adapter_v1,qixing_lengshuikeng_xiaoyoukeng_20260410_gpx_v1,qixing_lengshuikeng_xiaoyoukeng_20260410_biji_gpx,qixing_lengshuikeng_xiaoyoukeng_20260410_biji_gpx,gpx,D:\mountain_work\115_osm\activity_input\gpx\qixing_lengshuikeng_xiaoyoukeng_gpx\冷水坑上-七星山東峰-主峰-下小油坑.gpx,2026-04-10T21:35:47+00:00,2026-04-10T23:54:30+00:00,138.717,explicit_gpx_utc,pressure_hpa,MISSING,NULL_VALUE_ONLY,weather\tw_weather_2026-05-01.sqlite3,weather_observations,CAB050,國三N002K,基隆市,安樂區,25.14583,121.7217,,16036.8,37,13,0,13,0,0,,,,,,,False,stations_with_observations_in_exact_activity_window_and_activity_bbox; rank_by_nearest_activity_trackpoint_distance,VARIABLE_VALUES_NULL_OR_BLANK_IN_ACTIVITY_WINDOW,False,Exact activity-window station-variable evidence; no imputation or weather fusion.
ib3w_activity_environment_window_adapter_v1,qixing_lengshuikeng_xiaoyoukeng_20260410_gpx_v1,qixing_lengshuikeng_xiaoyoukeng_20260410_biji_gpx,qixing_lengshuikeng_xiaoyoukeng_20260410_biji_gpx,gpx,D:\mountain_work\115_osm\activity_input\gpx\qixing_lengshuikeng_xiaoyoukeng_gpx\冷水坑上-七星山東峰-主峰-下小油坑.gpx,2026-04-10T21:35:47+00:00,2026-04-10T23:54:30+00:00,138.717,explicit_gpx_utc,visibility_m,MISSING,NULL_VALUE_ONLY,weather\tw_weather_2026-05-01.sqlite3,weather_observations,CAB050,國三N002K,基隆市,安樂區,25.14583,121.7217,,16036.8,37,13,0,13,0,0,,,,,,,False,stations_with_observations_in_exact_activity_window_and_activity_bbox; rank_by_nearest_activity_trackpoint_distance,VARIABLE_VALUES_NULL_OR_BLANK_IN_ACTIVITY_WINDOW,False,Exact activity-window station-variable evidence; no imputation or weather fusion.
ib3w_activity_environment_window_adapter_v1,qixing_lengshuikeng_xiaoyoukeng_20260410_gpx_v1,qixing_lengshuikeng_xiaoyoukeng_20260410_biji_gpx,qixing_lengshuikeng_xiaoyoukeng_20260410_biji_gpx,gpx,D:\mountain_work\115_osm\activity_input\gpx\qixing_lengshuikeng_xiaoyoukeng_gpx\冷水坑上-七星山東峰-主峰-下小油坑.gpx,2026-04-10T21:35:47+00:00,2026-04-10T23:54:30+00:00,138.717,explicit_gpx_utc,weather,MISSING,NULL_VALUE_ONLY,weather\tw_weather_2026-05-01.sqlite3,weather_observations,CAB050,國三N002K,基隆市,安樂區,25.14583,121.7217,,16036.8,37,13,0,13,0,0,,,,,,,False,stations_with_observations_in_exact_activity_window_and_activity_bbox; rank_by_nearest_activity_trackpoint_distance,VARIABLE_VALUES_NULL_OR_BLANK_IN_ACTIVITY_WINDOW,False,Exact activity-window station-variable evidence; no imputation or weather fusion.
ib3w_activity_environment_window_adapter_v1,qixing_lengshuikeng_xiaoyoukeng_20260410_gpx_v1,qixing_lengshuikeng_xiaoyoukeng_20260410_biji_gpx,qixing_lengshuikeng_xiaoyoukeng_20260410_biji_gpx,gpx,D:\mountain_work\115_osm\activity_input\gpx\qixing_lengshuikeng_xiaoyoukeng_gpx\冷水坑上-七星山東峰-主峰-下小油坑.gpx,2026-04-10T21:35:47+00:00,2026-04-10T23:54:30+00:00,138.717,explicit_gpx_utc,precipitation_mm,OBSERVED,OBSERVED_IN_ACTIVITY_WINDOW,weather\tw_weather_2026-05-01.sqlite3,weather_observations,C0AI00,五股,新北市,五股區,25.074453,121.427284,,16294.2,38,2,2,0,2,0,2026-04-10T22:00:00+00:00,0.0,0.0,0.0,0.0,0.0,True,stations_with_observations_in_exact_activity_window_and_activity_bbox; rank_by_nearest_activity_trackpoint_distance,,False,Raw zero values are retained as observed evidence; zero is never synthesized.
ib3w_activity_environment_window_adapter_v1,qixing_lengshuikeng_xiaoyoukeng_20260410_gpx_v1,qixing_lengshuikeng_xiaoyoukeng_20260410_biji_gpx,qixing_lengshuikeng_xiaoyoukeng_20260410_biji_gpx,gpx,D:\mountain_work\115_osm\activity_input\gpx\qixing_lengshuikeng_xiaoyoukeng_gpx\冷水坑上-七星山東峰-主峰-下小油坑.gpx,2026-04-10T21:35:47+00:00,2026-04-10T23:54:30+00:00,138.717,explicit_gpx_utc,precipitation_10min_mm,MISSING,NULL_VALUE_ONLY,weather\tw_weather_2026-05-01.sqlite3,weather_observations,C0AI00,五股,新北市,五股區,25.074453,121.427284,,16294.2,38,2,0,2,0,0,,,,,,,False,stations_with_observations_in_exact_activity_window_and_activity_bbox; rank_by_nearest_activity_trackpoint_distance,VARIABLE_VALUES_NULL_OR_BLANK_IN_ACTIVITY_WINDOW,False,Exact activity-window station-variable evidence; no imputation or weather fusion.
ib3w_activity_environment_window_adapter_v1,qixing_lengshuikeng_xiaoyoukeng_20260410_gpx_v1,qixing_lengshuikeng_xiaoyoukeng_20260410_biji_gpx,qixing_lengshuikeng_xiaoyoukeng_20260410_biji_gpx,gpx,D:\mountain_work\115_osm\activity_input\gpx\qixing_lengshuikeng_xiaoyoukeng_gpx\冷水坑上-七星山東峰-主峰-下小油坑.gpx,2026-04-10T21:35:47+00:00,2026-04-10T23:54:30+00:00,138.717,explicit_gpx_utc,precipitation_1hr_mm,MISSING,NULL_VALUE_ONLY,weather\tw_weather_2026-05-01.sqlite3,weather_observations,C0AI00,五股,新北市,五股區,25.074453,121.427284,,16294.2,38,2,0,2,0,0,,,,,,,False,stations_with_observations_in_exact_activity_window_and_activity_bbox; rank_by_nearest_activity_trackpoint_distance,VARIABLE_VALUES_NULL_OR_BLANK_IN_ACTIVITY_WINDOW,False,Exact activity-window station-variable evidence; no imputation or weather fusion.
ib3w_activity_environment_window_adapter_v1,qixing_lengshuikeng_xiaoyoukeng_20260410_gpx_v1,qixing_lengshuikeng_xiaoyoukeng_20260410_biji_gpx,qixing_lengshuikeng_xiaoyoukeng_20260410_biji_gpx,gpx,D:\mountain_work\115_osm\activity_input\gpx\qixing_lengshuikeng_xiaoyoukeng_gpx\冷水坑上-七星山東峰-主峰-下小油坑.gpx,2026-04-10T21:35:47+00:00,2026-04-10T23:54:30+00:00,138.717,explicit_gpx_utc,temperature_c,OBSERVED,OBSERVED_IN_ACTIVITY_WINDOW,weather\tw_weather_2026-05-01.sqlite3,weather_observations,C0AI00,五股,新北市,五股區,25.074453,121.427284,,16294.2,38,2,2,0,0,2,2026-04-10T22:00:00+00:00,0.0,22.8,24.2,23.5,47.0,True,stations_with_observations_in_exact_activity_window_and_activity_bbox; rank_by_nearest_activity_trackpoint_distance,,False,Exact activity-window station-variable evidence; no imputation or weather fusion.
ib3w_activity_environment_window_adapter_v1,qixing_lengshuikeng_xiaoyoukeng_20260410_gpx_v1,qixing_lengshuikeng_xiaoyoukeng_20260410_biji_gpx,qixing_lengshuikeng_xiaoyoukeng_20260410_biji_gpx,gpx,D:\mountain_work\115_osm\activity_input\gpx\qixing_lengshuikeng_xiaoyoukeng_gpx\冷水坑上-七星山東峰-主峰-下小油坑.gpx,2026-04-10T21:35:47+00:00,2026-04-10T23:54:30+00:00,138.717,explicit_gpx_utc,relative_humidity_pct,OBSERVED,OBSERVED_IN_ACTIVITY_WINDOW,weather\tw_weather_2026-05-01.sqlite3,weather_observations,C0AI00,五股,新北市,五股區,25.074453,121.427284,,16294.2,38,2,2,0,0,2,2026-04-10T22:00:00+00:00,0.0,95.0,96.0,95.5,191.0,True,stations_with_observations_in_exact_activity_window_and_activity_bbox; rank_by_nearest_activity_trackpoint_distance,,False,Exact activity-window station-variable evidence; no imputation or weather fusion.
ib3w_activity_environment_window_adapter_v1,qixing_lengshuikeng_xiaoyoukeng_20260410_gpx_v1,qixing_lengshuikeng_xiaoyoukeng_20260410_biji_gpx,qixing_lengshuikeng_xiaoyoukeng_20260410_biji_gpx,gpx,D:\mountain_work\115_osm\activity_input\gpx\qixing_lengshuikeng_xiaoyoukeng_gpx\冷水坑上-七星山東峰-主峰-下小油坑.gpx,2026-04-10T21:35:47+00:00,2026-04-10T23:54:30+00:00,138.717,explicit_gpx_utc,wind_speed_ms,OBSERVED,OBSERVED_IN_ACTIVITY_WINDOW,weather\tw_weather_2026-05-01.sqlite3,weather_observations,C0AI00,五股,新北市,五股區,25.074453,121.427284,,16294.2,38,2,2,0,0,2,2026-04-10T22:00:00+00:00,0.0,0.7,1.1,0.9,1.8,True,stations_with_observations_in_exact_activity_window_and_activity_bbox; rank_by_nearest_activity_trackpoint_distance,,False,Exact activity-window station-variable evidence; no imputation or weather fusion.
ib3w_activity_environment_window_adapter_v1,qixing_lengshuikeng_xiaoyoukeng_20260410_gpx_v1,qixing_lengshuikeng_xiaoyoukeng_20260410_biji_gpx,qixing_lengshuikeng_xiaoyoukeng_20260410_biji_gpx,gpx,D:\mountain_work\115_osm\activity_input\gpx\qixing_lengshuikeng_xiaoyoukeng_gpx\冷水坑上-七星山東峰-主峰-下小油坑.gpx,2026-04-10T21:35:47+00:00,2026-04-10T23:54:30+00:00,138.717,explicit_gpx_utc,wind_direction_deg,OBSERVED,OBSERVED_IN_ACTIVITY_WINDOW,weather\tw_weather_2026-05-01.sqlite3,weather_observations,C0AI00,五股,新北市,五股區,25.074453,121.427284,,16294.2,38,2,2,0,0,2,2026-04-10T22:00:00+00:00,0.0,114.0,204.0,159.0,318.0,True,stations_with_observations_in_exact_activity_window_and_activity_bbox; rank_by_nearest_activity_trackpoint_distance,,False,Exact activity-window station-variable evidence; no imputation or weather fusion.
ib3w_activity_environment_window_adapter_v1,qixing_lengshuikeng_xiaoyoukeng_20260410_gpx_v1,qixing_lengshuikeng_xiaoyoukeng_20260410_biji_gpx,qixing_lengshuikeng_xiaoyoukeng_20260410_biji_gpx,gpx,D:\mountain_work\115_osm\activity_input\gpx\qixing_lengshuikeng_xiaoyoukeng_gpx\冷水坑上-七星山東峰-主峰-下小油坑.gpx,2026-04-10T21:35:47+00:00,2026-04-10T23:54:30+00:00,138.717,explicit_gpx_utc,pressure_hpa,OBSERVED,OBSERVED_IN_ACTIVITY_WINDOW,weather\tw_weather_2026-05-01.sqlite3,weather_observations,C0AI00,五股,新北市,五股區,25.074453,121.427284,,16294.2,38,2,2,0,0,2,2026-04-10T22:00:00+00:00,0.0,990.5,990.7,990.6,1981.2,True,stations_with_observations_in_exact_activity_window_and_activity_bbox; rank_by_nearest_activity_trackpoint_distance,,False,Exact activity-window station-variable evidence; no imputation or weather fusion.
ib3w_activity_environment_window_adapter_v1,qixing_lengshuikeng_xiaoyoukeng_20260410_gpx_v1,qixing_lengshuikeng_xiaoyoukeng_20260410_biji_gpx,qixing_lengshuikeng_xiaoyoukeng_20260410_biji_gpx,gpx,D:\mountain_work\115_osm\activity_input\gpx\qixing_lengshuikeng_xiaoyoukeng_gpx\冷水坑上-七星山東峰-主峰-下小油坑.gpx,2026-04-10T21:35:47+00:00,2026-04-10T23:54:30+00:00,138.717,explicit_gpx_utc,visibility_m,MISSING,NULL_VALUE_ONLY,weather\tw_weather_2026-05-01.sqlite3,weather_observations,C0AI00,五股,新北市,五股區,25.074453,121.427284,,16294.2,38,2,0,2,0,0,,,,,,,False,stations_with_observations_in_exact_activity_window_and_activity_bbox; rank_by_nearest_activity_trackpoint_distance,VARIABLE_VALUES_NULL_OR_BLANK_IN_ACTIVITY_WINDOW,False,Exact activity-window station-variable evidence; no imputation or weather fusion.
ib3w_activity_environment_window_adapter_v1,qixing_lengshuikeng_xiaoyoukeng_20260410_gpx_v1,qixing_lengshuikeng_xiaoyoukeng_20260410_biji_gpx,qixing_lengshuikeng_xiaoyoukeng_20260410_biji_gpx,gpx,D:\mountain_work\115_osm\activity_input\gpx\qixing_lengshuikeng_xiaoyoukeng_gpx\冷水坑上-七星山東峰-主峰-下小油坑.gpx,2026-04-10T21:35:47+00:00,2026-04-10T23:54:30+00:00,138.717,explicit_gpx_utc,weather,MISSING,NULL_VALUE_ONLY,weather\tw_weather_2026-05-01.sqlite3,weather_observations,C0AI00,五股,新北市,五股區,25.074453,121.427284,,16294.2,38,2,0,2,0,0,,,,,,,False,stations_with_observations_in_exact_activity_window_and_activity_bbox; rank_by_nearest_activity_trackpoint_distance,VARIABLE_VALUES_NULL_OR_BLANK_IN_ACTIVITY_WINDOW,False,Exact activity-window station-variable evidence; no imputation or weather fusion.
ib3w_activity_environment_window_adapter_v1,qixing_lengshuikeng_xiaoyoukeng_20260410_gpx_v1,qixing_lengshuikeng_xiaoyoukeng_20260410_biji_gpx,qixing_lengshuikeng_xiaoyoukeng_20260410_biji_gpx,gpx,D:\mountain_work\115_osm\activity_input\gpx\qixing_lengshuikeng_xiaoyoukeng_gpx\冷水坑上-七星山東峰-主峰-下小油坑.gpx,2026-04-10T21:35:47+00:00,2026-04-10T23:54:30+00:00,138.717,explicit_gpx_utc,precipitation_mm,OBSERVED,OBSERVED_IN_ACTIVITY_WINDOW,weather\tw_weather_2026-05-01.sqlite3,weather_observations,C0ACA0,新莊,新北市,新莊區,25.051477,121.446754,,16810.2,39,2,2,0,2,0,2026-04-10T22:00:00+00:00,0.0,0.0,0.0,0.0,0.0,True,stations_with_observations_in_exact_activity_window_and_activity_bbox; rank_by_nearest_activity_trackpoint_distance,,False,Raw zero values are retained as observed evidence; zero is never synthesized.
ib3w_activity_environment_window_adapter_v1,qixing_lengshuikeng_xiaoyoukeng_20260410_gpx_v1,qixing_lengshuikeng_xiaoyoukeng_20260410_biji_gpx,qixing_lengshuikeng_xiaoyoukeng_20260410_biji_gpx,gpx,D:\mountain_work\115_osm\activity_input\gpx\qixing_lengshuikeng_xiaoyoukeng_gpx\冷水坑上-七星山東峰-主峰-下小油坑.gpx,2026-04-10T21:35:47+00:00,2026-04-10T23:54:30+00:00,138.717,explicit_gpx_utc,precipitation_10min_mm,MISSING,NULL_VALUE_ONLY,weather\tw_weather_2026-05-01.sqlite3,weather_observations,C0ACA0,新莊,新北市,新莊區,25.051477,121.446754,,16810.2,39,2,0,2,0,0,,,,,,,False,stations_with_observations_in_exact_activity_window_and_activity_bbox; rank_by_nearest_activity_trackpoint_distance,VARIABLE_VALUES_NULL_OR_BLANK_IN_ACTIVITY_WINDOW,False,Exact activity-window station-variable evidence; no imputation or weather fusion.
ib3w_activity_environment_window_adapter_v1,qixing_lengshuikeng_xiaoyoukeng_20260410_gpx_v1,qixing_lengshuikeng_xiaoyoukeng_20260410_biji_gpx,qixing_lengshuikeng_xiaoyoukeng_20260410_biji_gpx,gpx,D:\mountain_work\115_osm\activity_input\gpx\qixing_lengshuikeng_xiaoyoukeng_gpx\冷水坑上-七星山東峰-主峰-下小油坑.gpx,2026-04-10T21:35:47+00:00,2026-04-10T23:54:30+00:00,138.717,explicit_gpx_utc,precipitation_1hr_mm,MISSING,NULL_VALUE_ONLY,weather\tw_weather_2026-05-01.sqlite3,weather_observations,C0ACA0,新莊,新北市,新莊區,25.051477,121.446754,,16810.2,39,2,0,2,0,0,,,,,,,False,stations_with_observations_in_exact_activity_window_and_activity_bbox; rank_by_nearest_activity_trackpoint_distance,VARIABLE_VALUES_NULL_OR_BLANK_IN_ACTIVITY_WINDOW,False,Exact activity-window station-variable evidence; no imputation or weather fusion.
ib3w_activity_environment_window_adapter_v1,qixing_lengshuikeng_xiaoyoukeng_20260410_gpx_v1,qixing_lengshuikeng_xiaoyoukeng_20260410_biji_gpx,qixing_lengshuikeng_xiaoyoukeng_20260410_biji_gpx,gpx,D:\mountain_work\115_osm\activity_input\gpx\qixing_lengshuikeng_xiaoyoukeng_gpx\冷水坑上-七星山東峰-主峰-下小油坑.gpx,2026-04-10T21:35:47+00:00,2026-04-10T23:54:30+00:00,138.717,explicit_gpx_utc,temperature_c,OBSERVED,OBSERVED_IN_ACTIVITY_WINDOW,weather\tw_weather_2026-05-01.sqlite3,weather_observations,C0ACA0,新莊,新北市,新莊區,25.051477,121.446754,,16810.2,39,2,2,0,0,2,2026-04-10T22:00:00+00:00,0.0,24.0,24.1,24.05,48.1,True,stations_with_observations_in_exact_activity_window_and_activity_bbox; rank_by_nearest_activity_trackpoint_distance,,False,Exact activity-window station-variable evidence; no imputation or weather fusion.
ib3w_activity_environment_window_adapter_v1,qixing_lengshuikeng_xiaoyoukeng_20260410_gpx_v1,qixing_lengshuikeng_xiaoyoukeng_20260410_biji_gpx,qixing_lengshuikeng_xiaoyoukeng_20260410_biji_gpx,gpx,D:\mountain_work\115_osm\activity_input\gpx\qixing_lengshuikeng_xiaoyoukeng_gpx\冷水坑上-七星山東峰-主峰-下小油坑.gpx,2026-04-10T21:35:47+00:00,2026-04-10T23:54:30+00:00,138.717,explicit_gpx_utc,relative_humidity_pct,OBSERVED,OBSERVED_IN_ACTIVITY_WINDOW,weather\tw_weather_2026-05-01.sqlite3,weather_observations,C0ACA0,新莊,新北市,新莊區,25.051477,121.446754,,16810.2,39,2,2,0,0,2,2026-04-10T22:00:00+00:00,0.0,87.0,89.0,88.0,176.0,True,stations_with_observations_in_exact_activity_window_and_activity_bbox; rank_by_nearest_activity_trackpoint_distance,,False,Exact activity-window station-variable evidence; no imputation or weather fusion.
ib3w_activity_environment_window_adapter_v1,qixing_lengshuikeng_xiaoyoukeng_20260410_gpx_v1,qixing_lengshuikeng_xiaoyoukeng_20260410_biji_gpx,qixing_lengshuikeng_xiaoyoukeng_20260410_biji_gpx,gpx,D:\mountain_work\115_osm\activity_input\gpx\qixing_lengshuikeng_xiaoyoukeng_gpx\冷水坑上-七星山東峰-主峰-下小油坑.gpx,2026-04-10T21:35:47+00:00,2026-04-10T23:54:30+00:00,138.717,explicit_gpx_utc,wind_speed_ms,OBSERVED,OBSERVED_IN_ACTIVITY_WINDOW,weather\tw_weather_2026-05-01.sqlite3,weather_observations,C0ACA0,新莊,新北市,新莊區,25.051477,121.446754,,16810.2,39,2,2,0,1,1,2026-04-10T22:00:00+00:00,0.0,0.0,1.0,0.5,1.0,True,stations_with_observations_in_exact_activity_window_and_activity_bbox; rank_by_nearest_activity_trackpoint_distance,,False,Raw zero values are retained as observed evidence; zero is never synthesized.
ib3w_activity_environment_window_adapter_v1,qixing_lengshuikeng_xiaoyoukeng_20260410_gpx_v1,qixing_lengshuikeng_xiaoyoukeng_20260410_biji_gpx,qixing_lengshuikeng_xiaoyoukeng_20260410_biji_gpx,gpx,D:\mountain_work\115_osm\activity_input\gpx\qixing_lengshuikeng_xiaoyoukeng_gpx\冷水坑上-七星山東峰-主峰-下小油坑.gpx,2026-04-10T21:35:47+00:00,2026-04-10T23:54:30+00:00,138.717,explicit_gpx_utc,wind_direction_deg,OBSERVED,OBSERVED_IN_ACTIVITY_WINDOW,weather\tw_weather_2026-05-01.sqlite3,weather_observations,C0ACA0,新莊,新北市,新莊區,25.051477,121.446754,,16810.2,39,2,2,0,1,1,2026-04-10T22:00:00+00:00,0.0,0.0,72.0,36.0,72.0,True,stations_with_observations_in_exact_activity_window_and_activity_bbox; rank_by_nearest_activity_trackpoint_distance,,False,Raw zero values are retained as observed evidence; zero is never synthesized.
ib3w_activity_environment_window_adapter_v1,qixing_lengshuikeng_xiaoyoukeng_20260410_gpx_v1,qixing_lengshuikeng_xiaoyoukeng_20260410_biji_gpx,qixing_lengshuikeng_xiaoyoukeng_20260410_biji_gpx,gpx,D:\mountain_work\115_osm\activity_input\gpx\qixing_lengshuikeng_xiaoyoukeng_gpx\冷水坑上-七星山東峰-主峰-下小油坑.gpx,2026-04-10T21:35:47+00:00,2026-04-10T23:54:30+00:00,138.717,explicit_gpx_utc,pressure_hpa,OBSERVED,OBSERVED_IN_ACTIVITY_WINDOW,weather\tw_weather_2026-05-01.sqlite3,weather_observations,C0ACA0,新莊,新北市,新莊區,25.051477,121.446754,,16810.2,39,2,2,0,0,2,2026-04-10T22:00:00+00:00,0.0,1007.5,1007.7,1007.6,2015.2,True,stations_with_observations_in_exact_activity_window_and_activity_bbox; rank_by_nearest_activity_trackpoint_distance,,False,Exact activity-window station-variable evidence; no imputation or weather fusion.
ib3w_activity_environment_window_adapter_v1,qixing_lengshuikeng_xiaoyoukeng_20260410_gpx_v1,qixing_lengshuikeng_xiaoyoukeng_20260410_biji_gpx,qixing_lengshuikeng_xiaoyoukeng_20260410_biji_gpx,gpx,D:\mountain_work\115_osm\activity_input\gpx\qixing_lengshuikeng_xiaoyoukeng_gpx\冷水坑上-七星山東峰-主峰-下小油坑.gpx,2026-04-10T21:35:47+00:00,2026-04-10T23:54:30+00:00,138.717,explicit_gpx_utc,visibility_m,MISSING,NULL_VALUE_ONLY,weather\tw_weather_2026-05-01.sqlite3,weather_observations,C0ACA0,新莊,新北市,新莊區,25.051477,121.446754,,16810.2,39,2,0,2,0,0,,,,,,,False,stations_with_observations_in_exact_activity_window_and_activity_bbox; rank_by_nearest_activity_trackpoint_distance,VARIABLE_VALUES_NULL_OR_BLANK_IN_ACTIVITY_WINDOW,False,Exact activity-window station-variable evidence; no imputation or weather fusion.
ib3w_activity_environment_window_adapter_v1,qixing_lengshuikeng_xiaoyoukeng_20260410_gpx_v1,qixing_lengshuikeng_xiaoyoukeng_20260410_biji_gpx,qixing_lengshuikeng_xiaoyoukeng_20260410_biji_gpx,gpx,D:\mountain_work\115_osm\activity_input\gpx\qixing_lengshuikeng_xiaoyoukeng_gpx\冷水坑上-七星山東峰-主峰-下小油坑.gpx,2026-04-10T21:35:47+00:00,2026-04-10T23:54:30+00:00,138.717,explicit_gpx_utc,weather,MISSING,NULL_VALUE_ONLY,weather\tw_weather_2026-05-01.sqlite3,weather_observations,C0ACA0,新莊,新北市,新莊區,25.051477,121.446754,,16810.2,39,2,0,2,0,0,,,,,,,False,stations_with_observations_in_exact_activity_window_and_activity_bbox; rank_by_nearest_activity_trackpoint_distance,VARIABLE_VALUES_NULL_OR_BLANK_IN_ACTIVITY_WINDOW,False,Exact activity-window station-variable evidence; no imputation or weather fusion.
ib3w_activity_environment_window_adapter_v1,qixing_lengshuikeng_xiaoyoukeng_20260410_gpx_v1,qixing_lengshuikeng_xiaoyoukeng_20260410_biji_gpx,qixing_lengshuikeng_xiaoyoukeng_20260410_biji_gpx,gpx,D:\mountain_work\115_osm\activity_input\gpx\qixing_lengshuikeng_xiaoyoukeng_gpx\冷水坑上-七星山東峰-主峰-下小油坑.gpx,2026-04-10T21:35:47+00:00,2026-04-10T23:54:30+00:00,138.717,explicit_gpx_utc,precipitation_mm,OBSERVED,OBSERVED_IN_ACTIVITY_WINDOW,weather\tw_weather_2026-05-01.sqlite3,weather_observations,A0A010,臺灣大學,臺北市,大安區,25.014278,121.53941,,16876.2,40,13,12,1,12,0,2026-04-10T21:50:00+00:00,0.0,0.0,0.0,0.0,0.0,True,stations_with_observations_in_exact_activity_window_and_activity_bbox; rank_by_nearest_activity_trackpoint_distance,,False,Raw zero values are retained as observed evidence; zero is never synthesized.
ib3w_activity_environment_window_adapter_v1,qixing_lengshuikeng_xiaoyoukeng_20260410_gpx_v1,qixing_lengshuikeng_xiaoyoukeng_20260410_biji_gpx,qixing_lengshuikeng_xiaoyoukeng_20260410_biji_gpx,gpx,D:\mountain_work\115_osm\activity_input\gpx\qixing_lengshuikeng_xiaoyoukeng_gpx\冷水坑上-七星山東峰-主峰-下小油坑.gpx,2026-04-10T21:35:47+00:00,2026-04-10T23:54:30+00:00,138.717,explicit_gpx_utc,precipitation_10min_mm,MISSING,NULL_VALUE_ONLY,weather\tw_weather_2026-05-01.sqlite3,weather_observations,A0A010,臺灣大學,臺北市,大安區,25.014278,121.53941,,16876.2,40,13,0,13,0,0,,,,,,,False,stations_with_observations_in_exact_activity_window_and_activity_bbox; rank_by_nearest_activity_trackpoint_distance,VARIABLE_VALUES_NULL_OR_BLANK_IN_ACTIVITY_WINDOW,False,Exact activity-window station-variable evidence; no imputation or weather fusion.
ib3w_activity_environment_window_adapter_v1,qixing_lengshuikeng_xiaoyoukeng_20260410_gpx_v1,qixing_lengshuikeng_xiaoyoukeng_20260410_biji_gpx,qixing_lengshuikeng_xiaoyoukeng_20260410_biji_gpx,gpx,D:\mountain_work\115_osm\activity_input\gpx\qixing_lengshuikeng_xiaoyoukeng_gpx\冷水坑上-七星山東峰-主峰-下小油坑.gpx,2026-04-10T21:35:47+00:00,2026-04-10T23:54:30+00:00,138.717,explicit_gpx_utc,precipitation_1hr_mm,MISSING,NULL_VALUE_ONLY,weather\tw_weather_2026-05-01.sqlite3,weather_observations,A0A010,臺灣大學,臺北市,大安區,25.014278,121.53941,,16876.2,40,13,0,13,0,0,,,,,,,False,stations_with_observations_in_exact_activity_window_and_activity_bbox; rank_by_nearest_activity_trackpoint_distance,VARIABLE_VALUES_NULL_OR_BLANK_IN_ACTIVITY_WINDOW,False,Exact activity-window station-variable evidence; no imputation or weather fusion.
ib3w_activity_environment_window_adapter_v1,qixing_lengshuikeng_xiaoyoukeng_20260410_gpx_v1,qixing_lengshuikeng_xiaoyoukeng_20260410_biji_gpx,qixing_lengshuikeng_xiaoyoukeng_20260410_biji_gpx,gpx,D:\mountain_work\115_osm\activity_input\gpx\qixing_lengshuikeng_xiaoyoukeng_gpx\冷水坑上-七星山東峰-主峰-下小油坑.gpx,2026-04-10T21:35:47+00:00,2026-04-10T23:54:30+00:00,138.717,explicit_gpx_utc,temperature_c,OBSERVED,OBSERVED_IN_ACTIVITY_WINDOW,weather\tw_weather_2026-05-01.sqlite3,weather_observations,A0A010,臺灣大學,臺北市,大安區,25.014278,121.53941,,16876.2,40,13,12,1,0,12,2026-04-10T21:40:00+00:00,0.0,22.8,26.1,24.04166666666667,288.50000000000006,True,stations_with_observations_in_exact_activity_window_and_activity_bbox; rank_by_nearest_activity_trackpoint_distance,,False,Exact activity-window station-variable evidence; no imputation or weather fusion.
ib3w_activity_environment_window_adapter_v1,qixing_lengshuikeng_xiaoyoukeng_20260410_gpx_v1,qixing_lengshuikeng_xiaoyoukeng_20260410_biji_gpx,qixing_lengshuikeng_xiaoyoukeng_20260410_biji_gpx,gpx,D:\mountain_work\115_osm\activity_input\gpx\qixing_lengshuikeng_xiaoyoukeng_gpx\冷水坑上-七星山東峰-主峰-下小油坑.gpx,2026-04-10T21:35:47+00:00,2026-04-10T23:54:30+00:00,138.717,explicit_gpx_utc,relative_humidity_pct,OBSERVED,OBSERVED_IN_ACTIVITY_WINDOW,weather\tw_weather_2026-05-01.sqlite3,weather_observations,A0A010,臺灣大學,臺北市,大安區,25.014278,121.53941,,16876.2,40,13,12,1,0,12,2026-04-10T21:40:00+00:00,0.0,78.0,90.0,83.75,1005.0,True,stations_with_observations_in_exact_activity_window_and_activity_bbox; rank_by_nearest_activity_trackpoint_distance,,False,Exact activity-window station-variable evidence; no imputation or weather fusion.
ib3w_activity_environment_window_adapter_v1,qixing_lengshuikeng_xiaoyoukeng_20260410_gpx_v1,qixing_lengshuikeng_xiaoyoukeng_20260410_biji_gpx,qixing_lengshuikeng_xiaoyoukeng_20260410_biji_gpx,gpx,D:\mountain_work\115_osm\activity_input\gpx\qixing_lengshuikeng_xiaoyoukeng_gpx\冷水坑上-七星山東峰-主峰-下小油坑.gpx,2026-04-10T21:35:47+00:00,2026-04-10T23:54:30+00:00,138.717,explicit_gpx_utc,wind_speed_ms,OBSERVED,OBSERVED_IN_ACTIVITY_WINDOW,weather\tw_weather_2026-05-01.sqlite3,weather_observations,A0A010,臺灣大學,臺北市,大安區,25.014278,121.53941,,16876.2,40,13,12,1,5,7,2026-04-10T21:40:00+00:00,0.0,0.0,0.8,0.2833333333333333,3.4,True,stations_with_observations_in_exact_activity_window_and_activity_bbox; rank_by_nearest_activity_trackpoint_distance,,False,Raw zero values are retained as observed evidence; zero is never synthesized.
ib3w_activity_environment_window_adapter_v1,qixing_lengshuikeng_xiaoyoukeng_20260410_gpx_v1,qixing_lengshuikeng_xiaoyoukeng_20260410_biji_gpx,qixing_lengshuikeng_xiaoyoukeng_20260410_biji_gpx,gpx,D:\mountain_work\115_osm\activity_input\gpx\qixing_lengshuikeng_xiaoyoukeng_gpx\冷水坑上-七星山東峰-主峰-下小油坑.gpx,2026-04-10T21:35:47+00:00,2026-04-10T23:54:30+00:00,138.717,explicit_gpx_utc,wind_direction_deg,OBSERVED,OBSERVED_IN_ACTIVITY_WINDOW,weather\tw_weather_2026-05-01.sqlite3,weather_observations,A0A010,臺灣大學,臺北市,大安區,25.014278,121.53941,,16876.2,40,13,12,1,4,8,2026-04-10T21:50:00+00:00,0.0,0.0,280.0,99.16666666666667,1190.0,True,stations_with_observations_in_exact_activity_window_and_activity_bbox; rank_by_nearest_activity_trackpoint_distance,,False,Raw zero values are retained as observed evidence; zero is never synthesized.
ib3w_activity_environment_window_adapter_v1,qixing_lengshuikeng_xiaoyoukeng_20260410_gpx_v1,qixing_lengshuikeng_xiaoyoukeng_20260410_biji_gpx,qixing_lengshuikeng_xiaoyoukeng_20260410_biji_gpx,gpx,D:\mountain_work\115_osm\activity_input\gpx\qixing_lengshuikeng_xiaoyoukeng_gpx\冷水坑上-七星山東峰-主峰-下小油坑.gpx,2026-04-10T21:35:47+00:00,2026-04-10T23:54:30+00:00,138.717,explicit_gpx_utc,pressure_hpa,MISSING,NULL_VALUE_ONLY,weather\tw_weather_2026-05-01.sqlite3,weather_observations,A0A010,臺灣大學,臺北市,大安區,25.014278,121.53941,,16876.2,40,13,0,13,0,0,,,,,,,False,stations_with_observations_in_exact_activity_window_and_activity_bbox; rank_by_nearest_activity_trackpoint_distance,VARIABLE_VALUES_NULL_OR_BLANK_IN_ACTIVITY_WINDOW,False,Exact activity-window station-variable evidence; no imputation or weather fusion.
ib3w_activity_environment_window_adapter_v1,qixing_lengshuikeng_xiaoyoukeng_20260410_gpx_v1,qixing_lengshuikeng_xiaoyoukeng_20260410_biji_gpx,qixing_lengshuikeng_xiaoyoukeng_20260410_biji_gpx,gpx,D:\mountain_work\115_osm\activity_input\gpx\qixing_lengshuikeng_xiaoyoukeng_gpx\冷水坑上-七星山東峰-主峰-下小油坑.gpx,2026-04-10T21:35:47+00:00,2026-04-10T23:54:30+00:00,138.717,explicit_gpx_utc,visibility_m,MISSING,NULL_VALUE_ONLY,weather\tw_weather_2026-05-01.sqlite3,weather_observations,A0A010,臺灣大學,臺北市,大安區,25.014278,121.53941,,16876.2,40,13,0,13,0,0,,,,,,,False,stations_with_observations_in_exact_activity_window_and_activity_bbox; rank_by_nearest_activity_trackpoint_distance,VARIABLE_VALUES_NULL_OR_BLANK_IN_ACTIVITY_WINDOW,False,Exact activity-window station-variable evidence; no imputation or weather fusion.
ib3w_activity_environment_window_adapter_v1,qixing_lengshuikeng_xiaoyoukeng_20260410_gpx_v1,qixing_lengshuikeng_xiaoyoukeng_20260410_biji_gpx,qixing_lengshuikeng_xiaoyoukeng_20260410_biji_gpx,gpx,D:\mountain_work\115_osm\activity_input\gpx\qixing_lengshuikeng_xiaoyoukeng_gpx\冷水坑上-七星山東峰-主峰-下小油坑.gpx,2026-04-10T21:35:47+00:00,2026-04-10T23:54:30+00:00,138.717,explicit_gpx_utc,weather,MISSING,NULL_VALUE_ONLY,weather\tw_weather_2026-05-01.sqlite3,weather_observations,A0A010,臺灣大學,臺北市,大安區,25.014278,121.53941,,16876.2,40,13,0,13,0,0,,,,,,,False,stations_with_observations_in_exact_activity_window_and_activity_bbox; rank_by_nearest_activity_trackpoint_distance,VARIABLE_VALUES_NULL_OR_BLANK_IN_ACTIVITY_WINDOW,False,Exact activity-window station-variable evidence; no imputation or weather fusion.
ib3w_activity_environment_window_adapter_v1,qixing_lengshuikeng_xiaoyoukeng_20260410_gpx_v1,qixing_lengshuikeng_xiaoyoukeng_20260410_biji_gpx,qixing_lengshuikeng_xiaoyoukeng_20260410_biji_gpx,gpx,D:\mountain_work\115_osm\activity_input\gpx\qixing_lengshuikeng_xiaoyoukeng_gpx\冷水坑上-七星山東峰-主峰-下小油坑.gpx,2026-04-10T21:35:47+00:00,2026-04-10T23:54:30+00:00,138.717,explicit_gpx_utc,precipitation_mm,OBSERVED,OBSERVED_IN_ACTIVITY_WINDOW,weather\tw_weather_2026-05-01.sqlite3,weather_observations,C0B010,七堵,基隆市,七堵區,25.094818,121.717125,,17322.1,41,2,2,0,2,0,2026-04-10T22:00:00+00:00,0.0,0.0,0.0,0.0,0.0,True,stations_with_observations_in_exact_activity_window_and_activity_bbox; rank_by_nearest_activity_trackpoint_distance,,False,Raw zero values are retained as observed evidence; zero is never synthesized.
ib3w_activity_environment_window_adapter_v1,qixing_lengshuikeng_xiaoyoukeng_20260410_gpx_v1,qixing_lengshuikeng_xiaoyoukeng_20260410_biji_gpx,qixing_lengshuikeng_xiaoyoukeng_20260410_biji_gpx,gpx,D:\mountain_work\115_osm\activity_input\gpx\qixing_lengshuikeng_xiaoyoukeng_gpx\冷水坑上-七星山東峰-主峰-下小油坑.gpx,2026-04-10T21:35:47+00:00,2026-04-10T23:54:30+00:00,138.717,explicit_gpx_utc,precipitation_10min_mm,MISSING,NULL_VALUE_ONLY,weather\tw_weather_2026-05-01.sqlite3,weather_observations,C0B010,七堵,基隆市,七堵區,25.094818,121.717125,,17322.1,41,2,0,2,0,0,,,,,,,False,stations_with_observations_in_exact_activity_window_and_activity_bbox; rank_by_nearest_activity_trackpoint_distance,VARIABLE_VALUES_NULL_OR_BLANK_IN_ACTIVITY_WINDOW,False,Exact activity-window station-variable evidence; no imputation or weather fusion.
ib3w_activity_environment_window_adapter_v1,qixing_lengshuikeng_xiaoyoukeng_20260410_gpx_v1,qixing_lengshuikeng_xiaoyoukeng_20260410_biji_gpx,qixing_lengshuikeng_xiaoyoukeng_20260410_biji_gpx,gpx,D:\mountain_work\115_osm\activity_input\gpx\qixing_lengshuikeng_xiaoyoukeng_gpx\冷水坑上-七星山東峰-主峰-下小油坑.gpx,2026-04-10T21:35:47+00:00,2026-04-10T23:54:30+00:00,138.717,explicit_gpx_utc,precipitation_1hr_mm,MISSING,NULL_VALUE_ONLY,weather\tw_weather_2026-05-01.sqlite3,weather_observations,C0B010,七堵,基隆市,七堵區,25.094818,121.717125,,17322.1,41,2,0,2,0,0,,,,,,,False,stations_with_observations_in_exact_activity_window_and_activity_bbox; rank_by_nearest_activity_trackpoint_distance,VARIABLE_VALUES_NULL_OR_BLANK_IN_ACTIVITY_WINDOW,False,Exact activity-window station-variable evidence; no imputation or weather fusion.
ib3w_activity_environment_window_adapter_v1,qixing_lengshuikeng_xiaoyoukeng_20260410_gpx_v1,qixing_lengshuikeng_xiaoyoukeng_20260410_biji_gpx,qixing_lengshuikeng_xiaoyoukeng_20260410_biji_gpx,gpx,D:\mountain_work\115_osm\activity_input\gpx\qixing_lengshuikeng_xiaoyoukeng_gpx\冷水坑上-七星山東峰-主峰-下小油坑.gpx,2026-04-10T21:35:47+00:00,2026-04-10T23:54:30+00:00,138.717,explicit_gpx_utc,temperature_c,OBSERVED,OBSERVED_IN_ACTIVITY_WINDOW,weather\tw_weather_2026-05-01.sqlite3,weather_observations,C0B010,七堵,基隆市,七堵區,25.094818,121.717125,,17322.1,41,2,2,0,0,2,2026-04-10T22:00:00+00:00,0.0,25.7,26.2,25.95,51.9,True,stations_with_observations_in_exact_activity_window_and_activity_bbox; rank_by_nearest_activity_trackpoint_distance,,False,Exact activity-window station-variable evidence; no imputation or weather fusion.
ib3w_activity_environment_window_adapter_v1,qixing_lengshuikeng_xiaoyoukeng_20260410_gpx_v1,qixing_lengshuikeng_xiaoyoukeng_20260410_biji_gpx,qixing_lengshuikeng_xiaoyoukeng_20260410_biji_gpx,gpx,D:\mountain_work\115_osm\activity_input\gpx\qixing_lengshuikeng_xiaoyoukeng_gpx\冷水坑上-七星山東峰-主峰-下小油坑.gpx,2026-04-10T21:35:47+00:00,2026-04-10T23:54:30+00:00,138.717,explicit_gpx_utc,relative_humidity_pct,OBSERVED,OBSERVED_IN_ACTIVITY_WINDOW,weather\tw_weather_2026-05-01.sqlite3,weather_observations,C0B010,七堵,基隆市,七堵區,25.094818,121.717125,,17322.1,41,2,2,0,0,2,2026-04-10T22:00:00+00:00,0.0,97.0,98.0,97.5,195.0,True,stations_with_observations_in_exact_activity_window_and_activity_bbox; rank_by_nearest_activity_trackpoint_distance,,False,Exact activity-window station-variable evidence; no imputation or weather fusion.
ib3w_activity_environment_window_adapter_v1,qixing_lengshuikeng_xiaoyoukeng_20260410_gpx_v1,qixing_lengshuikeng_xiaoyoukeng_20260410_biji_gpx,qixing_lengshuikeng_xiaoyoukeng_20260410_biji_gpx,gpx,D:\mountain_work\115_osm\activity_input\gpx\qixing_lengshuikeng_xiaoyoukeng_gpx\冷水坑上-七星山東峰-主峰-下小油坑.gpx,2026-04-10T21:35:47+00:00,2026-04-10T23:54:30+00:00,138.717,explicit_gpx_utc,wind_speed_ms,OBSERVED,OBSERVED_IN_ACTIVITY_WINDOW,weather\tw_weather_2026-05-01.sqlite3,weather_observations,C0B010,七堵,基隆市,七堵區,25.094818,121.717125,,17322.1,41,2,2,0,0,2,2026-04-10T22:00:00+00:00,0.0,0.6,0.7,0.6499999999999999,1.2999999999999998,True,stations_with_observations_in_exact_activity_window_and_activity_bbox; rank_by_nearest_activity_trackpoint_distance,,False,Exact activity-window station-variable evidence; no imputation or weather fusion.
ib3w_activity_environment_window_adapter_v1,qixing_lengshuikeng_xiaoyoukeng_20260410_gpx_v1,qixing_lengshuikeng_xiaoyoukeng_20260410_biji_gpx,qixing_lengshuikeng_xiaoyoukeng_20260410_biji_gpx,gpx,D:\mountain_work\115_osm\activity_input\gpx\qixing_lengshuikeng_xiaoyoukeng_gpx\冷水坑上-七星山東峰-主峰-下小油坑.gpx,2026-04-10T21:35:47+00:00,2026-04-10T23:54:30+00:00,138.717,explicit_gpx_utc,wind_direction_deg,OBSERVED,OBSERVED_IN_ACTIVITY_WINDOW,weather\tw_weather_2026-05-01.sqlite3,weather_observations,C0B010,七堵,基隆市,七堵區,25.094818,121.717125,,17322.1,41,2,2,0,0,2,2026-04-10T22:00:00+00:00,0.0,23.0,135.0,79.0,158.0,True,stations_with_observations_in_exact_activity_window_and_activity_bbox; rank_by_nearest_activity_trackpoint_distance,,False,Exact activity-window station-variable evidence; no imputation or weather fusion.
ib3w_activity_environment_window_adapter_v1,qixing_lengshuikeng_xiaoyoukeng_20260410_gpx_v1,qixing_lengshuikeng_xiaoyoukeng_20260410_biji_gpx,qixing_lengshuikeng_xiaoyoukeng_20260410_biji_gpx,gpx,D:\mountain_work\115_osm\activity_input\gpx\qixing_lengshuikeng_xiaoyoukeng_gpx\冷水坑上-七星山東峰-主峰-下小油坑.gpx,2026-04-10T21:35:47+00:00,2026-04-10T23:54:30+00:00,138.717,explicit_gpx_utc,pressure_hpa,OBSERVED,OBSERVED_IN_ACTIVITY_WINDOW,weather\tw_weather_2026-05-01.sqlite3,weather_observations,C0B010,七堵,基隆市,七堵區,25.094818,121.717125,,17322.1,41,2,2,0,0,2,2026-04-10T22:00:00+00:00,0.0,1007.8,1008.1,1007.95,2015.9,True,stations_with_observations_in_exact_activity_window_and_activity_bbox; rank_by_nearest_activity_trackpoint_distance,,False,Exact activity-window station-variable evidence; no imputation or weather fusion.
ib3w_activity_environment_window_adapter_v1,qixing_lengshuikeng_xiaoyoukeng_20260410_gpx_v1,qixing_lengshuikeng_xiaoyoukeng_20260410_biji_gpx,qixing_lengshuikeng_xiaoyoukeng_20260410_biji_gpx,gpx,D:\mountain_work\115_osm\activity_input\gpx\qixing_lengshuikeng_xiaoyoukeng_gpx\冷水坑上-七星山東峰-主峰-下小油坑.gpx,2026-04-10T21:35:47+00:00,2026-04-10T23:54:30+00:00,138.717,explicit_gpx_utc,visibility_m,MISSING,NULL_VALUE_ONLY,weather\tw_weather_2026-05-01.sqlite3,weather_observations,C0B010,七堵,基隆市,七堵區,25.094818,121.717125,,17322.1,41,2,0,2,0,0,,,,,,,False,stations_with_observations_in_exact_activity_window_and_activity_bbox; rank_by_nearest_activity_trackpoint_distance,VARIABLE_VALUES_NULL_OR_BLANK_IN_ACTIVITY_WINDOW,False,Exact activity-window station-variable evidence; no imputation or weather fusion.
ib3w_activity_environment_window_adapter_v1,qixing_lengshuikeng_xiaoyoukeng_20260410_gpx_v1,qixing_lengshuikeng_xiaoyoukeng_20260410_biji_gpx,qixing_lengshuikeng_xiaoyoukeng_20260410_biji_gpx,gpx,D:\mountain_work\115_osm\activity_input\gpx\qixing_lengshuikeng_xiaoyoukeng_gpx\冷水坑上-七星山東峰-主峰-下小油坑.gpx,2026-04-10T21:35:47+00:00,2026-04-10T23:54:30+00:00,138.717,explicit_gpx_utc,weather,MISSING,NULL_VALUE_ONLY,weather\tw_weather_2026-05-01.sqlite3,weather_observations,C0B010,七堵,基隆市,七堵區,25.094818,121.717125,,17322.1,41,2,0,2,0,0,,,,,,,False,stations_with_observations_in_exact_activity_window_and_activity_bbox; rank_by_nearest_activity_trackpoint_distance,VARIABLE_VALUES_NULL_OR_BLANK_IN_ACTIVITY_WINDOW,False,Exact activity-window station-variable evidence; no imputation or weather fusion.
ib3w_activity_environment_window_adapter_v1,qixing_lengshuikeng_xiaoyoukeng_20260410_gpx_v1,qixing_lengshuikeng_xiaoyoukeng_20260410_biji_gpx,qixing_lengshuikeng_xiaoyoukeng_20260410_biji_gpx,gpx,D:\mountain_work\115_osm\activity_input\gpx\qixing_lengshuikeng_xiaoyoukeng_gpx\冷水坑上-七星山東峰-主峰-下小油坑.gpx,2026-04-10T21:35:47+00:00,2026-04-10T23:54:30+00:00,138.717,explicit_gpx_utc,precipitation_mm,OBSERVED,OBSERVED_IN_ACTIVITY_WINDOW,weather\tw_weather_2026-05-01.sqlite3,weather_observations,CAB010,國一S001K,基隆市,安樂區,25.11583,121.7286,,17482.4,42,12,12,0,12,0,2026-04-10T21:50:00+00:00,0.0,0.0,0.0,0.0,0.0,True,stations_with_observations_in_exact_activity_window_and_activity_bbox; rank_by_nearest_activity_trackpoint_distance,,False,Raw zero values are retained as observed evidence; zero is never synthesized.
ib3w_activity_environment_window_adapter_v1,qixing_lengshuikeng_xiaoyoukeng_20260410_gpx_v1,qixing_lengshuikeng_xiaoyoukeng_20260410_biji_gpx,qixing_lengshuikeng_xiaoyoukeng_20260410_biji_gpx,gpx,D:\mountain_work\115_osm\activity_input\gpx\qixing_lengshuikeng_xiaoyoukeng_gpx\冷水坑上-七星山東峰-主峰-下小油坑.gpx,2026-04-10T21:35:47+00:00,2026-04-10T23:54:30+00:00,138.717,explicit_gpx_utc,precipitation_10min_mm,MISSING,NULL_VALUE_ONLY,weather\tw_weather_2026-05-01.sqlite3,weather_observations,CAB010,國一S001K,基隆市,安樂區,25.11583,121.7286,,17482.4,42,12,0,12,0,0,,,,,,,False,stations_with_observations_in_exact_activity_window_and_activity_bbox; rank_by_nearest_activity_trackpoint_distance,VARIABLE_VALUES_NULL_OR_BLANK_IN_ACTIVITY_WINDOW,False,Exact activity-window station-variable evidence; no imputation or weather fusion.
ib3w_activity_environment_window_adapter_v1,qixing_lengshuikeng_xiaoyoukeng_20260410_gpx_v1,qixing_lengshuikeng_xiaoyoukeng_20260410_biji_gpx,qixing_lengshuikeng_xiaoyoukeng_20260410_biji_gpx,gpx,D:\mountain_work\115_osm\activity_input\gpx\qixing_lengshuikeng_xiaoyoukeng_gpx\冷水坑上-七星山東峰-主峰-下小油坑.gpx,2026-04-10T21:35:47+00:00,2026-04-10T23:54:30+00:00,138.717,explicit_gpx_utc,precipitation_1hr_mm,MISSING,NULL_VALUE_ONLY,weather\tw_weather_2026-05-01.sqlite3,weather_observations,CAB010,國一S001K,基隆市,安樂區,25.11583,121.7286,,17482.4,42,12,0,12,0,0,,,,,,,False,stations_with_observations_in_exact_activity_window_and_activity_bbox; rank_by_nearest_activity_trackpoint_distance,VARIABLE_VALUES_NULL_OR_BLANK_IN_ACTIVITY_WINDOW,False,Exact activity-window station-variable evidence; no imputation or weather fusion.
ib3w_activity_environment_window_adapter_v1,qixing_lengshuikeng_xiaoyoukeng_20260410_gpx_v1,qixing_lengshuikeng_xiaoyoukeng_20260410_biji_gpx,qixing_lengshuikeng_xiaoyoukeng_20260410_biji_gpx,gpx,D:\mountain_work\115_osm\activity_input\gpx\qixing_lengshuikeng_xiaoyoukeng_gpx\冷水坑上-七星山東峰-主峰-下小油坑.gpx,2026-04-10T21:35:47+00:00,2026-04-10T23:54:30+00:00,138.717,explicit_gpx_utc,temperature_c,OBSERVED,OBSERVED_IN_ACTIVITY_WINDOW,weather\tw_weather_2026-05-01.sqlite3,weather_observations,CAB010,國一S001K,基隆市,安樂區,25.11583,121.7286,,17482.4,42,12,12,0,0,12,2026-04-10T21:50:00+00:00,0.0,22.3,26.3,23.700000000000003,284.40000000000003,True,stations_with_observations_in_exact_activity_window_and_activity_bbox; rank_by_nearest_activity_trackpoint_distance,,False,Exact activity-window station-variable evidence; no imputation or weather fusion.
ib3w_activity_environment_window_adapter_v1,qixing_lengshuikeng_xiaoyoukeng_20260410_gpx_v1,qixing_lengshuikeng_xiaoyoukeng_20260410_biji_gpx,qixing_lengshuikeng_xiaoyoukeng_20260410_biji_gpx,gpx,D:\mountain_work\115_osm\activity_input\gpx\qixing_lengshuikeng_xiaoyoukeng_gpx\冷水坑上-七星山東峰-主峰-下小油坑.gpx,2026-04-10T21:35:47+00:00,2026-04-10T23:54:30+00:00,138.717,explicit_gpx_utc,relative_humidity_pct,OBSERVED,OBSERVED_IN_ACTIVITY_WINDOW,weather\tw_weather_2026-05-01.sqlite3,weather_observations,CAB010,國一S001K,基隆市,安樂區,25.11583,121.7286,,17482.4,42,12,12,0,0,12,2026-04-10T21:50:00+00:00,0.0,86.0,97.0,93.58333333333333,1123.0,True,stations_with_observations_in_exact_activity_window_and_activity_bbox; rank_by_nearest_activity_trackpoint_distance,,False,Exact activity-window station-variable evidence; no imputation or weather fusion.
ib3w_activity_environment_window_adapter_v1,qixing_lengshuikeng_xiaoyoukeng_20260410_gpx_v1,qixing_lengshuikeng_xiaoyoukeng_20260410_biji_gpx,qixing_lengshuikeng_xiaoyoukeng_20260410_biji_gpx,gpx,D:\mountain_work\115_osm\activity_input\gpx\qixing_lengshuikeng_xiaoyoukeng_gpx\冷水坑上-七星山東峰-主峰-下小油坑.gpx,2026-04-10T21:35:47+00:00,2026-04-10T23:54:30+00:00,138.717,explicit_gpx_utc,wind_speed_ms,OBSERVED,OBSERVED_IN_ACTIVITY_WINDOW,weather\tw_weather_2026-05-01.sqlite3,weather_observations,CAB010,國一S001K,基隆市,安樂區,25.11583,121.7286,,17482.4,42,12,12,0,0,12,2026-04-10T21:50:00+00:00,0.0,0.4,1.2,0.7583333333333333,9.1,True,stations_with_observations_in_exact_activity_window_and_activity_bbox; rank_by_nearest_activity_trackpoint_distance,,False,Exact activity-window station-variable evidence; no imputation or weather fusion.
ib3w_activity_environment_window_adapter_v1,qixing_lengshuikeng_xiaoyoukeng_20260410_gpx_v1,qixing_lengshuikeng_xiaoyoukeng_20260410_biji_gpx,qixing_lengshuikeng_xiaoyoukeng_20260410_biji_gpx,gpx,D:\mountain_work\115_osm\activity_input\gpx\qixing_lengshuikeng_xiaoyoukeng_gpx\冷水坑上-七星山東峰-主峰-下小油坑.gpx,2026-04-10T21:35:47+00:00,2026-04-10T23:54:30+00:00,138.717,explicit_gpx_utc,wind_direction_deg,OBSERVED,OBSERVED_IN_ACTIVITY_WINDOW,weather\tw_weather_2026-05-01.sqlite3,weather_observations,CAB010,國一S001K,基隆市,安樂區,25.11583,121.7286,,17482.4,42,12,12,0,0,12,2026-04-10T21:50:00+00:00,0.0,10.0,360.0,130.0,1560.0,True,stations_with_observations_in_exact_activity_window_and_activity_bbox; rank_by_nearest_activity_trackpoint_distance,,False,Exact activity-window station-variable evidence; no imputation or weather fusion.
ib3w_activity_environment_window_adapter_v1,qixing_lengshuikeng_xiaoyoukeng_20260410_gpx_v1,qixing_lengshuikeng_xiaoyoukeng_20260410_biji_gpx,qixing_lengshuikeng_xiaoyoukeng_20260410_biji_gpx,gpx,D:\mountain_work\115_osm\activity_input\gpx\qixing_lengshuikeng_xiaoyoukeng_gpx\冷水坑上-七星山東峰-主峰-下小油坑.gpx,2026-04-10T21:35:47+00:00,2026-04-10T23:54:30+00:00,138.717,explicit_gpx_utc,pressure_hpa,MISSING,NULL_VALUE_ONLY,weather\tw_weather_2026-05-01.sqlite3,weather_observations,CAB010,國一S001K,基隆市,安樂區,25.11583,121.7286,,17482.4,42,12,0,12,0,0,,,,,,,False,stations_with_observations_in_exact_activity_window_and_activity_bbox; rank_by_nearest_activity_trackpoint_distance,VARIABLE_VALUES_NULL_OR_BLANK_IN_ACTIVITY_WINDOW,False,Exact activity-window station-variable evidence; no imputation or weather fusion.
ib3w_activity_environment_window_adapter_v1,qixing_lengshuikeng_xiaoyoukeng_20260410_gpx_v1,qixing_lengshuikeng_xiaoyoukeng_20260410_biji_gpx,qixing_lengshuikeng_xiaoyoukeng_20260410_biji_gpx,gpx,D:\mountain_work\115_osm\activity_input\gpx\qixing_lengshuikeng_xiaoyoukeng_gpx\冷水坑上-七星山東峰-主峰-下小油坑.gpx,2026-04-10T21:35:47+00:00,2026-04-10T23:54:30+00:00,138.717,explicit_gpx_utc,visibility_m,MISSING,NULL_VALUE_ONLY,weather\tw_weather_2026-05-01.sqlite3,weather_observations,CAB010,國一S001K,基隆市,安樂區,25.11583,121.7286,,17482.4,42,12,0,12,0,0,,,,,,,False,stations_with_observations_in_exact_activity_window_and_activity_bbox; rank_by_nearest_activity_trackpoint_distance,VARIABLE_VALUES_NULL_OR_BLANK_IN_ACTIVITY_WINDOW,False,Exact activity-window station-variable evidence; no imputation or weather fusion.
ib3w_activity_environment_window_adapter_v1,qixing_lengshuikeng_xiaoyoukeng_20260410_gpx_v1,qixing_lengshuikeng_xiaoyoukeng_20260410_biji_gpx,qixing_lengshuikeng_xiaoyoukeng_20260410_biji_gpx,gpx,D:\mountain_work\115_osm\activity_input\gpx\qixing_lengshuikeng_xiaoyoukeng_gpx\冷水坑上-七星山東峰-主峰-下小油坑.gpx,2026-04-10T21:35:47+00:00,2026-04-10T23:54:30+00:00,138.717,explicit_gpx_utc,weather,MISSING,NULL_VALUE_ONLY,weather\tw_weather_2026-05-01.sqlite3,weather_observations,CAB010,國一S001K,基隆市,安樂區,25.11583,121.7286,,17482.4,42,12,0,12,0,0,,,,,,,False,stations_with_observations_in_exact_activity_window_and_activity_bbox; rank_by_nearest_activity_trackpoint_distance,VARIABLE_VALUES_NULL_OR_BLANK_IN_ACTIVITY_WINDOW,False,Exact activity-window station-variable evidence; no imputation or weather fusion.
ib3w_activity_environment_window_adapter_v1,qixing_lengshuikeng_xiaoyoukeng_20260410_gpx_v1,qixing_lengshuikeng_xiaoyoukeng_20260410_biji_gpx,qixing_lengshuikeng_xiaoyoukeng_20260410_biji_gpx,gpx,D:\mountain_work\115_osm\activity_input\gpx\qixing_lengshuikeng_xiaoyoukeng_gpx\冷水坑上-七星山東峰-主峰-下小油坑.gpx,2026-04-10T21:35:47+00:00,2026-04-10T23:54:30+00:00,138.717,explicit_gpx_utc,precipitation_mm,OBSERVED,OBSERVED_IN_ACTIVITY_WINDOW,weather\tw_weather_2026-05-01.sqlite3,weather_observations,C0AH10,永和,新北市,永和區,25.01125,121.50811,,17824.7,43,2,2,0,2,0,2026-04-10T22:00:00+00:00,0.0,0.0,0.0,0.0,0.0,True,stations_with_observations_in_exact_activity_window_and_activity_bbox; rank_by_nearest_activity_trackpoint_distance,,False,Raw zero values are retained as observed evidence; zero is never synthesized.
ib3w_activity_environment_window_adapter_v1,qixing_lengshuikeng_xiaoyoukeng_20260410_gpx_v1,qixing_lengshuikeng_xiaoyoukeng_20260410_biji_gpx,qixing_lengshuikeng_xiaoyoukeng_20260410_biji_gpx,gpx,D:\mountain_work\115_osm\activity_input\gpx\qixing_lengshuikeng_xiaoyoukeng_gpx\冷水坑上-七星山東峰-主峰-下小油坑.gpx,2026-04-10T21:35:47+00:00,2026-04-10T23:54:30+00:00,138.717,explicit_gpx_utc,precipitation_10min_mm,MISSING,NULL_VALUE_ONLY,weather\tw_weather_2026-05-01.sqlite3,weather_observations,C0AH10,永和,新北市,永和區,25.01125,121.50811,,17824.7,43,2,0,2,0,0,,,,,,,False,stations_with_observations_in_exact_activity_window_and_activity_bbox; rank_by_nearest_activity_trackpoint_distance,VARIABLE_VALUES_NULL_OR_BLANK_IN_ACTIVITY_WINDOW,False,Exact activity-window station-variable evidence; no imputation or weather fusion.
ib3w_activity_environment_window_adapter_v1,qixing_lengshuikeng_xiaoyoukeng_20260410_gpx_v1,qixing_lengshuikeng_xiaoyoukeng_20260410_biji_gpx,qixing_lengshuikeng_xiaoyoukeng_20260410_biji_gpx,gpx,D:\mountain_work\115_osm\activity_input\gpx\qixing_lengshuikeng_xiaoyoukeng_gpx\冷水坑上-七星山東峰-主峰-下小油坑.gpx,2026-04-10T21:35:47+00:00,2026-04-10T23:54:30+00:00,138.717,explicit_gpx_utc,precipitation_1hr_mm,MISSING,NULL_VALUE_ONLY,weather\tw_weather_2026-05-01.sqlite3,weather_observations,C0AH10,永和,新北市,永和區,25.01125,121.50811,,17824.7,43,2,0,2,0,0,,,,,,,False,stations_with_observations_in_exact_activity_window_and_activity_bbox; rank_by_nearest_activity_trackpoint_distance,VARIABLE_VALUES_NULL_OR_BLANK_IN_ACTIVITY_WINDOW,False,Exact activity-window station-variable evidence; no imputation or weather fusion.
ib3w_activity_environment_window_adapter_v1,qixing_lengshuikeng_xiaoyoukeng_20260410_gpx_v1,qixing_lengshuikeng_xiaoyoukeng_20260410_biji_gpx,qixing_lengshuikeng_xiaoyoukeng_20260410_biji_gpx,gpx,D:\mountain_work\115_osm\activity_input\gpx\qixing_lengshuikeng_xiaoyoukeng_gpx\冷水坑上-七星山東峰-主峰-下小油坑.gpx,2026-04-10T21:35:47+00:00,2026-04-10T23:54:30+00:00,138.717,explicit_gpx_utc,temperature_c,OBSERVED,OBSERVED_IN_ACTIVITY_WINDOW,weather\tw_weather_2026-05-01.sqlite3,weather_observations,C0AH10,永和,新北市,永和區,25.01125,121.50811,,17824.7,43,2,2,0,0,2,2026-04-10T22:00:00+00:00,0.0,23.6,24.4,24.0,48.0,True,stations_with_observations_in_exact_activity_window_and_activity_bbox; rank_by_nearest_activity_trackpoint_distance,,False,Exact activity-window station-variable evidence; no imputation or weather fusion.
ib3w_activity_environment_window_adapter_v1,qixing_lengshuikeng_xiaoyoukeng_20260410_gpx_v1,qixing_lengshuikeng_xiaoyoukeng_20260410_biji_gpx,qixing_lengshuikeng_xiaoyoukeng_20260410_biji_gpx,gpx,D:\mountain_work\115_osm\activity_input\gpx\qixing_lengshuikeng_xiaoyoukeng_gpx\冷水坑上-七星山東峰-主峰-下小油坑.gpx,2026-04-10T21:35:47+00:00,2026-04-10T23:54:30+00:00,138.717,explicit_gpx_utc,relative_humidity_pct,OBSERVED,OBSERVED_IN_ACTIVITY_WINDOW,weather\tw_weather_2026-05-01.sqlite3,weather_observations,C0AH10,永和,新北市,永和區,25.01125,121.50811,,17824.7,43,2,2,0,0,2,2026-04-10T22:00:00+00:00,0.0,82.0,89.0,85.5,171.0,True,stations_with_observations_in_exact_activity_window_and_activity_bbox; rank_by_nearest_activity_trackpoint_distance,,False,Exact activity-window station-variable evidence; no imputation or weather fusion.
ib3w_activity_environment_window_adapter_v1,qixing_lengshuikeng_xiaoyoukeng_20260410_gpx_v1,qixing_lengshuikeng_xiaoyoukeng_20260410_biji_gpx,qixing_lengshuikeng_xiaoyoukeng_20260410_biji_gpx,gpx,D:\mountain_work\115_osm\activity_input\gpx\qixing_lengshuikeng_xiaoyoukeng_gpx\冷水坑上-七星山東峰-主峰-下小油坑.gpx,2026-04-10T21:35:47+00:00,2026-04-10T23:54:30+00:00,138.717,explicit_gpx_utc,wind_speed_ms,OBSERVED,OBSERVED_IN_ACTIVITY_WINDOW,weather\tw_weather_2026-05-01.sqlite3,weather_observations,C0AH10,永和,新北市,永和區,25.01125,121.50811,,17824.7,43,2,2,0,0,2,2026-04-10T22:00:00+00:00,0.0,0.9,1.2,1.05,2.1,True,stations_with_observations_in_exact_activity_window_and_activity_bbox; rank_by_nearest_activity_trackpoint_distance,,False,Exact activity-window station-variable evidence; no imputation or weather fusion.
ib3w_activity_environment_window_adapter_v1,qixing_lengshuikeng_xiaoyoukeng_20260410_gpx_v1,qixing_lengshuikeng_xiaoyoukeng_20260410_biji_gpx,qixing_lengshuikeng_xiaoyoukeng_20260410_biji_gpx,gpx,D:\mountain_work\115_osm\activity_input\gpx\qixing_lengshuikeng_xiaoyoukeng_gpx\冷水坑上-七星山東峰-主峰-下小油坑.gpx,2026-04-10T21:35:47+00:00,2026-04-10T23:54:30+00:00,138.717,explicit_gpx_utc,wind_direction_deg,OBSERVED,OBSERVED_IN_ACTIVITY_WINDOW,weather\tw_weather_2026-05-01.sqlite3,weather_observations,C0AH10,永和,新北市,永和區,25.01125,121.50811,,17824.7,43,2,2,0,0,2,2026-04-10T22:00:00+00:00,0.0,160.0,161.0,160.5,321.0,True,stations_with_observations_in_exact_activity_window_and_activity_bbox; rank_by_nearest_activity_trackpoint_distance,,False,Exact activity-window station-variable evidence; no imputation or weather fusion.
ib3w_activity_environment_window_adapter_v1,qixing_lengshuikeng_xiaoyoukeng_20260410_gpx_v1,qixing_lengshuikeng_xiaoyoukeng_20260410_biji_gpx,qixing_lengshuikeng_xiaoyoukeng_20260410_biji_gpx,gpx,D:\mountain_work\115_osm\activity_input\gpx\qixing_lengshuikeng_xiaoyoukeng_gpx\冷水坑上-七星山東峰-主峰-下小油坑.gpx,2026-04-10T21:35:47+00:00,2026-04-10T23:54:30+00:00,138.717,explicit_gpx_utc,pressure_hpa,OBSERVED,OBSERVED_IN_ACTIVITY_WINDOW,weather\tw_weather_2026-05-01.sqlite3,weather_observations,C0AH10,永和,新北市,永和區,25.01125,121.50811,,17824.7,43,2,2,0,0,2,2026-04-10T22:00:00+00:00,0.0,1007.7,1008.0,1007.85,2015.7,True,stations_with_observations_in_exact_activity_window_and_activity_bbox; rank_by_nearest_activity_trackpoint_distance,,False,Exact activity-window station-variable evidence; no imputation or weather fusion.
ib3w_activity_environment_window_adapter_v1,qixing_lengshuikeng_xiaoyoukeng_20260410_gpx_v1,qixing_lengshuikeng_xiaoyoukeng_20260410_biji_gpx,qixing_lengshuikeng_xiaoyoukeng_20260410_biji_gpx,gpx,D:\mountain_work\115_osm\activity_input\gpx\qixing_lengshuikeng_xiaoyoukeng_gpx\冷水坑上-七星山東峰-主峰-下小油坑.gpx,2026-04-10T21:35:47+00:00,2026-04-10T23:54:30+00:00,138.717,explicit_gpx_utc,visibility_m,MISSING,NULL_VALUE_ONLY,weather\tw_weather_2026-05-01.sqlite3,weather_observations,C0AH10,永和,新北市,永和區,25.01125,121.50811,,17824.7,43,2,0,2,0,0,,,,,,,False,stations_with_observations_in_exact_activity_window_and_activity_bbox; rank_by_nearest_activity_trackpoint_distance,VARIABLE_VALUES_NULL_OR_BLANK_IN_ACTIVITY_WINDOW,False,Exact activity-window station-variable evidence; no imputation or weather fusion.
ib3w_activity_environment_window_adapter_v1,qixing_lengshuikeng_xiaoyoukeng_20260410_gpx_v1,qixing_lengshuikeng_xiaoyoukeng_20260410_biji_gpx,qixing_lengshuikeng_xiaoyoukeng_20260410_biji_gpx,gpx,D:\mountain_work\115_osm\activity_input\gpx\qixing_lengshuikeng_xiaoyoukeng_gpx\冷水坑上-七星山東峰-主峰-下小油坑.gpx,2026-04-10T21:35:47+00:00,2026-04-10T23:54:30+00:00,138.717,explicit_gpx_utc,weather,MISSING,NULL_VALUE_ONLY,weather\tw_weather_2026-05-01.sqlite3,weather_observations,C0AH10,永和,新北市,永和區,25.01125,121.50811,,17824.7,43,2,0,2,0,0,,,,,,,False,stations_with_observations_in_exact_activity_window_and_activity_bbox; rank_by_nearest_activity_trackpoint_distance,VARIABLE_VALUES_NULL_OR_BLANK_IN_ACTIVITY_WINDOW,False,Exact activity-window station-variable evidence; no imputation or weather fusion.
ib3w_activity_environment_window_adapter_v1,qixing_lengshuikeng_xiaoyoukeng_20260410_gpx_v1,qixing_lengshuikeng_xiaoyoukeng_20260410_biji_gpx,qixing_lengshuikeng_xiaoyoukeng_20260410_biji_gpx,gpx,D:\mountain_work\115_osm\activity_input\gpx\qixing_lengshuikeng_xiaoyoukeng_gpx\冷水坑上-七星山東峰-主峰-下小油坑.gpx,2026-04-10T21:35:47+00:00,2026-04-10T23:54:30+00:00,138.717,explicit_gpx_utc,precipitation_mm,OBSERVED,OBSERVED_IN_ACTIVITY_WINDOW,weather\tw_weather_2026-05-01.sqlite3,weather_observations,466940,基隆,基隆市,仁愛區,25.133314,121.74048,,18135.8,44,12,12,0,12,0,2026-04-10T21:50:00+00:00,0.0,0.0,0.0,0.0,0.0,True,stations_with_observations_in_exact_activity_window_and_activity_bbox; rank_by_nearest_activity_trackpoint_distance,,False,Raw zero values are retained as observed evidence; zero is never synthesized.
ib3w_activity_environment_window_adapter_v1,qixing_lengshuikeng_xiaoyoukeng_20260410_gpx_v1,qixing_lengshuikeng_xiaoyoukeng_20260410_biji_gpx,qixing_lengshuikeng_xiaoyoukeng_20260410_biji_gpx,gpx,D:\mountain_work\115_osm\activity_input\gpx\qixing_lengshuikeng_xiaoyoukeng_gpx\冷水坑上-七星山東峰-主峰-下小油坑.gpx,2026-04-10T21:35:47+00:00,2026-04-10T23:54:30+00:00,138.717,explicit_gpx_utc,precipitation_10min_mm,MISSING,NULL_VALUE_ONLY,weather\tw_weather_2026-05-01.sqlite3,weather_observations,466940,基隆,基隆市,仁愛區,25.133314,121.74048,,18135.8,44,12,0,12,0,0,,,,,,,False,stations_with_observations_in_exact_activity_window_and_activity_bbox; rank_by_nearest_activity_trackpoint_distance,VARIABLE_VALUES_NULL_OR_BLANK_IN_ACTIVITY_WINDOW,False,Exact activity-window station-variable evidence; no imputation or weather fusion.
ib3w_activity_environment_window_adapter_v1,qixing_lengshuikeng_xiaoyoukeng_20260410_gpx_v1,qixing_lengshuikeng_xiaoyoukeng_20260410_biji_gpx,qixing_lengshuikeng_xiaoyoukeng_20260410_biji_gpx,gpx,D:\mountain_work\115_osm\activity_input\gpx\qixing_lengshuikeng_xiaoyoukeng_gpx\冷水坑上-七星山東峰-主峰-下小油坑.gpx,2026-04-10T21:35:47+00:00,2026-04-10T23:54:30+00:00,138.717,explicit_gpx_utc,precipitation_1hr_mm,MISSING,NULL_VALUE_ONLY,weather\tw_weather_2026-05-01.sqlite3,weather_observations,466940,基隆,基隆市,仁愛區,25.133314,121.74048,,18135.8,44,12,0,12,0,0,,,,,,,False,stations_with_observations_in_exact_activity_window_and_activity_bbox; rank_by_nearest_activity_trackpoint_distance,VARIABLE_VALUES_NULL_OR_BLANK_IN_ACTIVITY_WINDOW,False,Exact activity-window station-variable evidence; no imputation or weather fusion.
ib3w_activity_environment_window_adapter_v1,qixing_lengshuikeng_xiaoyoukeng_20260410_gpx_v1,qixing_lengshuikeng_xiaoyoukeng_20260410_biji_gpx,qixing_lengshuikeng_xiaoyoukeng_20260410_biji_gpx,gpx,D:\mountain_work\115_osm\activity_input\gpx\qixing_lengshuikeng_xiaoyoukeng_gpx\冷水坑上-七星山東峰-主峰-下小油坑.gpx,2026-04-10T21:35:47+00:00,2026-04-10T23:54:30+00:00,138.717,explicit_gpx_utc,temperature_c,OBSERVED,OBSERVED_IN_ACTIVITY_WINDOW,weather\tw_weather_2026-05-01.sqlite3,weather_observations,466940,基隆,基隆市,仁愛區,25.133314,121.74048,,18135.8,44,12,12,0,0,12,2026-04-10T21:50:00+00:00,0.0,23.9,25.3,24.450000000000003,293.40000000000003,True,stations_with_observations_in_exact_activity_window_and_activity_bbox; rank_by_nearest_activity_trackpoint_distance,,False,Exact activity-window station-variable evidence; no imputation or weather fusion.
ib3w_activity_environment_window_adapter_v1,qixing_lengshuikeng_xiaoyoukeng_20260410_gpx_v1,qixing_lengshuikeng_xiaoyoukeng_20260410_biji_gpx,qixing_lengshuikeng_xiaoyoukeng_20260410_biji_gpx,gpx,D:\mountain_work\115_osm\activity_input\gpx\qixing_lengshuikeng_xiaoyoukeng_gpx\冷水坑上-七星山東峰-主峰-下小油坑.gpx,2026-04-10T21:35:47+00:00,2026-04-10T23:54:30+00:00,138.717,explicit_gpx_utc,relative_humidity_pct,OBSERVED,OBSERVED_IN_ACTIVITY_WINDOW,weather\tw_weather_2026-05-01.sqlite3,weather_observations,466940,基隆,基隆市,仁愛區,25.133314,121.74048,,18135.8,44,12,12,0,0,12,2026-04-10T21:50:00+00:00,0.0,83.0,91.0,87.75,1053.0,True,stations_with_observations_in_exact_activity_window_and_activity_bbox; rank_by_nearest_activity_trackpoint_distance,,False,Exact activity-window station-variable evidence; no imputation or weather fusion.
ib3w_activity_environment_window_adapter_v1,qixing_lengshuikeng_xiaoyoukeng_20260410_gpx_v1,qixing_lengshuikeng_xiaoyoukeng_20260410_biji_gpx,qixing_lengshuikeng_xiaoyoukeng_20260410_biji_gpx,gpx,D:\mountain_work\115_osm\activity_input\gpx\qixing_lengshuikeng_xiaoyoukeng_gpx\冷水坑上-七星山東峰-主峰-下小油坑.gpx,2026-04-10T21:35:47+00:00,2026-04-10T23:54:30+00:00,138.717,explicit_gpx_utc,wind_speed_ms,OBSERVED,OBSERVED_IN_ACTIVITY_WINDOW,weather\tw_weather_2026-05-01.sqlite3,weather_observations,466940,基隆,基隆市,仁愛區,25.133314,121.74048,,18135.8,44,12,12,0,0,12,2026-04-10T21:50:00+00:00,0.0,0.6,2.7,1.633333333333333,19.599999999999998,True,stations_with_observations_in_exact_activity_window_and_activity_bbox; rank_by_nearest_activity_trackpoint_distance,,False,Exact activity-window station-variable evidence; no imputation or weather fusion.
ib3w_activity_environment_window_adapter_v1,qixing_lengshuikeng_xiaoyoukeng_20260410_gpx_v1,qixing_lengshuikeng_xiaoyoukeng_20260410_biji_gpx,qixing_lengshuikeng_xiaoyoukeng_20260410_biji_gpx,gpx,D:\mountain_work\115_osm\activity_input\gpx\qixing_lengshuikeng_xiaoyoukeng_gpx\冷水坑上-七星山東峰-主峰-下小油坑.gpx,2026-04-10T21:35:47+00:00,2026-04-10T23:54:30+00:00,138.717,explicit_gpx_utc,wind_direction_deg,OBSERVED,OBSERVED_IN_ACTIVITY_WINDOW,weather\tw_weather_2026-05-01.sqlite3,weather_observations,466940,基隆,基隆市,仁愛區,25.133314,121.74048,,18135.8,44,12,12,0,0,12,2026-04-10T21:50:00+00:00,0.0,10.0,360.0,81.66666666666667,980.0,True,stations_with_observations_in_exact_activity_window_and_activity_bbox; rank_by_nearest_activity_trackpoint_distance,,False,Exact activity-window station-variable evidence; no imputation or weather fusion.
ib3w_activity_environment_window_adapter_v1,qixing_lengshuikeng_xiaoyoukeng_20260410_gpx_v1,qixing_lengshuikeng_xiaoyoukeng_20260410_biji_gpx,qixing_lengshuikeng_xiaoyoukeng_20260410_biji_gpx,gpx,D:\mountain_work\115_osm\activity_input\gpx\qixing_lengshuikeng_xiaoyoukeng_gpx\冷水坑上-七星山東峰-主峰-下小油坑.gpx,2026-04-10T21:35:47+00:00,2026-04-10T23:54:30+00:00,138.717,explicit_gpx_utc,pressure_hpa,OBSERVED,OBSERVED_IN_ACTIVITY_WINDOW,weather\tw_weather_2026-05-01.sqlite3,weather_observations,466940,基隆,基隆市,仁愛區,25.133314,121.74048,,18135.8,44,12,12,0,0,12,2026-04-10T21:50:00+00:00,0.0,1007.7,1008.3,1007.9833333333335,12095.800000000001,True,stations_with_observations_in_exact_activity_window_and_activity_bbox; rank_by_nearest_activity_trackpoint_distance,,False,Exact activity-window station-variable evidence; no imputation or weather fusion.
ib3w_activity_environment_window_adapter_v1,qixing_lengshuikeng_xiaoyoukeng_20260410_gpx_v1,qixing_lengshuikeng_xiaoyoukeng_20260410_biji_gpx,qixing_lengshuikeng_xiaoyoukeng_20260410_biji_gpx,gpx,D:\mountain_work\115_osm\activity_input\gpx\qixing_lengshuikeng_xiaoyoukeng_gpx\冷水坑上-七星山東峰-主峰-下小油坑.gpx,2026-04-10T21:35:47+00:00,2026-04-10T23:54:30+00:00,138.717,explicit_gpx_utc,visibility_m,MISSING,NULL_VALUE_ONLY,weather\tw_weather_2026-05-01.sqlite3,weather_observations,466940,基隆,基隆市,仁愛區,25.133314,121.74048,,18135.8,44,12,0,12,0,0,,,,,,,False,stations_with_observations_in_exact_activity_window_and_activity_bbox; rank_by_nearest_activity_trackpoint_distance,VARIABLE_VALUES_NULL_OR_BLANK_IN_ACTIVITY_WINDOW,False,Exact activity-window station-variable evidence; no imputation or weather fusion.
ib3w_activity_environment_window_adapter_v1,qixing_lengshuikeng_xiaoyoukeng_20260410_gpx_v1,qixing_lengshuikeng_xiaoyoukeng_20260410_biji_gpx,qixing_lengshuikeng_xiaoyoukeng_20260410_biji_gpx,gpx,D:\mountain_work\115_osm\activity_input\gpx\qixing_lengshuikeng_xiaoyoukeng_gpx\冷水坑上-七星山東峰-主峰-下小油坑.gpx,2026-04-10T21:35:47+00:00,2026-04-10T23:54:30+00:00,138.717,explicit_gpx_utc,weather,MISSING,NULL_VALUE_ONLY,weather\tw_weather_2026-05-01.sqlite3,weather_observations,466940,基隆,基隆市,仁愛區,25.133314,121.74048,,18135.8,44,12,0,12,0,0,,,,,,,False,stations_with_observations_in_exact_activity_window_and_activity_bbox; rank_by_nearest_activity_trackpoint_distance,VARIABLE_VALUES_NULL_OR_BLANK_IN_ACTIVITY_WINDOW,False,Exact activity-window station-variable evidence; no imputation or weather fusion.
ib3w_activity_environment_window_adapter_v1,qixing_lengshuikeng_xiaoyoukeng_20260410_gpx_v1,qixing_lengshuikeng_xiaoyoukeng_20260410_biji_gpx,qixing_lengshuikeng_xiaoyoukeng_20260410_biji_gpx,gpx,D:\mountain_work\115_osm\activity_input\gpx\qixing_lengshuikeng_xiaoyoukeng_gpx\冷水坑上-七星山東峰-主峰-下小油坑.gpx,2026-04-10T21:35:47+00:00,2026-04-10T23:54:30+00:00,138.717,explicit_gpx_utc,precipitation_mm,OBSERVED,OBSERVED_IN_ACTIVITY_WINDOW,weather\tw_weather_2026-05-01.sqlite3,weather_observations,C0AC80,文山,臺北市,文山區,25.00235,121.57573,,18153.1,45,2,2,0,2,0,2026-04-10T22:00:00+00:00,0.0,0.0,0.0,0.0,0.0,True,stations_with_observations_in_exact_activity_window_and_activity_bbox; rank_by_nearest_activity_trackpoint_distance,,False,Raw zero values are retained as observed evidence; zero is never synthesized.
ib3w_activity_environment_window_adapter_v1,qixing_lengshuikeng_xiaoyoukeng_20260410_gpx_v1,qixing_lengshuikeng_xiaoyoukeng_20260410_biji_gpx,qixing_lengshuikeng_xiaoyoukeng_20260410_biji_gpx,gpx,D:\mountain_work\115_osm\activity_input\gpx\qixing_lengshuikeng_xiaoyoukeng_gpx\冷水坑上-七星山東峰-主峰-下小油坑.gpx,2026-04-10T21:35:47+00:00,2026-04-10T23:54:30+00:00,138.717,explicit_gpx_utc,precipitation_10min_mm,MISSING,NULL_VALUE_ONLY,weather\tw_weather_2026-05-01.sqlite3,weather_observations,C0AC80,文山,臺北市,文山區,25.00235,121.57573,,18153.1,45,2,0,2,0,0,,,,,,,False,stations_with_observations_in_exact_activity_window_and_activity_bbox; rank_by_nearest_activity_trackpoint_distance,VARIABLE_VALUES_NULL_OR_BLANK_IN_ACTIVITY_WINDOW,False,Exact activity-window station-variable evidence; no imputation or weather fusion.
ib3w_activity_environment_window_adapter_v1,qixing_lengshuikeng_xiaoyoukeng_20260410_gpx_v1,qixing_lengshuikeng_xiaoyoukeng_20260410_biji_gpx,qixing_lengshuikeng_xiaoyoukeng_20260410_biji_gpx,gpx,D:\mountain_work\115_osm\activity_input\gpx\qixing_lengshuikeng_xiaoyoukeng_gpx\冷水坑上-七星山東峰-主峰-下小油坑.gpx,2026-04-10T21:35:47+00:00,2026-04-10T23:54:30+00:00,138.717,explicit_gpx_utc,precipitation_1hr_mm,MISSING,NULL_VALUE_ONLY,weather\tw_weather_2026-05-01.sqlite3,weather_observations,C0AC80,文山,臺北市,文山區,25.00235,121.57573,,18153.1,45,2,0,2,0,0,,,,,,,False,stations_with_observations_in_exact_activity_window_and_activity_bbox; rank_by_nearest_activity_trackpoint_distance,VARIABLE_VALUES_NULL_OR_BLANK_IN_ACTIVITY_WINDOW,False,Exact activity-window station-variable evidence; no imputation or weather fusion.
ib3w_activity_environment_window_adapter_v1,qixing_lengshuikeng_xiaoyoukeng_20260410_gpx_v1,qixing_lengshuikeng_xiaoyoukeng_20260410_biji_gpx,qixing_lengshuikeng_xiaoyoukeng_20260410_biji_gpx,gpx,D:\mountain_work\115_osm\activity_input\gpx\qixing_lengshuikeng_xiaoyoukeng_gpx\冷水坑上-七星山東峰-主峰-下小油坑.gpx,2026-04-10T21:35:47+00:00,2026-04-10T23:54:30+00:00,138.717,explicit_gpx_utc,temperature_c,OBSERVED,OBSERVED_IN_ACTIVITY_WINDOW,weather\tw_weather_2026-05-01.sqlite3,weather_observations,C0AC80,文山,臺北市,文山區,25.00235,121.57573,,18153.1,45,2,2,0,0,2,2026-04-10T22:00:00+00:00,0.0,22.5,23.4,22.95,45.9,True,stations_with_observations_in_exact_activity_window_and_activity_bbox; rank_by_nearest_activity_trackpoint_distance,,False,Exact activity-window station-variable evidence; no imputation or weather fusion.
ib3w_activity_environment_window_adapter_v1,qixing_lengshuikeng_xiaoyoukeng_20260410_gpx_v1,qixing_lengshuikeng_xiaoyoukeng_20260410_biji_gpx,qixing_lengshuikeng_xiaoyoukeng_20260410_biji_gpx,gpx,D:\mountain_work\115_osm\activity_input\gpx\qixing_lengshuikeng_xiaoyoukeng_gpx\冷水坑上-七星山東峰-主峰-下小油坑.gpx,2026-04-10T21:35:47+00:00,2026-04-10T23:54:30+00:00,138.717,explicit_gpx_utc,relative_humidity_pct,OBSERVED,OBSERVED_IN_ACTIVITY_WINDOW,weather\tw_weather_2026-05-01.sqlite3,weather_observations,C0AC80,文山,臺北市,文山區,25.00235,121.57573,,18153.1,45,2,2,0,0,2,2026-04-10T22:00:00+00:00,0.0,99.0,99.0,99.0,198.0,True,stations_with_observations_in_exact_activity_window_and_activity_bbox; rank_by_nearest_activity_trackpoint_distance,,False,Exact activity-window station-variable evidence; no imputation or weather fusion.
ib3w_activity_environment_window_adapter_v1,qixing_lengshuikeng_xiaoyoukeng_20260410_gpx_v1,qixing_lengshuikeng_xiaoyoukeng_20260410_biji_gpx,qixing_lengshuikeng_xiaoyoukeng_20260410_biji_gpx,gpx,D:\mountain_work\115_osm\activity_input\gpx\qixing_lengshuikeng_xiaoyoukeng_gpx\冷水坑上-七星山東峰-主峰-下小油坑.gpx,2026-04-10T21:35:47+00:00,2026-04-10T23:54:30+00:00,138.717,explicit_gpx_utc,wind_speed_ms,OBSERVED,OBSERVED_IN_ACTIVITY_WINDOW,weather\tw_weather_2026-05-01.sqlite3,weather_observations,C0AC80,文山,臺北市,文山區,25.00235,121.57573,,18153.1,45,2,2,0,2,0,2026-04-10T22:00:00+00:00,0.0,0.0,0.0,0.0,0.0,True,stations_with_observations_in_exact_activity_window_and_activity_bbox; rank_by_nearest_activity_trackpoint_distance,,False,Raw zero values are retained as observed evidence; zero is never synthesized.
ib3w_activity_environment_window_adapter_v1,qixing_lengshuikeng_xiaoyoukeng_20260410_gpx_v1,qixing_lengshuikeng_xiaoyoukeng_20260410_biji_gpx,qixing_lengshuikeng_xiaoyoukeng_20260410_biji_gpx,gpx,D:\mountain_work\115_osm\activity_input\gpx\qixing_lengshuikeng_xiaoyoukeng_gpx\冷水坑上-七星山東峰-主峰-下小油坑.gpx,2026-04-10T21:35:47+00:00,2026-04-10T23:54:30+00:00,138.717,explicit_gpx_utc,wind_direction_deg,OBSERVED,OBSERVED_IN_ACTIVITY_WINDOW,weather\tw_weather_2026-05-01.sqlite3,weather_observations,C0AC80,文山,臺北市,文山區,25.00235,121.57573,,18153.1,45,2,2,0,2,0,2026-04-10T22:00:00+00:00,0.0,0.0,0.0,0.0,0.0,True,stations_with_observations_in_exact_activity_window_and_activity_bbox; rank_by_nearest_activity_trackpoint_distance,,False,Raw zero values are retained as observed evidence; zero is never synthesized.
ib3w_activity_environment_window_adapter_v1,qixing_lengshuikeng_xiaoyoukeng_20260410_gpx_v1,qixing_lengshuikeng_xiaoyoukeng_20260410_biji_gpx,qixing_lengshuikeng_xiaoyoukeng_20260410_biji_gpx,gpx,D:\mountain_work\115_osm\activity_input\gpx\qixing_lengshuikeng_xiaoyoukeng_gpx\冷水坑上-七星山東峰-主峰-下小油坑.gpx,2026-04-10T21:35:47+00:00,2026-04-10T23:54:30+00:00,138.717,explicit_gpx_utc,pressure_hpa,OBSERVED,OBSERVED_IN_ACTIVITY_WINDOW,weather\tw_weather_2026-05-01.sqlite3,weather_observations,C0AC80,文山,臺北市,文山區,25.00235,121.57573,,18153.1,45,2,2,0,0,2,2026-04-10T22:00:00+00:00,0.0,1005.0,1005.2,1005.1,2010.2,True,stations_with_observations_in_exact_activity_window_and_activity_bbox; rank_by_nearest_activity_trackpoint_distance,,False,Exact activity-window station-variable evidence; no imputation or weather fusion.
ib3w_activity_environment_window_adapter_v1,qixing_lengshuikeng_xiaoyoukeng_20260410_gpx_v1,qixing_lengshuikeng_xiaoyoukeng_20260410_biji_gpx,qixing_lengshuikeng_xiaoyoukeng_20260410_biji_gpx,gpx,D:\mountain_work\115_osm\activity_input\gpx\qixing_lengshuikeng_xiaoyoukeng_gpx\冷水坑上-七星山東峰-主峰-下小油坑.gpx,2026-04-10T21:35:47+00:00,2026-04-10T23:54:30+00:00,138.717,explicit_gpx_utc,visibility_m,MISSING,NULL_VALUE_ONLY,weather\tw_weather_2026-05-01.sqlite3,weather_observations,C0AC80,文山,臺北市,文山區,25.00235,121.57573,,18153.1,45,2,0,2,0,0,,,,,,,False,stations_with_observations_in_exact_activity_window_and_activity_bbox; rank_by_nearest_activity_trackpoint_distance,VARIABLE_VALUES_NULL_OR_BLANK_IN_ACTIVITY_WINDOW,False,Exact activity-window station-variable evidence; no imputation or weather fusion.
ib3w_activity_environment_window_adapter_v1,qixing_lengshuikeng_xiaoyoukeng_20260410_gpx_v1,qixing_lengshuikeng_xiaoyoukeng_20260410_biji_gpx,qixing_lengshuikeng_xiaoyoukeng_20260410_biji_gpx,gpx,D:\mountain_work\115_osm\activity_input\gpx\qixing_lengshuikeng_xiaoyoukeng_gpx\冷水坑上-七星山東峰-主峰-下小油坑.gpx,2026-04-10T21:35:47+00:00,2026-04-10T23:54:30+00:00,138.717,explicit_gpx_utc,weather,MISSING,NULL_VALUE_ONLY,weather\tw_weather_2026-05-01.sqlite3,weather_observations,C0AC80,文山,臺北市,文山區,25.00235,121.57573,,18153.1,45,2,0,2,0,0,,,,,,,False,stations_with_observations_in_exact_activity_window_and_activity_bbox; rank_by_nearest_activity_trackpoint_distance,VARIABLE_VALUES_NULL_OR_BLANK_IN_ACTIVITY_WINDOW,False,Exact activity-window station-variable evidence; no imputation or weather fusion.
ib3w_activity_environment_window_adapter_v1,qixing_lengshuikeng_xiaoyoukeng_20260410_gpx_v1,qixing_lengshuikeng_xiaoyoukeng_20260410_biji_gpx,qixing_lengshuikeng_xiaoyoukeng_20260410_biji_gpx,gpx,D:\mountain_work\115_osm\activity_input\gpx\qixing_lengshuikeng_xiaoyoukeng_gpx\冷水坑上-七星山東峰-主峰-下小油坑.gpx,2026-04-10T21:35:47+00:00,2026-04-10T23:54:30+00:00,138.717,explicit_gpx_utc,precipitation_mm,OBSERVED,OBSERVED_IN_ACTIVITY_WINDOW,weather\tw_weather_2026-05-01.sqlite3,weather_observations,CAA090,國三甲005K,臺北市,文山區,25.00194,121.5975,,18514.1,46,13,12,1,12,0,2026-04-10T21:50:00+00:00,0.0,0.0,0.0,0.0,0.0,True,stations_with_observations_in_exact_activity_window_and_activity_bbox; rank_by_nearest_activity_trackpoint_distance,,False,Raw zero values are retained as observed evidence; zero is never synthesized.
ib3w_activity_environment_window_adapter_v1,qixing_lengshuikeng_xiaoyoukeng_20260410_gpx_v1,qixing_lengshuikeng_xiaoyoukeng_20260410_biji_gpx,qixing_lengshuikeng_xiaoyoukeng_20260410_biji_gpx,gpx,D:\mountain_work\115_osm\activity_input\gpx\qixing_lengshuikeng_xiaoyoukeng_gpx\冷水坑上-七星山東峰-主峰-下小油坑.gpx,2026-04-10T21:35:47+00:00,2026-04-10T23:54:30+00:00,138.717,explicit_gpx_utc,precipitation_10min_mm,MISSING,NULL_VALUE_ONLY,weather\tw_weather_2026-05-01.sqlite3,weather_observations,CAA090,國三甲005K,臺北市,文山區,25.00194,121.5975,,18514.1,46,13,0,13,0,0,,,,,,,False,stations_with_observations_in_exact_activity_window_and_activity_bbox; rank_by_nearest_activity_trackpoint_distance,VARIABLE_VALUES_NULL_OR_BLANK_IN_ACTIVITY_WINDOW,False,Exact activity-window station-variable evidence; no imputation or weather fusion.
ib3w_activity_environment_window_adapter_v1,qixing_lengshuikeng_xiaoyoukeng_20260410_gpx_v1,qixing_lengshuikeng_xiaoyoukeng_20260410_biji_gpx,qixing_lengshuikeng_xiaoyoukeng_20260410_biji_gpx,gpx,D:\mountain_work\115_osm\activity_input\gpx\qixing_lengshuikeng_xiaoyoukeng_gpx\冷水坑上-七星山東峰-主峰-下小油坑.gpx,2026-04-10T21:35:47+00:00,2026-04-10T23:54:30+00:00,138.717,explicit_gpx_utc,precipitation_1hr_mm,MISSING,NULL_VALUE_ONLY,weather\tw_weather_2026-05-01.sqlite3,weather_observations,CAA090,國三甲005K,臺北市,文山區,25.00194,121.5975,,18514.1,46,13,0,13,0,0,,,,,,,False,stations_with_observations_in_exact_activity_window_and_activity_bbox; rank_by_nearest_activity_trackpoint_distance,VARIABLE_VALUES_NULL_OR_BLANK_IN_ACTIVITY_WINDOW,False,Exact activity-window station-variable evidence; no imputation or weather fusion.
ib3w_activity_environment_window_adapter_v1,qixing_lengshuikeng_xiaoyoukeng_20260410_gpx_v1,qixing_lengshuikeng_xiaoyoukeng_20260410_biji_gpx,qixing_lengshuikeng_xiaoyoukeng_20260410_biji_gpx,gpx,D:\mountain_work\115_osm\activity_input\gpx\qixing_lengshuikeng_xiaoyoukeng_gpx\冷水坑上-七星山東峰-主峰-下小油坑.gpx,2026-04-10T21:35:47+00:00,2026-04-10T23:54:30+00:00,138.717,explicit_gpx_utc,temperature_c,OBSERVED,OBSERVED_IN_ACTIVITY_WINDOW,weather\tw_weather_2026-05-01.sqlite3,weather_observations,CAA090,國三甲005K,臺北市,文山區,25.00194,121.5975,,18514.1,46,13,12,1,0,12,2026-04-10T21:40:00+00:00,0.0,21.5,24.5,22.375,268.5,True,stations_with_observations_in_exact_activity_window_and_activity_bbox; rank_by_nearest_activity_trackpoint_distance,,False,Exact activity-window station-variable evidence; no imputation or weather fusion.
ib3w_activity_environment_window_adapter_v1,qixing_lengshuikeng_xiaoyoukeng_20260410_gpx_v1,qixing_lengshuikeng_xiaoyoukeng_20260410_biji_gpx,qixing_lengshuikeng_xiaoyoukeng_20260410_biji_gpx,gpx,D:\mountain_work\115_osm\activity_input\gpx\qixing_lengshuikeng_xiaoyoukeng_gpx\冷水坑上-七星山東峰-主峰-下小油坑.gpx,2026-04-10T21:35:47+00:00,2026-04-10T23:54:30+00:00,138.717,explicit_gpx_utc,relative_humidity_pct,OBSERVED,OBSERVED_IN_ACTIVITY_WINDOW,weather\tw_weather_2026-05-01.sqlite3,weather_observations,CAA090,國三甲005K,臺北市,文山區,25.00194,121.5975,,18514.1,46,13,12,1,0,12,2026-04-10T21:50:00+00:00,0.0,91.0,100.0,96.75,1161.0,True,stations_with_observations_in_exact_activity_window_and_activity_bbox; rank_by_nearest_activity_trackpoint_distance,,False,Exact activity-window station-variable evidence; no imputation or weather fusion.
ib3w_activity_environment_window_adapter_v1,qixing_lengshuikeng_xiaoyoukeng_20260410_gpx_v1,qixing_lengshuikeng_xiaoyoukeng_20260410_biji_gpx,qixing_lengshuikeng_xiaoyoukeng_20260410_biji_gpx,gpx,D:\mountain_work\115_osm\activity_input\gpx\qixing_lengshuikeng_xiaoyoukeng_gpx\冷水坑上-七星山東峰-主峰-下小油坑.gpx,2026-04-10T21:35:47+00:00,2026-04-10T23:54:30+00:00,138.717,explicit_gpx_utc,wind_speed_ms,OBSERVED,OBSERVED_IN_ACTIVITY_WINDOW,weather\tw_weather_2026-05-01.sqlite3,weather_observations,CAA090,國三甲005K,臺北市,文山區,25.00194,121.5975,,18514.1,46,13,12,1,0,12,2026-04-10T21:50:00+00:00,0.0,0.5,1.8,0.9833333333333333,11.799999999999999,True,stations_with_observations_in_exact_activity_window_and_activity_bbox; rank_by_nearest_activity_trackpoint_distance,,False,Exact activity-window station-variable evidence; no imputation or weather fusion.
ib3w_activity_environment_window_adapter_v1,qixing_lengshuikeng_xiaoyoukeng_20260410_gpx_v1,qixing_lengshuikeng_xiaoyoukeng_20260410_biji_gpx,qixing_lengshuikeng_xiaoyoukeng_20260410_biji_gpx,gpx,D:\mountain_work\115_osm\activity_input\gpx\qixing_lengshuikeng_xiaoyoukeng_gpx\冷水坑上-七星山東峰-主峰-下小油坑.gpx,2026-04-10T21:35:47+00:00,2026-04-10T23:54:30+00:00,138.717,explicit_gpx_utc,wind_direction_deg,OBSERVED,OBSERVED_IN_ACTIVITY_WINDOW,weather\tw_weather_2026-05-01.sqlite3,weather_observations,CAA090,國三甲005K,臺北市,文山區,25.00194,121.5975,,18514.1,46,13,12,1,0,12,2026-04-10T21:50:00+00:00,0.0,50.0,190.0,95.83333333333333,1150.0,True,stations_with_observations_in_exact_activity_window_and_activity_bbox; rank_by_nearest_activity_trackpoint_distance,,False,Exact activity-window station-variable evidence; no imputation or weather fusion.
ib3w_activity_environment_window_adapter_v1,qixing_lengshuikeng_xiaoyoukeng_20260410_gpx_v1,qixing_lengshuikeng_xiaoyoukeng_20260410_biji_gpx,qixing_lengshuikeng_xiaoyoukeng_20260410_biji_gpx,gpx,D:\mountain_work\115_osm\activity_input\gpx\qixing_lengshuikeng_xiaoyoukeng_gpx\冷水坑上-七星山東峰-主峰-下小油坑.gpx,2026-04-10T21:35:47+00:00,2026-04-10T23:54:30+00:00,138.717,explicit_gpx_utc,pressure_hpa,MISSING,NULL_VALUE_ONLY,weather\tw_weather_2026-05-01.sqlite3,weather_observations,CAA090,國三甲005K,臺北市,文山區,25.00194,121.5975,,18514.1,46,13,0,13,0,0,,,,,,,False,stations_with_observations_in_exact_activity_window_and_activity_bbox; rank_by_nearest_activity_trackpoint_distance,VARIABLE_VALUES_NULL_OR_BLANK_IN_ACTIVITY_WINDOW,False,Exact activity-window station-variable evidence; no imputation or weather fusion.
ib3w_activity_environment_window_adapter_v1,qixing_lengshuikeng_xiaoyoukeng_20260410_gpx_v1,qixing_lengshuikeng_xiaoyoukeng_20260410_biji_gpx,qixing_lengshuikeng_xiaoyoukeng_20260410_biji_gpx,gpx,D:\mountain_work\115_osm\activity_input\gpx\qixing_lengshuikeng_xiaoyoukeng_gpx\冷水坑上-七星山東峰-主峰-下小油坑.gpx,2026-04-10T21:35:47+00:00,2026-04-10T23:54:30+00:00,138.717,explicit_gpx_utc,visibility_m,MISSING,NULL_VALUE_ONLY,weather\tw_weather_2026-05-01.sqlite3,weather_observations,CAA090,國三甲005K,臺北市,文山區,25.00194,121.5975,,18514.1,46,13,0,13,0,0,,,,,,,False,stations_with_observations_in_exact_activity_window_and_activity_bbox; rank_by_nearest_activity_trackpoint_distance,VARIABLE_VALUES_NULL_OR_BLANK_IN_ACTIVITY_WINDOW,False,Exact activity-window station-variable evidence; no imputation or weather fusion.
ib3w_activity_environment_window_adapter_v1,qixing_lengshuikeng_xiaoyoukeng_20260410_gpx_v1,qixing_lengshuikeng_xiaoyoukeng_20260410_biji_gpx,qixing_lengshuikeng_xiaoyoukeng_20260410_biji_gpx,gpx,D:\mountain_work\115_osm\activity_input\gpx\qixing_lengshuikeng_xiaoyoukeng_gpx\冷水坑上-七星山東峰-主峰-下小油坑.gpx,2026-04-10T21:35:47+00:00,2026-04-10T23:54:30+00:00,138.717,explicit_gpx_utc,weather,MISSING,NULL_VALUE_ONLY,weather\tw_weather_2026-05-01.sqlite3,weather_observations,CAA090,國三甲005K,臺北市,文山區,25.00194,121.5975,,18514.1,46,13,0,13,0,0,,,,,,,False,stations_with_observations_in_exact_activity_window_and_activity_bbox; rank_by_nearest_activity_trackpoint_distance,VARIABLE_VALUES_NULL_OR_BLANK_IN_ACTIVITY_WINDOW,False,Exact activity-window station-variable evidence; no imputation or weather fusion.
ib3w_activity_environment_window_adapter_v1,qixing_lengshuikeng_xiaoyoukeng_20260410_gpx_v1,qixing_lengshuikeng_xiaoyoukeng_20260410_biji_gpx,qixing_lengshuikeng_xiaoyoukeng_20260410_biji_gpx,gpx,D:\mountain_work\115_osm\activity_input\gpx\qixing_lengshuikeng_xiaoyoukeng_gpx\冷水坑上-七星山東峰-主峰-下小油坑.gpx,2026-04-10T21:35:47+00:00,2026-04-10T23:54:30+00:00,138.717,explicit_gpx_utc,precipitation_mm,OBSERVED,OBSERVED_IN_ACTIVITY_WINDOW,weather\tw_weather_2026-05-01.sqlite3,weather_observations,C0AH80,深坑,新北市,深坑區,25.002703,121.62833,,19247.7,47,2,2,0,2,0,2026-04-10T22:00:00+00:00,0.0,0.0,0.0,0.0,0.0,True,stations_with_observations_in_exact_activity_window_and_activity_bbox; rank_by_nearest_activity_trackpoint_distance,,False,Raw zero values are retained as observed evidence; zero is never synthesized.
ib3w_activity_environment_window_adapter_v1,qixing_lengshuikeng_xiaoyoukeng_20260410_gpx_v1,qixing_lengshuikeng_xiaoyoukeng_20260410_biji_gpx,qixing_lengshuikeng_xiaoyoukeng_20260410_biji_gpx,gpx,D:\mountain_work\115_osm\activity_input\gpx\qixing_lengshuikeng_xiaoyoukeng_gpx\冷水坑上-七星山東峰-主峰-下小油坑.gpx,2026-04-10T21:35:47+00:00,2026-04-10T23:54:30+00:00,138.717,explicit_gpx_utc,precipitation_10min_mm,MISSING,NULL_VALUE_ONLY,weather\tw_weather_2026-05-01.sqlite3,weather_observations,C0AH80,深坑,新北市,深坑區,25.002703,121.62833,,19247.7,47,2,0,2,0,0,,,,,,,False,stations_with_observations_in_exact_activity_window_and_activity_bbox; rank_by_nearest_activity_trackpoint_distance,VARIABLE_VALUES_NULL_OR_BLANK_IN_ACTIVITY_WINDOW,False,Exact activity-window station-variable evidence; no imputation or weather fusion.
ib3w_activity_environment_window_adapter_v1,qixing_lengshuikeng_xiaoyoukeng_20260410_gpx_v1,qixing_lengshuikeng_xiaoyoukeng_20260410_biji_gpx,qixing_lengshuikeng_xiaoyoukeng_20260410_biji_gpx,gpx,D:\mountain_work\115_osm\activity_input\gpx\qixing_lengshuikeng_xiaoyoukeng_gpx\冷水坑上-七星山東峰-主峰-下小油坑.gpx,2026-04-10T21:35:47+00:00,2026-04-10T23:54:30+00:00,138.717,explicit_gpx_utc,precipitation_1hr_mm,MISSING,NULL_VALUE_ONLY,weather\tw_weather_2026-05-01.sqlite3,weather_observations,C0AH80,深坑,新北市,深坑區,25.002703,121.62833,,19247.7,47,2,0,2,0,0,,,,,,,False,stations_with_observations_in_exact_activity_window_and_activity_bbox; rank_by_nearest_activity_trackpoint_distance,VARIABLE_VALUES_NULL_OR_BLANK_IN_ACTIVITY_WINDOW,False,Exact activity-window station-variable evidence; no imputation or weather fusion.
ib3w_activity_environment_window_adapter_v1,qixing_lengshuikeng_xiaoyoukeng_20260410_gpx_v1,qixing_lengshuikeng_xiaoyoukeng_20260410_biji_gpx,qixing_lengshuikeng_xiaoyoukeng_20260410_biji_gpx,gpx,D:\mountain_work\115_osm\activity_input\gpx\qixing_lengshuikeng_xiaoyoukeng_gpx\冷水坑上-七星山東峰-主峰-下小油坑.gpx,2026-04-10T21:35:47+00:00,2026-04-10T23:54:30+00:00,138.717,explicit_gpx_utc,temperature_c,OBSERVED,OBSERVED_IN_ACTIVITY_WINDOW,weather\tw_weather_2026-05-01.sqlite3,weather_observations,C0AH80,深坑,新北市,深坑區,25.002703,121.62833,,19247.7,47,2,2,0,0,2,2026-04-10T22:00:00+00:00,0.0,22.4,23.5,22.95,45.9,True,stations_with_observations_in_exact_activity_window_and_activity_bbox; rank_by_nearest_activity_trackpoint_distance,,False,Exact activity-window station-variable evidence; no imputation or weather fusion.
ib3w_activity_environment_window_adapter_v1,qixing_lengshuikeng_xiaoyoukeng_20260410_gpx_v1,qixing_lengshuikeng_xiaoyoukeng_20260410_biji_gpx,qixing_lengshuikeng_xiaoyoukeng_20260410_biji_gpx,gpx,D:\mountain_work\115_osm\activity_input\gpx\qixing_lengshuikeng_xiaoyoukeng_gpx\冷水坑上-七星山東峰-主峰-下小油坑.gpx,2026-04-10T21:35:47+00:00,2026-04-10T23:54:30+00:00,138.717,explicit_gpx_utc,relative_humidity_pct,OBSERVED,OBSERVED_IN_ACTIVITY_WINDOW,weather\tw_weather_2026-05-01.sqlite3,weather_observations,C0AH80,深坑,新北市,深坑區,25.002703,121.62833,,19247.7,47,2,2,0,0,2,2026-04-10T22:00:00+00:00,0.0,90.0,92.0,91.0,182.0,True,stations_with_observations_in_exact_activity_window_and_activity_bbox; rank_by_nearest_activity_trackpoint_distance,,False,Exact activity-window station-variable evidence; no imputation or weather fusion.
ib3w_activity_environment_window_adapter_v1,qixing_lengshuikeng_xiaoyoukeng_20260410_gpx_v1,qixing_lengshuikeng_xiaoyoukeng_20260410_biji_gpx,qixing_lengshuikeng_xiaoyoukeng_20260410_biji_gpx,gpx,D:\mountain_work\115_osm\activity_input\gpx\qixing_lengshuikeng_xiaoyoukeng_gpx\冷水坑上-七星山東峰-主峰-下小油坑.gpx,2026-04-10T21:35:47+00:00,2026-04-10T23:54:30+00:00,138.717,explicit_gpx_utc,wind_speed_ms,OBSERVED,OBSERVED_IN_ACTIVITY_WINDOW,weather\tw_weather_2026-05-01.sqlite3,weather_observations,C0AH80,深坑,新北市,深坑區,25.002703,121.62833,,19247.7,47,2,2,0,2,0,2026-04-10T22:00:00+00:00,0.0,0.0,0.0,0.0,0.0,True,stations_with_observations_in_exact_activity_window_and_activity_bbox; rank_by_nearest_activity_trackpoint_distance,,False,Raw zero values are retained as observed evidence; zero is never synthesized.
ib3w_activity_environment_window_adapter_v1,qixing_lengshuikeng_xiaoyoukeng_20260410_gpx_v1,qixing_lengshuikeng_xiaoyoukeng_20260410_biji_gpx,qixing_lengshuikeng_xiaoyoukeng_20260410_biji_gpx,gpx,D:\mountain_work\115_osm\activity_input\gpx\qixing_lengshuikeng_xiaoyoukeng_gpx\冷水坑上-七星山東峰-主峰-下小油坑.gpx,2026-04-10T21:35:47+00:00,2026-04-10T23:54:30+00:00,138.717,explicit_gpx_utc,wind_direction_deg,OBSERVED,OBSERVED_IN_ACTIVITY_WINDOW,weather\tw_weather_2026-05-01.sqlite3,weather_observations,C0AH80,深坑,新北市,深坑區,25.002703,121.62833,,19247.7,47,2,2,0,2,0,2026-04-10T22:00:00+00:00,0.0,0.0,0.0,0.0,0.0,True,stations_with_observations_in_exact_activity_window_and_activity_bbox; rank_by_nearest_activity_trackpoint_distance,,False,Raw zero values are retained as observed evidence; zero is never synthesized.
ib3w_activity_environment_window_adapter_v1,qixing_lengshuikeng_xiaoyoukeng_20260410_gpx_v1,qixing_lengshuikeng_xiaoyoukeng_20260410_biji_gpx,qixing_lengshuikeng_xiaoyoukeng_20260410_biji_gpx,gpx,D:\mountain_work\115_osm\activity_input\gpx\qixing_lengshuikeng_xiaoyoukeng_gpx\冷水坑上-七星山東峰-主峰-下小油坑.gpx,2026-04-10T21:35:47+00:00,2026-04-10T23:54:30+00:00,138.717,explicit_gpx_utc,pressure_hpa,OBSERVED,OBSERVED_IN_ACTIVITY_WINDOW,weather\tw_weather_2026-05-01.sqlite3,weather_observations,C0AH80,深坑,新北市,深坑區,25.002703,121.62833,,19247.7,47,2,2,0,0,2,2026-04-10T22:00:00+00:00,0.0,1000.8,1000.9,1000.8499999999999,2001.6999999999998,True,stations_with_observations_in_exact_activity_window_and_activity_bbox; rank_by_nearest_activity_trackpoint_distance,,False,Exact activity-window station-variable evidence; no imputation or weather fusion.
ib3w_activity_environment_window_adapter_v1,qixing_lengshuikeng_xiaoyoukeng_20260410_gpx_v1,qixing_lengshuikeng_xiaoyoukeng_20260410_biji_gpx,qixing_lengshuikeng_xiaoyoukeng_20260410_biji_gpx,gpx,D:\mountain_work\115_osm\activity_input\gpx\qixing_lengshuikeng_xiaoyoukeng_gpx\冷水坑上-七星山東峰-主峰-下小油坑.gpx,2026-04-10T21:35:47+00:00,2026-04-10T23:54:30+00:00,138.717,explicit_gpx_utc,visibility_m,MISSING,NULL_VALUE_ONLY,weather\tw_weather_2026-05-01.sqlite3,weather_observations,C0AH80,深坑,新北市,深坑區,25.002703,121.62833,,19247.7,47,2,0,2,0,0,,,,,,,False,stations_with_observations_in_exact_activity_window_and_activity_bbox; rank_by_nearest_activity_trackpoint_distance,VARIABLE_VALUES_NULL_OR_BLANK_IN_ACTIVITY_WINDOW,False,Exact activity-window station-variable evidence; no imputation or weather fusion.
ib3w_activity_environment_window_adapter_v1,qixing_lengshuikeng_xiaoyoukeng_20260410_gpx_v1,qixing_lengshuikeng_xiaoyoukeng_20260410_biji_gpx,qixing_lengshuikeng_xiaoyoukeng_20260410_biji_gpx,gpx,D:\mountain_work\115_osm\activity_input\gpx\qixing_lengshuikeng_xiaoyoukeng_gpx\冷水坑上-七星山東峰-主峰-下小油坑.gpx,2026-04-10T21:35:47+00:00,2026-04-10T23:54:30+00:00,138.717,explicit_gpx_utc,weather,MISSING,NULL_VALUE_ONLY,weather\tw_weather_2026-05-01.sqlite3,weather_observations,C0AH80,深坑,新北市,深坑區,25.002703,121.62833,,19247.7,47,2,0,2,0,0,,,,,,,False,stations_with_observations_in_exact_activity_window_and_activity_bbox; rank_by_nearest_activity_trackpoint_distance,VARIABLE_VALUES_NULL_OR_BLANK_IN_ACTIVITY_WINDOW,False,Exact activity-window station-variable evidence; no imputation or weather fusion.
ib3w_activity_environment_window_adapter_v1,qixing_lengshuikeng_xiaoyoukeng_20260410_gpx_v1,qixing_lengshuikeng_xiaoyoukeng_20260410_biji_gpx,qixing_lengshuikeng_xiaoyoukeng_20260410_biji_gpx,gpx,D:\mountain_work\115_osm\activity_input\gpx\qixing_lengshuikeng_xiaoyoukeng_gpx\冷水坑上-七星山東峰-主峰-下小油坑.gpx,2026-04-10T21:35:47+00:00,2026-04-10T23:54:30+00:00,138.717,explicit_gpx_utc,precipitation_mm,OBSERVED,OBSERVED_IN_ACTIVITY_WINDOW,weather\tw_weather_2026-05-01.sqlite3,weather_observations,C0B060,暖暖,基隆市,暖暖區,25.095741,121.7403,,19387.5,48,2,2,0,2,0,2026-04-10T22:00:00+00:00,0.0,0.0,0.0,0.0,0.0,True,stations_with_observations_in_exact_activity_window_and_activity_bbox; rank_by_nearest_activity_trackpoint_distance,,False,Raw zero values are retained as observed evidence; zero is never synthesized.
ib3w_activity_environment_window_adapter_v1,qixing_lengshuikeng_xiaoyoukeng_20260410_gpx_v1,qixing_lengshuikeng_xiaoyoukeng_20260410_biji_gpx,qixing_lengshuikeng_xiaoyoukeng_20260410_biji_gpx,gpx,D:\mountain_work\115_osm\activity_input\gpx\qixing_lengshuikeng_xiaoyoukeng_gpx\冷水坑上-七星山東峰-主峰-下小油坑.gpx,2026-04-10T21:35:47+00:00,2026-04-10T23:54:30+00:00,138.717,explicit_gpx_utc,precipitation_10min_mm,MISSING,NULL_VALUE_ONLY,weather\tw_weather_2026-05-01.sqlite3,weather_observations,C0B060,暖暖,基隆市,暖暖區,25.095741,121.7403,,19387.5,48,2,0,2,0,0,,,,,,,False,stations_with_observations_in_exact_activity_window_and_activity_bbox; rank_by_nearest_activity_trackpoint_distance,VARIABLE_VALUES_NULL_OR_BLANK_IN_ACTIVITY_WINDOW,False,Exact activity-window station-variable evidence; no imputation or weather fusion.
ib3w_activity_environment_window_adapter_v1,qixing_lengshuikeng_xiaoyoukeng_20260410_gpx_v1,qixing_lengshuikeng_xiaoyoukeng_20260410_biji_gpx,qixing_lengshuikeng_xiaoyoukeng_20260410_biji_gpx,gpx,D:\mountain_work\115_osm\activity_input\gpx\qixing_lengshuikeng_xiaoyoukeng_gpx\冷水坑上-七星山東峰-主峰-下小油坑.gpx,2026-04-10T21:35:47+00:00,2026-04-10T23:54:30+00:00,138.717,explicit_gpx_utc,precipitation_1hr_mm,MISSING,NULL_VALUE_ONLY,weather\tw_weather_2026-05-01.sqlite3,weather_observations,C0B060,暖暖,基隆市,暖暖區,25.095741,121.7403,,19387.5,48,2,0,2,0,0,,,,,,,False,stations_with_observations_in_exact_activity_window_and_activity_bbox; rank_by_nearest_activity_trackpoint_distance,VARIABLE_VALUES_NULL_OR_BLANK_IN_ACTIVITY_WINDOW,False,Exact activity-window station-variable evidence; no imputation or weather fusion.
ib3w_activity_environment_window_adapter_v1,qixing_lengshuikeng_xiaoyoukeng_20260410_gpx_v1,qixing_lengshuikeng_xiaoyoukeng_20260410_biji_gpx,qixing_lengshuikeng_xiaoyoukeng_20260410_biji_gpx,gpx,D:\mountain_work\115_osm\activity_input\gpx\qixing_lengshuikeng_xiaoyoukeng_gpx\冷水坑上-七星山東峰-主峰-下小油坑.gpx,2026-04-10T21:35:47+00:00,2026-04-10T23:54:30+00:00,138.717,explicit_gpx_utc,temperature_c,OBSERVED,OBSERVED_IN_ACTIVITY_WINDOW,weather\tw_weather_2026-05-01.sqlite3,weather_observations,C0B060,暖暖,基隆市,暖暖區,25.095741,121.7403,,19387.5,48,2,2,0,0,2,2026-04-10T22:00:00+00:00,0.0,23.8,24.2,24.0,48.0,True,stations_with_observations_in_exact_activity_window_and_activity_bbox; rank_by_nearest_activity_trackpoint_distance,,False,Exact activity-window station-variable evidence; no imputation or weather fusion.
ib3w_activity_environment_window_adapter_v1,qixing_lengshuikeng_xiaoyoukeng_20260410_gpx_v1,qixing_lengshuikeng_xiaoyoukeng_20260410_biji_gpx,qixing_lengshuikeng_xiaoyoukeng_20260410_biji_gpx,gpx,D:\mountain_work\115_osm\activity_input\gpx\qixing_lengshuikeng_xiaoyoukeng_gpx\冷水坑上-七星山東峰-主峰-下小油坑.gpx,2026-04-10T21:35:47+00:00,2026-04-10T23:54:30+00:00,138.717,explicit_gpx_utc,relative_humidity_pct,OBSERVED,OBSERVED_IN_ACTIVITY_WINDOW,weather\tw_weather_2026-05-01.sqlite3,weather_observations,C0B060,暖暖,基隆市,暖暖區,25.095741,121.7403,,19387.5,48,2,2,0,0,2,2026-04-10T22:00:00+00:00,0.0,91.0,92.0,91.5,183.0,True,stations_with_observations_in_exact_activity_window_and_activity_bbox; rank_by_nearest_activity_trackpoint_distance,,False,Exact activity-window station-variable evidence; no imputation or weather fusion.
ib3w_activity_environment_window_adapter_v1,qixing_lengshuikeng_xiaoyoukeng_20260410_gpx_v1,qixing_lengshuikeng_xiaoyoukeng_20260410_biji_gpx,qixing_lengshuikeng_xiaoyoukeng_20260410_biji_gpx,gpx,D:\mountain_work\115_osm\activity_input\gpx\qixing_lengshuikeng_xiaoyoukeng_gpx\冷水坑上-七星山東峰-主峰-下小油坑.gpx,2026-04-10T21:35:47+00:00,2026-04-10T23:54:30+00:00,138.717,explicit_gpx_utc,wind_speed_ms,OBSERVED,OBSERVED_IN_ACTIVITY_WINDOW,weather\tw_weather_2026-05-01.sqlite3,weather_observations,C0B060,暖暖,基隆市,暖暖區,25.095741,121.7403,,19387.5,48,2,2,0,1,1,2026-04-10T22:00:00+00:00,0.0,0.0,0.3,0.15,0.3,True,stations_with_observations_in_exact_activity_window_and_activity_bbox; rank_by_nearest_activity_trackpoint_distance,,False,Raw zero values are retained as observed evidence; zero is never synthesized.
ib3w_activity_environment_window_adapter_v1,qixing_lengshuikeng_xiaoyoukeng_20260410_gpx_v1,qixing_lengshuikeng_xiaoyoukeng_20260410_biji_gpx,qixing_lengshuikeng_xiaoyoukeng_20260410_biji_gpx,gpx,D:\mountain_work\115_osm\activity_input\gpx\qixing_lengshuikeng_xiaoyoukeng_gpx\冷水坑上-七星山東峰-主峰-下小油坑.gpx,2026-04-10T21:35:47+00:00,2026-04-10T23:54:30+00:00,138.717,explicit_gpx_utc,wind_direction_deg,OBSERVED,OBSERVED_IN_ACTIVITY_WINDOW,weather\tw_weather_2026-05-01.sqlite3,weather_observations,C0B060,暖暖,基隆市,暖暖區,25.095741,121.7403,,19387.5,48,2,2,0,1,1,2026-04-10T22:00:00+00:00,0.0,0.0,118.0,59.0,118.0,True,stations_with_observations_in_exact_activity_window_and_activity_bbox; rank_by_nearest_activity_trackpoint_distance,,False,Raw zero values are retained as observed evidence; zero is never synthesized.
ib3w_activity_environment_window_adapter_v1,qixing_lengshuikeng_xiaoyoukeng_20260410_gpx_v1,qixing_lengshuikeng_xiaoyoukeng_20260410_biji_gpx,qixing_lengshuikeng_xiaoyoukeng_20260410_biji_gpx,gpx,D:\mountain_work\115_osm\activity_input\gpx\qixing_lengshuikeng_xiaoyoukeng_gpx\冷水坑上-七星山東峰-主峰-下小油坑.gpx,2026-04-10T21:35:47+00:00,2026-04-10T23:54:30+00:00,138.717,explicit_gpx_utc,pressure_hpa,OBSERVED,OBSERVED_IN_ACTIVITY_WINDOW,weather\tw_weather_2026-05-01.sqlite3,weather_observations,C0B060,暖暖,基隆市,暖暖區,25.095741,121.7403,,19387.5,48,2,2,0,0,2,2026-04-10T22:00:00+00:00,0.0,1002.8,1002.9,1002.8499999999999,2005.6999999999998,True,stations_with_observations_in_exact_activity_window_and_activity_bbox; rank_by_nearest_activity_trackpoint_distance,,False,Exact activity-window station-variable evidence; no imputation or weather fusion.
ib3w_activity_environment_window_adapter_v1,qixing_lengshuikeng_xiaoyoukeng_20260410_gpx_v1,qixing_lengshuikeng_xiaoyoukeng_20260410_biji_gpx,qixing_lengshuikeng_xiaoyoukeng_20260410_biji_gpx,gpx,D:\mountain_work\115_osm\activity_input\gpx\qixing_lengshuikeng_xiaoyoukeng_gpx\冷水坑上-七星山東峰-主峰-下小油坑.gpx,2026-04-10T21:35:47+00:00,2026-04-10T23:54:30+00:00,138.717,explicit_gpx_utc,visibility_m,MISSING,NULL_VALUE_ONLY,weather\tw_weather_2026-05-01.sqlite3,weather_observations,C0B060,暖暖,基隆市,暖暖區,25.095741,121.7403,,19387.5,48,2,0,2,0,0,,,,,,,False,stations_with_observations_in_exact_activity_window_and_activity_bbox; rank_by_nearest_activity_trackpoint_distance,VARIABLE_VALUES_NULL_OR_BLANK_IN_ACTIVITY_WINDOW,False,Exact activity-window station-variable evidence; no imputation or weather fusion.
ib3w_activity_environment_window_adapter_v1,qixing_lengshuikeng_xiaoyoukeng_20260410_gpx_v1,qixing_lengshuikeng_xiaoyoukeng_20260410_biji_gpx,qixing_lengshuikeng_xiaoyoukeng_20260410_biji_gpx,gpx,D:\mountain_work\115_osm\activity_input\gpx\qixing_lengshuikeng_xiaoyoukeng_gpx\冷水坑上-七星山東峰-主峰-下小油坑.gpx,2026-04-10T21:35:47+00:00,2026-04-10T23:54:30+00:00,138.717,explicit_gpx_utc,weather,MISSING,NULL_VALUE_ONLY,weather\tw_weather_2026-05-01.sqlite3,weather_observations,C0B060,暖暖,基隆市,暖暖區,25.095741,121.7403,,19387.5,48,2,0,2,0,0,,,,,,,False,stations_with_observations_in_exact_activity_window_and_activity_bbox; rank_by_nearest_activity_trackpoint_distance,VARIABLE_VALUES_NULL_OR_BLANK_IN_ACTIVITY_WINDOW,False,Exact activity-window station-variable evidence; no imputation or weather fusion.
ib3w_activity_environment_window_adapter_v1,qixing_lengshuikeng_xiaoyoukeng_20260410_gpx_v1,qixing_lengshuikeng_xiaoyoukeng_20260410_biji_gpx,qixing_lengshuikeng_xiaoyoukeng_20260410_biji_gpx,gpx,D:\mountain_work\115_osm\activity_input\gpx\qixing_lengshuikeng_xiaoyoukeng_gpx\冷水坑上-七星山東峰-主峰-下小油坑.gpx,2026-04-10T21:35:47+00:00,2026-04-10T23:54:30+00:00,138.717,explicit_gpx_utc,precipitation_mm,OBSERVED,OBSERVED_IN_ACTIVITY_WINDOW,weather\tw_weather_2026-05-01.sqlite3,weather_observations,C0AH50,林口,新北市,林口區,25.072182,121.38084,,20186.9,49,2,2,0,2,0,2026-04-10T22:00:00+00:00,0.0,0.0,0.0,0.0,0.0,True,stations_with_observations_in_exact_activity_window_and_activity_bbox; rank_by_nearest_activity_trackpoint_distance,,False,Raw zero values are retained as observed evidence; zero is never synthesized.
ib3w_activity_environment_window_adapter_v1,qixing_lengshuikeng_xiaoyoukeng_20260410_gpx_v1,qixing_lengshuikeng_xiaoyoukeng_20260410_biji_gpx,qixing_lengshuikeng_xiaoyoukeng_20260410_biji_gpx,gpx,D:\mountain_work\115_osm\activity_input\gpx\qixing_lengshuikeng_xiaoyoukeng_gpx\冷水坑上-七星山東峰-主峰-下小油坑.gpx,2026-04-10T21:35:47+00:00,2026-04-10T23:54:30+00:00,138.717,explicit_gpx_utc,precipitation_10min_mm,MISSING,NULL_VALUE_ONLY,weather\tw_weather_2026-05-01.sqlite3,weather_observations,C0AH50,林口,新北市,林口區,25.072182,121.38084,,20186.9,49,2,0,2,0,0,,,,,,,False,stations_with_observations_in_exact_activity_window_and_activity_bbox; rank_by_nearest_activity_trackpoint_distance,VARIABLE_VALUES_NULL_OR_BLANK_IN_ACTIVITY_WINDOW,False,Exact activity-window station-variable evidence; no imputation or weather fusion.
ib3w_activity_environment_window_adapter_v1,qixing_lengshuikeng_xiaoyoukeng_20260410_gpx_v1,qixing_lengshuikeng_xiaoyoukeng_20260410_biji_gpx,qixing_lengshuikeng_xiaoyoukeng_20260410_biji_gpx,gpx,D:\mountain_work\115_osm\activity_input\gpx\qixing_lengshuikeng_xiaoyoukeng_gpx\冷水坑上-七星山東峰-主峰-下小油坑.gpx,2026-04-10T21:35:47+00:00,2026-04-10T23:54:30+00:00,138.717,explicit_gpx_utc,precipitation_1hr_mm,MISSING,NULL_VALUE_ONLY,weather\tw_weather_2026-05-01.sqlite3,weather_observations,C0AH50,林口,新北市,林口區,25.072182,121.38084,,20186.9,49,2,0,2,0,0,,,,,,,False,stations_with_observations_in_exact_activity_window_and_activity_bbox; rank_by_nearest_activity_trackpoint_distance,VARIABLE_VALUES_NULL_OR_BLANK_IN_ACTIVITY_WINDOW,False,Exact activity-window station-variable evidence; no imputation or weather fusion.
ib3w_activity_environment_window_adapter_v1,qixing_lengshuikeng_xiaoyoukeng_20260410_gpx_v1,qixing_lengshuikeng_xiaoyoukeng_20260410_biji_gpx,qixing_lengshuikeng_xiaoyoukeng_20260410_biji_gpx,gpx,D:\mountain_work\115_osm\activity_input\gpx\qixing_lengshuikeng_xiaoyoukeng_gpx\冷水坑上-七星山東峰-主峰-下小油坑.gpx,2026-04-10T21:35:47+00:00,2026-04-10T23:54:30+00:00,138.717,explicit_gpx_utc,temperature_c,OBSERVED,OBSERVED_IN_ACTIVITY_WINDOW,weather\tw_weather_2026-05-01.sqlite3,weather_observations,C0AH50,林口,新北市,林口區,25.072182,121.38084,,20186.9,49,2,2,0,0,2,2026-04-10T22:00:00+00:00,0.0,23.0,23.0,23.0,46.0,True,stations_with_observations_in_exact_activity_window_and_activity_bbox; rank_by_nearest_activity_trackpoint_distance,,False,Exact activity-window station-variable evidence; no imputation or weather fusion.
ib3w_activity_environment_window_adapter_v1,qixing_lengshuikeng_xiaoyoukeng_20260410_gpx_v1,qixing_lengshuikeng_xiaoyoukeng_20260410_biji_gpx,qixing_lengshuikeng_xiaoyoukeng_20260410_biji_gpx,gpx,D:\mountain_work\115_osm\activity_input\gpx\qixing_lengshuikeng_xiaoyoukeng_gpx\冷水坑上-七星山東峰-主峰-下小油坑.gpx,2026-04-10T21:35:47+00:00,2026-04-10T23:54:30+00:00,138.717,explicit_gpx_utc,relative_humidity_pct,OBSERVED,OBSERVED_IN_ACTIVITY_WINDOW,weather\tw_weather_2026-05-01.sqlite3,weather_observations,C0AH50,林口,新北市,林口區,25.072182,121.38084,,20186.9,49,2,2,0,0,2,2026-04-10T22:00:00+00:00,0.0,94.0,98.0,96.0,192.0,True,stations_with_observations_in_exact_activity_window_and_activity_bbox; rank_by_nearest_activity_trackpoint_distance,,False,Exact activity-window station-variable evidence; no imputation or weather fusion.
ib3w_activity_environment_window_adapter_v1,qixing_lengshuikeng_xiaoyoukeng_20260410_gpx_v1,qixing_lengshuikeng_xiaoyoukeng_20260410_biji_gpx,qixing_lengshuikeng_xiaoyoukeng_20260410_biji_gpx,gpx,D:\mountain_work\115_osm\activity_input\gpx\qixing_lengshuikeng_xiaoyoukeng_gpx\冷水坑上-七星山東峰-主峰-下小油坑.gpx,2026-04-10T21:35:47+00:00,2026-04-10T23:54:30+00:00,138.717,explicit_gpx_utc,wind_speed_ms,OBSERVED,OBSERVED_IN_ACTIVITY_WINDOW,weather\tw_weather_2026-05-01.sqlite3,weather_observations,C0AH50,林口,新北市,林口區,25.072182,121.38084,,20186.9,49,2,2,0,0,2,2026-04-10T22:00:00+00:00,0.0,0.7,0.7,0.7,1.4,True,stations_with_observations_in_exact_activity_window_and_activity_bbox; rank_by_nearest_activity_trackpoint_distance,,False,Exact activity-window station-variable evidence; no imputation or weather fusion.
ib3w_activity_environment_window_adapter_v1,qixing_lengshuikeng_xiaoyoukeng_20260410_gpx_v1,qixing_lengshuikeng_xiaoyoukeng_20260410_biji_gpx,qixing_lengshuikeng_xiaoyoukeng_20260410_biji_gpx,gpx,D:\mountain_work\115_osm\activity_input\gpx\qixing_lengshuikeng_xiaoyoukeng_gpx\冷水坑上-七星山東峰-主峰-下小油坑.gpx,2026-04-10T21:35:47+00:00,2026-04-10T23:54:30+00:00,138.717,explicit_gpx_utc,wind_direction_deg,OBSERVED,OBSERVED_IN_ACTIVITY_WINDOW,weather\tw_weather_2026-05-01.sqlite3,weather_observations,C0AH50,林口,新北市,林口區,25.072182,121.38084,,20186.9,49,2,2,0,0,2,2026-04-10T22:00:00+00:00,0.0,111.0,120.0,115.5,231.0,True,stations_with_observations_in_exact_activity_window_and_activity_bbox; rank_by_nearest_activity_trackpoint_distance,,False,Exact activity-window station-variable evidence; no imputation or weather fusion.
ib3w_activity_environment_window_adapter_v1,qixing_lengshuikeng_xiaoyoukeng_20260410_gpx_v1,qixing_lengshuikeng_xiaoyoukeng_20260410_biji_gpx,qixing_lengshuikeng_xiaoyoukeng_20260410_biji_gpx,gpx,D:\mountain_work\115_osm\activity_input\gpx\qixing_lengshuikeng_xiaoyoukeng_gpx\冷水坑上-七星山東峰-主峰-下小油坑.gpx,2026-04-10T21:35:47+00:00,2026-04-10T23:54:30+00:00,138.717,explicit_gpx_utc,pressure_hpa,OBSERVED,OBSERVED_IN_ACTIVITY_WINDOW,weather\tw_weather_2026-05-01.sqlite3,weather_observations,C0AH50,林口,新北市,林口區,25.072182,121.38084,,20186.9,49,2,2,0,0,2,2026-04-10T22:00:00+00:00,0.0,980.1,980.3,980.2,1960.4,True,stations_with_observations_in_exact_activity_window_and_activity_bbox; rank_by_nearest_activity_trackpoint_distance,,False,Exact activity-window station-variable evidence; no imputation or weather fusion.
ib3w_activity_environment_window_adapter_v1,qixing_lengshuikeng_xiaoyoukeng_20260410_gpx_v1,qixing_lengshuikeng_xiaoyoukeng_20260410_biji_gpx,qixing_lengshuikeng_xiaoyoukeng_20260410_biji_gpx,gpx,D:\mountain_work\115_osm\activity_input\gpx\qixing_lengshuikeng_xiaoyoukeng_gpx\冷水坑上-七星山東峰-主峰-下小油坑.gpx,2026-04-10T21:35:47+00:00,2026-04-10T23:54:30+00:00,138.717,explicit_gpx_utc,visibility_m,MISSING,NULL_VALUE_ONLY,weather\tw_weather_2026-05-01.sqlite3,weather_observations,C0AH50,林口,新北市,林口區,25.072182,121.38084,,20186.9,49,2,0,2,0,0,,,,,,,False,stations_with_observations_in_exact_activity_window_and_activity_bbox; rank_by_nearest_activity_trackpoint_distance,VARIABLE_VALUES_NULL_OR_BLANK_IN_ACTIVITY_WINDOW,False,Exact activity-window station-variable evidence; no imputation or weather fusion.
ib3w_activity_environment_window_adapter_v1,qixing_lengshuikeng_xiaoyoukeng_20260410_gpx_v1,qixing_lengshuikeng_xiaoyoukeng_20260410_biji_gpx,qixing_lengshuikeng_xiaoyoukeng_20260410_biji_gpx,gpx,D:\mountain_work\115_osm\activity_input\gpx\qixing_lengshuikeng_xiaoyoukeng_gpx\冷水坑上-七星山東峰-主峰-下小油坑.gpx,2026-04-10T21:35:47+00:00,2026-04-10T23:54:30+00:00,138.717,explicit_gpx_utc,weather,MISSING,NULL_VALUE_ONLY,weather\tw_weather_2026-05-01.sqlite3,weather_observations,C0AH50,林口,新北市,林口區,25.072182,121.38084,,20186.9,49,2,0,2,0,0,,,,,,,False,stations_with_observations_in_exact_activity_window_and_activity_bbox; rank_by_nearest_activity_trackpoint_distance,VARIABLE_VALUES_NULL_OR_BLANK_IN_ACTIVITY_WINDOW,False,Exact activity-window station-variable evidence; no imputation or weather fusion.
ib3w_activity_environment_window_adapter_v1,qixing_lengshuikeng_xiaoyoukeng_20260410_gpx_v1,qixing_lengshuikeng_xiaoyoukeng_20260410_biji_gpx,qixing_lengshuikeng_xiaoyoukeng_20260410_biji_gpx,gpx,D:\mountain_work\115_osm\activity_input\gpx\qixing_lengshuikeng_xiaoyoukeng_gpx\冷水坑上-七星山東峰-主峰-下小油坑.gpx,2026-04-10T21:35:47+00:00,2026-04-10T23:54:30+00:00,138.717,explicit_gpx_utc,precipitation_mm,OBSERVED,OBSERVED_IN_ACTIVITY_WINDOW,weather\tw_weather_2026-05-01.sqlite3,weather_observations,C0AJ80,板橋,新北市,板橋區,25.0111,121.448715,,20339.9,50,2,2,0,2,0,2026-04-10T22:00:00+00:00,0.0,0.0,0.0,0.0,0.0,True,stations_with_observations_in_exact_activity_window_and_activity_bbox; rank_by_nearest_activity_trackpoint_distance,,False,Raw zero values are retained as observed evidence; zero is never synthesized.
ib3w_activity_environment_window_adapter_v1,qixing_lengshuikeng_xiaoyoukeng_20260410_gpx_v1,qixing_lengshuikeng_xiaoyoukeng_20260410_biji_gpx,qixing_lengshuikeng_xiaoyoukeng_20260410_biji_gpx,gpx,D:\mountain_work\115_osm\activity_input\gpx\qixing_lengshuikeng_xiaoyoukeng_gpx\冷水坑上-七星山東峰-主峰-下小油坑.gpx,2026-04-10T21:35:47+00:00,2026-04-10T23:54:30+00:00,138.717,explicit_gpx_utc,precipitation_10min_mm,MISSING,NULL_VALUE_ONLY,weather\tw_weather_2026-05-01.sqlite3,weather_observations,C0AJ80,板橋,新北市,板橋區,25.0111,121.448715,,20339.9,50,2,0,2,0,0,,,,,,,False,stations_with_observations_in_exact_activity_window_and_activity_bbox; rank_by_nearest_activity_trackpoint_distance,VARIABLE_VALUES_NULL_OR_BLANK_IN_ACTIVITY_WINDOW,False,Exact activity-window station-variable evidence; no imputation or weather fusion.
ib3w_activity_environment_window_adapter_v1,qixing_lengshuikeng_xiaoyoukeng_20260410_gpx_v1,qixing_lengshuikeng_xiaoyoukeng_20260410_biji_gpx,qixing_lengshuikeng_xiaoyoukeng_20260410_biji_gpx,gpx,D:\mountain_work\115_osm\activity_input\gpx\qixing_lengshuikeng_xiaoyoukeng_gpx\冷水坑上-七星山東峰-主峰-下小油坑.gpx,2026-04-10T21:35:47+00:00,2026-04-10T23:54:30+00:00,138.717,explicit_gpx_utc,precipitation_1hr_mm,MISSING,NULL_VALUE_ONLY,weather\tw_weather_2026-05-01.sqlite3,weather_observations,C0AJ80,板橋,新北市,板橋區,25.0111,121.448715,,20339.9,50,2,0,2,0,0,,,,,,,False,stations_with_observations_in_exact_activity_window_and_activity_bbox; rank_by_nearest_activity_trackpoint_distance,VARIABLE_VALUES_NULL_OR_BLANK_IN_ACTIVITY_WINDOW,False,Exact activity-window station-variable evidence; no imputation or weather fusion.
ib3w_activity_environment_window_adapter_v1,qixing_lengshuikeng_xiaoyoukeng_20260410_gpx_v1,qixing_lengshuikeng_xiaoyoukeng_20260410_biji_gpx,qixing_lengshuikeng_xiaoyoukeng_20260410_biji_gpx,gpx,D:\mountain_work\115_osm\activity_input\gpx\qixing_lengshuikeng_xiaoyoukeng_gpx\冷水坑上-七星山東峰-主峰-下小油坑.gpx,2026-04-10T21:35:47+00:00,2026-04-10T23:54:30+00:00,138.717,explicit_gpx_utc,temperature_c,OBSERVED,OBSERVED_IN_ACTIVITY_WINDOW,weather\tw_weather_2026-05-01.sqlite3,weather_observations,C0AJ80,板橋,新北市,板橋區,25.0111,121.448715,,20339.9,50,2,2,0,0,2,2026-04-10T22:00:00+00:00,0.0,23.9,24.7,24.299999999999997,48.599999999999994,True,stations_with_observations_in_exact_activity_window_and_activity_bbox; rank_by_nearest_activity_trackpoint_distance,,False,Exact activity-window station-variable evidence; no imputation or weather fusion.
ib3w_activity_environment_window_adapter_v1,qixing_lengshuikeng_xiaoyoukeng_20260410_gpx_v1,qixing_lengshuikeng_xiaoyoukeng_20260410_biji_gpx,qixing_lengshuikeng_xiaoyoukeng_20260410_biji_gpx,gpx,D:\mountain_work\115_osm\activity_input\gpx\qixing_lengshuikeng_xiaoyoukeng_gpx\冷水坑上-七星山東峰-主峰-下小油坑.gpx,2026-04-10T21:35:47+00:00,2026-04-10T23:54:30+00:00,138.717,explicit_gpx_utc,relative_humidity_pct,OBSERVED,OBSERVED_IN_ACTIVITY_WINDOW,weather\tw_weather_2026-05-01.sqlite3,weather_observations,C0AJ80,板橋,新北市,板橋區,25.0111,121.448715,,20339.9,50,2,2,0,0,2,2026-04-10T22:00:00+00:00,0.0,82.0,86.0,84.0,168.0,True,stations_with_observations_in_exact_activity_window_and_activity_bbox; rank_by_nearest_activity_trackpoint_distance,,False,Exact activity-window station-variable evidence; no imputation or weather fusion.
ib3w_activity_environment_window_adapter_v1,qixing_lengshuikeng_xiaoyoukeng_20260410_gpx_v1,qixing_lengshuikeng_xiaoyoukeng_20260410_biji_gpx,qixing_lengshuikeng_xiaoyoukeng_20260410_biji_gpx,gpx,D:\mountain_work\115_osm\activity_input\gpx\qixing_lengshuikeng_xiaoyoukeng_gpx\冷水坑上-七星山東峰-主峰-下小油坑.gpx,2026-04-10T21:35:47+00:00,2026-04-10T23:54:30+00:00,138.717,explicit_gpx_utc,wind_speed_ms,OBSERVED,OBSERVED_IN_ACTIVITY_WINDOW,weather\tw_weather_2026-05-01.sqlite3,weather_observations,C0AJ80,板橋,新北市,板橋區,25.0111,121.448715,,20339.9,50,2,2,0,0,2,2026-04-10T22:00:00+00:00,0.0,1.1,1.6,1.35,2.7,True,stations_with_observations_in_exact_activity_window_and_activity_bbox; rank_by_nearest_activity_trackpoint_distance,,False,Exact activity-window station-variable evidence; no imputation or weather fusion.
ib3w_activity_environment_window_adapter_v1,qixing_lengshuikeng_xiaoyoukeng_20260410_gpx_v1,qixing_lengshuikeng_xiaoyoukeng_20260410_biji_gpx,qixing_lengshuikeng_xiaoyoukeng_20260410_biji_gpx,gpx,D:\mountain_work\115_osm\activity_input\gpx\qixing_lengshuikeng_xiaoyoukeng_gpx\冷水坑上-七星山東峰-主峰-下小油坑.gpx,2026-04-10T21:35:47+00:00,2026-04-10T23:54:30+00:00,138.717,explicit_gpx_utc,wind_direction_deg,OBSERVED,OBSERVED_IN_ACTIVITY_WINDOW,weather\tw_weather_2026-05-01.sqlite3,weather_observations,C0AJ80,板橋,新北市,板橋區,25.0111,121.448715,,20339.9,50,2,2,0,0,2,2026-04-10T22:00:00+00:00,0.0,98.0,148.0,123.0,246.0,True,stations_with_observations_in_exact_activity_window_and_activity_bbox; rank_by_nearest_activity_trackpoint_distance,,False,Exact activity-window station-variable evidence; no imputation or weather fusion.
ib3w_activity_environment_window_adapter_v1,qixing_lengshuikeng_xiaoyoukeng_20260410_gpx_v1,qixing_lengshuikeng_xiaoyoukeng_20260410_biji_gpx,qixing_lengshuikeng_xiaoyoukeng_20260410_biji_gpx,gpx,D:\mountain_work\115_osm\activity_input\gpx\qixing_lengshuikeng_xiaoyoukeng_gpx\冷水坑上-七星山東峰-主峰-下小油坑.gpx,2026-04-10T21:35:47+00:00,2026-04-10T23:54:30+00:00,138.717,explicit_gpx_utc,pressure_hpa,OBSERVED,OBSERVED_IN_ACTIVITY_WINDOW,weather\tw_weather_2026-05-01.sqlite3,weather_observations,C0AJ80,板橋,新北市,板橋區,25.0111,121.448715,,20339.9,50,2,2,0,0,2,2026-04-10T22:00:00+00:00,0.0,1007.4,1007.5,1007.45,2014.9,True,stations_with_observations_in_exact_activity_window_and_activity_bbox; rank_by_nearest_activity_trackpoint_distance,,False,Exact activity-window station-variable evidence; no imputation or weather fusion.
ib3w_activity_environment_window_adapter_v1,qixing_lengshuikeng_xiaoyoukeng_20260410_gpx_v1,qixing_lengshuikeng_xiaoyoukeng_20260410_biji_gpx,qixing_lengshuikeng_xiaoyoukeng_20260410_biji_gpx,gpx,D:\mountain_work\115_osm\activity_input\gpx\qixing_lengshuikeng_xiaoyoukeng_gpx\冷水坑上-七星山東峰-主峰-下小油坑.gpx,2026-04-10T21:35:47+00:00,2026-04-10T23:54:30+00:00,138.717,explicit_gpx_utc,visibility_m,MISSING,NULL_VALUE_ONLY,weather\tw_weather_2026-05-01.sqlite3,weather_observations,C0AJ80,板橋,新北市,板橋區,25.0111,121.448715,,20339.9,50,2,0,2,0,0,,,,,,,False,stations_with_observations_in_exact_activity_window_and_activity_bbox; rank_by_nearest_activity_trackpoint_distance,VARIABLE_VALUES_NULL_OR_BLANK_IN_ACTIVITY_WINDOW,False,Exact activity-window station-variable evidence; no imputation or weather fusion.
ib3w_activity_environment_window_adapter_v1,qixing_lengshuikeng_xiaoyoukeng_20260410_gpx_v1,qixing_lengshuikeng_xiaoyoukeng_20260410_biji_gpx,qixing_lengshuikeng_xiaoyoukeng_20260410_biji_gpx,gpx,D:\mountain_work\115_osm\activity_input\gpx\qixing_lengshuikeng_xiaoyoukeng_gpx\冷水坑上-七星山東峰-主峰-下小油坑.gpx,2026-04-10T21:35:47+00:00,2026-04-10T23:54:30+00:00,138.717,explicit_gpx_utc,weather,MISSING,NULL_VALUE_ONLY,weather\tw_weather_2026-05-01.sqlite3,weather_observations,C0AJ80,板橋,新北市,板橋區,25.0111,121.448715,,20339.9,50,2,0,2,0,0,,,,,,,False,stations_with_observations_in_exact_activity_window_and_activity_bbox; rank_by_nearest_activity_trackpoint_distance,VARIABLE_VALUES_NULL_OR_BLANK_IN_ACTIVITY_WINDOW,False,Exact activity-window station-variable evidence; no imputation or weather fusion.
ib3w_activity_environment_window_adapter_v1,qixing_lengshuikeng_xiaoyoukeng_20260410_gpx_v1,qixing_lengshuikeng_xiaoyoukeng_20260410_biji_gpx,qixing_lengshuikeng_xiaoyoukeng_20260410_biji_gpx,gpx,D:\mountain_work\115_osm\activity_input\gpx\qixing_lengshuikeng_xiaoyoukeng_gpx\冷水坑上-七星山東峰-主峰-下小油坑.gpx,2026-04-10T21:35:47+00:00,2026-04-10T23:54:30+00:00,138.717,explicit_gpx_utc,precipitation_mm,OBSERVED,OBSERVED_IN_ACTIVITY_WINDOW,weather\tw_weather_2026-05-01.sqlite3,weather_observations,C0AG80,中和,新北市,中和區,24.991623,121.49179,,20402.8,51,2,2,0,2,0,2026-04-10T22:00:00+00:00,0.0,0.0,0.0,0.0,0.0,True,stations_with_observations_in_exact_activity_window_and_activity_bbox; rank_by_nearest_activity_trackpoint_distance,,False,Raw zero values are retained as observed evidence; zero is never synthesized.
ib3w_activity_environment_window_adapter_v1,qixing_lengshuikeng_xiaoyoukeng_20260410_gpx_v1,qixing_lengshuikeng_xiaoyoukeng_20260410_biji_gpx,qixing_lengshuikeng_xiaoyoukeng_20260410_biji_gpx,gpx,D:\mountain_work\115_osm\activity_input\gpx\qixing_lengshuikeng_xiaoyoukeng_gpx\冷水坑上-七星山東峰-主峰-下小油坑.gpx,2026-04-10T21:35:47+00:00,2026-04-10T23:54:30+00:00,138.717,explicit_gpx_utc,precipitation_10min_mm,MISSING,NULL_VALUE_ONLY,weather\tw_weather_2026-05-01.sqlite3,weather_observations,C0AG80,中和,新北市,中和區,24.991623,121.49179,,20402.8,51,2,0,2,0,0,,,,,,,False,stations_with_observations_in_exact_activity_window_and_activity_bbox; rank_by_nearest_activity_trackpoint_distance,VARIABLE_VALUES_NULL_OR_BLANK_IN_ACTIVITY_WINDOW,False,Exact activity-window station-variable evidence; no imputation or weather fusion.
ib3w_activity_environment_window_adapter_v1,qixing_lengshuikeng_xiaoyoukeng_20260410_gpx_v1,qixing_lengshuikeng_xiaoyoukeng_20260410_biji_gpx,qixing_lengshuikeng_xiaoyoukeng_20260410_biji_gpx,gpx,D:\mountain_work\115_osm\activity_input\gpx\qixing_lengshuikeng_xiaoyoukeng_gpx\冷水坑上-七星山東峰-主峰-下小油坑.gpx,2026-04-10T21:35:47+00:00,2026-04-10T23:54:30+00:00,138.717,explicit_gpx_utc,precipitation_1hr_mm,MISSING,NULL_VALUE_ONLY,weather\tw_weather_2026-05-01.sqlite3,weather_observations,C0AG80,中和,新北市,中和區,24.991623,121.49179,,20402.8,51,2,0,2,0,0,,,,,,,False,stations_with_observations_in_exact_activity_window_and_activity_bbox; rank_by_nearest_activity_trackpoint_distance,VARIABLE_VALUES_NULL_OR_BLANK_IN_ACTIVITY_WINDOW,False,Exact activity-window station-variable evidence; no imputation or weather fusion.
ib3w_activity_environment_window_adapter_v1,qixing_lengshuikeng_xiaoyoukeng_20260410_gpx_v1,qixing_lengshuikeng_xiaoyoukeng_20260410_biji_gpx,qixing_lengshuikeng_xiaoyoukeng_20260410_biji_gpx,gpx,D:\mountain_work\115_osm\activity_input\gpx\qixing_lengshuikeng_xiaoyoukeng_gpx\冷水坑上-七星山東峰-主峰-下小油坑.gpx,2026-04-10T21:35:47+00:00,2026-04-10T23:54:30+00:00,138.717,explicit_gpx_utc,temperature_c,OBSERVED,OBSERVED_IN_ACTIVITY_WINDOW,weather\tw_weather_2026-05-01.sqlite3,weather_observations,C0AG80,中和,新北市,中和區,24.991623,121.49179,,20402.8,51,2,2,0,0,2,2026-04-10T22:00:00+00:00,0.0,23.2,23.4,23.299999999999997,46.599999999999994,True,stations_with_observations_in_exact_activity_window_and_activity_bbox; rank_by_nearest_activity_trackpoint_distance,,False,Exact activity-window station-variable evidence; no imputation or weather fusion.
ib3w_activity_environment_window_adapter_v1,qixing_lengshuikeng_xiaoyoukeng_20260410_gpx_v1,qixing_lengshuikeng_xiaoyoukeng_20260410_biji_gpx,qixing_lengshuikeng_xiaoyoukeng_20260410_biji_gpx,gpx,D:\mountain_work\115_osm\activity_input\gpx\qixing_lengshuikeng_xiaoyoukeng_gpx\冷水坑上-七星山東峰-主峰-下小油坑.gpx,2026-04-10T21:35:47+00:00,2026-04-10T23:54:30+00:00,138.717,explicit_gpx_utc,relative_humidity_pct,OBSERVED,OBSERVED_IN_ACTIVITY_WINDOW,weather\tw_weather_2026-05-01.sqlite3,weather_observations,C0AG80,中和,新北市,中和區,24.991623,121.49179,,20402.8,51,2,2,0,0,2,2026-04-10T22:00:00+00:00,0.0,90.0,93.0,91.5,183.0,True,stations_with_observations_in_exact_activity_window_and_activity_bbox; rank_by_nearest_activity_trackpoint_distance,,False,Exact activity-window station-variable evidence; no imputation or weather fusion.
ib3w_activity_environment_window_adapter_v1,qixing_lengshuikeng_xiaoyoukeng_20260410_gpx_v1,qixing_lengshuikeng_xiaoyoukeng_20260410_biji_gpx,qixing_lengshuikeng_xiaoyoukeng_20260410_biji_gpx,gpx,D:\mountain_work\115_osm\activity_input\gpx\qixing_lengshuikeng_xiaoyoukeng_gpx\冷水坑上-七星山東峰-主峰-下小油坑.gpx,2026-04-10T21:35:47+00:00,2026-04-10T23:54:30+00:00,138.717,explicit_gpx_utc,wind_speed_ms,OBSERVED,OBSERVED_IN_ACTIVITY_WINDOW,weather\tw_weather_2026-05-01.sqlite3,weather_observations,C0AG80,中和,新北市,中和區,24.991623,121.49179,,20402.8,51,2,2,0,0,2,2026-04-10T22:00:00+00:00,0.0,1.2,1.7,1.45,2.9,True,stations_with_observations_in_exact_activity_window_and_activity_bbox; rank_by_nearest_activity_trackpoint_distance,,False,Exact activity-window station-variable evidence; no imputation or weather fusion.
ib3w_activity_environment_window_adapter_v1,qixing_lengshuikeng_xiaoyoukeng_20260410_gpx_v1,qixing_lengshuikeng_xiaoyoukeng_20260410_biji_gpx,qixing_lengshuikeng_xiaoyoukeng_20260410_biji_gpx,gpx,D:\mountain_work\115_osm\activity_input\gpx\qixing_lengshuikeng_xiaoyoukeng_gpx\冷水坑上-七星山東峰-主峰-下小油坑.gpx,2026-04-10T21:35:47+00:00,2026-04-10T23:54:30+00:00,138.717,explicit_gpx_utc,wind_direction_deg,OBSERVED,OBSERVED_IN_ACTIVITY_WINDOW,weather\tw_weather_2026-05-01.sqlite3,weather_observations,C0AG80,中和,新北市,中和區,24.991623,121.49179,,20402.8,51,2,2,0,0,2,2026-04-10T22:00:00+00:00,0.0,100.0,112.0,106.0,212.0,True,stations_with_observations_in_exact_activity_window_and_activity_bbox; rank_by_nearest_activity_trackpoint_distance,,False,Exact activity-window station-variable evidence; no imputation or weather fusion.
ib3w_activity_environment_window_adapter_v1,qixing_lengshuikeng_xiaoyoukeng_20260410_gpx_v1,qixing_lengshuikeng_xiaoyoukeng_20260410_biji_gpx,qixing_lengshuikeng_xiaoyoukeng_20260410_biji_gpx,gpx,D:\mountain_work\115_osm\activity_input\gpx\qixing_lengshuikeng_xiaoyoukeng_gpx\冷水坑上-七星山東峰-主峰-下小油坑.gpx,2026-04-10T21:35:47+00:00,2026-04-10T23:54:30+00:00,138.717,explicit_gpx_utc,pressure_hpa,OBSERVED,OBSERVED_IN_ACTIVITY_WINDOW,weather\tw_weather_2026-05-01.sqlite3,weather_observations,C0AG80,中和,新北市,中和區,24.991623,121.49179,,20402.8,51,2,2,0,0,2,2026-04-10T22:00:00+00:00,0.0,1005.9,1006.0,1005.95,2011.9,True,stations_with_observations_in_exact_activity_window_and_activity_bbox; rank_by_nearest_activity_trackpoint_distance,,False,Exact activity-window station-variable evidence; no imputation or weather fusion.
ib3w_activity_environment_window_adapter_v1,qixing_lengshuikeng_xiaoyoukeng_20260410_gpx_v1,qixing_lengshuikeng_xiaoyoukeng_20260410_biji_gpx,qixing_lengshuikeng_xiaoyoukeng_20260410_biji_gpx,gpx,D:\mountain_work\115_osm\activity_input\gpx\qixing_lengshuikeng_xiaoyoukeng_gpx\冷水坑上-七星山東峰-主峰-下小油坑.gpx,2026-04-10T21:35:47+00:00,2026-04-10T23:54:30+00:00,138.717,explicit_gpx_utc,visibility_m,MISSING,NULL_VALUE_ONLY,weather\tw_weather_2026-05-01.sqlite3,weather_observations,C0AG80,中和,新北市,中和區,24.991623,121.49179,,20402.8,51,2,0,2,0,0,,,,,,,False,stations_with_observations_in_exact_activity_window_and_activity_bbox; rank_by_nearest_activity_trackpoint_distance,VARIABLE_VALUES_NULL_OR_BLANK_IN_ACTIVITY_WINDOW,False,Exact activity-window station-variable evidence; no imputation or weather fusion.
ib3w_activity_environment_window_adapter_v1,qixing_lengshuikeng_xiaoyoukeng_20260410_gpx_v1,qixing_lengshuikeng_xiaoyoukeng_20260410_biji_gpx,qixing_lengshuikeng_xiaoyoukeng_20260410_biji_gpx,gpx,D:\mountain_work\115_osm\activity_input\gpx\qixing_lengshuikeng_xiaoyoukeng_gpx\冷水坑上-七星山東峰-主峰-下小油坑.gpx,2026-04-10T21:35:47+00:00,2026-04-10T23:54:30+00:00,138.717,explicit_gpx_utc,weather,MISSING,NULL_VALUE_ONLY,weather\tw_weather_2026-05-01.sqlite3,weather_observations,C0AG80,中和,新北市,中和區,24.991623,121.49179,,20402.8,51,2,0,2,0,0,,,,,,,False,stations_with_observations_in_exact_activity_window_and_activity_bbox; rank_by_nearest_activity_trackpoint_distance,VARIABLE_VALUES_NULL_OR_BLANK_IN_ACTIVITY_WINDOW,False,Exact activity-window station-variable evidence; no imputation or weather fusion.
ib3w_activity_environment_window_adapter_v1,qixing_lengshuikeng_xiaoyoukeng_20260410_gpx_v1,qixing_lengshuikeng_xiaoyoukeng_20260410_biji_gpx,qixing_lengshuikeng_xiaoyoukeng_20260410_biji_gpx,gpx,D:\mountain_work\115_osm\activity_input\gpx\qixing_lengshuikeng_xiaoyoukeng_gpx\冷水坑上-七星山東峰-主峰-下小油坑.gpx,2026-04-10T21:35:47+00:00,2026-04-10T23:54:30+00:00,138.717,explicit_gpx_utc,precipitation_mm,OBSERVED,OBSERVED_IN_ACTIVITY_WINDOW,weather\tw_weather_2026-05-01.sqlite3,weather_observations,C0A640,石碇,新北市,石碇區,24.993969,121.66292,,21540.1,52,2,2,0,2,0,2026-04-10T22:00:00+00:00,0.0,0.0,0.0,0.0,0.0,True,stations_with_observations_in_exact_activity_window_and_activity_bbox; rank_by_nearest_activity_trackpoint_distance,,False,Raw zero values are retained as observed evidence; zero is never synthesized.
ib3w_activity_environment_window_adapter_v1,qixing_lengshuikeng_xiaoyoukeng_20260410_gpx_v1,qixing_lengshuikeng_xiaoyoukeng_20260410_biji_gpx,qixing_lengshuikeng_xiaoyoukeng_20260410_biji_gpx,gpx,D:\mountain_work\115_osm\activity_input\gpx\qixing_lengshuikeng_xiaoyoukeng_gpx\冷水坑上-七星山東峰-主峰-下小油坑.gpx,2026-04-10T21:35:47+00:00,2026-04-10T23:54:30+00:00,138.717,explicit_gpx_utc,precipitation_10min_mm,MISSING,NULL_VALUE_ONLY,weather\tw_weather_2026-05-01.sqlite3,weather_observations,C0A640,石碇,新北市,石碇區,24.993969,121.66292,,21540.1,52,2,0,2,0,0,,,,,,,False,stations_with_observations_in_exact_activity_window_and_activity_bbox; rank_by_nearest_activity_trackpoint_distance,VARIABLE_VALUES_NULL_OR_BLANK_IN_ACTIVITY_WINDOW,False,Exact activity-window station-variable evidence; no imputation or weather fusion.
ib3w_activity_environment_window_adapter_v1,qixing_lengshuikeng_xiaoyoukeng_20260410_gpx_v1,qixing_lengshuikeng_xiaoyoukeng_20260410_biji_gpx,qixing_lengshuikeng_xiaoyoukeng_20260410_biji_gpx,gpx,D:\mountain_work\115_osm\activity_input\gpx\qixing_lengshuikeng_xiaoyoukeng_gpx\冷水坑上-七星山東峰-主峰-下小油坑.gpx,2026-04-10T21:35:47+00:00,2026-04-10T23:54:30+00:00,138.717,explicit_gpx_utc,precipitation_1hr_mm,MISSING,NULL_VALUE_ONLY,weather\tw_weather_2026-05-01.sqlite3,weather_observations,C0A640,石碇,新北市,石碇區,24.993969,121.66292,,21540.1,52,2,0,2,0,0,,,,,,,False,stations_with_observations_in_exact_activity_window_and_activity_bbox; rank_by_nearest_activity_trackpoint_distance,VARIABLE_VALUES_NULL_OR_BLANK_IN_ACTIVITY_WINDOW,False,Exact activity-window station-variable evidence; no imputation or weather fusion.
ib3w_activity_environment_window_adapter_v1,qixing_lengshuikeng_xiaoyoukeng_20260410_gpx_v1,qixing_lengshuikeng_xiaoyoukeng_20260410_biji_gpx,qixing_lengshuikeng_xiaoyoukeng_20260410_biji_gpx,gpx,D:\mountain_work\115_osm\activity_input\gpx\qixing_lengshuikeng_xiaoyoukeng_gpx\冷水坑上-七星山東峰-主峰-下小油坑.gpx,2026-04-10T21:35:47+00:00,2026-04-10T23:54:30+00:00,138.717,explicit_gpx_utc,temperature_c,MISSING,NULL_VALUE_ONLY,weather\tw_weather_2026-05-01.sqlite3,weather_observations,C0A640,石碇,新北市,石碇區,24.993969,121.66292,,21540.1,52,2,0,2,0,0,,,,,,,False,stations_with_observations_in_exact_activity_window_and_activity_bbox; rank_by_nearest_activity_trackpoint_distance,VARIABLE_VALUES_NULL_OR_BLANK_IN_ACTIVITY_WINDOW,False,Exact activity-window station-variable evidence; no imputation or weather fusion.
ib3w_activity_environment_window_adapter_v1,qixing_lengshuikeng_xiaoyoukeng_20260410_gpx_v1,qixing_lengshuikeng_xiaoyoukeng_20260410_biji_gpx,qixing_lengshuikeng_xiaoyoukeng_20260410_biji_gpx,gpx,D:\mountain_work\115_osm\activity_input\gpx\qixing_lengshuikeng_xiaoyoukeng_gpx\冷水坑上-七星山東峰-主峰-下小油坑.gpx,2026-04-10T21:35:47+00:00,2026-04-10T23:54:30+00:00,138.717,explicit_gpx_utc,relative_humidity_pct,MISSING,NULL_VALUE_ONLY,weather\tw_weather_2026-05-01.sqlite3,weather_observations,C0A640,石碇,新北市,石碇區,24.993969,121.66292,,21540.1,52,2,0,2,0,0,,,,,,,False,stations_with_observations_in_exact_activity_window_and_activity_bbox; rank_by_nearest_activity_trackpoint_distance,VARIABLE_VALUES_NULL_OR_BLANK_IN_ACTIVITY_WINDOW,False,Exact activity-window station-variable evidence; no imputation or weather fusion.
ib3w_activity_environment_window_adapter_v1,qixing_lengshuikeng_xiaoyoukeng_20260410_gpx_v1,qixing_lengshuikeng_xiaoyoukeng_20260410_biji_gpx,qixing_lengshuikeng_xiaoyoukeng_20260410_biji_gpx,gpx,D:\mountain_work\115_osm\activity_input\gpx\qixing_lengshuikeng_xiaoyoukeng_gpx\冷水坑上-七星山東峰-主峰-下小油坑.gpx,2026-04-10T21:35:47+00:00,2026-04-10T23:54:30+00:00,138.717,explicit_gpx_utc,wind_speed_ms,OBSERVED,OBSERVED_IN_ACTIVITY_WINDOW,weather\tw_weather_2026-05-01.sqlite3,weather_observations,C0A640,石碇,新北市,石碇區,24.993969,121.66292,,21540.1,52,2,2,0,2,0,2026-04-10T22:00:00+00:00,0.0,0.0,0.0,0.0,0.0,True,stations_with_observations_in_exact_activity_window_and_activity_bbox; rank_by_nearest_activity_trackpoint_distance,,False,Raw zero values are retained as observed evidence; zero is never synthesized.
ib3w_activity_environment_window_adapter_v1,qixing_lengshuikeng_xiaoyoukeng_20260410_gpx_v1,qixing_lengshuikeng_xiaoyoukeng_20260410_biji_gpx,qixing_lengshuikeng_xiaoyoukeng_20260410_biji_gpx,gpx,D:\mountain_work\115_osm\activity_input\gpx\qixing_lengshuikeng_xiaoyoukeng_gpx\冷水坑上-七星山東峰-主峰-下小油坑.gpx,2026-04-10T21:35:47+00:00,2026-04-10T23:54:30+00:00,138.717,explicit_gpx_utc,wind_direction_deg,OBSERVED,OBSERVED_IN_ACTIVITY_WINDOW,weather\tw_weather_2026-05-01.sqlite3,weather_observations,C0A640,石碇,新北市,石碇區,24.993969,121.66292,,21540.1,52,2,2,0,2,0,2026-04-10T22:00:00+00:00,0.0,0.0,0.0,0.0,0.0,True,stations_with_observations_in_exact_activity_window_and_activity_bbox; rank_by_nearest_activity_trackpoint_distance,,False,Raw zero values are retained as observed evidence; zero is never synthesized.
ib3w_activity_environment_window_adapter_v1,qixing_lengshuikeng_xiaoyoukeng_20260410_gpx_v1,qixing_lengshuikeng_xiaoyoukeng_20260410_biji_gpx,qixing_lengshuikeng_xiaoyoukeng_20260410_biji_gpx,gpx,D:\mountain_work\115_osm\activity_input\gpx\qixing_lengshuikeng_xiaoyoukeng_gpx\冷水坑上-七星山東峰-主峰-下小油坑.gpx,2026-04-10T21:35:47+00:00,2026-04-10T23:54:30+00:00,138.717,explicit_gpx_utc,pressure_hpa,MISSING,NULL_VALUE_ONLY,weather\tw_weather_2026-05-01.sqlite3,weather_observations,C0A640,石碇,新北市,石碇區,24.993969,121.66292,,21540.1,52,2,0,2,0,0,,,,,,,False,stations_with_observations_in_exact_activity_window_and_activity_bbox; rank_by_nearest_activity_trackpoint_distance,VARIABLE_VALUES_NULL_OR_BLANK_IN_ACTIVITY_WINDOW,False,Exact activity-window station-variable evidence; no imputation or weather fusion.
ib3w_activity_environment_window_adapter_v1,qixing_lengshuikeng_xiaoyoukeng_20260410_gpx_v1,qixing_lengshuikeng_xiaoyoukeng_20260410_biji_gpx,qixing_lengshuikeng_xiaoyoukeng_20260410_biji_gpx,gpx,D:\mountain_work\115_osm\activity_input\gpx\qixing_lengshuikeng_xiaoyoukeng_gpx\冷水坑上-七星山東峰-主峰-下小油坑.gpx,2026-04-10T21:35:47+00:00,2026-04-10T23:54:30+00:00,138.717,explicit_gpx_utc,visibility_m,MISSING,NULL_VALUE_ONLY,weather\tw_weather_2026-05-01.sqlite3,weather_observations,C0A640,石碇,新北市,石碇區,24.993969,121.66292,,21540.1,52,2,0,2,0,0,,,,,,,False,stations_with_observations_in_exact_activity_window_and_activity_bbox; rank_by_nearest_activity_trackpoint_distance,VARIABLE_VALUES_NULL_OR_BLANK_IN_ACTIVITY_WINDOW,False,Exact activity-window station-variable evidence; no imputation or weather fusion.
ib3w_activity_environment_window_adapter_v1,qixing_lengshuikeng_xiaoyoukeng_20260410_gpx_v1,qixing_lengshuikeng_xiaoyoukeng_20260410_biji_gpx,qixing_lengshuikeng_xiaoyoukeng_20260410_biji_gpx,gpx,D:\mountain_work\115_osm\activity_input\gpx\qixing_lengshuikeng_xiaoyoukeng_gpx\冷水坑上-七星山東峰-主峰-下小油坑.gpx,2026-04-10T21:35:47+00:00,2026-04-10T23:54:30+00:00,138.717,explicit_gpx_utc,weather,MISSING,NULL_VALUE_ONLY,weather\tw_weather_2026-05-01.sqlite3,weather_observations,C0A640,石碇,新北市,石碇區,24.993969,121.66292,,21540.1,52,2,0,2,0,0,,,,,,,False,stations_with_observations_in_exact_activity_window_and_activity_bbox; rank_by_nearest_activity_trackpoint_distance,VARIABLE_VALUES_NULL_OR_BLANK_IN_ACTIVITY_WINDOW,False,Exact activity-window station-variable evidence; no imputation or weather fusion.
ib3w_activity_environment_window_adapter_v1,qixing_lengshuikeng_xiaoyoukeng_20260410_gpx_v1,qixing_lengshuikeng_xiaoyoukeng_20260410_biji_gpx,qixing_lengshuikeng_xiaoyoukeng_20260410_biji_gpx,gpx,D:\mountain_work\115_osm\activity_input\gpx\qixing_lengshuikeng_xiaoyoukeng_gpx\冷水坑上-七星山東峰-主峰-下小油坑.gpx,2026-04-10T21:35:47+00:00,2026-04-10T23:54:30+00:00,138.717,explicit_gpx_utc,precipitation_mm,OBSERVED,OBSERVED_IN_ACTIVITY_WINDOW,weather\tw_weather_2026-05-01.sqlite3,weather_observations,CAA050,國三S037K,新北市,土城區,24.98236,121.47104,,22117.1,53,12,12,0,12,0,2026-04-10T21:50:00+00:00,0.0,0.0,0.0,0.0,0.0,True,stations_with_observations_in_exact_activity_window_and_activity_bbox; rank_by_nearest_activity_trackpoint_distance,,False,Raw zero values are retained as observed evidence; zero is never synthesized.
ib3w_activity_environment_window_adapter_v1,qixing_lengshuikeng_xiaoyoukeng_20260410_gpx_v1,qixing_lengshuikeng_xiaoyoukeng_20260410_biji_gpx,qixing_lengshuikeng_xiaoyoukeng_20260410_biji_gpx,gpx,D:\mountain_work\115_osm\activity_input\gpx\qixing_lengshuikeng_xiaoyoukeng_gpx\冷水坑上-七星山東峰-主峰-下小油坑.gpx,2026-04-10T21:35:47+00:00,2026-04-10T23:54:30+00:00,138.717,explicit_gpx_utc,precipitation_10min_mm,MISSING,NULL_VALUE_ONLY,weather\tw_weather_2026-05-01.sqlite3,weather_observations,CAA050,國三S037K,新北市,土城區,24.98236,121.47104,,22117.1,53,12,0,12,0,0,,,,,,,False,stations_with_observations_in_exact_activity_window_and_activity_bbox; rank_by_nearest_activity_trackpoint_distance,VARIABLE_VALUES_NULL_OR_BLANK_IN_ACTIVITY_WINDOW,False,Exact activity-window station-variable evidence; no imputation or weather fusion.
ib3w_activity_environment_window_adapter_v1,qixing_lengshuikeng_xiaoyoukeng_20260410_gpx_v1,qixing_lengshuikeng_xiaoyoukeng_20260410_biji_gpx,qixing_lengshuikeng_xiaoyoukeng_20260410_biji_gpx,gpx,D:\mountain_work\115_osm\activity_input\gpx\qixing_lengshuikeng_xiaoyoukeng_gpx\冷水坑上-七星山東峰-主峰-下小油坑.gpx,2026-04-10T21:35:47+00:00,2026-04-10T23:54:30+00:00,138.717,explicit_gpx_utc,precipitation_1hr_mm,MISSING,NULL_VALUE_ONLY,weather\tw_weather_2026-05-01.sqlite3,weather_observations,CAA050,國三S037K,新北市,土城區,24.98236,121.47104,,22117.1,53,12,0,12,0,0,,,,,,,False,stations_with_observations_in_exact_activity_window_and_activity_bbox; rank_by_nearest_activity_trackpoint_distance,VARIABLE_VALUES_NULL_OR_BLANK_IN_ACTIVITY_WINDOW,False,Exact activity-window station-variable evidence; no imputation or weather fusion.
ib3w_activity_environment_window_adapter_v1,qixing_lengshuikeng_xiaoyoukeng_20260410_gpx_v1,qixing_lengshuikeng_xiaoyoukeng_20260410_biji_gpx,qixing_lengshuikeng_xiaoyoukeng_20260410_biji_gpx,gpx,D:\mountain_work\115_osm\activity_input\gpx\qixing_lengshuikeng_xiaoyoukeng_gpx\冷水坑上-七星山東峰-主峰-下小油坑.gpx,2026-04-10T21:35:47+00:00,2026-04-10T23:54:30+00:00,138.717,explicit_gpx_utc,temperature_c,OBSERVED,OBSERVED_IN_ACTIVITY_WINDOW,weather\tw_weather_2026-05-01.sqlite3,weather_observations,CAA050,國三S037K,新北市,土城區,24.98236,121.47104,,22117.1,53,12,12,0,0,12,2026-04-10T21:50:00+00:00,0.0,22.5,25.3,23.59166666666667,283.1,True,stations_with_observations_in_exact_activity_window_and_activity_bbox; rank_by_nearest_activity_trackpoint_distance,,False,Exact activity-window station-variable evidence; no imputation or weather fusion.
ib3w_activity_environment_window_adapter_v1,qixing_lengshuikeng_xiaoyoukeng_20260410_gpx_v1,qixing_lengshuikeng_xiaoyoukeng_20260410_biji_gpx,qixing_lengshuikeng_xiaoyoukeng_20260410_biji_gpx,gpx,D:\mountain_work\115_osm\activity_input\gpx\qixing_lengshuikeng_xiaoyoukeng_gpx\冷水坑上-七星山東峰-主峰-下小油坑.gpx,2026-04-10T21:35:47+00:00,2026-04-10T23:54:30+00:00,138.717,explicit_gpx_utc,relative_humidity_pct,OBSERVED,OBSERVED_IN_ACTIVITY_WINDOW,weather\tw_weather_2026-05-01.sqlite3,weather_observations,CAA050,國三S037K,新北市,土城區,24.98236,121.47104,,22117.1,53,12,12,0,0,12,2026-04-10T21:50:00+00:00,0.0,84.0,95.0,90.25,1083.0,True,stations_with_observations_in_exact_activity_window_and_activity_bbox; rank_by_nearest_activity_trackpoint_distance,,False,Exact activity-window station-variable evidence; no imputation or weather fusion.
ib3w_activity_environment_window_adapter_v1,qixing_lengshuikeng_xiaoyoukeng_20260410_gpx_v1,qixing_lengshuikeng_xiaoyoukeng_20260410_biji_gpx,qixing_lengshuikeng_xiaoyoukeng_20260410_biji_gpx,gpx,D:\mountain_work\115_osm\activity_input\gpx\qixing_lengshuikeng_xiaoyoukeng_gpx\冷水坑上-七星山東峰-主峰-下小油坑.gpx,2026-04-10T21:35:47+00:00,2026-04-10T23:54:30+00:00,138.717,explicit_gpx_utc,wind_speed_ms,OBSERVED,OBSERVED_IN_ACTIVITY_WINDOW,weather\tw_weather_2026-05-01.sqlite3,weather_observations,CAA050,國三S037K,新北市,土城區,24.98236,121.47104,,22117.1,53,12,12,0,0,12,2026-04-10T21:50:00+00:00,0.0,0.6,1.3,0.8333333333333334,10.0,True,stations_with_observations_in_exact_activity_window_and_activity_bbox; rank_by_nearest_activity_trackpoint_distance,,False,Exact activity-window station-variable evidence; no imputation or weather fusion.
ib3w_activity_environment_window_adapter_v1,qixing_lengshuikeng_xiaoyoukeng_20260410_gpx_v1,qixing_lengshuikeng_xiaoyoukeng_20260410_biji_gpx,qixing_lengshuikeng_xiaoyoukeng_20260410_biji_gpx,gpx,D:\mountain_work\115_osm\activity_input\gpx\qixing_lengshuikeng_xiaoyoukeng_gpx\冷水坑上-七星山東峰-主峰-下小油坑.gpx,2026-04-10T21:35:47+00:00,2026-04-10T23:54:30+00:00,138.717,explicit_gpx_utc,wind_direction_deg,OBSERVED,OBSERVED_IN_ACTIVITY_WINDOW,weather\tw_weather_2026-05-01.sqlite3,weather_observations,CAA050,國三S037K,新北市,土城區,24.98236,121.47104,,22117.1,53,12,12,0,0,12,2026-04-10T21:50:00+00:00,0.0,30.0,360.0,85.83333333333333,1030.0,True,stations_with_observations_in_exact_activity_window_and_activity_bbox; rank_by_nearest_activity_trackpoint_distance,,False,Exact activity-window station-variable evidence; no imputation or weather fusion.
ib3w_activity_environment_window_adapter_v1,qixing_lengshuikeng_xiaoyoukeng_20260410_gpx_v1,qixing_lengshuikeng_xiaoyoukeng_20260410_biji_gpx,qixing_lengshuikeng_xiaoyoukeng_20260410_biji_gpx,gpx,D:\mountain_work\115_osm\activity_input\gpx\qixing_lengshuikeng_xiaoyoukeng_gpx\冷水坑上-七星山東峰-主峰-下小油坑.gpx,2026-04-10T21:35:47+00:00,2026-04-10T23:54:30+00:00,138.717,explicit_gpx_utc,pressure_hpa,MISSING,NULL_VALUE_ONLY,weather\tw_weather_2026-05-01.sqlite3,weather_observations,CAA050,國三S037K,新北市,土城區,24.98236,121.47104,,22117.1,53,12,0,12,0,0,,,,,,,False,stations_with_observations_in_exact_activity_window_and_activity_bbox; rank_by_nearest_activity_trackpoint_distance,VARIABLE_VALUES_NULL_OR_BLANK_IN_ACTIVITY_WINDOW,False,Exact activity-window station-variable evidence; no imputation or weather fusion.
ib3w_activity_environment_window_adapter_v1,qixing_lengshuikeng_xiaoyoukeng_20260410_gpx_v1,qixing_lengshuikeng_xiaoyoukeng_20260410_biji_gpx,qixing_lengshuikeng_xiaoyoukeng_20260410_biji_gpx,gpx,D:\mountain_work\115_osm\activity_input\gpx\qixing_lengshuikeng_xiaoyoukeng_gpx\冷水坑上-七星山東峰-主峰-下小油坑.gpx,2026-04-10T21:35:47+00:00,2026-04-10T23:54:30+00:00,138.717,explicit_gpx_utc,visibility_m,MISSING,NULL_VALUE_ONLY,weather\tw_weather_2026-05-01.sqlite3,weather_observations,CAA050,國三S037K,新北市,土城區,24.98236,121.47104,,22117.1,53,12,0,12,0,0,,,,,,,False,stations_with_observations_in_exact_activity_window_and_activity_bbox; rank_by_nearest_activity_trackpoint_distance,VARIABLE_VALUES_NULL_OR_BLANK_IN_ACTIVITY_WINDOW,False,Exact activity-window station-variable evidence; no imputation or weather fusion.
ib3w_activity_environment_window_adapter_v1,qixing_lengshuikeng_xiaoyoukeng_20260410_gpx_v1,qixing_lengshuikeng_xiaoyoukeng_20260410_biji_gpx,qixing_lengshuikeng_xiaoyoukeng_20260410_biji_gpx,gpx,D:\mountain_work\115_osm\activity_input\gpx\qixing_lengshuikeng_xiaoyoukeng_gpx\冷水坑上-七星山東峰-主峰-下小油坑.gpx,2026-04-10T21:35:47+00:00,2026-04-10T23:54:30+00:00,138.717,explicit_gpx_utc,weather,MISSING,NULL_VALUE_ONLY,weather\tw_weather_2026-05-01.sqlite3,weather_observations,CAA050,國三S037K,新北市,土城區,24.98236,121.47104,,22117.1,53,12,0,12,0,0,,,,,,,False,stations_with_observations_in_exact_activity_window_and_activity_bbox; rank_by_nearest_activity_trackpoint_distance,VARIABLE_VALUES_NULL_OR_BLANK_IN_ACTIVITY_WINDOW,False,Exact activity-window station-variable evidence; no imputation or weather fusion.
ib3w_activity_environment_window_adapter_v1,qixing_lengshuikeng_xiaoyoukeng_20260410_gpx_v1,qixing_lengshuikeng_xiaoyoukeng_20260410_biji_gpx,qixing_lengshuikeng_xiaoyoukeng_20260410_biji_gpx,gpx,D:\mountain_work\115_osm\activity_input\gpx\qixing_lengshuikeng_xiaoyoukeng_gpx\冷水坑上-七星山東峰-主峰-下小油坑.gpx,2026-04-10T21:35:47+00:00,2026-04-10T23:54:30+00:00,138.717,explicit_gpx_utc,precipitation_mm,OBSERVED,OBSERVED_IN_ACTIVITY_WINDOW,weather\tw_weather_2026-05-01.sqlite3,weather_observations,C0C680,龜山,桃園市,龜山區,25.028458,121.38656,,22778.7,54,2,2,0,2,0,2026-04-10T22:00:00+00:00,0.0,0.0,0.0,0.0,0.0,True,stations_with_observations_in_exact_activity_window_and_activity_bbox; rank_by_nearest_activity_trackpoint_distance,,False,Raw zero values are retained as observed evidence; zero is never synthesized.
ib3w_activity_environment_window_adapter_v1,qixing_lengshuikeng_xiaoyoukeng_20260410_gpx_v1,qixing_lengshuikeng_xiaoyoukeng_20260410_biji_gpx,qixing_lengshuikeng_xiaoyoukeng_20260410_biji_gpx,gpx,D:\mountain_work\115_osm\activity_input\gpx\qixing_lengshuikeng_xiaoyoukeng_gpx\冷水坑上-七星山東峰-主峰-下小油坑.gpx,2026-04-10T21:35:47+00:00,2026-04-10T23:54:30+00:00,138.717,explicit_gpx_utc,precipitation_10min_mm,MISSING,NULL_VALUE_ONLY,weather\tw_weather_2026-05-01.sqlite3,weather_observations,C0C680,龜山,桃園市,龜山區,25.028458,121.38656,,22778.7,54,2,0,2,0,0,,,,,,,False,stations_with_observations_in_exact_activity_window_and_activity_bbox; rank_by_nearest_activity_trackpoint_distance,VARIABLE_VALUES_NULL_OR_BLANK_IN_ACTIVITY_WINDOW,False,Exact activity-window station-variable evidence; no imputation or weather fusion.
ib3w_activity_environment_window_adapter_v1,qixing_lengshuikeng_xiaoyoukeng_20260410_gpx_v1,qixing_lengshuikeng_xiaoyoukeng_20260410_biji_gpx,qixing_lengshuikeng_xiaoyoukeng_20260410_biji_gpx,gpx,D:\mountain_work\115_osm\activity_input\gpx\qixing_lengshuikeng_xiaoyoukeng_gpx\冷水坑上-七星山東峰-主峰-下小油坑.gpx,2026-04-10T21:35:47+00:00,2026-04-10T23:54:30+00:00,138.717,explicit_gpx_utc,precipitation_1hr_mm,MISSING,NULL_VALUE_ONLY,weather\tw_weather_2026-05-01.sqlite3,weather_observations,C0C680,龜山,桃園市,龜山區,25.028458,121.38656,,22778.7,54,2,0,2,0,0,,,,,,,False,stations_with_observations_in_exact_activity_window_and_activity_bbox; rank_by_nearest_activity_trackpoint_distance,VARIABLE_VALUES_NULL_OR_BLANK_IN_ACTIVITY_WINDOW,False,Exact activity-window station-variable evidence; no imputation or weather fusion.
ib3w_activity_environment_window_adapter_v1,qixing_lengshuikeng_xiaoyoukeng_20260410_gpx_v1,qixing_lengshuikeng_xiaoyoukeng_20260410_biji_gpx,qixing_lengshuikeng_xiaoyoukeng_20260410_biji_gpx,gpx,D:\mountain_work\115_osm\activity_input\gpx\qixing_lengshuikeng_xiaoyoukeng_gpx\冷水坑上-七星山東峰-主峰-下小油坑.gpx,2026-04-10T21:35:47+00:00,2026-04-10T23:54:30+00:00,138.717,explicit_gpx_utc,temperature_c,OBSERVED,OBSERVED_IN_ACTIVITY_WINDOW,weather\tw_weather_2026-05-01.sqlite3,weather_observations,C0C680,龜山,桃園市,龜山區,25.028458,121.38656,,22778.7,54,2,2,0,0,2,2026-04-10T22:00:00+00:00,0.0,22.1,22.6,22.35,44.7,True,stations_with_observations_in_exact_activity_window_and_activity_bbox; rank_by_nearest_activity_trackpoint_distance,,False,Exact activity-window station-variable evidence; no imputation or weather fusion.
ib3w_activity_environment_window_adapter_v1,qixing_lengshuikeng_xiaoyoukeng_20260410_gpx_v1,qixing_lengshuikeng_xiaoyoukeng_20260410_biji_gpx,qixing_lengshuikeng_xiaoyoukeng_20260410_biji_gpx,gpx,D:\mountain_work\115_osm\activity_input\gpx\qixing_lengshuikeng_xiaoyoukeng_gpx\冷水坑上-七星山東峰-主峰-下小油坑.gpx,2026-04-10T21:35:47+00:00,2026-04-10T23:54:30+00:00,138.717,explicit_gpx_utc,relative_humidity_pct,OBSERVED,OBSERVED_IN_ACTIVITY_WINDOW,weather\tw_weather_2026-05-01.sqlite3,weather_observations,C0C680,龜山,桃園市,龜山區,25.028458,121.38656,,22778.7,54,2,2,0,0,2,2026-04-10T22:00:00+00:00,0.0,92.0,93.0,92.5,185.0,True,stations_with_observations_in_exact_activity_window_and_activity_bbox; rank_by_nearest_activity_trackpoint_distance,,False,Exact activity-window station-variable evidence; no imputation or weather fusion.
ib3w_activity_environment_window_adapter_v1,qixing_lengshuikeng_xiaoyoukeng_20260410_gpx_v1,qixing_lengshuikeng_xiaoyoukeng_20260410_biji_gpx,qixing_lengshuikeng_xiaoyoukeng_20260410_biji_gpx,gpx,D:\mountain_work\115_osm\activity_input\gpx\qixing_lengshuikeng_xiaoyoukeng_gpx\冷水坑上-七星山東峰-主峰-下小油坑.gpx,2026-04-10T21:35:47+00:00,2026-04-10T23:54:30+00:00,138.717,explicit_gpx_utc,wind_speed_ms,OBSERVED,OBSERVED_IN_ACTIVITY_WINDOW,weather\tw_weather_2026-05-01.sqlite3,weather_observations,C0C680,龜山,桃園市,龜山區,25.028458,121.38656,,22778.7,54,2,2,0,0,2,2026-04-10T22:00:00+00:00,0.0,0.7,1.2,0.95,1.9,True,stations_with_observations_in_exact_activity_window_and_activity_bbox; rank_by_nearest_activity_trackpoint_distance,,False,Exact activity-window station-variable evidence; no imputation or weather fusion.
ib3w_activity_environment_window_adapter_v1,qixing_lengshuikeng_xiaoyoukeng_20260410_gpx_v1,qixing_lengshuikeng_xiaoyoukeng_20260410_biji_gpx,qixing_lengshuikeng_xiaoyoukeng_20260410_biji_gpx,gpx,D:\mountain_work\115_osm\activity_input\gpx\qixing_lengshuikeng_xiaoyoukeng_gpx\冷水坑上-七星山東峰-主峰-下小油坑.gpx,2026-04-10T21:35:47+00:00,2026-04-10T23:54:30+00:00,138.717,explicit_gpx_utc,wind_direction_deg,OBSERVED,OBSERVED_IN_ACTIVITY_WINDOW,weather\tw_weather_2026-05-01.sqlite3,weather_observations,C0C680,龜山,桃園市,龜山區,25.028458,121.38656,,22778.7,54,2,2,0,0,2,2026-04-10T22:00:00+00:00,0.0,120.0,138.0,129.0,258.0,True,stations_with_observations_in_exact_activity_window_and_activity_bbox; rank_by_nearest_activity_trackpoint_distance,,False,Exact activity-window station-variable evidence; no imputation or weather fusion.
ib3w_activity_environment_window_adapter_v1,qixing_lengshuikeng_xiaoyoukeng_20260410_gpx_v1,qixing_lengshuikeng_xiaoyoukeng_20260410_biji_gpx,qixing_lengshuikeng_xiaoyoukeng_20260410_biji_gpx,gpx,D:\mountain_work\115_osm\activity_input\gpx\qixing_lengshuikeng_xiaoyoukeng_gpx\冷水坑上-七星山東峰-主峰-下小油坑.gpx,2026-04-10T21:35:47+00:00,2026-04-10T23:54:30+00:00,138.717,explicit_gpx_utc,pressure_hpa,OBSERVED,OBSERVED_IN_ACTIVITY_WINDOW,weather\tw_weather_2026-05-01.sqlite3,weather_observations,C0C680,龜山,桃園市,龜山區,25.028458,121.38656,,22778.7,54,2,2,0,0,2,2026-04-10T22:00:00+00:00,0.0,983.8,983.8,983.8,1967.6,True,stations_with_observations_in_exact_activity_window_and_activity_bbox; rank_by_nearest_activity_trackpoint_distance,,False,Exact activity-window station-variable evidence; no imputation or weather fusion.
ib3w_activity_environment_window_adapter_v1,qixing_lengshuikeng_xiaoyoukeng_20260410_gpx_v1,qixing_lengshuikeng_xiaoyoukeng_20260410_biji_gpx,qixing_lengshuikeng_xiaoyoukeng_20260410_biji_gpx,gpx,D:\mountain_work\115_osm\activity_input\gpx\qixing_lengshuikeng_xiaoyoukeng_gpx\冷水坑上-七星山東峰-主峰-下小油坑.gpx,2026-04-10T21:35:47+00:00,2026-04-10T23:54:30+00:00,138.717,explicit_gpx_utc,visibility_m,MISSING,NULL_VALUE_ONLY,weather\tw_weather_2026-05-01.sqlite3,weather_observations,C0C680,龜山,桃園市,龜山區,25.028458,121.38656,,22778.7,54,2,0,2,0,0,,,,,,,False,stations_with_observations_in_exact_activity_window_and_activity_bbox; rank_by_nearest_activity_trackpoint_distance,VARIABLE_VALUES_NULL_OR_BLANK_IN_ACTIVITY_WINDOW,False,Exact activity-window station-variable evidence; no imputation or weather fusion.
ib3w_activity_environment_window_adapter_v1,qixing_lengshuikeng_xiaoyoukeng_20260410_gpx_v1,qixing_lengshuikeng_xiaoyoukeng_20260410_biji_gpx,qixing_lengshuikeng_xiaoyoukeng_20260410_biji_gpx,gpx,D:\mountain_work\115_osm\activity_input\gpx\qixing_lengshuikeng_xiaoyoukeng_gpx\冷水坑上-七星山東峰-主峰-下小油坑.gpx,2026-04-10T21:35:47+00:00,2026-04-10T23:54:30+00:00,138.717,explicit_gpx_utc,weather,MISSING,NULL_VALUE_ONLY,weather\tw_weather_2026-05-01.sqlite3,weather_observations,C0C680,龜山,桃園市,龜山區,25.028458,121.38656,,22778.7,54,2,0,2,0,0,,,,,,,False,stations_with_observations_in_exact_activity_window_and_activity_bbox; rank_by_nearest_activity_trackpoint_distance,VARIABLE_VALUES_NULL_OR_BLANK_IN_ACTIVITY_WINDOW,False,Exact activity-window station-variable evidence; no imputation or weather fusion.
ib3w_activity_environment_window_adapter_v1,qixing_lengshuikeng_xiaoyoukeng_20260410_gpx_v1,qixing_lengshuikeng_xiaoyoukeng_20260410_biji_gpx,qixing_lengshuikeng_xiaoyoukeng_20260410_biji_gpx,gpx,D:\mountain_work\115_osm\activity_input\gpx\qixing_lengshuikeng_xiaoyoukeng_gpx\冷水坑上-七星山東峰-主峰-下小油坑.gpx,2026-04-10T21:35:47+00:00,2026-04-10T23:54:30+00:00,138.717,explicit_gpx_utc,precipitation_mm,OBSERVED,OBSERVED_IN_ACTIVITY_WINDOW,weather\tw_weather_2026-05-01.sqlite3,weather_observations,C0AD40,土城,新北市,土城區,24.973207,121.44517,,24162.3,55,2,2,0,2,0,2026-04-10T22:00:00+00:00,0.0,0.0,0.0,0.0,0.0,True,stations_with_observations_in_exact_activity_window_and_activity_bbox; rank_by_nearest_activity_trackpoint_distance,,False,Raw zero values are retained as observed evidence; zero is never synthesized.
ib3w_activity_environment_window_adapter_v1,qixing_lengshuikeng_xiaoyoukeng_20260410_gpx_v1,qixing_lengshuikeng_xiaoyoukeng_20260410_biji_gpx,qixing_lengshuikeng_xiaoyoukeng_20260410_biji_gpx,gpx,D:\mountain_work\115_osm\activity_input\gpx\qixing_lengshuikeng_xiaoyoukeng_gpx\冷水坑上-七星山東峰-主峰-下小油坑.gpx,2026-04-10T21:35:47+00:00,2026-04-10T23:54:30+00:00,138.717,explicit_gpx_utc,precipitation_10min_mm,MISSING,NULL_VALUE_ONLY,weather\tw_weather_2026-05-01.sqlite3,weather_observations,C0AD40,土城,新北市,土城區,24.973207,121.44517,,24162.3,55,2,0,2,0,0,,,,,,,False,stations_with_observations_in_exact_activity_window_and_activity_bbox; rank_by_nearest_activity_trackpoint_distance,VARIABLE_VALUES_NULL_OR_BLANK_IN_ACTIVITY_WINDOW,False,Exact activity-window station-variable evidence; no imputation or weather fusion.
ib3w_activity_environment_window_adapter_v1,qixing_lengshuikeng_xiaoyoukeng_20260410_gpx_v1,qixing_lengshuikeng_xiaoyoukeng_20260410_biji_gpx,qixing_lengshuikeng_xiaoyoukeng_20260410_biji_gpx,gpx,D:\mountain_work\115_osm\activity_input\gpx\qixing_lengshuikeng_xiaoyoukeng_gpx\冷水坑上-七星山東峰-主峰-下小油坑.gpx,2026-04-10T21:35:47+00:00,2026-04-10T23:54:30+00:00,138.717,explicit_gpx_utc,precipitation_1hr_mm,MISSING,NULL_VALUE_ONLY,weather\tw_weather_2026-05-01.sqlite3,weather_observations,C0AD40,土城,新北市,土城區,24.973207,121.44517,,24162.3,55,2,0,2,0,0,,,,,,,False,stations_with_observations_in_exact_activity_window_and_activity_bbox; rank_by_nearest_activity_trackpoint_distance,VARIABLE_VALUES_NULL_OR_BLANK_IN_ACTIVITY_WINDOW,False,Exact activity-window station-variable evidence; no imputation or weather fusion.
ib3w_activity_environment_window_adapter_v1,qixing_lengshuikeng_xiaoyoukeng_20260410_gpx_v1,qixing_lengshuikeng_xiaoyoukeng_20260410_biji_gpx,qixing_lengshuikeng_xiaoyoukeng_20260410_biji_gpx,gpx,D:\mountain_work\115_osm\activity_input\gpx\qixing_lengshuikeng_xiaoyoukeng_gpx\冷水坑上-七星山東峰-主峰-下小油坑.gpx,2026-04-10T21:35:47+00:00,2026-04-10T23:54:30+00:00,138.717,explicit_gpx_utc,temperature_c,OBSERVED,OBSERVED_IN_ACTIVITY_WINDOW,weather\tw_weather_2026-05-01.sqlite3,weather_observations,C0AD40,土城,新北市,土城區,24.973207,121.44517,,24162.3,55,2,2,0,0,2,2026-04-10T22:00:00+00:00,0.0,21.4,22.3,21.85,43.7,True,stations_with_observations_in_exact_activity_window_and_activity_bbox; rank_by_nearest_activity_trackpoint_distance,,False,Exact activity-window station-variable evidence; no imputation or weather fusion.
ib3w_activity_environment_window_adapter_v1,qixing_lengshuikeng_xiaoyoukeng_20260410_gpx_v1,qixing_lengshuikeng_xiaoyoukeng_20260410_biji_gpx,qixing_lengshuikeng_xiaoyoukeng_20260410_biji_gpx,gpx,D:\mountain_work\115_osm\activity_input\gpx\qixing_lengshuikeng_xiaoyoukeng_gpx\冷水坑上-七星山東峰-主峰-下小油坑.gpx,2026-04-10T21:35:47+00:00,2026-04-10T23:54:30+00:00,138.717,explicit_gpx_utc,relative_humidity_pct,OBSERVED,OBSERVED_IN_ACTIVITY_WINDOW,weather\tw_weather_2026-05-01.sqlite3,weather_observations,C0AD40,土城,新北市,土城區,24.973207,121.44517,,24162.3,55,2,2,0,0,2,2026-04-10T22:00:00+00:00,0.0,88.0,89.0,88.5,177.0,True,stations_with_observations_in_exact_activity_window_and_activity_bbox; rank_by_nearest_activity_trackpoint_distance,,False,Exact activity-window station-variable evidence; no imputation or weather fusion.
ib3w_activity_environment_window_adapter_v1,qixing_lengshuikeng_xiaoyoukeng_20260410_gpx_v1,qixing_lengshuikeng_xiaoyoukeng_20260410_biji_gpx,qixing_lengshuikeng_xiaoyoukeng_20260410_biji_gpx,gpx,D:\mountain_work\115_osm\activity_input\gpx\qixing_lengshuikeng_xiaoyoukeng_gpx\冷水坑上-七星山東峰-主峰-下小油坑.gpx,2026-04-10T21:35:47+00:00,2026-04-10T23:54:30+00:00,138.717,explicit_gpx_utc,wind_speed_ms,OBSERVED,OBSERVED_IN_ACTIVITY_WINDOW,weather\tw_weather_2026-05-01.sqlite3,weather_observations,C0AD40,土城,新北市,土城區,24.973207,121.44517,,24162.3,55,2,2,0,2,0,2026-04-10T22:00:00+00:00,0.0,0.0,0.0,0.0,0.0,True,stations_with_observations_in_exact_activity_window_and_activity_bbox; rank_by_nearest_activity_trackpoint_distance,,False,Raw zero values are retained as observed evidence; zero is never synthesized.
ib3w_activity_environment_window_adapter_v1,qixing_lengshuikeng_xiaoyoukeng_20260410_gpx_v1,qixing_lengshuikeng_xiaoyoukeng_20260410_biji_gpx,qixing_lengshuikeng_xiaoyoukeng_20260410_biji_gpx,gpx,D:\mountain_work\115_osm\activity_input\gpx\qixing_lengshuikeng_xiaoyoukeng_gpx\冷水坑上-七星山東峰-主峰-下小油坑.gpx,2026-04-10T21:35:47+00:00,2026-04-10T23:54:30+00:00,138.717,explicit_gpx_utc,wind_direction_deg,OBSERVED,OBSERVED_IN_ACTIVITY_WINDOW,weather\tw_weather_2026-05-01.sqlite3,weather_observations,C0AD40,土城,新北市,土城區,24.973207,121.44517,,24162.3,55,2,2,0,2,0,2026-04-10T22:00:00+00:00,0.0,0.0,0.0,0.0,0.0,True,stations_with_observations_in_exact_activity_window_and_activity_bbox; rank_by_nearest_activity_trackpoint_distance,,False,Raw zero values are retained as observed evidence; zero is never synthesized.
ib3w_activity_environment_window_adapter_v1,qixing_lengshuikeng_xiaoyoukeng_20260410_gpx_v1,qixing_lengshuikeng_xiaoyoukeng_20260410_biji_gpx,qixing_lengshuikeng_xiaoyoukeng_20260410_biji_gpx,gpx,D:\mountain_work\115_osm\activity_input\gpx\qixing_lengshuikeng_xiaoyoukeng_gpx\冷水坑上-七星山東峰-主峰-下小油坑.gpx,2026-04-10T21:35:47+00:00,2026-04-10T23:54:30+00:00,138.717,explicit_gpx_utc,pressure_hpa,OBSERVED,OBSERVED_IN_ACTIVITY_WINDOW,weather\tw_weather_2026-05-01.sqlite3,weather_observations,C0AD40,土城,新北市,土城區,24.973207,121.44517,,24162.3,55,2,2,0,0,2,2026-04-10T22:00:00+00:00,0.0,1006.5,1006.7,1006.6,2013.2,True,stations_with_observations_in_exact_activity_window_and_activity_bbox; rank_by_nearest_activity_trackpoint_distance,,False,Exact activity-window station-variable evidence; no imputation or weather fusion.
ib3w_activity_environment_window_adapter_v1,qixing_lengshuikeng_xiaoyoukeng_20260410_gpx_v1,qixing_lengshuikeng_xiaoyoukeng_20260410_biji_gpx,qixing_lengshuikeng_xiaoyoukeng_20260410_biji_gpx,gpx,D:\mountain_work\115_osm\activity_input\gpx\qixing_lengshuikeng_xiaoyoukeng_gpx\冷水坑上-七星山東峰-主峰-下小油坑.gpx,2026-04-10T21:35:47+00:00,2026-04-10T23:54:30+00:00,138.717,explicit_gpx_utc,visibility_m,MISSING,NULL_VALUE_ONLY,weather\tw_weather_2026-05-01.sqlite3,weather_observations,C0AD40,土城,新北市,土城區,24.973207,121.44517,,24162.3,55,2,0,2,0,0,,,,,,,False,stations_with_observations_in_exact_activity_window_and_activity_bbox; rank_by_nearest_activity_trackpoint_distance,VARIABLE_VALUES_NULL_OR_BLANK_IN_ACTIVITY_WINDOW,False,Exact activity-window station-variable evidence; no imputation or weather fusion.
ib3w_activity_environment_window_adapter_v1,qixing_lengshuikeng_xiaoyoukeng_20260410_gpx_v1,qixing_lengshuikeng_xiaoyoukeng_20260410_biji_gpx,qixing_lengshuikeng_xiaoyoukeng_20260410_biji_gpx,gpx,D:\mountain_work\115_osm\activity_input\gpx\qixing_lengshuikeng_xiaoyoukeng_gpx\冷水坑上-七星山東峰-主峰-下小油坑.gpx,2026-04-10T21:35:47+00:00,2026-04-10T23:54:30+00:00,138.717,explicit_gpx_utc,weather,MISSING,NULL_VALUE_ONLY,weather\tw_weather_2026-05-01.sqlite3,weather_observations,C0AD40,土城,新北市,土城區,24.973207,121.44517,,24162.3,55,2,0,2,0,0,,,,,,,False,stations_with_observations_in_exact_activity_window_and_activity_bbox; rank_by_nearest_activity_trackpoint_distance,VARIABLE_VALUES_NULL_OR_BLANK_IN_ACTIVITY_WINDOW,False,Exact activity-window station-variable evidence; no imputation or weather fusion.
ib3w_activity_environment_window_adapter_v1,qixing_lengshuikeng_xiaoyoukeng_20260410_gpx_v1,qixing_lengshuikeng_xiaoyoukeng_20260410_biji_gpx,qixing_lengshuikeng_xiaoyoukeng_20260410_biji_gpx,gpx,D:\mountain_work\115_osm\activity_input\gpx\qixing_lengshuikeng_xiaoyoukeng_gpx\冷水坑上-七星山東峰-主峰-下小油坑.gpx,2026-04-10T21:35:47+00:00,2026-04-10T23:54:30+00:00,138.717,explicit_gpx_utc,precipitation_mm,OBSERVED,OBSERVED_IN_ACTIVITY_WINDOW,weather\tw_weather_2026-05-01.sqlite3,weather_observations,C0A520,山佳,新北市,樹林區,24.974943,121.40201,,26324.1,56,2,2,0,2,0,2026-04-10T22:00:00+00:00,0.0,0.0,0.0,0.0,0.0,True,stations_with_observations_in_exact_activity_window_and_activity_bbox; rank_by_nearest_activity_trackpoint_distance,,False,Raw zero values are retained as observed evidence; zero is never synthesized.
ib3w_activity_environment_window_adapter_v1,qixing_lengshuikeng_xiaoyoukeng_20260410_gpx_v1,qixing_lengshuikeng_xiaoyoukeng_20260410_biji_gpx,qixing_lengshuikeng_xiaoyoukeng_20260410_biji_gpx,gpx,D:\mountain_work\115_osm\activity_input\gpx\qixing_lengshuikeng_xiaoyoukeng_gpx\冷水坑上-七星山東峰-主峰-下小油坑.gpx,2026-04-10T21:35:47+00:00,2026-04-10T23:54:30+00:00,138.717,explicit_gpx_utc,precipitation_10min_mm,MISSING,NULL_VALUE_ONLY,weather\tw_weather_2026-05-01.sqlite3,weather_observations,C0A520,山佳,新北市,樹林區,24.974943,121.40201,,26324.1,56,2,0,2,0,0,,,,,,,False,stations_with_observations_in_exact_activity_window_and_activity_bbox; rank_by_nearest_activity_trackpoint_distance,VARIABLE_VALUES_NULL_OR_BLANK_IN_ACTIVITY_WINDOW,False,Exact activity-window station-variable evidence; no imputation or weather fusion.
ib3w_activity_environment_window_adapter_v1,qixing_lengshuikeng_xiaoyoukeng_20260410_gpx_v1,qixing_lengshuikeng_xiaoyoukeng_20260410_biji_gpx,qixing_lengshuikeng_xiaoyoukeng_20260410_biji_gpx,gpx,D:\mountain_work\115_osm\activity_input\gpx\qixing_lengshuikeng_xiaoyoukeng_gpx\冷水坑上-七星山東峰-主峰-下小油坑.gpx,2026-04-10T21:35:47+00:00,2026-04-10T23:54:30+00:00,138.717,explicit_gpx_utc,precipitation_1hr_mm,MISSING,NULL_VALUE_ONLY,weather\tw_weather_2026-05-01.sqlite3,weather_observations,C0A520,山佳,新北市,樹林區,24.974943,121.40201,,26324.1,56,2,0,2,0,0,,,,,,,False,stations_with_observations_in_exact_activity_window_and_activity_bbox; rank_by_nearest_activity_trackpoint_distance,VARIABLE_VALUES_NULL_OR_BLANK_IN_ACTIVITY_WINDOW,False,Exact activity-window station-variable evidence; no imputation or weather fusion.
ib3w_activity_environment_window_adapter_v1,qixing_lengshuikeng_xiaoyoukeng_20260410_gpx_v1,qixing_lengshuikeng_xiaoyoukeng_20260410_biji_gpx,qixing_lengshuikeng_xiaoyoukeng_20260410_biji_gpx,gpx,D:\mountain_work\115_osm\activity_input\gpx\qixing_lengshuikeng_xiaoyoukeng_gpx\冷水坑上-七星山東峰-主峰-下小油坑.gpx,2026-04-10T21:35:47+00:00,2026-04-10T23:54:30+00:00,138.717,explicit_gpx_utc,temperature_c,OBSERVED,OBSERVED_IN_ACTIVITY_WINDOW,weather\tw_weather_2026-05-01.sqlite3,weather_observations,C0A520,山佳,新北市,樹林區,24.974943,121.40201,,26324.1,56,2,2,0,0,2,2026-04-10T22:00:00+00:00,0.0,22.7,23.0,22.85,45.7,True,stations_with_observations_in_exact_activity_window_and_activity_bbox; rank_by_nearest_activity_trackpoint_distance,,False,Exact activity-window station-variable evidence; no imputation or weather fusion.
ib3w_activity_environment_window_adapter_v1,qixing_lengshuikeng_xiaoyoukeng_20260410_gpx_v1,qixing_lengshuikeng_xiaoyoukeng_20260410_biji_gpx,qixing_lengshuikeng_xiaoyoukeng_20260410_biji_gpx,gpx,D:\mountain_work\115_osm\activity_input\gpx\qixing_lengshuikeng_xiaoyoukeng_gpx\冷水坑上-七星山東峰-主峰-下小油坑.gpx,2026-04-10T21:35:47+00:00,2026-04-10T23:54:30+00:00,138.717,explicit_gpx_utc,relative_humidity_pct,OBSERVED,OBSERVED_IN_ACTIVITY_WINDOW,weather\tw_weather_2026-05-01.sqlite3,weather_observations,C0A520,山佳,新北市,樹林區,24.974943,121.40201,,26324.1,56,2,2,0,0,2,2026-04-10T22:00:00+00:00,0.0,89.0,91.0,90.0,180.0,True,stations_with_observations_in_exact_activity_window_and_activity_bbox; rank_by_nearest_activity_trackpoint_distance,,False,Exact activity-window station-variable evidence; no imputation or weather fusion.
ib3w_activity_environment_window_adapter_v1,qixing_lengshuikeng_xiaoyoukeng_20260410_gpx_v1,qixing_lengshuikeng_xiaoyoukeng_20260410_biji_gpx,qixing_lengshuikeng_xiaoyoukeng_20260410_biji_gpx,gpx,D:\mountain_work\115_osm\activity_input\gpx\qixing_lengshuikeng_xiaoyoukeng_gpx\冷水坑上-七星山東峰-主峰-下小油坑.gpx,2026-04-10T21:35:47+00:00,2026-04-10T23:54:30+00:00,138.717,explicit_gpx_utc,wind_speed_ms,OBSERVED,OBSERVED_IN_ACTIVITY_WINDOW,weather\tw_weather_2026-05-01.sqlite3,weather_observations,C0A520,山佳,新北市,樹林區,24.974943,121.40201,,26324.1,56,2,2,0,0,2,2026-04-10T22:00:00+00:00,0.0,0.3,1.1,0.7000000000000001,1.4000000000000001,True,stations_with_observations_in_exact_activity_window_and_activity_bbox; rank_by_nearest_activity_trackpoint_distance,,False,Exact activity-window station-variable evidence; no imputation or weather fusion.
ib3w_activity_environment_window_adapter_v1,qixing_lengshuikeng_xiaoyoukeng_20260410_gpx_v1,qixing_lengshuikeng_xiaoyoukeng_20260410_biji_gpx,qixing_lengshuikeng_xiaoyoukeng_20260410_biji_gpx,gpx,D:\mountain_work\115_osm\activity_input\gpx\qixing_lengshuikeng_xiaoyoukeng_gpx\冷水坑上-七星山東峰-主峰-下小油坑.gpx,2026-04-10T21:35:47+00:00,2026-04-10T23:54:30+00:00,138.717,explicit_gpx_utc,wind_direction_deg,OBSERVED,OBSERVED_IN_ACTIVITY_WINDOW,weather\tw_weather_2026-05-01.sqlite3,weather_observations,C0A520,山佳,新北市,樹林區,24.974943,121.40201,,26324.1,56,2,2,0,0,2,2026-04-10T22:00:00+00:00,0.0,204.0,232.0,218.0,436.0,True,stations_with_observations_in_exact_activity_window_and_activity_bbox; rank_by_nearest_activity_trackpoint_distance,,False,Exact activity-window station-variable evidence; no imputation or weather fusion.
ib3w_activity_environment_window_adapter_v1,qixing_lengshuikeng_xiaoyoukeng_20260410_gpx_v1,qixing_lengshuikeng_xiaoyoukeng_20260410_biji_gpx,qixing_lengshuikeng_xiaoyoukeng_20260410_biji_gpx,gpx,D:\mountain_work\115_osm\activity_input\gpx\qixing_lengshuikeng_xiaoyoukeng_gpx\冷水坑上-七星山東峰-主峰-下小油坑.gpx,2026-04-10T21:35:47+00:00,2026-04-10T23:54:30+00:00,138.717,explicit_gpx_utc,pressure_hpa,OBSERVED,OBSERVED_IN_ACTIVITY_WINDOW,weather\tw_weather_2026-05-01.sqlite3,weather_observations,C0A520,山佳,新北市,樹林區,24.974943,121.40201,,26324.1,56,2,2,0,0,2,2026-04-10T22:00:00+00:00,0.0,1005.3,1005.4,1005.3499999999999,2010.6999999999998,True,stations_with_observations_in_exact_activity_window_and_activity_bbox; rank_by_nearest_activity_trackpoint_distance,,False,Exact activity-window station-variable evidence; no imputation or weather fusion.
ib3w_activity_environment_window_adapter_v1,qixing_lengshuikeng_xiaoyoukeng_20260410_gpx_v1,qixing_lengshuikeng_xiaoyoukeng_20260410_biji_gpx,qixing_lengshuikeng_xiaoyoukeng_20260410_biji_gpx,gpx,D:\mountain_work\115_osm\activity_input\gpx\qixing_lengshuikeng_xiaoyoukeng_gpx\冷水坑上-七星山東峰-主峰-下小油坑.gpx,2026-04-10T21:35:47+00:00,2026-04-10T23:54:30+00:00,138.717,explicit_gpx_utc,visibility_m,MISSING,NULL_VALUE_ONLY,weather\tw_weather_2026-05-01.sqlite3,weather_observations,C0A520,山佳,新北市,樹林區,24.974943,121.40201,,26324.1,56,2,0,2,0,0,,,,,,,False,stations_with_observations_in_exact_activity_window_and_activity_bbox; rank_by_nearest_activity_trackpoint_distance,VARIABLE_VALUES_NULL_OR_BLANK_IN_ACTIVITY_WINDOW,False,Exact activity-window station-variable evidence; no imputation or weather fusion.
ib3w_activity_environment_window_adapter_v1,qixing_lengshuikeng_xiaoyoukeng_20260410_gpx_v1,qixing_lengshuikeng_xiaoyoukeng_20260410_biji_gpx,qixing_lengshuikeng_xiaoyoukeng_20260410_biji_gpx,gpx,D:\mountain_work\115_osm\activity_input\gpx\qixing_lengshuikeng_xiaoyoukeng_gpx\冷水坑上-七星山東峰-主峰-下小油坑.gpx,2026-04-10T21:35:47+00:00,2026-04-10T23:54:30+00:00,138.717,explicit_gpx_utc,weather,MISSING,NULL_VALUE_ONLY,weather\tw_weather_2026-05-01.sqlite3,weather_observations,C0A520,山佳,新北市,樹林區,24.974943,121.40201,,26324.1,56,2,0,2,0,0,,,,,,,False,stations_with_observations_in_exact_activity_window_and_activity_bbox; rank_by_nearest_activity_trackpoint_distance,VARIABLE_VALUES_NULL_OR_BLANK_IN_ACTIVITY_WINDOW,False,Exact activity-window station-variable evidence; no imputation or weather fusion.
