schema_version,activity_id_short,activity_id_full,fixture_activity,route_distance_window_start_m,route_distance_window_end_m,route_phase,point_count,duration_observed_sec,elapsed_time_span_sec,speed_mps_median,speed_mps_p25,speed_mps_p75,stopped_ratio,low_speed_ratio,heart_rate_bpm_median,heart_rate_bpm_p75,heart_rate_bpm_p90,calibrated_slope_pct_median,calibrated_slope_pct_p75_abs,route_profile_elevation_min_m,route_profile_elevation_max_m,route_profile_elevation_range_m,ib2_terrain_evidence_median,ib2_effort_evidence_median,ib2_exposure_evidence_median,ib2_risk_band_evidence,route_load_context_band,osm_exposure_types,near_steps_ratio,near_guidepost_ratio,near_shelter_ratio,near_waterway_ratio,near_cliff_ratio,near_road_ratio,nearest_environment_feature_distance_m_min,temperature_c,relative_humidity_pct,precipitation_mm,wind_speed_ms,wind_gust_ms,uv_index,weather_context_flags,weather_context_available,analytics_ready_ratio,calibration_review_required_ratio,movement_review_required_ratio,slope_review_required_ratio,window_qa_flags,interpretation_boundary
ib3_personal_hiking_features_route_load_comparison_smoke_v1,3_1,qixing_lengshuikeng_3_1,True,0,50,UNKNOWN,106,105,5845,0.785026,0.546482,1.274086,0,0.141509,106,109,112,,,754.462,759.21,4.748,0.5,0,0,moderate,MODERATE_ROUTE_LOAD_EVIDENCE,guidepost|road|steps|trailhead|waterway,0.415094,0.169811,0,1,0,1,0,23.1,94,0,4.8,14.7,6,HIGH_HUMIDITY_CONTEXT|NO_RAIN_CONTEXT|WIND_GUST_OBSERVED_CONTEXT|STRONG_GUST_CONTEXT|HIGH_UV_CONTEXT,True,1,0,0.132075,0.990566,MOVEMENT_REVIEW_PRESENT|SLOPE_REVIEW_PRESENT|ROUTE_PHASE_UNKNOWN,"Descriptive route-load, behavior, proximity exposure, and weather evidence only; no ability or risk scoring."
ib3_personal_hiking_features_route_load_comparison_smoke_v1,3_1,qixing_lengshuikeng_3_1,True,50,100,UNKNOWN,47,47,5671,0.889008,0.762375,1.03516,0,0.042553,109,112,112.4,,,759.259,763.727,4.468,0.5,0.45,0,moderate,MODERATE_ROUTE_LOAD_EVIDENCE,guidepost|road|steps|waterway,0.702128,0.404255,0,0.723404,0,1,0,23.1,94,0,4.8,14.7,6,HIGH_HUMIDITY_CONTEXT|NO_RAIN_CONTEXT|WIND_GUST_OBSERVED_CONTEXT|STRONG_GUST_CONTEXT|HIGH_UV_CONTEXT,True,1,0,0.021277,1,MOVEMENT_REVIEW_PRESENT|SLOPE_REVIEW_PRESENT|ROUTE_PHASE_UNKNOWN,"Descriptive route-load, behavior, proximity exposure, and weather evidence only; no ability or risk scoring."
ib3_personal_hiking_features_route_load_comparison_smoke_v1,3_1,qixing_lengshuikeng_3_1,True,100,150,UNKNOWN,52,52,5565,0.903064,0.734179,1.031202,0,0,110.5,117,119.9,,,764.322,775.337,11.015,0.5,0.45,0,moderate,MODERATE_ROUTE_LOAD_EVIDENCE,road|steps|waterway,1,0,0,0.192308,0,1,0,23.1,94,0,4.8,14.7,6,HIGH_HUMIDITY_CONTEXT|NO_RAIN_CONTEXT|WIND_GUST_OBSERVED_CONTEXT|STRONG_GUST_CONTEXT|HIGH_UV_CONTEXT,True,1,0,0,1,SLOPE_REVIEW_PRESENT|ROUTE_PHASE_UNKNOWN,"Descriptive route-load, behavior, proximity exposure, and weather evidence only; no ability or risk scoring."
ib3_personal_hiking_features_route_load_comparison_smoke_v1,3_1,qixing_lengshuikeng_3_1,True,150,200,UNKNOWN,91,91,5459,0.536636,0.338813,0.746126,0,0.263736,113,132,143,46.876,46.876,775.634,793.2,17.566,0.7,0.45,0,moderate,HIGH_ROUTE_LOAD_EVIDENCE,road|steps|waterway,1,0,0,1,0,1,0,23.1,94,0,4.8,14.7,6,HIGH_HUMIDITY_CONTEXT|NO_RAIN_CONTEXT|WIND_GUST_OBSERVED_CONTEXT|STRONG_GUST_CONTEXT|HIGH_UV_CONTEXT,True,1,0,0.142857,0.989011,MOVEMENT_REVIEW_PRESENT|SLOPE_REVIEW_PRESENT|ROUTE_PHASE_UNKNOWN,"Descriptive route-load, behavior, proximity exposure, and weather evidence only; no ability or risk scoring."
ib3_personal_hiking_features_route_load_comparison_smoke_v1,3_1,qixing_lengshuikeng_3_1,True,200,250,UNKNOWN,95,95,5291,0.592183,0.502688,0.686702,0,0.105263,119,155,160.6,,,793.6,814.737,21.137,0.7,0.45,0,moderate,MODERATE_ROUTE_LOAD_EVIDENCE,road|steps|waterway,1,0,0,0.136842,0,1,0,23.1,94,0,4.8,14.7,6,HIGH_HUMIDITY_CONTEXT|NO_RAIN_CONTEXT|WIND_GUST_OBSERVED_CONTEXT|STRONG_GUST_CONTEXT|HIGH_UV_CONTEXT,True,1,0,0.073684,1,MOVEMENT_REVIEW_PRESENT|SLOPE_REVIEW_PRESENT|ROUTE_PHASE_UNKNOWN,"Descriptive route-load, behavior, proximity exposure, and weather evidence only; no ability or risk scoring."
ib3_personal_hiking_features_route_load_comparison_smoke_v1,3_1,qixing_lengshuikeng_3_1,True,250,300,UNKNOWN,74,74,5127,0.567901,0.400304,0.913896,0,0.189189,111,155.75,158.7,,,815.068,829.605,14.537,0.7,0.45,0,moderate,MODERATE_ROUTE_LOAD_EVIDENCE,road|steps,1,0,0,0,0,1,0,23.1,94,0,4.8,14.7,6,HIGH_HUMIDITY_CONTEXT|NO_RAIN_CONTEXT|WIND_GUST_OBSERVED_CONTEXT|STRONG_GUST_CONTEXT|HIGH_UV_CONTEXT,True,1,0,0.040541,1,MOVEMENT_REVIEW_PRESENT|SLOPE_REVIEW_PRESENT|ROUTE_PHASE_UNKNOWN,"Descriptive route-load, behavior, proximity exposure, and weather evidence only; no ability or risk scoring."
ib3_personal_hiking_features_route_load_comparison_smoke_v1,3_1,qixing_lengshuikeng_3_1,True,300,350,UNKNOWN,48,48,4977,0.903194,0.651236,1.030724,0,0.020833,156,160,160,,,829.902,837.629,7.727,0.7,0.45,0,moderate,MODERATE_ROUTE_LOAD_EVIDENCE,road|steps,1,0,0,0,0,1,0,23.1,94,0,4.8,14.7,6,HIGH_HUMIDITY_CONTEXT|NO_RAIN_CONTEXT|WIND_GUST_OBSERVED_CONTEXT|STRONG_GUST_CONTEXT|HIGH_UV_CONTEXT,True,1,0,0,1,SLOPE_REVIEW_PRESENT|ROUTE_PHASE_UNKNOWN,"Descriptive route-load, behavior, proximity exposure, and weather evidence only; no ability or risk scoring."
ib3_personal_hiking_features_route_load_comparison_smoke_v1,3_1,qixing_lengshuikeng_3_1,True,350,400,UNKNOWN,57,57,4867,0.582554,0.474062,0.855746,0,0.087719,114,158,160,,,837.834,853.502,15.668,0.7,0.45,0,moderate,MODERATE_ROUTE_LOAD_EVIDENCE,road|steps,1,0,0,0,0,1,0,23.1,94,0,4.8,14.7,6,HIGH_HUMIDITY_CONTEXT|NO_RAIN_CONTEXT|WIND_GUST_OBSERVED_CONTEXT|STRONG_GUST_CONTEXT|HIGH_UV_CONTEXT,True,1,0,0,1,SLOPE_REVIEW_PRESENT|ROUTE_PHASE_UNKNOWN,"Descriptive route-load, behavior, proximity exposure, and weather evidence only; no ability or risk scoring."
ib3_personal_hiking_features_route_load_comparison_smoke_v1,3_1,qixing_lengshuikeng_3_1,True,400,450,UNKNOWN,57,57,4723,0.808929,0.632034,1.094978,0,0.070175,113,154,156.4,,,854.39,862.756,8.366,0.7,0.45,0,moderate,MODERATE_ROUTE_LOAD_EVIDENCE,road|steps,1,0,0,0,0,1,0,23.1,94,0,4.8,14.7,6,HIGH_HUMIDITY_CONTEXT|NO_RAIN_CONTEXT|WIND_GUST_OBSERVED_CONTEXT|STRONG_GUST_CONTEXT|HIGH_UV_CONTEXT,True,1,0,0,1,SLOPE_REVIEW_PRESENT|ROUTE_PHASE_UNKNOWN,"Descriptive route-load, behavior, proximity exposure, and weather evidence only; no ability or risk scoring."
ib3_personal_hiking_features_route_load_comparison_smoke_v1,3_1,qixing_lengshuikeng_3_1,True,450,500,UNKNOWN,54,54,4608,0.918201,0.760802,1.069572,0,0,115,151,153,,,863.166,875.137,11.971,0.7,0.45,0,moderate,MODERATE_ROUTE_LOAD_EVIDENCE,road|steps,1,0,0,0,0,1,0,23.1,94,0,4.8,14.7,6,HIGH_HUMIDITY_CONTEXT|NO_RAIN_CONTEXT|WIND_GUST_OBSERVED_CONTEXT|STRONG_GUST_CONTEXT|HIGH_UV_CONTEXT,True,1,0,0,1,SLOPE_REVIEW_PRESENT|ROUTE_PHASE_UNKNOWN,"Descriptive route-load, behavior, proximity exposure, and weather evidence only; no ability or risk scoring."
ib3_personal_hiking_features_route_load_comparison_smoke_v1,3_1,qixing_lengshuikeng_3_1,True,500,550,UNKNOWN,67,67,4496,0.699796,0.606677,0.758839,0,0.029851,138,154,158,,,875.322,889.58,14.258,0.5,0.45,0,moderate,MODERATE_ROUTE_LOAD_EVIDENCE,peak|road|steps,1,0,0,0,0,1,0,23.1,94,0,4.8,14.7,6,HIGH_HUMIDITY_CONTEXT|NO_RAIN_CONTEXT|WIND_GUST_OBSERVED_CONTEXT|STRONG_GUST_CONTEXT|HIGH_UV_CONTEXT,True,1,0,0.238806,1,MOVEMENT_REVIEW_PRESENT|SLOPE_REVIEW_PRESENT|ROUTE_PHASE_UNKNOWN,"Descriptive route-load, behavior, proximity exposure, and weather evidence only; no ability or risk scoring."
ib3_personal_hiking_features_route_load_comparison_smoke_v1,3_1,qixing_lengshuikeng_3_1,True,550,600,UNKNOWN,21,21,4358,0.666911,0.48095,0.855804,0,0.238095,159,161,162,,,889.883,893.805,3.922,0.3,0.45,0,low,MODERATE_ROUTE_LOAD_EVIDENCE,peak|road|shelter|steps,0.761905,0,1,0,0,1,0,23.1,94,0,4.8,14.7,6,HIGH_HUMIDITY_CONTEXT|NO_RAIN_CONTEXT|WIND_GUST_OBSERVED_CONTEXT|STRONG_GUST_CONTEXT|HIGH_UV_CONTEXT,True,1,0,0.047619,1,MOVEMENT_REVIEW_PRESENT|SLOPE_REVIEW_PRESENT|ROUTE_PHASE_UNKNOWN,"Descriptive route-load, behavior, proximity exposure, and weather evidence only; no ability or risk scoring."
ib3_personal_hiking_features_route_load_comparison_smoke_v1,3_1,qixing_lengshuikeng_3_1,True,600,650,UNKNOWN,3,3,2,1.102326,1.084104,1.845597,0,0,113,113,113,,,888.4,888.4,0,0.3,0,0,low,LOWER_ROUTE_LOAD_EVIDENCE,guidepost|road,0,1,0,0,0,1,0,23.1,94,0,4.8,14.7,6,HIGH_HUMIDITY_CONTEXT|NO_RAIN_CONTEXT|WIND_GUST_OBSERVED_CONTEXT|STRONG_GUST_CONTEXT|HIGH_UV_CONTEXT,True,1,0,0,1,SLOPE_REVIEW_PRESENT|ROUTE_PHASE_UNKNOWN,"Descriptive route-load, behavior, proximity exposure, and weather evidence only; no ability or risk scoring."
ib3_personal_hiking_features_route_load_comparison_smoke_v1,3_1,qixing_lengshuikeng_3_1,True,700,750,UNKNOWN,6,6,4323,0.607538,0.45688,0.718524,0,0.166667,159,160.75,161,,,897.273,897.288,0.015,0.3,0,0,low,LOWER_ROUTE_LOAD_EVIDENCE,peak|road|shelter,0,0,1,0,0,1,0,23.1,94,0,4.8,14.7,6,HIGH_HUMIDITY_CONTEXT|NO_RAIN_CONTEXT|WIND_GUST_OBSERVED_CONTEXT|STRONG_GUST_CONTEXT|HIGH_UV_CONTEXT,True,1,0,0,1,SLOPE_REVIEW_PRESENT|ROUTE_PHASE_UNKNOWN,"Descriptive route-load, behavior, proximity exposure, and weather evidence only; no ability or risk scoring."
ib3_personal_hiking_features_route_load_comparison_smoke_v1,3_1,qixing_lengshuikeng_3_1,True,800,850,UNKNOWN,35,35,4167,1.144218,1.010908,1.284982,0,0.057143,115,117,119.6,,,885.098,886.824,1.726,0.3,0,0,low,LOWER_ROUTE_LOAD_EVIDENCE,guidepost|road,0,1,0,0,0,1,0,23.1,94,0,4.8,14.7,6,HIGH_HUMIDITY_CONTEXT|NO_RAIN_CONTEXT|WIND_GUST_OBSERVED_CONTEXT|STRONG_GUST_CONTEXT|HIGH_UV_CONTEXT,True,1,0,0,1,SLOPE_REVIEW_PRESENT|ROUTE_PHASE_UNKNOWN,"Descriptive route-load, behavior, proximity exposure, and weather evidence only; no ability or risk scoring."
ib3_personal_hiking_features_route_load_comparison_smoke_v1,3_1,qixing_lengshuikeng_3_1,True,850,900,UNKNOWN,39,39,4088,1.2122,1.094879,1.403538,0,0,122,124,128,9.449,9.449,886.376,888.737,2.361,0.5,0,0,low,MODERATE_ROUTE_LOAD_EVIDENCE,guidepost|road,0,0.589744,0,0,0,1,0,23.1,94,0,4.8,14.7,6,HIGH_HUMIDITY_CONTEXT|NO_RAIN_CONTEXT|WIND_GUST_OBSERVED_CONTEXT|STRONG_GUST_CONTEXT|HIGH_UV_CONTEXT,True,1,0,0,0.974359,SLOPE_REVIEW_PRESENT|ROUTE_PHASE_UNKNOWN,"Descriptive route-load, behavior, proximity exposure, and weather evidence only; no ability or risk scoring."
ib3_personal_hiking_features_route_load_comparison_smoke_v1,3_1,qixing_lengshuikeng_3_1,True,900,950,UNKNOWN,32,32,4017,0.914518,0.733222,1.374752,0,0,112,117,117,,,890.541,892.585,2.044,0.4,0,0,low,LOWER_ROUTE_LOAD_EVIDENCE,road,0,0,0,0,0,1,0,23.1,94,0,4.8,14.7,6,HIGH_HUMIDITY_CONTEXT|NO_RAIN_CONTEXT|WIND_GUST_OBSERVED_CONTEXT|STRONG_GUST_CONTEXT|HIGH_UV_CONTEXT,True,1,0,0,1,SLOPE_REVIEW_PRESENT|ROUTE_PHASE_UNKNOWN,"Descriptive route-load, behavior, proximity exposure, and weather evidence only; no ability or risk scoring."
ib3_personal_hiking_features_route_load_comparison_smoke_v1,3_1,qixing_lengshuikeng_3_1,True,950,1000,UNKNOWN,48,48,3938,0.877832,0.719579,1.031761,0,0.104167,107.5,113.5,124,-12.129,12.129,890.615,894.976,4.361,0.5,0,0,low,MODERATE_ROUTE_LOAD_EVIDENCE,road,0,0,0,0,0,1,0,23.1,94,0,4.8,14.7,6,HIGH_HUMIDITY_CONTEXT|NO_RAIN_CONTEXT|WIND_GUST_OBSERVED_CONTEXT|STRONG_GUST_CONTEXT|HIGH_UV_CONTEXT,True,1,0,0.041667,0.979167,MOVEMENT_REVIEW_PRESENT|SLOPE_REVIEW_PRESENT|ROUTE_PHASE_UNKNOWN,"Descriptive route-load, behavior, proximity exposure, and weather evidence only; no ability or risk scoring."
ib3_personal_hiking_features_route_load_comparison_smoke_v1,3_1,qixing_lengshuikeng_3_1,True,1000,1050,UNKNOWN,51,51,3831,0.813841,0.681556,0.957515,0,0.019608,107,129,130,,,895.346,905.58,10.234,0.5,0,0,low,LOWER_ROUTE_LOAD_EVIDENCE,road,0,0,0,0,0,1,0,23.1,94,0,4.8,14.7,6,HIGH_HUMIDITY_CONTEXT|NO_RAIN_CONTEXT|WIND_GUST_OBSERVED_CONTEXT|STRONG_GUST_CONTEXT|HIGH_UV_CONTEXT,True,1,0,0,1,SLOPE_REVIEW_PRESENT|ROUTE_PHASE_UNKNOWN,"Descriptive route-load, behavior, proximity exposure, and weather evidence only; no ability or risk scoring."
ib3_personal_hiking_features_route_load_comparison_smoke_v1,3_1,qixing_lengshuikeng_3_1,True,1050,1100,UNKNOWN,71,71,3721,0.701546,0.491645,0.845807,0,0.126761,131,135,137,45.706,45.706,905.873,917.517,11.644,0.5,0,0,low,HIGH_ROUTE_LOAD_EVIDENCE,road,0,0,0,0,0,1,0,23.1,94,0,4.8,14.7,6,HIGH_HUMIDITY_CONTEXT|NO_RAIN_CONTEXT|WIND_GUST_OBSERVED_CONTEXT|STRONG_GUST_CONTEXT|HIGH_UV_CONTEXT,True,1,0,0.056338,0.985915,MOVEMENT_REVIEW_PRESENT|SLOPE_REVIEW_PRESENT|ROUTE_PHASE_UNKNOWN,"Descriptive route-load, behavior, proximity exposure, and weather evidence only; no ability or risk scoring."
ib3_personal_hiking_features_route_load_comparison_smoke_v1,3_1,qixing_lengshuikeng_3_1,True,1100,1150,UNKNOWN,47,47,3589,1.129718,0.995576,1.236682,0,0,111,138,142,,,917.6,918.922,1.322,0.5,0,0,low,LOWER_ROUTE_LOAD_EVIDENCE,road,0,0,0,0,0,1,0,23.1,94,0,4.8,14.7,6,HIGH_HUMIDITY_CONTEXT|NO_RAIN_CONTEXT|WIND_GUST_OBSERVED_CONTEXT|STRONG_GUST_CONTEXT|HIGH_UV_CONTEXT,True,1,0,0,1,SLOPE_REVIEW_PRESENT|ROUTE_PHASE_UNKNOWN,"Descriptive route-load, behavior, proximity exposure, and weather evidence only; no ability or risk scoring."
ib3_personal_hiking_features_route_load_comparison_smoke_v1,3_1,qixing_lengshuikeng_3_1,True,1150,1200,UNKNOWN,44,44,3497,0.895757,0.705712,1.147335,0,0.068182,124,132,133,,,918.981,927.878,8.897,0.5,0,0,low,LOWER_ROUTE_LOAD_EVIDENCE,road|steps,0.113636,0,0,0,0,1,0,23.1,94,0,4.8,14.7,6,HIGH_HUMIDITY_CONTEXT|NO_RAIN_CONTEXT|WIND_GUST_OBSERVED_CONTEXT|STRONG_GUST_CONTEXT|HIGH_UV_CONTEXT,True,1,0,0.022727,1,MOVEMENT_REVIEW_PRESENT|SLOPE_REVIEW_PRESENT|ROUTE_PHASE_UNKNOWN,"Descriptive route-load, behavior, proximity exposure, and weather evidence only; no ability or risk scoring."
ib3_personal_hiking_features_route_load_comparison_smoke_v1,3_1,qixing_lengshuikeng_3_1,True,1200,1250,UNKNOWN,68,68,3394,0.629411,0.525632,0.793528,0,0.058824,112.5,146,147.9,,,928.102,938.771,10.669,0.5,0.45,0,moderate,MODERATE_ROUTE_LOAD_EVIDENCE,road|steps,1,0,0,0,0,1,0,23.1,94,0,4.8,14.7,6,HIGH_HUMIDITY_CONTEXT|NO_RAIN_CONTEXT|WIND_GUST_OBSERVED_CONTEXT|STRONG_GUST_CONTEXT|HIGH_UV_CONTEXT,True,1,0,0,1,SLOPE_REVIEW_PRESENT|ROUTE_PHASE_UNKNOWN,"Descriptive route-load, behavior, proximity exposure, and weather evidence only; no ability or risk scoring."
ib3_personal_hiking_features_route_load_comparison_smoke_v1,3_1,qixing_lengshuikeng_3_1,True,1250,1300,UNKNOWN,51,51,3255,0.702273,0.524957,0.91578,0,0.098039,110,137,141,,,938.898,948.102,9.204,0.5,0.45,0,moderate,MODERATE_ROUTE_LOAD_EVIDENCE,road|steps,0.843137,0,0,0,0,1,0,23.1,94,0,4.8,14.7,6,HIGH_HUMIDITY_CONTEXT|NO_RAIN_CONTEXT|WIND_GUST_OBSERVED_CONTEXT|STRONG_GUST_CONTEXT|HIGH_UV_CONTEXT,True,1,0,0.019608,1,MOVEMENT_REVIEW_PRESENT|SLOPE_REVIEW_PRESENT|ROUTE_PHASE_UNKNOWN,"Descriptive route-load, behavior, proximity exposure, and weather evidence only; no ability or risk scoring."
ib3_personal_hiking_features_route_load_comparison_smoke_v1,3_1,qixing_lengshuikeng_3_1,True,1300,1350,UNKNOWN,66,66,3136,0.710344,0.534334,0.900593,0,0.090909,109.5,134.75,138.5,,,948.234,957.468,9.234,0.5,0,0,low,LOWER_ROUTE_LOAD_EVIDENCE,road|steps,0.439394,0,0,0,0,1,0,23.1,94,0,4.8,14.7,6,HIGH_HUMIDITY_CONTEXT|NO_RAIN_CONTEXT|WIND_GUST_OBSERVED_CONTEXT|STRONG_GUST_CONTEXT|HIGH_UV_CONTEXT,True,1,0,0.045455,1,MOVEMENT_REVIEW_PRESENT|SLOPE_REVIEW_PRESENT|ROUTE_PHASE_UNKNOWN,"Descriptive route-load, behavior, proximity exposure, and weather evidence only; no ability or risk scoring."
ib3_personal_hiking_features_route_load_comparison_smoke_v1,3_1,qixing_lengshuikeng_3_1,True,1350,1400,UNKNOWN,117,117,2997,0.285087,0.134292,0.498213,0,0.589744,110,145,153,,,957.805,979.859,22.054,0.7,0.45,0,moderate,MODERATE_ROUTE_LOAD_EVIDENCE,road|steps,1,0,0,0,0,1,0,23.1,94,0,4.8,14.7,6,HIGH_HUMIDITY_CONTEXT|NO_RAIN_CONTEXT|WIND_GUST_OBSERVED_CONTEXT|STRONG_GUST_CONTEXT|HIGH_UV_CONTEXT,True,1,0,0.222222,1,MOVEMENT_REVIEW_PRESENT|SLOPE_REVIEW_PRESENT|ROUTE_PHASE_UNKNOWN,"Descriptive route-load, behavior, proximity exposure, and weather evidence only; no ability or risk scoring."
ib3_personal_hiking_features_route_load_comparison_smoke_v1,3_1,qixing_lengshuikeng_3_1,True,1400,1450,UNKNOWN,114,114,2759,0.414047,0.084109,0.573105,0,0.412281,150,156,159,74.22,79.464,980.302,1002.2,21.898,0.7,0.45,0,moderate,HIGH_ROUTE_LOAD_EVIDENCE,road|steps,1,0,0,0,0,1,0,23.1,94,0,4.8,14.7,6,HIGH_HUMIDITY_CONTEXT|NO_RAIN_CONTEXT|WIND_GUST_OBSERVED_CONTEXT|STRONG_GUST_CONTEXT|HIGH_UV_CONTEXT,True,1,0,0.27193,0.973684,MOVEMENT_REVIEW_PRESENT|SLOPE_REVIEW_PRESENT|ROUTE_PHASE_UNKNOWN,"Descriptive route-load, behavior, proximity exposure, and weather evidence only; no ability or risk scoring."
ib3_personal_hiking_features_route_load_comparison_smoke_v1,3_1,qixing_lengshuikeng_3_1,True,1450,1500,UNKNOWN,95,95,2572,0.413609,0.240647,0.636031,0,0.389474,158,161,167.2,-46.2085,50.32875,1002.6,1021.083,18.483,0.7,0.45,0,moderate,HIGH_ROUTE_LOAD_EVIDENCE,road|steps,1,0,0,0,0,1,0,23.1,94,0,4.8,14.7,6,HIGH_HUMIDITY_CONTEXT|NO_RAIN_CONTEXT|WIND_GUST_OBSERVED_CONTEXT|STRONG_GUST_CONTEXT|HIGH_UV_CONTEXT,True,1,0,0.073684,0.978947,MOVEMENT_REVIEW_PRESENT|SLOPE_REVIEW_PRESENT|ROUTE_PHASE_UNKNOWN,"Descriptive route-load, behavior, proximity exposure, and weather evidence only; no ability or risk scoring."
ib3_personal_hiking_features_route_load_comparison_smoke_v1,3_1,qixing_lengshuikeng_3_1,True,1500,1550,UNKNOWN,91,91,2382,0.342704,0.191338,0.523646,0,0.505495,109,163,165,79.922,79.922,1021.585,1045.346,23.761,0.7,0.45,0,moderate,HIGH_ROUTE_LOAD_EVIDENCE,road|steps,1,0,0,0,0,1,0,23.1,94,0,4.8,14.7,6,HIGH_HUMIDITY_CONTEXT|NO_RAIN_CONTEXT|WIND_GUST_OBSERVED_CONTEXT|STRONG_GUST_CONTEXT|HIGH_UV_CONTEXT,True,1,0,0.142857,0.989011,MOVEMENT_REVIEW_PRESENT|SLOPE_REVIEW_PRESENT|ROUTE_PHASE_UNKNOWN,"Descriptive route-load, behavior, proximity exposure, and weather evidence only; no ability or risk scoring."
ib3_personal_hiking_features_route_load_comparison_smoke_v1,3_1,qixing_lengshuikeng_3_1,True,1550,1600,UNKNOWN,77,77,2183,0.313713,0.116711,0.531685,0,0.545455,111,160,164,-67.0455,69.36725,1048.107,1061.854,13.747,0.7,0.45,0,moderate,HIGH_ROUTE_LOAD_EVIDENCE,road|steps,1,0,0,0,0,1,0,23.1,94,0,4.8,14.7,6,HIGH_HUMIDITY_CONTEXT|NO_RAIN_CONTEXT|WIND_GUST_OBSERVED_CONTEXT|STRONG_GUST_CONTEXT|HIGH_UV_CONTEXT,True,1,0,0.38961,0.974026,MOVEMENT_REVIEW_PRESENT|SLOPE_REVIEW_PRESENT|ROUTE_PHASE_UNKNOWN,"Descriptive route-load, behavior, proximity exposure, and weather evidence only; no ability or risk scoring."
ib3_personal_hiking_features_route_load_comparison_smoke_v1,3_1,qixing_lengshuikeng_3_1,True,1600,1650,UNKNOWN,127,127,2076,0.286505,0.037429,0.56577,0.173228,0.393701,113,162,164.4,-40.637,40.637,1062.278,1078.907,16.629,0.7,0.45,0,moderate,HIGH_ROUTE_LOAD_EVIDENCE,road|steps,1,0,0,0,0,1,0,23.1,94,0,4.8,14.7,6,HIGH_HUMIDITY_CONTEXT|NO_RAIN_CONTEXT|WIND_GUST_OBSERVED_CONTEXT|STRONG_GUST_CONTEXT|HIGH_UV_CONTEXT,True,1,0,0.110236,0.992126,MOVEMENT_REVIEW_PRESENT|SLOPE_REVIEW_PRESENT|ROUTE_PHASE_UNKNOWN,"Descriptive route-load, behavior, proximity exposure, and weather evidence only; no ability or risk scoring."
ib3_personal_hiking_features_route_load_comparison_smoke_v1,3_1,qixing_lengshuikeng_3_1,True,1650,1700,UNKNOWN,68,68,1775,0.799946,0.581616,1.019232,0,0.147059,129,152.25,164,-0.892,7.261,1079.112,1084.083,4.971,0.5,0.45,0,moderate,MODERATE_ROUTE_LOAD_EVIDENCE,road|steps,0.720588,0,0,0,0,1,0,23.1,94,0,4.8,14.7,6,HIGH_HUMIDITY_CONTEXT|NO_RAIN_CONTEXT|WIND_GUST_OBSERVED_CONTEXT|STRONG_GUST_CONTEXT|HIGH_UV_CONTEXT,True,1,0,0.044118,0.955882,MOVEMENT_REVIEW_PRESENT|SLOPE_REVIEW_PRESENT|ROUTE_PHASE_UNKNOWN,"Descriptive route-load, behavior, proximity exposure, and weather evidence only; no ability or risk scoring."
ib3_personal_hiking_features_route_load_comparison_smoke_v1,3_1,qixing_lengshuikeng_3_1,True,1700,1750,UNKNOWN,74,74,1639,0.788951,0.429616,1.031796,0,0.202703,128.5,135.75,138,,,1084.298,1093.62,9.322,0.3,0,0,low,LOWER_ROUTE_LOAD_EVIDENCE,road|steps,0.459459,0,0,0,0,1,0,23.1,94,0,4.8,14.7,6,HIGH_HUMIDITY_CONTEXT|NO_RAIN_CONTEXT|WIND_GUST_OBSERVED_CONTEXT|STRONG_GUST_CONTEXT|HIGH_UV_CONTEXT,True,1,0,0.094595,1,MOVEMENT_REVIEW_PRESENT|SLOPE_REVIEW_PRESENT|ROUTE_PHASE_UNKNOWN,"Descriptive route-load, behavior, proximity exposure, and weather evidence only; no ability or risk scoring."
ib3_personal_hiking_features_route_load_comparison_smoke_v1,3_1,qixing_lengshuikeng_3_1,True,1750,1800,UNKNOWN,90,90,1503,0.212628,0,0.662,0,0.566667,132,136.75,142.1,-27.268,27.268,1093.776,1100.21,6.434,0.3,0.45,0,low,HIGH_ROUTE_LOAD_EVIDENCE,guidepost|peak|road|steps,0.855556,0.833333,0,0,0,1,0,23.1,94,0,4.8,14.7,6,HIGH_HUMIDITY_CONTEXT|NO_RAIN_CONTEXT|WIND_GUST_OBSERVED_CONTEXT|STRONG_GUST_CONTEXT|HIGH_UV_CONTEXT,True,1,0,0.411111,0.988889,MOVEMENT_REVIEW_PRESENT|SLOPE_REVIEW_PRESENT|ROUTE_PHASE_UNKNOWN,"Descriptive route-load, behavior, proximity exposure, and weather evidence only; no ability or risk scoring."
ib3_personal_hiking_features_route_load_comparison_smoke_v1,3_1,qixing_lengshuikeng_3_1,True,1800,1850,UNKNOWN,133,133,1349,0.324198,0.173817,0.531971,0,0.541353,144,155,165.8,-8.724,8.724,1086.951,1101.063,14.112,0.5,0.45,0,moderate,MODERATE_ROUTE_LOAD_EVIDENCE,guidepost|peak|road|steps,0.819549,0.789474,0,0,0,1,0,23.1,94,0,4.8,14.7,6,HIGH_HUMIDITY_CONTEXT|NO_RAIN_CONTEXT|WIND_GUST_OBSERVED_CONTEXT|STRONG_GUST_CONTEXT|HIGH_UV_CONTEXT,True,1,0,0.12782,0.992481,MOVEMENT_REVIEW_PRESENT|SLOPE_REVIEW_PRESENT|ROUTE_PHASE_UNKNOWN,"Descriptive route-load, behavior, proximity exposure, and weather evidence only; no ability or risk scoring."
ib3_personal_hiking_features_route_load_comparison_smoke_v1,3_1,qixing_lengshuikeng_3_1,True,1850,1900,UNKNOWN,102,102,1058,0.453425,0.27529,0.627557,0,0.343137,122,136.75,143,,,1070.015,1086.478,16.463,0.7,0.45,0,moderate,MODERATE_ROUTE_LOAD_EVIDENCE,road|steps,1,0,0,0,0,1,0,23.1,94,0,4.8,14.7,6,HIGH_HUMIDITY_CONTEXT|NO_RAIN_CONTEXT|WIND_GUST_OBSERVED_CONTEXT|STRONG_GUST_CONTEXT|HIGH_UV_CONTEXT,True,1,0,0.088235,1,MOVEMENT_REVIEW_PRESENT|SLOPE_REVIEW_PRESENT|ROUTE_PHASE_UNKNOWN,"Descriptive route-load, behavior, proximity exposure, and weather evidence only; no ability or risk scoring."
ib3_personal_hiking_features_route_load_comparison_smoke_v1,3_1,qixing_lengshuikeng_3_1,True,1900,1950,UNKNOWN,62,62,841,0.772254,0.623694,1.013867,0,0.048387,113,114,117,,,1068.356,1071.044,2.688,0.5,0.45,0,moderate,MODERATE_ROUTE_LOAD_EVIDENCE,guidepost|road|steps,0.806452,0.596774,0,0,0,1,0,23.1,94,0,4.8,14.7,6,HIGH_HUMIDITY_CONTEXT|NO_RAIN_CONTEXT|WIND_GUST_OBSERVED_CONTEXT|STRONG_GUST_CONTEXT|HIGH_UV_CONTEXT,True,1,0,0.016129,1,MOVEMENT_REVIEW_PRESENT|SLOPE_REVIEW_PRESENT|ROUTE_PHASE_UNKNOWN,"Descriptive route-load, behavior, proximity exposure, and weather evidence only; no ability or risk scoring."
ib3_personal_hiking_features_route_load_comparison_smoke_v1,3_1,qixing_lengshuikeng_3_1,True,1950,2000,UNKNOWN,79,79,716,0.582378,0.401913,0.701405,0,0.202532,125,149.5,154.2,,,1071.395,1087.434,16.039,0.5,0.45,0,moderate,MODERATE_ROUTE_LOAD_EVIDENCE,guidepost|road|steps,1,0.316456,0,0,0,1,0,23.1,94,0,4.8,14.7,6,HIGH_HUMIDITY_CONTEXT|NO_RAIN_CONTEXT|WIND_GUST_OBSERVED_CONTEXT|STRONG_GUST_CONTEXT|HIGH_UV_CONTEXT,True,1,0,0.012658,1,MOVEMENT_REVIEW_PRESENT|SLOPE_REVIEW_PRESENT|ROUTE_PHASE_UNKNOWN,"Descriptive route-load, behavior, proximity exposure, and weather evidence only; no ability or risk scoring."
ib3_personal_hiking_features_route_load_comparison_smoke_v1,3_1,qixing_lengshuikeng_3_1,True,2000,2050,UNKNOWN,87,87,554,0.609474,0.461472,0.719968,0,0.114943,115,156,158,,,1087.81,1102.81,15,0.5,0.45,0,moderate,MODERATE_ROUTE_LOAD_EVIDENCE,road|steps,1,0,0,0,0,1,0,23.1,94,0,4.8,14.7,6,HIGH_HUMIDITY_CONTEXT|NO_RAIN_CONTEXT|WIND_GUST_OBSERVED_CONTEXT|STRONG_GUST_CONTEXT|HIGH_UV_CONTEXT,True,1,0,0,1,SLOPE_REVIEW_PRESENT|ROUTE_PHASE_UNKNOWN,"Descriptive route-load, behavior, proximity exposure, and weather evidence only; no ability or risk scoring."
ib3_personal_hiking_features_route_load_comparison_smoke_v1,3_1,qixing_lengshuikeng_3_1,True,2050,2100,UNKNOWN,276,276,385,0,0,0.418056,0.547101,0.17029,117,136,155,4.106,4.1305,1103.063,1110.99,7.927,0.3,0.45,0,low,MODERATE_ROUTE_LOAD_EVIDENCE,guidepost|peak|road|steps,1,0.822464,0,0,0,1,0,23.1,94,0,4.8,14.7,6,HIGH_HUMIDITY_CONTEXT|NO_RAIN_CONTEXT|WIND_GUST_OBSERVED_CONTEXT|STRONG_GUST_CONTEXT|HIGH_UV_CONTEXT,True,1,0,0.09058,0.98913,MOVEMENT_REVIEW_PRESENT|SLOPE_REVIEW_PRESENT|ROUTE_PHASE_UNKNOWN,"Descriptive route-load, behavior, proximity exposure, and weather evidence only; no ability or risk scoring."
ib3_personal_hiking_features_route_load_comparison_smoke_v1,3_1,qixing_lengshuikeng_3_1,True,2100,2150,UNKNOWN,121,121,405,0.510274,0.300018,0.683589,0,0.297521,118,157,159,-4.14,4.20075,1101.405,1110.873,9.468,0.3,0.45,0,low,MODERATE_ROUTE_LOAD_EVIDENCE,guidepost|peak|road|steps,1,0.46281,0,0,0,1,0,23.1,94,0,4.8,14.7,6,HIGH_HUMIDITY_CONTEXT|NO_RAIN_CONTEXT|WIND_GUST_OBSERVED_CONTEXT|STRONG_GUST_CONTEXT|HIGH_UV_CONTEXT,True,1,0,0.165289,0.966942,MOVEMENT_REVIEW_PRESENT|SLOPE_REVIEW_PRESENT|ROUTE_PHASE_UNKNOWN,"Descriptive route-load, behavior, proximity exposure, and weather evidence only; no ability or risk scoring."
ib3_personal_hiking_features_route_load_comparison_smoke_v1,3_1,qixing_lengshuikeng_3_1,True,2150,2200,UNKNOWN,84,84,577,0.532046,0.31669,0.712147,0,0.285714,115,156,158,,,1085.541,1101.107,15.566,0.5,0.45,0,moderate,MODERATE_ROUTE_LOAD_EVIDENCE,road|steps,1,0,0,0,0,1,0,23.1,94,0,4.8,14.7,6,HIGH_HUMIDITY_CONTEXT|NO_RAIN_CONTEXT|WIND_GUST_OBSERVED_CONTEXT|STRONG_GUST_CONTEXT|HIGH_UV_CONTEXT,True,1,0,0.083333,1,MOVEMENT_REVIEW_PRESENT|SLOPE_REVIEW_PRESENT|ROUTE_PHASE_UNKNOWN,"Descriptive route-load, behavior, proximity exposure, and weather evidence only; no ability or risk scoring."
ib3_personal_hiking_features_route_load_comparison_smoke_v1,3_1,qixing_lengshuikeng_3_1,True,2200,2250,UNKNOWN,85,85,738,0.607766,0.456398,0.741627,0,0.082353,116,135,149.6,,,1070.239,1085.161,14.922,0.5,0.45,0,moderate,MODERATE_ROUTE_LOAD_EVIDENCE,guidepost|road|steps,1,0.505882,0,0,0,1,0,23.1,94,0,4.8,14.7,6,HIGH_HUMIDITY_CONTEXT|NO_RAIN_CONTEXT|WIND_GUST_OBSERVED_CONTEXT|STRONG_GUST_CONTEXT|HIGH_UV_CONTEXT,True,1,0,0.011765,1,MOVEMENT_REVIEW_PRESENT|SLOPE_REVIEW_PRESENT|ROUTE_PHASE_UNKNOWN,"Descriptive route-load, behavior, proximity exposure, and weather evidence only; no ability or risk scoring."
ib3_personal_hiking_features_route_load_comparison_smoke_v1,3_1,qixing_lengshuikeng_3_1,True,2250,2300,UNKNOWN,59,59,862,0.799267,0.574552,1.015632,0,0.084746,113,114,116.2,,,1068.322,1070.907,2.585,0.5,0.45,0,moderate,MODERATE_ROUTE_LOAD_EVIDENCE,guidepost|road|steps,0.762712,0.457627,0,0,0,1,0,23.1,94,0,4.8,14.7,6,HIGH_HUMIDITY_CONTEXT|NO_RAIN_CONTEXT|WIND_GUST_OBSERVED_CONTEXT|STRONG_GUST_CONTEXT|HIGH_UV_CONTEXT,True,1,0,0,1,SLOPE_REVIEW_PRESENT|ROUTE_PHASE_UNKNOWN,"Descriptive route-load, behavior, proximity exposure, and weather evidence only; no ability or risk scoring."
ib3_personal_hiking_features_route_load_comparison_smoke_v1,3_1,qixing_lengshuikeng_3_1,True,2300,2350,UNKNOWN,117,117,1083,0.438236,0.248638,0.584569,0,0.376068,122,137,142,,,1071.107,1089.332,18.225,0.7,0.45,0,moderate,MODERATE_ROUTE_LOAD_EVIDENCE,road|steps,1,0,0,0,0,1,0,23.1,94,0,4.8,14.7,6,HIGH_HUMIDITY_CONTEXT|NO_RAIN_CONTEXT|WIND_GUST_OBSERVED_CONTEXT|STRONG_GUST_CONTEXT|HIGH_UV_CONTEXT,True,1,0,0.076923,1,MOVEMENT_REVIEW_PRESENT|SLOPE_REVIEW_PRESENT|ROUTE_PHASE_UNKNOWN,"Descriptive route-load, behavior, proximity exposure, and weather evidence only; no ability or risk scoring."
ib3_personal_hiking_features_route_load_comparison_smoke_v1,3_1,qixing_lengshuikeng_3_1,True,2350,2400,UNKNOWN,155,155,1376,0.217166,0.089688,0.435527,0,0.683871,144,156,166,-17.788,17.788,1089.785,1101.063,11.278,0.5,0.45,0,moderate,HIGH_ROUTE_LOAD_EVIDENCE,guidepost|peak|road|steps,0.870968,0.909677,0,0,0,1,0,23.1,94,0,4.8,14.7,6,HIGH_HUMIDITY_CONTEXT|NO_RAIN_CONTEXT|WIND_GUST_OBSERVED_CONTEXT|STRONG_GUST_CONTEXT|HIGH_UV_CONTEXT,True,1,0,0.270968,0.993548,MOVEMENT_REVIEW_PRESENT|SLOPE_REVIEW_PRESENT|ROUTE_PHASE_UNKNOWN,"Descriptive route-load, behavior, proximity exposure, and weather evidence only; no ability or risk scoring."
ib3_personal_hiking_features_route_load_comparison_smoke_v1,3_1,qixing_lengshuikeng_3_1,True,2400,2450,UNKNOWN,59,59,1510,0.752777,0.328859,1.132396,0,0.288136,130,136,145,-30.942,30.942,1093.62,1099.146,5.526,0.3,0.45,0,low,HIGH_ROUTE_LOAD_EVIDENCE,guidepost|peak|road|steps,0.610169,0.576271,0,0,0,1,0,23.1,94,0,4.8,14.7,6,HIGH_HUMIDITY_CONTEXT|NO_RAIN_CONTEXT|WIND_GUST_OBSERVED_CONTEXT|STRONG_GUST_CONTEXT|HIGH_UV_CONTEXT,True,1,0,0.101695,0.983051,MOVEMENT_REVIEW_PRESENT|SLOPE_REVIEW_PRESENT|ROUTE_PHASE_UNKNOWN,"Descriptive route-load, behavior, proximity exposure, and weather evidence only; no ability or risk scoring."
ib3_personal_hiking_features_route_load_comparison_smoke_v1,3_1,qixing_lengshuikeng_3_1,True,2450,2500,UNKNOWN,63,63,1649,0.812625,0.575063,1.170664,0,0.111111,126,134.5,137,,,1083.107,1092.902,9.795,0.3,0,0,low,LOWER_ROUTE_LOAD_EVIDENCE,road|steps,0.396825,0,0,0,0,1,0,23.1,94,0,4.8,14.7,6,HIGH_HUMIDITY_CONTEXT|NO_RAIN_CONTEXT|WIND_GUST_OBSERVED_CONTEXT|STRONG_GUST_CONTEXT|HIGH_UV_CONTEXT,True,1,0,0.015873,1,MOVEMENT_REVIEW_PRESENT|SLOPE_REVIEW_PRESENT|ROUTE_PHASE_UNKNOWN,"Descriptive route-load, behavior, proximity exposure, and weather evidence only; no ability or risk scoring."
ib3_personal_hiking_features_route_load_comparison_smoke_v1,3_1,qixing_lengshuikeng_3_1,True,2500,2550,UNKNOWN,69,69,1790,0.570172,0.207638,0.699954,0,0.333333,123,159,163,,,1077.624,1082.961,5.337,0.7,0.45,0,moderate,MODERATE_ROUTE_LOAD_EVIDENCE,road|steps,0.942029,0,0,0,0,1,0,23.1,94,0,4.8,14.7,6,HIGH_HUMIDITY_CONTEXT|NO_RAIN_CONTEXT|WIND_GUST_OBSERVED_CONTEXT|STRONG_GUST_CONTEXT|HIGH_UV_CONTEXT,True,1,0,0.173913,1,MOVEMENT_REVIEW_PRESENT|SLOPE_REVIEW_PRESENT|ROUTE_PHASE_UNKNOWN,"Descriptive route-load, behavior, proximity exposure, and weather evidence only; no ability or risk scoring."
ib3_personal_hiking_features_route_load_comparison_smoke_v1,3_1,qixing_lengshuikeng_3_1,True,2550,2600,UNKNOWN,131,131,2078,0.300705,0.072612,0.575542,0,0.541985,114,162,165,-33.887,33.887,1060.61,1077.351,16.741,0.7,0.45,0,moderate,HIGH_ROUTE_LOAD_EVIDENCE,road|steps,1,0,0,0,0,1,0,23.1,94,0,4.8,14.7,6,HIGH_HUMIDITY_CONTEXT|NO_RAIN_CONTEXT|WIND_GUST_OBSERVED_CONTEXT|STRONG_GUST_CONTEXT|HIGH_UV_CONTEXT,True,1,0,0.29771,0.992366,MOVEMENT_REVIEW_PRESENT|SLOPE_REVIEW_PRESENT|ROUTE_PHASE_UNKNOWN,"Descriptive route-load, behavior, proximity exposure, and weather evidence only; no ability or risk scoring."
ib3_personal_hiking_features_route_load_comparison_smoke_v1,3_1,qixing_lengshuikeng_3_1,True,2600,2650,UNKNOWN,76,76,2201,0.346678,0.170161,0.596052,0,0.5,109.5,161,164,-99.426,99.426,1043.888,1058.576,14.688,0.7,0.45,0,moderate,HIGH_ROUTE_LOAD_EVIDENCE,road|steps,1,0,0,0,0,1,0,23.1,94,0,4.8,14.7,6,HIGH_HUMIDITY_CONTEXT|NO_RAIN_CONTEXT|WIND_GUST_OBSERVED_CONTEXT|STRONG_GUST_CONTEXT|HIGH_UV_CONTEXT,True,1,0,0.355263,0.986842,MOVEMENT_REVIEW_PRESENT|SLOPE_REVIEW_PRESENT|ROUTE_PHASE_UNKNOWN,"Descriptive route-load, behavior, proximity exposure, and weather evidence only; no ability or risk scoring."
ib3_personal_hiking_features_route_load_comparison_smoke_v1,3_1,qixing_lengshuikeng_3_1,True,2650,2700,UNKNOWN,113,113,2415,0.324373,0.158223,0.523592,0,0.557522,111,163,164,-12.8275,93.83125,1018.927,1042.019,23.092,0.7,0.45,0,moderate,HIGH_ROUTE_LOAD_EVIDENCE,road|steps,1,0,0,0,0,1,0,23.1,94,0,4.8,14.7,6,HIGH_HUMIDITY_CONTEXT|NO_RAIN_CONTEXT|WIND_GUST_OBSERVED_CONTEXT|STRONG_GUST_CONTEXT|HIGH_UV_CONTEXT,True,1,0,0.19469,0.982301,MOVEMENT_REVIEW_PRESENT|SLOPE_REVIEW_PRESENT|ROUTE_PHASE_UNKNOWN,"Descriptive route-load, behavior, proximity exposure, and weather evidence only; no ability or risk scoring."
ib3_personal_hiking_features_route_load_comparison_smoke_v1,3_1,qixing_lengshuikeng_3_1,True,2700,2750,UNKNOWN,86,86,2585,0.452668,0.323449,0.66761,0,0.27907,136.5,162,168,,,1000.829,1018.141,17.312,0.7,0.45,0,moderate,MODERATE_ROUTE_LOAD_EVIDENCE,road|steps,1,0,0,0,0,1,0,23.1,94,0,4.8,14.7,6,HIGH_HUMIDITY_CONTEXT|NO_RAIN_CONTEXT|WIND_GUST_OBSERVED_CONTEXT|STRONG_GUST_CONTEXT|HIGH_UV_CONTEXT,True,1,0,0.034884,1,MOVEMENT_REVIEW_PRESENT|SLOPE_REVIEW_PRESENT|ROUTE_PHASE_UNKNOWN,"Descriptive route-load, behavior, proximity exposure, and weather evidence only; no ability or risk scoring."
ib3_personal_hiking_features_route_load_comparison_smoke_v1,3_1,qixing_lengshuikeng_3_1,True,2750,2800,UNKNOWN,80,80,2782,0.454727,0.257764,0.573492,0,0.35,109,152,158,,,977.512,998.629,21.117,0.7,0.45,0,moderate,MODERATE_ROUTE_LOAD_EVIDENCE,road|steps,1,0,0,0,0,1,0,23.1,94,0,4.8,14.7,6,HIGH_HUMIDITY_CONTEXT|NO_RAIN_CONTEXT|WIND_GUST_OBSERVED_CONTEXT|STRONG_GUST_CONTEXT|HIGH_UV_CONTEXT,True,1,0,0.075,1,MOVEMENT_REVIEW_PRESENT|SLOPE_REVIEW_PRESENT|ROUTE_PHASE_UNKNOWN,"Descriptive route-load, behavior, proximity exposure, and weather evidence only; no ability or risk scoring."
ib3_personal_hiking_features_route_load_comparison_smoke_v1,3_1,qixing_lengshuikeng_3_1,True,2800,2850,UNKNOWN,118,118,3014,0.35575,0.192644,0.56198,0,0.474576,138,149,152,-8.2775,54.04525,955.951,977.039,21.088,0.7,0.45,0,moderate,HIGH_ROUTE_LOAD_EVIDENCE,road|steps,1,0,0,0,0,1,0,23.1,94,0,4.8,14.7,6,HIGH_HUMIDITY_CONTEXT|NO_RAIN_CONTEXT|WIND_GUST_OBSERVED_CONTEXT|STRONG_GUST_CONTEXT|HIGH_UV_CONTEXT,True,1,0,0.144068,0.983051,MOVEMENT_REVIEW_PRESENT|SLOPE_REVIEW_PRESENT|ROUTE_PHASE_UNKNOWN,"Descriptive route-load, behavior, proximity exposure, and weather evidence only; no ability or risk scoring."
ib3_personal_hiking_features_route_load_comparison_smoke_v1,3_1,qixing_lengshuikeng_3_1,True,2850,2900,UNKNOWN,66,66,3151,0.625687,0.382691,0.858821,0,0.212121,133,135,138,23.011,23.011,947.512,955.663,8.151,0.5,0,0,low,HIGH_ROUTE_LOAD_EVIDENCE,road|steps,0.393939,0,0,0,0,1,0,23.1,94,0,4.8,14.7,6,HIGH_HUMIDITY_CONTEXT|NO_RAIN_CONTEXT|WIND_GUST_OBSERVED_CONTEXT|STRONG_GUST_CONTEXT|HIGH_UV_CONTEXT,True,1,0,0.030303,0.984848,MOVEMENT_REVIEW_PRESENT|SLOPE_REVIEW_PRESENT|ROUTE_PHASE_UNKNOWN,"Descriptive route-load, behavior, proximity exposure, and weather evidence only; no ability or risk scoring."
ib3_personal_hiking_features_route_load_comparison_smoke_v1,3_1,qixing_lengshuikeng_3_1,True,2900,2950,UNKNOWN,73,73,3272,0.822254,0.61476,1.004783,0,0.041096,112,144,152,,,938.073,947.312,9.239,0.5,0.45,0,moderate,MODERATE_ROUTE_LOAD_EVIDENCE,road|steps,1,0,0,0,0,1,0,23.1,94,0,4.8,14.7,6,HIGH_HUMIDITY_CONTEXT|NO_RAIN_CONTEXT|WIND_GUST_OBSERVED_CONTEXT|STRONG_GUST_CONTEXT|HIGH_UV_CONTEXT,True,1,0,0.013699,1,MOVEMENT_REVIEW_PRESENT|SLOPE_REVIEW_PRESENT|ROUTE_PHASE_UNKNOWN,"Descriptive route-load, behavior, proximity exposure, and weather evidence only; no ability or risk scoring."
ib3_personal_hiking_features_route_load_comparison_smoke_v1,3_1,qixing_lengshuikeng_3_1,True,2950,3000,UNKNOWN,72,72,3410,0.64696,0.539142,0.808995,0,0.097222,112.5,144,146.9,23.781,23.781,926.429,937.932,11.503,0.5,0.45,0,moderate,HIGH_ROUTE_LOAD_EVIDENCE,road|steps,1,0,0,0,0,1,0,23.1,94,0,4.8,14.7,6,HIGH_HUMIDITY_CONTEXT|NO_RAIN_CONTEXT|WIND_GUST_OBSERVED_CONTEXT|STRONG_GUST_CONTEXT|HIGH_UV_CONTEXT,True,1,0,0.013889,0.986111,MOVEMENT_REVIEW_PRESENT|SLOPE_REVIEW_PRESENT|ROUTE_PHASE_UNKNOWN,"Descriptive route-load, behavior, proximity exposure, and weather evidence only; no ability or risk scoring."
ib3_personal_hiking_features_route_load_comparison_smoke_v1,3_1,qixing_lengshuikeng_3_1,True,3000,3050,UNKNOWN,53,53,3503,0.936552,0.793467,1.057893,0,0.037736,111,129,132,-27.233,27.233,918.829,925.702,6.873,0.5,0,0,low,HIGH_ROUTE_LOAD_EVIDENCE,road,0,0,0,0,0,1,0,23.1,94,0,4.8,14.7,6,HIGH_HUMIDITY_CONTEXT|NO_RAIN_CONTEXT|WIND_GUST_OBSERVED_CONTEXT|STRONG_GUST_CONTEXT|HIGH_UV_CONTEXT,True,1,0,0.037736,0.981132,MOVEMENT_REVIEW_PRESENT|SLOPE_REVIEW_PRESENT|ROUTE_PHASE_UNKNOWN,"Descriptive route-load, behavior, proximity exposure, and weather evidence only; no ability or risk scoring."
ib3_personal_hiking_features_route_load_comparison_smoke_v1,3_1,qixing_lengshuikeng_3_1,True,3050,3100,UNKNOWN,46,46,3600,1.030499,0.856835,1.262803,0,0,136,141,143,,,917.049,918.79,1.741,0.5,0,0,low,LOWER_ROUTE_LOAD_EVIDENCE,road,0,0,0,0,0,1,0,23.1,94,0,4.8,14.7,6,HIGH_HUMIDITY_CONTEXT|NO_RAIN_CONTEXT|WIND_GUST_OBSERVED_CONTEXT|STRONG_GUST_CONTEXT|HIGH_UV_CONTEXT,True,1,0,0,1,SLOPE_REVIEW_PRESENT|ROUTE_PHASE_UNKNOWN,"Descriptive route-load, behavior, proximity exposure, and weather evidence only; no ability or risk scoring."
ib3_personal_hiking_features_route_load_comparison_smoke_v1,3_1,qixing_lengshuikeng_3_1,True,3100,3150,UNKNOWN,64,64,3736,0.671343,0.561505,0.822967,0,0.078125,111.5,133.25,136.7,,,904.21,916.659,12.449,0.5,0,0,low,LOWER_ROUTE_LOAD_EVIDENCE,road,0,0,0,0,0,1,0,23.1,94,0,4.8,14.7,6,HIGH_HUMIDITY_CONTEXT|NO_RAIN_CONTEXT|WIND_GUST_OBSERVED_CONTEXT|STRONG_GUST_CONTEXT|HIGH_UV_CONTEXT,True,1,0,0.015625,1,MOVEMENT_REVIEW_PRESENT|SLOPE_REVIEW_PRESENT|ROUTE_PHASE_UNKNOWN,"Descriptive route-load, behavior, proximity exposure, and weather evidence only; no ability or risk scoring."
ib3_personal_hiking_features_route_load_comparison_smoke_v1,3_1,qixing_lengshuikeng_3_1,True,3150,3200,UNKNOWN,62,62,3852,0.816133,0.664636,0.939682,0,0,125,129,130.9,-24.133,24.133,894.171,903.951,9.78,0.5,0,0,low,HIGH_ROUTE_LOAD_EVIDENCE,road,0,0,0,0,0,1,0,23.1,94,0,4.8,14.7,6,HIGH_HUMIDITY_CONTEXT|NO_RAIN_CONTEXT|WIND_GUST_OBSERVED_CONTEXT|STRONG_GUST_CONTEXT|HIGH_UV_CONTEXT,True,1,0,0,0.983871,SLOPE_REVIEW_PRESENT|ROUTE_PHASE_UNKNOWN,"Descriptive route-load, behavior, proximity exposure, and weather evidence only; no ability or risk scoring."
ib3_personal_hiking_features_route_load_comparison_smoke_v1,3_1,qixing_lengshuikeng_3_1,True,3200,3250,UNKNOWN,58,58,3950,0.935832,0.838231,1.147977,0,0,106.5,110.75,123,,,890.615,894.029,3.414,0.3,0,0,low,LOWER_ROUTE_LOAD_EVIDENCE,road,0,0,0,0,0,1,0,23.1,94,0,4.8,14.7,6,HIGH_HUMIDITY_CONTEXT|NO_RAIN_CONTEXT|WIND_GUST_OBSERVED_CONTEXT|STRONG_GUST_CONTEXT|HIGH_UV_CONTEXT,True,1,0,0,1,SLOPE_REVIEW_PRESENT|ROUTE_PHASE_UNKNOWN,"Descriptive route-load, behavior, proximity exposure, and weather evidence only; no ability or risk scoring."
ib3_personal_hiking_features_route_load_comparison_smoke_v1,3_1,qixing_lengshuikeng_3_1,True,3250,3300,UNKNOWN,42,42,4023,1.005208,0.816734,1.422077,0,0.02381,113,117,119.9,12.226,12.226,888.878,892.585,3.707,0.3,0,0,low,MODERATE_ROUTE_LOAD_EVIDENCE,road,0,0,0,0,0,1,0,23.1,94,0,4.8,14.7,6,HIGH_HUMIDITY_CONTEXT|NO_RAIN_CONTEXT|WIND_GUST_OBSERVED_CONTEXT|STRONG_GUST_CONTEXT|HIGH_UV_CONTEXT,True,1,0,0.047619,0.97619,MOVEMENT_REVIEW_PRESENT|SLOPE_REVIEW_PRESENT|ROUTE_PHASE_UNKNOWN,"Descriptive route-load, behavior, proximity exposure, and weather evidence only; no ability or risk scoring."
ib3_personal_hiking_features_route_load_comparison_smoke_v1,3_1,qixing_lengshuikeng_3_1,True,3300,3350,UNKNOWN,40,40,4104,1.118678,0.9546,1.248007,0,0,122,123,124.2,-9.12,9.12,885.907,888.737,2.83,0.5,0,0,low,MODERATE_ROUTE_LOAD_EVIDENCE,guidepost|road,0,0.85,0,0,0,1,0,23.1,94,0,4.8,14.7,6,HIGH_HUMIDITY_CONTEXT|NO_RAIN_CONTEXT|WIND_GUST_OBSERVED_CONTEXT|STRONG_GUST_CONTEXT|HIGH_UV_CONTEXT,True,1,0,0,0.975,SLOPE_REVIEW_PRESENT|ROUTE_PHASE_UNKNOWN,"Descriptive route-load, behavior, proximity exposure, and weather evidence only; no ability or risk scoring."
ib3_personal_hiking_features_route_load_comparison_smoke_v1,3_1,qixing_lengshuikeng_3_1,True,3350,3400,UNKNOWN,49,49,4190,1.258052,1.142684,1.371464,0,0,113,116,118,,,883.585,885.761,2.176,0.3,0,0,low,LOWER_ROUTE_LOAD_EVIDENCE,guidepost|road,0,1,0,0,0,1,0,23.1,94,0,4.8,14.7,6,HIGH_HUMIDITY_CONTEXT|NO_RAIN_CONTEXT|WIND_GUST_OBSERVED_CONTEXT|STRONG_GUST_CONTEXT|HIGH_UV_CONTEXT,True,1,0,0,1,SLOPE_REVIEW_PRESENT|ROUTE_PHASE_UNKNOWN,"Descriptive route-load, behavior, proximity exposure, and weather evidence only; no ability or risk scoring."
ib3_personal_hiking_features_route_load_comparison_smoke_v1,3_1,qixing_lengshuikeng_3_1,True,3400,3450,UNKNOWN,100,100,4290,0.993263,0.805379,1.142158,0,0.01,126,135,149,,,883.966,892.815,8.849,0.3,0,0,low,LOWER_ROUTE_LOAD_EVIDENCE,guidepost|peak|road|shelter,0,0.27,0.75,0,0,1,0,23.1,94,0,4.8,14.7,6,HIGH_HUMIDITY_CONTEXT|NO_RAIN_CONTEXT|WIND_GUST_OBSERVED_CONTEXT|STRONG_GUST_CONTEXT|HIGH_UV_CONTEXT,True,1,0,0.22,1,MOVEMENT_REVIEW_PRESENT|SLOPE_REVIEW_PRESENT|ROUTE_PHASE_UNKNOWN,"Descriptive route-load, behavior, proximity exposure, and weather evidence only; no ability or risk scoring."
ib3_personal_hiking_features_route_load_comparison_smoke_v1,3_1,qixing_lengshuikeng_3_1,True,3450,3500,UNKNOWN,21,21,4323,0.715667,0.480465,1.754211,0,0.142857,153,156,161,-5.5375,7.67825,893.171,895.068,1.897,0.3,0,0,low,LOWER_ROUTE_LOAD_EVIDENCE,peak|road|shelter,0,0,1,0,0,1,0,23.1,94,0,4.8,14.7,6,HIGH_HUMIDITY_CONTEXT|NO_RAIN_CONTEXT|WIND_GUST_OBSERVED_CONTEXT|STRONG_GUST_CONTEXT|HIGH_UV_CONTEXT,True,1,0,0.095238,0.904762,MOVEMENT_REVIEW_PRESENT|SLOPE_REVIEW_PRESENT|ROUTE_PHASE_UNKNOWN,"Descriptive route-load, behavior, proximity exposure, and weather evidence only; no ability or risk scoring."
ib3_personal_hiking_features_route_load_comparison_smoke_v1,3_1,qixing_lengshuikeng_3_1,True,3500,3550,UNKNOWN,1,1,0,1.50546,1.50546,1.50546,0,0,107,107,107,,,888.4,888.4,0,0.3,0,0,low,LOWER_ROUTE_LOAD_EVIDENCE,guidepost|road,0,1,0,0,0,1,0,23.1,94,0,4.8,14.7,6,HIGH_HUMIDITY_CONTEXT|NO_RAIN_CONTEXT|WIND_GUST_OBSERVED_CONTEXT|STRONG_GUST_CONTEXT|HIGH_UV_CONTEXT,True,1,0,0,1,SLOPE_REVIEW_PRESENT|ROUTE_PHASE_UNKNOWN,"Descriptive route-load, behavior, proximity exposure, and weather evidence only; no ability or risk scoring."
ib3_personal_hiking_features_route_load_comparison_smoke_v1,3_1,qixing_lengshuikeng_3_1,True,3600,3650,UNKNOWN,40,40,4394,0.708534,0.615337,0.770854,0,0.05,158,161,161,,,886.029,894.005,7.976,0.3,0.45,0,low,MODERATE_ROUTE_LOAD_EVIDENCE,peak|road|shelter|steps,0.925,0,0.525,0,0,1,0,23.1,94,0,4.8,14.7,6,HIGH_HUMIDITY_CONTEXT|NO_RAIN_CONTEXT|WIND_GUST_OBSERVED_CONTEXT|STRONG_GUST_CONTEXT|HIGH_UV_CONTEXT,True,1,0,0.275,1,MOVEMENT_REVIEW_PRESENT|SLOPE_REVIEW_PRESENT|ROUTE_PHASE_UNKNOWN,"Descriptive route-load, behavior, proximity exposure, and weather evidence only; no ability or risk scoring."
ib3_personal_hiking_features_route_load_comparison_smoke_v1,3_1,qixing_lengshuikeng_3_1,True,3650,3700,UNKNOWN,67,67,4524,0.719137,0.646946,0.822757,0,0,125,152,154.4,,,872.946,885.663,12.717,0.5,0.45,0,moderate,MODERATE_ROUTE_LOAD_EVIDENCE,road|steps,1,0,0,0,0,1,0,23.1,94,0,4.8,14.7,6,HIGH_HUMIDITY_CONTEXT|NO_RAIN_CONTEXT|WIND_GUST_OBSERVED_CONTEXT|STRONG_GUST_CONTEXT|HIGH_UV_CONTEXT,True,1,0,0.104478,1,MOVEMENT_REVIEW_PRESENT|SLOPE_REVIEW_PRESENT|ROUTE_PHASE_UNKNOWN,"Descriptive route-load, behavior, proximity exposure, and weather evidence only; no ability or risk scoring."
ib3_personal_hiking_features_route_load_comparison_smoke_v1,3_1,qixing_lengshuikeng_3_1,True,3700,3750,UNKNOWN,51,51,4622,0.971394,0.848218,1.055419,0,0.019608,149,152,154,,,861.229,872.712,11.483,0.7,0.45,0,moderate,MODERATE_ROUTE_LOAD_EVIDENCE,road|steps,1,0,0,0,0,1,0,23.1,94,0,4.8,14.7,6,HIGH_HUMIDITY_CONTEXT|NO_RAIN_CONTEXT|WIND_GUST_OBSERVED_CONTEXT|STRONG_GUST_CONTEXT|HIGH_UV_CONTEXT,True,1,0,0,1,SLOPE_REVIEW_PRESENT|ROUTE_PHASE_UNKNOWN,"Descriptive route-load, behavior, proximity exposure, and weather evidence only; no ability or risk scoring."
ib3_personal_hiking_features_route_load_comparison_smoke_v1,3_1,qixing_lengshuikeng_3_1,True,3750,3800,UNKNOWN,74,74,4760,0.707891,0.510065,0.926993,0,0.135135,113,156,160,,,850.683,860.634,9.951,0.7,0.45,0,moderate,MODERATE_ROUTE_LOAD_EVIDENCE,road|steps,1,0,0,0,0,1,0,23.1,94,0,4.8,14.7,6,HIGH_HUMIDITY_CONTEXT|NO_RAIN_CONTEXT|WIND_GUST_OBSERVED_CONTEXT|STRONG_GUST_CONTEXT|HIGH_UV_CONTEXT,True,1,0,0.040541,1,MOVEMENT_REVIEW_PRESENT|SLOPE_REVIEW_PRESENT|ROUTE_PHASE_UNKNOWN,"Descriptive route-load, behavior, proximity exposure, and weather evidence only; no ability or risk scoring."
ib3_personal_hiking_features_route_load_comparison_smoke_v1,3_1,qixing_lengshuikeng_3_1,True,3800,3850,UNKNOWN,74,74,4890,0.735439,0.507414,0.92228,0,0.148649,129.5,147,153.4,-6.732,6.732,836.605,850.332,13.727,0.7,0.45,0,moderate,MODERATE_ROUTE_LOAD_EVIDENCE,road|steps,1,0,0,0,0,1,0,23.1,94,0,4.8,14.7,6,HIGH_HUMIDITY_CONTEXT|NO_RAIN_CONTEXT|WIND_GUST_OBSERVED_CONTEXT|STRONG_GUST_CONTEXT|HIGH_UV_CONTEXT,True,1,0,0.013514,0.986486,MOVEMENT_REVIEW_PRESENT|SLOPE_REVIEW_PRESENT|ROUTE_PHASE_UNKNOWN,"Descriptive route-load, behavior, proximity exposure, and weather evidence only; no ability or risk scoring."
ib3_personal_hiking_features_route_load_comparison_smoke_v1,3_1,qixing_lengshuikeng_3_1,True,3850,3900,UNKNOWN,73,73,5025,0.733169,0.470436,0.926076,0,0.123288,123,159,160,-35.067,35.067,826.21,836.546,10.336,0.7,0.45,0,moderate,HIGH_ROUTE_LOAD_EVIDENCE,road|steps,1,0,0,0,0,1,0,23.1,94,0,4.8,14.7,6,HIGH_HUMIDITY_CONTEXT|NO_RAIN_CONTEXT|WIND_GUST_OBSERVED_CONTEXT|STRONG_GUST_CONTEXT|HIGH_UV_CONTEXT,True,1,0,0.054795,0.986301,MOVEMENT_REVIEW_PRESENT|SLOPE_REVIEW_PRESENT|ROUTE_PHASE_UNKNOWN,"Descriptive route-load, behavior, proximity exposure, and weather evidence only; no ability or risk scoring."
ib3_personal_hiking_features_route_load_comparison_smoke_v1,3_1,qixing_lengshuikeng_3_1,True,3900,3950,UNKNOWN,70,70,5162,0.599407,0.488042,0.930219,0,0.142857,110,159.25,163,,,810.141,825.893,15.752,0.7,0.45,0,moderate,MODERATE_ROUTE_LOAD_EVIDENCE,road|steps,1,0,0,0,0,1,0,23.1,94,0,4.8,14.7,6,HIGH_HUMIDITY_CONTEXT|NO_RAIN_CONTEXT|WIND_GUST_OBSERVED_CONTEXT|STRONG_GUST_CONTEXT|HIGH_UV_CONTEXT,True,1,0,0.071429,1,MOVEMENT_REVIEW_PRESENT|SLOPE_REVIEW_PRESENT|ROUTE_PHASE_UNKNOWN,"Descriptive route-load, behavior, proximity exposure, and weather evidence only; no ability or risk scoring."
ib3_personal_hiking_features_route_load_comparison_smoke_v1,3_1,qixing_lengshuikeng_3_1,True,3950,4000,UNKNOWN,63,63,5314,0.573067,0.469751,0.691,0,0.095238,142,150,157.8,,,788.951,809.698,20.747,0.7,0.45,0,moderate,MODERATE_ROUTE_LOAD_EVIDENCE,road|steps|waterway,1,0,0,0.285714,0,1,0,23.1,94,0,4.8,14.7,6,HIGH_HUMIDITY_CONTEXT|NO_RAIN_CONTEXT|WIND_GUST_OBSERVED_CONTEXT|STRONG_GUST_CONTEXT|HIGH_UV_CONTEXT,True,1,0,0.047619,1,MOVEMENT_REVIEW_PRESENT|SLOPE_REVIEW_PRESENT|ROUTE_PHASE_UNKNOWN,"Descriptive route-load, behavior, proximity exposure, and weather evidence only; no ability or risk scoring."
ib3_personal_hiking_features_route_load_comparison_smoke_v1,3_1,qixing_lengshuikeng_3_1,True,4000,4050,UNKNOWN,80,80,5484,0.591825,0.461031,0.794847,0,0.1125,110.5,127,133.1,,,772.898,788.566,15.668,0.7,0.45,0,moderate,MODERATE_ROUTE_LOAD_EVIDENCE,road|steps|waterway,1,0,0,0.975,0,1,0,23.1,94,0,4.8,14.7,6,HIGH_HUMIDITY_CONTEXT|NO_RAIN_CONTEXT|WIND_GUST_OBSERVED_CONTEXT|STRONG_GUST_CONTEXT|HIGH_UV_CONTEXT,True,1,0,0.0125,1,MOVEMENT_REVIEW_PRESENT|SLOPE_REVIEW_PRESENT|ROUTE_PHASE_UNKNOWN,"Descriptive route-load, behavior, proximity exposure, and weather evidence only; no ability or risk scoring."
ib3_personal_hiking_features_route_load_comparison_smoke_v1,3_1,qixing_lengshuikeng_3_1,True,4050,4100,UNKNOWN,54,54,5590,0.840121,0.711688,1.053884,0,0.055556,114,116,121,-22.992,22.992,761.888,772.005,10.117,0.5,0.45,0,moderate,HIGH_ROUTE_LOAD_EVIDENCE,road|steps|waterway,1,0,0,0.037037,0,1,0,23.1,94,0,4.8,14.7,6,HIGH_HUMIDITY_CONTEXT|NO_RAIN_CONTEXT|WIND_GUST_OBSERVED_CONTEXT|STRONG_GUST_CONTEXT|HIGH_UV_CONTEXT,True,1,0,0,0.981481,SLOPE_REVIEW_PRESENT|ROUTE_PHASE_UNKNOWN,"Descriptive route-load, behavior, proximity exposure, and weather evidence only; no ability or risk scoring."
ib3_personal_hiking_features_route_load_comparison_smoke_v1,3_1,qixing_lengshuikeng_3_1,True,4100,4150,UNKNOWN,59,59,5689,1.042236,0.878945,1.168433,0,0.050847,107,109,111,-9.908,9.908,759.234,761.722,2.488,0.5,0,0,moderate,MODERATE_ROUTE_LOAD_EVIDENCE,guidepost|road|steps|waterway,0.389831,0.779661,0,1,0,1,0,23.1,94,0,4.8,14.7,6,HIGH_HUMIDITY_CONTEXT|NO_RAIN_CONTEXT|WIND_GUST_OBSERVED_CONTEXT|STRONG_GUST_CONTEXT|HIGH_UV_CONTEXT,True,1,0,0.033898,0.983051,MOVEMENT_REVIEW_PRESENT|SLOPE_REVIEW_PRESENT|ROUTE_PHASE_UNKNOWN,"Descriptive route-load, behavior, proximity exposure, and weather evidence only; no ability or risk scoring."
ib3_personal_hiking_features_route_load_comparison_smoke_v1,3_1,qixing_lengshuikeng_3_1,True,4150,4200,UNKNOWN,53,53,5837,0.644743,0.442271,0.788334,0,0.188679,107,111,113,,,753.626,759.024,5.398,0.5,0.45,0,moderate,MODERATE_ROUTE_LOAD_EVIDENCE,guidepost|road|steps|trailhead|waterway,0.792453,0.207547,0,1,0,1,0,23.1,94,0,4.8,14.7,6,HIGH_HUMIDITY_CONTEXT|NO_RAIN_CONTEXT|WIND_GUST_OBSERVED_CONTEXT|STRONG_GUST_CONTEXT|HIGH_UV_CONTEXT,True,1,0,0.075472,1,MOVEMENT_REVIEW_PRESENT|SLOPE_REVIEW_PRESENT|ROUTE_PHASE_UNKNOWN,"Descriptive route-load, behavior, proximity exposure, and weather evidence only; no ability or risk scoring."
ib3_personal_hiking_features_route_load_comparison_smoke_v1,8_1,qixing_lengshuikeng_8_1,True,0,50,UNKNOWN,82,81,6491,0.958421,0.508106,1.459006,0,0.134146,161,163,165,-10.859,10.859,754.462,759.122,4.66,0.5,0,0,moderate,MODERATE_ROUTE_LOAD_EVIDENCE,guidepost|road|steps|trailhead|waterway,0.45122,0.182927,0,1,0,1,0,25.1,88,0,1.5,7.6,9,NO_RAIN_CONTEXT|WIND_GUST_OBSERVED_CONTEXT|HIGH_UV_CONTEXT,True,1,0,0.304878,0.97561,MOVEMENT_REVIEW_PRESENT|SLOPE_REVIEW_PRESENT|ROUTE_PHASE_UNKNOWN,"Descriptive route-load, behavior, proximity exposure, and weather evidence only; no ability or risk scoring."
ib3_personal_hiking_features_route_load_comparison_smoke_v1,8_1,qixing_lengshuikeng_8_1,True,50,100,UNKNOWN,53,53,6338,1.008129,0.831172,1.210083,0,0.018868,160,164,165,-11.145,11.145,759.259,763.727,4.468,0.5,0.45,0,moderate,MODERATE_ROUTE_LOAD_EVIDENCE,guidepost|road|steps|waterway,0.660377,0.471698,0,0.754717,0,1,0,25.1,88,0,1.5,7.6,9,NO_RAIN_CONTEXT|WIND_GUST_OBSERVED_CONTEXT|HIGH_UV_CONTEXT,True,1,0,0.018868,0.981132,MOVEMENT_REVIEW_PRESENT|SLOPE_REVIEW_PRESENT|ROUTE_PHASE_UNKNOWN,"Descriptive route-load, behavior, proximity exposure, and weather evidence only; no ability or risk scoring."
ib3_personal_hiking_features_route_load_comparison_smoke_v1,8_1,qixing_lengshuikeng_8_1,True,100,150,UNKNOWN,51,51,6242,0.80373,0.642892,1.037055,0,0.078431,151,162.5,164,,,764.117,775.337,11.22,0.5,0.45,0,moderate,MODERATE_ROUTE_LOAD_EVIDENCE,road|steps|waterway,1,0,0,0.156863,0,1,0,25.1,88,0,1.5,7.6,9,NO_RAIN_CONTEXT|WIND_GUST_OBSERVED_CONTEXT|HIGH_UV_CONTEXT,True,1,0,0,1,SLOPE_REVIEW_PRESENT|ROUTE_PHASE_UNKNOWN,"Descriptive route-load, behavior, proximity exposure, and weather evidence only; no ability or risk scoring."
ib3_personal_hiking_features_route_load_comparison_smoke_v1,8_1,qixing_lengshuikeng_8_1,True,150,200,UNKNOWN,82,82,6135,0.551806,0.412804,0.782281,0,0.231707,161.5,164,165,-55.367,55.367,775.634,792.81,17.176,0.7,0.45,0,moderate,HIGH_ROUTE_LOAD_EVIDENCE,road|steps|waterway,1,0,0,1,0,1,0,25.1,88,0,1.5,7.6,9,NO_RAIN_CONTEXT|WIND_GUST_OBSERVED_CONTEXT|HIGH_UV_CONTEXT,True,1,0,0.146341,0.987805,MOVEMENT_REVIEW_PRESENT|SLOPE_REVIEW_PRESENT|ROUTE_PHASE_UNKNOWN,"Descriptive route-load, behavior, proximity exposure, and weather evidence only; no ability or risk scoring."
ib3_personal_hiking_features_route_load_comparison_smoke_v1,8_1,qixing_lengshuikeng_8_1,True,200,250,UNKNOWN,89,89,5984,0.507817,0.369393,0.744901,0,0.235955,165,167,169,,,793.6,814.737,21.137,0.7,0.45,0,moderate,MODERATE_ROUTE_LOAD_EVIDENCE,road|steps|waterway,1,0,0,0.134831,0,1,0,25.1,88,0,1.5,7.6,9,NO_RAIN_CONTEXT|WIND_GUST_OBSERVED_CONTEXT|HIGH_UV_CONTEXT,True,1,0,0.078652,1,MOVEMENT_REVIEW_PRESENT|SLOPE_REVIEW_PRESENT|ROUTE_PHASE_UNKNOWN,"Descriptive route-load, behavior, proximity exposure, and weather evidence only; no ability or risk scoring."
ib3_personal_hiking_features_route_load_comparison_smoke_v1,8_1,qixing_lengshuikeng_8_1,True,250,300,UNKNOWN,81,81,5810,0.612732,0.388702,0.823862,0,0.209877,166,168,170,36.004,36.004,815.068,829.605,14.537,0.7,0.45,0,moderate,HIGH_ROUTE_LOAD_EVIDENCE,road|steps,1,0,0,0,0,1,0,25.1,88,0,1.5,7.6,9,NO_RAIN_CONTEXT|WIND_GUST_OBSERVED_CONTEXT|HIGH_UV_CONTEXT,True,1,0,0.061728,0.987654,MOVEMENT_REVIEW_PRESENT|SLOPE_REVIEW_PRESENT|ROUTE_PHASE_UNKNOWN,"Descriptive route-load, behavior, proximity exposure, and weather evidence only; no ability or risk scoring."
ib3_personal_hiking_features_route_load_comparison_smoke_v1,8_1,qixing_lengshuikeng_8_1,True,300,350,UNKNOWN,60,60,5637,0.756119,0.543539,1.089683,0,0.083333,169,170,170,,,829.902,837.629,7.727,0.7,0.45,0,moderate,MODERATE_ROUTE_LOAD_EVIDENCE,road|steps,1,0,0,0,0,1,0,25.1,88,0,1.5,7.6,9,NO_RAIN_CONTEXT|WIND_GUST_OBSERVED_CONTEXT|HIGH_UV_CONTEXT,True,1,0,0,1,SLOPE_REVIEW_PRESENT|ROUTE_PHASE_UNKNOWN,"Descriptive route-load, behavior, proximity exposure, and weather evidence only; no ability or risk scoring."
ib3_personal_hiking_features_route_load_comparison_smoke_v1,8_1,qixing_lengshuikeng_8_1,True,350,400,UNKNOWN,70,70,5518,0.710881,0.465976,1.074658,0,0.142857,166,174,176,,,837.834,853.502,15.668,0.7,0.45,0,moderate,MODERATE_ROUTE_LOAD_EVIDENCE,road|steps,1,0,0,0,0,1,0,25.1,88,0,1.5,7.6,9,NO_RAIN_CONTEXT|WIND_GUST_OBSERVED_CONTEXT|HIGH_UV_CONTEXT,True,1,0,0.014286,1,MOVEMENT_REVIEW_PRESENT|SLOPE_REVIEW_PRESENT|ROUTE_PHASE_UNKNOWN,"Descriptive route-load, behavior, proximity exposure, and weather evidence only; no ability or risk scoring."
ib3_personal_hiking_features_route_load_comparison_smoke_v1,8_1,qixing_lengshuikeng_8_1,True,400,450,UNKNOWN,58,58,5383,0.78997,0.545856,1.086641,0,0.103448,173,174.75,176,,,853.927,862.961,9.034,0.7,0.45,0,moderate,MODERATE_ROUTE_LOAD_EVIDENCE,road|steps,1,0,0,0,0,1,0,25.1,88,0,1.5,7.6,9,NO_RAIN_CONTEXT|WIND_GUST_OBSERVED_CONTEXT|HIGH_UV_CONTEXT,True,1,0,0.017241,1,MOVEMENT_REVIEW_PRESENT|SLOPE_REVIEW_PRESENT|ROUTE_PHASE_UNKNOWN,"Descriptive route-load, behavior, proximity exposure, and weather evidence only; no ability or risk scoring."
ib3_personal_hiking_features_route_load_comparison_smoke_v1,8_1,qixing_lengshuikeng_8_1,True,450,500,UNKNOWN,53,53,5264,0.74999,0.59756,1.010832,0,0.018868,172,173,174,,,863.166,875.137,11.971,0.7,0.45,0,moderate,MODERATE_ROUTE_LOAD_EVIDENCE,road|steps,1,0,0,0,0,1,0,25.1,88,0,1.5,7.6,9,NO_RAIN_CONTEXT|WIND_GUST_OBSERVED_CONTEXT|HIGH_UV_CONTEXT,True,1,0,0,1,SLOPE_REVIEW_PRESENT|ROUTE_PHASE_UNKNOWN,"Descriptive route-load, behavior, proximity exposure, and weather evidence only; no ability or risk scoring."
ib3_personal_hiking_features_route_load_comparison_smoke_v1,8_1,qixing_lengshuikeng_8_1,True,500,550,UNKNOWN,69,69,5143,0.61556,0.498392,0.829497,0,0.072464,174,175,176,,,875.512,889.58,14.068,0.5,0.45,0,moderate,MODERATE_ROUTE_LOAD_EVIDENCE,peak|road|steps,1,0,0,0,0,1,0,25.1,88,0,1.5,7.6,9,NO_RAIN_CONTEXT|WIND_GUST_OBSERVED_CONTEXT|HIGH_UV_CONTEXT,True,1,0,0,1,SLOPE_REVIEW_PRESENT|ROUTE_PHASE_UNKNOWN,"Descriptive route-load, behavior, proximity exposure, and weather evidence only; no ability or risk scoring."
ib3_personal_hiking_features_route_load_comparison_smoke_v1,8_1,qixing_lengshuikeng_8_1,True,550,600,UNKNOWN,81,81,4995,0.0969,0,0.643118,0.259259,0.358025,168,171,176,7.045,38.4055,889.883,894.785,4.902,0.05,0,0,low,HIGH_ROUTE_LOAD_EVIDENCE,peak|road|shelter|steps,0.246914,0,1,0,0,1,0,25.1,88,0,1.5,7.6,9,NO_RAIN_CONTEXT|WIND_GUST_OBSERVED_CONTEXT|HIGH_UV_CONTEXT,True,1,0,0.259259,0.962963,MOVEMENT_REVIEW_PRESENT|SLOPE_REVIEW_PRESENT|ROUTE_PHASE_UNKNOWN,"Descriptive route-load, behavior, proximity exposure, and weather evidence only; no ability or risk scoring."
ib3_personal_hiking_features_route_load_comparison_smoke_v1,8_1,qixing_lengshuikeng_8_1,True,600,650,UNKNOWN,10,10,4753,1.136569,1.005652,1.445161,0,0,154,156.75,158,,,888.4,889.117,0.717,0.3,0,0,low,LOWER_ROUTE_LOAD_EVIDENCE,guidepost|road|shelter,0,1,0.2,0,0,1,0,25.1,88,0,1.5,7.6,9,NO_RAIN_CONTEXT|WIND_GUST_OBSERVED_CONTEXT|HIGH_UV_CONTEXT,True,1,0,0,1,SLOPE_REVIEW_PRESENT|ROUTE_PHASE_UNKNOWN,"Descriptive route-load, behavior, proximity exposure, and weather evidence only; no ability or risk scoring."
ib3_personal_hiking_features_route_load_comparison_smoke_v1,8_1,qixing_lengshuikeng_8_1,True,650,700,UNKNOWN,6,6,100,0.988001,0.921418,1.071378,0,0.166667,155,162.25,167.5,,,888.439,893.049,4.61,0.3,0,0,low,LOWER_ROUTE_LOAD_EVIDENCE,guidepost|road|shelter,0,0.666667,0.333333,0,0,1,0,25.1,88,0,1.5,7.6,9,NO_RAIN_CONTEXT|WIND_GUST_OBSERVED_CONTEXT|HIGH_UV_CONTEXT,True,1,0,0,1,SLOPE_REVIEW_PRESENT|ROUTE_PHASE_UNKNOWN,"Descriptive route-load, behavior, proximity exposure, and weather evidence only; no ability or risk scoring."
ib3_personal_hiking_features_route_load_comparison_smoke_v1,8_1,qixing_lengshuikeng_8_1,True,700,750,UNKNOWN,12,12,88,0.607368,0.3461,0.89006,0,0.25,174.5,176,176.9,,,895.776,897.288,1.512,0.3,0,0,low,LOWER_ROUTE_LOAD_EVIDENCE,peak|road|shelter,0,0,1,0,0,1,0,25.1,88,0,1.5,7.6,9,NO_RAIN_CONTEXT|WIND_GUST_OBSERVED_CONTEXT|HIGH_UV_CONTEXT,True,1,0,0.083333,1,MOVEMENT_REVIEW_PRESENT|SLOPE_REVIEW_PRESENT|ROUTE_PHASE_UNKNOWN,"Descriptive route-load, behavior, proximity exposure, and weather evidence only; no ability or risk scoring."
ib3_personal_hiking_features_route_load_comparison_smoke_v1,8_1,qixing_lengshuikeng_8_1,True,750,800,UNKNOWN,9,9,114,0.412744,0.290408,1.476352,0,0.333333,164,170,171.4,,,888.024,893.049,5.025,0.3,0,0,low,LOWER_ROUTE_LOAD_EVIDENCE,guidepost|road|shelter,0,0.444444,0.666667,0,0,1,0,25.1,88,0,1.5,7.6,9,NO_RAIN_CONTEXT|WIND_GUST_OBSERVED_CONTEXT|HIGH_UV_CONTEXT,True,1,0,0.222222,1,MOVEMENT_REVIEW_PRESENT|SLOPE_REVIEW_PRESENT|ROUTE_PHASE_UNKNOWN,"Descriptive route-load, behavior, proximity exposure, and weather evidence only; no ability or risk scoring."
ib3_personal_hiking_features_route_load_comparison_smoke_v1,8_1,qixing_lengshuikeng_8_1,True,800,850,UNKNOWN,34,34,4733,1.17491,0.971803,1.243191,0,0,153,154,155,-7.223,7.223,885.063,887.156,2.093,0.3,0,0,low,LOWER_ROUTE_LOAD_EVIDENCE,guidepost|road,0,1,0,0,0,1,0,25.1,88,0,1.5,7.6,9,NO_RAIN_CONTEXT|WIND_GUST_OBSERVED_CONTEXT|HIGH_UV_CONTEXT,True,1,0,0,0.970588,SLOPE_REVIEW_PRESENT|ROUTE_PHASE_UNKNOWN,"Descriptive route-load, behavior, proximity exposure, and weather evidence only; no ability or risk scoring."
ib3_personal_hiking_features_route_load_comparison_smoke_v1,8_1,qixing_lengshuikeng_8_1,True,850,900,UNKNOWN,31,31,4658,1.195955,0.941903,1.332486,0,0,156,157,158,-8.643,8.643,886.376,888.737,2.361,0.5,0,0,low,MODERATE_ROUTE_LOAD_EVIDENCE,guidepost|road,0,0.612903,0,0,0,1,0,25.1,88,0,1.5,7.6,9,NO_RAIN_CONTEXT|WIND_GUST_OBSERVED_CONTEXT|HIGH_UV_CONTEXT,True,1,0,0.032258,0.967742,MOVEMENT_REVIEW_PRESENT|SLOPE_REVIEW_PRESENT|ROUTE_PHASE_UNKNOWN,"Descriptive route-load, behavior, proximity exposure, and weather evidence only; no ability or risk scoring."
ib3_personal_hiking_features_route_load_comparison_smoke_v1,8_1,qixing_lengshuikeng_8_1,True,900,950,UNKNOWN,38,38,4580,0.941742,0.660403,1.213493,0,0.078947,152,155,155,-12.825,12.825,890.132,892.585,2.453,0.3,0,0,low,MODERATE_ROUTE_LOAD_EVIDENCE,road,0,0,0,0,0,1,0,25.1,88,0,1.5,7.6,9,NO_RAIN_CONTEXT|WIND_GUST_OBSERVED_CONTEXT|HIGH_UV_CONTEXT,True,1,0,0.026316,0.973684,MOVEMENT_REVIEW_PRESENT|SLOPE_REVIEW_PRESENT|ROUTE_PHASE_UNKNOWN,"Descriptive route-load, behavior, proximity exposure, and weather evidence only; no ability or risk scoring."
ib3_personal_hiking_features_route_load_comparison_smoke_v1,8_1,qixing_lengshuikeng_8_1,True,950,1000,UNKNOWN,70,70,4497,0.62583,0.417749,0.861458,0,0.157143,146,157,165.1,,,890.624,894.976,4.352,0.5,0,0,low,LOWER_ROUTE_LOAD_EVIDENCE,road,0,0,0,0,0,1,0,25.1,88,0,1.5,7.6,9,NO_RAIN_CONTEXT|WIND_GUST_OBSERVED_CONTEXT|HIGH_UV_CONTEXT,True,1,0,0.071429,1,MOVEMENT_REVIEW_PRESENT|SLOPE_REVIEW_PRESENT|ROUTE_PHASE_UNKNOWN,"Descriptive route-load, behavior, proximity exposure, and weather evidence only; no ability or risk scoring."
ib3_personal_hiking_features_route_load_comparison_smoke_v1,8_1,qixing_lengshuikeng_8_1,True,1000,1050,UNKNOWN,51,51,4374,0.858169,0.509035,1.060984,0,0.098039,168,170,171,22.7475,22.96125,895.161,905.58,10.419,0.5,0,0,low,HIGH_ROUTE_LOAD_EVIDENCE,road,0,0,0,0,0,1,0,25.1,88,0,1.5,7.6,9,NO_RAIN_CONTEXT|WIND_GUST_OBSERVED_CONTEXT|HIGH_UV_CONTEXT,True,1,0,0.019608,0.960784,MOVEMENT_REVIEW_PRESENT|SLOPE_REVIEW_PRESENT|ROUTE_PHASE_UNKNOWN,"Descriptive route-load, behavior, proximity exposure, and weather evidence only; no ability or risk scoring."
ib3_personal_hiking_features_route_load_comparison_smoke_v1,8_1,qixing_lengshuikeng_8_1,True,1050,1100,UNKNOWN,77,77,4268,0.525246,0.295467,0.752547,0,0.311688,169,172,173,-9.2465,44.83175,905.873,917.517,11.644,0.5,0,0,low,HIGH_ROUTE_LOAD_EVIDENCE,road,0,0,0,0,0,1,0,25.1,88,0,1.5,7.6,9,NO_RAIN_CONTEXT|WIND_GUST_OBSERVED_CONTEXT|HIGH_UV_CONTEXT,True,1,0,0.116883,0.974026,MOVEMENT_REVIEW_PRESENT|SLOPE_REVIEW_PRESENT|ROUTE_PHASE_UNKNOWN,"Descriptive route-load, behavior, proximity exposure, and weather evidence only; no ability or risk scoring."
ib3_personal_hiking_features_route_load_comparison_smoke_v1,8_1,qixing_lengshuikeng_8_1,True,1100,1150,UNKNOWN,50,50,4120,1.068117,0.884407,1.219606,0,0.04,154,173,174.1,,,917.6,918.922,1.322,0.5,0,0,low,LOWER_ROUTE_LOAD_EVIDENCE,road,0,0,0,0,0,1,0,25.1,88,0,1.5,7.6,9,NO_RAIN_CONTEXT|WIND_GUST_OBSERVED_CONTEXT|HIGH_UV_CONTEXT,True,1,0,0,1,SLOPE_REVIEW_PRESENT|ROUTE_PHASE_UNKNOWN,"Descriptive route-load, behavior, proximity exposure, and weather evidence only; no ability or risk scoring."
ib3_personal_hiking_features_route_load_comparison_smoke_v1,8_1,qixing_lengshuikeng_8_1,True,1150,1200,UNKNOWN,47,47,4026,0.782304,0.511634,1.051931,0,0.191489,150,165,168,,,918.981,927.878,8.897,0.5,0,0,low,LOWER_ROUTE_LOAD_EVIDENCE,road|steps,0.085106,0,0,0,0,1,0,25.1,88,0,1.5,7.6,9,NO_RAIN_CONTEXT|WIND_GUST_OBSERVED_CONTEXT|HIGH_UV_CONTEXT,True,1,0,0.12766,1,MOVEMENT_REVIEW_PRESENT|SLOPE_REVIEW_PRESENT|ROUTE_PHASE_UNKNOWN,"Descriptive route-load, behavior, proximity exposure, and weather evidence only; no ability or risk scoring."
ib3_personal_hiking_features_route_load_comparison_smoke_v1,8_1,qixing_lengshuikeng_8_1,True,1200,1250,UNKNOWN,99,99,3939,0.407579,0.22883,0.586816,0,0.383838,149,173,174,,,928.102,938.771,10.669,0.5,0.45,0,moderate,MODERATE_ROUTE_LOAD_EVIDENCE,road|steps,1,0,0,0,0,1,0,25.1,88,0,1.5,7.6,9,NO_RAIN_CONTEXT|WIND_GUST_OBSERVED_CONTEXT|HIGH_UV_CONTEXT,True,1,0,0.161616,1,MOVEMENT_REVIEW_PRESENT|SLOPE_REVIEW_PRESENT|ROUTE_PHASE_UNKNOWN,"Descriptive route-load, behavior, proximity exposure, and weather evidence only; no ability or risk scoring."
ib3_personal_hiking_features_route_load_comparison_smoke_v1,8_1,qixing_lengshuikeng_8_1,True,1250,1300,UNKNOWN,61,61,3724,0.647437,0.412654,0.861323,0,0.163934,146,172,174,-19.603,19.603,938.898,948.102,9.204,0.5,0.45,0,moderate,HIGH_ROUTE_LOAD_EVIDENCE,road|steps,0.95082,0,0,0,0,1,0,25.1,88,0,1.5,7.6,9,NO_RAIN_CONTEXT|WIND_GUST_OBSERVED_CONTEXT|HIGH_UV_CONTEXT,True,1,0,0.081967,0.983607,MOVEMENT_REVIEW_PRESENT|SLOPE_REVIEW_PRESENT|ROUTE_PHASE_UNKNOWN,"Descriptive route-load, behavior, proximity exposure, and weather evidence only; no ability or risk scoring."
ib3_personal_hiking_features_route_load_comparison_smoke_v1,8_1,qixing_lengshuikeng_8_1,True,1300,1350,UNKNOWN,94,94,3599,0.546991,0.352855,0.69643,0,0.244681,170,171,172,,,948.234,957.468,9.234,0.5,0.45,0,moderate,MODERATE_ROUTE_LOAD_EVIDENCE,road|steps,0.531915,0,0,0,0,1,0,25.1,88,0,1.5,7.6,9,NO_RAIN_CONTEXT|WIND_GUST_OBSERVED_CONTEXT|HIGH_UV_CONTEXT,True,1,0,0.085106,1,MOVEMENT_REVIEW_PRESENT|SLOPE_REVIEW_PRESENT|ROUTE_PHASE_UNKNOWN,"Descriptive route-load, behavior, proximity exposure, and weather evidence only; no ability or risk scoring."
ib3_personal_hiking_features_route_load_comparison_smoke_v1,8_1,qixing_lengshuikeng_8_1,True,1350,1400,UNKNOWN,123,123,3428,0.266101,0.142439,0.44298,0,0.642276,174,175,176,,,957.805,979.859,22.054,0.7,0.45,0,moderate,MODERATE_ROUTE_LOAD_EVIDENCE,road|steps,1,0,0,0,0,1,0,25.1,88,0,1.5,7.6,9,NO_RAIN_CONTEXT|WIND_GUST_OBSERVED_CONTEXT|HIGH_UV_CONTEXT,True,1,0,0.195122,1,MOVEMENT_REVIEW_PRESENT|SLOPE_REVIEW_PRESENT|ROUTE_PHASE_UNKNOWN,"Descriptive route-load, behavior, proximity exposure, and weather evidence only; no ability or risk scoring."
ib3_personal_hiking_features_route_load_comparison_smoke_v1,8_1,qixing_lengshuikeng_8_1,True,1400,1450,UNKNOWN,118,118,3171,0.30026,0.154781,0.477234,0,0.576271,174,175,176,-66.989,66.989,980.302,1002.2,21.898,0.7,0.45,0,moderate,HIGH_ROUTE_LOAD_EVIDENCE,road|steps,1,0,0,0,0,1,0,25.1,88,0,1.5,7.6,9,NO_RAIN_CONTEXT|WIND_GUST_OBSERVED_CONTEXT|HIGH_UV_CONTEXT,True,1,0,0.110169,0.991525,MOVEMENT_REVIEW_PRESENT|SLOPE_REVIEW_PRESENT|ROUTE_PHASE_UNKNOWN,"Descriptive route-load, behavior, proximity exposure, and weather evidence only; no ability or risk scoring."
ib3_personal_hiking_features_route_load_comparison_smoke_v1,8_1,qixing_lengshuikeng_8_1,True,1450,1500,UNKNOWN,99,99,2940,0.350209,0.134939,0.591998,0,0.494949,175,176,176,,,1002.6,1021.083,18.483,0.7,0.45,0,moderate,MODERATE_ROUTE_LOAD_EVIDENCE,road|steps,1,0,0,0,0,1,0,25.1,88,0,1.5,7.6,9,NO_RAIN_CONTEXT|WIND_GUST_OBSERVED_CONTEXT|HIGH_UV_CONTEXT,True,1,0,0.222222,1,MOVEMENT_REVIEW_PRESENT|SLOPE_REVIEW_PRESENT|ROUTE_PHASE_UNKNOWN,"Descriptive route-load, behavior, proximity exposure, and weather evidence only; no ability or risk scoring."
ib3_personal_hiking_features_route_load_comparison_smoke_v1,8_1,qixing_lengshuikeng_8_1,True,1500,1550,UNKNOWN,93,93,2739,0.282313,0.099763,0.460585,0,0.591398,175,176,177,-117.164,117.164,1021.585,1045.346,23.761,0.7,0.45,0,moderate,HIGH_ROUTE_LOAD_EVIDENCE,road|steps,1,0,0,0,0,1,0,25.1,88,0,1.5,7.6,9,NO_RAIN_CONTEXT|WIND_GUST_OBSERVED_CONTEXT|HIGH_UV_CONTEXT,True,1,0,0.290323,0.989247,MOVEMENT_REVIEW_PRESENT|SLOPE_REVIEW_PRESENT|ROUTE_PHASE_UNKNOWN,"Descriptive route-load, behavior, proximity exposure, and weather evidence only; no ability or risk scoring."
ib3_personal_hiking_features_route_load_comparison_smoke_v1,8_1,qixing_lengshuikeng_8_1,True,1550,1600,UNKNOWN,64,64,2564,0.273347,0.127523,0.482234,0,0.59375,176,177,177,,,1045.678,1057.873,12.195,0.7,0.45,0,moderate,MODERATE_ROUTE_LOAD_EVIDENCE,road|steps,1,0,0,0,0,1,0,25.1,88,0,1.5,7.6,9,NO_RAIN_CONTEXT|WIND_GUST_OBSERVED_CONTEXT|HIGH_UV_CONTEXT,True,1,0,0.296875,1,MOVEMENT_REVIEW_PRESENT|SLOPE_REVIEW_PRESENT|ROUTE_PHASE_UNKNOWN,"Descriptive route-load, behavior, proximity exposure, and weather evidence only; no ability or risk scoring."
ib3_personal_hiking_features_route_load_comparison_smoke_v1,8_1,qixing_lengshuikeng_8_1,True,1600,1650,UNKNOWN,222,222,2423,0.194645,0.038136,0.427389,0.085586,0.59009,158.5,173,177,37.715,37.715,1062.702,1078.907,16.205,0.7,0.45,0,moderate,HIGH_ROUTE_LOAD_EVIDENCE,road|steps,1,0,0,0,0,1,0,25.1,88,0,1.5,7.6,9,NO_RAIN_CONTEXT|WIND_GUST_OBSERVED_CONTEXT|HIGH_UV_CONTEXT,True,1,0,0.301802,0.995495,MOVEMENT_REVIEW_PRESENT|SLOPE_REVIEW_PRESENT|ROUTE_PHASE_UNKNOWN,"Descriptive route-load, behavior, proximity exposure, and weather evidence only; no ability or risk scoring."
ib3_personal_hiking_features_route_load_comparison_smoke_v1,8_1,qixing_lengshuikeng_8_1,True,1650,1700,UNKNOWN,40,40,2017,0.705868,0.517284,0.848514,0,0.075,159,172,173,,,1079.112,1084.083,4.971,0.5,0.45,0,moderate,MODERATE_ROUTE_LOAD_EVIDENCE,road|steps,0.825,0,0,0,0,1,0,25.1,88,0,1.5,7.6,9,NO_RAIN_CONTEXT|WIND_GUST_OBSERVED_CONTEXT|HIGH_UV_CONTEXT,True,1,0,0,1,SLOPE_REVIEW_PRESENT|ROUTE_PHASE_UNKNOWN,"Descriptive route-load, behavior, proximity exposure, and weather evidence only; no ability or risk scoring."
ib3_personal_hiking_features_route_load_comparison_smoke_v1,8_1,qixing_lengshuikeng_8_1,True,1700,1750,UNKNOWN,65,65,1902,0.77454,0.530872,0.995282,0,0.076923,168,170,172,,,1084.298,1093.62,9.322,0.3,0,0,low,LOWER_ROUTE_LOAD_EVIDENCE,road|steps,0.446154,0,0,0,0,1,0,25.1,88,0,1.5,7.6,9,NO_RAIN_CONTEXT|WIND_GUST_OBSERVED_CONTEXT|HIGH_UV_CONTEXT,True,1,0,0,1,SLOPE_REVIEW_PRESENT|ROUTE_PHASE_UNKNOWN,"Descriptive route-load, behavior, proximity exposure, and weather evidence only; no ability or risk scoring."
ib3_personal_hiking_features_route_load_comparison_smoke_v1,8_1,qixing_lengshuikeng_8_1,True,1750,1800,UNKNOWN,100,100,1780,0.284647,0,0.761275,0,0.58,169,171,172.1,,,1093.663,1099.746,6.083,0.3,0.45,0,low,MODERATE_ROUTE_LOAD_EVIDENCE,guidepost|peak|road|steps,0.87,0.84,0,0,0,1,0,25.1,88,0,1.5,7.6,9,NO_RAIN_CONTEXT|WIND_GUST_OBSERVED_CONTEXT|HIGH_UV_CONTEXT,True,1,0,0.35,1,MOVEMENT_REVIEW_PRESENT|SLOPE_REVIEW_PRESENT|ROUTE_PHASE_UNKNOWN,"Descriptive route-load, behavior, proximity exposure, and weather evidence only; no ability or risk scoring."
ib3_personal_hiking_features_route_load_comparison_smoke_v1,8_1,qixing_lengshuikeng_8_1,True,1800,1850,UNKNOWN,127,127,1613,0.297363,0.145553,0.51596,0,0.551181,172,174,176,-12.755,39.2405,1086.951,1101.063,14.112,0.5,0.45,0,moderate,HIGH_ROUTE_LOAD_EVIDENCE,guidepost|peak|road|steps,0.826772,0.732283,0,0,0,1,0,25.1,88,0,1.5,7.6,9,NO_RAIN_CONTEXT|WIND_GUST_OBSERVED_CONTEXT|HIGH_UV_CONTEXT,True,1,0,0.188976,0.984252,MOVEMENT_REVIEW_PRESENT|SLOPE_REVIEW_PRESENT|ROUTE_PHASE_UNKNOWN,"Descriptive route-load, behavior, proximity exposure, and weather evidence only; no ability or risk scoring."
ib3_personal_hiking_features_route_load_comparison_smoke_v1,8_1,qixing_lengshuikeng_8_1,True,1850,1900,UNKNOWN,87,87,1333,0.473844,0.234977,0.649589,0,0.37931,161,168,172,,,1070.015,1086.478,16.463,0.7,0.45,0,moderate,MODERATE_ROUTE_LOAD_EVIDENCE,road|steps,1,0,0,0,0,1,0,25.1,88,0,1.5,7.6,9,NO_RAIN_CONTEXT|WIND_GUST_OBSERVED_CONTEXT|HIGH_UV_CONTEXT,True,1,0,0.091954,1,MOVEMENT_REVIEW_PRESENT|SLOPE_REVIEW_PRESENT|ROUTE_PHASE_UNKNOWN,"Descriptive route-load, behavior, proximity exposure, and weather evidence only; no ability or risk scoring."
ib3_personal_hiking_features_route_load_comparison_smoke_v1,8_1,qixing_lengshuikeng_8_1,True,1900,1950,UNKNOWN,49,49,1149,0.926071,0.648691,1.180672,0,0.122449,154,156,161,,,1068.376,1071.044,2.668,0.5,0.45,0,moderate,MODERATE_ROUTE_LOAD_EVIDENCE,guidepost|road|steps,0.836735,0.734694,0,0,0,1,0,25.1,88,0,1.5,7.6,9,NO_RAIN_CONTEXT|WIND_GUST_OBSERVED_CONTEXT|HIGH_UV_CONTEXT,True,1,0,0.020408,1,MOVEMENT_REVIEW_PRESENT|SLOPE_REVIEW_PRESENT|ROUTE_PHASE_UNKNOWN,"Descriptive route-load, behavior, proximity exposure, and weather evidence only; no ability or risk scoring."
ib3_personal_hiking_features_route_load_comparison_smoke_v1,8_1,qixing_lengshuikeng_8_1,True,1950,2000,UNKNOWN,78,78,1049,0.542933,0.324661,0.757584,0,0.282051,169,175,176.3,,,1071.215,1087.434,16.219,0.5,0.45,0,moderate,MODERATE_ROUTE_LOAD_EVIDENCE,guidepost|road|steps,1,0.371795,0,0,0,1,0,25.1,88,0,1.5,7.6,9,NO_RAIN_CONTEXT|WIND_GUST_OBSERVED_CONTEXT|HIGH_UV_CONTEXT,True,1,0,0.076923,1,MOVEMENT_REVIEW_PRESENT|SLOPE_REVIEW_PRESENT|ROUTE_PHASE_UNKNOWN,"Descriptive route-load, behavior, proximity exposure, and weather evidence only; no ability or risk scoring."
ib3_personal_hiking_features_route_load_comparison_smoke_v1,8_1,qixing_lengshuikeng_8_1,True,2000,2050,UNKNOWN,88,88,885,0.50088,0.325668,0.677567,0,0.284091,175,177,177.3,,,1087.81,1102.541,14.731,0.5,0.45,0,moderate,MODERATE_ROUTE_LOAD_EVIDENCE,road|steps,1,0,0,0,0,1,0,25.1,88,0,1.5,7.6,9,NO_RAIN_CONTEXT|WIND_GUST_OBSERVED_CONTEXT|HIGH_UV_CONTEXT,True,1,0,0.045455,1,MOVEMENT_REVIEW_PRESENT|SLOPE_REVIEW_PRESENT|ROUTE_PHASE_UNKNOWN,"Descriptive route-load, behavior, proximity exposure, and weather evidence only; no ability or risk scoring."
ib3_personal_hiking_features_route_load_comparison_smoke_v1,8_1,qixing_lengshuikeng_8_1,True,2050,2100,UNKNOWN,613,613,706,0,0,0,0.743883,0.130506,137,143,172.8,3.821,3.938,1103.312,1110.99,7.678,0.3,0.45,0,low,MODERATE_ROUTE_LOAD_EVIDENCE,guidepost|peak|road|steps,1,0.929853,0,0,0,1,0,25.1,88,0,1.5,7.6,9,NO_RAIN_CONTEXT|WIND_GUST_OBSERVED_CONTEXT|HIGH_UV_CONTEXT,True,1,0,0.109299,0.991843,MOVEMENT_REVIEW_PRESENT|SLOPE_REVIEW_PRESENT|ROUTE_PHASE_UNKNOWN,"Descriptive route-load, behavior, proximity exposure, and weather evidence only; no ability or risk scoring."
ib3_personal_hiking_features_route_load_comparison_smoke_v1,8_1,qixing_lengshuikeng_8_1,True,2100,2150,UNKNOWN,104,104,724,0.514774,0.332834,0.80139,0,0.269231,168.5,176,177,-3.917,4.19975,1101.405,1110.873,9.468,0.3,0.45,0,low,MODERATE_ROUTE_LOAD_EVIDENCE,guidepost|peak|road|steps,1,0.605769,0,0,0,1,0,25.1,88,0,1.5,7.6,9,NO_RAIN_CONTEXT|WIND_GUST_OBSERVED_CONTEXT|HIGH_UV_CONTEXT,True,1,0,0.211538,0.923077,MOVEMENT_REVIEW_PRESENT|SLOPE_REVIEW_PRESENT|ROUTE_PHASE_UNKNOWN,"Descriptive route-load, behavior, proximity exposure, and weather evidence only; no ability or risk scoring."
ib3_personal_hiking_features_route_load_comparison_smoke_v1,8_1,qixing_lengshuikeng_8_1,True,2150,2200,UNKNOWN,104,104,911,0.39623,0.209182,0.649202,0,0.423077,175,176,177.7,30.942,44.843,1085.541,1101.107,15.566,0.5,0.45,0,moderate,HIGH_ROUTE_LOAD_EVIDENCE,road|steps,1,0,0,0,0,1,0,25.1,88,0,1.5,7.6,9,NO_RAIN_CONTEXT|WIND_GUST_OBSERVED_CONTEXT|HIGH_UV_CONTEXT,True,1,0,0.192308,0.971154,MOVEMENT_REVIEW_PRESENT|SLOPE_REVIEW_PRESENT|ROUTE_PHASE_UNKNOWN,"Descriptive route-load, behavior, proximity exposure, and weather evidence only; no ability or risk scoring."
ib3_personal_hiking_features_route_load_comparison_smoke_v1,8_1,qixing_lengshuikeng_8_1,True,2200,2250,UNKNOWN,70,70,1062,0.594724,0.459901,0.73853,0,0.171429,167.5,174,175,,,1070.239,1084.751,14.512,0.5,0.45,0,moderate,MODERATE_ROUTE_LOAD_EVIDENCE,guidepost|road|steps,1,0.457143,0,0,0,1,0,25.1,88,0,1.5,7.6,9,NO_RAIN_CONTEXT|WIND_GUST_OBSERVED_CONTEXT|HIGH_UV_CONTEXT,True,1,0,0.057143,1,MOVEMENT_REVIEW_PRESENT|SLOPE_REVIEW_PRESENT|ROUTE_PHASE_UNKNOWN,"Descriptive route-load, behavior, proximity exposure, and weather evidence only; no ability or risk scoring."
ib3_personal_hiking_features_route_load_comparison_smoke_v1,8_1,qixing_lengshuikeng_8_1,True,2250,2300,UNKNOWN,51,51,1163,0.928596,0.771836,1.155438,0,0.039216,149,155,156,,,1068.322,1070.907,2.585,0.5,0.45,0,moderate,MODERATE_ROUTE_LOAD_EVIDENCE,guidepost|road|steps,0.705882,0.431373,0,0,0,1,0,25.1,88,0,1.5,7.6,9,NO_RAIN_CONTEXT|WIND_GUST_OBSERVED_CONTEXT|HIGH_UV_CONTEXT,True,1,0,0,1,SLOPE_REVIEW_PRESENT|ROUTE_PHASE_UNKNOWN,"Descriptive route-load, behavior, proximity exposure, and weather evidence only; no ability or risk scoring."
ib3_personal_hiking_features_route_load_comparison_smoke_v1,8_1,qixing_lengshuikeng_8_1,True,2300,2350,UNKNOWN,113,113,1364,0.436007,0.247367,0.670656,0,0.371681,165,170,172,-49.707,49.707,1071.107,1089.332,18.225,0.5,0.45,0,moderate,HIGH_ROUTE_LOAD_EVIDENCE,road|steps,1,0,0,0,0,1,0,25.1,88,0,1.5,7.6,9,NO_RAIN_CONTEXT|WIND_GUST_OBSERVED_CONTEXT|HIGH_UV_CONTEXT,True,1,0,0.053097,0.99115,MOVEMENT_REVIEW_PRESENT|SLOPE_REVIEW_PRESENT|ROUTE_PHASE_UNKNOWN,"Descriptive route-load, behavior, proximity exposure, and weather evidence only; no ability or risk scoring."
ib3_personal_hiking_features_route_load_comparison_smoke_v1,8_1,qixing_lengshuikeng_8_1,True,2350,2400,UNKNOWN,137,137,1631,0.283982,0.115742,0.450505,0,0.59854,172,174,176,-5.832,17.96,1089.785,1101.063,11.278,0.5,0.45,0,moderate,HIGH_ROUTE_LOAD_EVIDENCE,guidepost|peak|road|steps,0.846715,0.781022,0,0,0,1,0,25.1,88,0,1.5,7.6,9,NO_RAIN_CONTEXT|WIND_GUST_OBSERVED_CONTEXT|HIGH_UV_CONTEXT,True,1,0,0.240876,0.985401,MOVEMENT_REVIEW_PRESENT|SLOPE_REVIEW_PRESENT|ROUTE_PHASE_UNKNOWN,"Descriptive route-load, behavior, proximity exposure, and weather evidence only; no ability or risk scoring."
ib3_personal_hiking_features_route_load_comparison_smoke_v1,8_1,qixing_lengshuikeng_8_1,True,2400,2450,UNKNOWN,65,65,1787,0.746111,0.256538,1.150827,0,0.338462,169,170,172,,,1093.229,1099.146,5.917,0.3,0.45,0,low,MODERATE_ROUTE_LOAD_EVIDENCE,guidepost|peak|road|steps,0.538462,0.538462,0,0,0,1,0,25.1,88,0,1.5,7.6,9,NO_RAIN_CONTEXT|WIND_GUST_OBSERVED_CONTEXT|HIGH_UV_CONTEXT,True,1,0,0.092308,1,MOVEMENT_REVIEW_PRESENT|SLOPE_REVIEW_PRESENT|ROUTE_PHASE_UNKNOWN,"Descriptive route-load, behavior, proximity exposure, and weather evidence only; no ability or risk scoring."
ib3_personal_hiking_features_route_load_comparison_smoke_v1,8_1,qixing_lengshuikeng_8_1,True,2450,2500,UNKNOWN,60,60,1911,0.692809,0.496367,1.048145,0,0.033333,157,170,171,,,1083.107,1093.151,10.044,0.3,0,0,low,LOWER_ROUTE_LOAD_EVIDENCE,road|steps,0.383333,0,0,0,0,1,0,25.1,88,0,1.5,7.6,9,NO_RAIN_CONTEXT|WIND_GUST_OBSERVED_CONTEXT|HIGH_UV_CONTEXT,True,1,0,0.016667,1,MOVEMENT_REVIEW_PRESENT|SLOPE_REVIEW_PRESENT|ROUTE_PHASE_UNKNOWN,"Descriptive route-load, behavior, proximity exposure, and weather evidence only; no ability or risk scoring."
ib3_personal_hiking_features_route_load_comparison_smoke_v1,8_1,qixing_lengshuikeng_8_1,True,2500,2550,UNKNOWN,79,79,2038,0.577356,0.19752,0.807177,0,0.316456,171,172,173,-4.635,6.216,1077.624,1082.961,5.337,0.7,0.45,0,moderate,MODERATE_ROUTE_LOAD_EVIDENCE,road|steps,0.848101,0,0,0,0,1,0,25.1,88,0,1.5,7.6,9,NO_RAIN_CONTEXT|WIND_GUST_OBSERVED_CONTEXT|HIGH_UV_CONTEXT,True,1,0,0.240506,0.974684,MOVEMENT_REVIEW_PRESENT|SLOPE_REVIEW_PRESENT|ROUTE_PHASE_UNKNOWN,"Descriptive route-load, behavior, proximity exposure, and weather evidence only; no ability or risk scoring."
ib3_personal_hiking_features_route_load_comparison_smoke_v1,8_1,qixing_lengshuikeng_8_1,True,2550,2600,UNKNOWN,173,173,2423,0.191257,0.032433,0.454797,0,0.653179,162,175,178,-2.5805,45.15275,1062.278,1077.351,15.073,0.7,0.45,0,moderate,HIGH_ROUTE_LOAD_EVIDENCE,road|steps,1,0,0,0,0,1,0,25.1,88,0,1.5,7.6,9,NO_RAIN_CONTEXT|WIND_GUST_OBSERVED_CONTEXT|HIGH_UV_CONTEXT,True,1,0,0.381503,0.988439,MOVEMENT_REVIEW_PRESENT|SLOPE_REVIEW_PRESENT|ROUTE_PHASE_UNKNOWN,"Descriptive route-load, behavior, proximity exposure, and weather evidence only; no ability or risk scoring."
ib3_personal_hiking_features_route_load_comparison_smoke_v1,8_1,qixing_lengshuikeng_8_1,True,2600,2650,UNKNOWN,70,70,2562,0.337502,0.171194,0.580194,0,0.585714,177,178,178,98.645,98.645,1044.273,1057.556,13.283,0.7,0.45,0,moderate,HIGH_ROUTE_LOAD_EVIDENCE,road|steps,1,0,0,0,0,1,0,25.1,88,0,1.5,7.6,9,NO_RAIN_CONTEXT|WIND_GUST_OBSERVED_CONTEXT|HIGH_UV_CONTEXT,True,1,0,0.242857,0.985714,MOVEMENT_REVIEW_PRESENT|SLOPE_REVIEW_PRESENT|ROUTE_PHASE_UNKNOWN,"Descriptive route-load, behavior, proximity exposure, and weather evidence only; no ability or risk scoring."
ib3_personal_hiking_features_route_load_comparison_smoke_v1,8_1,qixing_lengshuikeng_8_1,True,2650,2700,UNKNOWN,113,113,2776,0.209466,0.055354,0.44047,0,0.681416,175,176,177,-85.0345,86.64475,1018.927,1040.454,21.527,0.7,0.45,0,moderate,HIGH_ROUTE_LOAD_EVIDENCE,road|steps,1,0,0,0,0,1,0,25.1,88,0,1.5,7.6,9,NO_RAIN_CONTEXT|WIND_GUST_OBSERVED_CONTEXT|HIGH_UV_CONTEXT,True,1,0,0.309735,0.982301,MOVEMENT_REVIEW_PRESENT|SLOPE_REVIEW_PRESENT|ROUTE_PHASE_UNKNOWN,"Descriptive route-load, behavior, proximity exposure, and weather evidence only; no ability or risk scoring."
ib3_personal_hiking_features_route_load_comparison_smoke_v1,8_1,qixing_lengshuikeng_8_1,True,2700,2750,UNKNOWN,96,96,2978,0.408303,0.200191,0.573693,0,0.46875,175,176,176,,,1000.829,1018.537,17.708,0.7,0.45,0,moderate,MODERATE_ROUTE_LOAD_EVIDENCE,road|steps,1,0,0,0,0,1,0,25.1,88,0,1.5,7.6,9,NO_RAIN_CONTEXT|WIND_GUST_OBSERVED_CONTEXT|HIGH_UV_CONTEXT,True,1,0,0.09375,1,MOVEMENT_REVIEW_PRESENT|SLOPE_REVIEW_PRESENT|ROUTE_PHASE_UNKNOWN,"Descriptive route-load, behavior, proximity exposure, and weather evidence only; no ability or risk scoring."
ib3_personal_hiking_features_route_load_comparison_smoke_v1,8_1,qixing_lengshuikeng_8_1,True,2750,2800,UNKNOWN,108,108,3200,0.350661,0.175715,0.505128,0,0.5,175,176,177,1.7235,72.79725,977.512,999.112,21.6,0.7,0.45,0,moderate,HIGH_ROUTE_LOAD_EVIDENCE,road|steps,1,0,0,0,0,1,0,25.1,88,0,1.5,7.6,9,NO_RAIN_CONTEXT|WIND_GUST_OBSERVED_CONTEXT|HIGH_UV_CONTEXT,True,1,0,0.148148,0.981481,MOVEMENT_REVIEW_PRESENT|SLOPE_REVIEW_PRESENT|ROUTE_PHASE_UNKNOWN,"Descriptive route-load, behavior, proximity exposure, and weather evidence only; no ability or risk scoring."
ib3_personal_hiking_features_route_load_comparison_smoke_v1,8_1,qixing_lengshuikeng_8_1,True,2800,2850,UNKNOWN,131,131,3449,0.241422,0.092701,0.456608,0,0.694656,174,175.5,176,,,955.951,977.039,21.088,0.7,0.45,0,moderate,MODERATE_ROUTE_LOAD_EVIDENCE,road|steps,1,0,0,0,0,1,0,25.1,88,0,1.5,7.6,9,NO_RAIN_CONTEXT|WIND_GUST_OBSERVED_CONTEXT|HIGH_UV_CONTEXT,True,1,0,0.274809,1,MOVEMENT_REVIEW_PRESENT|SLOPE_REVIEW_PRESENT|ROUTE_PHASE_UNKNOWN,"Descriptive route-load, behavior, proximity exposure, and weather evidence only; no ability or risk scoring."
ib3_personal_hiking_features_route_load_comparison_smoke_v1,8_1,qixing_lengshuikeng_8_1,True,2850,2900,UNKNOWN,73,73,3610,0.615895,0.423498,0.763325,0,0.178082,170,171,172,,,947.512,955.663,8.151,0.5,0,0,low,LOWER_ROUTE_LOAD_EVIDENCE,road|steps,0.39726,0,0,0,0,1,0,25.1,88,0,1.5,7.6,9,NO_RAIN_CONTEXT|WIND_GUST_OBSERVED_CONTEXT|HIGH_UV_CONTEXT,True,1,0,0.041096,1,MOVEMENT_REVIEW_PRESENT|SLOPE_REVIEW_PRESENT|ROUTE_PHASE_UNKNOWN,"Descriptive route-load, behavior, proximity exposure, and weather evidence only; no ability or risk scoring."
ib3_personal_hiking_features_route_load_comparison_smoke_v1,8_1,qixing_lengshuikeng_8_1,True,2900,2950,UNKNOWN,71,71,3751,0.712276,0.447851,0.956378,0,0.112676,148,173,174,,,938.073,947.312,9.239,0.5,0.45,0,moderate,MODERATE_ROUTE_LOAD_EVIDENCE,road|steps,1,0,0,0,0,1,0,25.1,88,0,1.5,7.6,9,NO_RAIN_CONTEXT|WIND_GUST_OBSERVED_CONTEXT|HIGH_UV_CONTEXT,True,1,0,0.028169,1,MOVEMENT_REVIEW_PRESENT|SLOPE_REVIEW_PRESENT|ROUTE_PHASE_UNKNOWN,"Descriptive route-load, behavior, proximity exposure, and weather evidence only; no ability or risk scoring."
ib3_personal_hiking_features_route_load_comparison_smoke_v1,8_1,qixing_lengshuikeng_8_1,True,2950,3000,UNKNOWN,101,101,3941,0.403432,0.121032,0.67704,0,0.445545,166,172,174,-37.0835,41.80025,927.317,937.79,10.473,0.5,0.45,0,moderate,HIGH_ROUTE_LOAD_EVIDENCE,road|steps,1,0,0,0,0,1,0,25.1,88,0,1.5,7.6,9,NO_RAIN_CONTEXT|WIND_GUST_OBSERVED_CONTEXT|HIGH_UV_CONTEXT,True,1,0,0.247525,0.980198,MOVEMENT_REVIEW_PRESENT|SLOPE_REVIEW_PRESENT|ROUTE_PHASE_UNKNOWN,"Descriptive route-load, behavior, proximity exposure, and weather evidence only; no ability or risk scoring."
ib3_personal_hiking_features_route_load_comparison_smoke_v1,8_1,qixing_lengshuikeng_8_1,True,3000,3050,UNKNOWN,46,46,4033,0.875271,0.393532,1.204724,0,0.217391,150,166.75,169,,,918.907,924.273,5.366,0.5,0,0,low,LOWER_ROUTE_LOAD_EVIDENCE,road,0,0,0,0,0,1,0,25.1,88,0,1.5,7.6,9,NO_RAIN_CONTEXT|WIND_GUST_OBSERVED_CONTEXT|HIGH_UV_CONTEXT,True,1,0,0.086957,1,MOVEMENT_REVIEW_PRESENT|SLOPE_REVIEW_PRESENT|ROUTE_PHASE_UNKNOWN,"Descriptive route-load, behavior, proximity exposure, and weather evidence only; no ability or risk scoring."
ib3_personal_hiking_features_route_load_comparison_smoke_v1,8_1,qixing_lengshuikeng_8_1,True,3050,3100,UNKNOWN,48,48,4137,1.094076,0.859074,1.242596,0,0.020833,154.5,173,175,,,917.049,918.751,1.702,0.5,0,0,low,LOWER_ROUTE_LOAD_EVIDENCE,road,0,0,0,0,0,1,0,25.1,88,0,1.5,7.6,9,NO_RAIN_CONTEXT|WIND_GUST_OBSERVED_CONTEXT|HIGH_UV_CONTEXT,True,1,0,0,1,SLOPE_REVIEW_PRESENT|ROUTE_PHASE_UNKNOWN,"Descriptive route-load, behavior, proximity exposure, and weather evidence only; no ability or risk scoring."
ib3_personal_hiking_features_route_load_comparison_smoke_v1,8_1,qixing_lengshuikeng_8_1,True,3100,3150,UNKNOWN,73,73,4284,0.529334,0.321268,0.720887,0,0.315068,170,172,173,26.265,26.265,904.478,916.922,12.444,0.5,0,0,low,HIGH_ROUTE_LOAD_EVIDENCE,road,0,0,0,0,0,1,0,25.1,88,0,1.5,7.6,9,NO_RAIN_CONTEXT|WIND_GUST_OBSERVED_CONTEXT|HIGH_UV_CONTEXT,True,1,0,0.082192,0.986301,MOVEMENT_REVIEW_PRESENT|SLOPE_REVIEW_PRESENT|ROUTE_PHASE_UNKNOWN,"Descriptive route-load, behavior, proximity exposure, and weather evidence only; no ability or risk scoring."
ib3_personal_hiking_features_route_load_comparison_smoke_v1,8_1,qixing_lengshuikeng_8_1,True,3150,3200,UNKNOWN,56,56,4395,0.735643,0.480908,1.000052,0,0.142857,149.5,169,170,20.2,20.2,894.171,903.951,9.78,0.5,0,0,low,HIGH_ROUTE_LOAD_EVIDENCE,road,0,0,0,0,0,1,0,25.1,88,0,1.5,7.6,9,NO_RAIN_CONTEXT|WIND_GUST_OBSERVED_CONTEXT|HIGH_UV_CONTEXT,True,1,0,0.071429,0.982143,MOVEMENT_REVIEW_PRESENT|SLOPE_REVIEW_PRESENT|ROUTE_PHASE_UNKNOWN,"Descriptive route-load, behavior, proximity exposure, and weather evidence only; no ability or risk scoring."
ib3_personal_hiking_features_route_load_comparison_smoke_v1,8_1,qixing_lengshuikeng_8_1,True,3200,3250,UNKNOWN,56,56,4513,0.816588,0.567549,1.022139,0,0.107143,146,155,159,11.522,11.522,890.615,894.029,3.414,0.3,0,0,low,MODERATE_ROUTE_LOAD_EVIDENCE,road,0,0,0,0,0,1,0,25.1,88,0,1.5,7.6,9,NO_RAIN_CONTEXT|WIND_GUST_OBSERVED_CONTEXT|HIGH_UV_CONTEXT,True,1,0,0.053571,0.982143,MOVEMENT_REVIEW_PRESENT|SLOPE_REVIEW_PRESENT|ROUTE_PHASE_UNKNOWN,"Descriptive route-load, behavior, proximity exposure, and weather evidence only; no ability or risk scoring."
ib3_personal_hiking_features_route_load_comparison_smoke_v1,8_1,qixing_lengshuikeng_8_1,True,3250,3300,UNKNOWN,37,37,4587,1.092269,0.751492,1.310505,0,0.027027,153,155,156,,,888.878,892.571,3.693,0.3,0,0,low,LOWER_ROUTE_LOAD_EVIDENCE,road,0,0,0,0,0,1,0,25.1,88,0,1.5,7.6,9,NO_RAIN_CONTEXT|WIND_GUST_OBSERVED_CONTEXT|HIGH_UV_CONTEXT,True,1,0,0.054054,1,MOVEMENT_REVIEW_PRESENT|SLOPE_REVIEW_PRESENT|ROUTE_PHASE_UNKNOWN,"Descriptive route-load, behavior, proximity exposure, and weather evidence only; no ability or risk scoring."
ib3_personal_hiking_features_route_load_comparison_smoke_v1,8_1,qixing_lengshuikeng_8_1,True,3300,3350,UNKNOWN,48,48,4672,1.126419,0.986454,1.304808,0,0,157,157,158,,,885.907,888.434,2.527,0.5,0,0,low,LOWER_ROUTE_LOAD_EVIDENCE,guidepost|road,0,0.8125,0,0,0,1,0,25.1,88,0,1.5,7.6,9,NO_RAIN_CONTEXT|WIND_GUST_OBSERVED_CONTEXT|HIGH_UV_CONTEXT,True,1,0,0,1,SLOPE_REVIEW_PRESENT|ROUTE_PHASE_UNKNOWN,"Descriptive route-load, behavior, proximity exposure, and weather evidence only; no ability or risk scoring."
ib3_personal_hiking_features_route_load_comparison_smoke_v1,8_1,qixing_lengshuikeng_8_1,True,3350,3400,UNKNOWN,43,43,4743,1.190237,0.937097,1.348526,0,0,151,153.5,154,-101.757,101.757,883.576,885.834,2.258,0.3,0,0,low,HIGH_ROUTE_LOAD_EVIDENCE,guidepost|road,0,1,0,0,0,1,0,25.1,88,0,1.5,7.6,9,NO_RAIN_CONTEXT|WIND_GUST_OBSERVED_CONTEXT|HIGH_UV_CONTEXT,True,1,0,0,0.976744,SLOPE_REVIEW_PRESENT|ROUTE_PHASE_UNKNOWN,"Descriptive route-load, behavior, proximity exposure, and weather evidence only; no ability or risk scoring."
ib3_personal_hiking_features_route_load_comparison_smoke_v1,8_1,qixing_lengshuikeng_8_1,True,3400,3450,UNKNOWN,83,83,4848,0.937883,0.681036,1.137529,0,0.060241,157,164,166,,,883.966,892.815,8.849,0.3,0,0,low,LOWER_ROUTE_LOAD_EVIDENCE,guidepost|peak|road|shelter,0,0.253012,0.795181,0,0,1,0,25.1,88,0,1.5,7.6,9,NO_RAIN_CONTEXT|WIND_GUST_OBSERVED_CONTEXT|HIGH_UV_CONTEXT,True,1,0,0.072289,1,MOVEMENT_REVIEW_PRESENT|SLOPE_REVIEW_PRESENT|ROUTE_PHASE_UNKNOWN,"Descriptive route-load, behavior, proximity exposure, and weather evidence only; no ability or risk scoring."
ib3_personal_hiking_features_route_load_comparison_smoke_v1,8_1,qixing_lengshuikeng_8_1,True,3450,3500,UNKNOWN,25,25,4946,0.738947,0.296435,0.950245,0,0.32,168,170,173.6,,,892.859,895.561,2.702,0.3,0,0,low,LOWER_ROUTE_LOAD_EVIDENCE,peak|road|shelter,0,0,1,0,0,1,0,25.1,88,0,1.5,7.6,9,NO_RAIN_CONTEXT|WIND_GUST_OBSERVED_CONTEXT|HIGH_UV_CONTEXT,True,1,0,0.2,1,MOVEMENT_REVIEW_PRESENT|SLOPE_REVIEW_PRESENT|ROUTE_PHASE_UNKNOWN,"Descriptive route-load, behavior, proximity exposure, and weather evidence only; no ability or risk scoring."
ib3_personal_hiking_features_route_load_comparison_smoke_v1,8_1,qixing_lengshuikeng_8_1,True,3500,3550,UNKNOWN,2,2,16,0.97605,0.821437,1.130662,0,0,154,156,157.2,,,888.4,888.868,0.468,0.3,0,0,low,LOWER_ROUTE_LOAD_EVIDENCE,guidepost|road,0,1,0,0,0,1,0,25.1,88,0,1.5,7.6,9,NO_RAIN_CONTEXT|WIND_GUST_OBSERVED_CONTEXT|HIGH_UV_CONTEXT,True,1,0,0,1,SLOPE_REVIEW_PRESENT|ROUTE_PHASE_UNKNOWN,"Descriptive route-load, behavior, proximity exposure, and weather evidence only; no ability or risk scoring."
ib3_personal_hiking_features_route_load_comparison_smoke_v1,8_1,qixing_lengshuikeng_8_1,True,3550,3600,UNKNOWN,2,2,8,8.147633,4.882156,11.41311,0,0,157,157,157,,,888.678,889.278,0.6,0.3,0,0,low,LOWER_ROUTE_LOAD_EVIDENCE,guidepost|road|shelter,0,0.5,0.5,0,0,1,0,25.1,88,0,1.5,7.6,9,NO_RAIN_CONTEXT|WIND_GUST_OBSERVED_CONTEXT|HIGH_UV_CONTEXT,True,1,0,0.5,1,MOVEMENT_REVIEW_PRESENT|SLOPE_REVIEW_PRESENT|ROUTE_PHASE_UNKNOWN,"Descriptive route-load, behavior, proximity exposure, and weather evidence only; no ability or risk scoring."
ib3_personal_hiking_features_route_load_comparison_smoke_v1,8_1,qixing_lengshuikeng_8_1,True,3600,3650,UNKNOWN,43,43,5036,0.677031,0.458511,0.859089,0,0.139535,175,176,176,,,886.029,894.566,8.537,0.3,0.45,0,low,MODERATE_ROUTE_LOAD_EVIDENCE,peak|road|shelter|steps,0.860465,0,0.534884,0,0,1,0,25.1,88,0,1.5,7.6,9,NO_RAIN_CONTEXT|WIND_GUST_OBSERVED_CONTEXT|HIGH_UV_CONTEXT,True,1,0,0,1,SLOPE_REVIEW_PRESENT|ROUTE_PHASE_UNKNOWN,"Descriptive route-load, behavior, proximity exposure, and weather evidence only; no ability or risk scoring."
ib3_personal_hiking_features_route_load_comparison_smoke_v1,8_1,qixing_lengshuikeng_8_1,True,3650,3700,UNKNOWN,78,78,5171,0.699224,0.545939,0.917313,0,0.038462,174,174,175,,,872.946,885.663,12.717,0.5,0.45,0,moderate,MODERATE_ROUTE_LOAD_EVIDENCE,road|steps,1,0,0,0,0,1,0,25.1,88,0,1.5,7.6,9,NO_RAIN_CONTEXT|WIND_GUST_OBSERVED_CONTEXT|HIGH_UV_CONTEXT,True,1,0,0,1,SLOPE_REVIEW_PRESENT|ROUTE_PHASE_UNKNOWN,"Descriptive route-load, behavior, proximity exposure, and weather evidence only; no ability or risk scoring."
ib3_personal_hiking_features_route_load_comparison_smoke_v1,8_1,qixing_lengshuikeng_8_1,True,3700,3750,UNKNOWN,61,60,5287,0.743492,0.638738,1.041414,0,0.032787,171,173,174,,,861.059,872.712,11.653,0.7,0.45,0,moderate,MODERATE_ROUTE_LOAD_EVIDENCE,road|steps,1,0,0,0,0,1,0,25.1,88,0,1.5,7.6,9,NO_RAIN_CONTEXT|WIND_GUST_OBSERVED_CONTEXT|HIGH_UV_CONTEXT,True,1,0,0.016393,0.983607,MOVEMENT_REVIEW_PRESENT|SLOPE_REVIEW_PRESENT|ROUTE_PHASE_UNKNOWN,"Descriptive route-load, behavior, proximity exposure, and weather evidence only; no ability or risk scoring."
ib3_personal_hiking_features_route_load_comparison_smoke_v1,8_1,qixing_lengshuikeng_8_1,True,3750,3800,UNKNOWN,63,63,5407,0.73039,0.467312,0.98243,0,0.174603,173,176,176.8,24.191,24.191,851.005,860.888,9.883,0.7,0.45,0,moderate,HIGH_ROUTE_LOAD_EVIDENCE,road|steps,1,0,0,0,0,1,0,25.1,88,0,1.5,7.6,9,NO_RAIN_CONTEXT|WIND_GUST_OBSERVED_CONTEXT|HIGH_UV_CONTEXT,True,1,0,0.063492,0.984127,MOVEMENT_REVIEW_PRESENT|SLOPE_REVIEW_PRESENT|ROUTE_PHASE_UNKNOWN,"Descriptive route-load, behavior, proximity exposure, and weather evidence only; no ability or risk scoring."
ib3_personal_hiking_features_route_load_comparison_smoke_v1,8_1,qixing_lengshuikeng_8_1,True,3800,3850,UNKNOWN,59,59,5534,0.680452,0.459022,0.88914,0,0.084746,166,169,174,,,836.683,850.332,13.649,0.7,0.45,0,moderate,MODERATE_ROUTE_LOAD_EVIDENCE,road|steps,1,0,0,0,0,1,0,25.1,88,0,1.5,7.6,9,NO_RAIN_CONTEXT|WIND_GUST_OBSERVED_CONTEXT|HIGH_UV_CONTEXT,True,1,0,0,1,SLOPE_REVIEW_PRESENT|ROUTE_PHASE_UNKNOWN,"Descriptive route-load, behavior, proximity exposure, and weather evidence only; no ability or risk scoring."
ib3_personal_hiking_features_route_load_comparison_smoke_v1,8_1,qixing_lengshuikeng_8_1,True,3850,3900,UNKNOWN,81,81,5685,0.540815,0.314064,0.807017,0,0.308642,169,169,170,,,826.21,836.546,10.336,0.7,0.45,0,moderate,MODERATE_ROUTE_LOAD_EVIDENCE,road|steps,1,0,0,0,0,1,0,25.1,88,0,1.5,7.6,9,NO_RAIN_CONTEXT|WIND_GUST_OBSERVED_CONTEXT|HIGH_UV_CONTEXT,True,1,0,0.123457,1,MOVEMENT_REVIEW_PRESENT|SLOPE_REVIEW_PRESENT|ROUTE_PHASE_UNKNOWN,"Descriptive route-load, behavior, proximity exposure, and weather evidence only; no ability or risk scoring."
ib3_personal_hiking_features_route_load_comparison_smoke_v1,8_1,qixing_lengshuikeng_8_1,True,3900,3950,UNKNOWN,80,80,5847,0.495643,0.32177,0.785484,0,0.275,167,168,170,,,810.141,825.893,15.752,0.7,0.45,0,moderate,MODERATE_ROUTE_LOAD_EVIDENCE,road|steps,1,0,0,0,0,1,0,25.1,88,0,1.5,7.6,9,NO_RAIN_CONTEXT|WIND_GUST_OBSERVED_CONTEXT|HIGH_UV_CONTEXT,True,1,0,0.125,1,MOVEMENT_REVIEW_PRESENT|SLOPE_REVIEW_PRESENT|ROUTE_PHASE_UNKNOWN,"Descriptive route-load, behavior, proximity exposure, and weather evidence only; no ability or risk scoring."
ib3_personal_hiking_features_route_load_comparison_smoke_v1,8_1,qixing_lengshuikeng_8_1,True,3950,4000,UNKNOWN,76,76,6000,0.559542,0.360043,0.722529,0,0.236842,164,165.25,168,,,788.951,809.698,20.747,0.7,0.45,0,moderate,MODERATE_ROUTE_LOAD_EVIDENCE,road|steps|waterway,1,0,0,0.263158,0,1,0,25.1,88,0,1.5,7.6,9,NO_RAIN_CONTEXT|WIND_GUST_OBSERVED_CONTEXT|HIGH_UV_CONTEXT,True,1,0,0.039474,1,MOVEMENT_REVIEW_PRESENT|SLOPE_REVIEW_PRESENT|ROUTE_PHASE_UNKNOWN,"Descriptive route-load, behavior, proximity exposure, and weather evidence only; no ability or risk scoring."
ib3_personal_hiking_features_route_load_comparison_smoke_v1,8_1,qixing_lengshuikeng_8_1,True,4000,4050,UNKNOWN,86,86,6172,0.636013,0.407146,0.769487,0,0.209302,162,164.75,165,,,772.312,788.566,16.254,0.7,0.45,0,moderate,MODERATE_ROUTE_LOAD_EVIDENCE,road|steps|waterway,1,0,0,0.860465,0,1,0,25.1,88,0,1.5,7.6,9,NO_RAIN_CONTEXT|WIND_GUST_OBSERVED_CONTEXT|HIGH_UV_CONTEXT,True,1,0,0.034884,1,MOVEMENT_REVIEW_PRESENT|SLOPE_REVIEW_PRESENT|ROUTE_PHASE_UNKNOWN,"Descriptive route-load, behavior, proximity exposure, and weather evidence only; no ability or risk scoring."
ib3_personal_hiking_features_route_load_comparison_smoke_v1,8_1,qixing_lengshuikeng_8_1,True,4050,4100,UNKNOWN,46,46,6268,1.027732,0.611801,1.195468,0,0.021739,148.5,162,163.5,,,761.888,771.712,9.824,0.5,0.45,0,moderate,MODERATE_ROUTE_LOAD_EVIDENCE,road|steps|waterway,1,0,0,0.043478,0,1,0,25.1,88,0,1.5,7.6,9,NO_RAIN_CONTEXT|WIND_GUST_OBSERVED_CONTEXT|HIGH_UV_CONTEXT,True,1,0,0,1,SLOPE_REVIEW_PRESENT|ROUTE_PHASE_UNKNOWN,"Descriptive route-load, behavior, proximity exposure, and weather evidence only; no ability or risk scoring."
ib3_personal_hiking_features_route_load_comparison_smoke_v1,8_1,qixing_lengshuikeng_8_1,True,4100,4150,UNKNOWN,40,40,6357,1.124264,0.927204,1.353942,0,0.075,143.5,160.25,162.2,5.565,5.565,759.234,761.722,2.488,0.5,0,0,moderate,MODERATE_ROUTE_LOAD_EVIDENCE,guidepost|road|steps|waterway,0.375,0.825,0,1,0,1,0,25.1,88,0,1.5,7.6,9,NO_RAIN_CONTEXT|WIND_GUST_OBSERVED_CONTEXT|HIGH_UV_CONTEXT,True,1,0,0.075,0.975,MOVEMENT_REVIEW_PRESENT|SLOPE_REVIEW_PRESENT|ROUTE_PHASE_UNKNOWN,"Descriptive route-load, behavior, proximity exposure, and weather evidence only; no ability or risk scoring."
ib3_personal_hiking_features_route_load_comparison_smoke_v1,8_1,qixing_lengshuikeng_8_1,True,4150,4200,UNKNOWN,64,64,6490,0.743144,0.424591,0.96309,0,0.203125,135.5,162,166,,,753.418,759.102,5.684,0.5,0.45,0,moderate,MODERATE_ROUTE_LOAD_EVIDENCE,guidepost|road|steps|trailhead|waterway,0.765625,0.234375,0,1,0,1,0,25.1,88,0,1.5,7.6,9,NO_RAIN_CONTEXT|WIND_GUST_OBSERVED_CONTEXT|HIGH_UV_CONTEXT,True,1,0,0.09375,1,MOVEMENT_REVIEW_PRESENT|SLOPE_REVIEW_PRESENT|ROUTE_PHASE_UNKNOWN,"Descriptive route-load, behavior, proximity exposure, and weather evidence only; no ability or risk scoring."
ib3_personal_hiking_features_route_load_comparison_smoke_v1,9_1,qixing_lengshuikeng_9_1,True,0,50,UNKNOWN,135,134,6666,0.633282,0.211672,1.128384,0,0.355556,133,136,143,8.512,8.512,754.462,759.21,4.748,0.5,0,0,moderate,MODERATE_ROUTE_LOAD_EVIDENCE,guidepost|road|steps|trailhead|waterway,0.42963,0.2,0,1,0,1,0,22,100,44.5,4.3,14.5,1,HIGH_HUMIDITY_CONTEXT|RAIN_OBSERVED_CONTEXT|WIND_GUST_OBSERVED_CONTEXT|STRONG_GUST_CONTEXT,True,1,0,0.266667,0.985185,MOVEMENT_REVIEW_PRESENT|SLOPE_REVIEW_PRESENT|ROUTE_PHASE_UNKNOWN,"Descriptive route-load, behavior, proximity exposure, and weather evidence only; no ability or risk scoring."
ib3_personal_hiking_features_route_load_comparison_smoke_v1,9_1,qixing_lengshuikeng_9_1,True,50,100,UNKNOWN,65,65,6454,0.878477,0.594773,1.130854,0,0.046154,138,152,154,-11.107,11.107,759.259,763.727,4.468,0.5,0.45,0,moderate,MODERATE_ROUTE_LOAD_EVIDENCE,guidepost|road|steps|waterway,0.630769,0.538462,0,0.769231,0,1,0,22,100,44.5,4.3,14.5,1,HIGH_HUMIDITY_CONTEXT|RAIN_OBSERVED_CONTEXT|WIND_GUST_OBSERVED_CONTEXT|STRONG_GUST_CONTEXT,True,1,0,0,0.984615,SLOPE_REVIEW_PRESENT|ROUTE_PHASE_UNKNOWN,"Descriptive route-load, behavior, proximity exposure, and weather evidence only; no ability or risk scoring."
ib3_personal_hiking_features_route_load_comparison_smoke_v1,9_1,qixing_lengshuikeng_9_1,True,100,150,UNKNOWN,54,54,6331,0.84304,0.590865,1.034072,0,0.037037,146.5,157,158,-24.4745,26.25575,764.117,775.337,11.22,0.5,0.45,0,moderate,HIGH_ROUTE_LOAD_EVIDENCE,road|steps|waterway,1,0,0,0.203704,0,1,0,22,100,44.5,4.3,14.5,1,HIGH_HUMIDITY_CONTEXT|RAIN_OBSERVED_CONTEXT|WIND_GUST_OBSERVED_CONTEXT|STRONG_GUST_CONTEXT,True,1,0,0,0.962963,SLOPE_REVIEW_PRESENT|ROUTE_PHASE_UNKNOWN,"Descriptive route-load, behavior, proximity exposure, and weather evidence only; no ability or risk scoring."
ib3_personal_hiking_features_route_load_comparison_smoke_v1,9_1,qixing_lengshuikeng_9_1,True,150,200,UNKNOWN,91,91,6233,0.38879,0.233065,0.560752,0,0.417582,140,164,167,,,775.634,793.2,17.566,0.7,0.45,0,moderate,MODERATE_ROUTE_LOAD_EVIDENCE,road|steps|waterway,1,0,0,1,0,1,0,22,100,44.5,4.3,14.5,1,HIGH_HUMIDITY_CONTEXT|RAIN_OBSERVED_CONTEXT|WIND_GUST_OBSERVED_CONTEXT|STRONG_GUST_CONTEXT,True,1,0,0.175824,1,MOVEMENT_REVIEW_PRESENT|SLOPE_REVIEW_PRESENT|ROUTE_PHASE_UNKNOWN,"Descriptive route-load, behavior, proximity exposure, and weather evidence only; no ability or risk scoring."
ib3_personal_hiking_features_route_load_comparison_smoke_v1,9_1,qixing_lengshuikeng_9_1,True,200,250,UNKNOWN,107,107,6030,0.462349,0.331628,0.597295,0,0.271028,143,169,173,,,794.015,814.737,20.722,0.7,0.45,0,moderate,MODERATE_ROUTE_LOAD_EVIDENCE,road|steps|waterway,1,0,0,0.093458,0,1,0,22,100,44.5,4.3,14.5,1,HIGH_HUMIDITY_CONTEXT|RAIN_OBSERVED_CONTEXT|WIND_GUST_OBSERVED_CONTEXT|STRONG_GUST_CONTEXT,True,1,0,0.168224,1,MOVEMENT_REVIEW_PRESENT|SLOPE_REVIEW_PRESENT|ROUTE_PHASE_UNKNOWN,"Descriptive route-load, behavior, proximity exposure, and weather evidence only; no ability or risk scoring."
ib3_personal_hiking_features_route_load_comparison_smoke_v1,9_1,qixing_lengshuikeng_9_1,True,250,300,UNKNOWN,92,92,5836,0.589417,0.355465,0.847132,0,0.228261,139,173,174,,,815.068,829.605,14.537,0.7,0.45,0,moderate,MODERATE_ROUTE_LOAD_EVIDENCE,road|steps,1,0,0,0,0,1,0,22,100,44.5,4.3,14.5,1,HIGH_HUMIDITY_CONTEXT|RAIN_OBSERVED_CONTEXT|WIND_GUST_OBSERVED_CONTEXT|STRONG_GUST_CONTEXT,True,1,0,0.032609,1,MOVEMENT_REVIEW_PRESENT|SLOPE_REVIEW_PRESENT|ROUTE_PHASE_UNKNOWN,"Descriptive route-load, behavior, proximity exposure, and weather evidence only; no ability or risk scoring."
ib3_personal_hiking_features_route_load_comparison_smoke_v1,9_1,qixing_lengshuikeng_9_1,True,300,350,UNKNOWN,69,69,5668,0.746265,0.51795,0.980259,0,0.043478,146,175,177,,,829.902,837.629,7.727,0.7,0.45,0,moderate,MODERATE_ROUTE_LOAD_EVIDENCE,road|steps,1,0,0,0,0,1,0,22,100,44.5,4.3,14.5,1,HIGH_HUMIDITY_CONTEXT|RAIN_OBSERVED_CONTEXT|WIND_GUST_OBSERVED_CONTEXT|STRONG_GUST_CONTEXT,True,1,0,0,1,SLOPE_REVIEW_PRESENT|ROUTE_PHASE_UNKNOWN,"Descriptive route-load, behavior, proximity exposure, and weather evidence only; no ability or risk scoring."
ib3_personal_hiking_features_route_load_comparison_smoke_v1,9_1,qixing_lengshuikeng_9_1,True,350,400,UNKNOWN,94,94,5539,0.507487,0.367114,0.69501,0,0.170213,139.5,166,172,-34.372,34.372,837.834,853.722,15.888,0.7,0.45,0,moderate,HIGH_ROUTE_LOAD_EVIDENCE,road|steps,1,0,0,0,0,1,0,22,100,44.5,4.3,14.5,1,HIGH_HUMIDITY_CONTEXT|RAIN_OBSERVED_CONTEXT|WIND_GUST_OBSERVED_CONTEXT|STRONG_GUST_CONTEXT,True,1,0,0.053191,0.989362,MOVEMENT_REVIEW_PRESENT|SLOPE_REVIEW_PRESENT|ROUTE_PHASE_UNKNOWN,"Descriptive route-load, behavior, proximity exposure, and weather evidence only; no ability or risk scoring."
ib3_personal_hiking_features_route_load_comparison_smoke_v1,9_1,qixing_lengshuikeng_9_1,True,400,450,UNKNOWN,94,94,5362,0.565913,0.204461,0.899886,0,0.351064,132.5,165,168,,,853.927,862.961,9.034,0.7,0.45,0,moderate,MODERATE_ROUTE_LOAD_EVIDENCE,road|steps,1,0,0,0,0,1,0,22,100,44.5,4.3,14.5,1,HIGH_HUMIDITY_CONTEXT|RAIN_OBSERVED_CONTEXT|WIND_GUST_OBSERVED_CONTEXT|STRONG_GUST_CONTEXT,True,1,0,0.202128,1,MOVEMENT_REVIEW_PRESENT|SLOPE_REVIEW_PRESENT|ROUTE_PHASE_UNKNOWN,"Descriptive route-load, behavior, proximity exposure, and weather evidence only; no ability or risk scoring."
ib3_personal_hiking_features_route_load_comparison_smoke_v1,9_1,qixing_lengshuikeng_9_1,True,450,500,UNKNOWN,62,62,5204,0.804363,0.712652,0.920082,0,0,161.5,163.75,167.9,,,863.166,875.137,11.971,0.7,0.45,0,moderate,MODERATE_ROUTE_LOAD_EVIDENCE,road|steps,1,0,0,0,0,1,0,22,100,44.5,4.3,14.5,1,HIGH_HUMIDITY_CONTEXT|RAIN_OBSERVED_CONTEXT|WIND_GUST_OBSERVED_CONTEXT|STRONG_GUST_CONTEXT,True,1,0,0,1,SLOPE_REVIEW_PRESENT|ROUTE_PHASE_UNKNOWN,"Descriptive route-load, behavior, proximity exposure, and weather evidence only; no ability or risk scoring."
ib3_personal_hiking_features_route_load_comparison_smoke_v1,9_1,qixing_lengshuikeng_9_1,True,500,550,UNKNOWN,79,79,5077,0.665218,0.556719,0.755445,0,0.025316,169,173.5,176,,,875.322,889.58,14.258,0.5,0.45,0,moderate,MODERATE_ROUTE_LOAD_EVIDENCE,peak|road|steps,1,0,0,0,0,1,0,22,100,44.5,4.3,14.5,1,HIGH_HUMIDITY_CONTEXT|RAIN_OBSERVED_CONTEXT|WIND_GUST_OBSERVED_CONTEXT|STRONG_GUST_CONTEXT,True,1,0,0.025316,1,MOVEMENT_REVIEW_PRESENT|SLOPE_REVIEW_PRESENT|ROUTE_PHASE_UNKNOWN,"Descriptive route-load, behavior, proximity exposure, and weather evidence only; no ability or risk scoring."
ib3_personal_hiking_features_route_load_comparison_smoke_v1,9_1,qixing_lengshuikeng_9_1,True,550,600,UNKNOWN,25,25,4929,0.648207,0.517057,0.807758,0,0.12,166,176,176,-85.506,85.506,889.883,894.224,4.341,0.3,0.45,0,low,HIGH_ROUTE_LOAD_EVIDENCE,peak|road|shelter|steps,0.72,0,1,0,0,1,0,22,100,44.5,4.3,14.5,1,HIGH_HUMIDITY_CONTEXT|RAIN_OBSERVED_CONTEXT|WIND_GUST_OBSERVED_CONTEXT|STRONG_GUST_CONTEXT,True,1,0,0.08,0.96,MOVEMENT_REVIEW_PRESENT|SLOPE_REVIEW_PRESENT|ROUTE_PHASE_UNKNOWN,"Descriptive route-load, behavior, proximity exposure, and weather evidence only; no ability or risk scoring."
ib3_personal_hiking_features_route_load_comparison_smoke_v1,9_1,qixing_lengshuikeng_9_1,True,600,650,UNKNOWN,9,9,4717,1.04774,0.984425,1.059614,0,0,139,141,141.2,,,888.4,888.615,0.215,0.3,0,0,low,LOWER_ROUTE_LOAD_EVIDENCE,guidepost|road,0,1,0,0,0,1,0,22,100,44.5,4.3,14.5,1,HIGH_HUMIDITY_CONTEXT|RAIN_OBSERVED_CONTEXT|WIND_GUST_OBSERVED_CONTEXT|STRONG_GUST_CONTEXT,True,1,0,0,1,SLOPE_REVIEW_PRESENT|ROUTE_PHASE_UNKNOWN,"Descriptive route-load, behavior, proximity exposure, and weather evidence only; no ability or risk scoring."
ib3_personal_hiking_features_route_load_comparison_smoke_v1,9_1,qixing_lengshuikeng_9_1,True,700,750,UNKNOWN,11,11,4893,0.626898,0.323723,1.044306,0,0.363636,166,175,176,,,897.151,897.288,0.137,0.3,0,0,low,LOWER_ROUTE_LOAD_EVIDENCE,peak|road|shelter,0,0,1,0,0,1,0,22,100,44.5,4.3,14.5,1,HIGH_HUMIDITY_CONTEXT|RAIN_OBSERVED_CONTEXT|WIND_GUST_OBSERVED_CONTEXT|STRONG_GUST_CONTEXT,True,1,0,0.272727,1,MOVEMENT_REVIEW_PRESENT|SLOPE_REVIEW_PRESENT|ROUTE_PHASE_UNKNOWN,"Descriptive route-load, behavior, proximity exposure, and weather evidence only; no ability or risk scoring."
ib3_personal_hiking_features_route_load_comparison_smoke_v1,9_1,qixing_lengshuikeng_9_1,True,800,850,UNKNOWN,40,40,4698,0.992073,0.851004,1.162041,0,0,140,142,144,,,885.063,886.615,1.552,0.3,0,0,low,LOWER_ROUTE_LOAD_EVIDENCE,guidepost|road,0,1,0,0,0,1,0,22,100,44.5,4.3,14.5,1,HIGH_HUMIDITY_CONTEXT|RAIN_OBSERVED_CONTEXT|WIND_GUST_OBSERVED_CONTEXT|STRONG_GUST_CONTEXT,True,1,0,0.3,1,MOVEMENT_REVIEW_PRESENT|SLOPE_REVIEW_PRESENT|ROUTE_PHASE_UNKNOWN,"Descriptive route-load, behavior, proximity exposure, and weather evidence only; no ability or risk scoring."
ib3_personal_hiking_features_route_load_comparison_smoke_v1,9_1,qixing_lengshuikeng_9_1,True,850,900,UNKNOWN,64,64,4622,1.011081,0.739761,1.213,0,0.046875,141,148,149.7,-4.784,4.784,886.376,889.585,3.209,0.5,0,0,low,LOWER_ROUTE_LOAD_EVIDENCE,guidepost|road,0,0.609375,0,0,0,1,0,22,100,44.5,4.3,14.5,1,HIGH_HUMIDITY_CONTEXT|RAIN_OBSERVED_CONTEXT|WIND_GUST_OBSERVED_CONTEXT|STRONG_GUST_CONTEXT,True,1,0,0.0625,0.984375,MOVEMENT_REVIEW_PRESENT|SLOPE_REVIEW_PRESENT|ROUTE_PHASE_UNKNOWN,"Descriptive route-load, behavior, proximity exposure, and weather evidence only; no ability or risk scoring."
ib3_personal_hiking_features_route_load_comparison_smoke_v1,9_1,qixing_lengshuikeng_9_1,True,900,950,UNKNOWN,39,39,4508,0.774658,0.636609,1.072239,0,0.128205,138,147.5,153,,,889.859,892.585,2.726,0.3,0,0,low,LOWER_ROUTE_LOAD_EVIDENCE,road,0,0,0,0,0,1,0,22,100,44.5,4.3,14.5,1,HIGH_HUMIDITY_CONTEXT|RAIN_OBSERVED_CONTEXT|WIND_GUST_OBSERVED_CONTEXT|STRONG_GUST_CONTEXT,True,1,0,0.025641,1,MOVEMENT_REVIEW_PRESENT|SLOPE_REVIEW_PRESENT|ROUTE_PHASE_UNKNOWN,"Descriptive route-load, behavior, proximity exposure, and weather evidence only; no ability or risk scoring."
ib3_personal_hiking_features_route_load_comparison_smoke_v1,9_1,qixing_lengshuikeng_9_1,True,950,1000,UNKNOWN,67,67,4400,0.732173,0.463455,0.859639,0,0.19403,140,144,149.4,,,890.615,894.976,4.361,0.5,0,0,low,LOWER_ROUTE_LOAD_EVIDENCE,road,0,0,0,0,0,1,0,22,100,44.5,4.3,14.5,1,HIGH_HUMIDITY_CONTEXT|RAIN_OBSERVED_CONTEXT|WIND_GUST_OBSERVED_CONTEXT|STRONG_GUST_CONTEXT,True,1,0,0.134328,1,MOVEMENT_REVIEW_PRESENT|SLOPE_REVIEW_PRESENT|ROUTE_PHASE_UNKNOWN,"Descriptive route-load, behavior, proximity exposure, and weather evidence only; no ability or risk scoring."
ib3_personal_hiking_features_route_load_comparison_smoke_v1,9_1,qixing_lengshuikeng_9_1,True,1000,1050,UNKNOWN,54,54,4273,0.827471,0.635928,1.013975,0,0.092593,147,155,159,-22.625,24.4145,895.161,905.58,10.419,0.5,0,0,low,HIGH_ROUTE_LOAD_EVIDENCE,road,0,0,0,0,0,1,0,22,100,44.5,4.3,14.5,1,HIGH_HUMIDITY_CONTEXT|RAIN_OBSERVED_CONTEXT|WIND_GUST_OBSERVED_CONTEXT|STRONG_GUST_CONTEXT,True,1,0,0.037037,0.962963,MOVEMENT_REVIEW_PRESENT|SLOPE_REVIEW_PRESENT|ROUTE_PHASE_UNKNOWN,"Descriptive route-load, behavior, proximity exposure, and weather evidence only; no ability or risk scoring."
ib3_personal_hiking_features_route_load_comparison_smoke_v1,9_1,qixing_lengshuikeng_9_1,True,1050,1100,UNKNOWN,66,66,4167,0.598098,0.356481,0.840007,0,0.242424,151,168.75,174,-27.136,39.513,905.873,917.434,11.561,0.5,0,0,low,HIGH_ROUTE_LOAD_EVIDENCE,road,0,0,0,0,0,1,0,22,100,44.5,4.3,14.5,1,HIGH_HUMIDITY_CONTEXT|RAIN_OBSERVED_CONTEXT|WIND_GUST_OBSERVED_CONTEXT|STRONG_GUST_CONTEXT,True,1,0,0.121212,0.954545,MOVEMENT_REVIEW_PRESENT|SLOPE_REVIEW_PRESENT|ROUTE_PHASE_UNKNOWN,"Descriptive route-load, behavior, proximity exposure, and weather evidence only; no ability or risk scoring."
ib3_personal_hiking_features_route_load_comparison_smoke_v1,9_1,qixing_lengshuikeng_9_1,True,1100,1150,UNKNOWN,50,50,4038,1.040073,0.900655,1.154834,0,0.02,168,170,172,,,917.6,918.922,1.322,0.5,0,0,low,LOWER_ROUTE_LOAD_EVIDENCE,road,0,0,0,0,0,1,0,22,100,44.5,4.3,14.5,1,HIGH_HUMIDITY_CONTEXT|RAIN_OBSERVED_CONTEXT|WIND_GUST_OBSERVED_CONTEXT|STRONG_GUST_CONTEXT,True,1,0,0.02,1,MOVEMENT_REVIEW_PRESENT|SLOPE_REVIEW_PRESENT|ROUTE_PHASE_UNKNOWN,"Descriptive route-load, behavior, proximity exposure, and weather evidence only; no ability or risk scoring."
ib3_personal_hiking_features_route_load_comparison_smoke_v1,9_1,qixing_lengshuikeng_9_1,True,1150,1200,UNKNOWN,45,45,3944,0.817941,0.700288,1.086867,0,0.088889,147,164,167,,,918.981,927.654,8.673,0.5,0,0,low,LOWER_ROUTE_LOAD_EVIDENCE,road|steps,0.111111,0,0,0,0,1,0,22,100,44.5,4.3,14.5,1,HIGH_HUMIDITY_CONTEXT|RAIN_OBSERVED_CONTEXT|WIND_GUST_OBSERVED_CONTEXT|STRONG_GUST_CONTEXT,True,1,0,0.111111,1,MOVEMENT_REVIEW_PRESENT|SLOPE_REVIEW_PRESENT|ROUTE_PHASE_UNKNOWN,"Descriptive route-load, behavior, proximity exposure, and weather evidence only; no ability or risk scoring."
ib3_personal_hiking_features_route_load_comparison_smoke_v1,9_1,qixing_lengshuikeng_9_1,True,1200,1250,UNKNOWN,77,77,3844,0.638199,0.475616,0.831704,0,0.155844,168,170,172.4,,,928.102,938.771,10.669,0.5,0.45,0,moderate,MODERATE_ROUTE_LOAD_EVIDENCE,road|steps,1,0,0,0,0,1,0,22,100,44.5,4.3,14.5,1,HIGH_HUMIDITY_CONTEXT|RAIN_OBSERVED_CONTEXT|WIND_GUST_OBSERVED_CONTEXT|STRONG_GUST_CONTEXT,True,1,0,0.038961,1,MOVEMENT_REVIEW_PRESENT|SLOPE_REVIEW_PRESENT|ROUTE_PHASE_UNKNOWN,"Descriptive route-load, behavior, proximity exposure, and weather evidence only; no ability or risk scoring."
ib3_personal_hiking_features_route_load_comparison_smoke_v1,9_1,qixing_lengshuikeng_9_1,True,1250,1300,UNKNOWN,61,61,3689,0.695443,0.418574,0.881437,0,0.229508,156,164,168,,,938.898,948.102,9.204,0.5,0.45,0,moderate,MODERATE_ROUTE_LOAD_EVIDENCE,road|steps,0.901639,0,0,0,0,1,0,22,100,44.5,4.3,14.5,1,HIGH_HUMIDITY_CONTEXT|RAIN_OBSERVED_CONTEXT|WIND_GUST_OBSERVED_CONTEXT|STRONG_GUST_CONTEXT,True,1,0,0.147541,1,MOVEMENT_REVIEW_PRESENT|SLOPE_REVIEW_PRESENT|ROUTE_PHASE_UNKNOWN,"Descriptive route-load, behavior, proximity exposure, and weather evidence only; no ability or risk scoring."
ib3_personal_hiking_features_route_load_comparison_smoke_v1,9_1,qixing_lengshuikeng_9_1,True,1300,1350,UNKNOWN,85,85,3564,0.489921,0.345376,0.737761,0,0.270588,155,158,161.6,,,948.234,957.468,9.234,0.5,0.45,0,moderate,MODERATE_ROUTE_LOAD_EVIDENCE,road|steps,0.541176,0,0,0,0,1,0,22,100,44.5,4.3,14.5,1,HIGH_HUMIDITY_CONTEXT|RAIN_OBSERVED_CONTEXT|WIND_GUST_OBSERVED_CONTEXT|STRONG_GUST_CONTEXT,True,1,0,0.058824,1,MOVEMENT_REVIEW_PRESENT|SLOPE_REVIEW_PRESENT|ROUTE_PHASE_UNKNOWN,"Descriptive route-load, behavior, proximity exposure, and weather evidence only; no ability or risk scoring."
ib3_personal_hiking_features_route_load_comparison_smoke_v1,9_1,qixing_lengshuikeng_9_1,True,1350,1400,UNKNOWN,117,117,3390,0.251104,0.100385,0.41276,0,0.666667,141,168,170.4,,,958.859,979.429,20.57,0.7,0.45,0,moderate,MODERATE_ROUTE_LOAD_EVIDENCE,road|steps,1,0,0,0,0,1,0,22,100,44.5,4.3,14.5,1,HIGH_HUMIDITY_CONTEXT|RAIN_OBSERVED_CONTEXT|WIND_GUST_OBSERVED_CONTEXT|STRONG_GUST_CONTEXT,True,1,0,0.264957,1,MOVEMENT_REVIEW_PRESENT|SLOPE_REVIEW_PRESENT|ROUTE_PHASE_UNKNOWN,"Descriptive route-load, behavior, proximity exposure, and weather evidence only; no ability or risk scoring."
ib3_personal_hiking_features_route_load_comparison_smoke_v1,9_1,qixing_lengshuikeng_9_1,True,1400,1450,UNKNOWN,123,123,3117,0.317804,0.131083,0.504379,0,0.577236,170,171,172,83.475,83.475,981.229,1002.2,20.971,0.7,0.45,0,moderate,HIGH_ROUTE_LOAD_EVIDENCE,road|steps,1,0,0,0,0,1,0,22,100,44.5,4.3,14.5,1,HIGH_HUMIDITY_CONTEXT|RAIN_OBSERVED_CONTEXT|WIND_GUST_OBSERVED_CONTEXT|STRONG_GUST_CONTEXT,True,1,0,0.227642,0.99187,MOVEMENT_REVIEW_PRESENT|SLOPE_REVIEW_PRESENT|ROUTE_PHASE_UNKNOWN,"Descriptive route-load, behavior, proximity exposure, and weather evidence only; no ability or risk scoring."
ib3_personal_hiking_features_route_load_comparison_smoke_v1,9_1,qixing_lengshuikeng_9_1,True,1450,1500,UNKNOWN,115,115,2903,0.309104,0.162814,0.461458,0,0.6,169,172,173,55.837,55.837,1002.6,1021.083,18.483,0.7,0.45,0,moderate,HIGH_ROUTE_LOAD_EVIDENCE,road|steps,1,0,0,0,0,1,0,22,100,44.5,4.3,14.5,1,HIGH_HUMIDITY_CONTEXT|RAIN_OBSERVED_CONTEXT|WIND_GUST_OBSERVED_CONTEXT|STRONG_GUST_CONTEXT,True,1,0,0.191304,0.991304,MOVEMENT_REVIEW_PRESENT|SLOPE_REVIEW_PRESENT|ROUTE_PHASE_UNKNOWN,"Descriptive route-load, behavior, proximity exposure, and weather evidence only; no ability or risk scoring."
ib3_personal_hiking_features_route_load_comparison_smoke_v1,9_1,qixing_lengshuikeng_9_1,True,1500,1550,UNKNOWN,90,90,2670,0.235316,0.056055,0.362039,0,0.711111,171,173,174,21.218,115.983,1021.585,1045.346,23.761,0.7,0.45,0,moderate,HIGH_ROUTE_LOAD_EVIDENCE,road|steps,1,0,0,0,0,1,0,22,100,44.5,4.3,14.5,1,HIGH_HUMIDITY_CONTEXT|RAIN_OBSERVED_CONTEXT|WIND_GUST_OBSERVED_CONTEXT|STRONG_GUST_CONTEXT,True,1,0,0.322222,0.977778,MOVEMENT_REVIEW_PRESENT|SLOPE_REVIEW_PRESENT|ROUTE_PHASE_UNKNOWN,"Descriptive route-load, behavior, proximity exposure, and weather evidence only; no ability or risk scoring."
ib3_personal_hiking_features_route_load_comparison_smoke_v1,9_1,qixing_lengshuikeng_9_1,True,1550,1600,UNKNOWN,78,78,2486,0.310419,0.186739,0.54513,0,0.525641,176,178,179,10.421,77.5875,1045.678,1057.005,11.327,0.7,0.45,0,moderate,HIGH_ROUTE_LOAD_EVIDENCE,road|steps,1,0,0,0,0,1,0,22,100,44.5,4.3,14.5,1,HIGH_HUMIDITY_CONTEXT|RAIN_OBSERVED_CONTEXT|WIND_GUST_OBSERVED_CONTEXT|STRONG_GUST_CONTEXT,True,1,0,0.24359,0.974359,MOVEMENT_REVIEW_PRESENT|SLOPE_REVIEW_PRESENT|ROUTE_PHASE_UNKNOWN,"Descriptive route-load, behavior, proximity exposure, and weather evidence only; no ability or risk scoring."
ib3_personal_hiking_features_route_load_comparison_smoke_v1,9_1,qixing_lengshuikeng_9_1,True,1600,1650,UNKNOWN,171,171,2320,0.215731,0.045896,0.449827,0,0.672515,146,176,178,-31.976,47.9155,1063.127,1078.907,15.78,0.7,0.45,0,moderate,HIGH_ROUTE_LOAD_EVIDENCE,road|steps,1,0,0,0,0,1,0,22,100,44.5,4.3,14.5,1,HIGH_HUMIDITY_CONTEXT|RAIN_OBSERVED_CONTEXT|WIND_GUST_OBSERVED_CONTEXT|STRONG_GUST_CONTEXT,True,1,0,0.339181,0.982456,MOVEMENT_REVIEW_PRESENT|SLOPE_REVIEW_PRESENT|ROUTE_PHASE_UNKNOWN,"Descriptive route-load, behavior, proximity exposure, and weather evidence only; no ability or risk scoring."
ib3_personal_hiking_features_route_load_comparison_smoke_v1,9_1,qixing_lengshuikeng_9_1,True,1650,1700,UNKNOWN,68,68,1981,0.65487,0.420571,0.977756,0,0.176471,161,174.25,177.3,-14.6625,15.02925,1079.112,1084.083,4.971,0.5,0.45,0,moderate,HIGH_ROUTE_LOAD_EVIDENCE,road|steps,0.720588,0,0,0,0,1,0,22,100,44.5,4.3,14.5,1,HIGH_HUMIDITY_CONTEXT|RAIN_OBSERVED_CONTEXT|WIND_GUST_OBSERVED_CONTEXT|STRONG_GUST_CONTEXT,True,1,0,0.044118,0.970588,MOVEMENT_REVIEW_PRESENT|SLOPE_REVIEW_PRESENT|ROUTE_PHASE_UNKNOWN,"Descriptive route-load, behavior, proximity exposure, and weather evidence only; no ability or risk scoring."
ib3_personal_hiking_features_route_load_comparison_smoke_v1,9_1,qixing_lengshuikeng_9_1,True,1700,1750,UNKNOWN,74,74,1843,0.648433,0.376213,0.846925,0,0.216216,153.5,160,163,-20.652,30.5895,1084.298,1093.62,9.322,0.3,0,0,low,HIGH_ROUTE_LOAD_EVIDENCE,road|steps,0.337838,0,0,0,0,1,0,22,100,44.5,4.3,14.5,1,HIGH_HUMIDITY_CONTEXT|RAIN_OBSERVED_CONTEXT|WIND_GUST_OBSERVED_CONTEXT|STRONG_GUST_CONTEXT,True,1,0,0.054054,0.959459,MOVEMENT_REVIEW_PRESENT|SLOPE_REVIEW_PRESENT|ROUTE_PHASE_UNKNOWN,"Descriptive route-load, behavior, proximity exposure, and weather evidence only; no ability or risk scoring."
ib3_personal_hiking_features_route_load_comparison_smoke_v1,9_1,qixing_lengshuikeng_9_1,True,1750,1800,UNKNOWN,80,80,1694,0.408312,0.052956,0.786512,0,0.425,140,152,156.1,26.015,26.015,1093.663,1099.912,6.249,0.3,0.45,0,low,HIGH_ROUTE_LOAD_EVIDENCE,guidepost|peak|road|steps,0.7375,0.7125,0,0,0,1,0,22,100,44.5,4.3,14.5,1,HIGH_HUMIDITY_CONTEXT|RAIN_OBSERVED_CONTEXT|WIND_GUST_OBSERVED_CONTEXT|STRONG_GUST_CONTEXT,True,1,0,0.2875,0.9875,MOVEMENT_REVIEW_PRESENT|SLOPE_REVIEW_PRESENT|ROUTE_PHASE_UNKNOWN,"Descriptive route-load, behavior, proximity exposure, and weather evidence only; no ability or risk scoring."
ib3_personal_hiking_features_route_load_comparison_smoke_v1,9_1,qixing_lengshuikeng_9_1,True,1800,1850,UNKNOWN,310,310,1526,0.062434,0.004657,0.312615,0.390323,0.390323,143,162,175.1,21.233,21.233,1086.951,1101.063,14.112,0.5,0,0,low,HIGH_ROUTE_LOAD_EVIDENCE,guidepost|peak|road|steps,0.4,0.919355,0,0,0,1,0,22,100,44.5,4.3,14.5,1,HIGH_HUMIDITY_CONTEXT|RAIN_OBSERVED_CONTEXT|WIND_GUST_OBSERVED_CONTEXT|STRONG_GUST_CONTEXT,True,1,0,0.167742,0.996774,MOVEMENT_REVIEW_PRESENT|SLOPE_REVIEW_PRESENT|ROUTE_PHASE_UNKNOWN,"Descriptive route-load, behavior, proximity exposure, and weather evidence only; no ability or risk scoring."
ib3_personal_hiking_features_route_load_comparison_smoke_v1,9_1,qixing_lengshuikeng_9_1,True,1850,1900,UNKNOWN,112,112,1055,0.401959,0.247076,0.61578,0,0.392857,140.5,161.25,172,,,1070.015,1086.478,16.463,0.7,0.45,0,moderate,MODERATE_ROUTE_LOAD_EVIDENCE,road|steps,1,0,0,0,0,1,0,22,100,44.5,4.3,14.5,1,HIGH_HUMIDITY_CONTEXT|RAIN_OBSERVED_CONTEXT|WIND_GUST_OBSERVED_CONTEXT|STRONG_GUST_CONTEXT,True,1,0,0.089286,1,MOVEMENT_REVIEW_PRESENT|SLOPE_REVIEW_PRESENT|ROUTE_PHASE_UNKNOWN,"Descriptive route-load, behavior, proximity exposure, and weather evidence only; no ability or risk scoring."
ib3_personal_hiking_features_route_load_comparison_smoke_v1,9_1,qixing_lengshuikeng_9_1,True,1900,1950,UNKNOWN,94,94,837,0.495178,0.323219,0.676977,0,0.308511,134,139,143,,,1068.322,1071.044,2.722,0.5,0.45,0,low,MODERATE_ROUTE_LOAD_EVIDENCE,guidepost|road|steps,0.744681,0.734043,0,0,0,1,0,22,100,44.5,4.3,14.5,1,HIGH_HUMIDITY_CONTEXT|RAIN_OBSERVED_CONTEXT|WIND_GUST_OBSERVED_CONTEXT|STRONG_GUST_CONTEXT,True,1,0,0.042553,1,MOVEMENT_REVIEW_PRESENT|SLOPE_REVIEW_PRESENT|ROUTE_PHASE_UNKNOWN,"Descriptive route-load, behavior, proximity exposure, and weather evidence only; no ability or risk scoring."
ib3_personal_hiking_features_route_load_comparison_smoke_v1,9_1,qixing_lengshuikeng_9_1,True,1950,2000,UNKNOWN,110,110,650,0.415881,0.266934,0.601579,0,0.363636,147,154.75,164.1,-43.317,43.317,1071.215,1087.434,16.219,0.5,0.45,0,moderate,HIGH_ROUTE_LOAD_EVIDENCE,guidepost|road|steps,1,0.427273,0,0,0,1,0,22,100,44.5,4.3,14.5,1,HIGH_HUMIDITY_CONTEXT|RAIN_OBSERVED_CONTEXT|WIND_GUST_OBSERVED_CONTEXT|STRONG_GUST_CONTEXT,True,1,0,0.118182,0.990909,MOVEMENT_REVIEW_PRESENT|SLOPE_REVIEW_PRESENT|ROUTE_PHASE_UNKNOWN,"Descriptive route-load, behavior, proximity exposure, and weather evidence only; no ability or risk scoring."
ib3_personal_hiking_features_route_load_comparison_smoke_v1,9_1,qixing_lengshuikeng_9_1,True,2000,2050,UNKNOWN,92,92,439,0.481205,0.350598,0.59323,0,0.25,141,172,173,,,1088.507,1102.81,14.303,0.5,0.45,0,moderate,MODERATE_ROUTE_LOAD_EVIDENCE,road|steps,1,0,0,0,0,1,0,22,100,44.5,4.3,14.5,1,HIGH_HUMIDITY_CONTEXT|RAIN_OBSERVED_CONTEXT|WIND_GUST_OBSERVED_CONTEXT|STRONG_GUST_CONTEXT,True,1,0,0.032609,1,MOVEMENT_REVIEW_PRESENT|SLOPE_REVIEW_PRESENT|ROUTE_PHASE_UNKNOWN,"Descriptive route-load, behavior, proximity exposure, and weather evidence only; no ability or risk scoring."
ib3_personal_hiking_features_route_load_comparison_smoke_v1,9_1,qixing_lengshuikeng_9_1,True,2050,2100,UNKNOWN,136,136,256,0.508544,0.003471,0.784156,0.139706,0.25,155,168,172,4.002,4.0035,1103.063,1110.99,7.927,0.3,0.45,0,low,MODERATE_ROUTE_LOAD_EVIDENCE,guidepost|peak|road|steps,1,0.683824,0,0,0,1,0,22,100,44.5,4.3,14.5,1,HIGH_HUMIDITY_CONTEXT|RAIN_OBSERVED_CONTEXT|WIND_GUST_OBSERVED_CONTEXT|STRONG_GUST_CONTEXT,True,1,0,0.507353,0.977941,MOVEMENT_REVIEW_PRESENT|SLOPE_REVIEW_PRESENT|ROUTE_PHASE_UNKNOWN,"Descriptive route-load, behavior, proximity exposure, and weather evidence only; no ability or risk scoring."
ib3_personal_hiking_features_route_load_comparison_smoke_v1,9_1,qixing_lengshuikeng_9_1,True,2100,2150,UNKNOWN,131,131,275,0.410114,0.210538,0.589447,0,0.419847,154,171,172,4.722,14.215,1101.405,1110.805,9.4,0.3,0.45,0,low,MODERATE_ROUTE_LOAD_EVIDENCE,guidepost|peak|road|steps,1,0.549618,0,0,0,1,0,22,100,44.5,4.3,14.5,1,HIGH_HUMIDITY_CONTEXT|RAIN_OBSERVED_CONTEXT|WIND_GUST_OBSERVED_CONTEXT|STRONG_GUST_CONTEXT,True,1,0,0.29771,0.977099,MOVEMENT_REVIEW_PRESENT|SLOPE_REVIEW_PRESENT|ROUTE_PHASE_UNKNOWN,"Descriptive route-load, behavior, proximity exposure, and weather evidence only; no ability or risk scoring."
ib3_personal_hiking_features_route_load_comparison_smoke_v1,9_1,qixing_lengshuikeng_9_1,True,2150,2200,UNKNOWN,96,96,460,0.491199,0.403709,0.577712,0,0.208333,142,172,173,,,1085.541,1101.107,15.566,0.5,0.45,0,moderate,MODERATE_ROUTE_LOAD_EVIDENCE,road|steps,1,0,0,0,0,1,0,22,100,44.5,4.3,14.5,1,HIGH_HUMIDITY_CONTEXT|RAIN_OBSERVED_CONTEXT|WIND_GUST_OBSERVED_CONTEXT|STRONG_GUST_CONTEXT,True,1,0,0.125,1,MOVEMENT_REVIEW_PRESENT|SLOPE_REVIEW_PRESENT|ROUTE_PHASE_UNKNOWN,"Descriptive route-load, behavior, proximity exposure, and weather evidence only; no ability or risk scoring."
ib3_personal_hiking_features_route_load_comparison_smoke_v1,9_1,qixing_lengshuikeng_9_1,True,2200,2250,UNKNOWN,99,99,672,0.435754,0.324011,0.593316,0,0.313131,140,151.5,164,,,1070.239,1085.161,14.922,0.5,0.45,0,moderate,MODERATE_ROUTE_LOAD_EVIDENCE,guidepost|road|steps,1,0.525253,0,0,0,1,0,22,100,44.5,4.3,14.5,1,HIGH_HUMIDITY_CONTEXT|RAIN_OBSERVED_CONTEXT|WIND_GUST_OBSERVED_CONTEXT|STRONG_GUST_CONTEXT,True,1,0,0.050505,1,MOVEMENT_REVIEW_PRESENT|SLOPE_REVIEW_PRESENT|ROUTE_PHASE_UNKNOWN,"Descriptive route-load, behavior, proximity exposure, and weather evidence only; no ability or risk scoring."
ib3_personal_hiking_features_route_load_comparison_smoke_v1,9_1,qixing_lengshuikeng_9_1,True,2250,2300,UNKNOWN,89,89,853,0.537969,0.365044,0.66912,0,0.247191,135,139,142,,,1068.322,1070.907,2.585,0.5,0.45,0,moderate,MODERATE_ROUTE_LOAD_EVIDENCE,guidepost|road|steps,0.730337,0.58427,0,0,0,1,0,22,100,44.5,4.3,14.5,1,HIGH_HUMIDITY_CONTEXT|RAIN_OBSERVED_CONTEXT|WIND_GUST_OBSERVED_CONTEXT|STRONG_GUST_CONTEXT,True,1,0,0.022472,1,MOVEMENT_REVIEW_PRESENT|SLOPE_REVIEW_PRESENT|ROUTE_PHASE_UNKNOWN,"Descriptive route-load, behavior, proximity exposure, and weather evidence only; no ability or risk scoring."
ib3_personal_hiking_features_route_load_comparison_smoke_v1,9_1,qixing_lengshuikeng_9_1,True,2300,2350,UNKNOWN,107,107,1074,0.449004,0.331171,0.632513,0,0.261682,140,160.5,171,,,1071.107,1089.332,18.225,0.5,0.45,0,moderate,MODERATE_ROUTE_LOAD_EVIDENCE,road|steps,1,0,0,0,0,1,0,22,100,44.5,4.3,14.5,1,HIGH_HUMIDITY_CONTEXT|RAIN_OBSERVED_CONTEXT|WIND_GUST_OBSERVED_CONTEXT|STRONG_GUST_CONTEXT,True,1,0,0.028037,1,MOVEMENT_REVIEW_PRESENT|SLOPE_REVIEW_PRESENT|ROUTE_PHASE_UNKNOWN,"Descriptive route-load, behavior, proximity exposure, and weather evidence only; no ability or risk scoring."
ib3_personal_hiking_features_route_load_comparison_smoke_v1,9_1,qixing_lengshuikeng_9_1,True,2350,2400,UNKNOWN,166,166,1560,0.223995,0.121505,0.363328,0,0.722892,159,175,179,1.7075,18.48025,1089.785,1101.063,11.278,0.5,0.45,0,moderate,HIGH_ROUTE_LOAD_EVIDENCE,guidepost|peak|road|steps,0.777108,0.933735,0,0,0,1,0,22,100,44.5,4.3,14.5,1,HIGH_HUMIDITY_CONTEXT|RAIN_OBSERVED_CONTEXT|WIND_GUST_OBSERVED_CONTEXT|STRONG_GUST_CONTEXT,True,1,0,0.210843,0.987952,MOVEMENT_REVIEW_PRESENT|SLOPE_REVIEW_PRESENT|ROUTE_PHASE_UNKNOWN,"Descriptive route-load, behavior, proximity exposure, and weather evidence only; no ability or risk scoring."
ib3_personal_hiking_features_route_load_comparison_smoke_v1,9_1,qixing_lengshuikeng_9_1,True,2400,2450,UNKNOWN,80,80,1704,0.503617,0.208518,0.815868,0,0.3875,148,155,158,,,1093.229,1099.146,5.917,0.3,0.45,0,low,MODERATE_ROUTE_LOAD_EVIDENCE,guidepost|peak|road|steps,0.6125,0.5875,0,0,0,1,0,22,100,44.5,4.3,14.5,1,HIGH_HUMIDITY_CONTEXT|RAIN_OBSERVED_CONTEXT|WIND_GUST_OBSERVED_CONTEXT|STRONG_GUST_CONTEXT,True,1,0,0.1875,1,MOVEMENT_REVIEW_PRESENT|SLOPE_REVIEW_PRESENT|ROUTE_PHASE_UNKNOWN,"Descriptive route-load, behavior, proximity exposure, and weather evidence only; no ability or risk scoring."
ib3_personal_hiking_features_route_load_comparison_smoke_v1,9_1,qixing_lengshuikeng_9_1,True,2450,2500,UNKNOWN,73,73,1855,0.590467,0.353992,0.789073,0,0.232877,148,160,162,,,1083.107,1093.151,10.044,0.3,0,0,low,LOWER_ROUTE_LOAD_EVIDENCE,road|steps,0.328767,0,0,0,0,1,0,22,100,44.5,4.3,14.5,1,HIGH_HUMIDITY_CONTEXT|RAIN_OBSERVED_CONTEXT|WIND_GUST_OBSERVED_CONTEXT|STRONG_GUST_CONTEXT,True,1,0,0.109589,1,MOVEMENT_REVIEW_PRESENT|SLOPE_REVIEW_PRESENT|ROUTE_PHASE_UNKNOWN,"Descriptive route-load, behavior, proximity exposure, and weather evidence only; no ability or risk scoring."
ib3_personal_hiking_features_route_load_comparison_smoke_v1,9_1,qixing_lengshuikeng_9_1,True,2500,2550,UNKNOWN,83,83,2006,0.504943,0.155549,0.713462,0,0.409639,144,175,179,,,1077.624,1082.961,5.337,0.7,0.45,0,moderate,MODERATE_ROUTE_LOAD_EVIDENCE,road|steps,0.939759,0,0,0,0,1,0,22,100,44.5,4.3,14.5,1,HIGH_HUMIDITY_CONTEXT|RAIN_OBSERVED_CONTEXT|WIND_GUST_OBSERVED_CONTEXT|STRONG_GUST_CONTEXT,True,1,0,0.253012,1,MOVEMENT_REVIEW_PRESENT|SLOPE_REVIEW_PRESENT|ROUTE_PHASE_UNKNOWN,"Descriptive route-load, behavior, proximity exposure, and weather evidence only; no ability or risk scoring."
ib3_personal_hiking_features_route_load_comparison_smoke_v1,9_1,qixing_lengshuikeng_9_1,True,2550,2600,UNKNOWN,150,150,2303,0.204488,0.021756,0.378811,0,0.706667,145,176,178,,,1062.702,1077.351,14.649,0.7,0.45,0,moderate,MODERATE_ROUTE_LOAD_EVIDENCE,road|steps,1,0,0,0,0,1,0,22,100,44.5,4.3,14.5,1,HIGH_HUMIDITY_CONTEXT|RAIN_OBSERVED_CONTEXT|WIND_GUST_OBSERVED_CONTEXT|STRONG_GUST_CONTEXT,True,1,0,0.353333,1,MOVEMENT_REVIEW_PRESENT|SLOPE_REVIEW_PRESENT|ROUTE_PHASE_UNKNOWN,"Descriptive route-load, behavior, proximity exposure, and weather evidence only; no ability or risk scoring."
ib3_personal_hiking_features_route_load_comparison_smoke_v1,9_1,qixing_lengshuikeng_9_1,True,2600,2650,UNKNOWN,90,90,2491,0.306288,0.097991,0.599164,0,0.566667,137.5,178,179,,,1044.273,1056.683,12.41,0.7,0.45,0,moderate,MODERATE_ROUTE_LOAD_EVIDENCE,road|steps,1,0,0,0,0,1,0,22,100,44.5,4.3,14.5,1,HIGH_HUMIDITY_CONTEXT|RAIN_OBSERVED_CONTEXT|WIND_GUST_OBSERVED_CONTEXT|STRONG_GUST_CONTEXT,True,1,0,0.266667,1,MOVEMENT_REVIEW_PRESENT|SLOPE_REVIEW_PRESENT|ROUTE_PHASE_UNKNOWN,"Descriptive route-load, behavior, proximity exposure, and weather evidence only; no ability or risk scoring."
ib3_personal_hiking_features_route_load_comparison_smoke_v1,9_1,qixing_lengshuikeng_9_1,True,2650,2700,UNKNOWN,109,109,2701,0.231855,0.066846,0.394146,0,0.706422,145,173,174,-71.205,71.205,1018.927,1040.454,21.527,0.7,0.45,0,moderate,HIGH_ROUTE_LOAD_EVIDENCE,road|steps,1,0,0,0,0,1,0,22,100,44.5,4.3,14.5,1,HIGH_HUMIDITY_CONTEXT|RAIN_OBSERVED_CONTEXT|WIND_GUST_OBSERVED_CONTEXT|STRONG_GUST_CONTEXT,True,1,0,0.330275,0.990826,MOVEMENT_REVIEW_PRESENT|SLOPE_REVIEW_PRESENT|ROUTE_PHASE_UNKNOWN,"Descriptive route-load, behavior, proximity exposure, and weather evidence only; no ability or risk scoring."
ib3_personal_hiking_features_route_load_comparison_smoke_v1,9_1,qixing_lengshuikeng_9_1,True,2700,2750,UNKNOWN,121,121,2956,0.280547,0.11906,0.514902,0,0.603306,169,172,173,,,999.976,1018.537,18.561,0.7,0.45,0,moderate,MODERATE_ROUTE_LOAD_EVIDENCE,road|steps,1,0,0,0,0,1,0,22,100,44.5,4.3,14.5,1,HIGH_HUMIDITY_CONTEXT|RAIN_OBSERVED_CONTEXT|WIND_GUST_OBSERVED_CONTEXT|STRONG_GUST_CONTEXT,True,1,0,0.206612,1,MOVEMENT_REVIEW_PRESENT|SLOPE_REVIEW_PRESENT|ROUTE_PHASE_UNKNOWN,"Descriptive route-load, behavior, proximity exposure, and weather evidence only; no ability or risk scoring."
ib3_personal_hiking_features_route_load_comparison_smoke_v1,9_1,qixing_lengshuikeng_9_1,True,2750,2800,UNKNOWN,86,86,3142,0.369052,0.156103,0.571199,0,0.453488,158.5,171,172,-57.51,57.51,977.512,999.561,22.049,0.7,0.45,0,moderate,HIGH_ROUTE_LOAD_EVIDENCE,road|steps,1,0,0,0,0,1,0,22,100,44.5,4.3,14.5,1,HIGH_HUMIDITY_CONTEXT|RAIN_OBSERVED_CONTEXT|WIND_GUST_OBSERVED_CONTEXT|STRONG_GUST_CONTEXT,True,1,0,0.209302,0.988372,MOVEMENT_REVIEW_PRESENT|SLOPE_REVIEW_PRESENT|ROUTE_PHASE_UNKNOWN,"Descriptive route-load, behavior, proximity exposure, and weather evidence only; no ability or risk scoring."
ib3_personal_hiking_features_route_load_comparison_smoke_v1,9_1,qixing_lengshuikeng_9_1,True,2800,2850,UNKNOWN,162,162,3419,0.186355,0.036999,0.386649,0,0.703704,165,169,171,-36.116,36.116,955.951,976.566,20.615,0.7,0.45,0,moderate,HIGH_ROUTE_LOAD_EVIDENCE,road|steps,1,0,0,0,0,1,0,22,100,44.5,4.3,14.5,1,HIGH_HUMIDITY_CONTEXT|RAIN_OBSERVED_CONTEXT|WIND_GUST_OBSERVED_CONTEXT|STRONG_GUST_CONTEXT,True,1,0,0.364198,0.993827,MOVEMENT_REVIEW_PRESENT|SLOPE_REVIEW_PRESENT|ROUTE_PHASE_UNKNOWN,"Descriptive route-load, behavior, proximity exposure, and weather evidence only; no ability or risk scoring."
ib3_personal_hiking_features_route_load_comparison_smoke_v1,9_1,qixing_lengshuikeng_9_1,True,2850,2900,UNKNOWN,77,77,3576,0.555351,0.370703,0.910072,0,0.220779,155,158,161.4,-13.719,13.719,947.512,955.663,8.151,0.5,0,0,low,MODERATE_ROUTE_LOAD_EVIDENCE,road|steps,0.454545,0,0,0,0,1,0,22,100,44.5,4.3,14.5,1,HIGH_HUMIDITY_CONTEXT|RAIN_OBSERVED_CONTEXT|WIND_GUST_OBSERVED_CONTEXT|STRONG_GUST_CONTEXT,True,1,0,0,0.987013,SLOPE_REVIEW_PRESENT|ROUTE_PHASE_UNKNOWN,"Descriptive route-load, behavior, proximity exposure, and weather evidence only; no ability or risk scoring."
ib3_personal_hiking_features_route_load_comparison_smoke_v1,9_1,qixing_lengshuikeng_9_1,True,2900,2950,UNKNOWN,66,66,3710,0.623416,0.430581,0.886217,0,0.166667,157.5,165,170,,,938.073,947.312,9.239,0.5,0.45,0,moderate,MODERATE_ROUTE_LOAD_EVIDENCE,road|steps,1,0,0,0,0,1,0,22,100,44.5,4.3,14.5,1,HIGH_HUMIDITY_CONTEXT|RAIN_OBSERVED_CONTEXT|WIND_GUST_OBSERVED_CONTEXT|STRONG_GUST_CONTEXT,True,1,0,0.015152,1,MOVEMENT_REVIEW_PRESENT|SLOPE_REVIEW_PRESENT|ROUTE_PHASE_UNKNOWN,"Descriptive route-load, behavior, proximity exposure, and weather evidence only; no ability or risk scoring."
ib3_personal_hiking_features_route_load_comparison_smoke_v1,9_1,qixing_lengshuikeng_9_1,True,2950,3000,UNKNOWN,74,74,3855,0.590838,0.460508,0.749707,0,0.175676,160.5,169,172.7,-18.327,18.327,926.429,937.79,11.361,0.5,0.45,0,moderate,HIGH_ROUTE_LOAD_EVIDENCE,road|steps,1,0,0,0,0,1,0,22,100,44.5,4.3,14.5,1,HIGH_HUMIDITY_CONTEXT|RAIN_OBSERVED_CONTEXT|WIND_GUST_OBSERVED_CONTEXT|STRONG_GUST_CONTEXT,True,1,0,0.121622,0.986486,MOVEMENT_REVIEW_PRESENT|SLOPE_REVIEW_PRESENT|ROUTE_PHASE_UNKNOWN,"Descriptive route-load, behavior, proximity exposure, and weather evidence only; no ability or risk scoring."
ib3_personal_hiking_features_route_load_comparison_smoke_v1,9_1,qixing_lengshuikeng_9_1,True,3000,3050,UNKNOWN,54,54,3951,0.932445,0.830702,1.087602,0,0.055556,146,164,168,,,918.829,925.702,6.873,0.5,0,0,low,LOWER_ROUTE_LOAD_EVIDENCE,road,0,0,0,0,0,1,0,22,100,44.5,4.3,14.5,1,HIGH_HUMIDITY_CONTEXT|RAIN_OBSERVED_CONTEXT|WIND_GUST_OBSERVED_CONTEXT|STRONG_GUST_CONTEXT,True,1,0,0.037037,1,MOVEMENT_REVIEW_PRESENT|SLOPE_REVIEW_PRESENT|ROUTE_PHASE_UNKNOWN,"Descriptive route-load, behavior, proximity exposure, and weather evidence only; no ability or risk scoring."
ib3_personal_hiking_features_route_load_comparison_smoke_v1,9_1,qixing_lengshuikeng_9_1,True,3050,3100,UNKNOWN,50,50,4054,1.079949,0.799082,1.226239,0,0.1,150,172,177.1,,,917.049,918.79,1.741,0.5,0,0,low,LOWER_ROUTE_LOAD_EVIDENCE,road,0,0,0,0,0,1,0,22,100,44.5,4.3,14.5,1,HIGH_HUMIDITY_CONTEXT|RAIN_OBSERVED_CONTEXT|WIND_GUST_OBSERVED_CONTEXT|STRONG_GUST_CONTEXT,True,1,0,0,1,SLOPE_REVIEW_PRESENT|ROUTE_PHASE_UNKNOWN,"Descriptive route-load, behavior, proximity exposure, and weather evidence only; no ability or risk scoring."
ib3_personal_hiking_features_route_load_comparison_smoke_v1,9_1,qixing_lengshuikeng_9_1,True,3100,3150,UNKNOWN,61,61,4181,0.726331,0.429472,0.901685,0,0.229508,160,169,174,,,904.478,916.922,12.444,0.5,0,0,low,LOWER_ROUTE_LOAD_EVIDENCE,road,0,0,0,0,0,1,0,22,100,44.5,4.3,14.5,1,HIGH_HUMIDITY_CONTEXT|RAIN_OBSERVED_CONTEXT|WIND_GUST_OBSERVED_CONTEXT|STRONG_GUST_CONTEXT,True,1,0,0.065574,1,MOVEMENT_REVIEW_PRESENT|SLOPE_REVIEW_PRESENT|ROUTE_PHASE_UNKNOWN,"Descriptive route-load, behavior, proximity exposure, and weather evidence only; no ability or risk scoring."
ib3_personal_hiking_features_route_load_comparison_smoke_v1,9_1,qixing_lengshuikeng_9_1,True,3150,3200,UNKNOWN,52,52,4292,0.808504,0.670519,1.006025,0,0.057692,147.5,152,158.9,-21.216,21.216,894.171,903.951,9.78,0.5,0,0,low,HIGH_ROUTE_LOAD_EVIDENCE,road,0,0,0,0,0,1,0,22,100,44.5,4.3,14.5,1,HIGH_HUMIDITY_CONTEXT|RAIN_OBSERVED_CONTEXT|WIND_GUST_OBSERVED_CONTEXT|STRONG_GUST_CONTEXT,True,1,0,0.038462,0.980769,MOVEMENT_REVIEW_PRESENT|SLOPE_REVIEW_PRESENT|ROUTE_PHASE_UNKNOWN,"Descriptive route-load, behavior, proximity exposure, and weather evidence only; no ability or risk scoring."
ib3_personal_hiking_features_route_load_comparison_smoke_v1,9_1,qixing_lengshuikeng_9_1,True,3200,3250,UNKNOWN,62,62,4412,0.791591,0.541842,0.991505,0,0.096774,140.5,143,147.9,-9.2535,10.71375,890.615,894.029,3.414,0.5,0,0,low,MODERATE_ROUTE_LOAD_EVIDENCE,road,0,0,0,0,0,1,0,22,100,44.5,4.3,14.5,1,HIGH_HUMIDITY_CONTEXT|RAIN_OBSERVED_CONTEXT|WIND_GUST_OBSERVED_CONTEXT|STRONG_GUST_CONTEXT,True,1,0,0.048387,0.967742,MOVEMENT_REVIEW_PRESENT|SLOPE_REVIEW_PRESENT|ROUTE_PHASE_UNKNOWN,"Descriptive route-load, behavior, proximity exposure, and weather evidence only; no ability or risk scoring."
ib3_personal_hiking_features_route_load_comparison_smoke_v1,9_1,qixing_lengshuikeng_9_1,True,3250,3300,UNKNOWN,51,51,4513,0.962396,0.687678,1.102285,0,0.098039,132,150,152,7.328,7.328,889.444,892.556,3.112,0.3,0,0,low,LOWER_ROUTE_LOAD_EVIDENCE,road,0,0,0,0,0,1,0,22,100,44.5,4.3,14.5,1,HIGH_HUMIDITY_CONTEXT|RAIN_OBSERVED_CONTEXT|WIND_GUST_OBSERVED_CONTEXT|STRONG_GUST_CONTEXT,True,1,0,0.058824,0.980392,MOVEMENT_REVIEW_PRESENT|SLOPE_REVIEW_PRESENT|ROUTE_PHASE_UNKNOWN,"Descriptive route-load, behavior, proximity exposure, and weather evidence only; no ability or risk scoring."
ib3_personal_hiking_features_route_load_comparison_smoke_v1,9_1,qixing_lengshuikeng_9_1,True,3300,3350,UNKNOWN,53,53,4636,0.76949,0.579742,1.113436,0,0.169811,142,145,146.8,-4.558,4.558,885.907,888.737,2.83,0.5,0,0,low,LOWER_ROUTE_LOAD_EVIDENCE,guidepost|road,0,0.660377,0,0,0,1,0,22,100,44.5,4.3,14.5,1,HIGH_HUMIDITY_CONTEXT|RAIN_OBSERVED_CONTEXT|WIND_GUST_OBSERVED_CONTEXT|STRONG_GUST_CONTEXT,True,1,0,0.169811,0.981132,MOVEMENT_REVIEW_PRESENT|SLOPE_REVIEW_PRESENT|ROUTE_PHASE_UNKNOWN,"Descriptive route-load, behavior, proximity exposure, and weather evidence only; no ability or risk scoring."
ib3_personal_hiking_features_route_load_comparison_smoke_v1,9_1,qixing_lengshuikeng_9_1,True,3350,3400,UNKNOWN,45,45,4715,1.032748,0.926005,1.190407,0,0,140,142,143,,,883.585,885.834,2.249,0.3,0,0,low,LOWER_ROUTE_LOAD_EVIDENCE,guidepost|road,0,1,0,0,0,1,0,22,100,44.5,4.3,14.5,1,HIGH_HUMIDITY_CONTEXT|RAIN_OBSERVED_CONTEXT|WIND_GUST_OBSERVED_CONTEXT|STRONG_GUST_CONTEXT,True,1,0,0.022222,1,MOVEMENT_REVIEW_PRESENT|SLOPE_REVIEW_PRESENT|ROUTE_PHASE_UNKNOWN,"Descriptive route-load, behavior, proximity exposure, and weather evidence only; no ability or risk scoring."
ib3_personal_hiking_features_route_load_comparison_smoke_v1,9_1,qixing_lengshuikeng_9_1,True,3400,3450,UNKNOWN,127,127,4855,0.679935,0.550049,0.917584,0,0.110236,148,154,157,20.657,20.7255,883.966,892.815,8.849,0.3,0,0,low,HIGH_ROUTE_LOAD_EVIDENCE,guidepost|peak|road|shelter,0,0.275591,0.748031,0,0,1,0,22,100,44.5,4.3,14.5,1,HIGH_HUMIDITY_CONTEXT|RAIN_OBSERVED_CONTEXT|WIND_GUST_OBSERVED_CONTEXT|STRONG_GUST_CONTEXT,True,1,0,0.031496,0.984252,MOVEMENT_REVIEW_PRESENT|SLOPE_REVIEW_PRESENT|ROUTE_PHASE_UNKNOWN,"Descriptive route-load, behavior, proximity exposure, and weather evidence only; no ability or risk scoring."
ib3_personal_hiking_features_route_load_comparison_smoke_v1,9_1,qixing_lengshuikeng_9_1,True,3450,3500,UNKNOWN,21,21,4889,0.44899,0.326526,0.73777,0,0.333333,169,171,173,,,892.995,895.234,2.239,0.3,0,0,low,LOWER_ROUTE_LOAD_EVIDENCE,peak|road|shelter,0,0,1,0,0,1,0,22,100,44.5,4.3,14.5,1,HIGH_HUMIDITY_CONTEXT|RAIN_OBSERVED_CONTEXT|WIND_GUST_OBSERVED_CONTEXT|STRONG_GUST_CONTEXT,True,1,0,0,1,SLOPE_REVIEW_PRESENT|ROUTE_PHASE_UNKNOWN,"Descriptive route-load, behavior, proximity exposure, and weather evidence only; no ability or risk scoring."
ib3_personal_hiking_features_route_load_comparison_smoke_v1,9_1,qixing_lengshuikeng_9_1,True,3500,3550,UNKNOWN,6,6,4710,1.075949,0.968558,1.539388,0,0,140.5,141,141.5,116.942,116.942,888.4,888.439,0.039,0.3,0,0,low,HIGH_ROUTE_LOAD_EVIDENCE,guidepost|road,0,1,0,0,0,1,0,22,100,44.5,4.3,14.5,1,HIGH_HUMIDITY_CONTEXT|RAIN_OBSERVED_CONTEXT|WIND_GUST_OBSERVED_CONTEXT|STRONG_GUST_CONTEXT,True,1,0,0,0.833333,SLOPE_REVIEW_PRESENT|ROUTE_PHASE_UNKNOWN,"Descriptive route-load, behavior, proximity exposure, and weather evidence only; no ability or risk scoring."
ib3_personal_hiking_features_route_load_comparison_smoke_v1,9_1,qixing_lengshuikeng_9_1,True,3600,3650,UNKNOWN,35,35,4966,0.617384,0.556853,0.826613,0,0.057143,174,176,176,,,886.029,893.854,7.825,0.3,0.45,0,low,MODERATE_ROUTE_LOAD_EVIDENCE,peak|road|shelter|steps,0.942857,0,0.514286,0,0,1,0,22,100,44.5,4.3,14.5,1,HIGH_HUMIDITY_CONTEXT|RAIN_OBSERVED_CONTEXT|WIND_GUST_OBSERVED_CONTEXT|STRONG_GUST_CONTEXT,True,1,0,0,1,SLOPE_REVIEW_PRESENT|ROUTE_PHASE_UNKNOWN,"Descriptive route-load, behavior, proximity exposure, and weather evidence only; no ability or risk scoring."
ib3_personal_hiking_features_route_load_comparison_smoke_v1,9_1,qixing_lengshuikeng_9_1,True,3650,3700,UNKNOWN,63,63,5103,0.709133,0.608538,0.776396,0,0,148,170,175.8,,,872.946,885.663,12.717,0.5,0.45,0,moderate,MODERATE_ROUTE_LOAD_EVIDENCE,road|steps,1,0,0,0,0,1,0,22,100,44.5,4.3,14.5,1,HIGH_HUMIDITY_CONTEXT|RAIN_OBSERVED_CONTEXT|WIND_GUST_OBSERVED_CONTEXT|STRONG_GUST_CONTEXT,True,1,0,0,1,SLOPE_REVIEW_PRESENT|ROUTE_PHASE_UNKNOWN,"Descriptive route-load, behavior, proximity exposure, and weather evidence only; no ability or risk scoring."
ib3_personal_hiking_features_route_load_comparison_smoke_v1,9_1,qixing_lengshuikeng_9_1,True,3700,3750,UNKNOWN,57,57,5213,0.760699,0.662453,0.861049,0,0.035088,140,163,164,,,861.229,872.712,11.483,0.7,0.45,0,moderate,MODERATE_ROUTE_LOAD_EVIDENCE,road|steps,1,0,0,0,0,1,0,22,100,44.5,4.3,14.5,1,HIGH_HUMIDITY_CONTEXT|RAIN_OBSERVED_CONTEXT|WIND_GUST_OBSERVED_CONTEXT|STRONG_GUST_CONTEXT,True,1,0,0.035088,1,MOVEMENT_REVIEW_PRESENT|SLOPE_REVIEW_PRESENT|ROUTE_PHASE_UNKNOWN,"Descriptive route-load, behavior, proximity exposure, and weather evidence only; no ability or risk scoring."
ib3_personal_hiking_features_route_load_comparison_smoke_v1,9_1,qixing_lengshuikeng_9_1,True,3750,3800,UNKNOWN,81,81,5402,0.61989,0.352201,0.836861,0,0.246914,164,169,172,,,850.683,860.888,10.205,0.7,0.45,0,moderate,MODERATE_ROUTE_LOAD_EVIDENCE,road|steps,1,0,0,0,0,1,0,22,100,44.5,4.3,14.5,1,HIGH_HUMIDITY_CONTEXT|RAIN_OBSERVED_CONTEXT|WIND_GUST_OBSERVED_CONTEXT|STRONG_GUST_CONTEXT,True,1,0,0.024691,1,MOVEMENT_REVIEW_PRESENT|SLOPE_REVIEW_PRESENT|ROUTE_PHASE_UNKNOWN,"Descriptive route-load, behavior, proximity exposure, and weather evidence only; no ability or risk scoring."
ib3_personal_hiking_features_route_load_comparison_smoke_v1,9_1,qixing_lengshuikeng_9_1,True,3800,3850,UNKNOWN,74,74,5562,0.516142,0.409376,0.704817,0,0.135135,163,165,169,-36.897,36.897,836.605,850.332,13.727,0.7,0.45,0,moderate,HIGH_ROUTE_LOAD_EVIDENCE,road|steps,1,0,0,0,0,1,0,22,100,44.5,4.3,14.5,1,HIGH_HUMIDITY_CONTEXT|RAIN_OBSERVED_CONTEXT|WIND_GUST_OBSERVED_CONTEXT|STRONG_GUST_CONTEXT,True,1,0,0.027027,0.986486,MOVEMENT_REVIEW_PRESENT|SLOPE_REVIEW_PRESENT|ROUTE_PHASE_UNKNOWN,"Descriptive route-load, behavior, proximity exposure, and weather evidence only; no ability or risk scoring."
ib3_personal_hiking_features_route_load_comparison_smoke_v1,9_1,qixing_lengshuikeng_9_1,True,3850,3900,UNKNOWN,70,70,5713,0.544187,0.412062,0.849684,0,0.142857,148,174,177,,,826.21,836.546,10.336,0.7,0.45,0,moderate,MODERATE_ROUTE_LOAD_EVIDENCE,road|steps,1,0,0,0,0,1,0,22,100,44.5,4.3,14.5,1,HIGH_HUMIDITY_CONTEXT|RAIN_OBSERVED_CONTEXT|WIND_GUST_OBSERVED_CONTEXT|STRONG_GUST_CONTEXT,True,1,0,0,1,SLOPE_REVIEW_PRESENT|ROUTE_PHASE_UNKNOWN,"Descriptive route-load, behavior, proximity exposure, and weather evidence only; no ability or risk scoring."
ib3_personal_hiking_features_route_load_comparison_smoke_v1,9_1,qixing_lengshuikeng_9_1,True,3900,3950,UNKNOWN,73,73,5873,0.472908,0.352186,0.666859,0,0.232877,141,173,174,,,810.141,825.893,15.752,0.7,0.45,0,moderate,MODERATE_ROUTE_LOAD_EVIDENCE,road|steps,1,0,0,0,0,1,0,22,100,44.5,4.3,14.5,1,HIGH_HUMIDITY_CONTEXT|RAIN_OBSERVED_CONTEXT|WIND_GUST_OBSERVED_CONTEXT|STRONG_GUST_CONTEXT,True,1,0,0.136986,1,MOVEMENT_REVIEW_PRESENT|SLOPE_REVIEW_PRESENT|ROUTE_PHASE_UNKNOWN,"Descriptive route-load, behavior, proximity exposure, and weather evidence only; no ability or risk scoring."
ib3_personal_hiking_features_route_load_comparison_smoke_v1,9_1,qixing_lengshuikeng_9_1,True,3950,4000,UNKNOWN,78,78,6048,0.504205,0.391231,0.583094,0,0.205128,165,169,170,50.714,50.714,788.951,809.698,20.747,0.7,0.45,0,moderate,HIGH_ROUTE_LOAD_EVIDENCE,road|steps|waterway,1,0,0,0.24359,0,1,0,22,100,44.5,4.3,14.5,1,HIGH_HUMIDITY_CONTEXT|RAIN_OBSERVED_CONTEXT|WIND_GUST_OBSERVED_CONTEXT|STRONG_GUST_CONTEXT,True,1,0,0.051282,0.987179,MOVEMENT_REVIEW_PRESENT|SLOPE_REVIEW_PRESENT|ROUTE_PHASE_UNKNOWN,"Descriptive route-load, behavior, proximity exposure, and weather evidence only; no ability or risk scoring."
ib3_personal_hiking_features_route_load_comparison_smoke_v1,9_1,qixing_lengshuikeng_9_1,True,4000,4050,UNKNOWN,113,113,6256,0.437522,0.246432,0.57661,0,0.371681,140,165,167,,,772.615,788.566,15.951,0.7,0.45,0,moderate,MODERATE_ROUTE_LOAD_EVIDENCE,road|steps|waterway,1,0,0,0.982301,0,1,0,22,100,44.5,4.3,14.5,1,HIGH_HUMIDITY_CONTEXT|RAIN_OBSERVED_CONTEXT|WIND_GUST_OBSERVED_CONTEXT|STRONG_GUST_CONTEXT,True,1,0,0.088496,1,MOVEMENT_REVIEW_PRESENT|SLOPE_REVIEW_PRESENT|ROUTE_PHASE_UNKNOWN,"Descriptive route-load, behavior, proximity exposure, and weather evidence only; no ability or risk scoring."
ib3_personal_hiking_features_route_load_comparison_smoke_v1,9_1,qixing_lengshuikeng_9_1,True,4050,4100,UNKNOWN,59,59,6375,0.641774,0.434007,0.878594,0,0.118644,139,155,156,-0.458,20.519,761.888,772.005,10.117,0.5,0.45,0,moderate,HIGH_ROUTE_LOAD_EVIDENCE,road|steps|waterway,1,0,0,0.084746,0,1,0,22,100,44.5,4.3,14.5,1,HIGH_HUMIDITY_CONTEXT|RAIN_OBSERVED_CONTEXT|WIND_GUST_OBSERVED_CONTEXT|STRONG_GUST_CONTEXT,True,1,0,0.033898,0.966102,MOVEMENT_REVIEW_PRESENT|SLOPE_REVIEW_PRESENT|ROUTE_PHASE_UNKNOWN,"Descriptive route-load, behavior, proximity exposure, and weather evidence only; no ability or risk scoring."
ib3_personal_hiking_features_route_load_comparison_smoke_v1,9_1,qixing_lengshuikeng_9_1,True,4100,4150,UNKNOWN,42,42,6472,0.999968,0.699235,1.145458,0,0.071429,137.5,146.75,152,,,759.18,761.722,2.542,0.5,0,0,moderate,MODERATE_ROUTE_LOAD_EVIDENCE,guidepost|road|steps|waterway,0.428571,0.714286,0,1,0,1,0,22,100,44.5,4.3,14.5,1,HIGH_HUMIDITY_CONTEXT|RAIN_OBSERVED_CONTEXT|WIND_GUST_OBSERVED_CONTEXT|STRONG_GUST_CONTEXT,True,1,0,0.02381,1,MOVEMENT_REVIEW_PRESENT|SLOPE_REVIEW_PRESENT|ROUTE_PHASE_UNKNOWN,"Descriptive route-load, behavior, proximity exposure, and weather evidence only; no ability or risk scoring."
ib3_personal_hiking_features_route_load_comparison_smoke_v1,9_1,qixing_lengshuikeng_9_1,True,4150,4200,UNKNOWN,72,72,6652,0.806597,0.496783,1.132466,0,0.138889,135,138,140.9,,,753.626,759.102,5.476,0.5,0.45,0,moderate,MODERATE_ROUTE_LOAD_EVIDENCE,guidepost|road|steps|trailhead|waterway,0.722222,0.277778,0,1,0,1,0,22,100,44.5,4.3,14.5,1,HIGH_HUMIDITY_CONTEXT|RAIN_OBSERVED_CONTEXT|WIND_GUST_OBSERVED_CONTEXT|STRONG_GUST_CONTEXT,True,1,0,0.236111,1,MOVEMENT_REVIEW_PRESENT|SLOPE_REVIEW_PRESENT|ROUTE_PHASE_UNKNOWN,"Descriptive route-load, behavior, proximity exposure, and weather evidence only; no ability or risk scoring."
