source_path,exists,row_count,candidate_columns,source_role,usable_for_fork_exposure,source_gap_reason
outputs\activity_points_osm_nlsc_corrected_v1c_refit_mainline\qixing_lengshuikeng\37_1\qixing_lengshuikeng_37_1_activity_points_osm_nlsc_corrected_v1c.csv,True,9533,route_folder|case_id|subject_id|trial_id|row_index|point_index|activity_id|timestamp_s|elapsed_sec|dt_sec|lat|lon|ele_m|distance_m|heart_rate_bpm|route_dist_m|projected_route_dist_m|nearest_route_dist_m|reliable_route_dist_m|route_progress_reliable|route_progress_state|route_projection_confidence|route_projection_note|offset_m|segment_id|direction_hint|match_quality|source_file|sequence_match_score|candidate_rank|route_dist_delta_m|reliable_route_dist_delta_m|implied_route_speed_mps|sequence_jump_guard_flag|sequence_branch_ambiguity_flag|summit_dist_m|summit_reached_flag|candidate_phase|summit_transition_lock_applied|summit_transition_release_flag|source_csv_row_index|usable_on_route|excluded_reason|excursion_id|manual_override_applied|manual_event_id|manual_label|manual_interpretation|segment_role|route_progress_excluded|route_context_dist_m|route_context_ele_smooth|route_context_ele_gpx_m|route_context_slope_band_window_nlsc|route_context_terrain_window_risk_score|route_context_hydro_terrain_amplifier_score|route_context_osm_terrain_combined_risk_score|route_context_osm_terrain_combined_risk_band|route_context_osm_highway|route_context_osm_surface|route_context_surface_class|route_context_route_semantic_class|route_context_facility_flags|route_context_rest_flags|route_context_support_flags|route_context_hydrology_flags|route_context_visibility_class|route_context_osm_difficulty_class|route_context_join_dist_diff_m|route_context_match_status|activity_route_context_join_dist_col|route_context_model_status|route_context_model_usable|route_context_model_exclusion_reason|route_context_model_offset_col|route_context_model_max_offset_m|route_context_source_fp|activity_points_source_fp|route_context_model_status_v1c|route_context_model_usable_v1c,activity_mapmatch_or_wrong_branch_diagnostic_not_fork_inventory,False,"Branch ambiguity and wrong-branch diagnostics are useful navigation behavior context, but they do not enumerate route fork or decision point exposure."
outputs\activity_points_osm_nlsc_corrected_v1c_refit_mainline_offset3\qixing_lengshuikeng\13_1\qixing_lengshuikeng_13_1_activity_points_osm_nlsc_corrected_v1c.csv,True,8325,route_folder|case_id|subject_id|trial_id|row_index|point_index|activity_id|timestamp_s|elapsed_sec|dt_sec|lat|lon|ele_m|distance_m|heart_rate_bpm|route_dist_m|projected_route_dist_m|nearest_route_dist_m|reliable_route_dist_m|route_progress_reliable|route_progress_state|route_projection_confidence|route_projection_note|offset_m|segment_id|direction_hint|match_quality|source_file|sequence_match_score|candidate_rank|route_dist_delta_m|reliable_route_dist_delta_m|implied_route_speed_mps|sequence_jump_guard_flag|sequence_branch_ambiguity_flag|summit_dist_m|summit_reached_flag|candidate_phase|summit_transition_lock_applied|summit_transition_release_flag|source_csv_row_index|usable_on_route|excluded_reason|excursion_id|manual_override_applied|manual_event_id|manual_label|manual_interpretation|segment_role|route_progress_excluded|route_context_dist_m|route_context_ele_smooth|route_context_ele_gpx_m|route_context_slope_band_window_nlsc|route_context_terrain_window_risk_score|route_context_hydro_terrain_amplifier_score|route_context_osm_terrain_combined_risk_score|route_context_osm_terrain_combined_risk_band|route_context_osm_highway|route_context_osm_surface|route_context_surface_class|route_context_route_semantic_class|route_context_facility_flags|route_context_rest_flags|route_context_support_flags|route_context_hydrology_flags|route_context_visibility_class|route_context_osm_difficulty_class|route_context_join_dist_diff_m|route_context_match_status|activity_route_context_join_dist_col|route_context_model_status|route_context_model_usable|route_context_model_exclusion_reason|route_context_model_offset_col|route_context_model_max_offset_m|route_context_source_fp|activity_points_source_fp|route_context_model_status_v1c|route_context_model_usable_v1c,activity_mapmatch_or_wrong_branch_diagnostic_not_fork_inventory,False,"Branch ambiguity and wrong-branch diagnostics are useful navigation behavior context, but they do not enumerate route fork or decision point exposure."
outputs\activity_points_osm_nlsc_corrected_v1c_refit_mainline_offset3\qixing_lengshuikeng\14_1\qixing_lengshuikeng_14_1_activity_points_osm_nlsc_corrected_v1c.csv,True,7202,route_folder|case_id|subject_id|trial_id|row_index|point_index|activity_id|timestamp_s|elapsed_sec|dt_sec|lat|lon|ele_m|distance_m|heart_rate_bpm|route_dist_m|projected_route_dist_m|nearest_route_dist_m|reliable_route_dist_m|route_progress_reliable|route_progress_state|route_projection_confidence|route_projection_note|offset_m|segment_id|direction_hint|match_quality|source_file|sequence_match_score|candidate_rank|route_dist_delta_m|reliable_route_dist_delta_m|implied_route_speed_mps|sequence_jump_guard_flag|sequence_branch_ambiguity_flag|summit_dist_m|summit_reached_flag|candidate_phase|summit_transition_lock_applied|summit_transition_release_flag|source_csv_row_index|usable_on_route|excluded_reason|excursion_id|manual_override_applied|manual_event_id|manual_label|manual_interpretation|segment_role|route_progress_excluded|route_context_dist_m|route_context_ele_smooth|route_context_ele_gpx_m|route_context_slope_band_window_nlsc|route_context_terrain_window_risk_score|route_context_hydro_terrain_amplifier_score|route_context_osm_terrain_combined_risk_score|route_context_osm_terrain_combined_risk_band|route_context_osm_highway|route_context_osm_surface|route_context_surface_class|route_context_route_semantic_class|route_context_facility_flags|route_context_rest_flags|route_context_support_flags|route_context_hydrology_flags|route_context_visibility_class|route_context_osm_difficulty_class|route_context_join_dist_diff_m|route_context_match_status|activity_route_context_join_dist_col|route_context_model_status|route_context_model_usable|route_context_model_exclusion_reason|route_context_model_offset_col|route_context_model_max_offset_m|route_context_source_fp|activity_points_source_fp|route_context_model_status_v1c|route_context_model_usable_v1c,activity_mapmatch_or_wrong_branch_diagnostic_not_fork_inventory,False,"Branch ambiguity and wrong-branch diagnostics are useful navigation behavior context, but they do not enumerate route fork or decision point exposure."
outputs\activity_points_osm_nlsc_corrected_v1c_refit_mainline_offset3\qixing_lengshuikeng\15_1\qixing_lengshuikeng_15_1_activity_points_osm_nlsc_corrected_v1c.csv,True,17282,route_folder|case_id|subject_id|trial_id|row_index|point_index|activity_id|timestamp_s|elapsed_sec|dt_sec|lat|lon|ele_m|distance_m|heart_rate_bpm|route_dist_m|projected_route_dist_m|nearest_route_dist_m|reliable_route_dist_m|route_progress_reliable|route_progress_state|route_projection_confidence|route_projection_note|offset_m|segment_id|direction_hint|match_quality|source_file|sequence_match_score|candidate_rank|route_dist_delta_m|reliable_route_dist_delta_m|implied_route_speed_mps|sequence_jump_guard_flag|sequence_branch_ambiguity_flag|summit_dist_m|summit_reached_flag|candidate_phase|summit_transition_lock_applied|summit_transition_release_flag|source_csv_row_index|usable_on_route|excluded_reason|excursion_id|manual_override_applied|manual_event_id|manual_label|manual_interpretation|segment_role|route_progress_excluded|route_context_dist_m|route_context_ele_smooth|route_context_ele_gpx_m|route_context_slope_band_window_nlsc|route_context_terrain_window_risk_score|route_context_hydro_terrain_amplifier_score|route_context_osm_terrain_combined_risk_score|route_context_osm_terrain_combined_risk_band|route_context_osm_highway|route_context_osm_surface|route_context_surface_class|route_context_route_semantic_class|route_context_facility_flags|route_context_rest_flags|route_context_support_flags|route_context_hydrology_flags|route_context_visibility_class|route_context_osm_difficulty_class|route_context_join_dist_diff_m|route_context_match_status|activity_route_context_join_dist_col|route_context_model_status|route_context_model_usable|route_context_model_exclusion_reason|route_context_model_offset_col|route_context_model_max_offset_m|route_context_source_fp|activity_points_source_fp|route_context_model_status_v1c|route_context_model_usable_v1c,activity_mapmatch_or_wrong_branch_diagnostic_not_fork_inventory,False,"Branch ambiguity and wrong-branch diagnostics are useful navigation behavior context, but they do not enumerate route fork or decision point exposure."
outputs\activity_points_osm_nlsc_corrected_v1c_refit_mainline_offset3\qixing_lengshuikeng\16_1\qixing_lengshuikeng_16_1_activity_points_osm_nlsc_corrected_v1c.csv,True,10200,route_folder|case_id|subject_id|trial_id|row_index|point_index|activity_id|timestamp_s|elapsed_sec|dt_sec|lat|lon|ele_m|distance_m|heart_rate_bpm|route_dist_m|projected_route_dist_m|nearest_route_dist_m|reliable_route_dist_m|route_progress_reliable|route_progress_state|route_projection_confidence|route_projection_note|offset_m|segment_id|direction_hint|match_quality|source_file|sequence_match_score|candidate_rank|route_dist_delta_m|reliable_route_dist_delta_m|implied_route_speed_mps|sequence_jump_guard_flag|sequence_branch_ambiguity_flag|summit_dist_m|summit_reached_flag|candidate_phase|summit_transition_lock_applied|summit_transition_release_flag|source_csv_row_index|usable_on_route|excluded_reason|excursion_id|manual_override_applied|manual_event_id|manual_label|manual_interpretation|segment_role|route_progress_excluded|route_context_dist_m|route_context_ele_smooth|route_context_ele_gpx_m|route_context_slope_band_window_nlsc|route_context_terrain_window_risk_score|route_context_hydro_terrain_amplifier_score|route_context_osm_terrain_combined_risk_score|route_context_osm_terrain_combined_risk_band|route_context_osm_highway|route_context_osm_surface|route_context_surface_class|route_context_route_semantic_class|route_context_facility_flags|route_context_rest_flags|route_context_support_flags|route_context_hydrology_flags|route_context_visibility_class|route_context_osm_difficulty_class|route_context_join_dist_diff_m|route_context_match_status|activity_route_context_join_dist_col|route_context_model_status|route_context_model_usable|route_context_model_exclusion_reason|route_context_model_offset_col|route_context_model_max_offset_m|route_context_source_fp|activity_points_source_fp|route_context_model_status_v1c|route_context_model_usable_v1c,activity_mapmatch_or_wrong_branch_diagnostic_not_fork_inventory,False,"Branch ambiguity and wrong-branch diagnostics are useful navigation behavior context, but they do not enumerate route fork or decision point exposure."
outputs\activity_points_osm_nlsc_corrected_v1c_refit_mainline_offset3\qixing_lengshuikeng\20_1\qixing_lengshuikeng_20_1_activity_points_osm_nlsc_corrected_v1c.csv,True,17452,route_folder|case_id|subject_id|trial_id|row_index|point_index|activity_id|timestamp_s|elapsed_sec|dt_sec|lat|lon|ele_m|distance_m|heart_rate_bpm|route_dist_m|projected_route_dist_m|nearest_route_dist_m|reliable_route_dist_m|route_progress_reliable|route_progress_state|route_projection_confidence|route_projection_note|offset_m|segment_id|direction_hint|match_quality|source_file|sequence_match_score|candidate_rank|route_dist_delta_m|reliable_route_dist_delta_m|implied_route_speed_mps|sequence_jump_guard_flag|sequence_branch_ambiguity_flag|summit_dist_m|summit_reached_flag|candidate_phase|summit_transition_lock_applied|summit_transition_release_flag|source_csv_row_index|usable_on_route|excluded_reason|excursion_id|manual_override_applied|manual_event_id|manual_label|manual_interpretation|segment_role|route_progress_excluded|route_context_dist_m|route_context_ele_smooth|route_context_ele_gpx_m|route_context_slope_band_window_nlsc|route_context_terrain_window_risk_score|route_context_hydro_terrain_amplifier_score|route_context_osm_terrain_combined_risk_score|route_context_osm_terrain_combined_risk_band|route_context_osm_highway|route_context_osm_surface|route_context_surface_class|route_context_route_semantic_class|route_context_facility_flags|route_context_rest_flags|route_context_support_flags|route_context_hydrology_flags|route_context_visibility_class|route_context_osm_difficulty_class|route_context_join_dist_diff_m|route_context_match_status|activity_route_context_join_dist_col|route_context_model_status|route_context_model_usable|route_context_model_exclusion_reason|route_context_model_offset_col|route_context_model_max_offset_m|route_context_source_fp|activity_points_source_fp|route_context_model_status_v1c|route_context_model_usable_v1c,activity_mapmatch_or_wrong_branch_diagnostic_not_fork_inventory,False,"Branch ambiguity and wrong-branch diagnostics are useful navigation behavior context, but they do not enumerate route fork or decision point exposure."
outputs\activity_points_osm_nlsc_corrected_v1c_refit_mainline_offset3\qixing_lengshuikeng\28_1\qixing_lengshuikeng_28_1_activity_points_osm_nlsc_corrected_v1c.csv,True,8636,route_folder|case_id|subject_id|trial_id|row_index|point_index|activity_id|timestamp_s|elapsed_sec|dt_sec|lat|lon|ele_m|distance_m|heart_rate_bpm|route_dist_m|projected_route_dist_m|nearest_route_dist_m|reliable_route_dist_m|route_progress_reliable|route_progress_state|route_projection_confidence|route_projection_note|offset_m|segment_id|direction_hint|match_quality|source_file|sequence_match_score|candidate_rank|route_dist_delta_m|reliable_route_dist_delta_m|implied_route_speed_mps|sequence_jump_guard_flag|sequence_branch_ambiguity_flag|summit_dist_m|summit_reached_flag|candidate_phase|summit_transition_lock_applied|summit_transition_release_flag|source_csv_row_index|usable_on_route|excluded_reason|excursion_id|manual_override_applied|manual_event_id|manual_label|manual_interpretation|segment_role|route_progress_excluded|route_context_dist_m|route_context_ele_smooth|route_context_ele_gpx_m|route_context_slope_band_window_nlsc|route_context_terrain_window_risk_score|route_context_hydro_terrain_amplifier_score|route_context_osm_terrain_combined_risk_score|route_context_osm_terrain_combined_risk_band|route_context_osm_highway|route_context_osm_surface|route_context_surface_class|route_context_route_semantic_class|route_context_facility_flags|route_context_rest_flags|route_context_support_flags|route_context_hydrology_flags|route_context_visibility_class|route_context_osm_difficulty_class|route_context_join_dist_diff_m|route_context_match_status|activity_route_context_join_dist_col|route_context_model_status|route_context_model_usable|route_context_model_exclusion_reason|route_context_model_offset_col|route_context_model_max_offset_m|route_context_source_fp|activity_points_source_fp|route_context_model_status_v1c|route_context_model_usable_v1c,activity_mapmatch_or_wrong_branch_diagnostic_not_fork_inventory,False,"Branch ambiguity and wrong-branch diagnostics are useful navigation behavior context, but they do not enumerate route fork or decision point exposure."
outputs\activity_points_osm_nlsc_corrected_v1c_refit_mainline_offset3\qixing_lengshuikeng\30_1\qixing_lengshuikeng_30_1_activity_points_osm_nlsc_corrected_v1c.csv,True,17563,route_folder|case_id|subject_id|trial_id|row_index|point_index|activity_id|timestamp_s|elapsed_sec|dt_sec|lat|lon|ele_m|distance_m|heart_rate_bpm|route_dist_m|projected_route_dist_m|nearest_route_dist_m|reliable_route_dist_m|route_progress_reliable|route_progress_state|route_projection_confidence|route_projection_note|offset_m|segment_id|direction_hint|match_quality|source_file|sequence_match_score|candidate_rank|route_dist_delta_m|reliable_route_dist_delta_m|implied_route_speed_mps|sequence_jump_guard_flag|sequence_branch_ambiguity_flag|summit_dist_m|summit_reached_flag|candidate_phase|summit_transition_lock_applied|summit_transition_release_flag|source_csv_row_index|usable_on_route|excluded_reason|excursion_id|manual_override_applied|manual_event_id|manual_label|manual_interpretation|segment_role|route_progress_excluded|route_context_dist_m|route_context_ele_smooth|route_context_ele_gpx_m|route_context_slope_band_window_nlsc|route_context_terrain_window_risk_score|route_context_hydro_terrain_amplifier_score|route_context_osm_terrain_combined_risk_score|route_context_osm_terrain_combined_risk_band|route_context_osm_highway|route_context_osm_surface|route_context_surface_class|route_context_route_semantic_class|route_context_facility_flags|route_context_rest_flags|route_context_support_flags|route_context_hydrology_flags|route_context_visibility_class|route_context_osm_difficulty_class|route_context_join_dist_diff_m|route_context_match_status|activity_route_context_join_dist_col|route_context_model_status|route_context_model_usable|route_context_model_exclusion_reason|route_context_model_offset_col|route_context_model_max_offset_m|route_context_source_fp|activity_points_source_fp|route_context_model_status_v1c|route_context_model_usable_v1c,activity_mapmatch_or_wrong_branch_diagnostic_not_fork_inventory,False,"Branch ambiguity and wrong-branch diagnostics are useful navigation behavior context, but they do not enumerate route fork or decision point exposure."
outputs\activity_points_osm_nlsc_corrected_v1c_refit_mainline_offset3\qixing_lengshuikeng\33_1\qixing_lengshuikeng_33_1_activity_points_osm_nlsc_corrected_v1c.csv,True,6582,route_folder|case_id|subject_id|trial_id|row_index|point_index|activity_id|timestamp_s|elapsed_sec|dt_sec|lat|lon|ele_m|distance_m|heart_rate_bpm|route_dist_m|projected_route_dist_m|nearest_route_dist_m|reliable_route_dist_m|route_progress_reliable|route_progress_state|route_projection_confidence|route_projection_note|offset_m|segment_id|direction_hint|match_quality|source_file|sequence_match_score|candidate_rank|route_dist_delta_m|reliable_route_dist_delta_m|implied_route_speed_mps|sequence_jump_guard_flag|sequence_branch_ambiguity_flag|summit_dist_m|summit_reached_flag|candidate_phase|summit_transition_lock_applied|summit_transition_release_flag|source_csv_row_index|usable_on_route|excluded_reason|excursion_id|manual_override_applied|manual_event_id|manual_label|manual_interpretation|segment_role|route_progress_excluded|route_context_dist_m|route_context_ele_smooth|route_context_ele_gpx_m|route_context_slope_band_window_nlsc|route_context_terrain_window_risk_score|route_context_hydro_terrain_amplifier_score|route_context_osm_terrain_combined_risk_score|route_context_osm_terrain_combined_risk_band|route_context_osm_highway|route_context_osm_surface|route_context_surface_class|route_context_route_semantic_class|route_context_facility_flags|route_context_rest_flags|route_context_support_flags|route_context_hydrology_flags|route_context_visibility_class|route_context_osm_difficulty_class|route_context_join_dist_diff_m|route_context_match_status|activity_route_context_join_dist_col|route_context_model_status|route_context_model_usable|route_context_model_exclusion_reason|route_context_model_offset_col|route_context_model_max_offset_m|route_context_source_fp|activity_points_source_fp|route_context_model_status_v1c|route_context_model_usable_v1c,activity_mapmatch_or_wrong_branch_diagnostic_not_fork_inventory,False,"Branch ambiguity and wrong-branch diagnostics are useful navigation behavior context, but they do not enumerate route fork or decision point exposure."
outputs\activity_points_osm_nlsc_corrected_v1c_refit_mainline_offset3\qixing_lengshuikeng\36_1\qixing_lengshuikeng_36_1_activity_points_osm_nlsc_corrected_v1c.csv,True,8015,route_folder|case_id|subject_id|trial_id|row_index|point_index|activity_id|timestamp_s|elapsed_sec|dt_sec|lat|lon|ele_m|distance_m|heart_rate_bpm|route_dist_m|projected_route_dist_m|nearest_route_dist_m|reliable_route_dist_m|route_progress_reliable|route_progress_state|route_projection_confidence|route_projection_note|offset_m|segment_id|direction_hint|match_quality|source_file|sequence_match_score|candidate_rank|route_dist_delta_m|reliable_route_dist_delta_m|implied_route_speed_mps|sequence_jump_guard_flag|sequence_branch_ambiguity_flag|summit_dist_m|summit_reached_flag|candidate_phase|summit_transition_lock_applied|summit_transition_release_flag|source_csv_row_index|usable_on_route|excluded_reason|excursion_id|manual_override_applied|manual_event_id|manual_label|manual_interpretation|segment_role|route_progress_excluded|route_context_dist_m|route_context_ele_smooth|route_context_ele_gpx_m|route_context_slope_band_window_nlsc|route_context_terrain_window_risk_score|route_context_hydro_terrain_amplifier_score|route_context_osm_terrain_combined_risk_score|route_context_osm_terrain_combined_risk_band|route_context_osm_highway|route_context_osm_surface|route_context_surface_class|route_context_route_semantic_class|route_context_facility_flags|route_context_rest_flags|route_context_support_flags|route_context_hydrology_flags|route_context_visibility_class|route_context_osm_difficulty_class|route_context_join_dist_diff_m|route_context_match_status|activity_route_context_join_dist_col|route_context_model_status|route_context_model_usable|route_context_model_exclusion_reason|route_context_model_offset_col|route_context_model_max_offset_m|route_context_source_fp|activity_points_source_fp|route_context_model_status_v1c|route_context_model_usable_v1c,activity_mapmatch_or_wrong_branch_diagnostic_not_fork_inventory,False,"Branch ambiguity and wrong-branch diagnostics are useful navigation behavior context, but they do not enumerate route fork or decision point exposure."
outputs\activity_points_osm_nlsc_corrected_v1c_refit_mainline_offset3\qixing_lengshuikeng\37_1\qixing_lengshuikeng_37_1_activity_points_osm_nlsc_corrected_v1c.csv,True,9533,route_folder|case_id|subject_id|trial_id|row_index|point_index|activity_id|timestamp_s|elapsed_sec|dt_sec|lat|lon|ele_m|distance_m|heart_rate_bpm|route_dist_m|projected_route_dist_m|nearest_route_dist_m|reliable_route_dist_m|route_progress_reliable|route_progress_state|route_projection_confidence|route_projection_note|offset_m|segment_id|direction_hint|match_quality|source_file|sequence_match_score|candidate_rank|route_dist_delta_m|reliable_route_dist_delta_m|implied_route_speed_mps|sequence_jump_guard_flag|sequence_branch_ambiguity_flag|summit_dist_m|summit_reached_flag|candidate_phase|summit_transition_lock_applied|summit_transition_release_flag|source_csv_row_index|usable_on_route|excluded_reason|excursion_id|manual_override_applied|manual_event_id|manual_label|manual_interpretation|segment_role|route_progress_excluded|route_context_dist_m|route_context_ele_smooth|route_context_ele_gpx_m|route_context_slope_band_window_nlsc|route_context_terrain_window_risk_score|route_context_hydro_terrain_amplifier_score|route_context_osm_terrain_combined_risk_score|route_context_osm_terrain_combined_risk_band|route_context_osm_highway|route_context_osm_surface|route_context_surface_class|route_context_route_semantic_class|route_context_facility_flags|route_context_rest_flags|route_context_support_flags|route_context_hydrology_flags|route_context_visibility_class|route_context_osm_difficulty_class|route_context_join_dist_diff_m|route_context_match_status|activity_route_context_join_dist_col|route_context_model_status|route_context_model_usable|route_context_model_exclusion_reason|route_context_model_offset_col|route_context_model_max_offset_m|route_context_source_fp|activity_points_source_fp|route_context_model_status_v1c|route_context_model_usable_v1c,activity_mapmatch_or_wrong_branch_diagnostic_not_fork_inventory,False,"Branch ambiguity and wrong-branch diagnostics are useful navigation behavior context, but they do not enumerate route fork or decision point exposure."
outputs\activity_points_osm_nlsc_corrected_v1c_refit_mainline_offset3\qixing_lengshuikeng\38_1\qixing_lengshuikeng_38_1_activity_points_osm_nlsc_corrected_v1c.csv,True,16606,route_folder|case_id|subject_id|trial_id|row_index|point_index|activity_id|timestamp_s|elapsed_sec|dt_sec|lat|lon|ele_m|distance_m|heart_rate_bpm|route_dist_m|projected_route_dist_m|nearest_route_dist_m|reliable_route_dist_m|route_progress_reliable|route_progress_state|route_projection_confidence|route_projection_note|offset_m|segment_id|direction_hint|match_quality|source_file|sequence_match_score|candidate_rank|route_dist_delta_m|reliable_route_dist_delta_m|implied_route_speed_mps|sequence_jump_guard_flag|sequence_branch_ambiguity_flag|summit_dist_m|summit_reached_flag|candidate_phase|summit_transition_lock_applied|summit_transition_release_flag|source_csv_row_index|usable_on_route|excluded_reason|excursion_id|manual_override_applied|manual_event_id|manual_label|manual_interpretation|segment_role|route_progress_excluded|route_context_dist_m|route_context_ele_smooth|route_context_ele_gpx_m|route_context_slope_band_window_nlsc|route_context_terrain_window_risk_score|route_context_hydro_terrain_amplifier_score|route_context_osm_terrain_combined_risk_score|route_context_osm_terrain_combined_risk_band|route_context_osm_highway|route_context_osm_surface|route_context_surface_class|route_context_route_semantic_class|route_context_facility_flags|route_context_rest_flags|route_context_support_flags|route_context_hydrology_flags|route_context_visibility_class|route_context_osm_difficulty_class|route_context_join_dist_diff_m|route_context_match_status|activity_route_context_join_dist_col|route_context_model_status|route_context_model_usable|route_context_model_exclusion_reason|route_context_model_offset_col|route_context_model_max_offset_m|route_context_source_fp|activity_points_source_fp|route_context_model_status_v1c|route_context_model_usable_v1c,activity_mapmatch_or_wrong_branch_diagnostic_not_fork_inventory,False,"Branch ambiguity and wrong-branch diagnostics are useful navigation behavior context, but they do not enumerate route fork or decision point exposure."
outputs\activity_points_osm_nlsc_corrected_v1c_refit_mainline_offset3\qixing_lengshuikeng\3_1\qixing_lengshuikeng_3_1_activity_points_osm_nlsc_corrected_v1c.csv,True,7873,route_folder|case_id|subject_id|trial_id|row_index|point_index|activity_id|timestamp_s|elapsed_sec|dt_sec|lat|lon|ele_m|distance_m|heart_rate_bpm|route_dist_m|projected_route_dist_m|nearest_route_dist_m|reliable_route_dist_m|route_progress_reliable|route_progress_state|route_projection_confidence|route_projection_note|offset_m|segment_id|direction_hint|match_quality|source_file|sequence_match_score|candidate_rank|route_dist_delta_m|reliable_route_dist_delta_m|implied_route_speed_mps|sequence_jump_guard_flag|sequence_branch_ambiguity_flag|summit_dist_m|summit_reached_flag|candidate_phase|summit_transition_lock_applied|summit_transition_release_flag|source_csv_row_index|usable_on_route|excluded_reason|excursion_id|manual_override_applied|manual_event_id|manual_label|manual_interpretation|segment_role|route_progress_excluded|route_context_dist_m|route_context_ele_smooth|route_context_ele_gpx_m|route_context_slope_band_window_nlsc|route_context_terrain_window_risk_score|route_context_hydro_terrain_amplifier_score|route_context_osm_terrain_combined_risk_score|route_context_osm_terrain_combined_risk_band|route_context_osm_highway|route_context_osm_surface|route_context_surface_class|route_context_route_semantic_class|route_context_facility_flags|route_context_rest_flags|route_context_support_flags|route_context_hydrology_flags|route_context_visibility_class|route_context_osm_difficulty_class|route_context_join_dist_diff_m|route_context_match_status|activity_route_context_join_dist_col|route_context_model_status|route_context_model_usable|route_context_model_exclusion_reason|route_context_model_offset_col|route_context_model_max_offset_m|route_context_source_fp|activity_points_source_fp|route_context_model_status_v1c|route_context_model_usable_v1c,activity_mapmatch_or_wrong_branch_diagnostic_not_fork_inventory,False,"Branch ambiguity and wrong-branch diagnostics are useful navigation behavior context, but they do not enumerate route fork or decision point exposure."
outputs\activity_points_osm_nlsc_corrected_v1c_refit_mainline_offset3\qixing_lengshuikeng\40_1\qixing_lengshuikeng_40_1_activity_points_osm_nlsc_corrected_v1c.csv,True,7714,route_folder|case_id|subject_id|trial_id|row_index|point_index|activity_id|timestamp_s|elapsed_sec|dt_sec|lat|lon|ele_m|distance_m|heart_rate_bpm|route_dist_m|projected_route_dist_m|nearest_route_dist_m|reliable_route_dist_m|route_progress_reliable|route_progress_state|route_projection_confidence|route_projection_note|offset_m|segment_id|direction_hint|match_quality|source_file|sequence_match_score|candidate_rank|route_dist_delta_m|reliable_route_dist_delta_m|implied_route_speed_mps|sequence_jump_guard_flag|sequence_branch_ambiguity_flag|summit_dist_m|summit_reached_flag|candidate_phase|summit_transition_lock_applied|summit_transition_release_flag|source_csv_row_index|usable_on_route|excluded_reason|excursion_id|manual_override_applied|manual_event_id|manual_label|manual_interpretation|segment_role|route_progress_excluded|route_context_dist_m|route_context_ele_smooth|route_context_ele_gpx_m|route_context_slope_band_window_nlsc|route_context_terrain_window_risk_score|route_context_hydro_terrain_amplifier_score|route_context_osm_terrain_combined_risk_score|route_context_osm_terrain_combined_risk_band|route_context_osm_highway|route_context_osm_surface|route_context_surface_class|route_context_route_semantic_class|route_context_facility_flags|route_context_rest_flags|route_context_support_flags|route_context_hydrology_flags|route_context_visibility_class|route_context_osm_difficulty_class|route_context_join_dist_diff_m|route_context_match_status|activity_route_context_join_dist_col|route_context_model_status|route_context_model_usable|route_context_model_exclusion_reason|route_context_model_offset_col|route_context_model_max_offset_m|route_context_source_fp|activity_points_source_fp|route_context_model_status_v1c|route_context_model_usable_v1c,activity_mapmatch_or_wrong_branch_diagnostic_not_fork_inventory,False,"Branch ambiguity and wrong-branch diagnostics are useful navigation behavior context, but they do not enumerate route fork or decision point exposure."
outputs\activity_points_osm_nlsc_corrected_v1c_refit_mainline_offset3\qixing_lengshuikeng\41_1\qixing_lengshuikeng_41_1_activity_points_osm_nlsc_corrected_v1c.csv,True,7077,route_folder|case_id|subject_id|trial_id|row_index|point_index|activity_id|timestamp_s|elapsed_sec|dt_sec|lat|lon|ele_m|distance_m|heart_rate_bpm|route_dist_m|projected_route_dist_m|nearest_route_dist_m|reliable_route_dist_m|route_progress_reliable|route_progress_state|route_projection_confidence|route_projection_note|offset_m|segment_id|direction_hint|match_quality|source_file|sequence_match_score|candidate_rank|route_dist_delta_m|reliable_route_dist_delta_m|implied_route_speed_mps|sequence_jump_guard_flag|sequence_branch_ambiguity_flag|summit_dist_m|summit_reached_flag|candidate_phase|summit_transition_lock_applied|summit_transition_release_flag|source_csv_row_index|usable_on_route|excluded_reason|excursion_id|manual_override_applied|manual_event_id|manual_label|manual_interpretation|segment_role|route_progress_excluded|route_context_dist_m|route_context_ele_smooth|route_context_ele_gpx_m|route_context_slope_band_window_nlsc|route_context_terrain_window_risk_score|route_context_hydro_terrain_amplifier_score|route_context_osm_terrain_combined_risk_score|route_context_osm_terrain_combined_risk_band|route_context_osm_highway|route_context_osm_surface|route_context_surface_class|route_context_route_semantic_class|route_context_facility_flags|route_context_rest_flags|route_context_support_flags|route_context_hydrology_flags|route_context_visibility_class|route_context_osm_difficulty_class|route_context_join_dist_diff_m|route_context_match_status|activity_route_context_join_dist_col|route_context_model_status|route_context_model_usable|route_context_model_exclusion_reason|route_context_model_offset_col|route_context_model_max_offset_m|route_context_source_fp|activity_points_source_fp|route_context_model_status_v1c|route_context_model_usable_v1c,activity_mapmatch_or_wrong_branch_diagnostic_not_fork_inventory,False,"Branch ambiguity and wrong-branch diagnostics are useful navigation behavior context, but they do not enumerate route fork or decision point exposure."
outputs\activity_points_osm_nlsc_corrected_v1c_refit_mainline_offset3\qixing_lengshuikeng\42_1\qixing_lengshuikeng_42_1_activity_points_osm_nlsc_corrected_v1c.csv,True,10287,route_folder|case_id|subject_id|trial_id|row_index|point_index|activity_id|timestamp_s|elapsed_sec|dt_sec|lat|lon|ele_m|distance_m|heart_rate_bpm|route_dist_m|projected_route_dist_m|nearest_route_dist_m|reliable_route_dist_m|route_progress_reliable|route_progress_state|route_projection_confidence|route_projection_note|offset_m|segment_id|direction_hint|match_quality|source_file|sequence_match_score|candidate_rank|route_dist_delta_m|reliable_route_dist_delta_m|implied_route_speed_mps|sequence_jump_guard_flag|sequence_branch_ambiguity_flag|summit_dist_m|summit_reached_flag|candidate_phase|summit_transition_lock_applied|summit_transition_release_flag|source_csv_row_index|usable_on_route|excluded_reason|excursion_id|manual_override_applied|manual_event_id|manual_label|manual_interpretation|segment_role|route_progress_excluded|route_context_dist_m|route_context_ele_smooth|route_context_ele_gpx_m|route_context_slope_band_window_nlsc|route_context_terrain_window_risk_score|route_context_hydro_terrain_amplifier_score|route_context_osm_terrain_combined_risk_score|route_context_osm_terrain_combined_risk_band|route_context_osm_highway|route_context_osm_surface|route_context_surface_class|route_context_route_semantic_class|route_context_facility_flags|route_context_rest_flags|route_context_support_flags|route_context_hydrology_flags|route_context_visibility_class|route_context_osm_difficulty_class|route_context_join_dist_diff_m|route_context_match_status|activity_route_context_join_dist_col|route_context_model_status|route_context_model_usable|route_context_model_exclusion_reason|route_context_model_offset_col|route_context_model_max_offset_m|route_context_source_fp|activity_points_source_fp|route_context_model_status_v1c|route_context_model_usable_v1c,activity_mapmatch_or_wrong_branch_diagnostic_not_fork_inventory,False,"Branch ambiguity and wrong-branch diagnostics are useful navigation behavior context, but they do not enumerate route fork or decision point exposure."
outputs\activity_points_osm_nlsc_corrected_v1c_refit_mainline_offset3\qixing_lengshuikeng\43_1\qixing_lengshuikeng_43_1_activity_points_osm_nlsc_corrected_v1c.csv,True,11451,route_folder|case_id|subject_id|trial_id|row_index|point_index|activity_id|timestamp_s|elapsed_sec|dt_sec|lat|lon|ele_m|distance_m|heart_rate_bpm|route_dist_m|projected_route_dist_m|nearest_route_dist_m|reliable_route_dist_m|route_progress_reliable|route_progress_state|route_projection_confidence|route_projection_note|offset_m|segment_id|direction_hint|match_quality|source_file|sequence_match_score|candidate_rank|route_dist_delta_m|reliable_route_dist_delta_m|implied_route_speed_mps|sequence_jump_guard_flag|sequence_branch_ambiguity_flag|summit_dist_m|summit_reached_flag|candidate_phase|summit_transition_lock_applied|summit_transition_release_flag|source_csv_row_index|usable_on_route|excluded_reason|excursion_id|manual_override_applied|manual_event_id|manual_label|manual_interpretation|segment_role|route_progress_excluded|route_context_dist_m|route_context_ele_smooth|route_context_ele_gpx_m|route_context_slope_band_window_nlsc|route_context_terrain_window_risk_score|route_context_hydro_terrain_amplifier_score|route_context_osm_terrain_combined_risk_score|route_context_osm_terrain_combined_risk_band|route_context_osm_highway|route_context_osm_surface|route_context_surface_class|route_context_route_semantic_class|route_context_facility_flags|route_context_rest_flags|route_context_support_flags|route_context_hydrology_flags|route_context_visibility_class|route_context_osm_difficulty_class|route_context_join_dist_diff_m|route_context_match_status|activity_route_context_join_dist_col|route_context_model_status|route_context_model_usable|route_context_model_exclusion_reason|route_context_model_offset_col|route_context_model_max_offset_m|route_context_source_fp|activity_points_source_fp|route_context_model_status_v1c|route_context_model_usable_v1c,activity_mapmatch_or_wrong_branch_diagnostic_not_fork_inventory,False,"Branch ambiguity and wrong-branch diagnostics are useful navigation behavior context, but they do not enumerate route fork or decision point exposure."
outputs\activity_points_osm_nlsc_corrected_v1c_refit_mainline_offset3\qixing_lengshuikeng\44_1\qixing_lengshuikeng_44_1_activity_points_osm_nlsc_corrected_v1c.csv,True,7010,route_folder|case_id|subject_id|trial_id|row_index|point_index|activity_id|timestamp_s|elapsed_sec|dt_sec|lat|lon|ele_m|distance_m|heart_rate_bpm|route_dist_m|projected_route_dist_m|nearest_route_dist_m|reliable_route_dist_m|route_progress_reliable|route_progress_state|route_projection_confidence|route_projection_note|offset_m|segment_id|direction_hint|match_quality|source_file|sequence_match_score|candidate_rank|route_dist_delta_m|reliable_route_dist_delta_m|implied_route_speed_mps|sequence_jump_guard_flag|sequence_branch_ambiguity_flag|summit_dist_m|summit_reached_flag|candidate_phase|summit_transition_lock_applied|summit_transition_release_flag|source_csv_row_index|usable_on_route|excluded_reason|excursion_id|manual_override_applied|manual_event_id|manual_label|manual_interpretation|segment_role|route_progress_excluded|route_context_dist_m|route_context_ele_smooth|route_context_ele_gpx_m|route_context_slope_band_window_nlsc|route_context_terrain_window_risk_score|route_context_hydro_terrain_amplifier_score|route_context_osm_terrain_combined_risk_score|route_context_osm_terrain_combined_risk_band|route_context_osm_highway|route_context_osm_surface|route_context_surface_class|route_context_route_semantic_class|route_context_facility_flags|route_context_rest_flags|route_context_support_flags|route_context_hydrology_flags|route_context_visibility_class|route_context_osm_difficulty_class|route_context_join_dist_diff_m|route_context_match_status|activity_route_context_join_dist_col|route_context_model_status|route_context_model_usable|route_context_model_exclusion_reason|route_context_model_offset_col|route_context_model_max_offset_m|route_context_source_fp|activity_points_source_fp|route_context_model_status_v1c|route_context_model_usable_v1c,activity_mapmatch_or_wrong_branch_diagnostic_not_fork_inventory,False,"Branch ambiguity and wrong-branch diagnostics are useful navigation behavior context, but they do not enumerate route fork or decision point exposure."
outputs\activity_points_osm_nlsc_corrected_v1c_refit_mainline_offset3\qixing_lengshuikeng\45_1\qixing_lengshuikeng_45_1_activity_points_osm_nlsc_corrected_v1c.csv,True,7227,route_folder|case_id|subject_id|trial_id|row_index|point_index|activity_id|timestamp_s|elapsed_sec|dt_sec|lat|lon|ele_m|distance_m|heart_rate_bpm|route_dist_m|projected_route_dist_m|nearest_route_dist_m|reliable_route_dist_m|route_progress_reliable|route_progress_state|route_projection_confidence|route_projection_note|offset_m|segment_id|direction_hint|match_quality|source_file|sequence_match_score|candidate_rank|route_dist_delta_m|reliable_route_dist_delta_m|implied_route_speed_mps|sequence_jump_guard_flag|sequence_branch_ambiguity_flag|summit_dist_m|summit_reached_flag|candidate_phase|summit_transition_lock_applied|summit_transition_release_flag|source_csv_row_index|usable_on_route|excluded_reason|excursion_id|manual_override_applied|manual_event_id|manual_label|manual_interpretation|segment_role|route_progress_excluded|route_context_dist_m|route_context_ele_smooth|route_context_ele_gpx_m|route_context_slope_band_window_nlsc|route_context_terrain_window_risk_score|route_context_hydro_terrain_amplifier_score|route_context_osm_terrain_combined_risk_score|route_context_osm_terrain_combined_risk_band|route_context_osm_highway|route_context_osm_surface|route_context_surface_class|route_context_route_semantic_class|route_context_facility_flags|route_context_rest_flags|route_context_support_flags|route_context_hydrology_flags|route_context_visibility_class|route_context_osm_difficulty_class|route_context_join_dist_diff_m|route_context_match_status|activity_route_context_join_dist_col|route_context_model_status|route_context_model_usable|route_context_model_exclusion_reason|route_context_model_offset_col|route_context_model_max_offset_m|route_context_source_fp|activity_points_source_fp|route_context_model_status_v1c|route_context_model_usable_v1c,activity_mapmatch_or_wrong_branch_diagnostic_not_fork_inventory,False,"Branch ambiguity and wrong-branch diagnostics are useful navigation behavior context, but they do not enumerate route fork or decision point exposure."
outputs\activity_points_osm_nlsc_corrected_v1c_refit_mainline_offset3\qixing_lengshuikeng\46_1\qixing_lengshuikeng_46_1_activity_points_osm_nlsc_corrected_v1c.csv,True,10318,route_folder|case_id|subject_id|trial_id|row_index|point_index|activity_id|timestamp_s|elapsed_sec|dt_sec|lat|lon|ele_m|distance_m|heart_rate_bpm|route_dist_m|projected_route_dist_m|nearest_route_dist_m|reliable_route_dist_m|route_progress_reliable|route_progress_state|route_projection_confidence|route_projection_note|offset_m|segment_id|direction_hint|match_quality|source_file|sequence_match_score|candidate_rank|route_dist_delta_m|reliable_route_dist_delta_m|implied_route_speed_mps|sequence_jump_guard_flag|sequence_branch_ambiguity_flag|summit_dist_m|summit_reached_flag|candidate_phase|summit_transition_lock_applied|summit_transition_release_flag|source_csv_row_index|usable_on_route|excluded_reason|excursion_id|manual_override_applied|manual_event_id|manual_label|manual_interpretation|segment_role|route_progress_excluded|route_context_dist_m|route_context_ele_smooth|route_context_ele_gpx_m|route_context_slope_band_window_nlsc|route_context_terrain_window_risk_score|route_context_hydro_terrain_amplifier_score|route_context_osm_terrain_combined_risk_score|route_context_osm_terrain_combined_risk_band|route_context_osm_highway|route_context_osm_surface|route_context_surface_class|route_context_route_semantic_class|route_context_facility_flags|route_context_rest_flags|route_context_support_flags|route_context_hydrology_flags|route_context_visibility_class|route_context_osm_difficulty_class|route_context_join_dist_diff_m|route_context_match_status|activity_route_context_join_dist_col|route_context_model_status|route_context_model_usable|route_context_model_exclusion_reason|route_context_model_offset_col|route_context_model_max_offset_m|route_context_source_fp|activity_points_source_fp|route_context_model_status_v1c|route_context_model_usable_v1c,activity_mapmatch_or_wrong_branch_diagnostic_not_fork_inventory,False,"Branch ambiguity and wrong-branch diagnostics are useful navigation behavior context, but they do not enumerate route fork or decision point exposure."
outputs\activity_points_osm_nlsc_corrected_v1c_refit_mainline_offset3\qixing_lengshuikeng\48_1\qixing_lengshuikeng_48_1_activity_points_osm_nlsc_corrected_v1c.csv,True,11622,route_folder|case_id|subject_id|trial_id|row_index|point_index|activity_id|timestamp_s|elapsed_sec|dt_sec|lat|lon|ele_m|distance_m|heart_rate_bpm|route_dist_m|projected_route_dist_m|nearest_route_dist_m|reliable_route_dist_m|route_progress_reliable|route_progress_state|route_projection_confidence|route_projection_note|offset_m|segment_id|direction_hint|match_quality|source_file|sequence_match_score|candidate_rank|route_dist_delta_m|reliable_route_dist_delta_m|implied_route_speed_mps|sequence_jump_guard_flag|sequence_branch_ambiguity_flag|summit_dist_m|summit_reached_flag|candidate_phase|summit_transition_lock_applied|summit_transition_release_flag|source_csv_row_index|usable_on_route|excluded_reason|excursion_id|manual_override_applied|manual_event_id|manual_label|manual_interpretation|segment_role|route_progress_excluded|route_context_dist_m|route_context_ele_smooth|route_context_ele_gpx_m|route_context_slope_band_window_nlsc|route_context_terrain_window_risk_score|route_context_hydro_terrain_amplifier_score|route_context_osm_terrain_combined_risk_score|route_context_osm_terrain_combined_risk_band|route_context_osm_highway|route_context_osm_surface|route_context_surface_class|route_context_route_semantic_class|route_context_facility_flags|route_context_rest_flags|route_context_support_flags|route_context_hydrology_flags|route_context_visibility_class|route_context_osm_difficulty_class|route_context_join_dist_diff_m|route_context_match_status|activity_route_context_join_dist_col|route_context_model_status|route_context_model_usable|route_context_model_exclusion_reason|route_context_model_offset_col|route_context_model_max_offset_m|route_context_source_fp|activity_points_source_fp|route_context_model_status_v1c|route_context_model_usable_v1c,activity_mapmatch_or_wrong_branch_diagnostic_not_fork_inventory,False,"Branch ambiguity and wrong-branch diagnostics are useful navigation behavior context, but they do not enumerate route fork or decision point exposure."
outputs\activity_points_osm_nlsc_corrected_v1c_refit_mainline_offset3\qixing_lengshuikeng\8_1\qixing_lengshuikeng_8_1_activity_points_osm_nlsc_corrected_v1c.csv,True,8433,route_folder|case_id|subject_id|trial_id|row_index|point_index|activity_id|timestamp_s|elapsed_sec|dt_sec|lat|lon|ele_m|distance_m|heart_rate_bpm|route_dist_m|projected_route_dist_m|nearest_route_dist_m|reliable_route_dist_m|route_progress_reliable|route_progress_state|route_projection_confidence|route_projection_note|offset_m|segment_id|direction_hint|match_quality|source_file|sequence_match_score|candidate_rank|route_dist_delta_m|reliable_route_dist_delta_m|implied_route_speed_mps|sequence_jump_guard_flag|sequence_branch_ambiguity_flag|summit_dist_m|summit_reached_flag|candidate_phase|summit_transition_lock_applied|summit_transition_release_flag|source_csv_row_index|usable_on_route|excluded_reason|excursion_id|manual_override_applied|manual_event_id|manual_label|manual_interpretation|segment_role|route_progress_excluded|route_context_dist_m|route_context_ele_smooth|route_context_ele_gpx_m|route_context_slope_band_window_nlsc|route_context_terrain_window_risk_score|route_context_hydro_terrain_amplifier_score|route_context_osm_terrain_combined_risk_score|route_context_osm_terrain_combined_risk_band|route_context_osm_highway|route_context_osm_surface|route_context_surface_class|route_context_route_semantic_class|route_context_facility_flags|route_context_rest_flags|route_context_support_flags|route_context_hydrology_flags|route_context_visibility_class|route_context_osm_difficulty_class|route_context_join_dist_diff_m|route_context_match_status|activity_route_context_join_dist_col|route_context_model_status|route_context_model_usable|route_context_model_exclusion_reason|route_context_model_offset_col|route_context_model_max_offset_m|route_context_source_fp|activity_points_source_fp|route_context_model_status_v1c|route_context_model_usable_v1c,activity_mapmatch_or_wrong_branch_diagnostic_not_fork_inventory,False,"Branch ambiguity and wrong-branch diagnostics are useful navigation behavior context, but they do not enumerate route fork or decision point exposure."
outputs\activity_points_osm_nlsc_corrected_v1c_refit_mainline_offset3\qixing_lengshuikeng\9_1\qixing_lengshuikeng_9_1_activity_points_osm_nlsc_corrected_v1c.csv,True,11399,route_folder|case_id|subject_id|trial_id|row_index|point_index|activity_id|timestamp_s|elapsed_sec|dt_sec|lat|lon|ele_m|distance_m|heart_rate_bpm|route_dist_m|projected_route_dist_m|nearest_route_dist_m|reliable_route_dist_m|route_progress_reliable|route_progress_state|route_projection_confidence|route_projection_note|offset_m|segment_id|direction_hint|match_quality|source_file|sequence_match_score|candidate_rank|route_dist_delta_m|reliable_route_dist_delta_m|implied_route_speed_mps|sequence_jump_guard_flag|sequence_branch_ambiguity_flag|summit_dist_m|summit_reached_flag|candidate_phase|summit_transition_lock_applied|summit_transition_release_flag|source_csv_row_index|usable_on_route|excluded_reason|excursion_id|manual_override_applied|manual_event_id|manual_label|manual_interpretation|segment_role|route_progress_excluded|route_context_dist_m|route_context_ele_smooth|route_context_ele_gpx_m|route_context_slope_band_window_nlsc|route_context_terrain_window_risk_score|route_context_hydro_terrain_amplifier_score|route_context_osm_terrain_combined_risk_score|route_context_osm_terrain_combined_risk_band|route_context_osm_highway|route_context_osm_surface|route_context_surface_class|route_context_route_semantic_class|route_context_facility_flags|route_context_rest_flags|route_context_support_flags|route_context_hydrology_flags|route_context_visibility_class|route_context_osm_difficulty_class|route_context_join_dist_diff_m|route_context_match_status|activity_route_context_join_dist_col|route_context_model_status|route_context_model_usable|route_context_model_exclusion_reason|route_context_model_offset_col|route_context_model_max_offset_m|route_context_source_fp|activity_points_source_fp|route_context_model_status_v1c|route_context_model_usable_v1c,activity_mapmatch_or_wrong_branch_diagnostic_not_fork_inventory,False,"Branch ambiguity and wrong-branch diagnostics are useful navigation behavior context, but they do not enumerate route fork or decision point exposure."
outputs\ib3a2_qixing_wrong_branch_evidence_v1_3b\qixing_37_1_wrong_branch_target_segment_evidence.csv,True,348,route_folder|case_id|subject_id|trial_id|row_index|point_index|activity_id|timestamp_s|elapsed_sec|dt_sec|lat|lon|ele_m|distance_m|heart_rate_bpm|route_dist_m|projected_route_dist_m|nearest_route_dist_m|reliable_route_dist_m|route_progress_reliable|route_progress_state|route_projection_confidence|route_projection_note|offset_m|segment_id|direction_hint|match_quality|source_file|sequence_match_score|candidate_rank|route_dist_delta_m|reliable_route_dist_delta_m|implied_route_speed_mps|sequence_jump_guard_flag|sequence_branch_ambiguity_flag|summit_dist_m|summit_reached_flag|candidate_phase|summit_transition_lock_applied|summit_transition_release_flag|source_csv_row_index|usable_on_route|excluded_reason|excursion_id|manual_override_applied|manual_event_id|manual_label|manual_interpretation|segment_role|route_progress_excluded|_row_n|elapsed_min|route_dist_m_num|lat_num|lon_num|offset_m_num|speed_mps_num|route_dist_delta_m_num|reliable_route_dist_delta_m_num|usable_bool|branch_ambiguity_bool|raw_gps_heading_deg|route_axis_heading_deg|heading_diff_deg|raw_heading_delta_deg,activity_mapmatch_or_wrong_branch_diagnostic_not_fork_inventory,False,"Branch ambiguity and wrong-branch diagnostics are useful navigation behavior context, but they do not enumerate route fork or decision point exposure."
outputs\ib3a_rc_candidate_selection_v1h_qixing_lengshuikeng_full26_mainline_membership_qa\qixing_lengshuikeng\13_1\qixing_lengshuikeng_13_1_mainline_membership_labels_v1h.csv,True,8325,raw_point_index|route_folder|subject_id|trial_id|activity_id|timestamp_s|elapsed_sec|dt_sec|duplicate_timestamp_flag|irregular_interval_flag|lat|lon|ele_m|distance_m|heart_rate_bpm|source_file|source_ext|source_row_index|case_id|candidate_route_selection_version|nearest_candidate_way_id|nearest_distance_m|nearest_route_dist_m|projected_lat|projected_lon|candidate_way_id|nearest_osm_way_id|nearest_match_score|nearest_selected_from_ib0|nearest_highway_norm|nearest_route_role|nearest_way_name|rc_elapsed_fraction|rc_terminal_segment|candidate_context|candidate_confidence|rc_review_required|rc_review_reason|training_use_policy|terminal_zone|raw_step_m|raw_speed_estimated_mps|route_dist_delta_m_v1d|route_dist_range_30s_m|candidate_way_switch_count_60s|pause_or_stall_flag|route_dist_reversal_flag|route_dist_jump_flag|route_dist_stall_flag|candidate_way_switch_flag|movement_review_required|movement_review_reason|anchor_stabilized_flag|anchor_type|anchor_name|anchor_distance_m|anchor_refit_lat|anchor_refit_lon|anchor_refit_osm_way_id|anchor_refit_reason|target_route_status|target_route_label|target_route_episode_id|off_target_flag|off_target_reason|retain_for_training_flag|retain_for_review_flag|transition_type|transition_review_level|mainline_membership|mainline_training_flag|connector_training_flag|summit_training_flag|non_mainline_flag|non_mainline_type|non_mainline_reason|membership_review_flag|v1g2_zone_id|v1g2_zone_type|v1g2_zone_quality_flag,activity_mapmatch_or_wrong_branch_diagnostic_not_fork_inventory,False,"Branch ambiguity and wrong-branch diagnostics are useful navigation behavior context, but they do not enumerate route fork or decision point exposure."
outputs\ib3a_rc_candidate_selection_v1h_qixing_lengshuikeng_full26_mainline_membership_qa\qixing_lengshuikeng\14_1\qixing_lengshuikeng_14_1_mainline_membership_labels_v1h.csv,True,7202,raw_point_index|route_folder|subject_id|trial_id|activity_id|timestamp_s|elapsed_sec|dt_sec|duplicate_timestamp_flag|irregular_interval_flag|lat|lon|ele_m|distance_m|heart_rate_bpm|source_file|source_ext|source_row_index|case_id|candidate_route_selection_version|nearest_candidate_way_id|nearest_distance_m|nearest_route_dist_m|projected_lat|projected_lon|candidate_way_id|nearest_osm_way_id|nearest_match_score|nearest_selected_from_ib0|nearest_highway_norm|nearest_route_role|nearest_way_name|rc_elapsed_fraction|rc_terminal_segment|candidate_context|candidate_confidence|rc_review_required|rc_review_reason|training_use_policy|terminal_zone|raw_step_m|raw_speed_estimated_mps|route_dist_delta_m_v1d|route_dist_range_30s_m|candidate_way_switch_count_60s|pause_or_stall_flag|route_dist_reversal_flag|route_dist_jump_flag|route_dist_stall_flag|candidate_way_switch_flag|movement_review_required|movement_review_reason|anchor_stabilized_flag|anchor_type|anchor_name|anchor_distance_m|anchor_refit_lat|anchor_refit_lon|anchor_refit_osm_way_id|anchor_refit_reason|target_route_status|target_route_label|target_route_episode_id|off_target_flag|off_target_reason|retain_for_training_flag|retain_for_review_flag|transition_type|transition_review_level|mainline_membership|mainline_training_flag|connector_training_flag|summit_training_flag|non_mainline_flag|non_mainline_type|non_mainline_reason|membership_review_flag|v1g2_zone_id|v1g2_zone_type|v1g2_zone_quality_flag,activity_mapmatch_or_wrong_branch_diagnostic_not_fork_inventory,False,"Branch ambiguity and wrong-branch diagnostics are useful navigation behavior context, but they do not enumerate route fork or decision point exposure."
outputs\ib3a_rc_candidate_selection_v1h_qixing_lengshuikeng_full26_mainline_membership_qa\qixing_lengshuikeng\15_1\qixing_lengshuikeng_15_1_mainline_membership_labels_v1h.csv,True,17282,raw_point_index|route_folder|subject_id|trial_id|activity_id|timestamp_s|elapsed_sec|dt_sec|duplicate_timestamp_flag|irregular_interval_flag|lat|lon|ele_m|distance_m|heart_rate_bpm|source_file|source_ext|source_row_index|case_id|candidate_route_selection_version|nearest_candidate_way_id|nearest_distance_m|nearest_route_dist_m|projected_lat|projected_lon|candidate_way_id|nearest_osm_way_id|nearest_match_score|nearest_selected_from_ib0|nearest_highway_norm|nearest_route_role|nearest_way_name|rc_elapsed_fraction|rc_terminal_segment|candidate_context|candidate_confidence|rc_review_required|rc_review_reason|training_use_policy|terminal_zone|raw_step_m|raw_speed_estimated_mps|route_dist_delta_m_v1d|route_dist_range_30s_m|candidate_way_switch_count_60s|pause_or_stall_flag|route_dist_reversal_flag|route_dist_jump_flag|route_dist_stall_flag|candidate_way_switch_flag|movement_review_required|movement_review_reason|anchor_stabilized_flag|anchor_type|anchor_name|anchor_distance_m|anchor_refit_lat|anchor_refit_lon|anchor_refit_osm_way_id|anchor_refit_reason|target_route_status|target_route_label|target_route_episode_id|off_target_flag|off_target_reason|retain_for_training_flag|retain_for_review_flag|transition_type|transition_review_level|mainline_membership|mainline_training_flag|connector_training_flag|summit_training_flag|non_mainline_flag|non_mainline_type|non_mainline_reason|membership_review_flag|v1g2_zone_id|v1g2_zone_type|v1g2_zone_quality_flag,activity_mapmatch_or_wrong_branch_diagnostic_not_fork_inventory,False,"Branch ambiguity and wrong-branch diagnostics are useful navigation behavior context, but they do not enumerate route fork or decision point exposure."
outputs\ib3a_rc_candidate_selection_v1h_qixing_lengshuikeng_full26_mainline_membership_qa\qixing_lengshuikeng\16_1\qixing_lengshuikeng_16_1_mainline_membership_labels_v1h.csv,True,10200,raw_point_index|route_folder|subject_id|trial_id|activity_id|timestamp_s|elapsed_sec|dt_sec|duplicate_timestamp_flag|irregular_interval_flag|lat|lon|ele_m|distance_m|heart_rate_bpm|source_file|source_ext|source_row_index|case_id|candidate_route_selection_version|nearest_candidate_way_id|nearest_distance_m|nearest_route_dist_m|projected_lat|projected_lon|candidate_way_id|nearest_osm_way_id|nearest_match_score|nearest_selected_from_ib0|nearest_highway_norm|nearest_route_role|nearest_way_name|rc_elapsed_fraction|rc_terminal_segment|candidate_context|candidate_confidence|rc_review_required|rc_review_reason|training_use_policy|terminal_zone|raw_step_m|raw_speed_estimated_mps|route_dist_delta_m_v1d|route_dist_range_30s_m|candidate_way_switch_count_60s|pause_or_stall_flag|route_dist_reversal_flag|route_dist_jump_flag|route_dist_stall_flag|candidate_way_switch_flag|movement_review_required|movement_review_reason|anchor_stabilized_flag|anchor_type|anchor_name|anchor_distance_m|anchor_refit_lat|anchor_refit_lon|anchor_refit_osm_way_id|anchor_refit_reason|target_route_status|target_route_label|target_route_episode_id|off_target_flag|off_target_reason|retain_for_training_flag|retain_for_review_flag|transition_type|transition_review_level|mainline_membership|mainline_training_flag|connector_training_flag|summit_training_flag|non_mainline_flag|non_mainline_type|non_mainline_reason|membership_review_flag|v1g2_zone_id|v1g2_zone_type|v1g2_zone_quality_flag,activity_mapmatch_or_wrong_branch_diagnostic_not_fork_inventory,False,"Branch ambiguity and wrong-branch diagnostics are useful navigation behavior context, but they do not enumerate route fork or decision point exposure."
outputs\ib3a_rc_candidate_selection_v1h_qixing_lengshuikeng_full26_mainline_membership_qa\qixing_lengshuikeng\20_1\qixing_lengshuikeng_20_1_mainline_membership_labels_v1h.csv,True,17452,raw_point_index|route_folder|subject_id|trial_id|activity_id|timestamp_s|elapsed_sec|dt_sec|duplicate_timestamp_flag|irregular_interval_flag|lat|lon|ele_m|distance_m|heart_rate_bpm|source_file|source_ext|source_row_index|case_id|candidate_route_selection_version|nearest_candidate_way_id|nearest_distance_m|nearest_route_dist_m|projected_lat|projected_lon|candidate_way_id|nearest_osm_way_id|nearest_match_score|nearest_selected_from_ib0|nearest_highway_norm|nearest_route_role|nearest_way_name|rc_elapsed_fraction|rc_terminal_segment|candidate_context|candidate_confidence|rc_review_required|rc_review_reason|training_use_policy|terminal_zone|raw_step_m|raw_speed_estimated_mps|route_dist_delta_m_v1d|route_dist_range_30s_m|candidate_way_switch_count_60s|pause_or_stall_flag|route_dist_reversal_flag|route_dist_jump_flag|route_dist_stall_flag|candidate_way_switch_flag|movement_review_required|movement_review_reason|anchor_stabilized_flag|anchor_type|anchor_name|anchor_distance_m|anchor_refit_lat|anchor_refit_lon|anchor_refit_osm_way_id|anchor_refit_reason|target_route_status|target_route_label|target_route_episode_id|off_target_flag|off_target_reason|retain_for_training_flag|retain_for_review_flag|transition_type|transition_review_level|mainline_membership|mainline_training_flag|connector_training_flag|summit_training_flag|non_mainline_flag|non_mainline_type|non_mainline_reason|membership_review_flag|v1g2_zone_id|v1g2_zone_type|v1g2_zone_quality_flag,activity_mapmatch_or_wrong_branch_diagnostic_not_fork_inventory,False,"Branch ambiguity and wrong-branch diagnostics are useful navigation behavior context, but they do not enumerate route fork or decision point exposure."
outputs\ib3a_rc_candidate_selection_v1h_qixing_lengshuikeng_full26_mainline_membership_qa\qixing_lengshuikeng\28_1\qixing_lengshuikeng_28_1_mainline_membership_labels_v1h.csv,True,8636,raw_point_index|route_folder|subject_id|trial_id|activity_id|timestamp_s|elapsed_sec|dt_sec|duplicate_timestamp_flag|irregular_interval_flag|lat|lon|ele_m|distance_m|heart_rate_bpm|source_file|source_ext|source_row_index|case_id|candidate_route_selection_version|nearest_candidate_way_id|nearest_distance_m|nearest_route_dist_m|projected_lat|projected_lon|candidate_way_id|nearest_osm_way_id|nearest_match_score|nearest_selected_from_ib0|nearest_highway_norm|nearest_route_role|nearest_way_name|rc_elapsed_fraction|rc_terminal_segment|candidate_context|candidate_confidence|rc_review_required|rc_review_reason|training_use_policy|terminal_zone|raw_step_m|raw_speed_estimated_mps|route_dist_delta_m_v1d|route_dist_range_30s_m|candidate_way_switch_count_60s|pause_or_stall_flag|route_dist_reversal_flag|route_dist_jump_flag|route_dist_stall_flag|candidate_way_switch_flag|movement_review_required|movement_review_reason|anchor_stabilized_flag|anchor_type|anchor_name|anchor_distance_m|anchor_refit_lat|anchor_refit_lon|anchor_refit_osm_way_id|anchor_refit_reason|target_route_status|target_route_label|target_route_episode_id|off_target_flag|off_target_reason|retain_for_training_flag|retain_for_review_flag|transition_type|transition_review_level|mainline_membership|mainline_training_flag|connector_training_flag|summit_training_flag|non_mainline_flag|non_mainline_type|non_mainline_reason|membership_review_flag|v1g2_zone_id|v1g2_zone_type|v1g2_zone_quality_flag,activity_mapmatch_or_wrong_branch_diagnostic_not_fork_inventory,False,"Branch ambiguity and wrong-branch diagnostics are useful navigation behavior context, but they do not enumerate route fork or decision point exposure."
outputs\ib3a_rc_candidate_selection_v1h_qixing_lengshuikeng_full26_mainline_membership_qa\qixing_lengshuikeng\29_1\qixing_lengshuikeng_29_1_mainline_membership_labels_v1h.csv,True,23534,raw_point_index|route_folder|subject_id|trial_id|activity_id|timestamp_s|elapsed_sec|dt_sec|duplicate_timestamp_flag|irregular_interval_flag|lat|lon|ele_m|distance_m|heart_rate_bpm|source_file|source_ext|source_row_index|case_id|candidate_route_selection_version|nearest_candidate_way_id|nearest_distance_m|nearest_route_dist_m|projected_lat|projected_lon|candidate_way_id|nearest_osm_way_id|nearest_match_score|nearest_selected_from_ib0|nearest_highway_norm|nearest_route_role|nearest_way_name|rc_elapsed_fraction|rc_terminal_segment|candidate_context|candidate_confidence|rc_review_required|rc_review_reason|training_use_policy|terminal_zone|raw_step_m|raw_speed_estimated_mps|route_dist_delta_m_v1d|route_dist_range_30s_m|candidate_way_switch_count_60s|pause_or_stall_flag|route_dist_reversal_flag|route_dist_jump_flag|route_dist_stall_flag|candidate_way_switch_flag|movement_review_required|movement_review_reason|anchor_stabilized_flag|anchor_type|anchor_name|anchor_distance_m|anchor_refit_lat|anchor_refit_lon|anchor_refit_osm_way_id|anchor_refit_reason|target_route_status|target_route_label|target_route_episode_id|off_target_flag|off_target_reason|retain_for_training_flag|retain_for_review_flag|transition_type|transition_review_level|mainline_membership|mainline_training_flag|connector_training_flag|summit_training_flag|non_mainline_flag|non_mainline_type|non_mainline_reason|membership_review_flag|v1g2_zone_id|v1g2_zone_type|v1g2_zone_quality_flag,activity_mapmatch_or_wrong_branch_diagnostic_not_fork_inventory,False,"Branch ambiguity and wrong-branch diagnostics are useful navigation behavior context, but they do not enumerate route fork or decision point exposure."
outputs\ib3a_rc_candidate_selection_v1h_qixing_lengshuikeng_full26_mainline_membership_qa\qixing_lengshuikeng\30_1\qixing_lengshuikeng_30_1_mainline_membership_labels_v1h.csv,True,17563,raw_point_index|route_folder|subject_id|trial_id|activity_id|timestamp_s|elapsed_sec|dt_sec|duplicate_timestamp_flag|irregular_interval_flag|lat|lon|ele_m|distance_m|heart_rate_bpm|source_file|source_ext|source_row_index|case_id|candidate_route_selection_version|nearest_candidate_way_id|nearest_distance_m|nearest_route_dist_m|projected_lat|projected_lon|candidate_way_id|nearest_osm_way_id|nearest_match_score|nearest_selected_from_ib0|nearest_highway_norm|nearest_route_role|nearest_way_name|rc_elapsed_fraction|rc_terminal_segment|candidate_context|candidate_confidence|rc_review_required|rc_review_reason|training_use_policy|terminal_zone|raw_step_m|raw_speed_estimated_mps|route_dist_delta_m_v1d|route_dist_range_30s_m|candidate_way_switch_count_60s|pause_or_stall_flag|route_dist_reversal_flag|route_dist_jump_flag|route_dist_stall_flag|candidate_way_switch_flag|movement_review_required|movement_review_reason|anchor_stabilized_flag|anchor_type|anchor_name|anchor_distance_m|anchor_refit_lat|anchor_refit_lon|anchor_refit_osm_way_id|anchor_refit_reason|target_route_status|target_route_label|target_route_episode_id|off_target_flag|off_target_reason|retain_for_training_flag|retain_for_review_flag|transition_type|transition_review_level|mainline_membership|mainline_training_flag|connector_training_flag|summit_training_flag|non_mainline_flag|non_mainline_type|non_mainline_reason|membership_review_flag|v1g2_zone_id|v1g2_zone_type|v1g2_zone_quality_flag,activity_mapmatch_or_wrong_branch_diagnostic_not_fork_inventory,False,"Branch ambiguity and wrong-branch diagnostics are useful navigation behavior context, but they do not enumerate route fork or decision point exposure."
outputs\ib3a_rc_candidate_selection_v1h_qixing_lengshuikeng_full26_mainline_membership_qa\qixing_lengshuikeng\33_1\qixing_lengshuikeng_33_1_mainline_membership_labels_v1h.csv,True,6582,raw_point_index|route_folder|subject_id|trial_id|activity_id|timestamp_s|elapsed_sec|dt_sec|duplicate_timestamp_flag|irregular_interval_flag|lat|lon|ele_m|distance_m|heart_rate_bpm|source_file|source_ext|source_row_index|case_id|candidate_route_selection_version|nearest_candidate_way_id|nearest_distance_m|nearest_route_dist_m|projected_lat|projected_lon|candidate_way_id|nearest_osm_way_id|nearest_match_score|nearest_selected_from_ib0|nearest_highway_norm|nearest_route_role|nearest_way_name|rc_elapsed_fraction|rc_terminal_segment|candidate_context|candidate_confidence|rc_review_required|rc_review_reason|training_use_policy|terminal_zone|raw_step_m|raw_speed_estimated_mps|route_dist_delta_m_v1d|route_dist_range_30s_m|candidate_way_switch_count_60s|pause_or_stall_flag|route_dist_reversal_flag|route_dist_jump_flag|route_dist_stall_flag|candidate_way_switch_flag|movement_review_required|movement_review_reason|anchor_stabilized_flag|anchor_type|anchor_name|anchor_distance_m|anchor_refit_lat|anchor_refit_lon|anchor_refit_osm_way_id|anchor_refit_reason|target_route_status|target_route_label|target_route_episode_id|off_target_flag|off_target_reason|retain_for_training_flag|retain_for_review_flag|transition_type|transition_review_level|mainline_membership|mainline_training_flag|connector_training_flag|summit_training_flag|non_mainline_flag|non_mainline_type|non_mainline_reason|membership_review_flag|v1g2_zone_id|v1g2_zone_type|v1g2_zone_quality_flag,activity_mapmatch_or_wrong_branch_diagnostic_not_fork_inventory,False,"Branch ambiguity and wrong-branch diagnostics are useful navigation behavior context, but they do not enumerate route fork or decision point exposure."
outputs\ib3a_rc_candidate_selection_v1h_qixing_lengshuikeng_full26_mainline_membership_qa\qixing_lengshuikeng\35_1\qixing_lengshuikeng_35_1_mainline_membership_labels_v1h.csv,True,23200,raw_point_index|route_folder|subject_id|trial_id|activity_id|timestamp_s|elapsed_sec|dt_sec|duplicate_timestamp_flag|irregular_interval_flag|lat|lon|ele_m|distance_m|heart_rate_bpm|source_file|source_ext|source_row_index|case_id|candidate_route_selection_version|nearest_candidate_way_id|nearest_distance_m|nearest_route_dist_m|projected_lat|projected_lon|candidate_way_id|nearest_osm_way_id|nearest_match_score|nearest_selected_from_ib0|nearest_highway_norm|nearest_route_role|nearest_way_name|rc_elapsed_fraction|rc_terminal_segment|candidate_context|candidate_confidence|rc_review_required|rc_review_reason|training_use_policy|terminal_zone|raw_step_m|raw_speed_estimated_mps|route_dist_delta_m_v1d|route_dist_range_30s_m|candidate_way_switch_count_60s|pause_or_stall_flag|route_dist_reversal_flag|route_dist_jump_flag|route_dist_stall_flag|candidate_way_switch_flag|movement_review_required|movement_review_reason|anchor_stabilized_flag|anchor_type|anchor_name|anchor_distance_m|anchor_refit_lat|anchor_refit_lon|anchor_refit_osm_way_id|anchor_refit_reason|target_route_status|target_route_label|target_route_episode_id|off_target_flag|off_target_reason|retain_for_training_flag|retain_for_review_flag|transition_type|transition_review_level|mainline_membership|mainline_training_flag|connector_training_flag|summit_training_flag|non_mainline_flag|non_mainline_type|non_mainline_reason|membership_review_flag|v1g2_zone_id|v1g2_zone_type|v1g2_zone_quality_flag,activity_mapmatch_or_wrong_branch_diagnostic_not_fork_inventory,False,"Branch ambiguity and wrong-branch diagnostics are useful navigation behavior context, but they do not enumerate route fork or decision point exposure."
outputs\ib3a_rc_candidate_selection_v1h_qixing_lengshuikeng_full26_mainline_membership_qa\qixing_lengshuikeng\36_1\qixing_lengshuikeng_36_1_mainline_membership_labels_v1h.csv,True,8015,raw_point_index|route_folder|subject_id|trial_id|activity_id|timestamp_s|elapsed_sec|dt_sec|duplicate_timestamp_flag|irregular_interval_flag|lat|lon|ele_m|distance_m|heart_rate_bpm|source_file|source_ext|source_row_index|case_id|candidate_route_selection_version|nearest_candidate_way_id|nearest_distance_m|nearest_route_dist_m|projected_lat|projected_lon|candidate_way_id|nearest_osm_way_id|nearest_match_score|nearest_selected_from_ib0|nearest_highway_norm|nearest_route_role|nearest_way_name|rc_elapsed_fraction|rc_terminal_segment|candidate_context|candidate_confidence|rc_review_required|rc_review_reason|training_use_policy|terminal_zone|raw_step_m|raw_speed_estimated_mps|route_dist_delta_m_v1d|route_dist_range_30s_m|candidate_way_switch_count_60s|pause_or_stall_flag|route_dist_reversal_flag|route_dist_jump_flag|route_dist_stall_flag|candidate_way_switch_flag|movement_review_required|movement_review_reason|anchor_stabilized_flag|anchor_type|anchor_name|anchor_distance_m|anchor_refit_lat|anchor_refit_lon|anchor_refit_osm_way_id|anchor_refit_reason|target_route_status|target_route_label|target_route_episode_id|off_target_flag|off_target_reason|retain_for_training_flag|retain_for_review_flag|transition_type|transition_review_level|mainline_membership|mainline_training_flag|connector_training_flag|summit_training_flag|non_mainline_flag|non_mainline_type|non_mainline_reason|membership_review_flag|v1g2_zone_id|v1g2_zone_type|v1g2_zone_quality_flag,activity_mapmatch_or_wrong_branch_diagnostic_not_fork_inventory,False,"Branch ambiguity and wrong-branch diagnostics are useful navigation behavior context, but they do not enumerate route fork or decision point exposure."
outputs\ib3a_rc_candidate_selection_v1h_qixing_lengshuikeng_full26_mainline_membership_qa\qixing_lengshuikeng\37_1\qixing_lengshuikeng_37_1_mainline_membership_labels_v1h.csv,True,9533,raw_point_index|route_folder|subject_id|trial_id|activity_id|timestamp_s|elapsed_sec|dt_sec|duplicate_timestamp_flag|irregular_interval_flag|lat|lon|ele_m|distance_m|heart_rate_bpm|source_file|source_ext|source_row_index|case_id|candidate_route_selection_version|nearest_candidate_way_id|nearest_distance_m|nearest_route_dist_m|projected_lat|projected_lon|candidate_way_id|nearest_osm_way_id|nearest_match_score|nearest_selected_from_ib0|nearest_highway_norm|nearest_route_role|nearest_way_name|rc_elapsed_fraction|rc_terminal_segment|candidate_context|candidate_confidence|rc_review_required|rc_review_reason|training_use_policy|terminal_zone|raw_step_m|raw_speed_estimated_mps|route_dist_delta_m_v1d|route_dist_range_30s_m|candidate_way_switch_count_60s|pause_or_stall_flag|route_dist_reversal_flag|route_dist_jump_flag|route_dist_stall_flag|candidate_way_switch_flag|movement_review_required|movement_review_reason|anchor_stabilized_flag|anchor_type|anchor_name|anchor_distance_m|anchor_refit_lat|anchor_refit_lon|anchor_refit_osm_way_id|anchor_refit_reason|target_route_status|target_route_label|target_route_episode_id|off_target_flag|off_target_reason|retain_for_training_flag|retain_for_review_flag|transition_type|transition_review_level|mainline_membership|mainline_training_flag|connector_training_flag|summit_training_flag|non_mainline_flag|non_mainline_type|non_mainline_reason|membership_review_flag|v1g2_zone_id|v1g2_zone_type|v1g2_zone_quality_flag,activity_mapmatch_or_wrong_branch_diagnostic_not_fork_inventory,False,"Branch ambiguity and wrong-branch diagnostics are useful navigation behavior context, but they do not enumerate route fork or decision point exposure."
outputs\ib3a_rc_candidate_selection_v1h_qixing_lengshuikeng_full26_mainline_membership_qa\qixing_lengshuikeng\38_1\qixing_lengshuikeng_38_1_mainline_membership_labels_v1h.csv,True,16606,raw_point_index|route_folder|subject_id|trial_id|activity_id|timestamp_s|elapsed_sec|dt_sec|duplicate_timestamp_flag|irregular_interval_flag|lat|lon|ele_m|distance_m|heart_rate_bpm|source_file|source_ext|source_row_index|case_id|candidate_route_selection_version|nearest_candidate_way_id|nearest_distance_m|nearest_route_dist_m|projected_lat|projected_lon|candidate_way_id|nearest_osm_way_id|nearest_match_score|nearest_selected_from_ib0|nearest_highway_norm|nearest_route_role|nearest_way_name|rc_elapsed_fraction|rc_terminal_segment|candidate_context|candidate_confidence|rc_review_required|rc_review_reason|training_use_policy|terminal_zone|raw_step_m|raw_speed_estimated_mps|route_dist_delta_m_v1d|route_dist_range_30s_m|candidate_way_switch_count_60s|pause_or_stall_flag|route_dist_reversal_flag|route_dist_jump_flag|route_dist_stall_flag|candidate_way_switch_flag|movement_review_required|movement_review_reason|anchor_stabilized_flag|anchor_type|anchor_name|anchor_distance_m|anchor_refit_lat|anchor_refit_lon|anchor_refit_osm_way_id|anchor_refit_reason|target_route_status|target_route_label|target_route_episode_id|off_target_flag|off_target_reason|retain_for_training_flag|retain_for_review_flag|transition_type|transition_review_level|mainline_membership|mainline_training_flag|connector_training_flag|summit_training_flag|non_mainline_flag|non_mainline_type|non_mainline_reason|membership_review_flag|v1g2_zone_id|v1g2_zone_type|v1g2_zone_quality_flag,activity_mapmatch_or_wrong_branch_diagnostic_not_fork_inventory,False,"Branch ambiguity and wrong-branch diagnostics are useful navigation behavior context, but they do not enumerate route fork or decision point exposure."
outputs\ib3a_rc_candidate_selection_v1h_qixing_lengshuikeng_full26_mainline_membership_qa\qixing_lengshuikeng\3_1\qixing_lengshuikeng_3_1_mainline_membership_labels_v1h.csv,True,7873,raw_point_index|route_folder|subject_id|trial_id|activity_id|timestamp_s|elapsed_sec|dt_sec|duplicate_timestamp_flag|irregular_interval_flag|lat|lon|ele_m|distance_m|heart_rate_bpm|source_file|source_ext|source_row_index|case_id|candidate_route_selection_version|nearest_candidate_way_id|nearest_distance_m|nearest_route_dist_m|projected_lat|projected_lon|candidate_way_id|nearest_osm_way_id|nearest_match_score|nearest_selected_from_ib0|nearest_highway_norm|nearest_route_role|nearest_way_name|rc_elapsed_fraction|rc_terminal_segment|candidate_context|candidate_confidence|rc_review_required|rc_review_reason|training_use_policy|terminal_zone|raw_step_m|raw_speed_estimated_mps|route_dist_delta_m_v1d|route_dist_range_30s_m|candidate_way_switch_count_60s|pause_or_stall_flag|route_dist_reversal_flag|route_dist_jump_flag|route_dist_stall_flag|candidate_way_switch_flag|movement_review_required|movement_review_reason|anchor_stabilized_flag|anchor_type|anchor_name|anchor_distance_m|anchor_refit_lat|anchor_refit_lon|anchor_refit_osm_way_id|anchor_refit_reason|target_route_status|target_route_label|target_route_episode_id|off_target_flag|off_target_reason|retain_for_training_flag|retain_for_review_flag|transition_type|transition_review_level|mainline_membership|mainline_training_flag|connector_training_flag|summit_training_flag|non_mainline_flag|non_mainline_type|non_mainline_reason|membership_review_flag|v1g2_zone_id|v1g2_zone_type|v1g2_zone_quality_flag,activity_mapmatch_or_wrong_branch_diagnostic_not_fork_inventory,False,"Branch ambiguity and wrong-branch diagnostics are useful navigation behavior context, but they do not enumerate route fork or decision point exposure."
outputs\ib3a_rc_candidate_selection_v1h_qixing_lengshuikeng_full26_mainline_membership_qa\qixing_lengshuikeng\40_1\qixing_lengshuikeng_40_1_mainline_membership_labels_v1h.csv,True,7714,raw_point_index|route_folder|subject_id|trial_id|activity_id|timestamp_s|elapsed_sec|dt_sec|duplicate_timestamp_flag|irregular_interval_flag|lat|lon|ele_m|distance_m|heart_rate_bpm|source_file|source_ext|source_row_index|case_id|candidate_route_selection_version|nearest_candidate_way_id|nearest_distance_m|nearest_route_dist_m|projected_lat|projected_lon|candidate_way_id|nearest_osm_way_id|nearest_match_score|nearest_selected_from_ib0|nearest_highway_norm|nearest_route_role|nearest_way_name|rc_elapsed_fraction|rc_terminal_segment|candidate_context|candidate_confidence|rc_review_required|rc_review_reason|training_use_policy|terminal_zone|raw_step_m|raw_speed_estimated_mps|route_dist_delta_m_v1d|route_dist_range_30s_m|candidate_way_switch_count_60s|pause_or_stall_flag|route_dist_reversal_flag|route_dist_jump_flag|route_dist_stall_flag|candidate_way_switch_flag|movement_review_required|movement_review_reason|anchor_stabilized_flag|anchor_type|anchor_name|anchor_distance_m|anchor_refit_lat|anchor_refit_lon|anchor_refit_osm_way_id|anchor_refit_reason|target_route_status|target_route_label|target_route_episode_id|off_target_flag|off_target_reason|retain_for_training_flag|retain_for_review_flag|transition_type|transition_review_level|mainline_membership|mainline_training_flag|connector_training_flag|summit_training_flag|non_mainline_flag|non_mainline_type|non_mainline_reason|membership_review_flag|v1g2_zone_id|v1g2_zone_type|v1g2_zone_quality_flag,activity_mapmatch_or_wrong_branch_diagnostic_not_fork_inventory,False,"Branch ambiguity and wrong-branch diagnostics are useful navigation behavior context, but they do not enumerate route fork or decision point exposure."
outputs\ib3a_rc_candidate_selection_v1h_qixing_lengshuikeng_full26_mainline_membership_qa\qixing_lengshuikeng\41_1\qixing_lengshuikeng_41_1_mainline_membership_labels_v1h.csv,True,7077,raw_point_index|route_folder|subject_id|trial_id|activity_id|timestamp_s|elapsed_sec|dt_sec|duplicate_timestamp_flag|irregular_interval_flag|lat|lon|ele_m|distance_m|heart_rate_bpm|source_file|source_ext|source_row_index|case_id|candidate_route_selection_version|nearest_candidate_way_id|nearest_distance_m|nearest_route_dist_m|projected_lat|projected_lon|candidate_way_id|nearest_osm_way_id|nearest_match_score|nearest_selected_from_ib0|nearest_highway_norm|nearest_route_role|nearest_way_name|rc_elapsed_fraction|rc_terminal_segment|candidate_context|candidate_confidence|rc_review_required|rc_review_reason|training_use_policy|terminal_zone|raw_step_m|raw_speed_estimated_mps|route_dist_delta_m_v1d|route_dist_range_30s_m|candidate_way_switch_count_60s|pause_or_stall_flag|route_dist_reversal_flag|route_dist_jump_flag|route_dist_stall_flag|candidate_way_switch_flag|movement_review_required|movement_review_reason|anchor_stabilized_flag|anchor_type|anchor_name|anchor_distance_m|anchor_refit_lat|anchor_refit_lon|anchor_refit_osm_way_id|anchor_refit_reason|target_route_status|target_route_label|target_route_episode_id|off_target_flag|off_target_reason|retain_for_training_flag|retain_for_review_flag|transition_type|transition_review_level|mainline_membership|mainline_training_flag|connector_training_flag|summit_training_flag|non_mainline_flag|non_mainline_type|non_mainline_reason|membership_review_flag|v1g2_zone_id|v1g2_zone_type|v1g2_zone_quality_flag,activity_mapmatch_or_wrong_branch_diagnostic_not_fork_inventory,False,"Branch ambiguity and wrong-branch diagnostics are useful navigation behavior context, but they do not enumerate route fork or decision point exposure."
outputs\ib3a_rc_candidate_selection_v1h_qixing_lengshuikeng_full26_mainline_membership_qa\qixing_lengshuikeng\42_1\qixing_lengshuikeng_42_1_mainline_membership_labels_v1h.csv,True,10287,raw_point_index|route_folder|subject_id|trial_id|activity_id|timestamp_s|elapsed_sec|dt_sec|duplicate_timestamp_flag|irregular_interval_flag|lat|lon|ele_m|distance_m|heart_rate_bpm|source_file|source_ext|source_row_index|case_id|candidate_route_selection_version|nearest_candidate_way_id|nearest_distance_m|nearest_route_dist_m|projected_lat|projected_lon|candidate_way_id|nearest_osm_way_id|nearest_match_score|nearest_selected_from_ib0|nearest_highway_norm|nearest_route_role|nearest_way_name|rc_elapsed_fraction|rc_terminal_segment|candidate_context|candidate_confidence|rc_review_required|rc_review_reason|training_use_policy|terminal_zone|raw_step_m|raw_speed_estimated_mps|route_dist_delta_m_v1d|route_dist_range_30s_m|candidate_way_switch_count_60s|pause_or_stall_flag|route_dist_reversal_flag|route_dist_jump_flag|route_dist_stall_flag|candidate_way_switch_flag|movement_review_required|movement_review_reason|anchor_stabilized_flag|anchor_type|anchor_name|anchor_distance_m|anchor_refit_lat|anchor_refit_lon|anchor_refit_osm_way_id|anchor_refit_reason|target_route_status|target_route_label|target_route_episode_id|off_target_flag|off_target_reason|retain_for_training_flag|retain_for_review_flag|transition_type|transition_review_level|mainline_membership|mainline_training_flag|connector_training_flag|summit_training_flag|non_mainline_flag|non_mainline_type|non_mainline_reason|membership_review_flag|v1g2_zone_id|v1g2_zone_type|v1g2_zone_quality_flag,activity_mapmatch_or_wrong_branch_diagnostic_not_fork_inventory,False,"Branch ambiguity and wrong-branch diagnostics are useful navigation behavior context, but they do not enumerate route fork or decision point exposure."
outputs\ib3a_rc_candidate_selection_v1h_qixing_lengshuikeng_full26_mainline_membership_qa\qixing_lengshuikeng\43_1\qixing_lengshuikeng_43_1_mainline_membership_labels_v1h.csv,True,11451,raw_point_index|route_folder|subject_id|trial_id|activity_id|timestamp_s|elapsed_sec|dt_sec|duplicate_timestamp_flag|irregular_interval_flag|lat|lon|ele_m|distance_m|heart_rate_bpm|source_file|source_ext|source_row_index|case_id|candidate_route_selection_version|nearest_candidate_way_id|nearest_distance_m|nearest_route_dist_m|projected_lat|projected_lon|candidate_way_id|nearest_osm_way_id|nearest_match_score|nearest_selected_from_ib0|nearest_highway_norm|nearest_route_role|nearest_way_name|rc_elapsed_fraction|rc_terminal_segment|candidate_context|candidate_confidence|rc_review_required|rc_review_reason|training_use_policy|terminal_zone|raw_step_m|raw_speed_estimated_mps|route_dist_delta_m_v1d|route_dist_range_30s_m|candidate_way_switch_count_60s|pause_or_stall_flag|route_dist_reversal_flag|route_dist_jump_flag|route_dist_stall_flag|candidate_way_switch_flag|movement_review_required|movement_review_reason|anchor_stabilized_flag|anchor_type|anchor_name|anchor_distance_m|anchor_refit_lat|anchor_refit_lon|anchor_refit_osm_way_id|anchor_refit_reason|target_route_status|target_route_label|target_route_episode_id|off_target_flag|off_target_reason|retain_for_training_flag|retain_for_review_flag|transition_type|transition_review_level|mainline_membership|mainline_training_flag|connector_training_flag|summit_training_flag|non_mainline_flag|non_mainline_type|non_mainline_reason|membership_review_flag|v1g2_zone_id|v1g2_zone_type|v1g2_zone_quality_flag,activity_mapmatch_or_wrong_branch_diagnostic_not_fork_inventory,False,"Branch ambiguity and wrong-branch diagnostics are useful navigation behavior context, but they do not enumerate route fork or decision point exposure."
outputs\ib3a_rc_candidate_selection_v1h_qixing_lengshuikeng_full26_mainline_membership_qa\qixing_lengshuikeng\44_1\qixing_lengshuikeng_44_1_mainline_membership_labels_v1h.csv,True,7010,raw_point_index|route_folder|subject_id|trial_id|activity_id|timestamp_s|elapsed_sec|dt_sec|duplicate_timestamp_flag|irregular_interval_flag|lat|lon|ele_m|distance_m|heart_rate_bpm|source_file|source_ext|source_row_index|case_id|candidate_route_selection_version|nearest_candidate_way_id|nearest_distance_m|nearest_route_dist_m|projected_lat|projected_lon|candidate_way_id|nearest_osm_way_id|nearest_match_score|nearest_selected_from_ib0|nearest_highway_norm|nearest_route_role|nearest_way_name|rc_elapsed_fraction|rc_terminal_segment|candidate_context|candidate_confidence|rc_review_required|rc_review_reason|training_use_policy|terminal_zone|raw_step_m|raw_speed_estimated_mps|route_dist_delta_m_v1d|route_dist_range_30s_m|candidate_way_switch_count_60s|pause_or_stall_flag|route_dist_reversal_flag|route_dist_jump_flag|route_dist_stall_flag|candidate_way_switch_flag|movement_review_required|movement_review_reason|anchor_stabilized_flag|anchor_type|anchor_name|anchor_distance_m|anchor_refit_lat|anchor_refit_lon|anchor_refit_osm_way_id|anchor_refit_reason|target_route_status|target_route_label|target_route_episode_id|off_target_flag|off_target_reason|retain_for_training_flag|retain_for_review_flag|transition_type|transition_review_level|mainline_membership|mainline_training_flag|connector_training_flag|summit_training_flag|non_mainline_flag|non_mainline_type|non_mainline_reason|membership_review_flag|v1g2_zone_id|v1g2_zone_type|v1g2_zone_quality_flag,activity_mapmatch_or_wrong_branch_diagnostic_not_fork_inventory,False,"Branch ambiguity and wrong-branch diagnostics are useful navigation behavior context, but they do not enumerate route fork or decision point exposure."
outputs\ib3a_rc_candidate_selection_v1h_qixing_lengshuikeng_full26_mainline_membership_qa\qixing_lengshuikeng\45_1\qixing_lengshuikeng_45_1_mainline_membership_labels_v1h.csv,True,7227,raw_point_index|route_folder|subject_id|trial_id|activity_id|timestamp_s|elapsed_sec|dt_sec|duplicate_timestamp_flag|irregular_interval_flag|lat|lon|ele_m|distance_m|heart_rate_bpm|source_file|source_ext|source_row_index|case_id|candidate_route_selection_version|nearest_candidate_way_id|nearest_distance_m|nearest_route_dist_m|projected_lat|projected_lon|candidate_way_id|nearest_osm_way_id|nearest_match_score|nearest_selected_from_ib0|nearest_highway_norm|nearest_route_role|nearest_way_name|rc_elapsed_fraction|rc_terminal_segment|candidate_context|candidate_confidence|rc_review_required|rc_review_reason|training_use_policy|terminal_zone|raw_step_m|raw_speed_estimated_mps|route_dist_delta_m_v1d|route_dist_range_30s_m|candidate_way_switch_count_60s|pause_or_stall_flag|route_dist_reversal_flag|route_dist_jump_flag|route_dist_stall_flag|candidate_way_switch_flag|movement_review_required|movement_review_reason|anchor_stabilized_flag|anchor_type|anchor_name|anchor_distance_m|anchor_refit_lat|anchor_refit_lon|anchor_refit_osm_way_id|anchor_refit_reason|target_route_status|target_route_label|target_route_episode_id|off_target_flag|off_target_reason|retain_for_training_flag|retain_for_review_flag|transition_type|transition_review_level|mainline_membership|mainline_training_flag|connector_training_flag|summit_training_flag|non_mainline_flag|non_mainline_type|non_mainline_reason|membership_review_flag|v1g2_zone_id|v1g2_zone_type|v1g2_zone_quality_flag,activity_mapmatch_or_wrong_branch_diagnostic_not_fork_inventory,False,"Branch ambiguity and wrong-branch diagnostics are useful navigation behavior context, but they do not enumerate route fork or decision point exposure."
outputs\ib3a_rc_candidate_selection_v1h_qixing_lengshuikeng_full26_mainline_membership_qa\qixing_lengshuikeng\46_1\qixing_lengshuikeng_46_1_mainline_membership_labels_v1h.csv,True,10318,raw_point_index|route_folder|subject_id|trial_id|activity_id|timestamp_s|elapsed_sec|dt_sec|duplicate_timestamp_flag|irregular_interval_flag|lat|lon|ele_m|distance_m|heart_rate_bpm|source_file|source_ext|source_row_index|case_id|candidate_route_selection_version|nearest_candidate_way_id|nearest_distance_m|nearest_route_dist_m|projected_lat|projected_lon|candidate_way_id|nearest_osm_way_id|nearest_match_score|nearest_selected_from_ib0|nearest_highway_norm|nearest_route_role|nearest_way_name|rc_elapsed_fraction|rc_terminal_segment|candidate_context|candidate_confidence|rc_review_required|rc_review_reason|training_use_policy|terminal_zone|raw_step_m|raw_speed_estimated_mps|route_dist_delta_m_v1d|route_dist_range_30s_m|candidate_way_switch_count_60s|pause_or_stall_flag|route_dist_reversal_flag|route_dist_jump_flag|route_dist_stall_flag|candidate_way_switch_flag|movement_review_required|movement_review_reason|anchor_stabilized_flag|anchor_type|anchor_name|anchor_distance_m|anchor_refit_lat|anchor_refit_lon|anchor_refit_osm_way_id|anchor_refit_reason|target_route_status|target_route_label|target_route_episode_id|off_target_flag|off_target_reason|retain_for_training_flag|retain_for_review_flag|transition_type|transition_review_level|mainline_membership|mainline_training_flag|connector_training_flag|summit_training_flag|non_mainline_flag|non_mainline_type|non_mainline_reason|membership_review_flag|v1g2_zone_id|v1g2_zone_type|v1g2_zone_quality_flag,activity_mapmatch_or_wrong_branch_diagnostic_not_fork_inventory,False,"Branch ambiguity and wrong-branch diagnostics are useful navigation behavior context, but they do not enumerate route fork or decision point exposure."
outputs\ib3a_rc_candidate_selection_v1h_qixing_lengshuikeng_full26_mainline_membership_qa\qixing_lengshuikeng\48_1\qixing_lengshuikeng_48_1_mainline_membership_labels_v1h.csv,True,11622,raw_point_index|route_folder|subject_id|trial_id|activity_id|timestamp_s|elapsed_sec|dt_sec|duplicate_timestamp_flag|irregular_interval_flag|lat|lon|ele_m|distance_m|heart_rate_bpm|source_file|source_ext|source_row_index|case_id|candidate_route_selection_version|nearest_candidate_way_id|nearest_distance_m|nearest_route_dist_m|projected_lat|projected_lon|candidate_way_id|nearest_osm_way_id|nearest_match_score|nearest_selected_from_ib0|nearest_highway_norm|nearest_route_role|nearest_way_name|rc_elapsed_fraction|rc_terminal_segment|candidate_context|candidate_confidence|rc_review_required|rc_review_reason|training_use_policy|terminal_zone|raw_step_m|raw_speed_estimated_mps|route_dist_delta_m_v1d|route_dist_range_30s_m|candidate_way_switch_count_60s|pause_or_stall_flag|route_dist_reversal_flag|route_dist_jump_flag|route_dist_stall_flag|candidate_way_switch_flag|movement_review_required|movement_review_reason|anchor_stabilized_flag|anchor_type|anchor_name|anchor_distance_m|anchor_refit_lat|anchor_refit_lon|anchor_refit_osm_way_id|anchor_refit_reason|target_route_status|target_route_label|target_route_episode_id|off_target_flag|off_target_reason|retain_for_training_flag|retain_for_review_flag|transition_type|transition_review_level|mainline_membership|mainline_training_flag|connector_training_flag|summit_training_flag|non_mainline_flag|non_mainline_type|non_mainline_reason|membership_review_flag|v1g2_zone_id|v1g2_zone_type|v1g2_zone_quality_flag,activity_mapmatch_or_wrong_branch_diagnostic_not_fork_inventory,False,"Branch ambiguity and wrong-branch diagnostics are useful navigation behavior context, but they do not enumerate route fork or decision point exposure."
outputs\ib3a_rc_candidate_selection_v1h_qixing_lengshuikeng_full26_mainline_membership_qa\qixing_lengshuikeng\8_1\qixing_lengshuikeng_8_1_mainline_membership_labels_v1h.csv,True,8433,raw_point_index|route_folder|subject_id|trial_id|activity_id|timestamp_s|elapsed_sec|dt_sec|duplicate_timestamp_flag|irregular_interval_flag|lat|lon|ele_m|distance_m|heart_rate_bpm|source_file|source_ext|source_row_index|case_id|candidate_route_selection_version|nearest_candidate_way_id|nearest_distance_m|nearest_route_dist_m|projected_lat|projected_lon|candidate_way_id|nearest_osm_way_id|nearest_match_score|nearest_selected_from_ib0|nearest_highway_norm|nearest_route_role|nearest_way_name|rc_elapsed_fraction|rc_terminal_segment|candidate_context|candidate_confidence|rc_review_required|rc_review_reason|training_use_policy|terminal_zone|raw_step_m|raw_speed_estimated_mps|route_dist_delta_m_v1d|route_dist_range_30s_m|candidate_way_switch_count_60s|pause_or_stall_flag|route_dist_reversal_flag|route_dist_jump_flag|route_dist_stall_flag|candidate_way_switch_flag|movement_review_required|movement_review_reason|anchor_stabilized_flag|anchor_type|anchor_name|anchor_distance_m|anchor_refit_lat|anchor_refit_lon|anchor_refit_osm_way_id|anchor_refit_reason|target_route_status|target_route_label|target_route_episode_id|off_target_flag|off_target_reason|retain_for_training_flag|retain_for_review_flag|transition_type|transition_review_level|mainline_membership|mainline_training_flag|connector_training_flag|summit_training_flag|non_mainline_flag|non_mainline_type|non_mainline_reason|membership_review_flag|v1g2_zone_id|v1g2_zone_type|v1g2_zone_quality_flag,activity_mapmatch_or_wrong_branch_diagnostic_not_fork_inventory,False,"Branch ambiguity and wrong-branch diagnostics are useful navigation behavior context, but they do not enumerate route fork or decision point exposure."
outputs\ib3a_rc_candidate_selection_v1h_qixing_lengshuikeng_full26_mainline_membership_qa\qixing_lengshuikeng\9_1\qixing_lengshuikeng_9_1_mainline_membership_labels_v1h.csv,True,11399,raw_point_index|route_folder|subject_id|trial_id|activity_id|timestamp_s|elapsed_sec|dt_sec|duplicate_timestamp_flag|irregular_interval_flag|lat|lon|ele_m|distance_m|heart_rate_bpm|source_file|source_ext|source_row_index|case_id|candidate_route_selection_version|nearest_candidate_way_id|nearest_distance_m|nearest_route_dist_m|projected_lat|projected_lon|candidate_way_id|nearest_osm_way_id|nearest_match_score|nearest_selected_from_ib0|nearest_highway_norm|nearest_route_role|nearest_way_name|rc_elapsed_fraction|rc_terminal_segment|candidate_context|candidate_confidence|rc_review_required|rc_review_reason|training_use_policy|terminal_zone|raw_step_m|raw_speed_estimated_mps|route_dist_delta_m_v1d|route_dist_range_30s_m|candidate_way_switch_count_60s|pause_or_stall_flag|route_dist_reversal_flag|route_dist_jump_flag|route_dist_stall_flag|candidate_way_switch_flag|movement_review_required|movement_review_reason|anchor_stabilized_flag|anchor_type|anchor_name|anchor_distance_m|anchor_refit_lat|anchor_refit_lon|anchor_refit_osm_way_id|anchor_refit_reason|target_route_status|target_route_label|target_route_episode_id|off_target_flag|off_target_reason|retain_for_training_flag|retain_for_review_flag|transition_type|transition_review_level|mainline_membership|mainline_training_flag|connector_training_flag|summit_training_flag|non_mainline_flag|non_mainline_type|non_mainline_reason|membership_review_flag|v1g2_zone_id|v1g2_zone_type|v1g2_zone_quality_flag,activity_mapmatch_or_wrong_branch_diagnostic_not_fork_inventory,False,"Branch ambiguity and wrong-branch diagnostics are useful navigation behavior context, but they do not enumerate route fork or decision point exposure."
outputs\ib3a_rc_candidate_selection_v1h_qixing_lengshuikeng_mainline_membership_smoke\qixing_lengshuikeng\33_1\qixing_lengshuikeng_33_1_mainline_membership_labels_v1h.csv,True,6582,raw_point_index|route_folder|subject_id|trial_id|activity_id|timestamp_s|elapsed_sec|dt_sec|duplicate_timestamp_flag|irregular_interval_flag|lat|lon|ele_m|distance_m|heart_rate_bpm|source_file|source_ext|source_row_index|case_id|candidate_route_selection_version|nearest_candidate_way_id|nearest_distance_m|nearest_route_dist_m|projected_lat|projected_lon|candidate_way_id|nearest_osm_way_id|nearest_match_score|nearest_selected_from_ib0|nearest_highway_norm|nearest_route_role|nearest_way_name|rc_elapsed_fraction|rc_terminal_segment|candidate_context|candidate_confidence|rc_review_required|rc_review_reason|training_use_policy|terminal_zone|raw_step_m|raw_speed_estimated_mps|route_dist_delta_m_v1d|route_dist_range_30s_m|candidate_way_switch_count_60s|pause_or_stall_flag|route_dist_reversal_flag|route_dist_jump_flag|route_dist_stall_flag|candidate_way_switch_flag|movement_review_required|movement_review_reason|anchor_stabilized_flag|anchor_type|anchor_name|anchor_distance_m|anchor_refit_lat|anchor_refit_lon|anchor_refit_osm_way_id|anchor_refit_reason|target_route_status|target_route_label|target_route_episode_id|off_target_flag|off_target_reason|retain_for_training_flag|retain_for_review_flag|transition_type|transition_review_level|mainline_membership|mainline_training_flag|connector_training_flag|summit_training_flag|non_mainline_flag|non_mainline_type|non_mainline_reason|membership_review_flag|v1g2_zone_id|v1g2_zone_type|v1g2_zone_quality_flag,activity_mapmatch_or_wrong_branch_diagnostic_not_fork_inventory,False,"Branch ambiguity and wrong-branch diagnostics are useful navigation behavior context, but they do not enumerate route fork or decision point exposure."
outputs\ib3a_rc_candidate_selection_v1h_qixing_lengshuikeng_mainline_membership_smoke\qixing_lengshuikeng\37_1\qixing_lengshuikeng_37_1_mainline_membership_labels_v1h.csv,True,9533,raw_point_index|route_folder|subject_id|trial_id|activity_id|timestamp_s|elapsed_sec|dt_sec|duplicate_timestamp_flag|irregular_interval_flag|lat|lon|ele_m|distance_m|heart_rate_bpm|source_file|source_ext|source_row_index|case_id|candidate_route_selection_version|nearest_candidate_way_id|nearest_distance_m|nearest_route_dist_m|projected_lat|projected_lon|candidate_way_id|nearest_osm_way_id|nearest_match_score|nearest_selected_from_ib0|nearest_highway_norm|nearest_route_role|nearest_way_name|rc_elapsed_fraction|rc_terminal_segment|candidate_context|candidate_confidence|rc_review_required|rc_review_reason|training_use_policy|terminal_zone|raw_step_m|raw_speed_estimated_mps|route_dist_delta_m_v1d|route_dist_range_30s_m|candidate_way_switch_count_60s|pause_or_stall_flag|route_dist_reversal_flag|route_dist_jump_flag|route_dist_stall_flag|candidate_way_switch_flag|movement_review_required|movement_review_reason|anchor_stabilized_flag|anchor_type|anchor_name|anchor_distance_m|anchor_refit_lat|anchor_refit_lon|anchor_refit_osm_way_id|anchor_refit_reason|target_route_status|target_route_label|target_route_episode_id|off_target_flag|off_target_reason|retain_for_training_flag|retain_for_review_flag|transition_type|transition_review_level|mainline_membership|mainline_training_flag|connector_training_flag|summit_training_flag|non_mainline_flag|non_mainline_type|non_mainline_reason|membership_review_flag|v1g2_zone_id|v1g2_zone_type|v1g2_zone_quality_flag,activity_mapmatch_or_wrong_branch_diagnostic_not_fork_inventory,False,"Branch ambiguity and wrong-branch diagnostics are useful navigation behavior context, but they do not enumerate route fork or decision point exposure."
outputs\ib3a_rc_candidate_selection_v1h_qixing_lengshuikeng_mainline_membership_smoke\qixing_lengshuikeng\40_1\qixing_lengshuikeng_40_1_mainline_membership_labels_v1h.csv,True,7714,raw_point_index|route_folder|subject_id|trial_id|activity_id|timestamp_s|elapsed_sec|dt_sec|duplicate_timestamp_flag|irregular_interval_flag|lat|lon|ele_m|distance_m|heart_rate_bpm|source_file|source_ext|source_row_index|case_id|candidate_route_selection_version|nearest_candidate_way_id|nearest_distance_m|nearest_route_dist_m|projected_lat|projected_lon|candidate_way_id|nearest_osm_way_id|nearest_match_score|nearest_selected_from_ib0|nearest_highway_norm|nearest_route_role|nearest_way_name|rc_elapsed_fraction|rc_terminal_segment|candidate_context|candidate_confidence|rc_review_required|rc_review_reason|training_use_policy|terminal_zone|raw_step_m|raw_speed_estimated_mps|route_dist_delta_m_v1d|route_dist_range_30s_m|candidate_way_switch_count_60s|pause_or_stall_flag|route_dist_reversal_flag|route_dist_jump_flag|route_dist_stall_flag|candidate_way_switch_flag|movement_review_required|movement_review_reason|anchor_stabilized_flag|anchor_type|anchor_name|anchor_distance_m|anchor_refit_lat|anchor_refit_lon|anchor_refit_osm_way_id|anchor_refit_reason|target_route_status|target_route_label|target_route_episode_id|off_target_flag|off_target_reason|retain_for_training_flag|retain_for_review_flag|transition_type|transition_review_level|mainline_membership|mainline_training_flag|connector_training_flag|summit_training_flag|non_mainline_flag|non_mainline_type|non_mainline_reason|membership_review_flag|v1g2_zone_id|v1g2_zone_type|v1g2_zone_quality_flag,activity_mapmatch_or_wrong_branch_diagnostic_not_fork_inventory,False,"Branch ambiguity and wrong-branch diagnostics are useful navigation behavior context, but they do not enumerate route fork or decision point exposure."
outputs\ib3c_activity_behavior_events_adaptive_speed_v1_phase3_semantics_smoketest\qixing_lengshuikeng\37_1\qixing_lengshuikeng_37_1_ib3c_points_labeled.csv,True,9533,route_folder|case_id|subject_id|trial_id|row_index|point_index|activity_id|timestamp_s|elapsed_sec|dt_sec|lat|lon|ele_m|distance_m|heart_rate_bpm|route_dist_m|projected_route_dist_m|nearest_route_dist_m|reliable_route_dist_m|route_progress_reliable|route_progress_state|route_projection_confidence|route_projection_note|offset_m|segment_id|direction_hint|match_quality|source_file|sequence_match_score|candidate_rank|route_dist_delta_m|reliable_route_dist_delta_m|implied_route_speed_mps|sequence_jump_guard_flag|sequence_branch_ambiguity_flag|summit_dist_m|summit_reached_flag|candidate_phase|summit_transition_lock_applied|summit_transition_release_flag|source_csv_row_index|usable_on_route|excluded_reason|excursion_id|manual_override_applied|manual_event_id|manual_label|manual_interpretation|segment_role|route_progress_excluded|_join_route_dist_m|_ctx_dist_m|osm_highway|osm_surface|surface_class|route_semantic_class|facility_flags|rest_flags|support_flags|hydrology_flags|visibility_class|osm_difficulty_class|slope_band_window_nlsc|terrain_window_risk_score|hydro_terrain_amplifier_score|osm_terrain_combined_risk_score|osm_terrain_combined_risk_band|route_context_dist_diff_m|ib3c_speed_mps|ib3c_speed_source|ib3c_hr_bpm|ib3c_hr_source|ib3c_usable_on_route|ib3c_excluded_reason|ib3c_offset_m|ib3c_low_speed_flag|ib3c_off_route_behavior_flag|ib3c_behavior_candidate_flag|ib3c_stationary_block_id|global_low_speed_reference_mps,activity_mapmatch_or_wrong_branch_diagnostic_not_fork_inventory,False,"Branch ambiguity and wrong-branch diagnostics are useful navigation behavior context, but they do not enumerate route fork or decision point exposure."
outputs\ib3c_activity_behavior_events_adaptive_speed_v1_phase3a_semantic_annotations_26batch\qixing_lengshuikeng\13_1\qixing_lengshuikeng_13_1_ib3c_points_labeled.csv,True,8325,route_folder|case_id|subject_id|trial_id|row_index|point_index|activity_id|timestamp_s|elapsed_sec|dt_sec|lat|lon|ele_m|distance_m|heart_rate_bpm|route_dist_m|projected_route_dist_m|nearest_route_dist_m|reliable_route_dist_m|route_progress_reliable|route_progress_state|route_projection_confidence|route_projection_note|offset_m|segment_id|direction_hint|match_quality|source_file|sequence_match_score|candidate_rank|route_dist_delta_m|reliable_route_dist_delta_m|implied_route_speed_mps|sequence_jump_guard_flag|sequence_branch_ambiguity_flag|summit_dist_m|summit_reached_flag|candidate_phase|summit_transition_lock_applied|summit_transition_release_flag|source_csv_row_index|usable_on_route|excluded_reason|excursion_id|manual_override_applied|manual_event_id|manual_label|manual_interpretation|segment_role|route_progress_excluded|_join_route_dist_m|_ctx_dist_m|osm_highway|osm_surface|surface_class|route_semantic_class|facility_flags|rest_flags|support_flags|hydrology_flags|visibility_class|osm_difficulty_class|slope_band_window_nlsc|terrain_window_risk_score|hydro_terrain_amplifier_score|osm_terrain_combined_risk_score|osm_terrain_combined_risk_band|route_context_dist_diff_m|ib3c_speed_mps|ib3c_speed_source|ib3c_hr_bpm|ib3c_hr_source|ib3c_usable_on_route|ib3c_excluded_reason|ib3c_offset_m|ib3c_low_speed_flag|ib3c_off_route_behavior_flag|ib3c_behavior_candidate_flag|ib3c_stationary_block_id|global_low_speed_reference_mps,activity_mapmatch_or_wrong_branch_diagnostic_not_fork_inventory,False,"Branch ambiguity and wrong-branch diagnostics are useful navigation behavior context, but they do not enumerate route fork or decision point exposure."
outputs\ib3c_activity_behavior_events_adaptive_speed_v1_phase3a_semantic_annotations_26batch\qixing_lengshuikeng\14_1\qixing_lengshuikeng_14_1_ib3c_points_labeled.csv,True,7202,route_folder|case_id|subject_id|trial_id|row_index|point_index|activity_id|timestamp_s|elapsed_sec|dt_sec|lat|lon|ele_m|distance_m|heart_rate_bpm|route_dist_m|projected_route_dist_m|nearest_route_dist_m|reliable_route_dist_m|route_progress_reliable|route_progress_state|route_projection_confidence|route_projection_note|offset_m|segment_id|direction_hint|match_quality|source_file|sequence_match_score|candidate_rank|route_dist_delta_m|reliable_route_dist_delta_m|implied_route_speed_mps|sequence_jump_guard_flag|sequence_branch_ambiguity_flag|summit_dist_m|summit_reached_flag|candidate_phase|summit_transition_lock_applied|summit_transition_release_flag|source_csv_row_index|usable_on_route|excluded_reason|excursion_id|manual_override_applied|manual_event_id|manual_label|manual_interpretation|segment_role|route_progress_excluded|_join_route_dist_m|_ctx_dist_m|osm_highway|osm_surface|surface_class|route_semantic_class|facility_flags|rest_flags|support_flags|hydrology_flags|visibility_class|osm_difficulty_class|slope_band_window_nlsc|terrain_window_risk_score|hydro_terrain_amplifier_score|osm_terrain_combined_risk_score|osm_terrain_combined_risk_band|route_context_dist_diff_m|ib3c_speed_mps|ib3c_speed_source|ib3c_hr_bpm|ib3c_hr_source|ib3c_usable_on_route|ib3c_excluded_reason|ib3c_offset_m|ib3c_low_speed_flag|ib3c_off_route_behavior_flag|ib3c_behavior_candidate_flag|ib3c_stationary_block_id|global_low_speed_reference_mps,activity_mapmatch_or_wrong_branch_diagnostic_not_fork_inventory,False,"Branch ambiguity and wrong-branch diagnostics are useful navigation behavior context, but they do not enumerate route fork or decision point exposure."
outputs\ib3c_activity_behavior_events_adaptive_speed_v1_phase3a_semantic_annotations_26batch\qixing_lengshuikeng\15_1\qixing_lengshuikeng_15_1_ib3c_points_labeled.csv,True,17282,route_folder|case_id|subject_id|trial_id|row_index|point_index|activity_id|timestamp_s|elapsed_sec|dt_sec|lat|lon|ele_m|distance_m|heart_rate_bpm|route_dist_m|projected_route_dist_m|nearest_route_dist_m|reliable_route_dist_m|route_progress_reliable|route_progress_state|route_projection_confidence|route_projection_note|offset_m|segment_id|direction_hint|match_quality|source_file|sequence_match_score|candidate_rank|route_dist_delta_m|reliable_route_dist_delta_m|implied_route_speed_mps|sequence_jump_guard_flag|sequence_branch_ambiguity_flag|summit_dist_m|summit_reached_flag|candidate_phase|summit_transition_lock_applied|summit_transition_release_flag|source_csv_row_index|usable_on_route|excluded_reason|excursion_id|manual_override_applied|manual_event_id|manual_label|manual_interpretation|segment_role|route_progress_excluded|_join_route_dist_m|_ctx_dist_m|osm_highway|osm_surface|surface_class|route_semantic_class|facility_flags|rest_flags|support_flags|hydrology_flags|visibility_class|osm_difficulty_class|slope_band_window_nlsc|terrain_window_risk_score|hydro_terrain_amplifier_score|osm_terrain_combined_risk_score|osm_terrain_combined_risk_band|route_context_dist_diff_m|ib3c_speed_mps|ib3c_speed_source|ib3c_hr_bpm|ib3c_hr_source|ib3c_usable_on_route|ib3c_excluded_reason|ib3c_offset_m|ib3c_low_speed_flag|ib3c_off_route_behavior_flag|ib3c_behavior_candidate_flag|ib3c_stationary_block_id|global_low_speed_reference_mps,activity_mapmatch_or_wrong_branch_diagnostic_not_fork_inventory,False,"Branch ambiguity and wrong-branch diagnostics are useful navigation behavior context, but they do not enumerate route fork or decision point exposure."
outputs\ib3c_activity_behavior_events_adaptive_speed_v1_phase3a_semantic_annotations_26batch\qixing_lengshuikeng\16_1\qixing_lengshuikeng_16_1_ib3c_points_labeled.csv,True,10200,route_folder|case_id|subject_id|trial_id|row_index|point_index|activity_id|timestamp_s|elapsed_sec|dt_sec|lat|lon|ele_m|distance_m|heart_rate_bpm|route_dist_m|projected_route_dist_m|nearest_route_dist_m|reliable_route_dist_m|route_progress_reliable|route_progress_state|route_projection_confidence|route_projection_note|offset_m|segment_id|direction_hint|match_quality|source_file|sequence_match_score|candidate_rank|route_dist_delta_m|reliable_route_dist_delta_m|implied_route_speed_mps|sequence_jump_guard_flag|sequence_branch_ambiguity_flag|summit_dist_m|summit_reached_flag|candidate_phase|summit_transition_lock_applied|summit_transition_release_flag|source_csv_row_index|usable_on_route|excluded_reason|excursion_id|manual_override_applied|manual_event_id|manual_label|manual_interpretation|segment_role|route_progress_excluded|_join_route_dist_m|_ctx_dist_m|osm_highway|osm_surface|surface_class|route_semantic_class|facility_flags|rest_flags|support_flags|hydrology_flags|visibility_class|osm_difficulty_class|slope_band_window_nlsc|terrain_window_risk_score|hydro_terrain_amplifier_score|osm_terrain_combined_risk_score|osm_terrain_combined_risk_band|route_context_dist_diff_m|ib3c_speed_mps|ib3c_speed_source|ib3c_hr_bpm|ib3c_hr_source|ib3c_usable_on_route|ib3c_excluded_reason|ib3c_offset_m|ib3c_low_speed_flag|ib3c_off_route_behavior_flag|ib3c_behavior_candidate_flag|ib3c_stationary_block_id|global_low_speed_reference_mps,activity_mapmatch_or_wrong_branch_diagnostic_not_fork_inventory,False,"Branch ambiguity and wrong-branch diagnostics are useful navigation behavior context, but they do not enumerate route fork or decision point exposure."
outputs\ib3c_activity_behavior_events_adaptive_speed_v1_phase3a_semantic_annotations_26batch\qixing_lengshuikeng\20_1\qixing_lengshuikeng_20_1_ib3c_points_labeled.csv,True,17452,route_folder|case_id|subject_id|trial_id|row_index|point_index|activity_id|timestamp_s|elapsed_sec|dt_sec|lat|lon|ele_m|distance_m|heart_rate_bpm|route_dist_m|projected_route_dist_m|nearest_route_dist_m|reliable_route_dist_m|route_progress_reliable|route_progress_state|route_projection_confidence|route_projection_note|offset_m|segment_id|direction_hint|match_quality|source_file|sequence_match_score|candidate_rank|route_dist_delta_m|reliable_route_dist_delta_m|implied_route_speed_mps|sequence_jump_guard_flag|sequence_branch_ambiguity_flag|summit_dist_m|summit_reached_flag|candidate_phase|summit_transition_lock_applied|summit_transition_release_flag|source_csv_row_index|usable_on_route|excluded_reason|excursion_id|manual_override_applied|manual_event_id|manual_label|manual_interpretation|segment_role|route_progress_excluded|_join_route_dist_m|_ctx_dist_m|osm_highway|osm_surface|surface_class|route_semantic_class|facility_flags|rest_flags|support_flags|hydrology_flags|visibility_class|osm_difficulty_class|slope_band_window_nlsc|terrain_window_risk_score|hydro_terrain_amplifier_score|osm_terrain_combined_risk_score|osm_terrain_combined_risk_band|route_context_dist_diff_m|ib3c_speed_mps|ib3c_speed_source|ib3c_hr_bpm|ib3c_hr_source|ib3c_usable_on_route|ib3c_excluded_reason|ib3c_offset_m|ib3c_low_speed_flag|ib3c_off_route_behavior_flag|ib3c_behavior_candidate_flag|ib3c_stationary_block_id|global_low_speed_reference_mps,activity_mapmatch_or_wrong_branch_diagnostic_not_fork_inventory,False,"Branch ambiguity and wrong-branch diagnostics are useful navigation behavior context, but they do not enumerate route fork or decision point exposure."
outputs\ib3c_activity_behavior_events_adaptive_speed_v1_phase3a_semantic_annotations_26batch\qixing_lengshuikeng\28_1\qixing_lengshuikeng_28_1_ib3c_points_labeled.csv,True,8636,route_folder|case_id|subject_id|trial_id|row_index|point_index|activity_id|timestamp_s|elapsed_sec|dt_sec|lat|lon|ele_m|distance_m|heart_rate_bpm|route_dist_m|projected_route_dist_m|nearest_route_dist_m|reliable_route_dist_m|route_progress_reliable|route_progress_state|route_projection_confidence|route_projection_note|offset_m|segment_id|direction_hint|match_quality|source_file|sequence_match_score|candidate_rank|route_dist_delta_m|reliable_route_dist_delta_m|implied_route_speed_mps|sequence_jump_guard_flag|sequence_branch_ambiguity_flag|summit_dist_m|summit_reached_flag|candidate_phase|summit_transition_lock_applied|summit_transition_release_flag|source_csv_row_index|usable_on_route|excluded_reason|excursion_id|manual_override_applied|manual_event_id|manual_label|manual_interpretation|segment_role|route_progress_excluded|_join_route_dist_m|_ctx_dist_m|osm_highway|osm_surface|surface_class|route_semantic_class|facility_flags|rest_flags|support_flags|hydrology_flags|visibility_class|osm_difficulty_class|slope_band_window_nlsc|terrain_window_risk_score|hydro_terrain_amplifier_score|osm_terrain_combined_risk_score|osm_terrain_combined_risk_band|route_context_dist_diff_m|ib3c_speed_mps|ib3c_speed_source|ib3c_hr_bpm|ib3c_hr_source|ib3c_usable_on_route|ib3c_excluded_reason|ib3c_offset_m|ib3c_low_speed_flag|ib3c_off_route_behavior_flag|ib3c_behavior_candidate_flag|ib3c_stationary_block_id|global_low_speed_reference_mps,activity_mapmatch_or_wrong_branch_diagnostic_not_fork_inventory,False,"Branch ambiguity and wrong-branch diagnostics are useful navigation behavior context, but they do not enumerate route fork or decision point exposure."
outputs\ib3c_activity_behavior_events_adaptive_speed_v1_phase3a_semantic_annotations_26batch\qixing_lengshuikeng\29_1\qixing_lengshuikeng_29_1_ib3c_points_labeled.csv,True,23534,route_folder|case_id|subject_id|trial_id|row_index|point_index|activity_id|timestamp_s|elapsed_sec|dt_sec|lat|lon|ele_m|distance_m|heart_rate_bpm|route_dist_m|projected_route_dist_m|nearest_route_dist_m|reliable_route_dist_m|route_progress_reliable|route_progress_state|route_projection_confidence|route_projection_note|offset_m|segment_id|direction_hint|match_quality|source_file|sequence_match_score|candidate_rank|route_dist_delta_m|reliable_route_dist_delta_m|implied_route_speed_mps|sequence_jump_guard_flag|sequence_branch_ambiguity_flag|summit_dist_m|summit_reached_flag|candidate_phase|summit_transition_lock_applied|summit_transition_release_flag|source_csv_row_index|usable_on_route|excluded_reason|excursion_id|manual_override_applied|manual_event_id|manual_label|manual_interpretation|segment_role|route_progress_excluded|_join_route_dist_m|_ctx_dist_m|osm_highway|osm_surface|surface_class|route_semantic_class|facility_flags|rest_flags|support_flags|hydrology_flags|visibility_class|osm_difficulty_class|slope_band_window_nlsc|terrain_window_risk_score|hydro_terrain_amplifier_score|osm_terrain_combined_risk_score|osm_terrain_combined_risk_band|route_context_dist_diff_m|ib3c_speed_mps|ib3c_speed_source|ib3c_hr_bpm|ib3c_hr_source|ib3c_usable_on_route|ib3c_excluded_reason|ib3c_offset_m|ib3c_low_speed_flag|ib3c_off_route_behavior_flag|ib3c_behavior_candidate_flag|ib3c_stationary_block_id|global_low_speed_reference_mps,activity_mapmatch_or_wrong_branch_diagnostic_not_fork_inventory,False,"Branch ambiguity and wrong-branch diagnostics are useful navigation behavior context, but they do not enumerate route fork or decision point exposure."
outputs\ib3c_activity_behavior_events_adaptive_speed_v1_phase3a_semantic_annotations_26batch\qixing_lengshuikeng\30_1\qixing_lengshuikeng_30_1_ib3c_points_labeled.csv,True,17563,route_folder|case_id|subject_id|trial_id|row_index|point_index|activity_id|timestamp_s|elapsed_sec|dt_sec|lat|lon|ele_m|distance_m|heart_rate_bpm|route_dist_m|projected_route_dist_m|nearest_route_dist_m|reliable_route_dist_m|route_progress_reliable|route_progress_state|route_projection_confidence|route_projection_note|offset_m|segment_id|direction_hint|match_quality|source_file|sequence_match_score|candidate_rank|route_dist_delta_m|reliable_route_dist_delta_m|implied_route_speed_mps|sequence_jump_guard_flag|sequence_branch_ambiguity_flag|summit_dist_m|summit_reached_flag|candidate_phase|summit_transition_lock_applied|summit_transition_release_flag|source_csv_row_index|usable_on_route|excluded_reason|excursion_id|manual_override_applied|manual_event_id|manual_label|manual_interpretation|segment_role|route_progress_excluded|_join_route_dist_m|_ctx_dist_m|osm_highway|osm_surface|surface_class|route_semantic_class|facility_flags|rest_flags|support_flags|hydrology_flags|visibility_class|osm_difficulty_class|slope_band_window_nlsc|terrain_window_risk_score|hydro_terrain_amplifier_score|osm_terrain_combined_risk_score|osm_terrain_combined_risk_band|route_context_dist_diff_m|ib3c_speed_mps|ib3c_speed_source|ib3c_hr_bpm|ib3c_hr_source|ib3c_usable_on_route|ib3c_excluded_reason|ib3c_offset_m|ib3c_low_speed_flag|ib3c_off_route_behavior_flag|ib3c_behavior_candidate_flag|ib3c_stationary_block_id|global_low_speed_reference_mps,activity_mapmatch_or_wrong_branch_diagnostic_not_fork_inventory,False,"Branch ambiguity and wrong-branch diagnostics are useful navigation behavior context, but they do not enumerate route fork or decision point exposure."
outputs\ib3c_activity_behavior_events_adaptive_speed_v1_phase3a_semantic_annotations_26batch\qixing_lengshuikeng\33_1\qixing_lengshuikeng_33_1_ib3c_points_labeled.csv,True,6582,route_folder|case_id|subject_id|trial_id|row_index|point_index|activity_id|timestamp_s|elapsed_sec|dt_sec|lat|lon|ele_m|distance_m|heart_rate_bpm|route_dist_m|projected_route_dist_m|nearest_route_dist_m|reliable_route_dist_m|route_progress_reliable|route_progress_state|route_projection_confidence|route_projection_note|offset_m|segment_id|direction_hint|match_quality|source_file|sequence_match_score|candidate_rank|route_dist_delta_m|reliable_route_dist_delta_m|implied_route_speed_mps|sequence_jump_guard_flag|sequence_branch_ambiguity_flag|summit_dist_m|summit_reached_flag|candidate_phase|summit_transition_lock_applied|summit_transition_release_flag|source_csv_row_index|usable_on_route|excluded_reason|excursion_id|manual_override_applied|manual_event_id|manual_label|manual_interpretation|segment_role|route_progress_excluded|_join_route_dist_m|_ctx_dist_m|osm_highway|osm_surface|surface_class|route_semantic_class|facility_flags|rest_flags|support_flags|hydrology_flags|visibility_class|osm_difficulty_class|slope_band_window_nlsc|terrain_window_risk_score|hydro_terrain_amplifier_score|osm_terrain_combined_risk_score|osm_terrain_combined_risk_band|route_context_dist_diff_m|ib3c_speed_mps|ib3c_speed_source|ib3c_hr_bpm|ib3c_hr_source|ib3c_usable_on_route|ib3c_excluded_reason|ib3c_offset_m|ib3c_low_speed_flag|ib3c_off_route_behavior_flag|ib3c_behavior_candidate_flag|ib3c_stationary_block_id|global_low_speed_reference_mps,activity_mapmatch_or_wrong_branch_diagnostic_not_fork_inventory,False,"Branch ambiguity and wrong-branch diagnostics are useful navigation behavior context, but they do not enumerate route fork or decision point exposure."
outputs\ib3c_activity_behavior_events_adaptive_speed_v1_phase3a_semantic_annotations_26batch\qixing_lengshuikeng\35_1\qixing_lengshuikeng_35_1_ib3c_points_labeled.csv,True,23200,route_folder|case_id|subject_id|trial_id|row_index|point_index|activity_id|timestamp_s|elapsed_sec|dt_sec|lat|lon|ele_m|distance_m|heart_rate_bpm|route_dist_m|projected_route_dist_m|nearest_route_dist_m|reliable_route_dist_m|route_progress_reliable|route_progress_state|route_projection_confidence|route_projection_note|offset_m|segment_id|direction_hint|match_quality|source_file|sequence_match_score|candidate_rank|route_dist_delta_m|reliable_route_dist_delta_m|implied_route_speed_mps|sequence_jump_guard_flag|sequence_branch_ambiguity_flag|summit_dist_m|summit_reached_flag|candidate_phase|summit_transition_lock_applied|summit_transition_release_flag|source_csv_row_index|usable_on_route|excluded_reason|excursion_id|manual_override_applied|manual_event_id|manual_label|manual_interpretation|segment_role|route_progress_excluded|_join_route_dist_m|_ctx_dist_m|osm_highway|osm_surface|surface_class|route_semantic_class|facility_flags|rest_flags|support_flags|hydrology_flags|visibility_class|osm_difficulty_class|slope_band_window_nlsc|terrain_window_risk_score|hydro_terrain_amplifier_score|osm_terrain_combined_risk_score|osm_terrain_combined_risk_band|route_context_dist_diff_m|ib3c_speed_mps|ib3c_speed_source|ib3c_hr_bpm|ib3c_hr_source|ib3c_usable_on_route|ib3c_excluded_reason|ib3c_offset_m|ib3c_low_speed_flag|ib3c_off_route_behavior_flag|ib3c_behavior_candidate_flag|ib3c_stationary_block_id|global_low_speed_reference_mps,activity_mapmatch_or_wrong_branch_diagnostic_not_fork_inventory,False,"Branch ambiguity and wrong-branch diagnostics are useful navigation behavior context, but they do not enumerate route fork or decision point exposure."
outputs\ib3c_activity_behavior_events_adaptive_speed_v1_phase3a_semantic_annotations_26batch\qixing_lengshuikeng\36_1\qixing_lengshuikeng_36_1_ib3c_points_labeled.csv,True,8015,route_folder|case_id|subject_id|trial_id|row_index|point_index|activity_id|timestamp_s|elapsed_sec|dt_sec|lat|lon|ele_m|distance_m|heart_rate_bpm|route_dist_m|projected_route_dist_m|nearest_route_dist_m|reliable_route_dist_m|route_progress_reliable|route_progress_state|route_projection_confidence|route_projection_note|offset_m|segment_id|direction_hint|match_quality|source_file|sequence_match_score|candidate_rank|route_dist_delta_m|reliable_route_dist_delta_m|implied_route_speed_mps|sequence_jump_guard_flag|sequence_branch_ambiguity_flag|summit_dist_m|summit_reached_flag|candidate_phase|summit_transition_lock_applied|summit_transition_release_flag|source_csv_row_index|usable_on_route|excluded_reason|excursion_id|manual_override_applied|manual_event_id|manual_label|manual_interpretation|segment_role|route_progress_excluded|_join_route_dist_m|_ctx_dist_m|osm_highway|osm_surface|surface_class|route_semantic_class|facility_flags|rest_flags|support_flags|hydrology_flags|visibility_class|osm_difficulty_class|slope_band_window_nlsc|terrain_window_risk_score|hydro_terrain_amplifier_score|osm_terrain_combined_risk_score|osm_terrain_combined_risk_band|route_context_dist_diff_m|ib3c_speed_mps|ib3c_speed_source|ib3c_hr_bpm|ib3c_hr_source|ib3c_usable_on_route|ib3c_excluded_reason|ib3c_offset_m|ib3c_low_speed_flag|ib3c_off_route_behavior_flag|ib3c_behavior_candidate_flag|ib3c_stationary_block_id|global_low_speed_reference_mps,activity_mapmatch_or_wrong_branch_diagnostic_not_fork_inventory,False,"Branch ambiguity and wrong-branch diagnostics are useful navigation behavior context, but they do not enumerate route fork or decision point exposure."
outputs\ib3c_activity_behavior_events_adaptive_speed_v1_phase3a_semantic_annotations_26batch\qixing_lengshuikeng\37_1\qixing_lengshuikeng_37_1_ib3c_points_labeled.csv,True,9533,route_folder|case_id|subject_id|trial_id|row_index|point_index|activity_id|timestamp_s|elapsed_sec|dt_sec|lat|lon|ele_m|distance_m|heart_rate_bpm|route_dist_m|projected_route_dist_m|nearest_route_dist_m|reliable_route_dist_m|route_progress_reliable|route_progress_state|route_projection_confidence|route_projection_note|offset_m|segment_id|direction_hint|match_quality|source_file|sequence_match_score|candidate_rank|route_dist_delta_m|reliable_route_dist_delta_m|implied_route_speed_mps|sequence_jump_guard_flag|sequence_branch_ambiguity_flag|summit_dist_m|summit_reached_flag|candidate_phase|summit_transition_lock_applied|summit_transition_release_flag|source_csv_row_index|usable_on_route|excluded_reason|excursion_id|manual_override_applied|manual_event_id|manual_label|manual_interpretation|segment_role|route_progress_excluded|_join_route_dist_m|_ctx_dist_m|osm_highway|osm_surface|surface_class|route_semantic_class|facility_flags|rest_flags|support_flags|hydrology_flags|visibility_class|osm_difficulty_class|slope_band_window_nlsc|terrain_window_risk_score|hydro_terrain_amplifier_score|osm_terrain_combined_risk_score|osm_terrain_combined_risk_band|route_context_dist_diff_m|ib3c_speed_mps|ib3c_speed_source|ib3c_hr_bpm|ib3c_hr_source|ib3c_usable_on_route|ib3c_excluded_reason|ib3c_offset_m|ib3c_low_speed_flag|ib3c_off_route_behavior_flag|ib3c_behavior_candidate_flag|ib3c_stationary_block_id|global_low_speed_reference_mps,activity_mapmatch_or_wrong_branch_diagnostic_not_fork_inventory,False,"Branch ambiguity and wrong-branch diagnostics are useful navigation behavior context, but they do not enumerate route fork or decision point exposure."
outputs\ib3c_activity_behavior_events_adaptive_speed_v1_phase3a_semantic_annotations_26batch\qixing_lengshuikeng\38_1\qixing_lengshuikeng_38_1_ib3c_points_labeled.csv,True,16606,route_folder|case_id|subject_id|trial_id|row_index|point_index|activity_id|timestamp_s|elapsed_sec|dt_sec|lat|lon|ele_m|distance_m|heart_rate_bpm|route_dist_m|projected_route_dist_m|nearest_route_dist_m|reliable_route_dist_m|route_progress_reliable|route_progress_state|route_projection_confidence|route_projection_note|offset_m|segment_id|direction_hint|match_quality|source_file|sequence_match_score|candidate_rank|route_dist_delta_m|reliable_route_dist_delta_m|implied_route_speed_mps|sequence_jump_guard_flag|sequence_branch_ambiguity_flag|summit_dist_m|summit_reached_flag|candidate_phase|summit_transition_lock_applied|summit_transition_release_flag|source_csv_row_index|usable_on_route|excluded_reason|excursion_id|manual_override_applied|manual_event_id|manual_label|manual_interpretation|segment_role|route_progress_excluded|_join_route_dist_m|_ctx_dist_m|osm_highway|osm_surface|surface_class|route_semantic_class|facility_flags|rest_flags|support_flags|hydrology_flags|visibility_class|osm_difficulty_class|slope_band_window_nlsc|terrain_window_risk_score|hydro_terrain_amplifier_score|osm_terrain_combined_risk_score|osm_terrain_combined_risk_band|route_context_dist_diff_m|ib3c_speed_mps|ib3c_speed_source|ib3c_hr_bpm|ib3c_hr_source|ib3c_usable_on_route|ib3c_excluded_reason|ib3c_offset_m|ib3c_low_speed_flag|ib3c_off_route_behavior_flag|ib3c_behavior_candidate_flag|ib3c_stationary_block_id|global_low_speed_reference_mps,activity_mapmatch_or_wrong_branch_diagnostic_not_fork_inventory,False,"Branch ambiguity and wrong-branch diagnostics are useful navigation behavior context, but they do not enumerate route fork or decision point exposure."
outputs\ib3c_activity_behavior_events_adaptive_speed_v1_phase3a_semantic_annotations_26batch\qixing_lengshuikeng\3_1\qixing_lengshuikeng_3_1_ib3c_points_labeled.csv,True,7873,route_folder|case_id|subject_id|trial_id|row_index|point_index|activity_id|timestamp_s|elapsed_sec|dt_sec|lat|lon|ele_m|distance_m|heart_rate_bpm|route_dist_m|projected_route_dist_m|nearest_route_dist_m|reliable_route_dist_m|route_progress_reliable|route_progress_state|route_projection_confidence|route_projection_note|offset_m|segment_id|direction_hint|match_quality|source_file|sequence_match_score|candidate_rank|route_dist_delta_m|reliable_route_dist_delta_m|implied_route_speed_mps|sequence_jump_guard_flag|sequence_branch_ambiguity_flag|summit_dist_m|summit_reached_flag|candidate_phase|summit_transition_lock_applied|summit_transition_release_flag|source_csv_row_index|usable_on_route|excluded_reason|excursion_id|manual_override_applied|manual_event_id|manual_label|manual_interpretation|segment_role|route_progress_excluded|_join_route_dist_m|_ctx_dist_m|osm_highway|osm_surface|surface_class|route_semantic_class|facility_flags|rest_flags|support_flags|hydrology_flags|visibility_class|osm_difficulty_class|slope_band_window_nlsc|terrain_window_risk_score|hydro_terrain_amplifier_score|osm_terrain_combined_risk_score|osm_terrain_combined_risk_band|route_context_dist_diff_m|ib3c_speed_mps|ib3c_speed_source|ib3c_hr_bpm|ib3c_hr_source|ib3c_usable_on_route|ib3c_excluded_reason|ib3c_offset_m|ib3c_low_speed_flag|ib3c_off_route_behavior_flag|ib3c_behavior_candidate_flag|ib3c_stationary_block_id|global_low_speed_reference_mps,activity_mapmatch_or_wrong_branch_diagnostic_not_fork_inventory,False,"Branch ambiguity and wrong-branch diagnostics are useful navigation behavior context, but they do not enumerate route fork or decision point exposure."
outputs\ib3c_activity_behavior_events_adaptive_speed_v1_phase3a_semantic_annotations_26batch\qixing_lengshuikeng\40_1\qixing_lengshuikeng_40_1_ib3c_points_labeled.csv,True,7714,route_folder|case_id|subject_id|trial_id|row_index|point_index|activity_id|timestamp_s|elapsed_sec|dt_sec|lat|lon|ele_m|distance_m|heart_rate_bpm|route_dist_m|projected_route_dist_m|nearest_route_dist_m|reliable_route_dist_m|route_progress_reliable|route_progress_state|route_projection_confidence|route_projection_note|offset_m|segment_id|direction_hint|match_quality|source_file|sequence_match_score|candidate_rank|route_dist_delta_m|reliable_route_dist_delta_m|implied_route_speed_mps|sequence_jump_guard_flag|sequence_branch_ambiguity_flag|summit_dist_m|summit_reached_flag|candidate_phase|summit_transition_lock_applied|summit_transition_release_flag|source_csv_row_index|usable_on_route|excluded_reason|excursion_id|manual_override_applied|manual_event_id|manual_label|manual_interpretation|segment_role|route_progress_excluded|_join_route_dist_m|_ctx_dist_m|osm_highway|osm_surface|surface_class|route_semantic_class|facility_flags|rest_flags|support_flags|hydrology_flags|visibility_class|osm_difficulty_class|slope_band_window_nlsc|terrain_window_risk_score|hydro_terrain_amplifier_score|osm_terrain_combined_risk_score|osm_terrain_combined_risk_band|route_context_dist_diff_m|ib3c_speed_mps|ib3c_speed_source|ib3c_hr_bpm|ib3c_hr_source|ib3c_usable_on_route|ib3c_excluded_reason|ib3c_offset_m|ib3c_low_speed_flag|ib3c_off_route_behavior_flag|ib3c_behavior_candidate_flag|ib3c_stationary_block_id|global_low_speed_reference_mps,activity_mapmatch_or_wrong_branch_diagnostic_not_fork_inventory,False,"Branch ambiguity and wrong-branch diagnostics are useful navigation behavior context, but they do not enumerate route fork or decision point exposure."
outputs\ib3c_activity_behavior_events_adaptive_speed_v1_phase3a_semantic_annotations_26batch\qixing_lengshuikeng\41_1\qixing_lengshuikeng_41_1_ib3c_points_labeled.csv,True,7077,route_folder|case_id|subject_id|trial_id|row_index|point_index|activity_id|timestamp_s|elapsed_sec|dt_sec|lat|lon|ele_m|distance_m|heart_rate_bpm|route_dist_m|projected_route_dist_m|nearest_route_dist_m|reliable_route_dist_m|route_progress_reliable|route_progress_state|route_projection_confidence|route_projection_note|offset_m|segment_id|direction_hint|match_quality|source_file|sequence_match_score|candidate_rank|route_dist_delta_m|reliable_route_dist_delta_m|implied_route_speed_mps|sequence_jump_guard_flag|sequence_branch_ambiguity_flag|summit_dist_m|summit_reached_flag|candidate_phase|summit_transition_lock_applied|summit_transition_release_flag|source_csv_row_index|usable_on_route|excluded_reason|excursion_id|manual_override_applied|manual_event_id|manual_label|manual_interpretation|segment_role|route_progress_excluded|_join_route_dist_m|_ctx_dist_m|osm_highway|osm_surface|surface_class|route_semantic_class|facility_flags|rest_flags|support_flags|hydrology_flags|visibility_class|osm_difficulty_class|slope_band_window_nlsc|terrain_window_risk_score|hydro_terrain_amplifier_score|osm_terrain_combined_risk_score|osm_terrain_combined_risk_band|route_context_dist_diff_m|ib3c_speed_mps|ib3c_speed_source|ib3c_hr_bpm|ib3c_hr_source|ib3c_usable_on_route|ib3c_excluded_reason|ib3c_offset_m|ib3c_low_speed_flag|ib3c_off_route_behavior_flag|ib3c_behavior_candidate_flag|ib3c_stationary_block_id|global_low_speed_reference_mps,activity_mapmatch_or_wrong_branch_diagnostic_not_fork_inventory,False,"Branch ambiguity and wrong-branch diagnostics are useful navigation behavior context, but they do not enumerate route fork or decision point exposure."
outputs\ib3c_activity_behavior_events_adaptive_speed_v1_phase3a_semantic_annotations_26batch\qixing_lengshuikeng\42_1\qixing_lengshuikeng_42_1_ib3c_points_labeled.csv,True,10287,route_folder|case_id|subject_id|trial_id|row_index|point_index|activity_id|timestamp_s|elapsed_sec|dt_sec|lat|lon|ele_m|distance_m|heart_rate_bpm|route_dist_m|projected_route_dist_m|nearest_route_dist_m|reliable_route_dist_m|route_progress_reliable|route_progress_state|route_projection_confidence|route_projection_note|offset_m|segment_id|direction_hint|match_quality|source_file|sequence_match_score|candidate_rank|route_dist_delta_m|reliable_route_dist_delta_m|implied_route_speed_mps|sequence_jump_guard_flag|sequence_branch_ambiguity_flag|summit_dist_m|summit_reached_flag|candidate_phase|summit_transition_lock_applied|summit_transition_release_flag|source_csv_row_index|usable_on_route|excluded_reason|excursion_id|manual_override_applied|manual_event_id|manual_label|manual_interpretation|segment_role|route_progress_excluded|_join_route_dist_m|_ctx_dist_m|osm_highway|osm_surface|surface_class|route_semantic_class|facility_flags|rest_flags|support_flags|hydrology_flags|visibility_class|osm_difficulty_class|slope_band_window_nlsc|terrain_window_risk_score|hydro_terrain_amplifier_score|osm_terrain_combined_risk_score|osm_terrain_combined_risk_band|route_context_dist_diff_m|ib3c_speed_mps|ib3c_speed_source|ib3c_hr_bpm|ib3c_hr_source|ib3c_usable_on_route|ib3c_excluded_reason|ib3c_offset_m|ib3c_low_speed_flag|ib3c_off_route_behavior_flag|ib3c_behavior_candidate_flag|ib3c_stationary_block_id|global_low_speed_reference_mps,activity_mapmatch_or_wrong_branch_diagnostic_not_fork_inventory,False,"Branch ambiguity and wrong-branch diagnostics are useful navigation behavior context, but they do not enumerate route fork or decision point exposure."
outputs\ib3c_activity_behavior_events_adaptive_speed_v1_phase3a_semantic_annotations_26batch\qixing_lengshuikeng\43_1\qixing_lengshuikeng_43_1_ib3c_points_labeled.csv,True,11451,route_folder|case_id|subject_id|trial_id|row_index|point_index|activity_id|timestamp_s|elapsed_sec|dt_sec|lat|lon|ele_m|distance_m|heart_rate_bpm|route_dist_m|projected_route_dist_m|nearest_route_dist_m|reliable_route_dist_m|route_progress_reliable|route_progress_state|route_projection_confidence|route_projection_note|offset_m|segment_id|direction_hint|match_quality|source_file|sequence_match_score|candidate_rank|route_dist_delta_m|reliable_route_dist_delta_m|implied_route_speed_mps|sequence_jump_guard_flag|sequence_branch_ambiguity_flag|summit_dist_m|summit_reached_flag|candidate_phase|summit_transition_lock_applied|summit_transition_release_flag|source_csv_row_index|usable_on_route|excluded_reason|excursion_id|manual_override_applied|manual_event_id|manual_label|manual_interpretation|segment_role|route_progress_excluded|_join_route_dist_m|_ctx_dist_m|osm_highway|osm_surface|surface_class|route_semantic_class|facility_flags|rest_flags|support_flags|hydrology_flags|visibility_class|osm_difficulty_class|slope_band_window_nlsc|terrain_window_risk_score|hydro_terrain_amplifier_score|osm_terrain_combined_risk_score|osm_terrain_combined_risk_band|route_context_dist_diff_m|ib3c_speed_mps|ib3c_speed_source|ib3c_hr_bpm|ib3c_hr_source|ib3c_usable_on_route|ib3c_excluded_reason|ib3c_offset_m|ib3c_low_speed_flag|ib3c_off_route_behavior_flag|ib3c_behavior_candidate_flag|ib3c_stationary_block_id|global_low_speed_reference_mps,activity_mapmatch_or_wrong_branch_diagnostic_not_fork_inventory,False,"Branch ambiguity and wrong-branch diagnostics are useful navigation behavior context, but they do not enumerate route fork or decision point exposure."
outputs\ib3c_activity_behavior_events_adaptive_speed_v1_phase3a_semantic_annotations_26batch\qixing_lengshuikeng\44_1\qixing_lengshuikeng_44_1_ib3c_points_labeled.csv,True,7010,route_folder|case_id|subject_id|trial_id|row_index|point_index|activity_id|timestamp_s|elapsed_sec|dt_sec|lat|lon|ele_m|distance_m|heart_rate_bpm|route_dist_m|projected_route_dist_m|nearest_route_dist_m|reliable_route_dist_m|route_progress_reliable|route_progress_state|route_projection_confidence|route_projection_note|offset_m|segment_id|direction_hint|match_quality|source_file|sequence_match_score|candidate_rank|route_dist_delta_m|reliable_route_dist_delta_m|implied_route_speed_mps|sequence_jump_guard_flag|sequence_branch_ambiguity_flag|summit_dist_m|summit_reached_flag|candidate_phase|summit_transition_lock_applied|summit_transition_release_flag|source_csv_row_index|usable_on_route|excluded_reason|excursion_id|manual_override_applied|manual_event_id|manual_label|manual_interpretation|segment_role|route_progress_excluded|_join_route_dist_m|_ctx_dist_m|osm_highway|osm_surface|surface_class|route_semantic_class|facility_flags|rest_flags|support_flags|hydrology_flags|visibility_class|osm_difficulty_class|slope_band_window_nlsc|terrain_window_risk_score|hydro_terrain_amplifier_score|osm_terrain_combined_risk_score|osm_terrain_combined_risk_band|route_context_dist_diff_m|ib3c_speed_mps|ib3c_speed_source|ib3c_hr_bpm|ib3c_hr_source|ib3c_usable_on_route|ib3c_excluded_reason|ib3c_offset_m|ib3c_low_speed_flag|ib3c_off_route_behavior_flag|ib3c_behavior_candidate_flag|ib3c_stationary_block_id|global_low_speed_reference_mps,activity_mapmatch_or_wrong_branch_diagnostic_not_fork_inventory,False,"Branch ambiguity and wrong-branch diagnostics are useful navigation behavior context, but they do not enumerate route fork or decision point exposure."
outputs\ib3c_activity_behavior_events_adaptive_speed_v1_phase3a_semantic_annotations_26batch\qixing_lengshuikeng\45_1\qixing_lengshuikeng_45_1_ib3c_points_labeled.csv,True,7227,route_folder|case_id|subject_id|trial_id|row_index|point_index|activity_id|timestamp_s|elapsed_sec|dt_sec|lat|lon|ele_m|distance_m|heart_rate_bpm|route_dist_m|projected_route_dist_m|nearest_route_dist_m|reliable_route_dist_m|route_progress_reliable|route_progress_state|route_projection_confidence|route_projection_note|offset_m|segment_id|direction_hint|match_quality|source_file|sequence_match_score|candidate_rank|route_dist_delta_m|reliable_route_dist_delta_m|implied_route_speed_mps|sequence_jump_guard_flag|sequence_branch_ambiguity_flag|summit_dist_m|summit_reached_flag|candidate_phase|summit_transition_lock_applied|summit_transition_release_flag|source_csv_row_index|usable_on_route|excluded_reason|excursion_id|manual_override_applied|manual_event_id|manual_label|manual_interpretation|segment_role|route_progress_excluded|_join_route_dist_m|_ctx_dist_m|osm_highway|osm_surface|surface_class|route_semantic_class|facility_flags|rest_flags|support_flags|hydrology_flags|visibility_class|osm_difficulty_class|slope_band_window_nlsc|terrain_window_risk_score|hydro_terrain_amplifier_score|osm_terrain_combined_risk_score|osm_terrain_combined_risk_band|route_context_dist_diff_m|ib3c_speed_mps|ib3c_speed_source|ib3c_hr_bpm|ib3c_hr_source|ib3c_usable_on_route|ib3c_excluded_reason|ib3c_offset_m|ib3c_low_speed_flag|ib3c_off_route_behavior_flag|ib3c_behavior_candidate_flag|ib3c_stationary_block_id|global_low_speed_reference_mps,activity_mapmatch_or_wrong_branch_diagnostic_not_fork_inventory,False,"Branch ambiguity and wrong-branch diagnostics are useful navigation behavior context, but they do not enumerate route fork or decision point exposure."
outputs\ib3c_activity_behavior_events_adaptive_speed_v1_phase3a_semantic_annotations_26batch\qixing_lengshuikeng\46_1\qixing_lengshuikeng_46_1_ib3c_points_labeled.csv,True,10318,route_folder|case_id|subject_id|trial_id|row_index|point_index|activity_id|timestamp_s|elapsed_sec|dt_sec|lat|lon|ele_m|distance_m|heart_rate_bpm|route_dist_m|projected_route_dist_m|nearest_route_dist_m|reliable_route_dist_m|route_progress_reliable|route_progress_state|route_projection_confidence|route_projection_note|offset_m|segment_id|direction_hint|match_quality|source_file|sequence_match_score|candidate_rank|route_dist_delta_m|reliable_route_dist_delta_m|implied_route_speed_mps|sequence_jump_guard_flag|sequence_branch_ambiguity_flag|summit_dist_m|summit_reached_flag|candidate_phase|summit_transition_lock_applied|summit_transition_release_flag|source_csv_row_index|usable_on_route|excluded_reason|excursion_id|manual_override_applied|manual_event_id|manual_label|manual_interpretation|segment_role|route_progress_excluded|_join_route_dist_m|_ctx_dist_m|osm_highway|osm_surface|surface_class|route_semantic_class|facility_flags|rest_flags|support_flags|hydrology_flags|visibility_class|osm_difficulty_class|slope_band_window_nlsc|terrain_window_risk_score|hydro_terrain_amplifier_score|osm_terrain_combined_risk_score|osm_terrain_combined_risk_band|route_context_dist_diff_m|ib3c_speed_mps|ib3c_speed_source|ib3c_hr_bpm|ib3c_hr_source|ib3c_usable_on_route|ib3c_excluded_reason|ib3c_offset_m|ib3c_low_speed_flag|ib3c_off_route_behavior_flag|ib3c_behavior_candidate_flag|ib3c_stationary_block_id|global_low_speed_reference_mps,activity_mapmatch_or_wrong_branch_diagnostic_not_fork_inventory,False,"Branch ambiguity and wrong-branch diagnostics are useful navigation behavior context, but they do not enumerate route fork or decision point exposure."
outputs\ib3c_activity_behavior_events_adaptive_speed_v1_phase3a_semantic_annotations_26batch\qixing_lengshuikeng\48_1\qixing_lengshuikeng_48_1_ib3c_points_labeled.csv,True,11622,route_folder|case_id|subject_id|trial_id|row_index|point_index|activity_id|timestamp_s|elapsed_sec|dt_sec|lat|lon|ele_m|distance_m|heart_rate_bpm|route_dist_m|projected_route_dist_m|nearest_route_dist_m|reliable_route_dist_m|route_progress_reliable|route_progress_state|route_projection_confidence|route_projection_note|offset_m|segment_id|direction_hint|match_quality|source_file|sequence_match_score|candidate_rank|route_dist_delta_m|reliable_route_dist_delta_m|implied_route_speed_mps|sequence_jump_guard_flag|sequence_branch_ambiguity_flag|summit_dist_m|summit_reached_flag|candidate_phase|summit_transition_lock_applied|summit_transition_release_flag|source_csv_row_index|usable_on_route|excluded_reason|excursion_id|manual_override_applied|manual_event_id|manual_label|manual_interpretation|segment_role|route_progress_excluded|_join_route_dist_m|_ctx_dist_m|osm_highway|osm_surface|surface_class|route_semantic_class|facility_flags|rest_flags|support_flags|hydrology_flags|visibility_class|osm_difficulty_class|slope_band_window_nlsc|terrain_window_risk_score|hydro_terrain_amplifier_score|osm_terrain_combined_risk_score|osm_terrain_combined_risk_band|route_context_dist_diff_m|ib3c_speed_mps|ib3c_speed_source|ib3c_hr_bpm|ib3c_hr_source|ib3c_usable_on_route|ib3c_excluded_reason|ib3c_offset_m|ib3c_low_speed_flag|ib3c_off_route_behavior_flag|ib3c_behavior_candidate_flag|ib3c_stationary_block_id|global_low_speed_reference_mps,activity_mapmatch_or_wrong_branch_diagnostic_not_fork_inventory,False,"Branch ambiguity and wrong-branch diagnostics are useful navigation behavior context, but they do not enumerate route fork or decision point exposure."
outputs\ib3c_activity_behavior_events_adaptive_speed_v1_phase3a_semantic_annotations_26batch\qixing_lengshuikeng\8_1\qixing_lengshuikeng_8_1_ib3c_points_labeled.csv,True,8433,route_folder|case_id|subject_id|trial_id|row_index|point_index|activity_id|timestamp_s|elapsed_sec|dt_sec|lat|lon|ele_m|distance_m|heart_rate_bpm|route_dist_m|projected_route_dist_m|nearest_route_dist_m|reliable_route_dist_m|route_progress_reliable|route_progress_state|route_projection_confidence|route_projection_note|offset_m|segment_id|direction_hint|match_quality|source_file|sequence_match_score|candidate_rank|route_dist_delta_m|reliable_route_dist_delta_m|implied_route_speed_mps|sequence_jump_guard_flag|sequence_branch_ambiguity_flag|summit_dist_m|summit_reached_flag|candidate_phase|summit_transition_lock_applied|summit_transition_release_flag|source_csv_row_index|usable_on_route|excluded_reason|excursion_id|manual_override_applied|manual_event_id|manual_label|manual_interpretation|segment_role|route_progress_excluded|_join_route_dist_m|_ctx_dist_m|osm_highway|osm_surface|surface_class|route_semantic_class|facility_flags|rest_flags|support_flags|hydrology_flags|visibility_class|osm_difficulty_class|slope_band_window_nlsc|terrain_window_risk_score|hydro_terrain_amplifier_score|osm_terrain_combined_risk_score|osm_terrain_combined_risk_band|route_context_dist_diff_m|ib3c_speed_mps|ib3c_speed_source|ib3c_hr_bpm|ib3c_hr_source|ib3c_usable_on_route|ib3c_excluded_reason|ib3c_offset_m|ib3c_low_speed_flag|ib3c_off_route_behavior_flag|ib3c_behavior_candidate_flag|ib3c_stationary_block_id|global_low_speed_reference_mps,activity_mapmatch_or_wrong_branch_diagnostic_not_fork_inventory,False,"Branch ambiguity and wrong-branch diagnostics are useful navigation behavior context, but they do not enumerate route fork or decision point exposure."
outputs\ib3c_activity_behavior_events_adaptive_speed_v1_phase3a_semantic_annotations_26batch\qixing_lengshuikeng\9_1\qixing_lengshuikeng_9_1_ib3c_points_labeled.csv,True,11399,route_folder|case_id|subject_id|trial_id|row_index|point_index|activity_id|timestamp_s|elapsed_sec|dt_sec|lat|lon|ele_m|distance_m|heart_rate_bpm|route_dist_m|projected_route_dist_m|nearest_route_dist_m|reliable_route_dist_m|route_progress_reliable|route_progress_state|route_projection_confidence|route_projection_note|offset_m|segment_id|direction_hint|match_quality|source_file|sequence_match_score|candidate_rank|route_dist_delta_m|reliable_route_dist_delta_m|implied_route_speed_mps|sequence_jump_guard_flag|sequence_branch_ambiguity_flag|summit_dist_m|summit_reached_flag|candidate_phase|summit_transition_lock_applied|summit_transition_release_flag|source_csv_row_index|usable_on_route|excluded_reason|excursion_id|manual_override_applied|manual_event_id|manual_label|manual_interpretation|segment_role|route_progress_excluded|_join_route_dist_m|_ctx_dist_m|osm_highway|osm_surface|surface_class|route_semantic_class|facility_flags|rest_flags|support_flags|hydrology_flags|visibility_class|osm_difficulty_class|slope_band_window_nlsc|terrain_window_risk_score|hydro_terrain_amplifier_score|osm_terrain_combined_risk_score|osm_terrain_combined_risk_band|route_context_dist_diff_m|ib3c_speed_mps|ib3c_speed_source|ib3c_hr_bpm|ib3c_hr_source|ib3c_usable_on_route|ib3c_excluded_reason|ib3c_offset_m|ib3c_low_speed_flag|ib3c_off_route_behavior_flag|ib3c_behavior_candidate_flag|ib3c_stationary_block_id|global_low_speed_reference_mps,activity_mapmatch_or_wrong_branch_diagnostic_not_fork_inventory,False,"Branch ambiguity and wrong-branch diagnostics are useful navigation behavior context, but they do not enumerate route fork or decision point exposure."
outputs\ib3c_activity_behavior_events_adaptive_speed_v1_phase3a_semantic_annotations_keycases\qixing_lengshuikeng\37_1\qixing_lengshuikeng_37_1_ib3c_points_labeled.csv,True,9533,route_folder|case_id|subject_id|trial_id|row_index|point_index|activity_id|timestamp_s|elapsed_sec|dt_sec|lat|lon|ele_m|distance_m|heart_rate_bpm|route_dist_m|projected_route_dist_m|nearest_route_dist_m|reliable_route_dist_m|route_progress_reliable|route_progress_state|route_projection_confidence|route_projection_note|offset_m|segment_id|direction_hint|match_quality|source_file|sequence_match_score|candidate_rank|route_dist_delta_m|reliable_route_dist_delta_m|implied_route_speed_mps|sequence_jump_guard_flag|sequence_branch_ambiguity_flag|summit_dist_m|summit_reached_flag|candidate_phase|summit_transition_lock_applied|summit_transition_release_flag|source_csv_row_index|usable_on_route|excluded_reason|excursion_id|manual_override_applied|manual_event_id|manual_label|manual_interpretation|segment_role|route_progress_excluded|_join_route_dist_m|_ctx_dist_m|osm_highway|osm_surface|surface_class|route_semantic_class|facility_flags|rest_flags|support_flags|hydrology_flags|visibility_class|osm_difficulty_class|slope_band_window_nlsc|terrain_window_risk_score|hydro_terrain_amplifier_score|osm_terrain_combined_risk_score|osm_terrain_combined_risk_band|route_context_dist_diff_m|ib3c_speed_mps|ib3c_speed_source|ib3c_hr_bpm|ib3c_hr_source|ib3c_usable_on_route|ib3c_excluded_reason|ib3c_offset_m|ib3c_low_speed_flag|ib3c_off_route_behavior_flag|ib3c_behavior_candidate_flag|ib3c_stationary_block_id|global_low_speed_reference_mps,activity_mapmatch_or_wrong_branch_diagnostic_not_fork_inventory,False,"Branch ambiguity and wrong-branch diagnostics are useful navigation behavior context, but they do not enumerate route fork or decision point exposure."
outputs\ib3c_activity_behavior_events_adaptive_speed_v1_phase3a_semantic_annotations_keycases\qixing_lengshuikeng\38_1\qixing_lengshuikeng_38_1_ib3c_points_labeled.csv,True,16606,route_folder|case_id|subject_id|trial_id|row_index|point_index|activity_id|timestamp_s|elapsed_sec|dt_sec|lat|lon|ele_m|distance_m|heart_rate_bpm|route_dist_m|projected_route_dist_m|nearest_route_dist_m|reliable_route_dist_m|route_progress_reliable|route_progress_state|route_projection_confidence|route_projection_note|offset_m|segment_id|direction_hint|match_quality|source_file|sequence_match_score|candidate_rank|route_dist_delta_m|reliable_route_dist_delta_m|implied_route_speed_mps|sequence_jump_guard_flag|sequence_branch_ambiguity_flag|summit_dist_m|summit_reached_flag|candidate_phase|summit_transition_lock_applied|summit_transition_release_flag|source_csv_row_index|usable_on_route|excluded_reason|excursion_id|manual_override_applied|manual_event_id|manual_label|manual_interpretation|segment_role|route_progress_excluded|_join_route_dist_m|_ctx_dist_m|osm_highway|osm_surface|surface_class|route_semantic_class|facility_flags|rest_flags|support_flags|hydrology_flags|visibility_class|osm_difficulty_class|slope_band_window_nlsc|terrain_window_risk_score|hydro_terrain_amplifier_score|osm_terrain_combined_risk_score|osm_terrain_combined_risk_band|route_context_dist_diff_m|ib3c_speed_mps|ib3c_speed_source|ib3c_hr_bpm|ib3c_hr_source|ib3c_usable_on_route|ib3c_excluded_reason|ib3c_offset_m|ib3c_low_speed_flag|ib3c_off_route_behavior_flag|ib3c_behavior_candidate_flag|ib3c_stationary_block_id|global_low_speed_reference_mps,activity_mapmatch_or_wrong_branch_diagnostic_not_fork_inventory,False,"Branch ambiguity and wrong-branch diagnostics are useful navigation behavior context, but they do not enumerate route fork or decision point exposure."
outputs\ib3c_activity_behavior_events_adaptive_speed_v1_phase3a_semantic_annotations_keycases\qixing_lengshuikeng\43_1\qixing_lengshuikeng_43_1_ib3c_points_labeled.csv,True,11451,route_folder|case_id|subject_id|trial_id|row_index|point_index|activity_id|timestamp_s|elapsed_sec|dt_sec|lat|lon|ele_m|distance_m|heart_rate_bpm|route_dist_m|projected_route_dist_m|nearest_route_dist_m|reliable_route_dist_m|route_progress_reliable|route_progress_state|route_projection_confidence|route_projection_note|offset_m|segment_id|direction_hint|match_quality|source_file|sequence_match_score|candidate_rank|route_dist_delta_m|reliable_route_dist_delta_m|implied_route_speed_mps|sequence_jump_guard_flag|sequence_branch_ambiguity_flag|summit_dist_m|summit_reached_flag|candidate_phase|summit_transition_lock_applied|summit_transition_release_flag|source_csv_row_index|usable_on_route|excluded_reason|excursion_id|manual_override_applied|manual_event_id|manual_label|manual_interpretation|segment_role|route_progress_excluded|_join_route_dist_m|_ctx_dist_m|osm_highway|osm_surface|surface_class|route_semantic_class|facility_flags|rest_flags|support_flags|hydrology_flags|visibility_class|osm_difficulty_class|slope_band_window_nlsc|terrain_window_risk_score|hydro_terrain_amplifier_score|osm_terrain_combined_risk_score|osm_terrain_combined_risk_band|route_context_dist_diff_m|ib3c_speed_mps|ib3c_speed_source|ib3c_hr_bpm|ib3c_hr_source|ib3c_usable_on_route|ib3c_excluded_reason|ib3c_offset_m|ib3c_low_speed_flag|ib3c_off_route_behavior_flag|ib3c_behavior_candidate_flag|ib3c_stationary_block_id|global_low_speed_reference_mps,activity_mapmatch_or_wrong_branch_diagnostic_not_fork_inventory,False,"Branch ambiguity and wrong-branch diagnostics are useful navigation behavior context, but they do not enumerate route fork or decision point exposure."
outputs\ib3c_activity_behavior_events_adaptive_speed_v1_phase3a_semantic_annotations_keycases\qixing_lengshuikeng\48_1\qixing_lengshuikeng_48_1_ib3c_points_labeled.csv,True,11622,route_folder|case_id|subject_id|trial_id|row_index|point_index|activity_id|timestamp_s|elapsed_sec|dt_sec|lat|lon|ele_m|distance_m|heart_rate_bpm|route_dist_m|projected_route_dist_m|nearest_route_dist_m|reliable_route_dist_m|route_progress_reliable|route_progress_state|route_projection_confidence|route_projection_note|offset_m|segment_id|direction_hint|match_quality|source_file|sequence_match_score|candidate_rank|route_dist_delta_m|reliable_route_dist_delta_m|implied_route_speed_mps|sequence_jump_guard_flag|sequence_branch_ambiguity_flag|summit_dist_m|summit_reached_flag|candidate_phase|summit_transition_lock_applied|summit_transition_release_flag|source_csv_row_index|usable_on_route|excluded_reason|excursion_id|manual_override_applied|manual_event_id|manual_label|manual_interpretation|segment_role|route_progress_excluded|_join_route_dist_m|_ctx_dist_m|osm_highway|osm_surface|surface_class|route_semantic_class|facility_flags|rest_flags|support_flags|hydrology_flags|visibility_class|osm_difficulty_class|slope_band_window_nlsc|terrain_window_risk_score|hydro_terrain_amplifier_score|osm_terrain_combined_risk_score|osm_terrain_combined_risk_band|route_context_dist_diff_m|ib3c_speed_mps|ib3c_speed_source|ib3c_hr_bpm|ib3c_hr_source|ib3c_usable_on_route|ib3c_excluded_reason|ib3c_offset_m|ib3c_low_speed_flag|ib3c_off_route_behavior_flag|ib3c_behavior_candidate_flag|ib3c_stationary_block_id|global_low_speed_reference_mps,activity_mapmatch_or_wrong_branch_diagnostic_not_fork_inventory,False,"Branch ambiguity and wrong-branch diagnostics are useful navigation behavior context, but they do not enumerate route fork or decision point exposure."
outputs\ib3c_activity_behavior_events_adaptive_speed_v1_phase3a_semantic_annotations_smoketest\qixing_lengshuikeng\37_1\qixing_lengshuikeng_37_1_ib3c_points_labeled.csv,True,9533,route_folder|case_id|subject_id|trial_id|row_index|point_index|activity_id|timestamp_s|elapsed_sec|dt_sec|lat|lon|ele_m|distance_m|heart_rate_bpm|route_dist_m|projected_route_dist_m|nearest_route_dist_m|reliable_route_dist_m|route_progress_reliable|route_progress_state|route_projection_confidence|route_projection_note|offset_m|segment_id|direction_hint|match_quality|source_file|sequence_match_score|candidate_rank|route_dist_delta_m|reliable_route_dist_delta_m|implied_route_speed_mps|sequence_jump_guard_flag|sequence_branch_ambiguity_flag|summit_dist_m|summit_reached_flag|candidate_phase|summit_transition_lock_applied|summit_transition_release_flag|source_csv_row_index|usable_on_route|excluded_reason|excursion_id|manual_override_applied|manual_event_id|manual_label|manual_interpretation|segment_role|route_progress_excluded|_join_route_dist_m|_ctx_dist_m|osm_highway|osm_surface|surface_class|route_semantic_class|facility_flags|rest_flags|support_flags|hydrology_flags|visibility_class|osm_difficulty_class|slope_band_window_nlsc|terrain_window_risk_score|hydro_terrain_amplifier_score|osm_terrain_combined_risk_score|osm_terrain_combined_risk_band|route_context_dist_diff_m|ib3c_speed_mps|ib3c_speed_source|ib3c_hr_bpm|ib3c_hr_source|ib3c_usable_on_route|ib3c_excluded_reason|ib3c_offset_m|ib3c_low_speed_flag|ib3c_off_route_behavior_flag|ib3c_behavior_candidate_flag|ib3c_stationary_block_id|global_low_speed_reference_mps,activity_mapmatch_or_wrong_branch_diagnostic_not_fork_inventory,False,"Branch ambiguity and wrong-branch diagnostics are useful navigation behavior context, but they do not enumerate route fork or decision point exposure."
outputs\ib3f_activity_route_features_v1_3b_qixing_repaired_review\_diagnostics_37_1_wrong_branch\qixing_37_1_descent_wrong_branch_candidate_rows.csv,True,17,route_folder|case_id|subject_id|trial_id|row_index|point_index|activity_id|timestamp_s|elapsed_sec|dt_sec|lat|lon|ele_m|distance_m|heart_rate_bpm|route_dist_m|projected_route_dist_m|nearest_route_dist_m|reliable_route_dist_m|route_progress_reliable|route_progress_state|route_projection_confidence|route_projection_note|offset_m|segment_id|direction_hint|match_quality|source_file|sequence_match_score|candidate_rank|route_dist_delta_m|reliable_route_dist_delta_m|implied_route_speed_mps|sequence_jump_guard_flag|sequence_branch_ambiguity_flag|summit_dist_m|summit_reached_flag|candidate_phase|summit_transition_lock_applied|summit_transition_release_flag|source_csv_row_index|usable_on_route|excluded_reason|excursion_id|manual_override_applied|manual_event_id|manual_label|manual_interpretation|segment_role|route_progress_excluded|_row_n|_route_dist_m|_offset_m|_elapsed_sec|_elapsed_min|_route_progress_state|_usable_on_route|_candidate_phase|_route_dist_delta_m|_reliable_route_dist_delta_m|_descent_after_summit|suspicious_reason,activity_mapmatch_or_wrong_branch_diagnostic_not_fork_inventory,False,"Branch ambiguity and wrong-branch diagnostics are useful navigation behavior context, but they do not enumerate route fork or decision point exposure."
outputs\ib3f_activity_route_features_v1_3b_qixing_repaired_review\_diagnostics_37_1_wrong_branch\qixing_37_1_descent_wrong_branch_candidate_segment_summary.csv,True,1,diagnostic_status|suspicious_segment_detected|segment_start_elapsed_min|segment_end_elapsed_min|segment_start_route_dist_m|segment_end_route_dist_m|rows_n|usable_on_route_rows_n|on_route_reliable_rows_n|offset_median|offset_p90|max_offset_m|ib3f_activity_quality_flag|ib3f_on_route_ratio|recommended_interpretation|whether_IB3F_on_route_ratio_may_be_overestimated|recommended_next_action|descent_offset_p90_all_rows|high_offset_threshold_used|inputs|outputs|runtime_llm_allowed,activity_mapmatch_or_wrong_branch_diagnostic_not_fork_inventory,False,"Branch ambiguity and wrong-branch diagnostics are useful navigation behavior context, but they do not enumerate route fork or decision point exposure."
outputs\report_figures\ch6_single_activity_mainline_profile_v2_3\33_1\activity_33_1_projected_joined_v2_3.csv,True,6582,raw_point_index|route_folder|subject_id|trial_id|activity_id|timestamp_s|elapsed_sec|dt_sec|duplicate_timestamp_flag|irregular_interval_flag|lat|lon|ele_m|distance_m|heart_rate_bpm|source_file|source_ext|source_row_index|case_id|candidate_route_selection_version|nearest_candidate_way_id|nearest_distance_m|nearest_route_dist_m|projected_lat|projected_lon|candidate_way_id|nearest_osm_way_id|nearest_match_score|nearest_selected_from_ib0|nearest_highway_norm|nearest_route_role|nearest_way_name|rc_elapsed_fraction|rc_terminal_segment|candidate_context|candidate_confidence|rc_review_required|rc_review_reason|training_use_policy|terminal_zone|raw_step_m|raw_speed_estimated_mps|route_dist_delta_m_v1d|route_dist_range_30s_m|candidate_way_switch_count_60s|pause_or_stall_flag|route_dist_reversal_flag|route_dist_jump_flag|route_dist_stall_flag|candidate_way_switch_flag|movement_review_required|movement_review_reason|anchor_stabilized_flag|anchor_type|anchor_name|anchor_distance_m|anchor_refit_lat|anchor_refit_lon|anchor_refit_osm_way_id|anchor_refit_reason|target_route_status|target_route_label|target_route_episode_id|off_target_flag|off_target_reason|retain_for_training_flag|retain_for_review_flag|transition_type|transition_review_level|mainline_membership|mainline_training_flag|connector_training_flag|summit_training_flag|non_mainline_flag|non_mainline_type|non_mainline_reason|membership_review_flag|v1g2_zone_id|v1g2_zone_type|v1g2_zone_quality_flag,activity_mapmatch_or_wrong_branch_diagnostic_not_fork_inventory,False,"Activity-level branch ambiguity, candidate-way switching, or wrong-branch diagnostics are behavior/map-match evidence, not route-level fork exposure inventory."
outputs\report_figures\ch6_single_activity_mainline_profile_v2_3_2\33_1\activity_33_1_projected_joined_v2_3_2.csv,True,6582,raw_point_index|route_folder|subject_id|trial_id|activity_id|timestamp_s|elapsed_sec|dt_sec|duplicate_timestamp_flag|irregular_interval_flag|lat|lon|ele_m|distance_m|heart_rate_bpm|source_file|source_ext|source_row_index|case_id|candidate_route_selection_version|nearest_candidate_way_id|nearest_distance_m|nearest_route_dist_m|projected_lat|projected_lon|candidate_way_id|nearest_osm_way_id|nearest_match_score|nearest_selected_from_ib0|nearest_highway_norm|nearest_route_role|nearest_way_name|rc_elapsed_fraction|rc_terminal_segment|candidate_context|candidate_confidence|rc_review_required|rc_review_reason|training_use_policy|terminal_zone|raw_step_m|raw_speed_estimated_mps|route_dist_delta_m_v1d|route_dist_range_30s_m|candidate_way_switch_count_60s|pause_or_stall_flag|route_dist_reversal_flag|route_dist_jump_flag|route_dist_stall_flag|candidate_way_switch_flag|movement_review_required|movement_review_reason|anchor_stabilized_flag|anchor_type|anchor_name|anchor_distance_m|anchor_refit_lat|anchor_refit_lon|anchor_refit_osm_way_id|anchor_refit_reason|target_route_status|target_route_label|target_route_episode_id|off_target_flag|off_target_reason|retain_for_training_flag|retain_for_review_flag|transition_type|transition_review_level|mainline_membership|mainline_training_flag|connector_training_flag|summit_training_flag|non_mainline_flag|non_mainline_type|non_mainline_reason|membership_review_flag|v1g2_zone_id|v1g2_zone_type|v1g2_zone_quality_flag,activity_mapmatch_or_wrong_branch_diagnostic_not_fork_inventory,False,"Activity-level branch ambiguity, candidate-way switching, or wrong-branch diagnostics are behavior/map-match evidence, not route-level fork exposure inventory."
outputs\report_figures\ch6_single_activity_mainline_projection_v2_2\activity_8_1\ch6_5_activity_8_1_mainline_projected_points_v2_2.csv,True,8433,raw_point_index|route_folder|subject_id|trial_id|activity_id|timestamp_s|elapsed_sec|dt_sec|duplicate_timestamp_flag|irregular_interval_flag|lat|lon|ele_m|distance_m|heart_rate_bpm|source_file|source_ext|source_row_index|case_id|candidate_route_selection_version|nearest_candidate_way_id|nearest_distance_m|nearest_route_dist_m|projected_lat|projected_lon|candidate_way_id|nearest_osm_way_id|nearest_match_score|nearest_selected_from_ib0|nearest_highway_norm|nearest_route_role|nearest_way_name|rc_elapsed_fraction|rc_terminal_segment|candidate_context|candidate_confidence|rc_review_required|rc_review_reason|training_use_policy|terminal_zone|raw_step_m|raw_speed_estimated_mps|route_dist_delta_m_v1d|route_dist_range_30s_m|candidate_way_switch_count_60s|pause_or_stall_flag|route_dist_reversal_flag|route_dist_jump_flag|route_dist_stall_flag|candidate_way_switch_flag|movement_review_required|movement_review_reason|anchor_stabilized_flag|anchor_type|anchor_name|anchor_distance_m|anchor_refit_lat|anchor_refit_lon|anchor_refit_osm_way_id|anchor_refit_reason|target_route_status|target_route_label|target_route_episode_id|off_target_flag|off_target_reason|retain_for_training_flag|retain_for_review_flag|transition_type|transition_review_level|mainline_membership|mainline_training_flag|connector_training_flag|summit_training_flag|non_mainline_flag|non_mainline_type|non_mainline_reason|membership_review_flag|v1g2_zone_id|v1g2_zone_type|v1g2_zone_quality_flag,activity_mapmatch_or_wrong_branch_diagnostic_not_fork_inventory,False,"Branch ambiguity and wrong-branch diagnostics are useful navigation behavior context, but they do not enumerate route fork or decision point exposure."
outputs\report_figures\ch6_single_activity_mainline_projection_v2_2_1\activity_8_1\ch6_5_activity_8_1_mainline_projected_points_v2_2.csv,True,8433,raw_point_index|route_folder|subject_id|trial_id|activity_id|timestamp_s|elapsed_sec|dt_sec|duplicate_timestamp_flag|irregular_interval_flag|lat|lon|ele_m|distance_m|heart_rate_bpm|source_file|source_ext|source_row_index|case_id|candidate_route_selection_version|nearest_candidate_way_id|nearest_distance_m|nearest_route_dist_m|projected_lat|projected_lon|candidate_way_id|nearest_osm_way_id|nearest_match_score|nearest_selected_from_ib0|nearest_highway_norm|nearest_route_role|nearest_way_name|rc_elapsed_fraction|rc_terminal_segment|candidate_context|candidate_confidence|rc_review_required|rc_review_reason|training_use_policy|terminal_zone|raw_step_m|raw_speed_estimated_mps|route_dist_delta_m_v1d|route_dist_range_30s_m|candidate_way_switch_count_60s|pause_or_stall_flag|route_dist_reversal_flag|route_dist_jump_flag|route_dist_stall_flag|candidate_way_switch_flag|movement_review_required|movement_review_reason|anchor_stabilized_flag|anchor_type|anchor_name|anchor_distance_m|anchor_refit_lat|anchor_refit_lon|anchor_refit_osm_way_id|anchor_refit_reason|target_route_status|target_route_label|target_route_episode_id|off_target_flag|off_target_reason|retain_for_training_flag|retain_for_review_flag|transition_type|transition_review_level|mainline_membership|mainline_training_flag|connector_training_flag|summit_training_flag|non_mainline_flag|non_mainline_type|non_mainline_reason|membership_review_flag|v1g2_zone_id|v1g2_zone_type|v1g2_zone_quality_flag,activity_mapmatch_or_wrong_branch_diagnostic_not_fork_inventory,False,"Branch ambiguity and wrong-branch diagnostics are useful navigation behavior context, but they do not enumerate route fork or decision point exposure."
outputs\ib0b_mainline\juansi_waterfall_fitcsv_20260503\juansi_waterfall_fitcsv_20260503_mainline_summary_ib0_matched.csv,True,1,route_id|route_group|case_id|case_name|activity_type|activity_name|activity_fp|ia1_version|ia1_dataset_id|ia1_snapshot_tag|ab_mode|input_stage|input_fp|anchor_fp|out_dir|input_segments_n|graph_nodes_n|graph_edges_n|ordered_anchors_n|anchor_nodes_n|path_node_n|mainline_segments_n|ordered_path_length_m|output_ordered_path_fp|output_mainline_fp|output_html_fp|mainline_role_trail_core_n|mainline_role_approach_n|highway_footway_n|highway_steps_n|highway_tertiary_n|highway_unclassified_n|highway_service_n|highway_path_n,mainline_graph_summary_not_decision_point_inventory,False,Graph node/edge counts summarize route construction and cannot be treated as exposed fork or decision point counts.
outputs\ib0b_mainline\juansi_waterfall_fitcsv_20260503\juansi_waterfall_fitcsv_20260503_mainline_summary_ib0a_pruned.csv,True,1,route_id|route_group|case_id|case_name|activity_type|activity_name|activity_fp|ia1_version|ia1_dataset_id|ia1_snapshot_tag|ab_mode|input_stage|input_fp|anchor_fp|out_dir|input_segments_n|graph_nodes_n|graph_edges_n|ordered_anchors_n|anchor_nodes_n|path_node_n|mainline_segments_n|ordered_path_length_m|output_ordered_path_fp|output_mainline_fp|output_html_fp|mainline_role_trail_core_n|mainline_role_approach_n|highway_footway_n|highway_steps_n|highway_tertiary_n|highway_unclassified_n|highway_service_n|highway_path_n,mainline_graph_summary_not_decision_point_inventory,False,Graph node/edge counts summarize route construction and cannot be treated as exposed fork or decision point counts.
outputs\ib0b_mainline\qixing_lengshuikeng_main_peak_20260523\qixing_lengshuikeng_main_peak_20260523_mainline_summary_ib0_candidates.csv,True,1,route_id|route_group|case_id|case_name|activity_type|activity_name|activity_fp|ia1_version|ia1_dataset_id|ia1_snapshot_tag|ab_mode|input_stage|input_fp|anchor_fp|anchor_source_mode|route_definition_mode|control_points_fp|out_dir|input_segments_n|graph_nodes_n|graph_edges_n|ordered_anchors_n|anchor_nodes_n|path_node_n|mainline_segments_n|ordered_path_length_m|check_required_ways|control_points_projection_fp|required_control_roles|required_way_ids|selected_required_way_ids|missing_required_way_ids|input_missing_required_way_ids|required_way_all_present_in_input|required_way_all_present_in_mainline|forced_required_way_ids_used|forced_required_way_stitching_enabled|forced_required_way_source_idx_used|output_ordered_path_fp|output_mainline_fp|output_html_fp|mainline_role_trail_core_n|mainline_role_approach_n|highway_steps_n|highway_footway_n|highway_service_n,mainline_graph_summary_not_decision_point_inventory,False,Graph node/edge counts summarize route construction and cannot be treated as exposed fork or decision point counts.
outputs\ib0b_mainline\qixing_lengshuikeng_main_peak_20260523\qixing_lengshuikeng_main_peak_20260523_mainline_summary_ib0_matched.csv,True,1,route_id|route_group|case_id|case_name|activity_type|activity_name|activity_fp|ia1_version|ia1_dataset_id|ia1_snapshot_tag|ab_mode|input_stage|input_fp|anchor_fp|anchor_source_mode|out_dir|input_segments_n|graph_nodes_n|graph_edges_n|ordered_anchors_n|anchor_nodes_n|path_node_n|mainline_segments_n|ordered_path_length_m|output_ordered_path_fp|output_mainline_fp|output_html_fp|mainline_role_trail_core_n|mainline_role_approach_n|highway_steps_n|highway_footway_n|highway_service_n|highway_path_n,mainline_graph_summary_not_decision_point_inventory,False,Graph node/edge counts summarize route construction and cannot be treated as exposed fork or decision point counts.
outputs\ib0b_mainline\qixing_xiaoyoukeng_main_peak_20260315\qixing_xiaoyoukeng_main_peak_20260315_mainline_summary_ib0_matched.csv,True,1,route_id|route_group|case_id|case_name|activity_type|activity_name|activity_fp|ia1_version|ia1_dataset_id|ia1_snapshot_tag|ab_mode|input_stage|input_fp|anchor_fp|anchor_source_mode|out_dir|input_segments_n|graph_nodes_n|graph_edges_n|ordered_anchors_n|anchor_nodes_n|path_node_n|mainline_segments_n|ordered_path_length_m|output_ordered_path_fp|output_mainline_fp|output_html_fp|mainline_role_trail_core_n|mainline_role_approach_n|highway_footway_n|highway_steps_n|highway_service_n,mainline_graph_summary_not_decision_point_inventory,False,Graph node/edge counts summarize route construction and cannot be treated as exposed fork or decision point counts.
outputs\ib0b_mainline\zhonghua_ust_jiuwufeng_roundtrip_biji\zhonghua_ust_jiuwufeng_roundtrip_biji_mainline_summary_ib0_matched.csv,True,1,route_id|route_group|case_id|case_name|activity_type|activity_name|activity_fp|ia1_version|ia1_dataset_id|ia1_snapshot_tag|ab_mode|input_stage|input_fp|anchor_fp|anchor_source_mode|out_dir|input_segments_n|graph_nodes_n|graph_edges_n|ordered_anchors_n|anchor_nodes_n|path_node_n|mainline_segments_n|ordered_path_length_m|output_ordered_path_fp|output_mainline_fp|output_html_fp|mainline_role_trail_core_n|highway_footway_n|highway_steps_n|highway_path_n,mainline_graph_summary_not_decision_point_inventory,False,Graph node/edge counts summarize route construction and cannot be treated as exposed fork or decision point counts.
outputs\ib0b_mainline_control_point_constrained\qixing_lengshuikeng_main_peak_20260523\qixing_lengshuikeng_main_peak_20260523_mainline_summary_ib0_matched.csv,True,1,route_id|route_group|case_id|case_name|activity_type|activity_name|activity_fp|ia1_version|ia1_dataset_id|ia1_snapshot_tag|ab_mode|input_stage|input_fp|anchor_fp|anchor_source_mode|route_definition_mode|control_points_fp|out_dir|input_segments_n|graph_nodes_n|graph_edges_n|ordered_anchors_n|anchor_nodes_n|path_node_n|mainline_segments_n|ordered_path_length_m|check_required_ways|control_points_projection_fp|required_control_roles|required_way_ids|selected_required_way_ids|missing_required_way_ids|input_missing_required_way_ids|required_way_all_present_in_input|required_way_all_present_in_mainline|output_ordered_path_fp|output_mainline_fp|output_html_fp|mainline_role_trail_core_n|mainline_role_approach_n|highway_steps_n|highway_footway_n|highway_service_n,mainline_graph_summary_not_decision_point_inventory,False,Graph node/edge counts summarize route construction and cannot be treated as exposed fork or decision point counts.
outputs\ib0b_mainline_control_point_constrained_v1_1\qixing_lengshuikeng_main_peak_20260523\qixing_lengshuikeng_main_peak_20260523_mainline_summary_ib0_candidates.csv,True,1,route_id|route_group|case_id|case_name|activity_type|activity_name|activity_fp|ia1_version|ia1_dataset_id|ia1_snapshot_tag|ab_mode|input_stage|input_fp|anchor_fp|anchor_source_mode|route_definition_mode|control_points_fp|out_dir|input_segments_n|graph_nodes_n|graph_edges_n|ordered_anchors_n|anchor_nodes_n|path_node_n|mainline_segments_n|ordered_path_length_m|check_required_ways|control_points_projection_fp|required_control_roles|required_way_ids|selected_required_way_ids|missing_required_way_ids|input_missing_required_way_ids|required_way_all_present_in_input|required_way_all_present_in_mainline|output_ordered_path_fp|output_mainline_fp|output_html_fp|mainline_role_trail_core_n|mainline_role_approach_n|highway_steps_n|highway_footway_n|highway_service_n,mainline_graph_summary_not_decision_point_inventory,False,Graph node/edge counts summarize route construction and cannot be treated as exposed fork or decision point counts.
outputs\ib0b_mainline_forced_required_way_test\qixing_lengshuikeng_main_peak_20260523\qixing_lengshuikeng_main_peak_20260523_mainline_summary_ib0_candidates.csv,True,1,route_id|route_group|case_id|case_name|activity_type|activity_name|activity_fp|ia1_version|ia1_dataset_id|ia1_snapshot_tag|ab_mode|input_stage|input_fp|anchor_fp|anchor_source_mode|route_definition_mode|control_points_fp|out_dir|input_segments_n|graph_nodes_n|graph_edges_n|ordered_anchors_n|anchor_nodes_n|path_node_n|mainline_segments_n|ordered_path_length_m|check_required_ways|control_points_projection_fp|required_control_roles|required_way_ids|selected_required_way_ids|missing_required_way_ids|input_missing_required_way_ids|required_way_all_present_in_input|required_way_all_present_in_mainline|forced_required_way_ids_used|forced_required_way_stitching_enabled|forced_required_way_source_idx_used|output_ordered_path_fp|output_mainline_fp|output_html_fp|mainline_role_trail_core_n|mainline_role_approach_n|highway_steps_n|highway_footway_n|highway_service_n,mainline_graph_summary_not_decision_point_inventory,False,Graph node/edge counts summarize route construction and cannot be treated as exposed fork or decision point counts.
outputs\ib0b_mainline_required_way_qa\qixing_lengshuikeng_main_peak_20260523\qixing_lengshuikeng_main_peak_20260523_mainline_summary_ib0_matched.csv,True,1,route_id|route_group|case_id|case_name|activity_type|activity_name|activity_fp|ia1_version|ia1_dataset_id|ia1_snapshot_tag|ab_mode|input_stage|input_fp|anchor_fp|anchor_source_mode|out_dir|input_segments_n|graph_nodes_n|graph_edges_n|ordered_anchors_n|anchor_nodes_n|path_node_n|mainline_segments_n|ordered_path_length_m|check_required_ways|control_points_projection_fp|required_control_roles|required_way_ids|selected_required_way_ids|missing_required_way_ids|input_missing_required_way_ids|required_way_all_present_in_input|required_way_all_present_in_mainline|output_ordered_path_fp|output_mainline_fp|output_html_fp|mainline_role_trail_core_n|mainline_role_approach_n|highway_steps_n|highway_footway_n|highway_service_n|highway_path_n,mainline_graph_summary_not_decision_point_inventory,False,Graph node/edge counts summarize route construction and cannot be treated as exposed fork or decision point counts.
outputs\ib0b_mainline_route_definition_v1_3b\qixing_lengshuikeng_main_peak_20260523_osmrefresh_v1_3b_mainline_summary_ib0_candidates.csv,True,1,route_id|route_group|case_id|case_name|activity_type|activity_name|activity_fp|ia1_version|ia1_dataset_id|ia1_snapshot_tag|ab_mode|input_stage|input_fp|anchor_fp|anchor_source_mode|route_definition_mode|control_points_fp|out_dir|input_segments_n|graph_nodes_n|graph_edges_n|ordered_anchors_n|anchor_nodes_n|path_node_n|mainline_segments_n|ordered_path_length_m|check_required_ways|control_points_projection_fp|required_control_roles|required_way_ids|selected_required_way_ids|missing_required_way_ids|input_missing_required_way_ids|required_way_all_present_in_input|required_way_all_present_in_mainline|forced_required_way_ids_used|forced_required_way_stitching_enabled|forced_required_way_source_idx_used|output_ordered_path_fp|output_mainline_fp|output_html_fp|mainline_role_trail_core_n|mainline_role_approach_n|highway_steps_n|highway_footway_n|highway_service_n,mainline_graph_summary_not_decision_point_inventory,False,Graph node/edge counts summarize route construction and cannot be treated as exposed fork or decision point counts.
outputs\ib0b_mainline_route_definition_v1_3b\qixing_xiaoyoukeng_main_peak_20260315_osmrefresh_v1_3b_mainline_summary_ib0_candidates.csv,True,1,route_id|route_group|case_id|case_name|activity_type|activity_name|activity_fp|ia1_version|ia1_dataset_id|ia1_snapshot_tag|ab_mode|input_stage|input_fp|anchor_fp|anchor_source_mode|route_definition_mode|control_points_fp|out_dir|input_segments_n|graph_nodes_n|graph_edges_n|ordered_anchors_n|anchor_nodes_n|path_node_n|mainline_segments_n|ordered_path_length_m|check_required_ways|control_points_projection_fp|required_control_roles|required_way_ids|selected_required_way_ids|missing_required_way_ids|input_missing_required_way_ids|required_way_all_present_in_input|required_way_all_present_in_mainline|forced_required_way_ids_used|forced_required_way_stitching_enabled|forced_required_way_source_idx_used|output_ordered_path_fp|output_mainline_fp|output_html_fp|mainline_role_trail_core_n|highway_footway_n|highway_steps_n|highway_path_n,mainline_graph_summary_not_decision_point_inventory,False,Graph node/edge counts summarize route construction and cannot be treated as exposed fork or decision point counts.
outputs\ib0b_mainline_route_definition_v1_3b_anchor_only_retry\qixing_xiaoyoukeng_main_peak_20260315_osmrefresh_v1_3b_mainline_summary_ib0_candidates.csv,True,1,route_id|route_group|case_id|case_name|activity_type|activity_name|activity_fp|ia1_version|ia1_dataset_id|ia1_snapshot_tag|ab_mode|input_stage|input_fp|anchor_fp|anchor_source_mode|route_definition_mode|control_points_fp|out_dir|input_segments_n|graph_nodes_n|graph_edges_n|ordered_anchors_n|anchor_nodes_n|path_node_n|mainline_segments_n|ordered_path_length_m|check_required_ways|control_points_projection_fp|required_control_roles|required_way_ids|selected_required_way_ids|missing_required_way_ids|input_missing_required_way_ids|required_way_all_present_in_input|required_way_all_present_in_mainline|forced_required_way_ids_used|forced_required_way_stitching_enabled|forced_required_way_source_idx_used|output_ordered_path_fp|output_mainline_fp|output_html_fp|mainline_role_trail_core_n|highway_footway_n|highway_steps_n|highway_path_n,mainline_graph_summary_not_decision_point_inventory,False,Graph node/edge counts summarize route construction and cannot be treated as exposed fork or decision point counts.
outputs\ib0b_mainline_route_definition_v1_3b_control_points_only\juansi_waterfall_fitcsv_20260503_osmrefresh_v1_3b_mainline_summary_ib0_candidates.csv,True,1,route_id|route_group|case_id|case_name|activity_type|activity_name|activity_fp|ia1_version|ia1_dataset_id|ia1_snapshot_tag|ab_mode|input_stage|input_fp|anchor_fp|anchor_source_mode|route_definition_mode|control_points_only_anchors|control_points_fp|out_dir|input_segments_n|graph_nodes_n|graph_edges_n|ordered_anchors_n|anchor_nodes_n|path_node_n|mainline_segments_n|ordered_path_length_m|check_required_ways|control_points_projection_fp|required_control_roles|required_way_ids|selected_required_way_ids|missing_required_way_ids|input_missing_required_way_ids|required_way_all_present_in_input|required_way_all_present_in_mainline|forced_required_way_ids_used|forced_required_way_stitching_enabled|forced_required_way_source_idx_used|output_ordered_path_fp|output_mainline_fp|output_html_fp|mainline_role_trail_core_n|mainline_role_approach_n|highway_footway_n|highway_steps_n|highway_tertiary_n|highway_unclassified_n|highway_path_n,mainline_graph_summary_not_decision_point_inventory,False,Graph node/edge counts summarize route construction and cannot be treated as exposed fork or decision point counts.
outputs\ib0b_mainline_route_definition_v1_3b_control_points_only\qixing_lengshuikeng_main_peak_20260523_osmrefresh_v1_3b_mainline_summary_ib0_candidates.csv,True,1,route_id|route_group|case_id|case_name|activity_type|activity_name|activity_fp|ia1_version|ia1_dataset_id|ia1_snapshot_tag|ab_mode|input_stage|input_fp|anchor_fp|anchor_source_mode|route_definition_mode|control_points_only_anchors|control_points_fp|out_dir|input_segments_n|graph_nodes_n|graph_edges_n|ordered_anchors_n|anchor_nodes_n|path_node_n|mainline_segments_n|ordered_path_length_m|check_required_ways|control_points_projection_fp|required_control_roles|required_way_ids|selected_required_way_ids|missing_required_way_ids|input_missing_required_way_ids|required_way_all_present_in_input|required_way_all_present_in_mainline|forced_required_way_ids_used|forced_required_way_stitching_enabled|forced_required_way_source_idx_used|output_ordered_path_fp|output_mainline_fp|output_html_fp|mainline_role_trail_core_n|mainline_role_approach_n|highway_steps_n|highway_footway_n|highway_service_n,mainline_graph_summary_not_decision_point_inventory,False,Graph node/edge counts summarize route construction and cannot be treated as exposed fork or decision point counts.
outputs\ib0b_mainline_route_definition_v1_3b_control_points_only\qixing_lengshuikeng_xiaoyoukeng_gpx_osmrefresh_v1_3b\qixing_lengshuikeng_xiaoyoukeng_gpx_osmrefresh_v1_3b_mainline_summary_ib0_candidates.csv,True,1,route_id|route_group|case_id|case_name|activity_type|activity_name|activity_fp|ia1_version|ia1_dataset_id|ia1_snapshot_tag|ab_mode|input_stage|input_fp|anchor_fp|anchor_source_mode|route_definition_mode|control_points_only_anchors|control_points_fp|out_dir|input_segments_n|graph_nodes_n|graph_edges_n|ordered_anchors_n|anchor_nodes_n|path_node_n|mainline_segments_n|ordered_path_length_m|check_required_ways|control_points_projection_fp|required_control_roles|required_way_ids|selected_required_way_ids|missing_required_way_ids|input_missing_required_way_ids|required_way_all_present_in_input|required_way_all_present_in_mainline|forced_required_way_ids_used|forced_required_way_stitching_enabled|forced_required_way_source_idx_used|output_ordered_path_fp|output_mainline_fp|output_html_fp|mainline_role_trail_core_n|mainline_role_approach_n|highway_footway_n|highway_steps_n|highway_service_n|highway_tertiary_n,mainline_graph_summary_not_decision_point_inventory,False,Graph node/edge counts summarize route construction and cannot be treated as exposed fork or decision point counts.
outputs\ib0b_mainline_route_definition_v1_3b_control_points_only\qixing_lengshuikeng_xiaoyoukeng_gpx_osmrefresh_v1_3b\qixing_lengshuikeng_xiaoyoukeng_gpx_osmrefresh_v1_3b_mainline_summary_ib0_matched.csv,True,1,route_id|route_group|case_id|case_name|activity_type|activity_name|activity_fp|ia1_version|ia1_dataset_id|ia1_snapshot_tag|ab_mode|input_stage|input_fp|anchor_fp|anchor_source_mode|route_definition_mode|control_points_only_anchors|control_points_fp|out_dir|input_segments_n|graph_nodes_n|graph_edges_n|ordered_anchors_n|anchor_nodes_n|path_node_n|mainline_segments_n|ordered_path_length_m|check_required_ways|control_points_projection_fp|required_control_roles|required_way_ids|selected_required_way_ids|missing_required_way_ids|input_missing_required_way_ids|required_way_all_present_in_input|required_way_all_present_in_mainline|forced_required_way_ids_used|forced_required_way_stitching_enabled|forced_required_way_source_idx_used|output_ordered_path_fp|output_mainline_fp|output_html_fp|mainline_role_trail_core_n|mainline_role_approach_n|highway_footway_n|highway_steps_n|highway_service_n|highway_tertiary_n,mainline_graph_summary_not_decision_point_inventory,False,Graph node/edge counts summarize route construction and cannot be treated as exposed fork or decision point counts.
outputs\ib0b_mainline_route_definition_v1_3b_control_points_only\qixing_lengshuikeng_xiaoyoukeng_gpx_osmrefresh_v1_3b_mainline_summary_ib0_candidates.csv,True,1,route_id|route_group|case_id|case_name|activity_type|activity_name|activity_fp|ia1_version|ia1_dataset_id|ia1_snapshot_tag|ab_mode|input_stage|input_fp|anchor_fp|anchor_source_mode|route_definition_mode|control_points_only_anchors|control_points_fp|out_dir|input_segments_n|graph_nodes_n|graph_edges_n|ordered_anchors_n|anchor_nodes_n|path_node_n|mainline_segments_n|ordered_path_length_m|check_required_ways|control_points_projection_fp|required_control_roles|required_way_ids|selected_required_way_ids|missing_required_way_ids|input_missing_required_way_ids|required_way_all_present_in_input|required_way_all_present_in_mainline|forced_required_way_ids_used|forced_required_way_stitching_enabled|forced_required_way_source_idx_used|output_ordered_path_fp|output_mainline_fp|output_html_fp|mainline_role_trail_core_n|mainline_role_approach_n|highway_footway_n|highway_steps_n|highway_service_n|highway_tertiary_n,mainline_graph_summary_not_decision_point_inventory,False,Graph node/edge counts summarize route construction and cannot be treated as exposed fork or decision point counts.
outputs\ib0b_mainline_route_definition_v1_3b_control_points_only\qixing_xiaoyoukeng_main_peak_20260315_osmrefresh_v1_3b_mainline_summary_ib0_candidates.csv,True,1,route_id|route_group|case_id|case_name|activity_type|activity_name|activity_fp|ia1_version|ia1_dataset_id|ia1_snapshot_tag|ab_mode|input_stage|input_fp|anchor_fp|anchor_source_mode|route_definition_mode|control_points_only_anchors|control_points_fp|out_dir|input_segments_n|graph_nodes_n|graph_edges_n|ordered_anchors_n|anchor_nodes_n|path_node_n|mainline_segments_n|ordered_path_length_m|check_required_ways|control_points_projection_fp|required_control_roles|required_way_ids|selected_required_way_ids|missing_required_way_ids|input_missing_required_way_ids|required_way_all_present_in_input|required_way_all_present_in_mainline|forced_required_way_ids_used|forced_required_way_stitching_enabled|forced_required_way_source_idx_used|output_ordered_path_fp|output_mainline_fp|output_html_fp|mainline_role_trail_core_n|highway_footway_n|highway_steps_n|highway_path_n,mainline_graph_summary_not_decision_point_inventory,False,Graph node/edge counts summarize route construction and cannot be treated as exposed fork or decision point counts.
outputs\ib0b_mainline_route_definition_v1_3b_control_points_only\zhonghua_ust_jiuwufeng_roundtrip_biji_osmrefresh_v1_3b_mainline_summary_ib0_candidates.csv,True,1,route_id|route_group|case_id|case_name|activity_type|activity_name|activity_fp|ia1_version|ia1_dataset_id|ia1_snapshot_tag|ab_mode|input_stage|input_fp|anchor_fp|anchor_source_mode|route_definition_mode|control_points_only_anchors|control_points_fp|out_dir|input_segments_n|graph_nodes_n|graph_edges_n|ordered_anchors_n|anchor_nodes_n|path_node_n|mainline_segments_n|ordered_path_length_m|check_required_ways|control_points_projection_fp|required_control_roles|required_way_ids|selected_required_way_ids|missing_required_way_ids|input_missing_required_way_ids|required_way_all_present_in_input|required_way_all_present_in_mainline|forced_required_way_ids_used|forced_required_way_stitching_enabled|forced_required_way_source_idx_used|output_ordered_path_fp|output_mainline_fp|output_html_fp|mainline_role_trail_core_n|highway_steps_n|highway_footway_n|highway_path_n,mainline_graph_summary_not_decision_point_inventory,False,Graph node/edge counts summarize route construction and cannot be treated as exposed fork or decision point counts.
outputs\ib0b_mainline_v1_1\qixing_lengshuikeng_main_peak_20260523\qixing_lengshuikeng_main_peak_20260523_mainline_summary_ib0_matched.csv,True,1,route_id|route_group|case_id|case_name|activity_type|activity_name|activity_fp|ia1_version|ia1_dataset_id|ia1_snapshot_tag|ab_mode|input_stage|input_fp|anchor_fp|anchor_source_mode|out_dir|input_segments_n|graph_nodes_n|graph_edges_n|ordered_anchors_n|anchor_nodes_n|path_node_n|mainline_segments_n|ordered_path_length_m|output_ordered_path_fp|output_mainline_fp|output_html_fp|mainline_role_trail_core_n|mainline_role_approach_n|highway_steps_n|highway_footway_n|highway_service_n|highway_path_n,mainline_graph_summary_not_decision_point_inventory,False,Graph node/edge counts summarize route construction and cannot be treated as exposed fork or decision point counts.
outputs\ib0b_mainline_v1_1\qixing_xiaoyoukeng_main_peak_20260315\qixing_xiaoyoukeng_main_peak_20260315_mainline_summary_ib0_matched.csv,True,1,route_id|route_group|case_id|case_name|activity_type|activity_name|activity_fp|ia1_version|ia1_dataset_id|ia1_snapshot_tag|ab_mode|input_stage|input_fp|anchor_fp|anchor_source_mode|out_dir|input_segments_n|graph_nodes_n|graph_edges_n|ordered_anchors_n|anchor_nodes_n|path_node_n|mainline_segments_n|ordered_path_length_m|output_ordered_path_fp|output_mainline_fp|output_html_fp|mainline_role_trail_core_n|mainline_role_approach_n|highway_footway_n|highway_steps_n|highway_service_n,mainline_graph_summary_not_decision_point_inventory,False,Graph node/edge counts summarize route construction and cannot be treated as exposed fork or decision point counts.
outputs\ib0b_output\qixing_xiaoyoukeng_roundtrip_joyhike\qixing_xiaoyoukeng_roundtrip_joyhike_mainline_summary_ib0a_pruned.csv,True,1,route_id|case_id|case_name|gpx_name|ab_mode|input_stage|input_fp|anchor_fp|gpx_fp|out_dir|input_segments_n|graph_nodes_n|graph_edges_n|ordered_anchors_n|anchor_nodes_n|path_node_n|mainline_segments_n|ordered_path_length_m|output_ordered_path_fp|output_mainline_fp|output_html_fp|mainline_role_trail_core_n|highway_steps_n|highway_footway_n|highway_path_n,mainline_graph_summary_not_decision_point_inventory,False,Graph node/edge counts summarize route construction and cannot be treated as exposed fork or decision point counts.
outputs\ib0d_trimmed_mainline\qixing_lengshuikeng_main_peak_20260523\qixing_lengshuikeng_main_peak_20260523_mainline_self_near_pairs.csv,True,58038,idx_a|dist_a_m|idx_b|dist_b_m|spatial_distance_m|route_distance_gap_m|possible_issue_type,route_geometry_self_near_context_not_fork_inventory,False,"Self-near geometry can indicate route geometry complexity, but it does not identify fork or decision point exposure."
outputs\ib0d_trimmed_mainline\qixing_lengshuikeng_main_peak_20260523\qixing_lengshuikeng_main_peak_20260523_mainline_self_near_zones.csv,True,3,zone_type|pair_count|dist_a_min_m|dist_a_max_m|dist_b_min_m|dist_b_max_m|spatial_distance_min_m|spatial_distance_avg_m|spatial_distance_max_m|route_gap_min_m|route_gap_avg_m|route_gap_max_m|min_spatial_idx_a|min_spatial_dist_a_m|min_spatial_idx_b|min_spatial_dist_b_m|min_spatial_distance_m|min_spatial_route_gap_m|max_gap_idx_a|max_gap_dist_a_m|max_gap_idx_b|max_gap_dist_b_m|max_gap_spatial_distance_m|max_gap_route_gap_m,route_geometry_self_near_context_not_fork_inventory,False,"Self-near geometry can indicate route geometry complexity, but it does not identify fork or decision point exposure."
outputs\ib0d_trimmed_mainline_forced_required_way_test\qixing_lengshuikeng_main_peak_20260523\qixing_lengshuikeng_main_peak_20260523_mainline_self_near_pairs.csv,True,58038,idx_a|dist_a_m|idx_b|dist_b_m|spatial_distance_m|route_distance_gap_m|possible_issue_type,route_geometry_self_near_context_not_fork_inventory,False,"Self-near geometry can indicate route geometry complexity, but it does not identify fork or decision point exposure."
outputs\ib0d_trimmed_mainline_forced_required_way_test\qixing_lengshuikeng_main_peak_20260523\qixing_lengshuikeng_main_peak_20260523_mainline_self_near_zones.csv,True,3,zone_type|pair_count|dist_a_min_m|dist_a_max_m|dist_b_min_m|dist_b_max_m|spatial_distance_min_m|spatial_distance_avg_m|spatial_distance_max_m|route_gap_min_m|route_gap_avg_m|route_gap_max_m|min_spatial_idx_a|min_spatial_dist_a_m|min_spatial_idx_b|min_spatial_dist_b_m|min_spatial_distance_m|min_spatial_route_gap_m|max_gap_idx_a|max_gap_dist_a_m|max_gap_idx_b|max_gap_dist_b_m|max_gap_spatial_distance_m|max_gap_route_gap_m,route_geometry_self_near_context_not_fork_inventory,False,"Self-near geometry can indicate route geometry complexity, but it does not identify fork or decision point exposure."
outputs\ib0d_trimmed_mainline_v1_3b_control_points_only\juansi_waterfall_fitcsv_20260503_osmrefresh_v1_3b\juansi_waterfall_fitcsv_20260503_osmrefresh_v1_3b_mainline_self_near_pairs.csv,True,0,idx_a|dist_a_m|idx_b|dist_b_m|spatial_distance_m|route_distance_gap_m|possible_issue_type,route_geometry_self_near_context_not_fork_inventory,False,"Self-near geometry can indicate route geometry complexity, but it does not identify fork or decision point exposure."
outputs\ib0d_trimmed_mainline_v1_3b_control_points_only\qixing_lengshuikeng_main_peak_20260523_osmrefresh_v1_3b\qixing_lengshuikeng_main_peak_20260523_osmrefresh_v1_3b_mainline_self_near_pairs.csv,True,58038,idx_a|dist_a_m|idx_b|dist_b_m|spatial_distance_m|route_distance_gap_m|possible_issue_type,route_geometry_self_near_context_not_fork_inventory,False,"Self-near geometry can indicate route geometry complexity, but it does not identify fork or decision point exposure."
outputs\ib0d_trimmed_mainline_v1_3b_control_points_only\qixing_lengshuikeng_main_peak_20260523_osmrefresh_v1_3b\qixing_lengshuikeng_main_peak_20260523_osmrefresh_v1_3b_mainline_self_near_zones.csv,True,3,zone_type|pair_count|dist_a_min_m|dist_a_max_m|dist_b_min_m|dist_b_max_m|spatial_distance_min_m|spatial_distance_avg_m|spatial_distance_max_m|route_gap_min_m|route_gap_avg_m|route_gap_max_m|min_spatial_idx_a|min_spatial_dist_a_m|min_spatial_idx_b|min_spatial_dist_b_m|min_spatial_distance_m|min_spatial_route_gap_m|max_gap_idx_a|max_gap_dist_a_m|max_gap_idx_b|max_gap_dist_b_m|max_gap_spatial_distance_m|max_gap_route_gap_m,route_geometry_self_near_context_not_fork_inventory,False,"Self-near geometry can indicate route geometry complexity, but it does not identify fork or decision point exposure."
outputs\ib0d_trimmed_mainline_v1_3b_control_points_only\qixing_xiaoyoukeng_main_peak_20260315_osmrefresh_v1_3b\qixing_xiaoyoukeng_main_peak_20260315_osmrefresh_v1_3b_mainline_self_near_pairs.csv,True,34366,idx_a|dist_a_m|idx_b|dist_b_m|spatial_distance_m|route_distance_gap_m|possible_issue_type,route_geometry_self_near_context_not_fork_inventory,False,"Self-near geometry can indicate route geometry complexity, but it does not identify fork or decision point exposure."
outputs\ib0d_trimmed_mainline_v1_3b_control_points_only\qixing_xiaoyoukeng_main_peak_20260315_osmrefresh_v1_3b\qixing_xiaoyoukeng_main_peak_20260315_osmrefresh_v1_3b_mainline_self_near_zones.csv,True,2,zone_type|pair_count|dist_a_min_m|dist_a_max_m|dist_b_min_m|dist_b_max_m|spatial_distance_min_m|spatial_distance_avg_m|spatial_distance_max_m|route_gap_min_m|route_gap_avg_m|route_gap_max_m|min_spatial_idx_a|min_spatial_dist_a_m|min_spatial_idx_b|min_spatial_dist_b_m|min_spatial_distance_m|min_spatial_route_gap_m|max_gap_idx_a|max_gap_dist_a_m|max_gap_idx_b|max_gap_dist_b_m|max_gap_spatial_distance_m|max_gap_route_gap_m,route_geometry_self_near_context_not_fork_inventory,False,"Self-near geometry can indicate route geometry complexity, but it does not identify fork or decision point exposure."
outputs\ib0d_trimmed_mainline_v1_3b_control_points_only\zhonghua_ust_jiuwufeng_roundtrip_biji_osmrefresh_v1_3b\zhonghua_ust_jiuwufeng_roundtrip_biji_osmrefresh_v1_3b_mainline_self_near_pairs.csv,True,54805,idx_a|dist_a_m|idx_b|dist_b_m|spatial_distance_m|route_distance_gap_m|possible_issue_type,route_geometry_self_near_context_not_fork_inventory,False,"Self-near geometry can indicate route geometry complexity, but it does not identify fork or decision point exposure."
outputs\ib0d_trimmed_mainline_v1_3b_control_points_only\zhonghua_ust_jiuwufeng_roundtrip_biji_osmrefresh_v1_3b\zhonghua_ust_jiuwufeng_roundtrip_biji_osmrefresh_v1_3b_mainline_self_near_zones.csv,True,2,zone_type|pair_count|dist_a_min_m|dist_a_max_m|dist_b_min_m|dist_b_max_m|spatial_distance_min_m|spatial_distance_avg_m|spatial_distance_max_m|route_gap_min_m|route_gap_avg_m|route_gap_max_m|min_spatial_idx_a|min_spatial_dist_a_m|min_spatial_idx_b|min_spatial_dist_b_m|min_spatial_distance_m|min_spatial_route_gap_m|max_gap_idx_a|max_gap_dist_a_m|max_gap_idx_b|max_gap_dist_b_m|max_gap_spatial_distance_m|max_gap_route_gap_m,route_geometry_self_near_context_not_fork_inventory,False,"Self-near geometry can indicate route geometry complexity, but it does not identify fork or decision point exposure."
outputs\ib0d_trimmed_mainline_v1_3b_control_points_only_contract_qa\juansi_waterfall_fitcsv_20260503_osmrefresh_v1_3b\juansi_waterfall_fitcsv_20260503_osmrefresh_v1_3b_mainline_self_near_pairs.csv,True,0,idx_a|dist_a_m|idx_b|dist_b_m|spatial_distance_m|route_distance_gap_m|classification,route_geometry_self_near_context_not_fork_inventory,False,"Self-near geometry can indicate route geometry complexity, but it does not identify fork or decision point exposure."
outputs\ib0d_trimmed_mainline_v1_3b_control_points_only_contract_qa\juansi_waterfall_fitcsv_20260503_osmrefresh_v1_3b\self_near_pairs.csv,True,0,idx_a|dist_a_m|idx_b|dist_b_m|spatial_distance_m|route_distance_gap_m|classification,route_geometry_self_near_context_not_fork_inventory,False,"Self-near geometry can indicate route geometry complexity, but it does not identify fork or decision point exposure."
outputs\ib0d_trimmed_mainline_v1_3b_control_points_only_contract_qa\qixing_lengshuikeng_main_peak_20260523_osmrefresh_v1_3b\self_near_pairs.csv,True,58038,idx_a|dist_a_m|idx_b|dist_b_m|spatial_distance_m|route_distance_gap_m|classification,route_geometry_self_near_context_not_fork_inventory,False,"Self-near geometry can indicate route geometry complexity, but it does not identify fork or decision point exposure."
outputs\ib0d_trimmed_mainline_v1_3b_control_points_only_contract_qa\qixing_lengshuikeng_main_peak_20260523_osmrefresh_v1_3b\self_near_zones.csv,True,1,classification|pair_count|dist_a_min_m|dist_a_max_m|dist_b_min_m|dist_b_max_m|spatial_distance_min_m|route_gap_max_m,route_geometry_self_near_context_not_fork_inventory,False,"Self-near geometry can indicate route geometry complexity, but it does not identify fork or decision point exposure."
outputs\ib0d_trimmed_mainline_v1_3b_control_points_only_contract_qa\qixing_lengshuikeng_xiaoyoukeng_gpx_osmrefresh_v1_3b\self_near_pairs.csv,True,0,idx_a|dist_a_m|idx_b|dist_b_m|spatial_distance_m|route_distance_gap_m|classification,route_geometry_self_near_context_not_fork_inventory,False,"Self-near geometry can indicate route geometry complexity, but it does not identify fork or decision point exposure."
outputs\ib0d_trimmed_mainline_v1_3b_control_points_only_contract_qa\qixing_xiaoyoukeng_main_peak_20260315_osmrefresh_v1_3b\self_near_pairs.csv,True,34366,idx_a|dist_a_m|idx_b|dist_b_m|spatial_distance_m|route_distance_gap_m|classification,route_geometry_self_near_context_not_fork_inventory,False,"Self-near geometry can indicate route geometry complexity, but it does not identify fork or decision point exposure."
outputs\ib0d_trimmed_mainline_v1_3b_control_points_only_contract_qa\qixing_xiaoyoukeng_main_peak_20260315_osmrefresh_v1_3b\self_near_zones.csv,True,1,classification|pair_count|dist_a_min_m|dist_a_max_m|dist_b_min_m|dist_b_max_m|spatial_distance_min_m|route_gap_max_m,route_geometry_self_near_context_not_fork_inventory,False,"Self-near geometry can indicate route geometry complexity, but it does not identify fork or decision point exposure."
outputs\ib0d_trimmed_mainline_v1_3b_control_points_only_contract_qa\zhonghua_ust_jiuwufeng_roundtrip_biji_osmrefresh_v1_3b\self_near_pairs.csv,True,54805,idx_a|dist_a_m|idx_b|dist_b_m|spatial_distance_m|route_distance_gap_m|classification,route_geometry_self_near_context_not_fork_inventory,False,"Self-near geometry can indicate route geometry complexity, but it does not identify fork or decision point exposure."
outputs\ib0d_trimmed_mainline_v1_3b_control_points_only_contract_qa\zhonghua_ust_jiuwufeng_roundtrip_biji_osmrefresh_v1_3b\self_near_zones.csv,True,1,classification|pair_count|dist_a_min_m|dist_a_max_m|dist_b_min_m|dist_b_max_m|spatial_distance_min_m|route_gap_max_m,route_geometry_self_near_context_not_fork_inventory,False,"Self-near geometry can indicate route geometry complexity, but it does not identify fork or decision point exposure."
outputs\_j_ib1e_qixing_candidate\qixing_lengshuikeng_main_peak_20260523_osmrefresh_v1_3b_route_profile_contour_window_terrain_enriched.csv,True,3841,case_id|case_name|activity_type|activity_fp|ordered_path_fp|mainline_fp|sample_idx|dist_m|lat|lon|ele_gpx_m|delta_dist_m|delta_ele_m|slope_pct|slope_band|gain_m|loss_m|cum_gain_m|cum_loss_m|nearest_gpx_idx|nearest_gpx_dist_m|time_raw|ele_smooth|elevation_source|needs_nlsc_elevation|near_highway|dist_highway_m|osm_way_name|osm_way_name_zh|osm_way_id|osm_way_type|osm_highway|osm_surface|osm_tracktype|osm_smoothness|osm_trail_visibility|osm_sac_scale|osm_incline|osm_lit|osm_lit_status|osm_handrail|osm_safety_rope|osm_step_count|osm_width|osm_bridge|osm_bridge_material|osm_ford|osm_tunnel|osm_covered|osm_highway_family|osm_walk_relevance|osm_trail_difficulty_hint|osm_vertical_context|osm_is_steps|near_safety_rope|dist_safety_rope_m|near_assisted_trail|dist_assisted_trail_m|near_handrail|dist_handrail_m|near_rungs|dist_rungs_m|near_ladder|dist_ladder_m|near_via_ferrata|dist_via_ferrata_m|near_street_lamp|dist_street_lamp_m|near_cliff|dist_cliff_m|near_scree|dist_scree_m|near_bare_rock|dist_bare_rock_m|near_landslide|dist_landslide_m|near_waterway|dist_waterway_m|near_water_area|dist_water_area_m,route_semantic_context_not_fork_inventory,False,"Route semantic, surface, guidepost, facility, trail, path, road, or way context exists, but it is not a governed fork/decision point inventory."
outputs\_j_ib1e_root_qixing_candidate\qixing_lengshuikeng_main_peak_20260523_osmrefresh_v1_3b\qixing_lengshuikeng_main_peak_20260523_osmrefresh_v1_3b_route_profile_contour_window_terrain_enriched.csv,True,3841,case_id|case_name|activity_type|activity_fp|ordered_path_fp|mainline_fp|sample_idx|dist_m|lat|lon|ele_gpx_m|delta_dist_m|delta_ele_m|slope_pct|slope_band|gain_m|loss_m|cum_gain_m|cum_loss_m|nearest_gpx_idx|nearest_gpx_dist_m|time_raw|ele_smooth|elevation_source|needs_nlsc_elevation|near_highway|dist_highway_m|osm_way_name|osm_way_name_zh|osm_way_id|osm_way_type|osm_highway|osm_surface|osm_tracktype|osm_smoothness|osm_trail_visibility|osm_sac_scale|osm_incline|osm_lit|osm_lit_status|osm_handrail|osm_safety_rope|osm_step_count|osm_width|osm_bridge|osm_bridge_material|osm_ford|osm_tunnel|osm_covered|osm_highway_family|osm_walk_relevance|osm_trail_difficulty_hint|osm_vertical_context|osm_is_steps|near_safety_rope|dist_safety_rope_m|near_assisted_trail|dist_assisted_trail_m|near_handrail|dist_handrail_m|near_rungs|dist_rungs_m|near_ladder|dist_ladder_m|near_via_ferrata|dist_via_ferrata_m|near_street_lamp|dist_street_lamp_m|near_cliff|dist_cliff_m|near_scree|dist_scree_m|near_bare_rock|dist_bare_rock_m|near_landslide|dist_landslide_m|near_waterway|dist_waterway_m|near_water_area|dist_water_area_m,route_semantic_context_not_fork_inventory,False,"Route semantic, surface, guidepost, facility, trail, path, road, or way context exists, but it is not a governed fork/decision point inventory."
outputs\_tmp_ib1c_default_mapping_verify\qixing_xiaoyoukeng_main_peak_20260315_osmrefresh_v1_3b\qixing_xiaoyoukeng_main_peak_20260315_osmrefresh_v1_3b_implemented_but_not_used_in_ib2.csv,True,70,semantic_group|source_field|source_value|derived_class|risk_domain|risk_meaning|risk_direction|base_score|weather_sensitive|needs_nlsc|needs_activity|implemented_in_ib1c|used_in_ib2|notes,route_semantic_context_not_fork_inventory,False,"Route semantic, surface, guidepost, facility, trail, path, road, or way context exists, but it is not a governed fork/decision point inventory."
outputs\_tmp_ib1c_default_mapping_verify\qixing_xiaoyoukeng_main_peak_20260315_osmrefresh_v1_3b\qixing_xiaoyoukeng_main_peak_20260315_osmrefresh_v1_3b_mapping_defined_but_not_seen.csv,True,55,mapping_key|semantic_group|source_field|source_value|derived_class|risk_domain|base_score|implemented_in_ib1c|used_in_ib2|notes,route_semantic_context_not_fork_inventory,False,"Route semantic, surface, guidepost, facility, trail, path, road, or way context exists, but it is not a governed fork/decision point inventory."
outputs\_tmp_ib1c_default_mapping_verify\qixing_xiaoyoukeng_main_peak_20260315_osmrefresh_v1_3b\qixing_xiaoyoukeng_main_peak_20260315_osmrefresh_v1_3b_semantic_field_summary.csv,True,19,field|exists_in_ib1c_output|non_empty_n|unique_n|source_field_for_mapping|is_flag_field,route_semantic_context_not_fork_inventory,False,"Route semantic, surface, guidepost, facility, trail, path, road, or way context exists, but it is not a governed fork/decision point inventory."
outputs\_tmp_ib1c_default_mapping_verify\qixing_xiaoyoukeng_main_peak_20260315_osmrefresh_v1_3b\qixing_xiaoyoukeng_main_peak_20260315_osmrefresh_v1_3b_semantic_unmapped_values.csv,True,0,ib1c_field|source_field|observed_value|observed_n|mapping_key|has_mapping|note,route_semantic_context_not_fork_inventory,False,"Route semantic, surface, guidepost, facility, trail, path, road, or way context exists, but it is not a governed fork/decision point inventory."
outputs\_tmp_ib1c_default_mapping_verify\qixing_xiaoyoukeng_main_peak_20260315_osmrefresh_v1_3b\qixing_xiaoyoukeng_main_peak_20260315_osmrefresh_v1_3b_semantic_value_mapping_coverage.csv,True,15,ib1c_field|source_field|observed_value|observed_n|mapping_key|has_mapping|note,route_semantic_context_not_fork_inventory,False,"Route semantic, surface, guidepost, facility, trail, path, road, or way context exists, but it is not a governed fork/decision point inventory."
outputs\ib0_candidate_route_pool_v1_qixing_lengshuikeng_rc\qixing_lengshuikeng\candidate_way_pool.csv,True,63,case_id|route_folder|candidate_way_id|osm_way_id|name|highway|highway_norm|route_role|segment_len_m|distance_to_gpx_m|overlap_len_m|overlap_ratio|semantic_score|distance_score|match_score|selected|geometry_type|coordinates_count|source_geojson|source_stage,route_semantic_context_not_fork_inventory,False,"Route semantic, surface, guidepost, facility, trail, path, road, or way context exists, but it is not a governed fork/decision point inventory."
outputs\ib0_candidate_route_pool_v1_qixing_lengshuikeng_rc\qixing_lengshuikeng\candidate_way_pool.geojson,True,63,activity_buffer_fetch_m|activity_buffer_match_m|activity_fp|activity_source|activity_type|candidate_route_id|candidate_way_id|case_id|distance_score|distance_to_activity_m|distance_to_gpx_m|gpx_buffer_fetch_m|gpx_buffer_match_m|gpx_source|highway|highway_norm|ia1_dataset_id|ia1_snapshot_tag|ia1_version|match_score|match_score_threshold|max_distance_m|min_overlap_ratio|name|osm_element_type|osm_id|osm_source|osm_way_id|overlap_len_m|overlap_ratio|pipeline_stage|route_folder|route_id|route_role|segment_len_m|selected|semantic_score|source_geojson|source_stage,route_semantic_context_not_fork_inventory,False,"Route semantic, surface, guidepost, facility, trail, path, road, or way context exists, but it is not a governed fork/decision point inventory."
outputs\ib0b_mainline\juansi_waterfall_fitcsv_20260503\juansi_waterfall_fitcsv_20260503_mainline.geojson,True,46,ab_mode|activity_fp|activity_name|activity_source|activity_type|approach_max_distance_m|approach_min_match_score|approach_min_overlap_ratio|case_id|case_name|distance_score|distance_to_gpx_m|gpx_buffer_fetch_m|gpx_buffer_match_m|gpx_source|highway|highway_norm|ia1_dataset_id|ia1_snapshot_tag|ia1_version|ib0a_input_source|input_stage|mainline_role|match_score|match_score_threshold|max_distance_m|min_overlap_ratio|name|osm_element_type|osm_id|osm_source|osm_way_id|other_max_distance_m|other_min_match_score|other_min_overlap_ratio|overlap_len_m|overlap_ratio|pipeline_stage|pipeline_stage_ib0a|prune_keep|route_id|route_role|segment_len_m|selected|semantic_score|trail_max_distance_m|trail_min_match_score|trail_min_overlap_ratio|trail_near_distance_keep_m|trail_near_min_match_score|trail_near_min_overlap_ratio|trail_near_min_segment_len_m,route_semantic_context_not_fork_inventory,False,"Route semantic, surface, guidepost, facility, trail, path, road, or way context exists, but it is not a governed fork/decision point inventory."
outputs\ib0b_mainline\juansi_waterfall_fitcsv_20260503\juansi_waterfall_fitcsv_20260503_mainline_debug_segments_ib0_matched.csv,True,46,route_id|case_id|case_name|activity_type|activity_name|activity_fp|ia1_version|ia1_dataset_id|ia1_snapshot_tag|input_stage|ab_mode|osm_way_id|name|highway_norm|route_role|mainline_role|distance_to_gpx_m|overlap_ratio|match_score,route_semantic_context_not_fork_inventory,False,"Route semantic, surface, guidepost, facility, trail, path, road, or way context exists, but it is not a governed fork/decision point inventory."
outputs\ib0b_mainline\juansi_waterfall_fitcsv_20260503\juansi_waterfall_fitcsv_20260503_mainline_debug_segments_ib0a_pruned.csv,True,46,route_id|case_id|case_name|activity_type|activity_name|activity_fp|ia1_version|ia1_dataset_id|ia1_snapshot_tag|input_stage|ab_mode|osm_way_id|name|highway_norm|route_role|mainline_role|distance_to_gpx_m|overlap_ratio|match_score,route_semantic_context_not_fork_inventory,False,"Route semantic, surface, guidepost, facility, trail, path, road, or way context exists, but it is not a governed fork/decision point inventory."
outputs\ib0b_mainline\juansi_waterfall_fitcsv_20260503\juansi_waterfall_fitcsv_20260503_mainline_ib0_matched.geojson,True,46,ab_mode|activity_fp|activity_name|activity_source|activity_type|case_id|case_name|distance_score|distance_to_gpx_m|gpx_buffer_fetch_m|gpx_buffer_match_m|gpx_source|highway|highway_norm|ia1_dataset_id|ia1_snapshot_tag|ia1_version|input_stage|mainline_role|match_score|match_score_threshold|max_distance_m|min_overlap_ratio|name|osm_element_type|osm_id|osm_source|osm_way_id|overlap_len_m|overlap_ratio|pipeline_stage|route_id|route_role|segment_len_m|selected|semantic_score,route_semantic_context_not_fork_inventory,False,"Route semantic, surface, guidepost, facility, trail, path, road, or way context exists, but it is not a governed fork/decision point inventory."
outputs\ib0b_mainline\juansi_waterfall_fitcsv_20260503\juansi_waterfall_fitcsv_20260503_mainline_ib0a_pruned.geojson,True,46,ab_mode|activity_fp|activity_name|activity_source|activity_type|approach_max_distance_m|approach_min_match_score|approach_min_overlap_ratio|case_id|case_name|distance_score|distance_to_gpx_m|gpx_buffer_fetch_m|gpx_buffer_match_m|gpx_source|highway|highway_norm|ia1_dataset_id|ia1_snapshot_tag|ia1_version|ib0a_input_source|input_stage|mainline_role|match_score|match_score_threshold|max_distance_m|min_overlap_ratio|name|osm_element_type|osm_id|osm_source|osm_way_id|other_max_distance_m|other_min_match_score|other_min_overlap_ratio|overlap_len_m|overlap_ratio|pipeline_stage|pipeline_stage_ib0a|prune_keep|route_id|route_role|segment_len_m|selected|semantic_score|trail_max_distance_m|trail_min_match_score|trail_min_overlap_ratio|trail_near_distance_keep_m|trail_near_min_match_score|trail_near_min_overlap_ratio|trail_near_min_segment_len_m,route_semantic_context_not_fork_inventory,False,"Route semantic, surface, guidepost, facility, trail, path, road, or way context exists, but it is not a governed fork/decision point inventory."
outputs\ib0b_mainline\juansi_waterfall_fitcsv_20260503\juansi_waterfall_fitcsv_20260503_mainline_ordered_path.geojson,True,1,ab_mode|activity_fp|activity_name|activity_type|analysis_unit|case_id|case_name|ia1_dataset_id|ia1_snapshot_tag|ia1_version|input_stage|length_m|path_node_n|route_id|source,route_semantic_context_not_fork_inventory,False,"Route semantic, surface, guidepost, facility, trail, path, road, or way context exists, but it is not a governed fork/decision point inventory."
outputs\ib0b_mainline\juansi_waterfall_fitcsv_20260503\juansi_waterfall_fitcsv_20260503_mainline_ordered_path_ib0_matched.geojson,True,1,ab_mode|activity_fp|activity_name|activity_type|analysis_unit|case_id|case_name|ia1_dataset_id|ia1_snapshot_tag|ia1_version|input_stage|length_m|path_node_n|route_id|source,route_semantic_context_not_fork_inventory,False,"Route semantic, surface, guidepost, facility, trail, path, road, or way context exists, but it is not a governed fork/decision point inventory."
outputs\ib0b_mainline\juansi_waterfall_fitcsv_20260503\juansi_waterfall_fitcsv_20260503_mainline_ordered_path_ib0a_pruned.geojson,True,1,ab_mode|activity_fp|activity_name|activity_type|analysis_unit|case_id|case_name|ia1_dataset_id|ia1_snapshot_tag|ia1_version|input_stage|length_m|path_node_n|route_id|source,route_semantic_context_not_fork_inventory,False,"Route semantic, surface, guidepost, facility, trail, path, road, or way context exists, but it is not a governed fork/decision point inventory."
outputs\ib0b_mainline\qixing_lengshuikeng_main_peak_20260523\qixing_lengshuikeng_main_peak_20260523_mainline_debug_segments_ib0_candidates.csv,True,28,route_id|case_id|case_name|activity_type|activity_name|activity_fp|ia1_version|ia1_dataset_id|ia1_snapshot_tag|input_stage|ab_mode|route_definition_mode|control_points_fp|osm_way_id|name|highway_norm|route_role|mainline_role|required_way_match|distance_to_gpx_m|overlap_ratio|match_score,route_semantic_context_not_fork_inventory,False,"Route semantic, surface, guidepost, facility, trail, path, road, or way context exists, but it is not a governed fork/decision point inventory."
outputs\ib0b_mainline\qixing_lengshuikeng_main_peak_20260523\qixing_lengshuikeng_main_peak_20260523_mainline_debug_segments_ib0_matched.csv,True,28,route_id|case_id|case_name|activity_type|activity_name|activity_fp|ia1_version|ia1_dataset_id|ia1_snapshot_tag|input_stage|ab_mode|osm_way_id|name|highway_norm|route_role|mainline_role|distance_to_gpx_m|overlap_ratio|match_score,route_semantic_context_not_fork_inventory,False,"Route semantic, surface, guidepost, facility, trail, path, road, or way context exists, but it is not a governed fork/decision point inventory."
outputs\ib0b_mainline\qixing_lengshuikeng_main_peak_20260523\qixing_lengshuikeng_main_peak_20260523_mainline_ib0_candidates.geojson,True,28,ab_mode|activity_buffer_fetch_m|activity_buffer_match_m|activity_fp|activity_name|activity_source|activity_type|case_id|case_name|control_points_fp|distance_score|distance_to_activity_m|distance_to_gpx_m|gpx_buffer_fetch_m|gpx_buffer_match_m|gpx_source|highway|highway_norm|ia1_dataset_id|ia1_snapshot_tag|ia1_version|input_stage|mainline_role|match_score|match_score_threshold|max_distance_m|min_overlap_ratio|name|osm_element_type|osm_id|osm_source|osm_way_id|overlap_len_m|overlap_ratio|pipeline_stage|required_way_match|route_definition_mode|route_id|route_role|segment_len_m|selected|semantic_score,route_semantic_context_not_fork_inventory,False,"Route semantic, surface, guidepost, facility, trail, path, road, or way context exists, but it is not a governed fork/decision point inventory."
outputs\ib0b_mainline\qixing_lengshuikeng_main_peak_20260523\qixing_lengshuikeng_main_peak_20260523_mainline_ib0_matched.geojson,True,28,ab_mode|activity_buffer_fetch_m|activity_buffer_match_m|activity_fp|activity_name|activity_source|activity_type|case_id|case_name|distance_score|distance_to_activity_m|distance_to_gpx_m|gpx_buffer_fetch_m|gpx_buffer_match_m|gpx_source|highway|highway_norm|ia1_dataset_id|ia1_snapshot_tag|ia1_version|input_stage|mainline_role|match_score|match_score_threshold|max_distance_m|min_overlap_ratio|name|osm_element_type|osm_id|osm_source|osm_way_id|overlap_len_m|overlap_ratio|pipeline_stage|route_id|route_role|segment_len_m|selected|semantic_score,route_semantic_context_not_fork_inventory,False,"Route semantic, surface, guidepost, facility, trail, path, road, or way context exists, but it is not a governed fork/decision point inventory."
outputs\ib0b_mainline\qixing_lengshuikeng_main_peak_20260523\qixing_lengshuikeng_main_peak_20260523_mainline_ordered_path_ib0_candidates.geojson,True,1,ab_mode|activity_fp|activity_name|activity_type|analysis_unit|anchor_source_mode|case_id|case_name|control_points_fp|ia1_dataset_id|ia1_snapshot_tag|ia1_version|input_stage|length_m|path_node_n|route_definition_mode|route_id|source,route_semantic_context_not_fork_inventory,False,"Route semantic, surface, guidepost, facility, trail, path, road, or way context exists, but it is not a governed fork/decision point inventory."
outputs\ib0b_mainline\qixing_lengshuikeng_main_peak_20260523\qixing_lengshuikeng_main_peak_20260523_mainline_ordered_path_ib0_matched.geojson,True,1,ab_mode|activity_fp|activity_name|activity_type|analysis_unit|anchor_source_mode|case_id|case_name|ia1_dataset_id|ia1_snapshot_tag|ia1_version|input_stage|length_m|path_node_n|route_id|source,route_semantic_context_not_fork_inventory,False,"Route semantic, surface, guidepost, facility, trail, path, road, or way context exists, but it is not a governed fork/decision point inventory."
outputs\ib0b_mainline\qixing_lengshuikeng_main_peak_20260523\qixing_lengshuikeng_main_peak_20260523_mainline_required_way_qa_ib0_candidates.csv,True,2,case_id|input_stage|ab_mode|control_id|control_role|name|required_way_id|projection_offset_to_osm_m|projection_ok|required_way_in_input|required_way_in_mainline|matched_id_text|highway|name_osm,route_semantic_context_not_fork_inventory,False,"Route semantic, surface, guidepost, facility, trail, path, road, or way context exists, but it is not a governed fork/decision point inventory."
outputs\ib0b_mainline\qixing_xiaoyoukeng_main_peak_20260315\qixing_xiaoyoukeng_main_peak_20260315_mainline_debug_segments_ib0_matched.csv,True,27,route_id|case_id|case_name|activity_type|activity_name|activity_fp|ia1_version|ia1_dataset_id|ia1_snapshot_tag|input_stage|ab_mode|osm_way_id|name|highway_norm|route_role|mainline_role|distance_to_gpx_m|overlap_ratio|match_score,route_semantic_context_not_fork_inventory,False,"Route semantic, surface, guidepost, facility, trail, path, road, or way context exists, but it is not a governed fork/decision point inventory."
outputs\ib0b_mainline\qixing_xiaoyoukeng_main_peak_20260315\qixing_xiaoyoukeng_main_peak_20260315_mainline_ib0_matched.geojson,True,27,ab_mode|activity_buffer_fetch_m|activity_buffer_match_m|activity_fp|activity_name|activity_source|activity_type|case_id|case_name|distance_score|distance_to_activity_m|distance_to_gpx_m|gpx_buffer_fetch_m|gpx_buffer_match_m|gpx_source|highway|highway_norm|ia1_dataset_id|ia1_snapshot_tag|ia1_version|input_stage|mainline_role|match_score|match_score_threshold|max_distance_m|min_overlap_ratio|name|osm_element_type|osm_id|osm_source|osm_way_id|overlap_len_m|overlap_ratio|pipeline_stage|route_id|route_role|segment_len_m|selected|semantic_score,route_semantic_context_not_fork_inventory,False,"Route semantic, surface, guidepost, facility, trail, path, road, or way context exists, but it is not a governed fork/decision point inventory."
outputs\ib0b_mainline\qixing_xiaoyoukeng_main_peak_20260315\qixing_xiaoyoukeng_main_peak_20260315_mainline_ordered_path_ib0_matched.geojson,True,1,ab_mode|activity_fp|activity_name|activity_type|analysis_unit|anchor_source_mode|case_id|case_name|ia1_dataset_id|ia1_snapshot_tag|ia1_version|input_stage|length_m|path_node_n|route_id|source,route_semantic_context_not_fork_inventory,False,"Route semantic, surface, guidepost, facility, trail, path, road, or way context exists, but it is not a governed fork/decision point inventory."
outputs\ib0b_mainline\zhonghua_ust_jiuwufeng_roundtrip_biji\zhonghua_ust_jiuwufeng_roundtrip_biji_mainline.geojson,True,43,ab_mode|activity_buffer_fetch_m|activity_buffer_match_m|activity_fp|activity_name|activity_source|activity_type|case_id|case_name|distance_score|distance_to_activity_m|distance_to_gpx_m|gpx_buffer_fetch_m|gpx_buffer_match_m|gpx_source|highway|highway_norm|ia1_dataset_id|ia1_snapshot_tag|ia1_version|input_stage|mainline_role|match_score|match_score_threshold|max_distance_m|min_overlap_ratio|name|osm_element_type|osm_id|osm_source|osm_way_id|overlap_len_m|overlap_ratio|pipeline_stage|route_id|route_role|segment_len_m|selected|semantic_score,route_semantic_context_not_fork_inventory,False,"Route semantic, surface, guidepost, facility, trail, path, road, or way context exists, but it is not a governed fork/decision point inventory."
outputs\ib0b_mainline\zhonghua_ust_jiuwufeng_roundtrip_biji\zhonghua_ust_jiuwufeng_roundtrip_biji_mainline_debug_segments_ib0_matched.csv,True,43,route_id|case_id|case_name|activity_type|activity_name|activity_fp|ia1_version|ia1_dataset_id|ia1_snapshot_tag|input_stage|ab_mode|osm_way_id|name|highway_norm|route_role|mainline_role|distance_to_gpx_m|overlap_ratio|match_score,route_semantic_context_not_fork_inventory,False,"Route semantic, surface, guidepost, facility, trail, path, road, or way context exists, but it is not a governed fork/decision point inventory."
outputs\ib0b_mainline\zhonghua_ust_jiuwufeng_roundtrip_biji\zhonghua_ust_jiuwufeng_roundtrip_biji_mainline_ib0_matched.geojson,True,43,ab_mode|activity_buffer_fetch_m|activity_buffer_match_m|activity_fp|activity_name|activity_source|activity_type|case_id|case_name|distance_score|distance_to_activity_m|distance_to_gpx_m|gpx_buffer_fetch_m|gpx_buffer_match_m|gpx_source|highway|highway_norm|ia1_dataset_id|ia1_snapshot_tag|ia1_version|input_stage|mainline_role|match_score|match_score_threshold|max_distance_m|min_overlap_ratio|name|osm_element_type|osm_id|osm_source|osm_way_id|overlap_len_m|overlap_ratio|pipeline_stage|route_id|route_role|segment_len_m|selected|semantic_score,route_semantic_context_not_fork_inventory,False,"Route semantic, surface, guidepost, facility, trail, path, road, or way context exists, but it is not a governed fork/decision point inventory."
outputs\ib0b_mainline\zhonghua_ust_jiuwufeng_roundtrip_biji\zhonghua_ust_jiuwufeng_roundtrip_biji_mainline_ordered_path.geojson,True,1,ab_mode|activity_fp|activity_name|activity_type|analysis_unit|anchor_source_mode|case_id|case_name|ia1_dataset_id|ia1_snapshot_tag|ia1_version|input_stage|length_m|path_node_n|route_id|source,route_semantic_context_not_fork_inventory,False,"Route semantic, surface, guidepost, facility, trail, path, road, or way context exists, but it is not a governed fork/decision point inventory."
outputs\ib0b_mainline\zhonghua_ust_jiuwufeng_roundtrip_biji\zhonghua_ust_jiuwufeng_roundtrip_biji_mainline_ordered_path_ib0_matched.geojson,True,1,ab_mode|activity_fp|activity_name|activity_type|analysis_unit|anchor_source_mode|case_id|case_name|ia1_dataset_id|ia1_snapshot_tag|ia1_version|input_stage|length_m|path_node_n|route_id|source,route_semantic_context_not_fork_inventory,False,"Route semantic, surface, guidepost, facility, trail, path, road, or way context exists, but it is not a governed fork/decision point inventory."
outputs\ib0b_mainline_control_point_constrained\qixing_lengshuikeng_main_peak_20260523\qixing_lengshuikeng_main_peak_20260523_mainline_debug_segments_ib0_matched.csv,True,27,route_id|case_id|case_name|activity_type|activity_name|activity_fp|ia1_version|ia1_dataset_id|ia1_snapshot_tag|input_stage|ab_mode|route_definition_mode|control_points_fp|osm_way_id|name|highway_norm|route_role|mainline_role|required_way_match|distance_to_gpx_m|overlap_ratio|match_score,route_semantic_context_not_fork_inventory,False,"Route semantic, surface, guidepost, facility, trail, path, road, or way context exists, but it is not a governed fork/decision point inventory."
outputs\ib0b_mainline_control_point_constrained\qixing_lengshuikeng_main_peak_20260523\qixing_lengshuikeng_main_peak_20260523_mainline_ib0_matched.geojson,True,27,ab_mode|activity_buffer_fetch_m|activity_buffer_match_m|activity_fp|activity_name|activity_source|activity_type|case_id|case_name|control_points_fp|distance_score|distance_to_activity_m|distance_to_gpx_m|gpx_buffer_fetch_m|gpx_buffer_match_m|gpx_source|highway|highway_norm|ia1_dataset_id|ia1_snapshot_tag|ia1_version|input_stage|mainline_role|match_score|match_score_threshold|max_distance_m|min_overlap_ratio|name|osm_element_type|osm_id|osm_source|osm_way_id|overlap_len_m|overlap_ratio|pipeline_stage|required_way_match|route_definition_mode|route_id|route_role|segment_len_m|selected|semantic_score,route_semantic_context_not_fork_inventory,False,"Route semantic, surface, guidepost, facility, trail, path, road, or way context exists, but it is not a governed fork/decision point inventory."
outputs\ib0b_mainline_control_point_constrained\qixing_lengshuikeng_main_peak_20260523\qixing_lengshuikeng_main_peak_20260523_mainline_ordered_path_ib0_matched.geojson,True,1,ab_mode|activity_fp|activity_name|activity_type|analysis_unit|anchor_source_mode|case_id|case_name|control_points_fp|ia1_dataset_id|ia1_snapshot_tag|ia1_version|input_stage|length_m|path_node_n|route_definition_mode|route_id|source,route_semantic_context_not_fork_inventory,False,"Route semantic, surface, guidepost, facility, trail, path, road, or way context exists, but it is not a governed fork/decision point inventory."
outputs\ib0b_mainline_control_point_constrained\qixing_lengshuikeng_main_peak_20260523\qixing_lengshuikeng_main_peak_20260523_mainline_required_way_qa_ib0_matched.csv,True,2,case_id|input_stage|ab_mode|control_id|control_role|name|required_way_id|projection_offset_to_osm_m|projection_ok|required_way_in_input|required_way_in_mainline|matched_id_text|highway|name_osm,route_semantic_context_not_fork_inventory,False,"Route semantic, surface, guidepost, facility, trail, path, road, or way context exists, but it is not a governed fork/decision point inventory."
outputs\ib0b_mainline_control_point_constrained_v1_1\qixing_lengshuikeng_main_peak_20260523\qixing_lengshuikeng_main_peak_20260523_mainline_debug_segments_ib0_candidates.csv,True,27,route_id|case_id|case_name|activity_type|activity_name|activity_fp|ia1_version|ia1_dataset_id|ia1_snapshot_tag|input_stage|ab_mode|route_definition_mode|control_points_fp|osm_way_id|name|highway_norm|route_role|mainline_role|required_way_match|distance_to_gpx_m|overlap_ratio|match_score,route_semantic_context_not_fork_inventory,False,"Route semantic, surface, guidepost, facility, trail, path, road, or way context exists, but it is not a governed fork/decision point inventory."
outputs\ib0b_mainline_control_point_constrained_v1_1\qixing_lengshuikeng_main_peak_20260523\qixing_lengshuikeng_main_peak_20260523_mainline_ib0_candidates.geojson,True,27,ab_mode|activity_buffer_fetch_m|activity_buffer_match_m|activity_fp|activity_name|activity_source|activity_type|case_id|case_name|control_points_fp|distance_score|distance_to_activity_m|distance_to_gpx_m|gpx_buffer_fetch_m|gpx_buffer_match_m|gpx_source|highway|highway_norm|ia1_dataset_id|ia1_snapshot_tag|ia1_version|input_stage|mainline_role|match_score|match_score_threshold|max_distance_m|min_overlap_ratio|name|osm_element_type|osm_id|osm_source|osm_way_id|overlap_len_m|overlap_ratio|pipeline_stage|required_way_match|route_definition_mode|route_id|route_role|segment_len_m|selected|semantic_score,route_semantic_context_not_fork_inventory,False,"Route semantic, surface, guidepost, facility, trail, path, road, or way context exists, but it is not a governed fork/decision point inventory."
outputs\ib0b_mainline_control_point_constrained_v1_1\qixing_lengshuikeng_main_peak_20260523\qixing_lengshuikeng_main_peak_20260523_mainline_ordered_path_ib0_candidates.geojson,True,1,ab_mode|activity_fp|activity_name|activity_type|analysis_unit|anchor_source_mode|case_id|case_name|control_points_fp|ia1_dataset_id|ia1_snapshot_tag|ia1_version|input_stage|length_m|path_node_n|route_definition_mode|route_id|source,route_semantic_context_not_fork_inventory,False,"Route semantic, surface, guidepost, facility, trail, path, road, or way context exists, but it is not a governed fork/decision point inventory."
outputs\ib0b_mainline_control_point_constrained_v1_1\qixing_lengshuikeng_main_peak_20260523\qixing_lengshuikeng_main_peak_20260523_mainline_required_way_qa_ib0_candidates.csv,True,2,case_id|input_stage|ab_mode|control_id|control_role|name|required_way_id|projection_offset_to_osm_m|projection_ok|required_way_in_input|required_way_in_mainline|matched_id_text|highway|name_osm,route_semantic_context_not_fork_inventory,False,"Route semantic, surface, guidepost, facility, trail, path, road, or way context exists, but it is not a governed fork/decision point inventory."
outputs\ib0b_mainline_forced_required_way_test\qixing_lengshuikeng_main_peak_20260523\qixing_lengshuikeng_main_peak_20260523_mainline_debug_segments_ib0_candidates.csv,True,28,route_id|case_id|case_name|activity_type|activity_name|activity_fp|ia1_version|ia1_dataset_id|ia1_snapshot_tag|input_stage|ab_mode|route_definition_mode|control_points_fp|osm_way_id|name|highway_norm|route_role|mainline_role|required_way_match|distance_to_gpx_m|overlap_ratio|match_score,route_semantic_context_not_fork_inventory,False,"Route semantic, surface, guidepost, facility, trail, path, road, or way context exists, but it is not a governed fork/decision point inventory."
outputs\ib0b_mainline_forced_required_way_test\qixing_lengshuikeng_main_peak_20260523\qixing_lengshuikeng_main_peak_20260523_mainline_ib0_candidates.geojson,True,28,ab_mode|activity_buffer_fetch_m|activity_buffer_match_m|activity_fp|activity_name|activity_source|activity_type|case_id|case_name|control_points_fp|distance_score|distance_to_activity_m|distance_to_gpx_m|gpx_buffer_fetch_m|gpx_buffer_match_m|gpx_source|highway|highway_norm|ia1_dataset_id|ia1_snapshot_tag|ia1_version|input_stage|mainline_role|match_score|match_score_threshold|max_distance_m|min_overlap_ratio|name|osm_element_type|osm_id|osm_source|osm_way_id|overlap_len_m|overlap_ratio|pipeline_stage|required_way_match|route_definition_mode|route_id|route_role|segment_len_m|selected|semantic_score,route_semantic_context_not_fork_inventory,False,"Route semantic, surface, guidepost, facility, trail, path, road, or way context exists, but it is not a governed fork/decision point inventory."
outputs\ib0b_mainline_forced_required_way_test\qixing_lengshuikeng_main_peak_20260523\qixing_lengshuikeng_main_peak_20260523_mainline_ordered_path_ib0_candidates.geojson,True,1,ab_mode|activity_fp|activity_name|activity_type|analysis_unit|anchor_source_mode|case_id|case_name|control_points_fp|ia1_dataset_id|ia1_snapshot_tag|ia1_version|input_stage|length_m|path_node_n|route_definition_mode|route_id|source,route_semantic_context_not_fork_inventory,False,"Route semantic, surface, guidepost, facility, trail, path, road, or way context exists, but it is not a governed fork/decision point inventory."
outputs\ib0b_mainline_forced_required_way_test\qixing_lengshuikeng_main_peak_20260523\qixing_lengshuikeng_main_peak_20260523_mainline_required_way_qa_ib0_candidates.csv,True,2,case_id|input_stage|ab_mode|control_id|control_role|name|required_way_id|projection_offset_to_osm_m|projection_ok|required_way_in_input|required_way_in_mainline|matched_id_text|highway|name_osm,route_semantic_context_not_fork_inventory,False,"Route semantic, surface, guidepost, facility, trail, path, road, or way context exists, but it is not a governed fork/decision point inventory."
outputs\ib0b_mainline_required_way_qa\qixing_lengshuikeng_main_peak_20260523\qixing_lengshuikeng_main_peak_20260523_mainline_debug_segments_ib0_matched.csv,True,28,route_id|case_id|case_name|activity_type|activity_name|activity_fp|ia1_version|ia1_dataset_id|ia1_snapshot_tag|input_stage|ab_mode|osm_way_id|name|highway_norm|route_role|mainline_role|required_way_match|distance_to_gpx_m|overlap_ratio|match_score,route_semantic_context_not_fork_inventory,False,"Route semantic, surface, guidepost, facility, trail, path, road, or way context exists, but it is not a governed fork/decision point inventory."
outputs\ib0b_mainline_required_way_qa\qixing_lengshuikeng_main_peak_20260523\qixing_lengshuikeng_main_peak_20260523_mainline_ib0_matched.geojson,True,28,ab_mode|activity_buffer_fetch_m|activity_buffer_match_m|activity_fp|activity_name|activity_source|activity_type|case_id|case_name|distance_score|distance_to_activity_m|distance_to_gpx_m|gpx_buffer_fetch_m|gpx_buffer_match_m|gpx_source|highway|highway_norm|ia1_dataset_id|ia1_snapshot_tag|ia1_version|input_stage|mainline_role|match_score|match_score_threshold|max_distance_m|min_overlap_ratio|name|osm_element_type|osm_id|osm_source|osm_way_id|overlap_len_m|overlap_ratio|pipeline_stage|required_way_match|route_id|route_role|segment_len_m|selected|semantic_score,route_semantic_context_not_fork_inventory,False,"Route semantic, surface, guidepost, facility, trail, path, road, or way context exists, but it is not a governed fork/decision point inventory."
outputs\ib0b_mainline_required_way_qa\qixing_lengshuikeng_main_peak_20260523\qixing_lengshuikeng_main_peak_20260523_mainline_ordered_path_ib0_matched.geojson,True,1,ab_mode|activity_fp|activity_name|activity_type|analysis_unit|anchor_source_mode|case_id|case_name|ia1_dataset_id|ia1_snapshot_tag|ia1_version|input_stage|length_m|path_node_n|route_id|source,route_semantic_context_not_fork_inventory,False,"Route semantic, surface, guidepost, facility, trail, path, road, or way context exists, but it is not a governed fork/decision point inventory."
outputs\ib0b_mainline_required_way_qa\qixing_lengshuikeng_main_peak_20260523\qixing_lengshuikeng_main_peak_20260523_mainline_required_way_qa_ib0_matched.csv,True,2,case_id|input_stage|ab_mode|control_id|control_role|name|required_way_id|projection_offset_to_osm_m|projection_ok|required_way_in_input|required_way_in_mainline|matched_id_text|highway|name_osm,route_semantic_context_not_fork_inventory,False,"Route semantic, surface, guidepost, facility, trail, path, road, or way context exists, but it is not a governed fork/decision point inventory."
outputs\ib0b_mainline_route_definition_v1_3b\qixing_lengshuikeng_main_peak_20260523_osmrefresh_v1_3b_mainline_debug_segments_ib0_candidates.csv,True,28,route_id|case_id|case_name|activity_type|activity_name|activity_fp|ia1_version|ia1_dataset_id|ia1_snapshot_tag|input_stage|ab_mode|route_definition_mode|control_points_fp|osm_way_id|name|highway_norm|route_role|mainline_role|required_way_match|distance_to_gpx_m|overlap_ratio|match_score,route_semantic_context_not_fork_inventory,False,"Route semantic, surface, guidepost, facility, trail, path, road, or way context exists, but it is not a governed fork/decision point inventory."
outputs\ib0b_mainline_route_definition_v1_3b\qixing_lengshuikeng_main_peak_20260523_osmrefresh_v1_3b_mainline_ib0_candidates.geojson,True,28,ab_mode|activity_buffer_fetch_m|activity_buffer_match_m|activity_fp|activity_name|activity_source|activity_type|case_id|case_name|control_points_fp|distance_score|distance_to_activity_m|distance_to_gpx_m|gpx_buffer_fetch_m|gpx_buffer_match_m|gpx_source|highway|highway_norm|ia1_dataset_id|ia1_snapshot_tag|ia1_version|input_stage|mainline_role|match_score|match_score_threshold|max_distance_m|min_overlap_ratio|name|osm_element_type|osm_id|osm_source|osm_way_id|overlap_len_m|overlap_ratio|pipeline_stage|required_way_match|route_definition_mode|route_id|route_role|segment_len_m|selected|semantic_score,route_semantic_context_not_fork_inventory,False,"Route semantic, surface, guidepost, facility, trail, path, road, or way context exists, but it is not a governed fork/decision point inventory."
outputs\ib0b_mainline_route_definition_v1_3b\qixing_lengshuikeng_main_peak_20260523_osmrefresh_v1_3b_mainline_ordered_path_ib0_candidates.geojson,True,1,ab_mode|activity_fp|activity_name|activity_type|analysis_unit|anchor_source_mode|case_id|case_name|control_points_fp|ia1_dataset_id|ia1_snapshot_tag|ia1_version|input_stage|length_m|path_node_n|route_definition_mode|route_id|source,route_semantic_context_not_fork_inventory,False,"Route semantic, surface, guidepost, facility, trail, path, road, or way context exists, but it is not a governed fork/decision point inventory."
outputs\ib0b_mainline_route_definition_v1_3b\qixing_lengshuikeng_main_peak_20260523_osmrefresh_v1_3b_mainline_required_way_qa_ib0_candidates.csv,True,2,case_id|input_stage|ab_mode|control_id|control_role|name|required_way_id|projection_offset_to_osm_m|projection_ok|required_way_in_input|required_way_in_mainline|matched_id_text|highway|name_osm,route_semantic_context_not_fork_inventory,False,"Route semantic, surface, guidepost, facility, trail, path, road, or way context exists, but it is not a governed fork/decision point inventory."
outputs\ib0b_mainline_route_definition_v1_3b\qixing_lengshuikeng_main_peak_20260523_osmrefresh_v1_3b_route_definition_control_points_used_ib0_candidates.csv,True,5,case_id|control_id|control_role|phase|name|lat|lon|required|order|route_action|note|projection_ok|projection_offset_to_osm_m|matched_id_text|osm_way_id_current|osm_id_current|highway|name_osm|route_role|match_score|overlap_ratio|projected_lat|projected_lon|projected_route_dist_m|nearest_ordered_path_offset_m|ordered_path_length_m|included_in_required_way|projection_method|search_window_start_m|search_window_end_m|route_point_warning,route_semantic_context_not_fork_inventory,False,"Route semantic, surface, guidepost, facility, trail, path, road, or way context exists, but it is not a governed fork/decision point inventory."
outputs\ib0b_mainline_route_definition_v1_3b\qixing_lengshuikeng_main_peak_20260523_osmrefresh_v1_3b_route_definition_control_points_used_ib0_candidates.geojson,True,5,case_id|control_id|control_role|highway|included_in_required_way|lat|lon|match_score|matched_id_text|name|name_osm|nearest_ordered_path_offset_m|note|order|ordered_path_length_m|osm_id_current|osm_way_id_current|overlap_ratio|phase|projected_lat|projected_lon|projected_route_dist_m|projection_method|projection_offset_to_osm_m|projection_ok|required|route_action|route_point_warning|route_role|search_window_end_m|search_window_start_m,route_semantic_context_not_fork_inventory,False,"Route semantic, surface, guidepost, facility, trail, path, road, or way context exists, but it is not a governed fork/decision point inventory."
outputs\ib0b_mainline_route_definition_v1_3b\qixing_xiaoyoukeng_main_peak_20260315_osmrefresh_v1_3b_mainline_debug_segments_ib0_candidates.csv,True,21,route_id|case_id|case_name|activity_type|activity_name|activity_fp|ia1_version|ia1_dataset_id|ia1_snapshot_tag|input_stage|ab_mode|route_definition_mode|control_points_fp|osm_way_id|name|highway_norm|route_role|mainline_role|required_way_match|distance_to_gpx_m|overlap_ratio|match_score,route_semantic_context_not_fork_inventory,False,"Route semantic, surface, guidepost, facility, trail, path, road, or way context exists, but it is not a governed fork/decision point inventory."
outputs\ib0b_mainline_route_definition_v1_3b\qixing_xiaoyoukeng_main_peak_20260315_osmrefresh_v1_3b_mainline_ib0_candidates.geojson,True,21,ab_mode|activity_buffer_fetch_m|activity_buffer_match_m|activity_fp|activity_name|activity_source|activity_type|case_id|case_name|control_points_fp|distance_score|distance_to_activity_m|distance_to_gpx_m|gpx_buffer_fetch_m|gpx_buffer_match_m|gpx_source|highway|highway_norm|ia1_dataset_id|ia1_snapshot_tag|ia1_version|input_stage|mainline_role|match_score|match_score_threshold|max_distance_m|min_overlap_ratio|name|osm_element_type|osm_id|osm_source|osm_way_id|overlap_len_m|overlap_ratio|pipeline_stage|required_way_match|route_definition_mode|route_id|route_role|segment_len_m|selected|semantic_score,route_semantic_context_not_fork_inventory,False,"Route semantic, surface, guidepost, facility, trail, path, road, or way context exists, but it is not a governed fork/decision point inventory."
outputs\ib0b_mainline_route_definition_v1_3b\qixing_xiaoyoukeng_main_peak_20260315_osmrefresh_v1_3b_mainline_ordered_path_ib0_candidates.geojson,True,1,ab_mode|activity_fp|activity_name|activity_type|analysis_unit|anchor_source_mode|case_id|case_name|control_points_fp|ia1_dataset_id|ia1_snapshot_tag|ia1_version|input_stage|length_m|path_node_n|route_definition_mode|route_id|source,route_semantic_context_not_fork_inventory,False,"Route semantic, surface, guidepost, facility, trail, path, road, or way context exists, but it is not a governed fork/decision point inventory."
outputs\ib0b_mainline_route_definition_v1_3b\qixing_xiaoyoukeng_main_peak_20260315_osmrefresh_v1_3b_mainline_required_way_qa_ib0_candidates.csv,True,6,case_id|input_stage|ab_mode|control_id|control_role|name|required_way_id|projection_offset_to_osm_m|projection_ok|required_way_in_input|required_way_in_mainline|matched_id_text|highway|name_osm,route_semantic_context_not_fork_inventory,False,"Route semantic, surface, guidepost, facility, trail, path, road, or way context exists, but it is not a governed fork/decision point inventory."
outputs\ib0b_mainline_route_definition_v1_3b\qixing_xiaoyoukeng_main_peak_20260315_osmrefresh_v1_3b_route_definition_control_points_used_ib0_candidates.csv,True,9,case_id|control_id|control_role|phase|name|lat|lon|required|order|route_action|note|projection_ok|projection_offset_to_osm_m|matched_id_text|osm_way_id_current|osm_id_current|highway|name_osm|route_role|match_score|overlap_ratio|projected_lat|projected_lon|projected_route_dist_m|nearest_ordered_path_offset_m|ordered_path_length_m|included_in_required_way|projection_method|search_window_start_m|search_window_end_m|route_point_warning,route_semantic_context_not_fork_inventory,False,"Route semantic, surface, guidepost, facility, trail, path, road, or way context exists, but it is not a governed fork/decision point inventory."
outputs\ib0b_mainline_route_definition_v1_3b\qixing_xiaoyoukeng_main_peak_20260315_osmrefresh_v1_3b_route_definition_control_points_used_ib0_candidates.geojson,True,9,case_id|control_id|control_role|highway|included_in_required_way|lat|lon|match_score|matched_id_text|name|name_osm|nearest_ordered_path_offset_m|note|order|ordered_path_length_m|osm_id_current|osm_way_id_current|overlap_ratio|phase|projected_lat|projected_lon|projected_route_dist_m|projection_method|projection_offset_to_osm_m|projection_ok|required|route_action|route_point_warning|route_role|search_window_end_m|search_window_start_m,route_semantic_context_not_fork_inventory,False,"Route semantic, surface, guidepost, facility, trail, path, road, or way context exists, but it is not a governed fork/decision point inventory."
outputs\ib0b_mainline_route_definition_v1_3b_anchor_only_retry\qixing_xiaoyoukeng_main_peak_20260315_osmrefresh_v1_3b_mainline_debug_segments_ib0_candidates.csv,True,18,route_id|case_id|case_name|activity_type|activity_name|activity_fp|ia1_version|ia1_dataset_id|ia1_snapshot_tag|input_stage|ab_mode|route_definition_mode|control_points_fp|osm_way_id|name|highway_norm|route_role|mainline_role|distance_to_gpx_m|overlap_ratio|match_score,route_semantic_context_not_fork_inventory,False,"Route semantic, surface, guidepost, facility, trail, path, road, or way context exists, but it is not a governed fork/decision point inventory."
outputs\ib0b_mainline_route_definition_v1_3b_anchor_only_retry\qixing_xiaoyoukeng_main_peak_20260315_osmrefresh_v1_3b_mainline_ib0_candidates.geojson,True,18,ab_mode|activity_buffer_fetch_m|activity_buffer_match_m|activity_fp|activity_name|activity_source|activity_type|case_id|case_name|control_points_fp|distance_score|distance_to_activity_m|distance_to_gpx_m|gpx_buffer_fetch_m|gpx_buffer_match_m|gpx_source|highway|highway_norm|ia1_dataset_id|ia1_snapshot_tag|ia1_version|input_stage|mainline_role|match_score|match_score_threshold|max_distance_m|min_overlap_ratio|name|osm_element_type|osm_id|osm_source|osm_way_id|overlap_len_m|overlap_ratio|pipeline_stage|route_definition_mode|route_id|route_role|segment_len_m|selected|semantic_score,route_semantic_context_not_fork_inventory,False,"Route semantic, surface, guidepost, facility, trail, path, road, or way context exists, but it is not a governed fork/decision point inventory."
outputs\ib0b_mainline_route_definition_v1_3b_anchor_only_retry\qixing_xiaoyoukeng_main_peak_20260315_osmrefresh_v1_3b_mainline_ordered_path_ib0_candidates.geojson,True,1,ab_mode|activity_fp|activity_name|activity_type|analysis_unit|anchor_source_mode|case_id|case_name|control_points_fp|ia1_dataset_id|ia1_snapshot_tag|ia1_version|input_stage|length_m|path_node_n|route_definition_mode|route_id|source,route_semantic_context_not_fork_inventory,False,"Route semantic, surface, guidepost, facility, trail, path, road, or way context exists, but it is not a governed fork/decision point inventory."
outputs\ib0b_mainline_route_definition_v1_3b_anchor_only_retry\qixing_xiaoyoukeng_main_peak_20260315_osmrefresh_v1_3b_route_definition_control_points_used_ib0_candidates.csv,True,9,case_id|control_id|control_role|phase|name|lat|lon|required|order|route_action|note|projection_ok|projection_offset_to_osm_m|matched_id_text|osm_way_id_current|osm_id_current|highway|name_osm|route_role|match_score|overlap_ratio|projected_lat|projected_lon|projected_route_dist_m|nearest_ordered_path_offset_m|ordered_path_length_m|included_in_required_way|projection_method|search_window_start_m|search_window_end_m|route_point_warning,route_semantic_context_not_fork_inventory,False,"Route semantic, surface, guidepost, facility, trail, path, road, or way context exists, but it is not a governed fork/decision point inventory."
outputs\ib0b_mainline_route_definition_v1_3b_anchor_only_retry\qixing_xiaoyoukeng_main_peak_20260315_osmrefresh_v1_3b_route_definition_control_points_used_ib0_candidates.geojson,True,9,case_id|control_id|control_role|highway|included_in_required_way|lat|lon|match_score|matched_id_text|name|name_osm|nearest_ordered_path_offset_m|note|order|ordered_path_length_m|osm_id_current|osm_way_id_current|overlap_ratio|phase|projected_lat|projected_lon|projected_route_dist_m|projection_method|projection_offset_to_osm_m|projection_ok|required|route_action|route_point_warning|route_role|search_window_end_m|search_window_start_m,route_semantic_context_not_fork_inventory,False,"Route semantic, surface, guidepost, facility, trail, path, road, or way context exists, but it is not a governed fork/decision point inventory."
outputs\ib0b_mainline_route_definition_v1_3b_control_points_only\juansi_waterfall_fitcsv_20260503_osmrefresh_v1_3b_mainline_debug_segments_ib0_candidates.csv,True,39,route_id|case_id|case_name|activity_type|activity_name|activity_fp|ia1_version|ia1_dataset_id|ia1_snapshot_tag|input_stage|ab_mode|route_definition_mode|control_points_fp|osm_way_id|name|highway_norm|route_role|mainline_role|distance_to_gpx_m|overlap_ratio|match_score,route_semantic_context_not_fork_inventory,False,"Route semantic, surface, guidepost, facility, trail, path, road, or way context exists, but it is not a governed fork/decision point inventory."
outputs\ib0b_mainline_route_definition_v1_3b_control_points_only\juansi_waterfall_fitcsv_20260503_osmrefresh_v1_3b_mainline_ib0_candidates.geojson,True,39,ab_mode|activity_buffer_fetch_m|activity_buffer_match_m|activity_fp|activity_name|activity_source|activity_type|case_id|case_name|control_points_fp|distance_score|distance_to_activity_m|distance_to_gpx_m|gpx_buffer_fetch_m|gpx_buffer_match_m|gpx_source|highway|highway_norm|ia1_dataset_id|ia1_snapshot_tag|ia1_version|input_stage|mainline_role|match_score|match_score_threshold|max_distance_m|min_overlap_ratio|name|osm_element_type|osm_id|osm_source|osm_way_id|overlap_len_m|overlap_ratio|pipeline_stage|route_definition_mode|route_id|route_role|segment_len_m|selected|semantic_score,route_semantic_context_not_fork_inventory,False,"Route semantic, surface, guidepost, facility, trail, path, road, or way context exists, but it is not a governed fork/decision point inventory."
outputs\ib0b_mainline_route_definition_v1_3b_control_points_only\juansi_waterfall_fitcsv_20260503_osmrefresh_v1_3b_mainline_ordered_path_ib0_candidates.geojson,True,1,ab_mode|activity_fp|activity_name|activity_type|analysis_unit|anchor_source_mode|case_id|case_name|control_points_fp|ia1_dataset_id|ia1_snapshot_tag|ia1_version|input_stage|length_m|path_node_n|route_definition_mode|route_id|source,route_semantic_context_not_fork_inventory,False,"Route semantic, surface, guidepost, facility, trail, path, road, or way context exists, but it is not a governed fork/decision point inventory."
outputs\ib0b_mainline_route_definition_v1_3b_control_points_only\juansi_waterfall_fitcsv_20260503_osmrefresh_v1_3b_route_definition_control_points_used_ib0_candidates.csv,True,3,case_id|control_id|control_role|phase|name|lat|lon|required|order|route_action|note|projection_ok|projection_offset_to_osm_m|matched_id_text|osm_way_id_current|osm_id_current|highway|name_osm|route_role|match_score|overlap_ratio|projected_lat|projected_lon|projected_route_dist_m|nearest_ordered_path_offset_m|ordered_path_length_m|included_in_required_way|projection_method|search_window_start_m|search_window_end_m|route_point_warning,route_semantic_context_not_fork_inventory,False,"Route semantic, surface, guidepost, facility, trail, path, road, or way context exists, but it is not a governed fork/decision point inventory."
outputs\ib0b_mainline_route_definition_v1_3b_control_points_only\juansi_waterfall_fitcsv_20260503_osmrefresh_v1_3b_route_definition_control_points_used_ib0_candidates.geojson,True,3,case_id|control_id|control_role|highway|included_in_required_way|lat|lon|match_score|matched_id_text|name|name_osm|nearest_ordered_path_offset_m|note|order|ordered_path_length_m|osm_id_current|osm_way_id_current|overlap_ratio|phase|projected_lat|projected_lon|projected_route_dist_m|projection_method|projection_offset_to_osm_m|projection_ok|required|route_action|route_point_warning|route_role|search_window_end_m|search_window_start_m,route_semantic_context_not_fork_inventory,False,"Route semantic, surface, guidepost, facility, trail, path, road, or way context exists, but it is not a governed fork/decision point inventory."
outputs\ib0b_mainline_route_definition_v1_3b_control_points_only\qixing_lengshuikeng_main_peak_20260523_osmrefresh_v1_3b_mainline_debug_segments_ib0_candidates.csv,True,28,route_id|case_id|case_name|activity_type|activity_name|activity_fp|ia1_version|ia1_dataset_id|ia1_snapshot_tag|input_stage|ab_mode|route_definition_mode|control_points_fp|osm_way_id|name|highway_norm|route_role|mainline_role|required_way_match|distance_to_gpx_m|overlap_ratio|match_score,route_semantic_context_not_fork_inventory,False,"Route semantic, surface, guidepost, facility, trail, path, road, or way context exists, but it is not a governed fork/decision point inventory."
outputs\ib0b_mainline_route_definition_v1_3b_control_points_only\qixing_lengshuikeng_main_peak_20260523_osmrefresh_v1_3b_mainline_ib0_candidates.geojson,True,28,ab_mode|activity_buffer_fetch_m|activity_buffer_match_m|activity_fp|activity_name|activity_source|activity_type|case_id|case_name|control_points_fp|distance_score|distance_to_activity_m|distance_to_gpx_m|gpx_buffer_fetch_m|gpx_buffer_match_m|gpx_source|highway|highway_norm|ia1_dataset_id|ia1_snapshot_tag|ia1_version|input_stage|mainline_role|match_score|match_score_threshold|max_distance_m|min_overlap_ratio|name|osm_element_type|osm_id|osm_source|osm_way_id|overlap_len_m|overlap_ratio|pipeline_stage|required_way_match|route_definition_mode|route_id|route_role|segment_len_m|selected|semantic_score,route_semantic_context_not_fork_inventory,False,"Route semantic, surface, guidepost, facility, trail, path, road, or way context exists, but it is not a governed fork/decision point inventory."
outputs\ib0b_mainline_route_definition_v1_3b_control_points_only\qixing_lengshuikeng_main_peak_20260523_osmrefresh_v1_3b_mainline_ordered_path_ib0_candidates.geojson,True,1,ab_mode|activity_fp|activity_name|activity_type|analysis_unit|anchor_source_mode|case_id|case_name|control_points_fp|ia1_dataset_id|ia1_snapshot_tag|ia1_version|input_stage|length_m|path_node_n|route_definition_mode|route_id|source,route_semantic_context_not_fork_inventory,False,"Route semantic, surface, guidepost, facility, trail, path, road, or way context exists, but it is not a governed fork/decision point inventory."
outputs\ib0b_mainline_route_definition_v1_3b_control_points_only\qixing_lengshuikeng_main_peak_20260523_osmrefresh_v1_3b_mainline_required_way_qa_ib0_candidates.csv,True,2,case_id|input_stage|ab_mode|control_id|control_role|name|required_way_id|projection_offset_to_osm_m|projection_ok|required_way_in_input|required_way_in_mainline|matched_id_text|highway|name_osm,route_semantic_context_not_fork_inventory,False,"Route semantic, surface, guidepost, facility, trail, path, road, or way context exists, but it is not a governed fork/decision point inventory."
outputs\ib0b_mainline_route_definition_v1_3b_control_points_only\qixing_lengshuikeng_main_peak_20260523_osmrefresh_v1_3b_route_definition_control_points_used_ib0_candidates.csv,True,5,case_id|control_id|control_role|phase|name|lat|lon|required|order|route_action|note|projection_ok|projection_offset_to_osm_m|matched_id_text|osm_way_id_current|osm_id_current|highway|name_osm|route_role|match_score|overlap_ratio|projected_lat|projected_lon|projected_route_dist_m|nearest_ordered_path_offset_m|ordered_path_length_m|included_in_required_way|projection_method|search_window_start_m|search_window_end_m|route_point_warning,route_semantic_context_not_fork_inventory,False,"Route semantic, surface, guidepost, facility, trail, path, road, or way context exists, but it is not a governed fork/decision point inventory."
outputs\ib0b_mainline_route_definition_v1_3b_control_points_only\qixing_lengshuikeng_main_peak_20260523_osmrefresh_v1_3b_route_definition_control_points_used_ib0_candidates.geojson,True,5,case_id|control_id|control_role|highway|included_in_required_way|lat|lon|match_score|matched_id_text|name|name_osm|nearest_ordered_path_offset_m|note|order|ordered_path_length_m|osm_id_current|osm_way_id_current|overlap_ratio|phase|projected_lat|projected_lon|projected_route_dist_m|projection_method|projection_offset_to_osm_m|projection_ok|required|route_action|route_point_warning|route_role|search_window_end_m|search_window_start_m,route_semantic_context_not_fork_inventory,False,"Route semantic, surface, guidepost, facility, trail, path, road, or way context exists, but it is not a governed fork/decision point inventory."
outputs\ib0b_mainline_route_definition_v1_3b_control_points_only\qixing_lengshuikeng_xiaoyoukeng_gpx_osmrefresh_v1_3b\qixing_lengshuikeng_xiaoyoukeng_gpx_osmrefresh_v1_3b_mainline_debug_segments_ib0_candidates.csv,True,50,route_id|case_id|case_name|activity_type|activity_name|activity_fp|ia1_version|ia1_dataset_id|ia1_snapshot_tag|input_stage|ab_mode|route_definition_mode|control_points_fp|osm_way_id|name|highway_norm|route_role|mainline_role|distance_to_gpx_m|overlap_ratio|match_score,route_semantic_context_not_fork_inventory,False,"Route semantic, surface, guidepost, facility, trail, path, road, or way context exists, but it is not a governed fork/decision point inventory."
outputs\ib0b_mainline_route_definition_v1_3b_control_points_only\qixing_lengshuikeng_xiaoyoukeng_gpx_osmrefresh_v1_3b\qixing_lengshuikeng_xiaoyoukeng_gpx_osmrefresh_v1_3b_mainline_debug_segments_ib0_matched.csv,True,50,route_id|case_id|case_name|activity_type|activity_name|activity_fp|ia1_version|ia1_dataset_id|ia1_snapshot_tag|input_stage|ab_mode|route_definition_mode|control_points_fp|osm_way_id|name|highway_norm|route_role|mainline_role|distance_to_gpx_m|overlap_ratio|match_score,route_semantic_context_not_fork_inventory,False,"Route semantic, surface, guidepost, facility, trail, path, road, or way context exists, but it is not a governed fork/decision point inventory."
outputs\ib0b_mainline_route_definition_v1_3b_control_points_only\qixing_lengshuikeng_xiaoyoukeng_gpx_osmrefresh_v1_3b\qixing_lengshuikeng_xiaoyoukeng_gpx_osmrefresh_v1_3b_mainline_ib0_candidates.geojson,True,50,ab_mode|activity_buffer_fetch_m|activity_buffer_match_m|activity_fp|activity_name|activity_source|activity_type|case_id|case_name|control_points_fp|distance_score|distance_to_activity_m|distance_to_gpx_m|gpx_buffer_fetch_m|gpx_buffer_match_m|gpx_source|highway|highway_norm|ia1_dataset_id|ia1_snapshot_tag|ia1_version|input_stage|mainline_role|match_score|match_score_threshold|max_distance_m|min_overlap_ratio|name|osm_element_type|osm_id|osm_source|osm_way_id|overlap_len_m|overlap_ratio|pipeline_stage|route_definition_mode|route_id|route_role|segment_len_m|selected|semantic_score,route_semantic_context_not_fork_inventory,False,"Route semantic, surface, guidepost, facility, trail, path, road, or way context exists, but it is not a governed fork/decision point inventory."
outputs\ib0b_mainline_route_definition_v1_3b_control_points_only\qixing_lengshuikeng_xiaoyoukeng_gpx_osmrefresh_v1_3b\qixing_lengshuikeng_xiaoyoukeng_gpx_osmrefresh_v1_3b_mainline_ib0_matched.geojson,True,50,ab_mode|activity_buffer_fetch_m|activity_buffer_match_m|activity_fp|activity_name|activity_source|activity_type|case_id|case_name|control_points_fp|distance_score|distance_to_activity_m|distance_to_gpx_m|gpx_buffer_fetch_m|gpx_buffer_match_m|gpx_source|highway|highway_norm|ia1_dataset_id|ia1_snapshot_tag|ia1_version|input_stage|mainline_role|match_score|match_score_threshold|max_distance_m|min_overlap_ratio|name|osm_element_type|osm_id|osm_source|osm_way_id|overlap_len_m|overlap_ratio|pipeline_stage|route_definition_mode|route_id|route_role|segment_len_m|selected|semantic_score,route_semantic_context_not_fork_inventory,False,"Route semantic, surface, guidepost, facility, trail, path, road, or way context exists, but it is not a governed fork/decision point inventory."
outputs\ib0b_mainline_route_definition_v1_3b_control_points_only\qixing_lengshuikeng_xiaoyoukeng_gpx_osmrefresh_v1_3b\qixing_lengshuikeng_xiaoyoukeng_gpx_osmrefresh_v1_3b_mainline_ordered_path_ib0_candidates.geojson,True,1,ab_mode|activity_fp|activity_name|activity_type|analysis_unit|anchor_source_mode|case_id|case_name|control_points_fp|ia1_dataset_id|ia1_snapshot_tag|ia1_version|input_stage|length_m|path_node_n|route_definition_mode|route_id|source,route_semantic_context_not_fork_inventory,False,"Route semantic, surface, guidepost, facility, trail, path, road, or way context exists, but it is not a governed fork/decision point inventory."
outputs\ib0b_mainline_route_definition_v1_3b_control_points_only\qixing_lengshuikeng_xiaoyoukeng_gpx_osmrefresh_v1_3b\qixing_lengshuikeng_xiaoyoukeng_gpx_osmrefresh_v1_3b_mainline_ordered_path_ib0_matched.geojson,True,1,ab_mode|activity_fp|activity_name|activity_type|analysis_unit|anchor_source_mode|case_id|case_name|control_points_fp|ia1_dataset_id|ia1_snapshot_tag|ia1_version|input_stage|length_m|path_node_n|route_definition_mode|route_id|source,route_semantic_context_not_fork_inventory,False,"Route semantic, surface, guidepost, facility, trail, path, road, or way context exists, but it is not a governed fork/decision point inventory."
outputs\ib0b_mainline_route_definition_v1_3b_control_points_only\qixing_lengshuikeng_xiaoyoukeng_gpx_osmrefresh_v1_3b\qixing_lengshuikeng_xiaoyoukeng_gpx_osmrefresh_v1_3b_route_definition_control_points_used_ib0_candidates.csv,True,3,case_id|control_id|control_role|phase|name|lat|lon|required|order|route_action|note|projection_ok|projection_offset_to_osm_m|matched_id_text|osm_way_id_current|osm_id_current|highway|name_osm|route_role|match_score|overlap_ratio|projected_lat|projected_lon|projected_route_dist_m|nearest_ordered_path_offset_m|ordered_path_length_m|included_in_required_way|projection_method|search_window_start_m|search_window_end_m|route_point_warning,route_semantic_context_not_fork_inventory,False,"Route semantic, surface, guidepost, facility, trail, path, road, or way context exists, but it is not a governed fork/decision point inventory."
outputs\ib0b_mainline_route_definition_v1_3b_control_points_only\qixing_lengshuikeng_xiaoyoukeng_gpx_osmrefresh_v1_3b\qixing_lengshuikeng_xiaoyoukeng_gpx_osmrefresh_v1_3b_route_definition_control_points_used_ib0_candidates.geojson,True,3,case_id|control_id|control_role|highway|included_in_required_way|lat|lon|match_score|matched_id_text|name|name_osm|nearest_ordered_path_offset_m|note|order|ordered_path_length_m|osm_id_current|osm_way_id_current|overlap_ratio|phase|projected_lat|projected_lon|projected_route_dist_m|projection_method|projection_offset_to_osm_m|projection_ok|required|route_action|route_point_warning|route_role|search_window_end_m|search_window_start_m,route_semantic_context_not_fork_inventory,False,"Route semantic, surface, guidepost, facility, trail, path, road, or way context exists, but it is not a governed fork/decision point inventory."
outputs\ib0b_mainline_route_definition_v1_3b_control_points_only\qixing_lengshuikeng_xiaoyoukeng_gpx_osmrefresh_v1_3b\qixing_lengshuikeng_xiaoyoukeng_gpx_osmrefresh_v1_3b_route_definition_control_points_used_ib0_matched.csv,True,3,case_id|control_id|control_role|phase|name|lat|lon|required|order|route_action|note|projection_ok|projection_offset_to_osm_m|matched_id_text|osm_way_id_current|osm_id_current|highway|name_osm|route_role|match_score|overlap_ratio|projected_lat|projected_lon|projected_route_dist_m|nearest_ordered_path_offset_m|ordered_path_length_m|included_in_required_way|projection_method|search_window_start_m|search_window_end_m|route_point_warning,route_semantic_context_not_fork_inventory,False,"Route semantic, surface, guidepost, facility, trail, path, road, or way context exists, but it is not a governed fork/decision point inventory."
outputs\ib0b_mainline_route_definition_v1_3b_control_points_only\qixing_lengshuikeng_xiaoyoukeng_gpx_osmrefresh_v1_3b\qixing_lengshuikeng_xiaoyoukeng_gpx_osmrefresh_v1_3b_route_definition_control_points_used_ib0_matched.geojson,True,3,case_id|control_id|control_role|highway|included_in_required_way|lat|lon|match_score|matched_id_text|name|name_osm|nearest_ordered_path_offset_m|note|order|ordered_path_length_m|osm_id_current|osm_way_id_current|overlap_ratio|phase|projected_lat|projected_lon|projected_route_dist_m|projection_method|projection_offset_to_osm_m|projection_ok|required|route_action|route_point_warning|route_role|search_window_end_m|search_window_start_m,route_semantic_context_not_fork_inventory,False,"Route semantic, surface, guidepost, facility, trail, path, road, or way context exists, but it is not a governed fork/decision point inventory."
outputs\ib0b_mainline_route_definition_v1_3b_control_points_only\qixing_lengshuikeng_xiaoyoukeng_gpx_osmrefresh_v1_3b_mainline_ib0_candidates.geojson,True,50,ab_mode|activity_buffer_fetch_m|activity_buffer_match_m|activity_fp|activity_name|activity_source|activity_type|case_id|case_name|control_points_fp|distance_score|distance_to_activity_m|distance_to_gpx_m|gpx_buffer_fetch_m|gpx_buffer_match_m|gpx_source|highway|highway_norm|ia1_dataset_id|ia1_snapshot_tag|ia1_version|input_stage|mainline_role|match_score|match_score_threshold|max_distance_m|min_overlap_ratio|name|osm_element_type|osm_id|osm_source|osm_way_id|overlap_len_m|overlap_ratio|pipeline_stage|route_definition_mode|route_id|route_role|segment_len_m|selected|semantic_score,route_semantic_context_not_fork_inventory,False,"Route semantic, surface, guidepost, facility, trail, path, road, or way context exists, but it is not a governed fork/decision point inventory."
outputs\ib0b_mainline_route_definition_v1_3b_control_points_only\qixing_lengshuikeng_xiaoyoukeng_gpx_osmrefresh_v1_3b_mainline_ordered_path_ib0_candidates.geojson,True,1,ab_mode|activity_fp|activity_name|activity_type|analysis_unit|anchor_source_mode|case_id|case_name|control_points_fp|ia1_dataset_id|ia1_snapshot_tag|ia1_version|input_stage|length_m|path_node_n|route_definition_mode|route_id|source,route_semantic_context_not_fork_inventory,False,"Route semantic, surface, guidepost, facility, trail, path, road, or way context exists, but it is not a governed fork/decision point inventory."
outputs\ib0b_mainline_route_definition_v1_3b_control_points_only\qixing_lengshuikeng_xiaoyoukeng_gpx_osmrefresh_v1_3b_route_definition_control_points_used_ib0_candidates.csv,True,3,case_id|control_id|control_role|phase|name|lat|lon|required|order|route_action|note|projection_ok|projection_offset_to_osm_m|matched_id_text|osm_way_id_current|osm_id_current|highway|name_osm|route_role|match_score|overlap_ratio|projected_lat|projected_lon|projected_route_dist_m|nearest_ordered_path_offset_m|ordered_path_length_m|included_in_required_way|projection_method|search_window_start_m|search_window_end_m|route_point_warning,route_semantic_context_not_fork_inventory,False,"Route semantic, surface, guidepost, facility, trail, path, road, or way context exists, but it is not a governed fork/decision point inventory."
outputs\ib0b_mainline_route_definition_v1_3b_control_points_only\qixing_lengshuikeng_xiaoyoukeng_gpx_osmrefresh_v1_3b_route_definition_control_points_used_ib0_candidates.geojson,True,3,case_id|control_id|control_role|highway|included_in_required_way|lat|lon|match_score|matched_id_text|name|name_osm|nearest_ordered_path_offset_m|note|order|ordered_path_length_m|osm_id_current|osm_way_id_current|overlap_ratio|phase|projected_lat|projected_lon|projected_route_dist_m|projection_method|projection_offset_to_osm_m|projection_ok|required|route_action|route_point_warning|route_role|search_window_end_m|search_window_start_m,route_semantic_context_not_fork_inventory,False,"Route semantic, surface, guidepost, facility, trail, path, road, or way context exists, but it is not a governed fork/decision point inventory."
outputs\ib0b_mainline_route_definition_v1_3b_control_points_only\qixing_xiaoyoukeng_main_peak_20260315_osmrefresh_v1_3b_mainline_debug_segments_ib0_candidates.csv,True,18,route_id|case_id|case_name|activity_type|activity_name|activity_fp|ia1_version|ia1_dataset_id|ia1_snapshot_tag|input_stage|ab_mode|route_definition_mode|control_points_fp|osm_way_id|name|highway_norm|route_role|mainline_role|distance_to_gpx_m|overlap_ratio|match_score,route_semantic_context_not_fork_inventory,False,"Route semantic, surface, guidepost, facility, trail, path, road, or way context exists, but it is not a governed fork/decision point inventory."
outputs\ib0b_mainline_route_definition_v1_3b_control_points_only\qixing_xiaoyoukeng_main_peak_20260315_osmrefresh_v1_3b_mainline_ib0_candidates.geojson,True,18,ab_mode|activity_buffer_fetch_m|activity_buffer_match_m|activity_fp|activity_name|activity_source|activity_type|case_id|case_name|control_points_fp|distance_score|distance_to_activity_m|distance_to_gpx_m|gpx_buffer_fetch_m|gpx_buffer_match_m|gpx_source|highway|highway_norm|ia1_dataset_id|ia1_snapshot_tag|ia1_version|input_stage|mainline_role|match_score|match_score_threshold|max_distance_m|min_overlap_ratio|name|osm_element_type|osm_id|osm_source|osm_way_id|overlap_len_m|overlap_ratio|pipeline_stage|route_definition_mode|route_id|route_role|segment_len_m|selected|semantic_score,route_semantic_context_not_fork_inventory,False,"Route semantic, surface, guidepost, facility, trail, path, road, or way context exists, but it is not a governed fork/decision point inventory."
outputs\ib0b_mainline_route_definition_v1_3b_control_points_only\qixing_xiaoyoukeng_main_peak_20260315_osmrefresh_v1_3b_mainline_ordered_path_ib0_candidates.geojson,True,1,ab_mode|activity_fp|activity_name|activity_type|analysis_unit|anchor_source_mode|case_id|case_name|control_points_fp|ia1_dataset_id|ia1_snapshot_tag|ia1_version|input_stage|length_m|path_node_n|route_definition_mode|route_id|source,route_semantic_context_not_fork_inventory,False,"Route semantic, surface, guidepost, facility, trail, path, road, or way context exists, but it is not a governed fork/decision point inventory."
outputs\ib0b_mainline_route_definition_v1_3b_control_points_only\qixing_xiaoyoukeng_main_peak_20260315_osmrefresh_v1_3b_route_definition_control_points_used_ib0_candidates.csv,True,9,case_id|control_id|control_role|phase|name|lat|lon|required|order|route_action|note|projection_ok|projection_offset_to_osm_m|matched_id_text|osm_way_id_current|osm_id_current|highway|name_osm|route_role|match_score|overlap_ratio|projected_lat|projected_lon|projected_route_dist_m|nearest_ordered_path_offset_m|ordered_path_length_m|included_in_required_way|projection_method|search_window_start_m|search_window_end_m|route_point_warning,route_semantic_context_not_fork_inventory,False,"Route semantic, surface, guidepost, facility, trail, path, road, or way context exists, but it is not a governed fork/decision point inventory."
outputs\ib0b_mainline_route_definition_v1_3b_control_points_only\qixing_xiaoyoukeng_main_peak_20260315_osmrefresh_v1_3b_route_definition_control_points_used_ib0_candidates.geojson,True,9,case_id|control_id|control_role|highway|included_in_required_way|lat|lon|match_score|matched_id_text|name|name_osm|nearest_ordered_path_offset_m|note|order|ordered_path_length_m|osm_id_current|osm_way_id_current|overlap_ratio|phase|projected_lat|projected_lon|projected_route_dist_m|projection_method|projection_offset_to_osm_m|projection_ok|required|route_action|route_point_warning|route_role|search_window_end_m|search_window_start_m,route_semantic_context_not_fork_inventory,False,"Route semantic, surface, guidepost, facility, trail, path, road, or way context exists, but it is not a governed fork/decision point inventory."
outputs\ib0b_mainline_route_definition_v1_3b_control_points_only\zhonghua_ust_jiuwufeng_roundtrip_biji_osmrefresh_v1_3b_mainline_debug_segments_ib0_candidates.csv,True,32,route_id|case_id|case_name|activity_type|activity_name|activity_fp|ia1_version|ia1_dataset_id|ia1_snapshot_tag|input_stage|ab_mode|route_definition_mode|control_points_fp|osm_way_id|name|highway_norm|route_role|mainline_role|distance_to_gpx_m|overlap_ratio|match_score,route_semantic_context_not_fork_inventory,False,"Route semantic, surface, guidepost, facility, trail, path, road, or way context exists, but it is not a governed fork/decision point inventory."
outputs\ib0b_mainline_route_definition_v1_3b_control_points_only\zhonghua_ust_jiuwufeng_roundtrip_biji_osmrefresh_v1_3b_mainline_ib0_candidates.geojson,True,32,ab_mode|activity_buffer_fetch_m|activity_buffer_match_m|activity_fp|activity_name|activity_source|activity_type|case_id|case_name|control_points_fp|distance_score|distance_to_activity_m|distance_to_gpx_m|gpx_buffer_fetch_m|gpx_buffer_match_m|gpx_source|highway|highway_norm|ia1_dataset_id|ia1_snapshot_tag|ia1_version|input_stage|mainline_role|match_score|match_score_threshold|max_distance_m|min_overlap_ratio|name|osm_element_type|osm_id|osm_source|osm_way_id|overlap_len_m|overlap_ratio|pipeline_stage|route_definition_mode|route_id|route_role|segment_len_m|selected|semantic_score,route_semantic_context_not_fork_inventory,False,"Route semantic, surface, guidepost, facility, trail, path, road, or way context exists, but it is not a governed fork/decision point inventory."
outputs\ib0b_mainline_route_definition_v1_3b_control_points_only\zhonghua_ust_jiuwufeng_roundtrip_biji_osmrefresh_v1_3b_mainline_ordered_path_ib0_candidates.geojson,True,1,ab_mode|activity_fp|activity_name|activity_type|analysis_unit|anchor_source_mode|case_id|case_name|control_points_fp|ia1_dataset_id|ia1_snapshot_tag|ia1_version|input_stage|length_m|path_node_n|route_definition_mode|route_id|source,route_semantic_context_not_fork_inventory,False,"Route semantic, surface, guidepost, facility, trail, path, road, or way context exists, but it is not a governed fork/decision point inventory."
outputs\ib0b_mainline_route_definition_v1_3b_control_points_only\zhonghua_ust_jiuwufeng_roundtrip_biji_osmrefresh_v1_3b_route_definition_control_points_used_ib0_candidates.csv,True,3,case_id|control_id|control_role|phase|name|lat|lon|required|order|route_action|note|projection_ok|projection_offset_to_osm_m|matched_id_text|osm_way_id_current|osm_id_current|highway|name_osm|route_role|match_score|overlap_ratio|projected_lat|projected_lon|projected_route_dist_m|nearest_ordered_path_offset_m|ordered_path_length_m|included_in_required_way|projection_method|search_window_start_m|search_window_end_m|route_point_warning,route_semantic_context_not_fork_inventory,False,"Route semantic, surface, guidepost, facility, trail, path, road, or way context exists, but it is not a governed fork/decision point inventory."
outputs\ib0b_mainline_route_definition_v1_3b_control_points_only\zhonghua_ust_jiuwufeng_roundtrip_biji_osmrefresh_v1_3b_route_definition_control_points_used_ib0_candidates.geojson,True,3,case_id|control_id|control_role|highway|included_in_required_way|lat|lon|match_score|matched_id_text|name|name_osm|nearest_ordered_path_offset_m|note|order|ordered_path_length_m|osm_id_current|osm_way_id_current|overlap_ratio|phase|projected_lat|projected_lon|projected_route_dist_m|projection_method|projection_offset_to_osm_m|projection_ok|required|route_action|route_point_warning|route_role|search_window_end_m|search_window_start_m,route_semantic_context_not_fork_inventory,False,"Route semantic, surface, guidepost, facility, trail, path, road, or way context exists, but it is not a governed fork/decision point inventory."
outputs\ib0b_mainline_v1_1\qixing_lengshuikeng_main_peak_20260523\qixing_lengshuikeng_main_peak_20260523_mainline_debug_segments_ib0_matched.csv,True,28,route_id|case_id|case_name|activity_type|activity_name|activity_fp|ia1_version|ia1_dataset_id|ia1_snapshot_tag|input_stage|ab_mode|osm_way_id|name|highway_norm|route_role|mainline_role|distance_to_gpx_m|overlap_ratio|match_score,route_semantic_context_not_fork_inventory,False,"Route semantic, surface, guidepost, facility, trail, path, road, or way context exists, but it is not a governed fork/decision point inventory."
outputs\ib0b_mainline_v1_1\qixing_lengshuikeng_main_peak_20260523\qixing_lengshuikeng_main_peak_20260523_mainline_ib0_matched.geojson,True,28,ab_mode|activity_buffer_fetch_m|activity_buffer_match_m|activity_fp|activity_name|activity_source|activity_type|case_id|case_name|distance_score|distance_to_activity_m|distance_to_gpx_m|gpx_buffer_fetch_m|gpx_buffer_match_m|gpx_source|highway|highway_norm|ia1_dataset_id|ia1_snapshot_tag|ia1_version|input_stage|mainline_role|match_score|match_score_threshold|max_distance_m|min_overlap_ratio|name|osm_element_type|osm_id|osm_source|osm_way_id|overlap_len_m|overlap_ratio|pipeline_stage|route_id|route_role|segment_len_m|selected|semantic_score,route_semantic_context_not_fork_inventory,False,"Route semantic, surface, guidepost, facility, trail, path, road, or way context exists, but it is not a governed fork/decision point inventory."
outputs\ib0b_mainline_v1_1\qixing_lengshuikeng_main_peak_20260523\qixing_lengshuikeng_main_peak_20260523_mainline_ordered_path_ib0_matched.geojson,True,1,ab_mode|activity_fp|activity_name|activity_type|analysis_unit|anchor_source_mode|case_id|case_name|ia1_dataset_id|ia1_snapshot_tag|ia1_version|input_stage|length_m|path_node_n|route_id|source,route_semantic_context_not_fork_inventory,False,"Route semantic, surface, guidepost, facility, trail, path, road, or way context exists, but it is not a governed fork/decision point inventory."
outputs\ib0b_mainline_v1_1\qixing_xiaoyoukeng_main_peak_20260315\qixing_xiaoyoukeng_main_peak_20260315_mainline_debug_segments_ib0_matched.csv,True,27,route_id|case_id|case_name|activity_type|activity_name|activity_fp|ia1_version|ia1_dataset_id|ia1_snapshot_tag|input_stage|ab_mode|osm_way_id|name|highway_norm|route_role|mainline_role|distance_to_gpx_m|overlap_ratio|match_score,route_semantic_context_not_fork_inventory,False,"Route semantic, surface, guidepost, facility, trail, path, road, or way context exists, but it is not a governed fork/decision point inventory."
outputs\ib0b_mainline_v1_1\qixing_xiaoyoukeng_main_peak_20260315\qixing_xiaoyoukeng_main_peak_20260315_mainline_ib0_matched.geojson,True,27,ab_mode|activity_buffer_fetch_m|activity_buffer_match_m|activity_fp|activity_name|activity_source|activity_type|case_id|case_name|distance_score|distance_to_activity_m|distance_to_gpx_m|gpx_buffer_fetch_m|gpx_buffer_match_m|gpx_source|highway|highway_norm|ia1_dataset_id|ia1_snapshot_tag|ia1_version|input_stage|mainline_role|match_score|match_score_threshold|max_distance_m|min_overlap_ratio|name|osm_element_type|osm_id|osm_source|osm_way_id|overlap_len_m|overlap_ratio|pipeline_stage|route_id|route_role|segment_len_m|selected|semantic_score,route_semantic_context_not_fork_inventory,False,"Route semantic, surface, guidepost, facility, trail, path, road, or way context exists, but it is not a governed fork/decision point inventory."
outputs\ib0b_mainline_v1_1\qixing_xiaoyoukeng_main_peak_20260315\qixing_xiaoyoukeng_main_peak_20260315_mainline_ordered_path_ib0_matched.geojson,True,1,ab_mode|activity_fp|activity_name|activity_type|analysis_unit|anchor_source_mode|case_id|case_name|ia1_dataset_id|ia1_snapshot_tag|ia1_version|input_stage|length_m|path_node_n|route_id|source,route_semantic_context_not_fork_inventory,False,"Route semantic, surface, guidepost, facility, trail, path, road, or way context exists, but it is not a governed fork/decision point inventory."
outputs\ib0b_output\qixing_xiaoyoukeng_roundtrip_joyhike\qixing_xiaoyoukeng_roundtrip_joyhike_mainline.geojson,True,24,ab_mode|case_id|case_name|distance_score|distance_to_gpx_m|gpx_buffer_fetch_m|gpx_buffer_match_m|gpx_name|gpx_source|highway|highway_norm|ia1_dataset_id|ia1_version|input_stage|mainline_role|match_score|match_score_threshold|max_distance_m|min_overlap_ratio|name|osm_element_type|osm_id|osm_source|osm_way_id|overlap_len_m|overlap_ratio|pipeline_stage|prune_keep|route_id|route_role|segment_len_m|selected|semantic_score,route_semantic_context_not_fork_inventory,False,"Route semantic, surface, guidepost, facility, trail, path, road, or way context exists, but it is not a governed fork/decision point inventory."
outputs\ib0b_output\qixing_xiaoyoukeng_roundtrip_joyhike\qixing_xiaoyoukeng_roundtrip_joyhike_mainline_debug_segments_ib0a_pruned.csv,True,24,route_id|case_id|case_name|gpx_name|input_stage|ab_mode|osm_way_id|name|highway_norm|route_role|mainline_role|distance_to_gpx_m|overlap_ratio|match_score,route_semantic_context_not_fork_inventory,False,"Route semantic, surface, guidepost, facility, trail, path, road, or way context exists, but it is not a governed fork/decision point inventory."
outputs\ib0b_output\qixing_xiaoyoukeng_roundtrip_joyhike\qixing_xiaoyoukeng_roundtrip_joyhike_mainline_ib0a_pruned.geojson,True,24,ab_mode|case_id|case_name|distance_score|distance_to_gpx_m|gpx_buffer_fetch_m|gpx_buffer_match_m|gpx_name|gpx_source|highway|highway_norm|ia1_dataset_id|ia1_version|input_stage|mainline_role|match_score|match_score_threshold|max_distance_m|min_overlap_ratio|name|osm_element_type|osm_id|osm_source|osm_way_id|overlap_len_m|overlap_ratio|pipeline_stage|prune_keep|route_id|route_role|segment_len_m|selected|semantic_score,route_semantic_context_not_fork_inventory,False,"Route semantic, surface, guidepost, facility, trail, path, road, or way context exists, but it is not a governed fork/decision point inventory."
outputs\ib0b_output\qixing_xiaoyoukeng_roundtrip_joyhike\qixing_xiaoyoukeng_roundtrip_joyhike_mainline_ordered_path.geojson,True,1,ab_mode|analysis_unit|case_id|case_name|gpx_name|input_stage|length_m|path_node_n|route_id|source,route_semantic_context_not_fork_inventory,False,"Route semantic, surface, guidepost, facility, trail, path, road, or way context exists, but it is not a governed fork/decision point inventory."
outputs\ib0b_output\qixing_xiaoyoukeng_roundtrip_joyhike\qixing_xiaoyoukeng_roundtrip_joyhike_mainline_ordered_path_ib0a_pruned.geojson,True,1,ab_mode|analysis_unit|case_id|case_name|gpx_name|input_stage|length_m|path_node_n|route_id|source,route_semantic_context_not_fork_inventory,False,"Route semantic, surface, guidepost, facility, trail, path, road, or way context exists, but it is not a governed fork/decision point inventory."
outputs\ib0d_output\qixing_xiaoyoukeng_roundtrip_joyhike\qixing_mainline_ordered_path_trimmed.geojson,True,1,end_anchor_name|end_anchor_offset_m|end_anchor_source|input_anchor|input_ordered_path|is_same_entry_exit|original_len_m|removed_head_m|removed_tail_m|source|start_anchor_name|start_anchor_offset_m|start_anchor_source|trim_end_m|trim_mode|trim_reason|trim_start_m|trimmed_len_m,route_semantic_context_not_fork_inventory,False,"Route semantic, surface, guidepost, facility, trail, path, road, or way context exists, but it is not a governed fork/decision point inventory."
outputs\ib0d_output\qixing_xiaoyoukeng_roundtrip_joyhike\qixing_mainline_trim_summary.csv,True,1,input_ordered_path|input_anchor|trim_mode|trim_reason|is_same_entry_exit|original_len_m|start_proj_m|end_proj_m|start_end_proj_diff_m|trim_start_m|trim_end_m|trimmed_len_m|removed_head_m|removed_tail_m|start_anchor_source|start_anchor_name|start_anchor_offset_m|end_anchor_source|end_anchor_name|end_anchor_offset_m,route_semantic_context_not_fork_inventory,False,"Route semantic, surface, guidepost, facility, trail, path, road, or way context exists, but it is not a governed fork/decision point inventory."
outputs\ib0d_trimmed_mainline\juansi_waterfall_fitcsv_20260503\juansi_waterfall_fitcsv_20260503_mainline_ordered_path_trimmed.geojson,True,1,end_anchor_name|end_anchor_offset_m|end_anchor_source|input_anchor|input_ordered_path|is_same_entry_exit|original_len_m|removed_head_m|removed_tail_m|source|start_anchor_name|start_anchor_offset_m|start_anchor_source|trim_end_m|trim_mode|trim_reason|trim_start_m|trimmed_len_m,route_semantic_context_not_fork_inventory,False,"Route semantic, surface, guidepost, facility, trail, path, road, or way context exists, but it is not a governed fork/decision point inventory."
outputs\ib0d_trimmed_mainline\juansi_waterfall_fitcsv_20260503\juansi_waterfall_fitcsv_20260503_mainline_trim_summary.csv,True,1,input_ordered_path|input_anchor|trim_mode|trim_reason|is_same_entry_exit|original_len_m|start_proj_m|end_proj_m|start_end_proj_diff_m|trim_start_m|trim_end_m|trimmed_len_m|removed_head_m|removed_tail_m|start_anchor_source|start_anchor_name|start_anchor_offset_m|end_anchor_source|end_anchor_name|end_anchor_offset_m,route_semantic_context_not_fork_inventory,False,"Route semantic, surface, guidepost, facility, trail, path, road, or way context exists, but it is not a governed fork/decision point inventory."
outputs\ib0d_trimmed_mainline\qixing_lengshuikeng_main_peak_20260523\qixing_lengshuikeng_main_peak_20260523_mainline_ordered_path_trimmed.geojson,True,1,case_id|end_anchor_name|end_anchor_offset_m|end_anchor_source|input_anchor|input_ordered_path|is_same_entry_exit|original_len_m|removed_head_m|removed_tail_m|same_entry_anchor_first_m|same_entry_anchor_hits_n|same_entry_anchor_last_m|same_entry_policy|same_entry_trim_applied|source|start_anchor_name|start_anchor_offset_m|start_anchor_source|trim_end_m|trim_mode|trim_reason|trim_start_m|trimmed_len_m,route_semantic_context_not_fork_inventory,False,"Route semantic, surface, guidepost, facility, trail, path, road, or way context exists, but it is not a governed fork/decision point inventory."
outputs\ib0d_trimmed_mainline\qixing_lengshuikeng_main_peak_20260523\qixing_lengshuikeng_main_peak_20260523_mainline_trim_summary.csv,True,1,case_id|input_ordered_path|input_anchor|trim_mode|trim_reason|is_same_entry_exit|same_entry_policy|same_entry_trim_applied|same_entry_anchor_hits_n|same_entry_anchor_first_m|same_entry_anchor_last_m|same_entry_leading_threshold_m|same_entry_anchor_match_radius_m|original_len_m|start_proj_m|end_proj_m|start_end_proj_diff_m|trim_start_m|trim_end_m|trimmed_len_m|removed_head_m|removed_tail_m|start_anchor_source|start_anchor_name|start_anchor_offset_m|end_anchor_source|end_anchor_name|end_anchor_offset_m|route_point_count|self_near_pair_count|self_near_zone_count|self_near_spatial_threshold_m|self_near_route_gap_threshold_m,route_semantic_context_not_fork_inventory,False,"Route semantic, surface, guidepost, facility, trail, path, road, or way context exists, but it is not a governed fork/decision point inventory."
outputs\ib0d_trimmed_mainline\qixing_xiaoyoukeng_main_peak_20260315\qixing_xiaoyoukeng_main_peak_20260315_mainline_ordered_path_trimmed.geojson,True,1,case_id|end_anchor_name|end_anchor_offset_m|end_anchor_source|input_anchor|input_ordered_path|is_same_entry_exit|original_len_m|removed_head_m|removed_tail_m|same_entry_anchor_first_m|same_entry_anchor_hits_n|same_entry_anchor_last_m|same_entry_policy|same_entry_trim_applied|source|start_anchor_name|start_anchor_offset_m|start_anchor_source|trim_end_m|trim_mode|trim_reason|trim_start_m|trimmed_len_m,route_semantic_context_not_fork_inventory,False,"Route semantic, surface, guidepost, facility, trail, path, road, or way context exists, but it is not a governed fork/decision point inventory."
outputs\ib0d_trimmed_mainline\qixing_xiaoyoukeng_main_peak_20260315\qixing_xiaoyoukeng_main_peak_20260315_mainline_trim_summary.csv,True,1,case_id|input_ordered_path|input_anchor|trim_mode|trim_reason|is_same_entry_exit|same_entry_policy|same_entry_trim_applied|same_entry_anchor_hits_n|same_entry_anchor_first_m|same_entry_anchor_last_m|same_entry_leading_threshold_m|same_entry_anchor_match_radius_m|original_len_m|start_proj_m|end_proj_m|start_end_proj_diff_m|trim_start_m|trim_end_m|trimmed_len_m|removed_head_m|removed_tail_m|start_anchor_source|start_anchor_name|start_anchor_offset_m|end_anchor_source|end_anchor_name|end_anchor_offset_m,route_semantic_context_not_fork_inventory,False,"Route semantic, surface, guidepost, facility, trail, path, road, or way context exists, but it is not a governed fork/decision point inventory."
outputs\ib0d_trimmed_mainline\zhonghua_ust_jiuwufeng_roundtrip_biji\zhonghua_ust_jiuwufeng_roundtrip_biji_mainline_ordered_path_trimmed.geojson,True,1,case_id|end_anchor_name|end_anchor_offset_m|end_anchor_source|input_anchor|input_ordered_path|is_same_entry_exit|original_len_m|removed_head_m|removed_tail_m|same_entry_anchor_first_m|same_entry_anchor_hits_n|same_entry_anchor_last_m|same_entry_policy|same_entry_trim_applied|source|start_anchor_name|start_anchor_offset_m|start_anchor_source|trim_end_m|trim_mode|trim_reason|trim_start_m|trimmed_len_m,route_semantic_context_not_fork_inventory,False,"Route semantic, surface, guidepost, facility, trail, path, road, or way context exists, but it is not a governed fork/decision point inventory."
outputs\ib0d_trimmed_mainline\zhonghua_ust_jiuwufeng_roundtrip_biji\zhonghua_ust_jiuwufeng_roundtrip_biji_mainline_trim_summary.csv,True,1,case_id|input_ordered_path|input_anchor|trim_mode|trim_reason|is_same_entry_exit|same_entry_policy|same_entry_trim_applied|same_entry_anchor_hits_n|same_entry_anchor_first_m|same_entry_anchor_last_m|same_entry_leading_threshold_m|same_entry_anchor_match_radius_m|original_len_m|start_proj_m|end_proj_m|start_end_proj_diff_m|trim_start_m|trim_end_m|trimmed_len_m|removed_head_m|removed_tail_m|start_anchor_source|start_anchor_name|start_anchor_offset_m|end_anchor_source|end_anchor_name|end_anchor_offset_m,route_semantic_context_not_fork_inventory,False,"Route semantic, surface, guidepost, facility, trail, path, road, or way context exists, but it is not a governed fork/decision point inventory."
outputs\ib0d_trimmed_mainline_forced_required_way_test\qixing_lengshuikeng_main_peak_20260523\qixing_lengshuikeng_main_peak_20260523_mainline_ordered_path_trimmed.geojson,True,1,case_id|end_anchor_name|end_anchor_offset_m|end_anchor_source|input_anchor|input_ordered_path|is_same_entry_exit|original_len_m|removed_head_m|removed_tail_m|same_entry_anchor_first_m|same_entry_anchor_hits_n|same_entry_anchor_last_m|same_entry_policy|same_entry_trim_applied|source|start_anchor_name|start_anchor_offset_m|start_anchor_source|trim_end_m|trim_mode|trim_reason|trim_start_m|trimmed_len_m,route_semantic_context_not_fork_inventory,False,"Route semantic, surface, guidepost, facility, trail, path, road, or way context exists, but it is not a governed fork/decision point inventory."
outputs\ib0d_trimmed_mainline_forced_required_way_test\qixing_lengshuikeng_main_peak_20260523\qixing_lengshuikeng_main_peak_20260523_mainline_trim_summary.csv,True,1,case_id|input_ordered_path|input_anchor|trim_mode|trim_reason|is_same_entry_exit|same_entry_policy|same_entry_trim_applied|same_entry_anchor_hits_n|same_entry_anchor_first_m|same_entry_anchor_last_m|same_entry_leading_threshold_m|same_entry_anchor_match_radius_m|original_len_m|start_proj_m|end_proj_m|start_end_proj_diff_m|trim_start_m|trim_end_m|trimmed_len_m|removed_head_m|removed_tail_m|start_anchor_source|start_anchor_name|start_anchor_offset_m|end_anchor_source|end_anchor_name|end_anchor_offset_m|route_point_count|self_near_pair_count|self_near_zone_count|self_near_spatial_threshold_m|self_near_route_gap_threshold_m,route_semantic_context_not_fork_inventory,False,"Route semantic, surface, guidepost, facility, trail, path, road, or way context exists, but it is not a governed fork/decision point inventory."
outputs\ib0d_trimmed_mainline_v1_1\qixing_lengshuikeng_main_peak_20260523\qixing_lengshuikeng_main_peak_20260523_mainline_ordered_path_trimmed.geojson,True,1,case_id|end_anchor_name|end_anchor_offset_m|end_anchor_source|input_anchor|input_ordered_path|is_same_entry_exit|original_len_m|removed_head_m|removed_tail_m|same_entry_anchor_first_m|same_entry_anchor_hits_n|same_entry_anchor_last_m|same_entry_policy|same_entry_trim_applied|source|start_anchor_name|start_anchor_offset_m|start_anchor_source|trim_end_m|trim_mode|trim_reason|trim_start_m|trimmed_len_m,route_semantic_context_not_fork_inventory,False,"Route semantic, surface, guidepost, facility, trail, path, road, or way context exists, but it is not a governed fork/decision point inventory."
outputs\ib0d_trimmed_mainline_v1_1\qixing_lengshuikeng_main_peak_20260523\qixing_lengshuikeng_main_peak_20260523_mainline_trim_summary.csv,True,1,case_id|input_ordered_path|input_anchor|trim_mode|trim_reason|is_same_entry_exit|same_entry_policy|same_entry_trim_applied|same_entry_anchor_hits_n|same_entry_anchor_first_m|same_entry_anchor_last_m|same_entry_leading_threshold_m|same_entry_anchor_match_radius_m|original_len_m|start_proj_m|end_proj_m|start_end_proj_diff_m|trim_start_m|trim_end_m|trimmed_len_m|removed_head_m|removed_tail_m|start_anchor_source|start_anchor_name|start_anchor_offset_m|end_anchor_source|end_anchor_name|end_anchor_offset_m,route_semantic_context_not_fork_inventory,False,"Route semantic, surface, guidepost, facility, trail, path, road, or way context exists, but it is not a governed fork/decision point inventory."
outputs\ib0d_trimmed_mainline_v1_1\qixing_xiaoyoukeng_main_peak_20260315\qixing_xiaoyoukeng_main_peak_20260315_mainline_ordered_path_trimmed.geojson,True,1,case_id|end_anchor_name|end_anchor_offset_m|end_anchor_source|input_anchor|input_ordered_path|is_same_entry_exit|original_len_m|removed_head_m|removed_tail_m|same_entry_anchor_first_m|same_entry_anchor_hits_n|same_entry_anchor_last_m|same_entry_policy|same_entry_trim_applied|source|start_anchor_name|start_anchor_offset_m|start_anchor_source|trim_end_m|trim_mode|trim_reason|trim_start_m|trimmed_len_m,route_semantic_context_not_fork_inventory,False,"Route semantic, surface, guidepost, facility, trail, path, road, or way context exists, but it is not a governed fork/decision point inventory."
outputs\ib0d_trimmed_mainline_v1_1\qixing_xiaoyoukeng_main_peak_20260315\qixing_xiaoyoukeng_main_peak_20260315_mainline_trim_summary.csv,True,1,case_id|input_ordered_path|input_anchor|trim_mode|trim_reason|is_same_entry_exit|same_entry_policy|same_entry_trim_applied|same_entry_anchor_hits_n|same_entry_anchor_first_m|same_entry_anchor_last_m|same_entry_leading_threshold_m|same_entry_anchor_match_radius_m|original_len_m|start_proj_m|end_proj_m|start_end_proj_diff_m|trim_start_m|trim_end_m|trimmed_len_m|removed_head_m|removed_tail_m|start_anchor_source|start_anchor_name|start_anchor_offset_m|end_anchor_source|end_anchor_name|end_anchor_offset_m,route_semantic_context_not_fork_inventory,False,"Route semantic, surface, guidepost, facility, trail, path, road, or way context exists, but it is not a governed fork/decision point inventory."
outputs\ib0d_trimmed_mainline_v1_3b_control_points_only\juansi_waterfall_fitcsv_20260503_osmrefresh_v1_3b\juansi_waterfall_fitcsv_20260503_osmrefresh_v1_3b_mainline_ordered_path_trimmed.geojson,True,1,case_id|end_anchor_name|end_anchor_offset_m|end_anchor_source|input_anchor|input_ordered_path|is_same_entry_exit|original_len_m|removed_head_m|removed_tail_m|same_entry_anchor_first_m|same_entry_anchor_hits_n|same_entry_anchor_last_m|same_entry_policy|same_entry_trim_applied|source|start_anchor_name|start_anchor_offset_m|start_anchor_source|trim_end_m|trim_mode|trim_reason|trim_start_m|trimmed_len_m,route_semantic_context_not_fork_inventory,False,"Route semantic, surface, guidepost, facility, trail, path, road, or way context exists, but it is not a governed fork/decision point inventory."
outputs\ib0d_trimmed_mainline_v1_3b_control_points_only\juansi_waterfall_fitcsv_20260503_osmrefresh_v1_3b\juansi_waterfall_fitcsv_20260503_osmrefresh_v1_3b_mainline_trim_summary.csv,True,1,case_id|input_ordered_path|input_anchor|trim_mode|trim_reason|is_same_entry_exit|same_entry_policy|same_entry_trim_applied|same_entry_anchor_hits_n|same_entry_anchor_first_m|same_entry_anchor_last_m|same_entry_leading_threshold_m|same_entry_anchor_match_radius_m|original_len_m|start_proj_m|end_proj_m|start_end_proj_diff_m|trim_start_m|trim_end_m|trimmed_len_m|removed_head_m|removed_tail_m|start_anchor_source|start_anchor_name|start_anchor_offset_m|end_anchor_source|end_anchor_name|end_anchor_offset_m|route_point_count|self_near_pair_count|self_near_zone_count|self_near_spatial_threshold_m|self_near_route_gap_threshold_m,route_semantic_context_not_fork_inventory,False,"Route semantic, surface, guidepost, facility, trail, path, road, or way context exists, but it is not a governed fork/decision point inventory."
outputs\ib0d_trimmed_mainline_v1_3b_control_points_only\qixing_lengshuikeng_main_peak_20260523_osmrefresh_v1_3b\qixing_lengshuikeng_main_peak_20260523_osmrefresh_v1_3b_mainline_ordered_path_trimmed.geojson,True,1,case_id|end_anchor_name|end_anchor_offset_m|end_anchor_source|input_anchor|input_ordered_path|is_same_entry_exit|original_len_m|removed_head_m|removed_tail_m|same_entry_anchor_first_m|same_entry_anchor_hits_n|same_entry_anchor_last_m|same_entry_policy|same_entry_trim_applied|source|start_anchor_name|start_anchor_offset_m|start_anchor_source|trim_end_m|trim_mode|trim_reason|trim_start_m|trimmed_len_m,route_semantic_context_not_fork_inventory,False,"Route semantic, surface, guidepost, facility, trail, path, road, or way context exists, but it is not a governed fork/decision point inventory."
outputs\ib0d_trimmed_mainline_v1_3b_control_points_only\qixing_lengshuikeng_main_peak_20260523_osmrefresh_v1_3b\qixing_lengshuikeng_main_peak_20260523_osmrefresh_v1_3b_mainline_trim_summary.csv,True,1,case_id|input_ordered_path|input_anchor|trim_mode|trim_reason|is_same_entry_exit|same_entry_policy|same_entry_trim_applied|same_entry_anchor_hits_n|same_entry_anchor_first_m|same_entry_anchor_last_m|same_entry_leading_threshold_m|same_entry_anchor_match_radius_m|original_len_m|start_proj_m|end_proj_m|start_end_proj_diff_m|trim_start_m|trim_end_m|trimmed_len_m|removed_head_m|removed_tail_m|start_anchor_source|start_anchor_name|start_anchor_offset_m|end_anchor_source|end_anchor_name|end_anchor_offset_m|route_point_count|self_near_pair_count|self_near_zone_count|self_near_spatial_threshold_m|self_near_route_gap_threshold_m,route_semantic_context_not_fork_inventory,False,"Route semantic, surface, guidepost, facility, trail, path, road, or way context exists, but it is not a governed fork/decision point inventory."
outputs\ib0d_trimmed_mainline_v1_3b_control_points_only\qixing_xiaoyoukeng_main_peak_20260315_osmrefresh_v1_3b\qixing_xiaoyoukeng_main_peak_20260315_osmrefresh_v1_3b_mainline_ordered_path_trimmed.geojson,True,1,case_id|end_anchor_name|end_anchor_offset_m|end_anchor_source|input_anchor|input_ordered_path|is_same_entry_exit|original_len_m|removed_head_m|removed_tail_m|same_entry_anchor_first_m|same_entry_anchor_hits_n|same_entry_anchor_last_m|same_entry_policy|same_entry_trim_applied|source|start_anchor_name|start_anchor_offset_m|start_anchor_source|trim_end_m|trim_mode|trim_reason|trim_start_m|trimmed_len_m,route_semantic_context_not_fork_inventory,False,"Route semantic, surface, guidepost, facility, trail, path, road, or way context exists, but it is not a governed fork/decision point inventory."
outputs\ib0d_trimmed_mainline_v1_3b_control_points_only\qixing_xiaoyoukeng_main_peak_20260315_osmrefresh_v1_3b\qixing_xiaoyoukeng_main_peak_20260315_osmrefresh_v1_3b_mainline_trim_summary.csv,True,1,case_id|input_ordered_path|input_anchor|trim_mode|trim_reason|is_same_entry_exit|same_entry_policy|same_entry_trim_applied|same_entry_anchor_hits_n|same_entry_anchor_first_m|same_entry_anchor_last_m|same_entry_leading_threshold_m|same_entry_anchor_match_radius_m|original_len_m|start_proj_m|end_proj_m|start_end_proj_diff_m|trim_start_m|trim_end_m|trimmed_len_m|removed_head_m|removed_tail_m|start_anchor_source|start_anchor_name|start_anchor_offset_m|end_anchor_source|end_anchor_name|end_anchor_offset_m|route_point_count|self_near_pair_count|self_near_zone_count|self_near_spatial_threshold_m|self_near_route_gap_threshold_m,route_semantic_context_not_fork_inventory,False,"Route semantic, surface, guidepost, facility, trail, path, road, or way context exists, but it is not a governed fork/decision point inventory."
outputs\ib0d_trimmed_mainline_v1_3b_control_points_only\zhonghua_ust_jiuwufeng_roundtrip_biji_osmrefresh_v1_3b\zhonghua_ust_jiuwufeng_roundtrip_biji_osmrefresh_v1_3b_mainline_ordered_path_trimmed.geojson,True,1,case_id|end_anchor_name|end_anchor_offset_m|end_anchor_source|input_anchor|input_ordered_path|is_same_entry_exit|original_len_m|removed_head_m|removed_tail_m|same_entry_anchor_first_m|same_entry_anchor_hits_n|same_entry_anchor_last_m|same_entry_policy|same_entry_trim_applied|source|start_anchor_name|start_anchor_offset_m|start_anchor_source|trim_end_m|trim_mode|trim_reason|trim_start_m|trimmed_len_m,route_semantic_context_not_fork_inventory,False,"Route semantic, surface, guidepost, facility, trail, path, road, or way context exists, but it is not a governed fork/decision point inventory."
outputs\ib0d_trimmed_mainline_v1_3b_control_points_only\zhonghua_ust_jiuwufeng_roundtrip_biji_osmrefresh_v1_3b\zhonghua_ust_jiuwufeng_roundtrip_biji_osmrefresh_v1_3b_mainline_trim_summary.csv,True,1,case_id|input_ordered_path|input_anchor|trim_mode|trim_reason|is_same_entry_exit|same_entry_policy|same_entry_trim_applied|same_entry_anchor_hits_n|same_entry_anchor_first_m|same_entry_anchor_last_m|same_entry_leading_threshold_m|same_entry_anchor_match_radius_m|original_len_m|start_proj_m|end_proj_m|start_end_proj_diff_m|trim_start_m|trim_end_m|trimmed_len_m|removed_head_m|removed_tail_m|start_anchor_source|start_anchor_name|start_anchor_offset_m|end_anchor_source|end_anchor_name|end_anchor_offset_m|route_point_count|self_near_pair_count|self_near_zone_count|self_near_spatial_threshold_m|self_near_route_gap_threshold_m,route_semantic_context_not_fork_inventory,False,"Route semantic, surface, guidepost, facility, trail, path, road, or way context exists, but it is not a governed fork/decision point inventory."
outputs\ib0d_trimmed_mainline_v1_3b_control_points_only_contract_qa\ib0d_v1_3b_contract_qa_summary_all.csv,True,1,case_id|status|contract|canonical_input_ordered_path|route_axis_control_point_authority|legacy_ib0c_anchor_authority|trim_mode|original_len_m|trim_start_m|trim_end_m|trimmed_len_m|control_point_count|max_control_offset_m|route_point_count|self_near_pair_count|expected_self_near_pair_count|unexpected_self_near_pair_count|hard_fail_reasons|warnings|safe_for_ib1a_ib1c_ib1g_ib1e,route_semantic_context_not_fork_inventory,False,"Route semantic, surface, guidepost, facility, trail, path, road, or way context exists, but it is not a governed fork/decision point inventory."
outputs\ib0d_trimmed_mainline_v1_3b_control_points_only_contract_qa\juansi_waterfall_fitcsv_20260503_osmrefresh_v1_3b\control_point_projection.csv,True,3,case_id|control_id|control_role|phase|name|lat|lon|required|order|route_action|note|projection_ok|projection_offset_to_osm_m|matched_id_text|osm_way_id_current|osm_id_current|highway|name_osm|route_role|match_score|overlap_ratio|projected_lat|projected_lon|projected_route_dist_m|nearest_ordered_path_offset_m|ordered_path_length_m|included_in_required_way|projection_method|search_window_start_m|search_window_end_m|route_point_warning|contract_projected_route_dist_m|contract_nearest_ordered_path_offset_m,route_semantic_context_not_fork_inventory,False,"Route semantic, surface, guidepost, facility, trail, path, road, or way context exists, but it is not a governed fork/decision point inventory."
outputs\ib0d_trimmed_mainline_v1_3b_control_points_only_contract_qa\juansi_waterfall_fitcsv_20260503_osmrefresh_v1_3b\juansi_waterfall_fitcsv_20260503_osmrefresh_v1_3b_mainline_ordered_path_trimmed.geojson,True,1,case_id|contract|input_control_points_csv|input_control_points_geojson|input_ordered_path|original_len_m|source|trim_end_m|trim_mode|trim_start_m|trimmed_len_m,route_semantic_context_not_fork_inventory,False,"Route semantic, surface, guidepost, facility, trail, path, road, or way context exists, but it is not a governed fork/decision point inventory."
outputs\ib0d_trimmed_mainline_v1_3b_control_points_only_contract_qa\juansi_waterfall_fitcsv_20260503_osmrefresh_v1_3b\juansi_waterfall_fitcsv_20260503_osmrefresh_v1_3b_mainline_trim_summary.csv,True,1,case_id|status|contract|canonical_input_ordered_path|route_axis_control_point_authority|legacy_ib0c_anchor_authority|trim_mode|original_len_m|trim_start_m|trim_end_m|trimmed_len_m|control_point_count|max_control_offset_m|route_point_count|self_near_pair_count|expected_self_near_pair_count|unexpected_self_near_pair_count|hard_fail_reasons|warnings|safe_for_ib1a_ib1c_ib1g_ib1e,route_semantic_context_not_fork_inventory,False,"Route semantic, surface, guidepost, facility, trail, path, road, or way context exists, but it is not a governed fork/decision point inventory."
outputs\ib0d_trimmed_mainline_v1_3b_control_points_only_contract_qa\juansi_waterfall_fitcsv_20260503_osmrefresh_v1_3b\juansi_waterfall_fitcsv_20260503_osmrefresh_v1_3b_route_definition_control_points_contract_projection.csv,True,3,case_id|control_id|control_role|phase|name|lat|lon|required|order|route_action|note|projection_ok|projection_offset_to_osm_m|matched_id_text|osm_way_id_current|osm_id_current|highway|name_osm|route_role|match_score|overlap_ratio|projected_lat|projected_lon|projected_route_dist_m|nearest_ordered_path_offset_m|ordered_path_length_m|included_in_required_way|projection_method|search_window_start_m|search_window_end_m|route_point_warning|contract_projected_route_dist_m|contract_nearest_ordered_path_offset_m,route_semantic_context_not_fork_inventory,False,"Route semantic, surface, guidepost, facility, trail, path, road, or way context exists, but it is not a governed fork/decision point inventory."
outputs\ib0d_trimmed_mainline_v1_3b_control_points_only_contract_qa\juansi_waterfall_fitcsv_20260503_osmrefresh_v1_3b\mainline_ordered_path_trimmed.geojson,True,1,case_id|contract|input_control_points_csv|input_control_points_geojson|input_ordered_path|original_len_m|source|trim_end_m|trim_mode|trim_start_m|trimmed_len_m,route_semantic_context_not_fork_inventory,False,"Route semantic, surface, guidepost, facility, trail, path, road, or way context exists, but it is not a governed fork/decision point inventory."
outputs\ib0d_trimmed_mainline_v1_3b_control_points_only_contract_qa\juansi_waterfall_fitcsv_20260503_osmrefresh_v1_3b\trim_summary.csv,True,1,case_id|status|contract|canonical_input_ordered_path|route_axis_control_point_authority|legacy_ib0c_anchor_authority|trim_mode|original_len_m|trim_start_m|trim_end_m|trimmed_len_m|control_point_count|max_control_offset_m|route_point_count|self_near_pair_count|expected_self_near_pair_count|unexpected_self_near_pair_count|hard_fail_reasons|warnings|safe_for_ib1a_ib1c_ib1g_ib1e,route_semantic_context_not_fork_inventory,False,"Route semantic, surface, guidepost, facility, trail, path, road, or way context exists, but it is not a governed fork/decision point inventory."
outputs\ib0d_trimmed_mainline_v1_3b_control_points_only_contract_qa\qixing_lengshuikeng_main_peak_20260523_osmrefresh_v1_3b\control_point_projection.csv,True,5,case_id|control_id|control_role|phase|name|lat|lon|required|order|route_action|note|projection_ok|projection_offset_to_osm_m|matched_id_text|osm_way_id_current|osm_id_current|highway|name_osm|route_role|match_score|overlap_ratio|projected_lat|projected_lon|projected_route_dist_m|nearest_ordered_path_offset_m|ordered_path_length_m|included_in_required_way|projection_method|search_window_start_m|search_window_end_m|route_point_warning|contract_projected_route_dist_m|contract_nearest_ordered_path_offset_m,route_semantic_context_not_fork_inventory,False,"Route semantic, surface, guidepost, facility, trail, path, road, or way context exists, but it is not a governed fork/decision point inventory."
outputs\ib0d_trimmed_mainline_v1_3b_control_points_only_contract_qa\qixing_lengshuikeng_main_peak_20260523_osmrefresh_v1_3b\mainline_ordered_path_trimmed.geojson,True,1,case_id|contract|input_control_points_csv|input_control_points_geojson|input_ordered_path|original_len_m|source|trim_end_m|trim_mode|trim_start_m|trimmed_len_m,route_semantic_context_not_fork_inventory,False,"Route semantic, surface, guidepost, facility, trail, path, road, or way context exists, but it is not a governed fork/decision point inventory."
outputs\ib0d_trimmed_mainline_v1_3b_control_points_only_contract_qa\qixing_lengshuikeng_main_peak_20260523_osmrefresh_v1_3b\qixing_lengshuikeng_main_peak_20260523_osmrefresh_v1_3b_mainline_ordered_path_trimmed.geojson,True,1,case_id|contract|input_control_points_csv|input_control_points_geojson|input_ordered_path|original_len_m|source|trim_end_m|trim_mode|trim_start_m|trimmed_len_m,route_semantic_context_not_fork_inventory,False,"Route semantic, surface, guidepost, facility, trail, path, road, or way context exists, but it is not a governed fork/decision point inventory."
outputs\ib0d_trimmed_mainline_v1_3b_control_points_only_contract_qa\qixing_lengshuikeng_main_peak_20260523_osmrefresh_v1_3b\trim_summary.csv,True,1,case_id|status|contract|canonical_input_ordered_path|route_axis_control_point_authority|legacy_ib0c_anchor_authority|trim_mode|original_len_m|trim_start_m|trim_end_m|trimmed_len_m|control_point_count|max_control_offset_m|route_point_count|self_near_pair_count|expected_self_near_pair_count|unexpected_self_near_pair_count|hard_fail_reasons|warnings|safe_for_ib1a_ib1c_ib1g_ib1e,route_semantic_context_not_fork_inventory,False,"Route semantic, surface, guidepost, facility, trail, path, road, or way context exists, but it is not a governed fork/decision point inventory."
outputs\ib0d_trimmed_mainline_v1_3b_control_points_only_contract_qa\qixing_lengshuikeng_xiaoyoukeng_gpx_osmrefresh_v1_3b\control_point_projection.csv,True,3,case_id|control_id|control_role|phase|name|lat|lon|required|order|route_action|note|projection_ok|projection_offset_to_osm_m|matched_id_text|osm_way_id_current|osm_id_current|highway|name_osm|route_role|match_score|overlap_ratio|projected_lat|projected_lon|projected_route_dist_m|nearest_ordered_path_offset_m|ordered_path_length_m|included_in_required_way|projection_method|search_window_start_m|search_window_end_m|route_point_warning|contract_projected_route_dist_m|contract_nearest_ordered_path_offset_m,route_semantic_context_not_fork_inventory,False,"Route semantic, surface, guidepost, facility, trail, path, road, or way context exists, but it is not a governed fork/decision point inventory."
outputs\ib0d_trimmed_mainline_v1_3b_control_points_only_contract_qa\qixing_lengshuikeng_xiaoyoukeng_gpx_osmrefresh_v1_3b\mainline_ordered_path_trimmed.geojson,True,1,case_id|contract|input_control_points_csv|input_control_points_geojson|input_ordered_path|original_len_m|source|trim_end_m|trim_mode|trim_start_m|trimmed_len_m,route_semantic_context_not_fork_inventory,False,"Route semantic, surface, guidepost, facility, trail, path, road, or way context exists, but it is not a governed fork/decision point inventory."
outputs\ib0d_trimmed_mainline_v1_3b_control_points_only_contract_qa\qixing_lengshuikeng_xiaoyoukeng_gpx_osmrefresh_v1_3b\trim_summary.csv,True,1,case_id|status|contract|canonical_input_ordered_path|route_axis_control_point_authority|legacy_ib0c_anchor_authority|trim_mode|original_len_m|trim_start_m|trim_end_m|trimmed_len_m|control_point_count|max_control_offset_m|route_point_count|self_near_pair_count|expected_self_near_pair_count|unexpected_self_near_pair_count|hard_fail_reasons|warnings|safe_for_ib1a_ib1c_ib1g_ib1e,route_semantic_context_not_fork_inventory,False,"Route semantic, surface, guidepost, facility, trail, path, road, or way context exists, but it is not a governed fork/decision point inventory."
outputs\ib0d_trimmed_mainline_v1_3b_control_points_only_contract_qa\qixing_xiaoyoukeng_main_peak_20260315_osmrefresh_v1_3b\control_point_projection.csv,True,9,case_id|control_id|control_role|phase|name|lat|lon|required|order|route_action|note|projection_ok|projection_offset_to_osm_m|matched_id_text|osm_way_id_current|osm_id_current|highway|name_osm|route_role|match_score|overlap_ratio|projected_lat|projected_lon|projected_route_dist_m|nearest_ordered_path_offset_m|ordered_path_length_m|included_in_required_way|projection_method|search_window_start_m|search_window_end_m|route_point_warning|contract_projected_route_dist_m|contract_nearest_ordered_path_offset_m,route_semantic_context_not_fork_inventory,False,"Route semantic, surface, guidepost, facility, trail, path, road, or way context exists, but it is not a governed fork/decision point inventory."
outputs\ib0d_trimmed_mainline_v1_3b_control_points_only_contract_qa\qixing_xiaoyoukeng_main_peak_20260315_osmrefresh_v1_3b\mainline_ordered_path_trimmed.geojson,True,1,case_id|contract|input_control_points_csv|input_control_points_geojson|input_ordered_path|original_len_m|source|trim_end_m|trim_mode|trim_start_m|trimmed_len_m,route_semantic_context_not_fork_inventory,False,"Route semantic, surface, guidepost, facility, trail, path, road, or way context exists, but it is not a governed fork/decision point inventory."
outputs\ib0d_trimmed_mainline_v1_3b_control_points_only_contract_qa\qixing_xiaoyoukeng_main_peak_20260315_osmrefresh_v1_3b\trim_summary.csv,True,1,case_id|status|contract|canonical_input_ordered_path|route_axis_control_point_authority|legacy_ib0c_anchor_authority|trim_mode|original_len_m|trim_start_m|trim_end_m|trimmed_len_m|control_point_count|max_control_offset_m|route_point_count|self_near_pair_count|expected_self_near_pair_count|unexpected_self_near_pair_count|hard_fail_reasons|warnings|safe_for_ib1a_ib1c_ib1g_ib1e,route_semantic_context_not_fork_inventory,False,"Route semantic, surface, guidepost, facility, trail, path, road, or way context exists, but it is not a governed fork/decision point inventory."
outputs\ib0d_trimmed_mainline_v1_3b_control_points_only_contract_qa\zhonghua_ust_jiuwufeng_roundtrip_biji_osmrefresh_v1_3b\control_point_projection.csv,True,3,case_id|control_id|control_role|phase|name|lat|lon|required|order|route_action|note|projection_ok|projection_offset_to_osm_m|matched_id_text|osm_way_id_current|osm_id_current|highway|name_osm|route_role|match_score|overlap_ratio|projected_lat|projected_lon|projected_route_dist_m|nearest_ordered_path_offset_m|ordered_path_length_m|included_in_required_way|projection_method|search_window_start_m|search_window_end_m|route_point_warning|contract_projected_route_dist_m|contract_nearest_ordered_path_offset_m,route_semantic_context_not_fork_inventory,False,"Route semantic, surface, guidepost, facility, trail, path, road, or way context exists, but it is not a governed fork/decision point inventory."
outputs\ib0d_trimmed_mainline_v1_3b_control_points_only_contract_qa\zhonghua_ust_jiuwufeng_roundtrip_biji_osmrefresh_v1_3b\mainline_ordered_path_trimmed.geojson,True,1,case_id|contract|input_control_points_csv|input_control_points_geojson|input_ordered_path|original_len_m|source|trim_end_m|trim_mode|trim_start_m|trimmed_len_m,route_semantic_context_not_fork_inventory,False,"Route semantic, surface, guidepost, facility, trail, path, road, or way context exists, but it is not a governed fork/decision point inventory."
outputs\ib0d_trimmed_mainline_v1_3b_control_points_only_contract_qa\zhonghua_ust_jiuwufeng_roundtrip_biji_osmrefresh_v1_3b\trim_summary.csv,True,1,case_id|status|contract|canonical_input_ordered_path|route_axis_control_point_authority|legacy_ib0c_anchor_authority|trim_mode|original_len_m|trim_start_m|trim_end_m|trimmed_len_m|control_point_count|max_control_offset_m|route_point_count|self_near_pair_count|expected_self_near_pair_count|unexpected_self_near_pair_count|hard_fail_reasons|warnings|safe_for_ib1a_ib1c_ib1g_ib1e,route_semantic_context_not_fork_inventory,False,"Route semantic, surface, guidepost, facility, trail, path, road, or way context exists, but it is not a governed fork/decision point inventory."
outputs\ib1_route_profile\qixing_lengshuikeng_main_peak_20260523\qixing_lengshuikeng_main_peak_20260523_route_profile.csv,True,4189,case_id|case_name|activity_type|activity_fp|ordered_path_fp|mainline_fp|sample_idx|dist_m|lat|lon|ele_gpx_m|delta_dist_m|delta_ele_m|slope_pct|slope_band|gain_m|loss_m|cum_gain_m|cum_loss_m|nearest_gpx_idx|nearest_gpx_dist_m|time_raw|ele_smooth|elevation_source|needs_nlsc_elevation,route_semantic_context_not_fork_inventory,False,"Route semantic, surface, guidepost, facility, trail, path, road, or way context exists, but it is not a governed fork/decision point inventory."
outputs\ib1_route_profile\qixing_lengshuikeng_main_peak_20260523\qixing_lengshuikeng_main_peak_20260523_route_profile_points.geojson,True,4189,activity_fp|activity_type|case_id|case_name|cum_gain_m|cum_loss_m|delta_dist_m|delta_ele_m|dist_m|ele_gpx_m|ele_med|ele_smooth|elevation_source|gain_m|lat|lon|loss_m|mainline_fp|nearest_gpx_dist_m|nearest_gpx_idx|needs_nlsc_elevation|ordered_path_fp|sample_idx|slope_band|slope_pct|time_raw,route_semantic_context_not_fork_inventory,False,"Route semantic, surface, guidepost, facility, trail, path, road, or way context exists, but it is not a governed fork/decision point inventory."
outputs\ib1_route_profile\qixing_xiaoyoukeng_main_peak_20260315\qixing_xiaoyoukeng_main_peak_20260315_route_profile.csv,True,3332,case_id|case_name|activity_type|activity_fp|ordered_path_fp|mainline_fp|sample_idx|dist_m|lat|lon|ele_gpx_m|delta_dist_m|delta_ele_m|slope_pct|slope_band|gain_m|loss_m|cum_gain_m|cum_loss_m|nearest_gpx_idx|nearest_gpx_dist_m|time_raw|ele_smooth|elevation_source|needs_nlsc_elevation,route_semantic_context_not_fork_inventory,False,"Route semantic, surface, guidepost, facility, trail, path, road, or way context exists, but it is not a governed fork/decision point inventory."
outputs\ib1_route_profile\qixing_xiaoyoukeng_main_peak_20260315\qixing_xiaoyoukeng_main_peak_20260315_route_profile_points.geojson,True,3332,activity_fp|activity_type|case_id|case_name|cum_gain_m|cum_loss_m|delta_dist_m|delta_ele_m|dist_m|ele_gpx_m|ele_med|ele_smooth|elevation_source|gain_m|lat|lon|loss_m|mainline_fp|nearest_gpx_dist_m|nearest_gpx_idx|needs_nlsc_elevation|ordered_path_fp|sample_idx|slope_band|slope_pct|time_raw,route_semantic_context_not_fork_inventory,False,"Route semantic, surface, guidepost, facility, trail, path, road, or way context exists, but it is not a governed fork/decision point inventory."
outputs\ib1_route_profile\zhonghua_ust_jiuwufeng_roundtrip_biji\zhonghua_ust_jiuwufeng_roundtrip_biji_route_profile.csv,True,5239,case_id|case_name|activity_type|activity_fp|ordered_path_fp|mainline_fp|sample_idx|dist_m|lat|lon|ele_gpx_m|delta_dist_m|delta_ele_m|slope_pct|slope_band|gain_m|loss_m|cum_gain_m|cum_loss_m|nearest_gpx_idx|nearest_gpx_dist_m|time_raw|ele_smooth|elevation_source|needs_nlsc_elevation,route_semantic_context_not_fork_inventory,False,"Route semantic, surface, guidepost, facility, trail, path, road, or way context exists, but it is not a governed fork/decision point inventory."
outputs\ib1_route_profile\zhonghua_ust_jiuwufeng_roundtrip_biji\zhonghua_ust_jiuwufeng_roundtrip_biji_route_profile_points.geojson,True,5239,activity_fp|activity_type|case_id|case_name|cum_gain_m|cum_loss_m|delta_dist_m|delta_ele_m|dist_m|ele_gpx_m|ele_med|ele_smooth|elevation_source|gain_m|lat|lon|loss_m|mainline_fp|nearest_gpx_dist_m|nearest_gpx_idx|needs_nlsc_elevation|ordered_path_fp|sample_idx|slope_band|slope_pct|time_raw,route_semantic_context_not_fork_inventory,False,"Route semantic, surface, guidepost, facility, trail, path, road, or way context exists, but it is not a governed fork/decision point inventory."
outputs\ib1_route_profile_forced_required_way_test\qixing_lengshuikeng_main_peak_20260523\qixing_lengshuikeng_main_peak_20260523_route_profile.csv,True,4189,case_id|case_name|activity_type|activity_fp|ordered_path_fp|mainline_fp|sample_idx|dist_m|lat|lon|ele_gpx_m|delta_dist_m|delta_ele_m|slope_pct|slope_band|gain_m|loss_m|cum_gain_m|cum_loss_m|nearest_gpx_idx|nearest_gpx_dist_m|time_raw|ele_smooth|elevation_source|needs_nlsc_elevation,route_semantic_context_not_fork_inventory,False,"Route semantic, surface, guidepost, facility, trail, path, road, or way context exists, but it is not a governed fork/decision point inventory."
outputs\ib1_route_profile_forced_required_way_test\qixing_lengshuikeng_main_peak_20260523\qixing_lengshuikeng_main_peak_20260523_route_profile_points.geojson,True,4189,activity_fp|activity_type|case_id|case_name|cum_gain_m|cum_loss_m|delta_dist_m|delta_ele_m|dist_m|ele_gpx_m|ele_med|ele_smooth|elevation_source|gain_m|lat|lon|loss_m|mainline_fp|nearest_gpx_dist_m|nearest_gpx_idx|needs_nlsc_elevation|ordered_path_fp|sample_idx|slope_band|slope_pct|time_raw,route_semantic_context_not_fork_inventory,False,"Route semantic, surface, guidepost, facility, trail, path, road, or way context exists, but it is not a governed fork/decision point inventory."
outputs\ib1_route_profile_output\qixing_route_profile_with_osm_attributes.csv,True,190,sample_idx|dist_m|lat|lon|ele_gpx_m|delta_dist_m|delta_ele_m|slope_pct|slope_band|gain_m|loss_m|cum_gain_m|cum_loss_m|nearest_gpx_idx|nearest_gpx_dist_m|time_raw|ele_smooth|highway_norm|mainline_role|technical|nearest_segment_dist_m|osm_way_id|name,route_semantic_context_not_fork_inventory,False,"Route semantic, surface, guidepost, facility, trail, path, road, or way context exists, but it is not a governed fork/decision point inventory."
outputs\ib1_route_profile_v1_1\qixing_lengshuikeng_main_peak_20260523\qixing_lengshuikeng_main_peak_20260523_route_profile.csv,True,4149,case_id|case_name|activity_type|activity_fp|ordered_path_fp|mainline_fp|sample_idx|dist_m|lat|lon|ele_gpx_m|delta_dist_m|delta_ele_m|slope_pct|slope_band|gain_m|loss_m|cum_gain_m|cum_loss_m|nearest_gpx_idx|nearest_gpx_dist_m|time_raw|ele_smooth|elevation_source|needs_nlsc_elevation,route_semantic_context_not_fork_inventory,False,"Route semantic, surface, guidepost, facility, trail, path, road, or way context exists, but it is not a governed fork/decision point inventory."
outputs\ib1_route_profile_v1_1\qixing_lengshuikeng_main_peak_20260523\qixing_lengshuikeng_main_peak_20260523_route_profile_points.geojson,True,4149,activity_fp|activity_type|case_id|case_name|cum_gain_m|cum_loss_m|delta_dist_m|delta_ele_m|dist_m|ele_gpx_m|ele_med|ele_smooth|elevation_source|gain_m|lat|lon|loss_m|mainline_fp|nearest_gpx_dist_m|nearest_gpx_idx|needs_nlsc_elevation|ordered_path_fp|sample_idx|slope_band|slope_pct|time_raw,route_semantic_context_not_fork_inventory,False,"Route semantic, surface, guidepost, facility, trail, path, road, or way context exists, but it is not a governed fork/decision point inventory."
outputs\ib1_route_profile_v1_1\qixing_xiaoyoukeng_main_peak_20260315\qixing_xiaoyoukeng_main_peak_20260315_route_profile.csv,True,3332,case_id|case_name|activity_type|activity_fp|ordered_path_fp|mainline_fp|sample_idx|dist_m|lat|lon|ele_gpx_m|delta_dist_m|delta_ele_m|slope_pct|slope_band|gain_m|loss_m|cum_gain_m|cum_loss_m|nearest_gpx_idx|nearest_gpx_dist_m|time_raw|ele_smooth|elevation_source|needs_nlsc_elevation,route_semantic_context_not_fork_inventory,False,"Route semantic, surface, guidepost, facility, trail, path, road, or way context exists, but it is not a governed fork/decision point inventory."
outputs\ib1_route_profile_v1_1\qixing_xiaoyoukeng_main_peak_20260315\qixing_xiaoyoukeng_main_peak_20260315_route_profile_points.geojson,True,3332,activity_fp|activity_type|case_id|case_name|cum_gain_m|cum_loss_m|delta_dist_m|delta_ele_m|dist_m|ele_gpx_m|ele_med|ele_smooth|elevation_source|gain_m|lat|lon|loss_m|mainline_fp|nearest_gpx_dist_m|nearest_gpx_idx|needs_nlsc_elevation|ordered_path_fp|sample_idx|slope_band|slope_pct|time_raw,route_semantic_context_not_fork_inventory,False,"Route semantic, surface, guidepost, facility, trail, path, road, or way context exists, but it is not a governed fork/decision point inventory."
outputs\ib1_route_profile_v1_3b_contract_qa\juansi_waterfall_fitcsv_20260503_osmrefresh_v1_3b\juansi_waterfall_fitcsv_20260503_osmrefresh_v1_3b_route_profile.csv,True,3697,case_id|case_name|activity_type|activity_fp|ordered_path_fp|mainline_fp|sample_idx|dist_m|lat|lon|ele_gpx_m|delta_dist_m|delta_ele_m|slope_pct|slope_band|gain_m|loss_m|cum_gain_m|cum_loss_m|nearest_gpx_idx|nearest_gpx_dist_m|time_raw|ele_smooth|elevation_source|needs_nlsc_elevation,route_semantic_context_not_fork_inventory,False,"Route semantic, surface, guidepost, facility, trail, path, road, or way context exists, but it is not a governed fork/decision point inventory."
outputs\ib1_route_profile_v1_3b_contract_qa\juansi_waterfall_fitcsv_20260503_osmrefresh_v1_3b\juansi_waterfall_fitcsv_20260503_osmrefresh_v1_3b_route_profile_points.geojson,True,3697,activity_fp|activity_type|case_id|case_name|cum_gain_m|cum_loss_m|delta_dist_m|delta_ele_m|dist_m|ele_gpx_m|ele_med|ele_smooth|elevation_source|gain_m|lat|lon|loss_m|mainline_fp|nearest_gpx_dist_m|nearest_gpx_idx|needs_nlsc_elevation|ordered_path_fp|sample_idx|slope_band|slope_pct|time_raw,route_semantic_context_not_fork_inventory,False,"Route semantic, surface, guidepost, facility, trail, path, road, or way context exists, but it is not a governed fork/decision point inventory."
outputs\ib1_route_profile_v1_3b_contract_qa\qixing_lengshuikeng_main_peak_20260523_osmrefresh_v1_3b\qixing_lengshuikeng_main_peak_20260523_osmrefresh_v1_3b_route_profile.csv,True,4189,case_id|case_name|activity_type|activity_fp|ordered_path_fp|mainline_fp|sample_idx|dist_m|lat|lon|ele_gpx_m|delta_dist_m|delta_ele_m|slope_pct|slope_band|gain_m|loss_m|cum_gain_m|cum_loss_m|nearest_gpx_idx|nearest_gpx_dist_m|time_raw|ele_smooth|elevation_source|needs_nlsc_elevation,route_semantic_context_not_fork_inventory,False,"Route semantic, surface, guidepost, facility, trail, path, road, or way context exists, but it is not a governed fork/decision point inventory."
outputs\ib1_route_profile_v1_3b_contract_qa\qixing_lengshuikeng_main_peak_20260523_osmrefresh_v1_3b\qixing_lengshuikeng_main_peak_20260523_osmrefresh_v1_3b_route_profile_points.geojson,True,4189,activity_fp|activity_type|case_id|case_name|cum_gain_m|cum_loss_m|delta_dist_m|delta_ele_m|dist_m|ele_gpx_m|ele_med|ele_smooth|elevation_source|gain_m|lat|lon|loss_m|mainline_fp|nearest_gpx_dist_m|nearest_gpx_idx|needs_nlsc_elevation|ordered_path_fp|sample_idx|slope_band|slope_pct|time_raw,route_semantic_context_not_fork_inventory,False,"Route semantic, surface, guidepost, facility, trail, path, road, or way context exists, but it is not a governed fork/decision point inventory."
outputs\ib1_route_profile_v1_3b_contract_qa\qixing_lengshuikeng_xiaoyoukeng_gpx_osmrefresh_v1_3b\qixing_lengshuikeng_xiaoyoukeng_gpx_osmrefresh_v1_3b_route_profile.csv,True,3697,case_id|case_name|activity_type|activity_fp|ordered_path_fp|mainline_fp|sample_idx|dist_m|lat|lon|ele_gpx_m|delta_dist_m|delta_ele_m|slope_pct|slope_band|gain_m|loss_m|cum_gain_m|cum_loss_m|nearest_gpx_idx|nearest_gpx_dist_m|time_raw|ele_smooth|elevation_source|needs_nlsc_elevation,route_semantic_context_not_fork_inventory,False,"Route semantic, surface, guidepost, facility, trail, path, road, or way context exists, but it is not a governed fork/decision point inventory."
outputs\ib1_route_profile_v1_3b_contract_qa\qixing_lengshuikeng_xiaoyoukeng_gpx_osmrefresh_v1_3b\qixing_lengshuikeng_xiaoyoukeng_gpx_osmrefresh_v1_3b_route_profile_points.geojson,True,3697,activity_fp|activity_type|case_id|case_name|cum_gain_m|cum_loss_m|delta_dist_m|delta_ele_m|dist_m|ele_gpx_m|ele_med|ele_smooth|elevation_source|gain_m|lat|lon|loss_m|mainline_fp|nearest_gpx_dist_m|nearest_gpx_idx|needs_nlsc_elevation|ordered_path_fp|sample_idx|slope_band|slope_pct|time_raw,route_semantic_context_not_fork_inventory,False,"Route semantic, surface, guidepost, facility, trail, path, road, or way context exists, but it is not a governed fork/decision point inventory."
outputs\ib1_route_profile_v1_3b_contract_qa\qixing_xiaoyoukeng_main_peak_20260315_osmrefresh_v1_3b\qixing_xiaoyoukeng_main_peak_20260315_osmrefresh_v1_3b_route_profile.csv,True,3247,case_id|case_name|activity_type|activity_fp|ordered_path_fp|mainline_fp|sample_idx|dist_m|lat|lon|ele_gpx_m|delta_dist_m|delta_ele_m|slope_pct|slope_band|gain_m|loss_m|cum_gain_m|cum_loss_m|nearest_gpx_idx|nearest_gpx_dist_m|time_raw|ele_smooth|elevation_source|needs_nlsc_elevation,route_semantic_context_not_fork_inventory,False,"Route semantic, surface, guidepost, facility, trail, path, road, or way context exists, but it is not a governed fork/decision point inventory."
outputs\ib1_route_profile_v1_3b_contract_qa\qixing_xiaoyoukeng_main_peak_20260315_osmrefresh_v1_3b\qixing_xiaoyoukeng_main_peak_20260315_osmrefresh_v1_3b_route_profile_points.geojson,True,3247,activity_fp|activity_type|case_id|case_name|cum_gain_m|cum_loss_m|delta_dist_m|delta_ele_m|dist_m|ele_gpx_m|ele_med|ele_smooth|elevation_source|gain_m|lat|lon|loss_m|mainline_fp|nearest_gpx_dist_m|nearest_gpx_idx|needs_nlsc_elevation|ordered_path_fp|sample_idx|slope_band|slope_pct|time_raw,route_semantic_context_not_fork_inventory,False,"Route semantic, surface, guidepost, facility, trail, path, road, or way context exists, but it is not a governed fork/decision point inventory."
outputs\ib1_route_profile_v1_3b_contract_qa\zhonghua_ust_jiuwufeng_roundtrip_biji_osmrefresh_v1_3b\zhonghua_ust_jiuwufeng_roundtrip_biji_osmrefresh_v1_3b_route_profile.csv,True,5449,case_id|case_name|activity_type|activity_fp|ordered_path_fp|mainline_fp|sample_idx|dist_m|lat|lon|ele_gpx_m|delta_dist_m|delta_ele_m|slope_pct|slope_band|gain_m|loss_m|cum_gain_m|cum_loss_m|nearest_gpx_idx|nearest_gpx_dist_m|time_raw|ele_smooth|elevation_source|needs_nlsc_elevation,route_semantic_context_not_fork_inventory,False,"Route semantic, surface, guidepost, facility, trail, path, road, or way context exists, but it is not a governed fork/decision point inventory."
outputs\ib1_route_profile_v1_3b_contract_qa\zhonghua_ust_jiuwufeng_roundtrip_biji_osmrefresh_v1_3b\zhonghua_ust_jiuwufeng_roundtrip_biji_osmrefresh_v1_3b_route_profile_points.geojson,True,5449,activity_fp|activity_type|case_id|case_name|cum_gain_m|cum_loss_m|delta_dist_m|delta_ele_m|dist_m|ele_gpx_m|ele_med|ele_smooth|elevation_source|gain_m|lat|lon|loss_m|mainline_fp|nearest_gpx_dist_m|nearest_gpx_idx|needs_nlsc_elevation|ordered_path_fp|sample_idx|slope_band|slope_pct|time_raw,route_semantic_context_not_fork_inventory,False,"Route semantic, surface, guidepost, facility, trail, path, road, or way context exists, but it is not a governed fork/decision point inventory."
outputs\ib1_route_profile_v1_3b_qixing_via_corridor_repair_candidate\qixing_lengshuikeng_main_peak_20260523_osmrefresh_v1_3b\qixing_lengshuikeng_main_peak_20260523_osmrefresh_v1_3b_route_profile.csv,True,3841,case_id|case_name|activity_type|activity_fp|ordered_path_fp|mainline_fp|sample_idx|dist_m|lat|lon|ele_gpx_m|delta_dist_m|delta_ele_m|slope_pct|slope_band|gain_m|loss_m|cum_gain_m|cum_loss_m|nearest_gpx_idx|nearest_gpx_dist_m|time_raw|ele_smooth|elevation_source|needs_nlsc_elevation,route_semantic_context_not_fork_inventory,False,"Route semantic, surface, guidepost, facility, trail, path, road, or way context exists, but it is not a governed fork/decision point inventory."
outputs\ib1_route_profile_v1_3b_qixing_via_corridor_repair_candidate\qixing_lengshuikeng_main_peak_20260523_osmrefresh_v1_3b\qixing_lengshuikeng_main_peak_20260523_osmrefresh_v1_3b_route_profile_points.geojson,True,3841,activity_fp|activity_type|case_id|case_name|cum_gain_m|cum_loss_m|delta_dist_m|delta_ele_m|dist_m|ele_gpx_m|ele_med|ele_smooth|elevation_source|gain_m|lat|lon|loss_m|mainline_fp|nearest_gpx_dist_m|nearest_gpx_idx|needs_nlsc_elevation|ordered_path_fp|sample_idx|slope_band|slope_pct|time_raw,route_semantic_context_not_fork_inventory,False,"Route semantic, surface, guidepost, facility, trail, path, road, or way context exists, but it is not a governed fork/decision point inventory."
outputs\ib1b_route_profile_attribute_output\qixing_route_profile_with_osm_attributes.csv,True,182,sample_idx|dist_m|lat|lon|ele_gpx_m|delta_dist_m|delta_ele_m|slope_pct|slope_band|gain_m|loss_m|cum_gain_m|cum_loss_m|nearest_gpx_idx|nearest_gpx_dist_m|time_raw|ele_smooth|highway_norm|mainline_role|technical|nearest_segment_dist_m|osm_way_id|name,route_semantic_context_not_fork_inventory,False,"Route semantic, surface, guidepost, facility, trail, path, road, or way context exists, but it is not a governed fork/decision point inventory."
outputs\ib1b_route_profile_attribute_output\qixing_xiaoyoukeng_roundtrip_joyhike\qixing_route_profile_with_osm_attributes.csv,True,3877,sample_idx|dist_m|lat|lon|ele_gpx_m|delta_dist_m|delta_ele_m|slope_pct|slope_band|gain_m|loss_m|cum_gain_m|cum_loss_m|nearest_gpx_idx|nearest_gpx_dist_m|time_raw|ele_smooth|elevation_source|needs_nlsc_elevation|highway_norm|mainline_role|technical|nearest_segment_dist_m|osm_way_id|name,route_semantic_context_not_fork_inventory,False,"Route semantic, surface, guidepost, facility, trail, path, road, or way context exists, but it is not a governed fork/decision point inventory."
outputs\ib1c_osm_semantic_audit\juansi_waterfall_fitcsv_20260503\juansi_waterfall_fitcsv_20260503_implemented_but_not_used_in_ib2.csv,True,67,semantic_group|source_field|source_value|derived_class|risk_domain|risk_meaning|risk_direction|base_score|weather_sensitive|needs_nlsc|needs_activity|implemented_in_ib1c|used_in_ib2|notes,route_semantic_context_not_fork_inventory,False,"Route semantic, surface, guidepost, facility, trail, path, road, or way context exists, but it is not a governed fork/decision point inventory."
outputs\ib1c_osm_semantic_audit\juansi_waterfall_fitcsv_20260503\juansi_waterfall_fitcsv_20260503_mapping_defined_but_not_seen.csv,True,47,mapping_key|semantic_group|source_field|source_value|derived_class|risk_domain|base_score|implemented_in_ib1c|used_in_ib2|notes,route_semantic_context_not_fork_inventory,False,"Route semantic, surface, guidepost, facility, trail, path, road, or way context exists, but it is not a governed fork/decision point inventory."
outputs\ib1c_osm_semantic_audit\juansi_waterfall_fitcsv_20260503\juansi_waterfall_fitcsv_20260503_semantic_field_summary.csv,True,19,field|exists_in_ib1c_output|non_empty_n|unique_n|source_field_for_mapping|is_flag_field,route_semantic_context_not_fork_inventory,False,"Route semantic, surface, guidepost, facility, trail, path, road, or way context exists, but it is not a governed fork/decision point inventory."
outputs\ib1c_osm_semantic_audit\juansi_waterfall_fitcsv_20260503\juansi_waterfall_fitcsv_20260503_semantic_unmapped_values.csv,True,0,ib1c_field|source_field|observed_value|observed_n|mapping_key|has_mapping|note,route_semantic_context_not_fork_inventory,False,"Route semantic, surface, guidepost, facility, trail, path, road, or way context exists, but it is not a governed fork/decision point inventory."
outputs\ib1c_osm_semantic_audit\juansi_waterfall_fitcsv_20260503\juansi_waterfall_fitcsv_20260503_semantic_value_mapping_coverage.csv,True,20,ib1c_field|source_field|observed_value|observed_n|mapping_key|has_mapping|note,route_semantic_context_not_fork_inventory,False,"Route semantic, surface, guidepost, facility, trail, path, road, or way context exists, but it is not a governed fork/decision point inventory."
outputs\ib1c_osm_semantic_audit\qixing_lengshuikeng_main_peak_20260523\qixing_lengshuikeng_main_peak_20260523_implemented_but_not_used_in_ib2.csv,True,53,semantic_group|source_field|source_value|derived_class|risk_domain|risk_meaning|risk_direction|base_score|weather_sensitive|needs_nlsc|needs_activity|implemented_in_ib1c|used_in_ib2|notes,route_semantic_context_not_fork_inventory,False,"Route semantic, surface, guidepost, facility, trail, path, road, or way context exists, but it is not a governed fork/decision point inventory."
outputs\ib1c_osm_semantic_audit\qixing_lengshuikeng_main_peak_20260523\qixing_lengshuikeng_main_peak_20260523_mapping_defined_but_not_seen.csv,True,37,mapping_key|semantic_group|source_field|source_value|derived_class|risk_domain|base_score|implemented_in_ib1c|used_in_ib2|notes,route_semantic_context_not_fork_inventory,False,"Route semantic, surface, guidepost, facility, trail, path, road, or way context exists, but it is not a governed fork/decision point inventory."
outputs\ib1c_osm_semantic_audit\qixing_lengshuikeng_main_peak_20260523\qixing_lengshuikeng_main_peak_20260523_semantic_field_summary.csv,True,19,field|exists_in_ib1c_output|non_empty_n|unique_n|source_field_for_mapping|is_flag_field,route_semantic_context_not_fork_inventory,False,"Route semantic, surface, guidepost, facility, trail, path, road, or way context exists, but it is not a governed fork/decision point inventory."
outputs\ib1c_osm_semantic_audit\qixing_lengshuikeng_main_peak_20260523\qixing_lengshuikeng_main_peak_20260523_semantic_unmapped_values.csv,True,0,ib1c_field|source_field|observed_value|observed_n|mapping_key|has_mapping|note,route_semantic_context_not_fork_inventory,False,"Route semantic, surface, guidepost, facility, trail, path, road, or way context exists, but it is not a governed fork/decision point inventory."
outputs\ib1c_osm_semantic_audit\qixing_lengshuikeng_main_peak_20260523\qixing_lengshuikeng_main_peak_20260523_semantic_value_mapping_coverage.csv,True,16,ib1c_field|source_field|observed_value|observed_n|mapping_key|has_mapping|note,route_semantic_context_not_fork_inventory,False,"Route semantic, surface, guidepost, facility, trail, path, road, or way context exists, but it is not a governed fork/decision point inventory."
outputs\ib1c_osm_semantic_audit\qixing_xiaoyoukeng_main_peak_20260315\qixing_xiaoyoukeng_main_peak_20260315_implemented_but_not_used_in_ib2.csv,True,53,semantic_group|source_field|source_value|derived_class|risk_domain|risk_meaning|risk_direction|base_score|weather_sensitive|needs_nlsc|needs_activity|implemented_in_ib1c|used_in_ib2|notes,route_semantic_context_not_fork_inventory,False,"Route semantic, surface, guidepost, facility, trail, path, road, or way context exists, but it is not a governed fork/decision point inventory."
outputs\ib1c_osm_semantic_audit\qixing_xiaoyoukeng_main_peak_20260315\qixing_xiaoyoukeng_main_peak_20260315_mapping_defined_but_not_seen.csv,True,39,mapping_key|semantic_group|source_field|source_value|derived_class|risk_domain|base_score|implemented_in_ib1c|used_in_ib2|notes,route_semantic_context_not_fork_inventory,False,"Route semantic, surface, guidepost, facility, trail, path, road, or way context exists, but it is not a governed fork/decision point inventory."
outputs\ib1c_osm_semantic_audit\qixing_xiaoyoukeng_main_peak_20260315\qixing_xiaoyoukeng_main_peak_20260315_semantic_field_summary.csv,True,19,field|exists_in_ib1c_output|non_empty_n|unique_n|source_field_for_mapping|is_flag_field,route_semantic_context_not_fork_inventory,False,"Route semantic, surface, guidepost, facility, trail, path, road, or way context exists, but it is not a governed fork/decision point inventory."
outputs\ib1c_osm_semantic_audit\qixing_xiaoyoukeng_main_peak_20260315\qixing_xiaoyoukeng_main_peak_20260315_semantic_unmapped_values.csv,True,0,ib1c_field|source_field|observed_value|observed_n|mapping_key|has_mapping|note,route_semantic_context_not_fork_inventory,False,"Route semantic, surface, guidepost, facility, trail, path, road, or way context exists, but it is not a governed fork/decision point inventory."
outputs\ib1c_osm_semantic_audit\qixing_xiaoyoukeng_main_peak_20260315\qixing_xiaoyoukeng_main_peak_20260315_semantic_value_mapping_coverage.csv,True,14,ib1c_field|source_field|observed_value|observed_n|mapping_key|has_mapping|note,route_semantic_context_not_fork_inventory,False,"Route semantic, surface, guidepost, facility, trail, path, road, or way context exists, but it is not a governed fork/decision point inventory."
outputs\ib1c_osm_semantic_audit\zhonghua_ust_jiuwufeng_roundtrip_biji\zhonghua_ust_jiuwufeng_roundtrip_biji_implemented_but_not_used_in_ib2.csv,True,53,semantic_group|source_field|source_value|derived_class|risk_domain|risk_meaning|risk_direction|base_score|weather_sensitive|needs_nlsc|needs_activity|implemented_in_ib1c|used_in_ib2|notes,route_semantic_context_not_fork_inventory,False,"Route semantic, surface, guidepost, facility, trail, path, road, or way context exists, but it is not a governed fork/decision point inventory."
outputs\ib1c_osm_semantic_audit\zhonghua_ust_jiuwufeng_roundtrip_biji\zhonghua_ust_jiuwufeng_roundtrip_biji_mapping_defined_but_not_seen.csv,True,35,mapping_key|semantic_group|source_field|source_value|derived_class|risk_domain|base_score|implemented_in_ib1c|used_in_ib2|notes,route_semantic_context_not_fork_inventory,False,"Route semantic, surface, guidepost, facility, trail, path, road, or way context exists, but it is not a governed fork/decision point inventory."
outputs\ib1c_osm_semantic_audit\zhonghua_ust_jiuwufeng_roundtrip_biji\zhonghua_ust_jiuwufeng_roundtrip_biji_semantic_field_summary.csv,True,19,field|exists_in_ib1c_output|non_empty_n|unique_n|source_field_for_mapping|is_flag_field,route_semantic_context_not_fork_inventory,False,"Route semantic, surface, guidepost, facility, trail, path, road, or way context exists, but it is not a governed fork/decision point inventory."
outputs\ib1c_osm_semantic_audit\zhonghua_ust_jiuwufeng_roundtrip_biji\zhonghua_ust_jiuwufeng_roundtrip_biji_semantic_unmapped_values.csv,True,1,ib1c_field|source_field|observed_value|observed_n|mapping_key|has_mapping|note,route_semantic_context_not_fork_inventory,False,"Route semantic, surface, guidepost, facility, trail, path, road, or way context exists, but it is not a governed fork/decision point inventory."
outputs\ib1c_osm_semantic_audit\zhonghua_ust_jiuwufeng_roundtrip_biji\zhonghua_ust_jiuwufeng_roundtrip_biji_semantic_value_mapping_coverage.csv,True,20,ib1c_field|source_field|observed_value|observed_n|mapping_key|has_mapping|note,route_semantic_context_not_fork_inventory,False,"Route semantic, surface, guidepost, facility, trail, path, road, or way context exists, but it is not a governed fork/decision point inventory."
outputs\ib1c_osm_semantic_audit_forced_required_way_test\qixing_lengshuikeng_main_peak_20260523\qixing_lengshuikeng_main_peak_20260523_implemented_but_not_used_in_ib2.csv,True,53,semantic_group|source_field|source_value|derived_class|risk_domain|risk_meaning|risk_direction|base_score|weather_sensitive|needs_nlsc|needs_activity|implemented_in_ib1c|used_in_ib2|notes,route_semantic_context_not_fork_inventory,False,"Route semantic, surface, guidepost, facility, trail, path, road, or way context exists, but it is not a governed fork/decision point inventory."
outputs\ib1c_osm_semantic_audit_forced_required_way_test\qixing_lengshuikeng_main_peak_20260523\qixing_lengshuikeng_main_peak_20260523_mapping_defined_but_not_seen.csv,True,37,mapping_key|semantic_group|source_field|source_value|derived_class|risk_domain|base_score|implemented_in_ib1c|used_in_ib2|notes,route_semantic_context_not_fork_inventory,False,"Route semantic, surface, guidepost, facility, trail, path, road, or way context exists, but it is not a governed fork/decision point inventory."
outputs\ib1c_osm_semantic_audit_forced_required_way_test\qixing_lengshuikeng_main_peak_20260523\qixing_lengshuikeng_main_peak_20260523_semantic_field_summary.csv,True,19,field|exists_in_ib1c_output|non_empty_n|unique_n|source_field_for_mapping|is_flag_field,route_semantic_context_not_fork_inventory,False,"Route semantic, surface, guidepost, facility, trail, path, road, or way context exists, but it is not a governed fork/decision point inventory."
outputs\ib1c_osm_semantic_audit_forced_required_way_test\qixing_lengshuikeng_main_peak_20260523\qixing_lengshuikeng_main_peak_20260523_semantic_unmapped_values.csv,True,0,ib1c_field|source_field|observed_value|observed_n|mapping_key|has_mapping|note,route_semantic_context_not_fork_inventory,False,"Route semantic, surface, guidepost, facility, trail, path, road, or way context exists, but it is not a governed fork/decision point inventory."
outputs\ib1c_osm_semantic_audit_forced_required_way_test\qixing_lengshuikeng_main_peak_20260523\qixing_lengshuikeng_main_peak_20260523_semantic_value_mapping_coverage.csv,True,16,ib1c_field|source_field|observed_value|observed_n|mapping_key|has_mapping|note,route_semantic_context_not_fork_inventory,False,"Route semantic, surface, guidepost, facility, trail, path, road, or way context exists, but it is not a governed fork/decision point inventory."
outputs\ib1c_osm_semantic_audit_v1_1\qixing_lengshuikeng_main_peak_20260523\qixing_lengshuikeng_main_peak_20260523_implemented_but_not_used_in_ib2.csv,True,67,semantic_group|source_field|source_value|derived_class|risk_domain|risk_meaning|risk_direction|base_score|weather_sensitive|needs_nlsc|needs_activity|implemented_in_ib1c|used_in_ib2|notes,route_semantic_context_not_fork_inventory,False,"Route semantic, surface, guidepost, facility, trail, path, road, or way context exists, but it is not a governed fork/decision point inventory."
outputs\ib1c_osm_semantic_audit_v1_1\qixing_lengshuikeng_main_peak_20260523\qixing_lengshuikeng_main_peak_20260523_mapping_defined_but_not_seen.csv,True,50,mapping_key|semantic_group|source_field|source_value|derived_class|risk_domain|base_score|implemented_in_ib1c|used_in_ib2|notes,route_semantic_context_not_fork_inventory,False,"Route semantic, surface, guidepost, facility, trail, path, road, or way context exists, but it is not a governed fork/decision point inventory."
outputs\ib1c_osm_semantic_audit_v1_1\qixing_lengshuikeng_main_peak_20260523\qixing_lengshuikeng_main_peak_20260523_semantic_field_summary.csv,True,19,field|exists_in_ib1c_output|non_empty_n|unique_n|source_field_for_mapping|is_flag_field,route_semantic_context_not_fork_inventory,False,"Route semantic, surface, guidepost, facility, trail, path, road, or way context exists, but it is not a governed fork/decision point inventory."
outputs\ib1c_osm_semantic_audit_v1_1\qixing_lengshuikeng_main_peak_20260523\qixing_lengshuikeng_main_peak_20260523_semantic_unmapped_values.csv,True,0,ib1c_field|source_field|observed_value|observed_n|mapping_key|has_mapping|note,route_semantic_context_not_fork_inventory,False,"Route semantic, surface, guidepost, facility, trail, path, road, or way context exists, but it is not a governed fork/decision point inventory."
outputs\ib1c_osm_semantic_audit_v1_1\qixing_lengshuikeng_main_peak_20260523\qixing_lengshuikeng_main_peak_20260523_semantic_value_mapping_coverage.csv,True,17,ib1c_field|source_field|observed_value|observed_n|mapping_key|has_mapping|note,route_semantic_context_not_fork_inventory,False,"Route semantic, surface, guidepost, facility, trail, path, road, or way context exists, but it is not a governed fork/decision point inventory."
outputs\ib1c_osm_semantic_audit_v1_1\qixing_xiaoyoukeng_main_peak_20260315\qixing_xiaoyoukeng_main_peak_20260315_implemented_but_not_used_in_ib2.csv,True,67,semantic_group|source_field|source_value|derived_class|risk_domain|risk_meaning|risk_direction|base_score|weather_sensitive|needs_nlsc|needs_activity|implemented_in_ib1c|used_in_ib2|notes,route_semantic_context_not_fork_inventory,False,"Route semantic, surface, guidepost, facility, trail, path, road, or way context exists, but it is not a governed fork/decision point inventory."
outputs\ib1c_osm_semantic_audit_v1_1\qixing_xiaoyoukeng_main_peak_20260315\qixing_xiaoyoukeng_main_peak_20260315_mapping_defined_but_not_seen.csv,True,54,mapping_key|semantic_group|source_field|source_value|derived_class|risk_domain|base_score|implemented_in_ib1c|used_in_ib2|notes,route_semantic_context_not_fork_inventory,False,"Route semantic, surface, guidepost, facility, trail, path, road, or way context exists, but it is not a governed fork/decision point inventory."
outputs\ib1c_osm_semantic_audit_v1_1\qixing_xiaoyoukeng_main_peak_20260315\qixing_xiaoyoukeng_main_peak_20260315_semantic_field_summary.csv,True,19,field|exists_in_ib1c_output|non_empty_n|unique_n|source_field_for_mapping|is_flag_field,route_semantic_context_not_fork_inventory,False,"Route semantic, surface, guidepost, facility, trail, path, road, or way context exists, but it is not a governed fork/decision point inventory."
outputs\ib1c_osm_semantic_audit_v1_1\qixing_xiaoyoukeng_main_peak_20260315\qixing_xiaoyoukeng_main_peak_20260315_semantic_unmapped_values.csv,True,0,ib1c_field|source_field|observed_value|observed_n|mapping_key|has_mapping|note,route_semantic_context_not_fork_inventory,False,"Route semantic, surface, guidepost, facility, trail, path, road, or way context exists, but it is not a governed fork/decision point inventory."
outputs\ib1c_osm_semantic_audit_v1_1\qixing_xiaoyoukeng_main_peak_20260315\qixing_xiaoyoukeng_main_peak_20260315_semantic_value_mapping_coverage.csv,True,13,ib1c_field|source_field|observed_value|observed_n|mapping_key|has_mapping|note,route_semantic_context_not_fork_inventory,False,"Route semantic, surface, guidepost, facility, trail, path, road, or way context exists, but it is not a governed fork/decision point inventory."
outputs\ib1c_osm_semantic_audit_v1_1\zhonghua_ust_jiuwufeng_roundtrip_biji\zhonghua_ust_jiuwufeng_roundtrip_biji_implemented_but_not_used_in_ib2.csv,True,67,semantic_group|source_field|source_value|derived_class|risk_domain|risk_meaning|risk_direction|base_score|weather_sensitive|needs_nlsc|needs_activity|implemented_in_ib1c|used_in_ib2|notes,route_semantic_context_not_fork_inventory,False,"Route semantic, surface, guidepost, facility, trail, path, road, or way context exists, but it is not a governed fork/decision point inventory."
outputs\ib1c_osm_semantic_audit_v1_1\zhonghua_ust_jiuwufeng_roundtrip_biji\zhonghua_ust_jiuwufeng_roundtrip_biji_mapping_defined_but_not_seen.csv,True,48,mapping_key|semantic_group|source_field|source_value|derived_class|risk_domain|base_score|implemented_in_ib1c|used_in_ib2|notes,route_semantic_context_not_fork_inventory,False,"Route semantic, surface, guidepost, facility, trail, path, road, or way context exists, but it is not a governed fork/decision point inventory."
outputs\ib1c_osm_semantic_audit_v1_1\zhonghua_ust_jiuwufeng_roundtrip_biji\zhonghua_ust_jiuwufeng_roundtrip_biji_semantic_field_summary.csv,True,19,field|exists_in_ib1c_output|non_empty_n|unique_n|source_field_for_mapping|is_flag_field,route_semantic_context_not_fork_inventory,False,"Route semantic, surface, guidepost, facility, trail, path, road, or way context exists, but it is not a governed fork/decision point inventory."
outputs\ib1c_osm_semantic_audit_v1_1\zhonghua_ust_jiuwufeng_roundtrip_biji\zhonghua_ust_jiuwufeng_roundtrip_biji_semantic_unmapped_values.csv,True,0,ib1c_field|source_field|observed_value|observed_n|mapping_key|has_mapping|note,route_semantic_context_not_fork_inventory,False,"Route semantic, surface, guidepost, facility, trail, path, road, or way context exists, but it is not a governed fork/decision point inventory."
outputs\ib1c_osm_semantic_audit_v1_1\zhonghua_ust_jiuwufeng_roundtrip_biji\zhonghua_ust_jiuwufeng_roundtrip_biji_semantic_value_mapping_coverage.csv,True,20,ib1c_field|source_field|observed_value|observed_n|mapping_key|has_mapping|note,route_semantic_context_not_fork_inventory,False,"Route semantic, surface, guidepost, facility, trail, path, road, or way context exists, but it is not a governed fork/decision point inventory."
outputs\ib1c_osm_semantic_audit_v1_3b_contract_qa\juansi_waterfall_fitcsv_20260503_osmrefresh_v1_3b\juansi_waterfall_fitcsv_20260503_osmrefresh_v1_3b_implemented_but_not_used_in_ib2.csv,True,70,semantic_group|source_field|source_value|derived_class|risk_domain|risk_meaning|risk_direction|base_score|weather_sensitive|needs_nlsc|needs_activity|implemented_in_ib1c|used_in_ib2|notes,route_semantic_context_not_fork_inventory,False,"Route semantic, surface, guidepost, facility, trail, path, road, or way context exists, but it is not a governed fork/decision point inventory."
outputs\ib1c_osm_semantic_audit_v1_3b_contract_qa\juansi_waterfall_fitcsv_20260503_osmrefresh_v1_3b\juansi_waterfall_fitcsv_20260503_osmrefresh_v1_3b_mapping_defined_but_not_seen.csv,True,48,mapping_key|semantic_group|source_field|source_value|derived_class|risk_domain|base_score|implemented_in_ib1c|used_in_ib2|notes,route_semantic_context_not_fork_inventory,False,"Route semantic, surface, guidepost, facility, trail, path, road, or way context exists, but it is not a governed fork/decision point inventory."
outputs\ib1c_osm_semantic_audit_v1_3b_contract_qa\juansi_waterfall_fitcsv_20260503_osmrefresh_v1_3b\juansi_waterfall_fitcsv_20260503_osmrefresh_v1_3b_semantic_field_summary.csv,True,19,field|exists_in_ib1c_output|non_empty_n|unique_n|source_field_for_mapping|is_flag_field,route_semantic_context_not_fork_inventory,False,"Route semantic, surface, guidepost, facility, trail, path, road, or way context exists, but it is not a governed fork/decision point inventory."
outputs\ib1c_osm_semantic_audit_v1_3b_contract_qa\juansi_waterfall_fitcsv_20260503_osmrefresh_v1_3b\juansi_waterfall_fitcsv_20260503_osmrefresh_v1_3b_semantic_unmapped_values.csv,True,0,ib1c_field|source_field|observed_value|observed_n|mapping_key|has_mapping|note,route_semantic_context_not_fork_inventory,False,"Route semantic, surface, guidepost, facility, trail, path, road, or way context exists, but it is not a governed fork/decision point inventory."
outputs\ib1c_osm_semantic_audit_v1_3b_contract_qa\juansi_waterfall_fitcsv_20260503_osmrefresh_v1_3b\juansi_waterfall_fitcsv_20260503_osmrefresh_v1_3b_semantic_value_mapping_coverage.csv,True,22,ib1c_field|source_field|observed_value|observed_n|mapping_key|has_mapping|note,route_semantic_context_not_fork_inventory,False,"Route semantic, surface, guidepost, facility, trail, path, road, or way context exists, but it is not a governed fork/decision point inventory."
outputs\ib1c_osm_semantic_audit_v1_3b_contract_qa\qixing_lengshuikeng_main_peak_20260523_osmrefresh_v1_3b\qixing_lengshuikeng_main_peak_20260523_osmrefresh_v1_3b_implemented_but_not_used_in_ib2.csv,True,70,semantic_group|source_field|source_value|derived_class|risk_domain|risk_meaning|risk_direction|base_score|weather_sensitive|needs_nlsc|needs_activity|implemented_in_ib1c|used_in_ib2|notes,route_semantic_context_not_fork_inventory,False,"Route semantic, surface, guidepost, facility, trail, path, road, or way context exists, but it is not a governed fork/decision point inventory."
outputs\ib1c_osm_semantic_audit_v1_3b_contract_qa\qixing_lengshuikeng_main_peak_20260523_osmrefresh_v1_3b\qixing_lengshuikeng_main_peak_20260523_osmrefresh_v1_3b_mapping_defined_but_not_seen.csv,True,54,mapping_key|semantic_group|source_field|source_value|derived_class|risk_domain|base_score|implemented_in_ib1c|used_in_ib2|notes,route_semantic_context_not_fork_inventory,False,"Route semantic, surface, guidepost, facility, trail, path, road, or way context exists, but it is not a governed fork/decision point inventory."
outputs\ib1c_osm_semantic_audit_v1_3b_contract_qa\qixing_lengshuikeng_main_peak_20260523_osmrefresh_v1_3b\qixing_lengshuikeng_main_peak_20260523_osmrefresh_v1_3b_semantic_field_summary.csv,True,19,field|exists_in_ib1c_output|non_empty_n|unique_n|source_field_for_mapping|is_flag_field,route_semantic_context_not_fork_inventory,False,"Route semantic, surface, guidepost, facility, trail, path, road, or way context exists, but it is not a governed fork/decision point inventory."
outputs\ib1c_osm_semantic_audit_v1_3b_contract_qa\qixing_lengshuikeng_main_peak_20260523_osmrefresh_v1_3b\qixing_lengshuikeng_main_peak_20260523_osmrefresh_v1_3b_semantic_unmapped_values.csv,True,0,ib1c_field|source_field|observed_value|observed_n|mapping_key|has_mapping|note,route_semantic_context_not_fork_inventory,False,"Route semantic, surface, guidepost, facility, trail, path, road, or way context exists, but it is not a governed fork/decision point inventory."
outputs\ib1c_osm_semantic_audit_v1_3b_contract_qa\qixing_lengshuikeng_main_peak_20260523_osmrefresh_v1_3b\qixing_lengshuikeng_main_peak_20260523_osmrefresh_v1_3b_semantic_value_mapping_coverage.csv,True,16,ib1c_field|source_field|observed_value|observed_n|mapping_key|has_mapping|note,route_semantic_context_not_fork_inventory,False,"Route semantic, surface, guidepost, facility, trail, path, road, or way context exists, but it is not a governed fork/decision point inventory."
outputs\ib1c_osm_semantic_audit_v1_3b_contract_qa\qixing_lengshuikeng_xiaoyoukeng_gpx_osmrefresh_v1_3b\qixing_lengshuikeng_xiaoyoukeng_gpx_osmrefresh_v1_3b_implemented_but_not_used_in_ib2.csv,True,70,semantic_group|source_field|source_value|derived_class|risk_domain|risk_meaning|risk_direction|base_score|weather_sensitive|needs_nlsc|needs_activity|implemented_in_ib1c|used_in_ib2|notes,route_semantic_context_not_fork_inventory,False,"Route semantic, surface, guidepost, facility, trail, path, road, or way context exists, but it is not a governed fork/decision point inventory."
outputs\ib1c_osm_semantic_audit_v1_3b_contract_qa\qixing_lengshuikeng_xiaoyoukeng_gpx_osmrefresh_v1_3b\qixing_lengshuikeng_xiaoyoukeng_gpx_osmrefresh_v1_3b_mapping_defined_but_not_seen.csv,True,46,mapping_key|semantic_group|source_field|source_value|derived_class|risk_domain|base_score|implemented_in_ib1c|used_in_ib2|notes,route_semantic_context_not_fork_inventory,False,"Route semantic, surface, guidepost, facility, trail, path, road, or way context exists, but it is not a governed fork/decision point inventory."
outputs\ib1c_osm_semantic_audit_v1_3b_contract_qa\qixing_lengshuikeng_xiaoyoukeng_gpx_osmrefresh_v1_3b\qixing_lengshuikeng_xiaoyoukeng_gpx_osmrefresh_v1_3b_semantic_field_summary.csv,True,19,field|exists_in_ib1c_output|non_empty_n|unique_n|source_field_for_mapping|is_flag_field,route_semantic_context_not_fork_inventory,False,"Route semantic, surface, guidepost, facility, trail, path, road, or way context exists, but it is not a governed fork/decision point inventory."
outputs\ib1c_osm_semantic_audit_v1_3b_contract_qa\qixing_lengshuikeng_xiaoyoukeng_gpx_osmrefresh_v1_3b\qixing_lengshuikeng_xiaoyoukeng_gpx_osmrefresh_v1_3b_semantic_unmapped_values.csv,True,0,ib1c_field|source_field|observed_value|observed_n|mapping_key|has_mapping|note,route_semantic_context_not_fork_inventory,False,"Route semantic, surface, guidepost, facility, trail, path, road, or way context exists, but it is not a governed fork/decision point inventory."
outputs\ib1c_osm_semantic_audit_v1_3b_contract_qa\qixing_lengshuikeng_xiaoyoukeng_gpx_osmrefresh_v1_3b\qixing_lengshuikeng_xiaoyoukeng_gpx_osmrefresh_v1_3b_semantic_value_mapping_coverage.csv,True,24,ib1c_field|source_field|observed_value|observed_n|mapping_key|has_mapping|note,route_semantic_context_not_fork_inventory,False,"Route semantic, surface, guidepost, facility, trail, path, road, or way context exists, but it is not a governed fork/decision point inventory."
outputs\ib1c_osm_semantic_audit_v1_3b_contract_qa\qixing_xiaoyoukeng_main_peak_20260315_osmrefresh_v1_3b\qixing_xiaoyoukeng_main_peak_20260315_osmrefresh_v1_3b_implemented_but_not_used_in_ib2.csv,True,70,semantic_group|source_field|source_value|derived_class|risk_domain|risk_meaning|risk_direction|base_score|weather_sensitive|needs_nlsc|needs_activity|implemented_in_ib1c|used_in_ib2|notes,route_semantic_context_not_fork_inventory,False,"Route semantic, surface, guidepost, facility, trail, path, road, or way context exists, but it is not a governed fork/decision point inventory."
outputs\ib1c_osm_semantic_audit_v1_3b_contract_qa\qixing_xiaoyoukeng_main_peak_20260315_osmrefresh_v1_3b\qixing_xiaoyoukeng_main_peak_20260315_osmrefresh_v1_3b_mapping_defined_but_not_seen.csv,True,55,mapping_key|semantic_group|source_field|source_value|derived_class|risk_domain|base_score|implemented_in_ib1c|used_in_ib2|notes,route_semantic_context_not_fork_inventory,False,"Route semantic, surface, guidepost, facility, trail, path, road, or way context exists, but it is not a governed fork/decision point inventory."
outputs\ib1c_osm_semantic_audit_v1_3b_contract_qa\qixing_xiaoyoukeng_main_peak_20260315_osmrefresh_v1_3b\qixing_xiaoyoukeng_main_peak_20260315_osmrefresh_v1_3b_semantic_field_summary.csv,True,19,field|exists_in_ib1c_output|non_empty_n|unique_n|source_field_for_mapping|is_flag_field,route_semantic_context_not_fork_inventory,False,"Route semantic, surface, guidepost, facility, trail, path, road, or way context exists, but it is not a governed fork/decision point inventory."
outputs\ib1c_osm_semantic_audit_v1_3b_contract_qa\qixing_xiaoyoukeng_main_peak_20260315_osmrefresh_v1_3b\qixing_xiaoyoukeng_main_peak_20260315_osmrefresh_v1_3b_semantic_unmapped_values.csv,True,0,ib1c_field|source_field|observed_value|observed_n|mapping_key|has_mapping|note,route_semantic_context_not_fork_inventory,False,"Route semantic, surface, guidepost, facility, trail, path, road, or way context exists, but it is not a governed fork/decision point inventory."
outputs\ib1c_osm_semantic_audit_v1_3b_contract_qa\qixing_xiaoyoukeng_main_peak_20260315_osmrefresh_v1_3b\qixing_xiaoyoukeng_main_peak_20260315_osmrefresh_v1_3b_semantic_value_mapping_coverage.csv,True,15,ib1c_field|source_field|observed_value|observed_n|mapping_key|has_mapping|note,route_semantic_context_not_fork_inventory,False,"Route semantic, surface, guidepost, facility, trail, path, road, or way context exists, but it is not a governed fork/decision point inventory."
outputs\ib1c_osm_semantic_audit_v1_3b_contract_qa\zhonghua_ust_jiuwufeng_roundtrip_biji_osmrefresh_v1_3b\zhonghua_ust_jiuwufeng_roundtrip_biji_osmrefresh_v1_3b_implemented_but_not_used_in_ib2.csv,True,70,semantic_group|source_field|source_value|derived_class|risk_domain|risk_meaning|risk_direction|base_score|weather_sensitive|needs_nlsc|needs_activity|implemented_in_ib1c|used_in_ib2|notes,route_semantic_context_not_fork_inventory,False,"Route semantic, surface, guidepost, facility, trail, path, road, or way context exists, but it is not a governed fork/decision point inventory."
outputs\ib1c_osm_semantic_audit_v1_3b_contract_qa\zhonghua_ust_jiuwufeng_roundtrip_biji_osmrefresh_v1_3b\zhonghua_ust_jiuwufeng_roundtrip_biji_osmrefresh_v1_3b_mapping_defined_but_not_seen.csv,True,51,mapping_key|semantic_group|source_field|source_value|derived_class|risk_domain|base_score|implemented_in_ib1c|used_in_ib2|notes,route_semantic_context_not_fork_inventory,False,"Route semantic, surface, guidepost, facility, trail, path, road, or way context exists, but it is not a governed fork/decision point inventory."
outputs\ib1c_osm_semantic_audit_v1_3b_contract_qa\zhonghua_ust_jiuwufeng_roundtrip_biji_osmrefresh_v1_3b\zhonghua_ust_jiuwufeng_roundtrip_biji_osmrefresh_v1_3b_semantic_field_summary.csv,True,19,field|exists_in_ib1c_output|non_empty_n|unique_n|source_field_for_mapping|is_flag_field,route_semantic_context_not_fork_inventory,False,"Route semantic, surface, guidepost, facility, trail, path, road, or way context exists, but it is not a governed fork/decision point inventory."
outputs\ib1c_osm_semantic_audit_v1_3b_contract_qa\zhonghua_ust_jiuwufeng_roundtrip_biji_osmrefresh_v1_3b\zhonghua_ust_jiuwufeng_roundtrip_biji_osmrefresh_v1_3b_semantic_unmapped_values.csv,True,0,ib1c_field|source_field|observed_value|observed_n|mapping_key|has_mapping|note,route_semantic_context_not_fork_inventory,False,"Route semantic, surface, guidepost, facility, trail, path, road, or way context exists, but it is not a governed fork/decision point inventory."
outputs\ib1c_osm_semantic_audit_v1_3b_contract_qa\zhonghua_ust_jiuwufeng_roundtrip_biji_osmrefresh_v1_3b\zhonghua_ust_jiuwufeng_roundtrip_biji_osmrefresh_v1_3b_semantic_value_mapping_coverage.csv,True,20,ib1c_field|source_field|observed_value|observed_n|mapping_key|has_mapping|note,route_semantic_context_not_fork_inventory,False,"Route semantic, surface, guidepost, facility, trail, path, road, or way context exists, but it is not a governed fork/decision point inventory."
outputs\ib1c_osm_semantic_audit_v1_3b_contract_qa_v1_2_mapping_check\juansi_waterfall_fitcsv_20260503_osmrefresh_v1_3b\juansi_waterfall_fitcsv_20260503_osmrefresh_v1_3b_implemented_but_not_used_in_ib2.csv,True,70,semantic_group|source_field|source_value|derived_class|risk_domain|risk_meaning|risk_direction|base_score|weather_sensitive|needs_nlsc|needs_activity|implemented_in_ib1c|used_in_ib2|notes,route_semantic_context_not_fork_inventory,False,"Route semantic, surface, guidepost, facility, trail, path, road, or way context exists, but it is not a governed fork/decision point inventory."
outputs\ib1c_osm_semantic_audit_v1_3b_contract_qa_v1_2_mapping_check\juansi_waterfall_fitcsv_20260503_osmrefresh_v1_3b\juansi_waterfall_fitcsv_20260503_osmrefresh_v1_3b_mapping_defined_but_not_seen.csv,True,48,mapping_key|semantic_group|source_field|source_value|derived_class|risk_domain|base_score|implemented_in_ib1c|used_in_ib2|notes,route_semantic_context_not_fork_inventory,False,"Route semantic, surface, guidepost, facility, trail, path, road, or way context exists, but it is not a governed fork/decision point inventory."
outputs\ib1c_osm_semantic_audit_v1_3b_contract_qa_v1_2_mapping_check\juansi_waterfall_fitcsv_20260503_osmrefresh_v1_3b\juansi_waterfall_fitcsv_20260503_osmrefresh_v1_3b_semantic_field_summary.csv,True,19,field|exists_in_ib1c_output|non_empty_n|unique_n|source_field_for_mapping|is_flag_field,route_semantic_context_not_fork_inventory,False,"Route semantic, surface, guidepost, facility, trail, path, road, or way context exists, but it is not a governed fork/decision point inventory."
outputs\ib1c_osm_semantic_audit_v1_3b_contract_qa_v1_2_mapping_check\juansi_waterfall_fitcsv_20260503_osmrefresh_v1_3b\juansi_waterfall_fitcsv_20260503_osmrefresh_v1_3b_semantic_unmapped_values.csv,True,0,ib1c_field|source_field|observed_value|observed_n|mapping_key|has_mapping|note,route_semantic_context_not_fork_inventory,False,"Route semantic, surface, guidepost, facility, trail, path, road, or way context exists, but it is not a governed fork/decision point inventory."
outputs\ib1c_osm_semantic_audit_v1_3b_contract_qa_v1_2_mapping_check\juansi_waterfall_fitcsv_20260503_osmrefresh_v1_3b\juansi_waterfall_fitcsv_20260503_osmrefresh_v1_3b_semantic_value_mapping_coverage.csv,True,22,ib1c_field|source_field|observed_value|observed_n|mapping_key|has_mapping|note,route_semantic_context_not_fork_inventory,False,"Route semantic, surface, guidepost, facility, trail, path, road, or way context exists, but it is not a governed fork/decision point inventory."
outputs\ib1c_osm_semantic_audit_v1_3b_contract_qa_v1_2_mapping_check\qixing_lengshuikeng_main_peak_20260523_osmrefresh_v1_3b\qixing_lengshuikeng_main_peak_20260523_osmrefresh_v1_3b_implemented_but_not_used_in_ib2.csv,True,70,semantic_group|source_field|source_value|derived_class|risk_domain|risk_meaning|risk_direction|base_score|weather_sensitive|needs_nlsc|needs_activity|implemented_in_ib1c|used_in_ib2|notes,route_semantic_context_not_fork_inventory,False,"Route semantic, surface, guidepost, facility, trail, path, road, or way context exists, but it is not a governed fork/decision point inventory."
outputs\ib1c_osm_semantic_audit_v1_3b_contract_qa_v1_2_mapping_check\qixing_lengshuikeng_main_peak_20260523_osmrefresh_v1_3b\qixing_lengshuikeng_main_peak_20260523_osmrefresh_v1_3b_mapping_defined_but_not_seen.csv,True,54,mapping_key|semantic_group|source_field|source_value|derived_class|risk_domain|base_score|implemented_in_ib1c|used_in_ib2|notes,route_semantic_context_not_fork_inventory,False,"Route semantic, surface, guidepost, facility, trail, path, road, or way context exists, but it is not a governed fork/decision point inventory."
outputs\ib1c_osm_semantic_audit_v1_3b_contract_qa_v1_2_mapping_check\qixing_lengshuikeng_main_peak_20260523_osmrefresh_v1_3b\qixing_lengshuikeng_main_peak_20260523_osmrefresh_v1_3b_semantic_field_summary.csv,True,19,field|exists_in_ib1c_output|non_empty_n|unique_n|source_field_for_mapping|is_flag_field,route_semantic_context_not_fork_inventory,False,"Route semantic, surface, guidepost, facility, trail, path, road, or way context exists, but it is not a governed fork/decision point inventory."
outputs\ib1c_osm_semantic_audit_v1_3b_contract_qa_v1_2_mapping_check\qixing_lengshuikeng_main_peak_20260523_osmrefresh_v1_3b\qixing_lengshuikeng_main_peak_20260523_osmrefresh_v1_3b_semantic_unmapped_values.csv,True,0,ib1c_field|source_field|observed_value|observed_n|mapping_key|has_mapping|note,route_semantic_context_not_fork_inventory,False,"Route semantic, surface, guidepost, facility, trail, path, road, or way context exists, but it is not a governed fork/decision point inventory."
outputs\ib1c_osm_semantic_audit_v1_3b_contract_qa_v1_2_mapping_check\qixing_lengshuikeng_main_peak_20260523_osmrefresh_v1_3b\qixing_lengshuikeng_main_peak_20260523_osmrefresh_v1_3b_semantic_value_mapping_coverage.csv,True,16,ib1c_field|source_field|observed_value|observed_n|mapping_key|has_mapping|note,route_semantic_context_not_fork_inventory,False,"Route semantic, surface, guidepost, facility, trail, path, road, or way context exists, but it is not a governed fork/decision point inventory."
outputs\ib1c_osm_semantic_audit_v1_3b_contract_qa_v1_2_mapping_check\qixing_xiaoyoukeng_main_peak_20260315_osmrefresh_v1_3b\qixing_xiaoyoukeng_main_peak_20260315_osmrefresh_v1_3b_implemented_but_not_used_in_ib2.csv,True,70,semantic_group|source_field|source_value|derived_class|risk_domain|risk_meaning|risk_direction|base_score|weather_sensitive|needs_nlsc|needs_activity|implemented_in_ib1c|used_in_ib2|notes,route_semantic_context_not_fork_inventory,False,"Route semantic, surface, guidepost, facility, trail, path, road, or way context exists, but it is not a governed fork/decision point inventory."
outputs\ib1c_osm_semantic_audit_v1_3b_contract_qa_v1_2_mapping_check\qixing_xiaoyoukeng_main_peak_20260315_osmrefresh_v1_3b\qixing_xiaoyoukeng_main_peak_20260315_osmrefresh_v1_3b_mapping_defined_but_not_seen.csv,True,55,mapping_key|semantic_group|source_field|source_value|derived_class|risk_domain|base_score|implemented_in_ib1c|used_in_ib2|notes,route_semantic_context_not_fork_inventory,False,"Route semantic, surface, guidepost, facility, trail, path, road, or way context exists, but it is not a governed fork/decision point inventory."
outputs\ib1c_osm_semantic_audit_v1_3b_contract_qa_v1_2_mapping_check\qixing_xiaoyoukeng_main_peak_20260315_osmrefresh_v1_3b\qixing_xiaoyoukeng_main_peak_20260315_osmrefresh_v1_3b_semantic_field_summary.csv,True,19,field|exists_in_ib1c_output|non_empty_n|unique_n|source_field_for_mapping|is_flag_field,route_semantic_context_not_fork_inventory,False,"Route semantic, surface, guidepost, facility, trail, path, road, or way context exists, but it is not a governed fork/decision point inventory."
outputs\ib1c_osm_semantic_audit_v1_3b_contract_qa_v1_2_mapping_check\qixing_xiaoyoukeng_main_peak_20260315_osmrefresh_v1_3b\qixing_xiaoyoukeng_main_peak_20260315_osmrefresh_v1_3b_semantic_unmapped_values.csv,True,0,ib1c_field|source_field|observed_value|observed_n|mapping_key|has_mapping|note,route_semantic_context_not_fork_inventory,False,"Route semantic, surface, guidepost, facility, trail, path, road, or way context exists, but it is not a governed fork/decision point inventory."
outputs\ib1c_osm_semantic_audit_v1_3b_contract_qa_v1_2_mapping_check\qixing_xiaoyoukeng_main_peak_20260315_osmrefresh_v1_3b\qixing_xiaoyoukeng_main_peak_20260315_osmrefresh_v1_3b_semantic_value_mapping_coverage.csv,True,15,ib1c_field|source_field|observed_value|observed_n|mapping_key|has_mapping|note,route_semantic_context_not_fork_inventory,False,"Route semantic, surface, guidepost, facility, trail, path, road, or way context exists, but it is not a governed fork/decision point inventory."
outputs\ib1c_osm_semantic_audit_v1_3b_contract_qa_v1_2_mapping_check\zhonghua_ust_jiuwufeng_roundtrip_biji_osmrefresh_v1_3b\zhonghua_ust_jiuwufeng_roundtrip_biji_osmrefresh_v1_3b_implemented_but_not_used_in_ib2.csv,True,70,semantic_group|source_field|source_value|derived_class|risk_domain|risk_meaning|risk_direction|base_score|weather_sensitive|needs_nlsc|needs_activity|implemented_in_ib1c|used_in_ib2|notes,route_semantic_context_not_fork_inventory,False,"Route semantic, surface, guidepost, facility, trail, path, road, or way context exists, but it is not a governed fork/decision point inventory."
outputs\ib1c_osm_semantic_audit_v1_3b_contract_qa_v1_2_mapping_check\zhonghua_ust_jiuwufeng_roundtrip_biji_osmrefresh_v1_3b\zhonghua_ust_jiuwufeng_roundtrip_biji_osmrefresh_v1_3b_mapping_defined_but_not_seen.csv,True,51,mapping_key|semantic_group|source_field|source_value|derived_class|risk_domain|base_score|implemented_in_ib1c|used_in_ib2|notes,route_semantic_context_not_fork_inventory,False,"Route semantic, surface, guidepost, facility, trail, path, road, or way context exists, but it is not a governed fork/decision point inventory."
outputs\ib1c_osm_semantic_audit_v1_3b_contract_qa_v1_2_mapping_check\zhonghua_ust_jiuwufeng_roundtrip_biji_osmrefresh_v1_3b\zhonghua_ust_jiuwufeng_roundtrip_biji_osmrefresh_v1_3b_semantic_field_summary.csv,True,19,field|exists_in_ib1c_output|non_empty_n|unique_n|source_field_for_mapping|is_flag_field,route_semantic_context_not_fork_inventory,False,"Route semantic, surface, guidepost, facility, trail, path, road, or way context exists, but it is not a governed fork/decision point inventory."
outputs\ib1c_osm_semantic_audit_v1_3b_contract_qa_v1_2_mapping_check\zhonghua_ust_jiuwufeng_roundtrip_biji_osmrefresh_v1_3b\zhonghua_ust_jiuwufeng_roundtrip_biji_osmrefresh_v1_3b_semantic_unmapped_values.csv,True,0,ib1c_field|source_field|observed_value|observed_n|mapping_key|has_mapping|note,route_semantic_context_not_fork_inventory,False,"Route semantic, surface, guidepost, facility, trail, path, road, or way context exists, but it is not a governed fork/decision point inventory."
outputs\ib1c_osm_semantic_audit_v1_3b_contract_qa_v1_2_mapping_check\zhonghua_ust_jiuwufeng_roundtrip_biji_osmrefresh_v1_3b\zhonghua_ust_jiuwufeng_roundtrip_biji_osmrefresh_v1_3b_semantic_value_mapping_coverage.csv,True,20,ib1c_field|source_field|observed_value|observed_n|mapping_key|has_mapping|note,route_semantic_context_not_fork_inventory,False,"Route semantic, surface, guidepost, facility, trail, path, road, or way context exists, but it is not a governed fork/decision point inventory."
outputs\ib1c_osm_semantic_risk\juansi_waterfall_fitcsv_20260503\juansi_waterfall_fitcsv_20260503_osm_semantic_risk_profile.csv,True,3973,sample_idx|dist_m|lat|lon|ele_gpx_m|delta_dist_m|delta_ele_m|slope_pct|slope_band|gain_m|loss_m|cum_gain_m|cum_loss_m|nearest_gpx_idx|nearest_gpx_dist_m|time_raw|ele_smooth|elevation_source|needs_nlsc_elevation|near_highway|dist_highway_m|osm_way_name|osm_way_name_zh|osm_way_id|osm_way_type|osm_highway|osm_surface|osm_tracktype|osm_smoothness|osm_trail_visibility|osm_sac_scale|osm_incline|osm_lit|osm_lit_status|osm_handrail|osm_safety_rope|osm_step_count|osm_width|osm_bridge|osm_bridge_material|osm_ford|osm_tunnel|osm_covered|osm_highway_family|osm_walk_relevance|osm_trail_difficulty_hint|osm_vertical_context|osm_is_steps|near_safety_rope|dist_safety_rope_m|near_assisted_trail|dist_assisted_trail_m|near_handrail|dist_handrail_m|near_rungs|dist_rungs_m|near_ladder|dist_ladder_m|near_via_ferrata|dist_via_ferrata_m|near_street_lamp|dist_street_lamp_m|near_cliff|dist_cliff_m|near_scree|dist_scree_m|near_bare_rock|dist_bare_rock_m|near_landslide|dist_landslide_m|near_waterway|dist_waterway_m|near_water_area|dist_water_area_m|near_wetland|dist_wetland_m|near_trailhead|dist_trailhead_m|near_peak|dist_peak_m,route_semantic_context_not_fork_inventory,False,"Route semantic, surface, guidepost, facility, trail, path, road, or way context exists, but it is not a governed fork/decision point inventory."
outputs\ib1c_osm_semantic_risk\juansi_waterfall_fitcsv_20260503\juansi_waterfall_fitcsv_20260503_osm_semantic_risk_profile.geojson,True,3973,applied_mapping_hits|assist_class|case_id|case_name|conditional_factor_flags|conditional_notes|conditional_risk_domains|cum_gain_m|cum_loss_m|delta_dist_m|delta_ele_m|dist_alpine_hut_m|dist_assisted_trail_m|dist_bare_rock_m|dist_bench_m|dist_cliff_m|dist_drinking_water_m|dist_guidepost_m|dist_handrail_m|dist_highway_m|dist_information_office_m|dist_ladder_m|dist_landslide_m|dist_m|dist_peak_m|dist_picnic_site_m|dist_picnic_table_m|dist_rungs_m|dist_safety_rope_m|dist_scree_m|dist_shelter_m|dist_street_lamp_m|dist_toilets_m|dist_trailhead_m|dist_via_ferrata_m|dist_visitor_centre_m|dist_water_area_m|dist_waterway_m|dist_wetland_m|dist_wilderness_hut_m|ele_gpx_m|ele_med|ele_smooth|elevation_source|exposure_risk_score|facility_flags|gain_m|hazard_flags|hydrology_flags|hydrology_risk_score|ia1_dataset_id|landmark_context_score|landmark_flags|lat|lon|loss_m|navigation_risk_score|navigation_support_score|near_alpine_hut|near_assisted_trail|near_bare_rock|near_bench|near_cliff|near_drinking_water|near_guidepost|near_handrail|near_highway|near_information_office|near_ladder|near_landslide|near_peak|near_picnic_site|near_picnic_table|near_rungs|near_safety_rope|near_scree|near_shelter|near_street_lamp|near_toilets|near_trailhead,route_semantic_context_not_fork_inventory,False,"Route semantic, surface, guidepost, facility, trail, path, road, or way context exists, but it is not a governed fork/decision point inventory."
outputs\ib1c_osm_semantic_risk\juansi_waterfall_fitcsv_20260503\juansi_waterfall_fitcsv_20260503_osm_semantic_risk_summary.csv,True,20,metric|value,route_semantic_context_not_fork_inventory,False,"Route semantic, surface, guidepost, facility, trail, path, road, or way context exists, but it is not a governed fork/decision point inventory."
outputs\ib1c_osm_semantic_risk\qixing_lengshuikeng_main_peak_20260523\qixing_lengshuikeng_main_peak_20260523_osm_semantic_risk_profile.csv,True,4189,case_id|case_name|activity_type|activity_fp|ordered_path_fp|mainline_fp|sample_idx|dist_m|lat|lon|ele_gpx_m|delta_dist_m|delta_ele_m|slope_pct|slope_band|gain_m|loss_m|cum_gain_m|cum_loss_m|nearest_gpx_idx|nearest_gpx_dist_m|time_raw|ele_smooth|elevation_source|needs_nlsc_elevation|near_highway|dist_highway_m|osm_way_name|osm_way_name_zh|osm_way_id|osm_way_type|osm_highway|osm_surface|osm_tracktype|osm_smoothness|osm_trail_visibility|osm_sac_scale|osm_incline|osm_lit|osm_lit_status|osm_handrail|osm_safety_rope|osm_step_count|osm_width|osm_bridge|osm_bridge_material|osm_ford|osm_tunnel|osm_covered|osm_highway_family|osm_walk_relevance|osm_trail_difficulty_hint|osm_vertical_context|osm_is_steps|near_safety_rope|dist_safety_rope_m|near_assisted_trail|dist_assisted_trail_m|near_handrail|dist_handrail_m|near_rungs|dist_rungs_m|near_ladder|dist_ladder_m|near_via_ferrata|dist_via_ferrata_m|near_street_lamp|dist_street_lamp_m|near_cliff|dist_cliff_m|near_scree|dist_scree_m|near_bare_rock|dist_bare_rock_m|near_landslide|dist_landslide_m|near_waterway|dist_waterway_m|near_water_area|dist_water_area_m,route_semantic_context_not_fork_inventory,False,"Route semantic, surface, guidepost, facility, trail, path, road, or way context exists, but it is not a governed fork/decision point inventory."
outputs\ib1c_osm_semantic_risk\qixing_lengshuikeng_main_peak_20260523\qixing_lengshuikeng_main_peak_20260523_osm_semantic_risk_profile.geojson,True,4189,activity_fp|activity_type|applied_mapping_hits|assist_class|case_id|case_name|conditional_factor_flags|conditional_notes|conditional_risk_domains|cum_gain_m|cum_loss_m|delta_dist_m|delta_ele_m|dist_alpine_hut_m|dist_assisted_trail_m|dist_bare_rock_m|dist_bench_m|dist_cliff_m|dist_drinking_water_m|dist_guidepost_m|dist_handrail_m|dist_highway_m|dist_information_office_m|dist_ladder_m|dist_landslide_m|dist_m|dist_peak_m|dist_picnic_site_m|dist_picnic_table_m|dist_rungs_m|dist_safety_rope_m|dist_scree_m|dist_shelter_m|dist_street_lamp_m|dist_toilets_m|dist_trailhead_m|dist_via_ferrata_m|dist_visitor_centre_m|dist_water_area_m|dist_waterway_m|dist_wetland_m|dist_wilderness_hut_m|ele_gpx_m|ele_med|ele_smooth|elevation_source|exposure_risk_score|facility_flags|gain_m|hazard_flags|hydrology_flags|hydrology_risk_score|ia1_dataset_id|landmark_context_score|landmark_flags|lat|lon|loss_m|mainline_fp|navigation_risk_score|navigation_support_score|near_alpine_hut|near_assisted_trail|near_bare_rock|near_bench|near_cliff|near_drinking_water|near_guidepost|near_handrail|near_highway|near_information_office|near_ladder|near_landslide|near_peak|near_picnic_site|near_picnic_table|near_rungs|near_safety_rope|near_scree|near_shelter,route_semantic_context_not_fork_inventory,False,"Route semantic, surface, guidepost, facility, trail, path, road, or way context exists, but it is not a governed fork/decision point inventory."
outputs\ib1c_osm_semantic_risk\qixing_lengshuikeng_main_peak_20260523\qixing_lengshuikeng_main_peak_20260523_osm_semantic_risk_summary.csv,True,20,metric|value,route_semantic_context_not_fork_inventory,False,"Route semantic, surface, guidepost, facility, trail, path, road, or way context exists, but it is not a governed fork/decision point inventory."
outputs\ib1c_osm_semantic_risk\qixing_xiaoyoukeng_main_peak_20260315\qixing_xiaoyoukeng_main_peak_20260315_osm_semantic_risk_profile.csv,True,3332,case_id|case_name|activity_type|activity_fp|ordered_path_fp|mainline_fp|sample_idx|dist_m|lat|lon|ele_gpx_m|delta_dist_m|delta_ele_m|slope_pct|slope_band|gain_m|loss_m|cum_gain_m|cum_loss_m|nearest_gpx_idx|nearest_gpx_dist_m|time_raw|ele_smooth|elevation_source|needs_nlsc_elevation|near_highway|dist_highway_m|osm_way_name|osm_way_name_zh|osm_way_id|osm_way_type|osm_highway|osm_surface|osm_tracktype|osm_smoothness|osm_trail_visibility|osm_sac_scale|osm_incline|osm_lit|osm_lit_status|osm_handrail|osm_safety_rope|osm_step_count|osm_width|osm_bridge|osm_bridge_material|osm_ford|osm_tunnel|osm_covered|osm_highway_family|osm_walk_relevance|osm_trail_difficulty_hint|osm_vertical_context|osm_is_steps|near_safety_rope|dist_safety_rope_m|near_assisted_trail|dist_assisted_trail_m|near_handrail|dist_handrail_m|near_rungs|dist_rungs_m|near_ladder|dist_ladder_m|near_via_ferrata|dist_via_ferrata_m|near_street_lamp|dist_street_lamp_m|near_cliff|dist_cliff_m|near_scree|dist_scree_m|near_bare_rock|dist_bare_rock_m|near_landslide|dist_landslide_m|near_waterway|dist_waterway_m|near_water_area|dist_water_area_m,route_semantic_context_not_fork_inventory,False,"Route semantic, surface, guidepost, facility, trail, path, road, or way context exists, but it is not a governed fork/decision point inventory."
outputs\ib1c_osm_semantic_risk\qixing_xiaoyoukeng_main_peak_20260315\qixing_xiaoyoukeng_main_peak_20260315_osm_semantic_risk_profile.geojson,True,3332,activity_fp|activity_type|applied_mapping_hits|assist_class|case_id|case_name|conditional_factor_flags|conditional_notes|conditional_risk_domains|cum_gain_m|cum_loss_m|delta_dist_m|delta_ele_m|dist_alpine_hut_m|dist_assisted_trail_m|dist_bare_rock_m|dist_bench_m|dist_cliff_m|dist_drinking_water_m|dist_guidepost_m|dist_handrail_m|dist_highway_m|dist_information_office_m|dist_ladder_m|dist_landslide_m|dist_m|dist_peak_m|dist_picnic_site_m|dist_picnic_table_m|dist_rungs_m|dist_safety_rope_m|dist_scree_m|dist_shelter_m|dist_street_lamp_m|dist_toilets_m|dist_trailhead_m|dist_via_ferrata_m|dist_visitor_centre_m|dist_water_area_m|dist_waterway_m|dist_wetland_m|dist_wilderness_hut_m|ele_gpx_m|ele_med|ele_smooth|elevation_source|exposure_risk_score|facility_flags|gain_m|hazard_flags|hydrology_flags|hydrology_risk_score|ia1_dataset_id|landmark_context_score|landmark_flags|lat|lon|loss_m|mainline_fp|navigation_risk_score|navigation_support_score|near_alpine_hut|near_assisted_trail|near_bare_rock|near_bench|near_cliff|near_drinking_water|near_guidepost|near_handrail|near_highway|near_information_office|near_ladder|near_landslide|near_peak|near_picnic_site|near_picnic_table|near_rungs|near_safety_rope|near_scree|near_shelter,route_semantic_context_not_fork_inventory,False,"Route semantic, surface, guidepost, facility, trail, path, road, or way context exists, but it is not a governed fork/decision point inventory."
outputs\ib1c_osm_semantic_risk\qixing_xiaoyoukeng_main_peak_20260315\qixing_xiaoyoukeng_main_peak_20260315_osm_semantic_risk_summary.csv,True,21,metric|value,route_semantic_context_not_fork_inventory,False,"Route semantic, surface, guidepost, facility, trail, path, road, or way context exists, but it is not a governed fork/decision point inventory."
outputs\ib1c_osm_semantic_risk\zhonghua_ust_jiuwufeng_roundtrip_biji\zhonghua_ust_jiuwufeng_roundtrip_biji_osm_semantic_risk_profile.csv,True,5239,case_id|case_name|activity_type|activity_fp|ordered_path_fp|mainline_fp|sample_idx|dist_m|lat|lon|ele_gpx_m|delta_dist_m|delta_ele_m|slope_pct|slope_band|gain_m|loss_m|cum_gain_m|cum_loss_m|nearest_gpx_idx|nearest_gpx_dist_m|time_raw|ele_smooth|elevation_source|needs_nlsc_elevation|near_highway|dist_highway_m|osm_way_name|osm_way_name_zh|osm_way_id|osm_way_type|osm_highway|osm_surface|osm_tracktype|osm_smoothness|osm_trail_visibility|osm_sac_scale|osm_incline|osm_lit|osm_lit_status|osm_handrail|osm_safety_rope|osm_step_count|osm_width|osm_bridge|osm_bridge_material|osm_ford|osm_tunnel|osm_covered|osm_highway_family|osm_walk_relevance|osm_trail_difficulty_hint|osm_vertical_context|osm_is_steps|near_safety_rope|dist_safety_rope_m|near_assisted_trail|dist_assisted_trail_m|near_handrail|dist_handrail_m|near_rungs|dist_rungs_m|near_ladder|dist_ladder_m|near_via_ferrata|dist_via_ferrata_m|near_street_lamp|dist_street_lamp_m|near_cliff|dist_cliff_m|near_scree|dist_scree_m|near_bare_rock|dist_bare_rock_m|near_landslide|dist_landslide_m|near_waterway|dist_waterway_m|near_water_area|dist_water_area_m,route_semantic_context_not_fork_inventory,False,"Route semantic, surface, guidepost, facility, trail, path, road, or way context exists, but it is not a governed fork/decision point inventory."
outputs\ib1c_osm_semantic_risk\zhonghua_ust_jiuwufeng_roundtrip_biji\zhonghua_ust_jiuwufeng_roundtrip_biji_osm_semantic_risk_summary.csv,True,21,metric|value,route_semantic_context_not_fork_inventory,False,"Route semantic, surface, guidepost, facility, trail, path, road, or way context exists, but it is not a governed fork/decision point inventory."
outputs\ib1c_osm_semantic_risk_forced_required_way_test\qixing_lengshuikeng_main_peak_20260523\qixing_lengshuikeng_main_peak_20260523_osm_semantic_risk_profile.csv,True,4189,case_id|case_name|activity_type|activity_fp|ordered_path_fp|mainline_fp|sample_idx|dist_m|lat|lon|ele_gpx_m|delta_dist_m|delta_ele_m|slope_pct|slope_band|gain_m|loss_m|cum_gain_m|cum_loss_m|nearest_gpx_idx|nearest_gpx_dist_m|time_raw|ele_smooth|elevation_source|needs_nlsc_elevation|near_highway|dist_highway_m|osm_way_name|osm_way_name_zh|osm_way_id|osm_way_type|osm_highway|osm_surface|osm_tracktype|osm_smoothness|osm_trail_visibility|osm_sac_scale|osm_incline|osm_lit|osm_lit_status|osm_handrail|osm_safety_rope|osm_step_count|osm_width|osm_bridge|osm_bridge_material|osm_ford|osm_tunnel|osm_covered|osm_highway_family|osm_walk_relevance|osm_trail_difficulty_hint|osm_vertical_context|osm_is_steps|near_safety_rope|dist_safety_rope_m|near_assisted_trail|dist_assisted_trail_m|near_handrail|dist_handrail_m|near_rungs|dist_rungs_m|near_ladder|dist_ladder_m|near_via_ferrata|dist_via_ferrata_m|near_street_lamp|dist_street_lamp_m|near_cliff|dist_cliff_m|near_scree|dist_scree_m|near_bare_rock|dist_bare_rock_m|near_landslide|dist_landslide_m|near_waterway|dist_waterway_m|near_water_area|dist_water_area_m,route_semantic_context_not_fork_inventory,False,"Route semantic, surface, guidepost, facility, trail, path, road, or way context exists, but it is not a governed fork/decision point inventory."
outputs\ib1c_osm_semantic_risk_forced_required_way_test\qixing_lengshuikeng_main_peak_20260523\qixing_lengshuikeng_main_peak_20260523_osm_semantic_risk_profile.geojson,True,4189,activity_fp|activity_type|applied_mapping_hits|assist_class|case_id|case_name|conditional_factor_flags|conditional_notes|conditional_risk_domains|cum_gain_m|cum_loss_m|delta_dist_m|delta_ele_m|dist_alpine_hut_m|dist_assisted_trail_m|dist_bare_rock_m|dist_bench_m|dist_cliff_m|dist_drinking_water_m|dist_guidepost_m|dist_handrail_m|dist_highway_m|dist_information_office_m|dist_ladder_m|dist_landslide_m|dist_m|dist_peak_m|dist_picnic_site_m|dist_picnic_table_m|dist_rungs_m|dist_safety_rope_m|dist_scree_m|dist_shelter_m|dist_street_lamp_m|dist_toilets_m|dist_trailhead_m|dist_via_ferrata_m|dist_visitor_centre_m|dist_water_area_m|dist_waterway_m|dist_wetland_m|dist_wilderness_hut_m|ele_gpx_m|ele_med|ele_smooth|elevation_source|exposure_risk_score|facility_flags|gain_m|hazard_flags|hydrology_flags|hydrology_risk_score|ia1_dataset_id|landmark_context_score|landmark_flags|lat|lon|loss_m|mainline_fp|navigation_risk_score|navigation_support_score|near_alpine_hut|near_assisted_trail|near_bare_rock|near_bench|near_cliff|near_drinking_water|near_guidepost|near_handrail|near_highway|near_information_office|near_ladder|near_landslide|near_peak|near_picnic_site|near_picnic_table|near_rungs|near_safety_rope|near_scree|near_shelter,route_semantic_context_not_fork_inventory,False,"Route semantic, surface, guidepost, facility, trail, path, road, or way context exists, but it is not a governed fork/decision point inventory."
outputs\ib1c_osm_semantic_risk_forced_required_way_test\qixing_lengshuikeng_main_peak_20260523\qixing_lengshuikeng_main_peak_20260523_osm_semantic_risk_summary.csv,True,20,metric|value,route_semantic_context_not_fork_inventory,False,"Route semantic, surface, guidepost, facility, trail, path, road, or way context exists, but it is not a governed fork/decision point inventory."
outputs\ib1c_osm_semantic_risk_v1_1\qixing_lengshuikeng_main_peak_20260523\qixing_lengshuikeng_main_peak_20260523_osm_semantic_risk_profile.csv,True,4149,case_id|case_name|activity_type|activity_fp|ordered_path_fp|mainline_fp|sample_idx|dist_m|lat|lon|ele_gpx_m|delta_dist_m|delta_ele_m|slope_pct|slope_band|gain_m|loss_m|cum_gain_m|cum_loss_m|nearest_gpx_idx|nearest_gpx_dist_m|time_raw|ele_smooth|elevation_source|needs_nlsc_elevation|near_highway|dist_highway_m|osm_way_name|osm_way_name_zh|osm_way_id|osm_way_type|osm_highway|osm_surface|osm_tracktype|osm_smoothness|osm_trail_visibility|osm_sac_scale|osm_incline|osm_lit|osm_lit_status|osm_handrail|osm_safety_rope|osm_step_count|osm_width|osm_bridge|osm_bridge_material|osm_ford|osm_tunnel|osm_covered|osm_highway_family|osm_walk_relevance|osm_trail_difficulty_hint|osm_vertical_context|osm_is_steps|near_safety_rope|dist_safety_rope_m|near_assisted_trail|dist_assisted_trail_m|near_handrail|dist_handrail_m|near_rungs|dist_rungs_m|near_ladder|dist_ladder_m|near_via_ferrata|dist_via_ferrata_m|near_street_lamp|dist_street_lamp_m|near_cliff|dist_cliff_m|near_scree|dist_scree_m|near_bare_rock|dist_bare_rock_m|near_landslide|dist_landslide_m|near_waterway|dist_waterway_m|near_water_area|dist_water_area_m,route_semantic_context_not_fork_inventory,False,"Route semantic, surface, guidepost, facility, trail, path, road, or way context exists, but it is not a governed fork/decision point inventory."
outputs\ib1c_osm_semantic_risk_v1_1\qixing_lengshuikeng_main_peak_20260523\qixing_lengshuikeng_main_peak_20260523_osm_semantic_risk_profile.geojson,True,4149,activity_fp|activity_type|applied_mapping_hits|assist_class|case_id|case_name|conditional_factor_flags|conditional_notes|conditional_risk_domains|cum_gain_m|cum_loss_m|delta_dist_m|delta_ele_m|dist_alpine_hut_m|dist_assisted_trail_m|dist_bare_rock_m|dist_bench_m|dist_cliff_m|dist_drinking_water_m|dist_guidepost_m|dist_handrail_m|dist_highway_m|dist_information_office_m|dist_ladder_m|dist_landslide_m|dist_m|dist_peak_m|dist_picnic_site_m|dist_picnic_table_m|dist_rungs_m|dist_safety_rope_m|dist_scree_m|dist_shelter_m|dist_street_lamp_m|dist_toilets_m|dist_trailhead_m|dist_via_ferrata_m|dist_visitor_centre_m|dist_water_area_m|dist_waterway_m|dist_wetland_m|dist_wilderness_hut_m|ele_gpx_m|ele_med|ele_smooth|elevation_source|exposure_risk_score|facility_flags|gain_m|hazard_flags|hydrology_flags|hydrology_risk_score|ia1_dataset_id|landmark_context_score|landmark_flags|lat|lon|loss_m|mainline_fp|navigation_risk_score|navigation_support_score|near_alpine_hut|near_assisted_trail|near_bare_rock|near_bench|near_cliff|near_drinking_water|near_guidepost|near_handrail|near_highway|near_information_office|near_ladder|near_landslide|near_peak|near_picnic_site|near_picnic_table|near_rungs|near_safety_rope|near_scree|near_shelter,route_semantic_context_not_fork_inventory,False,"Route semantic, surface, guidepost, facility, trail, path, road, or way context exists, but it is not a governed fork/decision point inventory."
outputs\ib1c_osm_semantic_risk_v1_1\qixing_lengshuikeng_main_peak_20260523\qixing_lengshuikeng_main_peak_20260523_osm_semantic_risk_summary.csv,True,20,metric|value,route_semantic_context_not_fork_inventory,False,"Route semantic, surface, guidepost, facility, trail, path, road, or way context exists, but it is not a governed fork/decision point inventory."
outputs\ib1c_osm_semantic_risk_v1_1\qixing_xiaoyoukeng_main_peak_20260315\qixing_xiaoyoukeng_main_peak_20260315_osm_semantic_risk_profile.csv,True,3332,case_id|case_name|activity_type|activity_fp|ordered_path_fp|mainline_fp|sample_idx|dist_m|lat|lon|ele_gpx_m|delta_dist_m|delta_ele_m|slope_pct|slope_band|gain_m|loss_m|cum_gain_m|cum_loss_m|nearest_gpx_idx|nearest_gpx_dist_m|time_raw|ele_smooth|elevation_source|needs_nlsc_elevation|near_highway|dist_highway_m|osm_way_name|osm_way_name_zh|osm_way_id|osm_way_type|osm_highway|osm_surface|osm_tracktype|osm_smoothness|osm_trail_visibility|osm_sac_scale|osm_incline|osm_lit|osm_lit_status|osm_handrail|osm_safety_rope|osm_step_count|osm_width|osm_bridge|osm_bridge_material|osm_ford|osm_tunnel|osm_covered|osm_highway_family|osm_walk_relevance|osm_trail_difficulty_hint|osm_vertical_context|osm_is_steps|near_safety_rope|dist_safety_rope_m|near_assisted_trail|dist_assisted_trail_m|near_handrail|dist_handrail_m|near_rungs|dist_rungs_m|near_ladder|dist_ladder_m|near_via_ferrata|dist_via_ferrata_m|near_street_lamp|dist_street_lamp_m|near_cliff|dist_cliff_m|near_scree|dist_scree_m|near_bare_rock|dist_bare_rock_m|near_landslide|dist_landslide_m|near_waterway|dist_waterway_m|near_water_area|dist_water_area_m,route_semantic_context_not_fork_inventory,False,"Route semantic, surface, guidepost, facility, trail, path, road, or way context exists, but it is not a governed fork/decision point inventory."
outputs\ib1c_osm_semantic_risk_v1_1\qixing_xiaoyoukeng_main_peak_20260315\qixing_xiaoyoukeng_main_peak_20260315_osm_semantic_risk_profile.geojson,True,3332,activity_fp|activity_type|applied_mapping_hits|assist_class|case_id|case_name|conditional_factor_flags|conditional_notes|conditional_risk_domains|cum_gain_m|cum_loss_m|delta_dist_m|delta_ele_m|dist_alpine_hut_m|dist_assisted_trail_m|dist_bare_rock_m|dist_bench_m|dist_cliff_m|dist_drinking_water_m|dist_guidepost_m|dist_handrail_m|dist_highway_m|dist_information_office_m|dist_ladder_m|dist_landslide_m|dist_m|dist_peak_m|dist_picnic_site_m|dist_picnic_table_m|dist_rungs_m|dist_safety_rope_m|dist_scree_m|dist_shelter_m|dist_street_lamp_m|dist_toilets_m|dist_trailhead_m|dist_via_ferrata_m|dist_visitor_centre_m|dist_water_area_m|dist_waterway_m|dist_wetland_m|dist_wilderness_hut_m|ele_gpx_m|ele_med|ele_smooth|elevation_source|exposure_risk_score|facility_flags|gain_m|hazard_flags|hydrology_flags|hydrology_risk_score|ia1_dataset_id|landmark_context_score|landmark_flags|lat|lon|loss_m|mainline_fp|navigation_risk_score|navigation_support_score|near_alpine_hut|near_assisted_trail|near_bare_rock|near_bench|near_cliff|near_drinking_water|near_guidepost|near_handrail|near_highway|near_information_office|near_ladder|near_landslide|near_peak|near_picnic_site|near_picnic_table|near_rungs|near_safety_rope|near_scree|near_shelter,route_semantic_context_not_fork_inventory,False,"Route semantic, surface, guidepost, facility, trail, path, road, or way context exists, but it is not a governed fork/decision point inventory."
outputs\ib1c_osm_semantic_risk_v1_1\qixing_xiaoyoukeng_main_peak_20260315\qixing_xiaoyoukeng_main_peak_20260315_osm_semantic_risk_summary.csv,True,21,metric|value,route_semantic_context_not_fork_inventory,False,"Route semantic, surface, guidepost, facility, trail, path, road, or way context exists, but it is not a governed fork/decision point inventory."
outputs\ib1c_osm_semantic_risk_v1_1\zhonghua_ust_jiuwufeng_roundtrip_biji\zhonghua_ust_jiuwufeng_roundtrip_biji_osm_semantic_risk_profile.csv,True,5239,case_id|case_name|activity_type|activity_fp|ordered_path_fp|mainline_fp|sample_idx|dist_m|lat|lon|ele_gpx_m|delta_dist_m|delta_ele_m|slope_pct|slope_band|gain_m|loss_m|cum_gain_m|cum_loss_m|nearest_gpx_idx|nearest_gpx_dist_m|time_raw|ele_smooth|elevation_source|needs_nlsc_elevation|near_highway|dist_highway_m|osm_way_name|osm_way_name_zh|osm_way_id|osm_way_type|osm_highway|osm_surface|osm_tracktype|osm_smoothness|osm_trail_visibility|osm_sac_scale|osm_incline|osm_lit|osm_lit_status|osm_handrail|osm_safety_rope|osm_step_count|osm_width|osm_bridge|osm_bridge_material|osm_ford|osm_tunnel|osm_covered|osm_highway_family|osm_walk_relevance|osm_trail_difficulty_hint|osm_vertical_context|osm_is_steps|near_safety_rope|dist_safety_rope_m|near_assisted_trail|dist_assisted_trail_m|near_handrail|dist_handrail_m|near_rungs|dist_rungs_m|near_ladder|dist_ladder_m|near_via_ferrata|dist_via_ferrata_m|near_street_lamp|dist_street_lamp_m|near_cliff|dist_cliff_m|near_scree|dist_scree_m|near_bare_rock|dist_bare_rock_m|near_landslide|dist_landslide_m|near_waterway|dist_waterway_m|near_water_area|dist_water_area_m,route_semantic_context_not_fork_inventory,False,"Route semantic, surface, guidepost, facility, trail, path, road, or way context exists, but it is not a governed fork/decision point inventory."
outputs\ib1c_osm_semantic_risk_v1_1\zhonghua_ust_jiuwufeng_roundtrip_biji\zhonghua_ust_jiuwufeng_roundtrip_biji_osm_semantic_risk_summary.csv,True,21,metric|value,route_semantic_context_not_fork_inventory,False,"Route semantic, surface, guidepost, facility, trail, path, road, or way context exists, but it is not a governed fork/decision point inventory."
outputs\ib1c_osm_semantic_risk_v1_3b_contract_qa\juansi_waterfall_fitcsv_20260503_osmrefresh_v1_3b\juansi_waterfall_fitcsv_20260503_osmrefresh_v1_3b_osm_semantic_risk_profile.csv,True,3697,case_id|case_name|activity_type|activity_fp|ordered_path_fp|mainline_fp|sample_idx|dist_m|lat|lon|ele_gpx_m|delta_dist_m|delta_ele_m|slope_pct|slope_band|gain_m|loss_m|cum_gain_m|cum_loss_m|nearest_gpx_idx|nearest_gpx_dist_m|time_raw|ele_smooth|elevation_source|needs_nlsc_elevation|near_highway|dist_highway_m|osm_way_name|osm_way_name_zh|osm_way_id|osm_way_type|osm_highway|osm_surface|osm_tracktype|osm_smoothness|osm_trail_visibility|osm_sac_scale|osm_incline|osm_lit|osm_lit_status|osm_handrail|osm_safety_rope|osm_step_count|osm_width|osm_bridge|osm_bridge_material|osm_ford|osm_tunnel|osm_covered|osm_highway_family|osm_walk_relevance|osm_trail_difficulty_hint|osm_vertical_context|osm_is_steps|near_safety_rope|dist_safety_rope_m|near_assisted_trail|dist_assisted_trail_m|near_handrail|dist_handrail_m|near_rungs|dist_rungs_m|near_ladder|dist_ladder_m|near_via_ferrata|dist_via_ferrata_m|near_street_lamp|dist_street_lamp_m|near_cliff|dist_cliff_m|near_scree|dist_scree_m|near_bare_rock|dist_bare_rock_m|near_landslide|dist_landslide_m|near_waterway|dist_waterway_m|near_water_area|dist_water_area_m,route_semantic_context_not_fork_inventory,False,"Route semantic, surface, guidepost, facility, trail, path, road, or way context exists, but it is not a governed fork/decision point inventory."
outputs\ib1c_osm_semantic_risk_v1_3b_contract_qa\juansi_waterfall_fitcsv_20260503_osmrefresh_v1_3b\juansi_waterfall_fitcsv_20260503_osmrefresh_v1_3b_osm_semantic_risk_profile.geojson,True,3697,activity_fp|activity_type|applied_mapping_hits|assist_class|case_id|case_name|conditional_factor_flags|conditional_notes|conditional_risk_domains|cum_gain_m|cum_loss_m|delta_dist_m|delta_ele_m|dist_alpine_hut_m|dist_assisted_trail_m|dist_bare_rock_m|dist_bench_m|dist_cliff_m|dist_drinking_water_m|dist_guidepost_m|dist_handrail_m|dist_highway_m|dist_information_office_m|dist_ladder_m|dist_landslide_m|dist_m|dist_peak_m|dist_picnic_site_m|dist_picnic_table_m|dist_rungs_m|dist_safety_rope_m|dist_scree_m|dist_shelter_m|dist_street_lamp_m|dist_toilets_m|dist_trailhead_m|dist_via_ferrata_m|dist_visitor_centre_m|dist_water_area_m|dist_waterway_m|dist_wetland_m|dist_wilderness_hut_m|ele_gpx_m|ele_med|ele_smooth|elevation_source|exposure_risk_score|facility_flags|gain_m|hazard_flags|hydrology_flags|hydrology_risk_score|ia1_dataset_id|landmark_context_score|landmark_flags|lat|lon|loss_m|mainline_fp|navigation_risk_score|navigation_support_score|near_alpine_hut|near_assisted_trail|near_bare_rock|near_bench|near_cliff|near_drinking_water|near_guidepost|near_handrail|near_highway|near_information_office|near_ladder|near_landslide|near_peak|near_picnic_site|near_picnic_table|near_rungs|near_safety_rope|near_scree|near_shelter,route_semantic_context_not_fork_inventory,False,"Route semantic, surface, guidepost, facility, trail, path, road, or way context exists, but it is not a governed fork/decision point inventory."
outputs\ib1c_osm_semantic_risk_v1_3b_contract_qa\juansi_waterfall_fitcsv_20260503_osmrefresh_v1_3b\juansi_waterfall_fitcsv_20260503_osmrefresh_v1_3b_osm_semantic_risk_summary.csv,True,20,metric|value,route_semantic_context_not_fork_inventory,False,"Route semantic, surface, guidepost, facility, trail, path, road, or way context exists, but it is not a governed fork/decision point inventory."
outputs\ib1c_osm_semantic_risk_v1_3b_contract_qa\qixing_lengshuikeng_main_peak_20260523_osmrefresh_v1_3b\qixing_lengshuikeng_main_peak_20260523_osmrefresh_v1_3b_osm_semantic_risk_profile.csv,True,4189,case_id|case_name|activity_type|activity_fp|ordered_path_fp|mainline_fp|sample_idx|dist_m|lat|lon|ele_gpx_m|delta_dist_m|delta_ele_m|slope_pct|slope_band|gain_m|loss_m|cum_gain_m|cum_loss_m|nearest_gpx_idx|nearest_gpx_dist_m|time_raw|ele_smooth|elevation_source|needs_nlsc_elevation|near_highway|dist_highway_m|osm_way_name|osm_way_name_zh|osm_way_id|osm_way_type|osm_highway|osm_surface|osm_tracktype|osm_smoothness|osm_trail_visibility|osm_sac_scale|osm_incline|osm_lit|osm_lit_status|osm_handrail|osm_safety_rope|osm_step_count|osm_width|osm_bridge|osm_bridge_material|osm_ford|osm_tunnel|osm_covered|osm_highway_family|osm_walk_relevance|osm_trail_difficulty_hint|osm_vertical_context|osm_is_steps|near_safety_rope|dist_safety_rope_m|near_assisted_trail|dist_assisted_trail_m|near_handrail|dist_handrail_m|near_rungs|dist_rungs_m|near_ladder|dist_ladder_m|near_via_ferrata|dist_via_ferrata_m|near_street_lamp|dist_street_lamp_m|near_cliff|dist_cliff_m|near_scree|dist_scree_m|near_bare_rock|dist_bare_rock_m|near_landslide|dist_landslide_m|near_waterway|dist_waterway_m|near_water_area|dist_water_area_m,route_semantic_context_not_fork_inventory,False,"Route semantic, surface, guidepost, facility, trail, path, road, or way context exists, but it is not a governed fork/decision point inventory."
outputs\ib1c_osm_semantic_risk_v1_3b_contract_qa\qixing_lengshuikeng_main_peak_20260523_osmrefresh_v1_3b\qixing_lengshuikeng_main_peak_20260523_osmrefresh_v1_3b_osm_semantic_risk_profile.geojson,True,4189,activity_fp|activity_type|applied_mapping_hits|assist_class|case_id|case_name|conditional_factor_flags|conditional_notes|conditional_risk_domains|cum_gain_m|cum_loss_m|delta_dist_m|delta_ele_m|dist_alpine_hut_m|dist_assisted_trail_m|dist_bare_rock_m|dist_bench_m|dist_cliff_m|dist_drinking_water_m|dist_guidepost_m|dist_handrail_m|dist_highway_m|dist_information_office_m|dist_ladder_m|dist_landslide_m|dist_m|dist_peak_m|dist_picnic_site_m|dist_picnic_table_m|dist_rungs_m|dist_safety_rope_m|dist_scree_m|dist_shelter_m|dist_street_lamp_m|dist_toilets_m|dist_trailhead_m|dist_via_ferrata_m|dist_visitor_centre_m|dist_water_area_m|dist_waterway_m|dist_wetland_m|dist_wilderness_hut_m|ele_gpx_m|ele_med|ele_smooth|elevation_source|exposure_risk_score|facility_flags|gain_m|hazard_flags|hydrology_flags|hydrology_risk_score|ia1_dataset_id|landmark_context_score|landmark_flags|lat|lon|loss_m|mainline_fp|navigation_risk_score|navigation_support_score|near_alpine_hut|near_assisted_trail|near_bare_rock|near_bench|near_cliff|near_drinking_water|near_guidepost|near_handrail|near_highway|near_information_office|near_ladder|near_landslide|near_peak|near_picnic_site|near_picnic_table|near_rungs|near_safety_rope|near_scree|near_shelter,route_semantic_context_not_fork_inventory,False,"Route semantic, surface, guidepost, facility, trail, path, road, or way context exists, but it is not a governed fork/decision point inventory."
outputs\ib1c_osm_semantic_risk_v1_3b_contract_qa\qixing_lengshuikeng_main_peak_20260523_osmrefresh_v1_3b\qixing_lengshuikeng_main_peak_20260523_osmrefresh_v1_3b_osm_semantic_risk_summary.csv,True,20,metric|value,route_semantic_context_not_fork_inventory,False,"Route semantic, surface, guidepost, facility, trail, path, road, or way context exists, but it is not a governed fork/decision point inventory."
outputs\ib1c_osm_semantic_risk_v1_3b_contract_qa\qixing_lengshuikeng_xiaoyoukeng_gpx_osmrefresh_v1_3b\qixing_lengshuikeng_xiaoyoukeng_gpx_osmrefresh_v1_3b_osm_semantic_risk_profile.csv,True,3697,case_id|case_name|activity_type|activity_fp|ordered_path_fp|mainline_fp|sample_idx|dist_m|lat|lon|ele_gpx_m|delta_dist_m|delta_ele_m|slope_pct|slope_band|gain_m|loss_m|cum_gain_m|cum_loss_m|nearest_gpx_idx|nearest_gpx_dist_m|time_raw|ele_smooth|elevation_source|needs_nlsc_elevation|near_highway|dist_highway_m|osm_way_name|osm_way_name_zh|osm_way_id|osm_way_type|osm_highway|osm_surface|osm_tracktype|osm_smoothness|osm_trail_visibility|osm_sac_scale|osm_incline|osm_lit|osm_lit_status|osm_handrail|osm_safety_rope|osm_step_count|osm_width|osm_bridge|osm_bridge_material|osm_ford|osm_tunnel|osm_covered|osm_highway_family|osm_walk_relevance|osm_trail_difficulty_hint|osm_vertical_context|osm_is_steps|near_safety_rope|dist_safety_rope_m|near_assisted_trail|dist_assisted_trail_m|near_handrail|dist_handrail_m|near_rungs|dist_rungs_m|near_ladder|dist_ladder_m|near_via_ferrata|dist_via_ferrata_m|near_street_lamp|dist_street_lamp_m|near_cliff|dist_cliff_m|near_scree|dist_scree_m|near_bare_rock|dist_bare_rock_m|near_landslide|dist_landslide_m|near_waterway|dist_waterway_m|near_water_area|dist_water_area_m,route_semantic_context_not_fork_inventory,False,"Route semantic, surface, guidepost, facility, trail, path, road, or way context exists, but it is not a governed fork/decision point inventory."
outputs\ib1c_osm_semantic_risk_v1_3b_contract_qa\qixing_lengshuikeng_xiaoyoukeng_gpx_osmrefresh_v1_3b\qixing_lengshuikeng_xiaoyoukeng_gpx_osmrefresh_v1_3b_osm_semantic_risk_profile.geojson,True,3697,activity_fp|activity_type|applied_mapping_hits|assist_class|case_id|case_name|conditional_factor_flags|conditional_notes|conditional_risk_domains|cum_gain_m|cum_loss_m|delta_dist_m|delta_ele_m|dist_alpine_hut_m|dist_assisted_trail_m|dist_bare_rock_m|dist_bench_m|dist_cliff_m|dist_drinking_water_m|dist_guidepost_m|dist_handrail_m|dist_highway_m|dist_information_office_m|dist_ladder_m|dist_landslide_m|dist_m|dist_peak_m|dist_picnic_site_m|dist_picnic_table_m|dist_rungs_m|dist_safety_rope_m|dist_scree_m|dist_shelter_m|dist_street_lamp_m|dist_toilets_m|dist_trailhead_m|dist_via_ferrata_m|dist_visitor_centre_m|dist_water_area_m|dist_waterway_m|dist_wetland_m|dist_wilderness_hut_m|ele_gpx_m|ele_med|ele_smooth|elevation_source|exposure_risk_score|facility_flags|gain_m|hazard_flags|hydrology_flags|hydrology_risk_score|ia1_dataset_id|landmark_context_score|landmark_flags|lat|lon|loss_m|mainline_fp|navigation_risk_score|navigation_support_score|near_alpine_hut|near_assisted_trail|near_bare_rock|near_bench|near_cliff|near_drinking_water|near_guidepost|near_handrail|near_highway|near_information_office|near_ladder|near_landslide|near_peak|near_picnic_site|near_picnic_table|near_rungs|near_safety_rope|near_scree|near_shelter,route_semantic_context_not_fork_inventory,False,"Route semantic, surface, guidepost, facility, trail, path, road, or way context exists, but it is not a governed fork/decision point inventory."
outputs\ib1c_osm_semantic_risk_v1_3b_contract_qa\qixing_lengshuikeng_xiaoyoukeng_gpx_osmrefresh_v1_3b\qixing_lengshuikeng_xiaoyoukeng_gpx_osmrefresh_v1_3b_osm_semantic_risk_summary.csv,True,21,metric|value,route_semantic_context_not_fork_inventory,False,"Route semantic, surface, guidepost, facility, trail, path, road, or way context exists, but it is not a governed fork/decision point inventory."
outputs\ib1c_osm_semantic_risk_v1_3b_contract_qa\qixing_xiaoyoukeng_main_peak_20260315_osmrefresh_v1_3b\qixing_xiaoyoukeng_main_peak_20260315_osmrefresh_v1_3b_osm_semantic_risk_profile.csv,True,3247,case_id|case_name|activity_type|activity_fp|ordered_path_fp|mainline_fp|sample_idx|dist_m|lat|lon|ele_gpx_m|delta_dist_m|delta_ele_m|slope_pct|slope_band|gain_m|loss_m|cum_gain_m|cum_loss_m|nearest_gpx_idx|nearest_gpx_dist_m|time_raw|ele_smooth|elevation_source|needs_nlsc_elevation|near_highway|dist_highway_m|osm_way_name|osm_way_name_zh|osm_way_id|osm_way_type|osm_highway|osm_surface|osm_tracktype|osm_smoothness|osm_trail_visibility|osm_sac_scale|osm_incline|osm_lit|osm_lit_status|osm_handrail|osm_safety_rope|osm_step_count|osm_width|osm_bridge|osm_bridge_material|osm_ford|osm_tunnel|osm_covered|osm_highway_family|osm_walk_relevance|osm_trail_difficulty_hint|osm_vertical_context|osm_is_steps|near_safety_rope|dist_safety_rope_m|near_assisted_trail|dist_assisted_trail_m|near_handrail|dist_handrail_m|near_rungs|dist_rungs_m|near_ladder|dist_ladder_m|near_via_ferrata|dist_via_ferrata_m|near_street_lamp|dist_street_lamp_m|near_cliff|dist_cliff_m|near_scree|dist_scree_m|near_bare_rock|dist_bare_rock_m|near_landslide|dist_landslide_m|near_waterway|dist_waterway_m|near_water_area|dist_water_area_m,route_semantic_context_not_fork_inventory,False,"Route semantic, surface, guidepost, facility, trail, path, road, or way context exists, but it is not a governed fork/decision point inventory."
outputs\ib1c_osm_semantic_risk_v1_3b_contract_qa\qixing_xiaoyoukeng_main_peak_20260315_osmrefresh_v1_3b\qixing_xiaoyoukeng_main_peak_20260315_osmrefresh_v1_3b_osm_semantic_risk_profile.geojson,True,3247,activity_fp|activity_type|applied_mapping_hits|assist_class|case_id|case_name|conditional_factor_flags|conditional_notes|conditional_risk_domains|cum_gain_m|cum_loss_m|delta_dist_m|delta_ele_m|dist_alpine_hut_m|dist_assisted_trail_m|dist_bare_rock_m|dist_bench_m|dist_cliff_m|dist_drinking_water_m|dist_guidepost_m|dist_handrail_m|dist_highway_m|dist_information_office_m|dist_ladder_m|dist_landslide_m|dist_m|dist_peak_m|dist_picnic_site_m|dist_picnic_table_m|dist_rungs_m|dist_safety_rope_m|dist_scree_m|dist_shelter_m|dist_street_lamp_m|dist_toilets_m|dist_trailhead_m|dist_via_ferrata_m|dist_visitor_centre_m|dist_water_area_m|dist_waterway_m|dist_wetland_m|dist_wilderness_hut_m|ele_gpx_m|ele_med|ele_smooth|elevation_source|exposure_risk_score|facility_flags|gain_m|hazard_flags|hydrology_flags|hydrology_risk_score|ia1_dataset_id|landmark_context_score|landmark_flags|lat|lon|loss_m|mainline_fp|navigation_risk_score|navigation_support_score|near_alpine_hut|near_assisted_trail|near_bare_rock|near_bench|near_cliff|near_drinking_water|near_guidepost|near_handrail|near_highway|near_information_office|near_ladder|near_landslide|near_peak|near_picnic_site|near_picnic_table|near_rungs|near_safety_rope|near_scree|near_shelter,route_semantic_context_not_fork_inventory,False,"Route semantic, surface, guidepost, facility, trail, path, road, or way context exists, but it is not a governed fork/decision point inventory."
outputs\ib1c_osm_semantic_risk_v1_3b_contract_qa\qixing_xiaoyoukeng_main_peak_20260315_osmrefresh_v1_3b\qixing_xiaoyoukeng_main_peak_20260315_osmrefresh_v1_3b_osm_semantic_risk_summary.csv,True,21,metric|value,route_semantic_context_not_fork_inventory,False,"Route semantic, surface, guidepost, facility, trail, path, road, or way context exists, but it is not a governed fork/decision point inventory."
outputs\ib1c_osm_semantic_risk_v1_3b_contract_qa\zhonghua_ust_jiuwufeng_roundtrip_biji_osmrefresh_v1_3b\zhonghua_ust_jiuwufeng_roundtrip_biji_osmrefresh_v1_3b_osm_semantic_risk_profile.csv,True,5449,case_id|case_name|activity_type|activity_fp|ordered_path_fp|mainline_fp|sample_idx|dist_m|lat|lon|ele_gpx_m|delta_dist_m|delta_ele_m|slope_pct|slope_band|gain_m|loss_m|cum_gain_m|cum_loss_m|nearest_gpx_idx|nearest_gpx_dist_m|time_raw|ele_smooth|elevation_source|needs_nlsc_elevation|near_highway|dist_highway_m|osm_way_name|osm_way_name_zh|osm_way_id|osm_way_type|osm_highway|osm_surface|osm_tracktype|osm_smoothness|osm_trail_visibility|osm_sac_scale|osm_incline|osm_lit|osm_lit_status|osm_handrail|osm_safety_rope|osm_step_count|osm_width|osm_bridge|osm_bridge_material|osm_ford|osm_tunnel|osm_covered|osm_highway_family|osm_walk_relevance|osm_trail_difficulty_hint|osm_vertical_context|osm_is_steps|near_safety_rope|dist_safety_rope_m|near_assisted_trail|dist_assisted_trail_m|near_handrail|dist_handrail_m|near_rungs|dist_rungs_m|near_ladder|dist_ladder_m|near_via_ferrata|dist_via_ferrata_m|near_street_lamp|dist_street_lamp_m|near_cliff|dist_cliff_m|near_scree|dist_scree_m|near_bare_rock|dist_bare_rock_m|near_landslide|dist_landslide_m|near_waterway|dist_waterway_m|near_water_area|dist_water_area_m,route_semantic_context_not_fork_inventory,False,"Route semantic, surface, guidepost, facility, trail, path, road, or way context exists, but it is not a governed fork/decision point inventory."
outputs\ib1c_osm_semantic_risk_v1_3b_contract_qa\zhonghua_ust_jiuwufeng_roundtrip_biji_osmrefresh_v1_3b\zhonghua_ust_jiuwufeng_roundtrip_biji_osmrefresh_v1_3b_osm_semantic_risk_summary.csv,True,21,metric|value,route_semantic_context_not_fork_inventory,False,"Route semantic, surface, guidepost, facility, trail, path, road, or way context exists, but it is not a governed fork/decision point inventory."
outputs\ib1c_osm_semantic_risk_v1_3b_qixing_via_corridor_repair_candidate\qixing_lengshuikeng_main_peak_20260523_osmrefresh_v1_3b\qixing_lengshuikeng_main_peak_20260523_osmrefresh_v1_3b_osm_semantic_risk_profile.csv,True,3841,case_id|case_name|activity_type|activity_fp|ordered_path_fp|mainline_fp|sample_idx|dist_m|lat|lon|ele_gpx_m|delta_dist_m|delta_ele_m|slope_pct|slope_band|gain_m|loss_m|cum_gain_m|cum_loss_m|nearest_gpx_idx|nearest_gpx_dist_m|time_raw|ele_smooth|elevation_source|needs_nlsc_elevation|near_highway|dist_highway_m|osm_way_name|osm_way_name_zh|osm_way_id|osm_way_type|osm_highway|osm_surface|osm_tracktype|osm_smoothness|osm_trail_visibility|osm_sac_scale|osm_incline|osm_lit|osm_lit_status|osm_handrail|osm_safety_rope|osm_step_count|osm_width|osm_bridge|osm_bridge_material|osm_ford|osm_tunnel|osm_covered|osm_highway_family|osm_walk_relevance|osm_trail_difficulty_hint|osm_vertical_context|osm_is_steps|near_safety_rope|dist_safety_rope_m|near_assisted_trail|dist_assisted_trail_m|near_handrail|dist_handrail_m|near_rungs|dist_rungs_m|near_ladder|dist_ladder_m|near_via_ferrata|dist_via_ferrata_m|near_street_lamp|dist_street_lamp_m|near_cliff|dist_cliff_m|near_scree|dist_scree_m|near_bare_rock|dist_bare_rock_m|near_landslide|dist_landslide_m|near_waterway|dist_waterway_m|near_water_area|dist_water_area_m,route_semantic_context_not_fork_inventory,False,"Route semantic, surface, guidepost, facility, trail, path, road, or way context exists, but it is not a governed fork/decision point inventory."
outputs\ib1c_osm_semantic_risk_v1_3b_qixing_via_corridor_repair_candidate\qixing_lengshuikeng_main_peak_20260523_osmrefresh_v1_3b\qixing_lengshuikeng_main_peak_20260523_osmrefresh_v1_3b_osm_semantic_risk_profile.geojson,True,3841,activity_fp|activity_type|applied_mapping_hits|assist_class|case_id|case_name|conditional_factor_flags|conditional_notes|conditional_risk_domains|cum_gain_m|cum_loss_m|delta_dist_m|delta_ele_m|dist_alpine_hut_m|dist_assisted_trail_m|dist_bare_rock_m|dist_bench_m|dist_cliff_m|dist_drinking_water_m|dist_guidepost_m|dist_handrail_m|dist_highway_m|dist_information_office_m|dist_ladder_m|dist_landslide_m|dist_m|dist_peak_m|dist_picnic_site_m|dist_picnic_table_m|dist_rungs_m|dist_safety_rope_m|dist_scree_m|dist_shelter_m|dist_street_lamp_m|dist_toilets_m|dist_trailhead_m|dist_via_ferrata_m|dist_visitor_centre_m|dist_water_area_m|dist_waterway_m|dist_wetland_m|dist_wilderness_hut_m|ele_gpx_m|ele_med|ele_smooth|elevation_source|exposure_risk_score|facility_flags|gain_m|hazard_flags|hydrology_flags|hydrology_risk_score|ia1_dataset_id|landmark_context_score|landmark_flags|lat|lon|loss_m|mainline_fp|navigation_risk_score|navigation_support_score|near_alpine_hut|near_assisted_trail|near_bare_rock|near_bench|near_cliff|near_drinking_water|near_guidepost|near_handrail|near_highway|near_information_office|near_ladder|near_landslide|near_peak|near_picnic_site|near_picnic_table|near_rungs|near_safety_rope|near_scree|near_shelter,route_semantic_context_not_fork_inventory,False,"Route semantic, surface, guidepost, facility, trail, path, road, or way context exists, but it is not a governed fork/decision point inventory."
outputs\ib1c_osm_semantic_risk_v1_3b_qixing_via_corridor_repair_candidate\qixing_lengshuikeng_main_peak_20260523_osmrefresh_v1_3b\qixing_lengshuikeng_main_peak_20260523_osmrefresh_v1_3b_osm_semantic_risk_summary.csv,True,20,metric|value,route_semantic_context_not_fork_inventory,False,"Route semantic, surface, guidepost, facility, trail, path, road, or way context exists, but it is not a governed fork/decision point inventory."
outputs\ib1c_route_profile_semantic_output\qixing_route_profile_semantic_enriched.csv,True,182,sample_idx|dist_m|lat|lon|ele_gpx_m|delta_dist_m|delta_ele_m|slope_pct|slope_band|gain_m|loss_m|cum_gain_m|cum_loss_m|nearest_gpx_idx|nearest_gpx_dist_m|time_raw|ele_smooth|near_highway|dist_highway_m|osm_way_name|osm_way_name_zh|osm_way_id|osm_way_type|osm_highway|osm_surface|osm_tracktype|osm_smoothness|osm_trail_visibility|osm_sac_scale|osm_incline|osm_lit|osm_lit_status|osm_handrail|osm_safety_rope|osm_step_count|osm_width|osm_bridge|osm_bridge_material|osm_ford|osm_tunnel|osm_covered|osm_highway_family|osm_walk_relevance|osm_trail_difficulty_hint|osm_vertical_context|osm_is_steps|near_safety_rope|dist_safety_rope_m|near_assisted_trail|dist_assisted_trail_m|near_handrail|dist_handrail_m|near_rungs|dist_rungs_m|near_ladder|dist_ladder_m|near_via_ferrata|dist_via_ferrata_m|near_street_lamp|dist_street_lamp_m|near_cliff|dist_cliff_m|near_scree|dist_scree_m|near_bare_rock|dist_bare_rock_m|near_landslide|dist_landslide_m|near_waterway|dist_waterway_m|near_water_area|dist_water_area_m|near_wetland|dist_wetland_m|near_trailhead|dist_trailhead_m|near_peak|dist_peak_m|near_guidepost|dist_guidepost_m,route_semantic_context_not_fork_inventory,False,"Route semantic, surface, guidepost, facility, trail, path, road, or way context exists, but it is not a governed fork/decision point inventory."
outputs\ib1c_route_profile_semantic_output\qixing_route_profile_semantic_enriched.geojson,True,182,assist_class|cum_gain_m|cum_loss_m|delta_dist_m|delta_ele_m|dist_alpine_hut_m|dist_assisted_trail_m|dist_bare_rock_m|dist_bench_m|dist_cliff_m|dist_drinking_water_m|dist_guidepost_m|dist_handrail_m|dist_highway_m|dist_information_office_m|dist_ladder_m|dist_landslide_m|dist_m|dist_peak_m|dist_picnic_site_m|dist_picnic_table_m|dist_rungs_m|dist_safety_rope_m|dist_scree_m|dist_shelter_m|dist_street_lamp_m|dist_toilets_m|dist_trailhead_m|dist_via_ferrata_m|dist_visitor_centre_m|dist_water_area_m|dist_waterway_m|dist_wetland_m|dist_wilderness_hut_m|ele_gpx_m|ele_med|ele_smooth|facility_flags|gain_m|hazard_flags|hydrology_flags|landmark_flags|lat|lon|loss_m|near_alpine_hut|near_assisted_trail|near_bare_rock|near_bench|near_cliff|near_drinking_water|near_guidepost|near_handrail|near_highway|near_information_office|near_ladder|near_landslide|near_peak|near_picnic_site|near_picnic_table|near_rungs|near_safety_rope|near_scree|near_shelter|near_street_lamp|near_toilets|near_trailhead|near_via_ferrata|near_visitor_centre|near_water_area|near_waterway|near_wetland|near_wilderness_hut|nearby_named_features|nearest_gpx_dist_m|nearest_gpx_idx|osm_bridge|osm_bridge_material|osm_covered|osm_difficulty_class,route_semantic_context_not_fork_inventory,False,"Route semantic, surface, guidepost, facility, trail, path, road, or way context exists, but it is not a governed fork/decision point inventory."
outputs\ib1c_route_profile_semantics\juansi_waterfall_fitcsv_20260503\juansi_waterfall_fitcsv_20260503_route_profile_semantic_enriched.csv,True,3973,sample_idx|dist_m|lat|lon|ele_gpx_m|delta_dist_m|delta_ele_m|slope_pct|slope_band|gain_m|loss_m|cum_gain_m|cum_loss_m|nearest_gpx_idx|nearest_gpx_dist_m|time_raw|ele_smooth|elevation_source|needs_nlsc_elevation|near_highway|dist_highway_m|osm_way_name|osm_way_name_zh|osm_way_id|osm_way_type|osm_highway|osm_surface|osm_tracktype|osm_smoothness|osm_trail_visibility|osm_sac_scale|osm_incline|osm_lit|osm_lit_status|osm_handrail|osm_safety_rope|osm_step_count|osm_width|osm_bridge|osm_bridge_material|osm_ford|osm_tunnel|osm_covered|osm_highway_family|osm_walk_relevance|osm_trail_difficulty_hint|osm_vertical_context|osm_is_steps|near_safety_rope|dist_safety_rope_m|near_assisted_trail|dist_assisted_trail_m|near_handrail|dist_handrail_m|near_rungs|dist_rungs_m|near_ladder|dist_ladder_m|near_via_ferrata|dist_via_ferrata_m|near_street_lamp|dist_street_lamp_m|near_cliff|dist_cliff_m|near_scree|dist_scree_m|near_bare_rock|dist_bare_rock_m|near_landslide|dist_landslide_m|near_waterway|dist_waterway_m|near_water_area|dist_water_area_m|near_wetland|dist_wetland_m|near_trailhead|dist_trailhead_m|near_peak|dist_peak_m,route_semantic_context_not_fork_inventory,False,"Route semantic, surface, guidepost, facility, trail, path, road, or way context exists, but it is not a governed fork/decision point inventory."
outputs\ib1c_route_profile_semantics\juansi_waterfall_fitcsv_20260503\juansi_waterfall_fitcsv_20260503_route_profile_semantic_enriched.geojson,True,3973,assist_class|case_id|case_name|cum_gain_m|cum_loss_m|delta_dist_m|delta_ele_m|dist_alpine_hut_m|dist_assisted_trail_m|dist_bare_rock_m|dist_bench_m|dist_cliff_m|dist_drinking_water_m|dist_guidepost_m|dist_handrail_m|dist_highway_m|dist_information_office_m|dist_ladder_m|dist_landslide_m|dist_m|dist_peak_m|dist_picnic_site_m|dist_picnic_table_m|dist_rungs_m|dist_safety_rope_m|dist_scree_m|dist_shelter_m|dist_street_lamp_m|dist_toilets_m|dist_trailhead_m|dist_via_ferrata_m|dist_visitor_centre_m|dist_water_area_m|dist_waterway_m|dist_wetland_m|dist_wilderness_hut_m|ele_gpx_m|ele_med|ele_smooth|elevation_source|facility_flags|gain_m|hazard_flags|hydrology_flags|ia1_dataset_id|landmark_flags|lat|lon|loss_m|near_alpine_hut|near_assisted_trail|near_bare_rock|near_bench|near_cliff|near_drinking_water|near_guidepost|near_handrail|near_highway|near_information_office|near_ladder|near_landslide|near_peak|near_picnic_site|near_picnic_table|near_rungs|near_safety_rope|near_scree|near_shelter|near_street_lamp|near_toilets|near_trailhead|near_via_ferrata|near_visitor_centre|near_water_area|near_waterway|near_wetland|near_wilderness_hut|nearby_named_features|nearest_gpx_dist_m|nearest_gpx_idx,route_semantic_context_not_fork_inventory,False,"Route semantic, surface, guidepost, facility, trail, path, road, or way context exists, but it is not a governed fork/decision point inventory."
outputs\ib1c_route_profile_semantics\qixing_lengshuikeng_main_peak_20260523\qixing_lengshuikeng_main_peak_20260523_route_profile_semantic_enriched.csv,True,4189,case_id|case_name|activity_type|activity_fp|ordered_path_fp|mainline_fp|sample_idx|dist_m|lat|lon|ele_gpx_m|delta_dist_m|delta_ele_m|slope_pct|slope_band|gain_m|loss_m|cum_gain_m|cum_loss_m|nearest_gpx_idx|nearest_gpx_dist_m|time_raw|ele_smooth|elevation_source|needs_nlsc_elevation|near_highway|dist_highway_m|osm_way_name|osm_way_name_zh|osm_way_id|osm_way_type|osm_highway|osm_surface|osm_tracktype|osm_smoothness|osm_trail_visibility|osm_sac_scale|osm_incline|osm_lit|osm_lit_status|osm_handrail|osm_safety_rope|osm_step_count|osm_width|osm_bridge|osm_bridge_material|osm_ford|osm_tunnel|osm_covered|osm_highway_family|osm_walk_relevance|osm_trail_difficulty_hint|osm_vertical_context|osm_is_steps|near_safety_rope|dist_safety_rope_m|near_assisted_trail|dist_assisted_trail_m|near_handrail|dist_handrail_m|near_rungs|dist_rungs_m|near_ladder|dist_ladder_m|near_via_ferrata|dist_via_ferrata_m|near_street_lamp|dist_street_lamp_m|near_cliff|dist_cliff_m|near_scree|dist_scree_m|near_bare_rock|dist_bare_rock_m|near_landslide|dist_landslide_m|near_waterway|dist_waterway_m|near_water_area|dist_water_area_m,route_semantic_context_not_fork_inventory,False,"Route semantic, surface, guidepost, facility, trail, path, road, or way context exists, but it is not a governed fork/decision point inventory."
outputs\ib1c_route_profile_semantics\qixing_lengshuikeng_main_peak_20260523\qixing_lengshuikeng_main_peak_20260523_route_profile_semantic_enriched.geojson,True,4189,activity_fp|activity_type|assist_class|case_id|case_name|cum_gain_m|cum_loss_m|delta_dist_m|delta_ele_m|dist_alpine_hut_m|dist_assisted_trail_m|dist_bare_rock_m|dist_bench_m|dist_cliff_m|dist_drinking_water_m|dist_guidepost_m|dist_handrail_m|dist_highway_m|dist_information_office_m|dist_ladder_m|dist_landslide_m|dist_m|dist_peak_m|dist_picnic_site_m|dist_picnic_table_m|dist_rungs_m|dist_safety_rope_m|dist_scree_m|dist_shelter_m|dist_street_lamp_m|dist_toilets_m|dist_trailhead_m|dist_via_ferrata_m|dist_visitor_centre_m|dist_water_area_m|dist_waterway_m|dist_wetland_m|dist_wilderness_hut_m|ele_gpx_m|ele_med|ele_smooth|elevation_source|facility_flags|gain_m|hazard_flags|hydrology_flags|ia1_dataset_id|landmark_flags|lat|lon|loss_m|mainline_fp|near_alpine_hut|near_assisted_trail|near_bare_rock|near_bench|near_cliff|near_drinking_water|near_guidepost|near_handrail|near_highway|near_information_office|near_ladder|near_landslide|near_peak|near_picnic_site|near_picnic_table|near_rungs|near_safety_rope|near_scree|near_shelter|near_street_lamp|near_toilets|near_trailhead|near_via_ferrata|near_visitor_centre|near_water_area|near_waterway|near_wetland|near_wilderness_hut,route_semantic_context_not_fork_inventory,False,"Route semantic, surface, guidepost, facility, trail, path, road, or way context exists, but it is not a governed fork/decision point inventory."
outputs\ib1c_route_profile_semantics\qixing_xiaoyoukeng_main_peak_20260315\qixing_xiaoyoukeng_main_peak_20260315_route_profile_semantic_enriched.csv,True,3332,case_id|case_name|activity_type|activity_fp|ordered_path_fp|mainline_fp|sample_idx|dist_m|lat|lon|ele_gpx_m|delta_dist_m|delta_ele_m|slope_pct|slope_band|gain_m|loss_m|cum_gain_m|cum_loss_m|nearest_gpx_idx|nearest_gpx_dist_m|time_raw|ele_smooth|elevation_source|needs_nlsc_elevation|near_highway|dist_highway_m|osm_way_name|osm_way_name_zh|osm_way_id|osm_way_type|osm_highway|osm_surface|osm_tracktype|osm_smoothness|osm_trail_visibility|osm_sac_scale|osm_incline|osm_lit|osm_lit_status|osm_handrail|osm_safety_rope|osm_step_count|osm_width|osm_bridge|osm_bridge_material|osm_ford|osm_tunnel|osm_covered|osm_highway_family|osm_walk_relevance|osm_trail_difficulty_hint|osm_vertical_context|osm_is_steps|near_safety_rope|dist_safety_rope_m|near_assisted_trail|dist_assisted_trail_m|near_handrail|dist_handrail_m|near_rungs|dist_rungs_m|near_ladder|dist_ladder_m|near_via_ferrata|dist_via_ferrata_m|near_street_lamp|dist_street_lamp_m|near_cliff|dist_cliff_m|near_scree|dist_scree_m|near_bare_rock|dist_bare_rock_m|near_landslide|dist_landslide_m|near_waterway|dist_waterway_m|near_water_area|dist_water_area_m,route_semantic_context_not_fork_inventory,False,"Route semantic, surface, guidepost, facility, trail, path, road, or way context exists, but it is not a governed fork/decision point inventory."
outputs\ib1c_route_profile_semantics\qixing_xiaoyoukeng_main_peak_20260315\qixing_xiaoyoukeng_main_peak_20260315_route_profile_semantic_enriched.geojson,True,3332,activity_fp|activity_type|assist_class|case_id|case_name|cum_gain_m|cum_loss_m|delta_dist_m|delta_ele_m|dist_alpine_hut_m|dist_assisted_trail_m|dist_bare_rock_m|dist_bench_m|dist_cliff_m|dist_drinking_water_m|dist_guidepost_m|dist_handrail_m|dist_highway_m|dist_information_office_m|dist_ladder_m|dist_landslide_m|dist_m|dist_peak_m|dist_picnic_site_m|dist_picnic_table_m|dist_rungs_m|dist_safety_rope_m|dist_scree_m|dist_shelter_m|dist_street_lamp_m|dist_toilets_m|dist_trailhead_m|dist_via_ferrata_m|dist_visitor_centre_m|dist_water_area_m|dist_waterway_m|dist_wetland_m|dist_wilderness_hut_m|ele_gpx_m|ele_med|ele_smooth|elevation_source|facility_flags|gain_m|hazard_flags|hydrology_flags|ia1_dataset_id|landmark_flags|lat|lon|loss_m|mainline_fp|near_alpine_hut|near_assisted_trail|near_bare_rock|near_bench|near_cliff|near_drinking_water|near_guidepost|near_handrail|near_highway|near_information_office|near_ladder|near_landslide|near_peak|near_picnic_site|near_picnic_table|near_rungs|near_safety_rope|near_scree|near_shelter|near_street_lamp|near_toilets|near_trailhead|near_via_ferrata|near_visitor_centre|near_water_area|near_waterway|near_wetland|near_wilderness_hut,route_semantic_context_not_fork_inventory,False,"Route semantic, surface, guidepost, facility, trail, path, road, or way context exists, but it is not a governed fork/decision point inventory."
outputs\ib1c_route_profile_semantics\zhonghua_ust_jiuwufeng_roundtrip_biji\zhonghua_ust_jiuwufeng_roundtrip_biji_route_profile_semantic_enriched.csv,True,5239,case_id|case_name|activity_type|activity_fp|ordered_path_fp|mainline_fp|sample_idx|dist_m|lat|lon|ele_gpx_m|delta_dist_m|delta_ele_m|slope_pct|slope_band|gain_m|loss_m|cum_gain_m|cum_loss_m|nearest_gpx_idx|nearest_gpx_dist_m|time_raw|ele_smooth|elevation_source|needs_nlsc_elevation|near_highway|dist_highway_m|osm_way_name|osm_way_name_zh|osm_way_id|osm_way_type|osm_highway|osm_surface|osm_tracktype|osm_smoothness|osm_trail_visibility|osm_sac_scale|osm_incline|osm_lit|osm_lit_status|osm_handrail|osm_safety_rope|osm_step_count|osm_width|osm_bridge|osm_bridge_material|osm_ford|osm_tunnel|osm_covered|osm_highway_family|osm_walk_relevance|osm_trail_difficulty_hint|osm_vertical_context|osm_is_steps|near_safety_rope|dist_safety_rope_m|near_assisted_trail|dist_assisted_trail_m|near_handrail|dist_handrail_m|near_rungs|dist_rungs_m|near_ladder|dist_ladder_m|near_via_ferrata|dist_via_ferrata_m|near_street_lamp|dist_street_lamp_m|near_cliff|dist_cliff_m|near_scree|dist_scree_m|near_bare_rock|dist_bare_rock_m|near_landslide|dist_landslide_m|near_waterway|dist_waterway_m|near_water_area|dist_water_area_m,route_semantic_context_not_fork_inventory,False,"Route semantic, surface, guidepost, facility, trail, path, road, or way context exists, but it is not a governed fork/decision point inventory."
outputs\ib1c_route_profile_semantics\zhonghua_ust_jiuwufeng_roundtrip_biji\zhonghua_ust_jiuwufeng_roundtrip_biji_route_profile_semantic_enriched.geojson,True,5239,activity_fp|activity_type|assist_class|case_id|case_name|cum_gain_m|cum_loss_m|delta_dist_m|delta_ele_m|dist_alpine_hut_m|dist_assisted_trail_m|dist_bare_rock_m|dist_bench_m|dist_cliff_m|dist_drinking_water_m|dist_guidepost_m|dist_handrail_m|dist_highway_m|dist_information_office_m|dist_ladder_m|dist_landslide_m|dist_m|dist_peak_m|dist_picnic_site_m|dist_picnic_table_m|dist_rungs_m|dist_safety_rope_m|dist_scree_m|dist_shelter_m|dist_street_lamp_m|dist_toilets_m|dist_trailhead_m|dist_via_ferrata_m|dist_visitor_centre_m|dist_water_area_m|dist_waterway_m|dist_wetland_m|dist_wilderness_hut_m|ele_gpx_m|ele_med|ele_smooth|elevation_source|facility_flags|gain_m|hazard_flags|hydrology_flags|ia1_dataset_id|landmark_flags|lat|lon|loss_m|mainline_fp|near_alpine_hut|near_assisted_trail|near_bare_rock|near_bench|near_cliff|near_drinking_water|near_guidepost|near_handrail|near_highway|near_information_office|near_ladder|near_landslide|near_peak|near_picnic_site|near_picnic_table|near_rungs|near_safety_rope|near_scree|near_shelter|near_street_lamp|near_toilets|near_trailhead|near_via_ferrata|near_visitor_centre|near_water_area|near_waterway|near_wetland|near_wilderness_hut,route_semantic_context_not_fork_inventory,False,"Route semantic, surface, guidepost, facility, trail, path, road, or way context exists, but it is not a governed fork/decision point inventory."
outputs\ib1c_route_profile_semantics_forced_required_way_test\qixing_lengshuikeng_main_peak_20260523\qixing_lengshuikeng_main_peak_20260523_route_profile_semantic_enriched.csv,True,4189,case_id|case_name|activity_type|activity_fp|ordered_path_fp|mainline_fp|sample_idx|dist_m|lat|lon|ele_gpx_m|delta_dist_m|delta_ele_m|slope_pct|slope_band|gain_m|loss_m|cum_gain_m|cum_loss_m|nearest_gpx_idx|nearest_gpx_dist_m|time_raw|ele_smooth|elevation_source|needs_nlsc_elevation|near_highway|dist_highway_m|osm_way_name|osm_way_name_zh|osm_way_id|osm_way_type|osm_highway|osm_surface|osm_tracktype|osm_smoothness|osm_trail_visibility|osm_sac_scale|osm_incline|osm_lit|osm_lit_status|osm_handrail|osm_safety_rope|osm_step_count|osm_width|osm_bridge|osm_bridge_material|osm_ford|osm_tunnel|osm_covered|osm_highway_family|osm_walk_relevance|osm_trail_difficulty_hint|osm_vertical_context|osm_is_steps|near_safety_rope|dist_safety_rope_m|near_assisted_trail|dist_assisted_trail_m|near_handrail|dist_handrail_m|near_rungs|dist_rungs_m|near_ladder|dist_ladder_m|near_via_ferrata|dist_via_ferrata_m|near_street_lamp|dist_street_lamp_m|near_cliff|dist_cliff_m|near_scree|dist_scree_m|near_bare_rock|dist_bare_rock_m|near_landslide|dist_landslide_m|near_waterway|dist_waterway_m|near_water_area|dist_water_area_m,route_semantic_context_not_fork_inventory,False,"Route semantic, surface, guidepost, facility, trail, path, road, or way context exists, but it is not a governed fork/decision point inventory."
outputs\ib1c_route_profile_semantics_forced_required_way_test\qixing_lengshuikeng_main_peak_20260523\qixing_lengshuikeng_main_peak_20260523_route_profile_semantic_enriched.geojson,True,4189,activity_fp|activity_type|assist_class|case_id|case_name|cum_gain_m|cum_loss_m|delta_dist_m|delta_ele_m|dist_alpine_hut_m|dist_assisted_trail_m|dist_bare_rock_m|dist_bench_m|dist_cliff_m|dist_drinking_water_m|dist_guidepost_m|dist_handrail_m|dist_highway_m|dist_information_office_m|dist_ladder_m|dist_landslide_m|dist_m|dist_peak_m|dist_picnic_site_m|dist_picnic_table_m|dist_rungs_m|dist_safety_rope_m|dist_scree_m|dist_shelter_m|dist_street_lamp_m|dist_toilets_m|dist_trailhead_m|dist_via_ferrata_m|dist_visitor_centre_m|dist_water_area_m|dist_waterway_m|dist_wetland_m|dist_wilderness_hut_m|ele_gpx_m|ele_med|ele_smooth|elevation_source|facility_flags|gain_m|hazard_flags|hydrology_flags|ia1_dataset_id|landmark_flags|lat|lon|loss_m|mainline_fp|near_alpine_hut|near_assisted_trail|near_bare_rock|near_bench|near_cliff|near_drinking_water|near_guidepost|near_handrail|near_highway|near_information_office|near_ladder|near_landslide|near_peak|near_picnic_site|near_picnic_table|near_rungs|near_safety_rope|near_scree|near_shelter|near_street_lamp|near_toilets|near_trailhead|near_via_ferrata|near_visitor_centre|near_water_area|near_waterway|near_wetland|near_wilderness_hut,route_semantic_context_not_fork_inventory,False,"Route semantic, surface, guidepost, facility, trail, path, road, or way context exists, but it is not a governed fork/decision point inventory."
outputs\ib1c_route_profile_semantics_v1_1\qixing_lengshuikeng_main_peak_20260523\qixing_lengshuikeng_main_peak_20260523_route_profile_semantic_enriched.csv,True,4149,case_id|case_name|activity_type|activity_fp|ordered_path_fp|mainline_fp|sample_idx|dist_m|lat|lon|ele_gpx_m|delta_dist_m|delta_ele_m|slope_pct|slope_band|gain_m|loss_m|cum_gain_m|cum_loss_m|nearest_gpx_idx|nearest_gpx_dist_m|time_raw|ele_smooth|elevation_source|needs_nlsc_elevation|near_highway|dist_highway_m|osm_way_name|osm_way_name_zh|osm_way_id|osm_way_type|osm_highway|osm_surface|osm_tracktype|osm_smoothness|osm_trail_visibility|osm_sac_scale|osm_incline|osm_lit|osm_lit_status|osm_handrail|osm_safety_rope|osm_step_count|osm_width|osm_bridge|osm_bridge_material|osm_ford|osm_tunnel|osm_covered|osm_highway_family|osm_walk_relevance|osm_trail_difficulty_hint|osm_vertical_context|osm_is_steps|near_safety_rope|dist_safety_rope_m|near_assisted_trail|dist_assisted_trail_m|near_handrail|dist_handrail_m|near_rungs|dist_rungs_m|near_ladder|dist_ladder_m|near_via_ferrata|dist_via_ferrata_m|near_street_lamp|dist_street_lamp_m|near_cliff|dist_cliff_m|near_scree|dist_scree_m|near_bare_rock|dist_bare_rock_m|near_landslide|dist_landslide_m|near_waterway|dist_waterway_m|near_water_area|dist_water_area_m,route_semantic_context_not_fork_inventory,False,"Route semantic, surface, guidepost, facility, trail, path, road, or way context exists, but it is not a governed fork/decision point inventory."
outputs\ib1c_route_profile_semantics_v1_1\qixing_lengshuikeng_main_peak_20260523\qixing_lengshuikeng_main_peak_20260523_route_profile_semantic_enriched.geojson,True,4149,activity_fp|activity_type|assist_class|case_id|case_name|cum_gain_m|cum_loss_m|delta_dist_m|delta_ele_m|dist_alpine_hut_m|dist_assisted_trail_m|dist_bare_rock_m|dist_bench_m|dist_cliff_m|dist_drinking_water_m|dist_guidepost_m|dist_handrail_m|dist_highway_m|dist_information_office_m|dist_ladder_m|dist_landslide_m|dist_m|dist_peak_m|dist_picnic_site_m|dist_picnic_table_m|dist_rungs_m|dist_safety_rope_m|dist_scree_m|dist_shelter_m|dist_street_lamp_m|dist_toilets_m|dist_trailhead_m|dist_via_ferrata_m|dist_visitor_centre_m|dist_water_area_m|dist_waterway_m|dist_wetland_m|dist_wilderness_hut_m|ele_gpx_m|ele_med|ele_smooth|elevation_source|facility_flags|gain_m|hazard_flags|hydrology_flags|ia1_dataset_id|landmark_flags|lat|lon|loss_m|mainline_fp|near_alpine_hut|near_assisted_trail|near_bare_rock|near_bench|near_cliff|near_drinking_water|near_guidepost|near_handrail|near_highway|near_information_office|near_ladder|near_landslide|near_peak|near_picnic_site|near_picnic_table|near_rungs|near_safety_rope|near_scree|near_shelter|near_street_lamp|near_toilets|near_trailhead|near_via_ferrata|near_visitor_centre|near_water_area|near_waterway|near_wetland|near_wilderness_hut,route_semantic_context_not_fork_inventory,False,"Route semantic, surface, guidepost, facility, trail, path, road, or way context exists, but it is not a governed fork/decision point inventory."
outputs\ib1c_route_profile_semantics_v1_1\qixing_xiaoyoukeng_main_peak_20260315\qixing_xiaoyoukeng_main_peak_20260315_route_profile_semantic_enriched.csv,True,3332,case_id|case_name|activity_type|activity_fp|ordered_path_fp|mainline_fp|sample_idx|dist_m|lat|lon|ele_gpx_m|delta_dist_m|delta_ele_m|slope_pct|slope_band|gain_m|loss_m|cum_gain_m|cum_loss_m|nearest_gpx_idx|nearest_gpx_dist_m|time_raw|ele_smooth|elevation_source|needs_nlsc_elevation|near_highway|dist_highway_m|osm_way_name|osm_way_name_zh|osm_way_id|osm_way_type|osm_highway|osm_surface|osm_tracktype|osm_smoothness|osm_trail_visibility|osm_sac_scale|osm_incline|osm_lit|osm_lit_status|osm_handrail|osm_safety_rope|osm_step_count|osm_width|osm_bridge|osm_bridge_material|osm_ford|osm_tunnel|osm_covered|osm_highway_family|osm_walk_relevance|osm_trail_difficulty_hint|osm_vertical_context|osm_is_steps|near_safety_rope|dist_safety_rope_m|near_assisted_trail|dist_assisted_trail_m|near_handrail|dist_handrail_m|near_rungs|dist_rungs_m|near_ladder|dist_ladder_m|near_via_ferrata|dist_via_ferrata_m|near_street_lamp|dist_street_lamp_m|near_cliff|dist_cliff_m|near_scree|dist_scree_m|near_bare_rock|dist_bare_rock_m|near_landslide|dist_landslide_m|near_waterway|dist_waterway_m|near_water_area|dist_water_area_m,route_semantic_context_not_fork_inventory,False,"Route semantic, surface, guidepost, facility, trail, path, road, or way context exists, but it is not a governed fork/decision point inventory."
outputs\ib1c_route_profile_semantics_v1_1\qixing_xiaoyoukeng_main_peak_20260315\qixing_xiaoyoukeng_main_peak_20260315_route_profile_semantic_enriched.geojson,True,3332,activity_fp|activity_type|assist_class|case_id|case_name|cum_gain_m|cum_loss_m|delta_dist_m|delta_ele_m|dist_alpine_hut_m|dist_assisted_trail_m|dist_bare_rock_m|dist_bench_m|dist_cliff_m|dist_drinking_water_m|dist_guidepost_m|dist_handrail_m|dist_highway_m|dist_information_office_m|dist_ladder_m|dist_landslide_m|dist_m|dist_peak_m|dist_picnic_site_m|dist_picnic_table_m|dist_rungs_m|dist_safety_rope_m|dist_scree_m|dist_shelter_m|dist_street_lamp_m|dist_toilets_m|dist_trailhead_m|dist_via_ferrata_m|dist_visitor_centre_m|dist_water_area_m|dist_waterway_m|dist_wetland_m|dist_wilderness_hut_m|ele_gpx_m|ele_med|ele_smooth|elevation_source|facility_flags|gain_m|hazard_flags|hydrology_flags|ia1_dataset_id|landmark_flags|lat|lon|loss_m|mainline_fp|near_alpine_hut|near_assisted_trail|near_bare_rock|near_bench|near_cliff|near_drinking_water|near_guidepost|near_handrail|near_highway|near_information_office|near_ladder|near_landslide|near_peak|near_picnic_site|near_picnic_table|near_rungs|near_safety_rope|near_scree|near_shelter|near_street_lamp|near_toilets|near_trailhead|near_via_ferrata|near_visitor_centre|near_water_area|near_waterway|near_wetland|near_wilderness_hut,route_semantic_context_not_fork_inventory,False,"Route semantic, surface, guidepost, facility, trail, path, road, or way context exists, but it is not a governed fork/decision point inventory."
outputs\ib1c_route_profile_semantics_v1_3b_contract_qa\juansi_waterfall_fitcsv_20260503_osmrefresh_v1_3b\juansi_waterfall_fitcsv_20260503_osmrefresh_v1_3b_route_profile_semantic_enriched.csv,True,3697,case_id|case_name|activity_type|activity_fp|ordered_path_fp|mainline_fp|sample_idx|dist_m|lat|lon|ele_gpx_m|delta_dist_m|delta_ele_m|slope_pct|slope_band|gain_m|loss_m|cum_gain_m|cum_loss_m|nearest_gpx_idx|nearest_gpx_dist_m|time_raw|ele_smooth|elevation_source|needs_nlsc_elevation|near_highway|dist_highway_m|osm_way_name|osm_way_name_zh|osm_way_id|osm_way_type|osm_highway|osm_surface|osm_tracktype|osm_smoothness|osm_trail_visibility|osm_sac_scale|osm_incline|osm_lit|osm_lit_status|osm_handrail|osm_safety_rope|osm_step_count|osm_width|osm_bridge|osm_bridge_material|osm_ford|osm_tunnel|osm_covered|osm_highway_family|osm_walk_relevance|osm_trail_difficulty_hint|osm_vertical_context|osm_is_steps|near_safety_rope|dist_safety_rope_m|near_assisted_trail|dist_assisted_trail_m|near_handrail|dist_handrail_m|near_rungs|dist_rungs_m|near_ladder|dist_ladder_m|near_via_ferrata|dist_via_ferrata_m|near_street_lamp|dist_street_lamp_m|near_cliff|dist_cliff_m|near_scree|dist_scree_m|near_bare_rock|dist_bare_rock_m|near_landslide|dist_landslide_m|near_waterway|dist_waterway_m|near_water_area|dist_water_area_m,route_semantic_context_not_fork_inventory,False,"Route semantic, surface, guidepost, facility, trail, path, road, or way context exists, but it is not a governed fork/decision point inventory."
outputs\ib1c_route_profile_semantics_v1_3b_contract_qa\juansi_waterfall_fitcsv_20260503_osmrefresh_v1_3b\juansi_waterfall_fitcsv_20260503_osmrefresh_v1_3b_route_profile_semantic_enriched.geojson,True,3697,activity_fp|activity_type|assist_class|case_id|case_name|cum_gain_m|cum_loss_m|delta_dist_m|delta_ele_m|dist_alpine_hut_m|dist_assisted_trail_m|dist_bare_rock_m|dist_bench_m|dist_cliff_m|dist_drinking_water_m|dist_guidepost_m|dist_handrail_m|dist_highway_m|dist_information_office_m|dist_ladder_m|dist_landslide_m|dist_m|dist_peak_m|dist_picnic_site_m|dist_picnic_table_m|dist_rungs_m|dist_safety_rope_m|dist_scree_m|dist_shelter_m|dist_street_lamp_m|dist_toilets_m|dist_trailhead_m|dist_via_ferrata_m|dist_visitor_centre_m|dist_water_area_m|dist_waterway_m|dist_wetland_m|dist_wilderness_hut_m|ele_gpx_m|ele_med|ele_smooth|elevation_source|facility_flags|gain_m|hazard_flags|hydrology_flags|ia1_dataset_id|landmark_flags|lat|lon|loss_m|mainline_fp|near_alpine_hut|near_assisted_trail|near_bare_rock|near_bench|near_cliff|near_drinking_water|near_guidepost|near_handrail|near_highway|near_information_office|near_ladder|near_landslide|near_peak|near_picnic_site|near_picnic_table|near_rungs|near_safety_rope|near_scree|near_shelter|near_street_lamp|near_toilets|near_trailhead|near_via_ferrata|near_visitor_centre|near_water_area|near_waterway|near_wetland|near_wilderness_hut,route_semantic_context_not_fork_inventory,False,"Route semantic, surface, guidepost, facility, trail, path, road, or way context exists, but it is not a governed fork/decision point inventory."
outputs\ib1c_route_profile_semantics_v1_3b_contract_qa\qixing_lengshuikeng_main_peak_20260523_osmrefresh_v1_3b\qixing_lengshuikeng_main_peak_20260523_osmrefresh_v1_3b_route_profile_semantic_enriched.csv,True,4189,case_id|case_name|activity_type|activity_fp|ordered_path_fp|mainline_fp|sample_idx|dist_m|lat|lon|ele_gpx_m|delta_dist_m|delta_ele_m|slope_pct|slope_band|gain_m|loss_m|cum_gain_m|cum_loss_m|nearest_gpx_idx|nearest_gpx_dist_m|time_raw|ele_smooth|elevation_source|needs_nlsc_elevation|near_highway|dist_highway_m|osm_way_name|osm_way_name_zh|osm_way_id|osm_way_type|osm_highway|osm_surface|osm_tracktype|osm_smoothness|osm_trail_visibility|osm_sac_scale|osm_incline|osm_lit|osm_lit_status|osm_handrail|osm_safety_rope|osm_step_count|osm_width|osm_bridge|osm_bridge_material|osm_ford|osm_tunnel|osm_covered|osm_highway_family|osm_walk_relevance|osm_trail_difficulty_hint|osm_vertical_context|osm_is_steps|near_safety_rope|dist_safety_rope_m|near_assisted_trail|dist_assisted_trail_m|near_handrail|dist_handrail_m|near_rungs|dist_rungs_m|near_ladder|dist_ladder_m|near_via_ferrata|dist_via_ferrata_m|near_street_lamp|dist_street_lamp_m|near_cliff|dist_cliff_m|near_scree|dist_scree_m|near_bare_rock|dist_bare_rock_m|near_landslide|dist_landslide_m|near_waterway|dist_waterway_m|near_water_area|dist_water_area_m,route_semantic_context_not_fork_inventory,False,"Route semantic, surface, guidepost, facility, trail, path, road, or way context exists, but it is not a governed fork/decision point inventory."
outputs\ib1c_route_profile_semantics_v1_3b_contract_qa\qixing_lengshuikeng_main_peak_20260523_osmrefresh_v1_3b\qixing_lengshuikeng_main_peak_20260523_osmrefresh_v1_3b_route_profile_semantic_enriched.geojson,True,4189,activity_fp|activity_type|assist_class|case_id|case_name|cum_gain_m|cum_loss_m|delta_dist_m|delta_ele_m|dist_alpine_hut_m|dist_assisted_trail_m|dist_bare_rock_m|dist_bench_m|dist_cliff_m|dist_drinking_water_m|dist_guidepost_m|dist_handrail_m|dist_highway_m|dist_information_office_m|dist_ladder_m|dist_landslide_m|dist_m|dist_peak_m|dist_picnic_site_m|dist_picnic_table_m|dist_rungs_m|dist_safety_rope_m|dist_scree_m|dist_shelter_m|dist_street_lamp_m|dist_toilets_m|dist_trailhead_m|dist_via_ferrata_m|dist_visitor_centre_m|dist_water_area_m|dist_waterway_m|dist_wetland_m|dist_wilderness_hut_m|ele_gpx_m|ele_med|ele_smooth|elevation_source|facility_flags|gain_m|hazard_flags|hydrology_flags|ia1_dataset_id|landmark_flags|lat|lon|loss_m|mainline_fp|near_alpine_hut|near_assisted_trail|near_bare_rock|near_bench|near_cliff|near_drinking_water|near_guidepost|near_handrail|near_highway|near_information_office|near_ladder|near_landslide|near_peak|near_picnic_site|near_picnic_table|near_rungs|near_safety_rope|near_scree|near_shelter|near_street_lamp|near_toilets|near_trailhead|near_via_ferrata|near_visitor_centre|near_water_area|near_waterway|near_wetland|near_wilderness_hut,route_semantic_context_not_fork_inventory,False,"Route semantic, surface, guidepost, facility, trail, path, road, or way context exists, but it is not a governed fork/decision point inventory."
outputs\ib1c_route_profile_semantics_v1_3b_contract_qa\qixing_lengshuikeng_xiaoyoukeng_gpx_osmrefresh_v1_3b\qixing_lengshuikeng_xiaoyoukeng_gpx_osmrefresh_v1_3b_route_profile_semantic_enriched.csv,True,3697,case_id|case_name|activity_type|activity_fp|ordered_path_fp|mainline_fp|sample_idx|dist_m|lat|lon|ele_gpx_m|delta_dist_m|delta_ele_m|slope_pct|slope_band|gain_m|loss_m|cum_gain_m|cum_loss_m|nearest_gpx_idx|nearest_gpx_dist_m|time_raw|ele_smooth|elevation_source|needs_nlsc_elevation|near_highway|dist_highway_m|osm_way_name|osm_way_name_zh|osm_way_id|osm_way_type|osm_highway|osm_surface|osm_tracktype|osm_smoothness|osm_trail_visibility|osm_sac_scale|osm_incline|osm_lit|osm_lit_status|osm_handrail|osm_safety_rope|osm_step_count|osm_width|osm_bridge|osm_bridge_material|osm_ford|osm_tunnel|osm_covered|osm_highway_family|osm_walk_relevance|osm_trail_difficulty_hint|osm_vertical_context|osm_is_steps|near_safety_rope|dist_safety_rope_m|near_assisted_trail|dist_assisted_trail_m|near_handrail|dist_handrail_m|near_rungs|dist_rungs_m|near_ladder|dist_ladder_m|near_via_ferrata|dist_via_ferrata_m|near_street_lamp|dist_street_lamp_m|near_cliff|dist_cliff_m|near_scree|dist_scree_m|near_bare_rock|dist_bare_rock_m|near_landslide|dist_landslide_m|near_waterway|dist_waterway_m|near_water_area|dist_water_area_m,route_semantic_context_not_fork_inventory,False,"Route semantic, surface, guidepost, facility, trail, path, road, or way context exists, but it is not a governed fork/decision point inventory."
outputs\ib1c_route_profile_semantics_v1_3b_contract_qa\qixing_lengshuikeng_xiaoyoukeng_gpx_osmrefresh_v1_3b\qixing_lengshuikeng_xiaoyoukeng_gpx_osmrefresh_v1_3b_route_profile_semantic_enriched.geojson,True,3697,activity_fp|activity_type|assist_class|case_id|case_name|cum_gain_m|cum_loss_m|delta_dist_m|delta_ele_m|dist_alpine_hut_m|dist_assisted_trail_m|dist_bare_rock_m|dist_bench_m|dist_cliff_m|dist_drinking_water_m|dist_guidepost_m|dist_handrail_m|dist_highway_m|dist_information_office_m|dist_ladder_m|dist_landslide_m|dist_m|dist_peak_m|dist_picnic_site_m|dist_picnic_table_m|dist_rungs_m|dist_safety_rope_m|dist_scree_m|dist_shelter_m|dist_street_lamp_m|dist_toilets_m|dist_trailhead_m|dist_via_ferrata_m|dist_visitor_centre_m|dist_water_area_m|dist_waterway_m|dist_wetland_m|dist_wilderness_hut_m|ele_gpx_m|ele_med|ele_smooth|elevation_source|facility_flags|gain_m|hazard_flags|hydrology_flags|ia1_dataset_id|landmark_flags|lat|lon|loss_m|mainline_fp|near_alpine_hut|near_assisted_trail|near_bare_rock|near_bench|near_cliff|near_drinking_water|near_guidepost|near_handrail|near_highway|near_information_office|near_ladder|near_landslide|near_peak|near_picnic_site|near_picnic_table|near_rungs|near_safety_rope|near_scree|near_shelter|near_street_lamp|near_toilets|near_trailhead|near_via_ferrata|near_visitor_centre|near_water_area|near_waterway|near_wetland|near_wilderness_hut,route_semantic_context_not_fork_inventory,False,"Route semantic, surface, guidepost, facility, trail, path, road, or way context exists, but it is not a governed fork/decision point inventory."
outputs\ib1c_route_profile_semantics_v1_3b_contract_qa\qixing_xiaoyoukeng_main_peak_20260315_osmrefresh_v1_3b\qixing_xiaoyoukeng_main_peak_20260315_osmrefresh_v1_3b_route_profile_semantic_enriched.csv,True,3247,case_id|case_name|activity_type|activity_fp|ordered_path_fp|mainline_fp|sample_idx|dist_m|lat|lon|ele_gpx_m|delta_dist_m|delta_ele_m|slope_pct|slope_band|gain_m|loss_m|cum_gain_m|cum_loss_m|nearest_gpx_idx|nearest_gpx_dist_m|time_raw|ele_smooth|elevation_source|needs_nlsc_elevation|near_highway|dist_highway_m|osm_way_name|osm_way_name_zh|osm_way_id|osm_way_type|osm_highway|osm_surface|osm_tracktype|osm_smoothness|osm_trail_visibility|osm_sac_scale|osm_incline|osm_lit|osm_lit_status|osm_handrail|osm_safety_rope|osm_step_count|osm_width|osm_bridge|osm_bridge_material|osm_ford|osm_tunnel|osm_covered|osm_highway_family|osm_walk_relevance|osm_trail_difficulty_hint|osm_vertical_context|osm_is_steps|near_safety_rope|dist_safety_rope_m|near_assisted_trail|dist_assisted_trail_m|near_handrail|dist_handrail_m|near_rungs|dist_rungs_m|near_ladder|dist_ladder_m|near_via_ferrata|dist_via_ferrata_m|near_street_lamp|dist_street_lamp_m|near_cliff|dist_cliff_m|near_scree|dist_scree_m|near_bare_rock|dist_bare_rock_m|near_landslide|dist_landslide_m|near_waterway|dist_waterway_m|near_water_area|dist_water_area_m,route_semantic_context_not_fork_inventory,False,"Route semantic, surface, guidepost, facility, trail, path, road, or way context exists, but it is not a governed fork/decision point inventory."
outputs\ib1c_route_profile_semantics_v1_3b_contract_qa\qixing_xiaoyoukeng_main_peak_20260315_osmrefresh_v1_3b\qixing_xiaoyoukeng_main_peak_20260315_osmrefresh_v1_3b_route_profile_semantic_enriched.geojson,True,3247,activity_fp|activity_type|assist_class|case_id|case_name|cum_gain_m|cum_loss_m|delta_dist_m|delta_ele_m|dist_alpine_hut_m|dist_assisted_trail_m|dist_bare_rock_m|dist_bench_m|dist_cliff_m|dist_drinking_water_m|dist_guidepost_m|dist_handrail_m|dist_highway_m|dist_information_office_m|dist_ladder_m|dist_landslide_m|dist_m|dist_peak_m|dist_picnic_site_m|dist_picnic_table_m|dist_rungs_m|dist_safety_rope_m|dist_scree_m|dist_shelter_m|dist_street_lamp_m|dist_toilets_m|dist_trailhead_m|dist_via_ferrata_m|dist_visitor_centre_m|dist_water_area_m|dist_waterway_m|dist_wetland_m|dist_wilderness_hut_m|ele_gpx_m|ele_med|ele_smooth|elevation_source|facility_flags|gain_m|hazard_flags|hydrology_flags|ia1_dataset_id|landmark_flags|lat|lon|loss_m|mainline_fp|near_alpine_hut|near_assisted_trail|near_bare_rock|near_bench|near_cliff|near_drinking_water|near_guidepost|near_handrail|near_highway|near_information_office|near_ladder|near_landslide|near_peak|near_picnic_site|near_picnic_table|near_rungs|near_safety_rope|near_scree|near_shelter|near_street_lamp|near_toilets|near_trailhead|near_via_ferrata|near_visitor_centre|near_water_area|near_waterway|near_wetland|near_wilderness_hut,route_semantic_context_not_fork_inventory,False,"Route semantic, surface, guidepost, facility, trail, path, road, or way context exists, but it is not a governed fork/decision point inventory."
outputs\ib1c_route_profile_semantics_v1_3b_contract_qa\zhonghua_ust_jiuwufeng_roundtrip_biji_osmrefresh_v1_3b\zhonghua_ust_jiuwufeng_roundtrip_biji_osmrefresh_v1_3b_route_profile_semantic_enriched.csv,True,5449,case_id|case_name|activity_type|activity_fp|ordered_path_fp|mainline_fp|sample_idx|dist_m|lat|lon|ele_gpx_m|delta_dist_m|delta_ele_m|slope_pct|slope_band|gain_m|loss_m|cum_gain_m|cum_loss_m|nearest_gpx_idx|nearest_gpx_dist_m|time_raw|ele_smooth|elevation_source|needs_nlsc_elevation|near_highway|dist_highway_m|osm_way_name|osm_way_name_zh|osm_way_id|osm_way_type|osm_highway|osm_surface|osm_tracktype|osm_smoothness|osm_trail_visibility|osm_sac_scale|osm_incline|osm_lit|osm_lit_status|osm_handrail|osm_safety_rope|osm_step_count|osm_width|osm_bridge|osm_bridge_material|osm_ford|osm_tunnel|osm_covered|osm_highway_family|osm_walk_relevance|osm_trail_difficulty_hint|osm_vertical_context|osm_is_steps|near_safety_rope|dist_safety_rope_m|near_assisted_trail|dist_assisted_trail_m|near_handrail|dist_handrail_m|near_rungs|dist_rungs_m|near_ladder|dist_ladder_m|near_via_ferrata|dist_via_ferrata_m|near_street_lamp|dist_street_lamp_m|near_cliff|dist_cliff_m|near_scree|dist_scree_m|near_bare_rock|dist_bare_rock_m|near_landslide|dist_landslide_m|near_waterway|dist_waterway_m|near_water_area|dist_water_area_m,route_semantic_context_not_fork_inventory,False,"Route semantic, surface, guidepost, facility, trail, path, road, or way context exists, but it is not a governed fork/decision point inventory."
outputs\ib1c_route_profile_semantics_v1_3b_contract_qa\zhonghua_ust_jiuwufeng_roundtrip_biji_osmrefresh_v1_3b\zhonghua_ust_jiuwufeng_roundtrip_biji_osmrefresh_v1_3b_route_profile_semantic_enriched.geojson,True,5449,activity_fp|activity_type|assist_class|case_id|case_name|cum_gain_m|cum_loss_m|delta_dist_m|delta_ele_m|dist_alpine_hut_m|dist_assisted_trail_m|dist_bare_rock_m|dist_bench_m|dist_cliff_m|dist_drinking_water_m|dist_guidepost_m|dist_handrail_m|dist_highway_m|dist_information_office_m|dist_ladder_m|dist_landslide_m|dist_m|dist_peak_m|dist_picnic_site_m|dist_picnic_table_m|dist_rungs_m|dist_safety_rope_m|dist_scree_m|dist_shelter_m|dist_street_lamp_m|dist_toilets_m|dist_trailhead_m|dist_via_ferrata_m|dist_visitor_centre_m|dist_water_area_m|dist_waterway_m|dist_wetland_m|dist_wilderness_hut_m|ele_gpx_m|ele_med|ele_smooth|elevation_source|facility_flags|gain_m|hazard_flags|hydrology_flags|ia1_dataset_id|landmark_flags|lat|lon|loss_m|mainline_fp|near_alpine_hut|near_assisted_trail|near_bare_rock|near_bench|near_cliff|near_drinking_water|near_guidepost|near_handrail|near_highway|near_information_office|near_ladder|near_landslide|near_peak|near_picnic_site|near_picnic_table|near_rungs|near_safety_rope|near_scree|near_shelter|near_street_lamp|near_toilets|near_trailhead|near_via_ferrata|near_visitor_centre|near_water_area|near_waterway|near_wetland|near_wilderness_hut,route_semantic_context_not_fork_inventory,False,"Route semantic, surface, guidepost, facility, trail, path, road, or way context exists, but it is not a governed fork/decision point inventory."
outputs\ib1c_route_profile_semantics_v1_3b_qixing_via_corridor_repair_candidate\qixing_lengshuikeng_main_peak_20260523_osmrefresh_v1_3b\qixing_lengshuikeng_main_peak_20260523_osmrefresh_v1_3b_route_profile_semantic_enriched.csv,True,3841,case_id|case_name|activity_type|activity_fp|ordered_path_fp|mainline_fp|sample_idx|dist_m|lat|lon|ele_gpx_m|delta_dist_m|delta_ele_m|slope_pct|slope_band|gain_m|loss_m|cum_gain_m|cum_loss_m|nearest_gpx_idx|nearest_gpx_dist_m|time_raw|ele_smooth|elevation_source|needs_nlsc_elevation|near_highway|dist_highway_m|osm_way_name|osm_way_name_zh|osm_way_id|osm_way_type|osm_highway|osm_surface|osm_tracktype|osm_smoothness|osm_trail_visibility|osm_sac_scale|osm_incline|osm_lit|osm_lit_status|osm_handrail|osm_safety_rope|osm_step_count|osm_width|osm_bridge|osm_bridge_material|osm_ford|osm_tunnel|osm_covered|osm_highway_family|osm_walk_relevance|osm_trail_difficulty_hint|osm_vertical_context|osm_is_steps|near_safety_rope|dist_safety_rope_m|near_assisted_trail|dist_assisted_trail_m|near_handrail|dist_handrail_m|near_rungs|dist_rungs_m|near_ladder|dist_ladder_m|near_via_ferrata|dist_via_ferrata_m|near_street_lamp|dist_street_lamp_m|near_cliff|dist_cliff_m|near_scree|dist_scree_m|near_bare_rock|dist_bare_rock_m|near_landslide|dist_landslide_m|near_waterway|dist_waterway_m|near_water_area|dist_water_area_m,route_semantic_context_not_fork_inventory,False,"Route semantic, surface, guidepost, facility, trail, path, road, or way context exists, but it is not a governed fork/decision point inventory."
outputs\ib1c_route_profile_semantics_v1_3b_qixing_via_corridor_repair_candidate\qixing_lengshuikeng_main_peak_20260523_osmrefresh_v1_3b\qixing_lengshuikeng_main_peak_20260523_osmrefresh_v1_3b_route_profile_semantic_enriched.geojson,True,3841,activity_fp|activity_type|assist_class|case_id|case_name|cum_gain_m|cum_loss_m|delta_dist_m|delta_ele_m|dist_alpine_hut_m|dist_assisted_trail_m|dist_bare_rock_m|dist_bench_m|dist_cliff_m|dist_drinking_water_m|dist_guidepost_m|dist_handrail_m|dist_highway_m|dist_information_office_m|dist_ladder_m|dist_landslide_m|dist_m|dist_peak_m|dist_picnic_site_m|dist_picnic_table_m|dist_rungs_m|dist_safety_rope_m|dist_scree_m|dist_shelter_m|dist_street_lamp_m|dist_toilets_m|dist_trailhead_m|dist_via_ferrata_m|dist_visitor_centre_m|dist_water_area_m|dist_waterway_m|dist_wetland_m|dist_wilderness_hut_m|ele_gpx_m|ele_med|ele_smooth|elevation_source|facility_flags|gain_m|hazard_flags|hydrology_flags|ia1_dataset_id|landmark_flags|lat|lon|loss_m|mainline_fp|near_alpine_hut|near_assisted_trail|near_bare_rock|near_bench|near_cliff|near_drinking_water|near_guidepost|near_handrail|near_highway|near_information_office|near_ladder|near_landslide|near_peak|near_picnic_site|near_picnic_table|near_rungs|near_safety_rope|near_scree|near_shelter|near_street_lamp|near_toilets|near_trailhead|near_via_ferrata|near_visitor_centre|near_water_area|near_waterway|near_wetland|near_wilderness_hut,route_semantic_context_not_fork_inventory,False,"Route semantic, surface, guidepost, facility, trail, path, road, or way context exists, but it is not a governed fork/decision point inventory."
outputs\ib1c_semantic_risk_mapping_coverage_audit_v1_3b\ib1c_semantic_risk_mapping_case_coverage.csv,True,4,case_id|observed_semantic_values_n|mapped_semantic_values_n|unmapped_semantic_values_n|mapping_coverage_rate|formal_semantics_input_root|formal_semantic_risk_output_root|mapping_config|risk_summary_present|rows|osm_semantic_risk_score_min|osm_semantic_risk_score_mean|osm_semantic_risk_score_max,route_semantic_context_not_fork_inventory,False,"Route semantic, surface, guidepost, facility, trail, path, road, or way context exists, but it is not a governed fork/decision point inventory."
outputs\ib1c_semantic_risk_mapping_coverage_audit_v1_3b\ib1c_semantic_risk_unmapped_values_by_case.csv,True,3,case_id|ib1c_field|semantic_key|semantic_value|observed_count|mapping_key|has_mapping|value_kind|note,route_semantic_context_not_fork_inventory,False,"Route semantic, surface, guidepost, facility, trail, path, road, or way context exists, but it is not a governed fork/decision point inventory."
outputs\ib1c_semantic_risk_mapping_coverage_audit_v1_3b\ib1c_semantic_risk_unmapped_values_unique.csv,True,3,semantic_key|semantic_value|observed_cases|observed_case_count|observed_count|ib1c_fields|value_kind|only_juansi|only_zhonghua|also_xiaoyoukeng|proposed_risk_score|proposed_risk_band|proposal_reason|confidence|needs_manual_review|is_legacy_typo_null_unknown|is_binary_absence|should_add_global_mapping,route_semantic_context_not_fork_inventory,False,"Route semantic, surface, guidepost, facility, trail, path, road, or way context exists, but it is not a governed fork/decision point inventory."
outputs\ib1c_semantic_risk_mapping_coverage_audit_v1_3b\osm_semantic_risk_mapping_v1_patch_proposal.csv,True,3,semantic_key|semantic_value|observed_cases|observed_count|proposed_risk_score|proposed_risk_band|proposal_reason|confidence|needs_manual_review,route_semantic_context_not_fork_inventory,False,"Route semantic, surface, guidepost, facility, trail, path, road, or way context exists, but it is not a governed fork/decision point inventory."
outputs\ib1c_semantic_risk_mapping_coverage_audit_v1_3b_mapping_v1_2_updated\ib1c_semantic_risk_mapping_case_coverage.csv,True,4,case_id|observed_semantic_values_n|mapped_semantic_values_n|unmapped_semantic_values_n|mapping_coverage_rate|formal_semantics_input_root|formal_semantic_risk_output_root|mapping_config|risk_summary_present|rows|osm_semantic_risk_score_min|osm_semantic_risk_score_mean|osm_semantic_risk_score_max,route_semantic_context_not_fork_inventory,False,"Route semantic, surface, guidepost, facility, trail, path, road, or way context exists, but it is not a governed fork/decision point inventory."
outputs\ib1c_semantic_risk_mapping_coverage_audit_v1_3b_mapping_v1_2_updated\ib1c_semantic_risk_unmapped_values_by_case.csv,True,0,case_id|ib1c_field|semantic_key|semantic_value|observed_count|mapping_key|has_mapping|value_kind|note,route_semantic_context_not_fork_inventory,False,"Route semantic, surface, guidepost, facility, trail, path, road, or way context exists, but it is not a governed fork/decision point inventory."
outputs\ib1c_semantic_risk_mapping_coverage_audit_v1_3b_mapping_v1_2_updated\ib1c_semantic_risk_unmapped_values_unique.csv,True,0,semantic_key|semantic_value|observed_cases|observed_case_count|observed_count|ib1c_fields|value_kind|only_juansi|only_zhonghua|also_xiaoyoukeng|proposed_risk_score|proposed_risk_band|proposal_reason|confidence|needs_manual_review|is_legacy_typo_null_unknown|is_binary_absence|should_add_global_mapping,route_semantic_context_not_fork_inventory,False,"Route semantic, surface, guidepost, facility, trail, path, road, or way context exists, but it is not a governed fork/decision point inventory."
outputs\ib1c_semantic_risk_mapping_coverage_audit_v1_3b_mapping_v1_2_updated\osm_semantic_risk_mapping_v1_patch_proposal.csv,True,0,semantic_key|semantic_value|observed_cases|observed_count|proposed_risk_score|proposed_risk_band|proposal_reason|confidence|needs_manual_review,route_semantic_context_not_fork_inventory,False,"Route semantic, surface, guidepost, facility, trail, path, road, or way context exists, but it is not a governed fork/decision point inventory."
outputs\ib1e_osm_nlsc_terrain_risk\juansi_waterfall_fitcsv_20260503\juansi_waterfall_fitcsv_20260503_osm_nlsc_terrain_risk_profile.csv,True,3973,sample_idx|dist_m|lat|lon|ele_gpx_m|delta_dist_m|delta_ele_m|slope_pct|slope_band|gain_m|loss_m|cum_gain_m|cum_loss_m|nearest_gpx_idx|nearest_gpx_dist_m|time_raw|ele_smooth|elevation_source|needs_nlsc_elevation|near_highway|dist_highway_m|osm_way_name|osm_way_name_zh|osm_way_id|osm_way_type|osm_highway|osm_surface|osm_tracktype|osm_smoothness|osm_trail_visibility|osm_sac_scale|osm_incline|osm_lit|osm_lit_status|osm_handrail|osm_safety_rope|osm_step_count|osm_width|osm_bridge|osm_bridge_material|osm_ford|osm_tunnel|osm_covered|osm_highway_family|osm_walk_relevance|osm_trail_difficulty_hint|osm_vertical_context|osm_is_steps|near_safety_rope|dist_safety_rope_m|near_assisted_trail|dist_assisted_trail_m|near_handrail|dist_handrail_m|near_rungs|dist_rungs_m|near_ladder|dist_ladder_m|near_via_ferrata|dist_via_ferrata_m|near_street_lamp|dist_street_lamp_m|near_cliff|dist_cliff_m|near_scree|dist_scree_m|near_bare_rock|dist_bare_rock_m|near_landslide|dist_landslide_m|near_waterway|dist_waterway_m|near_water_area|dist_water_area_m|near_wetland|dist_wetland_m|near_trailhead|dist_trailhead_m|near_peak|dist_peak_m,route_semantic_context_not_fork_inventory,False,"Route semantic, surface, guidepost, facility, trail, path, road, or way context exists, but it is not a governed fork/decision point inventory."
outputs\ib1e_osm_nlsc_terrain_risk\juansi_waterfall_fitcsv_20260503\juansi_waterfall_fitcsv_20260503_osm_nlsc_terrain_risk_profile.geojson,True,3973,applied_mapping_hits|assist_class|conditional_factor_flags|conditional_notes|conditional_risk_domains|cum_gain_m|cum_loss_m|delta_dist_m|delta_ele_m|dist_alpine_hut_m|dist_assisted_trail_m|dist_bare_rock_m|dist_bench_m|dist_cliff_m|dist_drinking_water_m|dist_guidepost_m|dist_handrail_m|dist_highway_m|dist_information_office_m|dist_ladder_m|dist_landslide_m|dist_m|dist_mid|dist_peak_m|dist_picnic_site_m|dist_picnic_table_m|dist_rungs_m|dist_safety_rope_m|dist_scree_m|dist_shelter_m|dist_street_lamp_m|dist_toilets_m|dist_trailhead_m|dist_via_ferrata_m|dist_visitor_centre_m|dist_water_area_m|dist_waterway_m|dist_wetland_m|dist_wilderness_hut_m|ele_gpx_m|ele_med|ele_smooth|elevation_source|exposure_risk_score|facility_flags|gain_m|hazard_flags|hydro_terrain_amplifier_score|hydrology_flags|hydrology_risk_score|landmark_context_score|landmark_flags|lat|lon|loss_m|navigation_risk_score|navigation_support_score|near_alpine_hut|near_assisted_trail|near_bare_rock|near_bench|near_cliff|near_drinking_water|near_guidepost|near_handrail|near_highway|near_information_office|near_ladder|near_landslide|near_peak|near_picnic_site|near_picnic_table|near_rungs|near_safety_rope|near_scree|near_shelter|near_street_lamp|near_toilets|near_trailhead|near_via_ferrata,route_semantic_context_not_fork_inventory,False,"Route semantic, surface, guidepost, facility, trail, path, road, or way context exists, but it is not a governed fork/decision point inventory."
outputs\ib1e_osm_nlsc_terrain_risk\qixing_lengshuikeng_main_peak_20260523\qixing_lengshuikeng_main_peak_20260523_osm_nlsc_terrain_risk_profile.csv,True,1979,sample_idx|dist_m|lat|lon|ele_gpx_m|delta_dist_m|delta_ele_m|ele_smooth|slope_pct|slope_band|gain_m|loss_m|cum_gain_m|cum_loss_m|nearest_gpx_idx|nearest_gpx_dist_m|time_raw|near_highway|dist_highway_m|osm_way_name|osm_way_name_zh|osm_way_id|osm_highway|osm_surface|osm_tracktype|osm_smoothness|osm_trail_visibility|osm_sac_scale|osm_incline|osm_lit|osm_handrail|osm_safety_rope|osm_step_count|osm_width|osm_bridge|osm_ford|osm_tunnel|osm_lit_status|osm_highway_family|osm_walk_relevance|osm_trail_difficulty_hint|osm_vertical_context|osm_is_steps|near_safety_rope|dist_safety_rope_m|near_handrail|dist_handrail_m|near_rungs|dist_rungs_m|near_ladder|dist_ladder_m|near_via_ferrata|dist_via_ferrata_m|near_cliff|dist_cliff_m|near_scree|dist_scree_m|near_bare_rock|dist_bare_rock_m|near_landslide|dist_landslide_m|near_waterway|dist_waterway_m|near_water_area|dist_water_area_m|near_wetland|dist_wetland_m|near_trailhead|dist_trailhead_m|near_peak|dist_peak_m|near_guidepost|dist_guidepost_m|near_shelter|dist_shelter_m|near_alpine_hut|dist_alpine_hut_m|near_wilderness_hut|dist_wilderness_hut_m|near_bench,route_semantic_context_not_fork_inventory,False,"Route semantic, surface, guidepost, facility, trail, path, road, or way context exists, but it is not a governed fork/decision point inventory."
outputs\ib1e_osm_nlsc_terrain_risk\qixing_lengshuikeng_main_peak_20260523\qixing_lengshuikeng_main_peak_20260523_osm_nlsc_terrain_risk_profile.geojson,True,1979,applied_mapping_hits|assist_class|conditional_factor_flags|conditional_notes|conditional_risk_domains|cum_gain_m|cum_loss_m|delta_dist_m|delta_ele_m|dist_alpine_hut_m|dist_bare_rock_m|dist_bench_m|dist_cliff_m|dist_drinking_water_m|dist_guidepost_m|dist_handrail_m|dist_highway_m|dist_information_office_m|dist_ladder_m|dist_landslide_m|dist_m|dist_mid|dist_peak_m|dist_picnic_site_m|dist_picnic_table_m|dist_rungs_m|dist_safety_rope_m|dist_scree_m|dist_shelter_m|dist_toilets_m|dist_trailhead_m|dist_via_ferrata_m|dist_visitor_centre_m|dist_water_area_m|dist_waterway_m|dist_wetland_m|dist_wilderness_hut_m|ele_gpx_m|ele_smooth|exposure_risk_score|facility_flags|gain_m|hazard_flags|hydro_terrain_amplifier_score|hydrology_flags|hydrology_risk_score|landmark_context_score|landmark_flags|lat|lon|loss_m|navigation_risk_score|navigation_support_score|near_alpine_hut|near_bare_rock|near_bench|near_cliff|near_drinking_water|near_guidepost|near_handrail|near_highway|near_information_office|near_ladder|near_landslide|near_peak|near_picnic_site|near_picnic_table|near_rungs|near_safety_rope|near_scree|near_shelter|near_toilets|near_trailhead|near_via_ferrata|near_visitor_centre|near_water_area|near_waterway|near_wetland|near_wilderness_hut|nearby_named_features,route_semantic_context_not_fork_inventory,False,"Route semantic, surface, guidepost, facility, trail, path, road, or way context exists, but it is not a governed fork/decision point inventory."
outputs\ib1e_osm_nlsc_terrain_risk\qixing_xiaoyoukeng_main_peak_20260315\qixing_xiaoyoukeng_main_peak_20260315_osm_nlsc_terrain_risk_profile.csv,True,2323,sample_idx|dist_m|lat|lon|ele_gpx_m|delta_dist_m|delta_ele_m|ele_smooth|slope_pct|slope_band|gain_m|loss_m|cum_gain_m|cum_loss_m|nearest_gpx_idx|nearest_gpx_dist_m|time_raw|near_highway|dist_highway_m|osm_way_name|osm_way_name_zh|osm_way_id|osm_highway|osm_surface|osm_tracktype|osm_smoothness|osm_trail_visibility|osm_sac_scale|osm_incline|osm_lit|osm_handrail|osm_safety_rope|osm_step_count|osm_width|osm_bridge|osm_ford|osm_tunnel|osm_lit_status|osm_highway_family|osm_walk_relevance|osm_trail_difficulty_hint|osm_vertical_context|osm_is_steps|near_safety_rope|dist_safety_rope_m|near_handrail|dist_handrail_m|near_rungs|dist_rungs_m|near_ladder|dist_ladder_m|near_via_ferrata|dist_via_ferrata_m|near_cliff|dist_cliff_m|near_scree|dist_scree_m|near_bare_rock|dist_bare_rock_m|near_landslide|dist_landslide_m|near_waterway|dist_waterway_m|near_water_area|dist_water_area_m|near_wetland|dist_wetland_m|near_trailhead|dist_trailhead_m|near_peak|dist_peak_m|near_guidepost|dist_guidepost_m|near_shelter|dist_shelter_m|near_alpine_hut|dist_alpine_hut_m|near_wilderness_hut|dist_wilderness_hut_m|near_bench,route_semantic_context_not_fork_inventory,False,"Route semantic, surface, guidepost, facility, trail, path, road, or way context exists, but it is not a governed fork/decision point inventory."
outputs\ib1e_osm_nlsc_terrain_risk\qixing_xiaoyoukeng_main_peak_20260315\qixing_xiaoyoukeng_main_peak_20260315_osm_nlsc_terrain_risk_profile.geojson,True,2323,applied_mapping_hits|assist_class|conditional_factor_flags|conditional_notes|conditional_risk_domains|cum_gain_m|cum_loss_m|delta_dist_m|delta_ele_m|dist_alpine_hut_m|dist_bare_rock_m|dist_bench_m|dist_cliff_m|dist_drinking_water_m|dist_guidepost_m|dist_handrail_m|dist_highway_m|dist_information_office_m|dist_ladder_m|dist_landslide_m|dist_m|dist_mid|dist_peak_m|dist_picnic_site_m|dist_picnic_table_m|dist_rungs_m|dist_safety_rope_m|dist_scree_m|dist_shelter_m|dist_toilets_m|dist_trailhead_m|dist_via_ferrata_m|dist_visitor_centre_m|dist_water_area_m|dist_waterway_m|dist_wetland_m|dist_wilderness_hut_m|ele_gpx_m|ele_smooth|exposure_risk_score|facility_flags|gain_m|hazard_flags|hydro_terrain_amplifier_score|hydrology_flags|hydrology_risk_score|landmark_context_score|landmark_flags|lat|lon|loss_m|navigation_risk_score|navigation_support_score|near_alpine_hut|near_bare_rock|near_bench|near_cliff|near_drinking_water|near_guidepost|near_handrail|near_highway|near_information_office|near_ladder|near_landslide|near_peak|near_picnic_site|near_picnic_table|near_rungs|near_safety_rope|near_scree|near_shelter|near_toilets|near_trailhead|near_via_ferrata|near_visitor_centre|near_water_area|near_waterway|near_wetland|near_wilderness_hut|nearby_named_features,route_semantic_context_not_fork_inventory,False,"Route semantic, surface, guidepost, facility, trail, path, road, or way context exists, but it is not a governed fork/decision point inventory."
outputs\ib1e_route_profile_contour_window_terrain\juansi_waterfall_fitcsv_20260503\juansi_waterfall_fitcsv_20260503_route_profile_contour_window_terrain_enriched.csv,True,3973,sample_idx|dist_m|lat|lon|ele_gpx_m|delta_dist_m|delta_ele_m|slope_pct|slope_band|gain_m|loss_m|cum_gain_m|cum_loss_m|nearest_gpx_idx|nearest_gpx_dist_m|time_raw|ele_smooth|elevation_source|needs_nlsc_elevation|near_highway|dist_highway_m|osm_way_name|osm_way_name_zh|osm_way_id|osm_way_type|osm_highway|osm_surface|osm_tracktype|osm_smoothness|osm_trail_visibility|osm_sac_scale|osm_incline|osm_lit|osm_lit_status|osm_handrail|osm_safety_rope|osm_step_count|osm_width|osm_bridge|osm_bridge_material|osm_ford|osm_tunnel|osm_covered|osm_highway_family|osm_walk_relevance|osm_trail_difficulty_hint|osm_vertical_context|osm_is_steps|near_safety_rope|dist_safety_rope_m|near_assisted_trail|dist_assisted_trail_m|near_handrail|dist_handrail_m|near_rungs|dist_rungs_m|near_ladder|dist_ladder_m|near_via_ferrata|dist_via_ferrata_m|near_street_lamp|dist_street_lamp_m|near_cliff|dist_cliff_m|near_scree|dist_scree_m|near_bare_rock|dist_bare_rock_m|near_landslide|dist_landslide_m|near_waterway|dist_waterway_m|near_water_area|dist_water_area_m|near_wetland|dist_wetland_m|near_trailhead|dist_trailhead_m|near_peak|dist_peak_m,route_semantic_context_not_fork_inventory,False,"Route semantic, surface, guidepost, facility, trail, path, road, or way context exists, but it is not a governed fork/decision point inventory."
outputs\ib1e_route_profile_contour_window_terrain\juansi_waterfall_fitcsv_20260503\juansi_waterfall_fitcsv_20260503_route_profile_contour_window_terrain_enriched.geojson,True,3973,applied_mapping_hits|assist_class|case_id|case_name|conditional_factor_flags|conditional_notes|conditional_risk_domains|contour_csv|contour_density_20m_nlsc_window|contour_window_enriched_at|contour_window_match_status|contour_window_max_align_diff_m|cum_gain_m|cum_loss_m|delta_dist_m|delta_ele_m|dist_alpine_hut_m|dist_assisted_trail_m|dist_bare_rock_m|dist_bench_m|dist_cliff_m|dist_drinking_water_m|dist_guidepost_m|dist_handrail_m|dist_highway_m|dist_information_office_m|dist_ladder_m|dist_landslide_m|dist_m|dist_peak_m|dist_picnic_site_m|dist_picnic_table_m|dist_rungs_m|dist_safety_rope_m|dist_scree_m|dist_shelter_m|dist_street_lamp_m|dist_to_contour_window_mid_m|dist_toilets_m|dist_trailhead_m|dist_via_ferrata_m|dist_visitor_centre_m|dist_water_area_m|dist_waterway_m|dist_wetland_m|dist_wilderness_hut_m|ele_gpx_m|ele_med|ele_smooth|elev_max_nlsc_window|elev_min_nlsc_window|elev_range_nlsc_window|elevation_source|exposure_risk_score|facility_flags|gain_m|hazard_flags|hydro_terrain_amplifier_score|hydro_terrain_weight|hydrology_flags|hydrology_risk_score|ia1_dataset_id|landmark_context_score|landmark_flags|lat|lon|loss_m|navigation_risk_score|navigation_support_score|near_alpine_hut|near_assisted_trail|near_bare_rock|near_bench|near_cliff|near_drinking_water|near_guidepost|near_handrail|near_highway|near_information_office|near_ladder,route_semantic_context_not_fork_inventory,False,"Route semantic, surface, guidepost, facility, trail, path, road, or way context exists, but it is not a governed fork/decision point inventory."
outputs\ib1e_route_profile_contour_window_terrain\qixing_lengshuikeng_main_peak_20260523\qixing_lengshuikeng_main_peak_20260523_route_profile_contour_window_terrain_enriched.csv,True,4189,case_id|case_name|activity_type|activity_fp|ordered_path_fp|mainline_fp|sample_idx|dist_m|lat|lon|ele_gpx_m|delta_dist_m|delta_ele_m|slope_pct|slope_band|gain_m|loss_m|cum_gain_m|cum_loss_m|nearest_gpx_idx|nearest_gpx_dist_m|time_raw|ele_smooth|elevation_source|needs_nlsc_elevation|near_highway|dist_highway_m|osm_way_name|osm_way_name_zh|osm_way_id|osm_way_type|osm_highway|osm_surface|osm_tracktype|osm_smoothness|osm_trail_visibility|osm_sac_scale|osm_incline|osm_lit|osm_lit_status|osm_handrail|osm_safety_rope|osm_step_count|osm_width|osm_bridge|osm_bridge_material|osm_ford|osm_tunnel|osm_covered|osm_highway_family|osm_walk_relevance|osm_trail_difficulty_hint|osm_vertical_context|osm_is_steps|near_safety_rope|dist_safety_rope_m|near_assisted_trail|dist_assisted_trail_m|near_handrail|dist_handrail_m|near_rungs|dist_rungs_m|near_ladder|dist_ladder_m|near_via_ferrata|dist_via_ferrata_m|near_street_lamp|dist_street_lamp_m|near_cliff|dist_cliff_m|near_scree|dist_scree_m|near_bare_rock|dist_bare_rock_m|near_landslide|dist_landslide_m|near_waterway|dist_waterway_m|near_water_area|dist_water_area_m,route_semantic_context_not_fork_inventory,False,"Route semantic, surface, guidepost, facility, trail, path, road, or way context exists, but it is not a governed fork/decision point inventory."
outputs\ib1e_route_profile_contour_window_terrain\qixing_xiaoyoukeng_main_peak_20260315\qixing_xiaoyoukeng_main_peak_20260315_route_profile_contour_window_terrain_enriched.csv,True,3332,case_id|case_name|activity_type|activity_fp|ordered_path_fp|mainline_fp|sample_idx|dist_m|lat|lon|ele_gpx_m|delta_dist_m|delta_ele_m|slope_pct|slope_band|gain_m|loss_m|cum_gain_m|cum_loss_m|nearest_gpx_idx|nearest_gpx_dist_m|time_raw|ele_smooth|elevation_source|needs_nlsc_elevation|near_highway|dist_highway_m|osm_way_name|osm_way_name_zh|osm_way_id|osm_way_type|osm_highway|osm_surface|osm_tracktype|osm_smoothness|osm_trail_visibility|osm_sac_scale|osm_incline|osm_lit|osm_lit_status|osm_handrail|osm_safety_rope|osm_step_count|osm_width|osm_bridge|osm_bridge_material|osm_ford|osm_tunnel|osm_covered|osm_highway_family|osm_walk_relevance|osm_trail_difficulty_hint|osm_vertical_context|osm_is_steps|near_safety_rope|dist_safety_rope_m|near_assisted_trail|dist_assisted_trail_m|near_handrail|dist_handrail_m|near_rungs|dist_rungs_m|near_ladder|dist_ladder_m|near_via_ferrata|dist_via_ferrata_m|near_street_lamp|dist_street_lamp_m|near_cliff|dist_cliff_m|near_scree|dist_scree_m|near_bare_rock|dist_bare_rock_m|near_landslide|dist_landslide_m|near_waterway|dist_waterway_m|near_water_area|dist_water_area_m,route_semantic_context_not_fork_inventory,False,"Route semantic, surface, guidepost, facility, trail, path, road, or way context exists, but it is not a governed fork/decision point inventory."
outputs\ib1e_route_profile_contour_window_terrain\qixing_xiaoyoukeng_main_peak_20260315\qixing_xiaoyoukeng_main_peak_20260315_route_profile_contour_window_terrain_enriched.geojson,True,3332,activity_fp|activity_type|applied_mapping_hits|assist_class|case_id|case_name|conditional_factor_flags|conditional_notes|conditional_risk_domains|contour_csv|contour_density_20m_nlsc_window|contour_window_enriched_at|contour_window_match_status|contour_window_max_align_diff_m|cum_gain_m|cum_loss_m|delta_dist_m|delta_ele_m|dist_alpine_hut_m|dist_assisted_trail_m|dist_bare_rock_m|dist_bench_m|dist_cliff_m|dist_drinking_water_m|dist_guidepost_m|dist_handrail_m|dist_highway_m|dist_information_office_m|dist_ladder_m|dist_landslide_m|dist_m|dist_peak_m|dist_picnic_site_m|dist_picnic_table_m|dist_rungs_m|dist_safety_rope_m|dist_scree_m|dist_shelter_m|dist_street_lamp_m|dist_to_contour_window_mid_m|dist_toilets_m|dist_trailhead_m|dist_via_ferrata_m|dist_visitor_centre_m|dist_water_area_m|dist_waterway_m|dist_wetland_m|dist_wilderness_hut_m|ele_gpx_m|ele_med|ele_smooth|elev_max_nlsc_window|elev_min_nlsc_window|elev_range_nlsc_window|elevation_source|exposure_risk_score|facility_flags|gain_m|hazard_flags|hydro_terrain_amplifier_score|hydro_terrain_weight|hydrology_flags|hydrology_risk_score|ia1_dataset_id|landmark_context_score|landmark_flags|lat|lon|loss_m|mainline_fp|navigation_risk_score|navigation_support_score|near_alpine_hut|near_assisted_trail|near_bare_rock|near_bench|near_cliff|near_drinking_water|near_guidepost|near_handrail,route_semantic_context_not_fork_inventory,False,"Route semantic, surface, guidepost, facility, trail, path, road, or way context exists, but it is not a governed fork/decision point inventory."
outputs\ib1e_route_profile_contour_window_terrain\zhonghua_ust_jiuwufeng_roundtrip_biji\zhonghua_ust_jiuwufeng_roundtrip_biji_route_profile_contour_window_terrain_enriched.csv,True,5239,case_id|case_name|activity_type|activity_fp|ordered_path_fp|mainline_fp|sample_idx|dist_m|lat|lon|ele_gpx_m|delta_dist_m|delta_ele_m|slope_pct|slope_band|gain_m|loss_m|cum_gain_m|cum_loss_m|nearest_gpx_idx|nearest_gpx_dist_m|time_raw|ele_smooth|elevation_source|needs_nlsc_elevation|near_highway|dist_highway_m|osm_way_name|osm_way_name_zh|osm_way_id|osm_way_type|osm_highway|osm_surface|osm_tracktype|osm_smoothness|osm_trail_visibility|osm_sac_scale|osm_incline|osm_lit|osm_lit_status|osm_handrail|osm_safety_rope|osm_step_count|osm_width|osm_bridge|osm_bridge_material|osm_ford|osm_tunnel|osm_covered|osm_highway_family|osm_walk_relevance|osm_trail_difficulty_hint|osm_vertical_context|osm_is_steps|near_safety_rope|dist_safety_rope_m|near_assisted_trail|dist_assisted_trail_m|near_handrail|dist_handrail_m|near_rungs|dist_rungs_m|near_ladder|dist_ladder_m|near_via_ferrata|dist_via_ferrata_m|near_street_lamp|dist_street_lamp_m|near_cliff|dist_cliff_m|near_scree|dist_scree_m|near_bare_rock|dist_bare_rock_m|near_landslide|dist_landslide_m|near_waterway|dist_waterway_m|near_water_area|dist_water_area_m,route_semantic_context_not_fork_inventory,False,"Route semantic, surface, guidepost, facility, trail, path, road, or way context exists, but it is not a governed fork/decision point inventory."
outputs\ib1e_route_profile_contour_window_terrain_forced_required_way_test\qixing_lengshuikeng_main_peak_20260523\qixing_lengshuikeng_main_peak_20260523_route_profile_contour_window_terrain_enriched.csv,True,4189,case_id|case_name|activity_type|activity_fp|ordered_path_fp|mainline_fp|sample_idx|dist_m|lat|lon|ele_gpx_m|delta_dist_m|delta_ele_m|slope_pct|slope_band|gain_m|loss_m|cum_gain_m|cum_loss_m|nearest_gpx_idx|nearest_gpx_dist_m|time_raw|ele_smooth|elevation_source|needs_nlsc_elevation|near_highway|dist_highway_m|osm_way_name|osm_way_name_zh|osm_way_id|osm_way_type|osm_highway|osm_surface|osm_tracktype|osm_smoothness|osm_trail_visibility|osm_sac_scale|osm_incline|osm_lit|osm_lit_status|osm_handrail|osm_safety_rope|osm_step_count|osm_width|osm_bridge|osm_bridge_material|osm_ford|osm_tunnel|osm_covered|osm_highway_family|osm_walk_relevance|osm_trail_difficulty_hint|osm_vertical_context|osm_is_steps|near_safety_rope|dist_safety_rope_m|near_assisted_trail|dist_assisted_trail_m|near_handrail|dist_handrail_m|near_rungs|dist_rungs_m|near_ladder|dist_ladder_m|near_via_ferrata|dist_via_ferrata_m|near_street_lamp|dist_street_lamp_m|near_cliff|dist_cliff_m|near_scree|dist_scree_m|near_bare_rock|dist_bare_rock_m|near_landslide|dist_landslide_m|near_waterway|dist_waterway_m|near_water_area|dist_water_area_m,route_semantic_context_not_fork_inventory,False,"Route semantic, surface, guidepost, facility, trail, path, road, or way context exists, but it is not a governed fork/decision point inventory."
outputs\ib1e_route_profile_contour_window_terrain_v1_1\qixing_lengshuikeng_main_peak_20260523\qixing_lengshuikeng_main_peak_20260523_route_profile_contour_window_terrain_enriched.csv,True,4149,case_id|case_name|activity_type|activity_fp|ordered_path_fp|mainline_fp|sample_idx|dist_m|lat|lon|ele_gpx_m|delta_dist_m|delta_ele_m|slope_pct|slope_band|gain_m|loss_m|cum_gain_m|cum_loss_m|nearest_gpx_idx|nearest_gpx_dist_m|time_raw|ele_smooth|elevation_source|needs_nlsc_elevation|near_highway|dist_highway_m|osm_way_name|osm_way_name_zh|osm_way_id|osm_way_type|osm_highway|osm_surface|osm_tracktype|osm_smoothness|osm_trail_visibility|osm_sac_scale|osm_incline|osm_lit|osm_lit_status|osm_handrail|osm_safety_rope|osm_step_count|osm_width|osm_bridge|osm_bridge_material|osm_ford|osm_tunnel|osm_covered|osm_highway_family|osm_walk_relevance|osm_trail_difficulty_hint|osm_vertical_context|osm_is_steps|near_safety_rope|dist_safety_rope_m|near_assisted_trail|dist_assisted_trail_m|near_handrail|dist_handrail_m|near_rungs|dist_rungs_m|near_ladder|dist_ladder_m|near_via_ferrata|dist_via_ferrata_m|near_street_lamp|dist_street_lamp_m|near_cliff|dist_cliff_m|near_scree|dist_scree_m|near_bare_rock|dist_bare_rock_m|near_landslide|dist_landslide_m|near_waterway|dist_waterway_m|near_water_area|dist_water_area_m,route_semantic_context_not_fork_inventory,False,"Route semantic, surface, guidepost, facility, trail, path, road, or way context exists, but it is not a governed fork/decision point inventory."
outputs\ib1e_route_profile_contour_window_terrain_v1_1\qixing_xiaoyoukeng_main_peak_20260315\qixing_xiaoyoukeng_main_peak_20260315_route_profile_contour_window_terrain_enriched.csv,True,3332,case_id|case_name|activity_type|activity_fp|ordered_path_fp|mainline_fp|sample_idx|dist_m|lat|lon|ele_gpx_m|delta_dist_m|delta_ele_m|slope_pct|slope_band|gain_m|loss_m|cum_gain_m|cum_loss_m|nearest_gpx_idx|nearest_gpx_dist_m|time_raw|ele_smooth|elevation_source|needs_nlsc_elevation|near_highway|dist_highway_m|osm_way_name|osm_way_name_zh|osm_way_id|osm_way_type|osm_highway|osm_surface|osm_tracktype|osm_smoothness|osm_trail_visibility|osm_sac_scale|osm_incline|osm_lit|osm_lit_status|osm_handrail|osm_safety_rope|osm_step_count|osm_width|osm_bridge|osm_bridge_material|osm_ford|osm_tunnel|osm_covered|osm_highway_family|osm_walk_relevance|osm_trail_difficulty_hint|osm_vertical_context|osm_is_steps|near_safety_rope|dist_safety_rope_m|near_assisted_trail|dist_assisted_trail_m|near_handrail|dist_handrail_m|near_rungs|dist_rungs_m|near_ladder|dist_ladder_m|near_via_ferrata|dist_via_ferrata_m|near_street_lamp|dist_street_lamp_m|near_cliff|dist_cliff_m|near_scree|dist_scree_m|near_bare_rock|dist_bare_rock_m|near_landslide|dist_landslide_m|near_waterway|dist_waterway_m|near_water_area|dist_water_area_m,route_semantic_context_not_fork_inventory,False,"Route semantic, surface, guidepost, facility, trail, path, road, or way context exists, but it is not a governed fork/decision point inventory."
outputs\ib1e_route_profile_contour_window_terrain_v1_1\qixing_xiaoyoukeng_main_peak_20260315\qixing_xiaoyoukeng_main_peak_20260315_route_profile_contour_window_terrain_enriched.geojson,True,3332,activity_fp|activity_type|applied_mapping_hits|assist_class|case_id|case_name|conditional_factor_flags|conditional_notes|conditional_risk_domains|contour_csv|contour_density_20m_nlsc_window|contour_window_enriched_at|contour_window_match_status|contour_window_max_align_diff_m|cum_gain_m|cum_loss_m|delta_dist_m|delta_ele_m|dist_alpine_hut_m|dist_assisted_trail_m|dist_bare_rock_m|dist_bench_m|dist_cliff_m|dist_drinking_water_m|dist_guidepost_m|dist_handrail_m|dist_highway_m|dist_information_office_m|dist_ladder_m|dist_landslide_m|dist_m|dist_peak_m|dist_picnic_site_m|dist_picnic_table_m|dist_rungs_m|dist_safety_rope_m|dist_scree_m|dist_shelter_m|dist_street_lamp_m|dist_to_contour_window_mid_m|dist_toilets_m|dist_trailhead_m|dist_via_ferrata_m|dist_visitor_centre_m|dist_water_area_m|dist_waterway_m|dist_wetland_m|dist_wilderness_hut_m|ele_gpx_m|ele_med|ele_smooth|elev_max_nlsc_window|elev_min_nlsc_window|elev_range_nlsc_window|elevation_source|exposure_risk_score|facility_flags|gain_m|hazard_flags|hydro_terrain_amplifier_score|hydro_terrain_weight|hydrology_flags|hydrology_risk_score|ia1_dataset_id|landmark_context_score|landmark_flags|lat|lon|loss_m|mainline_fp|navigation_risk_score|navigation_support_score|near_alpine_hut|near_assisted_trail|near_bare_rock|near_bench|near_cliff|near_drinking_water|near_guidepost|near_handrail,route_semantic_context_not_fork_inventory,False,"Route semantic, surface, guidepost, facility, trail, path, road, or way context exists, but it is not a governed fork/decision point inventory."
outputs\ib1e_route_profile_contour_window_terrain_v1_1\zhonghua_ust_jiuwufeng_roundtrip_biji\zhonghua_ust_jiuwufeng_roundtrip_biji_route_profile_contour_window_terrain_enriched.csv,True,5239,case_id|case_name|activity_type|activity_fp|ordered_path_fp|mainline_fp|sample_idx|dist_m|lat|lon|ele_gpx_m|delta_dist_m|delta_ele_m|slope_pct|slope_band|gain_m|loss_m|cum_gain_m|cum_loss_m|nearest_gpx_idx|nearest_gpx_dist_m|time_raw|ele_smooth|elevation_source|needs_nlsc_elevation|near_highway|dist_highway_m|osm_way_name|osm_way_name_zh|osm_way_id|osm_way_type|osm_highway|osm_surface|osm_tracktype|osm_smoothness|osm_trail_visibility|osm_sac_scale|osm_incline|osm_lit|osm_lit_status|osm_handrail|osm_safety_rope|osm_step_count|osm_width|osm_bridge|osm_bridge_material|osm_ford|osm_tunnel|osm_covered|osm_highway_family|osm_walk_relevance|osm_trail_difficulty_hint|osm_vertical_context|osm_is_steps|near_safety_rope|dist_safety_rope_m|near_assisted_trail|dist_assisted_trail_m|near_handrail|dist_handrail_m|near_rungs|dist_rungs_m|near_ladder|dist_ladder_m|near_via_ferrata|dist_via_ferrata_m|near_street_lamp|dist_street_lamp_m|near_cliff|dist_cliff_m|near_scree|dist_scree_m|near_bare_rock|dist_bare_rock_m|near_landslide|dist_landslide_m|near_waterway|dist_waterway_m|near_water_area|dist_water_area_m,route_semantic_context_not_fork_inventory,False,"Route semantic, surface, guidepost, facility, trail, path, road, or way context exists, but it is not a governed fork/decision point inventory."
outputs\ib1e_route_profile_contour_window_terrain_v1_3b_contract_qa\juansi_waterfall_fitcsv_20260503_osmrefresh_v1_3b\juansi_waterfall_fitcsv_20260503_osmrefresh_v1_3b_route_profile_contour_window_terrain_enriched.csv,True,3697,case_id|case_name|activity_type|activity_fp|ordered_path_fp|mainline_fp|sample_idx|dist_m|lat|lon|ele_gpx_m|delta_dist_m|delta_ele_m|slope_pct|slope_band|gain_m|loss_m|cum_gain_m|cum_loss_m|nearest_gpx_idx|nearest_gpx_dist_m|time_raw|ele_smooth|elevation_source|needs_nlsc_elevation|near_highway|dist_highway_m|osm_way_name|osm_way_name_zh|osm_way_id|osm_way_type|osm_highway|osm_surface|osm_tracktype|osm_smoothness|osm_trail_visibility|osm_sac_scale|osm_incline|osm_lit|osm_lit_status|osm_handrail|osm_safety_rope|osm_step_count|osm_width|osm_bridge|osm_bridge_material|osm_ford|osm_tunnel|osm_covered|osm_highway_family|osm_walk_relevance|osm_trail_difficulty_hint|osm_vertical_context|osm_is_steps|near_safety_rope|dist_safety_rope_m|near_assisted_trail|dist_assisted_trail_m|near_handrail|dist_handrail_m|near_rungs|dist_rungs_m|near_ladder|dist_ladder_m|near_via_ferrata|dist_via_ferrata_m|near_street_lamp|dist_street_lamp_m|near_cliff|dist_cliff_m|near_scree|dist_scree_m|near_bare_rock|dist_bare_rock_m|near_landslide|dist_landslide_m|near_waterway|dist_waterway_m|near_water_area|dist_water_area_m,route_semantic_context_not_fork_inventory,False,"Route semantic, surface, guidepost, facility, trail, path, road, or way context exists, but it is not a governed fork/decision point inventory."
outputs\ib1e_route_profile_contour_window_terrain_v1_3b_contract_qa\qixing_lengshuikeng_main_peak_20260523_osmrefresh_v1_3b\qixing_lengshuikeng_main_peak_20260523_osmrefresh_v1_3b_route_profile_contour_window_terrain_enriched.csv,True,4189,case_id|case_name|activity_type|activity_fp|ordered_path_fp|mainline_fp|sample_idx|dist_m|lat|lon|ele_gpx_m|delta_dist_m|delta_ele_m|slope_pct|slope_band|gain_m|loss_m|cum_gain_m|cum_loss_m|nearest_gpx_idx|nearest_gpx_dist_m|time_raw|ele_smooth|elevation_source|needs_nlsc_elevation|near_highway|dist_highway_m|osm_way_name|osm_way_name_zh|osm_way_id|osm_way_type|osm_highway|osm_surface|osm_tracktype|osm_smoothness|osm_trail_visibility|osm_sac_scale|osm_incline|osm_lit|osm_lit_status|osm_handrail|osm_safety_rope|osm_step_count|osm_width|osm_bridge|osm_bridge_material|osm_ford|osm_tunnel|osm_covered|osm_highway_family|osm_walk_relevance|osm_trail_difficulty_hint|osm_vertical_context|osm_is_steps|near_safety_rope|dist_safety_rope_m|near_assisted_trail|dist_assisted_trail_m|near_handrail|dist_handrail_m|near_rungs|dist_rungs_m|near_ladder|dist_ladder_m|near_via_ferrata|dist_via_ferrata_m|near_street_lamp|dist_street_lamp_m|near_cliff|dist_cliff_m|near_scree|dist_scree_m|near_bare_rock|dist_bare_rock_m|near_landslide|dist_landslide_m|near_waterway|dist_waterway_m|near_water_area|dist_water_area_m,route_semantic_context_not_fork_inventory,False,"Route semantic, surface, guidepost, facility, trail, path, road, or way context exists, but it is not a governed fork/decision point inventory."
outputs\ib1e_route_profile_contour_window_terrain_v1_3b_contract_qa\qixing_lengshuikeng_xiaoyoukeng_gpx_osmrefresh_v1_3b\qixing_lengshuikeng_xiaoyoukeng_gpx_osmrefresh_v1_3b_route_profile_contour_window_terrain_enriched.csv,True,3697,case_id|case_name|activity_type|activity_fp|ordered_path_fp|mainline_fp|sample_idx|dist_m|lat|lon|ele_gpx_m|delta_dist_m|delta_ele_m|slope_pct|slope_band|gain_m|loss_m|cum_gain_m|cum_loss_m|nearest_gpx_idx|nearest_gpx_dist_m|time_raw|ele_smooth|elevation_source|needs_nlsc_elevation|near_highway|dist_highway_m|osm_way_name|osm_way_name_zh|osm_way_id|osm_way_type|osm_highway|osm_surface|osm_tracktype|osm_smoothness|osm_trail_visibility|osm_sac_scale|osm_incline|osm_lit|osm_lit_status|osm_handrail|osm_safety_rope|osm_step_count|osm_width|osm_bridge|osm_bridge_material|osm_ford|osm_tunnel|osm_covered|osm_highway_family|osm_walk_relevance|osm_trail_difficulty_hint|osm_vertical_context|osm_is_steps|near_safety_rope|dist_safety_rope_m|near_assisted_trail|dist_assisted_trail_m|near_handrail|dist_handrail_m|near_rungs|dist_rungs_m|near_ladder|dist_ladder_m|near_via_ferrata|dist_via_ferrata_m|near_street_lamp|dist_street_lamp_m|near_cliff|dist_cliff_m|near_scree|dist_scree_m|near_bare_rock|dist_bare_rock_m|near_landslide|dist_landslide_m|near_waterway|dist_waterway_m|near_water_area|dist_water_area_m,route_semantic_context_not_fork_inventory,False,"Route semantic, surface, guidepost, facility, trail, path, road, or way context exists, but it is not a governed fork/decision point inventory."
outputs\ib1e_route_profile_contour_window_terrain_v1_3b_contract_qa\qixing_xiaoyoukeng_main_peak_20260315_osmrefresh_v1_3b\qixing_xiaoyoukeng_main_peak_20260315_osmrefresh_v1_3b_route_profile_contour_window_terrain_enriched.csv,True,3247,case_id|case_name|activity_type|activity_fp|ordered_path_fp|mainline_fp|sample_idx|dist_m|lat|lon|ele_gpx_m|delta_dist_m|delta_ele_m|slope_pct|slope_band|gain_m|loss_m|cum_gain_m|cum_loss_m|nearest_gpx_idx|nearest_gpx_dist_m|time_raw|ele_smooth|elevation_source|needs_nlsc_elevation|near_highway|dist_highway_m|osm_way_name|osm_way_name_zh|osm_way_id|osm_way_type|osm_highway|osm_surface|osm_tracktype|osm_smoothness|osm_trail_visibility|osm_sac_scale|osm_incline|osm_lit|osm_lit_status|osm_handrail|osm_safety_rope|osm_step_count|osm_width|osm_bridge|osm_bridge_material|osm_ford|osm_tunnel|osm_covered|osm_highway_family|osm_walk_relevance|osm_trail_difficulty_hint|osm_vertical_context|osm_is_steps|near_safety_rope|dist_safety_rope_m|near_assisted_trail|dist_assisted_trail_m|near_handrail|dist_handrail_m|near_rungs|dist_rungs_m|near_ladder|dist_ladder_m|near_via_ferrata|dist_via_ferrata_m|near_street_lamp|dist_street_lamp_m|near_cliff|dist_cliff_m|near_scree|dist_scree_m|near_bare_rock|dist_bare_rock_m|near_landslide|dist_landslide_m|near_waterway|dist_waterway_m|near_water_area|dist_water_area_m,route_semantic_context_not_fork_inventory,False,"Route semantic, surface, guidepost, facility, trail, path, road, or way context exists, but it is not a governed fork/decision point inventory."
outputs\ib1e_route_profile_contour_window_terrain_v1_3b_contract_qa\qixing_xiaoyoukeng_main_peak_20260315_osmrefresh_v1_3b\qixing_xiaoyoukeng_main_peak_20260315_osmrefresh_v1_3b_route_profile_contour_window_terrain_enriched.geojson,True,3247,activity_fp|activity_type|applied_mapping_hits|assist_class|case_id|case_name|conditional_factor_flags|conditional_notes|conditional_risk_domains|contour_csv|contour_density_20m_nlsc_window|contour_window_enriched_at|contour_window_match_status|contour_window_max_align_diff_m|cum_gain_m|cum_loss_m|delta_dist_m|delta_ele_m|dist_alpine_hut_m|dist_assisted_trail_m|dist_bare_rock_m|dist_bench_m|dist_cliff_m|dist_drinking_water_m|dist_guidepost_m|dist_handrail_m|dist_highway_m|dist_information_office_m|dist_ladder_m|dist_landslide_m|dist_m|dist_peak_m|dist_picnic_site_m|dist_picnic_table_m|dist_rungs_m|dist_safety_rope_m|dist_scree_m|dist_shelter_m|dist_street_lamp_m|dist_to_contour_window_mid_m|dist_toilets_m|dist_trailhead_m|dist_via_ferrata_m|dist_visitor_centre_m|dist_water_area_m|dist_waterway_m|dist_wetland_m|dist_wilderness_hut_m|ele_gpx_m|ele_med|ele_smooth|elev_max_nlsc_window|elev_min_nlsc_window|elev_range_nlsc_window|elevation_source|exposure_risk_score|facility_flags|gain_m|hazard_flags|hydro_terrain_amplifier_score|hydro_terrain_weight|hydrology_flags|hydrology_risk_score|ia1_dataset_id|landmark_context_score|landmark_flags|lat|lon|loss_m|mainline_fp|navigation_risk_score|navigation_support_score|near_alpine_hut|near_assisted_trail|near_bare_rock|near_bench|near_cliff|near_drinking_water|near_guidepost|near_handrail,route_semantic_context_not_fork_inventory,False,"Route semantic, surface, guidepost, facility, trail, path, road, or way context exists, but it is not a governed fork/decision point inventory."
outputs\ib1e_route_profile_contour_window_terrain_v1_3b_contract_qa\zhonghua_ust_jiuwufeng_roundtrip_biji_osmrefresh_v1_3b\zhonghua_ust_jiuwufeng_roundtrip_biji_osmrefresh_v1_3b_route_profile_contour_window_terrain_enriched.csv,True,5449,case_id|case_name|activity_type|activity_fp|ordered_path_fp|mainline_fp|sample_idx|dist_m|lat|lon|ele_gpx_m|delta_dist_m|delta_ele_m|slope_pct|slope_band|gain_m|loss_m|cum_gain_m|cum_loss_m|nearest_gpx_idx|nearest_gpx_dist_m|time_raw|ele_smooth|elevation_source|needs_nlsc_elevation|near_highway|dist_highway_m|osm_way_name|osm_way_name_zh|osm_way_id|osm_way_type|osm_highway|osm_surface|osm_tracktype|osm_smoothness|osm_trail_visibility|osm_sac_scale|osm_incline|osm_lit|osm_lit_status|osm_handrail|osm_safety_rope|osm_step_count|osm_width|osm_bridge|osm_bridge_material|osm_ford|osm_tunnel|osm_covered|osm_highway_family|osm_walk_relevance|osm_trail_difficulty_hint|osm_vertical_context|osm_is_steps|near_safety_rope|dist_safety_rope_m|near_assisted_trail|dist_assisted_trail_m|near_handrail|dist_handrail_m|near_rungs|dist_rungs_m|near_ladder|dist_ladder_m|near_via_ferrata|dist_via_ferrata_m|near_street_lamp|dist_street_lamp_m|near_cliff|dist_cliff_m|near_scree|dist_scree_m|near_bare_rock|dist_bare_rock_m|near_landslide|dist_landslide_m|near_waterway|dist_waterway_m|near_water_area|dist_water_area_m,route_semantic_context_not_fork_inventory,False,"Route semantic, surface, guidepost, facility, trail, path, road, or way context exists, but it is not a governed fork/decision point inventory."
outputs\ib1e_route_profile_nlsc_output\qixing_route_profile_nlsc_enriched.csv,True,209,sample_idx|dist_m|ele_gpx_m|nearest_gpx_idx|nearest_gpx_dist_m|time_raw|ele_med|ele_smooth|delta_dist_m|delta_ele_m|slope_pct|slope_band|gain_m|loss_m|cum_gain_m|cum_loss_m|lat|lon|near_safety_rope|dist_safety_rope_m|near_assisted_trail|dist_assisted_trail_m|near_handrail|dist_handrail_m|near_rungs|dist_rungs_m|near_ladder|dist_ladder_m|near_via_ferrata|dist_via_ferrata_m|near_street_lamp|dist_street_lamp_m|near_cliff|dist_cliff_m|near_scree|dist_scree_m|near_bare_rock|dist_bare_rock_m|near_landslide|dist_landslide_m|near_waterway|dist_waterway_m|near_water_area|dist_water_area_m|near_wetland|dist_wetland_m|near_trailhead|dist_trailhead_m|near_peak|dist_peak_m|near_guidepost|dist_guidepost_m|near_shelter|dist_shelter_m|near_alpine_hut|dist_alpine_hut_m|near_wilderness_hut|dist_wilderness_hut_m|near_bench|dist_bench_m|near_picnic_table|dist_picnic_table_m|near_picnic_site|dist_picnic_site_m|near_drinking_water|dist_drinking_water_m|near_toilets|dist_toilets_m|near_visitor_centre|dist_visitor_centre_m|near_information_office|dist_information_office_m|technical_flags|safety_flags|hazard_flags|hydrology_flags|landmark_flags|facility_flags|rest_flags|support_flags,route_semantic_context_not_fork_inventory,False,"Route semantic, surface, guidepost, facility, trail, path, road, or way context exists, but it is not a governed fork/decision point inventory."
outputs\ib1e_route_profile_nlsc_output\qixing_route_profile_nlsc_enriched.geojson,True,209,contour_cross_n_nlsc|contour_density_20m_nlsc|contour_interval_nlsc_m|contour_unique_elev_n_nlsc|cum_gain_m|cum_loss_m|delta_dist_m|delta_ele_m|dist_alpine_hut_m|dist_assisted_trail_m|dist_bare_rock_m|dist_bench_m|dist_cliff_m|dist_drinking_water_m|dist_guidepost_m|dist_handrail_m|dist_information_office_m|dist_ladder_m|dist_landslide_m|dist_m|dist_peak_m|dist_picnic_site_m|dist_picnic_table_m|dist_rungs_m|dist_safety_rope_m|dist_scree_m|dist_shelter_m|dist_street_lamp_m|dist_to_nlsc_segment_m|dist_toilets_m|dist_trailhead_m|dist_via_ferrata_m|dist_visitor_centre_m|dist_water_area_m|dist_waterway_m|dist_wetland_m|dist_wilderness_hut_m|ele_gpx_m|ele_med|ele_smooth|elev_gain_nlsc_m|elevation_source_nlsc|elevp_available_nlsc|facility_flags|gain_m|hazard_flags|hydrology_flags|landmark_flags|lat|lon|loss_m|near_alpine_hut|near_assisted_trail|near_bare_rock|near_bench|near_cliff|near_drinking_water|near_guidepost|near_handrail|near_information_office|near_ladder|near_landslide|near_peak|near_picnic_site|near_picnic_table|near_rungs|near_safety_rope|near_scree|near_shelter|near_street_lamp|near_toilets|near_trailhead|near_via_ferrata|near_visitor_centre|near_water_area|near_waterway|near_wetland|near_wilderness_hut|nearby_named_features|nearest_gpx_dist_m,route_semantic_context_not_fork_inventory,False,"Route semantic, surface, guidepost, facility, trail, path, road, or way context exists, but it is not a governed fork/decision point inventory."
outputs\ib1e_route_profile_nlsc_terrain\juansi_waterfall_fitcsv_20260503\juansi_waterfall_fitcsv_20260503_route_profile_nlsc_terrain_enriched.csv,True,3973,sample_idx|dist_m|ele_gpx_m|nearest_gpx_idx|nearest_gpx_dist_m|time_raw|ele_med|ele_smooth|delta_dist_m|delta_ele_m|slope_pct|slope_band|gain_m|loss_m|cum_gain_m|cum_loss_m|lat|lon|elevation_source|needs_nlsc_elevation|near_highway|dist_highway_m|osm_way_name|osm_way_name_zh|osm_way_id|osm_way_type|osm_highway|osm_surface|osm_tracktype|osm_smoothness|osm_trail_visibility|osm_sac_scale|osm_incline|osm_lit|osm_lit_status|osm_handrail|osm_safety_rope|osm_step_count|osm_width|osm_bridge|osm_bridge_material|osm_ford|osm_tunnel|osm_covered|osm_highway_family|osm_walk_relevance|osm_trail_difficulty_hint|osm_vertical_context|osm_is_steps|near_safety_rope|dist_safety_rope_m|near_assisted_trail|dist_assisted_trail_m|near_handrail|dist_handrail_m|near_rungs|dist_rungs_m|near_ladder|dist_ladder_m|near_via_ferrata|dist_via_ferrata_m|near_street_lamp|dist_street_lamp_m|near_cliff|dist_cliff_m|near_scree|dist_scree_m|near_bare_rock|dist_bare_rock_m|near_landslide|dist_landslide_m|near_waterway|dist_waterway_m|near_water_area|dist_water_area_m|near_wetland|dist_wetland_m|near_trailhead|dist_trailhead_m|near_peak,route_semantic_context_not_fork_inventory,False,"Route semantic, surface, guidepost, facility, trail, path, road, or way context exists, but it is not a governed fork/decision point inventory."
outputs\ib1e_route_profile_nlsc_terrain\juansi_waterfall_fitcsv_20260503\juansi_waterfall_fitcsv_20260503_route_profile_nlsc_terrain_enriched.geojson,True,3973,applied_mapping_hits|assist_class|conditional_factor_flags|conditional_notes|conditional_risk_domains|contour_cross_n_nlsc|contour_density_20m_nlsc|contour_interval_nlsc_m|contour_unique_elev_n_nlsc|cum_gain_m|cum_loss_m|delta_dist_m|delta_ele_m|dist_alpine_hut_m|dist_assisted_trail_m|dist_bare_rock_m|dist_bench_m|dist_cliff_m|dist_drinking_water_m|dist_guidepost_m|dist_handrail_m|dist_highway_m|dist_information_office_m|dist_ladder_m|dist_landslide_m|dist_m|dist_peak_m|dist_picnic_site_m|dist_picnic_table_m|dist_rungs_m|dist_safety_rope_m|dist_scree_m|dist_shelter_m|dist_street_lamp_m|dist_to_nlsc_segment_m|dist_toilets_m|dist_trailhead_m|dist_via_ferrata_m|dist_visitor_centre_m|dist_water_area_m|dist_waterway_m|dist_wetland_m|dist_wilderness_hut_m|ele_gpx_m|ele_med|ele_smooth|elev_gain_nlsc_m|elevation_source|elevation_source_nlsc|elevp_available_nlsc|exposure_risk_score|facility_flags|gain_m|hazard_flags|hydrology_flags|hydrology_risk_score|landmark_context_score|landmark_flags|lat|lon|loss_m|navigation_risk_score|navigation_support_score|near_alpine_hut|near_assisted_trail|near_bare_rock|near_bench|near_cliff|near_drinking_water|near_guidepost|near_handrail|near_highway|near_information_office|near_ladder|near_landslide|near_peak|near_picnic_site|near_picnic_table|near_rungs|near_safety_rope,route_semantic_context_not_fork_inventory,False,"Route semantic, surface, guidepost, facility, trail, path, road, or way context exists, but it is not a governed fork/decision point inventory."
outputs\ib1g_mainline_contour_output\qixing_mainline_contour_features.csv,True,189,route_id|analysis_unit|source|path_node_n|length_m|mainline_part_id|route_segment_id|dist_start_m|dist_end_m|dist_mid_m|segment_len_m|contour_cross_n|contour_unique_elev_n|contour_interval_m|elev_gain_contour_est_m|slope_contour_est|slope_band_contour|contour_density_20m|feature_status|source_name|tile_id|contour_source_field|pipeline_stage|derived_at|segment_length_target_m|contour_intersection_buffer_m|contour_density_buffer_m,route_semantic_context_not_fork_inventory,False,"Route semantic, surface, guidepost, facility, trail, path, road, or way context exists, but it is not a governed fork/decision point inventory."
outputs\ib1g_mainline_contour_output\qixing_mainline_contour_features.geojson,True,189,analysis_unit|contour_cross_n|contour_density_20m|contour_density_buffer_m|contour_intersection_buffer_m|contour_interval_m|contour_source_field|contour_unique_elev_n|derived_at|dist_end_m|dist_mid_m|dist_start_m|elev_gain_contour_est_m|feature_status|length_m|mainline_part_id|path_node_n|pipeline_stage|route_id|route_segment_id|segment_len_m|segment_length_target_m|slope_band_contour|slope_contour_est|source|source_name|tile_id,route_semantic_context_not_fork_inventory,False,"Route semantic, surface, guidepost, facility, trail, path, road, or way context exists, but it is not a governed fork/decision point inventory."
outputs\ib2d_map_only_v1_3b_contract_qa\_batch_summary\ib2d_map_only_review_case_summary.csv,True,4,case_id|status|layout_mode|left_map_mode|source_type|source_stage|source_png_path|output_html_exists|output_html|thci_embedded|elevation_profile_embedded,route_semantic_context_not_fork_inventory,False,"Route semantic, surface, guidepost, facility, trail, path, road, or way context exists, but it is not a governed fork/decision point inventory."
outputs\ib2d_route_risk_offline_map_v1_3b_contract_qa\_batch_summary\ib2d_v1_3b_contract_qa_case_summary.csv,True,4,case_id|status|input_contract_components_complete|ib1a_route_profile_present|ib1c_osm_semantics_present|ib1c_semantic_risk_present|ib1g_contour_window_present|ib1e_terrain_enrichment_present|hydrology_hydro_terrain_present|pre_ib2d_dependency_audit_pass|configs_root_present|semantic_risk_mapping_config_present|nlsc_raw_root_present|nlsc_contour_fp_present|ib1e_baseline_input_present|terrain_baseline_weight_present|hydro_terrain_weight_present|weather_mode|weather_scope|weather_root_present_for_inventory_only|observed_weather_adjustment_present|weather_adjustment_note|required_outputs_present|segment_count|route_len_m|risk_geometry_len_m|risk_geometry_coverage_ratio|risk_band_low_count|risk_band_moderate_count|risk_band_high_count|risk_band_very_high_count|risk_band_unknown_count|risk_band_present|missing_risk_band_count|missing_geometry_count|checkpoint_ready|blocking_issue|warning_note|input_root|output_root,route_semantic_context_not_fork_inventory,False,"Route semantic, surface, guidepost, facility, trail, path, road, or way context exists, but it is not a governed fork/decision point inventory."
outputs\ib2d_route_risk_offline_map_v1_3b_contract_qa\_batch_summary\zhonghua_tile_correction_before_snapshot\20260601_141531\ib1e_csv.csv,True,5449,case_id|case_name|activity_type|activity_fp|ordered_path_fp|mainline_fp|sample_idx|dist_m|lat|lon|ele_gpx_m|delta_dist_m|delta_ele_m|slope_pct|slope_band|gain_m|loss_m|cum_gain_m|cum_loss_m|nearest_gpx_idx|nearest_gpx_dist_m|time_raw|ele_smooth|elevation_source|needs_nlsc_elevation|near_highway|dist_highway_m|osm_way_name|osm_way_name_zh|osm_way_id|osm_way_type|osm_highway|osm_surface|osm_tracktype|osm_smoothness|osm_trail_visibility|osm_sac_scale|osm_incline|osm_lit|osm_lit_status|osm_handrail|osm_safety_rope|osm_step_count|osm_width|osm_bridge|osm_bridge_material|osm_ford|osm_tunnel|osm_covered|osm_highway_family|osm_walk_relevance|osm_trail_difficulty_hint|osm_vertical_context|osm_is_steps|near_safety_rope|dist_safety_rope_m|near_assisted_trail|dist_assisted_trail_m|near_handrail|dist_handrail_m|near_rungs|dist_rungs_m|near_ladder|dist_ladder_m|near_via_ferrata|dist_via_ferrata_m|near_street_lamp|dist_street_lamp_m|near_cliff|dist_cliff_m|near_scree|dist_scree_m|near_bare_rock|dist_bare_rock_m|near_landslide|dist_landslide_m|near_waterway|dist_waterway_m|near_water_area|dist_water_area_m,route_semantic_context_not_fork_inventory,False,"Route semantic, surface, guidepost, facility, trail, path, road, or way context exists, but it is not a governed fork/decision point inventory."
outputs\ib2d_route_risk_offline_map_v1_3b_contract_qa\_batch_summary\zhonghua_tile_correction_before_snapshot\20260601_141531\ib2_csv.csv,True,5449,case_id|case_name|activity_type|activity_fp|ordered_path_fp|mainline_fp|sample_idx|dist_m|lat|lon|ele_gpx_m|delta_dist_m|delta_ele_m|slope_pct|slope_band|gain_m|loss_m|cum_gain_m|cum_loss_m|nearest_gpx_idx|nearest_gpx_dist_m|time_raw|ele_smooth|elevation_source|needs_nlsc_elevation|near_highway|dist_highway_m|osm_way_name|osm_way_name_zh|osm_way_id|osm_way_type|osm_highway|osm_surface|osm_tracktype|osm_smoothness|osm_trail_visibility|osm_sac_scale|osm_incline|osm_lit|osm_lit_status|osm_handrail|osm_safety_rope|osm_step_count|osm_width|osm_bridge|osm_bridge_material|osm_ford|osm_tunnel|osm_covered|osm_highway_family|osm_walk_relevance|osm_trail_difficulty_hint|osm_vertical_context|osm_is_steps|near_safety_rope|dist_safety_rope_m|near_assisted_trail|dist_assisted_trail_m|near_handrail|dist_handrail_m|near_rungs|dist_rungs_m|near_ladder|dist_ladder_m|near_via_ferrata|dist_via_ferrata_m|near_street_lamp|dist_street_lamp_m|near_cliff|dist_cliff_m|near_scree|dist_scree_m|near_bare_rock|dist_bare_rock_m|near_landslide|dist_landslide_m|near_waterway|dist_waterway_m|near_water_area|dist_water_area_m,route_semantic_context_not_fork_inventory,False,"Route semantic, surface, guidepost, facility, trail, path, road, or way context exists, but it is not a governed fork/decision point inventory."
outputs\ib2d_thci_radar_v1_0b\_batch_summary\ib2d_thci_v1_0b_integrated_case_summary.csv,True,4,case_id|integrated_status|output_html_exists|output_html|ib2d_formal_html_exists|ib1e_formal_html_exists|ib2d_formal_png_exists|left_map_visual_source_type|left_map_source_stage|left_map_visual_source_path|integration_mode|elevation_profile_exists|elevation_profile_source_csv|elevation_color_source|elevation_column|left_panel_layout|thci_axis_score_csv_exists|thci_radar_png_exists|thci_radar_summary_json_exists|scoring_version|navigation_semantics_calibrated|previous_v1_0a_navigation_risk_score|v1_0b_navigation_risk_score,route_semantic_context_not_fork_inventory,False,"Route semantic, surface, guidepost, facility, trail, path, road, or way context exists, but it is not a governed fork/decision point inventory."
outputs\ib2d_thci_radar_v1_0b_ib2d_png\_batch_summary\ib2d_thci_v1_0b_integrated_case_summary.csv,True,5,case_id|integrated_status|left_map_mode|output_html_exists|output_html|ib2d_formal_html_exists|ib1e_formal_html_exists|ib2d_formal_png_exists|left_map_visual_source_type|left_map_source_stage|left_map_visual_source_path|integration_mode|elevation_profile_exists|elevation_profile_source_csv|elevation_color_source|elevation_column|left_panel_layout|thci_axis_score_csv_exists|thci_radar_png_exists|radar_source_stage|thci_radar_summary_json_exists|scoring_version|navigation_semantics_calibrated|previous_v1_0a_navigation_risk_score|v1_0b_navigation_risk_score,route_semantic_context_not_fork_inventory,False,"Route semantic, surface, guidepost, facility, trail, path, road, or way context exists, but it is not a governed fork/decision point inventory."
outputs\ib2d_thci_radar_v1_0c\_batch_summary\ib2d_thci_v1_0c_integrated_case_summary.csv,True,5,case_id|integrated_status|thci_version|left_map_mode|output_html_exists|output_html|ib2d_formal_html_exists|ib1e_formal_html_exists|ib2d_formal_png_exists|left_map_visual_source_type|left_map_source_stage|left_map_visual_source_path|integration_mode|elevation_profile_exists|elevation_profile_source_csv|elevation_color_source|elevation_column|left_panel_layout|thci_axis_score_csv_exists|thci_radar_png_exists|radar_source_stage|thci_radar_summary_json_exists|scoring_version|calibrated_from_v1_0b|weather_semantics_calibrated|current_recommended_display_version|previous_recommended_version|previous_v1_0b_weather_impact_score|v1_0c_weather_impact_score|weather_delta_v1_0c_minus_v1_0b,route_semantic_context_not_fork_inventory,False,"Route semantic, surface, guidepost, facility, trail, path, road, or way context exists, but it is not a governed fork/decision point inventory."
outputs\ib2d_thci_radar_v1_0c_ib2d_png\_batch_summary\ib2d_thci_v1_0c_integrated_case_summary.csv,True,5,case_id|integrated_status|thci_version|left_map_mode|output_html_exists|output_html|ib2d_formal_html_exists|ib1e_formal_html_exists|ib2d_formal_png_exists|left_map_visual_source_type|left_map_source_stage|left_map_visual_source_path|integration_mode|elevation_profile_exists|elevation_profile_source_csv|elevation_color_source|elevation_column|left_panel_layout|thci_axis_score_csv_exists|thci_radar_png_exists|radar_source_stage|thci_radar_summary_json_exists|scoring_version|calibrated_from_v1_0b|weather_semantics_calibrated|current_recommended_display_version|previous_recommended_version|previous_v1_0b_weather_impact_score|v1_0c_weather_impact_score|weather_delta_v1_0c_minus_v1_0b,route_semantic_context_not_fork_inventory,False,"Route semantic, surface, guidepost, facility, trail, path, road, or way context exists, but it is not a governed fork/decision point inventory."
outputs\ib3_route_choice_inference_v2_geometry_qixing_repaired_formal_review\corridor_definition_qa\qixing_branch_corridor_definition_expanded_points.csv,True,3406,case_id|corridor_id|corridor_role|start_dist_m|end_dist_m|include_for_ascent|include_for_descent|weight|threshold_m|review_note|dist_m|lat|lon|osm_way_name|osm_way_id|osm_highway|osm_surface|osm_trail_visibility,route_semantic_context_not_fork_inventory,False,"Route semantic, surface, guidepost, facility, trail, path, road, or way context exists, but it is not a governed fork/decision point inventory."
outputs\ib3a0_activity_mainline_screening\qixing_lengshuikeng\3_1\qixing_lengshuikeng_3_1_activity_mainline_screening_points.csv,True,7873,route_folder|subject_id|trial_id|activity_id|timestamp_s|elapsed_sec|dt_sec|duplicate_timestamp_flag|irregular_interval_flag|lat|lon|ele_m|distance_m|heart_rate_bpm|source_file|source_ext|source_row_index|activity_source_fp|raw_lat|raw_lon|row_index|point_index|raw_ele_m|valid_gps|projected_route_dist_m|offset_m|projected_x|projected_y|screening_state|usable_for_mainline_candidate,route_semantic_context_not_fork_inventory,False,"Route semantic, surface, guidepost, facility, trail, path, road, or way context exists, but it is not a governed fork/decision point inventory."
outputs\ib3a0_activity_mainline_screening_after_forced_route\qixing_lengshuikeng\33_1\qixing_lengshuikeng_33_1_activity_mainline_screening_points.csv,True,6582,route_folder|subject_id|trial_id|activity_id|timestamp_s|elapsed_sec|dt_sec|duplicate_timestamp_flag|irregular_interval_flag|lat|lon|ele_m|distance_m|heart_rate_bpm|source_file|source_ext|source_row_index|activity_source_fp|raw_lat|raw_lon|row_index|point_index|raw_ele_m|valid_gps|projected_route_dist_m|offset_m|projected_x|projected_y|screening_state|usable_for_mainline_candidate,route_semantic_context_not_fork_inventory,False,"Route semantic, surface, guidepost, facility, trail, path, road, or way context exists, but it is not a governed fork/decision point inventory."
outputs\ib3a0_activity_mainline_screening_after_forced_route\qixing_lengshuikeng\37_1\qixing_lengshuikeng_37_1_activity_mainline_screening_points.csv,True,9533,route_folder|subject_id|trial_id|activity_id|timestamp_s|elapsed_sec|dt_sec|duplicate_timestamp_flag|irregular_interval_flag|lat|lon|ele_m|distance_m|heart_rate_bpm|source_file|source_ext|source_row_index|activity_source_fp|raw_lat|raw_lon|row_index|point_index|raw_ele_m|valid_gps|projected_route_dist_m|offset_m|projected_x|projected_y|screening_state|usable_for_mainline_candidate,route_semantic_context_not_fork_inventory,False,"Route semantic, surface, guidepost, facility, trail, path, road, or way context exists, but it is not a governed fork/decision point inventory."
outputs\ib3a_rc_candidate_selection_v1_qixing_lengshuikeng_smoke\qixing_lengshuikeng\33_1\qixing_lengshuikeng_33_1_candidate_way_scores.csv,True,63,case_id|route_folder|activity_id|candidate_way_id|osm_way_id|raw_points_nearest_count|raw_points_within_5m|raw_points_within_10m|raw_points_within_20m|median_distance_m|p90_distance_m|raw_elapsed_min|raw_elapsed_max|candidate_route_dist_min_m|candidate_route_dist_max_m|match_score_from_ib0|selected_from_ib0|highway_norm|route_role|name,route_semantic_context_not_fork_inventory,False,"Route semantic, surface, guidepost, facility, trail, path, road, or way context exists, but it is not a governed fork/decision point inventory."
outputs\ib3a_rc_candidate_selection_v1_qixing_lengshuikeng_smoke\qixing_lengshuikeng\37_1\qixing_lengshuikeng_37_1_candidate_way_scores.csv,True,63,case_id|route_folder|activity_id|candidate_way_id|osm_way_id|raw_points_nearest_count|raw_points_within_5m|raw_points_within_10m|raw_points_within_20m|median_distance_m|p90_distance_m|raw_elapsed_min|raw_elapsed_max|candidate_route_dist_min_m|candidate_route_dist_max_m|match_score_from_ib0|selected_from_ib0|highway_norm|route_role|name,route_semantic_context_not_fork_inventory,False,"Route semantic, surface, guidepost, facility, trail, path, road, or way context exists, but it is not a governed fork/decision point inventory."
outputs\ib3a_rc_candidate_selection_v1_qixing_lengshuikeng_smoke\qixing_lengshuikeng\40_1\qixing_lengshuikeng_40_1_candidate_way_scores.csv,True,63,case_id|route_folder|activity_id|candidate_way_id|osm_way_id|raw_points_nearest_count|raw_points_within_5m|raw_points_within_10m|raw_points_within_20m|median_distance_m|p90_distance_m|raw_elapsed_min|raw_elapsed_max|candidate_route_dist_min_m|candidate_route_dist_max_m|match_score_from_ib0|selected_from_ib0|highway_norm|route_role|name,route_semantic_context_not_fork_inventory,False,"Route semantic, surface, guidepost, facility, trail, path, road, or way context exists, but it is not a governed fork/decision point inventory."
outputs\ib3a_rc_candidate_selection_v1b_qixing_lengshuikeng_context_smoke\qixing_lengshuikeng\33_1\qixing_lengshuikeng_33_1_candidate_way_scores.csv,True,63,case_id|route_folder|activity_id|candidate_way_id|osm_way_id|raw_points_nearest_count|raw_points_within_5m|raw_points_within_10m|raw_points_within_20m|median_distance_m|p90_distance_m|raw_elapsed_min|raw_elapsed_max|candidate_route_dist_min_m|candidate_route_dist_max_m|match_score_from_ib0|selected_from_ib0|highway_norm|route_role|name,route_semantic_context_not_fork_inventory,False,"Route semantic, surface, guidepost, facility, trail, path, road, or way context exists, but it is not a governed fork/decision point inventory."
outputs\ib3a_rc_candidate_selection_v1b_qixing_lengshuikeng_context_smoke\qixing_lengshuikeng\37_1\qixing_lengshuikeng_37_1_candidate_way_scores.csv,True,63,case_id|route_folder|activity_id|candidate_way_id|osm_way_id|raw_points_nearest_count|raw_points_within_5m|raw_points_within_10m|raw_points_within_20m|median_distance_m|p90_distance_m|raw_elapsed_min|raw_elapsed_max|candidate_route_dist_min_m|candidate_route_dist_max_m|match_score_from_ib0|selected_from_ib0|highway_norm|route_role|name,route_semantic_context_not_fork_inventory,False,"Route semantic, surface, guidepost, facility, trail, path, road, or way context exists, but it is not a governed fork/decision point inventory."
outputs\ib3a_rc_candidate_selection_v1b_qixing_lengshuikeng_context_smoke\qixing_lengshuikeng\40_1\qixing_lengshuikeng_40_1_candidate_way_scores.csv,True,63,case_id|route_folder|activity_id|candidate_way_id|osm_way_id|raw_points_nearest_count|raw_points_within_5m|raw_points_within_10m|raw_points_within_20m|median_distance_m|p90_distance_m|raw_elapsed_min|raw_elapsed_max|candidate_route_dist_min_m|candidate_route_dist_max_m|match_score_from_ib0|selected_from_ib0|highway_norm|route_role|name,route_semantic_context_not_fork_inventory,False,"Route semantic, surface, guidepost, facility, trail, path, road, or way context exists, but it is not a governed fork/decision point inventory."
outputs\ib3a_rc_candidate_selection_v1c_qixing_lengshuikeng_connector_smoke\qixing_lengshuikeng\33_1\qixing_lengshuikeng_33_1_candidate_way_scores.csv,True,63,case_id|route_folder|activity_id|candidate_way_id|osm_way_id|raw_points_nearest_count|raw_points_within_5m|raw_points_within_10m|raw_points_within_20m|median_distance_m|p90_distance_m|raw_elapsed_min|raw_elapsed_max|candidate_route_dist_min_m|candidate_route_dist_max_m|match_score_from_ib0|selected_from_ib0|highway_norm|route_role|name,route_semantic_context_not_fork_inventory,False,"Route semantic, surface, guidepost, facility, trail, path, road, or way context exists, but it is not a governed fork/decision point inventory."
outputs\ib3a_rc_candidate_selection_v1c_qixing_lengshuikeng_connector_smoke\qixing_lengshuikeng\37_1\qixing_lengshuikeng_37_1_candidate_way_scores.csv,True,63,case_id|route_folder|activity_id|candidate_way_id|osm_way_id|raw_points_nearest_count|raw_points_within_5m|raw_points_within_10m|raw_points_within_20m|median_distance_m|p90_distance_m|raw_elapsed_min|raw_elapsed_max|candidate_route_dist_min_m|candidate_route_dist_max_m|match_score_from_ib0|selected_from_ib0|highway_norm|route_role|name,route_semantic_context_not_fork_inventory,False,"Route semantic, surface, guidepost, facility, trail, path, road, or way context exists, but it is not a governed fork/decision point inventory."
outputs\ib3a_rc_candidate_selection_v1c_qixing_lengshuikeng_connector_smoke\qixing_lengshuikeng\40_1\qixing_lengshuikeng_40_1_candidate_way_scores.csv,True,63,case_id|route_folder|activity_id|candidate_way_id|osm_way_id|raw_points_nearest_count|raw_points_within_5m|raw_points_within_10m|raw_points_within_20m|median_distance_m|p90_distance_m|raw_elapsed_min|raw_elapsed_max|candidate_route_dist_min_m|candidate_route_dist_max_m|match_score_from_ib0|selected_from_ib0|highway_norm|route_role|name,route_semantic_context_not_fork_inventory,False,"Route semantic, surface, guidepost, facility, trail, path, road, or way context exists, but it is not a governed fork/decision point inventory."
outputs\ib3a_rc_candidate_selection_v1d2_qixing_lengshuikeng_segment_consolidation_smoke\qixing_lengshuikeng\33_1\qixing_lengshuikeng_33_1_candidate_way_scores.csv,True,63,case_id|route_folder|activity_id|candidate_way_id|osm_way_id|raw_points_nearest_count|raw_points_within_5m|raw_points_within_10m|raw_points_within_20m|median_distance_m|p90_distance_m|raw_elapsed_min|raw_elapsed_max|candidate_route_dist_min_m|candidate_route_dist_max_m|match_score_from_ib0|selected_from_ib0|highway_norm|route_role|name,route_semantic_context_not_fork_inventory,False,"Route semantic, surface, guidepost, facility, trail, path, road, or way context exists, but it is not a governed fork/decision point inventory."
outputs\ib3a_rc_candidate_selection_v1d2_qixing_lengshuikeng_segment_consolidation_smoke\qixing_lengshuikeng\37_1\qixing_lengshuikeng_37_1_candidate_way_scores.csv,True,63,case_id|route_folder|activity_id|candidate_way_id|osm_way_id|raw_points_nearest_count|raw_points_within_5m|raw_points_within_10m|raw_points_within_20m|median_distance_m|p90_distance_m|raw_elapsed_min|raw_elapsed_max|candidate_route_dist_min_m|candidate_route_dist_max_m|match_score_from_ib0|selected_from_ib0|highway_norm|route_role|name,route_semantic_context_not_fork_inventory,False,"Route semantic, surface, guidepost, facility, trail, path, road, or way context exists, but it is not a governed fork/decision point inventory."
outputs\ib3a_rc_candidate_selection_v1d2_qixing_lengshuikeng_segment_consolidation_smoke\qixing_lengshuikeng\40_1\qixing_lengshuikeng_40_1_candidate_way_scores.csv,True,63,case_id|route_folder|activity_id|candidate_way_id|osm_way_id|raw_points_nearest_count|raw_points_within_5m|raw_points_within_10m|raw_points_within_20m|median_distance_m|p90_distance_m|raw_elapsed_min|raw_elapsed_max|candidate_route_dist_min_m|candidate_route_dist_max_m|match_score_from_ib0|selected_from_ib0|highway_norm|route_role|name,route_semantic_context_not_fork_inventory,False,"Route semantic, surface, guidepost, facility, trail, path, road, or way context exists, but it is not a governed fork/decision point inventory."
outputs\ib3a_rc_candidate_selection_v1d3_qixing_lengshuikeng_full26_candidate_stability_smoke\qixing_lengshuikeng\13_1\qixing_lengshuikeng_13_1_candidate_way_scores.csv,True,63,case_id|route_folder|activity_id|candidate_way_id|osm_way_id|raw_points_nearest_count|raw_points_within_5m|raw_points_within_10m|raw_points_within_20m|median_distance_m|p90_distance_m|raw_elapsed_min|raw_elapsed_max|candidate_route_dist_min_m|candidate_route_dist_max_m|match_score_from_ib0|selected_from_ib0|highway_norm|route_role|name,route_semantic_context_not_fork_inventory,False,"Route semantic, surface, guidepost, facility, trail, path, road, or way context exists, but it is not a governed fork/decision point inventory."
outputs\ib3a_rc_candidate_selection_v1d3_qixing_lengshuikeng_full26_candidate_stability_smoke\qixing_lengshuikeng\14_1\qixing_lengshuikeng_14_1_candidate_way_scores.csv,True,63,case_id|route_folder|activity_id|candidate_way_id|osm_way_id|raw_points_nearest_count|raw_points_within_5m|raw_points_within_10m|raw_points_within_20m|median_distance_m|p90_distance_m|raw_elapsed_min|raw_elapsed_max|candidate_route_dist_min_m|candidate_route_dist_max_m|match_score_from_ib0|selected_from_ib0|highway_norm|route_role|name,route_semantic_context_not_fork_inventory,False,"Route semantic, surface, guidepost, facility, trail, path, road, or way context exists, but it is not a governed fork/decision point inventory."
outputs\ib3a_rc_candidate_selection_v1d3_qixing_lengshuikeng_full26_candidate_stability_smoke\qixing_lengshuikeng\15_1\qixing_lengshuikeng_15_1_candidate_way_scores.csv,True,63,case_id|route_folder|activity_id|candidate_way_id|osm_way_id|raw_points_nearest_count|raw_points_within_5m|raw_points_within_10m|raw_points_within_20m|median_distance_m|p90_distance_m|raw_elapsed_min|raw_elapsed_max|candidate_route_dist_min_m|candidate_route_dist_max_m|match_score_from_ib0|selected_from_ib0|highway_norm|route_role|name,route_semantic_context_not_fork_inventory,False,"Route semantic, surface, guidepost, facility, trail, path, road, or way context exists, but it is not a governed fork/decision point inventory."
outputs\ib3a_rc_candidate_selection_v1d3_qixing_lengshuikeng_full26_candidate_stability_smoke\qixing_lengshuikeng\16_1\qixing_lengshuikeng_16_1_candidate_way_scores.csv,True,63,case_id|route_folder|activity_id|candidate_way_id|osm_way_id|raw_points_nearest_count|raw_points_within_5m|raw_points_within_10m|raw_points_within_20m|median_distance_m|p90_distance_m|raw_elapsed_min|raw_elapsed_max|candidate_route_dist_min_m|candidate_route_dist_max_m|match_score_from_ib0|selected_from_ib0|highway_norm|route_role|name,route_semantic_context_not_fork_inventory,False,"Route semantic, surface, guidepost, facility, trail, path, road, or way context exists, but it is not a governed fork/decision point inventory."
outputs\ib3a_rc_candidate_selection_v1d3_qixing_lengshuikeng_full26_candidate_stability_smoke\qixing_lengshuikeng\20_1\qixing_lengshuikeng_20_1_candidate_way_scores.csv,True,63,case_id|route_folder|activity_id|candidate_way_id|osm_way_id|raw_points_nearest_count|raw_points_within_5m|raw_points_within_10m|raw_points_within_20m|median_distance_m|p90_distance_m|raw_elapsed_min|raw_elapsed_max|candidate_route_dist_min_m|candidate_route_dist_max_m|match_score_from_ib0|selected_from_ib0|highway_norm|route_role|name,route_semantic_context_not_fork_inventory,False,"Route semantic, surface, guidepost, facility, trail, path, road, or way context exists, but it is not a governed fork/decision point inventory."
outputs\ib3a_rc_candidate_selection_v1d3_qixing_lengshuikeng_full26_candidate_stability_smoke\qixing_lengshuikeng\23_1\qixing_lengshuikeng_23_1_candidate_way_scores.csv,True,63,case_id|route_folder|activity_id|candidate_way_id|osm_way_id|raw_points_nearest_count|raw_points_within_5m|raw_points_within_10m|raw_points_within_20m|median_distance_m|p90_distance_m|raw_elapsed_min|raw_elapsed_max|candidate_route_dist_min_m|candidate_route_dist_max_m|match_score_from_ib0|selected_from_ib0|highway_norm|route_role|name,route_semantic_context_not_fork_inventory,False,"Route semantic, surface, guidepost, facility, trail, path, road, or way context exists, but it is not a governed fork/decision point inventory."
outputs\ib3a_rc_candidate_selection_v1d3_qixing_lengshuikeng_full26_candidate_stability_smoke\qixing_lengshuikeng\28_1\qixing_lengshuikeng_28_1_candidate_way_scores.csv,True,63,case_id|route_folder|activity_id|candidate_way_id|osm_way_id|raw_points_nearest_count|raw_points_within_5m|raw_points_within_10m|raw_points_within_20m|median_distance_m|p90_distance_m|raw_elapsed_min|raw_elapsed_max|candidate_route_dist_min_m|candidate_route_dist_max_m|match_score_from_ib0|selected_from_ib0|highway_norm|route_role|name,route_semantic_context_not_fork_inventory,False,"Route semantic, surface, guidepost, facility, trail, path, road, or way context exists, but it is not a governed fork/decision point inventory."
outputs\ib3a_rc_candidate_selection_v1d3_qixing_lengshuikeng_full26_candidate_stability_smoke\qixing_lengshuikeng\29_1\qixing_lengshuikeng_29_1_candidate_way_scores.csv,True,63,case_id|route_folder|activity_id|candidate_way_id|osm_way_id|raw_points_nearest_count|raw_points_within_5m|raw_points_within_10m|raw_points_within_20m|median_distance_m|p90_distance_m|raw_elapsed_min|raw_elapsed_max|candidate_route_dist_min_m|candidate_route_dist_max_m|match_score_from_ib0|selected_from_ib0|highway_norm|route_role|name,route_semantic_context_not_fork_inventory,False,"Route semantic, surface, guidepost, facility, trail, path, road, or way context exists, but it is not a governed fork/decision point inventory."
outputs\ib3a_rc_candidate_selection_v1d3_qixing_lengshuikeng_full26_candidate_stability_smoke\qixing_lengshuikeng\30_1\qixing_lengshuikeng_30_1_candidate_way_scores.csv,True,63,case_id|route_folder|activity_id|candidate_way_id|osm_way_id|raw_points_nearest_count|raw_points_within_5m|raw_points_within_10m|raw_points_within_20m|median_distance_m|p90_distance_m|raw_elapsed_min|raw_elapsed_max|candidate_route_dist_min_m|candidate_route_dist_max_m|match_score_from_ib0|selected_from_ib0|highway_norm|route_role|name,route_semantic_context_not_fork_inventory,False,"Route semantic, surface, guidepost, facility, trail, path, road, or way context exists, but it is not a governed fork/decision point inventory."
outputs\ib3a_rc_candidate_selection_v1d3_qixing_lengshuikeng_full26_candidate_stability_smoke\qixing_lengshuikeng\33_1\qixing_lengshuikeng_33_1_candidate_way_scores.csv,True,63,case_id|route_folder|activity_id|candidate_way_id|osm_way_id|raw_points_nearest_count|raw_points_within_5m|raw_points_within_10m|raw_points_within_20m|median_distance_m|p90_distance_m|raw_elapsed_min|raw_elapsed_max|candidate_route_dist_min_m|candidate_route_dist_max_m|match_score_from_ib0|selected_from_ib0|highway_norm|route_role|name,route_semantic_context_not_fork_inventory,False,"Route semantic, surface, guidepost, facility, trail, path, road, or way context exists, but it is not a governed fork/decision point inventory."
outputs\ib3a_rc_candidate_selection_v1d3_qixing_lengshuikeng_full26_candidate_stability_smoke\qixing_lengshuikeng\35_1\qixing_lengshuikeng_35_1_candidate_way_scores.csv,True,63,case_id|route_folder|activity_id|candidate_way_id|osm_way_id|raw_points_nearest_count|raw_points_within_5m|raw_points_within_10m|raw_points_within_20m|median_distance_m|p90_distance_m|raw_elapsed_min|raw_elapsed_max|candidate_route_dist_min_m|candidate_route_dist_max_m|match_score_from_ib0|selected_from_ib0|highway_norm|route_role|name,route_semantic_context_not_fork_inventory,False,"Route semantic, surface, guidepost, facility, trail, path, road, or way context exists, but it is not a governed fork/decision point inventory."
outputs\ib3a_rc_candidate_selection_v1d3_qixing_lengshuikeng_full26_candidate_stability_smoke\qixing_lengshuikeng\36_1\qixing_lengshuikeng_36_1_candidate_way_scores.csv,True,63,case_id|route_folder|activity_id|candidate_way_id|osm_way_id|raw_points_nearest_count|raw_points_within_5m|raw_points_within_10m|raw_points_within_20m|median_distance_m|p90_distance_m|raw_elapsed_min|raw_elapsed_max|candidate_route_dist_min_m|candidate_route_dist_max_m|match_score_from_ib0|selected_from_ib0|highway_norm|route_role|name,route_semantic_context_not_fork_inventory,False,"Route semantic, surface, guidepost, facility, trail, path, road, or way context exists, but it is not a governed fork/decision point inventory."
outputs\ib3a_rc_candidate_selection_v1d3_qixing_lengshuikeng_full26_candidate_stability_smoke\qixing_lengshuikeng\37_1\qixing_lengshuikeng_37_1_candidate_way_scores.csv,True,63,case_id|route_folder|activity_id|candidate_way_id|osm_way_id|raw_points_nearest_count|raw_points_within_5m|raw_points_within_10m|raw_points_within_20m|median_distance_m|p90_distance_m|raw_elapsed_min|raw_elapsed_max|candidate_route_dist_min_m|candidate_route_dist_max_m|match_score_from_ib0|selected_from_ib0|highway_norm|route_role|name,route_semantic_context_not_fork_inventory,False,"Route semantic, surface, guidepost, facility, trail, path, road, or way context exists, but it is not a governed fork/decision point inventory."
outputs\ib3a_rc_candidate_selection_v1d3_qixing_lengshuikeng_full26_candidate_stability_smoke\qixing_lengshuikeng\38_1\qixing_lengshuikeng_38_1_candidate_way_scores.csv,True,63,case_id|route_folder|activity_id|candidate_way_id|osm_way_id|raw_points_nearest_count|raw_points_within_5m|raw_points_within_10m|raw_points_within_20m|median_distance_m|p90_distance_m|raw_elapsed_min|raw_elapsed_max|candidate_route_dist_min_m|candidate_route_dist_max_m|match_score_from_ib0|selected_from_ib0|highway_norm|route_role|name,route_semantic_context_not_fork_inventory,False,"Route semantic, surface, guidepost, facility, trail, path, road, or way context exists, but it is not a governed fork/decision point inventory."
outputs\ib3a_rc_candidate_selection_v1d3_qixing_lengshuikeng_full26_candidate_stability_smoke\qixing_lengshuikeng\3_1\qixing_lengshuikeng_3_1_candidate_way_scores.csv,True,63,case_id|route_folder|activity_id|candidate_way_id|osm_way_id|raw_points_nearest_count|raw_points_within_5m|raw_points_within_10m|raw_points_within_20m|median_distance_m|p90_distance_m|raw_elapsed_min|raw_elapsed_max|candidate_route_dist_min_m|candidate_route_dist_max_m|match_score_from_ib0|selected_from_ib0|highway_norm|route_role|name,route_semantic_context_not_fork_inventory,False,"Route semantic, surface, guidepost, facility, trail, path, road, or way context exists, but it is not a governed fork/decision point inventory."
outputs\ib3a_rc_candidate_selection_v1d3_qixing_lengshuikeng_full26_candidate_stability_smoke\qixing_lengshuikeng\40_1\qixing_lengshuikeng_40_1_candidate_way_scores.csv,True,63,case_id|route_folder|activity_id|candidate_way_id|osm_way_id|raw_points_nearest_count|raw_points_within_5m|raw_points_within_10m|raw_points_within_20m|median_distance_m|p90_distance_m|raw_elapsed_min|raw_elapsed_max|candidate_route_dist_min_m|candidate_route_dist_max_m|match_score_from_ib0|selected_from_ib0|highway_norm|route_role|name,route_semantic_context_not_fork_inventory,False,"Route semantic, surface, guidepost, facility, trail, path, road, or way context exists, but it is not a governed fork/decision point inventory."
outputs\ib3a_rc_candidate_selection_v1d3_qixing_lengshuikeng_full26_candidate_stability_smoke\qixing_lengshuikeng\41_1\qixing_lengshuikeng_41_1_candidate_way_scores.csv,True,63,case_id|route_folder|activity_id|candidate_way_id|osm_way_id|raw_points_nearest_count|raw_points_within_5m|raw_points_within_10m|raw_points_within_20m|median_distance_m|p90_distance_m|raw_elapsed_min|raw_elapsed_max|candidate_route_dist_min_m|candidate_route_dist_max_m|match_score_from_ib0|selected_from_ib0|highway_norm|route_role|name,route_semantic_context_not_fork_inventory,False,"Route semantic, surface, guidepost, facility, trail, path, road, or way context exists, but it is not a governed fork/decision point inventory."
outputs\ib3a_rc_candidate_selection_v1d3_qixing_lengshuikeng_full26_candidate_stability_smoke\qixing_lengshuikeng\42_1\qixing_lengshuikeng_42_1_candidate_way_scores.csv,True,63,case_id|route_folder|activity_id|candidate_way_id|osm_way_id|raw_points_nearest_count|raw_points_within_5m|raw_points_within_10m|raw_points_within_20m|median_distance_m|p90_distance_m|raw_elapsed_min|raw_elapsed_max|candidate_route_dist_min_m|candidate_route_dist_max_m|match_score_from_ib0|selected_from_ib0|highway_norm|route_role|name,route_semantic_context_not_fork_inventory,False,"Route semantic, surface, guidepost, facility, trail, path, road, or way context exists, but it is not a governed fork/decision point inventory."
outputs\ib3a_rc_candidate_selection_v1d3_qixing_lengshuikeng_full26_candidate_stability_smoke\qixing_lengshuikeng\43_1\qixing_lengshuikeng_43_1_candidate_way_scores.csv,True,63,case_id|route_folder|activity_id|candidate_way_id|osm_way_id|raw_points_nearest_count|raw_points_within_5m|raw_points_within_10m|raw_points_within_20m|median_distance_m|p90_distance_m|raw_elapsed_min|raw_elapsed_max|candidate_route_dist_min_m|candidate_route_dist_max_m|match_score_from_ib0|selected_from_ib0|highway_norm|route_role|name,route_semantic_context_not_fork_inventory,False,"Route semantic, surface, guidepost, facility, trail, path, road, or way context exists, but it is not a governed fork/decision point inventory."
outputs\ib3a_rc_candidate_selection_v1d3_qixing_lengshuikeng_full26_candidate_stability_smoke\qixing_lengshuikeng\44_1\qixing_lengshuikeng_44_1_candidate_way_scores.csv,True,63,case_id|route_folder|activity_id|candidate_way_id|osm_way_id|raw_points_nearest_count|raw_points_within_5m|raw_points_within_10m|raw_points_within_20m|median_distance_m|p90_distance_m|raw_elapsed_min|raw_elapsed_max|candidate_route_dist_min_m|candidate_route_dist_max_m|match_score_from_ib0|selected_from_ib0|highway_norm|route_role|name,route_semantic_context_not_fork_inventory,False,"Route semantic, surface, guidepost, facility, trail, path, road, or way context exists, but it is not a governed fork/decision point inventory."
outputs\ib3a_rc_candidate_selection_v1d3_qixing_lengshuikeng_full26_candidate_stability_smoke\qixing_lengshuikeng\45_1\qixing_lengshuikeng_45_1_candidate_way_scores.csv,True,63,case_id|route_folder|activity_id|candidate_way_id|osm_way_id|raw_points_nearest_count|raw_points_within_5m|raw_points_within_10m|raw_points_within_20m|median_distance_m|p90_distance_m|raw_elapsed_min|raw_elapsed_max|candidate_route_dist_min_m|candidate_route_dist_max_m|match_score_from_ib0|selected_from_ib0|highway_norm|route_role|name,route_semantic_context_not_fork_inventory,False,"Route semantic, surface, guidepost, facility, trail, path, road, or way context exists, but it is not a governed fork/decision point inventory."
outputs\ib3a_rc_candidate_selection_v1d3_qixing_lengshuikeng_full26_candidate_stability_smoke\qixing_lengshuikeng\46_1\qixing_lengshuikeng_46_1_candidate_way_scores.csv,True,63,case_id|route_folder|activity_id|candidate_way_id|osm_way_id|raw_points_nearest_count|raw_points_within_5m|raw_points_within_10m|raw_points_within_20m|median_distance_m|p90_distance_m|raw_elapsed_min|raw_elapsed_max|candidate_route_dist_min_m|candidate_route_dist_max_m|match_score_from_ib0|selected_from_ib0|highway_norm|route_role|name,route_semantic_context_not_fork_inventory,False,"Route semantic, surface, guidepost, facility, trail, path, road, or way context exists, but it is not a governed fork/decision point inventory."
outputs\ib3a_rc_candidate_selection_v1d3_qixing_lengshuikeng_full26_candidate_stability_smoke\qixing_lengshuikeng\48_1\qixing_lengshuikeng_48_1_candidate_way_scores.csv,True,63,case_id|route_folder|activity_id|candidate_way_id|osm_way_id|raw_points_nearest_count|raw_points_within_5m|raw_points_within_10m|raw_points_within_20m|median_distance_m|p90_distance_m|raw_elapsed_min|raw_elapsed_max|candidate_route_dist_min_m|candidate_route_dist_max_m|match_score_from_ib0|selected_from_ib0|highway_norm|route_role|name,route_semantic_context_not_fork_inventory,False,"Route semantic, surface, guidepost, facility, trail, path, road, or way context exists, but it is not a governed fork/decision point inventory."
outputs\ib3a_rc_candidate_selection_v1d3_qixing_lengshuikeng_full26_candidate_stability_smoke\qixing_lengshuikeng\6_1\qixing_lengshuikeng_6_1_candidate_way_scores.csv,True,63,case_id|route_folder|activity_id|candidate_way_id|osm_way_id|raw_points_nearest_count|raw_points_within_5m|raw_points_within_10m|raw_points_within_20m|median_distance_m|p90_distance_m|raw_elapsed_min|raw_elapsed_max|candidate_route_dist_min_m|candidate_route_dist_max_m|match_score_from_ib0|selected_from_ib0|highway_norm|route_role|name,route_semantic_context_not_fork_inventory,False,"Route semantic, surface, guidepost, facility, trail, path, road, or way context exists, but it is not a governed fork/decision point inventory."
outputs\ib3a_rc_candidate_selection_v1d3_qixing_lengshuikeng_full26_candidate_stability_smoke\qixing_lengshuikeng\8_1\qixing_lengshuikeng_8_1_candidate_way_scores.csv,True,63,case_id|route_folder|activity_id|candidate_way_id|osm_way_id|raw_points_nearest_count|raw_points_within_5m|raw_points_within_10m|raw_points_within_20m|median_distance_m|p90_distance_m|raw_elapsed_min|raw_elapsed_max|candidate_route_dist_min_m|candidate_route_dist_max_m|match_score_from_ib0|selected_from_ib0|highway_norm|route_role|name,route_semantic_context_not_fork_inventory,False,"Route semantic, surface, guidepost, facility, trail, path, road, or way context exists, but it is not a governed fork/decision point inventory."
outputs\ib3a_rc_candidate_selection_v1d3_qixing_lengshuikeng_full26_candidate_stability_smoke\qixing_lengshuikeng\9_1\qixing_lengshuikeng_9_1_candidate_way_scores.csv,True,63,case_id|route_folder|activity_id|candidate_way_id|osm_way_id|raw_points_nearest_count|raw_points_within_5m|raw_points_within_10m|raw_points_within_20m|median_distance_m|p90_distance_m|raw_elapsed_min|raw_elapsed_max|candidate_route_dist_min_m|candidate_route_dist_max_m|match_score_from_ib0|selected_from_ib0|highway_norm|route_role|name,route_semantic_context_not_fork_inventory,False,"Route semantic, surface, guidepost, facility, trail, path, road, or way context exists, but it is not a governed fork/decision point inventory."
outputs\ib3a_rc_candidate_selection_v1d3_qixing_lengshuikeng_segment_review_density_smoke\qixing_lengshuikeng\33_1\qixing_lengshuikeng_33_1_candidate_way_scores.csv,True,63,case_id|route_folder|activity_id|candidate_way_id|osm_way_id|raw_points_nearest_count|raw_points_within_5m|raw_points_within_10m|raw_points_within_20m|median_distance_m|p90_distance_m|raw_elapsed_min|raw_elapsed_max|candidate_route_dist_min_m|candidate_route_dist_max_m|match_score_from_ib0|selected_from_ib0|highway_norm|route_role|name,route_semantic_context_not_fork_inventory,False,"Route semantic, surface, guidepost, facility, trail, path, road, or way context exists, but it is not a governed fork/decision point inventory."
outputs\ib3a_rc_candidate_selection_v1d3_qixing_lengshuikeng_segment_review_density_smoke\qixing_lengshuikeng\37_1\qixing_lengshuikeng_37_1_candidate_way_scores.csv,True,63,case_id|route_folder|activity_id|candidate_way_id|osm_way_id|raw_points_nearest_count|raw_points_within_5m|raw_points_within_10m|raw_points_within_20m|median_distance_m|p90_distance_m|raw_elapsed_min|raw_elapsed_max|candidate_route_dist_min_m|candidate_route_dist_max_m|match_score_from_ib0|selected_from_ib0|highway_norm|route_role|name,route_semantic_context_not_fork_inventory,False,"Route semantic, surface, guidepost, facility, trail, path, road, or way context exists, but it is not a governed fork/decision point inventory."
outputs\ib3a_rc_candidate_selection_v1d3_qixing_lengshuikeng_segment_review_density_smoke\qixing_lengshuikeng\40_1\qixing_lengshuikeng_40_1_candidate_way_scores.csv,True,63,case_id|route_folder|activity_id|candidate_way_id|osm_way_id|raw_points_nearest_count|raw_points_within_5m|raw_points_within_10m|raw_points_within_20m|median_distance_m|p90_distance_m|raw_elapsed_min|raw_elapsed_max|candidate_route_dist_min_m|candidate_route_dist_max_m|match_score_from_ib0|selected_from_ib0|highway_norm|route_role|name,route_semantic_context_not_fork_inventory,False,"Route semantic, surface, guidepost, facility, trail, path, road, or way context exists, but it is not a governed fork/decision point inventory."
outputs\ib3a_rc_candidate_selection_v1d_qixing_lengshuikeng_stability_smoke\qixing_lengshuikeng\33_1\qixing_lengshuikeng_33_1_candidate_way_scores.csv,True,63,case_id|route_folder|activity_id|candidate_way_id|osm_way_id|raw_points_nearest_count|raw_points_within_5m|raw_points_within_10m|raw_points_within_20m|median_distance_m|p90_distance_m|raw_elapsed_min|raw_elapsed_max|candidate_route_dist_min_m|candidate_route_dist_max_m|match_score_from_ib0|selected_from_ib0|highway_norm|route_role|name,route_semantic_context_not_fork_inventory,False,"Route semantic, surface, guidepost, facility, trail, path, road, or way context exists, but it is not a governed fork/decision point inventory."
outputs\ib3a_rc_candidate_selection_v1d_qixing_lengshuikeng_stability_smoke\qixing_lengshuikeng\37_1\qixing_lengshuikeng_37_1_candidate_way_scores.csv,True,63,case_id|route_folder|activity_id|candidate_way_id|osm_way_id|raw_points_nearest_count|raw_points_within_5m|raw_points_within_10m|raw_points_within_20m|median_distance_m|p90_distance_m|raw_elapsed_min|raw_elapsed_max|candidate_route_dist_min_m|candidate_route_dist_max_m|match_score_from_ib0|selected_from_ib0|highway_norm|route_role|name,route_semantic_context_not_fork_inventory,False,"Route semantic, surface, guidepost, facility, trail, path, road, or way context exists, but it is not a governed fork/decision point inventory."
outputs\ib3a_rc_candidate_selection_v1d_qixing_lengshuikeng_stability_smoke\qixing_lengshuikeng\40_1\qixing_lengshuikeng_40_1_candidate_way_scores.csv,True,63,case_id|route_folder|activity_id|candidate_way_id|osm_way_id|raw_points_nearest_count|raw_points_within_5m|raw_points_within_10m|raw_points_within_20m|median_distance_m|p90_distance_m|raw_elapsed_min|raw_elapsed_max|candidate_route_dist_min_m|candidate_route_dist_max_m|match_score_from_ib0|selected_from_ib0|highway_norm|route_role|name,route_semantic_context_not_fork_inventory,False,"Route semantic, surface, guidepost, facility, trail, path, road, or way context exists, but it is not a governed fork/decision point inventory."
outputs\ib3c_activity_behavior_events_adaptive_speed_v1_phase3_semantics_smoketest\qixing_lengshuikeng\37_1\qixing_lengshuikeng_37_1_ib3c_behavior_events.csv,True,27,event_id|route_folder|activity_id|event_type|event_subtype|event_modifiers|start_elapsed_sec|end_elapsed_sec|duration_sec|duration_tier|start_row_index|end_row_index|start_route_dist_m|end_route_dist_m|route_dist_span_m|mean_speed_mps|min_speed_mps|max_speed_mps|median_offset_m|max_offset_m|on_route_ratio|off_route_ratio|mean_hr_bpm|max_hr_bpm|hr_start_bpm|hr_end_bpm|hr_delta_bpm|hr_recovery_slope_bpm_per_min|rest_duration_tier|recovery_level|hr_recovery_effect|estimated_recovery_score|recovery_interpretation|route_semantic_context|surface_context|facility_context|rest_context|support_context|hydrology_context|slope_context|terrain_risk_context|terrain_risk_score_mean|weather_mode|weather_scenario_name|weather_context|weather_event_modifier|activity_risk_context|excluded_reason_context|candidate_reason|confidence|points_n,route_semantic_context_not_fork_inventory,False,"Route semantic, surface, guidepost, facility, trail, path, road, or way context exists, but it is not a governed fork/decision point inventory."
outputs\ib3c_activity_behavior_events_adaptive_speed_v1_phase3a_semantic_annotations_26batch\qixing_lengshuikeng\13_1\qixing_lengshuikeng_13_1_ib3c_behavior_events.csv,True,10,event_id|route_folder|activity_id|event_type|event_subtype|event_modifiers|start_elapsed_sec|end_elapsed_sec|duration_sec|duration_tier|start_row_index|end_row_index|start_route_dist_m|end_route_dist_m|route_dist_span_m|mean_speed_mps|min_speed_mps|max_speed_mps|median_offset_m|max_offset_m|on_route_ratio|off_route_ratio|mean_hr_bpm|max_hr_bpm|hr_start_bpm|hr_end_bpm|hr_delta_bpm|hr_recovery_slope_bpm_per_min|rest_duration_tier|recovery_level|hr_recovery_effect|estimated_recovery_score|recovery_interpretation|route_semantic_context|surface_context|facility_context|rest_context|support_context|hydrology_context|slope_context|terrain_risk_context|terrain_risk_score_mean|weather_mode|weather_scenario_name|weather_context|weather_event_modifier|activity_risk_context|excluded_reason_context|candidate_reason|confidence|points_n|semantic_low_speed_class|semantic_motion_class|semantic_hr_response_class|semantic_event_type_candidate,route_semantic_context_not_fork_inventory,False,"Route semantic, surface, guidepost, facility, trail, path, road, or way context exists, but it is not a governed fork/decision point inventory."
outputs\ib3c_activity_behavior_events_adaptive_speed_v1_phase3a_semantic_annotations_26batch\qixing_lengshuikeng\14_1\qixing_lengshuikeng_14_1_ib3c_behavior_events.csv,True,11,event_id|route_folder|activity_id|event_type|event_subtype|event_modifiers|start_elapsed_sec|end_elapsed_sec|duration_sec|duration_tier|start_row_index|end_row_index|start_route_dist_m|end_route_dist_m|route_dist_span_m|mean_speed_mps|min_speed_mps|max_speed_mps|median_offset_m|max_offset_m|on_route_ratio|off_route_ratio|mean_hr_bpm|max_hr_bpm|hr_start_bpm|hr_end_bpm|hr_delta_bpm|hr_recovery_slope_bpm_per_min|rest_duration_tier|recovery_level|hr_recovery_effect|estimated_recovery_score|recovery_interpretation|route_semantic_context|surface_context|facility_context|rest_context|support_context|hydrology_context|slope_context|terrain_risk_context|terrain_risk_score_mean|weather_mode|weather_scenario_name|weather_context|weather_event_modifier|activity_risk_context|excluded_reason_context|candidate_reason|confidence|points_n|semantic_low_speed_class|semantic_motion_class|semantic_hr_response_class|semantic_event_type_candidate,route_semantic_context_not_fork_inventory,False,"Route semantic, surface, guidepost, facility, trail, path, road, or way context exists, but it is not a governed fork/decision point inventory."
outputs\ib3c_activity_behavior_events_adaptive_speed_v1_phase3a_semantic_annotations_26batch\qixing_lengshuikeng\15_1\qixing_lengshuikeng_15_1_ib3c_behavior_events.csv,True,1,event_id|route_folder|activity_id|event_type|event_subtype|event_modifiers|start_elapsed_sec|end_elapsed_sec|duration_sec|duration_tier|start_row_index|end_row_index|start_route_dist_m|end_route_dist_m|route_dist_span_m|mean_speed_mps|min_speed_mps|max_speed_mps|median_offset_m|max_offset_m|on_route_ratio|off_route_ratio|mean_hr_bpm|max_hr_bpm|hr_start_bpm|hr_end_bpm|hr_delta_bpm|hr_recovery_slope_bpm_per_min|rest_duration_tier|recovery_level|hr_recovery_effect|estimated_recovery_score|recovery_interpretation|route_semantic_context|surface_context|facility_context|rest_context|support_context|hydrology_context|slope_context|terrain_risk_context|terrain_risk_score_mean|weather_mode|weather_scenario_name|weather_context|weather_event_modifier|activity_risk_context|excluded_reason_context|candidate_reason|confidence|points_n|semantic_low_speed_class|semantic_motion_class|semantic_hr_response_class|semantic_event_type_candidate,route_semantic_context_not_fork_inventory,False,"Route semantic, surface, guidepost, facility, trail, path, road, or way context exists, but it is not a governed fork/decision point inventory."
outputs\ib3c_activity_behavior_events_adaptive_speed_v1_phase3a_semantic_annotations_26batch\qixing_lengshuikeng\16_1\qixing_lengshuikeng_16_1_ib3c_behavior_events.csv,True,32,event_id|route_folder|activity_id|event_type|event_subtype|event_modifiers|start_elapsed_sec|end_elapsed_sec|duration_sec|duration_tier|start_row_index|end_row_index|start_route_dist_m|end_route_dist_m|route_dist_span_m|mean_speed_mps|min_speed_mps|max_speed_mps|median_offset_m|max_offset_m|on_route_ratio|off_route_ratio|mean_hr_bpm|max_hr_bpm|hr_start_bpm|hr_end_bpm|hr_delta_bpm|hr_recovery_slope_bpm_per_min|rest_duration_tier|recovery_level|hr_recovery_effect|estimated_recovery_score|recovery_interpretation|route_semantic_context|surface_context|facility_context|rest_context|support_context|hydrology_context|slope_context|terrain_risk_context|terrain_risk_score_mean|weather_mode|weather_scenario_name|weather_context|weather_event_modifier|activity_risk_context|excluded_reason_context|candidate_reason|confidence|points_n|semantic_low_speed_class|semantic_motion_class|semantic_hr_response_class|semantic_event_type_candidate,route_semantic_context_not_fork_inventory,False,"Route semantic, surface, guidepost, facility, trail, path, road, or way context exists, but it is not a governed fork/decision point inventory."
outputs\ib3c_activity_behavior_events_adaptive_speed_v1_phase3a_semantic_annotations_26batch\qixing_lengshuikeng\20_1\qixing_lengshuikeng_20_1_ib3c_behavior_events.csv,True,1,event_id|route_folder|activity_id|event_type|event_subtype|event_modifiers|start_elapsed_sec|end_elapsed_sec|duration_sec|duration_tier|start_row_index|end_row_index|start_route_dist_m|end_route_dist_m|route_dist_span_m|mean_speed_mps|min_speed_mps|max_speed_mps|median_offset_m|max_offset_m|on_route_ratio|off_route_ratio|mean_hr_bpm|max_hr_bpm|hr_start_bpm|hr_end_bpm|hr_delta_bpm|hr_recovery_slope_bpm_per_min|rest_duration_tier|recovery_level|hr_recovery_effect|estimated_recovery_score|recovery_interpretation|route_semantic_context|surface_context|facility_context|rest_context|support_context|hydrology_context|slope_context|terrain_risk_context|terrain_risk_score_mean|weather_mode|weather_scenario_name|weather_context|weather_event_modifier|activity_risk_context|excluded_reason_context|candidate_reason|confidence|points_n|semantic_low_speed_class|semantic_motion_class|semantic_hr_response_class|semantic_event_type_candidate,route_semantic_context_not_fork_inventory,False,"Route semantic, surface, guidepost, facility, trail, path, road, or way context exists, but it is not a governed fork/decision point inventory."
outputs\ib3c_activity_behavior_events_adaptive_speed_v1_phase3a_semantic_annotations_26batch\qixing_lengshuikeng\23_1\qixing_lengshuikeng_23_1_ib3c_behavior_events.csv,True,1,event_id|route_folder|activity_id|event_type|event_subtype|event_modifiers|start_elapsed_sec|end_elapsed_sec|duration_sec|duration_tier|start_row_index|end_row_index|start_route_dist_m|end_route_dist_m|route_dist_span_m|mean_speed_mps|min_speed_mps|max_speed_mps|median_offset_m|max_offset_m|on_route_ratio|off_route_ratio|mean_hr_bpm|max_hr_bpm|hr_start_bpm|hr_end_bpm|hr_delta_bpm|hr_recovery_slope_bpm_per_min|rest_duration_tier|recovery_level|hr_recovery_effect|estimated_recovery_score|recovery_interpretation|route_semantic_context|surface_context|facility_context|rest_context|support_context|hydrology_context|slope_context|terrain_risk_context|terrain_risk_score_mean|weather_mode|weather_scenario_name|weather_context|weather_event_modifier|activity_risk_context|excluded_reason_context|candidate_reason|confidence|points_n|semantic_low_speed_class|semantic_motion_class|semantic_hr_response_class|semantic_event_type_candidate,route_semantic_context_not_fork_inventory,False,"Route semantic, surface, guidepost, facility, trail, path, road, or way context exists, but it is not a governed fork/decision point inventory."
outputs\ib3c_activity_behavior_events_adaptive_speed_v1_phase3a_semantic_annotations_26batch\qixing_lengshuikeng\28_1\qixing_lengshuikeng_28_1_ib3c_behavior_events.csv,True,14,event_id|route_folder|activity_id|event_type|event_subtype|event_modifiers|start_elapsed_sec|end_elapsed_sec|duration_sec|duration_tier|start_row_index|end_row_index|start_route_dist_m|end_route_dist_m|route_dist_span_m|mean_speed_mps|min_speed_mps|max_speed_mps|median_offset_m|max_offset_m|on_route_ratio|off_route_ratio|mean_hr_bpm|max_hr_bpm|hr_start_bpm|hr_end_bpm|hr_delta_bpm|hr_recovery_slope_bpm_per_min|rest_duration_tier|recovery_level|hr_recovery_effect|estimated_recovery_score|recovery_interpretation|route_semantic_context|surface_context|facility_context|rest_context|support_context|hydrology_context|slope_context|terrain_risk_context|terrain_risk_score_mean|weather_mode|weather_scenario_name|weather_context|weather_event_modifier|activity_risk_context|excluded_reason_context|candidate_reason|confidence|points_n|semantic_low_speed_class|semantic_motion_class|semantic_hr_response_class|semantic_event_type_candidate,route_semantic_context_not_fork_inventory,False,"Route semantic, surface, guidepost, facility, trail, path, road, or way context exists, but it is not a governed fork/decision point inventory."
outputs\ib3c_activity_behavior_events_adaptive_speed_v1_phase3a_semantic_annotations_26batch\qixing_lengshuikeng\29_1\qixing_lengshuikeng_29_1_ib3c_behavior_events.csv,True,1,event_id|route_folder|activity_id|event_type|event_subtype|event_modifiers|start_elapsed_sec|end_elapsed_sec|duration_sec|duration_tier|start_row_index|end_row_index|start_route_dist_m|end_route_dist_m|route_dist_span_m|mean_speed_mps|min_speed_mps|max_speed_mps|median_offset_m|max_offset_m|on_route_ratio|off_route_ratio|mean_hr_bpm|max_hr_bpm|hr_start_bpm|hr_end_bpm|hr_delta_bpm|hr_recovery_slope_bpm_per_min|rest_duration_tier|recovery_level|hr_recovery_effect|estimated_recovery_score|recovery_interpretation|route_semantic_context|surface_context|facility_context|rest_context|support_context|hydrology_context|slope_context|terrain_risk_context|terrain_risk_score_mean|weather_mode|weather_scenario_name|weather_context|weather_event_modifier|activity_risk_context|excluded_reason_context|candidate_reason|confidence|points_n|semantic_low_speed_class|semantic_motion_class|semantic_hr_response_class|semantic_event_type_candidate,route_semantic_context_not_fork_inventory,False,"Route semantic, surface, guidepost, facility, trail, path, road, or way context exists, but it is not a governed fork/decision point inventory."
outputs\ib3c_activity_behavior_events_adaptive_speed_v1_phase3a_semantic_annotations_26batch\qixing_lengshuikeng\30_1\qixing_lengshuikeng_30_1_ib3c_behavior_events.csv,True,1,event_id|route_folder|activity_id|event_type|event_subtype|event_modifiers|start_elapsed_sec|end_elapsed_sec|duration_sec|duration_tier|start_row_index|end_row_index|start_route_dist_m|end_route_dist_m|route_dist_span_m|mean_speed_mps|min_speed_mps|max_speed_mps|median_offset_m|max_offset_m|on_route_ratio|off_route_ratio|mean_hr_bpm|max_hr_bpm|hr_start_bpm|hr_end_bpm|hr_delta_bpm|hr_recovery_slope_bpm_per_min|rest_duration_tier|recovery_level|hr_recovery_effect|estimated_recovery_score|recovery_interpretation|route_semantic_context|surface_context|facility_context|rest_context|support_context|hydrology_context|slope_context|terrain_risk_context|terrain_risk_score_mean|weather_mode|weather_scenario_name|weather_context|weather_event_modifier|activity_risk_context|excluded_reason_context|candidate_reason|confidence|points_n|semantic_low_speed_class|semantic_motion_class|semantic_hr_response_class|semantic_event_type_candidate,route_semantic_context_not_fork_inventory,False,"Route semantic, surface, guidepost, facility, trail, path, road, or way context exists, but it is not a governed fork/decision point inventory."
outputs\ib3c_activity_behavior_events_adaptive_speed_v1_phase3a_semantic_annotations_26batch\qixing_lengshuikeng\33_1\qixing_lengshuikeng_33_1_ib3c_behavior_events.csv,True,3,event_id|route_folder|activity_id|event_type|event_subtype|event_modifiers|start_elapsed_sec|end_elapsed_sec|duration_sec|duration_tier|start_row_index|end_row_index|start_route_dist_m|end_route_dist_m|route_dist_span_m|mean_speed_mps|min_speed_mps|max_speed_mps|median_offset_m|max_offset_m|on_route_ratio|off_route_ratio|mean_hr_bpm|max_hr_bpm|hr_start_bpm|hr_end_bpm|hr_delta_bpm|hr_recovery_slope_bpm_per_min|rest_duration_tier|recovery_level|hr_recovery_effect|estimated_recovery_score|recovery_interpretation|route_semantic_context|surface_context|facility_context|rest_context|support_context|hydrology_context|slope_context|terrain_risk_context|terrain_risk_score_mean|weather_mode|weather_scenario_name|weather_context|weather_event_modifier|activity_risk_context|excluded_reason_context|candidate_reason|confidence|points_n|semantic_low_speed_class|semantic_motion_class|semantic_hr_response_class|semantic_event_type_candidate,route_semantic_context_not_fork_inventory,False,"Route semantic, surface, guidepost, facility, trail, path, road, or way context exists, but it is not a governed fork/decision point inventory."
outputs\ib3c_activity_behavior_events_adaptive_speed_v1_phase3a_semantic_annotations_26batch\qixing_lengshuikeng\35_1\qixing_lengshuikeng_35_1_ib3c_behavior_events.csv,True,1,event_id|route_folder|activity_id|event_type|event_subtype|event_modifiers|start_elapsed_sec|end_elapsed_sec|duration_sec|duration_tier|start_row_index|end_row_index|start_route_dist_m|end_route_dist_m|route_dist_span_m|mean_speed_mps|min_speed_mps|max_speed_mps|median_offset_m|max_offset_m|on_route_ratio|off_route_ratio|mean_hr_bpm|max_hr_bpm|hr_start_bpm|hr_end_bpm|hr_delta_bpm|hr_recovery_slope_bpm_per_min|rest_duration_tier|recovery_level|hr_recovery_effect|estimated_recovery_score|recovery_interpretation|route_semantic_context|surface_context|facility_context|rest_context|support_context|hydrology_context|slope_context|terrain_risk_context|terrain_risk_score_mean|weather_mode|weather_scenario_name|weather_context|weather_event_modifier|activity_risk_context|excluded_reason_context|candidate_reason|confidence|points_n|semantic_low_speed_class|semantic_motion_class|semantic_hr_response_class|semantic_event_type_candidate,route_semantic_context_not_fork_inventory,False,"Route semantic, surface, guidepost, facility, trail, path, road, or way context exists, but it is not a governed fork/decision point inventory."
outputs\ib3c_activity_behavior_events_adaptive_speed_v1_phase3a_semantic_annotations_26batch\qixing_lengshuikeng\36_1\qixing_lengshuikeng_36_1_ib3c_behavior_events.csv,True,14,event_id|route_folder|activity_id|event_type|event_subtype|event_modifiers|start_elapsed_sec|end_elapsed_sec|duration_sec|duration_tier|start_row_index|end_row_index|start_route_dist_m|end_route_dist_m|route_dist_span_m|mean_speed_mps|min_speed_mps|max_speed_mps|median_offset_m|max_offset_m|on_route_ratio|off_route_ratio|mean_hr_bpm|max_hr_bpm|hr_start_bpm|hr_end_bpm|hr_delta_bpm|hr_recovery_slope_bpm_per_min|rest_duration_tier|recovery_level|hr_recovery_effect|estimated_recovery_score|recovery_interpretation|route_semantic_context|surface_context|facility_context|rest_context|support_context|hydrology_context|slope_context|terrain_risk_context|terrain_risk_score_mean|weather_mode|weather_scenario_name|weather_context|weather_event_modifier|activity_risk_context|excluded_reason_context|candidate_reason|confidence|points_n|semantic_low_speed_class|semantic_motion_class|semantic_hr_response_class|semantic_event_type_candidate,route_semantic_context_not_fork_inventory,False,"Route semantic, surface, guidepost, facility, trail, path, road, or way context exists, but it is not a governed fork/decision point inventory."
outputs\ib3c_activity_behavior_events_adaptive_speed_v1_phase3a_semantic_annotations_26batch\qixing_lengshuikeng\37_1\qixing_lengshuikeng_37_1_ib3c_behavior_events.csv,True,27,event_id|route_folder|activity_id|event_type|event_subtype|event_modifiers|start_elapsed_sec|end_elapsed_sec|duration_sec|duration_tier|start_row_index|end_row_index|start_route_dist_m|end_route_dist_m|route_dist_span_m|mean_speed_mps|min_speed_mps|max_speed_mps|median_offset_m|max_offset_m|on_route_ratio|off_route_ratio|mean_hr_bpm|max_hr_bpm|hr_start_bpm|hr_end_bpm|hr_delta_bpm|hr_recovery_slope_bpm_per_min|rest_duration_tier|recovery_level|hr_recovery_effect|estimated_recovery_score|recovery_interpretation|route_semantic_context|surface_context|facility_context|rest_context|support_context|hydrology_context|slope_context|terrain_risk_context|terrain_risk_score_mean|weather_mode|weather_scenario_name|weather_context|weather_event_modifier|activity_risk_context|excluded_reason_context|candidate_reason|confidence|points_n|semantic_low_speed_class|semantic_motion_class|semantic_hr_response_class|semantic_event_type_candidate,route_semantic_context_not_fork_inventory,False,"Route semantic, surface, guidepost, facility, trail, path, road, or way context exists, but it is not a governed fork/decision point inventory."
outputs\ib3c_activity_behavior_events_adaptive_speed_v1_phase3a_semantic_annotations_26batch\qixing_lengshuikeng\38_1\qixing_lengshuikeng_38_1_ib3c_behavior_events.csv,True,1,event_id|route_folder|activity_id|event_type|event_subtype|event_modifiers|start_elapsed_sec|end_elapsed_sec|duration_sec|duration_tier|start_row_index|end_row_index|start_route_dist_m|end_route_dist_m|route_dist_span_m|mean_speed_mps|min_speed_mps|max_speed_mps|median_offset_m|max_offset_m|on_route_ratio|off_route_ratio|mean_hr_bpm|max_hr_bpm|hr_start_bpm|hr_end_bpm|hr_delta_bpm|hr_recovery_slope_bpm_per_min|rest_duration_tier|recovery_level|hr_recovery_effect|estimated_recovery_score|recovery_interpretation|route_semantic_context|surface_context|facility_context|rest_context|support_context|hydrology_context|slope_context|terrain_risk_context|terrain_risk_score_mean|weather_mode|weather_scenario_name|weather_context|weather_event_modifier|activity_risk_context|excluded_reason_context|candidate_reason|confidence|points_n|semantic_low_speed_class|semantic_motion_class|semantic_hr_response_class|semantic_event_type_candidate,route_semantic_context_not_fork_inventory,False,"Route semantic, surface, guidepost, facility, trail, path, road, or way context exists, but it is not a governed fork/decision point inventory."
outputs\ib3c_activity_behavior_events_adaptive_speed_v1_phase3a_semantic_annotations_26batch\qixing_lengshuikeng\3_1\qixing_lengshuikeng_3_1_ib3c_behavior_events.csv,True,8,event_id|route_folder|activity_id|event_type|event_subtype|event_modifiers|start_elapsed_sec|end_elapsed_sec|duration_sec|duration_tier|start_row_index|end_row_index|start_route_dist_m|end_route_dist_m|route_dist_span_m|mean_speed_mps|min_speed_mps|max_speed_mps|median_offset_m|max_offset_m|on_route_ratio|off_route_ratio|mean_hr_bpm|max_hr_bpm|hr_start_bpm|hr_end_bpm|hr_delta_bpm|hr_recovery_slope_bpm_per_min|rest_duration_tier|recovery_level|hr_recovery_effect|estimated_recovery_score|recovery_interpretation|route_semantic_context|surface_context|facility_context|rest_context|support_context|hydrology_context|slope_context|terrain_risk_context|terrain_risk_score_mean|weather_mode|weather_scenario_name|weather_context|weather_event_modifier|activity_risk_context|excluded_reason_context|candidate_reason|confidence|points_n|semantic_low_speed_class|semantic_motion_class|semantic_hr_response_class|semantic_event_type_candidate,route_semantic_context_not_fork_inventory,False,"Route semantic, surface, guidepost, facility, trail, path, road, or way context exists, but it is not a governed fork/decision point inventory."
outputs\ib3c_activity_behavior_events_adaptive_speed_v1_phase3a_semantic_annotations_26batch\qixing_lengshuikeng\40_1\qixing_lengshuikeng_40_1_ib3c_behavior_events.csv,True,9,event_id|route_folder|activity_id|event_type|event_subtype|event_modifiers|start_elapsed_sec|end_elapsed_sec|duration_sec|duration_tier|start_row_index|end_row_index|start_route_dist_m|end_route_dist_m|route_dist_span_m|mean_speed_mps|min_speed_mps|max_speed_mps|median_offset_m|max_offset_m|on_route_ratio|off_route_ratio|mean_hr_bpm|max_hr_bpm|hr_start_bpm|hr_end_bpm|hr_delta_bpm|hr_recovery_slope_bpm_per_min|rest_duration_tier|recovery_level|hr_recovery_effect|estimated_recovery_score|recovery_interpretation|route_semantic_context|surface_context|facility_context|rest_context|support_context|hydrology_context|slope_context|terrain_risk_context|terrain_risk_score_mean|weather_mode|weather_scenario_name|weather_context|weather_event_modifier|activity_risk_context|excluded_reason_context|candidate_reason|confidence|points_n|semantic_low_speed_class|semantic_motion_class|semantic_hr_response_class|semantic_event_type_candidate,route_semantic_context_not_fork_inventory,False,"Route semantic, surface, guidepost, facility, trail, path, road, or way context exists, but it is not a governed fork/decision point inventory."
outputs\ib3c_activity_behavior_events_adaptive_speed_v1_phase3a_semantic_annotations_26batch\qixing_lengshuikeng\41_1\qixing_lengshuikeng_41_1_ib3c_behavior_events.csv,True,8,event_id|route_folder|activity_id|event_type|event_subtype|event_modifiers|start_elapsed_sec|end_elapsed_sec|duration_sec|duration_tier|start_row_index|end_row_index|start_route_dist_m|end_route_dist_m|route_dist_span_m|mean_speed_mps|min_speed_mps|max_speed_mps|median_offset_m|max_offset_m|on_route_ratio|off_route_ratio|mean_hr_bpm|max_hr_bpm|hr_start_bpm|hr_end_bpm|hr_delta_bpm|hr_recovery_slope_bpm_per_min|rest_duration_tier|recovery_level|hr_recovery_effect|estimated_recovery_score|recovery_interpretation|route_semantic_context|surface_context|facility_context|rest_context|support_context|hydrology_context|slope_context|terrain_risk_context|terrain_risk_score_mean|weather_mode|weather_scenario_name|weather_context|weather_event_modifier|activity_risk_context|excluded_reason_context|candidate_reason|confidence|points_n|semantic_low_speed_class|semantic_motion_class|semantic_hr_response_class|semantic_event_type_candidate,route_semantic_context_not_fork_inventory,False,"Route semantic, surface, guidepost, facility, trail, path, road, or way context exists, but it is not a governed fork/decision point inventory."
outputs\ib3c_activity_behavior_events_adaptive_speed_v1_phase3a_semantic_annotations_26batch\qixing_lengshuikeng\42_1\qixing_lengshuikeng_42_1_ib3c_behavior_events.csv,True,30,event_id|route_folder|activity_id|event_type|event_subtype|event_modifiers|start_elapsed_sec|end_elapsed_sec|duration_sec|duration_tier|start_row_index|end_row_index|start_route_dist_m|end_route_dist_m|route_dist_span_m|mean_speed_mps|min_speed_mps|max_speed_mps|median_offset_m|max_offset_m|on_route_ratio|off_route_ratio|mean_hr_bpm|max_hr_bpm|hr_start_bpm|hr_end_bpm|hr_delta_bpm|hr_recovery_slope_bpm_per_min|rest_duration_tier|recovery_level|hr_recovery_effect|estimated_recovery_score|recovery_interpretation|route_semantic_context|surface_context|facility_context|rest_context|support_context|hydrology_context|slope_context|terrain_risk_context|terrain_risk_score_mean|weather_mode|weather_scenario_name|weather_context|weather_event_modifier|activity_risk_context|excluded_reason_context|candidate_reason|confidence|points_n|semantic_low_speed_class|semantic_motion_class|semantic_hr_response_class|semantic_event_type_candidate,route_semantic_context_not_fork_inventory,False,"Route semantic, surface, guidepost, facility, trail, path, road, or way context exists, but it is not a governed fork/decision point inventory."
outputs\ib3c_activity_behavior_events_adaptive_speed_v1_phase3a_semantic_annotations_26batch\qixing_lengshuikeng\43_1\qixing_lengshuikeng_43_1_ib3c_behavior_events.csv,True,44,event_id|route_folder|activity_id|event_type|event_subtype|event_modifiers|start_elapsed_sec|end_elapsed_sec|duration_sec|duration_tier|start_row_index|end_row_index|start_route_dist_m|end_route_dist_m|route_dist_span_m|mean_speed_mps|min_speed_mps|max_speed_mps|median_offset_m|max_offset_m|on_route_ratio|off_route_ratio|mean_hr_bpm|max_hr_bpm|hr_start_bpm|hr_end_bpm|hr_delta_bpm|hr_recovery_slope_bpm_per_min|rest_duration_tier|recovery_level|hr_recovery_effect|estimated_recovery_score|recovery_interpretation|route_semantic_context|surface_context|facility_context|rest_context|support_context|hydrology_context|slope_context|terrain_risk_context|terrain_risk_score_mean|weather_mode|weather_scenario_name|weather_context|weather_event_modifier|activity_risk_context|excluded_reason_context|candidate_reason|confidence|points_n|semantic_low_speed_class|semantic_motion_class|semantic_hr_response_class|semantic_event_type_candidate,route_semantic_context_not_fork_inventory,False,"Route semantic, surface, guidepost, facility, trail, path, road, or way context exists, but it is not a governed fork/decision point inventory."
outputs\ib3c_activity_behavior_events_adaptive_speed_v1_phase3a_semantic_annotations_26batch\qixing_lengshuikeng\44_1\qixing_lengshuikeng_44_1_ib3c_behavior_events.csv,True,12,event_id|route_folder|activity_id|event_type|event_subtype|event_modifiers|start_elapsed_sec|end_elapsed_sec|duration_sec|duration_tier|start_row_index|end_row_index|start_route_dist_m|end_route_dist_m|route_dist_span_m|mean_speed_mps|min_speed_mps|max_speed_mps|median_offset_m|max_offset_m|on_route_ratio|off_route_ratio|mean_hr_bpm|max_hr_bpm|hr_start_bpm|hr_end_bpm|hr_delta_bpm|hr_recovery_slope_bpm_per_min|rest_duration_tier|recovery_level|hr_recovery_effect|estimated_recovery_score|recovery_interpretation|route_semantic_context|surface_context|facility_context|rest_context|support_context|hydrology_context|slope_context|terrain_risk_context|terrain_risk_score_mean|weather_mode|weather_scenario_name|weather_context|weather_event_modifier|activity_risk_context|excluded_reason_context|candidate_reason|confidence|points_n|semantic_low_speed_class|semantic_motion_class|semantic_hr_response_class|semantic_event_type_candidate,route_semantic_context_not_fork_inventory,False,"Route semantic, surface, guidepost, facility, trail, path, road, or way context exists, but it is not a governed fork/decision point inventory."
outputs\ib3c_activity_behavior_events_adaptive_speed_v1_phase3a_semantic_annotations_26batch\qixing_lengshuikeng\45_1\qixing_lengshuikeng_45_1_ib3c_behavior_events.csv,True,5,event_id|route_folder|activity_id|event_type|event_subtype|event_modifiers|start_elapsed_sec|end_elapsed_sec|duration_sec|duration_tier|start_row_index|end_row_index|start_route_dist_m|end_route_dist_m|route_dist_span_m|mean_speed_mps|min_speed_mps|max_speed_mps|median_offset_m|max_offset_m|on_route_ratio|off_route_ratio|mean_hr_bpm|max_hr_bpm|hr_start_bpm|hr_end_bpm|hr_delta_bpm|hr_recovery_slope_bpm_per_min|rest_duration_tier|recovery_level|hr_recovery_effect|estimated_recovery_score|recovery_interpretation|route_semantic_context|surface_context|facility_context|rest_context|support_context|hydrology_context|slope_context|terrain_risk_context|terrain_risk_score_mean|weather_mode|weather_scenario_name|weather_context|weather_event_modifier|activity_risk_context|excluded_reason_context|candidate_reason|confidence|points_n|semantic_low_speed_class|semantic_motion_class|semantic_hr_response_class|semantic_event_type_candidate,route_semantic_context_not_fork_inventory,False,"Route semantic, surface, guidepost, facility, trail, path, road, or way context exists, but it is not a governed fork/decision point inventory."
outputs\ib3c_activity_behavior_events_adaptive_speed_v1_phase3a_semantic_annotations_26batch\qixing_lengshuikeng\46_1\qixing_lengshuikeng_46_1_ib3c_behavior_events.csv,True,39,event_id|route_folder|activity_id|event_type|event_subtype|event_modifiers|start_elapsed_sec|end_elapsed_sec|duration_sec|duration_tier|start_row_index|end_row_index|start_route_dist_m|end_route_dist_m|route_dist_span_m|mean_speed_mps|min_speed_mps|max_speed_mps|median_offset_m|max_offset_m|on_route_ratio|off_route_ratio|mean_hr_bpm|max_hr_bpm|hr_start_bpm|hr_end_bpm|hr_delta_bpm|hr_recovery_slope_bpm_per_min|rest_duration_tier|recovery_level|hr_recovery_effect|estimated_recovery_score|recovery_interpretation|route_semantic_context|surface_context|facility_context|rest_context|support_context|hydrology_context|slope_context|terrain_risk_context|terrain_risk_score_mean|weather_mode|weather_scenario_name|weather_context|weather_event_modifier|activity_risk_context|excluded_reason_context|candidate_reason|confidence|points_n|semantic_low_speed_class|semantic_motion_class|semantic_hr_response_class|semantic_event_type_candidate,route_semantic_context_not_fork_inventory,False,"Route semantic, surface, guidepost, facility, trail, path, road, or way context exists, but it is not a governed fork/decision point inventory."
outputs\ib3c_activity_behavior_events_adaptive_speed_v1_phase3a_semantic_annotations_26batch\qixing_lengshuikeng\48_1\qixing_lengshuikeng_48_1_ib3c_behavior_events.csv,True,42,event_id|route_folder|activity_id|event_type|event_subtype|event_modifiers|start_elapsed_sec|end_elapsed_sec|duration_sec|duration_tier|start_row_index|end_row_index|start_route_dist_m|end_route_dist_m|route_dist_span_m|mean_speed_mps|min_speed_mps|max_speed_mps|median_offset_m|max_offset_m|on_route_ratio|off_route_ratio|mean_hr_bpm|max_hr_bpm|hr_start_bpm|hr_end_bpm|hr_delta_bpm|hr_recovery_slope_bpm_per_min|rest_duration_tier|recovery_level|hr_recovery_effect|estimated_recovery_score|recovery_interpretation|route_semantic_context|surface_context|facility_context|rest_context|support_context|hydrology_context|slope_context|terrain_risk_context|terrain_risk_score_mean|weather_mode|weather_scenario_name|weather_context|weather_event_modifier|activity_risk_context|excluded_reason_context|candidate_reason|confidence|points_n|semantic_low_speed_class|semantic_motion_class|semantic_hr_response_class|semantic_event_type_candidate,route_semantic_context_not_fork_inventory,False,"Route semantic, surface, guidepost, facility, trail, path, road, or way context exists, but it is not a governed fork/decision point inventory."
outputs\ib3c_activity_behavior_events_adaptive_speed_v1_phase3a_semantic_annotations_26batch\qixing_lengshuikeng\6_1\qixing_lengshuikeng_6_1_ib3c_behavior_events.csv,True,2,event_id|route_folder|activity_id|event_type|event_subtype|event_modifiers|start_elapsed_sec|end_elapsed_sec|duration_sec|duration_tier|start_row_index|end_row_index|start_route_dist_m|end_route_dist_m|route_dist_span_m|mean_speed_mps|min_speed_mps|max_speed_mps|median_offset_m|max_offset_m|on_route_ratio|off_route_ratio|mean_hr_bpm|max_hr_bpm|hr_start_bpm|hr_end_bpm|hr_delta_bpm|hr_recovery_slope_bpm_per_min|rest_duration_tier|recovery_level|hr_recovery_effect|estimated_recovery_score|recovery_interpretation|route_semantic_context|surface_context|facility_context|rest_context|support_context|hydrology_context|slope_context|terrain_risk_context|terrain_risk_score_mean|weather_mode|weather_scenario_name|weather_context|weather_event_modifier|activity_risk_context|excluded_reason_context|candidate_reason|confidence|points_n|semantic_low_speed_class|semantic_motion_class|semantic_hr_response_class|semantic_event_type_candidate,route_semantic_context_not_fork_inventory,False,"Route semantic, surface, guidepost, facility, trail, path, road, or way context exists, but it is not a governed fork/decision point inventory."
outputs\ib3c_activity_behavior_events_adaptive_speed_v1_phase3a_semantic_annotations_26batch\qixing_lengshuikeng\8_1\qixing_lengshuikeng_8_1_ib3c_behavior_events.csv,True,16,event_id|route_folder|activity_id|event_type|event_subtype|event_modifiers|start_elapsed_sec|end_elapsed_sec|duration_sec|duration_tier|start_row_index|end_row_index|start_route_dist_m|end_route_dist_m|route_dist_span_m|mean_speed_mps|min_speed_mps|max_speed_mps|median_offset_m|max_offset_m|on_route_ratio|off_route_ratio|mean_hr_bpm|max_hr_bpm|hr_start_bpm|hr_end_bpm|hr_delta_bpm|hr_recovery_slope_bpm_per_min|rest_duration_tier|recovery_level|hr_recovery_effect|estimated_recovery_score|recovery_interpretation|route_semantic_context|surface_context|facility_context|rest_context|support_context|hydrology_context|slope_context|terrain_risk_context|terrain_risk_score_mean|weather_mode|weather_scenario_name|weather_context|weather_event_modifier|activity_risk_context|excluded_reason_context|candidate_reason|confidence|points_n|semantic_low_speed_class|semantic_motion_class|semantic_hr_response_class|semantic_event_type_candidate,route_semantic_context_not_fork_inventory,False,"Route semantic, surface, guidepost, facility, trail, path, road, or way context exists, but it is not a governed fork/decision point inventory."
outputs\ib3c_activity_behavior_events_adaptive_speed_v1_phase3a_semantic_annotations_26batch\qixing_lengshuikeng\9_1\qixing_lengshuikeng_9_1_ib3c_behavior_events.csv,True,13,event_id|route_folder|activity_id|event_type|event_subtype|event_modifiers|start_elapsed_sec|end_elapsed_sec|duration_sec|duration_tier|start_row_index|end_row_index|start_route_dist_m|end_route_dist_m|route_dist_span_m|mean_speed_mps|min_speed_mps|max_speed_mps|median_offset_m|max_offset_m|on_route_ratio|off_route_ratio|mean_hr_bpm|max_hr_bpm|hr_start_bpm|hr_end_bpm|hr_delta_bpm|hr_recovery_slope_bpm_per_min|rest_duration_tier|recovery_level|hr_recovery_effect|estimated_recovery_score|recovery_interpretation|route_semantic_context|surface_context|facility_context|rest_context|support_context|hydrology_context|slope_context|terrain_risk_context|terrain_risk_score_mean|weather_mode|weather_scenario_name|weather_context|weather_event_modifier|activity_risk_context|excluded_reason_context|candidate_reason|confidence|points_n|semantic_low_speed_class|semantic_motion_class|semantic_hr_response_class|semantic_event_type_candidate,route_semantic_context_not_fork_inventory,False,"Route semantic, surface, guidepost, facility, trail, path, road, or way context exists, but it is not a governed fork/decision point inventory."
outputs\ib3c_activity_behavior_events_adaptive_speed_v1_phase3a_semantic_annotations_26batch\qixing_lengshuikeng_phase3a_semantic_summary.csv,True,26,activity_id|status|effective_threshold|low_speed_points|events_total|original_event_counts|semantic_candidate_counts|terminal_artifact_count|nonterminal_event_count|semantic_high_hr_recovery_stop_candidate_count|semantic_recovery_candidate_count|semantic_short_pause_candidate_count|semantic_slow_movement_candidate_count|semantic_facility_rest_count|semantic_off_route_rest_count,route_semantic_context_not_fork_inventory,False,"Route semantic, surface, guidepost, facility, trail, path, road, or way context exists, but it is not a governed fork/decision point inventory."
outputs\ib3c_activity_behavior_events_adaptive_speed_v1_phase3a_semantic_annotations_keycases\qixing_lengshuikeng\23_1\qixing_lengshuikeng_23_1_ib3c_behavior_events.csv,True,1,event_id|route_folder|activity_id|event_type|event_subtype|event_modifiers|start_elapsed_sec|end_elapsed_sec|duration_sec|duration_tier|start_row_index|end_row_index|start_route_dist_m|end_route_dist_m|route_dist_span_m|mean_speed_mps|min_speed_mps|max_speed_mps|median_offset_m|max_offset_m|on_route_ratio|off_route_ratio|mean_hr_bpm|max_hr_bpm|hr_start_bpm|hr_end_bpm|hr_delta_bpm|hr_recovery_slope_bpm_per_min|rest_duration_tier|recovery_level|hr_recovery_effect|estimated_recovery_score|recovery_interpretation|route_semantic_context|surface_context|facility_context|rest_context|support_context|hydrology_context|slope_context|terrain_risk_context|terrain_risk_score_mean|weather_mode|weather_scenario_name|weather_context|weather_event_modifier|activity_risk_context|excluded_reason_context|candidate_reason|confidence|points_n|semantic_low_speed_class|semantic_motion_class|semantic_hr_response_class|semantic_event_type_candidate,route_semantic_context_not_fork_inventory,False,"Route semantic, surface, guidepost, facility, trail, path, road, or way context exists, but it is not a governed fork/decision point inventory."
outputs\ib3c_activity_behavior_events_adaptive_speed_v1_phase3a_semantic_annotations_keycases\qixing_lengshuikeng\37_1\qixing_lengshuikeng_37_1_ib3c_behavior_events.csv,True,27,event_id|route_folder|activity_id|event_type|event_subtype|event_modifiers|start_elapsed_sec|end_elapsed_sec|duration_sec|duration_tier|start_row_index|end_row_index|start_route_dist_m|end_route_dist_m|route_dist_span_m|mean_speed_mps|min_speed_mps|max_speed_mps|median_offset_m|max_offset_m|on_route_ratio|off_route_ratio|mean_hr_bpm|max_hr_bpm|hr_start_bpm|hr_end_bpm|hr_delta_bpm|hr_recovery_slope_bpm_per_min|rest_duration_tier|recovery_level|hr_recovery_effect|estimated_recovery_score|recovery_interpretation|route_semantic_context|surface_context|facility_context|rest_context|support_context|hydrology_context|slope_context|terrain_risk_context|terrain_risk_score_mean|weather_mode|weather_scenario_name|weather_context|weather_event_modifier|activity_risk_context|excluded_reason_context|candidate_reason|confidence|points_n|semantic_low_speed_class|semantic_motion_class|semantic_hr_response_class|semantic_event_type_candidate,route_semantic_context_not_fork_inventory,False,"Route semantic, surface, guidepost, facility, trail, path, road, or way context exists, but it is not a governed fork/decision point inventory."
outputs\ib3c_activity_behavior_events_adaptive_speed_v1_phase3a_semantic_annotations_keycases\qixing_lengshuikeng\38_1\qixing_lengshuikeng_38_1_ib3c_behavior_events.csv,True,1,event_id|route_folder|activity_id|event_type|event_subtype|event_modifiers|start_elapsed_sec|end_elapsed_sec|duration_sec|duration_tier|start_row_index|end_row_index|start_route_dist_m|end_route_dist_m|route_dist_span_m|mean_speed_mps|min_speed_mps|max_speed_mps|median_offset_m|max_offset_m|on_route_ratio|off_route_ratio|mean_hr_bpm|max_hr_bpm|hr_start_bpm|hr_end_bpm|hr_delta_bpm|hr_recovery_slope_bpm_per_min|rest_duration_tier|recovery_level|hr_recovery_effect|estimated_recovery_score|recovery_interpretation|route_semantic_context|surface_context|facility_context|rest_context|support_context|hydrology_context|slope_context|terrain_risk_context|terrain_risk_score_mean|weather_mode|weather_scenario_name|weather_context|weather_event_modifier|activity_risk_context|excluded_reason_context|candidate_reason|confidence|points_n|semantic_low_speed_class|semantic_motion_class|semantic_hr_response_class|semantic_event_type_candidate,route_semantic_context_not_fork_inventory,False,"Route semantic, surface, guidepost, facility, trail, path, road, or way context exists, but it is not a governed fork/decision point inventory."
outputs\ib3c_activity_behavior_events_adaptive_speed_v1_phase3a_semantic_annotations_keycases\qixing_lengshuikeng\43_1\qixing_lengshuikeng_43_1_ib3c_behavior_events.csv,True,44,event_id|route_folder|activity_id|event_type|event_subtype|event_modifiers|start_elapsed_sec|end_elapsed_sec|duration_sec|duration_tier|start_row_index|end_row_index|start_route_dist_m|end_route_dist_m|route_dist_span_m|mean_speed_mps|min_speed_mps|max_speed_mps|median_offset_m|max_offset_m|on_route_ratio|off_route_ratio|mean_hr_bpm|max_hr_bpm|hr_start_bpm|hr_end_bpm|hr_delta_bpm|hr_recovery_slope_bpm_per_min|rest_duration_tier|recovery_level|hr_recovery_effect|estimated_recovery_score|recovery_interpretation|route_semantic_context|surface_context|facility_context|rest_context|support_context|hydrology_context|slope_context|terrain_risk_context|terrain_risk_score_mean|weather_mode|weather_scenario_name|weather_context|weather_event_modifier|activity_risk_context|excluded_reason_context|candidate_reason|confidence|points_n|semantic_low_speed_class|semantic_motion_class|semantic_hr_response_class|semantic_event_type_candidate,route_semantic_context_not_fork_inventory,False,"Route semantic, surface, guidepost, facility, trail, path, road, or way context exists, but it is not a governed fork/decision point inventory."
outputs\ib3c_activity_behavior_events_adaptive_speed_v1_phase3a_semantic_annotations_keycases\qixing_lengshuikeng\48_1\qixing_lengshuikeng_48_1_ib3c_behavior_events.csv,True,42,event_id|route_folder|activity_id|event_type|event_subtype|event_modifiers|start_elapsed_sec|end_elapsed_sec|duration_sec|duration_tier|start_row_index|end_row_index|start_route_dist_m|end_route_dist_m|route_dist_span_m|mean_speed_mps|min_speed_mps|max_speed_mps|median_offset_m|max_offset_m|on_route_ratio|off_route_ratio|mean_hr_bpm|max_hr_bpm|hr_start_bpm|hr_end_bpm|hr_delta_bpm|hr_recovery_slope_bpm_per_min|rest_duration_tier|recovery_level|hr_recovery_effect|estimated_recovery_score|recovery_interpretation|route_semantic_context|surface_context|facility_context|rest_context|support_context|hydrology_context|slope_context|terrain_risk_context|terrain_risk_score_mean|weather_mode|weather_scenario_name|weather_context|weather_event_modifier|activity_risk_context|excluded_reason_context|candidate_reason|confidence|points_n|semantic_low_speed_class|semantic_motion_class|semantic_hr_response_class|semantic_event_type_candidate,route_semantic_context_not_fork_inventory,False,"Route semantic, surface, guidepost, facility, trail, path, road, or way context exists, but it is not a governed fork/decision point inventory."
outputs\ib3c_activity_behavior_events_adaptive_speed_v1_phase3a_semantic_annotations_smoketest\qixing_lengshuikeng\37_1\qixing_lengshuikeng_37_1_ib3c_behavior_events.csv,True,27,event_id|route_folder|activity_id|event_type|event_subtype|event_modifiers|start_elapsed_sec|end_elapsed_sec|duration_sec|duration_tier|start_row_index|end_row_index|start_route_dist_m|end_route_dist_m|route_dist_span_m|mean_speed_mps|min_speed_mps|max_speed_mps|median_offset_m|max_offset_m|on_route_ratio|off_route_ratio|mean_hr_bpm|max_hr_bpm|hr_start_bpm|hr_end_bpm|hr_delta_bpm|hr_recovery_slope_bpm_per_min|rest_duration_tier|recovery_level|hr_recovery_effect|estimated_recovery_score|recovery_interpretation|route_semantic_context|surface_context|facility_context|rest_context|support_context|hydrology_context|slope_context|terrain_risk_context|terrain_risk_score_mean|weather_mode|weather_scenario_name|weather_context|weather_event_modifier|activity_risk_context|excluded_reason_context|candidate_reason|confidence|points_n|semantic_low_speed_class|semantic_motion_class|semantic_hr_response_class|semantic_event_type_candidate,route_semantic_context_not_fork_inventory,False,"Route semantic, surface, guidepost, facility, trail, path, road, or way context exists, but it is not a governed fork/decision point inventory."
outputs\prototype_A_terrain_dominant\juansi_waterfall_fitcsv_20260503\juansi_waterfall_fitcsv_20260503_combined_waypoint_name_review.csv,True,29,waypoint_id|projected_dist_m|target_dist_m|waypoint_type|name|reason|source_layers|nearest_route_offset_m|projected_slope_band|projected_hydrology_flags,route_semantic_context_not_fork_inventory,False,"Route semantic, surface, guidepost, facility, trail, path, road, or way context exists, but it is not a governed fork/decision point inventory."
outputs\prototype_A_terrain_dominant\juansi_waterfall_fitcsv_20260503\juansi_waterfall_fitcsv_20260503_prototype_A_candidate_waypoints_by_distance.csv,True,12,case_id|case_name|model_version|waypoint_id|name|target_dist_m|waypoint_type|primary_role|secondary_roles|candidate_source|source_zone_id|source_zone_risk_group|source_zone_start_m|source_zone_end_m|source_zone_length_m|source_zone_mean_risk|source_zone_max_risk|dominant_slope_band|hydrology_present_ratio|zone_main_reason|recommendation_reason|priority|related_zone_ids|generated_order,route_semantic_context_not_fork_inventory,False,"Route semantic, surface, guidepost, facility, trail, path, road, or way context exists, but it is not a governed fork/decision point inventory."
outputs\prototype_A_terrain_dominant\juansi_waterfall_fitcsv_20260503\juansi_waterfall_fitcsv_20260503_prototype_A_candidate_waypoints_combined_by_distance.csv,True,20,case_id|model_version|combined_waypoint_id|primary_waypoint_id|primary_source_kind|target_dist_m|waypoint_type|risk_waypoint_type|scenic_waypoint_type|name|reason|source_layers|nearest_route_offset_m|contains_risk_waypoint|contains_scenic_waypoint|merged_source_count|source_waypoint_ids|lat|lon|source_records_json,route_semantic_context_not_fork_inventory,False,"Route semantic, surface, guidepost, facility, trail, path, road, or way context exists, but it is not a governed fork/decision point inventory."
outputs\prototype_A_terrain_dominant\juansi_waterfall_fitcsv_20260503\juansi_waterfall_fitcsv_20260503_prototype_A_candidate_waypoints_combined_projected.csv,True,20,case_id|model_version|combined_waypoint_id|primary_waypoint_id|primary_source_kind|target_dist_m|waypoint_type|risk_waypoint_type|scenic_waypoint_type|name|reason|source_layers|nearest_route_offset_m|contains_risk_waypoint|contains_scenic_waypoint|merged_source_count|source_waypoint_ids|lat|lon|source_records_json|waypoint_id|generated_order|primary_role|secondary_roles|recommendation_reason|projected_dist_m|target_to_projected_dist_error_m|projection_match_ok|projected_osm_semantic_risk_score|projected_terrain_window_risk_score|projected_hydro_terrain_amplifier_score|projected_combined_risk_score|projected_combined_risk_band|projected_slope_band|projected_elev_range|projected_hydrology_flags|projected_osm_surface|projected_osm_highway|projected_conditional_factor_flags|projected_zone_id|projected_zone_risk_group|projected_zone_start_m|projected_zone_end_m|projected_zone_mean_combined_risk|projected_zone_max_combined_risk|projected_zone_dominant_slope_band|projected_hydrology_present_ratio|projected_zone_main_reason|projected_zone_warning_text|projected_note,route_semantic_context_not_fork_inventory,False,"Route semantic, surface, guidepost, facility, trail, path, road, or way context exists, but it is not a governed fork/decision point inventory."
outputs\prototype_A_terrain_dominant\juansi_waterfall_fitcsv_20260503\juansi_waterfall_fitcsv_20260503_prototype_A_candidate_waypoints_combined_projected.geojson,True,20,case_id|combined_waypoint_id|contains_risk_waypoint|contains_scenic_waypoint|generated_order|lat|lon|merged_source_count|model_version|name|nearest_route_offset_m|primary_role|primary_source_kind|primary_waypoint_id|projected_combined_risk_band|projected_combined_risk_score|projected_conditional_factor_flags|projected_dist_m|projected_elev_range|projected_hydro_terrain_amplifier_score|projected_hydrology_flags|projected_hydrology_present_ratio|projected_note|projected_osm_highway|projected_osm_semantic_risk_score|projected_osm_surface|projected_slope_band|projected_terrain_window_risk_score|projected_zone_dominant_slope_band|projected_zone_end_m|projected_zone_id|projected_zone_main_reason|projected_zone_max_combined_risk|projected_zone_mean_combined_risk|projected_zone_risk_group|projected_zone_start_m|projected_zone_warning_text|projection_match_ok|reason|recommendation_reason|risk_waypoint_type|scenic_waypoint_type|secondary_roles|source_layers|source_records_json|source_waypoint_ids|target_dist_m|target_to_projected_dist_error_m|waypoint_id|waypoint_type,route_semantic_context_not_fork_inventory,False,"Route semantic, surface, guidepost, facility, trail, path, road, or way context exists, but it is not a governed fork/decision point inventory."
outputs\prototype_A_terrain_dominant\juansi_waterfall_fitcsv_20260503\juansi_waterfall_fitcsv_20260503_prototype_A_candidate_waypoints_projected.csv,True,12,case_id|case_name|model_version|waypoint_id|name|target_dist_m|waypoint_type|primary_role|secondary_roles|candidate_source|source_zone_id|source_zone_risk_group|source_zone_start_m|source_zone_end_m|source_zone_length_m|source_zone_mean_risk|source_zone_max_risk|dominant_slope_band|hydrology_present_ratio|zone_main_reason|recommendation_reason|priority|related_zone_ids|generated_order|projected_dist_m|target_to_projected_dist_error_m|projection_match_ok|lat|lon|projected_osm_semantic_risk_score|projected_terrain_window_risk_score|projected_hydro_terrain_amplifier_score|projected_combined_risk_score|projected_combined_risk_band|projected_slope_band|projected_elev_range|projected_hydrology_flags|projected_osm_surface|projected_osm_highway|projected_conditional_factor_flags|projected_zone_id|projected_zone_risk_group|projected_zone_start_m|projected_zone_end_m|projected_zone_mean_combined_risk|projected_zone_max_combined_risk|projected_zone_dominant_slope_band|projected_hydrology_present_ratio|projected_zone_main_reason|projected_zone_warning_text|projected_note,route_semantic_context_not_fork_inventory,False,"Route semantic, surface, guidepost, facility, trail, path, road, or way context exists, but it is not a governed fork/decision point inventory."
outputs\prototype_A_terrain_dominant\juansi_waterfall_fitcsv_20260503\juansi_waterfall_fitcsv_20260503_prototype_A_candidate_waypoints_projected.geojson,True,12,candidate_source|case_id|case_name|dominant_slope_band|generated_order|hydrology_present_ratio|lat|lon|model_version|name|primary_role|priority|projected_combined_risk_band|projected_combined_risk_score|projected_conditional_factor_flags|projected_dist_m|projected_elev_range|projected_hydro_terrain_amplifier_score|projected_hydrology_flags|projected_hydrology_present_ratio|projected_note|projected_osm_highway|projected_osm_semantic_risk_score|projected_osm_surface|projected_slope_band|projected_terrain_window_risk_score|projected_zone_dominant_slope_band|projected_zone_end_m|projected_zone_id|projected_zone_main_reason|projected_zone_max_combined_risk|projected_zone_mean_combined_risk|projected_zone_risk_group|projected_zone_start_m|projected_zone_warning_text|projection_match_ok|recommendation_reason|related_zone_ids|secondary_roles|source_zone_end_m|source_zone_id|source_zone_length_m|source_zone_max_risk|source_zone_mean_risk|source_zone_risk_group|source_zone_start_m|target_dist_m|target_to_projected_dist_error_m|waypoint_id|waypoint_type|zone_main_reason,route_semantic_context_not_fork_inventory,False,"Route semantic, surface, guidepost, facility, trail, path, road, or way context exists, but it is not a governed fork/decision point inventory."
outputs\prototype_A_terrain_dominant\juansi_waterfall_fitcsv_20260503\juansi_waterfall_fitcsv_20260503_prototype_A_scenic_candidate_waypoints.geojson,True,14,candidate_source|case_id|case_name|dominant_slope_band|generated_order|hydrology_present_ratio|model_version|name|nearest_route_offset_m|primary_role|priority|recommendation_reason|related_zone_ids|route_lat|route_lon|secondary_roles|source_confidence|source_geometry_type|source_lat|source_layer|source_lon|source_name|source_osm_id|source_osm_type|source_tags|source_zone_end_m|source_zone_id|source_zone_length_m|source_zone_max_risk|source_zone_mean_risk|source_zone_risk_group|source_zone_start_m|target_dist_m|waypoint_id|waypoint_type|zone_main_reason,route_semantic_context_not_fork_inventory,False,"Route semantic, surface, guidepost, facility, trail, path, road, or way context exists, but it is not a governed fork/decision point inventory."
outputs\prototype_A_terrain_dominant\juansi_waterfall_fitcsv_20260503\juansi_waterfall_fitcsv_20260503_prototype_A_scenic_candidate_waypoints_by_distance.csv,True,14,generated_order|waypoint_id|case_id|case_name|model_version|name|target_dist_m|waypoint_type|primary_role|secondary_roles|candidate_source|source_layer|source_confidence|nearest_route_offset_m|recommendation_reason|priority|source_osm_type|source_osm_id|source_name|source_geometry_type|source_tags|source_zone_id|source_zone_risk_group|source_zone_start_m|source_zone_end_m|source_zone_length_m|source_zone_mean_risk|source_zone_max_risk|dominant_slope_band|hydrology_present_ratio|zone_main_reason|related_zone_ids|source_lat|source_lon|route_lat|route_lon,route_semantic_context_not_fork_inventory,False,"Route semantic, surface, guidepost, facility, trail, path, road, or way context exists, but it is not a governed fork/decision point inventory."
outputs\report_figures\ch6_5_route_load_behavior_surface_profile_v1\ch6_5_route_load_behavior_figure_audit_v1.csv,True,1,route_input_csv|behavior_input_csv|route_1m_row_count|route_distance_max_m|surface_unknown_other_count|slope_missing_count|behavior_input_row_count|behavior_activity_count|behavior_bin_m|behavior_summary_row_count|route_phase_unknown_row_count|event_marker_count|weather_zero_fill_performed_count|legacy_gain_field_used_count|score_rank_class_generated_count|prohibited_generated_columns|audit_conclusion,route_semantic_context_not_fork_inventory,False,"Route semantic, surface, guidepost, facility, trail, path, road, or way context exists, but it is not a governed fork/decision point inventory."
outputs\report_figures\ch6_5_route_load_behavior_surface_profile_v1\ch6_5_route_surface_slope_1m_v1.csv,True,4188,route_distance_m|dist_m|lat|lon|osm_highway|osm_surface|surface_class|route_semantic_class|osm_is_steps|slope_pct|slope_window_nlsc|terrain_score|effort_score|exposure_score|near_shelter|dist_shelter_m|near_guidepost|dist_guidepost_m|near_peak|dist_peak_m|near_trailhead|dist_trailhead_m|near_waterway|dist_waterway_m|near_bench|dist_bench_m|near_picnic_table|dist_picnic_table_m|source_route_distance_m|surface_type|surface_label|slope_pct_raw|slope_pct_plot|slope_method|surface_method,route_semantic_context_not_fork_inventory,False,"Route semantic, surface, guidepost, facility, trail, path, road, or way context exists, but it is not a governed fork/decision point inventory."
outputs\report_figures\ch6_report_figures_v1_4\ch6_5_route_surface_event_behavior_profile_v1_4.csv,True,4188,route_distance_m|dist_m|lat|lon|osm_highway|osm_surface|surface_class|route_semantic_class|osm_is_steps|slope_pct|slope_window_nlsc|near_shelter|dist_shelter_m|near_guidepost|dist_guidepost_m|near_peak|dist_peak_m|near_trailhead|dist_trailhead_m|near_waterway|dist_waterway_m|near_bench|dist_bench_m|near_picnic_table|dist_picnic_table_m|source_route_distance_m|surface_type|surface_label|slope_pct_raw|slope_pct_plot|slope_method|surface_method|behavior_window_start_m|behavior_window_end_m|activity_count|source_window_row_count|point_count|route_phase|route_load_evidence_rule_label|speed_mps_median|speed_mps_p25|speed_mps_p75|low_speed_point_ratio_mean|low_speed_point_ratio_median|stopped_point_ratio_mean|stopped_point_ratio_median|stopped_point_ratio_p90|heart_rate_bpm_median|heart_rate_bpm_p25|heart_rate_bpm_p75|ib2_terrain_evidence_median|ib2_effort_evidence_median|ib2_exposure_evidence_median|weather_context_available_count|weather_context_coverage_ratio|behavior_grain_note|event_types_at_marker_m|event_labels_at_marker_m|profile_interpretation_boundary,route_semantic_context_not_fork_inventory,False,"Route semantic, surface, guidepost, facility, trail, path, road, or way context exists, but it is not a governed fork/decision point inventory."
outputs\report_figures\ch6_single_activity_mainline_profile_v2_3\15_1\activity_15_1_mainline_50m_summary_v2_3.csv,True,84,route_window_start_m|standard_slope_pct_median|standard_surface_class|standard_near_shelter|standard_near_guidepost|standard_near_waterway|route_window_end_m|point_count|elapsed_start_sec|elapsed_end_sec|heart_rate_bpm_median|heart_rate_bpm_p25|heart_rate_bpm_p75|speed_mps_median|speed_mps_p25|speed_mps_p75|slow_moving_ratio|stopped_ratio|review_ratio|excluded_point_count|activity_behavior_interpretation_boundary,route_semantic_context_not_fork_inventory,False,"Route semantic, surface, guidepost, facility, trail, path, road, or way context exists, but it is not a governed fork/decision point inventory."
outputs\report_figures\ch6_single_activity_mainline_profile_v2_3\15_1\activity_15_1_time_axis_qa_v2_3.csv,True,1,activity_id|input_row_count|mainline_row_count|connector_row_count|off_target_row_count|off_target_elapsed_start_sec|off_target_start_fraction|artifact_row_count|gps_drift_row_count|upstream_v1l2_large_jump_ge500_count|v2_3_large_jump_ge500_count|upstream_v1l2_shelter_axis_flip_count|v2_3_shelter_axis_flip_count|v2_3_joined_mainline_count|v2_3_far_mainline_count|shelter_route_occurrence_count|shelter_physical_reference_cluster_count|projection_conclusion,route_semantic_context_not_fork_inventory,False,"Route semantic, surface, guidepost, facility, trail, path, road, or way context exists, but it is not a governed fork/decision point inventory."
outputs\report_figures\ch6_single_activity_mainline_profile_v2_3\33_1\activity_33_1_mainline_50m_summary_v2_3.csv,True,84,route_window_start_m|standard_slope_pct_median|standard_surface_class|standard_near_shelter|standard_near_guidepost|standard_near_waterway|route_window_end_m|point_count|elapsed_start_sec|elapsed_end_sec|heart_rate_bpm_median|heart_rate_bpm_p25|heart_rate_bpm_p75|speed_mps_median|speed_mps_p25|speed_mps_p75|slow_moving_ratio|stopped_ratio|review_ratio|excluded_point_count|activity_behavior_interpretation_boundary,route_semantic_context_not_fork_inventory,False,"Route semantic, surface, guidepost, facility, trail, path, road, or way context exists, but it is not a governed fork/decision point inventory."
outputs\report_figures\ch6_single_activity_mainline_profile_v2_3\33_1\activity_33_1_time_axis_qa_v2_3.csv,True,1,activity_id|input_row_count|mainline_row_count|connector_row_count|off_target_row_count|off_target_elapsed_start_sec|off_target_start_fraction|artifact_row_count|gps_drift_row_count|upstream_v1l2_large_jump_ge500_count|v2_3_large_jump_ge500_count|upstream_v1l2_shelter_axis_flip_count|v2_3_shelter_axis_flip_count|v2_3_joined_mainline_count|v2_3_far_mainline_count|shelter_route_occurrence_count|shelter_physical_reference_cluster_count|projection_conclusion,route_semantic_context_not_fork_inventory,False,"Route semantic, surface, guidepost, facility, trail, path, road, or way context exists, but it is not a governed fork/decision point inventory."
outputs\report_figures\ch6_single_activity_mainline_profile_v2_3\37_1\activity_37_1_mainline_50m_summary_v2_3.csv,True,84,route_window_start_m|standard_slope_pct_median|standard_surface_class|standard_near_shelter|standard_near_guidepost|standard_near_waterway|route_window_end_m|point_count|elapsed_start_sec|elapsed_end_sec|heart_rate_bpm_median|heart_rate_bpm_p25|heart_rate_bpm_p75|speed_mps_median|speed_mps_p25|speed_mps_p75|slow_moving_ratio|stopped_ratio|review_ratio|excluded_point_count|activity_behavior_interpretation_boundary,route_semantic_context_not_fork_inventory,False,"Route semantic, surface, guidepost, facility, trail, path, road, or way context exists, but it is not a governed fork/decision point inventory."
outputs\report_figures\ch6_single_activity_mainline_profile_v2_3\37_1\activity_37_1_time_axis_qa_v2_3.csv,True,1,activity_id|input_row_count|mainline_row_count|connector_row_count|off_target_row_count|off_target_elapsed_start_sec|off_target_start_fraction|artifact_row_count|gps_drift_row_count|upstream_v1l2_large_jump_ge500_count|v2_3_large_jump_ge500_count|upstream_v1l2_shelter_axis_flip_count|v2_3_shelter_axis_flip_count|v2_3_joined_mainline_count|v2_3_far_mainline_count|shelter_route_occurrence_count|shelter_physical_reference_cluster_count|projection_conclusion,route_semantic_context_not_fork_inventory,False,"Route semantic, surface, guidepost, facility, trail, path, road, or way context exists, but it is not a governed fork/decision point inventory."
outputs\report_figures\ch6_single_activity_mainline_profile_v2_3\48_1\activity_48_1_mainline_50m_summary_v2_3.csv,True,84,route_window_start_m|standard_slope_pct_median|standard_surface_class|standard_near_shelter|standard_near_guidepost|standard_near_waterway|route_window_end_m|point_count|elapsed_start_sec|elapsed_end_sec|heart_rate_bpm_median|heart_rate_bpm_p25|heart_rate_bpm_p75|speed_mps_median|speed_mps_p25|speed_mps_p75|slow_moving_ratio|stopped_ratio|review_ratio|excluded_point_count|activity_behavior_interpretation_boundary,route_semantic_context_not_fork_inventory,False,"Route semantic, surface, guidepost, facility, trail, path, road, or way context exists, but it is not a governed fork/decision point inventory."
outputs\report_figures\ch6_single_activity_mainline_profile_v2_3\48_1\activity_48_1_time_axis_qa_v2_3.csv,True,1,activity_id|input_row_count|mainline_row_count|connector_row_count|off_target_row_count|off_target_elapsed_start_sec|off_target_start_fraction|artifact_row_count|gps_drift_row_count|upstream_v1l2_large_jump_ge500_count|v2_3_large_jump_ge500_count|upstream_v1l2_shelter_axis_flip_count|v2_3_shelter_axis_flip_count|v2_3_joined_mainline_count|v2_3_far_mainline_count|shelter_route_occurrence_count|shelter_physical_reference_cluster_count|projection_conclusion,route_semantic_context_not_fork_inventory,False,"Route semantic, surface, guidepost, facility, trail, path, road, or way context exists, but it is not a governed fork/decision point inventory."
outputs\report_figures\ch6_single_activity_mainline_profile_v2_3\6_1\activity_6_1_mainline_50m_summary_v2_3.csv,True,84,route_window_start_m|standard_slope_pct_median|standard_surface_class|standard_near_shelter|standard_near_guidepost|standard_near_waterway|route_window_end_m|point_count|elapsed_start_sec|elapsed_end_sec|heart_rate_bpm_median|heart_rate_bpm_p25|heart_rate_bpm_p75|speed_mps_median|speed_mps_p25|speed_mps_p75|slow_moving_ratio|stopped_ratio|review_ratio|excluded_point_count|activity_behavior_interpretation_boundary,route_semantic_context_not_fork_inventory,False,"Route semantic, surface, guidepost, facility, trail, path, road, or way context exists, but it is not a governed fork/decision point inventory."
outputs\report_figures\ch6_single_activity_mainline_profile_v2_3\6_1\activity_6_1_time_axis_qa_v2_3.csv,True,1,activity_id|input_row_count|mainline_row_count|connector_row_count|off_target_row_count|off_target_elapsed_start_sec|off_target_start_fraction|artifact_row_count|gps_drift_row_count|upstream_v1l2_large_jump_ge500_count|v2_3_large_jump_ge500_count|upstream_v1l2_shelter_axis_flip_count|v2_3_shelter_axis_flip_count|v2_3_joined_mainline_count|v2_3_far_mainline_count|shelter_route_occurrence_count|shelter_physical_reference_cluster_count|projection_conclusion,route_semantic_context_not_fork_inventory,False,"Route semantic, surface, guidepost, facility, trail, path, road, or way context exists, but it is not a governed fork/decision point inventory."
outputs\report_figures\ch6_single_activity_mainline_profile_v2_3\8_1\activity_8_1_mainline_50m_summary_v2_3.csv,True,84,route_window_start_m|standard_slope_pct_median|standard_surface_class|standard_near_shelter|standard_near_guidepost|standard_near_waterway|route_window_end_m|point_count|elapsed_start_sec|elapsed_end_sec|heart_rate_bpm_median|heart_rate_bpm_p25|heart_rate_bpm_p75|speed_mps_median|speed_mps_p25|speed_mps_p75|slow_moving_ratio|stopped_ratio|review_ratio|excluded_point_count|activity_behavior_interpretation_boundary,route_semantic_context_not_fork_inventory,False,"Route semantic, surface, guidepost, facility, trail, path, road, or way context exists, but it is not a governed fork/decision point inventory."
outputs\report_figures\ch6_single_activity_mainline_profile_v2_3\8_1\activity_8_1_time_axis_qa_v2_3.csv,True,1,activity_id|input_row_count|mainline_row_count|connector_row_count|off_target_row_count|off_target_elapsed_start_sec|off_target_start_fraction|artifact_row_count|gps_drift_row_count|upstream_v1l2_large_jump_ge500_count|v2_3_large_jump_ge500_count|upstream_v1l2_shelter_axis_flip_count|v2_3_shelter_axis_flip_count|v2_3_joined_mainline_count|v2_3_far_mainline_count|shelter_route_occurrence_count|shelter_physical_reference_cluster_count|projection_conclusion,route_semantic_context_not_fork_inventory,False,"Route semantic, surface, guidepost, facility, trail, path, road, or way context exists, but it is not a governed fork/decision point inventory."
outputs\report_figures\ch6_single_activity_mainline_profile_v2_3\ch6_5_mainline_profile_v2_3_master_summary.csv,True,1,activity_id|input_row_count|mainline_row_count|connector_row_count|off_target_row_count|off_target_elapsed_start_sec|off_target_start_fraction|artifact_row_count|gps_drift_row_count|upstream_v1l2_large_jump_ge500_count|v2_3_large_jump_ge500_count|upstream_v1l2_shelter_axis_flip_count|v2_3_shelter_axis_flip_count|v2_3_joined_mainline_count|v2_3_far_mainline_count|shelter_route_occurrence_count|shelter_physical_reference_cluster_count|projection_conclusion|projected_csv|summary_csv|qa_csv|shelter_csv|figure_png|report_md,route_semantic_context_not_fork_inventory,False,"Route semantic, surface, guidepost, facility, trail, path, road, or way context exists, but it is not a governed fork/decision point inventory."
outputs\report_figures\ch6_single_activity_mainline_profile_v2_3_1\15_1\activity_15_1_coverage_diagnosis_v2_3_1.csv,True,84,route_window_start_m|route_window_end_m|behavior_summary_exists|projected_rows_in_window|valid_mainline_behavior_rows|near_activity_points_within_20m|min_2d_distance_m|p05_2d_distance_m|assigned_projected_min_near|assigned_projected_max_near|route_class_mode_near|projection_status_mode_near|coverage_gap_flag|coverage_gap_type|interpretation_boundary,route_semantic_context_not_fork_inventory,False,"Route semantic, surface, guidepost, facility, trail, path, road, or way context exists, but it is not a governed fork/decision point inventory."
outputs\report_figures\ch6_single_activity_mainline_profile_v2_3_1\15_1\activity_15_1_mainline_50m_summary_v2_3_1.csv,True,84,route_window_start_m|standard_slope_pct_median|standard_surface_class|standard_near_shelter|standard_near_guidepost|standard_near_waterway|route_window_end_m|point_count|elapsed_start_sec|elapsed_end_sec|heart_rate_bpm_median|heart_rate_bpm_p25|heart_rate_bpm_p75|speed_mps_median|speed_mps_p25|speed_mps_p75|slow_moving_ratio|stopped_ratio|review_ratio|excluded_point_count|activity_behavior_interpretation_boundary,route_semantic_context_not_fork_inventory,False,"Route semantic, surface, guidepost, facility, trail, path, road, or way context exists, but it is not a governed fork/decision point inventory."
outputs\report_figures\ch6_single_activity_mainline_profile_v2_3_1\15_1\activity_15_1_time_axis_qa_v2_3_1.csv,True,1,activity_id|input_row_count|mainline_row_count|connector_row_count|off_target_row_count|off_target_elapsed_start_sec|off_target_start_fraction|artifact_row_count|gps_drift_row_count|upstream_v1l2_large_jump_ge500_count|v2_3_large_jump_ge500_count|upstream_v1l2_shelter_axis_flip_count|v2_3_shelter_axis_flip_count|v2_3_joined_mainline_count|v2_3_far_mainline_count|shelter_route_occurrence_count|shelter_physical_reference_cluster_count|coverage_gap_windows_count|projection_coverage_gap_review_count|no_activity_near_route_window_count|filtered_by_qa_conditions_count|coverage_gap_type_distribution|figure_role_recommendation|projection_conclusion,route_semantic_context_not_fork_inventory,False,"Route semantic, surface, guidepost, facility, trail, path, road, or way context exists, but it is not a governed fork/decision point inventory."
outputs\report_figures\ch6_single_activity_mainline_profile_v2_3_1\8_1\activity_8_1_coverage_diagnosis_v2_3_1.csv,True,84,route_window_start_m|route_window_end_m|behavior_summary_exists|projected_rows_in_window|valid_mainline_behavior_rows|near_activity_points_within_20m|min_2d_distance_m|p05_2d_distance_m|assigned_projected_min_near|assigned_projected_max_near|route_class_mode_near|projection_status_mode_near|coverage_gap_flag|coverage_gap_type|interpretation_boundary,route_semantic_context_not_fork_inventory,False,"Route semantic, surface, guidepost, facility, trail, path, road, or way context exists, but it is not a governed fork/decision point inventory."
outputs\report_figures\ch6_single_activity_mainline_profile_v2_3_1\8_1\activity_8_1_mainline_50m_summary_v2_3_1.csv,True,84,route_window_start_m|standard_slope_pct_median|standard_surface_class|standard_near_shelter|standard_near_guidepost|standard_near_waterway|route_window_end_m|point_count|elapsed_start_sec|elapsed_end_sec|heart_rate_bpm_median|heart_rate_bpm_p25|heart_rate_bpm_p75|speed_mps_median|speed_mps_p25|speed_mps_p75|slow_moving_ratio|stopped_ratio|review_ratio|excluded_point_count|activity_behavior_interpretation_boundary,route_semantic_context_not_fork_inventory,False,"Route semantic, surface, guidepost, facility, trail, path, road, or way context exists, but it is not a governed fork/decision point inventory."
outputs\report_figures\ch6_single_activity_mainline_profile_v2_3_1\8_1\activity_8_1_time_axis_qa_v2_3_1.csv,True,1,activity_id|input_row_count|mainline_row_count|connector_row_count|off_target_row_count|off_target_elapsed_start_sec|off_target_start_fraction|artifact_row_count|gps_drift_row_count|upstream_v1l2_large_jump_ge500_count|v2_3_large_jump_ge500_count|upstream_v1l2_shelter_axis_flip_count|v2_3_shelter_axis_flip_count|v2_3_joined_mainline_count|v2_3_far_mainline_count|shelter_route_occurrence_count|shelter_physical_reference_cluster_count|coverage_gap_windows_count|projection_coverage_gap_review_count|no_activity_near_route_window_count|filtered_by_qa_conditions_count|coverage_gap_type_distribution|figure_role_recommendation|projection_conclusion,route_semantic_context_not_fork_inventory,False,"Route semantic, surface, guidepost, facility, trail, path, road, or way context exists, but it is not a governed fork/decision point inventory."
outputs\report_figures\ch6_single_activity_mainline_profile_v2_3_1\ch6_5_mainline_profile_v2_3_1_master_summary.csv,True,2,activity_id|input_row_count|mainline_row_count|connector_row_count|off_target_row_count|off_target_elapsed_start_sec|off_target_start_fraction|artifact_row_count|gps_drift_row_count|upstream_v1l2_large_jump_ge500_count|v2_3_large_jump_ge500_count|upstream_v1l2_shelter_axis_flip_count|v2_3_shelter_axis_flip_count|v2_3_joined_mainline_count|v2_3_far_mainline_count|shelter_route_occurrence_count|shelter_physical_reference_cluster_count|coverage_gap_windows_count|projection_coverage_gap_review_count|no_activity_near_route_window_count|filtered_by_qa_conditions_count|coverage_gap_type_distribution|figure_role_recommendation|projection_conclusion|projected_csv|summary_csv|coverage_csv|qa_csv|shelter_csv|figure_png|report_md,route_semantic_context_not_fork_inventory,False,"Route semantic, surface, guidepost, facility, trail, path, road, or way context exists, but it is not a governed fork/decision point inventory."
outputs\report_figures\ch6_single_activity_mainline_profile_v2_3_2\13_1\activity_13_1_coverage_diagnosis_v2_3_2.csv,True,84,route_window_start_m|route_window_end_m|behavior_summary_exists|projected_rows_in_window|valid_mainline_behavior_rows|near_activity_points_within_20m|min_2d_distance_m|p05_2d_distance_m|assigned_projected_min_near|assigned_projected_max_near|route_class_mode_near|projection_status_mode_near|coverage_gap_flag|coverage_gap_type|interpretation_boundary,route_semantic_context_not_fork_inventory,False,"Route semantic, surface, guidepost, facility, trail, path, road, or way context exists, but it is not a governed fork/decision point inventory."
outputs\report_figures\ch6_single_activity_mainline_profile_v2_3_2\13_1\activity_13_1_mainline_50m_summary_v2_3_2.csv,True,84,route_window_start_m|standard_slope_pct_median|standard_surface_class|standard_near_shelter|standard_near_guidepost|standard_near_waterway|route_window_end_m|point_count|elapsed_start_sec|elapsed_end_sec|heart_rate_bpm_median|heart_rate_bpm_p25|heart_rate_bpm_p75|speed_mps_median|speed_mps_p25|speed_mps_p75|slow_moving_ratio|stopped_ratio|review_ratio|excluded_point_count|activity_behavior_interpretation_boundary,route_semantic_context_not_fork_inventory,False,"Route semantic, surface, guidepost, facility, trail, path, road, or way context exists, but it is not a governed fork/decision point inventory."
outputs\report_figures\ch6_single_activity_mainline_profile_v2_3_2\13_1\activity_13_1_time_axis_qa_v2_3_2.csv,True,1,activity_id|input_row_count|mainline_row_count|connector_row_count|off_target_row_count|off_target_elapsed_start_sec|off_target_start_fraction|artifact_row_count|gps_drift_row_count|upstream_v1l2_large_jump_ge500_count|v2_3_large_jump_ge500_count|upstream_v1l2_shelter_axis_flip_count|v2_3_shelter_axis_flip_count|v2_3_joined_mainline_count|v2_3_far_mainline_count|shelter_route_occurrence_count|shelter_physical_reference_cluster_count|coverage_gap_windows_count|mainline_route_axis_assignment_review_count|no_activity_near_route_window_count|filtered_by_qa_conditions_count|coverage_gap_type_distribution|figure_role_recommendation|projection_conclusion,route_semantic_context_not_fork_inventory,False,"Route semantic, surface, guidepost, facility, trail, path, road, or way context exists, but it is not a governed fork/decision point inventory."
outputs\report_figures\ch6_single_activity_mainline_profile_v2_3_2\14_1\activity_14_1_coverage_diagnosis_v2_3_2.csv,True,84,route_window_start_m|route_window_end_m|behavior_summary_exists|projected_rows_in_window|valid_mainline_behavior_rows|near_activity_points_within_20m|min_2d_distance_m|p05_2d_distance_m|assigned_projected_min_near|assigned_projected_max_near|route_class_mode_near|projection_status_mode_near|coverage_gap_flag|coverage_gap_type|interpretation_boundary,route_semantic_context_not_fork_inventory,False,"Route semantic, surface, guidepost, facility, trail, path, road, or way context exists, but it is not a governed fork/decision point inventory."
outputs\report_figures\ch6_single_activity_mainline_profile_v2_3_2\14_1\activity_14_1_mainline_50m_summary_v2_3_2.csv,True,84,route_window_start_m|standard_slope_pct_median|standard_surface_class|standard_near_shelter|standard_near_guidepost|standard_near_waterway|route_window_end_m|point_count|elapsed_start_sec|elapsed_end_sec|heart_rate_bpm_median|heart_rate_bpm_p25|heart_rate_bpm_p75|speed_mps_median|speed_mps_p25|speed_mps_p75|slow_moving_ratio|stopped_ratio|review_ratio|excluded_point_count|activity_behavior_interpretation_boundary,route_semantic_context_not_fork_inventory,False,"Route semantic, surface, guidepost, facility, trail, path, road, or way context exists, but it is not a governed fork/decision point inventory."
outputs\report_figures\ch6_single_activity_mainline_profile_v2_3_2\14_1\activity_14_1_time_axis_qa_v2_3_2.csv,True,1,activity_id|input_row_count|mainline_row_count|connector_row_count|off_target_row_count|off_target_elapsed_start_sec|off_target_start_fraction|artifact_row_count|gps_drift_row_count|upstream_v1l2_large_jump_ge500_count|v2_3_large_jump_ge500_count|upstream_v1l2_shelter_axis_flip_count|v2_3_shelter_axis_flip_count|v2_3_joined_mainline_count|v2_3_far_mainline_count|shelter_route_occurrence_count|shelter_physical_reference_cluster_count|coverage_gap_windows_count|mainline_route_axis_assignment_review_count|no_activity_near_route_window_count|filtered_by_qa_conditions_count|coverage_gap_type_distribution|figure_role_recommendation|projection_conclusion,route_semantic_context_not_fork_inventory,False,"Route semantic, surface, guidepost, facility, trail, path, road, or way context exists, but it is not a governed fork/decision point inventory."
outputs\report_figures\ch6_single_activity_mainline_profile_v2_3_2\15_1\activity_15_1_coverage_diagnosis_v2_3_2.csv,True,84,route_window_start_m|route_window_end_m|behavior_summary_exists|projected_rows_in_window|valid_mainline_behavior_rows|near_activity_points_within_20m|min_2d_distance_m|p05_2d_distance_m|assigned_projected_min_near|assigned_projected_max_near|route_class_mode_near|projection_status_mode_near|coverage_gap_flag|coverage_gap_type|interpretation_boundary,route_semantic_context_not_fork_inventory,False,"Route semantic, surface, guidepost, facility, trail, path, road, or way context exists, but it is not a governed fork/decision point inventory."
outputs\report_figures\ch6_single_activity_mainline_profile_v2_3_2\15_1\activity_15_1_mainline_50m_summary_v2_3_2.csv,True,84,route_window_start_m|standard_slope_pct_median|standard_surface_class|standard_near_shelter|standard_near_guidepost|standard_near_waterway|route_window_end_m|point_count|elapsed_start_sec|elapsed_end_sec|heart_rate_bpm_median|heart_rate_bpm_p25|heart_rate_bpm_p75|speed_mps_median|speed_mps_p25|speed_mps_p75|slow_moving_ratio|stopped_ratio|review_ratio|excluded_point_count|activity_behavior_interpretation_boundary,route_semantic_context_not_fork_inventory,False,"Route semantic, surface, guidepost, facility, trail, path, road, or way context exists, but it is not a governed fork/decision point inventory."
outputs\report_figures\ch6_single_activity_mainline_profile_v2_3_2\15_1\activity_15_1_time_axis_qa_v2_3_2.csv,True,1,activity_id|input_row_count|mainline_row_count|connector_row_count|off_target_row_count|off_target_elapsed_start_sec|off_target_start_fraction|artifact_row_count|gps_drift_row_count|upstream_v1l2_large_jump_ge500_count|v2_3_large_jump_ge500_count|upstream_v1l2_shelter_axis_flip_count|v2_3_shelter_axis_flip_count|v2_3_joined_mainline_count|v2_3_far_mainline_count|shelter_route_occurrence_count|shelter_physical_reference_cluster_count|coverage_gap_windows_count|mainline_route_axis_assignment_review_count|no_activity_near_route_window_count|filtered_by_qa_conditions_count|coverage_gap_type_distribution|figure_role_recommendation|projection_conclusion,route_semantic_context_not_fork_inventory,False,"Route semantic, surface, guidepost, facility, trail, path, road, or way context exists, but it is not a governed fork/decision point inventory."
outputs\report_figures\ch6_single_activity_mainline_profile_v2_3_2\16_1\activity_16_1_coverage_diagnosis_v2_3_2.csv,True,84,route_window_start_m|route_window_end_m|behavior_summary_exists|projected_rows_in_window|valid_mainline_behavior_rows|near_activity_points_within_20m|min_2d_distance_m|p05_2d_distance_m|assigned_projected_min_near|assigned_projected_max_near|route_class_mode_near|projection_status_mode_near|coverage_gap_flag|coverage_gap_type|interpretation_boundary,route_semantic_context_not_fork_inventory,False,"Route semantic, surface, guidepost, facility, trail, path, road, or way context exists, but it is not a governed fork/decision point inventory."
outputs\report_figures\ch6_single_activity_mainline_profile_v2_3_2\16_1\activity_16_1_mainline_50m_summary_v2_3_2.csv,True,84,route_window_start_m|standard_slope_pct_median|standard_surface_class|standard_near_shelter|standard_near_guidepost|standard_near_waterway|route_window_end_m|point_count|elapsed_start_sec|elapsed_end_sec|heart_rate_bpm_median|heart_rate_bpm_p25|heart_rate_bpm_p75|speed_mps_median|speed_mps_p25|speed_mps_p75|slow_moving_ratio|stopped_ratio|review_ratio|excluded_point_count|activity_behavior_interpretation_boundary,route_semantic_context_not_fork_inventory,False,"Route semantic, surface, guidepost, facility, trail, path, road, or way context exists, but it is not a governed fork/decision point inventory."
outputs\report_figures\ch6_single_activity_mainline_profile_v2_3_2\16_1\activity_16_1_time_axis_qa_v2_3_2.csv,True,1,activity_id|input_row_count|mainline_row_count|connector_row_count|off_target_row_count|off_target_elapsed_start_sec|off_target_start_fraction|artifact_row_count|gps_drift_row_count|upstream_v1l2_large_jump_ge500_count|v2_3_large_jump_ge500_count|upstream_v1l2_shelter_axis_flip_count|v2_3_shelter_axis_flip_count|v2_3_joined_mainline_count|v2_3_far_mainline_count|shelter_route_occurrence_count|shelter_physical_reference_cluster_count|coverage_gap_windows_count|mainline_route_axis_assignment_review_count|no_activity_near_route_window_count|filtered_by_qa_conditions_count|coverage_gap_type_distribution|figure_role_recommendation|projection_conclusion,route_semantic_context_not_fork_inventory,False,"Route semantic, surface, guidepost, facility, trail, path, road, or way context exists, but it is not a governed fork/decision point inventory."
outputs\report_figures\ch6_single_activity_mainline_profile_v2_3_2\20_1\activity_20_1_coverage_diagnosis_v2_3_2.csv,True,84,route_window_start_m|route_window_end_m|behavior_summary_exists|projected_rows_in_window|valid_mainline_behavior_rows|near_activity_points_within_20m|min_2d_distance_m|p05_2d_distance_m|assigned_projected_min_near|assigned_projected_max_near|route_class_mode_near|projection_status_mode_near|coverage_gap_flag|coverage_gap_type|interpretation_boundary,route_semantic_context_not_fork_inventory,False,"Route semantic, surface, guidepost, facility, trail, path, road, or way context exists, but it is not a governed fork/decision point inventory."
outputs\report_figures\ch6_single_activity_mainline_profile_v2_3_2\20_1\activity_20_1_mainline_50m_summary_v2_3_2.csv,True,84,route_window_start_m|standard_slope_pct_median|standard_surface_class|standard_near_shelter|standard_near_guidepost|standard_near_waterway|route_window_end_m|point_count|elapsed_start_sec|elapsed_end_sec|heart_rate_bpm_median|heart_rate_bpm_p25|heart_rate_bpm_p75|speed_mps_median|speed_mps_p25|speed_mps_p75|slow_moving_ratio|stopped_ratio|review_ratio|excluded_point_count|activity_behavior_interpretation_boundary,route_semantic_context_not_fork_inventory,False,"Route semantic, surface, guidepost, facility, trail, path, road, or way context exists, but it is not a governed fork/decision point inventory."
outputs\report_figures\ch6_single_activity_mainline_profile_v2_3_2\20_1\activity_20_1_time_axis_qa_v2_3_2.csv,True,1,activity_id|input_row_count|mainline_row_count|connector_row_count|off_target_row_count|off_target_elapsed_start_sec|off_target_start_fraction|artifact_row_count|gps_drift_row_count|upstream_v1l2_large_jump_ge500_count|v2_3_large_jump_ge500_count|upstream_v1l2_shelter_axis_flip_count|v2_3_shelter_axis_flip_count|v2_3_joined_mainline_count|v2_3_far_mainline_count|shelter_route_occurrence_count|shelter_physical_reference_cluster_count|coverage_gap_windows_count|mainline_route_axis_assignment_review_count|no_activity_near_route_window_count|filtered_by_qa_conditions_count|coverage_gap_type_distribution|figure_role_recommendation|projection_conclusion,route_semantic_context_not_fork_inventory,False,"Route semantic, surface, guidepost, facility, trail, path, road, or way context exists, but it is not a governed fork/decision point inventory."
outputs\report_figures\ch6_single_activity_mainline_profile_v2_3_2\23_1\activity_23_1_coverage_diagnosis_v2_3_2.csv,True,84,route_window_start_m|route_window_end_m|behavior_summary_exists|projected_rows_in_window|valid_mainline_behavior_rows|near_activity_points_within_20m|min_2d_distance_m|p05_2d_distance_m|assigned_projected_min_near|assigned_projected_max_near|route_class_mode_near|projection_status_mode_near|coverage_gap_flag|coverage_gap_type|interpretation_boundary,route_semantic_context_not_fork_inventory,False,"Route semantic, surface, guidepost, facility, trail, path, road, or way context exists, but it is not a governed fork/decision point inventory."
outputs\report_figures\ch6_single_activity_mainline_profile_v2_3_2\23_1\activity_23_1_mainline_50m_summary_v2_3_2.csv,True,84,route_window_start_m|standard_slope_pct_median|standard_surface_class|standard_near_shelter|standard_near_guidepost|standard_near_waterway|route_window_end_m|point_count|elapsed_start_sec|elapsed_end_sec|heart_rate_bpm_median|heart_rate_bpm_p25|heart_rate_bpm_p75|speed_mps_median|speed_mps_p25|speed_mps_p75|slow_moving_ratio|stopped_ratio|review_ratio|excluded_point_count|activity_behavior_interpretation_boundary,route_semantic_context_not_fork_inventory,False,"Route semantic, surface, guidepost, facility, trail, path, road, or way context exists, but it is not a governed fork/decision point inventory."
outputs\report_figures\ch6_single_activity_mainline_profile_v2_3_2\23_1\activity_23_1_time_axis_qa_v2_3_2.csv,True,1,activity_id|input_row_count|mainline_row_count|connector_row_count|off_target_row_count|off_target_elapsed_start_sec|off_target_start_fraction|artifact_row_count|gps_drift_row_count|upstream_v1l2_large_jump_ge500_count|v2_3_large_jump_ge500_count|upstream_v1l2_shelter_axis_flip_count|v2_3_shelter_axis_flip_count|v2_3_joined_mainline_count|v2_3_far_mainline_count|shelter_route_occurrence_count|shelter_physical_reference_cluster_count|coverage_gap_windows_count|mainline_route_axis_assignment_review_count|no_activity_near_route_window_count|filtered_by_qa_conditions_count|coverage_gap_type_distribution|figure_role_recommendation|projection_conclusion,route_semantic_context_not_fork_inventory,False,"Route semantic, surface, guidepost, facility, trail, path, road, or way context exists, but it is not a governed fork/decision point inventory."
outputs\report_figures\ch6_single_activity_mainline_profile_v2_3_2\28_1\activity_28_1_coverage_diagnosis_v2_3_2.csv,True,84,route_window_start_m|route_window_end_m|behavior_summary_exists|projected_rows_in_window|valid_mainline_behavior_rows|near_activity_points_within_20m|min_2d_distance_m|p05_2d_distance_m|assigned_projected_min_near|assigned_projected_max_near|route_class_mode_near|projection_status_mode_near|coverage_gap_flag|coverage_gap_type|interpretation_boundary,route_semantic_context_not_fork_inventory,False,"Route semantic, surface, guidepost, facility, trail, path, road, or way context exists, but it is not a governed fork/decision point inventory."
outputs\report_figures\ch6_single_activity_mainline_profile_v2_3_2\28_1\activity_28_1_mainline_50m_summary_v2_3_2.csv,True,84,route_window_start_m|standard_slope_pct_median|standard_surface_class|standard_near_shelter|standard_near_guidepost|standard_near_waterway|route_window_end_m|point_count|elapsed_start_sec|elapsed_end_sec|heart_rate_bpm_median|heart_rate_bpm_p25|heart_rate_bpm_p75|speed_mps_median|speed_mps_p25|speed_mps_p75|slow_moving_ratio|stopped_ratio|review_ratio|excluded_point_count|activity_behavior_interpretation_boundary,route_semantic_context_not_fork_inventory,False,"Route semantic, surface, guidepost, facility, trail, path, road, or way context exists, but it is not a governed fork/decision point inventory."
outputs\report_figures\ch6_single_activity_mainline_profile_v2_3_2\28_1\activity_28_1_time_axis_qa_v2_3_2.csv,True,1,activity_id|input_row_count|mainline_row_count|connector_row_count|off_target_row_count|off_target_elapsed_start_sec|off_target_start_fraction|artifact_row_count|gps_drift_row_count|upstream_v1l2_large_jump_ge500_count|v2_3_large_jump_ge500_count|upstream_v1l2_shelter_axis_flip_count|v2_3_shelter_axis_flip_count|v2_3_joined_mainline_count|v2_3_far_mainline_count|shelter_route_occurrence_count|shelter_physical_reference_cluster_count|coverage_gap_windows_count|mainline_route_axis_assignment_review_count|no_activity_near_route_window_count|filtered_by_qa_conditions_count|coverage_gap_type_distribution|figure_role_recommendation|projection_conclusion,route_semantic_context_not_fork_inventory,False,"Route semantic, surface, guidepost, facility, trail, path, road, or way context exists, but it is not a governed fork/decision point inventory."
outputs\report_figures\ch6_single_activity_mainline_profile_v2_3_2\29_1\activity_29_1_coverage_diagnosis_v2_3_2.csv,True,84,route_window_start_m|route_window_end_m|behavior_summary_exists|projected_rows_in_window|valid_mainline_behavior_rows|near_activity_points_within_20m|min_2d_distance_m|p05_2d_distance_m|assigned_projected_min_near|assigned_projected_max_near|route_class_mode_near|projection_status_mode_near|coverage_gap_flag|coverage_gap_type|interpretation_boundary,route_semantic_context_not_fork_inventory,False,"Route semantic, surface, guidepost, facility, trail, path, road, or way context exists, but it is not a governed fork/decision point inventory."
outputs\report_figures\ch6_single_activity_mainline_profile_v2_3_2\29_1\activity_29_1_mainline_50m_summary_v2_3_2.csv,True,84,route_window_start_m|standard_slope_pct_median|standard_surface_class|standard_near_shelter|standard_near_guidepost|standard_near_waterway|route_window_end_m|point_count|elapsed_start_sec|elapsed_end_sec|heart_rate_bpm_median|heart_rate_bpm_p25|heart_rate_bpm_p75|speed_mps_median|speed_mps_p25|speed_mps_p75|slow_moving_ratio|stopped_ratio|review_ratio|excluded_point_count|activity_behavior_interpretation_boundary,route_semantic_context_not_fork_inventory,False,"Route semantic, surface, guidepost, facility, trail, path, road, or way context exists, but it is not a governed fork/decision point inventory."
outputs\report_figures\ch6_single_activity_mainline_profile_v2_3_2\29_1\activity_29_1_time_axis_qa_v2_3_2.csv,True,1,activity_id|input_row_count|mainline_row_count|connector_row_count|off_target_row_count|off_target_elapsed_start_sec|off_target_start_fraction|artifact_row_count|gps_drift_row_count|upstream_v1l2_large_jump_ge500_count|v2_3_large_jump_ge500_count|upstream_v1l2_shelter_axis_flip_count|v2_3_shelter_axis_flip_count|v2_3_joined_mainline_count|v2_3_far_mainline_count|shelter_route_occurrence_count|shelter_physical_reference_cluster_count|coverage_gap_windows_count|mainline_route_axis_assignment_review_count|no_activity_near_route_window_count|filtered_by_qa_conditions_count|coverage_gap_type_distribution|figure_role_recommendation|projection_conclusion,route_semantic_context_not_fork_inventory,False,"Route semantic, surface, guidepost, facility, trail, path, road, or way context exists, but it is not a governed fork/decision point inventory."
outputs\report_figures\ch6_single_activity_mainline_profile_v2_3_2\30_1\activity_30_1_coverage_diagnosis_v2_3_2.csv,True,84,route_window_start_m|route_window_end_m|behavior_summary_exists|projected_rows_in_window|valid_mainline_behavior_rows|near_activity_points_within_20m|min_2d_distance_m|p05_2d_distance_m|assigned_projected_min_near|assigned_projected_max_near|route_class_mode_near|projection_status_mode_near|coverage_gap_flag|coverage_gap_type|interpretation_boundary,route_semantic_context_not_fork_inventory,False,"Route semantic, surface, guidepost, facility, trail, path, road, or way context exists, but it is not a governed fork/decision point inventory."
outputs\report_figures\ch6_single_activity_mainline_profile_v2_3_2\30_1\activity_30_1_mainline_50m_summary_v2_3_2.csv,True,84,route_window_start_m|standard_slope_pct_median|standard_surface_class|standard_near_shelter|standard_near_guidepost|standard_near_waterway|route_window_end_m|point_count|elapsed_start_sec|elapsed_end_sec|heart_rate_bpm_median|heart_rate_bpm_p25|heart_rate_bpm_p75|speed_mps_median|speed_mps_p25|speed_mps_p75|slow_moving_ratio|stopped_ratio|review_ratio|excluded_point_count|activity_behavior_interpretation_boundary,route_semantic_context_not_fork_inventory,False,"Route semantic, surface, guidepost, facility, trail, path, road, or way context exists, but it is not a governed fork/decision point inventory."
outputs\report_figures\ch6_single_activity_mainline_profile_v2_3_2\30_1\activity_30_1_time_axis_qa_v2_3_2.csv,True,1,activity_id|input_row_count|mainline_row_count|connector_row_count|off_target_row_count|off_target_elapsed_start_sec|off_target_start_fraction|artifact_row_count|gps_drift_row_count|upstream_v1l2_large_jump_ge500_count|v2_3_large_jump_ge500_count|upstream_v1l2_shelter_axis_flip_count|v2_3_shelter_axis_flip_count|v2_3_joined_mainline_count|v2_3_far_mainline_count|shelter_route_occurrence_count|shelter_physical_reference_cluster_count|coverage_gap_windows_count|mainline_route_axis_assignment_review_count|no_activity_near_route_window_count|filtered_by_qa_conditions_count|coverage_gap_type_distribution|figure_role_recommendation|projection_conclusion,route_semantic_context_not_fork_inventory,False,"Route semantic, surface, guidepost, facility, trail, path, road, or way context exists, but it is not a governed fork/decision point inventory."
outputs\report_figures\ch6_single_activity_mainline_profile_v2_3_2\33_1\activity_33_1_coverage_diagnosis_v2_3_2.csv,True,84,route_window_start_m|route_window_end_m|behavior_summary_exists|projected_rows_in_window|valid_mainline_behavior_rows|near_activity_points_within_20m|min_2d_distance_m|p05_2d_distance_m|assigned_projected_min_near|assigned_projected_max_near|route_class_mode_near|projection_status_mode_near|coverage_gap_flag|coverage_gap_type|interpretation_boundary,route_semantic_context_not_fork_inventory,False,"Route semantic, surface, guidepost, facility, trail, path, road, or way context exists, but it is not a governed fork/decision point inventory."
outputs\report_figures\ch6_single_activity_mainline_profile_v2_3_2\33_1\activity_33_1_mainline_50m_summary_v2_3_2.csv,True,84,route_window_start_m|standard_slope_pct_median|standard_surface_class|standard_near_shelter|standard_near_guidepost|standard_near_waterway|route_window_end_m|point_count|elapsed_start_sec|elapsed_end_sec|heart_rate_bpm_median|heart_rate_bpm_p25|heart_rate_bpm_p75|speed_mps_median|speed_mps_p25|speed_mps_p75|slow_moving_ratio|stopped_ratio|review_ratio|excluded_point_count|activity_behavior_interpretation_boundary,route_semantic_context_not_fork_inventory,False,"Route semantic, surface, guidepost, facility, trail, path, road, or way context exists, but it is not a governed fork/decision point inventory."
outputs\report_figures\ch6_single_activity_mainline_profile_v2_3_2\33_1\activity_33_1_time_axis_qa_v2_3_2.csv,True,1,activity_id|input_row_count|mainline_row_count|connector_row_count|off_target_row_count|off_target_elapsed_start_sec|off_target_start_fraction|artifact_row_count|gps_drift_row_count|upstream_v1l2_large_jump_ge500_count|v2_3_large_jump_ge500_count|upstream_v1l2_shelter_axis_flip_count|v2_3_shelter_axis_flip_count|v2_3_joined_mainline_count|v2_3_far_mainline_count|shelter_route_occurrence_count|shelter_physical_reference_cluster_count|coverage_gap_windows_count|mainline_route_axis_assignment_review_count|no_activity_near_route_window_count|filtered_by_qa_conditions_count|coverage_gap_type_distribution|figure_role_recommendation|projection_conclusion,route_semantic_context_not_fork_inventory,False,"Route semantic, surface, guidepost, facility, trail, path, road, or way context exists, but it is not a governed fork/decision point inventory."
outputs\report_figures\ch6_single_activity_mainline_profile_v2_3_2\35_1\activity_35_1_coverage_diagnosis_v2_3_2.csv,True,84,route_window_start_m|route_window_end_m|behavior_summary_exists|projected_rows_in_window|valid_mainline_behavior_rows|near_activity_points_within_20m|min_2d_distance_m|p05_2d_distance_m|assigned_projected_min_near|assigned_projected_max_near|route_class_mode_near|projection_status_mode_near|coverage_gap_flag|coverage_gap_type|interpretation_boundary,route_semantic_context_not_fork_inventory,False,"Route semantic, surface, guidepost, facility, trail, path, road, or way context exists, but it is not a governed fork/decision point inventory."
outputs\report_figures\ch6_single_activity_mainline_profile_v2_3_2\35_1\activity_35_1_mainline_50m_summary_v2_3_2.csv,True,84,route_window_start_m|standard_slope_pct_median|standard_surface_class|standard_near_shelter|standard_near_guidepost|standard_near_waterway|route_window_end_m|point_count|elapsed_start_sec|elapsed_end_sec|heart_rate_bpm_median|heart_rate_bpm_p25|heart_rate_bpm_p75|speed_mps_median|speed_mps_p25|speed_mps_p75|slow_moving_ratio|stopped_ratio|review_ratio|excluded_point_count|activity_behavior_interpretation_boundary,route_semantic_context_not_fork_inventory,False,"Route semantic, surface, guidepost, facility, trail, path, road, or way context exists, but it is not a governed fork/decision point inventory."
outputs\report_figures\ch6_single_activity_mainline_profile_v2_3_2\35_1\activity_35_1_time_axis_qa_v2_3_2.csv,True,1,activity_id|input_row_count|mainline_row_count|connector_row_count|off_target_row_count|off_target_elapsed_start_sec|off_target_start_fraction|artifact_row_count|gps_drift_row_count|upstream_v1l2_large_jump_ge500_count|v2_3_large_jump_ge500_count|upstream_v1l2_shelter_axis_flip_count|v2_3_shelter_axis_flip_count|v2_3_joined_mainline_count|v2_3_far_mainline_count|shelter_route_occurrence_count|shelter_physical_reference_cluster_count|coverage_gap_windows_count|mainline_route_axis_assignment_review_count|no_activity_near_route_window_count|filtered_by_qa_conditions_count|coverage_gap_type_distribution|figure_role_recommendation|projection_conclusion,route_semantic_context_not_fork_inventory,False,"Route semantic, surface, guidepost, facility, trail, path, road, or way context exists, but it is not a governed fork/decision point inventory."
outputs\report_figures\ch6_single_activity_mainline_profile_v2_3_2\36_1\activity_36_1_coverage_diagnosis_v2_3_2.csv,True,84,route_window_start_m|route_window_end_m|behavior_summary_exists|projected_rows_in_window|valid_mainline_behavior_rows|near_activity_points_within_20m|min_2d_distance_m|p05_2d_distance_m|assigned_projected_min_near|assigned_projected_max_near|route_class_mode_near|projection_status_mode_near|coverage_gap_flag|coverage_gap_type|interpretation_boundary,route_semantic_context_not_fork_inventory,False,"Route semantic, surface, guidepost, facility, trail, path, road, or way context exists, but it is not a governed fork/decision point inventory."
outputs\report_figures\ch6_single_activity_mainline_profile_v2_3_2\36_1\activity_36_1_mainline_50m_summary_v2_3_2.csv,True,84,route_window_start_m|standard_slope_pct_median|standard_surface_class|standard_near_shelter|standard_near_guidepost|standard_near_waterway|route_window_end_m|point_count|elapsed_start_sec|elapsed_end_sec|heart_rate_bpm_median|heart_rate_bpm_p25|heart_rate_bpm_p75|speed_mps_median|speed_mps_p25|speed_mps_p75|slow_moving_ratio|stopped_ratio|review_ratio|excluded_point_count|activity_behavior_interpretation_boundary,route_semantic_context_not_fork_inventory,False,"Route semantic, surface, guidepost, facility, trail, path, road, or way context exists, but it is not a governed fork/decision point inventory."
outputs\report_figures\ch6_single_activity_mainline_profile_v2_3_2\36_1\activity_36_1_time_axis_qa_v2_3_2.csv,True,1,activity_id|input_row_count|mainline_row_count|connector_row_count|off_target_row_count|off_target_elapsed_start_sec|off_target_start_fraction|artifact_row_count|gps_drift_row_count|upstream_v1l2_large_jump_ge500_count|v2_3_large_jump_ge500_count|upstream_v1l2_shelter_axis_flip_count|v2_3_shelter_axis_flip_count|v2_3_joined_mainline_count|v2_3_far_mainline_count|shelter_route_occurrence_count|shelter_physical_reference_cluster_count|coverage_gap_windows_count|mainline_route_axis_assignment_review_count|no_activity_near_route_window_count|filtered_by_qa_conditions_count|coverage_gap_type_distribution|figure_role_recommendation|projection_conclusion,route_semantic_context_not_fork_inventory,False,"Route semantic, surface, guidepost, facility, trail, path, road, or way context exists, but it is not a governed fork/decision point inventory."
outputs\report_figures\ch6_single_activity_mainline_profile_v2_3_2\37_1\activity_37_1_coverage_diagnosis_v2_3_2.csv,True,84,route_window_start_m|route_window_end_m|behavior_summary_exists|projected_rows_in_window|valid_mainline_behavior_rows|near_activity_points_within_20m|min_2d_distance_m|p05_2d_distance_m|assigned_projected_min_near|assigned_projected_max_near|route_class_mode_near|projection_status_mode_near|coverage_gap_flag|coverage_gap_type|interpretation_boundary,route_semantic_context_not_fork_inventory,False,"Route semantic, surface, guidepost, facility, trail, path, road, or way context exists, but it is not a governed fork/decision point inventory."
outputs\report_figures\ch6_single_activity_mainline_profile_v2_3_2\37_1\activity_37_1_mainline_50m_summary_v2_3_2.csv,True,84,route_window_start_m|standard_slope_pct_median|standard_surface_class|standard_near_shelter|standard_near_guidepost|standard_near_waterway|route_window_end_m|point_count|elapsed_start_sec|elapsed_end_sec|heart_rate_bpm_median|heart_rate_bpm_p25|heart_rate_bpm_p75|speed_mps_median|speed_mps_p25|speed_mps_p75|slow_moving_ratio|stopped_ratio|review_ratio|excluded_point_count|activity_behavior_interpretation_boundary,route_semantic_context_not_fork_inventory,False,"Route semantic, surface, guidepost, facility, trail, path, road, or way context exists, but it is not a governed fork/decision point inventory."
outputs\report_figures\ch6_single_activity_mainline_profile_v2_3_2\37_1\activity_37_1_time_axis_qa_v2_3_2.csv,True,1,activity_id|input_row_count|mainline_row_count|connector_row_count|off_target_row_count|off_target_elapsed_start_sec|off_target_start_fraction|artifact_row_count|gps_drift_row_count|upstream_v1l2_large_jump_ge500_count|v2_3_large_jump_ge500_count|upstream_v1l2_shelter_axis_flip_count|v2_3_shelter_axis_flip_count|v2_3_joined_mainline_count|v2_3_far_mainline_count|shelter_route_occurrence_count|shelter_physical_reference_cluster_count|coverage_gap_windows_count|mainline_route_axis_assignment_review_count|no_activity_near_route_window_count|filtered_by_qa_conditions_count|coverage_gap_type_distribution|figure_role_recommendation|projection_conclusion,route_semantic_context_not_fork_inventory,False,"Route semantic, surface, guidepost, facility, trail, path, road, or way context exists, but it is not a governed fork/decision point inventory."
outputs\report_figures\ch6_single_activity_mainline_profile_v2_3_2\38_1\activity_38_1_coverage_diagnosis_v2_3_2.csv,True,84,route_window_start_m|route_window_end_m|behavior_summary_exists|projected_rows_in_window|valid_mainline_behavior_rows|near_activity_points_within_20m|min_2d_distance_m|p05_2d_distance_m|assigned_projected_min_near|assigned_projected_max_near|route_class_mode_near|projection_status_mode_near|coverage_gap_flag|coverage_gap_type|interpretation_boundary,route_semantic_context_not_fork_inventory,False,"Route semantic, surface, guidepost, facility, trail, path, road, or way context exists, but it is not a governed fork/decision point inventory."
outputs\report_figures\ch6_single_activity_mainline_profile_v2_3_2\38_1\activity_38_1_mainline_50m_summary_v2_3_2.csv,True,84,route_window_start_m|standard_slope_pct_median|standard_surface_class|standard_near_shelter|standard_near_guidepost|standard_near_waterway|route_window_end_m|point_count|elapsed_start_sec|elapsed_end_sec|heart_rate_bpm_median|heart_rate_bpm_p25|heart_rate_bpm_p75|speed_mps_median|speed_mps_p25|speed_mps_p75|slow_moving_ratio|stopped_ratio|review_ratio|excluded_point_count|activity_behavior_interpretation_boundary,route_semantic_context_not_fork_inventory,False,"Route semantic, surface, guidepost, facility, trail, path, road, or way context exists, but it is not a governed fork/decision point inventory."
outputs\report_figures\ch6_single_activity_mainline_profile_v2_3_2\38_1\activity_38_1_time_axis_qa_v2_3_2.csv,True,1,activity_id|input_row_count|mainline_row_count|connector_row_count|off_target_row_count|off_target_elapsed_start_sec|off_target_start_fraction|artifact_row_count|gps_drift_row_count|upstream_v1l2_large_jump_ge500_count|v2_3_large_jump_ge500_count|upstream_v1l2_shelter_axis_flip_count|v2_3_shelter_axis_flip_count|v2_3_joined_mainline_count|v2_3_far_mainline_count|shelter_route_occurrence_count|shelter_physical_reference_cluster_count|coverage_gap_windows_count|mainline_route_axis_assignment_review_count|no_activity_near_route_window_count|filtered_by_qa_conditions_count|coverage_gap_type_distribution|figure_role_recommendation|projection_conclusion,route_semantic_context_not_fork_inventory,False,"Route semantic, surface, guidepost, facility, trail, path, road, or way context exists, but it is not a governed fork/decision point inventory."
outputs\report_figures\ch6_single_activity_mainline_profile_v2_3_2\3_1\activity_3_1_coverage_diagnosis_v2_3_2.csv,True,84,route_window_start_m|route_window_end_m|behavior_summary_exists|projected_rows_in_window|valid_mainline_behavior_rows|near_activity_points_within_20m|min_2d_distance_m|p05_2d_distance_m|assigned_projected_min_near|assigned_projected_max_near|route_class_mode_near|projection_status_mode_near|coverage_gap_flag|coverage_gap_type|interpretation_boundary,route_semantic_context_not_fork_inventory,False,"Route semantic, surface, guidepost, facility, trail, path, road, or way context exists, but it is not a governed fork/decision point inventory."
outputs\report_figures\ch6_single_activity_mainline_profile_v2_3_2\3_1\activity_3_1_mainline_50m_summary_v2_3_2.csv,True,84,route_window_start_m|standard_slope_pct_median|standard_surface_class|standard_near_shelter|standard_near_guidepost|standard_near_waterway|route_window_end_m|point_count|elapsed_start_sec|elapsed_end_sec|heart_rate_bpm_median|heart_rate_bpm_p25|heart_rate_bpm_p75|speed_mps_median|speed_mps_p25|speed_mps_p75|slow_moving_ratio|stopped_ratio|review_ratio|excluded_point_count|activity_behavior_interpretation_boundary,route_semantic_context_not_fork_inventory,False,"Route semantic, surface, guidepost, facility, trail, path, road, or way context exists, but it is not a governed fork/decision point inventory."
outputs\report_figures\ch6_single_activity_mainline_profile_v2_3_2\3_1\activity_3_1_time_axis_qa_v2_3_2.csv,True,1,activity_id|input_row_count|mainline_row_count|connector_row_count|off_target_row_count|off_target_elapsed_start_sec|off_target_start_fraction|artifact_row_count|gps_drift_row_count|upstream_v1l2_large_jump_ge500_count|v2_3_large_jump_ge500_count|upstream_v1l2_shelter_axis_flip_count|v2_3_shelter_axis_flip_count|v2_3_joined_mainline_count|v2_3_far_mainline_count|shelter_route_occurrence_count|shelter_physical_reference_cluster_count|coverage_gap_windows_count|mainline_route_axis_assignment_review_count|no_activity_near_route_window_count|filtered_by_qa_conditions_count|coverage_gap_type_distribution|figure_role_recommendation|projection_conclusion,route_semantic_context_not_fork_inventory,False,"Route semantic, surface, guidepost, facility, trail, path, road, or way context exists, but it is not a governed fork/decision point inventory."
outputs\report_figures\ch6_single_activity_mainline_profile_v2_3_2\40_1\activity_40_1_coverage_diagnosis_v2_3_2.csv,True,84,route_window_start_m|route_window_end_m|behavior_summary_exists|projected_rows_in_window|valid_mainline_behavior_rows|near_activity_points_within_20m|min_2d_distance_m|p05_2d_distance_m|assigned_projected_min_near|assigned_projected_max_near|route_class_mode_near|projection_status_mode_near|coverage_gap_flag|coverage_gap_type|interpretation_boundary,route_semantic_context_not_fork_inventory,False,"Route semantic, surface, guidepost, facility, trail, path, road, or way context exists, but it is not a governed fork/decision point inventory."
outputs\report_figures\ch6_single_activity_mainline_profile_v2_3_2\40_1\activity_40_1_mainline_50m_summary_v2_3_2.csv,True,84,route_window_start_m|standard_slope_pct_median|standard_surface_class|standard_near_shelter|standard_near_guidepost|standard_near_waterway|route_window_end_m|point_count|elapsed_start_sec|elapsed_end_sec|heart_rate_bpm_median|heart_rate_bpm_p25|heart_rate_bpm_p75|speed_mps_median|speed_mps_p25|speed_mps_p75|slow_moving_ratio|stopped_ratio|review_ratio|excluded_point_count|activity_behavior_interpretation_boundary,route_semantic_context_not_fork_inventory,False,"Route semantic, surface, guidepost, facility, trail, path, road, or way context exists, but it is not a governed fork/decision point inventory."
outputs\report_figures\ch6_single_activity_mainline_profile_v2_3_2\40_1\activity_40_1_time_axis_qa_v2_3_2.csv,True,1,activity_id|input_row_count|mainline_row_count|connector_row_count|off_target_row_count|off_target_elapsed_start_sec|off_target_start_fraction|artifact_row_count|gps_drift_row_count|upstream_v1l2_large_jump_ge500_count|v2_3_large_jump_ge500_count|upstream_v1l2_shelter_axis_flip_count|v2_3_shelter_axis_flip_count|v2_3_joined_mainline_count|v2_3_far_mainline_count|shelter_route_occurrence_count|shelter_physical_reference_cluster_count|coverage_gap_windows_count|mainline_route_axis_assignment_review_count|no_activity_near_route_window_count|filtered_by_qa_conditions_count|coverage_gap_type_distribution|figure_role_recommendation|projection_conclusion,route_semantic_context_not_fork_inventory,False,"Route semantic, surface, guidepost, facility, trail, path, road, or way context exists, but it is not a governed fork/decision point inventory."
outputs\report_figures\ch6_single_activity_mainline_profile_v2_3_2\41_1\activity_41_1_coverage_diagnosis_v2_3_2.csv,True,84,route_window_start_m|route_window_end_m|behavior_summary_exists|projected_rows_in_window|valid_mainline_behavior_rows|near_activity_points_within_20m|min_2d_distance_m|p05_2d_distance_m|assigned_projected_min_near|assigned_projected_max_near|route_class_mode_near|projection_status_mode_near|coverage_gap_flag|coverage_gap_type|interpretation_boundary,route_semantic_context_not_fork_inventory,False,"Route semantic, surface, guidepost, facility, trail, path, road, or way context exists, but it is not a governed fork/decision point inventory."
outputs\report_figures\ch6_single_activity_mainline_profile_v2_3_2\41_1\activity_41_1_mainline_50m_summary_v2_3_2.csv,True,84,route_window_start_m|standard_slope_pct_median|standard_surface_class|standard_near_shelter|standard_near_guidepost|standard_near_waterway|route_window_end_m|point_count|elapsed_start_sec|elapsed_end_sec|heart_rate_bpm_median|heart_rate_bpm_p25|heart_rate_bpm_p75|speed_mps_median|speed_mps_p25|speed_mps_p75|slow_moving_ratio|stopped_ratio|review_ratio|excluded_point_count|activity_behavior_interpretation_boundary,route_semantic_context_not_fork_inventory,False,"Route semantic, surface, guidepost, facility, trail, path, road, or way context exists, but it is not a governed fork/decision point inventory."
outputs\report_figures\ch6_single_activity_mainline_profile_v2_3_2\41_1\activity_41_1_time_axis_qa_v2_3_2.csv,True,1,activity_id|input_row_count|mainline_row_count|connector_row_count|off_target_row_count|off_target_elapsed_start_sec|off_target_start_fraction|artifact_row_count|gps_drift_row_count|upstream_v1l2_large_jump_ge500_count|v2_3_large_jump_ge500_count|upstream_v1l2_shelter_axis_flip_count|v2_3_shelter_axis_flip_count|v2_3_joined_mainline_count|v2_3_far_mainline_count|shelter_route_occurrence_count|shelter_physical_reference_cluster_count|coverage_gap_windows_count|mainline_route_axis_assignment_review_count|no_activity_near_route_window_count|filtered_by_qa_conditions_count|coverage_gap_type_distribution|figure_role_recommendation|projection_conclusion,route_semantic_context_not_fork_inventory,False,"Route semantic, surface, guidepost, facility, trail, path, road, or way context exists, but it is not a governed fork/decision point inventory."
outputs\report_figures\ch6_single_activity_mainline_profile_v2_3_2\42_1\activity_42_1_coverage_diagnosis_v2_3_2.csv,True,84,route_window_start_m|route_window_end_m|behavior_summary_exists|projected_rows_in_window|valid_mainline_behavior_rows|near_activity_points_within_20m|min_2d_distance_m|p05_2d_distance_m|assigned_projected_min_near|assigned_projected_max_near|route_class_mode_near|projection_status_mode_near|coverage_gap_flag|coverage_gap_type|interpretation_boundary,route_semantic_context_not_fork_inventory,False,"Route semantic, surface, guidepost, facility, trail, path, road, or way context exists, but it is not a governed fork/decision point inventory."
outputs\report_figures\ch6_single_activity_mainline_profile_v2_3_2\42_1\activity_42_1_mainline_50m_summary_v2_3_2.csv,True,84,route_window_start_m|standard_slope_pct_median|standard_surface_class|standard_near_shelter|standard_near_guidepost|standard_near_waterway|route_window_end_m|point_count|elapsed_start_sec|elapsed_end_sec|heart_rate_bpm_median|heart_rate_bpm_p25|heart_rate_bpm_p75|speed_mps_median|speed_mps_p25|speed_mps_p75|slow_moving_ratio|stopped_ratio|review_ratio|excluded_point_count|activity_behavior_interpretation_boundary,route_semantic_context_not_fork_inventory,False,"Route semantic, surface, guidepost, facility, trail, path, road, or way context exists, but it is not a governed fork/decision point inventory."
outputs\report_figures\ch6_single_activity_mainline_profile_v2_3_2\42_1\activity_42_1_time_axis_qa_v2_3_2.csv,True,1,activity_id|input_row_count|mainline_row_count|connector_row_count|off_target_row_count|off_target_elapsed_start_sec|off_target_start_fraction|artifact_row_count|gps_drift_row_count|upstream_v1l2_large_jump_ge500_count|v2_3_large_jump_ge500_count|upstream_v1l2_shelter_axis_flip_count|v2_3_shelter_axis_flip_count|v2_3_joined_mainline_count|v2_3_far_mainline_count|shelter_route_occurrence_count|shelter_physical_reference_cluster_count|coverage_gap_windows_count|mainline_route_axis_assignment_review_count|no_activity_near_route_window_count|filtered_by_qa_conditions_count|coverage_gap_type_distribution|figure_role_recommendation|projection_conclusion,route_semantic_context_not_fork_inventory,False,"Route semantic, surface, guidepost, facility, trail, path, road, or way context exists, but it is not a governed fork/decision point inventory."
outputs\report_figures\ch6_single_activity_mainline_profile_v2_3_2\43_1\activity_43_1_coverage_diagnosis_v2_3_2.csv,True,84,route_window_start_m|route_window_end_m|behavior_summary_exists|projected_rows_in_window|valid_mainline_behavior_rows|near_activity_points_within_20m|min_2d_distance_m|p05_2d_distance_m|assigned_projected_min_near|assigned_projected_max_near|route_class_mode_near|projection_status_mode_near|coverage_gap_flag|coverage_gap_type|interpretation_boundary,route_semantic_context_not_fork_inventory,False,"Route semantic, surface, guidepost, facility, trail, path, road, or way context exists, but it is not a governed fork/decision point inventory."
outputs\report_figures\ch6_single_activity_mainline_profile_v2_3_2\43_1\activity_43_1_mainline_50m_summary_v2_3_2.csv,True,84,route_window_start_m|standard_slope_pct_median|standard_surface_class|standard_near_shelter|standard_near_guidepost|standard_near_waterway|route_window_end_m|point_count|elapsed_start_sec|elapsed_end_sec|heart_rate_bpm_median|heart_rate_bpm_p25|heart_rate_bpm_p75|speed_mps_median|speed_mps_p25|speed_mps_p75|slow_moving_ratio|stopped_ratio|review_ratio|excluded_point_count|activity_behavior_interpretation_boundary,route_semantic_context_not_fork_inventory,False,"Route semantic, surface, guidepost, facility, trail, path, road, or way context exists, but it is not a governed fork/decision point inventory."
outputs\report_figures\ch6_single_activity_mainline_profile_v2_3_2\43_1\activity_43_1_time_axis_qa_v2_3_2.csv,True,1,activity_id|input_row_count|mainline_row_count|connector_row_count|off_target_row_count|off_target_elapsed_start_sec|off_target_start_fraction|artifact_row_count|gps_drift_row_count|upstream_v1l2_large_jump_ge500_count|v2_3_large_jump_ge500_count|upstream_v1l2_shelter_axis_flip_count|v2_3_shelter_axis_flip_count|v2_3_joined_mainline_count|v2_3_far_mainline_count|shelter_route_occurrence_count|shelter_physical_reference_cluster_count|coverage_gap_windows_count|mainline_route_axis_assignment_review_count|no_activity_near_route_window_count|filtered_by_qa_conditions_count|coverage_gap_type_distribution|figure_role_recommendation|projection_conclusion,route_semantic_context_not_fork_inventory,False,"Route semantic, surface, guidepost, facility, trail, path, road, or way context exists, but it is not a governed fork/decision point inventory."
outputs\report_figures\ch6_single_activity_mainline_profile_v2_3_2\44_1\activity_44_1_coverage_diagnosis_v2_3_2.csv,True,84,route_window_start_m|route_window_end_m|behavior_summary_exists|projected_rows_in_window|valid_mainline_behavior_rows|near_activity_points_within_20m|min_2d_distance_m|p05_2d_distance_m|assigned_projected_min_near|assigned_projected_max_near|route_class_mode_near|projection_status_mode_near|coverage_gap_flag|coverage_gap_type|interpretation_boundary,route_semantic_context_not_fork_inventory,False,"Route semantic, surface, guidepost, facility, trail, path, road, or way context exists, but it is not a governed fork/decision point inventory."
outputs\report_figures\ch6_single_activity_mainline_profile_v2_3_2\44_1\activity_44_1_mainline_50m_summary_v2_3_2.csv,True,84,route_window_start_m|standard_slope_pct_median|standard_surface_class|standard_near_shelter|standard_near_guidepost|standard_near_waterway|route_window_end_m|point_count|elapsed_start_sec|elapsed_end_sec|heart_rate_bpm_median|heart_rate_bpm_p25|heart_rate_bpm_p75|speed_mps_median|speed_mps_p25|speed_mps_p75|slow_moving_ratio|stopped_ratio|review_ratio|excluded_point_count|activity_behavior_interpretation_boundary,route_semantic_context_not_fork_inventory,False,"Route semantic, surface, guidepost, facility, trail, path, road, or way context exists, but it is not a governed fork/decision point inventory."
outputs\report_figures\ch6_single_activity_mainline_profile_v2_3_2\44_1\activity_44_1_time_axis_qa_v2_3_2.csv,True,1,activity_id|input_row_count|mainline_row_count|connector_row_count|off_target_row_count|off_target_elapsed_start_sec|off_target_start_fraction|artifact_row_count|gps_drift_row_count|upstream_v1l2_large_jump_ge500_count|v2_3_large_jump_ge500_count|upstream_v1l2_shelter_axis_flip_count|v2_3_shelter_axis_flip_count|v2_3_joined_mainline_count|v2_3_far_mainline_count|shelter_route_occurrence_count|shelter_physical_reference_cluster_count|coverage_gap_windows_count|mainline_route_axis_assignment_review_count|no_activity_near_route_window_count|filtered_by_qa_conditions_count|coverage_gap_type_distribution|figure_role_recommendation|projection_conclusion,route_semantic_context_not_fork_inventory,False,"Route semantic, surface, guidepost, facility, trail, path, road, or way context exists, but it is not a governed fork/decision point inventory."
outputs\report_figures\ch6_single_activity_mainline_profile_v2_3_2\45_1\activity_45_1_coverage_diagnosis_v2_3_2.csv,True,84,route_window_start_m|route_window_end_m|behavior_summary_exists|projected_rows_in_window|valid_mainline_behavior_rows|near_activity_points_within_20m|min_2d_distance_m|p05_2d_distance_m|assigned_projected_min_near|assigned_projected_max_near|route_class_mode_near|projection_status_mode_near|coverage_gap_flag|coverage_gap_type|interpretation_boundary,route_semantic_context_not_fork_inventory,False,"Route semantic, surface, guidepost, facility, trail, path, road, or way context exists, but it is not a governed fork/decision point inventory."
outputs\report_figures\ch6_single_activity_mainline_profile_v2_3_2\45_1\activity_45_1_mainline_50m_summary_v2_3_2.csv,True,84,route_window_start_m|standard_slope_pct_median|standard_surface_class|standard_near_shelter|standard_near_guidepost|standard_near_waterway|route_window_end_m|point_count|elapsed_start_sec|elapsed_end_sec|heart_rate_bpm_median|heart_rate_bpm_p25|heart_rate_bpm_p75|speed_mps_median|speed_mps_p25|speed_mps_p75|slow_moving_ratio|stopped_ratio|review_ratio|excluded_point_count|activity_behavior_interpretation_boundary,route_semantic_context_not_fork_inventory,False,"Route semantic, surface, guidepost, facility, trail, path, road, or way context exists, but it is not a governed fork/decision point inventory."
outputs\report_figures\ch6_single_activity_mainline_profile_v2_3_2\45_1\activity_45_1_time_axis_qa_v2_3_2.csv,True,1,activity_id|input_row_count|mainline_row_count|connector_row_count|off_target_row_count|off_target_elapsed_start_sec|off_target_start_fraction|artifact_row_count|gps_drift_row_count|upstream_v1l2_large_jump_ge500_count|v2_3_large_jump_ge500_count|upstream_v1l2_shelter_axis_flip_count|v2_3_shelter_axis_flip_count|v2_3_joined_mainline_count|v2_3_far_mainline_count|shelter_route_occurrence_count|shelter_physical_reference_cluster_count|coverage_gap_windows_count|mainline_route_axis_assignment_review_count|no_activity_near_route_window_count|filtered_by_qa_conditions_count|coverage_gap_type_distribution|figure_role_recommendation|projection_conclusion,route_semantic_context_not_fork_inventory,False,"Route semantic, surface, guidepost, facility, trail, path, road, or way context exists, but it is not a governed fork/decision point inventory."
outputs\report_figures\ch6_single_activity_mainline_profile_v2_3_2\46_1\activity_46_1_coverage_diagnosis_v2_3_2.csv,True,84,route_window_start_m|route_window_end_m|behavior_summary_exists|projected_rows_in_window|valid_mainline_behavior_rows|near_activity_points_within_20m|min_2d_distance_m|p05_2d_distance_m|assigned_projected_min_near|assigned_projected_max_near|route_class_mode_near|projection_status_mode_near|coverage_gap_flag|coverage_gap_type|interpretation_boundary,route_semantic_context_not_fork_inventory,False,"Route semantic, surface, guidepost, facility, trail, path, road, or way context exists, but it is not a governed fork/decision point inventory."
outputs\report_figures\ch6_single_activity_mainline_profile_v2_3_2\46_1\activity_46_1_mainline_50m_summary_v2_3_2.csv,True,84,route_window_start_m|standard_slope_pct_median|standard_surface_class|standard_near_shelter|standard_near_guidepost|standard_near_waterway|route_window_end_m|point_count|elapsed_start_sec|elapsed_end_sec|heart_rate_bpm_median|heart_rate_bpm_p25|heart_rate_bpm_p75|speed_mps_median|speed_mps_p25|speed_mps_p75|slow_moving_ratio|stopped_ratio|review_ratio|excluded_point_count|activity_behavior_interpretation_boundary,route_semantic_context_not_fork_inventory,False,"Route semantic, surface, guidepost, facility, trail, path, road, or way context exists, but it is not a governed fork/decision point inventory."
outputs\report_figures\ch6_single_activity_mainline_profile_v2_3_2\46_1\activity_46_1_time_axis_qa_v2_3_2.csv,True,1,activity_id|input_row_count|mainline_row_count|connector_row_count|off_target_row_count|off_target_elapsed_start_sec|off_target_start_fraction|artifact_row_count|gps_drift_row_count|upstream_v1l2_large_jump_ge500_count|v2_3_large_jump_ge500_count|upstream_v1l2_shelter_axis_flip_count|v2_3_shelter_axis_flip_count|v2_3_joined_mainline_count|v2_3_far_mainline_count|shelter_route_occurrence_count|shelter_physical_reference_cluster_count|coverage_gap_windows_count|mainline_route_axis_assignment_review_count|no_activity_near_route_window_count|filtered_by_qa_conditions_count|coverage_gap_type_distribution|figure_role_recommendation|projection_conclusion,route_semantic_context_not_fork_inventory,False,"Route semantic, surface, guidepost, facility, trail, path, road, or way context exists, but it is not a governed fork/decision point inventory."
outputs\report_figures\ch6_single_activity_mainline_profile_v2_3_2\48_1\activity_48_1_coverage_diagnosis_v2_3_2.csv,True,84,route_window_start_m|route_window_end_m|behavior_summary_exists|projected_rows_in_window|valid_mainline_behavior_rows|near_activity_points_within_20m|min_2d_distance_m|p05_2d_distance_m|assigned_projected_min_near|assigned_projected_max_near|route_class_mode_near|projection_status_mode_near|coverage_gap_flag|coverage_gap_type|interpretation_boundary,route_semantic_context_not_fork_inventory,False,"Route semantic, surface, guidepost, facility, trail, path, road, or way context exists, but it is not a governed fork/decision point inventory."
outputs\report_figures\ch6_single_activity_mainline_profile_v2_3_2\48_1\activity_48_1_mainline_50m_summary_v2_3_2.csv,True,84,route_window_start_m|standard_slope_pct_median|standard_surface_class|standard_near_shelter|standard_near_guidepost|standard_near_waterway|route_window_end_m|point_count|elapsed_start_sec|elapsed_end_sec|heart_rate_bpm_median|heart_rate_bpm_p25|heart_rate_bpm_p75|speed_mps_median|speed_mps_p25|speed_mps_p75|slow_moving_ratio|stopped_ratio|review_ratio|excluded_point_count|activity_behavior_interpretation_boundary,route_semantic_context_not_fork_inventory,False,"Route semantic, surface, guidepost, facility, trail, path, road, or way context exists, but it is not a governed fork/decision point inventory."
outputs\report_figures\ch6_single_activity_mainline_profile_v2_3_2\48_1\activity_48_1_time_axis_qa_v2_3_2.csv,True,1,activity_id|input_row_count|mainline_row_count|connector_row_count|off_target_row_count|off_target_elapsed_start_sec|off_target_start_fraction|artifact_row_count|gps_drift_row_count|upstream_v1l2_large_jump_ge500_count|v2_3_large_jump_ge500_count|upstream_v1l2_shelter_axis_flip_count|v2_3_shelter_axis_flip_count|v2_3_joined_mainline_count|v2_3_far_mainline_count|shelter_route_occurrence_count|shelter_physical_reference_cluster_count|coverage_gap_windows_count|mainline_route_axis_assignment_review_count|no_activity_near_route_window_count|filtered_by_qa_conditions_count|coverage_gap_type_distribution|figure_role_recommendation|projection_conclusion,route_semantic_context_not_fork_inventory,False,"Route semantic, surface, guidepost, facility, trail, path, road, or way context exists, but it is not a governed fork/decision point inventory."
outputs\report_figures\ch6_single_activity_mainline_profile_v2_3_2\6_1\activity_6_1_coverage_diagnosis_v2_3_2.csv,True,84,route_window_start_m|route_window_end_m|behavior_summary_exists|projected_rows_in_window|valid_mainline_behavior_rows|near_activity_points_within_20m|min_2d_distance_m|p05_2d_distance_m|assigned_projected_min_near|assigned_projected_max_near|route_class_mode_near|projection_status_mode_near|coverage_gap_flag|coverage_gap_type|interpretation_boundary,route_semantic_context_not_fork_inventory,False,"Route semantic, surface, guidepost, facility, trail, path, road, or way context exists, but it is not a governed fork/decision point inventory."
outputs\report_figures\ch6_single_activity_mainline_profile_v2_3_2\6_1\activity_6_1_mainline_50m_summary_v2_3_2.csv,True,84,route_window_start_m|standard_slope_pct_median|standard_surface_class|standard_near_shelter|standard_near_guidepost|standard_near_waterway|route_window_end_m|point_count|elapsed_start_sec|elapsed_end_sec|heart_rate_bpm_median|heart_rate_bpm_p25|heart_rate_bpm_p75|speed_mps_median|speed_mps_p25|speed_mps_p75|slow_moving_ratio|stopped_ratio|review_ratio|excluded_point_count|activity_behavior_interpretation_boundary,route_semantic_context_not_fork_inventory,False,"Route semantic, surface, guidepost, facility, trail, path, road, or way context exists, but it is not a governed fork/decision point inventory."
outputs\report_figures\ch6_single_activity_mainline_profile_v2_3_2\6_1\activity_6_1_time_axis_qa_v2_3_2.csv,True,1,activity_id|input_row_count|mainline_row_count|connector_row_count|off_target_row_count|off_target_elapsed_start_sec|off_target_start_fraction|artifact_row_count|gps_drift_row_count|upstream_v1l2_large_jump_ge500_count|v2_3_large_jump_ge500_count|upstream_v1l2_shelter_axis_flip_count|v2_3_shelter_axis_flip_count|v2_3_joined_mainline_count|v2_3_far_mainline_count|shelter_route_occurrence_count|shelter_physical_reference_cluster_count|coverage_gap_windows_count|mainline_route_axis_assignment_review_count|no_activity_near_route_window_count|filtered_by_qa_conditions_count|coverage_gap_type_distribution|figure_role_recommendation|projection_conclusion,route_semantic_context_not_fork_inventory,False,"Route semantic, surface, guidepost, facility, trail, path, road, or way context exists, but it is not a governed fork/decision point inventory."
outputs\report_figures\ch6_single_activity_mainline_profile_v2_3_2\8_1\activity_8_1_coverage_diagnosis_v2_3_2.csv,True,84,route_window_start_m|route_window_end_m|behavior_summary_exists|projected_rows_in_window|valid_mainline_behavior_rows|near_activity_points_within_20m|min_2d_distance_m|p05_2d_distance_m|assigned_projected_min_near|assigned_projected_max_near|route_class_mode_near|projection_status_mode_near|coverage_gap_flag|coverage_gap_type|interpretation_boundary,route_semantic_context_not_fork_inventory,False,"Route semantic, surface, guidepost, facility, trail, path, road, or way context exists, but it is not a governed fork/decision point inventory."
outputs\report_figures\ch6_single_activity_mainline_profile_v2_3_2\8_1\activity_8_1_mainline_50m_summary_v2_3_2.csv,True,84,route_window_start_m|standard_slope_pct_median|standard_surface_class|standard_near_shelter|standard_near_guidepost|standard_near_waterway|route_window_end_m|point_count|elapsed_start_sec|elapsed_end_sec|heart_rate_bpm_median|heart_rate_bpm_p25|heart_rate_bpm_p75|speed_mps_median|speed_mps_p25|speed_mps_p75|slow_moving_ratio|stopped_ratio|review_ratio|excluded_point_count|activity_behavior_interpretation_boundary,route_semantic_context_not_fork_inventory,False,"Route semantic, surface, guidepost, facility, trail, path, road, or way context exists, but it is not a governed fork/decision point inventory."
outputs\report_figures\ch6_single_activity_mainline_profile_v2_3_2\8_1\activity_8_1_time_axis_qa_v2_3_2.csv,True,1,activity_id|input_row_count|mainline_row_count|connector_row_count|off_target_row_count|off_target_elapsed_start_sec|off_target_start_fraction|artifact_row_count|gps_drift_row_count|upstream_v1l2_large_jump_ge500_count|v2_3_large_jump_ge500_count|upstream_v1l2_shelter_axis_flip_count|v2_3_shelter_axis_flip_count|v2_3_joined_mainline_count|v2_3_far_mainline_count|shelter_route_occurrence_count|shelter_physical_reference_cluster_count|coverage_gap_windows_count|mainline_route_axis_assignment_review_count|no_activity_near_route_window_count|filtered_by_qa_conditions_count|coverage_gap_type_distribution|figure_role_recommendation|projection_conclusion,route_semantic_context_not_fork_inventory,False,"Route semantic, surface, guidepost, facility, trail, path, road, or way context exists, but it is not a governed fork/decision point inventory."
outputs\report_figures\ch6_single_activity_mainline_profile_v2_3_2\9_1\activity_9_1_coverage_diagnosis_v2_3_2.csv,True,84,route_window_start_m|route_window_end_m|behavior_summary_exists|projected_rows_in_window|valid_mainline_behavior_rows|near_activity_points_within_20m|min_2d_distance_m|p05_2d_distance_m|assigned_projected_min_near|assigned_projected_max_near|route_class_mode_near|projection_status_mode_near|coverage_gap_flag|coverage_gap_type|interpretation_boundary,route_semantic_context_not_fork_inventory,False,"Route semantic, surface, guidepost, facility, trail, path, road, or way context exists, but it is not a governed fork/decision point inventory."
outputs\report_figures\ch6_single_activity_mainline_profile_v2_3_2\9_1\activity_9_1_mainline_50m_summary_v2_3_2.csv,True,84,route_window_start_m|standard_slope_pct_median|standard_surface_class|standard_near_shelter|standard_near_guidepost|standard_near_waterway|route_window_end_m|point_count|elapsed_start_sec|elapsed_end_sec|heart_rate_bpm_median|heart_rate_bpm_p25|heart_rate_bpm_p75|speed_mps_median|speed_mps_p25|speed_mps_p75|slow_moving_ratio|stopped_ratio|review_ratio|excluded_point_count|activity_behavior_interpretation_boundary,route_semantic_context_not_fork_inventory,False,"Route semantic, surface, guidepost, facility, trail, path, road, or way context exists, but it is not a governed fork/decision point inventory."
outputs\report_figures\ch6_single_activity_mainline_profile_v2_3_2\9_1\activity_9_1_time_axis_qa_v2_3_2.csv,True,1,activity_id|input_row_count|mainline_row_count|connector_row_count|off_target_row_count|off_target_elapsed_start_sec|off_target_start_fraction|artifact_row_count|gps_drift_row_count|upstream_v1l2_large_jump_ge500_count|v2_3_large_jump_ge500_count|upstream_v1l2_shelter_axis_flip_count|v2_3_shelter_axis_flip_count|v2_3_joined_mainline_count|v2_3_far_mainline_count|shelter_route_occurrence_count|shelter_physical_reference_cluster_count|coverage_gap_windows_count|mainline_route_axis_assignment_review_count|no_activity_near_route_window_count|filtered_by_qa_conditions_count|coverage_gap_type_distribution|figure_role_recommendation|projection_conclusion,route_semantic_context_not_fork_inventory,False,"Route semantic, surface, guidepost, facility, trail, path, road, or way context exists, but it is not a governed fork/decision point inventory."
outputs\report_figures\ch6_single_activity_mainline_profile_v2_3_2\ch6_5_mainline_profile_v2_3_2_master_summary.csv,True,26,activity_id|input_row_count|mainline_row_count|connector_row_count|off_target_row_count|off_target_elapsed_start_sec|off_target_start_fraction|artifact_row_count|gps_drift_row_count|upstream_v1l2_large_jump_ge500_count|v2_3_large_jump_ge500_count|upstream_v1l2_shelter_axis_flip_count|v2_3_shelter_axis_flip_count|v2_3_joined_mainline_count|v2_3_far_mainline_count|shelter_route_occurrence_count|shelter_physical_reference_cluster_count|coverage_gap_windows_count|mainline_route_axis_assignment_review_count|no_activity_near_route_window_count|filtered_by_qa_conditions_count|coverage_gap_type_distribution|figure_role_recommendation|projection_conclusion|projected_csv|summary_csv|coverage_csv|qa_csv|shelter_csv|figure_png|report_md,route_semantic_context_not_fork_inventory,False,"Route semantic, surface, guidepost, facility, trail, path, road, or way context exists, but it is not a governed fork/decision point inventory."
outputs\report_figures\ch6_single_activity_mainline_profile_v2_3_3\15_1\activity_15_1_coverage_diagnosis_v2_3_3.csv,True,84,route_window_start_m|route_window_end_m|behavior_summary_exists|projected_rows_in_window|valid_mainline_behavior_rows|near_activity_points_within_20m|min_2d_distance_m|p05_2d_distance_m|assigned_projected_min_near|assigned_projected_max_near|route_class_mode_near|projection_status_mode_near|coverage_gap_flag|coverage_gap_type|interpretation_boundary,route_semantic_context_not_fork_inventory,False,"Route semantic, surface, guidepost, facility, trail, path, road, or way context exists, but it is not a governed fork/decision point inventory."
outputs\report_figures\ch6_single_activity_mainline_profile_v2_3_3\15_1\activity_15_1_mainline_50m_summary_v2_3_3.csv,True,84,route_window_start_m|standard_slope_pct_median|standard_surface_class|standard_near_shelter|standard_near_guidepost|standard_near_waterway|route_window_end_m|point_count|elapsed_start_sec|elapsed_end_sec|heart_rate_bpm_median|heart_rate_bpm_p25|heart_rate_bpm_p75|speed_mps_median|speed_mps_p25|speed_mps_p75|slow_moving_ratio|stopped_ratio|review_ratio|excluded_point_count|activity_behavior_interpretation_boundary,route_semantic_context_not_fork_inventory,False,"Route semantic, surface, guidepost, facility, trail, path, road, or way context exists, but it is not a governed fork/decision point inventory."
outputs\report_figures\ch6_single_activity_mainline_profile_v2_3_3\15_1\activity_15_1_time_axis_qa_v2_3_3.csv,True,1,activity_id|input_row_count|mainline_row_count|connector_row_count|off_target_row_count|off_target_elapsed_start_sec|off_target_start_fraction|artifact_row_count|gps_drift_row_count|upstream_v1l2_large_jump_ge500_count|v2_3_large_jump_ge500_count|upstream_v1l2_shelter_axis_flip_count|v2_3_shelter_axis_flip_count|v2_3_joined_mainline_count|v2_3_far_mainline_count|shelter_route_occurrence_count|shelter_physical_reference_cluster_count|shelter_route_proximity_run_count|shelter_proximity_run_physical_cluster_count|coverage_gap_windows_count|mainline_route_axis_assignment_review_count|no_activity_near_route_window_count|filtered_by_qa_conditions_count|coverage_gap_type_distribution|figure_role_recommendation|projection_conclusion,route_semantic_context_not_fork_inventory,False,"Route semantic, surface, guidepost, facility, trail, path, road, or way context exists, but it is not a governed fork/decision point inventory."
outputs\report_figures\ch6_single_activity_mainline_profile_v2_3_3\8_1\activity_8_1_coverage_diagnosis_v2_3_3.csv,True,84,route_window_start_m|route_window_end_m|behavior_summary_exists|projected_rows_in_window|valid_mainline_behavior_rows|near_activity_points_within_20m|min_2d_distance_m|p05_2d_distance_m|assigned_projected_min_near|assigned_projected_max_near|route_class_mode_near|projection_status_mode_near|coverage_gap_flag|coverage_gap_type|interpretation_boundary,route_semantic_context_not_fork_inventory,False,"Route semantic, surface, guidepost, facility, trail, path, road, or way context exists, but it is not a governed fork/decision point inventory."
outputs\report_figures\ch6_single_activity_mainline_profile_v2_3_3\8_1\activity_8_1_mainline_50m_summary_v2_3_3.csv,True,84,route_window_start_m|standard_slope_pct_median|standard_surface_class|standard_near_shelter|standard_near_guidepost|standard_near_waterway|route_window_end_m|point_count|elapsed_start_sec|elapsed_end_sec|heart_rate_bpm_median|heart_rate_bpm_p25|heart_rate_bpm_p75|speed_mps_median|speed_mps_p25|speed_mps_p75|slow_moving_ratio|stopped_ratio|review_ratio|excluded_point_count|activity_behavior_interpretation_boundary,route_semantic_context_not_fork_inventory,False,"Route semantic, surface, guidepost, facility, trail, path, road, or way context exists, but it is not a governed fork/decision point inventory."
outputs\report_figures\ch6_single_activity_mainline_profile_v2_3_3\8_1\activity_8_1_time_axis_qa_v2_3_3.csv,True,1,activity_id|input_row_count|mainline_row_count|connector_row_count|off_target_row_count|off_target_elapsed_start_sec|off_target_start_fraction|artifact_row_count|gps_drift_row_count|upstream_v1l2_large_jump_ge500_count|v2_3_large_jump_ge500_count|upstream_v1l2_shelter_axis_flip_count|v2_3_shelter_axis_flip_count|v2_3_joined_mainline_count|v2_3_far_mainline_count|shelter_route_occurrence_count|shelter_physical_reference_cluster_count|shelter_route_proximity_run_count|shelter_proximity_run_physical_cluster_count|coverage_gap_windows_count|mainline_route_axis_assignment_review_count|no_activity_near_route_window_count|filtered_by_qa_conditions_count|coverage_gap_type_distribution|figure_role_recommendation|projection_conclusion,route_semantic_context_not_fork_inventory,False,"Route semantic, surface, guidepost, facility, trail, path, road, or way context exists, but it is not a governed fork/decision point inventory."
outputs\report_figures\ch6_single_activity_mainline_profile_v2_3_3\ch6_5_mainline_profile_v2_3_3_master_summary.csv,True,2,activity_id|input_row_count|mainline_row_count|connector_row_count|off_target_row_count|off_target_elapsed_start_sec|off_target_start_fraction|artifact_row_count|gps_drift_row_count|upstream_v1l2_large_jump_ge500_count|v2_3_large_jump_ge500_count|upstream_v1l2_shelter_axis_flip_count|v2_3_shelter_axis_flip_count|v2_3_joined_mainline_count|v2_3_far_mainline_count|shelter_route_occurrence_count|shelter_physical_reference_cluster_count|shelter_route_proximity_run_count|shelter_proximity_run_physical_cluster_count|coverage_gap_windows_count|mainline_route_axis_assignment_review_count|no_activity_near_route_window_count|filtered_by_qa_conditions_count|coverage_gap_type_distribution|figure_role_recommendation|projection_conclusion|projected_csv|summary_csv|coverage_csv|qa_csv|shelter_csv|figure_png|report_md,route_semantic_context_not_fork_inventory,False,"Route semantic, surface, guidepost, facility, trail, path, road, or way context exists, but it is not a governed fork/decision point inventory."
outputs\report_figures\ch6_single_activity_mainline_projection_v2_2\activity_8_1\ch6_5_activity_8_1_mainline_projected_bins_v2_2.csv,True,84,route_bin_start_m|route_bin_end_m|route_bin_mid_m|route_points_n|activity_points_all_n|activity_points_mainline_n|heart_rate_median_bpm|speed_median_mps|moving_ratio|slow_moving_ratio|stopped_ratio|low_confidence_review_ratio|unknown_review_ratio|projection_distance_median|projection_ambiguity_ratio|projection_jump_ratio|off_target_ratio_all|artifact_ratio_all|route_class_mode_all|movement_state_mode_mainline|slope_pct_median|surface_class_mode|osm_highway_mode|near_shelter_reference|near_guidepost_reference|near_waterway_reference|risk_band_mode|terrain_score_median|effort_score_median|exposure_score_median,route_semantic_context_not_fork_inventory,False,"Route semantic, surface, guidepost, facility, trail, path, road, or way context exists, but it is not a governed fork/decision point inventory."
outputs\report_figures\ch6_single_activity_mainline_projection_v2_2\activity_8_1\ch6_5_activity_8_1_shelter_reference_runs_v2_2.csv,True,4,run_id|start_m|end_m|mid_m|lat_mid|lon_mid|dist_shelter_m_mid|surface_class_mid,route_semantic_context_not_fork_inventory,False,"Route semantic, surface, guidepost, facility, trail, path, road, or way context exists, but it is not a governed fork/decision point inventory."
outputs\report_figures\ch6_single_activity_mainline_projection_v2_2\ch6_5_mainline_projection_v2_2_master_summary.csv,True,1,activity_id|status|activity_csv|coordinate_source|coordinate_columns|total_points|mainline_behavior_points|off_target_points|artifact_points|far_projection_points|projection_ambiguity_points|projection_jump_points|projected_distance_min_m|projected_distance_max_m|projection_distance_median_m|shelter_reference_raw_runs|shelter_reference_occurrences_after_gap_merge|projected_points_csv|bin_summary_csv|figure_png|report_md,route_semantic_context_not_fork_inventory,False,"Route semantic, surface, guidepost, facility, trail, path, road, or way context exists, but it is not a governed fork/decision point inventory."
outputs\report_figures\ch6_single_activity_mainline_projection_v2_2_1\activity_8_1\ch6_5_activity_8_1_mainline_projected_bins_v2_2.csv,True,84,route_bin_start_m|route_bin_end_m|route_bin_mid_m|route_points_n|activity_points_all_n|activity_points_mainline_n|heart_rate_median_bpm|speed_median_mps|moving_ratio|slow_moving_ratio|stopped_ratio|low_confidence_review_ratio|unknown_review_ratio|projection_distance_median|projection_ambiguity_ratio|projection_jump_ratio|off_target_ratio_all|artifact_ratio_all|route_class_mode_all|movement_state_mode_mainline|slope_pct_median|surface_class_mode|osm_highway_mode|near_shelter_reference|near_guidepost_reference|near_waterway_reference|risk_band_mode|terrain_score_median|effort_score_median|exposure_score_median,route_semantic_context_not_fork_inventory,False,"Route semantic, surface, guidepost, facility, trail, path, road, or way context exists, but it is not a governed fork/decision point inventory."
outputs\report_figures\ch6_single_activity_mainline_projection_v2_2_1\activity_8_1\ch6_5_activity_8_1_shelter_reference_runs_v2_2.csv,True,4,run_id|start_m|end_m|mid_m|lat_mid|lon_mid|dist_shelter_m_mid|surface_class_mid,route_semantic_context_not_fork_inventory,False,"Route semantic, surface, guidepost, facility, trail, path, road, or way context exists, but it is not a governed fork/decision point inventory."
outputs\report_figures\ch6_single_activity_mainline_projection_v2_2_1\ch6_5_mainline_projection_v2_2_master_summary.csv,True,1,activity_id|status|activity_csv|coordinate_source|coordinate_columns|total_points|mainline_behavior_points|off_target_points|artifact_points|far_projection_points|projection_ambiguity_points|projection_jump_points|projected_distance_min_m|projected_distance_max_m|projection_distance_median_m|shelter_reference_raw_runs|shelter_reference_occurrences_after_gap_merge|projected_points_csv|bin_summary_csv|figure_png|report_md,route_semantic_context_not_fork_inventory,False,"Route semantic, surface, guidepost, facility, trail, path, road, or way context exists, but it is not a governed fork/decision point inventory."
outputs\report_figures\ch6_single_activity_surface_profiles_v2\activity_8_1\ch6_5_single_activity_surface_profile_8_1_v2.csv,True,4188,route_distance_m|dist_m|lat|lon|osm_highway|osm_surface|surface_class|route_semantic_class|osm_is_steps|slope_pct|slope_window_nlsc|near_shelter|dist_shelter_m|near_guidepost|dist_guidepost_m|near_peak|dist_peak_m|near_trailhead|dist_trailhead_m|near_waterway|dist_waterway_m|near_bench|dist_bench_m|near_picnic_table|dist_picnic_table_m|source_route_distance_m|surface_type|surface_label|slope_pct_raw|slope_pct_plot|slope_source|slope_method|surface_method|activity_id_short_x|behavior_window_start_m|activity_id_short_y|behavior_window_end_m|source_window_row_count|point_count|route_phase|speed_mps_median|speed_mps_p25|speed_mps_p75|low_speed_ratio_mean|low_speed_ratio_median|stopped_ratio_mean|stopped_ratio_median|heart_rate_bpm_median|heart_rate_bpm_p25|heart_rate_bpm_p75|route_load_context_band|calibrated_slope_pct_median_behavior|ib2_terrain_evidence_median|ib2_effort_evidence_median|ib2_exposure_evidence_median|near_steps_ratio|near_guidepost_ratio|near_shelter_ratio|near_waterway_ratio|near_cliff_ratio|near_road_ratio|osm_exposure_types|window_qa_flags|interpretation_boundary|behavior_grain_note|activity_count|event_types_at_marker_m|event_labels_at_marker_m|profile_interpretation_boundary,route_semantic_context_not_fork_inventory,False,"Route semantic, surface, guidepost, facility, trail, path, road, or way context exists, but it is not a governed fork/decision point inventory."
outputs\report_figures\ch6_single_activity_surface_profiles_v2_1\activity_13_1\ch6_5_single_activity_surface_profile_13_1_v2_1.csv,True,4188,route_distance_m|dist_m|lat|lon|osm_highway|osm_surface|surface_class|route_semantic_class|osm_is_steps|slope_pct|slope_window_nlsc|near_shelter|dist_shelter_m|near_guidepost|dist_guidepost_m|near_peak|dist_peak_m|near_trailhead|dist_trailhead_m|near_waterway|dist_waterway_m|near_bench|dist_bench_m|near_picnic_table|dist_picnic_table_m|source_route_distance_m|surface_type|surface_label|slope_pct_raw|slope_pct_plot|slope_source|slope_method|surface_method|activity_id_short_x|behavior_window_start_m|activity_id_short_y|behavior_window_end_m|source_window_row_count|point_count|route_phase|speed_mps_median|speed_mps_p25|speed_mps_p75|low_speed_ratio_mean|low_speed_ratio_median|stopped_ratio_mean|stopped_ratio_median|heart_rate_bpm_median|heart_rate_bpm_p25|heart_rate_bpm_p75|route_load_context_band|calibrated_slope_pct_median_behavior|ib2_terrain_evidence_median|ib2_effort_evidence_median|ib2_exposure_evidence_median|near_steps_ratio|near_guidepost_ratio|near_shelter_ratio|near_waterway_ratio|near_cliff_ratio|near_road_ratio|osm_exposure_types|window_qa_flags|interpretation_boundary|behavior_grain_note|activity_count|event_types_at_marker_m|event_labels_at_marker_m|profile_interpretation_boundary,route_semantic_context_not_fork_inventory,False,"Route semantic, surface, guidepost, facility, trail, path, road, or way context exists, but it is not a governed fork/decision point inventory."
outputs\report_figures\ch6_single_activity_surface_profiles_v2_1\activity_14_1\ch6_5_single_activity_surface_profile_14_1_v2_1.csv,True,4188,route_distance_m|dist_m|lat|lon|osm_highway|osm_surface|surface_class|route_semantic_class|osm_is_steps|slope_pct|slope_window_nlsc|near_shelter|dist_shelter_m|near_guidepost|dist_guidepost_m|near_peak|dist_peak_m|near_trailhead|dist_trailhead_m|near_waterway|dist_waterway_m|near_bench|dist_bench_m|near_picnic_table|dist_picnic_table_m|source_route_distance_m|surface_type|surface_label|slope_pct_raw|slope_pct_plot|slope_source|slope_method|surface_method|activity_id_short_x|behavior_window_start_m|activity_id_short_y|behavior_window_end_m|source_window_row_count|point_count|route_phase|speed_mps_median|speed_mps_p25|speed_mps_p75|low_speed_ratio_mean|low_speed_ratio_median|stopped_ratio_mean|stopped_ratio_median|heart_rate_bpm_median|heart_rate_bpm_p25|heart_rate_bpm_p75|route_load_context_band|calibrated_slope_pct_median_behavior|ib2_terrain_evidence_median|ib2_effort_evidence_median|ib2_exposure_evidence_median|near_steps_ratio|near_guidepost_ratio|near_shelter_ratio|near_waterway_ratio|near_cliff_ratio|near_road_ratio|osm_exposure_types|window_qa_flags|interpretation_boundary|behavior_grain_note|activity_count|event_types_at_marker_m|event_labels_at_marker_m|profile_interpretation_boundary,route_semantic_context_not_fork_inventory,False,"Route semantic, surface, guidepost, facility, trail, path, road, or way context exists, but it is not a governed fork/decision point inventory."
outputs\report_figures\ch6_single_activity_surface_profiles_v2_1\activity_15_1\ch6_5_single_activity_surface_profile_15_1_v2_1.csv,True,4188,route_distance_m|dist_m|lat|lon|osm_highway|osm_surface|surface_class|route_semantic_class|osm_is_steps|slope_pct|slope_window_nlsc|near_shelter|dist_shelter_m|near_guidepost|dist_guidepost_m|near_peak|dist_peak_m|near_trailhead|dist_trailhead_m|near_waterway|dist_waterway_m|near_bench|dist_bench_m|near_picnic_table|dist_picnic_table_m|source_route_distance_m|surface_type|surface_label|slope_pct_raw|slope_pct_plot|slope_source|slope_method|surface_method|activity_id_short_x|behavior_window_start_m|activity_id_short_y|behavior_window_end_m|source_window_row_count|point_count|route_phase|speed_mps_median|speed_mps_p25|speed_mps_p75|low_speed_ratio_mean|low_speed_ratio_median|stopped_ratio_mean|stopped_ratio_median|heart_rate_bpm_median|heart_rate_bpm_p25|heart_rate_bpm_p75|route_load_context_band|calibrated_slope_pct_median_behavior|ib2_terrain_evidence_median|ib2_effort_evidence_median|ib2_exposure_evidence_median|near_steps_ratio|near_guidepost_ratio|near_shelter_ratio|near_waterway_ratio|near_cliff_ratio|near_road_ratio|osm_exposure_types|window_qa_flags|interpretation_boundary|behavior_grain_note|activity_count|event_types_at_marker_m|event_labels_at_marker_m|profile_interpretation_boundary,route_semantic_context_not_fork_inventory,False,"Route semantic, surface, guidepost, facility, trail, path, road, or way context exists, but it is not a governed fork/decision point inventory."
outputs\report_figures\ch6_single_activity_surface_profiles_v2_1\activity_16_1\ch6_5_single_activity_surface_profile_16_1_v2_1.csv,True,4188,route_distance_m|dist_m|lat|lon|osm_highway|osm_surface|surface_class|route_semantic_class|osm_is_steps|slope_pct|slope_window_nlsc|near_shelter|dist_shelter_m|near_guidepost|dist_guidepost_m|near_peak|dist_peak_m|near_trailhead|dist_trailhead_m|near_waterway|dist_waterway_m|near_bench|dist_bench_m|near_picnic_table|dist_picnic_table_m|source_route_distance_m|surface_type|surface_label|slope_pct_raw|slope_pct_plot|slope_source|slope_method|surface_method|activity_id_short_x|behavior_window_start_m|activity_id_short_y|behavior_window_end_m|source_window_row_count|point_count|route_phase|speed_mps_median|speed_mps_p25|speed_mps_p75|low_speed_ratio_mean|low_speed_ratio_median|stopped_ratio_mean|stopped_ratio_median|heart_rate_bpm_median|heart_rate_bpm_p25|heart_rate_bpm_p75|route_load_context_band|calibrated_slope_pct_median_behavior|ib2_terrain_evidence_median|ib2_effort_evidence_median|ib2_exposure_evidence_median|near_steps_ratio|near_guidepost_ratio|near_shelter_ratio|near_waterway_ratio|near_cliff_ratio|near_road_ratio|osm_exposure_types|window_qa_flags|interpretation_boundary|behavior_grain_note|activity_count|event_types_at_marker_m|event_labels_at_marker_m|profile_interpretation_boundary,route_semantic_context_not_fork_inventory,False,"Route semantic, surface, guidepost, facility, trail, path, road, or way context exists, but it is not a governed fork/decision point inventory."
outputs\report_figures\ch6_single_activity_surface_profiles_v2_1\activity_20_1\ch6_5_single_activity_surface_profile_20_1_v2_1.csv,True,4188,route_distance_m|dist_m|lat|lon|osm_highway|osm_surface|surface_class|route_semantic_class|osm_is_steps|slope_pct|slope_window_nlsc|near_shelter|dist_shelter_m|near_guidepost|dist_guidepost_m|near_peak|dist_peak_m|near_trailhead|dist_trailhead_m|near_waterway|dist_waterway_m|near_bench|dist_bench_m|near_picnic_table|dist_picnic_table_m|source_route_distance_m|surface_type|surface_label|slope_pct_raw|slope_pct_plot|slope_source|slope_method|surface_method|activity_id_short_x|behavior_window_start_m|activity_id_short_y|behavior_window_end_m|source_window_row_count|point_count|route_phase|speed_mps_median|speed_mps_p25|speed_mps_p75|low_speed_ratio_mean|low_speed_ratio_median|stopped_ratio_mean|stopped_ratio_median|heart_rate_bpm_median|heart_rate_bpm_p25|heart_rate_bpm_p75|route_load_context_band|calibrated_slope_pct_median_behavior|ib2_terrain_evidence_median|ib2_effort_evidence_median|ib2_exposure_evidence_median|near_steps_ratio|near_guidepost_ratio|near_shelter_ratio|near_waterway_ratio|near_cliff_ratio|near_road_ratio|osm_exposure_types|window_qa_flags|interpretation_boundary|behavior_grain_note|activity_count|event_types_at_marker_m|event_labels_at_marker_m|profile_interpretation_boundary,route_semantic_context_not_fork_inventory,False,"Route semantic, surface, guidepost, facility, trail, path, road, or way context exists, but it is not a governed fork/decision point inventory."
outputs\report_figures\ch6_single_activity_surface_profiles_v2_1\activity_23_1\ch6_5_single_activity_surface_profile_23_1_v2_1.csv,True,4188,route_distance_m|dist_m|lat|lon|osm_highway|osm_surface|surface_class|route_semantic_class|osm_is_steps|slope_pct|slope_window_nlsc|near_shelter|dist_shelter_m|near_guidepost|dist_guidepost_m|near_peak|dist_peak_m|near_trailhead|dist_trailhead_m|near_waterway|dist_waterway_m|near_bench|dist_bench_m|near_picnic_table|dist_picnic_table_m|source_route_distance_m|surface_type|surface_label|slope_pct_raw|slope_pct_plot|slope_source|slope_method|surface_method|activity_id_short_x|behavior_window_start_m|activity_id_short_y|behavior_window_end_m|source_window_row_count|point_count|route_phase|speed_mps_median|speed_mps_p25|speed_mps_p75|low_speed_ratio_mean|low_speed_ratio_median|stopped_ratio_mean|stopped_ratio_median|heart_rate_bpm_median|heart_rate_bpm_p25|heart_rate_bpm_p75|route_load_context_band|calibrated_slope_pct_median_behavior|ib2_terrain_evidence_median|ib2_effort_evidence_median|ib2_exposure_evidence_median|near_steps_ratio|near_guidepost_ratio|near_shelter_ratio|near_waterway_ratio|near_cliff_ratio|near_road_ratio|osm_exposure_types|window_qa_flags|interpretation_boundary|behavior_grain_note|activity_count|event_types_at_marker_m|event_labels_at_marker_m|profile_interpretation_boundary,route_semantic_context_not_fork_inventory,False,"Route semantic, surface, guidepost, facility, trail, path, road, or way context exists, but it is not a governed fork/decision point inventory."
outputs\report_figures\ch6_single_activity_surface_profiles_v2_1\activity_28_1\ch6_5_single_activity_surface_profile_28_1_v2_1.csv,True,4188,route_distance_m|dist_m|lat|lon|osm_highway|osm_surface|surface_class|route_semantic_class|osm_is_steps|slope_pct|slope_window_nlsc|near_shelter|dist_shelter_m|near_guidepost|dist_guidepost_m|near_peak|dist_peak_m|near_trailhead|dist_trailhead_m|near_waterway|dist_waterway_m|near_bench|dist_bench_m|near_picnic_table|dist_picnic_table_m|source_route_distance_m|surface_type|surface_label|slope_pct_raw|slope_pct_plot|slope_source|slope_method|surface_method|activity_id_short_x|behavior_window_start_m|activity_id_short_y|behavior_window_end_m|source_window_row_count|point_count|route_phase|speed_mps_median|speed_mps_p25|speed_mps_p75|low_speed_ratio_mean|low_speed_ratio_median|stopped_ratio_mean|stopped_ratio_median|heart_rate_bpm_median|heart_rate_bpm_p25|heart_rate_bpm_p75|route_load_context_band|calibrated_slope_pct_median_behavior|ib2_terrain_evidence_median|ib2_effort_evidence_median|ib2_exposure_evidence_median|near_steps_ratio|near_guidepost_ratio|near_shelter_ratio|near_waterway_ratio|near_cliff_ratio|near_road_ratio|osm_exposure_types|window_qa_flags|interpretation_boundary|behavior_grain_note|activity_count|event_types_at_marker_m|event_labels_at_marker_m|profile_interpretation_boundary,route_semantic_context_not_fork_inventory,False,"Route semantic, surface, guidepost, facility, trail, path, road, or way context exists, but it is not a governed fork/decision point inventory."
outputs\report_figures\ch6_single_activity_surface_profiles_v2_1\activity_29_1\ch6_5_single_activity_surface_profile_29_1_v2_1.csv,True,4188,route_distance_m|dist_m|lat|lon|osm_highway|osm_surface|surface_class|route_semantic_class|osm_is_steps|slope_pct|slope_window_nlsc|near_shelter|dist_shelter_m|near_guidepost|dist_guidepost_m|near_peak|dist_peak_m|near_trailhead|dist_trailhead_m|near_waterway|dist_waterway_m|near_bench|dist_bench_m|near_picnic_table|dist_picnic_table_m|source_route_distance_m|surface_type|surface_label|slope_pct_raw|slope_pct_plot|slope_source|slope_method|surface_method|activity_id_short_x|behavior_window_start_m|activity_id_short_y|behavior_window_end_m|source_window_row_count|point_count|route_phase|speed_mps_median|speed_mps_p25|speed_mps_p75|low_speed_ratio_mean|low_speed_ratio_median|stopped_ratio_mean|stopped_ratio_median|heart_rate_bpm_median|heart_rate_bpm_p25|heart_rate_bpm_p75|route_load_context_band|calibrated_slope_pct_median_behavior|ib2_terrain_evidence_median|ib2_effort_evidence_median|ib2_exposure_evidence_median|near_steps_ratio|near_guidepost_ratio|near_shelter_ratio|near_waterway_ratio|near_cliff_ratio|near_road_ratio|osm_exposure_types|window_qa_flags|interpretation_boundary|behavior_grain_note|activity_count|event_types_at_marker_m|event_labels_at_marker_m|profile_interpretation_boundary,route_semantic_context_not_fork_inventory,False,"Route semantic, surface, guidepost, facility, trail, path, road, or way context exists, but it is not a governed fork/decision point inventory."
outputs\report_figures\ch6_single_activity_surface_profiles_v2_1\activity_30_1\ch6_5_single_activity_surface_profile_30_1_v2_1.csv,True,4188,route_distance_m|dist_m|lat|lon|osm_highway|osm_surface|surface_class|route_semantic_class|osm_is_steps|slope_pct|slope_window_nlsc|near_shelter|dist_shelter_m|near_guidepost|dist_guidepost_m|near_peak|dist_peak_m|near_trailhead|dist_trailhead_m|near_waterway|dist_waterway_m|near_bench|dist_bench_m|near_picnic_table|dist_picnic_table_m|source_route_distance_m|surface_type|surface_label|slope_pct_raw|slope_pct_plot|slope_source|slope_method|surface_method|activity_id_short_x|behavior_window_start_m|activity_id_short_y|behavior_window_end_m|source_window_row_count|point_count|route_phase|speed_mps_median|speed_mps_p25|speed_mps_p75|low_speed_ratio_mean|low_speed_ratio_median|stopped_ratio_mean|stopped_ratio_median|heart_rate_bpm_median|heart_rate_bpm_p25|heart_rate_bpm_p75|route_load_context_band|calibrated_slope_pct_median_behavior|ib2_terrain_evidence_median|ib2_effort_evidence_median|ib2_exposure_evidence_median|near_steps_ratio|near_guidepost_ratio|near_shelter_ratio|near_waterway_ratio|near_cliff_ratio|near_road_ratio|osm_exposure_types|window_qa_flags|interpretation_boundary|behavior_grain_note|activity_count|event_types_at_marker_m|event_labels_at_marker_m|profile_interpretation_boundary,route_semantic_context_not_fork_inventory,False,"Route semantic, surface, guidepost, facility, trail, path, road, or way context exists, but it is not a governed fork/decision point inventory."
outputs\report_figures\ch6_single_activity_surface_profiles_v2_1\activity_33_1\ch6_5_single_activity_surface_profile_33_1_v2_1.csv,True,4188,route_distance_m|dist_m|lat|lon|osm_highway|osm_surface|surface_class|route_semantic_class|osm_is_steps|slope_pct|slope_window_nlsc|near_shelter|dist_shelter_m|near_guidepost|dist_guidepost_m|near_peak|dist_peak_m|near_trailhead|dist_trailhead_m|near_waterway|dist_waterway_m|near_bench|dist_bench_m|near_picnic_table|dist_picnic_table_m|source_route_distance_m|surface_type|surface_label|slope_pct_raw|slope_pct_plot|slope_source|slope_method|surface_method|activity_id_short_x|behavior_window_start_m|activity_id_short_y|behavior_window_end_m|source_window_row_count|point_count|route_phase|speed_mps_median|speed_mps_p25|speed_mps_p75|low_speed_ratio_mean|low_speed_ratio_median|stopped_ratio_mean|stopped_ratio_median|heart_rate_bpm_median|heart_rate_bpm_p25|heart_rate_bpm_p75|route_load_context_band|calibrated_slope_pct_median_behavior|ib2_terrain_evidence_median|ib2_effort_evidence_median|ib2_exposure_evidence_median|near_steps_ratio|near_guidepost_ratio|near_shelter_ratio|near_waterway_ratio|near_cliff_ratio|near_road_ratio|osm_exposure_types|window_qa_flags|interpretation_boundary|behavior_grain_note|activity_count|event_types_at_marker_m|event_labels_at_marker_m|profile_interpretation_boundary,route_semantic_context_not_fork_inventory,False,"Route semantic, surface, guidepost, facility, trail, path, road, or way context exists, but it is not a governed fork/decision point inventory."
outputs\report_figures\ch6_single_activity_surface_profiles_v2_1\activity_35_1\ch6_5_single_activity_surface_profile_35_1_v2_1.csv,True,4188,route_distance_m|dist_m|lat|lon|osm_highway|osm_surface|surface_class|route_semantic_class|osm_is_steps|slope_pct|slope_window_nlsc|near_shelter|dist_shelter_m|near_guidepost|dist_guidepost_m|near_peak|dist_peak_m|near_trailhead|dist_trailhead_m|near_waterway|dist_waterway_m|near_bench|dist_bench_m|near_picnic_table|dist_picnic_table_m|source_route_distance_m|surface_type|surface_label|slope_pct_raw|slope_pct_plot|slope_source|slope_method|surface_method|activity_id_short_x|behavior_window_start_m|activity_id_short_y|behavior_window_end_m|source_window_row_count|point_count|route_phase|speed_mps_median|speed_mps_p25|speed_mps_p75|low_speed_ratio_mean|low_speed_ratio_median|stopped_ratio_mean|stopped_ratio_median|heart_rate_bpm_median|heart_rate_bpm_p25|heart_rate_bpm_p75|route_load_context_band|calibrated_slope_pct_median_behavior|ib2_terrain_evidence_median|ib2_effort_evidence_median|ib2_exposure_evidence_median|near_steps_ratio|near_guidepost_ratio|near_shelter_ratio|near_waterway_ratio|near_cliff_ratio|near_road_ratio|osm_exposure_types|window_qa_flags|interpretation_boundary|behavior_grain_note|activity_count|event_types_at_marker_m|event_labels_at_marker_m|profile_interpretation_boundary,route_semantic_context_not_fork_inventory,False,"Route semantic, surface, guidepost, facility, trail, path, road, or way context exists, but it is not a governed fork/decision point inventory."
outputs\report_figures\ch6_single_activity_surface_profiles_v2_1\activity_36_1\ch6_5_single_activity_surface_profile_36_1_v2_1.csv,True,4188,route_distance_m|dist_m|lat|lon|osm_highway|osm_surface|surface_class|route_semantic_class|osm_is_steps|slope_pct|slope_window_nlsc|near_shelter|dist_shelter_m|near_guidepost|dist_guidepost_m|near_peak|dist_peak_m|near_trailhead|dist_trailhead_m|near_waterway|dist_waterway_m|near_bench|dist_bench_m|near_picnic_table|dist_picnic_table_m|source_route_distance_m|surface_type|surface_label|slope_pct_raw|slope_pct_plot|slope_source|slope_method|surface_method|activity_id_short_x|behavior_window_start_m|activity_id_short_y|behavior_window_end_m|source_window_row_count|point_count|route_phase|speed_mps_median|speed_mps_p25|speed_mps_p75|low_speed_ratio_mean|low_speed_ratio_median|stopped_ratio_mean|stopped_ratio_median|heart_rate_bpm_median|heart_rate_bpm_p25|heart_rate_bpm_p75|route_load_context_band|calibrated_slope_pct_median_behavior|ib2_terrain_evidence_median|ib2_effort_evidence_median|ib2_exposure_evidence_median|near_steps_ratio|near_guidepost_ratio|near_shelter_ratio|near_waterway_ratio|near_cliff_ratio|near_road_ratio|osm_exposure_types|window_qa_flags|interpretation_boundary|behavior_grain_note|activity_count|event_types_at_marker_m|event_labels_at_marker_m|profile_interpretation_boundary,route_semantic_context_not_fork_inventory,False,"Route semantic, surface, guidepost, facility, trail, path, road, or way context exists, but it is not a governed fork/decision point inventory."
outputs\report_figures\ch6_single_activity_surface_profiles_v2_1\activity_37_1\ch6_5_single_activity_surface_profile_37_1_v2_1.csv,True,4188,route_distance_m|dist_m|lat|lon|osm_highway|osm_surface|surface_class|route_semantic_class|osm_is_steps|slope_pct|slope_window_nlsc|near_shelter|dist_shelter_m|near_guidepost|dist_guidepost_m|near_peak|dist_peak_m|near_trailhead|dist_trailhead_m|near_waterway|dist_waterway_m|near_bench|dist_bench_m|near_picnic_table|dist_picnic_table_m|source_route_distance_m|surface_type|surface_label|slope_pct_raw|slope_pct_plot|slope_source|slope_method|surface_method|activity_id_short_x|behavior_window_start_m|activity_id_short_y|behavior_window_end_m|source_window_row_count|point_count|route_phase|speed_mps_median|speed_mps_p25|speed_mps_p75|low_speed_ratio_mean|low_speed_ratio_median|stopped_ratio_mean|stopped_ratio_median|heart_rate_bpm_median|heart_rate_bpm_p25|heart_rate_bpm_p75|route_load_context_band|calibrated_slope_pct_median_behavior|ib2_terrain_evidence_median|ib2_effort_evidence_median|ib2_exposure_evidence_median|near_steps_ratio|near_guidepost_ratio|near_shelter_ratio|near_waterway_ratio|near_cliff_ratio|near_road_ratio|osm_exposure_types|window_qa_flags|interpretation_boundary|behavior_grain_note|activity_count|event_types_at_marker_m|event_labels_at_marker_m|profile_interpretation_boundary,route_semantic_context_not_fork_inventory,False,"Route semantic, surface, guidepost, facility, trail, path, road, or way context exists, but it is not a governed fork/decision point inventory."
outputs\report_figures\ch6_single_activity_surface_profiles_v2_1\activity_38_1\ch6_5_single_activity_surface_profile_38_1_v2_1.csv,True,4188,route_distance_m|dist_m|lat|lon|osm_highway|osm_surface|surface_class|route_semantic_class|osm_is_steps|slope_pct|slope_window_nlsc|near_shelter|dist_shelter_m|near_guidepost|dist_guidepost_m|near_peak|dist_peak_m|near_trailhead|dist_trailhead_m|near_waterway|dist_waterway_m|near_bench|dist_bench_m|near_picnic_table|dist_picnic_table_m|source_route_distance_m|surface_type|surface_label|slope_pct_raw|slope_pct_plot|slope_source|slope_method|surface_method|activity_id_short_x|behavior_window_start_m|activity_id_short_y|behavior_window_end_m|source_window_row_count|point_count|route_phase|speed_mps_median|speed_mps_p25|speed_mps_p75|low_speed_ratio_mean|low_speed_ratio_median|stopped_ratio_mean|stopped_ratio_median|heart_rate_bpm_median|heart_rate_bpm_p25|heart_rate_bpm_p75|route_load_context_band|calibrated_slope_pct_median_behavior|ib2_terrain_evidence_median|ib2_effort_evidence_median|ib2_exposure_evidence_median|near_steps_ratio|near_guidepost_ratio|near_shelter_ratio|near_waterway_ratio|near_cliff_ratio|near_road_ratio|osm_exposure_types|window_qa_flags|interpretation_boundary|behavior_grain_note|activity_count|event_types_at_marker_m|event_labels_at_marker_m|profile_interpretation_boundary,route_semantic_context_not_fork_inventory,False,"Route semantic, surface, guidepost, facility, trail, path, road, or way context exists, but it is not a governed fork/decision point inventory."
outputs\report_figures\ch6_single_activity_surface_profiles_v2_1\activity_3_1\ch6_5_single_activity_surface_profile_3_1_v2_1.csv,True,4188,route_distance_m|dist_m|lat|lon|osm_highway|osm_surface|surface_class|route_semantic_class|osm_is_steps|slope_pct|slope_window_nlsc|near_shelter|dist_shelter_m|near_guidepost|dist_guidepost_m|near_peak|dist_peak_m|near_trailhead|dist_trailhead_m|near_waterway|dist_waterway_m|near_bench|dist_bench_m|near_picnic_table|dist_picnic_table_m|source_route_distance_m|surface_type|surface_label|slope_pct_raw|slope_pct_plot|slope_source|slope_method|surface_method|activity_id_short_x|behavior_window_start_m|activity_id_short_y|behavior_window_end_m|source_window_row_count|point_count|route_phase|speed_mps_median|speed_mps_p25|speed_mps_p75|low_speed_ratio_mean|low_speed_ratio_median|stopped_ratio_mean|stopped_ratio_median|heart_rate_bpm_median|heart_rate_bpm_p25|heart_rate_bpm_p75|route_load_context_band|calibrated_slope_pct_median_behavior|ib2_terrain_evidence_median|ib2_effort_evidence_median|ib2_exposure_evidence_median|near_steps_ratio|near_guidepost_ratio|near_shelter_ratio|near_waterway_ratio|near_cliff_ratio|near_road_ratio|osm_exposure_types|window_qa_flags|interpretation_boundary|behavior_grain_note|activity_count|event_types_at_marker_m|event_labels_at_marker_m|profile_interpretation_boundary,route_semantic_context_not_fork_inventory,False,"Route semantic, surface, guidepost, facility, trail, path, road, or way context exists, but it is not a governed fork/decision point inventory."
outputs\report_figures\ch6_single_activity_surface_profiles_v2_1\activity_40_1\ch6_5_single_activity_surface_profile_40_1_v2_1.csv,True,4188,route_distance_m|dist_m|lat|lon|osm_highway|osm_surface|surface_class|route_semantic_class|osm_is_steps|slope_pct|slope_window_nlsc|near_shelter|dist_shelter_m|near_guidepost|dist_guidepost_m|near_peak|dist_peak_m|near_trailhead|dist_trailhead_m|near_waterway|dist_waterway_m|near_bench|dist_bench_m|near_picnic_table|dist_picnic_table_m|source_route_distance_m|surface_type|surface_label|slope_pct_raw|slope_pct_plot|slope_source|slope_method|surface_method|activity_id_short_x|behavior_window_start_m|activity_id_short_y|behavior_window_end_m|source_window_row_count|point_count|route_phase|speed_mps_median|speed_mps_p25|speed_mps_p75|low_speed_ratio_mean|low_speed_ratio_median|stopped_ratio_mean|stopped_ratio_median|heart_rate_bpm_median|heart_rate_bpm_p25|heart_rate_bpm_p75|route_load_context_band|calibrated_slope_pct_median_behavior|ib2_terrain_evidence_median|ib2_effort_evidence_median|ib2_exposure_evidence_median|near_steps_ratio|near_guidepost_ratio|near_shelter_ratio|near_waterway_ratio|near_cliff_ratio|near_road_ratio|osm_exposure_types|window_qa_flags|interpretation_boundary|behavior_grain_note|activity_count|event_types_at_marker_m|event_labels_at_marker_m|profile_interpretation_boundary,route_semantic_context_not_fork_inventory,False,"Route semantic, surface, guidepost, facility, trail, path, road, or way context exists, but it is not a governed fork/decision point inventory."
outputs\report_figures\ch6_single_activity_surface_profiles_v2_1\activity_41_1\ch6_5_single_activity_surface_profile_41_1_v2_1.csv,True,4188,route_distance_m|dist_m|lat|lon|osm_highway|osm_surface|surface_class|route_semantic_class|osm_is_steps|slope_pct|slope_window_nlsc|near_shelter|dist_shelter_m|near_guidepost|dist_guidepost_m|near_peak|dist_peak_m|near_trailhead|dist_trailhead_m|near_waterway|dist_waterway_m|near_bench|dist_bench_m|near_picnic_table|dist_picnic_table_m|source_route_distance_m|surface_type|surface_label|slope_pct_raw|slope_pct_plot|slope_source|slope_method|surface_method|activity_id_short_x|behavior_window_start_m|activity_id_short_y|behavior_window_end_m|source_window_row_count|point_count|route_phase|speed_mps_median|speed_mps_p25|speed_mps_p75|low_speed_ratio_mean|low_speed_ratio_median|stopped_ratio_mean|stopped_ratio_median|heart_rate_bpm_median|heart_rate_bpm_p25|heart_rate_bpm_p75|route_load_context_band|calibrated_slope_pct_median_behavior|ib2_terrain_evidence_median|ib2_effort_evidence_median|ib2_exposure_evidence_median|near_steps_ratio|near_guidepost_ratio|near_shelter_ratio|near_waterway_ratio|near_cliff_ratio|near_road_ratio|osm_exposure_types|window_qa_flags|interpretation_boundary|behavior_grain_note|activity_count|event_types_at_marker_m|event_labels_at_marker_m|profile_interpretation_boundary,route_semantic_context_not_fork_inventory,False,"Route semantic, surface, guidepost, facility, trail, path, road, or way context exists, but it is not a governed fork/decision point inventory."
outputs\report_figures\ch6_single_activity_surface_profiles_v2_1\activity_42_1\ch6_5_single_activity_surface_profile_42_1_v2_1.csv,True,4188,route_distance_m|dist_m|lat|lon|osm_highway|osm_surface|surface_class|route_semantic_class|osm_is_steps|slope_pct|slope_window_nlsc|near_shelter|dist_shelter_m|near_guidepost|dist_guidepost_m|near_peak|dist_peak_m|near_trailhead|dist_trailhead_m|near_waterway|dist_waterway_m|near_bench|dist_bench_m|near_picnic_table|dist_picnic_table_m|source_route_distance_m|surface_type|surface_label|slope_pct_raw|slope_pct_plot|slope_source|slope_method|surface_method|activity_id_short_x|behavior_window_start_m|activity_id_short_y|behavior_window_end_m|source_window_row_count|point_count|route_phase|speed_mps_median|speed_mps_p25|speed_mps_p75|low_speed_ratio_mean|low_speed_ratio_median|stopped_ratio_mean|stopped_ratio_median|heart_rate_bpm_median|heart_rate_bpm_p25|heart_rate_bpm_p75|route_load_context_band|calibrated_slope_pct_median_behavior|ib2_terrain_evidence_median|ib2_effort_evidence_median|ib2_exposure_evidence_median|near_steps_ratio|near_guidepost_ratio|near_shelter_ratio|near_waterway_ratio|near_cliff_ratio|near_road_ratio|osm_exposure_types|window_qa_flags|interpretation_boundary|behavior_grain_note|activity_count|event_types_at_marker_m|event_labels_at_marker_m|profile_interpretation_boundary,route_semantic_context_not_fork_inventory,False,"Route semantic, surface, guidepost, facility, trail, path, road, or way context exists, but it is not a governed fork/decision point inventory."
outputs\report_figures\ch6_single_activity_surface_profiles_v2_1\activity_43_1\ch6_5_single_activity_surface_profile_43_1_v2_1.csv,True,4188,route_distance_m|dist_m|lat|lon|osm_highway|osm_surface|surface_class|route_semantic_class|osm_is_steps|slope_pct|slope_window_nlsc|near_shelter|dist_shelter_m|near_guidepost|dist_guidepost_m|near_peak|dist_peak_m|near_trailhead|dist_trailhead_m|near_waterway|dist_waterway_m|near_bench|dist_bench_m|near_picnic_table|dist_picnic_table_m|source_route_distance_m|surface_type|surface_label|slope_pct_raw|slope_pct_plot|slope_source|slope_method|surface_method|activity_id_short_x|behavior_window_start_m|activity_id_short_y|behavior_window_end_m|source_window_row_count|point_count|route_phase|speed_mps_median|speed_mps_p25|speed_mps_p75|low_speed_ratio_mean|low_speed_ratio_median|stopped_ratio_mean|stopped_ratio_median|heart_rate_bpm_median|heart_rate_bpm_p25|heart_rate_bpm_p75|route_load_context_band|calibrated_slope_pct_median_behavior|ib2_terrain_evidence_median|ib2_effort_evidence_median|ib2_exposure_evidence_median|near_steps_ratio|near_guidepost_ratio|near_shelter_ratio|near_waterway_ratio|near_cliff_ratio|near_road_ratio|osm_exposure_types|window_qa_flags|interpretation_boundary|behavior_grain_note|activity_count|event_types_at_marker_m|event_labels_at_marker_m|profile_interpretation_boundary,route_semantic_context_not_fork_inventory,False,"Route semantic, surface, guidepost, facility, trail, path, road, or way context exists, but it is not a governed fork/decision point inventory."
outputs\report_figures\ch6_single_activity_surface_profiles_v2_1\activity_44_1\ch6_5_single_activity_surface_profile_44_1_v2_1.csv,True,4188,route_distance_m|dist_m|lat|lon|osm_highway|osm_surface|surface_class|route_semantic_class|osm_is_steps|slope_pct|slope_window_nlsc|near_shelter|dist_shelter_m|near_guidepost|dist_guidepost_m|near_peak|dist_peak_m|near_trailhead|dist_trailhead_m|near_waterway|dist_waterway_m|near_bench|dist_bench_m|near_picnic_table|dist_picnic_table_m|source_route_distance_m|surface_type|surface_label|slope_pct_raw|slope_pct_plot|slope_source|slope_method|surface_method|activity_id_short_x|behavior_window_start_m|activity_id_short_y|behavior_window_end_m|source_window_row_count|point_count|route_phase|speed_mps_median|speed_mps_p25|speed_mps_p75|low_speed_ratio_mean|low_speed_ratio_median|stopped_ratio_mean|stopped_ratio_median|heart_rate_bpm_median|heart_rate_bpm_p25|heart_rate_bpm_p75|route_load_context_band|calibrated_slope_pct_median_behavior|ib2_terrain_evidence_median|ib2_effort_evidence_median|ib2_exposure_evidence_median|near_steps_ratio|near_guidepost_ratio|near_shelter_ratio|near_waterway_ratio|near_cliff_ratio|near_road_ratio|osm_exposure_types|window_qa_flags|interpretation_boundary|behavior_grain_note|activity_count|event_types_at_marker_m|event_labels_at_marker_m|profile_interpretation_boundary,route_semantic_context_not_fork_inventory,False,"Route semantic, surface, guidepost, facility, trail, path, road, or way context exists, but it is not a governed fork/decision point inventory."
outputs\report_figures\ch6_single_activity_surface_profiles_v2_1\activity_45_1\ch6_5_single_activity_surface_profile_45_1_v2_1.csv,True,4188,route_distance_m|dist_m|lat|lon|osm_highway|osm_surface|surface_class|route_semantic_class|osm_is_steps|slope_pct|slope_window_nlsc|near_shelter|dist_shelter_m|near_guidepost|dist_guidepost_m|near_peak|dist_peak_m|near_trailhead|dist_trailhead_m|near_waterway|dist_waterway_m|near_bench|dist_bench_m|near_picnic_table|dist_picnic_table_m|source_route_distance_m|surface_type|surface_label|slope_pct_raw|slope_pct_plot|slope_source|slope_method|surface_method|activity_id_short_x|behavior_window_start_m|activity_id_short_y|behavior_window_end_m|source_window_row_count|point_count|route_phase|speed_mps_median|speed_mps_p25|speed_mps_p75|low_speed_ratio_mean|low_speed_ratio_median|stopped_ratio_mean|stopped_ratio_median|heart_rate_bpm_median|heart_rate_bpm_p25|heart_rate_bpm_p75|route_load_context_band|calibrated_slope_pct_median_behavior|ib2_terrain_evidence_median|ib2_effort_evidence_median|ib2_exposure_evidence_median|near_steps_ratio|near_guidepost_ratio|near_shelter_ratio|near_waterway_ratio|near_cliff_ratio|near_road_ratio|osm_exposure_types|window_qa_flags|interpretation_boundary|behavior_grain_note|activity_count|event_types_at_marker_m|event_labels_at_marker_m|profile_interpretation_boundary,route_semantic_context_not_fork_inventory,False,"Route semantic, surface, guidepost, facility, trail, path, road, or way context exists, but it is not a governed fork/decision point inventory."
outputs\report_figures\ch6_single_activity_surface_profiles_v2_1\activity_46_1\ch6_5_single_activity_surface_profile_46_1_v2_1.csv,True,4188,route_distance_m|dist_m|lat|lon|osm_highway|osm_surface|surface_class|route_semantic_class|osm_is_steps|slope_pct|slope_window_nlsc|near_shelter|dist_shelter_m|near_guidepost|dist_guidepost_m|near_peak|dist_peak_m|near_trailhead|dist_trailhead_m|near_waterway|dist_waterway_m|near_bench|dist_bench_m|near_picnic_table|dist_picnic_table_m|source_route_distance_m|surface_type|surface_label|slope_pct_raw|slope_pct_plot|slope_source|slope_method|surface_method|activity_id_short_x|behavior_window_start_m|activity_id_short_y|behavior_window_end_m|source_window_row_count|point_count|route_phase|speed_mps_median|speed_mps_p25|speed_mps_p75|low_speed_ratio_mean|low_speed_ratio_median|stopped_ratio_mean|stopped_ratio_median|heart_rate_bpm_median|heart_rate_bpm_p25|heart_rate_bpm_p75|route_load_context_band|calibrated_slope_pct_median_behavior|ib2_terrain_evidence_median|ib2_effort_evidence_median|ib2_exposure_evidence_median|near_steps_ratio|near_guidepost_ratio|near_shelter_ratio|near_waterway_ratio|near_cliff_ratio|near_road_ratio|osm_exposure_types|window_qa_flags|interpretation_boundary|behavior_grain_note|activity_count|event_types_at_marker_m|event_labels_at_marker_m|profile_interpretation_boundary,route_semantic_context_not_fork_inventory,False,"Route semantic, surface, guidepost, facility, trail, path, road, or way context exists, but it is not a governed fork/decision point inventory."
outputs\report_figures\ch6_single_activity_surface_profiles_v2_1\activity_48_1\ch6_5_single_activity_surface_profile_48_1_v2_1.csv,True,4188,route_distance_m|dist_m|lat|lon|osm_highway|osm_surface|surface_class|route_semantic_class|osm_is_steps|slope_pct|slope_window_nlsc|near_shelter|dist_shelter_m|near_guidepost|dist_guidepost_m|near_peak|dist_peak_m|near_trailhead|dist_trailhead_m|near_waterway|dist_waterway_m|near_bench|dist_bench_m|near_picnic_table|dist_picnic_table_m|source_route_distance_m|surface_type|surface_label|slope_pct_raw|slope_pct_plot|slope_source|slope_method|surface_method|activity_id_short_x|behavior_window_start_m|activity_id_short_y|behavior_window_end_m|source_window_row_count|point_count|route_phase|speed_mps_median|speed_mps_p25|speed_mps_p75|low_speed_ratio_mean|low_speed_ratio_median|stopped_ratio_mean|stopped_ratio_median|heart_rate_bpm_median|heart_rate_bpm_p25|heart_rate_bpm_p75|route_load_context_band|calibrated_slope_pct_median_behavior|ib2_terrain_evidence_median|ib2_effort_evidence_median|ib2_exposure_evidence_median|near_steps_ratio|near_guidepost_ratio|near_shelter_ratio|near_waterway_ratio|near_cliff_ratio|near_road_ratio|osm_exposure_types|window_qa_flags|interpretation_boundary|behavior_grain_note|activity_count|event_types_at_marker_m|event_labels_at_marker_m|profile_interpretation_boundary,route_semantic_context_not_fork_inventory,False,"Route semantic, surface, guidepost, facility, trail, path, road, or way context exists, but it is not a governed fork/decision point inventory."
outputs\report_figures\ch6_single_activity_surface_profiles_v2_1\activity_8_1\ch6_5_single_activity_surface_profile_8_1_v2_1.csv,True,4188,route_distance_m|dist_m|lat|lon|osm_highway|osm_surface|surface_class|route_semantic_class|osm_is_steps|slope_pct|slope_window_nlsc|near_shelter|dist_shelter_m|near_guidepost|dist_guidepost_m|near_peak|dist_peak_m|near_trailhead|dist_trailhead_m|near_waterway|dist_waterway_m|near_bench|dist_bench_m|near_picnic_table|dist_picnic_table_m|source_route_distance_m|surface_type|surface_label|slope_pct_raw|slope_pct_plot|slope_source|slope_method|surface_method|activity_id_short_x|behavior_window_start_m|activity_id_short_y|behavior_window_end_m|source_window_row_count|point_count|route_phase|speed_mps_median|speed_mps_p25|speed_mps_p75|low_speed_ratio_mean|low_speed_ratio_median|stopped_ratio_mean|stopped_ratio_median|heart_rate_bpm_median|heart_rate_bpm_p25|heart_rate_bpm_p75|route_load_context_band|calibrated_slope_pct_median_behavior|ib2_terrain_evidence_median|ib2_effort_evidence_median|ib2_exposure_evidence_median|near_steps_ratio|near_guidepost_ratio|near_shelter_ratio|near_waterway_ratio|near_cliff_ratio|near_road_ratio|osm_exposure_types|window_qa_flags|interpretation_boundary|behavior_grain_note|activity_count|event_types_at_marker_m|event_labels_at_marker_m|profile_interpretation_boundary,route_semantic_context_not_fork_inventory,False,"Route semantic, surface, guidepost, facility, trail, path, road, or way context exists, but it is not a governed fork/decision point inventory."
outputs\report_figures\ch6_single_activity_surface_profiles_v2_1\activity_9_1\ch6_5_single_activity_surface_profile_9_1_v2_1.csv,True,4188,route_distance_m|dist_m|lat|lon|osm_highway|osm_surface|surface_class|route_semantic_class|osm_is_steps|slope_pct|slope_window_nlsc|near_shelter|dist_shelter_m|near_guidepost|dist_guidepost_m|near_peak|dist_peak_m|near_trailhead|dist_trailhead_m|near_waterway|dist_waterway_m|near_bench|dist_bench_m|near_picnic_table|dist_picnic_table_m|source_route_distance_m|surface_type|surface_label|slope_pct_raw|slope_pct_plot|slope_source|slope_method|surface_method|activity_id_short_x|behavior_window_start_m|activity_id_short_y|behavior_window_end_m|source_window_row_count|point_count|route_phase|speed_mps_median|speed_mps_p25|speed_mps_p75|low_speed_ratio_mean|low_speed_ratio_median|stopped_ratio_mean|stopped_ratio_median|heart_rate_bpm_median|heart_rate_bpm_p25|heart_rate_bpm_p75|route_load_context_band|calibrated_slope_pct_median_behavior|ib2_terrain_evidence_median|ib2_effort_evidence_median|ib2_exposure_evidence_median|near_steps_ratio|near_guidepost_ratio|near_shelter_ratio|near_waterway_ratio|near_cliff_ratio|near_road_ratio|osm_exposure_types|window_qa_flags|interpretation_boundary|behavior_grain_note|activity_count|event_types_at_marker_m|event_labels_at_marker_m|profile_interpretation_boundary,route_semantic_context_not_fork_inventory,False,"Route semantic, surface, guidepost, facility, trail, path, road, or way context exists, but it is not a governed fork/decision point inventory."
outputs\report_figures\ch6_single_activity_surface_profiles_v2_1\ib3_actual_route_candidate_column_inventory.csv,True,2392,path|status|score|has_activity|has_time|has_latlon|has_route_distance|has_movement|has_wrong_off|has_artifact|has_hr|has_speed|columns_n|columns|error,route_semantic_context_not_fork_inventory,False,"Route semantic, surface, guidepost, facility, trail, path, road, or way context exists, but it is not a governed fork/decision point inventory."
outputs\report_figures\ch6_single_activity_surface_profiles_v2_2\activity_8_1\ch6_5_single_activity_surface_profile_8_1_v2_2.csv,True,4188,route_distance_m|dist_m|lat|lon|osm_highway|osm_surface|surface_class|route_semantic_class|osm_is_steps|slope_pct|slope_window_nlsc|near_shelter|dist_shelter_m|near_guidepost|dist_guidepost_m|near_peak|dist_peak_m|near_trailhead|dist_trailhead_m|near_waterway|dist_waterway_m|near_bench|dist_bench_m|near_picnic_table|dist_picnic_table_m|source_route_distance_m|surface_type|surface_label|slope_pct_raw|slope_pct_plot|slope_source|slope_method|surface_method|activity_id_short_x|behavior_window_start_m|activity_id_short_y|behavior_window_end_m|source_window_row_count|point_count|route_phase|speed_mps_median|speed_mps_p25|speed_mps_p75|low_speed_ratio_mean|low_speed_ratio_median|stopped_ratio_mean|stopped_ratio_median|heart_rate_bpm_median|heart_rate_bpm_p25|heart_rate_bpm_p75|route_load_context_band|calibrated_slope_pct_median_behavior|ib2_terrain_evidence_median|ib2_effort_evidence_median|ib2_exposure_evidence_median|near_steps_ratio|near_guidepost_ratio|near_shelter_ratio|near_waterway_ratio|near_cliff_ratio|near_road_ratio|osm_exposure_types|window_qa_flags|interpretation_boundary|behavior_grain_note|activity_count|event_types_at_marker_m|event_labels_at_marker_m|shelter_context_zone_id|profile_interpretation_boundary,route_semantic_context_not_fork_inventory,False,"Route semantic, surface, guidepost, facility, trail, path, road, or way context exists, but it is not a governed fork/decision point inventory."
outputs\report_figures\ch6_single_activity_surface_profiles_v2_2_1\activity_3_1\ch6_5_single_activity_surface_profile_3_1_v2_2_1.csv,True,4188,route_distance_m|dist_m|lat|lon|osm_highway|osm_surface|surface_class|route_semantic_class|osm_is_steps|slope_pct|slope_window_nlsc|near_shelter|dist_shelter_m|near_guidepost|dist_guidepost_m|near_peak|dist_peak_m|near_trailhead|dist_trailhead_m|near_waterway|dist_waterway_m|near_bench|dist_bench_m|near_picnic_table|dist_picnic_table_m|source_route_distance_m|surface_type|surface_label|slope_pct_raw|slope_pct_plot|slope_source|slope_method|surface_method|activity_id_short_x|behavior_window_start_m|activity_id_short_y|behavior_window_end_m|source_window_row_count|point_count|route_phase|speed_mps_median|speed_mps_p25|speed_mps_p75|low_speed_ratio_mean|low_speed_ratio_median|stopped_ratio_mean|stopped_ratio_median|heart_rate_bpm_median|heart_rate_bpm_p25|heart_rate_bpm_p75|route_load_context_band|calibrated_slope_pct_median_behavior|ib2_terrain_evidence_median|ib2_effort_evidence_median|ib2_exposure_evidence_median|near_steps_ratio|near_guidepost_ratio|near_shelter_ratio|near_waterway_ratio|near_cliff_ratio|near_road_ratio|osm_exposure_types|window_qa_flags|interpretation_boundary|behavior_grain_note|activity_count|event_types_at_marker_m|event_labels_at_marker_m|shelter_context_zone_id|profile_interpretation_boundary,route_semantic_context_not_fork_inventory,False,"Route semantic, surface, guidepost, facility, trail, path, road, or way context exists, but it is not a governed fork/decision point inventory."
outputs\report_figures\ch6_single_activity_surface_profiles_v2_2_1\activity_8_1\ch6_5_single_activity_surface_profile_8_1_v2_2_1.csv,True,4188,route_distance_m|dist_m|lat|lon|osm_highway|osm_surface|surface_class|route_semantic_class|osm_is_steps|slope_pct|slope_window_nlsc|near_shelter|dist_shelter_m|near_guidepost|dist_guidepost_m|near_peak|dist_peak_m|near_trailhead|dist_trailhead_m|near_waterway|dist_waterway_m|near_bench|dist_bench_m|near_picnic_table|dist_picnic_table_m|source_route_distance_m|surface_type|surface_label|slope_pct_raw|slope_pct_plot|slope_source|slope_method|surface_method|activity_id_short_x|behavior_window_start_m|activity_id_short_y|behavior_window_end_m|source_window_row_count|point_count|route_phase|speed_mps_median|speed_mps_p25|speed_mps_p75|low_speed_ratio_mean|low_speed_ratio_median|stopped_ratio_mean|stopped_ratio_median|heart_rate_bpm_median|heart_rate_bpm_p25|heart_rate_bpm_p75|route_load_context_band|calibrated_slope_pct_median_behavior|ib2_terrain_evidence_median|ib2_effort_evidence_median|ib2_exposure_evidence_median|near_steps_ratio|near_guidepost_ratio|near_shelter_ratio|near_waterway_ratio|near_cliff_ratio|near_road_ratio|osm_exposure_types|window_qa_flags|interpretation_boundary|behavior_grain_note|activity_count|event_types_at_marker_m|event_labels_at_marker_m|shelter_context_zone_id|profile_interpretation_boundary,route_semantic_context_not_fork_inventory,False,"Route semantic, surface, guidepost, facility, trail, path, road, or way context exists, but it is not a governed fork/decision point inventory."
outputs\report_figures\ch6_single_activity_surface_profiles_v2_2_1\activity_9_1\ch6_5_single_activity_surface_profile_9_1_v2_2_1.csv,True,4188,route_distance_m|dist_m|lat|lon|osm_highway|osm_surface|surface_class|route_semantic_class|osm_is_steps|slope_pct|slope_window_nlsc|near_shelter|dist_shelter_m|near_guidepost|dist_guidepost_m|near_peak|dist_peak_m|near_trailhead|dist_trailhead_m|near_waterway|dist_waterway_m|near_bench|dist_bench_m|near_picnic_table|dist_picnic_table_m|source_route_distance_m|surface_type|surface_label|slope_pct_raw|slope_pct_plot|slope_source|slope_method|surface_method|activity_id_short_x|behavior_window_start_m|activity_id_short_y|behavior_window_end_m|source_window_row_count|point_count|route_phase|speed_mps_median|speed_mps_p25|speed_mps_p75|low_speed_ratio_mean|low_speed_ratio_median|stopped_ratio_mean|stopped_ratio_median|heart_rate_bpm_median|heart_rate_bpm_p25|heart_rate_bpm_p75|route_load_context_band|calibrated_slope_pct_median_behavior|ib2_terrain_evidence_median|ib2_effort_evidence_median|ib2_exposure_evidence_median|near_steps_ratio|near_guidepost_ratio|near_shelter_ratio|near_waterway_ratio|near_cliff_ratio|near_road_ratio|osm_exposure_types|window_qa_flags|interpretation_boundary|behavior_grain_note|activity_count|event_types_at_marker_m|event_labels_at_marker_m|shelter_context_zone_id|profile_interpretation_boundary,route_semantic_context_not_fork_inventory,False,"Route semantic, surface, guidepost, facility, trail, path, road, or way context exists, but it is not a governed fork/decision point inventory."
outputs\report_figures\ch6_single_activity_surface_profiles_v2_2_1_1\activity_8_1\ch6_5_single_activity_surface_profile_8_1_v2_2_1.csv,True,4188,route_distance_m|dist_m|lat|lon|osm_highway|osm_surface|surface_class|route_semantic_class|osm_is_steps|slope_pct|slope_window_nlsc|near_shelter|dist_shelter_m|near_guidepost|dist_guidepost_m|near_peak|dist_peak_m|near_trailhead|dist_trailhead_m|near_waterway|dist_waterway_m|near_bench|dist_bench_m|near_picnic_table|dist_picnic_table_m|source_route_distance_m|surface_type|surface_label|slope_pct_raw|slope_pct_plot|slope_source|slope_method|surface_method|activity_id_short_x|behavior_window_start_m|activity_id_short_y|behavior_window_end_m|source_window_row_count|point_count|route_phase|speed_mps_median|speed_mps_p25|speed_mps_p75|low_speed_ratio_mean|low_speed_ratio_median|stopped_ratio_mean|stopped_ratio_median|heart_rate_bpm_median|heart_rate_bpm_p25|heart_rate_bpm_p75|route_load_context_band|calibrated_slope_pct_median_behavior|ib2_terrain_evidence_median|ib2_effort_evidence_median|ib2_exposure_evidence_median|near_steps_ratio|near_guidepost_ratio|near_shelter_ratio|near_waterway_ratio|near_cliff_ratio|near_road_ratio|osm_exposure_types|window_qa_flags|interpretation_boundary|behavior_grain_note|activity_count|event_types_at_marker_m|event_labels_at_marker_m|shelter_context_zone_id|profile_interpretation_boundary,route_semantic_context_not_fork_inventory,False,"Route semantic, surface, guidepost, facility, trail, path, road, or way context exists, but it is not a governed fork/decision point inventory."
outputs\report_figures\ch6_single_activity_surface_profiles_v2_2_2\activity_13_1\ch6_5_single_activity_surface_profile_13_1_v2_2_2.csv,True,4188,route_distance_m|dist_m|lat|lon|osm_highway|osm_surface|surface_class|route_semantic_class|osm_is_steps|slope_pct|slope_window_nlsc|near_shelter|dist_shelter_m|near_guidepost|dist_guidepost_m|near_peak|dist_peak_m|near_trailhead|dist_trailhead_m|near_waterway|dist_waterway_m|near_bench|dist_bench_m|near_picnic_table|dist_picnic_table_m|source_route_distance_m|surface_type|surface_label|slope_pct_raw|slope_pct_plot|slope_source|slope_method|surface_method|activity_id_short_x|behavior_window_start_m|activity_id_short_y|behavior_window_end_m|source_window_row_count|point_count|route_phase|speed_mps_median|speed_mps_p25|speed_mps_p75|low_speed_ratio_mean|low_speed_ratio_median|stopped_ratio_mean|stopped_ratio_median|heart_rate_bpm_median|heart_rate_bpm_p25|heart_rate_bpm_p75|route_load_context_band|calibrated_slope_pct_median_behavior|ib2_terrain_evidence_median|ib2_effort_evidence_median|ib2_exposure_evidence_median|near_steps_ratio|near_guidepost_ratio|near_shelter_ratio|near_waterway_ratio|near_cliff_ratio|near_road_ratio|osm_exposure_types|window_qa_flags|interpretation_boundary|behavior_grain_note|activity_count|event_types_at_marker_m|event_labels_at_marker_m|shelter_context_zone_id|profile_interpretation_boundary,route_semantic_context_not_fork_inventory,False,"Route semantic, surface, guidepost, facility, trail, path, road, or way context exists, but it is not a governed fork/decision point inventory."
outputs\report_figures\ch6_single_activity_surface_profiles_v2_2_2\activity_14_1\ch6_5_single_activity_surface_profile_14_1_v2_2_2.csv,True,4188,route_distance_m|dist_m|lat|lon|osm_highway|osm_surface|surface_class|route_semantic_class|osm_is_steps|slope_pct|slope_window_nlsc|near_shelter|dist_shelter_m|near_guidepost|dist_guidepost_m|near_peak|dist_peak_m|near_trailhead|dist_trailhead_m|near_waterway|dist_waterway_m|near_bench|dist_bench_m|near_picnic_table|dist_picnic_table_m|source_route_distance_m|surface_type|surface_label|slope_pct_raw|slope_pct_plot|slope_source|slope_method|surface_method|activity_id_short_x|behavior_window_start_m|activity_id_short_y|behavior_window_end_m|source_window_row_count|point_count|route_phase|speed_mps_median|speed_mps_p25|speed_mps_p75|low_speed_ratio_mean|low_speed_ratio_median|stopped_ratio_mean|stopped_ratio_median|heart_rate_bpm_median|heart_rate_bpm_p25|heart_rate_bpm_p75|route_load_context_band|calibrated_slope_pct_median_behavior|ib2_terrain_evidence_median|ib2_effort_evidence_median|ib2_exposure_evidence_median|near_steps_ratio|near_guidepost_ratio|near_shelter_ratio|near_waterway_ratio|near_cliff_ratio|near_road_ratio|osm_exposure_types|window_qa_flags|interpretation_boundary|behavior_grain_note|activity_count|event_types_at_marker_m|event_labels_at_marker_m|shelter_context_zone_id|profile_interpretation_boundary,route_semantic_context_not_fork_inventory,False,"Route semantic, surface, guidepost, facility, trail, path, road, or way context exists, but it is not a governed fork/decision point inventory."
outputs\report_figures\ch6_single_activity_surface_profiles_v2_2_2\activity_15_1\ch6_5_single_activity_surface_profile_15_1_v2_2_2.csv,True,4188,route_distance_m|dist_m|lat|lon|osm_highway|osm_surface|surface_class|route_semantic_class|osm_is_steps|slope_pct|slope_window_nlsc|near_shelter|dist_shelter_m|near_guidepost|dist_guidepost_m|near_peak|dist_peak_m|near_trailhead|dist_trailhead_m|near_waterway|dist_waterway_m|near_bench|dist_bench_m|near_picnic_table|dist_picnic_table_m|source_route_distance_m|surface_type|surface_label|slope_pct_raw|slope_pct_plot|slope_source|slope_method|surface_method|activity_id_short_x|behavior_window_start_m|activity_id_short_y|behavior_window_end_m|source_window_row_count|point_count|route_phase|speed_mps_median|speed_mps_p25|speed_mps_p75|low_speed_ratio_mean|low_speed_ratio_median|stopped_ratio_mean|stopped_ratio_median|heart_rate_bpm_median|heart_rate_bpm_p25|heart_rate_bpm_p75|route_load_context_band|calibrated_slope_pct_median_behavior|ib2_terrain_evidence_median|ib2_effort_evidence_median|ib2_exposure_evidence_median|near_steps_ratio|near_guidepost_ratio|near_shelter_ratio|near_waterway_ratio|near_cliff_ratio|near_road_ratio|osm_exposure_types|window_qa_flags|interpretation_boundary|behavior_grain_note|activity_count|event_types_at_marker_m|event_labels_at_marker_m|shelter_context_zone_id|profile_interpretation_boundary,route_semantic_context_not_fork_inventory,False,"Route semantic, surface, guidepost, facility, trail, path, road, or way context exists, but it is not a governed fork/decision point inventory."
outputs\report_figures\ch6_single_activity_surface_profiles_v2_2_2\activity_16_1\ch6_5_single_activity_surface_profile_16_1_v2_2_2.csv,True,4188,route_distance_m|dist_m|lat|lon|osm_highway|osm_surface|surface_class|route_semantic_class|osm_is_steps|slope_pct|slope_window_nlsc|near_shelter|dist_shelter_m|near_guidepost|dist_guidepost_m|near_peak|dist_peak_m|near_trailhead|dist_trailhead_m|near_waterway|dist_waterway_m|near_bench|dist_bench_m|near_picnic_table|dist_picnic_table_m|source_route_distance_m|surface_type|surface_label|slope_pct_raw|slope_pct_plot|slope_source|slope_method|surface_method|activity_id_short_x|behavior_window_start_m|activity_id_short_y|behavior_window_end_m|source_window_row_count|point_count|route_phase|speed_mps_median|speed_mps_p25|speed_mps_p75|low_speed_ratio_mean|low_speed_ratio_median|stopped_ratio_mean|stopped_ratio_median|heart_rate_bpm_median|heart_rate_bpm_p25|heart_rate_bpm_p75|route_load_context_band|calibrated_slope_pct_median_behavior|ib2_terrain_evidence_median|ib2_effort_evidence_median|ib2_exposure_evidence_median|near_steps_ratio|near_guidepost_ratio|near_shelter_ratio|near_waterway_ratio|near_cliff_ratio|near_road_ratio|osm_exposure_types|window_qa_flags|interpretation_boundary|behavior_grain_note|activity_count|event_types_at_marker_m|event_labels_at_marker_m|shelter_context_zone_id|profile_interpretation_boundary,route_semantic_context_not_fork_inventory,False,"Route semantic, surface, guidepost, facility, trail, path, road, or way context exists, but it is not a governed fork/decision point inventory."
outputs\report_figures\ch6_single_activity_surface_profiles_v2_2_2\activity_20_1\ch6_5_single_activity_surface_profile_20_1_v2_2_2.csv,True,4188,route_distance_m|dist_m|lat|lon|osm_highway|osm_surface|surface_class|route_semantic_class|osm_is_steps|slope_pct|slope_window_nlsc|near_shelter|dist_shelter_m|near_guidepost|dist_guidepost_m|near_peak|dist_peak_m|near_trailhead|dist_trailhead_m|near_waterway|dist_waterway_m|near_bench|dist_bench_m|near_picnic_table|dist_picnic_table_m|source_route_distance_m|surface_type|surface_label|slope_pct_raw|slope_pct_plot|slope_source|slope_method|surface_method|activity_id_short_x|behavior_window_start_m|activity_id_short_y|behavior_window_end_m|source_window_row_count|point_count|route_phase|speed_mps_median|speed_mps_p25|speed_mps_p75|low_speed_ratio_mean|low_speed_ratio_median|stopped_ratio_mean|stopped_ratio_median|heart_rate_bpm_median|heart_rate_bpm_p25|heart_rate_bpm_p75|route_load_context_band|calibrated_slope_pct_median_behavior|ib2_terrain_evidence_median|ib2_effort_evidence_median|ib2_exposure_evidence_median|near_steps_ratio|near_guidepost_ratio|near_shelter_ratio|near_waterway_ratio|near_cliff_ratio|near_road_ratio|osm_exposure_types|window_qa_flags|interpretation_boundary|behavior_grain_note|activity_count|event_types_at_marker_m|event_labels_at_marker_m|shelter_context_zone_id|profile_interpretation_boundary,route_semantic_context_not_fork_inventory,False,"Route semantic, surface, guidepost, facility, trail, path, road, or way context exists, but it is not a governed fork/decision point inventory."
outputs\report_figures\ch6_single_activity_surface_profiles_v2_2_2\activity_23_1\ch6_5_single_activity_surface_profile_23_1_v2_2_2.csv,True,4188,route_distance_m|dist_m|lat|lon|osm_highway|osm_surface|surface_class|route_semantic_class|osm_is_steps|slope_pct|slope_window_nlsc|near_shelter|dist_shelter_m|near_guidepost|dist_guidepost_m|near_peak|dist_peak_m|near_trailhead|dist_trailhead_m|near_waterway|dist_waterway_m|near_bench|dist_bench_m|near_picnic_table|dist_picnic_table_m|source_route_distance_m|surface_type|surface_label|slope_pct_raw|slope_pct_plot|slope_source|slope_method|surface_method|activity_id_short_x|behavior_window_start_m|activity_id_short_y|behavior_window_end_m|source_window_row_count|point_count|route_phase|speed_mps_median|speed_mps_p25|speed_mps_p75|low_speed_ratio_mean|low_speed_ratio_median|stopped_ratio_mean|stopped_ratio_median|heart_rate_bpm_median|heart_rate_bpm_p25|heart_rate_bpm_p75|route_load_context_band|calibrated_slope_pct_median_behavior|ib2_terrain_evidence_median|ib2_effort_evidence_median|ib2_exposure_evidence_median|near_steps_ratio|near_guidepost_ratio|near_shelter_ratio|near_waterway_ratio|near_cliff_ratio|near_road_ratio|osm_exposure_types|window_qa_flags|interpretation_boundary|behavior_grain_note|activity_count|event_types_at_marker_m|event_labels_at_marker_m|shelter_context_zone_id|profile_interpretation_boundary,route_semantic_context_not_fork_inventory,False,"Route semantic, surface, guidepost, facility, trail, path, road, or way context exists, but it is not a governed fork/decision point inventory."
outputs\report_figures\ch6_single_activity_surface_profiles_v2_2_2\activity_28_1\ch6_5_single_activity_surface_profile_28_1_v2_2_2.csv,True,4188,route_distance_m|dist_m|lat|lon|osm_highway|osm_surface|surface_class|route_semantic_class|osm_is_steps|slope_pct|slope_window_nlsc|near_shelter|dist_shelter_m|near_guidepost|dist_guidepost_m|near_peak|dist_peak_m|near_trailhead|dist_trailhead_m|near_waterway|dist_waterway_m|near_bench|dist_bench_m|near_picnic_table|dist_picnic_table_m|source_route_distance_m|surface_type|surface_label|slope_pct_raw|slope_pct_plot|slope_source|slope_method|surface_method|activity_id_short_x|behavior_window_start_m|activity_id_short_y|behavior_window_end_m|source_window_row_count|point_count|route_phase|speed_mps_median|speed_mps_p25|speed_mps_p75|low_speed_ratio_mean|low_speed_ratio_median|stopped_ratio_mean|stopped_ratio_median|heart_rate_bpm_median|heart_rate_bpm_p25|heart_rate_bpm_p75|route_load_context_band|calibrated_slope_pct_median_behavior|ib2_terrain_evidence_median|ib2_effort_evidence_median|ib2_exposure_evidence_median|near_steps_ratio|near_guidepost_ratio|near_shelter_ratio|near_waterway_ratio|near_cliff_ratio|near_road_ratio|osm_exposure_types|window_qa_flags|interpretation_boundary|behavior_grain_note|activity_count|event_types_at_marker_m|event_labels_at_marker_m|shelter_context_zone_id|profile_interpretation_boundary,route_semantic_context_not_fork_inventory,False,"Route semantic, surface, guidepost, facility, trail, path, road, or way context exists, but it is not a governed fork/decision point inventory."
outputs\report_figures\ch6_single_activity_surface_profiles_v2_2_2\activity_29_1\ch6_5_single_activity_surface_profile_29_1_v2_2_2.csv,True,4188,route_distance_m|dist_m|lat|lon|osm_highway|osm_surface|surface_class|route_semantic_class|osm_is_steps|slope_pct|slope_window_nlsc|near_shelter|dist_shelter_m|near_guidepost|dist_guidepost_m|near_peak|dist_peak_m|near_trailhead|dist_trailhead_m|near_waterway|dist_waterway_m|near_bench|dist_bench_m|near_picnic_table|dist_picnic_table_m|source_route_distance_m|surface_type|surface_label|slope_pct_raw|slope_pct_plot|slope_source|slope_method|surface_method|activity_id_short_x|behavior_window_start_m|activity_id_short_y|behavior_window_end_m|source_window_row_count|point_count|route_phase|speed_mps_median|speed_mps_p25|speed_mps_p75|low_speed_ratio_mean|low_speed_ratio_median|stopped_ratio_mean|stopped_ratio_median|heart_rate_bpm_median|heart_rate_bpm_p25|heart_rate_bpm_p75|route_load_context_band|calibrated_slope_pct_median_behavior|ib2_terrain_evidence_median|ib2_effort_evidence_median|ib2_exposure_evidence_median|near_steps_ratio|near_guidepost_ratio|near_shelter_ratio|near_waterway_ratio|near_cliff_ratio|near_road_ratio|osm_exposure_types|window_qa_flags|interpretation_boundary|behavior_grain_note|activity_count|event_types_at_marker_m|event_labels_at_marker_m|shelter_context_zone_id|profile_interpretation_boundary,route_semantic_context_not_fork_inventory,False,"Route semantic, surface, guidepost, facility, trail, path, road, or way context exists, but it is not a governed fork/decision point inventory."
outputs\report_figures\ch6_single_activity_surface_profiles_v2_2_2\activity_30_1\ch6_5_single_activity_surface_profile_30_1_v2_2_2.csv,True,4188,route_distance_m|dist_m|lat|lon|osm_highway|osm_surface|surface_class|route_semantic_class|osm_is_steps|slope_pct|slope_window_nlsc|near_shelter|dist_shelter_m|near_guidepost|dist_guidepost_m|near_peak|dist_peak_m|near_trailhead|dist_trailhead_m|near_waterway|dist_waterway_m|near_bench|dist_bench_m|near_picnic_table|dist_picnic_table_m|source_route_distance_m|surface_type|surface_label|slope_pct_raw|slope_pct_plot|slope_source|slope_method|surface_method|activity_id_short_x|behavior_window_start_m|activity_id_short_y|behavior_window_end_m|source_window_row_count|point_count|route_phase|speed_mps_median|speed_mps_p25|speed_mps_p75|low_speed_ratio_mean|low_speed_ratio_median|stopped_ratio_mean|stopped_ratio_median|heart_rate_bpm_median|heart_rate_bpm_p25|heart_rate_bpm_p75|route_load_context_band|calibrated_slope_pct_median_behavior|ib2_terrain_evidence_median|ib2_effort_evidence_median|ib2_exposure_evidence_median|near_steps_ratio|near_guidepost_ratio|near_shelter_ratio|near_waterway_ratio|near_cliff_ratio|near_road_ratio|osm_exposure_types|window_qa_flags|interpretation_boundary|behavior_grain_note|activity_count|event_types_at_marker_m|event_labels_at_marker_m|shelter_context_zone_id|profile_interpretation_boundary,route_semantic_context_not_fork_inventory,False,"Route semantic, surface, guidepost, facility, trail, path, road, or way context exists, but it is not a governed fork/decision point inventory."
outputs\report_figures\ch6_single_activity_surface_profiles_v2_2_2\activity_33_1\ch6_5_single_activity_surface_profile_33_1_v2_2_2.csv,True,4188,route_distance_m|dist_m|lat|lon|osm_highway|osm_surface|surface_class|route_semantic_class|osm_is_steps|slope_pct|slope_window_nlsc|near_shelter|dist_shelter_m|near_guidepost|dist_guidepost_m|near_peak|dist_peak_m|near_trailhead|dist_trailhead_m|near_waterway|dist_waterway_m|near_bench|dist_bench_m|near_picnic_table|dist_picnic_table_m|source_route_distance_m|surface_type|surface_label|slope_pct_raw|slope_pct_plot|slope_source|slope_method|surface_method|activity_id_short_x|behavior_window_start_m|activity_id_short_y|behavior_window_end_m|source_window_row_count|point_count|route_phase|speed_mps_median|speed_mps_p25|speed_mps_p75|low_speed_ratio_mean|low_speed_ratio_median|stopped_ratio_mean|stopped_ratio_median|heart_rate_bpm_median|heart_rate_bpm_p25|heart_rate_bpm_p75|route_load_context_band|calibrated_slope_pct_median_behavior|ib2_terrain_evidence_median|ib2_effort_evidence_median|ib2_exposure_evidence_median|near_steps_ratio|near_guidepost_ratio|near_shelter_ratio|near_waterway_ratio|near_cliff_ratio|near_road_ratio|osm_exposure_types|window_qa_flags|interpretation_boundary|behavior_grain_note|activity_count|event_types_at_marker_m|event_labels_at_marker_m|shelter_context_zone_id|profile_interpretation_boundary,route_semantic_context_not_fork_inventory,False,"Route semantic, surface, guidepost, facility, trail, path, road, or way context exists, but it is not a governed fork/decision point inventory."
outputs\report_figures\ch6_single_activity_surface_profiles_v2_2_2\activity_35_1\ch6_5_single_activity_surface_profile_35_1_v2_2_2.csv,True,4188,route_distance_m|dist_m|lat|lon|osm_highway|osm_surface|surface_class|route_semantic_class|osm_is_steps|slope_pct|slope_window_nlsc|near_shelter|dist_shelter_m|near_guidepost|dist_guidepost_m|near_peak|dist_peak_m|near_trailhead|dist_trailhead_m|near_waterway|dist_waterway_m|near_bench|dist_bench_m|near_picnic_table|dist_picnic_table_m|source_route_distance_m|surface_type|surface_label|slope_pct_raw|slope_pct_plot|slope_source|slope_method|surface_method|activity_id_short_x|behavior_window_start_m|activity_id_short_y|behavior_window_end_m|source_window_row_count|point_count|route_phase|speed_mps_median|speed_mps_p25|speed_mps_p75|low_speed_ratio_mean|low_speed_ratio_median|stopped_ratio_mean|stopped_ratio_median|heart_rate_bpm_median|heart_rate_bpm_p25|heart_rate_bpm_p75|route_load_context_band|calibrated_slope_pct_median_behavior|ib2_terrain_evidence_median|ib2_effort_evidence_median|ib2_exposure_evidence_median|near_steps_ratio|near_guidepost_ratio|near_shelter_ratio|near_waterway_ratio|near_cliff_ratio|near_road_ratio|osm_exposure_types|window_qa_flags|interpretation_boundary|behavior_grain_note|activity_count|event_types_at_marker_m|event_labels_at_marker_m|shelter_context_zone_id|profile_interpretation_boundary,route_semantic_context_not_fork_inventory,False,"Route semantic, surface, guidepost, facility, trail, path, road, or way context exists, but it is not a governed fork/decision point inventory."
outputs\report_figures\ch6_single_activity_surface_profiles_v2_2_2\activity_36_1\ch6_5_single_activity_surface_profile_36_1_v2_2_2.csv,True,4188,route_distance_m|dist_m|lat|lon|osm_highway|osm_surface|surface_class|route_semantic_class|osm_is_steps|slope_pct|slope_window_nlsc|near_shelter|dist_shelter_m|near_guidepost|dist_guidepost_m|near_peak|dist_peak_m|near_trailhead|dist_trailhead_m|near_waterway|dist_waterway_m|near_bench|dist_bench_m|near_picnic_table|dist_picnic_table_m|source_route_distance_m|surface_type|surface_label|slope_pct_raw|slope_pct_plot|slope_source|slope_method|surface_method|activity_id_short_x|behavior_window_start_m|activity_id_short_y|behavior_window_end_m|source_window_row_count|point_count|route_phase|speed_mps_median|speed_mps_p25|speed_mps_p75|low_speed_ratio_mean|low_speed_ratio_median|stopped_ratio_mean|stopped_ratio_median|heart_rate_bpm_median|heart_rate_bpm_p25|heart_rate_bpm_p75|route_load_context_band|calibrated_slope_pct_median_behavior|ib2_terrain_evidence_median|ib2_effort_evidence_median|ib2_exposure_evidence_median|near_steps_ratio|near_guidepost_ratio|near_shelter_ratio|near_waterway_ratio|near_cliff_ratio|near_road_ratio|osm_exposure_types|window_qa_flags|interpretation_boundary|behavior_grain_note|activity_count|event_types_at_marker_m|event_labels_at_marker_m|shelter_context_zone_id|profile_interpretation_boundary,route_semantic_context_not_fork_inventory,False,"Route semantic, surface, guidepost, facility, trail, path, road, or way context exists, but it is not a governed fork/decision point inventory."
outputs\report_figures\ch6_single_activity_surface_profiles_v2_2_2\activity_37_1\ch6_5_single_activity_surface_profile_37_1_v2_2_2.csv,True,4188,route_distance_m|dist_m|lat|lon|osm_highway|osm_surface|surface_class|route_semantic_class|osm_is_steps|slope_pct|slope_window_nlsc|near_shelter|dist_shelter_m|near_guidepost|dist_guidepost_m|near_peak|dist_peak_m|near_trailhead|dist_trailhead_m|near_waterway|dist_waterway_m|near_bench|dist_bench_m|near_picnic_table|dist_picnic_table_m|source_route_distance_m|surface_type|surface_label|slope_pct_raw|slope_pct_plot|slope_source|slope_method|surface_method|activity_id_short_x|behavior_window_start_m|activity_id_short_y|behavior_window_end_m|source_window_row_count|point_count|route_phase|speed_mps_median|speed_mps_p25|speed_mps_p75|low_speed_ratio_mean|low_speed_ratio_median|stopped_ratio_mean|stopped_ratio_median|heart_rate_bpm_median|heart_rate_bpm_p25|heart_rate_bpm_p75|route_load_context_band|calibrated_slope_pct_median_behavior|ib2_terrain_evidence_median|ib2_effort_evidence_median|ib2_exposure_evidence_median|near_steps_ratio|near_guidepost_ratio|near_shelter_ratio|near_waterway_ratio|near_cliff_ratio|near_road_ratio|osm_exposure_types|window_qa_flags|interpretation_boundary|behavior_grain_note|activity_count|event_types_at_marker_m|event_labels_at_marker_m|shelter_context_zone_id|profile_interpretation_boundary,route_semantic_context_not_fork_inventory,False,"Route semantic, surface, guidepost, facility, trail, path, road, or way context exists, but it is not a governed fork/decision point inventory."
outputs\report_figures\ch6_single_activity_surface_profiles_v2_2_2\activity_38_1\ch6_5_single_activity_surface_profile_38_1_v2_2_2.csv,True,4188,route_distance_m|dist_m|lat|lon|osm_highway|osm_surface|surface_class|route_semantic_class|osm_is_steps|slope_pct|slope_window_nlsc|near_shelter|dist_shelter_m|near_guidepost|dist_guidepost_m|near_peak|dist_peak_m|near_trailhead|dist_trailhead_m|near_waterway|dist_waterway_m|near_bench|dist_bench_m|near_picnic_table|dist_picnic_table_m|source_route_distance_m|surface_type|surface_label|slope_pct_raw|slope_pct_plot|slope_source|slope_method|surface_method|activity_id_short_x|behavior_window_start_m|activity_id_short_y|behavior_window_end_m|source_window_row_count|point_count|route_phase|speed_mps_median|speed_mps_p25|speed_mps_p75|low_speed_ratio_mean|low_speed_ratio_median|stopped_ratio_mean|stopped_ratio_median|heart_rate_bpm_median|heart_rate_bpm_p25|heart_rate_bpm_p75|route_load_context_band|calibrated_slope_pct_median_behavior|ib2_terrain_evidence_median|ib2_effort_evidence_median|ib2_exposure_evidence_median|near_steps_ratio|near_guidepost_ratio|near_shelter_ratio|near_waterway_ratio|near_cliff_ratio|near_road_ratio|osm_exposure_types|window_qa_flags|interpretation_boundary|behavior_grain_note|activity_count|event_types_at_marker_m|event_labels_at_marker_m|shelter_context_zone_id|profile_interpretation_boundary,route_semantic_context_not_fork_inventory,False,"Route semantic, surface, guidepost, facility, trail, path, road, or way context exists, but it is not a governed fork/decision point inventory."
outputs\report_figures\ch6_single_activity_surface_profiles_v2_2_2\activity_3_1\ch6_5_single_activity_surface_profile_3_1_v2_2_2.csv,True,4188,route_distance_m|dist_m|lat|lon|osm_highway|osm_surface|surface_class|route_semantic_class|osm_is_steps|slope_pct|slope_window_nlsc|near_shelter|dist_shelter_m|near_guidepost|dist_guidepost_m|near_peak|dist_peak_m|near_trailhead|dist_trailhead_m|near_waterway|dist_waterway_m|near_bench|dist_bench_m|near_picnic_table|dist_picnic_table_m|source_route_distance_m|surface_type|surface_label|slope_pct_raw|slope_pct_plot|slope_source|slope_method|surface_method|activity_id_short_x|behavior_window_start_m|activity_id_short_y|behavior_window_end_m|source_window_row_count|point_count|route_phase|speed_mps_median|speed_mps_p25|speed_mps_p75|low_speed_ratio_mean|low_speed_ratio_median|stopped_ratio_mean|stopped_ratio_median|heart_rate_bpm_median|heart_rate_bpm_p25|heart_rate_bpm_p75|route_load_context_band|calibrated_slope_pct_median_behavior|ib2_terrain_evidence_median|ib2_effort_evidence_median|ib2_exposure_evidence_median|near_steps_ratio|near_guidepost_ratio|near_shelter_ratio|near_waterway_ratio|near_cliff_ratio|near_road_ratio|osm_exposure_types|window_qa_flags|interpretation_boundary|behavior_grain_note|activity_count|event_types_at_marker_m|event_labels_at_marker_m|shelter_context_zone_id|profile_interpretation_boundary,route_semantic_context_not_fork_inventory,False,"Route semantic, surface, guidepost, facility, trail, path, road, or way context exists, but it is not a governed fork/decision point inventory."
outputs\report_figures\ch6_single_activity_surface_profiles_v2_2_2\activity_40_1\ch6_5_single_activity_surface_profile_40_1_v2_2_2.csv,True,4188,route_distance_m|dist_m|lat|lon|osm_highway|osm_surface|surface_class|route_semantic_class|osm_is_steps|slope_pct|slope_window_nlsc|near_shelter|dist_shelter_m|near_guidepost|dist_guidepost_m|near_peak|dist_peak_m|near_trailhead|dist_trailhead_m|near_waterway|dist_waterway_m|near_bench|dist_bench_m|near_picnic_table|dist_picnic_table_m|source_route_distance_m|surface_type|surface_label|slope_pct_raw|slope_pct_plot|slope_source|slope_method|surface_method|activity_id_short_x|behavior_window_start_m|activity_id_short_y|behavior_window_end_m|source_window_row_count|point_count|route_phase|speed_mps_median|speed_mps_p25|speed_mps_p75|low_speed_ratio_mean|low_speed_ratio_median|stopped_ratio_mean|stopped_ratio_median|heart_rate_bpm_median|heart_rate_bpm_p25|heart_rate_bpm_p75|route_load_context_band|calibrated_slope_pct_median_behavior|ib2_terrain_evidence_median|ib2_effort_evidence_median|ib2_exposure_evidence_median|near_steps_ratio|near_guidepost_ratio|near_shelter_ratio|near_waterway_ratio|near_cliff_ratio|near_road_ratio|osm_exposure_types|window_qa_flags|interpretation_boundary|behavior_grain_note|activity_count|event_types_at_marker_m|event_labels_at_marker_m|shelter_context_zone_id|profile_interpretation_boundary,route_semantic_context_not_fork_inventory,False,"Route semantic, surface, guidepost, facility, trail, path, road, or way context exists, but it is not a governed fork/decision point inventory."
outputs\report_figures\ch6_single_activity_surface_profiles_v2_2_2\activity_41_1\ch6_5_single_activity_surface_profile_41_1_v2_2_2.csv,True,4188,route_distance_m|dist_m|lat|lon|osm_highway|osm_surface|surface_class|route_semantic_class|osm_is_steps|slope_pct|slope_window_nlsc|near_shelter|dist_shelter_m|near_guidepost|dist_guidepost_m|near_peak|dist_peak_m|near_trailhead|dist_trailhead_m|near_waterway|dist_waterway_m|near_bench|dist_bench_m|near_picnic_table|dist_picnic_table_m|source_route_distance_m|surface_type|surface_label|slope_pct_raw|slope_pct_plot|slope_source|slope_method|surface_method|activity_id_short_x|behavior_window_start_m|activity_id_short_y|behavior_window_end_m|source_window_row_count|point_count|route_phase|speed_mps_median|speed_mps_p25|speed_mps_p75|low_speed_ratio_mean|low_speed_ratio_median|stopped_ratio_mean|stopped_ratio_median|heart_rate_bpm_median|heart_rate_bpm_p25|heart_rate_bpm_p75|route_load_context_band|calibrated_slope_pct_median_behavior|ib2_terrain_evidence_median|ib2_effort_evidence_median|ib2_exposure_evidence_median|near_steps_ratio|near_guidepost_ratio|near_shelter_ratio|near_waterway_ratio|near_cliff_ratio|near_road_ratio|osm_exposure_types|window_qa_flags|interpretation_boundary|behavior_grain_note|activity_count|event_types_at_marker_m|event_labels_at_marker_m|shelter_context_zone_id|profile_interpretation_boundary,route_semantic_context_not_fork_inventory,False,"Route semantic, surface, guidepost, facility, trail, path, road, or way context exists, but it is not a governed fork/decision point inventory."
outputs\report_figures\ch6_single_activity_surface_profiles_v2_2_2\activity_42_1\ch6_5_single_activity_surface_profile_42_1_v2_2_2.csv,True,4188,route_distance_m|dist_m|lat|lon|osm_highway|osm_surface|surface_class|route_semantic_class|osm_is_steps|slope_pct|slope_window_nlsc|near_shelter|dist_shelter_m|near_guidepost|dist_guidepost_m|near_peak|dist_peak_m|near_trailhead|dist_trailhead_m|near_waterway|dist_waterway_m|near_bench|dist_bench_m|near_picnic_table|dist_picnic_table_m|source_route_distance_m|surface_type|surface_label|slope_pct_raw|slope_pct_plot|slope_source|slope_method|surface_method|activity_id_short_x|behavior_window_start_m|activity_id_short_y|behavior_window_end_m|source_window_row_count|point_count|route_phase|speed_mps_median|speed_mps_p25|speed_mps_p75|low_speed_ratio_mean|low_speed_ratio_median|stopped_ratio_mean|stopped_ratio_median|heart_rate_bpm_median|heart_rate_bpm_p25|heart_rate_bpm_p75|route_load_context_band|calibrated_slope_pct_median_behavior|ib2_terrain_evidence_median|ib2_effort_evidence_median|ib2_exposure_evidence_median|near_steps_ratio|near_guidepost_ratio|near_shelter_ratio|near_waterway_ratio|near_cliff_ratio|near_road_ratio|osm_exposure_types|window_qa_flags|interpretation_boundary|behavior_grain_note|activity_count|event_types_at_marker_m|event_labels_at_marker_m|shelter_context_zone_id|profile_interpretation_boundary,route_semantic_context_not_fork_inventory,False,"Route semantic, surface, guidepost, facility, trail, path, road, or way context exists, but it is not a governed fork/decision point inventory."
outputs\report_figures\ch6_single_activity_surface_profiles_v2_2_2\activity_43_1\ch6_5_single_activity_surface_profile_43_1_v2_2_2.csv,True,4188,route_distance_m|dist_m|lat|lon|osm_highway|osm_surface|surface_class|route_semantic_class|osm_is_steps|slope_pct|slope_window_nlsc|near_shelter|dist_shelter_m|near_guidepost|dist_guidepost_m|near_peak|dist_peak_m|near_trailhead|dist_trailhead_m|near_waterway|dist_waterway_m|near_bench|dist_bench_m|near_picnic_table|dist_picnic_table_m|source_route_distance_m|surface_type|surface_label|slope_pct_raw|slope_pct_plot|slope_source|slope_method|surface_method|activity_id_short_x|behavior_window_start_m|activity_id_short_y|behavior_window_end_m|source_window_row_count|point_count|route_phase|speed_mps_median|speed_mps_p25|speed_mps_p75|low_speed_ratio_mean|low_speed_ratio_median|stopped_ratio_mean|stopped_ratio_median|heart_rate_bpm_median|heart_rate_bpm_p25|heart_rate_bpm_p75|route_load_context_band|calibrated_slope_pct_median_behavior|ib2_terrain_evidence_median|ib2_effort_evidence_median|ib2_exposure_evidence_median|near_steps_ratio|near_guidepost_ratio|near_shelter_ratio|near_waterway_ratio|near_cliff_ratio|near_road_ratio|osm_exposure_types|window_qa_flags|interpretation_boundary|behavior_grain_note|activity_count|event_types_at_marker_m|event_labels_at_marker_m|shelter_context_zone_id|profile_interpretation_boundary,route_semantic_context_not_fork_inventory,False,"Route semantic, surface, guidepost, facility, trail, path, road, or way context exists, but it is not a governed fork/decision point inventory."
outputs\report_figures\ch6_single_activity_surface_profiles_v2_2_2\activity_44_1\ch6_5_single_activity_surface_profile_44_1_v2_2_2.csv,True,4188,route_distance_m|dist_m|lat|lon|osm_highway|osm_surface|surface_class|route_semantic_class|osm_is_steps|slope_pct|slope_window_nlsc|near_shelter|dist_shelter_m|near_guidepost|dist_guidepost_m|near_peak|dist_peak_m|near_trailhead|dist_trailhead_m|near_waterway|dist_waterway_m|near_bench|dist_bench_m|near_picnic_table|dist_picnic_table_m|source_route_distance_m|surface_type|surface_label|slope_pct_raw|slope_pct_plot|slope_source|slope_method|surface_method|activity_id_short_x|behavior_window_start_m|activity_id_short_y|behavior_window_end_m|source_window_row_count|point_count|route_phase|speed_mps_median|speed_mps_p25|speed_mps_p75|low_speed_ratio_mean|low_speed_ratio_median|stopped_ratio_mean|stopped_ratio_median|heart_rate_bpm_median|heart_rate_bpm_p25|heart_rate_bpm_p75|route_load_context_band|calibrated_slope_pct_median_behavior|ib2_terrain_evidence_median|ib2_effort_evidence_median|ib2_exposure_evidence_median|near_steps_ratio|near_guidepost_ratio|near_shelter_ratio|near_waterway_ratio|near_cliff_ratio|near_road_ratio|osm_exposure_types|window_qa_flags|interpretation_boundary|behavior_grain_note|activity_count|event_types_at_marker_m|event_labels_at_marker_m|shelter_context_zone_id|profile_interpretation_boundary,route_semantic_context_not_fork_inventory,False,"Route semantic, surface, guidepost, facility, trail, path, road, or way context exists, but it is not a governed fork/decision point inventory."
outputs\report_figures\ch6_single_activity_surface_profiles_v2_2_2\activity_45_1\ch6_5_single_activity_surface_profile_45_1_v2_2_2.csv,True,4188,route_distance_m|dist_m|lat|lon|osm_highway|osm_surface|surface_class|route_semantic_class|osm_is_steps|slope_pct|slope_window_nlsc|near_shelter|dist_shelter_m|near_guidepost|dist_guidepost_m|near_peak|dist_peak_m|near_trailhead|dist_trailhead_m|near_waterway|dist_waterway_m|near_bench|dist_bench_m|near_picnic_table|dist_picnic_table_m|source_route_distance_m|surface_type|surface_label|slope_pct_raw|slope_pct_plot|slope_source|slope_method|surface_method|activity_id_short_x|behavior_window_start_m|activity_id_short_y|behavior_window_end_m|source_window_row_count|point_count|route_phase|speed_mps_median|speed_mps_p25|speed_mps_p75|low_speed_ratio_mean|low_speed_ratio_median|stopped_ratio_mean|stopped_ratio_median|heart_rate_bpm_median|heart_rate_bpm_p25|heart_rate_bpm_p75|route_load_context_band|calibrated_slope_pct_median_behavior|ib2_terrain_evidence_median|ib2_effort_evidence_median|ib2_exposure_evidence_median|near_steps_ratio|near_guidepost_ratio|near_shelter_ratio|near_waterway_ratio|near_cliff_ratio|near_road_ratio|osm_exposure_types|window_qa_flags|interpretation_boundary|behavior_grain_note|activity_count|event_types_at_marker_m|event_labels_at_marker_m|shelter_context_zone_id|profile_interpretation_boundary,route_semantic_context_not_fork_inventory,False,"Route semantic, surface, guidepost, facility, trail, path, road, or way context exists, but it is not a governed fork/decision point inventory."
outputs\report_figures\ch6_single_activity_surface_profiles_v2_2_2\activity_46_1\ch6_5_single_activity_surface_profile_46_1_v2_2_2.csv,True,4188,route_distance_m|dist_m|lat|lon|osm_highway|osm_surface|surface_class|route_semantic_class|osm_is_steps|slope_pct|slope_window_nlsc|near_shelter|dist_shelter_m|near_guidepost|dist_guidepost_m|near_peak|dist_peak_m|near_trailhead|dist_trailhead_m|near_waterway|dist_waterway_m|near_bench|dist_bench_m|near_picnic_table|dist_picnic_table_m|source_route_distance_m|surface_type|surface_label|slope_pct_raw|slope_pct_plot|slope_source|slope_method|surface_method|activity_id_short_x|behavior_window_start_m|activity_id_short_y|behavior_window_end_m|source_window_row_count|point_count|route_phase|speed_mps_median|speed_mps_p25|speed_mps_p75|low_speed_ratio_mean|low_speed_ratio_median|stopped_ratio_mean|stopped_ratio_median|heart_rate_bpm_median|heart_rate_bpm_p25|heart_rate_bpm_p75|route_load_context_band|calibrated_slope_pct_median_behavior|ib2_terrain_evidence_median|ib2_effort_evidence_median|ib2_exposure_evidence_median|near_steps_ratio|near_guidepost_ratio|near_shelter_ratio|near_waterway_ratio|near_cliff_ratio|near_road_ratio|osm_exposure_types|window_qa_flags|interpretation_boundary|behavior_grain_note|activity_count|event_types_at_marker_m|event_labels_at_marker_m|shelter_context_zone_id|profile_interpretation_boundary,route_semantic_context_not_fork_inventory,False,"Route semantic, surface, guidepost, facility, trail, path, road, or way context exists, but it is not a governed fork/decision point inventory."
outputs\report_figures\ch6_single_activity_surface_profiles_v2_2_2\activity_48_1\ch6_5_single_activity_surface_profile_48_1_v2_2_2.csv,True,4188,route_distance_m|dist_m|lat|lon|osm_highway|osm_surface|surface_class|route_semantic_class|osm_is_steps|slope_pct|slope_window_nlsc|near_shelter|dist_shelter_m|near_guidepost|dist_guidepost_m|near_peak|dist_peak_m|near_trailhead|dist_trailhead_m|near_waterway|dist_waterway_m|near_bench|dist_bench_m|near_picnic_table|dist_picnic_table_m|source_route_distance_m|surface_type|surface_label|slope_pct_raw|slope_pct_plot|slope_source|slope_method|surface_method|activity_id_short_x|behavior_window_start_m|activity_id_short_y|behavior_window_end_m|source_window_row_count|point_count|route_phase|speed_mps_median|speed_mps_p25|speed_mps_p75|low_speed_ratio_mean|low_speed_ratio_median|stopped_ratio_mean|stopped_ratio_median|heart_rate_bpm_median|heart_rate_bpm_p25|heart_rate_bpm_p75|route_load_context_band|calibrated_slope_pct_median_behavior|ib2_terrain_evidence_median|ib2_effort_evidence_median|ib2_exposure_evidence_median|near_steps_ratio|near_guidepost_ratio|near_shelter_ratio|near_waterway_ratio|near_cliff_ratio|near_road_ratio|osm_exposure_types|window_qa_flags|interpretation_boundary|behavior_grain_note|activity_count|event_types_at_marker_m|event_labels_at_marker_m|shelter_context_zone_id|profile_interpretation_boundary,route_semantic_context_not_fork_inventory,False,"Route semantic, surface, guidepost, facility, trail, path, road, or way context exists, but it is not a governed fork/decision point inventory."
outputs\report_figures\ch6_single_activity_surface_profiles_v2_2_2\activity_8_1\ch6_5_single_activity_surface_profile_8_1_v2_2_2.csv,True,4188,route_distance_m|dist_m|lat|lon|osm_highway|osm_surface|surface_class|route_semantic_class|osm_is_steps|slope_pct|slope_window_nlsc|near_shelter|dist_shelter_m|near_guidepost|dist_guidepost_m|near_peak|dist_peak_m|near_trailhead|dist_trailhead_m|near_waterway|dist_waterway_m|near_bench|dist_bench_m|near_picnic_table|dist_picnic_table_m|source_route_distance_m|surface_type|surface_label|slope_pct_raw|slope_pct_plot|slope_source|slope_method|surface_method|activity_id_short_x|behavior_window_start_m|activity_id_short_y|behavior_window_end_m|source_window_row_count|point_count|route_phase|speed_mps_median|speed_mps_p25|speed_mps_p75|low_speed_ratio_mean|low_speed_ratio_median|stopped_ratio_mean|stopped_ratio_median|heart_rate_bpm_median|heart_rate_bpm_p25|heart_rate_bpm_p75|route_load_context_band|calibrated_slope_pct_median_behavior|ib2_terrain_evidence_median|ib2_effort_evidence_median|ib2_exposure_evidence_median|near_steps_ratio|near_guidepost_ratio|near_shelter_ratio|near_waterway_ratio|near_cliff_ratio|near_road_ratio|osm_exposure_types|window_qa_flags|interpretation_boundary|behavior_grain_note|activity_count|event_types_at_marker_m|event_labels_at_marker_m|shelter_context_zone_id|profile_interpretation_boundary,route_semantic_context_not_fork_inventory,False,"Route semantic, surface, guidepost, facility, trail, path, road, or way context exists, but it is not a governed fork/decision point inventory."
outputs\report_figures\ch6_single_activity_surface_profiles_v2_2_2\activity_9_1\ch6_5_single_activity_surface_profile_9_1_v2_2_2.csv,True,4188,route_distance_m|dist_m|lat|lon|osm_highway|osm_surface|surface_class|route_semantic_class|osm_is_steps|slope_pct|slope_window_nlsc|near_shelter|dist_shelter_m|near_guidepost|dist_guidepost_m|near_peak|dist_peak_m|near_trailhead|dist_trailhead_m|near_waterway|dist_waterway_m|near_bench|dist_bench_m|near_picnic_table|dist_picnic_table_m|source_route_distance_m|surface_type|surface_label|slope_pct_raw|slope_pct_plot|slope_source|slope_method|surface_method|activity_id_short_x|behavior_window_start_m|activity_id_short_y|behavior_window_end_m|source_window_row_count|point_count|route_phase|speed_mps_median|speed_mps_p25|speed_mps_p75|low_speed_ratio_mean|low_speed_ratio_median|stopped_ratio_mean|stopped_ratio_median|heart_rate_bpm_median|heart_rate_bpm_p25|heart_rate_bpm_p75|route_load_context_band|calibrated_slope_pct_median_behavior|ib2_terrain_evidence_median|ib2_effort_evidence_median|ib2_exposure_evidence_median|near_steps_ratio|near_guidepost_ratio|near_shelter_ratio|near_waterway_ratio|near_cliff_ratio|near_road_ratio|osm_exposure_types|window_qa_flags|interpretation_boundary|behavior_grain_note|activity_count|event_types_at_marker_m|event_labels_at_marker_m|shelter_context_zone_id|profile_interpretation_boundary,route_semantic_context_not_fork_inventory,False,"Route semantic, surface, guidepost, facility, trail, path, road, or way context exists, but it is not a governed fork/decision point inventory."
outputs\report_figures\ch6_single_activity_surface_profiles_v2_2_3_ib3d_events\activity_37_1\ch6_5_single_activity_surface_profile_37_1_v2_2_3_ib3d_events.csv,True,4188,route_distance_m|dist_m|lat|lon|osm_highway|osm_surface|surface_class|route_semantic_class|osm_is_steps|slope_pct|slope_window_nlsc|near_shelter|dist_shelter_m|near_guidepost|dist_guidepost_m|near_peak|dist_peak_m|near_trailhead|dist_trailhead_m|near_waterway|dist_waterway_m|near_bench|dist_bench_m|near_picnic_table|dist_picnic_table_m|source_route_distance_m|surface_type|surface_label|slope_pct_raw|slope_pct_plot|slope_source|slope_method|surface_method|activity_id_short_x|behavior_window_start_m|activity_id_short_y|behavior_window_end_m|source_window_row_count|point_count|route_phase|speed_mps_median|speed_mps_p25|speed_mps_p75|low_speed_ratio_mean|low_speed_ratio_median|stopped_ratio_mean|stopped_ratio_median|heart_rate_bpm_median|heart_rate_bpm_p25|heart_rate_bpm_p75|route_load_context_band|calibrated_slope_pct_median_behavior|ib2_terrain_evidence_median|ib2_effort_evidence_median|ib2_exposure_evidence_median|near_steps_ratio|near_guidepost_ratio|near_shelter_ratio|near_waterway_ratio|near_cliff_ratio|near_road_ratio|osm_exposure_types|window_qa_flags|interpretation_boundary|behavior_grain_note|activity_count|event_types_at_marker_m|event_labels_at_marker_m|shelter_context_zone_id|profile_interpretation_boundary,route_semantic_context_not_fork_inventory,False,"Route semantic, surface, guidepost, facility, trail, path, road, or way context exists, but it is not a governed fork/decision point inventory."
outputs\report_figures\ch6_single_activity_surface_profiles_v2_2_4_ib3d_event_bands\activity_37_1\ch6_5_single_activity_surface_profile_37_1_v2_2_4_ib3d_event_bands.csv,True,4188,route_distance_m|dist_m|lat|lon|osm_highway|osm_surface|surface_class|route_semantic_class|osm_is_steps|slope_pct|slope_window_nlsc|near_shelter|dist_shelter_m|near_guidepost|dist_guidepost_m|near_peak|dist_peak_m|near_trailhead|dist_trailhead_m|near_waterway|dist_waterway_m|near_bench|dist_bench_m|near_picnic_table|dist_picnic_table_m|source_route_distance_m|surface_type|surface_label|slope_pct_raw|slope_pct_plot|slope_source|slope_method|surface_method|activity_id_short_x|behavior_window_start_m|activity_id_short_y|behavior_window_end_m|source_window_row_count|point_count|route_phase|speed_mps_median|speed_mps_p25|speed_mps_p75|low_speed_ratio_mean|low_speed_ratio_median|stopped_ratio_mean|stopped_ratio_median|heart_rate_bpm_median|heart_rate_bpm_p25|heart_rate_bpm_p75|route_load_context_band|calibrated_slope_pct_median_behavior|ib2_terrain_evidence_median|ib2_effort_evidence_median|ib2_exposure_evidence_median|near_steps_ratio|near_guidepost_ratio|near_shelter_ratio|near_waterway_ratio|near_cliff_ratio|near_road_ratio|osm_exposure_types|window_qa_flags|interpretation_boundary|behavior_grain_note|activity_count|event_types_at_marker_m|event_labels_at_marker_m|shelter_context_zone_id|profile_interpretation_boundary,route_semantic_context_not_fork_inventory,False,"Route semantic, surface, guidepost, facility, trail, path, road, or way context exists, but it is not a governed fork/decision point inventory."
outputs\report_figures\ch6_single_activity_surface_profiles_v2_2_5_speed_threshold_pause_focus\activity_13_1\ch6_5_single_activity_surface_profile_13_1_v2_2_5_speed_threshold_pause_focus.csv,True,4188,route_distance_m|dist_m|lat|lon|osm_highway|osm_surface|surface_class|route_semantic_class|osm_is_steps|slope_pct|slope_window_nlsc|near_shelter|dist_shelter_m|near_guidepost|dist_guidepost_m|near_peak|dist_peak_m|near_trailhead|dist_trailhead_m|near_waterway|dist_waterway_m|near_bench|dist_bench_m|near_picnic_table|dist_picnic_table_m|source_route_distance_m|surface_type|surface_label|slope_pct_raw|slope_pct_plot|slope_source|slope_method|surface_method|activity_id_short_x|behavior_window_start_m|activity_id_short_y|behavior_window_end_m|source_window_row_count|point_count|route_phase|speed_mps_median|speed_mps_p25|speed_mps_p75|low_speed_ratio_mean|low_speed_ratio_median|stopped_ratio_mean|stopped_ratio_median|heart_rate_bpm_median|heart_rate_bpm_p25|heart_rate_bpm_p75|route_load_context_band|calibrated_slope_pct_median_behavior|ib2_terrain_evidence_median|ib2_effort_evidence_median|ib2_exposure_evidence_median|near_steps_ratio|near_guidepost_ratio|near_shelter_ratio|near_waterway_ratio|near_cliff_ratio|near_road_ratio|osm_exposure_types|window_qa_flags|interpretation_boundary|behavior_grain_note|activity_count|event_types_at_marker_m|event_labels_at_marker_m|shelter_context_zone_id|profile_interpretation_boundary,route_semantic_context_not_fork_inventory,False,"Route semantic, surface, guidepost, facility, trail, path, road, or way context exists, but it is not a governed fork/decision point inventory."
outputs\report_figures\ch6_single_activity_surface_profiles_v2_2_5_speed_threshold_pause_focus\activity_14_1\ch6_5_single_activity_surface_profile_14_1_v2_2_5_speed_threshold_pause_focus.csv,True,4188,route_distance_m|dist_m|lat|lon|osm_highway|osm_surface|surface_class|route_semantic_class|osm_is_steps|slope_pct|slope_window_nlsc|near_shelter|dist_shelter_m|near_guidepost|dist_guidepost_m|near_peak|dist_peak_m|near_trailhead|dist_trailhead_m|near_waterway|dist_waterway_m|near_bench|dist_bench_m|near_picnic_table|dist_picnic_table_m|source_route_distance_m|surface_type|surface_label|slope_pct_raw|slope_pct_plot|slope_source|slope_method|surface_method|activity_id_short_x|behavior_window_start_m|activity_id_short_y|behavior_window_end_m|source_window_row_count|point_count|route_phase|speed_mps_median|speed_mps_p25|speed_mps_p75|low_speed_ratio_mean|low_speed_ratio_median|stopped_ratio_mean|stopped_ratio_median|heart_rate_bpm_median|heart_rate_bpm_p25|heart_rate_bpm_p75|route_load_context_band|calibrated_slope_pct_median_behavior|ib2_terrain_evidence_median|ib2_effort_evidence_median|ib2_exposure_evidence_median|near_steps_ratio|near_guidepost_ratio|near_shelter_ratio|near_waterway_ratio|near_cliff_ratio|near_road_ratio|osm_exposure_types|window_qa_flags|interpretation_boundary|behavior_grain_note|activity_count|event_types_at_marker_m|event_labels_at_marker_m|shelter_context_zone_id|profile_interpretation_boundary,route_semantic_context_not_fork_inventory,False,"Route semantic, surface, guidepost, facility, trail, path, road, or way context exists, but it is not a governed fork/decision point inventory."
outputs\report_figures\ch6_single_activity_surface_profiles_v2_2_5_speed_threshold_pause_focus\activity_15_1\ch6_5_single_activity_surface_profile_15_1_v2_2_5_speed_threshold_pause_focus.csv,True,4188,route_distance_m|dist_m|lat|lon|osm_highway|osm_surface|surface_class|route_semantic_class|osm_is_steps|slope_pct|slope_window_nlsc|near_shelter|dist_shelter_m|near_guidepost|dist_guidepost_m|near_peak|dist_peak_m|near_trailhead|dist_trailhead_m|near_waterway|dist_waterway_m|near_bench|dist_bench_m|near_picnic_table|dist_picnic_table_m|source_route_distance_m|surface_type|surface_label|slope_pct_raw|slope_pct_plot|slope_source|slope_method|surface_method|activity_id_short_x|behavior_window_start_m|activity_id_short_y|behavior_window_end_m|source_window_row_count|point_count|route_phase|speed_mps_median|speed_mps_p25|speed_mps_p75|low_speed_ratio_mean|low_speed_ratio_median|stopped_ratio_mean|stopped_ratio_median|heart_rate_bpm_median|heart_rate_bpm_p25|heart_rate_bpm_p75|route_load_context_band|calibrated_slope_pct_median_behavior|ib2_terrain_evidence_median|ib2_effort_evidence_median|ib2_exposure_evidence_median|near_steps_ratio|near_guidepost_ratio|near_shelter_ratio|near_waterway_ratio|near_cliff_ratio|near_road_ratio|osm_exposure_types|window_qa_flags|interpretation_boundary|behavior_grain_note|activity_count|event_types_at_marker_m|event_labels_at_marker_m|shelter_context_zone_id|profile_interpretation_boundary,route_semantic_context_not_fork_inventory,False,"Route semantic, surface, guidepost, facility, trail, path, road, or way context exists, but it is not a governed fork/decision point inventory."
outputs\report_figures\ch6_single_activity_surface_profiles_v2_2_5_speed_threshold_pause_focus\activity_16_1\ch6_5_single_activity_surface_profile_16_1_v2_2_5_speed_threshold_pause_focus.csv,True,4188,route_distance_m|dist_m|lat|lon|osm_highway|osm_surface|surface_class|route_semantic_class|osm_is_steps|slope_pct|slope_window_nlsc|near_shelter|dist_shelter_m|near_guidepost|dist_guidepost_m|near_peak|dist_peak_m|near_trailhead|dist_trailhead_m|near_waterway|dist_waterway_m|near_bench|dist_bench_m|near_picnic_table|dist_picnic_table_m|source_route_distance_m|surface_type|surface_label|slope_pct_raw|slope_pct_plot|slope_source|slope_method|surface_method|activity_id_short_x|behavior_window_start_m|activity_id_short_y|behavior_window_end_m|source_window_row_count|point_count|route_phase|speed_mps_median|speed_mps_p25|speed_mps_p75|low_speed_ratio_mean|low_speed_ratio_median|stopped_ratio_mean|stopped_ratio_median|heart_rate_bpm_median|heart_rate_bpm_p25|heart_rate_bpm_p75|route_load_context_band|calibrated_slope_pct_median_behavior|ib2_terrain_evidence_median|ib2_effort_evidence_median|ib2_exposure_evidence_median|near_steps_ratio|near_guidepost_ratio|near_shelter_ratio|near_waterway_ratio|near_cliff_ratio|near_road_ratio|osm_exposure_types|window_qa_flags|interpretation_boundary|behavior_grain_note|activity_count|event_types_at_marker_m|event_labels_at_marker_m|shelter_context_zone_id|profile_interpretation_boundary,route_semantic_context_not_fork_inventory,False,"Route semantic, surface, guidepost, facility, trail, path, road, or way context exists, but it is not a governed fork/decision point inventory."
outputs\report_figures\ch6_single_activity_surface_profiles_v2_2_5_speed_threshold_pause_focus\activity_20_1\ch6_5_single_activity_surface_profile_20_1_v2_2_5_speed_threshold_pause_focus.csv,True,4188,route_distance_m|dist_m|lat|lon|osm_highway|osm_surface|surface_class|route_semantic_class|osm_is_steps|slope_pct|slope_window_nlsc|near_shelter|dist_shelter_m|near_guidepost|dist_guidepost_m|near_peak|dist_peak_m|near_trailhead|dist_trailhead_m|near_waterway|dist_waterway_m|near_bench|dist_bench_m|near_picnic_table|dist_picnic_table_m|source_route_distance_m|surface_type|surface_label|slope_pct_raw|slope_pct_plot|slope_source|slope_method|surface_method|activity_id_short_x|behavior_window_start_m|activity_id_short_y|behavior_window_end_m|source_window_row_count|point_count|route_phase|speed_mps_median|speed_mps_p25|speed_mps_p75|low_speed_ratio_mean|low_speed_ratio_median|stopped_ratio_mean|stopped_ratio_median|heart_rate_bpm_median|heart_rate_bpm_p25|heart_rate_bpm_p75|route_load_context_band|calibrated_slope_pct_median_behavior|ib2_terrain_evidence_median|ib2_effort_evidence_median|ib2_exposure_evidence_median|near_steps_ratio|near_guidepost_ratio|near_shelter_ratio|near_waterway_ratio|near_cliff_ratio|near_road_ratio|osm_exposure_types|window_qa_flags|interpretation_boundary|behavior_grain_note|activity_count|event_types_at_marker_m|event_labels_at_marker_m|shelter_context_zone_id|profile_interpretation_boundary,route_semantic_context_not_fork_inventory,False,"Route semantic, surface, guidepost, facility, trail, path, road, or way context exists, but it is not a governed fork/decision point inventory."
outputs\report_figures\ch6_single_activity_surface_profiles_v2_2_5_speed_threshold_pause_focus\activity_23_1\ch6_5_single_activity_surface_profile_23_1_v2_2_5_speed_threshold_pause_focus.csv,True,4188,route_distance_m|dist_m|lat|lon|osm_highway|osm_surface|surface_class|route_semantic_class|osm_is_steps|slope_pct|slope_window_nlsc|near_shelter|dist_shelter_m|near_guidepost|dist_guidepost_m|near_peak|dist_peak_m|near_trailhead|dist_trailhead_m|near_waterway|dist_waterway_m|near_bench|dist_bench_m|near_picnic_table|dist_picnic_table_m|source_route_distance_m|surface_type|surface_label|slope_pct_raw|slope_pct_plot|slope_source|slope_method|surface_method|activity_id_short_x|behavior_window_start_m|activity_id_short_y|behavior_window_end_m|source_window_row_count|point_count|route_phase|speed_mps_median|speed_mps_p25|speed_mps_p75|low_speed_ratio_mean|low_speed_ratio_median|stopped_ratio_mean|stopped_ratio_median|heart_rate_bpm_median|heart_rate_bpm_p25|heart_rate_bpm_p75|route_load_context_band|calibrated_slope_pct_median_behavior|ib2_terrain_evidence_median|ib2_effort_evidence_median|ib2_exposure_evidence_median|near_steps_ratio|near_guidepost_ratio|near_shelter_ratio|near_waterway_ratio|near_cliff_ratio|near_road_ratio|osm_exposure_types|window_qa_flags|interpretation_boundary|behavior_grain_note|activity_count|event_types_at_marker_m|event_labels_at_marker_m|shelter_context_zone_id|profile_interpretation_boundary,route_semantic_context_not_fork_inventory,False,"Route semantic, surface, guidepost, facility, trail, path, road, or way context exists, but it is not a governed fork/decision point inventory."
outputs\report_figures\ch6_single_activity_surface_profiles_v2_2_5_speed_threshold_pause_focus\activity_28_1\ch6_5_single_activity_surface_profile_28_1_v2_2_5_speed_threshold_pause_focus.csv,True,4188,route_distance_m|dist_m|lat|lon|osm_highway|osm_surface|surface_class|route_semantic_class|osm_is_steps|slope_pct|slope_window_nlsc|near_shelter|dist_shelter_m|near_guidepost|dist_guidepost_m|near_peak|dist_peak_m|near_trailhead|dist_trailhead_m|near_waterway|dist_waterway_m|near_bench|dist_bench_m|near_picnic_table|dist_picnic_table_m|source_route_distance_m|surface_type|surface_label|slope_pct_raw|slope_pct_plot|slope_source|slope_method|surface_method|activity_id_short_x|behavior_window_start_m|activity_id_short_y|behavior_window_end_m|source_window_row_count|point_count|route_phase|speed_mps_median|speed_mps_p25|speed_mps_p75|low_speed_ratio_mean|low_speed_ratio_median|stopped_ratio_mean|stopped_ratio_median|heart_rate_bpm_median|heart_rate_bpm_p25|heart_rate_bpm_p75|route_load_context_band|calibrated_slope_pct_median_behavior|ib2_terrain_evidence_median|ib2_effort_evidence_median|ib2_exposure_evidence_median|near_steps_ratio|near_guidepost_ratio|near_shelter_ratio|near_waterway_ratio|near_cliff_ratio|near_road_ratio|osm_exposure_types|window_qa_flags|interpretation_boundary|behavior_grain_note|activity_count|event_types_at_marker_m|event_labels_at_marker_m|shelter_context_zone_id|profile_interpretation_boundary,route_semantic_context_not_fork_inventory,False,"Route semantic, surface, guidepost, facility, trail, path, road, or way context exists, but it is not a governed fork/decision point inventory."
outputs\report_figures\ch6_single_activity_surface_profiles_v2_2_5_speed_threshold_pause_focus\activity_29_1\ch6_5_single_activity_surface_profile_29_1_v2_2_5_speed_threshold_pause_focus.csv,True,4188,route_distance_m|dist_m|lat|lon|osm_highway|osm_surface|surface_class|route_semantic_class|osm_is_steps|slope_pct|slope_window_nlsc|near_shelter|dist_shelter_m|near_guidepost|dist_guidepost_m|near_peak|dist_peak_m|near_trailhead|dist_trailhead_m|near_waterway|dist_waterway_m|near_bench|dist_bench_m|near_picnic_table|dist_picnic_table_m|source_route_distance_m|surface_type|surface_label|slope_pct_raw|slope_pct_plot|slope_source|slope_method|surface_method|activity_id_short_x|behavior_window_start_m|activity_id_short_y|behavior_window_end_m|source_window_row_count|point_count|route_phase|speed_mps_median|speed_mps_p25|speed_mps_p75|low_speed_ratio_mean|low_speed_ratio_median|stopped_ratio_mean|stopped_ratio_median|heart_rate_bpm_median|heart_rate_bpm_p25|heart_rate_bpm_p75|route_load_context_band|calibrated_slope_pct_median_behavior|ib2_terrain_evidence_median|ib2_effort_evidence_median|ib2_exposure_evidence_median|near_steps_ratio|near_guidepost_ratio|near_shelter_ratio|near_waterway_ratio|near_cliff_ratio|near_road_ratio|osm_exposure_types|window_qa_flags|interpretation_boundary|behavior_grain_note|activity_count|event_types_at_marker_m|event_labels_at_marker_m|shelter_context_zone_id|profile_interpretation_boundary,route_semantic_context_not_fork_inventory,False,"Route semantic, surface, guidepost, facility, trail, path, road, or way context exists, but it is not a governed fork/decision point inventory."
outputs\report_figures\ch6_single_activity_surface_profiles_v2_2_5_speed_threshold_pause_focus\activity_30_1\ch6_5_single_activity_surface_profile_30_1_v2_2_5_speed_threshold_pause_focus.csv,True,4188,route_distance_m|dist_m|lat|lon|osm_highway|osm_surface|surface_class|route_semantic_class|osm_is_steps|slope_pct|slope_window_nlsc|near_shelter|dist_shelter_m|near_guidepost|dist_guidepost_m|near_peak|dist_peak_m|near_trailhead|dist_trailhead_m|near_waterway|dist_waterway_m|near_bench|dist_bench_m|near_picnic_table|dist_picnic_table_m|source_route_distance_m|surface_type|surface_label|slope_pct_raw|slope_pct_plot|slope_source|slope_method|surface_method|activity_id_short_x|behavior_window_start_m|activity_id_short_y|behavior_window_end_m|source_window_row_count|point_count|route_phase|speed_mps_median|speed_mps_p25|speed_mps_p75|low_speed_ratio_mean|low_speed_ratio_median|stopped_ratio_mean|stopped_ratio_median|heart_rate_bpm_median|heart_rate_bpm_p25|heart_rate_bpm_p75|route_load_context_band|calibrated_slope_pct_median_behavior|ib2_terrain_evidence_median|ib2_effort_evidence_median|ib2_exposure_evidence_median|near_steps_ratio|near_guidepost_ratio|near_shelter_ratio|near_waterway_ratio|near_cliff_ratio|near_road_ratio|osm_exposure_types|window_qa_flags|interpretation_boundary|behavior_grain_note|activity_count|event_types_at_marker_m|event_labels_at_marker_m|shelter_context_zone_id|profile_interpretation_boundary,route_semantic_context_not_fork_inventory,False,"Route semantic, surface, guidepost, facility, trail, path, road, or way context exists, but it is not a governed fork/decision point inventory."
outputs\report_figures\ch6_single_activity_surface_profiles_v2_2_5_speed_threshold_pause_focus\activity_33_1\ch6_5_single_activity_surface_profile_33_1_v2_2_5_speed_threshold_pause_focus.csv,True,4188,route_distance_m|dist_m|lat|lon|osm_highway|osm_surface|surface_class|route_semantic_class|osm_is_steps|slope_pct|slope_window_nlsc|near_shelter|dist_shelter_m|near_guidepost|dist_guidepost_m|near_peak|dist_peak_m|near_trailhead|dist_trailhead_m|near_waterway|dist_waterway_m|near_bench|dist_bench_m|near_picnic_table|dist_picnic_table_m|source_route_distance_m|surface_type|surface_label|slope_pct_raw|slope_pct_plot|slope_source|slope_method|surface_method|activity_id_short_x|behavior_window_start_m|activity_id_short_y|behavior_window_end_m|source_window_row_count|point_count|route_phase|speed_mps_median|speed_mps_p25|speed_mps_p75|low_speed_ratio_mean|low_speed_ratio_median|stopped_ratio_mean|stopped_ratio_median|heart_rate_bpm_median|heart_rate_bpm_p25|heart_rate_bpm_p75|route_load_context_band|calibrated_slope_pct_median_behavior|ib2_terrain_evidence_median|ib2_effort_evidence_median|ib2_exposure_evidence_median|near_steps_ratio|near_guidepost_ratio|near_shelter_ratio|near_waterway_ratio|near_cliff_ratio|near_road_ratio|osm_exposure_types|window_qa_flags|interpretation_boundary|behavior_grain_note|activity_count|event_types_at_marker_m|event_labels_at_marker_m|shelter_context_zone_id|profile_interpretation_boundary,route_semantic_context_not_fork_inventory,False,"Route semantic, surface, guidepost, facility, trail, path, road, or way context exists, but it is not a governed fork/decision point inventory."
outputs\report_figures\ch6_single_activity_surface_profiles_v2_2_5_speed_threshold_pause_focus\activity_35_1\ch6_5_single_activity_surface_profile_35_1_v2_2_5_speed_threshold_pause_focus.csv,True,4188,route_distance_m|dist_m|lat|lon|osm_highway|osm_surface|surface_class|route_semantic_class|osm_is_steps|slope_pct|slope_window_nlsc|near_shelter|dist_shelter_m|near_guidepost|dist_guidepost_m|near_peak|dist_peak_m|near_trailhead|dist_trailhead_m|near_waterway|dist_waterway_m|near_bench|dist_bench_m|near_picnic_table|dist_picnic_table_m|source_route_distance_m|surface_type|surface_label|slope_pct_raw|slope_pct_plot|slope_source|slope_method|surface_method|activity_id_short_x|behavior_window_start_m|activity_id_short_y|behavior_window_end_m|source_window_row_count|point_count|route_phase|speed_mps_median|speed_mps_p25|speed_mps_p75|low_speed_ratio_mean|low_speed_ratio_median|stopped_ratio_mean|stopped_ratio_median|heart_rate_bpm_median|heart_rate_bpm_p25|heart_rate_bpm_p75|route_load_context_band|calibrated_slope_pct_median_behavior|ib2_terrain_evidence_median|ib2_effort_evidence_median|ib2_exposure_evidence_median|near_steps_ratio|near_guidepost_ratio|near_shelter_ratio|near_waterway_ratio|near_cliff_ratio|near_road_ratio|osm_exposure_types|window_qa_flags|interpretation_boundary|behavior_grain_note|activity_count|event_types_at_marker_m|event_labels_at_marker_m|shelter_context_zone_id|profile_interpretation_boundary,route_semantic_context_not_fork_inventory,False,"Route semantic, surface, guidepost, facility, trail, path, road, or way context exists, but it is not a governed fork/decision point inventory."
outputs\report_figures\ch6_single_activity_surface_profiles_v2_2_5_speed_threshold_pause_focus\activity_36_1\ch6_5_single_activity_surface_profile_36_1_v2_2_5_speed_threshold_pause_focus.csv,True,4188,route_distance_m|dist_m|lat|lon|osm_highway|osm_surface|surface_class|route_semantic_class|osm_is_steps|slope_pct|slope_window_nlsc|near_shelter|dist_shelter_m|near_guidepost|dist_guidepost_m|near_peak|dist_peak_m|near_trailhead|dist_trailhead_m|near_waterway|dist_waterway_m|near_bench|dist_bench_m|near_picnic_table|dist_picnic_table_m|source_route_distance_m|surface_type|surface_label|slope_pct_raw|slope_pct_plot|slope_source|slope_method|surface_method|activity_id_short_x|behavior_window_start_m|activity_id_short_y|behavior_window_end_m|source_window_row_count|point_count|route_phase|speed_mps_median|speed_mps_p25|speed_mps_p75|low_speed_ratio_mean|low_speed_ratio_median|stopped_ratio_mean|stopped_ratio_median|heart_rate_bpm_median|heart_rate_bpm_p25|heart_rate_bpm_p75|route_load_context_band|calibrated_slope_pct_median_behavior|ib2_terrain_evidence_median|ib2_effort_evidence_median|ib2_exposure_evidence_median|near_steps_ratio|near_guidepost_ratio|near_shelter_ratio|near_waterway_ratio|near_cliff_ratio|near_road_ratio|osm_exposure_types|window_qa_flags|interpretation_boundary|behavior_grain_note|activity_count|event_types_at_marker_m|event_labels_at_marker_m|shelter_context_zone_id|profile_interpretation_boundary,route_semantic_context_not_fork_inventory,False,"Route semantic, surface, guidepost, facility, trail, path, road, or way context exists, but it is not a governed fork/decision point inventory."
outputs\report_figures\ch6_single_activity_surface_profiles_v2_2_5_speed_threshold_pause_focus\activity_37_1\ch6_5_single_activity_surface_profile_37_1_v2_2_5_speed_threshold_pause_focus.csv,True,4188,route_distance_m|dist_m|lat|lon|osm_highway|osm_surface|surface_class|route_semantic_class|osm_is_steps|slope_pct|slope_window_nlsc|near_shelter|dist_shelter_m|near_guidepost|dist_guidepost_m|near_peak|dist_peak_m|near_trailhead|dist_trailhead_m|near_waterway|dist_waterway_m|near_bench|dist_bench_m|near_picnic_table|dist_picnic_table_m|source_route_distance_m|surface_type|surface_label|slope_pct_raw|slope_pct_plot|slope_source|slope_method|surface_method|activity_id_short_x|behavior_window_start_m|activity_id_short_y|behavior_window_end_m|source_window_row_count|point_count|route_phase|speed_mps_median|speed_mps_p25|speed_mps_p75|low_speed_ratio_mean|low_speed_ratio_median|stopped_ratio_mean|stopped_ratio_median|heart_rate_bpm_median|heart_rate_bpm_p25|heart_rate_bpm_p75|route_load_context_band|calibrated_slope_pct_median_behavior|ib2_terrain_evidence_median|ib2_effort_evidence_median|ib2_exposure_evidence_median|near_steps_ratio|near_guidepost_ratio|near_shelter_ratio|near_waterway_ratio|near_cliff_ratio|near_road_ratio|osm_exposure_types|window_qa_flags|interpretation_boundary|behavior_grain_note|activity_count|event_types_at_marker_m|event_labels_at_marker_m|shelter_context_zone_id|profile_interpretation_boundary,route_semantic_context_not_fork_inventory,False,"Route semantic, surface, guidepost, facility, trail, path, road, or way context exists, but it is not a governed fork/decision point inventory."
outputs\report_figures\ch6_single_activity_surface_profiles_v2_2_5_speed_threshold_pause_focus\activity_38_1\ch6_5_single_activity_surface_profile_38_1_v2_2_5_speed_threshold_pause_focus.csv,True,4188,route_distance_m|dist_m|lat|lon|osm_highway|osm_surface|surface_class|route_semantic_class|osm_is_steps|slope_pct|slope_window_nlsc|near_shelter|dist_shelter_m|near_guidepost|dist_guidepost_m|near_peak|dist_peak_m|near_trailhead|dist_trailhead_m|near_waterway|dist_waterway_m|near_bench|dist_bench_m|near_picnic_table|dist_picnic_table_m|source_route_distance_m|surface_type|surface_label|slope_pct_raw|slope_pct_plot|slope_source|slope_method|surface_method|activity_id_short_x|behavior_window_start_m|activity_id_short_y|behavior_window_end_m|source_window_row_count|point_count|route_phase|speed_mps_median|speed_mps_p25|speed_mps_p75|low_speed_ratio_mean|low_speed_ratio_median|stopped_ratio_mean|stopped_ratio_median|heart_rate_bpm_median|heart_rate_bpm_p25|heart_rate_bpm_p75|route_load_context_band|calibrated_slope_pct_median_behavior|ib2_terrain_evidence_median|ib2_effort_evidence_median|ib2_exposure_evidence_median|near_steps_ratio|near_guidepost_ratio|near_shelter_ratio|near_waterway_ratio|near_cliff_ratio|near_road_ratio|osm_exposure_types|window_qa_flags|interpretation_boundary|behavior_grain_note|activity_count|event_types_at_marker_m|event_labels_at_marker_m|shelter_context_zone_id|profile_interpretation_boundary,route_semantic_context_not_fork_inventory,False,"Route semantic, surface, guidepost, facility, trail, path, road, or way context exists, but it is not a governed fork/decision point inventory."
outputs\report_figures\ch6_single_activity_surface_profiles_v2_2_5_speed_threshold_pause_focus\activity_3_1\ch6_5_single_activity_surface_profile_3_1_v2_2_5_speed_threshold_pause_focus.csv,True,4188,route_distance_m|dist_m|lat|lon|osm_highway|osm_surface|surface_class|route_semantic_class|osm_is_steps|slope_pct|slope_window_nlsc|near_shelter|dist_shelter_m|near_guidepost|dist_guidepost_m|near_peak|dist_peak_m|near_trailhead|dist_trailhead_m|near_waterway|dist_waterway_m|near_bench|dist_bench_m|near_picnic_table|dist_picnic_table_m|source_route_distance_m|surface_type|surface_label|slope_pct_raw|slope_pct_plot|slope_source|slope_method|surface_method|activity_id_short_x|behavior_window_start_m|activity_id_short_y|behavior_window_end_m|source_window_row_count|point_count|route_phase|speed_mps_median|speed_mps_p25|speed_mps_p75|low_speed_ratio_mean|low_speed_ratio_median|stopped_ratio_mean|stopped_ratio_median|heart_rate_bpm_median|heart_rate_bpm_p25|heart_rate_bpm_p75|route_load_context_band|calibrated_slope_pct_median_behavior|ib2_terrain_evidence_median|ib2_effort_evidence_median|ib2_exposure_evidence_median|near_steps_ratio|near_guidepost_ratio|near_shelter_ratio|near_waterway_ratio|near_cliff_ratio|near_road_ratio|osm_exposure_types|window_qa_flags|interpretation_boundary|behavior_grain_note|activity_count|event_types_at_marker_m|event_labels_at_marker_m|shelter_context_zone_id|profile_interpretation_boundary,route_semantic_context_not_fork_inventory,False,"Route semantic, surface, guidepost, facility, trail, path, road, or way context exists, but it is not a governed fork/decision point inventory."
outputs\report_figures\ch6_single_activity_surface_profiles_v2_2_5_speed_threshold_pause_focus\activity_40_1\ch6_5_single_activity_surface_profile_40_1_v2_2_5_speed_threshold_pause_focus.csv,True,4188,route_distance_m|dist_m|lat|lon|osm_highway|osm_surface|surface_class|route_semantic_class|osm_is_steps|slope_pct|slope_window_nlsc|near_shelter|dist_shelter_m|near_guidepost|dist_guidepost_m|near_peak|dist_peak_m|near_trailhead|dist_trailhead_m|near_waterway|dist_waterway_m|near_bench|dist_bench_m|near_picnic_table|dist_picnic_table_m|source_route_distance_m|surface_type|surface_label|slope_pct_raw|slope_pct_plot|slope_source|slope_method|surface_method|activity_id_short_x|behavior_window_start_m|activity_id_short_y|behavior_window_end_m|source_window_row_count|point_count|route_phase|speed_mps_median|speed_mps_p25|speed_mps_p75|low_speed_ratio_mean|low_speed_ratio_median|stopped_ratio_mean|stopped_ratio_median|heart_rate_bpm_median|heart_rate_bpm_p25|heart_rate_bpm_p75|route_load_context_band|calibrated_slope_pct_median_behavior|ib2_terrain_evidence_median|ib2_effort_evidence_median|ib2_exposure_evidence_median|near_steps_ratio|near_guidepost_ratio|near_shelter_ratio|near_waterway_ratio|near_cliff_ratio|near_road_ratio|osm_exposure_types|window_qa_flags|interpretation_boundary|behavior_grain_note|activity_count|event_types_at_marker_m|event_labels_at_marker_m|shelter_context_zone_id|profile_interpretation_boundary,route_semantic_context_not_fork_inventory,False,"Route semantic, surface, guidepost, facility, trail, path, road, or way context exists, but it is not a governed fork/decision point inventory."
outputs\report_figures\ch6_single_activity_surface_profiles_v2_2_5_speed_threshold_pause_focus\activity_41_1\ch6_5_single_activity_surface_profile_41_1_v2_2_5_speed_threshold_pause_focus.csv,True,4188,route_distance_m|dist_m|lat|lon|osm_highway|osm_surface|surface_class|route_semantic_class|osm_is_steps|slope_pct|slope_window_nlsc|near_shelter|dist_shelter_m|near_guidepost|dist_guidepost_m|near_peak|dist_peak_m|near_trailhead|dist_trailhead_m|near_waterway|dist_waterway_m|near_bench|dist_bench_m|near_picnic_table|dist_picnic_table_m|source_route_distance_m|surface_type|surface_label|slope_pct_raw|slope_pct_plot|slope_source|slope_method|surface_method|activity_id_short_x|behavior_window_start_m|activity_id_short_y|behavior_window_end_m|source_window_row_count|point_count|route_phase|speed_mps_median|speed_mps_p25|speed_mps_p75|low_speed_ratio_mean|low_speed_ratio_median|stopped_ratio_mean|stopped_ratio_median|heart_rate_bpm_median|heart_rate_bpm_p25|heart_rate_bpm_p75|route_load_context_band|calibrated_slope_pct_median_behavior|ib2_terrain_evidence_median|ib2_effort_evidence_median|ib2_exposure_evidence_median|near_steps_ratio|near_guidepost_ratio|near_shelter_ratio|near_waterway_ratio|near_cliff_ratio|near_road_ratio|osm_exposure_types|window_qa_flags|interpretation_boundary|behavior_grain_note|activity_count|event_types_at_marker_m|event_labels_at_marker_m|shelter_context_zone_id|profile_interpretation_boundary,route_semantic_context_not_fork_inventory,False,"Route semantic, surface, guidepost, facility, trail, path, road, or way context exists, but it is not a governed fork/decision point inventory."
outputs\report_figures\ch6_single_activity_surface_profiles_v2_2_5_speed_threshold_pause_focus\activity_42_1\ch6_5_single_activity_surface_profile_42_1_v2_2_5_speed_threshold_pause_focus.csv,True,4188,route_distance_m|dist_m|lat|lon|osm_highway|osm_surface|surface_class|route_semantic_class|osm_is_steps|slope_pct|slope_window_nlsc|near_shelter|dist_shelter_m|near_guidepost|dist_guidepost_m|near_peak|dist_peak_m|near_trailhead|dist_trailhead_m|near_waterway|dist_waterway_m|near_bench|dist_bench_m|near_picnic_table|dist_picnic_table_m|source_route_distance_m|surface_type|surface_label|slope_pct_raw|slope_pct_plot|slope_source|slope_method|surface_method|activity_id_short_x|behavior_window_start_m|activity_id_short_y|behavior_window_end_m|source_window_row_count|point_count|route_phase|speed_mps_median|speed_mps_p25|speed_mps_p75|low_speed_ratio_mean|low_speed_ratio_median|stopped_ratio_mean|stopped_ratio_median|heart_rate_bpm_median|heart_rate_bpm_p25|heart_rate_bpm_p75|route_load_context_band|calibrated_slope_pct_median_behavior|ib2_terrain_evidence_median|ib2_effort_evidence_median|ib2_exposure_evidence_median|near_steps_ratio|near_guidepost_ratio|near_shelter_ratio|near_waterway_ratio|near_cliff_ratio|near_road_ratio|osm_exposure_types|window_qa_flags|interpretation_boundary|behavior_grain_note|activity_count|event_types_at_marker_m|event_labels_at_marker_m|shelter_context_zone_id|profile_interpretation_boundary,route_semantic_context_not_fork_inventory,False,"Route semantic, surface, guidepost, facility, trail, path, road, or way context exists, but it is not a governed fork/decision point inventory."
outputs\report_figures\ch6_single_activity_surface_profiles_v2_2_5_speed_threshold_pause_focus\activity_43_1\ch6_5_single_activity_surface_profile_43_1_v2_2_5_speed_threshold_pause_focus.csv,True,4188,route_distance_m|dist_m|lat|lon|osm_highway|osm_surface|surface_class|route_semantic_class|osm_is_steps|slope_pct|slope_window_nlsc|near_shelter|dist_shelter_m|near_guidepost|dist_guidepost_m|near_peak|dist_peak_m|near_trailhead|dist_trailhead_m|near_waterway|dist_waterway_m|near_bench|dist_bench_m|near_picnic_table|dist_picnic_table_m|source_route_distance_m|surface_type|surface_label|slope_pct_raw|slope_pct_plot|slope_source|slope_method|surface_method|activity_id_short_x|behavior_window_start_m|activity_id_short_y|behavior_window_end_m|source_window_row_count|point_count|route_phase|speed_mps_median|speed_mps_p25|speed_mps_p75|low_speed_ratio_mean|low_speed_ratio_median|stopped_ratio_mean|stopped_ratio_median|heart_rate_bpm_median|heart_rate_bpm_p25|heart_rate_bpm_p75|route_load_context_band|calibrated_slope_pct_median_behavior|ib2_terrain_evidence_median|ib2_effort_evidence_median|ib2_exposure_evidence_median|near_steps_ratio|near_guidepost_ratio|near_shelter_ratio|near_waterway_ratio|near_cliff_ratio|near_road_ratio|osm_exposure_types|window_qa_flags|interpretation_boundary|behavior_grain_note|activity_count|event_types_at_marker_m|event_labels_at_marker_m|shelter_context_zone_id|profile_interpretation_boundary,route_semantic_context_not_fork_inventory,False,"Route semantic, surface, guidepost, facility, trail, path, road, or way context exists, but it is not a governed fork/decision point inventory."
outputs\report_figures\ch6_single_activity_surface_profiles_v2_2_5_speed_threshold_pause_focus\activity_44_1\ch6_5_single_activity_surface_profile_44_1_v2_2_5_speed_threshold_pause_focus.csv,True,4188,route_distance_m|dist_m|lat|lon|osm_highway|osm_surface|surface_class|route_semantic_class|osm_is_steps|slope_pct|slope_window_nlsc|near_shelter|dist_shelter_m|near_guidepost|dist_guidepost_m|near_peak|dist_peak_m|near_trailhead|dist_trailhead_m|near_waterway|dist_waterway_m|near_bench|dist_bench_m|near_picnic_table|dist_picnic_table_m|source_route_distance_m|surface_type|surface_label|slope_pct_raw|slope_pct_plot|slope_source|slope_method|surface_method|activity_id_short_x|behavior_window_start_m|activity_id_short_y|behavior_window_end_m|source_window_row_count|point_count|route_phase|speed_mps_median|speed_mps_p25|speed_mps_p75|low_speed_ratio_mean|low_speed_ratio_median|stopped_ratio_mean|stopped_ratio_median|heart_rate_bpm_median|heart_rate_bpm_p25|heart_rate_bpm_p75|route_load_context_band|calibrated_slope_pct_median_behavior|ib2_terrain_evidence_median|ib2_effort_evidence_median|ib2_exposure_evidence_median|near_steps_ratio|near_guidepost_ratio|near_shelter_ratio|near_waterway_ratio|near_cliff_ratio|near_road_ratio|osm_exposure_types|window_qa_flags|interpretation_boundary|behavior_grain_note|activity_count|event_types_at_marker_m|event_labels_at_marker_m|shelter_context_zone_id|profile_interpretation_boundary,route_semantic_context_not_fork_inventory,False,"Route semantic, surface, guidepost, facility, trail, path, road, or way context exists, but it is not a governed fork/decision point inventory."
outputs\report_figures\ch6_single_activity_surface_profiles_v2_2_5_speed_threshold_pause_focus\activity_45_1\ch6_5_single_activity_surface_profile_45_1_v2_2_5_speed_threshold_pause_focus.csv,True,4188,route_distance_m|dist_m|lat|lon|osm_highway|osm_surface|surface_class|route_semantic_class|osm_is_steps|slope_pct|slope_window_nlsc|near_shelter|dist_shelter_m|near_guidepost|dist_guidepost_m|near_peak|dist_peak_m|near_trailhead|dist_trailhead_m|near_waterway|dist_waterway_m|near_bench|dist_bench_m|near_picnic_table|dist_picnic_table_m|source_route_distance_m|surface_type|surface_label|slope_pct_raw|slope_pct_plot|slope_source|slope_method|surface_method|activity_id_short_x|behavior_window_start_m|activity_id_short_y|behavior_window_end_m|source_window_row_count|point_count|route_phase|speed_mps_median|speed_mps_p25|speed_mps_p75|low_speed_ratio_mean|low_speed_ratio_median|stopped_ratio_mean|stopped_ratio_median|heart_rate_bpm_median|heart_rate_bpm_p25|heart_rate_bpm_p75|route_load_context_band|calibrated_slope_pct_median_behavior|ib2_terrain_evidence_median|ib2_effort_evidence_median|ib2_exposure_evidence_median|near_steps_ratio|near_guidepost_ratio|near_shelter_ratio|near_waterway_ratio|near_cliff_ratio|near_road_ratio|osm_exposure_types|window_qa_flags|interpretation_boundary|behavior_grain_note|activity_count|event_types_at_marker_m|event_labels_at_marker_m|shelter_context_zone_id|profile_interpretation_boundary,route_semantic_context_not_fork_inventory,False,"Route semantic, surface, guidepost, facility, trail, path, road, or way context exists, but it is not a governed fork/decision point inventory."
outputs\report_figures\ch6_single_activity_surface_profiles_v2_2_5_speed_threshold_pause_focus\activity_46_1\ch6_5_single_activity_surface_profile_46_1_v2_2_5_speed_threshold_pause_focus.csv,True,4188,route_distance_m|dist_m|lat|lon|osm_highway|osm_surface|surface_class|route_semantic_class|osm_is_steps|slope_pct|slope_window_nlsc|near_shelter|dist_shelter_m|near_guidepost|dist_guidepost_m|near_peak|dist_peak_m|near_trailhead|dist_trailhead_m|near_waterway|dist_waterway_m|near_bench|dist_bench_m|near_picnic_table|dist_picnic_table_m|source_route_distance_m|surface_type|surface_label|slope_pct_raw|slope_pct_plot|slope_source|slope_method|surface_method|activity_id_short_x|behavior_window_start_m|activity_id_short_y|behavior_window_end_m|source_window_row_count|point_count|route_phase|speed_mps_median|speed_mps_p25|speed_mps_p75|low_speed_ratio_mean|low_speed_ratio_median|stopped_ratio_mean|stopped_ratio_median|heart_rate_bpm_median|heart_rate_bpm_p25|heart_rate_bpm_p75|route_load_context_band|calibrated_slope_pct_median_behavior|ib2_terrain_evidence_median|ib2_effort_evidence_median|ib2_exposure_evidence_median|near_steps_ratio|near_guidepost_ratio|near_shelter_ratio|near_waterway_ratio|near_cliff_ratio|near_road_ratio|osm_exposure_types|window_qa_flags|interpretation_boundary|behavior_grain_note|activity_count|event_types_at_marker_m|event_labels_at_marker_m|shelter_context_zone_id|profile_interpretation_boundary,route_semantic_context_not_fork_inventory,False,"Route semantic, surface, guidepost, facility, trail, path, road, or way context exists, but it is not a governed fork/decision point inventory."
outputs\report_figures\ch6_single_activity_surface_profiles_v2_2_5_speed_threshold_pause_focus\activity_48_1\ch6_5_single_activity_surface_profile_48_1_v2_2_5_speed_threshold_pause_focus.csv,True,4188,route_distance_m|dist_m|lat|lon|osm_highway|osm_surface|surface_class|route_semantic_class|osm_is_steps|slope_pct|slope_window_nlsc|near_shelter|dist_shelter_m|near_guidepost|dist_guidepost_m|near_peak|dist_peak_m|near_trailhead|dist_trailhead_m|near_waterway|dist_waterway_m|near_bench|dist_bench_m|near_picnic_table|dist_picnic_table_m|source_route_distance_m|surface_type|surface_label|slope_pct_raw|slope_pct_plot|slope_source|slope_method|surface_method|activity_id_short_x|behavior_window_start_m|activity_id_short_y|behavior_window_end_m|source_window_row_count|point_count|route_phase|speed_mps_median|speed_mps_p25|speed_mps_p75|low_speed_ratio_mean|low_speed_ratio_median|stopped_ratio_mean|stopped_ratio_median|heart_rate_bpm_median|heart_rate_bpm_p25|heart_rate_bpm_p75|route_load_context_band|calibrated_slope_pct_median_behavior|ib2_terrain_evidence_median|ib2_effort_evidence_median|ib2_exposure_evidence_median|near_steps_ratio|near_guidepost_ratio|near_shelter_ratio|near_waterway_ratio|near_cliff_ratio|near_road_ratio|osm_exposure_types|window_qa_flags|interpretation_boundary|behavior_grain_note|activity_count|event_types_at_marker_m|event_labels_at_marker_m|shelter_context_zone_id|profile_interpretation_boundary,route_semantic_context_not_fork_inventory,False,"Route semantic, surface, guidepost, facility, trail, path, road, or way context exists, but it is not a governed fork/decision point inventory."
outputs\report_figures\ch6_single_activity_surface_profiles_v2_2_5_speed_threshold_pause_focus\activity_8_1\ch6_5_single_activity_surface_profile_8_1_v2_2_5_speed_threshold_pause_focus.csv,True,4188,route_distance_m|dist_m|lat|lon|osm_highway|osm_surface|surface_class|route_semantic_class|osm_is_steps|slope_pct|slope_window_nlsc|near_shelter|dist_shelter_m|near_guidepost|dist_guidepost_m|near_peak|dist_peak_m|near_trailhead|dist_trailhead_m|near_waterway|dist_waterway_m|near_bench|dist_bench_m|near_picnic_table|dist_picnic_table_m|source_route_distance_m|surface_type|surface_label|slope_pct_raw|slope_pct_plot|slope_source|slope_method|surface_method|activity_id_short_x|behavior_window_start_m|activity_id_short_y|behavior_window_end_m|source_window_row_count|point_count|route_phase|speed_mps_median|speed_mps_p25|speed_mps_p75|low_speed_ratio_mean|low_speed_ratio_median|stopped_ratio_mean|stopped_ratio_median|heart_rate_bpm_median|heart_rate_bpm_p25|heart_rate_bpm_p75|route_load_context_band|calibrated_slope_pct_median_behavior|ib2_terrain_evidence_median|ib2_effort_evidence_median|ib2_exposure_evidence_median|near_steps_ratio|near_guidepost_ratio|near_shelter_ratio|near_waterway_ratio|near_cliff_ratio|near_road_ratio|osm_exposure_types|window_qa_flags|interpretation_boundary|behavior_grain_note|activity_count|event_types_at_marker_m|event_labels_at_marker_m|shelter_context_zone_id|profile_interpretation_boundary,route_semantic_context_not_fork_inventory,False,"Route semantic, surface, guidepost, facility, trail, path, road, or way context exists, but it is not a governed fork/decision point inventory."
outputs\report_figures\ch6_single_activity_surface_profiles_v2_2_5_speed_threshold_pause_focus\activity_9_1\ch6_5_single_activity_surface_profile_9_1_v2_2_5_speed_threshold_pause_focus.csv,True,4188,route_distance_m|dist_m|lat|lon|osm_highway|osm_surface|surface_class|route_semantic_class|osm_is_steps|slope_pct|slope_window_nlsc|near_shelter|dist_shelter_m|near_guidepost|dist_guidepost_m|near_peak|dist_peak_m|near_trailhead|dist_trailhead_m|near_waterway|dist_waterway_m|near_bench|dist_bench_m|near_picnic_table|dist_picnic_table_m|source_route_distance_m|surface_type|surface_label|slope_pct_raw|slope_pct_plot|slope_source|slope_method|surface_method|activity_id_short_x|behavior_window_start_m|activity_id_short_y|behavior_window_end_m|source_window_row_count|point_count|route_phase|speed_mps_median|speed_mps_p25|speed_mps_p75|low_speed_ratio_mean|low_speed_ratio_median|stopped_ratio_mean|stopped_ratio_median|heart_rate_bpm_median|heart_rate_bpm_p25|heart_rate_bpm_p75|route_load_context_band|calibrated_slope_pct_median_behavior|ib2_terrain_evidence_median|ib2_effort_evidence_median|ib2_exposure_evidence_median|near_steps_ratio|near_guidepost_ratio|near_shelter_ratio|near_waterway_ratio|near_cliff_ratio|near_road_ratio|osm_exposure_types|window_qa_flags|interpretation_boundary|behavior_grain_note|activity_count|event_types_at_marker_m|event_labels_at_marker_m|shelter_context_zone_id|profile_interpretation_boundary,route_semantic_context_not_fork_inventory,False,"Route semantic, surface, guidepost, facility, trail, path, road, or way context exists, but it is not a governed fork/decision point inventory."
outputs\report_figures\ch6_single_activity_surface_profiles_v2_2_6_canvas_layout_fix\activity_13_1\ch6_5_single_activity_surface_profile_13_1_v2_2_6_canvas_layout_fix.csv,True,4188,route_distance_m|dist_m|lat|lon|osm_highway|osm_surface|surface_class|route_semantic_class|osm_is_steps|slope_pct|slope_window_nlsc|near_shelter|dist_shelter_m|near_guidepost|dist_guidepost_m|near_peak|dist_peak_m|near_trailhead|dist_trailhead_m|near_waterway|dist_waterway_m|near_bench|dist_bench_m|near_picnic_table|dist_picnic_table_m|source_route_distance_m|surface_type|surface_label|slope_pct_raw|slope_pct_plot|slope_source|slope_method|surface_method|activity_id_short_x|behavior_window_start_m|activity_id_short_y|behavior_window_end_m|source_window_row_count|point_count|route_phase|speed_mps_median|speed_mps_p25|speed_mps_p75|low_speed_ratio_mean|low_speed_ratio_median|stopped_ratio_mean|stopped_ratio_median|heart_rate_bpm_median|heart_rate_bpm_p25|heart_rate_bpm_p75|route_load_context_band|calibrated_slope_pct_median_behavior|ib2_terrain_evidence_median|ib2_effort_evidence_median|ib2_exposure_evidence_median|near_steps_ratio|near_guidepost_ratio|near_shelter_ratio|near_waterway_ratio|near_cliff_ratio|near_road_ratio|osm_exposure_types|window_qa_flags|interpretation_boundary|behavior_grain_note|activity_count|event_types_at_marker_m|event_labels_at_marker_m|shelter_context_zone_id|profile_interpretation_boundary,route_semantic_context_not_fork_inventory,False,"Route semantic, surface, guidepost, facility, trail, path, road, or way context exists, but it is not a governed fork/decision point inventory."
outputs\report_figures\ch6_single_activity_surface_profiles_v2_2_6_canvas_layout_fix\activity_14_1\ch6_5_single_activity_surface_profile_14_1_v2_2_6_canvas_layout_fix.csv,True,4188,route_distance_m|dist_m|lat|lon|osm_highway|osm_surface|surface_class|route_semantic_class|osm_is_steps|slope_pct|slope_window_nlsc|near_shelter|dist_shelter_m|near_guidepost|dist_guidepost_m|near_peak|dist_peak_m|near_trailhead|dist_trailhead_m|near_waterway|dist_waterway_m|near_bench|dist_bench_m|near_picnic_table|dist_picnic_table_m|source_route_distance_m|surface_type|surface_label|slope_pct_raw|slope_pct_plot|slope_source|slope_method|surface_method|activity_id_short_x|behavior_window_start_m|activity_id_short_y|behavior_window_end_m|source_window_row_count|point_count|route_phase|speed_mps_median|speed_mps_p25|speed_mps_p75|low_speed_ratio_mean|low_speed_ratio_median|stopped_ratio_mean|stopped_ratio_median|heart_rate_bpm_median|heart_rate_bpm_p25|heart_rate_bpm_p75|route_load_context_band|calibrated_slope_pct_median_behavior|ib2_terrain_evidence_median|ib2_effort_evidence_median|ib2_exposure_evidence_median|near_steps_ratio|near_guidepost_ratio|near_shelter_ratio|near_waterway_ratio|near_cliff_ratio|near_road_ratio|osm_exposure_types|window_qa_flags|interpretation_boundary|behavior_grain_note|activity_count|event_types_at_marker_m|event_labels_at_marker_m|shelter_context_zone_id|profile_interpretation_boundary,route_semantic_context_not_fork_inventory,False,"Route semantic, surface, guidepost, facility, trail, path, road, or way context exists, but it is not a governed fork/decision point inventory."
outputs\report_figures\ch6_single_activity_surface_profiles_v2_2_6_canvas_layout_fix\activity_15_1\ch6_5_single_activity_surface_profile_15_1_v2_2_6_canvas_layout_fix.csv,True,4188,route_distance_m|dist_m|lat|lon|osm_highway|osm_surface|surface_class|route_semantic_class|osm_is_steps|slope_pct|slope_window_nlsc|near_shelter|dist_shelter_m|near_guidepost|dist_guidepost_m|near_peak|dist_peak_m|near_trailhead|dist_trailhead_m|near_waterway|dist_waterway_m|near_bench|dist_bench_m|near_picnic_table|dist_picnic_table_m|source_route_distance_m|surface_type|surface_label|slope_pct_raw|slope_pct_plot|slope_source|slope_method|surface_method|activity_id_short_x|behavior_window_start_m|activity_id_short_y|behavior_window_end_m|source_window_row_count|point_count|route_phase|speed_mps_median|speed_mps_p25|speed_mps_p75|low_speed_ratio_mean|low_speed_ratio_median|stopped_ratio_mean|stopped_ratio_median|heart_rate_bpm_median|heart_rate_bpm_p25|heart_rate_bpm_p75|route_load_context_band|calibrated_slope_pct_median_behavior|ib2_terrain_evidence_median|ib2_effort_evidence_median|ib2_exposure_evidence_median|near_steps_ratio|near_guidepost_ratio|near_shelter_ratio|near_waterway_ratio|near_cliff_ratio|near_road_ratio|osm_exposure_types|window_qa_flags|interpretation_boundary|behavior_grain_note|activity_count|event_types_at_marker_m|event_labels_at_marker_m|shelter_context_zone_id|profile_interpretation_boundary,route_semantic_context_not_fork_inventory,False,"Route semantic, surface, guidepost, facility, trail, path, road, or way context exists, but it is not a governed fork/decision point inventory."
outputs\report_figures\ch6_single_activity_surface_profiles_v2_2_6_canvas_layout_fix\activity_16_1\ch6_5_single_activity_surface_profile_16_1_v2_2_6_canvas_layout_fix.csv,True,4188,route_distance_m|dist_m|lat|lon|osm_highway|osm_surface|surface_class|route_semantic_class|osm_is_steps|slope_pct|slope_window_nlsc|near_shelter|dist_shelter_m|near_guidepost|dist_guidepost_m|near_peak|dist_peak_m|near_trailhead|dist_trailhead_m|near_waterway|dist_waterway_m|near_bench|dist_bench_m|near_picnic_table|dist_picnic_table_m|source_route_distance_m|surface_type|surface_label|slope_pct_raw|slope_pct_plot|slope_source|slope_method|surface_method|activity_id_short_x|behavior_window_start_m|activity_id_short_y|behavior_window_end_m|source_window_row_count|point_count|route_phase|speed_mps_median|speed_mps_p25|speed_mps_p75|low_speed_ratio_mean|low_speed_ratio_median|stopped_ratio_mean|stopped_ratio_median|heart_rate_bpm_median|heart_rate_bpm_p25|heart_rate_bpm_p75|route_load_context_band|calibrated_slope_pct_median_behavior|ib2_terrain_evidence_median|ib2_effort_evidence_median|ib2_exposure_evidence_median|near_steps_ratio|near_guidepost_ratio|near_shelter_ratio|near_waterway_ratio|near_cliff_ratio|near_road_ratio|osm_exposure_types|window_qa_flags|interpretation_boundary|behavior_grain_note|activity_count|event_types_at_marker_m|event_labels_at_marker_m|shelter_context_zone_id|profile_interpretation_boundary,route_semantic_context_not_fork_inventory,False,"Route semantic, surface, guidepost, facility, trail, path, road, or way context exists, but it is not a governed fork/decision point inventory."
outputs\report_figures\ch6_single_activity_surface_profiles_v2_2_6_canvas_layout_fix\activity_20_1\ch6_5_single_activity_surface_profile_20_1_v2_2_6_canvas_layout_fix.csv,True,4188,route_distance_m|dist_m|lat|lon|osm_highway|osm_surface|surface_class|route_semantic_class|osm_is_steps|slope_pct|slope_window_nlsc|near_shelter|dist_shelter_m|near_guidepost|dist_guidepost_m|near_peak|dist_peak_m|near_trailhead|dist_trailhead_m|near_waterway|dist_waterway_m|near_bench|dist_bench_m|near_picnic_table|dist_picnic_table_m|source_route_distance_m|surface_type|surface_label|slope_pct_raw|slope_pct_plot|slope_source|slope_method|surface_method|activity_id_short_x|behavior_window_start_m|activity_id_short_y|behavior_window_end_m|source_window_row_count|point_count|route_phase|speed_mps_median|speed_mps_p25|speed_mps_p75|low_speed_ratio_mean|low_speed_ratio_median|stopped_ratio_mean|stopped_ratio_median|heart_rate_bpm_median|heart_rate_bpm_p25|heart_rate_bpm_p75|route_load_context_band|calibrated_slope_pct_median_behavior|ib2_terrain_evidence_median|ib2_effort_evidence_median|ib2_exposure_evidence_median|near_steps_ratio|near_guidepost_ratio|near_shelter_ratio|near_waterway_ratio|near_cliff_ratio|near_road_ratio|osm_exposure_types|window_qa_flags|interpretation_boundary|behavior_grain_note|activity_count|event_types_at_marker_m|event_labels_at_marker_m|shelter_context_zone_id|profile_interpretation_boundary,route_semantic_context_not_fork_inventory,False,"Route semantic, surface, guidepost, facility, trail, path, road, or way context exists, but it is not a governed fork/decision point inventory."
outputs\report_figures\ch6_single_activity_surface_profiles_v2_2_6_canvas_layout_fix\activity_23_1\ch6_5_single_activity_surface_profile_23_1_v2_2_6_canvas_layout_fix.csv,True,4188,route_distance_m|dist_m|lat|lon|osm_highway|osm_surface|surface_class|route_semantic_class|osm_is_steps|slope_pct|slope_window_nlsc|near_shelter|dist_shelter_m|near_guidepost|dist_guidepost_m|near_peak|dist_peak_m|near_trailhead|dist_trailhead_m|near_waterway|dist_waterway_m|near_bench|dist_bench_m|near_picnic_table|dist_picnic_table_m|source_route_distance_m|surface_type|surface_label|slope_pct_raw|slope_pct_plot|slope_source|slope_method|surface_method|activity_id_short_x|behavior_window_start_m|activity_id_short_y|behavior_window_end_m|source_window_row_count|point_count|route_phase|speed_mps_median|speed_mps_p25|speed_mps_p75|low_speed_ratio_mean|low_speed_ratio_median|stopped_ratio_mean|stopped_ratio_median|heart_rate_bpm_median|heart_rate_bpm_p25|heart_rate_bpm_p75|route_load_context_band|calibrated_slope_pct_median_behavior|ib2_terrain_evidence_median|ib2_effort_evidence_median|ib2_exposure_evidence_median|near_steps_ratio|near_guidepost_ratio|near_shelter_ratio|near_waterway_ratio|near_cliff_ratio|near_road_ratio|osm_exposure_types|window_qa_flags|interpretation_boundary|behavior_grain_note|activity_count|event_types_at_marker_m|event_labels_at_marker_m|shelter_context_zone_id|profile_interpretation_boundary,route_semantic_context_not_fork_inventory,False,"Route semantic, surface, guidepost, facility, trail, path, road, or way context exists, but it is not a governed fork/decision point inventory."
outputs\report_figures\ch6_single_activity_surface_profiles_v2_2_6_canvas_layout_fix\activity_28_1\ch6_5_single_activity_surface_profile_28_1_v2_2_6_canvas_layout_fix.csv,True,4188,route_distance_m|dist_m|lat|lon|osm_highway|osm_surface|surface_class|route_semantic_class|osm_is_steps|slope_pct|slope_window_nlsc|near_shelter|dist_shelter_m|near_guidepost|dist_guidepost_m|near_peak|dist_peak_m|near_trailhead|dist_trailhead_m|near_waterway|dist_waterway_m|near_bench|dist_bench_m|near_picnic_table|dist_picnic_table_m|source_route_distance_m|surface_type|surface_label|slope_pct_raw|slope_pct_plot|slope_source|slope_method|surface_method|activity_id_short_x|behavior_window_start_m|activity_id_short_y|behavior_window_end_m|source_window_row_count|point_count|route_phase|speed_mps_median|speed_mps_p25|speed_mps_p75|low_speed_ratio_mean|low_speed_ratio_median|stopped_ratio_mean|stopped_ratio_median|heart_rate_bpm_median|heart_rate_bpm_p25|heart_rate_bpm_p75|route_load_context_band|calibrated_slope_pct_median_behavior|ib2_terrain_evidence_median|ib2_effort_evidence_median|ib2_exposure_evidence_median|near_steps_ratio|near_guidepost_ratio|near_shelter_ratio|near_waterway_ratio|near_cliff_ratio|near_road_ratio|osm_exposure_types|window_qa_flags|interpretation_boundary|behavior_grain_note|activity_count|event_types_at_marker_m|event_labels_at_marker_m|shelter_context_zone_id|profile_interpretation_boundary,route_semantic_context_not_fork_inventory,False,"Route semantic, surface, guidepost, facility, trail, path, road, or way context exists, but it is not a governed fork/decision point inventory."
outputs\report_figures\ch6_single_activity_surface_profiles_v2_2_6_canvas_layout_fix\activity_29_1\ch6_5_single_activity_surface_profile_29_1_v2_2_6_canvas_layout_fix.csv,True,4188,route_distance_m|dist_m|lat|lon|osm_highway|osm_surface|surface_class|route_semantic_class|osm_is_steps|slope_pct|slope_window_nlsc|near_shelter|dist_shelter_m|near_guidepost|dist_guidepost_m|near_peak|dist_peak_m|near_trailhead|dist_trailhead_m|near_waterway|dist_waterway_m|near_bench|dist_bench_m|near_picnic_table|dist_picnic_table_m|source_route_distance_m|surface_type|surface_label|slope_pct_raw|slope_pct_plot|slope_source|slope_method|surface_method|activity_id_short_x|behavior_window_start_m|activity_id_short_y|behavior_window_end_m|source_window_row_count|point_count|route_phase|speed_mps_median|speed_mps_p25|speed_mps_p75|low_speed_ratio_mean|low_speed_ratio_median|stopped_ratio_mean|stopped_ratio_median|heart_rate_bpm_median|heart_rate_bpm_p25|heart_rate_bpm_p75|route_load_context_band|calibrated_slope_pct_median_behavior|ib2_terrain_evidence_median|ib2_effort_evidence_median|ib2_exposure_evidence_median|near_steps_ratio|near_guidepost_ratio|near_shelter_ratio|near_waterway_ratio|near_cliff_ratio|near_road_ratio|osm_exposure_types|window_qa_flags|interpretation_boundary|behavior_grain_note|activity_count|event_types_at_marker_m|event_labels_at_marker_m|shelter_context_zone_id|profile_interpretation_boundary,route_semantic_context_not_fork_inventory,False,"Route semantic, surface, guidepost, facility, trail, path, road, or way context exists, but it is not a governed fork/decision point inventory."
outputs\report_figures\ch6_single_activity_surface_profiles_v2_2_6_canvas_layout_fix\activity_30_1\ch6_5_single_activity_surface_profile_30_1_v2_2_6_canvas_layout_fix.csv,True,4188,route_distance_m|dist_m|lat|lon|osm_highway|osm_surface|surface_class|route_semantic_class|osm_is_steps|slope_pct|slope_window_nlsc|near_shelter|dist_shelter_m|near_guidepost|dist_guidepost_m|near_peak|dist_peak_m|near_trailhead|dist_trailhead_m|near_waterway|dist_waterway_m|near_bench|dist_bench_m|near_picnic_table|dist_picnic_table_m|source_route_distance_m|surface_type|surface_label|slope_pct_raw|slope_pct_plot|slope_source|slope_method|surface_method|activity_id_short_x|behavior_window_start_m|activity_id_short_y|behavior_window_end_m|source_window_row_count|point_count|route_phase|speed_mps_median|speed_mps_p25|speed_mps_p75|low_speed_ratio_mean|low_speed_ratio_median|stopped_ratio_mean|stopped_ratio_median|heart_rate_bpm_median|heart_rate_bpm_p25|heart_rate_bpm_p75|route_load_context_band|calibrated_slope_pct_median_behavior|ib2_terrain_evidence_median|ib2_effort_evidence_median|ib2_exposure_evidence_median|near_steps_ratio|near_guidepost_ratio|near_shelter_ratio|near_waterway_ratio|near_cliff_ratio|near_road_ratio|osm_exposure_types|window_qa_flags|interpretation_boundary|behavior_grain_note|activity_count|event_types_at_marker_m|event_labels_at_marker_m|shelter_context_zone_id|profile_interpretation_boundary,route_semantic_context_not_fork_inventory,False,"Route semantic, surface, guidepost, facility, trail, path, road, or way context exists, but it is not a governed fork/decision point inventory."
outputs\report_figures\ch6_single_activity_surface_profiles_v2_2_6_canvas_layout_fix\activity_33_1\ch6_5_single_activity_surface_profile_33_1_v2_2_6_canvas_layout_fix.csv,True,4188,route_distance_m|dist_m|lat|lon|osm_highway|osm_surface|surface_class|route_semantic_class|osm_is_steps|slope_pct|slope_window_nlsc|near_shelter|dist_shelter_m|near_guidepost|dist_guidepost_m|near_peak|dist_peak_m|near_trailhead|dist_trailhead_m|near_waterway|dist_waterway_m|near_bench|dist_bench_m|near_picnic_table|dist_picnic_table_m|source_route_distance_m|surface_type|surface_label|slope_pct_raw|slope_pct_plot|slope_source|slope_method|surface_method|activity_id_short_x|behavior_window_start_m|activity_id_short_y|behavior_window_end_m|source_window_row_count|point_count|route_phase|speed_mps_median|speed_mps_p25|speed_mps_p75|low_speed_ratio_mean|low_speed_ratio_median|stopped_ratio_mean|stopped_ratio_median|heart_rate_bpm_median|heart_rate_bpm_p25|heart_rate_bpm_p75|route_load_context_band|calibrated_slope_pct_median_behavior|ib2_terrain_evidence_median|ib2_effort_evidence_median|ib2_exposure_evidence_median|near_steps_ratio|near_guidepost_ratio|near_shelter_ratio|near_waterway_ratio|near_cliff_ratio|near_road_ratio|osm_exposure_types|window_qa_flags|interpretation_boundary|behavior_grain_note|activity_count|event_types_at_marker_m|event_labels_at_marker_m|shelter_context_zone_id|profile_interpretation_boundary,route_semantic_context_not_fork_inventory,False,"Route semantic, surface, guidepost, facility, trail, path, road, or way context exists, but it is not a governed fork/decision point inventory."
outputs\report_figures\ch6_single_activity_surface_profiles_v2_2_6_canvas_layout_fix\activity_35_1\ch6_5_single_activity_surface_profile_35_1_v2_2_6_canvas_layout_fix.csv,True,4188,route_distance_m|dist_m|lat|lon|osm_highway|osm_surface|surface_class|route_semantic_class|osm_is_steps|slope_pct|slope_window_nlsc|near_shelter|dist_shelter_m|near_guidepost|dist_guidepost_m|near_peak|dist_peak_m|near_trailhead|dist_trailhead_m|near_waterway|dist_waterway_m|near_bench|dist_bench_m|near_picnic_table|dist_picnic_table_m|source_route_distance_m|surface_type|surface_label|slope_pct_raw|slope_pct_plot|slope_source|slope_method|surface_method|activity_id_short_x|behavior_window_start_m|activity_id_short_y|behavior_window_end_m|source_window_row_count|point_count|route_phase|speed_mps_median|speed_mps_p25|speed_mps_p75|low_speed_ratio_mean|low_speed_ratio_median|stopped_ratio_mean|stopped_ratio_median|heart_rate_bpm_median|heart_rate_bpm_p25|heart_rate_bpm_p75|route_load_context_band|calibrated_slope_pct_median_behavior|ib2_terrain_evidence_median|ib2_effort_evidence_median|ib2_exposure_evidence_median|near_steps_ratio|near_guidepost_ratio|near_shelter_ratio|near_waterway_ratio|near_cliff_ratio|near_road_ratio|osm_exposure_types|window_qa_flags|interpretation_boundary|behavior_grain_note|activity_count|event_types_at_marker_m|event_labels_at_marker_m|shelter_context_zone_id|profile_interpretation_boundary,route_semantic_context_not_fork_inventory,False,"Route semantic, surface, guidepost, facility, trail, path, road, or way context exists, but it is not a governed fork/decision point inventory."
outputs\report_figures\ch6_single_activity_surface_profiles_v2_2_6_canvas_layout_fix\activity_36_1\ch6_5_single_activity_surface_profile_36_1_v2_2_6_canvas_layout_fix.csv,True,4188,route_distance_m|dist_m|lat|lon|osm_highway|osm_surface|surface_class|route_semantic_class|osm_is_steps|slope_pct|slope_window_nlsc|near_shelter|dist_shelter_m|near_guidepost|dist_guidepost_m|near_peak|dist_peak_m|near_trailhead|dist_trailhead_m|near_waterway|dist_waterway_m|near_bench|dist_bench_m|near_picnic_table|dist_picnic_table_m|source_route_distance_m|surface_type|surface_label|slope_pct_raw|slope_pct_plot|slope_source|slope_method|surface_method|activity_id_short_x|behavior_window_start_m|activity_id_short_y|behavior_window_end_m|source_window_row_count|point_count|route_phase|speed_mps_median|speed_mps_p25|speed_mps_p75|low_speed_ratio_mean|low_speed_ratio_median|stopped_ratio_mean|stopped_ratio_median|heart_rate_bpm_median|heart_rate_bpm_p25|heart_rate_bpm_p75|route_load_context_band|calibrated_slope_pct_median_behavior|ib2_terrain_evidence_median|ib2_effort_evidence_median|ib2_exposure_evidence_median|near_steps_ratio|near_guidepost_ratio|near_shelter_ratio|near_waterway_ratio|near_cliff_ratio|near_road_ratio|osm_exposure_types|window_qa_flags|interpretation_boundary|behavior_grain_note|activity_count|event_types_at_marker_m|event_labels_at_marker_m|shelter_context_zone_id|profile_interpretation_boundary,route_semantic_context_not_fork_inventory,False,"Route semantic, surface, guidepost, facility, trail, path, road, or way context exists, but it is not a governed fork/decision point inventory."
outputs\report_figures\ch6_single_activity_surface_profiles_v2_2_6_canvas_layout_fix\activity_37_1\ch6_5_single_activity_surface_profile_37_1_v2_2_6_canvas_layout_fix.csv,True,4188,route_distance_m|dist_m|lat|lon|osm_highway|osm_surface|surface_class|route_semantic_class|osm_is_steps|slope_pct|slope_window_nlsc|near_shelter|dist_shelter_m|near_guidepost|dist_guidepost_m|near_peak|dist_peak_m|near_trailhead|dist_trailhead_m|near_waterway|dist_waterway_m|near_bench|dist_bench_m|near_picnic_table|dist_picnic_table_m|source_route_distance_m|surface_type|surface_label|slope_pct_raw|slope_pct_plot|slope_source|slope_method|surface_method|activity_id_short_x|behavior_window_start_m|activity_id_short_y|behavior_window_end_m|source_window_row_count|point_count|route_phase|speed_mps_median|speed_mps_p25|speed_mps_p75|low_speed_ratio_mean|low_speed_ratio_median|stopped_ratio_mean|stopped_ratio_median|heart_rate_bpm_median|heart_rate_bpm_p25|heart_rate_bpm_p75|route_load_context_band|calibrated_slope_pct_median_behavior|ib2_terrain_evidence_median|ib2_effort_evidence_median|ib2_exposure_evidence_median|near_steps_ratio|near_guidepost_ratio|near_shelter_ratio|near_waterway_ratio|near_cliff_ratio|near_road_ratio|osm_exposure_types|window_qa_flags|interpretation_boundary|behavior_grain_note|activity_count|event_types_at_marker_m|event_labels_at_marker_m|shelter_context_zone_id|profile_interpretation_boundary,route_semantic_context_not_fork_inventory,False,"Route semantic, surface, guidepost, facility, trail, path, road, or way context exists, but it is not a governed fork/decision point inventory."
outputs\report_figures\ch6_single_activity_surface_profiles_v2_2_6_canvas_layout_fix\activity_38_1\ch6_5_single_activity_surface_profile_38_1_v2_2_6_canvas_layout_fix.csv,True,4188,route_distance_m|dist_m|lat|lon|osm_highway|osm_surface|surface_class|route_semantic_class|osm_is_steps|slope_pct|slope_window_nlsc|near_shelter|dist_shelter_m|near_guidepost|dist_guidepost_m|near_peak|dist_peak_m|near_trailhead|dist_trailhead_m|near_waterway|dist_waterway_m|near_bench|dist_bench_m|near_picnic_table|dist_picnic_table_m|source_route_distance_m|surface_type|surface_label|slope_pct_raw|slope_pct_plot|slope_source|slope_method|surface_method|activity_id_short_x|behavior_window_start_m|activity_id_short_y|behavior_window_end_m|source_window_row_count|point_count|route_phase|speed_mps_median|speed_mps_p25|speed_mps_p75|low_speed_ratio_mean|low_speed_ratio_median|stopped_ratio_mean|stopped_ratio_median|heart_rate_bpm_median|heart_rate_bpm_p25|heart_rate_bpm_p75|route_load_context_band|calibrated_slope_pct_median_behavior|ib2_terrain_evidence_median|ib2_effort_evidence_median|ib2_exposure_evidence_median|near_steps_ratio|near_guidepost_ratio|near_shelter_ratio|near_waterway_ratio|near_cliff_ratio|near_road_ratio|osm_exposure_types|window_qa_flags|interpretation_boundary|behavior_grain_note|activity_count|event_types_at_marker_m|event_labels_at_marker_m|shelter_context_zone_id|profile_interpretation_boundary,route_semantic_context_not_fork_inventory,False,"Route semantic, surface, guidepost, facility, trail, path, road, or way context exists, but it is not a governed fork/decision point inventory."
outputs\report_figures\ch6_single_activity_surface_profiles_v2_2_6_canvas_layout_fix\activity_3_1\ch6_5_single_activity_surface_profile_3_1_v2_2_6_canvas_layout_fix.csv,True,4188,route_distance_m|dist_m|lat|lon|osm_highway|osm_surface|surface_class|route_semantic_class|osm_is_steps|slope_pct|slope_window_nlsc|near_shelter|dist_shelter_m|near_guidepost|dist_guidepost_m|near_peak|dist_peak_m|near_trailhead|dist_trailhead_m|near_waterway|dist_waterway_m|near_bench|dist_bench_m|near_picnic_table|dist_picnic_table_m|source_route_distance_m|surface_type|surface_label|slope_pct_raw|slope_pct_plot|slope_source|slope_method|surface_method|activity_id_short_x|behavior_window_start_m|activity_id_short_y|behavior_window_end_m|source_window_row_count|point_count|route_phase|speed_mps_median|speed_mps_p25|speed_mps_p75|low_speed_ratio_mean|low_speed_ratio_median|stopped_ratio_mean|stopped_ratio_median|heart_rate_bpm_median|heart_rate_bpm_p25|heart_rate_bpm_p75|route_load_context_band|calibrated_slope_pct_median_behavior|ib2_terrain_evidence_median|ib2_effort_evidence_median|ib2_exposure_evidence_median|near_steps_ratio|near_guidepost_ratio|near_shelter_ratio|near_waterway_ratio|near_cliff_ratio|near_road_ratio|osm_exposure_types|window_qa_flags|interpretation_boundary|behavior_grain_note|activity_count|event_types_at_marker_m|event_labels_at_marker_m|shelter_context_zone_id|profile_interpretation_boundary,route_semantic_context_not_fork_inventory,False,"Route semantic, surface, guidepost, facility, trail, path, road, or way context exists, but it is not a governed fork/decision point inventory."
outputs\report_figures\ch6_single_activity_surface_profiles_v2_2_6_canvas_layout_fix\activity_40_1\ch6_5_single_activity_surface_profile_40_1_v2_2_6_canvas_layout_fix.csv,True,4188,route_distance_m|dist_m|lat|lon|osm_highway|osm_surface|surface_class|route_semantic_class|osm_is_steps|slope_pct|slope_window_nlsc|near_shelter|dist_shelter_m|near_guidepost|dist_guidepost_m|near_peak|dist_peak_m|near_trailhead|dist_trailhead_m|near_waterway|dist_waterway_m|near_bench|dist_bench_m|near_picnic_table|dist_picnic_table_m|source_route_distance_m|surface_type|surface_label|slope_pct_raw|slope_pct_plot|slope_source|slope_method|surface_method|activity_id_short_x|behavior_window_start_m|activity_id_short_y|behavior_window_end_m|source_window_row_count|point_count|route_phase|speed_mps_median|speed_mps_p25|speed_mps_p75|low_speed_ratio_mean|low_speed_ratio_median|stopped_ratio_mean|stopped_ratio_median|heart_rate_bpm_median|heart_rate_bpm_p25|heart_rate_bpm_p75|route_load_context_band|calibrated_slope_pct_median_behavior|ib2_terrain_evidence_median|ib2_effort_evidence_median|ib2_exposure_evidence_median|near_steps_ratio|near_guidepost_ratio|near_shelter_ratio|near_waterway_ratio|near_cliff_ratio|near_road_ratio|osm_exposure_types|window_qa_flags|interpretation_boundary|behavior_grain_note|activity_count|event_types_at_marker_m|event_labels_at_marker_m|shelter_context_zone_id|profile_interpretation_boundary,route_semantic_context_not_fork_inventory,False,"Route semantic, surface, guidepost, facility, trail, path, road, or way context exists, but it is not a governed fork/decision point inventory."
outputs\report_figures\ch6_single_activity_surface_profiles_v2_2_6_canvas_layout_fix\activity_41_1\ch6_5_single_activity_surface_profile_41_1_v2_2_6_canvas_layout_fix.csv,True,4188,route_distance_m|dist_m|lat|lon|osm_highway|osm_surface|surface_class|route_semantic_class|osm_is_steps|slope_pct|slope_window_nlsc|near_shelter|dist_shelter_m|near_guidepost|dist_guidepost_m|near_peak|dist_peak_m|near_trailhead|dist_trailhead_m|near_waterway|dist_waterway_m|near_bench|dist_bench_m|near_picnic_table|dist_picnic_table_m|source_route_distance_m|surface_type|surface_label|slope_pct_raw|slope_pct_plot|slope_source|slope_method|surface_method|activity_id_short_x|behavior_window_start_m|activity_id_short_y|behavior_window_end_m|source_window_row_count|point_count|route_phase|speed_mps_median|speed_mps_p25|speed_mps_p75|low_speed_ratio_mean|low_speed_ratio_median|stopped_ratio_mean|stopped_ratio_median|heart_rate_bpm_median|heart_rate_bpm_p25|heart_rate_bpm_p75|route_load_context_band|calibrated_slope_pct_median_behavior|ib2_terrain_evidence_median|ib2_effort_evidence_median|ib2_exposure_evidence_median|near_steps_ratio|near_guidepost_ratio|near_shelter_ratio|near_waterway_ratio|near_cliff_ratio|near_road_ratio|osm_exposure_types|window_qa_flags|interpretation_boundary|behavior_grain_note|activity_count|event_types_at_marker_m|event_labels_at_marker_m|shelter_context_zone_id|profile_interpretation_boundary,route_semantic_context_not_fork_inventory,False,"Route semantic, surface, guidepost, facility, trail, path, road, or way context exists, but it is not a governed fork/decision point inventory."
outputs\report_figures\ch6_single_activity_surface_profiles_v2_2_6_canvas_layout_fix\activity_42_1\ch6_5_single_activity_surface_profile_42_1_v2_2_6_canvas_layout_fix.csv,True,4188,route_distance_m|dist_m|lat|lon|osm_highway|osm_surface|surface_class|route_semantic_class|osm_is_steps|slope_pct|slope_window_nlsc|near_shelter|dist_shelter_m|near_guidepost|dist_guidepost_m|near_peak|dist_peak_m|near_trailhead|dist_trailhead_m|near_waterway|dist_waterway_m|near_bench|dist_bench_m|near_picnic_table|dist_picnic_table_m|source_route_distance_m|surface_type|surface_label|slope_pct_raw|slope_pct_plot|slope_source|slope_method|surface_method|activity_id_short_x|behavior_window_start_m|activity_id_short_y|behavior_window_end_m|source_window_row_count|point_count|route_phase|speed_mps_median|speed_mps_p25|speed_mps_p75|low_speed_ratio_mean|low_speed_ratio_median|stopped_ratio_mean|stopped_ratio_median|heart_rate_bpm_median|heart_rate_bpm_p25|heart_rate_bpm_p75|route_load_context_band|calibrated_slope_pct_median_behavior|ib2_terrain_evidence_median|ib2_effort_evidence_median|ib2_exposure_evidence_median|near_steps_ratio|near_guidepost_ratio|near_shelter_ratio|near_waterway_ratio|near_cliff_ratio|near_road_ratio|osm_exposure_types|window_qa_flags|interpretation_boundary|behavior_grain_note|activity_count|event_types_at_marker_m|event_labels_at_marker_m|shelter_context_zone_id|profile_interpretation_boundary,route_semantic_context_not_fork_inventory,False,"Route semantic, surface, guidepost, facility, trail, path, road, or way context exists, but it is not a governed fork/decision point inventory."
outputs\report_figures\ch6_single_activity_surface_profiles_v2_2_6_canvas_layout_fix\activity_43_1\ch6_5_single_activity_surface_profile_43_1_v2_2_6_canvas_layout_fix.csv,True,4188,route_distance_m|dist_m|lat|lon|osm_highway|osm_surface|surface_class|route_semantic_class|osm_is_steps|slope_pct|slope_window_nlsc|near_shelter|dist_shelter_m|near_guidepost|dist_guidepost_m|near_peak|dist_peak_m|near_trailhead|dist_trailhead_m|near_waterway|dist_waterway_m|near_bench|dist_bench_m|near_picnic_table|dist_picnic_table_m|source_route_distance_m|surface_type|surface_label|slope_pct_raw|slope_pct_plot|slope_source|slope_method|surface_method|activity_id_short_x|behavior_window_start_m|activity_id_short_y|behavior_window_end_m|source_window_row_count|point_count|route_phase|speed_mps_median|speed_mps_p25|speed_mps_p75|low_speed_ratio_mean|low_speed_ratio_median|stopped_ratio_mean|stopped_ratio_median|heart_rate_bpm_median|heart_rate_bpm_p25|heart_rate_bpm_p75|route_load_context_band|calibrated_slope_pct_median_behavior|ib2_terrain_evidence_median|ib2_effort_evidence_median|ib2_exposure_evidence_median|near_steps_ratio|near_guidepost_ratio|near_shelter_ratio|near_waterway_ratio|near_cliff_ratio|near_road_ratio|osm_exposure_types|window_qa_flags|interpretation_boundary|behavior_grain_note|activity_count|event_types_at_marker_m|event_labels_at_marker_m|shelter_context_zone_id|profile_interpretation_boundary,route_semantic_context_not_fork_inventory,False,"Route semantic, surface, guidepost, facility, trail, path, road, or way context exists, but it is not a governed fork/decision point inventory."
outputs\report_figures\ch6_single_activity_surface_profiles_v2_2_6_canvas_layout_fix\activity_44_1\ch6_5_single_activity_surface_profile_44_1_v2_2_6_canvas_layout_fix.csv,True,4188,route_distance_m|dist_m|lat|lon|osm_highway|osm_surface|surface_class|route_semantic_class|osm_is_steps|slope_pct|slope_window_nlsc|near_shelter|dist_shelter_m|near_guidepost|dist_guidepost_m|near_peak|dist_peak_m|near_trailhead|dist_trailhead_m|near_waterway|dist_waterway_m|near_bench|dist_bench_m|near_picnic_table|dist_picnic_table_m|source_route_distance_m|surface_type|surface_label|slope_pct_raw|slope_pct_plot|slope_source|slope_method|surface_method|activity_id_short_x|behavior_window_start_m|activity_id_short_y|behavior_window_end_m|source_window_row_count|point_count|route_phase|speed_mps_median|speed_mps_p25|speed_mps_p75|low_speed_ratio_mean|low_speed_ratio_median|stopped_ratio_mean|stopped_ratio_median|heart_rate_bpm_median|heart_rate_bpm_p25|heart_rate_bpm_p75|route_load_context_band|calibrated_slope_pct_median_behavior|ib2_terrain_evidence_median|ib2_effort_evidence_median|ib2_exposure_evidence_median|near_steps_ratio|near_guidepost_ratio|near_shelter_ratio|near_waterway_ratio|near_cliff_ratio|near_road_ratio|osm_exposure_types|window_qa_flags|interpretation_boundary|behavior_grain_note|activity_count|event_types_at_marker_m|event_labels_at_marker_m|shelter_context_zone_id|profile_interpretation_boundary,route_semantic_context_not_fork_inventory,False,"Route semantic, surface, guidepost, facility, trail, path, road, or way context exists, but it is not a governed fork/decision point inventory."
outputs\report_figures\ch6_single_activity_surface_profiles_v2_2_6_canvas_layout_fix\activity_45_1\ch6_5_single_activity_surface_profile_45_1_v2_2_6_canvas_layout_fix.csv,True,4188,route_distance_m|dist_m|lat|lon|osm_highway|osm_surface|surface_class|route_semantic_class|osm_is_steps|slope_pct|slope_window_nlsc|near_shelter|dist_shelter_m|near_guidepost|dist_guidepost_m|near_peak|dist_peak_m|near_trailhead|dist_trailhead_m|near_waterway|dist_waterway_m|near_bench|dist_bench_m|near_picnic_table|dist_picnic_table_m|source_route_distance_m|surface_type|surface_label|slope_pct_raw|slope_pct_plot|slope_source|slope_method|surface_method|activity_id_short_x|behavior_window_start_m|activity_id_short_y|behavior_window_end_m|source_window_row_count|point_count|route_phase|speed_mps_median|speed_mps_p25|speed_mps_p75|low_speed_ratio_mean|low_speed_ratio_median|stopped_ratio_mean|stopped_ratio_median|heart_rate_bpm_median|heart_rate_bpm_p25|heart_rate_bpm_p75|route_load_context_band|calibrated_slope_pct_median_behavior|ib2_terrain_evidence_median|ib2_effort_evidence_median|ib2_exposure_evidence_median|near_steps_ratio|near_guidepost_ratio|near_shelter_ratio|near_waterway_ratio|near_cliff_ratio|near_road_ratio|osm_exposure_types|window_qa_flags|interpretation_boundary|behavior_grain_note|activity_count|event_types_at_marker_m|event_labels_at_marker_m|shelter_context_zone_id|profile_interpretation_boundary,route_semantic_context_not_fork_inventory,False,"Route semantic, surface, guidepost, facility, trail, path, road, or way context exists, but it is not a governed fork/decision point inventory."
outputs\report_figures\ch6_single_activity_surface_profiles_v2_2_6_canvas_layout_fix\activity_46_1\ch6_5_single_activity_surface_profile_46_1_v2_2_6_canvas_layout_fix.csv,True,4188,route_distance_m|dist_m|lat|lon|osm_highway|osm_surface|surface_class|route_semantic_class|osm_is_steps|slope_pct|slope_window_nlsc|near_shelter|dist_shelter_m|near_guidepost|dist_guidepost_m|near_peak|dist_peak_m|near_trailhead|dist_trailhead_m|near_waterway|dist_waterway_m|near_bench|dist_bench_m|near_picnic_table|dist_picnic_table_m|source_route_distance_m|surface_type|surface_label|slope_pct_raw|slope_pct_plot|slope_source|slope_method|surface_method|activity_id_short_x|behavior_window_start_m|activity_id_short_y|behavior_window_end_m|source_window_row_count|point_count|route_phase|speed_mps_median|speed_mps_p25|speed_mps_p75|low_speed_ratio_mean|low_speed_ratio_median|stopped_ratio_mean|stopped_ratio_median|heart_rate_bpm_median|heart_rate_bpm_p25|heart_rate_bpm_p75|route_load_context_band|calibrated_slope_pct_median_behavior|ib2_terrain_evidence_median|ib2_effort_evidence_median|ib2_exposure_evidence_median|near_steps_ratio|near_guidepost_ratio|near_shelter_ratio|near_waterway_ratio|near_cliff_ratio|near_road_ratio|osm_exposure_types|window_qa_flags|interpretation_boundary|behavior_grain_note|activity_count|event_types_at_marker_m|event_labels_at_marker_m|shelter_context_zone_id|profile_interpretation_boundary,route_semantic_context_not_fork_inventory,False,"Route semantic, surface, guidepost, facility, trail, path, road, or way context exists, but it is not a governed fork/decision point inventory."
outputs\report_figures\ch6_single_activity_surface_profiles_v2_2_6_canvas_layout_fix\activity_48_1\ch6_5_single_activity_surface_profile_48_1_v2_2_6_canvas_layout_fix.csv,True,4188,route_distance_m|dist_m|lat|lon|osm_highway|osm_surface|surface_class|route_semantic_class|osm_is_steps|slope_pct|slope_window_nlsc|near_shelter|dist_shelter_m|near_guidepost|dist_guidepost_m|near_peak|dist_peak_m|near_trailhead|dist_trailhead_m|near_waterway|dist_waterway_m|near_bench|dist_bench_m|near_picnic_table|dist_picnic_table_m|source_route_distance_m|surface_type|surface_label|slope_pct_raw|slope_pct_plot|slope_source|slope_method|surface_method|activity_id_short_x|behavior_window_start_m|activity_id_short_y|behavior_window_end_m|source_window_row_count|point_count|route_phase|speed_mps_median|speed_mps_p25|speed_mps_p75|low_speed_ratio_mean|low_speed_ratio_median|stopped_ratio_mean|stopped_ratio_median|heart_rate_bpm_median|heart_rate_bpm_p25|heart_rate_bpm_p75|route_load_context_band|calibrated_slope_pct_median_behavior|ib2_terrain_evidence_median|ib2_effort_evidence_median|ib2_exposure_evidence_median|near_steps_ratio|near_guidepost_ratio|near_shelter_ratio|near_waterway_ratio|near_cliff_ratio|near_road_ratio|osm_exposure_types|window_qa_flags|interpretation_boundary|behavior_grain_note|activity_count|event_types_at_marker_m|event_labels_at_marker_m|shelter_context_zone_id|profile_interpretation_boundary,route_semantic_context_not_fork_inventory,False,"Route semantic, surface, guidepost, facility, trail, path, road, or way context exists, but it is not a governed fork/decision point inventory."
outputs\report_figures\ch6_single_activity_surface_profiles_v2_2_6_canvas_layout_fix\activity_8_1\ch6_5_single_activity_surface_profile_8_1_v2_2_6_canvas_layout_fix.csv,True,4188,route_distance_m|dist_m|lat|lon|osm_highway|osm_surface|surface_class|route_semantic_class|osm_is_steps|slope_pct|slope_window_nlsc|near_shelter|dist_shelter_m|near_guidepost|dist_guidepost_m|near_peak|dist_peak_m|near_trailhead|dist_trailhead_m|near_waterway|dist_waterway_m|near_bench|dist_bench_m|near_picnic_table|dist_picnic_table_m|source_route_distance_m|surface_type|surface_label|slope_pct_raw|slope_pct_plot|slope_source|slope_method|surface_method|activity_id_short_x|behavior_window_start_m|activity_id_short_y|behavior_window_end_m|source_window_row_count|point_count|route_phase|speed_mps_median|speed_mps_p25|speed_mps_p75|low_speed_ratio_mean|low_speed_ratio_median|stopped_ratio_mean|stopped_ratio_median|heart_rate_bpm_median|heart_rate_bpm_p25|heart_rate_bpm_p75|route_load_context_band|calibrated_slope_pct_median_behavior|ib2_terrain_evidence_median|ib2_effort_evidence_median|ib2_exposure_evidence_median|near_steps_ratio|near_guidepost_ratio|near_shelter_ratio|near_waterway_ratio|near_cliff_ratio|near_road_ratio|osm_exposure_types|window_qa_flags|interpretation_boundary|behavior_grain_note|activity_count|event_types_at_marker_m|event_labels_at_marker_m|shelter_context_zone_id|profile_interpretation_boundary,route_semantic_context_not_fork_inventory,False,"Route semantic, surface, guidepost, facility, trail, path, road, or way context exists, but it is not a governed fork/decision point inventory."
outputs\report_figures\ch6_single_activity_surface_profiles_v2_2_6_canvas_layout_fix\activity_9_1\ch6_5_single_activity_surface_profile_9_1_v2_2_6_canvas_layout_fix.csv,True,4188,route_distance_m|dist_m|lat|lon|osm_highway|osm_surface|surface_class|route_semantic_class|osm_is_steps|slope_pct|slope_window_nlsc|near_shelter|dist_shelter_m|near_guidepost|dist_guidepost_m|near_peak|dist_peak_m|near_trailhead|dist_trailhead_m|near_waterway|dist_waterway_m|near_bench|dist_bench_m|near_picnic_table|dist_picnic_table_m|source_route_distance_m|surface_type|surface_label|slope_pct_raw|slope_pct_plot|slope_source|slope_method|surface_method|activity_id_short_x|behavior_window_start_m|activity_id_short_y|behavior_window_end_m|source_window_row_count|point_count|route_phase|speed_mps_median|speed_mps_p25|speed_mps_p75|low_speed_ratio_mean|low_speed_ratio_median|stopped_ratio_mean|stopped_ratio_median|heart_rate_bpm_median|heart_rate_bpm_p25|heart_rate_bpm_p75|route_load_context_band|calibrated_slope_pct_median_behavior|ib2_terrain_evidence_median|ib2_effort_evidence_median|ib2_exposure_evidence_median|near_steps_ratio|near_guidepost_ratio|near_shelter_ratio|near_waterway_ratio|near_cliff_ratio|near_road_ratio|osm_exposure_types|window_qa_flags|interpretation_boundary|behavior_grain_note|activity_count|event_types_at_marker_m|event_labels_at_marker_m|shelter_context_zone_id|profile_interpretation_boundary,route_semantic_context_not_fork_inventory,False,"Route semantic, surface, guidepost, facility, trail, path, road, or way context exists, but it is not a governed fork/decision point inventory."
