source_path,exists,row_count,candidate_columns,source_role,usable_for_fork_inventory,usable_for_decision_point_inventory,rejection_reason,notes
outputs\ib0_candidate_route_pool_v1_qixing_lengshuikeng_rc\_candidate_summary\qixing_lengshuikeng_candidate_route_pool_summary.csv,True,1,case_id|route_folder|contract_version|total_candidate_ways|selected_candidate_ways|candidate_route_points_rows|non_linestring_geometry_n|empty_coordinates_n|geometry_type_counts|selected_route_role_counts|selected_highway_norm_counts|top_10_selected_osm_way_ids_by_match_score|candidate_way_pool_csv|candidate_way_pool_geojson|candidate_route_points_csv|source_geojson|source_stage,route_semantic_context_not_fork_inventory,False,False,semantic_context_lacks_governed_topology_or_node_degree,Guidepost/facility/OSM semantics are useful context but cannot be counted as forks without topology.
outputs\ib0_candidate_route_pool_v1_qixing_lengshuikeng_rc\qixing_lengshuikeng\candidate_route_points.csv,True,1402,case_id|route_folder|candidate_route_id|candidate_way_id|osm_way_id|route_point_index|route_dist_m|lat|lon|segment_len_m|bearing_deg|bearing_change_deg|name|highway|highway_norm|route_role|match_score|selected|source_geojson|source_stage,route_semantic_context_not_fork_inventory,False,False,semantic_context_lacks_governed_topology_or_node_degree,Guidepost/facility/OSM semantics are useful context but cannot be counted as forks without topology.
outputs\ib0_candidate_route_pool_v1_qixing_lengshuikeng_rc\qixing_lengshuikeng\candidate_way_pool.csv,True,63,case_id|route_folder|candidate_way_id|osm_way_id|name|highway|highway_norm|route_role|segment_len_m|distance_to_gpx_m|overlap_len_m|overlap_ratio|semantic_score|distance_score|match_score|selected|geometry_type|coordinates_count|source_geojson|source_stage,route_geometry_self_near_context_not_fork_inventory,False,False,self_near_or_geometry_artifact_not_governed_fork_source,Geometry proximity can flag artifacts or loops but is not enough to define a decision point.
outputs\ib0_gpx_osm_match_output\juansi_waterfall_fitcsv_20260503_gpx_osm_match_summary.csv,True,8,pipeline_stage|route_id|ia1_version|ia1_dataset_id|ia1_snapshot_tag|activity_type|activity_source|gpx_source|osm_source|gpx_buffer_fetch_m|gpx_buffer_match_m|max_distance_m|min_overlap_ratio|match_score_threshold|route_role|highway_norm|candidate_n|selected_n|mean_distance_to_gpx_m|mean_overlap_ratio|mean_match_score,route_geometry_self_near_context_not_fork_inventory,False,False,self_near_or_geometry_artifact_not_governed_fork_source,Geometry proximity can flag artifacts or loops but is not enough to define a decision point.
outputs\ib0_gpx_osm_match_output\juansi_waterfall_fitcsv_20260503_gpx_osm_matched_pruned_summary.csv,True,7,pipeline_stage|route_id|ia1_version|ia1_dataset_id|ia1_snapshot_tag|activity_type|activity_source|gpx_source|osm_source|ib0a_input_source|trail_max_distance_m|trail_min_overlap_ratio|trail_min_match_score|approach_max_distance_m|approach_min_overlap_ratio|approach_min_match_score|other_max_distance_m|other_min_overlap_ratio|other_min_match_score|route_role|highway_norm|matched_n|kept_n|mean_distance_to_gpx_m|mean_overlap_ratio|mean_match_score,route_geometry_self_near_context_not_fork_inventory,False,False,self_near_or_geometry_artifact_not_governed_fork_source,Geometry proximity can flag artifacts or loops but is not enough to define a decision point.
outputs\ib0_gpx_osm_match_output\qixing_xiaoyoukeng_roundtrip_joyhike_gpx_osm_match_summary.csv,True,4,pipeline_stage|route_id|ia1_version|ia1_dataset_id|gpx_source|osm_source|gpx_buffer_fetch_m|gpx_buffer_match_m|max_distance_m|min_overlap_ratio|match_score_threshold|route_role|highway_norm|candidate_n|selected_n|mean_distance_to_gpx_m|mean_overlap_ratio|mean_match_score,route_geometry_self_near_context_not_fork_inventory,False,False,self_near_or_geometry_artifact_not_governed_fork_source,Geometry proximity can flag artifacts or loops but is not enough to define a decision point.
outputs\ib0_gpx_osm_match_output\qixing_xiaoyoukeng_roundtrip_joyhike_gpx_osm_matched_pruned_summary.csv,True,4,pipeline_stage|route_id|ia1_version|ia1_dataset_id|ia1_snapshot_tag|activity_type|activity_source|gpx_source|osm_source|ib0a_input_source|trail_max_distance_m|trail_min_overlap_ratio|trail_min_match_score|approach_max_distance_m|approach_min_overlap_ratio|approach_min_match_score|other_max_distance_m|other_min_overlap_ratio|other_min_match_score|route_role|highway_norm|matched_n|kept_n|mean_distance_to_gpx_m|mean_overlap_ratio|mean_match_score,route_geometry_self_near_context_not_fork_inventory,False,False,self_near_or_geometry_artifact_not_governed_fork_source,Geometry proximity can flag artifacts or loops but is not enough to define a decision point.
outputs\ib0_route_axis_v1_3b_convergence_audit\ib0_route_axis_v1_3b_case_convergence_audit.csv,True,4,case_id|ia1_status|ib0_status|ib0c_status|ib0a_status|ib0a2_status|ib0b_status|ib0d_status|overall_status|blocking_issue|warning_note|ib1_ready|official_ib1_input_root,other_context_not_fork_inventory,False,False,no_governed_fork_topology_fields_found,"No node-degree, edge adjacency, or parseable fork/decision-point inventory fields found."
outputs\ib0_route_axis_v1_3b_convergence_audit\ib0_route_axis_v1_3b_stage_convergence_audit.csv,True,8,stage|official_status|official_script|official_input_root_or_files|official_output_root|required_outputs_present|case_coverage_n|case_coverage_expected_n|qa_gate_exists|qa_result_summary|legacy_roots_do_not_use|next_stage_input|handoff_note,other_context_not_fork_inventory,False,False,no_governed_fork_topology_fields_found,"No node-degree, edge adjacency, or parseable fork/decision-point inventory fields found."
outputs\ib0_route_axis_v1_3b_convergence_audit\ib0a2_route_axis_anchor_component_qa_convergence_audit.csv,True,4,case_id|case_dir_exists|qa_csv_exists|pairs_csv_exists|summary_txt_exists|qa_row_count|component_ids|component_count|all_same_component|max_nearest_node_dist_m|route_role_values|control_roles|way_ids|case_status,route_semantic_context_not_fork_inventory,False,False,semantic_context_lacks_governed_topology_or_node_degree,Guidepost/facility/OSM semantics are useful context but cannot be counted as forks without topology.
outputs\ib0_route_axis_v1_3b_convergence_audit\ib0b_control_points_only_route_axis_convergence_audit.csv,True,4,case_id|required_files_ok|ordered_path_exists|mainline_exists|debug_segments_exists|map_exists|summary_exists|control_points_csv_exists|control_points_geojson_exists|required_way_qa_csv_exists|required_way_qa_txt_exists|control_points_n|control_dist_col|control_dist_monotonic|control_start_dist_m|control_end_dist_m|control_start_ok|control_end_ok|ordered_path_length_m|expected_ordered_path_length_m|length_delta_m|length_ok|required_way_all_present_in_input|required_way_all_present_in_mainline|required_way_input_ok|required_way_mainline_ok|ib0b_status,route_semantic_context_not_fork_inventory,False,False,semantic_context_lacks_governed_topology_or_node_degree,Guidepost/facility/OSM semantics are useful context but cannot be counted as forks without topology.
outputs\ib0_route_axis_v1_3b_convergence_audit\ib0d_v1_3b_contract_qa_convergence_audit.csv,True,4,case_id|reviewed_status|aggregate_status|case_dir_exists|route_points_exists|trimmed_geojson_exists|trim_summary_exists|qa_summary_exists|qa_map_exists|control_point_projection_exists|self_near_pairs_exists|self_near_zones_exists|safe_for_ib1a_ib1c_ib1g_ib1e|safe_for_ib1_bool|self_near_pair_count|expected_self_near_pair_count|unexpected_self_near_pair_count|trim_mode|warnings|hard_fail_reasons,route_geometry_self_near_context_not_fork_inventory,False,False,self_near_or_geometry_artifact_not_governed_fork_source,Geometry proximity can flag artifacts or loops but is not enough to define a decision point.
outputs\ib0_route_match\_archived_before_20260531_refresh\juansi_waterfall_fitcsv_20260503\juansi_waterfall_fitcsv_20260503_activity_osm_match_summary.csv,True,8,pipeline_stage|route_id|ia1_version|ia1_dataset_id|ia1_snapshot_tag|activity_type|activity_source|gpx_source|osm_source|gpx_buffer_fetch_m|gpx_buffer_match_m|max_distance_m|min_overlap_ratio|match_score_threshold|route_role|highway_norm|candidate_n|selected_n|mean_distance_to_gpx_m|mean_overlap_ratio|mean_match_score,route_geometry_self_near_context_not_fork_inventory,False,False,self_near_or_geometry_artifact_not_governed_fork_source,Geometry proximity can flag artifacts or loops but is not enough to define a decision point.
outputs\ib0_route_match\_archived_before_20260531_refresh\juansi_waterfall_fitcsv_20260503_osmrefresh_v1_3c\juansi_waterfall_fitcsv_20260503_osmrefresh_v1_3b_activity_osm_match_summary.csv,True,8,pipeline_stage|case_id|route_id|ia1_version|ia1_dataset_id|ia1_snapshot_tag|activity_type|activity_source|activity_fp|gpx_source|osm_source|activity_buffer_fetch_m|activity_buffer_match_m|gpx_buffer_fetch_m|gpx_buffer_match_m|max_distance_m|min_overlap_ratio|match_score_threshold|route_role|highway_norm|candidate_n|selected_n|mean_distance_to_activity_m|mean_distance_to_gpx_m|mean_overlap_ratio|mean_match_score,route_geometry_self_near_context_not_fork_inventory,False,False,self_near_or_geometry_artifact_not_governed_fork_source,Geometry proximity can flag artifacts or loops but is not enough to define a decision point.
outputs\ib0_route_match\_archived_before_20260531_refresh\qixing_lengshuikeng_main_peak_20260523\qixing_lengshuikeng_main_peak_20260523_activity_osm_match_summary.csv,True,5,pipeline_stage|case_id|route_id|ia1_version|ia1_dataset_id|ia1_snapshot_tag|activity_type|activity_source|activity_fp|gpx_source|osm_source|activity_buffer_fetch_m|activity_buffer_match_m|gpx_buffer_fetch_m|gpx_buffer_match_m|max_distance_m|min_overlap_ratio|match_score_threshold|route_role|highway_norm|candidate_n|selected_n|mean_distance_to_activity_m|mean_distance_to_gpx_m|mean_overlap_ratio|mean_match_score,route_geometry_self_near_context_not_fork_inventory,False,False,self_near_or_geometry_artifact_not_governed_fork_source,Geometry proximity can flag artifacts or loops but is not enough to define a decision point.
outputs\ib0_route_match\_archived_before_20260531_refresh\qixing_xiaoyoukeng_main_peak_20260315\qixing_xiaoyoukeng_main_peak_20260315_activity_osm_match_summary.csv,True,4,pipeline_stage|case_id|route_id|ia1_version|ia1_dataset_id|ia1_snapshot_tag|activity_type|activity_source|activity_fp|gpx_source|osm_source|activity_buffer_fetch_m|activity_buffer_match_m|gpx_buffer_fetch_m|gpx_buffer_match_m|max_distance_m|min_overlap_ratio|match_score_threshold|route_role|highway_norm|candidate_n|selected_n|mean_distance_to_activity_m|mean_distance_to_gpx_m|mean_overlap_ratio|mean_match_score,route_geometry_self_near_context_not_fork_inventory,False,False,self_near_or_geometry_artifact_not_governed_fork_source,Geometry proximity can flag artifacts or loops but is not enough to define a decision point.
outputs\ib0_route_match\_archived_before_20260531_refresh\zhonghua_ust_jiuwufeng_roundtrip_biji\zhonghua_ust_jiuwufeng_roundtrip_biji_activity_osm_match_summary.csv,True,4,pipeline_stage|case_id|route_id|ia1_version|ia1_dataset_id|ia1_snapshot_tag|activity_type|activity_source|activity_fp|gpx_source|osm_source|activity_buffer_fetch_m|activity_buffer_match_m|gpx_buffer_fetch_m|gpx_buffer_match_m|max_distance_m|min_overlap_ratio|match_score_threshold|route_role|highway_norm|candidate_n|selected_n|mean_distance_to_activity_m|mean_distance_to_gpx_m|mean_overlap_ratio|mean_match_score,route_geometry_self_near_context_not_fork_inventory,False,False,self_near_or_geometry_artifact_not_governed_fork_source,Geometry proximity can flag artifacts or loops but is not enough to define a decision point.
outputs\ib0_route_match\juansi_waterfall_fitcsv_20260503_osmrefresh_v1_3b\juansi_waterfall_fitcsv_20260503_osmrefresh_v1_3b_activity_osm_match_summary.csv,True,8,pipeline_stage|case_id|route_id|ia1_version|ia1_dataset_id|ia1_snapshot_tag|activity_type|activity_source|activity_fp|gpx_source|osm_source|activity_buffer_fetch_m|activity_buffer_match_m|gpx_buffer_fetch_m|gpx_buffer_match_m|max_distance_m|min_overlap_ratio|match_score_threshold|route_role|highway_norm|candidate_n|selected_n|mean_distance_to_activity_m|mean_distance_to_gpx_m|mean_overlap_ratio|mean_match_score,route_geometry_self_near_context_not_fork_inventory,False,False,self_near_or_geometry_artifact_not_governed_fork_source,Geometry proximity can flag artifacts or loops but is not enough to define a decision point.
outputs\ib0_route_match\qixing_lengshuikeng_main_peak_20260523_osmrefresh_v1_3b\qixing_lengshuikeng_main_peak_20260523_osmrefresh_v1_3b_activity_osm_match_summary.csv,True,5,pipeline_stage|case_id|route_id|ia1_version|ia1_dataset_id|ia1_snapshot_tag|activity_type|activity_source|activity_fp|gpx_source|osm_source|activity_buffer_fetch_m|activity_buffer_match_m|gpx_buffer_fetch_m|gpx_buffer_match_m|max_distance_m|min_overlap_ratio|match_score_threshold|route_role|highway_norm|candidate_n|selected_n|mean_distance_to_activity_m|mean_distance_to_gpx_m|mean_overlap_ratio|mean_match_score,route_geometry_self_near_context_not_fork_inventory,False,False,self_near_or_geometry_artifact_not_governed_fork_source,Geometry proximity can flag artifacts or loops but is not enough to define a decision point.
outputs\ib0_route_match\qixing_lengshuikeng_xiaoyoukeng_gpx_osmrefresh_v1_3b\qixing_lengshuikeng_xiaoyoukeng_gpx_osmrefresh_v1_3b_activity_osm_match_summary.csv,True,5,pipeline_stage|case_id|route_id|ia1_version|ia1_dataset_id|ia1_snapshot_tag|activity_type|activity_source|activity_fp|gpx_source|osm_source|activity_buffer_fetch_m|activity_buffer_match_m|gpx_buffer_fetch_m|gpx_buffer_match_m|max_distance_m|min_overlap_ratio|match_score_threshold|route_role|highway_norm|candidate_n|selected_n|mean_distance_to_activity_m|mean_distance_to_gpx_m|mean_overlap_ratio|mean_match_score,route_geometry_self_near_context_not_fork_inventory,False,False,self_near_or_geometry_artifact_not_governed_fork_source,Geometry proximity can flag artifacts or loops but is not enough to define a decision point.
outputs\ib0_route_match\qixing_xiaoyoukeng_main_peak_20260315_osmrefresh_v1_3b\qixing_xiaoyoukeng_main_peak_20260315_osmrefresh_v1_3b_activity_osm_match_summary.csv,True,4,pipeline_stage|case_id|route_id|ia1_version|ia1_dataset_id|ia1_snapshot_tag|activity_type|activity_source|activity_fp|gpx_source|osm_source|activity_buffer_fetch_m|activity_buffer_match_m|gpx_buffer_fetch_m|gpx_buffer_match_m|max_distance_m|min_overlap_ratio|match_score_threshold|route_role|highway_norm|candidate_n|selected_n|mean_distance_to_activity_m|mean_distance_to_gpx_m|mean_overlap_ratio|mean_match_score,route_geometry_self_near_context_not_fork_inventory,False,False,self_near_or_geometry_artifact_not_governed_fork_source,Geometry proximity can flag artifacts or loops but is not enough to define a decision point.
outputs\ib0_route_match\zhonghua_ust_jiuwufeng_roundtrip_biji_osmrefresh_v1_3b\zhonghua_ust_jiuwufeng_roundtrip_biji_osmrefresh_v1_3b_activity_osm_match_summary.csv,True,4,pipeline_stage|case_id|route_id|ia1_version|ia1_dataset_id|ia1_snapshot_tag|activity_type|activity_source|activity_fp|gpx_source|osm_source|activity_buffer_fetch_m|activity_buffer_match_m|gpx_buffer_fetch_m|gpx_buffer_match_m|max_distance_m|min_overlap_ratio|match_score_threshold|route_role|highway_norm|candidate_n|selected_n|mean_distance_to_activity_m|mean_distance_to_gpx_m|mean_overlap_ratio|mean_match_score,route_geometry_self_near_context_not_fork_inventory,False,False,self_near_or_geometry_artifact_not_governed_fork_source,Geometry proximity can flag artifacts or loops but is not enough to define a decision point.
outputs\ib0_route_match_convergence_audit_v1_3b\ib0_route_match_v1_3b_case_convergence_audit.csv,True,4,case_id|ib0_status|case_dir_exists|candidates_geojson_exists|matched_geojson_exists|summary_csv_exists|run_summary_exists|qa_map_exists|summary_rows|candidate_n|matched_n|ia1_version|osm_source|activity_source|blocking_issue|warning_note,activity_mapmatch_or_wrong_branch_diagnostic_not_fork_inventory,False,False,activity_behavior_diagnostic_not_route_decision_point_inventory,Activity diagnostics can validate consequences of forks but cannot define route-level fork exposure alone.
outputs\ib0_route_match_convergence_audit_v1_3b\ib0_route_match_v1_3b_stage_convergence_audit.csv,True,1,stage|official_status|official_script_root|official_script_current_active|script_compile_status|script_reproducibility_note|activity_input_root|osm_input_root|official_output_root|required_outputs|case_coverage_n|case_coverage_expected_n|qa_gate|legacy_roots_do_not_use|next_stage_input|handoff_note,activity_mapmatch_or_wrong_branch_diagnostic_not_fork_inventory,False,False,activity_behavior_diagnostic_not_route_decision_point_inventory,Activity diagnostics can validate consequences of forks but cannot define route-level fork exposure alone.
outputs\ib0_route_match_v1_1\qixing_lengshuikeng_main_peak_20260523\qixing_lengshuikeng_main_peak_20260523_activity_osm_match_summary.csv,True,5,pipeline_stage|case_id|route_id|ia1_version|ia1_dataset_id|ia1_snapshot_tag|activity_type|activity_source|activity_fp|gpx_source|osm_source|activity_buffer_fetch_m|activity_buffer_match_m|gpx_buffer_fetch_m|gpx_buffer_match_m|max_distance_m|min_overlap_ratio|match_score_threshold|route_role|highway_norm|candidate_n|selected_n|mean_distance_to_activity_m|mean_distance_to_gpx_m|mean_overlap_ratio|mean_match_score,route_geometry_self_near_context_not_fork_inventory,False,False,self_near_or_geometry_artifact_not_governed_fork_source,Geometry proximity can flag artifacts or loops but is not enough to define a decision point.
outputs\ib0_route_match_v1_1\qixing_xiaoyoukeng_main_peak_20260315\qixing_xiaoyoukeng_main_peak_20260315_activity_osm_match_summary.csv,True,4,pipeline_stage|case_id|route_id|ia1_version|ia1_dataset_id|ia1_snapshot_tag|activity_type|activity_source|activity_fp|gpx_source|osm_source|activity_buffer_fetch_m|activity_buffer_match_m|gpx_buffer_fetch_m|gpx_buffer_match_m|max_distance_m|min_overlap_ratio|match_score_threshold|route_role|highway_norm|candidate_n|selected_n|mean_distance_to_activity_m|mean_distance_to_gpx_m|mean_overlap_ratio|mean_match_score,route_geometry_self_near_context_not_fork_inventory,False,False,self_near_or_geometry_artifact_not_governed_fork_source,Geometry proximity can flag artifacts or loops but is not enough to define a decision point.
outputs\ib0a2_route_axis_anchor_component_qa\juansi_waterfall_fitcsv_20260503_osmrefresh_v1_3b\juansi_waterfall_fitcsv_20260503_osmrefresh_v1_3b_ib0a2_route_axis_anchor_component_pairs.csv,True,2,from_control_id|to_control_id|from_component_id|to_component_id|same_component|nearest_inter_component_dist_m,route_semantic_context_not_fork_inventory,False,False,semantic_context_lacks_governed_topology_or_node_degree,Guidepost/facility/OSM semantics are useful context but cannot be counted as forks without topology.
outputs\ib0a2_route_axis_anchor_component_qa\juansi_waterfall_fitcsv_20260503_osmrefresh_v1_3b\juansi_waterfall_fitcsv_20260503_osmrefresh_v1_3b_ib0a2_route_axis_anchor_component_qa.csv,True,3,case_id|control_id|control_role|phase|name|order|lat|lon|nearest_seg_idx|nearest_node_dist_m|component_id|component_size|way_id|highway|highway_norm|name_osm|route_role,route_semantic_context_not_fork_inventory,False,False,semantic_context_lacks_governed_topology_or_node_degree,Guidepost/facility/OSM semantics are useful context but cannot be counted as forks without topology.
outputs\ib0a2_route_axis_anchor_component_qa\qixing_lengshuikeng_main_peak_20260523_osmrefresh_v1_3b\qixing_lengshuikeng_main_peak_20260523_osmrefresh_v1_3b_ib0a2_route_axis_anchor_component_pairs.csv,True,4,from_control_id|to_control_id|from_component_id|to_component_id|same_component|nearest_inter_component_dist_m,route_semantic_context_not_fork_inventory,False,False,semantic_context_lacks_governed_topology_or_node_degree,Guidepost/facility/OSM semantics are useful context but cannot be counted as forks without topology.
outputs\ib0a2_route_axis_anchor_component_qa\qixing_lengshuikeng_main_peak_20260523_osmrefresh_v1_3b\qixing_lengshuikeng_main_peak_20260523_osmrefresh_v1_3b_ib0a2_route_axis_anchor_component_qa.csv,True,5,case_id|control_id|control_role|phase|name|order|lat|lon|nearest_seg_idx|nearest_node_dist_m|component_id|component_size|way_id|highway|highway_norm|name_osm|route_role,route_semantic_context_not_fork_inventory,False,False,semantic_context_lacks_governed_topology_or_node_degree,Guidepost/facility/OSM semantics are useful context but cannot be counted as forks without topology.
outputs\ib0a2_route_axis_anchor_component_qa\qixing_lengshuikeng_xiaoyoukeng_gpx_osmrefresh_v1_3b\qixing_lengshuikeng_xiaoyoukeng_gpx_osmrefresh_v1_3b_ib0a2_route_axis_anchor_component_pairs.csv,True,2,from_control_id|to_control_id|from_component_id|to_component_id|same_component|nearest_inter_component_dist_m,route_semantic_context_not_fork_inventory,False,False,semantic_context_lacks_governed_topology_or_node_degree,Guidepost/facility/OSM semantics are useful context but cannot be counted as forks without topology.
outputs\ib0a2_route_axis_anchor_component_qa\qixing_lengshuikeng_xiaoyoukeng_gpx_osmrefresh_v1_3b\qixing_lengshuikeng_xiaoyoukeng_gpx_osmrefresh_v1_3b_ib0a2_route_axis_anchor_component_qa.csv,True,3,case_id|control_id|control_role|phase|name|order|lat|lon|nearest_seg_idx|nearest_node_dist_m|component_id|component_size|way_id|highway|highway_norm|name_osm|route_role,route_semantic_context_not_fork_inventory,False,False,semantic_context_lacks_governed_topology_or_node_degree,Guidepost/facility/OSM semantics are useful context but cannot be counted as forks without topology.
outputs\ib0a2_route_axis_anchor_component_qa\qixing_xiaoyoukeng_main_peak_20260315_osmrefresh_v1_3b\qixing_xiaoyoukeng_main_peak_20260315_osmrefresh_v1_3b_ib0a2_route_axis_anchor_component_pairs.csv,True,8,from_control_id|to_control_id|from_component_id|to_component_id|same_component|nearest_inter_component_dist_m,route_semantic_context_not_fork_inventory,False,False,semantic_context_lacks_governed_topology_or_node_degree,Guidepost/facility/OSM semantics are useful context but cannot be counted as forks without topology.
outputs\ib0a2_route_axis_anchor_component_qa\qixing_xiaoyoukeng_main_peak_20260315_osmrefresh_v1_3b\qixing_xiaoyoukeng_main_peak_20260315_osmrefresh_v1_3b_ib0a2_route_axis_anchor_component_qa.csv,True,9,case_id|control_id|control_role|phase|name|order|lat|lon|nearest_seg_idx|nearest_node_dist_m|component_id|component_size|way_id|highway|highway_norm|name_osm|route_role,route_semantic_context_not_fork_inventory,False,False,semantic_context_lacks_governed_topology_or_node_degree,Guidepost/facility/OSM semantics are useful context but cannot be counted as forks without topology.
outputs\ib0a2_route_axis_anchor_component_qa\zhonghua_ust_jiuwufeng_roundtrip_biji_osmrefresh_v1_3b\zhonghua_ust_jiuwufeng_roundtrip_biji_osmrefresh_v1_3b_ib0a2_route_axis_anchor_component_pairs.csv,True,2,from_control_id|to_control_id|from_component_id|to_component_id|same_component|nearest_inter_component_dist_m,route_semantic_context_not_fork_inventory,False,False,semantic_context_lacks_governed_topology_or_node_degree,Guidepost/facility/OSM semantics are useful context but cannot be counted as forks without topology.
outputs\ib0a2_route_axis_anchor_component_qa\zhonghua_ust_jiuwufeng_roundtrip_biji_osmrefresh_v1_3b\zhonghua_ust_jiuwufeng_roundtrip_biji_osmrefresh_v1_3b_ib0a2_route_axis_anchor_component_qa.csv,True,3,case_id|control_id|control_role|phase|name|order|lat|lon|nearest_seg_idx|nearest_node_dist_m|component_id|component_size|way_id|highway|highway_norm|name_osm|route_role,route_semantic_context_not_fork_inventory,False,False,semantic_context_lacks_governed_topology_or_node_degree,Guidepost/facility/OSM semantics are useful context but cannot be counted as forks without topology.
outputs\ib0a_control_points_osm_projection\_archived_before_20260531_refresh\qixing_lengshuikeng_main_peak_20260523\qixing_lengshuikeng_main_peak_20260523_control_points_projected_to_osm_topk.csv,True,10,control_id|control_role|name|order|lat|lon|candidate_rank|offset_to_osm_m|projection_ok|matched_id_text|matched_id_cols|feature_index|part_index|projected_dist_on_feature_m|projected_lat|projected_lon|highway|name_osm|route_role|selected|match_score|overlap_ratio|min_dist_m,route_geometry_self_near_context_not_fork_inventory,False,False,self_near_or_geometry_artifact_not_governed_fork_source,Geometry proximity can flag artifacts or loops but is not enough to define a decision point.
outputs\ib0a_control_points_osm_projection\juansi_waterfall_fitcsv_20260503_osmrefresh_v1_3b\juansi_waterfall_fitcsv_20260503_osmrefresh_v1_3b_control_points_projected_to_osm_topk.csv,True,15,control_id|control_role|phase|name|required|route_action|note|order|lat|lon|candidate_rank|offset_to_osm_m|projection_ok|matched_id_text|matched_id_cols|feature_index|part_index|projected_dist_on_feature_m|projected_lat|projected_lon|highway|name_osm|route_role|selected|match_score|overlap_ratio|min_dist_m,route_geometry_self_near_context_not_fork_inventory,False,False,self_near_or_geometry_artifact_not_governed_fork_source,Geometry proximity can flag artifacts or loops but is not enough to define a decision point.
outputs\ib0a_control_points_osm_projection\juansi_waterfall_fitcsv_20260503_osmrefresh_v1_3b\juansi_waterfall_fitcsv_20260503_osmrefresh_v1_3b_control_points_used.csv,True,3,case_id|control_id|control_role|phase|name|lat|lon|required|order|route_action|note,route_semantic_context_not_fork_inventory,False,False,semantic_context_lacks_governed_topology_or_node_degree,Guidepost/facility/OSM semantics are useful context but cannot be counted as forks without topology.
outputs\ib0a_control_points_osm_projection\qixing_lengshuikeng_main_peak_20260523_osmrefresh_v1_3b\qixing_lengshuikeng_main_peak_20260523_osmrefresh_v1_3b_control_points_projected_to_osm_topk.csv,True,25,control_id|control_role|phase|name|required|route_action|note|order|lat|lon|candidate_rank|offset_to_osm_m|projection_ok|matched_id_text|matched_id_cols|feature_index|part_index|projected_dist_on_feature_m|projected_lat|projected_lon|highway|name_osm|route_role|selected|match_score|overlap_ratio|min_dist_m,route_geometry_self_near_context_not_fork_inventory,False,False,self_near_or_geometry_artifact_not_governed_fork_source,Geometry proximity can flag artifacts or loops but is not enough to define a decision point.
outputs\ib0a_control_points_osm_projection\qixing_lengshuikeng_main_peak_20260523_osmrefresh_v1_3b\qixing_lengshuikeng_main_peak_20260523_osmrefresh_v1_3b_control_points_used.csv,True,5,case_id|control_id|control_role|phase|name|lat|lon|required|order|route_action|note,route_semantic_context_not_fork_inventory,False,False,semantic_context_lacks_governed_topology_or_node_degree,Guidepost/facility/OSM semantics are useful context but cannot be counted as forks without topology.
outputs\ib0a_control_points_osm_projection\qixing_lengshuikeng_xiaoyoukeng_gpx_osmrefresh_v1_3b\qixing_lengshuikeng_xiaoyoukeng_gpx_osmrefresh_v1_3b\qixing_lengshuikeng_xiaoyoukeng_gpx_osmrefresh_v1_3b_control_points_used.csv,True,3,case_id|control_id|control_role|phase|name|lat|lon|required|order|route_action|note,route_semantic_context_not_fork_inventory,False,False,semantic_context_lacks_governed_topology_or_node_degree,Guidepost/facility/OSM semantics are useful context but cannot be counted as forks without topology.
outputs\ib0a_control_points_osm_projection\qixing_lengshuikeng_xiaoyoukeng_gpx_osmrefresh_v1_3b\qixing_lengshuikeng_xiaoyoukeng_gpx_osmrefresh_v1_3b_control_points_projected_to_osm_topk.csv,True,15,control_id|control_role|phase|name|required|route_action|note|order|lat|lon|candidate_rank|offset_to_osm_m|projection_ok|matched_id_text|matched_id_cols|feature_index|part_index|projected_dist_on_feature_m|projected_lat|projected_lon|highway|name_osm|route_role|selected|match_score|overlap_ratio|min_dist_m,route_geometry_self_near_context_not_fork_inventory,False,False,self_near_or_geometry_artifact_not_governed_fork_source,Geometry proximity can flag artifacts or loops but is not enough to define a decision point.
outputs\ib0a_control_points_osm_projection\qixing_lengshuikeng_xiaoyoukeng_gpx_osmrefresh_v1_3b\qixing_lengshuikeng_xiaoyoukeng_gpx_osmrefresh_v1_3b_control_points_used.csv,True,3,case_id|control_id|control_role|phase|name|lat|lon|required|order|route_action|note,route_semantic_context_not_fork_inventory,False,False,semantic_context_lacks_governed_topology_or_node_degree,Guidepost/facility/OSM semantics are useful context but cannot be counted as forks without topology.
outputs\ib0a_control_points_osm_projection\qixing_xiaoyoukeng_main_peak_20260315_osmrefresh_v1_3b\qixing_xiaoyoukeng_main_peak_20260315_osmrefresh_v1_3b_control_points_projected_to_osm_topk.csv,True,45,control_id|control_role|phase|name|required|route_action|note|order|lat|lon|candidate_rank|offset_to_osm_m|projection_ok|matched_id_text|matched_id_cols|feature_index|part_index|projected_dist_on_feature_m|projected_lat|projected_lon|highway|name_osm|route_role|selected|match_score|overlap_ratio|min_dist_m,route_geometry_self_near_context_not_fork_inventory,False,False,self_near_or_geometry_artifact_not_governed_fork_source,Geometry proximity can flag artifacts or loops but is not enough to define a decision point.
outputs\ib0a_control_points_osm_projection\qixing_xiaoyoukeng_main_peak_20260315_osmrefresh_v1_3b\qixing_xiaoyoukeng_main_peak_20260315_osmrefresh_v1_3b_control_points_used.csv,True,9,case_id|control_id|control_role|phase|name|lat|lon|required|order|route_action|note,route_semantic_context_not_fork_inventory,False,False,semantic_context_lacks_governed_topology_or_node_degree,Guidepost/facility/OSM semantics are useful context but cannot be counted as forks without topology.
outputs\ib0a_control_points_osm_projection\zhonghua_ust_jiuwufeng_roundtrip_biji_osmrefresh_v1_3b\zhonghua_ust_jiuwufeng_roundtrip_biji_osmrefresh_v1_3b_control_points_projected_to_osm_topk.csv,True,15,control_id|control_role|phase|name|required|route_action|note|order|lat|lon|candidate_rank|offset_to_osm_m|projection_ok|matched_id_text|matched_id_cols|feature_index|part_index|projected_dist_on_feature_m|projected_lat|projected_lon|highway|name_osm|route_role|selected|match_score|overlap_ratio|min_dist_m,route_geometry_self_near_context_not_fork_inventory,False,False,self_near_or_geometry_artifact_not_governed_fork_source,Geometry proximity can flag artifacts or loops but is not enough to define a decision point.
outputs\ib0a_control_points_osm_projection\zhonghua_ust_jiuwufeng_roundtrip_biji_osmrefresh_v1_3b\zhonghua_ust_jiuwufeng_roundtrip_biji_osmrefresh_v1_3b_control_points_used.csv,True,3,case_id|control_id|control_role|phase|name|lat|lon|required|order|route_action|note,route_semantic_context_not_fork_inventory,False,False,semantic_context_lacks_governed_topology_or_node_degree,Guidepost/facility/OSM semantics are useful context but cannot be counted as forks without topology.
outputs\ib0a_control_points_osm_projection_v1_1\qixing_lengshuikeng_main_peak_20260523\qixing_lengshuikeng_main_peak_20260523_control_points_projected_to_osm_topk.csv,True,10,control_id|control_role|name|order|lat|lon|candidate_rank|offset_to_osm_m|projection_ok|matched_id_text|matched_id_cols|feature_index|part_index|projected_dist_on_feature_m|projected_lat|projected_lon|highway|name_osm|route_role|selected|match_score|overlap_ratio|min_dist_m,route_geometry_self_near_context_not_fork_inventory,False,False,self_near_or_geometry_artifact_not_governed_fork_source,Geometry proximity can flag artifacts or loops but is not enough to define a decision point.
outputs\ib0a_control_points_projection_convergence_audit_v1_3b\ib0a_control_points_projection_v1_3b_case_convergence_audit.csv,True,4,case_id|ib0a_status|topk_exists|summary_exists|map_exists|control_points_used_exists|rank1_control_points_n|rank1_projection_ok_n|rank1_max_offset_to_osm_m|required_way_rank1_n|required_way_projection_ok_n|required_way_max_offset_to_osm_m|roles|phases|blocking_issue|warning_note,other_context_not_fork_inventory,False,False,no_governed_fork_topology_fields_found,"No node-degree, edge adjacency, or parseable fork/decision-point inventory fields found."
outputs\ib0a_control_points_projection_convergence_audit_v1_3b\ib0a_control_points_projection_v1_3b_stage_convergence_audit.csv,True,1,stage|official_status|official_script_root|official_script|script_compile_status|official_input_root|official_output_root|required_outputs|case_coverage_n|case_coverage_expected_n|qa_gate|legacy_roots_do_not_use|next_stage_input|handoff_note,other_context_not_fork_inventory,False,False,no_governed_fork_topology_fields_found,"No node-degree, edge adjacency, or parseable fork/decision-point inventory fields found."
outputs\ib0a_prune\juansi_waterfall_fitcsv_20260503\juansi_waterfall_fitcsv_20260503_activity_osm_matched_pruned_summary.csv,True,7,pipeline_stage|route_id|ia1_version|ia1_dataset_id|ia1_snapshot_tag|activity_type|activity_source|gpx_source|osm_source|ib0a_input_source|trail_max_distance_m|trail_min_overlap_ratio|trail_min_match_score|trail_near_distance_keep_m|trail_near_min_overlap_ratio|trail_near_min_match_score|trail_near_min_segment_len_m|approach_max_distance_m|approach_min_overlap_ratio|approach_min_match_score|other_max_distance_m|other_min_overlap_ratio|other_min_match_score|route_role|highway_norm|matched_n|kept_n|mean_distance_to_gpx_m|mean_overlap_ratio|mean_match_score,route_geometry_self_near_context_not_fork_inventory,False,False,self_near_or_geometry_artifact_not_governed_fork_source,Geometry proximity can flag artifacts or loops but is not enough to define a decision point.
outputs\ib0b_mainline\juansi_waterfall_fitcsv_20260503\juansi_waterfall_fitcsv_20260503_mainline_debug_segments_ib0_matched.csv,True,46,route_id|case_id|case_name|activity_type|activity_name|activity_fp|ia1_version|ia1_dataset_id|ia1_snapshot_tag|input_stage|ab_mode|osm_way_id|name|highway_norm|route_role|mainline_role|distance_to_gpx_m|overlap_ratio|match_score,route_geometry_self_near_context_not_fork_inventory,False,False,self_near_or_geometry_artifact_not_governed_fork_source,Geometry proximity can flag artifacts or loops but is not enough to define a decision point.
outputs\ib0b_mainline\juansi_waterfall_fitcsv_20260503\juansi_waterfall_fitcsv_20260503_mainline_debug_segments_ib0a_pruned.csv,True,46,route_id|case_id|case_name|activity_type|activity_name|activity_fp|ia1_version|ia1_dataset_id|ia1_snapshot_tag|input_stage|ab_mode|osm_way_id|name|highway_norm|route_role|mainline_role|distance_to_gpx_m|overlap_ratio|match_score,route_geometry_self_near_context_not_fork_inventory,False,False,self_near_or_geometry_artifact_not_governed_fork_source,Geometry proximity can flag artifacts or loops but is not enough to define a decision point.
outputs\ib0b_mainline\juansi_waterfall_fitcsv_20260503\juansi_waterfall_fitcsv_20260503_mainline_summary_ib0_matched.csv,True,1,route_id|route_group|case_id|case_name|activity_type|activity_name|activity_fp|ia1_version|ia1_dataset_id|ia1_snapshot_tag|ab_mode|input_stage|input_fp|anchor_fp|out_dir|input_segments_n|graph_nodes_n|graph_edges_n|ordered_anchors_n|anchor_nodes_n|path_node_n|mainline_segments_n|ordered_path_length_m|output_ordered_path_fp|output_mainline_fp|output_html_fp|mainline_role_trail_core_n|mainline_role_approach_n|highway_footway_n|highway_steps_n|highway_tertiary_n|highway_unclassified_n|highway_service_n|highway_path_n,route_graph_summary_without_position,False,False,topology_summary_lacks_route_distance_or_coordinates,May inform need for upstream graph extraction but cannot locate exposure points yet.
outputs\ib0b_mainline\juansi_waterfall_fitcsv_20260503\juansi_waterfall_fitcsv_20260503_mainline_summary_ib0a_pruned.csv,True,1,route_id|route_group|case_id|case_name|activity_type|activity_name|activity_fp|ia1_version|ia1_dataset_id|ia1_snapshot_tag|ab_mode|input_stage|input_fp|anchor_fp|out_dir|input_segments_n|graph_nodes_n|graph_edges_n|ordered_anchors_n|anchor_nodes_n|path_node_n|mainline_segments_n|ordered_path_length_m|output_ordered_path_fp|output_mainline_fp|output_html_fp|mainline_role_trail_core_n|mainline_role_approach_n|highway_footway_n|highway_steps_n|highway_tertiary_n|highway_unclassified_n|highway_service_n|highway_path_n,route_graph_summary_without_position,False,False,topology_summary_lacks_route_distance_or_coordinates,May inform need for upstream graph extraction but cannot locate exposure points yet.
outputs\ib0b_mainline\qixing_lengshuikeng_main_peak_20260523\qixing_lengshuikeng_main_peak_20260523_mainline_debug_segments_ib0_candidates.csv,True,28,route_id|case_id|case_name|activity_type|activity_name|activity_fp|ia1_version|ia1_dataset_id|ia1_snapshot_tag|input_stage|ab_mode|route_definition_mode|control_points_fp|osm_way_id|name|highway_norm|route_role|mainline_role|required_way_match|distance_to_gpx_m|overlap_ratio|match_score,route_geometry_self_near_context_not_fork_inventory,False,False,self_near_or_geometry_artifact_not_governed_fork_source,Geometry proximity can flag artifacts or loops but is not enough to define a decision point.
outputs\ib0b_mainline\qixing_lengshuikeng_main_peak_20260523\qixing_lengshuikeng_main_peak_20260523_mainline_debug_segments_ib0_matched.csv,True,28,route_id|case_id|case_name|activity_type|activity_name|activity_fp|ia1_version|ia1_dataset_id|ia1_snapshot_tag|input_stage|ab_mode|osm_way_id|name|highway_norm|route_role|mainline_role|distance_to_gpx_m|overlap_ratio|match_score,route_geometry_self_near_context_not_fork_inventory,False,False,self_near_or_geometry_artifact_not_governed_fork_source,Geometry proximity can flag artifacts or loops but is not enough to define a decision point.
outputs\ib0b_mainline\qixing_lengshuikeng_main_peak_20260523\qixing_lengshuikeng_main_peak_20260523_mainline_required_way_qa_ib0_candidates.csv,True,2,case_id|input_stage|ab_mode|control_id|control_role|name|required_way_id|projection_offset_to_osm_m|projection_ok|required_way_in_input|required_way_in_mainline|matched_id_text|highway|name_osm,other_context_not_fork_inventory,False,False,no_governed_fork_topology_fields_found,"No node-degree, edge adjacency, or parseable fork/decision-point inventory fields found."
outputs\ib0b_mainline\qixing_lengshuikeng_main_peak_20260523\qixing_lengshuikeng_main_peak_20260523_mainline_summary_ib0_candidates.csv,True,1,route_id|route_group|case_id|case_name|activity_type|activity_name|activity_fp|ia1_version|ia1_dataset_id|ia1_snapshot_tag|ab_mode|input_stage|input_fp|anchor_fp|anchor_source_mode|route_definition_mode|control_points_fp|out_dir|input_segments_n|graph_nodes_n|graph_edges_n|ordered_anchors_n|anchor_nodes_n|path_node_n|mainline_segments_n|ordered_path_length_m|check_required_ways|control_points_projection_fp|required_control_roles|required_way_ids|selected_required_way_ids|missing_required_way_ids|input_missing_required_way_ids|required_way_all_present_in_input|required_way_all_present_in_mainline|forced_required_way_ids_used|forced_required_way_stitching_enabled|forced_required_way_source_idx_used|output_ordered_path_fp|output_mainline_fp|output_html_fp|mainline_role_trail_core_n|mainline_role_approach_n|highway_steps_n|highway_footway_n|highway_service_n,route_graph_summary_without_position,False,False,topology_summary_lacks_route_distance_or_coordinates,May inform need for upstream graph extraction but cannot locate exposure points yet.
outputs\ib0b_mainline\qixing_lengshuikeng_main_peak_20260523\qixing_lengshuikeng_main_peak_20260523_mainline_summary_ib0_matched.csv,True,1,route_id|route_group|case_id|case_name|activity_type|activity_name|activity_fp|ia1_version|ia1_dataset_id|ia1_snapshot_tag|ab_mode|input_stage|input_fp|anchor_fp|anchor_source_mode|out_dir|input_segments_n|graph_nodes_n|graph_edges_n|ordered_anchors_n|anchor_nodes_n|path_node_n|mainline_segments_n|ordered_path_length_m|output_ordered_path_fp|output_mainline_fp|output_html_fp|mainline_role_trail_core_n|mainline_role_approach_n|highway_steps_n|highway_footway_n|highway_service_n|highway_path_n,route_graph_summary_without_position,False,False,topology_summary_lacks_route_distance_or_coordinates,May inform need for upstream graph extraction but cannot locate exposure points yet.
outputs\ib0b_mainline\qixing_xiaoyoukeng_main_peak_20260315\qixing_xiaoyoukeng_main_peak_20260315_mainline_debug_segments_ib0_matched.csv,True,27,route_id|case_id|case_name|activity_type|activity_name|activity_fp|ia1_version|ia1_dataset_id|ia1_snapshot_tag|input_stage|ab_mode|osm_way_id|name|highway_norm|route_role|mainline_role|distance_to_gpx_m|overlap_ratio|match_score,route_geometry_self_near_context_not_fork_inventory,False,False,self_near_or_geometry_artifact_not_governed_fork_source,Geometry proximity can flag artifacts or loops but is not enough to define a decision point.
outputs\ib0b_mainline\qixing_xiaoyoukeng_main_peak_20260315\qixing_xiaoyoukeng_main_peak_20260315_mainline_summary_ib0_matched.csv,True,1,route_id|route_group|case_id|case_name|activity_type|activity_name|activity_fp|ia1_version|ia1_dataset_id|ia1_snapshot_tag|ab_mode|input_stage|input_fp|anchor_fp|anchor_source_mode|out_dir|input_segments_n|graph_nodes_n|graph_edges_n|ordered_anchors_n|anchor_nodes_n|path_node_n|mainline_segments_n|ordered_path_length_m|output_ordered_path_fp|output_mainline_fp|output_html_fp|mainline_role_trail_core_n|mainline_role_approach_n|highway_footway_n|highway_steps_n|highway_service_n,route_graph_summary_without_position,False,False,topology_summary_lacks_route_distance_or_coordinates,May inform need for upstream graph extraction but cannot locate exposure points yet.
outputs\ib0b_mainline\zhonghua_ust_jiuwufeng_roundtrip_biji\zhonghua_ust_jiuwufeng_roundtrip_biji_mainline_debug_segments_ib0_matched.csv,True,43,route_id|case_id|case_name|activity_type|activity_name|activity_fp|ia1_version|ia1_dataset_id|ia1_snapshot_tag|input_stage|ab_mode|osm_way_id|name|highway_norm|route_role|mainline_role|distance_to_gpx_m|overlap_ratio|match_score,route_geometry_self_near_context_not_fork_inventory,False,False,self_near_or_geometry_artifact_not_governed_fork_source,Geometry proximity can flag artifacts or loops but is not enough to define a decision point.
outputs\ib0b_mainline\zhonghua_ust_jiuwufeng_roundtrip_biji\zhonghua_ust_jiuwufeng_roundtrip_biji_mainline_summary_ib0_matched.csv,True,1,route_id|route_group|case_id|case_name|activity_type|activity_name|activity_fp|ia1_version|ia1_dataset_id|ia1_snapshot_tag|ab_mode|input_stage|input_fp|anchor_fp|anchor_source_mode|out_dir|input_segments_n|graph_nodes_n|graph_edges_n|ordered_anchors_n|anchor_nodes_n|path_node_n|mainline_segments_n|ordered_path_length_m|output_ordered_path_fp|output_mainline_fp|output_html_fp|mainline_role_trail_core_n|highway_footway_n|highway_steps_n|highway_path_n,route_graph_summary_without_position,False,False,topology_summary_lacks_route_distance_or_coordinates,May inform need for upstream graph extraction but cannot locate exposure points yet.
outputs\ib0b_mainline_control_point_constrained\qixing_lengshuikeng_main_peak_20260523\qixing_lengshuikeng_main_peak_20260523_mainline_debug_segments_ib0_matched.csv,True,27,route_id|case_id|case_name|activity_type|activity_name|activity_fp|ia1_version|ia1_dataset_id|ia1_snapshot_tag|input_stage|ab_mode|route_definition_mode|control_points_fp|osm_way_id|name|highway_norm|route_role|mainline_role|required_way_match|distance_to_gpx_m|overlap_ratio|match_score,route_geometry_self_near_context_not_fork_inventory,False,False,self_near_or_geometry_artifact_not_governed_fork_source,Geometry proximity can flag artifacts or loops but is not enough to define a decision point.
outputs\ib0b_mainline_control_point_constrained\qixing_lengshuikeng_main_peak_20260523\qixing_lengshuikeng_main_peak_20260523_mainline_required_way_qa_ib0_matched.csv,True,2,case_id|input_stage|ab_mode|control_id|control_role|name|required_way_id|projection_offset_to_osm_m|projection_ok|required_way_in_input|required_way_in_mainline|matched_id_text|highway|name_osm,other_context_not_fork_inventory,False,False,no_governed_fork_topology_fields_found,"No node-degree, edge adjacency, or parseable fork/decision-point inventory fields found."
outputs\ib0b_mainline_control_point_constrained\qixing_lengshuikeng_main_peak_20260523\qixing_lengshuikeng_main_peak_20260523_mainline_summary_ib0_matched.csv,True,1,route_id|route_group|case_id|case_name|activity_type|activity_name|activity_fp|ia1_version|ia1_dataset_id|ia1_snapshot_tag|ab_mode|input_stage|input_fp|anchor_fp|anchor_source_mode|route_definition_mode|control_points_fp|out_dir|input_segments_n|graph_nodes_n|graph_edges_n|ordered_anchors_n|anchor_nodes_n|path_node_n|mainline_segments_n|ordered_path_length_m|check_required_ways|control_points_projection_fp|required_control_roles|required_way_ids|selected_required_way_ids|missing_required_way_ids|input_missing_required_way_ids|required_way_all_present_in_input|required_way_all_present_in_mainline|output_ordered_path_fp|output_mainline_fp|output_html_fp|mainline_role_trail_core_n|mainline_role_approach_n|highway_steps_n|highway_footway_n|highway_service_n,route_graph_summary_without_position,False,False,topology_summary_lacks_route_distance_or_coordinates,May inform need for upstream graph extraction but cannot locate exposure points yet.
outputs\ib0b_mainline_control_point_constrained_v1_1\qixing_lengshuikeng_main_peak_20260523\qixing_lengshuikeng_main_peak_20260523_mainline_debug_segments_ib0_candidates.csv,True,27,route_id|case_id|case_name|activity_type|activity_name|activity_fp|ia1_version|ia1_dataset_id|ia1_snapshot_tag|input_stage|ab_mode|route_definition_mode|control_points_fp|osm_way_id|name|highway_norm|route_role|mainline_role|required_way_match|distance_to_gpx_m|overlap_ratio|match_score,route_geometry_self_near_context_not_fork_inventory,False,False,self_near_or_geometry_artifact_not_governed_fork_source,Geometry proximity can flag artifacts or loops but is not enough to define a decision point.
outputs\ib0b_mainline_control_point_constrained_v1_1\qixing_lengshuikeng_main_peak_20260523\qixing_lengshuikeng_main_peak_20260523_mainline_required_way_qa_ib0_candidates.csv,True,2,case_id|input_stage|ab_mode|control_id|control_role|name|required_way_id|projection_offset_to_osm_m|projection_ok|required_way_in_input|required_way_in_mainline|matched_id_text|highway|name_osm,other_context_not_fork_inventory,False,False,no_governed_fork_topology_fields_found,"No node-degree, edge adjacency, or parseable fork/decision-point inventory fields found."
outputs\ib0b_mainline_control_point_constrained_v1_1\qixing_lengshuikeng_main_peak_20260523\qixing_lengshuikeng_main_peak_20260523_mainline_summary_ib0_candidates.csv,True,1,route_id|route_group|case_id|case_name|activity_type|activity_name|activity_fp|ia1_version|ia1_dataset_id|ia1_snapshot_tag|ab_mode|input_stage|input_fp|anchor_fp|anchor_source_mode|route_definition_mode|control_points_fp|out_dir|input_segments_n|graph_nodes_n|graph_edges_n|ordered_anchors_n|anchor_nodes_n|path_node_n|mainline_segments_n|ordered_path_length_m|check_required_ways|control_points_projection_fp|required_control_roles|required_way_ids|selected_required_way_ids|missing_required_way_ids|input_missing_required_way_ids|required_way_all_present_in_input|required_way_all_present_in_mainline|output_ordered_path_fp|output_mainline_fp|output_html_fp|mainline_role_trail_core_n|mainline_role_approach_n|highway_steps_n|highway_footway_n|highway_service_n,route_graph_summary_without_position,False,False,topology_summary_lacks_route_distance_or_coordinates,May inform need for upstream graph extraction but cannot locate exposure points yet.
outputs\ib0b_mainline_forced_required_way_test\qixing_lengshuikeng_main_peak_20260523\qixing_lengshuikeng_main_peak_20260523_mainline_debug_segments_ib0_candidates.csv,True,28,route_id|case_id|case_name|activity_type|activity_name|activity_fp|ia1_version|ia1_dataset_id|ia1_snapshot_tag|input_stage|ab_mode|route_definition_mode|control_points_fp|osm_way_id|name|highway_norm|route_role|mainline_role|required_way_match|distance_to_gpx_m|overlap_ratio|match_score,route_geometry_self_near_context_not_fork_inventory,False,False,self_near_or_geometry_artifact_not_governed_fork_source,Geometry proximity can flag artifacts or loops but is not enough to define a decision point.
outputs\ib0b_mainline_forced_required_way_test\qixing_lengshuikeng_main_peak_20260523\qixing_lengshuikeng_main_peak_20260523_mainline_required_way_qa_ib0_candidates.csv,True,2,case_id|input_stage|ab_mode|control_id|control_role|name|required_way_id|projection_offset_to_osm_m|projection_ok|required_way_in_input|required_way_in_mainline|matched_id_text|highway|name_osm,other_context_not_fork_inventory,False,False,no_governed_fork_topology_fields_found,"No node-degree, edge adjacency, or parseable fork/decision-point inventory fields found."
outputs\ib0b_mainline_forced_required_way_test\qixing_lengshuikeng_main_peak_20260523\qixing_lengshuikeng_main_peak_20260523_mainline_summary_ib0_candidates.csv,True,1,route_id|route_group|case_id|case_name|activity_type|activity_name|activity_fp|ia1_version|ia1_dataset_id|ia1_snapshot_tag|ab_mode|input_stage|input_fp|anchor_fp|anchor_source_mode|route_definition_mode|control_points_fp|out_dir|input_segments_n|graph_nodes_n|graph_edges_n|ordered_anchors_n|anchor_nodes_n|path_node_n|mainline_segments_n|ordered_path_length_m|check_required_ways|control_points_projection_fp|required_control_roles|required_way_ids|selected_required_way_ids|missing_required_way_ids|input_missing_required_way_ids|required_way_all_present_in_input|required_way_all_present_in_mainline|forced_required_way_ids_used|forced_required_way_stitching_enabled|forced_required_way_source_idx_used|output_ordered_path_fp|output_mainline_fp|output_html_fp|mainline_role_trail_core_n|mainline_role_approach_n|highway_steps_n|highway_footway_n|highway_service_n,route_graph_summary_without_position,False,False,topology_summary_lacks_route_distance_or_coordinates,May inform need for upstream graph extraction but cannot locate exposure points yet.
outputs\ib0b_mainline_required_way_qa\qixing_lengshuikeng_main_peak_20260523\qixing_lengshuikeng_main_peak_20260523_mainline_debug_segments_ib0_matched.csv,True,28,route_id|case_id|case_name|activity_type|activity_name|activity_fp|ia1_version|ia1_dataset_id|ia1_snapshot_tag|input_stage|ab_mode|osm_way_id|name|highway_norm|route_role|mainline_role|required_way_match|distance_to_gpx_m|overlap_ratio|match_score,route_geometry_self_near_context_not_fork_inventory,False,False,self_near_or_geometry_artifact_not_governed_fork_source,Geometry proximity can flag artifacts or loops but is not enough to define a decision point.
outputs\ib0b_mainline_required_way_qa\qixing_lengshuikeng_main_peak_20260523\qixing_lengshuikeng_main_peak_20260523_mainline_required_way_qa_ib0_matched.csv,True,2,case_id|input_stage|ab_mode|control_id|control_role|name|required_way_id|projection_offset_to_osm_m|projection_ok|required_way_in_input|required_way_in_mainline|matched_id_text|highway|name_osm,other_context_not_fork_inventory,False,False,no_governed_fork_topology_fields_found,"No node-degree, edge adjacency, or parseable fork/decision-point inventory fields found."
outputs\ib0b_mainline_required_way_qa\qixing_lengshuikeng_main_peak_20260523\qixing_lengshuikeng_main_peak_20260523_mainline_summary_ib0_matched.csv,True,1,route_id|route_group|case_id|case_name|activity_type|activity_name|activity_fp|ia1_version|ia1_dataset_id|ia1_snapshot_tag|ab_mode|input_stage|input_fp|anchor_fp|anchor_source_mode|out_dir|input_segments_n|graph_nodes_n|graph_edges_n|ordered_anchors_n|anchor_nodes_n|path_node_n|mainline_segments_n|ordered_path_length_m|check_required_ways|control_points_projection_fp|required_control_roles|required_way_ids|selected_required_way_ids|missing_required_way_ids|input_missing_required_way_ids|required_way_all_present_in_input|required_way_all_present_in_mainline|output_ordered_path_fp|output_mainline_fp|output_html_fp|mainline_role_trail_core_n|mainline_role_approach_n|highway_steps_n|highway_footway_n|highway_service_n|highway_path_n,route_graph_summary_without_position,False,False,topology_summary_lacks_route_distance_or_coordinates,May inform need for upstream graph extraction but cannot locate exposure points yet.
outputs\ib0b_mainline_route_definition_v1_3b\qixing_lengshuikeng_main_peak_20260523_osmrefresh_v1_3b_mainline_debug_segments_ib0_candidates.csv,True,28,route_id|case_id|case_name|activity_type|activity_name|activity_fp|ia1_version|ia1_dataset_id|ia1_snapshot_tag|input_stage|ab_mode|route_definition_mode|control_points_fp|osm_way_id|name|highway_norm|route_role|mainline_role|required_way_match|distance_to_gpx_m|overlap_ratio|match_score,route_geometry_self_near_context_not_fork_inventory,False,False,self_near_or_geometry_artifact_not_governed_fork_source,Geometry proximity can flag artifacts or loops but is not enough to define a decision point.
outputs\ib0b_mainline_route_definition_v1_3b\qixing_lengshuikeng_main_peak_20260523_osmrefresh_v1_3b_mainline_required_way_qa_ib0_candidates.csv,True,2,case_id|input_stage|ab_mode|control_id|control_role|name|required_way_id|projection_offset_to_osm_m|projection_ok|required_way_in_input|required_way_in_mainline|matched_id_text|highway|name_osm,other_context_not_fork_inventory,False,False,no_governed_fork_topology_fields_found,"No node-degree, edge adjacency, or parseable fork/decision-point inventory fields found."
outputs\ib0b_mainline_route_definition_v1_3b\qixing_lengshuikeng_main_peak_20260523_osmrefresh_v1_3b_mainline_summary_ib0_candidates.csv,True,1,route_id|route_group|case_id|case_name|activity_type|activity_name|activity_fp|ia1_version|ia1_dataset_id|ia1_snapshot_tag|ab_mode|input_stage|input_fp|anchor_fp|anchor_source_mode|route_definition_mode|control_points_fp|out_dir|input_segments_n|graph_nodes_n|graph_edges_n|ordered_anchors_n|anchor_nodes_n|path_node_n|mainline_segments_n|ordered_path_length_m|check_required_ways|control_points_projection_fp|required_control_roles|required_way_ids|selected_required_way_ids|missing_required_way_ids|input_missing_required_way_ids|required_way_all_present_in_input|required_way_all_present_in_mainline|forced_required_way_ids_used|forced_required_way_stitching_enabled|forced_required_way_source_idx_used|output_ordered_path_fp|output_mainline_fp|output_html_fp|mainline_role_trail_core_n|mainline_role_approach_n|highway_steps_n|highway_footway_n|highway_service_n,route_graph_summary_without_position,False,False,topology_summary_lacks_route_distance_or_coordinates,May inform need for upstream graph extraction but cannot locate exposure points yet.
outputs\ib0b_mainline_route_definition_v1_3b\qixing_lengshuikeng_main_peak_20260523_osmrefresh_v1_3b_route_definition_control_points_used_ib0_candidates.csv,True,5,case_id|control_id|control_role|phase|name|lat|lon|required|order|route_action|note|projection_ok|projection_offset_to_osm_m|matched_id_text|osm_way_id_current|osm_id_current|highway|name_osm|route_role|match_score|overlap_ratio|projected_lat|projected_lon|projected_route_dist_m|nearest_ordered_path_offset_m|ordered_path_length_m|included_in_required_way|projection_method|search_window_start_m|search_window_end_m|route_point_warning,route_geometry_self_near_context_not_fork_inventory,False,False,self_near_or_geometry_artifact_not_governed_fork_source,Geometry proximity can flag artifacts or loops but is not enough to define a decision point.
outputs\ib0b_mainline_route_definition_v1_3b\qixing_xiaoyoukeng_main_peak_20260315_osmrefresh_v1_3b_mainline_debug_segments_ib0_candidates.csv,True,21,route_id|case_id|case_name|activity_type|activity_name|activity_fp|ia1_version|ia1_dataset_id|ia1_snapshot_tag|input_stage|ab_mode|route_definition_mode|control_points_fp|osm_way_id|name|highway_norm|route_role|mainline_role|required_way_match|distance_to_gpx_m|overlap_ratio|match_score,route_geometry_self_near_context_not_fork_inventory,False,False,self_near_or_geometry_artifact_not_governed_fork_source,Geometry proximity can flag artifacts or loops but is not enough to define a decision point.
outputs\ib0b_mainline_route_definition_v1_3b\qixing_xiaoyoukeng_main_peak_20260315_osmrefresh_v1_3b_mainline_required_way_qa_ib0_candidates.csv,True,6,case_id|input_stage|ab_mode|control_id|control_role|name|required_way_id|projection_offset_to_osm_m|projection_ok|required_way_in_input|required_way_in_mainline|matched_id_text|highway|name_osm,other_context_not_fork_inventory,False,False,no_governed_fork_topology_fields_found,"No node-degree, edge adjacency, or parseable fork/decision-point inventory fields found."
outputs\ib0b_mainline_route_definition_v1_3b\qixing_xiaoyoukeng_main_peak_20260315_osmrefresh_v1_3b_mainline_summary_ib0_candidates.csv,True,1,route_id|route_group|case_id|case_name|activity_type|activity_name|activity_fp|ia1_version|ia1_dataset_id|ia1_snapshot_tag|ab_mode|input_stage|input_fp|anchor_fp|anchor_source_mode|route_definition_mode|control_points_fp|out_dir|input_segments_n|graph_nodes_n|graph_edges_n|ordered_anchors_n|anchor_nodes_n|path_node_n|mainline_segments_n|ordered_path_length_m|check_required_ways|control_points_projection_fp|required_control_roles|required_way_ids|selected_required_way_ids|missing_required_way_ids|input_missing_required_way_ids|required_way_all_present_in_input|required_way_all_present_in_mainline|forced_required_way_ids_used|forced_required_way_stitching_enabled|forced_required_way_source_idx_used|output_ordered_path_fp|output_mainline_fp|output_html_fp|mainline_role_trail_core_n|highway_footway_n|highway_steps_n|highway_path_n,route_graph_summary_without_position,False,False,topology_summary_lacks_route_distance_or_coordinates,May inform need for upstream graph extraction but cannot locate exposure points yet.
outputs\ib0b_mainline_route_definition_v1_3b\qixing_xiaoyoukeng_main_peak_20260315_osmrefresh_v1_3b_route_definition_control_points_used_ib0_candidates.csv,True,9,case_id|control_id|control_role|phase|name|lat|lon|required|order|route_action|note|projection_ok|projection_offset_to_osm_m|matched_id_text|osm_way_id_current|osm_id_current|highway|name_osm|route_role|match_score|overlap_ratio|projected_lat|projected_lon|projected_route_dist_m|nearest_ordered_path_offset_m|ordered_path_length_m|included_in_required_way|projection_method|search_window_start_m|search_window_end_m|route_point_warning,route_geometry_self_near_context_not_fork_inventory,False,False,self_near_or_geometry_artifact_not_governed_fork_source,Geometry proximity can flag artifacts or loops but is not enough to define a decision point.
outputs\ib0b_mainline_route_definition_v1_3b_anchor_only_retry\qixing_xiaoyoukeng_main_peak_20260315_osmrefresh_v1_3b_mainline_debug_segments_ib0_candidates.csv,True,18,route_id|case_id|case_name|activity_type|activity_name|activity_fp|ia1_version|ia1_dataset_id|ia1_snapshot_tag|input_stage|ab_mode|route_definition_mode|control_points_fp|osm_way_id|name|highway_norm|route_role|mainline_role|distance_to_gpx_m|overlap_ratio|match_score,route_geometry_self_near_context_not_fork_inventory,False,False,self_near_or_geometry_artifact_not_governed_fork_source,Geometry proximity can flag artifacts or loops but is not enough to define a decision point.
outputs\ib0b_mainline_route_definition_v1_3b_anchor_only_retry\qixing_xiaoyoukeng_main_peak_20260315_osmrefresh_v1_3b_mainline_summary_ib0_candidates.csv,True,1,route_id|route_group|case_id|case_name|activity_type|activity_name|activity_fp|ia1_version|ia1_dataset_id|ia1_snapshot_tag|ab_mode|input_stage|input_fp|anchor_fp|anchor_source_mode|route_definition_mode|control_points_fp|out_dir|input_segments_n|graph_nodes_n|graph_edges_n|ordered_anchors_n|anchor_nodes_n|path_node_n|mainline_segments_n|ordered_path_length_m|check_required_ways|control_points_projection_fp|required_control_roles|required_way_ids|selected_required_way_ids|missing_required_way_ids|input_missing_required_way_ids|required_way_all_present_in_input|required_way_all_present_in_mainline|forced_required_way_ids_used|forced_required_way_stitching_enabled|forced_required_way_source_idx_used|output_ordered_path_fp|output_mainline_fp|output_html_fp|mainline_role_trail_core_n|highway_footway_n|highway_steps_n|highway_path_n,route_graph_summary_without_position,False,False,topology_summary_lacks_route_distance_or_coordinates,May inform need for upstream graph extraction but cannot locate exposure points yet.
outputs\ib0b_mainline_route_definition_v1_3b_anchor_only_retry\qixing_xiaoyoukeng_main_peak_20260315_osmrefresh_v1_3b_route_definition_control_points_used_ib0_candidates.csv,True,9,case_id|control_id|control_role|phase|name|lat|lon|required|order|route_action|note|projection_ok|projection_offset_to_osm_m|matched_id_text|osm_way_id_current|osm_id_current|highway|name_osm|route_role|match_score|overlap_ratio|projected_lat|projected_lon|projected_route_dist_m|nearest_ordered_path_offset_m|ordered_path_length_m|included_in_required_way|projection_method|search_window_start_m|search_window_end_m|route_point_warning,route_geometry_self_near_context_not_fork_inventory,False,False,self_near_or_geometry_artifact_not_governed_fork_source,Geometry proximity can flag artifacts or loops but is not enough to define a decision point.
outputs\ib0b_mainline_route_definition_v1_3b_control_points_only\juansi_waterfall_fitcsv_20260503_osmrefresh_v1_3b_mainline_debug_segments_ib0_candidates.csv,True,39,route_id|case_id|case_name|activity_type|activity_name|activity_fp|ia1_version|ia1_dataset_id|ia1_snapshot_tag|input_stage|ab_mode|route_definition_mode|control_points_fp|osm_way_id|name|highway_norm|route_role|mainline_role|distance_to_gpx_m|overlap_ratio|match_score,route_geometry_self_near_context_not_fork_inventory,False,False,self_near_or_geometry_artifact_not_governed_fork_source,Geometry proximity can flag artifacts or loops but is not enough to define a decision point.
outputs\ib0b_mainline_route_definition_v1_3b_control_points_only\juansi_waterfall_fitcsv_20260503_osmrefresh_v1_3b_mainline_summary_ib0_candidates.csv,True,1,route_id|route_group|case_id|case_name|activity_type|activity_name|activity_fp|ia1_version|ia1_dataset_id|ia1_snapshot_tag|ab_mode|input_stage|input_fp|anchor_fp|anchor_source_mode|route_definition_mode|control_points_only_anchors|control_points_fp|out_dir|input_segments_n|graph_nodes_n|graph_edges_n|ordered_anchors_n|anchor_nodes_n|path_node_n|mainline_segments_n|ordered_path_length_m|check_required_ways|control_points_projection_fp|required_control_roles|required_way_ids|selected_required_way_ids|missing_required_way_ids|input_missing_required_way_ids|required_way_all_present_in_input|required_way_all_present_in_mainline|forced_required_way_ids_used|forced_required_way_stitching_enabled|forced_required_way_source_idx_used|output_ordered_path_fp|output_mainline_fp|output_html_fp|mainline_role_trail_core_n|mainline_role_approach_n|highway_footway_n|highway_steps_n|highway_tertiary_n|highway_unclassified_n|highway_path_n,route_graph_summary_without_position,False,False,topology_summary_lacks_route_distance_or_coordinates,May inform need for upstream graph extraction but cannot locate exposure points yet.
outputs\ib0b_mainline_route_definition_v1_3b_control_points_only\juansi_waterfall_fitcsv_20260503_osmrefresh_v1_3b_route_definition_control_points_used_ib0_candidates.csv,True,3,case_id|control_id|control_role|phase|name|lat|lon|required|order|route_action|note|projection_ok|projection_offset_to_osm_m|matched_id_text|osm_way_id_current|osm_id_current|highway|name_osm|route_role|match_score|overlap_ratio|projected_lat|projected_lon|projected_route_dist_m|nearest_ordered_path_offset_m|ordered_path_length_m|included_in_required_way|projection_method|search_window_start_m|search_window_end_m|route_point_warning,route_geometry_self_near_context_not_fork_inventory,False,False,self_near_or_geometry_artifact_not_governed_fork_source,Geometry proximity can flag artifacts or loops but is not enough to define a decision point.
outputs\ib0b_mainline_route_definition_v1_3b_control_points_only\qixing_lengshuikeng_main_peak_20260523_osmrefresh_v1_3b_mainline_debug_segments_ib0_candidates.csv,True,28,route_id|case_id|case_name|activity_type|activity_name|activity_fp|ia1_version|ia1_dataset_id|ia1_snapshot_tag|input_stage|ab_mode|route_definition_mode|control_points_fp|osm_way_id|name|highway_norm|route_role|mainline_role|required_way_match|distance_to_gpx_m|overlap_ratio|match_score,route_geometry_self_near_context_not_fork_inventory,False,False,self_near_or_geometry_artifact_not_governed_fork_source,Geometry proximity can flag artifacts or loops but is not enough to define a decision point.
outputs\ib0b_mainline_route_definition_v1_3b_control_points_only\qixing_lengshuikeng_main_peak_20260523_osmrefresh_v1_3b_mainline_required_way_qa_ib0_candidates.csv,True,2,case_id|input_stage|ab_mode|control_id|control_role|name|required_way_id|projection_offset_to_osm_m|projection_ok|required_way_in_input|required_way_in_mainline|matched_id_text|highway|name_osm,other_context_not_fork_inventory,False,False,no_governed_fork_topology_fields_found,"No node-degree, edge adjacency, or parseable fork/decision-point inventory fields found."
outputs\ib0b_mainline_route_definition_v1_3b_control_points_only\qixing_lengshuikeng_main_peak_20260523_osmrefresh_v1_3b_mainline_summary_ib0_candidates.csv,True,1,route_id|route_group|case_id|case_name|activity_type|activity_name|activity_fp|ia1_version|ia1_dataset_id|ia1_snapshot_tag|ab_mode|input_stage|input_fp|anchor_fp|anchor_source_mode|route_definition_mode|control_points_only_anchors|control_points_fp|out_dir|input_segments_n|graph_nodes_n|graph_edges_n|ordered_anchors_n|anchor_nodes_n|path_node_n|mainline_segments_n|ordered_path_length_m|check_required_ways|control_points_projection_fp|required_control_roles|required_way_ids|selected_required_way_ids|missing_required_way_ids|input_missing_required_way_ids|required_way_all_present_in_input|required_way_all_present_in_mainline|forced_required_way_ids_used|forced_required_way_stitching_enabled|forced_required_way_source_idx_used|output_ordered_path_fp|output_mainline_fp|output_html_fp|mainline_role_trail_core_n|mainline_role_approach_n|highway_steps_n|highway_footway_n|highway_service_n,route_graph_summary_without_position,False,False,topology_summary_lacks_route_distance_or_coordinates,May inform need for upstream graph extraction but cannot locate exposure points yet.
outputs\ib0b_mainline_route_definition_v1_3b_control_points_only\qixing_lengshuikeng_main_peak_20260523_osmrefresh_v1_3b_route_definition_control_points_used_ib0_candidates.csv,True,5,case_id|control_id|control_role|phase|name|lat|lon|required|order|route_action|note|projection_ok|projection_offset_to_osm_m|matched_id_text|osm_way_id_current|osm_id_current|highway|name_osm|route_role|match_score|overlap_ratio|projected_lat|projected_lon|projected_route_dist_m|nearest_ordered_path_offset_m|ordered_path_length_m|included_in_required_way|projection_method|search_window_start_m|search_window_end_m|route_point_warning,route_geometry_self_near_context_not_fork_inventory,False,False,self_near_or_geometry_artifact_not_governed_fork_source,Geometry proximity can flag artifacts or loops but is not enough to define a decision point.
outputs\ib0b_mainline_route_definition_v1_3b_control_points_only\qixing_lengshuikeng_xiaoyoukeng_gpx_osmrefresh_v1_3b\qixing_lengshuikeng_xiaoyoukeng_gpx_osmrefresh_v1_3b_mainline_debug_segments_ib0_candidates.csv,True,50,route_id|case_id|case_name|activity_type|activity_name|activity_fp|ia1_version|ia1_dataset_id|ia1_snapshot_tag|input_stage|ab_mode|route_definition_mode|control_points_fp|osm_way_id|name|highway_norm|route_role|mainline_role|distance_to_gpx_m|overlap_ratio|match_score,route_geometry_self_near_context_not_fork_inventory,False,False,self_near_or_geometry_artifact_not_governed_fork_source,Geometry proximity can flag artifacts or loops but is not enough to define a decision point.
outputs\ib0b_mainline_route_definition_v1_3b_control_points_only\qixing_lengshuikeng_xiaoyoukeng_gpx_osmrefresh_v1_3b\qixing_lengshuikeng_xiaoyoukeng_gpx_osmrefresh_v1_3b_mainline_debug_segments_ib0_matched.csv,True,50,route_id|case_id|case_name|activity_type|activity_name|activity_fp|ia1_version|ia1_dataset_id|ia1_snapshot_tag|input_stage|ab_mode|route_definition_mode|control_points_fp|osm_way_id|name|highway_norm|route_role|mainline_role|distance_to_gpx_m|overlap_ratio|match_score,route_geometry_self_near_context_not_fork_inventory,False,False,self_near_or_geometry_artifact_not_governed_fork_source,Geometry proximity can flag artifacts or loops but is not enough to define a decision point.
outputs\ib0b_mainline_route_definition_v1_3b_control_points_only\qixing_lengshuikeng_xiaoyoukeng_gpx_osmrefresh_v1_3b\qixing_lengshuikeng_xiaoyoukeng_gpx_osmrefresh_v1_3b_mainline_required_way_qa_ib0_candidates.csv,True,0,,other_context_not_fork_inventory,False,False,no_governed_fork_topology_fields_found,"No node-degree, edge adjacency, or parseable fork/decision-point inventory fields found."
outputs\ib0b_mainline_route_definition_v1_3b_control_points_only\qixing_lengshuikeng_xiaoyoukeng_gpx_osmrefresh_v1_3b\qixing_lengshuikeng_xiaoyoukeng_gpx_osmrefresh_v1_3b_mainline_required_way_qa_ib0_matched.csv,True,0,,other_context_not_fork_inventory,False,False,no_governed_fork_topology_fields_found,"No node-degree, edge adjacency, or parseable fork/decision-point inventory fields found."
outputs\ib0b_mainline_route_definition_v1_3b_control_points_only\qixing_lengshuikeng_xiaoyoukeng_gpx_osmrefresh_v1_3b\qixing_lengshuikeng_xiaoyoukeng_gpx_osmrefresh_v1_3b_mainline_summary_ib0_candidates.csv,True,1,route_id|route_group|case_id|case_name|activity_type|activity_name|activity_fp|ia1_version|ia1_dataset_id|ia1_snapshot_tag|ab_mode|input_stage|input_fp|anchor_fp|anchor_source_mode|route_definition_mode|control_points_only_anchors|control_points_fp|out_dir|input_segments_n|graph_nodes_n|graph_edges_n|ordered_anchors_n|anchor_nodes_n|path_node_n|mainline_segments_n|ordered_path_length_m|check_required_ways|control_points_projection_fp|required_control_roles|required_way_ids|selected_required_way_ids|missing_required_way_ids|input_missing_required_way_ids|required_way_all_present_in_input|required_way_all_present_in_mainline|forced_required_way_ids_used|forced_required_way_stitching_enabled|forced_required_way_source_idx_used|output_ordered_path_fp|output_mainline_fp|output_html_fp|mainline_role_trail_core_n|mainline_role_approach_n|highway_footway_n|highway_steps_n|highway_service_n|highway_tertiary_n,route_graph_summary_without_position,False,False,topology_summary_lacks_route_distance_or_coordinates,May inform need for upstream graph extraction but cannot locate exposure points yet.
outputs\ib0b_mainline_route_definition_v1_3b_control_points_only\qixing_lengshuikeng_xiaoyoukeng_gpx_osmrefresh_v1_3b\qixing_lengshuikeng_xiaoyoukeng_gpx_osmrefresh_v1_3b_mainline_summary_ib0_matched.csv,True,1,route_id|route_group|case_id|case_name|activity_type|activity_name|activity_fp|ia1_version|ia1_dataset_id|ia1_snapshot_tag|ab_mode|input_stage|input_fp|anchor_fp|anchor_source_mode|route_definition_mode|control_points_only_anchors|control_points_fp|out_dir|input_segments_n|graph_nodes_n|graph_edges_n|ordered_anchors_n|anchor_nodes_n|path_node_n|mainline_segments_n|ordered_path_length_m|check_required_ways|control_points_projection_fp|required_control_roles|required_way_ids|selected_required_way_ids|missing_required_way_ids|input_missing_required_way_ids|required_way_all_present_in_input|required_way_all_present_in_mainline|forced_required_way_ids_used|forced_required_way_stitching_enabled|forced_required_way_source_idx_used|output_ordered_path_fp|output_mainline_fp|output_html_fp|mainline_role_trail_core_n|mainline_role_approach_n|highway_footway_n|highway_steps_n|highway_service_n|highway_tertiary_n,route_graph_summary_without_position,False,False,topology_summary_lacks_route_distance_or_coordinates,May inform need for upstream graph extraction but cannot locate exposure points yet.
outputs\ib0b_mainline_route_definition_v1_3b_control_points_only\qixing_lengshuikeng_xiaoyoukeng_gpx_osmrefresh_v1_3b\qixing_lengshuikeng_xiaoyoukeng_gpx_osmrefresh_v1_3b_route_definition_control_points_used_ib0_candidates.csv,True,3,case_id|control_id|control_role|phase|name|lat|lon|required|order|route_action|note|projection_ok|projection_offset_to_osm_m|matched_id_text|osm_way_id_current|osm_id_current|highway|name_osm|route_role|match_score|overlap_ratio|projected_lat|projected_lon|projected_route_dist_m|nearest_ordered_path_offset_m|ordered_path_length_m|included_in_required_way|projection_method|search_window_start_m|search_window_end_m|route_point_warning,route_geometry_self_near_context_not_fork_inventory,False,False,self_near_or_geometry_artifact_not_governed_fork_source,Geometry proximity can flag artifacts or loops but is not enough to define a decision point.
outputs\ib0b_mainline_route_definition_v1_3b_control_points_only\qixing_lengshuikeng_xiaoyoukeng_gpx_osmrefresh_v1_3b\qixing_lengshuikeng_xiaoyoukeng_gpx_osmrefresh_v1_3b_route_definition_control_points_used_ib0_matched.csv,True,3,case_id|control_id|control_role|phase|name|lat|lon|required|order|route_action|note|projection_ok|projection_offset_to_osm_m|matched_id_text|osm_way_id_current|osm_id_current|highway|name_osm|route_role|match_score|overlap_ratio|projected_lat|projected_lon|projected_route_dist_m|nearest_ordered_path_offset_m|ordered_path_length_m|included_in_required_way|projection_method|search_window_start_m|search_window_end_m|route_point_warning,route_geometry_self_near_context_not_fork_inventory,False,False,self_near_or_geometry_artifact_not_governed_fork_source,Geometry proximity can flag artifacts or loops but is not enough to define a decision point.
outputs\ib0b_mainline_route_definition_v1_3b_control_points_only\qixing_lengshuikeng_xiaoyoukeng_gpx_osmrefresh_v1_3b_mainline_summary_ib0_candidates.csv,True,1,route_id|route_group|case_id|case_name|activity_type|activity_name|activity_fp|ia1_version|ia1_dataset_id|ia1_snapshot_tag|ab_mode|input_stage|input_fp|anchor_fp|anchor_source_mode|route_definition_mode|control_points_only_anchors|control_points_fp|out_dir|input_segments_n|graph_nodes_n|graph_edges_n|ordered_anchors_n|anchor_nodes_n|path_node_n|mainline_segments_n|ordered_path_length_m|check_required_ways|control_points_projection_fp|required_control_roles|required_way_ids|selected_required_way_ids|missing_required_way_ids|input_missing_required_way_ids|required_way_all_present_in_input|required_way_all_present_in_mainline|forced_required_way_ids_used|forced_required_way_stitching_enabled|forced_required_way_source_idx_used|output_ordered_path_fp|output_mainline_fp|output_html_fp|mainline_role_trail_core_n|mainline_role_approach_n|highway_footway_n|highway_steps_n|highway_service_n|highway_tertiary_n,route_graph_summary_without_position,False,False,topology_summary_lacks_route_distance_or_coordinates,May inform need for upstream graph extraction but cannot locate exposure points yet.
outputs\ib0b_mainline_route_definition_v1_3b_control_points_only\qixing_lengshuikeng_xiaoyoukeng_gpx_osmrefresh_v1_3b_route_definition_control_points_used_ib0_candidates.csv,True,3,case_id|control_id|control_role|phase|name|lat|lon|required|order|route_action|note|projection_ok|projection_offset_to_osm_m|matched_id_text|osm_way_id_current|osm_id_current|highway|name_osm|route_role|match_score|overlap_ratio|projected_lat|projected_lon|projected_route_dist_m|nearest_ordered_path_offset_m|ordered_path_length_m|included_in_required_way|projection_method|search_window_start_m|search_window_end_m|route_point_warning,route_geometry_self_near_context_not_fork_inventory,False,False,self_near_or_geometry_artifact_not_governed_fork_source,Geometry proximity can flag artifacts or loops but is not enough to define a decision point.
outputs\ib0b_mainline_route_definition_v1_3b_control_points_only\qixing_xiaoyoukeng_main_peak_20260315_osmrefresh_v1_3b_mainline_debug_segments_ib0_candidates.csv,True,18,route_id|case_id|case_name|activity_type|activity_name|activity_fp|ia1_version|ia1_dataset_id|ia1_snapshot_tag|input_stage|ab_mode|route_definition_mode|control_points_fp|osm_way_id|name|highway_norm|route_role|mainline_role|distance_to_gpx_m|overlap_ratio|match_score,route_geometry_self_near_context_not_fork_inventory,False,False,self_near_or_geometry_artifact_not_governed_fork_source,Geometry proximity can flag artifacts or loops but is not enough to define a decision point.
outputs\ib0b_mainline_route_definition_v1_3b_control_points_only\qixing_xiaoyoukeng_main_peak_20260315_osmrefresh_v1_3b_mainline_summary_ib0_candidates.csv,True,1,route_id|route_group|case_id|case_name|activity_type|activity_name|activity_fp|ia1_version|ia1_dataset_id|ia1_snapshot_tag|ab_mode|input_stage|input_fp|anchor_fp|anchor_source_mode|route_definition_mode|control_points_only_anchors|control_points_fp|out_dir|input_segments_n|graph_nodes_n|graph_edges_n|ordered_anchors_n|anchor_nodes_n|path_node_n|mainline_segments_n|ordered_path_length_m|check_required_ways|control_points_projection_fp|required_control_roles|required_way_ids|selected_required_way_ids|missing_required_way_ids|input_missing_required_way_ids|required_way_all_present_in_input|required_way_all_present_in_mainline|forced_required_way_ids_used|forced_required_way_stitching_enabled|forced_required_way_source_idx_used|output_ordered_path_fp|output_mainline_fp|output_html_fp|mainline_role_trail_core_n|highway_footway_n|highway_steps_n|highway_path_n,route_graph_summary_without_position,False,False,topology_summary_lacks_route_distance_or_coordinates,May inform need for upstream graph extraction but cannot locate exposure points yet.
outputs\ib0b_mainline_route_definition_v1_3b_control_points_only\qixing_xiaoyoukeng_main_peak_20260315_osmrefresh_v1_3b_route_definition_control_points_used_ib0_candidates.csv,True,9,case_id|control_id|control_role|phase|name|lat|lon|required|order|route_action|note|projection_ok|projection_offset_to_osm_m|matched_id_text|osm_way_id_current|osm_id_current|highway|name_osm|route_role|match_score|overlap_ratio|projected_lat|projected_lon|projected_route_dist_m|nearest_ordered_path_offset_m|ordered_path_length_m|included_in_required_way|projection_method|search_window_start_m|search_window_end_m|route_point_warning,route_geometry_self_near_context_not_fork_inventory,False,False,self_near_or_geometry_artifact_not_governed_fork_source,Geometry proximity can flag artifacts or loops but is not enough to define a decision point.
outputs\ib0b_mainline_route_definition_v1_3b_control_points_only\zhonghua_ust_jiuwufeng_roundtrip_biji_osmrefresh_v1_3b_mainline_debug_segments_ib0_candidates.csv,True,32,route_id|case_id|case_name|activity_type|activity_name|activity_fp|ia1_version|ia1_dataset_id|ia1_snapshot_tag|input_stage|ab_mode|route_definition_mode|control_points_fp|osm_way_id|name|highway_norm|route_role|mainline_role|distance_to_gpx_m|overlap_ratio|match_score,route_geometry_self_near_context_not_fork_inventory,False,False,self_near_or_geometry_artifact_not_governed_fork_source,Geometry proximity can flag artifacts or loops but is not enough to define a decision point.
outputs\ib0b_mainline_route_definition_v1_3b_control_points_only\zhonghua_ust_jiuwufeng_roundtrip_biji_osmrefresh_v1_3b_mainline_summary_ib0_candidates.csv,True,1,route_id|route_group|case_id|case_name|activity_type|activity_name|activity_fp|ia1_version|ia1_dataset_id|ia1_snapshot_tag|ab_mode|input_stage|input_fp|anchor_fp|anchor_source_mode|route_definition_mode|control_points_only_anchors|control_points_fp|out_dir|input_segments_n|graph_nodes_n|graph_edges_n|ordered_anchors_n|anchor_nodes_n|path_node_n|mainline_segments_n|ordered_path_length_m|check_required_ways|control_points_projection_fp|required_control_roles|required_way_ids|selected_required_way_ids|missing_required_way_ids|input_missing_required_way_ids|required_way_all_present_in_input|required_way_all_present_in_mainline|forced_required_way_ids_used|forced_required_way_stitching_enabled|forced_required_way_source_idx_used|output_ordered_path_fp|output_mainline_fp|output_html_fp|mainline_role_trail_core_n|highway_steps_n|highway_footway_n|highway_path_n,route_graph_summary_without_position,False,False,topology_summary_lacks_route_distance_or_coordinates,May inform need for upstream graph extraction but cannot locate exposure points yet.
outputs\ib0b_mainline_route_definition_v1_3b_control_points_only\zhonghua_ust_jiuwufeng_roundtrip_biji_osmrefresh_v1_3b_route_definition_control_points_used_ib0_candidates.csv,True,3,case_id|control_id|control_role|phase|name|lat|lon|required|order|route_action|note|projection_ok|projection_offset_to_osm_m|matched_id_text|osm_way_id_current|osm_id_current|highway|name_osm|route_role|match_score|overlap_ratio|projected_lat|projected_lon|projected_route_dist_m|nearest_ordered_path_offset_m|ordered_path_length_m|included_in_required_way|projection_method|search_window_start_m|search_window_end_m|route_point_warning,route_geometry_self_near_context_not_fork_inventory,False,False,self_near_or_geometry_artifact_not_governed_fork_source,Geometry proximity can flag artifacts or loops but is not enough to define a decision point.
outputs\ib0b_mainline_v1_1\qixing_lengshuikeng_main_peak_20260523\qixing_lengshuikeng_main_peak_20260523_mainline_debug_segments_ib0_matched.csv,True,28,route_id|case_id|case_name|activity_type|activity_name|activity_fp|ia1_version|ia1_dataset_id|ia1_snapshot_tag|input_stage|ab_mode|osm_way_id|name|highway_norm|route_role|mainline_role|distance_to_gpx_m|overlap_ratio|match_score,route_geometry_self_near_context_not_fork_inventory,False,False,self_near_or_geometry_artifact_not_governed_fork_source,Geometry proximity can flag artifacts or loops but is not enough to define a decision point.
outputs\ib0b_mainline_v1_1\qixing_lengshuikeng_main_peak_20260523\qixing_lengshuikeng_main_peak_20260523_mainline_summary_ib0_matched.csv,True,1,route_id|route_group|case_id|case_name|activity_type|activity_name|activity_fp|ia1_version|ia1_dataset_id|ia1_snapshot_tag|ab_mode|input_stage|input_fp|anchor_fp|anchor_source_mode|out_dir|input_segments_n|graph_nodes_n|graph_edges_n|ordered_anchors_n|anchor_nodes_n|path_node_n|mainline_segments_n|ordered_path_length_m|output_ordered_path_fp|output_mainline_fp|output_html_fp|mainline_role_trail_core_n|mainline_role_approach_n|highway_steps_n|highway_footway_n|highway_service_n|highway_path_n,route_graph_summary_without_position,False,False,topology_summary_lacks_route_distance_or_coordinates,May inform need for upstream graph extraction but cannot locate exposure points yet.
outputs\ib0b_mainline_v1_1\qixing_xiaoyoukeng_main_peak_20260315\qixing_xiaoyoukeng_main_peak_20260315_mainline_debug_segments_ib0_matched.csv,True,27,route_id|case_id|case_name|activity_type|activity_name|activity_fp|ia1_version|ia1_dataset_id|ia1_snapshot_tag|input_stage|ab_mode|osm_way_id|name|highway_norm|route_role|mainline_role|distance_to_gpx_m|overlap_ratio|match_score,route_geometry_self_near_context_not_fork_inventory,False,False,self_near_or_geometry_artifact_not_governed_fork_source,Geometry proximity can flag artifacts or loops but is not enough to define a decision point.
outputs\ib0b_mainline_v1_1\qixing_xiaoyoukeng_main_peak_20260315\qixing_xiaoyoukeng_main_peak_20260315_mainline_summary_ib0_matched.csv,True,1,route_id|route_group|case_id|case_name|activity_type|activity_name|activity_fp|ia1_version|ia1_dataset_id|ia1_snapshot_tag|ab_mode|input_stage|input_fp|anchor_fp|anchor_source_mode|out_dir|input_segments_n|graph_nodes_n|graph_edges_n|ordered_anchors_n|anchor_nodes_n|path_node_n|mainline_segments_n|ordered_path_length_m|output_ordered_path_fp|output_mainline_fp|output_html_fp|mainline_role_trail_core_n|mainline_role_approach_n|highway_footway_n|highway_steps_n|highway_service_n,route_graph_summary_without_position,False,False,topology_summary_lacks_route_distance_or_coordinates,May inform need for upstream graph extraction but cannot locate exposure points yet.
outputs\ib0b_output\qixing_xiaoyoukeng_roundtrip_joyhike\qixing_xiaoyoukeng_roundtrip_joyhike_mainline_debug_segments_ib0a_pruned.csv,True,24,route_id|case_id|case_name|gpx_name|input_stage|ab_mode|osm_way_id|name|highway_norm|route_role|mainline_role|distance_to_gpx_m|overlap_ratio|match_score,route_geometry_self_near_context_not_fork_inventory,False,False,self_near_or_geometry_artifact_not_governed_fork_source,Geometry proximity can flag artifacts or loops but is not enough to define a decision point.
outputs\ib0b_output\qixing_xiaoyoukeng_roundtrip_joyhike\qixing_xiaoyoukeng_roundtrip_joyhike_mainline_summary_ib0a_pruned.csv,True,1,route_id|case_id|case_name|gpx_name|ab_mode|input_stage|input_fp|anchor_fp|gpx_fp|out_dir|input_segments_n|graph_nodes_n|graph_edges_n|ordered_anchors_n|anchor_nodes_n|path_node_n|mainline_segments_n|ordered_path_length_m|output_ordered_path_fp|output_mainline_fp|output_html_fp|mainline_role_trail_core_n|highway_steps_n|highway_footway_n|highway_path_n,route_graph_summary_without_position,False,False,topology_summary_lacks_route_distance_or_coordinates,May inform need for upstream graph extraction but cannot locate exposure points yet.
outputs\ib0b_route_definition_inputs_v1_3b\juansi_waterfall_fitcsv_20260503_osmrefresh_v1_3b\juansi_waterfall_fitcsv_20260503_osmrefresh_v1_3b_control_points_for_ib0b.csv,True,3,case_id|control_id|control_role|phase|name|lat|lon|required|order|route_action|note,route_semantic_context_not_fork_inventory,False,False,semantic_context_lacks_governed_topology_or_node_degree,Guidepost/facility/OSM semantics are useful context but cannot be counted as forks without topology.
outputs\ib0b_route_definition_inputs_v1_3b\qixing_lengshuikeng_main_peak_20260523_osmrefresh_v1_3b\qixing_lengshuikeng_main_peak_20260523_osmrefresh_v1_3b_control_points_for_ib0b.csv,True,5,case_id|control_id|control_role|phase|name|lat|lon|required|order|route_action|note,route_semantic_context_not_fork_inventory,False,False,semantic_context_lacks_governed_topology_or_node_degree,Guidepost/facility/OSM semantics are useful context but cannot be counted as forks without topology.
outputs\ib0b_route_definition_inputs_v1_3b\qixing_xiaoyoukeng_main_peak_20260315_osmrefresh_v1_3b\qixing_xiaoyoukeng_main_peak_20260315_osmrefresh_v1_3b_control_points_for_ib0b.csv,True,9,case_id|control_id|control_role|phase|name|lat|lon|required|order|route_action|note,route_semantic_context_not_fork_inventory,False,False,semantic_context_lacks_governed_topology_or_node_degree,Guidepost/facility/OSM semantics are useful context but cannot be counted as forks without topology.
outputs\ib0b_route_definition_inputs_v1_3b\zhonghua_ust_jiuwufeng_roundtrip_biji_osmrefresh_v1_3b\zhonghua_ust_jiuwufeng_roundtrip_biji_osmrefresh_v1_3b_control_points_for_ib0b.csv,True,3,case_id|control_id|control_role|phase|name|lat|lon|required|order|route_action|note,route_semantic_context_not_fork_inventory,False,False,semantic_context_lacks_governed_topology_or_node_degree,Guidepost/facility/OSM semantics are useful context but cannot be counted as forks without topology.
outputs\ib0c_anchor\_archived_before_20260531_refresh\juansi_waterfall_fitcsv_20260503\juansi_waterfall_fitcsv_20260503_route_anchors_summary.csv,True,3,anchor_role|anchor_source|anchor_name|distance_to_gpx_m|ref_lon|ref_lat|anchor_lon|anchor_lat|pipeline_stage|route_id|route_group|activity_type|activity_source|ia1_version|ia1_dataset_id|ia1_snapshot_tag|ib0a_input_source|landmark_source_dir|anchor_rule_version|activity_peak_source,activity_mapmatch_or_wrong_branch_diagnostic_not_fork_inventory,False,False,activity_behavior_diagnostic_not_route_decision_point_inventory,Activity diagnostics can validate consequences of forks but cannot define route-level fork exposure alone.
outputs\ib0c_anchor\_archived_before_20260531_refresh\qixing_lengshuikeng_main_peak_20260523\qixing_lengshuikeng_main_peak_20260523_anchor_manifest.csv,True,1,pipeline_stage|case_id|case_name|activity_type|activity_name|activity_fp|ia1_version|ia1_dataset_id|ia1_snapshot_tag|ia1_dir|trailhead_fp|peak_fp|guidepost_fp|activity_point_n|activity_peak_source|activity_peak_idx|start_trailhead_radius_m|start_guidepost_radius_m|end_trailhead_radius_m|end_guidepost_radius_m|via_peak_radius_m|via_guidepost_radius_m|out_geojson|out_csv|out_html,activity_mapmatch_or_wrong_branch_diagnostic_not_fork_inventory,False,False,activity_behavior_diagnostic_not_route_decision_point_inventory,Activity diagnostics can validate consequences of forks but cannot define route-level fork exposure alone.
outputs\ib0c_anchor\_archived_before_20260531_refresh\qixing_lengshuikeng_main_peak_20260523\qixing_lengshuikeng_main_peak_20260523_route_anchors.csv,True,3,anchor_role|anchor_source|anchor_name|distance_to_gpx_m|ref_lon|ref_lat|anchor_lon|anchor_lat|pipeline_stage|case_id|case_name|activity_type|activity_source|ia1_version|ia1_dataset_id|ia1_snapshot_tag|activity_peak_source|activity_peak_idx|script_version|activity_input_fp|ia1_input_dir|start_trailhead_radius_m|start_guidepost_radius_m|end_trailhead_radius_m|end_guidepost_radius_m|via_peak_radius_m|via_guidepost_radius_m,activity_mapmatch_or_wrong_branch_diagnostic_not_fork_inventory,False,False,activity_behavior_diagnostic_not_route_decision_point_inventory,Activity diagnostics can validate consequences of forks but cannot define route-level fork exposure alone.
outputs\ib0c_anchor\_archived_before_20260531_refresh\qixing_xiaoyoukeng_main_peak_20260315\qixing_xiaoyoukeng_main_peak_20260315_anchor_manifest.csv,True,1,pipeline_stage|case_id|case_name|activity_type|activity_name|activity_fp|ia1_version|ia1_dataset_id|ia1_snapshot_tag|ia1_dir|trailhead_fp|peak_fp|guidepost_fp|activity_point_n|activity_peak_source|activity_peak_idx|start_trailhead_radius_m|start_guidepost_radius_m|end_trailhead_radius_m|end_guidepost_radius_m|via_peak_radius_m|via_guidepost_radius_m|out_geojson|out_csv|out_html,activity_mapmatch_or_wrong_branch_diagnostic_not_fork_inventory,False,False,activity_behavior_diagnostic_not_route_decision_point_inventory,Activity diagnostics can validate consequences of forks but cannot define route-level fork exposure alone.
outputs\ib0c_anchor\_archived_before_20260531_refresh\qixing_xiaoyoukeng_main_peak_20260315\qixing_xiaoyoukeng_main_peak_20260315_route_anchors.csv,True,3,anchor_role|anchor_source|anchor_name|distance_to_gpx_m|ref_lon|ref_lat|anchor_lon|anchor_lat|pipeline_stage|case_id|case_name|activity_type|activity_source|ia1_version|ia1_dataset_id|ia1_snapshot_tag|activity_peak_source|activity_peak_idx|script_version|activity_input_fp|ia1_input_dir|start_trailhead_radius_m|start_guidepost_radius_m|end_trailhead_radius_m|end_guidepost_radius_m|via_peak_radius_m|via_guidepost_radius_m,activity_mapmatch_or_wrong_branch_diagnostic_not_fork_inventory,False,False,activity_behavior_diagnostic_not_route_decision_point_inventory,Activity diagnostics can validate consequences of forks but cannot define route-level fork exposure alone.
outputs\ib0c_anchor\_archived_before_20260531_refresh\zhonghua_ust_jiuwufeng_roundtrip_biji\zhonghua_ust_jiuwufeng_roundtrip_biji_anchor_manifest.csv,True,1,pipeline_stage|case_id|case_name|activity_type|activity_name|activity_fp|ia1_version|ia1_dataset_id|ia1_snapshot_tag|ia1_dir|trailhead_fp|peak_fp|guidepost_fp|activity_point_n|activity_peak_source|activity_peak_idx|start_trailhead_radius_m|start_guidepost_radius_m|end_trailhead_radius_m|end_guidepost_radius_m|via_peak_radius_m|via_guidepost_radius_m|out_geojson|out_csv|out_html,activity_mapmatch_or_wrong_branch_diagnostic_not_fork_inventory,False,False,activity_behavior_diagnostic_not_route_decision_point_inventory,Activity diagnostics can validate consequences of forks but cannot define route-level fork exposure alone.
outputs\ib0c_anchor\_archived_before_20260531_refresh\zhonghua_ust_jiuwufeng_roundtrip_biji\zhonghua_ust_jiuwufeng_roundtrip_biji_route_anchors.csv,True,3,anchor_role|anchor_source|anchor_name|distance_to_gpx_m|ref_lon|ref_lat|anchor_lon|anchor_lat|pipeline_stage|case_id|case_name|activity_type|activity_source|ia1_version|ia1_dataset_id|ia1_snapshot_tag|activity_peak_source|activity_peak_idx|script_version|activity_input_fp|ia1_input_dir|start_trailhead_radius_m|start_guidepost_radius_m|end_trailhead_radius_m|end_guidepost_radius_m|via_peak_radius_m|via_guidepost_radius_m,activity_mapmatch_or_wrong_branch_diagnostic_not_fork_inventory,False,False,activity_behavior_diagnostic_not_route_decision_point_inventory,Activity diagnostics can validate consequences of forks but cannot define route-level fork exposure alone.
outputs\ib0c_anchor\juansi_waterfall_fitcsv_20260503_osmrefresh_v1_3b\juansi_waterfall_fitcsv_20260503_osmrefresh_v1_3b_anchor_manifest.csv,True,1,pipeline_stage|case_id|case_name|activity_type|activity_name|activity_fp|ia1_version|ia1_dataset_id|ia1_snapshot_tag|ia1_dir|trailhead_fp|peak_fp|guidepost_fp|activity_point_n|activity_peak_source|activity_peak_idx|start_trailhead_radius_m|start_guidepost_radius_m|end_trailhead_radius_m|end_guidepost_radius_m|via_peak_radius_m|via_guidepost_radius_m|out_geojson|out_csv|out_html,activity_mapmatch_or_wrong_branch_diagnostic_not_fork_inventory,False,False,activity_behavior_diagnostic_not_route_decision_point_inventory,Activity diagnostics can validate consequences of forks but cannot define route-level fork exposure alone.
outputs\ib0c_anchor\juansi_waterfall_fitcsv_20260503_osmrefresh_v1_3b\juansi_waterfall_fitcsv_20260503_osmrefresh_v1_3b_route_anchors.csv,True,3,anchor_role|anchor_source|anchor_name|distance_to_gpx_m|ref_lon|ref_lat|anchor_lon|anchor_lat|pipeline_stage|case_id|case_name|activity_type|activity_source|ia1_version|ia1_dataset_id|ia1_snapshot_tag|activity_peak_source|activity_peak_idx|script_version|activity_input_fp|ia1_input_dir|start_trailhead_radius_m|start_guidepost_radius_m|end_trailhead_radius_m|end_guidepost_radius_m|via_peak_radius_m|via_guidepost_radius_m,activity_mapmatch_or_wrong_branch_diagnostic_not_fork_inventory,False,False,activity_behavior_diagnostic_not_route_decision_point_inventory,Activity diagnostics can validate consequences of forks but cannot define route-level fork exposure alone.
outputs\ib0c_anchor\qixing_lengshuikeng_main_peak_20260523_osmrefresh_v1_3b\qixing_lengshuikeng_main_peak_20260523_osmrefresh_v1_3b_anchor_manifest.csv,True,1,pipeline_stage|case_id|case_name|activity_type|activity_name|activity_fp|ia1_version|ia1_dataset_id|ia1_snapshot_tag|ia1_dir|trailhead_fp|peak_fp|guidepost_fp|activity_point_n|activity_peak_source|activity_peak_idx|start_trailhead_radius_m|start_guidepost_radius_m|end_trailhead_radius_m|end_guidepost_radius_m|via_peak_radius_m|via_guidepost_radius_m|out_geojson|out_csv|out_html,activity_mapmatch_or_wrong_branch_diagnostic_not_fork_inventory,False,False,activity_behavior_diagnostic_not_route_decision_point_inventory,Activity diagnostics can validate consequences of forks but cannot define route-level fork exposure alone.
outputs\ib0c_anchor\qixing_lengshuikeng_main_peak_20260523_osmrefresh_v1_3b\qixing_lengshuikeng_main_peak_20260523_osmrefresh_v1_3b_route_anchors.csv,True,3,anchor_role|anchor_source|anchor_name|distance_to_gpx_m|ref_lon|ref_lat|anchor_lon|anchor_lat|pipeline_stage|case_id|case_name|activity_type|activity_source|ia1_version|ia1_dataset_id|ia1_snapshot_tag|activity_peak_source|activity_peak_idx|script_version|activity_input_fp|ia1_input_dir|start_trailhead_radius_m|start_guidepost_radius_m|end_trailhead_radius_m|end_guidepost_radius_m|via_peak_radius_m|via_guidepost_radius_m,activity_mapmatch_or_wrong_branch_diagnostic_not_fork_inventory,False,False,activity_behavior_diagnostic_not_route_decision_point_inventory,Activity diagnostics can validate consequences of forks but cannot define route-level fork exposure alone.
outputs\ib0c_anchor\qixing_lengshuikeng_xiaoyoukeng_gpx_osmrefresh_v1_3b\qixing_lengshuikeng_xiaoyoukeng_gpx_osmrefresh_v1_3b_anchor_manifest.csv,True,1,pipeline_stage|case_id|case_name|activity_type|activity_name|activity_fp|ia1_version|ia1_dataset_id|ia1_snapshot_tag|ia1_dir|trailhead_fp|peak_fp|guidepost_fp|activity_point_n|activity_peak_source|activity_peak_idx|start_trailhead_radius_m|start_guidepost_radius_m|end_trailhead_radius_m|end_guidepost_radius_m|via_peak_radius_m|via_guidepost_radius_m|out_geojson|out_csv|out_html,activity_mapmatch_or_wrong_branch_diagnostic_not_fork_inventory,False,False,activity_behavior_diagnostic_not_route_decision_point_inventory,Activity diagnostics can validate consequences of forks but cannot define route-level fork exposure alone.
outputs\ib0c_anchor\qixing_lengshuikeng_xiaoyoukeng_gpx_osmrefresh_v1_3b\qixing_lengshuikeng_xiaoyoukeng_gpx_osmrefresh_v1_3b_route_anchors.csv,True,3,anchor_role|anchor_source|anchor_name|distance_to_gpx_m|ref_lon|ref_lat|anchor_lon|anchor_lat|pipeline_stage|case_id|case_name|activity_type|activity_source|ia1_version|ia1_dataset_id|ia1_snapshot_tag|activity_peak_source|activity_peak_idx|script_version|activity_input_fp|ia1_input_dir|start_trailhead_radius_m|start_guidepost_radius_m|end_trailhead_radius_m|end_guidepost_radius_m|via_peak_radius_m|via_guidepost_radius_m,activity_mapmatch_or_wrong_branch_diagnostic_not_fork_inventory,False,False,activity_behavior_diagnostic_not_route_decision_point_inventory,Activity diagnostics can validate consequences of forks but cannot define route-level fork exposure alone.
outputs\ib0c_anchor\qixing_xiaoyoukeng_main_peak_20260315_osmrefresh_v1_3b\qixing_xiaoyoukeng_main_peak_20260315_osmrefresh_v1_3b_anchor_manifest.csv,True,1,pipeline_stage|case_id|case_name|activity_type|activity_name|activity_fp|ia1_version|ia1_dataset_id|ia1_snapshot_tag|ia1_dir|trailhead_fp|peak_fp|guidepost_fp|activity_point_n|activity_peak_source|activity_peak_idx|start_trailhead_radius_m|start_guidepost_radius_m|end_trailhead_radius_m|end_guidepost_radius_m|via_peak_radius_m|via_guidepost_radius_m|out_geojson|out_csv|out_html,activity_mapmatch_or_wrong_branch_diagnostic_not_fork_inventory,False,False,activity_behavior_diagnostic_not_route_decision_point_inventory,Activity diagnostics can validate consequences of forks but cannot define route-level fork exposure alone.
outputs\ib0c_anchor\qixing_xiaoyoukeng_main_peak_20260315_osmrefresh_v1_3b\qixing_xiaoyoukeng_main_peak_20260315_osmrefresh_v1_3b_route_anchors.csv,True,3,anchor_role|anchor_source|anchor_name|distance_to_gpx_m|ref_lon|ref_lat|anchor_lon|anchor_lat|pipeline_stage|case_id|case_name|activity_type|activity_source|ia1_version|ia1_dataset_id|ia1_snapshot_tag|activity_peak_source|activity_peak_idx|script_version|activity_input_fp|ia1_input_dir|start_trailhead_radius_m|start_guidepost_radius_m|end_trailhead_radius_m|end_guidepost_radius_m|via_peak_radius_m|via_guidepost_radius_m,activity_mapmatch_or_wrong_branch_diagnostic_not_fork_inventory,False,False,activity_behavior_diagnostic_not_route_decision_point_inventory,Activity diagnostics can validate consequences of forks but cannot define route-level fork exposure alone.
outputs\ib0c_anchor\zhonghua_ust_jiuwufeng_roundtrip_biji_osmrefresh_v1_3b\zhonghua_ust_jiuwufeng_roundtrip_biji_osmrefresh_v1_3b_anchor_manifest.csv,True,1,pipeline_stage|case_id|case_name|activity_type|activity_name|activity_fp|ia1_version|ia1_dataset_id|ia1_snapshot_tag|ia1_dir|trailhead_fp|peak_fp|guidepost_fp|activity_point_n|activity_peak_source|activity_peak_idx|start_trailhead_radius_m|start_guidepost_radius_m|end_trailhead_radius_m|end_guidepost_radius_m|via_peak_radius_m|via_guidepost_radius_m|out_geojson|out_csv|out_html,activity_mapmatch_or_wrong_branch_diagnostic_not_fork_inventory,False,False,activity_behavior_diagnostic_not_route_decision_point_inventory,Activity diagnostics can validate consequences of forks but cannot define route-level fork exposure alone.
outputs\ib0c_anchor\zhonghua_ust_jiuwufeng_roundtrip_biji_osmrefresh_v1_3b\zhonghua_ust_jiuwufeng_roundtrip_biji_osmrefresh_v1_3b_route_anchors.csv,True,3,anchor_role|anchor_source|anchor_name|distance_to_gpx_m|ref_lon|ref_lat|anchor_lon|anchor_lat|pipeline_stage|case_id|case_name|activity_type|activity_source|ia1_version|ia1_dataset_id|ia1_snapshot_tag|activity_peak_source|activity_peak_idx|script_version|activity_input_fp|ia1_input_dir|start_trailhead_radius_m|start_guidepost_radius_m|end_trailhead_radius_m|end_guidepost_radius_m|via_peak_radius_m|via_guidepost_radius_m,activity_mapmatch_or_wrong_branch_diagnostic_not_fork_inventory,False,False,activity_behavior_diagnostic_not_route_decision_point_inventory,Activity diagnostics can validate consequences of forks but cannot define route-level fork exposure alone.
outputs\ib0c_anchor_convergence_audit_v1_3b\ib0c_anchor_v1_3b_case_convergence_audit.csv,True,4,case_id|ib0c_status|anchor_csv_exists|anchor_geojson_exists|anchor_map_exists|manifest_exists|anchor_n|roles|sources|fallback_gpx_point_n|anchor_offset_gt_50m_n|max_distance_to_gpx_m|formal_trim_authority|formal_route_axis_authority|blocking_issue|warning_note,other_context_not_fork_inventory,False,False,no_governed_fork_topology_fields_found,"No node-degree, edge adjacency, or parseable fork/decision-point inventory fields found."
outputs\ib0c_anchor_convergence_audit_v1_3b\ib0c_anchor_v1_3b_stage_convergence_audit.csv,True,1,stage|official_status|official_script_root|official_script|script_compile_status|official_input_root|official_output_root|required_outputs|case_coverage_n|case_coverage_expected_n|qa_gate|formal_trim_authority|formal_route_axis_authority|legacy_roots_do_not_use|next_stage_input|handoff_note,other_context_not_fork_inventory,False,False,no_governed_fork_topology_fields_found,"No node-degree, edge adjacency, or parseable fork/decision-point inventory fields found."
outputs\ib0c_anchor_output\juansi_waterfall_fitcsv_20260503\juansi_waterfall_fitcsv_20260503_anchor_manifest.csv,True,1,pipeline_stage|case_id|case_name|activity_type|activity_name|activity_fp|ia1_version|ia1_dataset_id|ia1_snapshot_tag|ia1_dir|trailhead_fp|peak_fp|guidepost_fp|activity_point_n|activity_peak_source|activity_peak_idx|start_trailhead_radius_m|start_guidepost_radius_m|end_trailhead_radius_m|end_guidepost_radius_m|via_peak_radius_m|via_guidepost_radius_m|out_geojson|out_csv|out_html,activity_mapmatch_or_wrong_branch_diagnostic_not_fork_inventory,False,False,activity_behavior_diagnostic_not_route_decision_point_inventory,Activity diagnostics can validate consequences of forks but cannot define route-level fork exposure alone.
outputs\ib0c_anchor_output\juansi_waterfall_fitcsv_20260503\juansi_waterfall_fitcsv_20260503_route_anchors.csv,True,3,anchor_role|anchor_source|anchor_name|distance_to_gpx_m|ref_lon|ref_lat|anchor_lon|anchor_lat|pipeline_stage|case_id|case_name|activity_type|activity_source|ia1_version|ia1_dataset_id|ia1_snapshot_tag|activity_peak_source|activity_peak_idx|script_version|activity_input_fp|ia1_input_dir|start_trailhead_radius_m|start_guidepost_radius_m|end_trailhead_radius_m|end_guidepost_radius_m|via_peak_radius_m|via_guidepost_radius_m,activity_mapmatch_or_wrong_branch_diagnostic_not_fork_inventory,False,False,activity_behavior_diagnostic_not_route_decision_point_inventory,Activity diagnostics can validate consequences of forks but cannot define route-level fork exposure alone.
outputs\ib0c_anchor_output\qixing_xiaoyoukeng_roundtrip_joyhike\qixing_xiaoyoukeng_roundtrip_joyhike_route_anchors.csv,True,3,anchor_role|anchor_source|anchor_name|distance_to_gpx_m|ref_lon|ref_lat|anchor_lon|anchor_lat,route_semantic_context_not_fork_inventory,False,False,semantic_context_lacks_governed_topology_or_node_degree,Guidepost/facility/OSM semantics are useful context but cannot be counted as forks without topology.
outputs\ib0d_convergence_audit_v1_3b_reviewed_pass_warn\ib0d_v1_3b_reviewed_pass_warn_case_convergence_audit.csv,True,4,case_id|ib0d_reviewed_status|aggregate_status|case_dir_exists|route_points_exists|trimmed_geojson_exists|trim_summary_exists|qa_summary_exists|qa_map_exists|control_point_projection_exists|self_near_pairs_exists|self_near_zones_exists|safe_for_ib1a_ib1c_ib1g_ib1e|unexpected_self_near_pair_count|self_near_pair_count|expected_self_near_pair_count|warnings|hard_fail_reasons|trim_mode|original_len_m|trimmed_len_m|route_point_count|max_control_offset_m|blocking_issue|warning_note,route_geometry_self_near_context_not_fork_inventory,False,False,self_near_or_geometry_artifact_not_governed_fork_source,Geometry proximity can flag artifacts or loops but is not enough to define a decision point.
outputs\ib0d_convergence_audit_v1_3b_reviewed_pass_warn\ib0d_v1_3b_reviewed_pass_warn_stage_convergence_audit.csv,True,1,stage|official_status|official_script|official_input_root|official_output_root|aggregate_summary|case_coverage_n|pass_n|warn_accepted_n|fail_n|qa_gate|formal_ib1_input_root|legacy_roots_do_not_use|handoff_note,other_context_not_fork_inventory,False,False,no_governed_fork_topology_fields_found,"No node-degree, edge adjacency, or parseable fork/decision-point inventory fields found."
outputs\ib0d_output\qixing_xiaoyoukeng_roundtrip_joyhike\qixing_mainline_trim_summary.csv,True,1,input_ordered_path|input_anchor|trim_mode|trim_reason|is_same_entry_exit|original_len_m|start_proj_m|end_proj_m|start_end_proj_diff_m|trim_start_m|trim_end_m|trimmed_len_m|removed_head_m|removed_tail_m|start_anchor_source|start_anchor_name|start_anchor_offset_m|end_anchor_source|end_anchor_name|end_anchor_offset_m,other_context_not_fork_inventory,False,False,no_governed_fork_topology_fields_found,"No node-degree, edge adjacency, or parseable fork/decision-point inventory fields found."
outputs\ib0d_trimmed_mainline\juansi_waterfall_fitcsv_20260503\juansi_waterfall_fitcsv_20260503_mainline_trim_summary.csv,True,1,input_ordered_path|input_anchor|trim_mode|trim_reason|is_same_entry_exit|original_len_m|start_proj_m|end_proj_m|start_end_proj_diff_m|trim_start_m|trim_end_m|trimmed_len_m|removed_head_m|removed_tail_m|start_anchor_source|start_anchor_name|start_anchor_offset_m|end_anchor_source|end_anchor_name|end_anchor_offset_m,other_context_not_fork_inventory,False,False,no_governed_fork_topology_fields_found,"No node-degree, edge adjacency, or parseable fork/decision-point inventory fields found."
outputs\ib0d_trimmed_mainline\qixing_lengshuikeng_main_peak_20260523\qixing_lengshuikeng_main_peak_20260523_mainline_ordered_path_trimmed_route_points.csv,True,4189,route_point_index|route_dist_m|lat|lon,route_semantic_context_not_fork_inventory,False,False,semantic_context_lacks_governed_topology_or_node_degree,Guidepost/facility/OSM semantics are useful context but cannot be counted as forks without topology.
outputs\ib0d_trimmed_mainline\qixing_lengshuikeng_main_peak_20260523\qixing_lengshuikeng_main_peak_20260523_mainline_self_near_pairs.csv,True,58038,idx_a|dist_a_m|idx_b|dist_b_m|spatial_distance_m|route_distance_gap_m|possible_issue_type,route_geometry_self_near_context_not_fork_inventory,False,False,self_near_or_geometry_artifact_not_governed_fork_source,Geometry proximity can flag artifacts or loops but is not enough to define a decision point.
outputs\ib0d_trimmed_mainline\qixing_lengshuikeng_main_peak_20260523\qixing_lengshuikeng_main_peak_20260523_mainline_self_near_zones.csv,True,3,zone_type|pair_count|dist_a_min_m|dist_a_max_m|dist_b_min_m|dist_b_max_m|spatial_distance_min_m|spatial_distance_avg_m|spatial_distance_max_m|route_gap_min_m|route_gap_avg_m|route_gap_max_m|min_spatial_idx_a|min_spatial_dist_a_m|min_spatial_idx_b|min_spatial_dist_b_m|min_spatial_distance_m|min_spatial_route_gap_m|max_gap_idx_a|max_gap_dist_a_m|max_gap_idx_b|max_gap_dist_b_m|max_gap_spatial_distance_m|max_gap_route_gap_m,route_geometry_self_near_context_not_fork_inventory,False,False,self_near_or_geometry_artifact_not_governed_fork_source,Geometry proximity can flag artifacts or loops but is not enough to define a decision point.
outputs\ib0d_trimmed_mainline\qixing_lengshuikeng_main_peak_20260523\qixing_lengshuikeng_main_peak_20260523_mainline_trim_summary.csv,True,1,case_id|input_ordered_path|input_anchor|trim_mode|trim_reason|is_same_entry_exit|same_entry_policy|same_entry_trim_applied|same_entry_anchor_hits_n|same_entry_anchor_first_m|same_entry_anchor_last_m|same_entry_leading_threshold_m|same_entry_anchor_match_radius_m|original_len_m|start_proj_m|end_proj_m|start_end_proj_diff_m|trim_start_m|trim_end_m|trimmed_len_m|removed_head_m|removed_tail_m|start_anchor_source|start_anchor_name|start_anchor_offset_m|end_anchor_source|end_anchor_name|end_anchor_offset_m|route_point_count|self_near_pair_count|self_near_zone_count|self_near_spatial_threshold_m|self_near_route_gap_threshold_m,route_geometry_self_near_context_not_fork_inventory,False,False,self_near_or_geometry_artifact_not_governed_fork_source,Geometry proximity can flag artifacts or loops but is not enough to define a decision point.
outputs\ib0d_trimmed_mainline\qixing_xiaoyoukeng_main_peak_20260315\qixing_xiaoyoukeng_main_peak_20260315_mainline_trim_summary.csv,True,1,case_id|input_ordered_path|input_anchor|trim_mode|trim_reason|is_same_entry_exit|same_entry_policy|same_entry_trim_applied|same_entry_anchor_hits_n|same_entry_anchor_first_m|same_entry_anchor_last_m|same_entry_leading_threshold_m|same_entry_anchor_match_radius_m|original_len_m|start_proj_m|end_proj_m|start_end_proj_diff_m|trim_start_m|trim_end_m|trimmed_len_m|removed_head_m|removed_tail_m|start_anchor_source|start_anchor_name|start_anchor_offset_m|end_anchor_source|end_anchor_name|end_anchor_offset_m,other_context_not_fork_inventory,False,False,no_governed_fork_topology_fields_found,"No node-degree, edge adjacency, or parseable fork/decision-point inventory fields found."
outputs\ib0d_trimmed_mainline\zhonghua_ust_jiuwufeng_roundtrip_biji\zhonghua_ust_jiuwufeng_roundtrip_biji_mainline_trim_summary.csv,True,1,case_id|input_ordered_path|input_anchor|trim_mode|trim_reason|is_same_entry_exit|same_entry_policy|same_entry_trim_applied|same_entry_anchor_hits_n|same_entry_anchor_first_m|same_entry_anchor_last_m|same_entry_leading_threshold_m|same_entry_anchor_match_radius_m|original_len_m|start_proj_m|end_proj_m|start_end_proj_diff_m|trim_start_m|trim_end_m|trimmed_len_m|removed_head_m|removed_tail_m|start_anchor_source|start_anchor_name|start_anchor_offset_m|end_anchor_source|end_anchor_name|end_anchor_offset_m,other_context_not_fork_inventory,False,False,no_governed_fork_topology_fields_found,"No node-degree, edge adjacency, or parseable fork/decision-point inventory fields found."
outputs\ib0d_trimmed_mainline_forced_required_way_test\qixing_lengshuikeng_main_peak_20260523\qixing_lengshuikeng_main_peak_20260523_mainline_ordered_path_trimmed_route_points.csv,True,4189,route_point_index|route_dist_m|lat|lon,route_semantic_context_not_fork_inventory,False,False,semantic_context_lacks_governed_topology_or_node_degree,Guidepost/facility/OSM semantics are useful context but cannot be counted as forks without topology.
outputs\ib0d_trimmed_mainline_forced_required_way_test\qixing_lengshuikeng_main_peak_20260523\qixing_lengshuikeng_main_peak_20260523_mainline_self_near_pairs.csv,True,58038,idx_a|dist_a_m|idx_b|dist_b_m|spatial_distance_m|route_distance_gap_m|possible_issue_type,route_geometry_self_near_context_not_fork_inventory,False,False,self_near_or_geometry_artifact_not_governed_fork_source,Geometry proximity can flag artifacts or loops but is not enough to define a decision point.
outputs\ib0d_trimmed_mainline_forced_required_way_test\qixing_lengshuikeng_main_peak_20260523\qixing_lengshuikeng_main_peak_20260523_mainline_self_near_zones.csv,True,3,zone_type|pair_count|dist_a_min_m|dist_a_max_m|dist_b_min_m|dist_b_max_m|spatial_distance_min_m|spatial_distance_avg_m|spatial_distance_max_m|route_gap_min_m|route_gap_avg_m|route_gap_max_m|min_spatial_idx_a|min_spatial_dist_a_m|min_spatial_idx_b|min_spatial_dist_b_m|min_spatial_distance_m|min_spatial_route_gap_m|max_gap_idx_a|max_gap_dist_a_m|max_gap_idx_b|max_gap_dist_b_m|max_gap_spatial_distance_m|max_gap_route_gap_m,route_geometry_self_near_context_not_fork_inventory,False,False,self_near_or_geometry_artifact_not_governed_fork_source,Geometry proximity can flag artifacts or loops but is not enough to define a decision point.
outputs\ib0d_trimmed_mainline_forced_required_way_test\qixing_lengshuikeng_main_peak_20260523\qixing_lengshuikeng_main_peak_20260523_mainline_trim_summary.csv,True,1,case_id|input_ordered_path|input_anchor|trim_mode|trim_reason|is_same_entry_exit|same_entry_policy|same_entry_trim_applied|same_entry_anchor_hits_n|same_entry_anchor_first_m|same_entry_anchor_last_m|same_entry_leading_threshold_m|same_entry_anchor_match_radius_m|original_len_m|start_proj_m|end_proj_m|start_end_proj_diff_m|trim_start_m|trim_end_m|trimmed_len_m|removed_head_m|removed_tail_m|start_anchor_source|start_anchor_name|start_anchor_offset_m|end_anchor_source|end_anchor_name|end_anchor_offset_m|route_point_count|self_near_pair_count|self_near_zone_count|self_near_spatial_threshold_m|self_near_route_gap_threshold_m,route_geometry_self_near_context_not_fork_inventory,False,False,self_near_or_geometry_artifact_not_governed_fork_source,Geometry proximity can flag artifacts or loops but is not enough to define a decision point.
outputs\ib0d_trimmed_mainline_v1_1\qixing_lengshuikeng_main_peak_20260523\qixing_lengshuikeng_main_peak_20260523_mainline_trim_summary.csv,True,1,case_id|input_ordered_path|input_anchor|trim_mode|trim_reason|is_same_entry_exit|same_entry_policy|same_entry_trim_applied|same_entry_anchor_hits_n|same_entry_anchor_first_m|same_entry_anchor_last_m|same_entry_leading_threshold_m|same_entry_anchor_match_radius_m|original_len_m|start_proj_m|end_proj_m|start_end_proj_diff_m|trim_start_m|trim_end_m|trimmed_len_m|removed_head_m|removed_tail_m|start_anchor_source|start_anchor_name|start_anchor_offset_m|end_anchor_source|end_anchor_name|end_anchor_offset_m,other_context_not_fork_inventory,False,False,no_governed_fork_topology_fields_found,"No node-degree, edge adjacency, or parseable fork/decision-point inventory fields found."
outputs\ib0d_trimmed_mainline_v1_1\qixing_xiaoyoukeng_main_peak_20260315\qixing_xiaoyoukeng_main_peak_20260315_mainline_trim_summary.csv,True,1,case_id|input_ordered_path|input_anchor|trim_mode|trim_reason|is_same_entry_exit|same_entry_policy|same_entry_trim_applied|same_entry_anchor_hits_n|same_entry_anchor_first_m|same_entry_anchor_last_m|same_entry_leading_threshold_m|same_entry_anchor_match_radius_m|original_len_m|start_proj_m|end_proj_m|start_end_proj_diff_m|trim_start_m|trim_end_m|trimmed_len_m|removed_head_m|removed_tail_m|start_anchor_source|start_anchor_name|start_anchor_offset_m|end_anchor_source|end_anchor_name|end_anchor_offset_m,other_context_not_fork_inventory,False,False,no_governed_fork_topology_fields_found,"No node-degree, edge adjacency, or parseable fork/decision-point inventory fields found."
outputs\ib0d_trimmed_mainline_v1_3b_control_points_only\juansi_waterfall_fitcsv_20260503_osmrefresh_v1_3b\juansi_waterfall_fitcsv_20260503_osmrefresh_v1_3b_mainline_ordered_path_trimmed_route_points.csv,True,3697,route_point_index|route_dist_m|lat|lon,route_semantic_context_not_fork_inventory,False,False,semantic_context_lacks_governed_topology_or_node_degree,Guidepost/facility/OSM semantics are useful context but cannot be counted as forks without topology.
outputs\ib0d_trimmed_mainline_v1_3b_control_points_only\juansi_waterfall_fitcsv_20260503_osmrefresh_v1_3b\juansi_waterfall_fitcsv_20260503_osmrefresh_v1_3b_mainline_self_near_pairs.csv,True,0,idx_a|dist_a_m|idx_b|dist_b_m|spatial_distance_m|route_distance_gap_m|possible_issue_type,route_geometry_self_near_context_not_fork_inventory,False,False,self_near_or_geometry_artifact_not_governed_fork_source,Geometry proximity can flag artifacts or loops but is not enough to define a decision point.
outputs\ib0d_trimmed_mainline_v1_3b_control_points_only\juansi_waterfall_fitcsv_20260503_osmrefresh_v1_3b\juansi_waterfall_fitcsv_20260503_osmrefresh_v1_3b_mainline_self_near_zones.csv,True,0,,route_geometry_self_near_context_not_fork_inventory,False,False,self_near_or_geometry_artifact_not_governed_fork_source,Geometry proximity can flag artifacts or loops but is not enough to define a decision point.
outputs\ib0d_trimmed_mainline_v1_3b_control_points_only\juansi_waterfall_fitcsv_20260503_osmrefresh_v1_3b\juansi_waterfall_fitcsv_20260503_osmrefresh_v1_3b_mainline_trim_summary.csv,True,1,case_id|input_ordered_path|input_anchor|trim_mode|trim_reason|is_same_entry_exit|same_entry_policy|same_entry_trim_applied|same_entry_anchor_hits_n|same_entry_anchor_first_m|same_entry_anchor_last_m|same_entry_leading_threshold_m|same_entry_anchor_match_radius_m|original_len_m|start_proj_m|end_proj_m|start_end_proj_diff_m|trim_start_m|trim_end_m|trimmed_len_m|removed_head_m|removed_tail_m|start_anchor_source|start_anchor_name|start_anchor_offset_m|end_anchor_source|end_anchor_name|end_anchor_offset_m|route_point_count|self_near_pair_count|self_near_zone_count|self_near_spatial_threshold_m|self_near_route_gap_threshold_m,route_geometry_self_near_context_not_fork_inventory,False,False,self_near_or_geometry_artifact_not_governed_fork_source,Geometry proximity can flag artifacts or loops but is not enough to define a decision point.
outputs\ib0d_trimmed_mainline_v1_3b_control_points_only\qixing_lengshuikeng_main_peak_20260523_osmrefresh_v1_3b\qixing_lengshuikeng_main_peak_20260523_osmrefresh_v1_3b_mainline_ordered_path_trimmed_route_points.csv,True,4189,route_point_index|route_dist_m|lat|lon,route_semantic_context_not_fork_inventory,False,False,semantic_context_lacks_governed_topology_or_node_degree,Guidepost/facility/OSM semantics are useful context but cannot be counted as forks without topology.
outputs\ib0d_trimmed_mainline_v1_3b_control_points_only\qixing_lengshuikeng_main_peak_20260523_osmrefresh_v1_3b\qixing_lengshuikeng_main_peak_20260523_osmrefresh_v1_3b_mainline_self_near_pairs.csv,True,58038,idx_a|dist_a_m|idx_b|dist_b_m|spatial_distance_m|route_distance_gap_m|possible_issue_type,route_geometry_self_near_context_not_fork_inventory,False,False,self_near_or_geometry_artifact_not_governed_fork_source,Geometry proximity can flag artifacts or loops but is not enough to define a decision point.
outputs\ib0d_trimmed_mainline_v1_3b_control_points_only\qixing_lengshuikeng_main_peak_20260523_osmrefresh_v1_3b\qixing_lengshuikeng_main_peak_20260523_osmrefresh_v1_3b_mainline_self_near_zones.csv,True,3,zone_type|pair_count|dist_a_min_m|dist_a_max_m|dist_b_min_m|dist_b_max_m|spatial_distance_min_m|spatial_distance_avg_m|spatial_distance_max_m|route_gap_min_m|route_gap_avg_m|route_gap_max_m|min_spatial_idx_a|min_spatial_dist_a_m|min_spatial_idx_b|min_spatial_dist_b_m|min_spatial_distance_m|min_spatial_route_gap_m|max_gap_idx_a|max_gap_dist_a_m|max_gap_idx_b|max_gap_dist_b_m|max_gap_spatial_distance_m|max_gap_route_gap_m,route_geometry_self_near_context_not_fork_inventory,False,False,self_near_or_geometry_artifact_not_governed_fork_source,Geometry proximity can flag artifacts or loops but is not enough to define a decision point.
outputs\ib0d_trimmed_mainline_v1_3b_control_points_only\qixing_lengshuikeng_main_peak_20260523_osmrefresh_v1_3b\qixing_lengshuikeng_main_peak_20260523_osmrefresh_v1_3b_mainline_trim_summary.csv,True,1,case_id|input_ordered_path|input_anchor|trim_mode|trim_reason|is_same_entry_exit|same_entry_policy|same_entry_trim_applied|same_entry_anchor_hits_n|same_entry_anchor_first_m|same_entry_anchor_last_m|same_entry_leading_threshold_m|same_entry_anchor_match_radius_m|original_len_m|start_proj_m|end_proj_m|start_end_proj_diff_m|trim_start_m|trim_end_m|trimmed_len_m|removed_head_m|removed_tail_m|start_anchor_source|start_anchor_name|start_anchor_offset_m|end_anchor_source|end_anchor_name|end_anchor_offset_m|route_point_count|self_near_pair_count|self_near_zone_count|self_near_spatial_threshold_m|self_near_route_gap_threshold_m,route_geometry_self_near_context_not_fork_inventory,False,False,self_near_or_geometry_artifact_not_governed_fork_source,Geometry proximity can flag artifacts or loops but is not enough to define a decision point.
outputs\ib0d_trimmed_mainline_v1_3b_control_points_only\qixing_xiaoyoukeng_main_peak_20260315_osmrefresh_v1_3b\qixing_xiaoyoukeng_main_peak_20260315_osmrefresh_v1_3b_mainline_ordered_path_trimmed_route_points.csv,True,3247,route_point_index|route_dist_m|lat|lon,route_semantic_context_not_fork_inventory,False,False,semantic_context_lacks_governed_topology_or_node_degree,Guidepost/facility/OSM semantics are useful context but cannot be counted as forks without topology.
outputs\ib0d_trimmed_mainline_v1_3b_control_points_only\qixing_xiaoyoukeng_main_peak_20260315_osmrefresh_v1_3b\qixing_xiaoyoukeng_main_peak_20260315_osmrefresh_v1_3b_mainline_self_near_pairs.csv,True,34366,idx_a|dist_a_m|idx_b|dist_b_m|spatial_distance_m|route_distance_gap_m|possible_issue_type,route_geometry_self_near_context_not_fork_inventory,False,False,self_near_or_geometry_artifact_not_governed_fork_source,Geometry proximity can flag artifacts or loops but is not enough to define a decision point.
outputs\ib0d_trimmed_mainline_v1_3b_control_points_only\qixing_xiaoyoukeng_main_peak_20260315_osmrefresh_v1_3b\qixing_xiaoyoukeng_main_peak_20260315_osmrefresh_v1_3b_mainline_self_near_zones.csv,True,2,zone_type|pair_count|dist_a_min_m|dist_a_max_m|dist_b_min_m|dist_b_max_m|spatial_distance_min_m|spatial_distance_avg_m|spatial_distance_max_m|route_gap_min_m|route_gap_avg_m|route_gap_max_m|min_spatial_idx_a|min_spatial_dist_a_m|min_spatial_idx_b|min_spatial_dist_b_m|min_spatial_distance_m|min_spatial_route_gap_m|max_gap_idx_a|max_gap_dist_a_m|max_gap_idx_b|max_gap_dist_b_m|max_gap_spatial_distance_m|max_gap_route_gap_m,route_geometry_self_near_context_not_fork_inventory,False,False,self_near_or_geometry_artifact_not_governed_fork_source,Geometry proximity can flag artifacts or loops but is not enough to define a decision point.
outputs\ib0d_trimmed_mainline_v1_3b_control_points_only\qixing_xiaoyoukeng_main_peak_20260315_osmrefresh_v1_3b\qixing_xiaoyoukeng_main_peak_20260315_osmrefresh_v1_3b_mainline_trim_summary.csv,True,1,case_id|input_ordered_path|input_anchor|trim_mode|trim_reason|is_same_entry_exit|same_entry_policy|same_entry_trim_applied|same_entry_anchor_hits_n|same_entry_anchor_first_m|same_entry_anchor_last_m|same_entry_leading_threshold_m|same_entry_anchor_match_radius_m|original_len_m|start_proj_m|end_proj_m|start_end_proj_diff_m|trim_start_m|trim_end_m|trimmed_len_m|removed_head_m|removed_tail_m|start_anchor_source|start_anchor_name|start_anchor_offset_m|end_anchor_source|end_anchor_name|end_anchor_offset_m|route_point_count|self_near_pair_count|self_near_zone_count|self_near_spatial_threshold_m|self_near_route_gap_threshold_m,route_geometry_self_near_context_not_fork_inventory,False,False,self_near_or_geometry_artifact_not_governed_fork_source,Geometry proximity can flag artifacts or loops but is not enough to define a decision point.
outputs\ib0d_trimmed_mainline_v1_3b_control_points_only\zhonghua_ust_jiuwufeng_roundtrip_biji_osmrefresh_v1_3b\zhonghua_ust_jiuwufeng_roundtrip_biji_osmrefresh_v1_3b_mainline_ordered_path_trimmed_route_points.csv,True,5449,route_point_index|route_dist_m|lat|lon,route_semantic_context_not_fork_inventory,False,False,semantic_context_lacks_governed_topology_or_node_degree,Guidepost/facility/OSM semantics are useful context but cannot be counted as forks without topology.
outputs\ib0d_trimmed_mainline_v1_3b_control_points_only\zhonghua_ust_jiuwufeng_roundtrip_biji_osmrefresh_v1_3b\zhonghua_ust_jiuwufeng_roundtrip_biji_osmrefresh_v1_3b_mainline_self_near_pairs.csv,True,54805,idx_a|dist_a_m|idx_b|dist_b_m|spatial_distance_m|route_distance_gap_m|possible_issue_type,route_geometry_self_near_context_not_fork_inventory,False,False,self_near_or_geometry_artifact_not_governed_fork_source,Geometry proximity can flag artifacts or loops but is not enough to define a decision point.
outputs\ib0d_trimmed_mainline_v1_3b_control_points_only\zhonghua_ust_jiuwufeng_roundtrip_biji_osmrefresh_v1_3b\zhonghua_ust_jiuwufeng_roundtrip_biji_osmrefresh_v1_3b_mainline_self_near_zones.csv,True,2,zone_type|pair_count|dist_a_min_m|dist_a_max_m|dist_b_min_m|dist_b_max_m|spatial_distance_min_m|spatial_distance_avg_m|spatial_distance_max_m|route_gap_min_m|route_gap_avg_m|route_gap_max_m|min_spatial_idx_a|min_spatial_dist_a_m|min_spatial_idx_b|min_spatial_dist_b_m|min_spatial_distance_m|min_spatial_route_gap_m|max_gap_idx_a|max_gap_dist_a_m|max_gap_idx_b|max_gap_dist_b_m|max_gap_spatial_distance_m|max_gap_route_gap_m,route_geometry_self_near_context_not_fork_inventory,False,False,self_near_or_geometry_artifact_not_governed_fork_source,Geometry proximity can flag artifacts or loops but is not enough to define a decision point.
outputs\ib0d_trimmed_mainline_v1_3b_control_points_only\zhonghua_ust_jiuwufeng_roundtrip_biji_osmrefresh_v1_3b\zhonghua_ust_jiuwufeng_roundtrip_biji_osmrefresh_v1_3b_mainline_trim_summary.csv,True,1,case_id|input_ordered_path|input_anchor|trim_mode|trim_reason|is_same_entry_exit|same_entry_policy|same_entry_trim_applied|same_entry_anchor_hits_n|same_entry_anchor_first_m|same_entry_anchor_last_m|same_entry_leading_threshold_m|same_entry_anchor_match_radius_m|original_len_m|start_proj_m|end_proj_m|start_end_proj_diff_m|trim_start_m|trim_end_m|trimmed_len_m|removed_head_m|removed_tail_m|start_anchor_source|start_anchor_name|start_anchor_offset_m|end_anchor_source|end_anchor_name|end_anchor_offset_m|route_point_count|self_near_pair_count|self_near_zone_count|self_near_spatial_threshold_m|self_near_route_gap_threshold_m,route_geometry_self_near_context_not_fork_inventory,False,False,self_near_or_geometry_artifact_not_governed_fork_source,Geometry proximity can flag artifacts or loops but is not enough to define a decision point.
outputs\ib0d_trimmed_mainline_v1_3b_control_points_only_contract_qa\_ib0d_v1_3b_contract_case_status.csv,True,1,case_id|status|hard_fail_reasons|warnings|out_dir,other_context_not_fork_inventory,False,False,no_governed_fork_topology_fields_found,"No node-degree, edge adjacency, or parseable fork/decision-point inventory fields found."
outputs\ib0d_trimmed_mainline_v1_3b_control_points_only_contract_qa\ib0d_v1_3b_contract_qa_summary_all.csv,True,1,case_id|status|contract|canonical_input_ordered_path|route_axis_control_point_authority|legacy_ib0c_anchor_authority|trim_mode|original_len_m|trim_start_m|trim_end_m|trimmed_len_m|control_point_count|max_control_offset_m|route_point_count|self_near_pair_count|expected_self_near_pair_count|unexpected_self_near_pair_count|hard_fail_reasons|warnings|safe_for_ib1a_ib1c_ib1g_ib1e,route_geometry_self_near_context_not_fork_inventory,False,False,self_near_or_geometry_artifact_not_governed_fork_source,Geometry proximity can flag artifacts or loops but is not enough to define a decision point.
outputs\ib0d_trimmed_mainline_v1_3b_control_points_only_contract_qa\juansi_waterfall_fitcsv_20260503_osmrefresh_v1_3b\control_point_projection.csv,True,3,case_id|control_id|control_role|phase|name|lat|lon|required|order|route_action|note|projection_ok|projection_offset_to_osm_m|matched_id_text|osm_way_id_current|osm_id_current|highway|name_osm|route_role|match_score|overlap_ratio|projected_lat|projected_lon|projected_route_dist_m|nearest_ordered_path_offset_m|ordered_path_length_m|included_in_required_way|projection_method|search_window_start_m|search_window_end_m|route_point_warning|contract_projected_route_dist_m|contract_nearest_ordered_path_offset_m,route_geometry_self_near_context_not_fork_inventory,False,False,self_near_or_geometry_artifact_not_governed_fork_source,Geometry proximity can flag artifacts or loops but is not enough to define a decision point.
outputs\ib0d_trimmed_mainline_v1_3b_control_points_only_contract_qa\juansi_waterfall_fitcsv_20260503_osmrefresh_v1_3b\juansi_waterfall_fitcsv_20260503_osmrefresh_v1_3b_mainline_ordered_path_trimmed_route_points.csv,True,3697,route_point_index|route_dist_m|lat|lon,route_semantic_context_not_fork_inventory,False,False,semantic_context_lacks_governed_topology_or_node_degree,Guidepost/facility/OSM semantics are useful context but cannot be counted as forks without topology.
outputs\ib0d_trimmed_mainline_v1_3b_control_points_only_contract_qa\juansi_waterfall_fitcsv_20260503_osmrefresh_v1_3b\juansi_waterfall_fitcsv_20260503_osmrefresh_v1_3b_mainline_self_near_pairs.csv,True,0,idx_a|dist_a_m|idx_b|dist_b_m|spatial_distance_m|route_distance_gap_m|classification,route_geometry_self_near_context_not_fork_inventory,False,False,self_near_or_geometry_artifact_not_governed_fork_source,Geometry proximity can flag artifacts or loops but is not enough to define a decision point.
outputs\ib0d_trimmed_mainline_v1_3b_control_points_only_contract_qa\juansi_waterfall_fitcsv_20260503_osmrefresh_v1_3b\juansi_waterfall_fitcsv_20260503_osmrefresh_v1_3b_mainline_self_near_zones.csv,True,0,,route_geometry_self_near_context_not_fork_inventory,False,False,self_near_or_geometry_artifact_not_governed_fork_source,Geometry proximity can flag artifacts or loops but is not enough to define a decision point.
outputs\ib0d_trimmed_mainline_v1_3b_control_points_only_contract_qa\juansi_waterfall_fitcsv_20260503_osmrefresh_v1_3b\juansi_waterfall_fitcsv_20260503_osmrefresh_v1_3b_mainline_trim_summary.csv,True,1,case_id|status|contract|canonical_input_ordered_path|route_axis_control_point_authority|legacy_ib0c_anchor_authority|trim_mode|original_len_m|trim_start_m|trim_end_m|trimmed_len_m|control_point_count|max_control_offset_m|route_point_count|self_near_pair_count|expected_self_near_pair_count|unexpected_self_near_pair_count|hard_fail_reasons|warnings|safe_for_ib1a_ib1c_ib1g_ib1e,route_geometry_self_near_context_not_fork_inventory,False,False,self_near_or_geometry_artifact_not_governed_fork_source,Geometry proximity can flag artifacts or loops but is not enough to define a decision point.
outputs\ib0d_trimmed_mainline_v1_3b_control_points_only_contract_qa\juansi_waterfall_fitcsv_20260503_osmrefresh_v1_3b\juansi_waterfall_fitcsv_20260503_osmrefresh_v1_3b_route_definition_control_points_contract_projection.csv,True,3,case_id|control_id|control_role|phase|name|lat|lon|required|order|route_action|note|projection_ok|projection_offset_to_osm_m|matched_id_text|osm_way_id_current|osm_id_current|highway|name_osm|route_role|match_score|overlap_ratio|projected_lat|projected_lon|projected_route_dist_m|nearest_ordered_path_offset_m|ordered_path_length_m|included_in_required_way|projection_method|search_window_start_m|search_window_end_m|route_point_warning|contract_projected_route_dist_m|contract_nearest_ordered_path_offset_m,route_geometry_self_near_context_not_fork_inventory,False,False,self_near_or_geometry_artifact_not_governed_fork_source,Geometry proximity can flag artifacts or loops but is not enough to define a decision point.
outputs\ib0d_trimmed_mainline_v1_3b_control_points_only_contract_qa\juansi_waterfall_fitcsv_20260503_osmrefresh_v1_3b\route_points.csv,True,3697,route_point_index|route_dist_m|lat|lon,route_semantic_context_not_fork_inventory,False,False,semantic_context_lacks_governed_topology_or_node_degree,Guidepost/facility/OSM semantics are useful context but cannot be counted as forks without topology.
outputs\ib0d_trimmed_mainline_v1_3b_control_points_only_contract_qa\juansi_waterfall_fitcsv_20260503_osmrefresh_v1_3b\self_near_pairs.csv,True,0,idx_a|dist_a_m|idx_b|dist_b_m|spatial_distance_m|route_distance_gap_m|classification,route_geometry_self_near_context_not_fork_inventory,False,False,self_near_or_geometry_artifact_not_governed_fork_source,Geometry proximity can flag artifacts or loops but is not enough to define a decision point.
outputs\ib0d_trimmed_mainline_v1_3b_control_points_only_contract_qa\juansi_waterfall_fitcsv_20260503_osmrefresh_v1_3b\self_near_zones.csv,True,0,,route_geometry_self_near_context_not_fork_inventory,False,False,self_near_or_geometry_artifact_not_governed_fork_source,Geometry proximity can flag artifacts or loops but is not enough to define a decision point.
outputs\ib0d_trimmed_mainline_v1_3b_control_points_only_contract_qa\juansi_waterfall_fitcsv_20260503_osmrefresh_v1_3b\trim_summary.csv,True,1,case_id|status|contract|canonical_input_ordered_path|route_axis_control_point_authority|legacy_ib0c_anchor_authority|trim_mode|original_len_m|trim_start_m|trim_end_m|trimmed_len_m|control_point_count|max_control_offset_m|route_point_count|self_near_pair_count|expected_self_near_pair_count|unexpected_self_near_pair_count|hard_fail_reasons|warnings|safe_for_ib1a_ib1c_ib1g_ib1e,route_geometry_self_near_context_not_fork_inventory,False,False,self_near_or_geometry_artifact_not_governed_fork_source,Geometry proximity can flag artifacts or loops but is not enough to define a decision point.
outputs\ib0d_trimmed_mainline_v1_3b_control_points_only_contract_qa\qixing_lengshuikeng_main_peak_20260523_osmrefresh_v1_3b\control_point_projection.csv,True,5,case_id|control_id|control_role|phase|name|lat|lon|required|order|route_action|note|projection_ok|projection_offset_to_osm_m|matched_id_text|osm_way_id_current|osm_id_current|highway|name_osm|route_role|match_score|overlap_ratio|projected_lat|projected_lon|projected_route_dist_m|nearest_ordered_path_offset_m|ordered_path_length_m|included_in_required_way|projection_method|search_window_start_m|search_window_end_m|route_point_warning|contract_projected_route_dist_m|contract_nearest_ordered_path_offset_m,route_geometry_self_near_context_not_fork_inventory,False,False,self_near_or_geometry_artifact_not_governed_fork_source,Geometry proximity can flag artifacts or loops but is not enough to define a decision point.
outputs\ib0d_trimmed_mainline_v1_3b_control_points_only_contract_qa\qixing_lengshuikeng_main_peak_20260523_osmrefresh_v1_3b\route_points.csv,True,4189,route_point_index|route_dist_m|lat|lon,route_semantic_context_not_fork_inventory,False,False,semantic_context_lacks_governed_topology_or_node_degree,Guidepost/facility/OSM semantics are useful context but cannot be counted as forks without topology.
outputs\ib0d_trimmed_mainline_v1_3b_control_points_only_contract_qa\qixing_lengshuikeng_main_peak_20260523_osmrefresh_v1_3b\self_near_pairs.csv,True,58038,idx_a|dist_a_m|idx_b|dist_b_m|spatial_distance_m|route_distance_gap_m|classification,route_geometry_self_near_context_not_fork_inventory,False,False,self_near_or_geometry_artifact_not_governed_fork_source,Geometry proximity can flag artifacts or loops but is not enough to define a decision point.
outputs\ib0d_trimmed_mainline_v1_3b_control_points_only_contract_qa\qixing_lengshuikeng_main_peak_20260523_osmrefresh_v1_3b\self_near_zones.csv,True,1,classification|pair_count|dist_a_min_m|dist_a_max_m|dist_b_min_m|dist_b_max_m|spatial_distance_min_m|route_gap_max_m,route_geometry_self_near_context_not_fork_inventory,False,False,self_near_or_geometry_artifact_not_governed_fork_source,Geometry proximity can flag artifacts or loops but is not enough to define a decision point.
outputs\ib0d_trimmed_mainline_v1_3b_control_points_only_contract_qa\qixing_lengshuikeng_main_peak_20260523_osmrefresh_v1_3b\trim_summary.csv,True,1,case_id|status|contract|canonical_input_ordered_path|route_axis_control_point_authority|legacy_ib0c_anchor_authority|trim_mode|original_len_m|trim_start_m|trim_end_m|trimmed_len_m|control_point_count|max_control_offset_m|route_point_count|self_near_pair_count|expected_self_near_pair_count|unexpected_self_near_pair_count|hard_fail_reasons|warnings|safe_for_ib1a_ib1c_ib1g_ib1e,route_geometry_self_near_context_not_fork_inventory,False,False,self_near_or_geometry_artifact_not_governed_fork_source,Geometry proximity can flag artifacts or loops but is not enough to define a decision point.
outputs\ib0d_trimmed_mainline_v1_3b_control_points_only_contract_qa\qixing_lengshuikeng_xiaoyoukeng_gpx_osmrefresh_v1_3b\control_point_projection.csv,True,3,case_id|control_id|control_role|phase|name|lat|lon|required|order|route_action|note|projection_ok|projection_offset_to_osm_m|matched_id_text|osm_way_id_current|osm_id_current|highway|name_osm|route_role|match_score|overlap_ratio|projected_lat|projected_lon|projected_route_dist_m|nearest_ordered_path_offset_m|ordered_path_length_m|included_in_required_way|projection_method|search_window_start_m|search_window_end_m|route_point_warning|contract_projected_route_dist_m|contract_nearest_ordered_path_offset_m,route_geometry_self_near_context_not_fork_inventory,False,False,self_near_or_geometry_artifact_not_governed_fork_source,Geometry proximity can flag artifacts or loops but is not enough to define a decision point.
outputs\ib0d_trimmed_mainline_v1_3b_control_points_only_contract_qa\qixing_lengshuikeng_xiaoyoukeng_gpx_osmrefresh_v1_3b\route_points.csv,True,3697,route_point_index|route_dist_m|lat|lon,route_semantic_context_not_fork_inventory,False,False,semantic_context_lacks_governed_topology_or_node_degree,Guidepost/facility/OSM semantics are useful context but cannot be counted as forks without topology.
outputs\ib0d_trimmed_mainline_v1_3b_control_points_only_contract_qa\qixing_lengshuikeng_xiaoyoukeng_gpx_osmrefresh_v1_3b\self_near_pairs.csv,True,0,idx_a|dist_a_m|idx_b|dist_b_m|spatial_distance_m|route_distance_gap_m|classification,route_geometry_self_near_context_not_fork_inventory,False,False,self_near_or_geometry_artifact_not_governed_fork_source,Geometry proximity can flag artifacts or loops but is not enough to define a decision point.
outputs\ib0d_trimmed_mainline_v1_3b_control_points_only_contract_qa\qixing_lengshuikeng_xiaoyoukeng_gpx_osmrefresh_v1_3b\self_near_zones.csv,True,0,,route_geometry_self_near_context_not_fork_inventory,False,False,self_near_or_geometry_artifact_not_governed_fork_source,Geometry proximity can flag artifacts or loops but is not enough to define a decision point.
outputs\ib0d_trimmed_mainline_v1_3b_control_points_only_contract_qa\qixing_lengshuikeng_xiaoyoukeng_gpx_osmrefresh_v1_3b\trim_summary.csv,True,1,case_id|status|contract|canonical_input_ordered_path|route_axis_control_point_authority|legacy_ib0c_anchor_authority|trim_mode|original_len_m|trim_start_m|trim_end_m|trimmed_len_m|control_point_count|max_control_offset_m|route_point_count|self_near_pair_count|expected_self_near_pair_count|unexpected_self_near_pair_count|hard_fail_reasons|warnings|safe_for_ib1a_ib1c_ib1g_ib1e,route_geometry_self_near_context_not_fork_inventory,False,False,self_near_or_geometry_artifact_not_governed_fork_source,Geometry proximity can flag artifacts or loops but is not enough to define a decision point.
outputs\ib0d_trimmed_mainline_v1_3b_control_points_only_contract_qa\qixing_xiaoyoukeng_main_peak_20260315_osmrefresh_v1_3b\control_point_projection.csv,True,9,case_id|control_id|control_role|phase|name|lat|lon|required|order|route_action|note|projection_ok|projection_offset_to_osm_m|matched_id_text|osm_way_id_current|osm_id_current|highway|name_osm|route_role|match_score|overlap_ratio|projected_lat|projected_lon|projected_route_dist_m|nearest_ordered_path_offset_m|ordered_path_length_m|included_in_required_way|projection_method|search_window_start_m|search_window_end_m|route_point_warning|contract_projected_route_dist_m|contract_nearest_ordered_path_offset_m,route_geometry_self_near_context_not_fork_inventory,False,False,self_near_or_geometry_artifact_not_governed_fork_source,Geometry proximity can flag artifacts or loops but is not enough to define a decision point.
outputs\ib0d_trimmed_mainline_v1_3b_control_points_only_contract_qa\qixing_xiaoyoukeng_main_peak_20260315_osmrefresh_v1_3b\route_points.csv,True,3247,route_point_index|route_dist_m|lat|lon,route_semantic_context_not_fork_inventory,False,False,semantic_context_lacks_governed_topology_or_node_degree,Guidepost/facility/OSM semantics are useful context but cannot be counted as forks without topology.
outputs\ib0d_trimmed_mainline_v1_3b_control_points_only_contract_qa\qixing_xiaoyoukeng_main_peak_20260315_osmrefresh_v1_3b\self_near_pairs.csv,True,34366,idx_a|dist_a_m|idx_b|dist_b_m|spatial_distance_m|route_distance_gap_m|classification,route_geometry_self_near_context_not_fork_inventory,False,False,self_near_or_geometry_artifact_not_governed_fork_source,Geometry proximity can flag artifacts or loops but is not enough to define a decision point.
outputs\ib0d_trimmed_mainline_v1_3b_control_points_only_contract_qa\qixing_xiaoyoukeng_main_peak_20260315_osmrefresh_v1_3b\self_near_zones.csv,True,1,classification|pair_count|dist_a_min_m|dist_a_max_m|dist_b_min_m|dist_b_max_m|spatial_distance_min_m|route_gap_max_m,route_geometry_self_near_context_not_fork_inventory,False,False,self_near_or_geometry_artifact_not_governed_fork_source,Geometry proximity can flag artifacts or loops but is not enough to define a decision point.
outputs\ib0d_trimmed_mainline_v1_3b_control_points_only_contract_qa\qixing_xiaoyoukeng_main_peak_20260315_osmrefresh_v1_3b\trim_summary.csv,True,1,case_id|status|contract|canonical_input_ordered_path|route_axis_control_point_authority|legacy_ib0c_anchor_authority|trim_mode|original_len_m|trim_start_m|trim_end_m|trimmed_len_m|control_point_count|max_control_offset_m|route_point_count|self_near_pair_count|expected_self_near_pair_count|unexpected_self_near_pair_count|hard_fail_reasons|warnings|safe_for_ib1a_ib1c_ib1g_ib1e,route_geometry_self_near_context_not_fork_inventory,False,False,self_near_or_geometry_artifact_not_governed_fork_source,Geometry proximity can flag artifacts or loops but is not enough to define a decision point.
outputs\ib0d_trimmed_mainline_v1_3b_control_points_only_contract_qa\zhonghua_ust_jiuwufeng_roundtrip_biji_osmrefresh_v1_3b\control_point_projection.csv,True,3,case_id|control_id|control_role|phase|name|lat|lon|required|order|route_action|note|projection_ok|projection_offset_to_osm_m|matched_id_text|osm_way_id_current|osm_id_current|highway|name_osm|route_role|match_score|overlap_ratio|projected_lat|projected_lon|projected_route_dist_m|nearest_ordered_path_offset_m|ordered_path_length_m|included_in_required_way|projection_method|search_window_start_m|search_window_end_m|route_point_warning|contract_projected_route_dist_m|contract_nearest_ordered_path_offset_m,route_geometry_self_near_context_not_fork_inventory,False,False,self_near_or_geometry_artifact_not_governed_fork_source,Geometry proximity can flag artifacts or loops but is not enough to define a decision point.
outputs\ib0d_trimmed_mainline_v1_3b_control_points_only_contract_qa\zhonghua_ust_jiuwufeng_roundtrip_biji_osmrefresh_v1_3b\route_points.csv,True,5449,route_point_index|route_dist_m|lat|lon,route_semantic_context_not_fork_inventory,False,False,semantic_context_lacks_governed_topology_or_node_degree,Guidepost/facility/OSM semantics are useful context but cannot be counted as forks without topology.
outputs\ib0d_trimmed_mainline_v1_3b_control_points_only_contract_qa\zhonghua_ust_jiuwufeng_roundtrip_biji_osmrefresh_v1_3b\self_near_pairs.csv,True,54805,idx_a|dist_a_m|idx_b|dist_b_m|spatial_distance_m|route_distance_gap_m|classification,route_geometry_self_near_context_not_fork_inventory,False,False,self_near_or_geometry_artifact_not_governed_fork_source,Geometry proximity can flag artifacts or loops but is not enough to define a decision point.
outputs\ib0d_trimmed_mainline_v1_3b_control_points_only_contract_qa\zhonghua_ust_jiuwufeng_roundtrip_biji_osmrefresh_v1_3b\self_near_zones.csv,True,1,classification|pair_count|dist_a_min_m|dist_a_max_m|dist_b_min_m|dist_b_max_m|spatial_distance_min_m|route_gap_max_m,route_geometry_self_near_context_not_fork_inventory,False,False,self_near_or_geometry_artifact_not_governed_fork_source,Geometry proximity can flag artifacts or loops but is not enough to define a decision point.
outputs\ib0d_trimmed_mainline_v1_3b_control_points_only_contract_qa\zhonghua_ust_jiuwufeng_roundtrip_biji_osmrefresh_v1_3b\trim_summary.csv,True,1,case_id|status|contract|canonical_input_ordered_path|route_axis_control_point_authority|legacy_ib0c_anchor_authority|trim_mode|original_len_m|trim_start_m|trim_end_m|trimmed_len_m|control_point_count|max_control_offset_m|route_point_count|self_near_pair_count|expected_self_near_pair_count|unexpected_self_near_pair_count|hard_fail_reasons|warnings|safe_for_ib1a_ib1c_ib1g_ib1e,route_geometry_self_near_context_not_fork_inventory,False,False,self_near_or_geometry_artifact_not_governed_fork_source,Geometry proximity can flag artifacts or loops but is not enough to define a decision point.
outputs\ib0d_trimmed_mainline_v1_3b_qixing_via_corridor_repair_candidate\qixing_lengshuikeng_main_peak_20260523_osmrefresh_v1_3b\qixing_via_corridor_pruning_decision.csv,True,1,case_id|final_candidate_decision|geometry_continuous|route_dist_monotonic|via_distance_ok|length_ok|reversal_reduced|oscillation_reduced|removed_points_n|removed_dist_m|recommend_ib1a_ib1e_revalidation,route_semantic_context_not_fork_inventory,False,False,semantic_context_lacks_governed_topology_or_node_degree,Guidepost/facility/OSM semantics are useful context but cannot be counted as forks without topology.
outputs\ib0d_trimmed_mainline_v1_3b_qixing_via_corridor_repair_candidate\qixing_lengshuikeng_main_peak_20260523_osmrefresh_v1_3b\removed_route_points_pruned_candidate.csv,True,330,route_point_index|route_dist_m|lat|lon|prune_start_dist_m|prune_end_dist_m|prune_reason|source_problem_range,route_semantic_context_not_fork_inventory,False,False,semantic_context_lacks_governed_topology_or_node_degree,Guidepost/facility/OSM semantics are useful context but cannot be counted as forks without topology.
outputs\ib0d_trimmed_mainline_v1_3b_qixing_via_corridor_repair_candidate\qixing_lengshuikeng_main_peak_20260523_osmrefresh_v1_3b\route_points_pruned_candidate.csv,True,3859,route_point_index|route_dist_m|lat|lon|original_route_dist_m|segment_len_m|candidate_route_dist_m|bearing_deg|bearing_change_deg,route_semantic_context_not_fork_inventory,False,False,semantic_context_lacks_governed_topology_or_node_degree,Guidepost/facility/OSM semantics are useful context but cannot be counted as forks without topology.
outputs\ib1c_osm_semantic_audit\juansi_waterfall_fitcsv_20260503\juansi_waterfall_fitcsv_20260503_implemented_but_not_used_in_ib2.csv,True,67,semantic_group|source_field|source_value|derived_class|risk_domain|risk_meaning|risk_direction|base_score|weather_sensitive|needs_nlsc|needs_activity|implemented_in_ib1c|used_in_ib2|notes,activity_mapmatch_or_wrong_branch_diagnostic_not_fork_inventory,False,False,activity_behavior_diagnostic_not_route_decision_point_inventory,Activity diagnostics can validate consequences of forks but cannot define route-level fork exposure alone.
outputs\ib1c_osm_semantic_audit\juansi_waterfall_fitcsv_20260503\juansi_waterfall_fitcsv_20260503_mapping_defined_but_not_seen.csv,True,47,mapping_key|semantic_group|source_field|source_value|derived_class|risk_domain|base_score|implemented_in_ib1c|used_in_ib2|notes,other_context_not_fork_inventory,False,False,no_governed_fork_topology_fields_found,"No node-degree, edge adjacency, or parseable fork/decision-point inventory fields found."
outputs\ib1c_osm_semantic_audit\juansi_waterfall_fitcsv_20260503\juansi_waterfall_fitcsv_20260503_semantic_field_summary.csv,True,19,field|exists_in_ib1c_output|non_empty_n|unique_n|source_field_for_mapping|is_flag_field,other_context_not_fork_inventory,False,False,no_governed_fork_topology_fields_found,"No node-degree, edge adjacency, or parseable fork/decision-point inventory fields found."
outputs\ib1c_osm_semantic_audit\juansi_waterfall_fitcsv_20260503\juansi_waterfall_fitcsv_20260503_semantic_unmapped_values.csv,True,0,ib1c_field|source_field|observed_value|observed_n|mapping_key|has_mapping|note,other_context_not_fork_inventory,False,False,no_governed_fork_topology_fields_found,"No node-degree, edge adjacency, or parseable fork/decision-point inventory fields found."
outputs\ib1c_osm_semantic_audit\juansi_waterfall_fitcsv_20260503\juansi_waterfall_fitcsv_20260503_semantic_value_mapping_coverage.csv,True,20,ib1c_field|source_field|observed_value|observed_n|mapping_key|has_mapping|note,other_context_not_fork_inventory,False,False,no_governed_fork_topology_fields_found,"No node-degree, edge adjacency, or parseable fork/decision-point inventory fields found."
outputs\ib1c_osm_semantic_audit\qixing_lengshuikeng_main_peak_20260523\qixing_lengshuikeng_main_peak_20260523_implemented_but_not_used_in_ib2.csv,True,53,semantic_group|source_field|source_value|derived_class|risk_domain|risk_meaning|risk_direction|base_score|weather_sensitive|needs_nlsc|needs_activity|implemented_in_ib1c|used_in_ib2|notes,activity_mapmatch_or_wrong_branch_diagnostic_not_fork_inventory,False,False,activity_behavior_diagnostic_not_route_decision_point_inventory,Activity diagnostics can validate consequences of forks but cannot define route-level fork exposure alone.
outputs\ib1c_osm_semantic_audit\qixing_lengshuikeng_main_peak_20260523\qixing_lengshuikeng_main_peak_20260523_mapping_defined_but_not_seen.csv,True,37,mapping_key|semantic_group|source_field|source_value|derived_class|risk_domain|base_score|implemented_in_ib1c|used_in_ib2|notes,other_context_not_fork_inventory,False,False,no_governed_fork_topology_fields_found,"No node-degree, edge adjacency, or parseable fork/decision-point inventory fields found."
outputs\ib1c_osm_semantic_audit\qixing_lengshuikeng_main_peak_20260523\qixing_lengshuikeng_main_peak_20260523_semantic_field_summary.csv,True,19,field|exists_in_ib1c_output|non_empty_n|unique_n|source_field_for_mapping|is_flag_field,other_context_not_fork_inventory,False,False,no_governed_fork_topology_fields_found,"No node-degree, edge adjacency, or parseable fork/decision-point inventory fields found."
outputs\ib1c_osm_semantic_audit\qixing_lengshuikeng_main_peak_20260523\qixing_lengshuikeng_main_peak_20260523_semantic_unmapped_values.csv,True,0,ib1c_field|source_field|observed_value|observed_n|mapping_key|has_mapping|note,other_context_not_fork_inventory,False,False,no_governed_fork_topology_fields_found,"No node-degree, edge adjacency, or parseable fork/decision-point inventory fields found."
outputs\ib1c_osm_semantic_audit\qixing_lengshuikeng_main_peak_20260523\qixing_lengshuikeng_main_peak_20260523_semantic_value_mapping_coverage.csv,True,16,ib1c_field|source_field|observed_value|observed_n|mapping_key|has_mapping|note,other_context_not_fork_inventory,False,False,no_governed_fork_topology_fields_found,"No node-degree, edge adjacency, or parseable fork/decision-point inventory fields found."
outputs\ib1c_osm_semantic_audit\qixing_xiaoyoukeng_main_peak_20260315\qixing_xiaoyoukeng_main_peak_20260315_implemented_but_not_used_in_ib2.csv,True,53,semantic_group|source_field|source_value|derived_class|risk_domain|risk_meaning|risk_direction|base_score|weather_sensitive|needs_nlsc|needs_activity|implemented_in_ib1c|used_in_ib2|notes,activity_mapmatch_or_wrong_branch_diagnostic_not_fork_inventory,False,False,activity_behavior_diagnostic_not_route_decision_point_inventory,Activity diagnostics can validate consequences of forks but cannot define route-level fork exposure alone.
outputs\ib1c_osm_semantic_audit\qixing_xiaoyoukeng_main_peak_20260315\qixing_xiaoyoukeng_main_peak_20260315_mapping_defined_but_not_seen.csv,True,39,mapping_key|semantic_group|source_field|source_value|derived_class|risk_domain|base_score|implemented_in_ib1c|used_in_ib2|notes,other_context_not_fork_inventory,False,False,no_governed_fork_topology_fields_found,"No node-degree, edge adjacency, or parseable fork/decision-point inventory fields found."
outputs\ib1c_osm_semantic_audit\qixing_xiaoyoukeng_main_peak_20260315\qixing_xiaoyoukeng_main_peak_20260315_semantic_field_summary.csv,True,19,field|exists_in_ib1c_output|non_empty_n|unique_n|source_field_for_mapping|is_flag_field,other_context_not_fork_inventory,False,False,no_governed_fork_topology_fields_found,"No node-degree, edge adjacency, or parseable fork/decision-point inventory fields found."
outputs\ib1c_osm_semantic_audit\qixing_xiaoyoukeng_main_peak_20260315\qixing_xiaoyoukeng_main_peak_20260315_semantic_unmapped_values.csv,True,0,ib1c_field|source_field|observed_value|observed_n|mapping_key|has_mapping|note,other_context_not_fork_inventory,False,False,no_governed_fork_topology_fields_found,"No node-degree, edge adjacency, or parseable fork/decision-point inventory fields found."
outputs\ib1c_osm_semantic_audit\qixing_xiaoyoukeng_main_peak_20260315\qixing_xiaoyoukeng_main_peak_20260315_semantic_value_mapping_coverage.csv,True,14,ib1c_field|source_field|observed_value|observed_n|mapping_key|has_mapping|note,other_context_not_fork_inventory,False,False,no_governed_fork_topology_fields_found,"No node-degree, edge adjacency, or parseable fork/decision-point inventory fields found."
outputs\ib1c_osm_semantic_audit\zhonghua_ust_jiuwufeng_roundtrip_biji\zhonghua_ust_jiuwufeng_roundtrip_biji_implemented_but_not_used_in_ib2.csv,True,53,semantic_group|source_field|source_value|derived_class|risk_domain|risk_meaning|risk_direction|base_score|weather_sensitive|needs_nlsc|needs_activity|implemented_in_ib1c|used_in_ib2|notes,activity_mapmatch_or_wrong_branch_diagnostic_not_fork_inventory,False,False,activity_behavior_diagnostic_not_route_decision_point_inventory,Activity diagnostics can validate consequences of forks but cannot define route-level fork exposure alone.
outputs\ib1c_osm_semantic_audit\zhonghua_ust_jiuwufeng_roundtrip_biji\zhonghua_ust_jiuwufeng_roundtrip_biji_mapping_defined_but_not_seen.csv,True,35,mapping_key|semantic_group|source_field|source_value|derived_class|risk_domain|base_score|implemented_in_ib1c|used_in_ib2|notes,other_context_not_fork_inventory,False,False,no_governed_fork_topology_fields_found,"No node-degree, edge adjacency, or parseable fork/decision-point inventory fields found."
outputs\ib1c_osm_semantic_audit\zhonghua_ust_jiuwufeng_roundtrip_biji\zhonghua_ust_jiuwufeng_roundtrip_biji_semantic_field_summary.csv,True,19,field|exists_in_ib1c_output|non_empty_n|unique_n|source_field_for_mapping|is_flag_field,other_context_not_fork_inventory,False,False,no_governed_fork_topology_fields_found,"No node-degree, edge adjacency, or parseable fork/decision-point inventory fields found."
outputs\ib1c_osm_semantic_audit\zhonghua_ust_jiuwufeng_roundtrip_biji\zhonghua_ust_jiuwufeng_roundtrip_biji_semantic_unmapped_values.csv,True,1,ib1c_field|source_field|observed_value|observed_n|mapping_key|has_mapping|note,other_context_not_fork_inventory,False,False,no_governed_fork_topology_fields_found,"No node-degree, edge adjacency, or parseable fork/decision-point inventory fields found."
outputs\ib1c_osm_semantic_audit\zhonghua_ust_jiuwufeng_roundtrip_biji\zhonghua_ust_jiuwufeng_roundtrip_biji_semantic_value_mapping_coverage.csv,True,20,ib1c_field|source_field|observed_value|observed_n|mapping_key|has_mapping|note,other_context_not_fork_inventory,False,False,no_governed_fork_topology_fields_found,"No node-degree, edge adjacency, or parseable fork/decision-point inventory fields found."
outputs\ib1c_osm_semantic_audit_forced_required_way_test\qixing_lengshuikeng_main_peak_20260523\qixing_lengshuikeng_main_peak_20260523_implemented_but_not_used_in_ib2.csv,True,53,semantic_group|source_field|source_value|derived_class|risk_domain|risk_meaning|risk_direction|base_score|weather_sensitive|needs_nlsc|needs_activity|implemented_in_ib1c|used_in_ib2|notes,activity_mapmatch_or_wrong_branch_diagnostic_not_fork_inventory,False,False,activity_behavior_diagnostic_not_route_decision_point_inventory,Activity diagnostics can validate consequences of forks but cannot define route-level fork exposure alone.
outputs\ib1c_osm_semantic_audit_forced_required_way_test\qixing_lengshuikeng_main_peak_20260523\qixing_lengshuikeng_main_peak_20260523_mapping_defined_but_not_seen.csv,True,37,mapping_key|semantic_group|source_field|source_value|derived_class|risk_domain|base_score|implemented_in_ib1c|used_in_ib2|notes,other_context_not_fork_inventory,False,False,no_governed_fork_topology_fields_found,"No node-degree, edge adjacency, or parseable fork/decision-point inventory fields found."
outputs\ib1c_osm_semantic_audit_forced_required_way_test\qixing_lengshuikeng_main_peak_20260523\qixing_lengshuikeng_main_peak_20260523_semantic_field_summary.csv,True,19,field|exists_in_ib1c_output|non_empty_n|unique_n|source_field_for_mapping|is_flag_field,other_context_not_fork_inventory,False,False,no_governed_fork_topology_fields_found,"No node-degree, edge adjacency, or parseable fork/decision-point inventory fields found."
outputs\ib1c_osm_semantic_audit_forced_required_way_test\qixing_lengshuikeng_main_peak_20260523\qixing_lengshuikeng_main_peak_20260523_semantic_unmapped_values.csv,True,0,ib1c_field|source_field|observed_value|observed_n|mapping_key|has_mapping|note,other_context_not_fork_inventory,False,False,no_governed_fork_topology_fields_found,"No node-degree, edge adjacency, or parseable fork/decision-point inventory fields found."
outputs\ib1c_osm_semantic_audit_forced_required_way_test\qixing_lengshuikeng_main_peak_20260523\qixing_lengshuikeng_main_peak_20260523_semantic_value_mapping_coverage.csv,True,16,ib1c_field|source_field|observed_value|observed_n|mapping_key|has_mapping|note,other_context_not_fork_inventory,False,False,no_governed_fork_topology_fields_found,"No node-degree, edge adjacency, or parseable fork/decision-point inventory fields found."
outputs\ib1c_osm_semantic_audit_v1_1\qixing_lengshuikeng_main_peak_20260523\qixing_lengshuikeng_main_peak_20260523_implemented_but_not_used_in_ib2.csv,True,67,semantic_group|source_field|source_value|derived_class|risk_domain|risk_meaning|risk_direction|base_score|weather_sensitive|needs_nlsc|needs_activity|implemented_in_ib1c|used_in_ib2|notes,activity_mapmatch_or_wrong_branch_diagnostic_not_fork_inventory,False,False,activity_behavior_diagnostic_not_route_decision_point_inventory,Activity diagnostics can validate consequences of forks but cannot define route-level fork exposure alone.
outputs\ib1c_osm_semantic_audit_v1_1\qixing_lengshuikeng_main_peak_20260523\qixing_lengshuikeng_main_peak_20260523_mapping_defined_but_not_seen.csv,True,50,mapping_key|semantic_group|source_field|source_value|derived_class|risk_domain|base_score|implemented_in_ib1c|used_in_ib2|notes,other_context_not_fork_inventory,False,False,no_governed_fork_topology_fields_found,"No node-degree, edge adjacency, or parseable fork/decision-point inventory fields found."
outputs\ib1c_osm_semantic_audit_v1_1\qixing_lengshuikeng_main_peak_20260523\qixing_lengshuikeng_main_peak_20260523_semantic_field_summary.csv,True,19,field|exists_in_ib1c_output|non_empty_n|unique_n|source_field_for_mapping|is_flag_field,other_context_not_fork_inventory,False,False,no_governed_fork_topology_fields_found,"No node-degree, edge adjacency, or parseable fork/decision-point inventory fields found."
outputs\ib1c_osm_semantic_audit_v1_1\qixing_lengshuikeng_main_peak_20260523\qixing_lengshuikeng_main_peak_20260523_semantic_unmapped_values.csv,True,0,ib1c_field|source_field|observed_value|observed_n|mapping_key|has_mapping|note,other_context_not_fork_inventory,False,False,no_governed_fork_topology_fields_found,"No node-degree, edge adjacency, or parseable fork/decision-point inventory fields found."
outputs\ib1c_osm_semantic_audit_v1_1\qixing_lengshuikeng_main_peak_20260523\qixing_lengshuikeng_main_peak_20260523_semantic_value_mapping_coverage.csv,True,17,ib1c_field|source_field|observed_value|observed_n|mapping_key|has_mapping|note,other_context_not_fork_inventory,False,False,no_governed_fork_topology_fields_found,"No node-degree, edge adjacency, or parseable fork/decision-point inventory fields found."
outputs\ib1c_osm_semantic_audit_v1_1\qixing_xiaoyoukeng_main_peak_20260315\qixing_xiaoyoukeng_main_peak_20260315_implemented_but_not_used_in_ib2.csv,True,67,semantic_group|source_field|source_value|derived_class|risk_domain|risk_meaning|risk_direction|base_score|weather_sensitive|needs_nlsc|needs_activity|implemented_in_ib1c|used_in_ib2|notes,activity_mapmatch_or_wrong_branch_diagnostic_not_fork_inventory,False,False,activity_behavior_diagnostic_not_route_decision_point_inventory,Activity diagnostics can validate consequences of forks but cannot define route-level fork exposure alone.
outputs\ib1c_osm_semantic_audit_v1_1\qixing_xiaoyoukeng_main_peak_20260315\qixing_xiaoyoukeng_main_peak_20260315_mapping_defined_but_not_seen.csv,True,54,mapping_key|semantic_group|source_field|source_value|derived_class|risk_domain|base_score|implemented_in_ib1c|used_in_ib2|notes,other_context_not_fork_inventory,False,False,no_governed_fork_topology_fields_found,"No node-degree, edge adjacency, or parseable fork/decision-point inventory fields found."
outputs\ib1c_osm_semantic_audit_v1_1\qixing_xiaoyoukeng_main_peak_20260315\qixing_xiaoyoukeng_main_peak_20260315_semantic_field_summary.csv,True,19,field|exists_in_ib1c_output|non_empty_n|unique_n|source_field_for_mapping|is_flag_field,other_context_not_fork_inventory,False,False,no_governed_fork_topology_fields_found,"No node-degree, edge adjacency, or parseable fork/decision-point inventory fields found."
outputs\ib1c_osm_semantic_audit_v1_1\qixing_xiaoyoukeng_main_peak_20260315\qixing_xiaoyoukeng_main_peak_20260315_semantic_unmapped_values.csv,True,0,ib1c_field|source_field|observed_value|observed_n|mapping_key|has_mapping|note,other_context_not_fork_inventory,False,False,no_governed_fork_topology_fields_found,"No node-degree, edge adjacency, or parseable fork/decision-point inventory fields found."
outputs\ib1c_osm_semantic_audit_v1_1\qixing_xiaoyoukeng_main_peak_20260315\qixing_xiaoyoukeng_main_peak_20260315_semantic_value_mapping_coverage.csv,True,13,ib1c_field|source_field|observed_value|observed_n|mapping_key|has_mapping|note,other_context_not_fork_inventory,False,False,no_governed_fork_topology_fields_found,"No node-degree, edge adjacency, or parseable fork/decision-point inventory fields found."
outputs\ib1c_osm_semantic_audit_v1_1\zhonghua_ust_jiuwufeng_roundtrip_biji\zhonghua_ust_jiuwufeng_roundtrip_biji_implemented_but_not_used_in_ib2.csv,True,67,semantic_group|source_field|source_value|derived_class|risk_domain|risk_meaning|risk_direction|base_score|weather_sensitive|needs_nlsc|needs_activity|implemented_in_ib1c|used_in_ib2|notes,activity_mapmatch_or_wrong_branch_diagnostic_not_fork_inventory,False,False,activity_behavior_diagnostic_not_route_decision_point_inventory,Activity diagnostics can validate consequences of forks but cannot define route-level fork exposure alone.
outputs\ib1c_osm_semantic_audit_v1_1\zhonghua_ust_jiuwufeng_roundtrip_biji\zhonghua_ust_jiuwufeng_roundtrip_biji_mapping_defined_but_not_seen.csv,True,48,mapping_key|semantic_group|source_field|source_value|derived_class|risk_domain|base_score|implemented_in_ib1c|used_in_ib2|notes,other_context_not_fork_inventory,False,False,no_governed_fork_topology_fields_found,"No node-degree, edge adjacency, or parseable fork/decision-point inventory fields found."
outputs\ib1c_osm_semantic_audit_v1_1\zhonghua_ust_jiuwufeng_roundtrip_biji\zhonghua_ust_jiuwufeng_roundtrip_biji_semantic_field_summary.csv,True,19,field|exists_in_ib1c_output|non_empty_n|unique_n|source_field_for_mapping|is_flag_field,other_context_not_fork_inventory,False,False,no_governed_fork_topology_fields_found,"No node-degree, edge adjacency, or parseable fork/decision-point inventory fields found."
outputs\ib1c_osm_semantic_audit_v1_1\zhonghua_ust_jiuwufeng_roundtrip_biji\zhonghua_ust_jiuwufeng_roundtrip_biji_semantic_unmapped_values.csv,True,0,ib1c_field|source_field|observed_value|observed_n|mapping_key|has_mapping|note,other_context_not_fork_inventory,False,False,no_governed_fork_topology_fields_found,"No node-degree, edge adjacency, or parseable fork/decision-point inventory fields found."
outputs\ib1c_osm_semantic_audit_v1_1\zhonghua_ust_jiuwufeng_roundtrip_biji\zhonghua_ust_jiuwufeng_roundtrip_biji_semantic_value_mapping_coverage.csv,True,20,ib1c_field|source_field|observed_value|observed_n|mapping_key|has_mapping|note,other_context_not_fork_inventory,False,False,no_governed_fork_topology_fields_found,"No node-degree, edge adjacency, or parseable fork/decision-point inventory fields found."
outputs\ib1c_osm_semantic_audit_v1_3b_contract_qa\juansi_waterfall_fitcsv_20260503_osmrefresh_v1_3b\juansi_waterfall_fitcsv_20260503_osmrefresh_v1_3b_implemented_but_not_used_in_ib2.csv,True,70,semantic_group|source_field|source_value|derived_class|risk_domain|risk_meaning|risk_direction|base_score|weather_sensitive|needs_nlsc|needs_activity|implemented_in_ib1c|used_in_ib2|notes,activity_mapmatch_or_wrong_branch_diagnostic_not_fork_inventory,False,False,activity_behavior_diagnostic_not_route_decision_point_inventory,Activity diagnostics can validate consequences of forks but cannot define route-level fork exposure alone.
outputs\ib1c_osm_semantic_audit_v1_3b_contract_qa\juansi_waterfall_fitcsv_20260503_osmrefresh_v1_3b\juansi_waterfall_fitcsv_20260503_osmrefresh_v1_3b_mapping_defined_but_not_seen.csv,True,48,mapping_key|semantic_group|source_field|source_value|derived_class|risk_domain|base_score|implemented_in_ib1c|used_in_ib2|notes,other_context_not_fork_inventory,False,False,no_governed_fork_topology_fields_found,"No node-degree, edge adjacency, or parseable fork/decision-point inventory fields found."
outputs\ib1c_osm_semantic_audit_v1_3b_contract_qa\juansi_waterfall_fitcsv_20260503_osmrefresh_v1_3b\juansi_waterfall_fitcsv_20260503_osmrefresh_v1_3b_semantic_field_summary.csv,True,19,field|exists_in_ib1c_output|non_empty_n|unique_n|source_field_for_mapping|is_flag_field,other_context_not_fork_inventory,False,False,no_governed_fork_topology_fields_found,"No node-degree, edge adjacency, or parseable fork/decision-point inventory fields found."
outputs\ib1c_osm_semantic_audit_v1_3b_contract_qa\juansi_waterfall_fitcsv_20260503_osmrefresh_v1_3b\juansi_waterfall_fitcsv_20260503_osmrefresh_v1_3b_semantic_unmapped_values.csv,True,0,ib1c_field|source_field|observed_value|observed_n|mapping_key|has_mapping|note,other_context_not_fork_inventory,False,False,no_governed_fork_topology_fields_found,"No node-degree, edge adjacency, or parseable fork/decision-point inventory fields found."
outputs\ib1c_osm_semantic_audit_v1_3b_contract_qa\juansi_waterfall_fitcsv_20260503_osmrefresh_v1_3b\juansi_waterfall_fitcsv_20260503_osmrefresh_v1_3b_semantic_value_mapping_coverage.csv,True,22,ib1c_field|source_field|observed_value|observed_n|mapping_key|has_mapping|note,other_context_not_fork_inventory,False,False,no_governed_fork_topology_fields_found,"No node-degree, edge adjacency, or parseable fork/decision-point inventory fields found."
outputs\ib1c_osm_semantic_audit_v1_3b_contract_qa\qixing_lengshuikeng_main_peak_20260523_osmrefresh_v1_3b\qixing_lengshuikeng_main_peak_20260523_osmrefresh_v1_3b_implemented_but_not_used_in_ib2.csv,True,70,semantic_group|source_field|source_value|derived_class|risk_domain|risk_meaning|risk_direction|base_score|weather_sensitive|needs_nlsc|needs_activity|implemented_in_ib1c|used_in_ib2|notes,activity_mapmatch_or_wrong_branch_diagnostic_not_fork_inventory,False,False,activity_behavior_diagnostic_not_route_decision_point_inventory,Activity diagnostics can validate consequences of forks but cannot define route-level fork exposure alone.
outputs\ib1c_osm_semantic_audit_v1_3b_contract_qa\qixing_lengshuikeng_main_peak_20260523_osmrefresh_v1_3b\qixing_lengshuikeng_main_peak_20260523_osmrefresh_v1_3b_mapping_defined_but_not_seen.csv,True,54,mapping_key|semantic_group|source_field|source_value|derived_class|risk_domain|base_score|implemented_in_ib1c|used_in_ib2|notes,other_context_not_fork_inventory,False,False,no_governed_fork_topology_fields_found,"No node-degree, edge adjacency, or parseable fork/decision-point inventory fields found."
outputs\ib1c_osm_semantic_audit_v1_3b_contract_qa\qixing_lengshuikeng_main_peak_20260523_osmrefresh_v1_3b\qixing_lengshuikeng_main_peak_20260523_osmrefresh_v1_3b_semantic_field_summary.csv,True,19,field|exists_in_ib1c_output|non_empty_n|unique_n|source_field_for_mapping|is_flag_field,other_context_not_fork_inventory,False,False,no_governed_fork_topology_fields_found,"No node-degree, edge adjacency, or parseable fork/decision-point inventory fields found."
outputs\ib1c_osm_semantic_audit_v1_3b_contract_qa\qixing_lengshuikeng_main_peak_20260523_osmrefresh_v1_3b\qixing_lengshuikeng_main_peak_20260523_osmrefresh_v1_3b_semantic_unmapped_values.csv,True,0,ib1c_field|source_field|observed_value|observed_n|mapping_key|has_mapping|note,other_context_not_fork_inventory,False,False,no_governed_fork_topology_fields_found,"No node-degree, edge adjacency, or parseable fork/decision-point inventory fields found."
outputs\ib1c_osm_semantic_audit_v1_3b_contract_qa\qixing_lengshuikeng_main_peak_20260523_osmrefresh_v1_3b\qixing_lengshuikeng_main_peak_20260523_osmrefresh_v1_3b_semantic_value_mapping_coverage.csv,True,16,ib1c_field|source_field|observed_value|observed_n|mapping_key|has_mapping|note,other_context_not_fork_inventory,False,False,no_governed_fork_topology_fields_found,"No node-degree, edge adjacency, or parseable fork/decision-point inventory fields found."
outputs\ib1c_osm_semantic_audit_v1_3b_contract_qa\qixing_lengshuikeng_xiaoyoukeng_gpx_osmrefresh_v1_3b\qixing_lengshuikeng_xiaoyoukeng_gpx_osmrefresh_v1_3b_implemented_but_not_used_in_ib2.csv,True,70,semantic_group|source_field|source_value|derived_class|risk_domain|risk_meaning|risk_direction|base_score|weather_sensitive|needs_nlsc|needs_activity|implemented_in_ib1c|used_in_ib2|notes,activity_mapmatch_or_wrong_branch_diagnostic_not_fork_inventory,False,False,activity_behavior_diagnostic_not_route_decision_point_inventory,Activity diagnostics can validate consequences of forks but cannot define route-level fork exposure alone.
outputs\ib1c_osm_semantic_audit_v1_3b_contract_qa\qixing_lengshuikeng_xiaoyoukeng_gpx_osmrefresh_v1_3b\qixing_lengshuikeng_xiaoyoukeng_gpx_osmrefresh_v1_3b_mapping_defined_but_not_seen.csv,True,46,mapping_key|semantic_group|source_field|source_value|derived_class|risk_domain|base_score|implemented_in_ib1c|used_in_ib2|notes,other_context_not_fork_inventory,False,False,no_governed_fork_topology_fields_found,"No node-degree, edge adjacency, or parseable fork/decision-point inventory fields found."
outputs\ib1c_osm_semantic_audit_v1_3b_contract_qa\qixing_lengshuikeng_xiaoyoukeng_gpx_osmrefresh_v1_3b\qixing_lengshuikeng_xiaoyoukeng_gpx_osmrefresh_v1_3b_semantic_field_summary.csv,True,19,field|exists_in_ib1c_output|non_empty_n|unique_n|source_field_for_mapping|is_flag_field,other_context_not_fork_inventory,False,False,no_governed_fork_topology_fields_found,"No node-degree, edge adjacency, or parseable fork/decision-point inventory fields found."
outputs\ib1c_osm_semantic_audit_v1_3b_contract_qa\qixing_lengshuikeng_xiaoyoukeng_gpx_osmrefresh_v1_3b\qixing_lengshuikeng_xiaoyoukeng_gpx_osmrefresh_v1_3b_semantic_unmapped_values.csv,True,0,ib1c_field|source_field|observed_value|observed_n|mapping_key|has_mapping|note,other_context_not_fork_inventory,False,False,no_governed_fork_topology_fields_found,"No node-degree, edge adjacency, or parseable fork/decision-point inventory fields found."
outputs\ib1c_osm_semantic_audit_v1_3b_contract_qa\qixing_lengshuikeng_xiaoyoukeng_gpx_osmrefresh_v1_3b\qixing_lengshuikeng_xiaoyoukeng_gpx_osmrefresh_v1_3b_semantic_value_mapping_coverage.csv,True,24,ib1c_field|source_field|observed_value|observed_n|mapping_key|has_mapping|note,other_context_not_fork_inventory,False,False,no_governed_fork_topology_fields_found,"No node-degree, edge adjacency, or parseable fork/decision-point inventory fields found."
outputs\ib1c_osm_semantic_audit_v1_3b_contract_qa\qixing_xiaoyoukeng_main_peak_20260315_osmrefresh_v1_3b\qixing_xiaoyoukeng_main_peak_20260315_osmrefresh_v1_3b_implemented_but_not_used_in_ib2.csv,True,70,semantic_group|source_field|source_value|derived_class|risk_domain|risk_meaning|risk_direction|base_score|weather_sensitive|needs_nlsc|needs_activity|implemented_in_ib1c|used_in_ib2|notes,activity_mapmatch_or_wrong_branch_diagnostic_not_fork_inventory,False,False,activity_behavior_diagnostic_not_route_decision_point_inventory,Activity diagnostics can validate consequences of forks but cannot define route-level fork exposure alone.
outputs\ib1c_osm_semantic_audit_v1_3b_contract_qa\qixing_xiaoyoukeng_main_peak_20260315_osmrefresh_v1_3b\qixing_xiaoyoukeng_main_peak_20260315_osmrefresh_v1_3b_mapping_defined_but_not_seen.csv,True,55,mapping_key|semantic_group|source_field|source_value|derived_class|risk_domain|base_score|implemented_in_ib1c|used_in_ib2|notes,other_context_not_fork_inventory,False,False,no_governed_fork_topology_fields_found,"No node-degree, edge adjacency, or parseable fork/decision-point inventory fields found."
outputs\ib1c_osm_semantic_audit_v1_3b_contract_qa\qixing_xiaoyoukeng_main_peak_20260315_osmrefresh_v1_3b\qixing_xiaoyoukeng_main_peak_20260315_osmrefresh_v1_3b_semantic_field_summary.csv,True,19,field|exists_in_ib1c_output|non_empty_n|unique_n|source_field_for_mapping|is_flag_field,other_context_not_fork_inventory,False,False,no_governed_fork_topology_fields_found,"No node-degree, edge adjacency, or parseable fork/decision-point inventory fields found."
outputs\ib1c_osm_semantic_audit_v1_3b_contract_qa\qixing_xiaoyoukeng_main_peak_20260315_osmrefresh_v1_3b\qixing_xiaoyoukeng_main_peak_20260315_osmrefresh_v1_3b_semantic_unmapped_values.csv,True,0,ib1c_field|source_field|observed_value|observed_n|mapping_key|has_mapping|note,other_context_not_fork_inventory,False,False,no_governed_fork_topology_fields_found,"No node-degree, edge adjacency, or parseable fork/decision-point inventory fields found."
outputs\ib1c_osm_semantic_audit_v1_3b_contract_qa\qixing_xiaoyoukeng_main_peak_20260315_osmrefresh_v1_3b\qixing_xiaoyoukeng_main_peak_20260315_osmrefresh_v1_3b_semantic_value_mapping_coverage.csv,True,15,ib1c_field|source_field|observed_value|observed_n|mapping_key|has_mapping|note,other_context_not_fork_inventory,False,False,no_governed_fork_topology_fields_found,"No node-degree, edge adjacency, or parseable fork/decision-point inventory fields found."
outputs\ib1c_osm_semantic_audit_v1_3b_contract_qa\zhonghua_ust_jiuwufeng_roundtrip_biji_osmrefresh_v1_3b\zhonghua_ust_jiuwufeng_roundtrip_biji_osmrefresh_v1_3b_implemented_but_not_used_in_ib2.csv,True,70,semantic_group|source_field|source_value|derived_class|risk_domain|risk_meaning|risk_direction|base_score|weather_sensitive|needs_nlsc|needs_activity|implemented_in_ib1c|used_in_ib2|notes,activity_mapmatch_or_wrong_branch_diagnostic_not_fork_inventory,False,False,activity_behavior_diagnostic_not_route_decision_point_inventory,Activity diagnostics can validate consequences of forks but cannot define route-level fork exposure alone.
outputs\ib1c_osm_semantic_audit_v1_3b_contract_qa\zhonghua_ust_jiuwufeng_roundtrip_biji_osmrefresh_v1_3b\zhonghua_ust_jiuwufeng_roundtrip_biji_osmrefresh_v1_3b_mapping_defined_but_not_seen.csv,True,51,mapping_key|semantic_group|source_field|source_value|derived_class|risk_domain|base_score|implemented_in_ib1c|used_in_ib2|notes,other_context_not_fork_inventory,False,False,no_governed_fork_topology_fields_found,"No node-degree, edge adjacency, or parseable fork/decision-point inventory fields found."
outputs\ib1c_osm_semantic_audit_v1_3b_contract_qa\zhonghua_ust_jiuwufeng_roundtrip_biji_osmrefresh_v1_3b\zhonghua_ust_jiuwufeng_roundtrip_biji_osmrefresh_v1_3b_semantic_field_summary.csv,True,19,field|exists_in_ib1c_output|non_empty_n|unique_n|source_field_for_mapping|is_flag_field,other_context_not_fork_inventory,False,False,no_governed_fork_topology_fields_found,"No node-degree, edge adjacency, or parseable fork/decision-point inventory fields found."
outputs\ib1c_osm_semantic_audit_v1_3b_contract_qa\zhonghua_ust_jiuwufeng_roundtrip_biji_osmrefresh_v1_3b\zhonghua_ust_jiuwufeng_roundtrip_biji_osmrefresh_v1_3b_semantic_unmapped_values.csv,True,0,ib1c_field|source_field|observed_value|observed_n|mapping_key|has_mapping|note,other_context_not_fork_inventory,False,False,no_governed_fork_topology_fields_found,"No node-degree, edge adjacency, or parseable fork/decision-point inventory fields found."
outputs\ib1c_osm_semantic_audit_v1_3b_contract_qa\zhonghua_ust_jiuwufeng_roundtrip_biji_osmrefresh_v1_3b\zhonghua_ust_jiuwufeng_roundtrip_biji_osmrefresh_v1_3b_semantic_value_mapping_coverage.csv,True,20,ib1c_field|source_field|observed_value|observed_n|mapping_key|has_mapping|note,other_context_not_fork_inventory,False,False,no_governed_fork_topology_fields_found,"No node-degree, edge adjacency, or parseable fork/decision-point inventory fields found."
outputs\ib1c_osm_semantic_audit_v1_3b_contract_qa_v1_2_mapping_check\juansi_waterfall_fitcsv_20260503_osmrefresh_v1_3b\juansi_waterfall_fitcsv_20260503_osmrefresh_v1_3b_implemented_but_not_used_in_ib2.csv,True,70,semantic_group|source_field|source_value|derived_class|risk_domain|risk_meaning|risk_direction|base_score|weather_sensitive|needs_nlsc|needs_activity|implemented_in_ib1c|used_in_ib2|notes,activity_mapmatch_or_wrong_branch_diagnostic_not_fork_inventory,False,False,activity_behavior_diagnostic_not_route_decision_point_inventory,Activity diagnostics can validate consequences of forks but cannot define route-level fork exposure alone.
outputs\ib1c_osm_semantic_audit_v1_3b_contract_qa_v1_2_mapping_check\juansi_waterfall_fitcsv_20260503_osmrefresh_v1_3b\juansi_waterfall_fitcsv_20260503_osmrefresh_v1_3b_mapping_defined_but_not_seen.csv,True,48,mapping_key|semantic_group|source_field|source_value|derived_class|risk_domain|base_score|implemented_in_ib1c|used_in_ib2|notes,other_context_not_fork_inventory,False,False,no_governed_fork_topology_fields_found,"No node-degree, edge adjacency, or parseable fork/decision-point inventory fields found."
outputs\ib1c_osm_semantic_audit_v1_3b_contract_qa_v1_2_mapping_check\juansi_waterfall_fitcsv_20260503_osmrefresh_v1_3b\juansi_waterfall_fitcsv_20260503_osmrefresh_v1_3b_semantic_field_summary.csv,True,19,field|exists_in_ib1c_output|non_empty_n|unique_n|source_field_for_mapping|is_flag_field,other_context_not_fork_inventory,False,False,no_governed_fork_topology_fields_found,"No node-degree, edge adjacency, or parseable fork/decision-point inventory fields found."
outputs\ib1c_osm_semantic_audit_v1_3b_contract_qa_v1_2_mapping_check\juansi_waterfall_fitcsv_20260503_osmrefresh_v1_3b\juansi_waterfall_fitcsv_20260503_osmrefresh_v1_3b_semantic_unmapped_values.csv,True,0,ib1c_field|source_field|observed_value|observed_n|mapping_key|has_mapping|note,other_context_not_fork_inventory,False,False,no_governed_fork_topology_fields_found,"No node-degree, edge adjacency, or parseable fork/decision-point inventory fields found."
outputs\ib1c_osm_semantic_audit_v1_3b_contract_qa_v1_2_mapping_check\juansi_waterfall_fitcsv_20260503_osmrefresh_v1_3b\juansi_waterfall_fitcsv_20260503_osmrefresh_v1_3b_semantic_value_mapping_coverage.csv,True,22,ib1c_field|source_field|observed_value|observed_n|mapping_key|has_mapping|note,other_context_not_fork_inventory,False,False,no_governed_fork_topology_fields_found,"No node-degree, edge adjacency, or parseable fork/decision-point inventory fields found."
outputs\ib1c_osm_semantic_audit_v1_3b_contract_qa_v1_2_mapping_check\qixing_lengshuikeng_main_peak_20260523_osmrefresh_v1_3b\qixing_lengshuikeng_main_peak_20260523_osmrefresh_v1_3b_implemented_but_not_used_in_ib2.csv,True,70,semantic_group|source_field|source_value|derived_class|risk_domain|risk_meaning|risk_direction|base_score|weather_sensitive|needs_nlsc|needs_activity|implemented_in_ib1c|used_in_ib2|notes,activity_mapmatch_or_wrong_branch_diagnostic_not_fork_inventory,False,False,activity_behavior_diagnostic_not_route_decision_point_inventory,Activity diagnostics can validate consequences of forks but cannot define route-level fork exposure alone.
outputs\ib1c_osm_semantic_audit_v1_3b_contract_qa_v1_2_mapping_check\qixing_lengshuikeng_main_peak_20260523_osmrefresh_v1_3b\qixing_lengshuikeng_main_peak_20260523_osmrefresh_v1_3b_mapping_defined_but_not_seen.csv,True,54,mapping_key|semantic_group|source_field|source_value|derived_class|risk_domain|base_score|implemented_in_ib1c|used_in_ib2|notes,other_context_not_fork_inventory,False,False,no_governed_fork_topology_fields_found,"No node-degree, edge adjacency, or parseable fork/decision-point inventory fields found."
outputs\ib1c_osm_semantic_audit_v1_3b_contract_qa_v1_2_mapping_check\qixing_lengshuikeng_main_peak_20260523_osmrefresh_v1_3b\qixing_lengshuikeng_main_peak_20260523_osmrefresh_v1_3b_semantic_field_summary.csv,True,19,field|exists_in_ib1c_output|non_empty_n|unique_n|source_field_for_mapping|is_flag_field,other_context_not_fork_inventory,False,False,no_governed_fork_topology_fields_found,"No node-degree, edge adjacency, or parseable fork/decision-point inventory fields found."
outputs\ib1c_osm_semantic_audit_v1_3b_contract_qa_v1_2_mapping_check\qixing_lengshuikeng_main_peak_20260523_osmrefresh_v1_3b\qixing_lengshuikeng_main_peak_20260523_osmrefresh_v1_3b_semantic_unmapped_values.csv,True,0,ib1c_field|source_field|observed_value|observed_n|mapping_key|has_mapping|note,other_context_not_fork_inventory,False,False,no_governed_fork_topology_fields_found,"No node-degree, edge adjacency, or parseable fork/decision-point inventory fields found."
outputs\ib1c_osm_semantic_audit_v1_3b_contract_qa_v1_2_mapping_check\qixing_lengshuikeng_main_peak_20260523_osmrefresh_v1_3b\qixing_lengshuikeng_main_peak_20260523_osmrefresh_v1_3b_semantic_value_mapping_coverage.csv,True,16,ib1c_field|source_field|observed_value|observed_n|mapping_key|has_mapping|note,other_context_not_fork_inventory,False,False,no_governed_fork_topology_fields_found,"No node-degree, edge adjacency, or parseable fork/decision-point inventory fields found."
outputs\ib1c_osm_semantic_audit_v1_3b_contract_qa_v1_2_mapping_check\qixing_xiaoyoukeng_main_peak_20260315_osmrefresh_v1_3b\qixing_xiaoyoukeng_main_peak_20260315_osmrefresh_v1_3b_implemented_but_not_used_in_ib2.csv,True,70,semantic_group|source_field|source_value|derived_class|risk_domain|risk_meaning|risk_direction|base_score|weather_sensitive|needs_nlsc|needs_activity|implemented_in_ib1c|used_in_ib2|notes,activity_mapmatch_or_wrong_branch_diagnostic_not_fork_inventory,False,False,activity_behavior_diagnostic_not_route_decision_point_inventory,Activity diagnostics can validate consequences of forks but cannot define route-level fork exposure alone.
outputs\ib1c_osm_semantic_audit_v1_3b_contract_qa_v1_2_mapping_check\qixing_xiaoyoukeng_main_peak_20260315_osmrefresh_v1_3b\qixing_xiaoyoukeng_main_peak_20260315_osmrefresh_v1_3b_mapping_defined_but_not_seen.csv,True,55,mapping_key|semantic_group|source_field|source_value|derived_class|risk_domain|base_score|implemented_in_ib1c|used_in_ib2|notes,other_context_not_fork_inventory,False,False,no_governed_fork_topology_fields_found,"No node-degree, edge adjacency, or parseable fork/decision-point inventory fields found."
outputs\ib1c_osm_semantic_audit_v1_3b_contract_qa_v1_2_mapping_check\qixing_xiaoyoukeng_main_peak_20260315_osmrefresh_v1_3b\qixing_xiaoyoukeng_main_peak_20260315_osmrefresh_v1_3b_semantic_field_summary.csv,True,19,field|exists_in_ib1c_output|non_empty_n|unique_n|source_field_for_mapping|is_flag_field,other_context_not_fork_inventory,False,False,no_governed_fork_topology_fields_found,"No node-degree, edge adjacency, or parseable fork/decision-point inventory fields found."
outputs\ib1c_osm_semantic_audit_v1_3b_contract_qa_v1_2_mapping_check\qixing_xiaoyoukeng_main_peak_20260315_osmrefresh_v1_3b\qixing_xiaoyoukeng_main_peak_20260315_osmrefresh_v1_3b_semantic_unmapped_values.csv,True,0,ib1c_field|source_field|observed_value|observed_n|mapping_key|has_mapping|note,other_context_not_fork_inventory,False,False,no_governed_fork_topology_fields_found,"No node-degree, edge adjacency, or parseable fork/decision-point inventory fields found."
outputs\ib1c_osm_semantic_audit_v1_3b_contract_qa_v1_2_mapping_check\qixing_xiaoyoukeng_main_peak_20260315_osmrefresh_v1_3b\qixing_xiaoyoukeng_main_peak_20260315_osmrefresh_v1_3b_semantic_value_mapping_coverage.csv,True,15,ib1c_field|source_field|observed_value|observed_n|mapping_key|has_mapping|note,other_context_not_fork_inventory,False,False,no_governed_fork_topology_fields_found,"No node-degree, edge adjacency, or parseable fork/decision-point inventory fields found."
outputs\ib1c_osm_semantic_audit_v1_3b_contract_qa_v1_2_mapping_check\zhonghua_ust_jiuwufeng_roundtrip_biji_osmrefresh_v1_3b\zhonghua_ust_jiuwufeng_roundtrip_biji_osmrefresh_v1_3b_implemented_but_not_used_in_ib2.csv,True,70,semantic_group|source_field|source_value|derived_class|risk_domain|risk_meaning|risk_direction|base_score|weather_sensitive|needs_nlsc|needs_activity|implemented_in_ib1c|used_in_ib2|notes,activity_mapmatch_or_wrong_branch_diagnostic_not_fork_inventory,False,False,activity_behavior_diagnostic_not_route_decision_point_inventory,Activity diagnostics can validate consequences of forks but cannot define route-level fork exposure alone.
outputs\ib1c_osm_semantic_audit_v1_3b_contract_qa_v1_2_mapping_check\zhonghua_ust_jiuwufeng_roundtrip_biji_osmrefresh_v1_3b\zhonghua_ust_jiuwufeng_roundtrip_biji_osmrefresh_v1_3b_mapping_defined_but_not_seen.csv,True,51,mapping_key|semantic_group|source_field|source_value|derived_class|risk_domain|base_score|implemented_in_ib1c|used_in_ib2|notes,other_context_not_fork_inventory,False,False,no_governed_fork_topology_fields_found,"No node-degree, edge adjacency, or parseable fork/decision-point inventory fields found."
outputs\ib1c_osm_semantic_audit_v1_3b_contract_qa_v1_2_mapping_check\zhonghua_ust_jiuwufeng_roundtrip_biji_osmrefresh_v1_3b\zhonghua_ust_jiuwufeng_roundtrip_biji_osmrefresh_v1_3b_semantic_field_summary.csv,True,19,field|exists_in_ib1c_output|non_empty_n|unique_n|source_field_for_mapping|is_flag_field,other_context_not_fork_inventory,False,False,no_governed_fork_topology_fields_found,"No node-degree, edge adjacency, or parseable fork/decision-point inventory fields found."
outputs\ib1c_osm_semantic_audit_v1_3b_contract_qa_v1_2_mapping_check\zhonghua_ust_jiuwufeng_roundtrip_biji_osmrefresh_v1_3b\zhonghua_ust_jiuwufeng_roundtrip_biji_osmrefresh_v1_3b_semantic_unmapped_values.csv,True,0,ib1c_field|source_field|observed_value|observed_n|mapping_key|has_mapping|note,other_context_not_fork_inventory,False,False,no_governed_fork_topology_fields_found,"No node-degree, edge adjacency, or parseable fork/decision-point inventory fields found."
outputs\ib1c_osm_semantic_audit_v1_3b_contract_qa_v1_2_mapping_check\zhonghua_ust_jiuwufeng_roundtrip_biji_osmrefresh_v1_3b\zhonghua_ust_jiuwufeng_roundtrip_biji_osmrefresh_v1_3b_semantic_value_mapping_coverage.csv,True,20,ib1c_field|source_field|observed_value|observed_n|mapping_key|has_mapping|note,other_context_not_fork_inventory,False,False,no_governed_fork_topology_fields_found,"No node-degree, edge adjacency, or parseable fork/decision-point inventory fields found."
outputs\ib1c_osm_semantic_risk\juansi_waterfall_fitcsv_20260503\juansi_waterfall_fitcsv_20260503_osm_semantic_risk_profile.csv,True,3973,sample_idx|dist_m|lat|lon|ele_gpx_m|delta_dist_m|delta_ele_m|slope_pct|slope_band|gain_m|loss_m|cum_gain_m|cum_loss_m|nearest_gpx_idx|nearest_gpx_dist_m|time_raw|ele_smooth|elevation_source|needs_nlsc_elevation|near_highway|dist_highway_m|osm_way_name|osm_way_name_zh|osm_way_id|osm_way_type|osm_highway|osm_surface|osm_tracktype|osm_smoothness|osm_trail_visibility|osm_sac_scale|osm_incline|osm_lit|osm_lit_status|osm_handrail|osm_safety_rope|osm_step_count|osm_width|osm_bridge|osm_bridge_material|osm_ford|osm_tunnel|osm_covered|osm_highway_family|osm_walk_relevance|osm_trail_difficulty_hint|osm_vertical_context|osm_is_steps|near_safety_rope|dist_safety_rope_m|near_assisted_trail|dist_assisted_trail_m|near_handrail|dist_handrail_m|near_rungs|dist_rungs_m|near_ladder|dist_ladder_m|near_via_ferrata|dist_via_ferrata_m|near_street_lamp|dist_street_lamp_m|near_cliff|dist_cliff_m|near_scree|dist_scree_m|near_bare_rock|dist_bare_rock_m|near_landslide|dist_landslide_m|near_waterway|dist_waterway_m|near_water_area|dist_water_area_m|near_wetland|dist_wetland_m|near_trailhead|dist_trailhead_m|near_peak|dist_peak_m|near_guidepost|dist_guidepost_m|near_shelter|dist_shelter_m|near_alpine_hut|dist_alpine_hut_m|near_wilderness_hut|dist_wilderness_hut_m|near_bench|dist_bench_m|near_picnic_table|dist_picnic_table_m|near_picnic_site|dist_picnic_site_m|near_drinking_water|dist_drinking_water_m|near_toilets|dist_toilets_m|near_visitor_centre|dist_visitor_centre_m|near_information_office|dist_information_office_m|technical_flags|safety_flags|hazard_flags|hydrology_flags|landmark_flags|facility_flags|rest_flags|support_flags|nearby_named_features|surface_class|route_semantic_class|assist_class|visibility_class|osm_difficulty_class|case_id|case_name|osm_raw_dir|ia1_dataset_id|pipeline_stage|exposure_risk_score|hydrology_risk_score|landmark_context_score|navigation_risk_score|navigation_support_score|night_navigation_risk_score|night_navigation_support_score|rest_support_score|route_continuity_context_score|route_effort_risk_score|route_type_risk_score|support_score|surface_slip_risk_score|technical_risk_score|terrain_risk_score|applied_mapping_hits|conditional_factor_flags|conditional_risk_domains|conditional_notes|weather_sensitive_flags|needs_nlsc_flags|needs_activity_flags|unhandled_risk_domains|osm_semantic_risk_score_raw|osm_semantic_risk_score|osm_semantic_risk_band,activity_mapmatch_or_wrong_branch_diagnostic_not_fork_inventory,False,False,activity_behavior_diagnostic_not_route_decision_point_inventory,Activity diagnostics can validate consequences of forks but cannot define route-level fork exposure alone.
outputs\ib1c_osm_semantic_risk\juansi_waterfall_fitcsv_20260503\juansi_waterfall_fitcsv_20260503_osm_semantic_risk_summary.csv,True,20,metric|value,other_context_not_fork_inventory,False,False,no_governed_fork_topology_fields_found,"No node-degree, edge adjacency, or parseable fork/decision-point inventory fields found."
outputs\ib1c_osm_semantic_risk\qixing_lengshuikeng_main_peak_20260523\qixing_lengshuikeng_main_peak_20260523_osm_semantic_risk_profile.csv,True,4189,case_id|case_name|activity_type|activity_fp|ordered_path_fp|mainline_fp|sample_idx|dist_m|lat|lon|ele_gpx_m|delta_dist_m|delta_ele_m|slope_pct|slope_band|gain_m|loss_m|cum_gain_m|cum_loss_m|nearest_gpx_idx|nearest_gpx_dist_m|time_raw|ele_smooth|elevation_source|needs_nlsc_elevation|near_highway|dist_highway_m|osm_way_name|osm_way_name_zh|osm_way_id|osm_way_type|osm_highway|osm_surface|osm_tracktype|osm_smoothness|osm_trail_visibility|osm_sac_scale|osm_incline|osm_lit|osm_lit_status|osm_handrail|osm_safety_rope|osm_step_count|osm_width|osm_bridge|osm_bridge_material|osm_ford|osm_tunnel|osm_covered|osm_highway_family|osm_walk_relevance|osm_trail_difficulty_hint|osm_vertical_context|osm_is_steps|near_safety_rope|dist_safety_rope_m|near_assisted_trail|dist_assisted_trail_m|near_handrail|dist_handrail_m|near_rungs|dist_rungs_m|near_ladder|dist_ladder_m|near_via_ferrata|dist_via_ferrata_m|near_street_lamp|dist_street_lamp_m|near_cliff|dist_cliff_m|near_scree|dist_scree_m|near_bare_rock|dist_bare_rock_m|near_landslide|dist_landslide_m|near_waterway|dist_waterway_m|near_water_area|dist_water_area_m|near_wetland|dist_wetland_m|near_trailhead|dist_trailhead_m|near_peak|dist_peak_m|near_guidepost|dist_guidepost_m|near_shelter|dist_shelter_m|near_alpine_hut|dist_alpine_hut_m|near_wilderness_hut|dist_wilderness_hut_m|near_bench|dist_bench_m|near_picnic_table|dist_picnic_table_m|near_picnic_site|dist_picnic_site_m|near_drinking_water|dist_drinking_water_m|near_toilets|dist_toilets_m|near_visitor_centre|dist_visitor_centre_m|near_information_office|dist_information_office_m|technical_flags|safety_flags|hazard_flags|hydrology_flags|landmark_flags|facility_flags|rest_flags|support_flags|nearby_named_features|surface_class|route_semantic_class|assist_class|visibility_class|osm_difficulty_class|osm_raw_dir|ia1_dataset_id|pipeline_stage|exposure_risk_score|hydrology_risk_score|landmark_context_score|navigation_risk_score|navigation_support_score|night_navigation_risk_score|night_navigation_support_score|rest_support_score|route_continuity_context_score|route_effort_risk_score|route_type_risk_score|support_score|surface_slip_risk_score|technical_risk_score|terrain_risk_score|applied_mapping_hits|conditional_factor_flags|conditional_risk_domains|conditional_notes|weather_sensitive_flags|needs_nlsc_flags|needs_activity_flags|unhandled_risk_domains|osm_semantic_risk_score_raw|osm_semantic_risk_score|osm_semantic_risk_band,activity_mapmatch_or_wrong_branch_diagnostic_not_fork_inventory,False,False,activity_behavior_diagnostic_not_route_decision_point_inventory,Activity diagnostics can validate consequences of forks but cannot define route-level fork exposure alone.
outputs\ib1c_osm_semantic_risk\qixing_lengshuikeng_main_peak_20260523\qixing_lengshuikeng_main_peak_20260523_osm_semantic_risk_summary.csv,True,20,metric|value,other_context_not_fork_inventory,False,False,no_governed_fork_topology_fields_found,"No node-degree, edge adjacency, or parseable fork/decision-point inventory fields found."
outputs\ib1c_osm_semantic_risk\qixing_xiaoyoukeng_main_peak_20260315\qixing_xiaoyoukeng_main_peak_20260315_osm_semantic_risk_profile.csv,True,3332,case_id|case_name|activity_type|activity_fp|ordered_path_fp|mainline_fp|sample_idx|dist_m|lat|lon|ele_gpx_m|delta_dist_m|delta_ele_m|slope_pct|slope_band|gain_m|loss_m|cum_gain_m|cum_loss_m|nearest_gpx_idx|nearest_gpx_dist_m|time_raw|ele_smooth|elevation_source|needs_nlsc_elevation|near_highway|dist_highway_m|osm_way_name|osm_way_name_zh|osm_way_id|osm_way_type|osm_highway|osm_surface|osm_tracktype|osm_smoothness|osm_trail_visibility|osm_sac_scale|osm_incline|osm_lit|osm_lit_status|osm_handrail|osm_safety_rope|osm_step_count|osm_width|osm_bridge|osm_bridge_material|osm_ford|osm_tunnel|osm_covered|osm_highway_family|osm_walk_relevance|osm_trail_difficulty_hint|osm_vertical_context|osm_is_steps|near_safety_rope|dist_safety_rope_m|near_assisted_trail|dist_assisted_trail_m|near_handrail|dist_handrail_m|near_rungs|dist_rungs_m|near_ladder|dist_ladder_m|near_via_ferrata|dist_via_ferrata_m|near_street_lamp|dist_street_lamp_m|near_cliff|dist_cliff_m|near_scree|dist_scree_m|near_bare_rock|dist_bare_rock_m|near_landslide|dist_landslide_m|near_waterway|dist_waterway_m|near_water_area|dist_water_area_m|near_wetland|dist_wetland_m|near_trailhead|dist_trailhead_m|near_peak|dist_peak_m|near_guidepost|dist_guidepost_m|near_shelter|dist_shelter_m|near_alpine_hut|dist_alpine_hut_m|near_wilderness_hut|dist_wilderness_hut_m|near_bench|dist_bench_m|near_picnic_table|dist_picnic_table_m|near_picnic_site|dist_picnic_site_m|near_drinking_water|dist_drinking_water_m|near_toilets|dist_toilets_m|near_visitor_centre|dist_visitor_centre_m|near_information_office|dist_information_office_m|technical_flags|safety_flags|hazard_flags|hydrology_flags|landmark_flags|facility_flags|rest_flags|support_flags|nearby_named_features|surface_class|route_semantic_class|assist_class|visibility_class|osm_difficulty_class|osm_raw_dir|ia1_dataset_id|pipeline_stage|exposure_risk_score|hydrology_risk_score|landmark_context_score|navigation_risk_score|navigation_support_score|night_navigation_risk_score|night_navigation_support_score|rest_support_score|route_continuity_context_score|route_effort_risk_score|route_type_risk_score|support_score|surface_slip_risk_score|technical_risk_score|terrain_risk_score|applied_mapping_hits|conditional_factor_flags|conditional_risk_domains|conditional_notes|weather_sensitive_flags|needs_nlsc_flags|needs_activity_flags|unhandled_risk_domains|osm_semantic_risk_score_raw|osm_semantic_risk_score|osm_semantic_risk_band,activity_mapmatch_or_wrong_branch_diagnostic_not_fork_inventory,False,False,activity_behavior_diagnostic_not_route_decision_point_inventory,Activity diagnostics can validate consequences of forks but cannot define route-level fork exposure alone.
outputs\ib1c_osm_semantic_risk\qixing_xiaoyoukeng_main_peak_20260315\qixing_xiaoyoukeng_main_peak_20260315_osm_semantic_risk_summary.csv,True,21,metric|value,other_context_not_fork_inventory,False,False,no_governed_fork_topology_fields_found,"No node-degree, edge adjacency, or parseable fork/decision-point inventory fields found."
outputs\ib1c_osm_semantic_risk\zhonghua_ust_jiuwufeng_roundtrip_biji\zhonghua_ust_jiuwufeng_roundtrip_biji_osm_semantic_risk_profile.csv,True,5239,case_id|case_name|activity_type|activity_fp|ordered_path_fp|mainline_fp|sample_idx|dist_m|lat|lon|ele_gpx_m|delta_dist_m|delta_ele_m|slope_pct|slope_band|gain_m|loss_m|cum_gain_m|cum_loss_m|nearest_gpx_idx|nearest_gpx_dist_m|time_raw|ele_smooth|elevation_source|needs_nlsc_elevation|near_highway|dist_highway_m|osm_way_name|osm_way_name_zh|osm_way_id|osm_way_type|osm_highway|osm_surface|osm_tracktype|osm_smoothness|osm_trail_visibility|osm_sac_scale|osm_incline|osm_lit|osm_lit_status|osm_handrail|osm_safety_rope|osm_step_count|osm_width|osm_bridge|osm_bridge_material|osm_ford|osm_tunnel|osm_covered|osm_highway_family|osm_walk_relevance|osm_trail_difficulty_hint|osm_vertical_context|osm_is_steps|near_safety_rope|dist_safety_rope_m|near_assisted_trail|dist_assisted_trail_m|near_handrail|dist_handrail_m|near_rungs|dist_rungs_m|near_ladder|dist_ladder_m|near_via_ferrata|dist_via_ferrata_m|near_street_lamp|dist_street_lamp_m|near_cliff|dist_cliff_m|near_scree|dist_scree_m|near_bare_rock|dist_bare_rock_m|near_landslide|dist_landslide_m|near_waterway|dist_waterway_m|near_water_area|dist_water_area_m|near_wetland|dist_wetland_m|near_trailhead|dist_trailhead_m|near_peak|dist_peak_m|near_guidepost|dist_guidepost_m|near_shelter|dist_shelter_m|near_alpine_hut|dist_alpine_hut_m|near_wilderness_hut|dist_wilderness_hut_m|near_bench|dist_bench_m|near_picnic_table|dist_picnic_table_m|near_picnic_site|dist_picnic_site_m|near_drinking_water|dist_drinking_water_m|near_toilets|dist_toilets_m|near_visitor_centre|dist_visitor_centre_m|near_information_office|dist_information_office_m|technical_flags|safety_flags|hazard_flags|hydrology_flags|landmark_flags|facility_flags|rest_flags|support_flags|nearby_named_features|surface_class|route_semantic_class|assist_class|visibility_class|osm_difficulty_class|osm_raw_dir|ia1_dataset_id|pipeline_stage|exposure_risk_score|hydrology_risk_score|landmark_context_score|navigation_risk_score|navigation_support_score|night_navigation_risk_score|night_navigation_support_score|rest_support_score|route_continuity_context_score|route_effort_risk_score|route_type_risk_score|support_score|surface_slip_risk_score|technical_risk_score|terrain_risk_score|applied_mapping_hits|conditional_factor_flags|conditional_risk_domains|conditional_notes|weather_sensitive_flags|needs_nlsc_flags|needs_activity_flags|unhandled_risk_domains|osm_semantic_risk_score_raw|osm_semantic_risk_score|osm_semantic_risk_band,activity_mapmatch_or_wrong_branch_diagnostic_not_fork_inventory,False,False,activity_behavior_diagnostic_not_route_decision_point_inventory,Activity diagnostics can validate consequences of forks but cannot define route-level fork exposure alone.
outputs\ib1c_osm_semantic_risk\zhonghua_ust_jiuwufeng_roundtrip_biji\zhonghua_ust_jiuwufeng_roundtrip_biji_osm_semantic_risk_summary.csv,True,21,metric|value,other_context_not_fork_inventory,False,False,no_governed_fork_topology_fields_found,"No node-degree, edge adjacency, or parseable fork/decision-point inventory fields found."
outputs\ib1c_osm_semantic_risk_forced_required_way_test\qixing_lengshuikeng_main_peak_20260523\qixing_lengshuikeng_main_peak_20260523_osm_semantic_risk_profile.csv,True,4189,case_id|case_name|activity_type|activity_fp|ordered_path_fp|mainline_fp|sample_idx|dist_m|lat|lon|ele_gpx_m|delta_dist_m|delta_ele_m|slope_pct|slope_band|gain_m|loss_m|cum_gain_m|cum_loss_m|nearest_gpx_idx|nearest_gpx_dist_m|time_raw|ele_smooth|elevation_source|needs_nlsc_elevation|near_highway|dist_highway_m|osm_way_name|osm_way_name_zh|osm_way_id|osm_way_type|osm_highway|osm_surface|osm_tracktype|osm_smoothness|osm_trail_visibility|osm_sac_scale|osm_incline|osm_lit|osm_lit_status|osm_handrail|osm_safety_rope|osm_step_count|osm_width|osm_bridge|osm_bridge_material|osm_ford|osm_tunnel|osm_covered|osm_highway_family|osm_walk_relevance|osm_trail_difficulty_hint|osm_vertical_context|osm_is_steps|near_safety_rope|dist_safety_rope_m|near_assisted_trail|dist_assisted_trail_m|near_handrail|dist_handrail_m|near_rungs|dist_rungs_m|near_ladder|dist_ladder_m|near_via_ferrata|dist_via_ferrata_m|near_street_lamp|dist_street_lamp_m|near_cliff|dist_cliff_m|near_scree|dist_scree_m|near_bare_rock|dist_bare_rock_m|near_landslide|dist_landslide_m|near_waterway|dist_waterway_m|near_water_area|dist_water_area_m|near_wetland|dist_wetland_m|near_trailhead|dist_trailhead_m|near_peak|dist_peak_m|near_guidepost|dist_guidepost_m|near_shelter|dist_shelter_m|near_alpine_hut|dist_alpine_hut_m|near_wilderness_hut|dist_wilderness_hut_m|near_bench|dist_bench_m|near_picnic_table|dist_picnic_table_m|near_picnic_site|dist_picnic_site_m|near_drinking_water|dist_drinking_water_m|near_toilets|dist_toilets_m|near_visitor_centre|dist_visitor_centre_m|near_information_office|dist_information_office_m|technical_flags|safety_flags|hazard_flags|hydrology_flags|landmark_flags|facility_flags|rest_flags|support_flags|nearby_named_features|surface_class|route_semantic_class|assist_class|visibility_class|osm_difficulty_class|osm_raw_dir|ia1_dataset_id|pipeline_stage|exposure_risk_score|hydrology_risk_score|landmark_context_score|navigation_risk_score|navigation_support_score|night_navigation_risk_score|night_navigation_support_score|rest_support_score|route_continuity_context_score|route_effort_risk_score|route_type_risk_score|support_score|surface_slip_risk_score|technical_risk_score|terrain_risk_score|applied_mapping_hits|conditional_factor_flags|conditional_risk_domains|conditional_notes|weather_sensitive_flags|needs_nlsc_flags|needs_activity_flags|unhandled_risk_domains|osm_semantic_risk_score_raw|osm_semantic_risk_score|osm_semantic_risk_band,activity_mapmatch_or_wrong_branch_diagnostic_not_fork_inventory,False,False,activity_behavior_diagnostic_not_route_decision_point_inventory,Activity diagnostics can validate consequences of forks but cannot define route-level fork exposure alone.
outputs\ib1c_osm_semantic_risk_forced_required_way_test\qixing_lengshuikeng_main_peak_20260523\qixing_lengshuikeng_main_peak_20260523_osm_semantic_risk_summary.csv,True,20,metric|value,other_context_not_fork_inventory,False,False,no_governed_fork_topology_fields_found,"No node-degree, edge adjacency, or parseable fork/decision-point inventory fields found."
outputs\ib1c_osm_semantic_risk_v1_1\qixing_lengshuikeng_main_peak_20260523\qixing_lengshuikeng_main_peak_20260523_osm_semantic_risk_profile.csv,True,4149,case_id|case_name|activity_type|activity_fp|ordered_path_fp|mainline_fp|sample_idx|dist_m|lat|lon|ele_gpx_m|delta_dist_m|delta_ele_m|slope_pct|slope_band|gain_m|loss_m|cum_gain_m|cum_loss_m|nearest_gpx_idx|nearest_gpx_dist_m|time_raw|ele_smooth|elevation_source|needs_nlsc_elevation|near_highway|dist_highway_m|osm_way_name|osm_way_name_zh|osm_way_id|osm_way_type|osm_highway|osm_surface|osm_tracktype|osm_smoothness|osm_trail_visibility|osm_sac_scale|osm_incline|osm_lit|osm_lit_status|osm_handrail|osm_safety_rope|osm_step_count|osm_width|osm_bridge|osm_bridge_material|osm_ford|osm_tunnel|osm_covered|osm_highway_family|osm_walk_relevance|osm_trail_difficulty_hint|osm_vertical_context|osm_is_steps|near_safety_rope|dist_safety_rope_m|near_assisted_trail|dist_assisted_trail_m|near_handrail|dist_handrail_m|near_rungs|dist_rungs_m|near_ladder|dist_ladder_m|near_via_ferrata|dist_via_ferrata_m|near_street_lamp|dist_street_lamp_m|near_cliff|dist_cliff_m|near_scree|dist_scree_m|near_bare_rock|dist_bare_rock_m|near_landslide|dist_landslide_m|near_waterway|dist_waterway_m|near_water_area|dist_water_area_m|near_wetland|dist_wetland_m|near_trailhead|dist_trailhead_m|near_peak|dist_peak_m|near_guidepost|dist_guidepost_m|near_shelter|dist_shelter_m|near_alpine_hut|dist_alpine_hut_m|near_wilderness_hut|dist_wilderness_hut_m|near_bench|dist_bench_m|near_picnic_table|dist_picnic_table_m|near_picnic_site|dist_picnic_site_m|near_drinking_water|dist_drinking_water_m|near_toilets|dist_toilets_m|near_visitor_centre|dist_visitor_centre_m|near_information_office|dist_information_office_m|technical_flags|safety_flags|hazard_flags|hydrology_flags|landmark_flags|facility_flags|rest_flags|support_flags|nearby_named_features|surface_class|route_semantic_class|assist_class|visibility_class|osm_difficulty_class|osm_raw_dir|ia1_dataset_id|pipeline_stage|exposure_risk_score|hydrology_risk_score|landmark_context_score|navigation_risk_score|navigation_support_score|night_navigation_risk_score|night_navigation_support_score|rest_support_score|route_continuity_context_score|route_effort_risk_score|route_type_risk_score|support_score|surface_slip_risk_score|technical_risk_score|terrain_risk_score|applied_mapping_hits|conditional_factor_flags|conditional_risk_domains|conditional_notes|weather_sensitive_flags|needs_nlsc_flags|needs_activity_flags|unhandled_risk_domains|osm_semantic_risk_score_raw|osm_semantic_risk_score|osm_semantic_risk_band,activity_mapmatch_or_wrong_branch_diagnostic_not_fork_inventory,False,False,activity_behavior_diagnostic_not_route_decision_point_inventory,Activity diagnostics can validate consequences of forks but cannot define route-level fork exposure alone.
outputs\ib1c_osm_semantic_risk_v1_1\qixing_lengshuikeng_main_peak_20260523\qixing_lengshuikeng_main_peak_20260523_osm_semantic_risk_summary.csv,True,20,metric|value,other_context_not_fork_inventory,False,False,no_governed_fork_topology_fields_found,"No node-degree, edge adjacency, or parseable fork/decision-point inventory fields found."
outputs\ib1c_osm_semantic_risk_v1_1\qixing_xiaoyoukeng_main_peak_20260315\qixing_xiaoyoukeng_main_peak_20260315_osm_semantic_risk_profile.csv,True,3332,case_id|case_name|activity_type|activity_fp|ordered_path_fp|mainline_fp|sample_idx|dist_m|lat|lon|ele_gpx_m|delta_dist_m|delta_ele_m|slope_pct|slope_band|gain_m|loss_m|cum_gain_m|cum_loss_m|nearest_gpx_idx|nearest_gpx_dist_m|time_raw|ele_smooth|elevation_source|needs_nlsc_elevation|near_highway|dist_highway_m|osm_way_name|osm_way_name_zh|osm_way_id|osm_way_type|osm_highway|osm_surface|osm_tracktype|osm_smoothness|osm_trail_visibility|osm_sac_scale|osm_incline|osm_lit|osm_lit_status|osm_handrail|osm_safety_rope|osm_step_count|osm_width|osm_bridge|osm_bridge_material|osm_ford|osm_tunnel|osm_covered|osm_highway_family|osm_walk_relevance|osm_trail_difficulty_hint|osm_vertical_context|osm_is_steps|near_safety_rope|dist_safety_rope_m|near_assisted_trail|dist_assisted_trail_m|near_handrail|dist_handrail_m|near_rungs|dist_rungs_m|near_ladder|dist_ladder_m|near_via_ferrata|dist_via_ferrata_m|near_street_lamp|dist_street_lamp_m|near_cliff|dist_cliff_m|near_scree|dist_scree_m|near_bare_rock|dist_bare_rock_m|near_landslide|dist_landslide_m|near_waterway|dist_waterway_m|near_water_area|dist_water_area_m|near_wetland|dist_wetland_m|near_trailhead|dist_trailhead_m|near_peak|dist_peak_m|near_guidepost|dist_guidepost_m|near_shelter|dist_shelter_m|near_alpine_hut|dist_alpine_hut_m|near_wilderness_hut|dist_wilderness_hut_m|near_bench|dist_bench_m|near_picnic_table|dist_picnic_table_m|near_picnic_site|dist_picnic_site_m|near_drinking_water|dist_drinking_water_m|near_toilets|dist_toilets_m|near_visitor_centre|dist_visitor_centre_m|near_information_office|dist_information_office_m|technical_flags|safety_flags|hazard_flags|hydrology_flags|landmark_flags|facility_flags|rest_flags|support_flags|nearby_named_features|surface_class|route_semantic_class|assist_class|visibility_class|osm_difficulty_class|osm_raw_dir|ia1_dataset_id|pipeline_stage|exposure_risk_score|hydrology_risk_score|landmark_context_score|navigation_risk_score|navigation_support_score|night_navigation_risk_score|night_navigation_support_score|rest_support_score|route_continuity_context_score|route_effort_risk_score|route_type_risk_score|support_score|surface_slip_risk_score|technical_risk_score|terrain_risk_score|applied_mapping_hits|conditional_factor_flags|conditional_risk_domains|conditional_notes|weather_sensitive_flags|needs_nlsc_flags|needs_activity_flags|unhandled_risk_domains|osm_semantic_risk_score_raw|osm_semantic_risk_score|osm_semantic_risk_band,activity_mapmatch_or_wrong_branch_diagnostic_not_fork_inventory,False,False,activity_behavior_diagnostic_not_route_decision_point_inventory,Activity diagnostics can validate consequences of forks but cannot define route-level fork exposure alone.
outputs\ib1c_osm_semantic_risk_v1_1\qixing_xiaoyoukeng_main_peak_20260315\qixing_xiaoyoukeng_main_peak_20260315_osm_semantic_risk_summary.csv,True,21,metric|value,other_context_not_fork_inventory,False,False,no_governed_fork_topology_fields_found,"No node-degree, edge adjacency, or parseable fork/decision-point inventory fields found."
outputs\ib1c_osm_semantic_risk_v1_1\zhonghua_ust_jiuwufeng_roundtrip_biji\zhonghua_ust_jiuwufeng_roundtrip_biji_osm_semantic_risk_profile.csv,True,5239,case_id|case_name|activity_type|activity_fp|ordered_path_fp|mainline_fp|sample_idx|dist_m|lat|lon|ele_gpx_m|delta_dist_m|delta_ele_m|slope_pct|slope_band|gain_m|loss_m|cum_gain_m|cum_loss_m|nearest_gpx_idx|nearest_gpx_dist_m|time_raw|ele_smooth|elevation_source|needs_nlsc_elevation|near_highway|dist_highway_m|osm_way_name|osm_way_name_zh|osm_way_id|osm_way_type|osm_highway|osm_surface|osm_tracktype|osm_smoothness|osm_trail_visibility|osm_sac_scale|osm_incline|osm_lit|osm_lit_status|osm_handrail|osm_safety_rope|osm_step_count|osm_width|osm_bridge|osm_bridge_material|osm_ford|osm_tunnel|osm_covered|osm_highway_family|osm_walk_relevance|osm_trail_difficulty_hint|osm_vertical_context|osm_is_steps|near_safety_rope|dist_safety_rope_m|near_assisted_trail|dist_assisted_trail_m|near_handrail|dist_handrail_m|near_rungs|dist_rungs_m|near_ladder|dist_ladder_m|near_via_ferrata|dist_via_ferrata_m|near_street_lamp|dist_street_lamp_m|near_cliff|dist_cliff_m|near_scree|dist_scree_m|near_bare_rock|dist_bare_rock_m|near_landslide|dist_landslide_m|near_waterway|dist_waterway_m|near_water_area|dist_water_area_m|near_wetland|dist_wetland_m|near_trailhead|dist_trailhead_m|near_peak|dist_peak_m|near_guidepost|dist_guidepost_m|near_shelter|dist_shelter_m|near_alpine_hut|dist_alpine_hut_m|near_wilderness_hut|dist_wilderness_hut_m|near_bench|dist_bench_m|near_picnic_table|dist_picnic_table_m|near_picnic_site|dist_picnic_site_m|near_drinking_water|dist_drinking_water_m|near_toilets|dist_toilets_m|near_visitor_centre|dist_visitor_centre_m|near_information_office|dist_information_office_m|technical_flags|safety_flags|hazard_flags|hydrology_flags|landmark_flags|facility_flags|rest_flags|support_flags|nearby_named_features|surface_class|route_semantic_class|assist_class|visibility_class|osm_difficulty_class|osm_raw_dir|ia1_dataset_id|pipeline_stage|exposure_risk_score|hydrology_risk_score|landmark_context_score|navigation_risk_score|navigation_support_score|night_navigation_risk_score|night_navigation_support_score|rest_support_score|route_continuity_context_score|route_effort_risk_score|route_type_risk_score|support_score|surface_slip_risk_score|technical_risk_score|terrain_risk_score|applied_mapping_hits|conditional_factor_flags|conditional_risk_domains|conditional_notes|weather_sensitive_flags|needs_nlsc_flags|needs_activity_flags|unhandled_risk_domains|osm_semantic_risk_score_raw|osm_semantic_risk_score|osm_semantic_risk_band,activity_mapmatch_or_wrong_branch_diagnostic_not_fork_inventory,False,False,activity_behavior_diagnostic_not_route_decision_point_inventory,Activity diagnostics can validate consequences of forks but cannot define route-level fork exposure alone.
outputs\ib1c_osm_semantic_risk_v1_1\zhonghua_ust_jiuwufeng_roundtrip_biji\zhonghua_ust_jiuwufeng_roundtrip_biji_osm_semantic_risk_summary.csv,True,21,metric|value,other_context_not_fork_inventory,False,False,no_governed_fork_topology_fields_found,"No node-degree, edge adjacency, or parseable fork/decision-point inventory fields found."
outputs\ib1c_osm_semantic_risk_v1_3b_contract_qa\juansi_waterfall_fitcsv_20260503_osmrefresh_v1_3b\juansi_waterfall_fitcsv_20260503_osmrefresh_v1_3b_osm_semantic_risk_profile.csv,True,3697,case_id|case_name|activity_type|activity_fp|ordered_path_fp|mainline_fp|sample_idx|dist_m|lat|lon|ele_gpx_m|delta_dist_m|delta_ele_m|slope_pct|slope_band|gain_m|loss_m|cum_gain_m|cum_loss_m|nearest_gpx_idx|nearest_gpx_dist_m|time_raw|ele_smooth|elevation_source|needs_nlsc_elevation|near_highway|dist_highway_m|osm_way_name|osm_way_name_zh|osm_way_id|osm_way_type|osm_highway|osm_surface|osm_tracktype|osm_smoothness|osm_trail_visibility|osm_sac_scale|osm_incline|osm_lit|osm_lit_status|osm_handrail|osm_safety_rope|osm_step_count|osm_width|osm_bridge|osm_bridge_material|osm_ford|osm_tunnel|osm_covered|osm_highway_family|osm_walk_relevance|osm_trail_difficulty_hint|osm_vertical_context|osm_is_steps|near_safety_rope|dist_safety_rope_m|near_assisted_trail|dist_assisted_trail_m|near_handrail|dist_handrail_m|near_rungs|dist_rungs_m|near_ladder|dist_ladder_m|near_via_ferrata|dist_via_ferrata_m|near_street_lamp|dist_street_lamp_m|near_cliff|dist_cliff_m|near_scree|dist_scree_m|near_bare_rock|dist_bare_rock_m|near_landslide|dist_landslide_m|near_waterway|dist_waterway_m|near_water_area|dist_water_area_m|near_wetland|dist_wetland_m|near_trailhead|dist_trailhead_m|near_peak|dist_peak_m|near_guidepost|dist_guidepost_m|near_shelter|dist_shelter_m|near_alpine_hut|dist_alpine_hut_m|near_wilderness_hut|dist_wilderness_hut_m|near_bench|dist_bench_m|near_picnic_table|dist_picnic_table_m|near_picnic_site|dist_picnic_site_m|near_drinking_water|dist_drinking_water_m|near_toilets|dist_toilets_m|near_visitor_centre|dist_visitor_centre_m|near_information_office|dist_information_office_m|technical_flags|safety_flags|hazard_flags|hydrology_flags|landmark_flags|facility_flags|rest_flags|support_flags|nearby_named_features|surface_class|route_semantic_class|assist_class|visibility_class|osm_difficulty_class|osm_raw_dir|ia1_dataset_id|pipeline_stage|exposure_risk_score|hydrology_risk_score|landmark_context_score|navigation_risk_score|navigation_support_score|night_navigation_risk_score|night_navigation_support_score|rest_support_score|route_continuity_context_score|route_effort_risk_score|route_type_risk_score|support_score|surface_slip_risk_score|technical_risk_score|terrain_risk_score|applied_mapping_hits|conditional_factor_flags|conditional_risk_domains|conditional_notes|weather_sensitive_flags|needs_nlsc_flags|needs_activity_flags|unhandled_risk_domains|osm_semantic_risk_score_raw|osm_semantic_risk_score|osm_semantic_risk_band,activity_mapmatch_or_wrong_branch_diagnostic_not_fork_inventory,False,False,activity_behavior_diagnostic_not_route_decision_point_inventory,Activity diagnostics can validate consequences of forks but cannot define route-level fork exposure alone.
outputs\ib1c_osm_semantic_risk_v1_3b_contract_qa\juansi_waterfall_fitcsv_20260503_osmrefresh_v1_3b\juansi_waterfall_fitcsv_20260503_osmrefresh_v1_3b_osm_semantic_risk_summary.csv,True,20,metric|value,other_context_not_fork_inventory,False,False,no_governed_fork_topology_fields_found,"No node-degree, edge adjacency, or parseable fork/decision-point inventory fields found."
outputs\ib1c_osm_semantic_risk_v1_3b_contract_qa\qixing_lengshuikeng_main_peak_20260523_osmrefresh_v1_3b\qixing_lengshuikeng_main_peak_20260523_osmrefresh_v1_3b_osm_semantic_risk_profile.csv,True,4189,case_id|case_name|activity_type|activity_fp|ordered_path_fp|mainline_fp|sample_idx|dist_m|lat|lon|ele_gpx_m|delta_dist_m|delta_ele_m|slope_pct|slope_band|gain_m|loss_m|cum_gain_m|cum_loss_m|nearest_gpx_idx|nearest_gpx_dist_m|time_raw|ele_smooth|elevation_source|needs_nlsc_elevation|near_highway|dist_highway_m|osm_way_name|osm_way_name_zh|osm_way_id|osm_way_type|osm_highway|osm_surface|osm_tracktype|osm_smoothness|osm_trail_visibility|osm_sac_scale|osm_incline|osm_lit|osm_lit_status|osm_handrail|osm_safety_rope|osm_step_count|osm_width|osm_bridge|osm_bridge_material|osm_ford|osm_tunnel|osm_covered|osm_highway_family|osm_walk_relevance|osm_trail_difficulty_hint|osm_vertical_context|osm_is_steps|near_safety_rope|dist_safety_rope_m|near_assisted_trail|dist_assisted_trail_m|near_handrail|dist_handrail_m|near_rungs|dist_rungs_m|near_ladder|dist_ladder_m|near_via_ferrata|dist_via_ferrata_m|near_street_lamp|dist_street_lamp_m|near_cliff|dist_cliff_m|near_scree|dist_scree_m|near_bare_rock|dist_bare_rock_m|near_landslide|dist_landslide_m|near_waterway|dist_waterway_m|near_water_area|dist_water_area_m|near_wetland|dist_wetland_m|near_trailhead|dist_trailhead_m|near_peak|dist_peak_m|near_guidepost|dist_guidepost_m|near_shelter|dist_shelter_m|near_alpine_hut|dist_alpine_hut_m|near_wilderness_hut|dist_wilderness_hut_m|near_bench|dist_bench_m|near_picnic_table|dist_picnic_table_m|near_picnic_site|dist_picnic_site_m|near_drinking_water|dist_drinking_water_m|near_toilets|dist_toilets_m|near_visitor_centre|dist_visitor_centre_m|near_information_office|dist_information_office_m|technical_flags|safety_flags|hazard_flags|hydrology_flags|landmark_flags|facility_flags|rest_flags|support_flags|nearby_named_features|surface_class|route_semantic_class|assist_class|visibility_class|osm_difficulty_class|osm_raw_dir|ia1_dataset_id|pipeline_stage|exposure_risk_score|hydrology_risk_score|landmark_context_score|navigation_risk_score|navigation_support_score|night_navigation_risk_score|night_navigation_support_score|rest_support_score|route_continuity_context_score|route_effort_risk_score|route_type_risk_score|support_score|surface_slip_risk_score|technical_risk_score|terrain_risk_score|applied_mapping_hits|conditional_factor_flags|conditional_risk_domains|conditional_notes|weather_sensitive_flags|needs_nlsc_flags|needs_activity_flags|unhandled_risk_domains|osm_semantic_risk_score_raw|osm_semantic_risk_score|osm_semantic_risk_band,activity_mapmatch_or_wrong_branch_diagnostic_not_fork_inventory,False,False,activity_behavior_diagnostic_not_route_decision_point_inventory,Activity diagnostics can validate consequences of forks but cannot define route-level fork exposure alone.
outputs\ib1c_osm_semantic_risk_v1_3b_contract_qa\qixing_lengshuikeng_main_peak_20260523_osmrefresh_v1_3b\qixing_lengshuikeng_main_peak_20260523_osmrefresh_v1_3b_osm_semantic_risk_summary.csv,True,20,metric|value,other_context_not_fork_inventory,False,False,no_governed_fork_topology_fields_found,"No node-degree, edge adjacency, or parseable fork/decision-point inventory fields found."
outputs\ib1c_osm_semantic_risk_v1_3b_contract_qa\qixing_lengshuikeng_xiaoyoukeng_gpx_osmrefresh_v1_3b\qixing_lengshuikeng_xiaoyoukeng_gpx_osmrefresh_v1_3b_osm_semantic_risk_profile.csv,True,3697,case_id|case_name|activity_type|activity_fp|ordered_path_fp|mainline_fp|sample_idx|dist_m|lat|lon|ele_gpx_m|delta_dist_m|delta_ele_m|slope_pct|slope_band|gain_m|loss_m|cum_gain_m|cum_loss_m|nearest_gpx_idx|nearest_gpx_dist_m|time_raw|ele_smooth|elevation_source|needs_nlsc_elevation|near_highway|dist_highway_m|osm_way_name|osm_way_name_zh|osm_way_id|osm_way_type|osm_highway|osm_surface|osm_tracktype|osm_smoothness|osm_trail_visibility|osm_sac_scale|osm_incline|osm_lit|osm_lit_status|osm_handrail|osm_safety_rope|osm_step_count|osm_width|osm_bridge|osm_bridge_material|osm_ford|osm_tunnel|osm_covered|osm_highway_family|osm_walk_relevance|osm_trail_difficulty_hint|osm_vertical_context|osm_is_steps|near_safety_rope|dist_safety_rope_m|near_assisted_trail|dist_assisted_trail_m|near_handrail|dist_handrail_m|near_rungs|dist_rungs_m|near_ladder|dist_ladder_m|near_via_ferrata|dist_via_ferrata_m|near_street_lamp|dist_street_lamp_m|near_cliff|dist_cliff_m|near_scree|dist_scree_m|near_bare_rock|dist_bare_rock_m|near_landslide|dist_landslide_m|near_waterway|dist_waterway_m|near_water_area|dist_water_area_m|near_wetland|dist_wetland_m|near_trailhead|dist_trailhead_m|near_peak|dist_peak_m|near_guidepost|dist_guidepost_m|near_shelter|dist_shelter_m|near_alpine_hut|dist_alpine_hut_m|near_wilderness_hut|dist_wilderness_hut_m|near_bench|dist_bench_m|near_picnic_table|dist_picnic_table_m|near_picnic_site|dist_picnic_site_m|near_drinking_water|dist_drinking_water_m|near_toilets|dist_toilets_m|near_visitor_centre|dist_visitor_centre_m|near_information_office|dist_information_office_m|technical_flags|safety_flags|hazard_flags|hydrology_flags|landmark_flags|facility_flags|rest_flags|support_flags|nearby_named_features|surface_class|route_semantic_class|assist_class|visibility_class|osm_difficulty_class|osm_raw_dir|ia1_dataset_id|pipeline_stage|exposure_risk_score|hydrology_risk_score|landmark_context_score|navigation_risk_score|navigation_support_score|night_navigation_risk_score|night_navigation_support_score|rest_support_score|route_continuity_context_score|route_effort_risk_score|route_type_risk_score|support_score|surface_slip_risk_score|technical_risk_score|terrain_risk_score|applied_mapping_hits|conditional_factor_flags|conditional_risk_domains|conditional_notes|weather_sensitive_flags|needs_nlsc_flags|needs_activity_flags|unhandled_risk_domains|osm_semantic_risk_score_raw|osm_semantic_risk_score|osm_semantic_risk_band,activity_mapmatch_or_wrong_branch_diagnostic_not_fork_inventory,False,False,activity_behavior_diagnostic_not_route_decision_point_inventory,Activity diagnostics can validate consequences of forks but cannot define route-level fork exposure alone.
outputs\ib1c_osm_semantic_risk_v1_3b_contract_qa\qixing_lengshuikeng_xiaoyoukeng_gpx_osmrefresh_v1_3b\qixing_lengshuikeng_xiaoyoukeng_gpx_osmrefresh_v1_3b_osm_semantic_risk_summary.csv,True,21,metric|value,other_context_not_fork_inventory,False,False,no_governed_fork_topology_fields_found,"No node-degree, edge adjacency, or parseable fork/decision-point inventory fields found."
outputs\ib1c_osm_semantic_risk_v1_3b_contract_qa\qixing_xiaoyoukeng_main_peak_20260315_osmrefresh_v1_3b\qixing_xiaoyoukeng_main_peak_20260315_osmrefresh_v1_3b_osm_semantic_risk_profile.csv,True,3247,case_id|case_name|activity_type|activity_fp|ordered_path_fp|mainline_fp|sample_idx|dist_m|lat|lon|ele_gpx_m|delta_dist_m|delta_ele_m|slope_pct|slope_band|gain_m|loss_m|cum_gain_m|cum_loss_m|nearest_gpx_idx|nearest_gpx_dist_m|time_raw|ele_smooth|elevation_source|needs_nlsc_elevation|near_highway|dist_highway_m|osm_way_name|osm_way_name_zh|osm_way_id|osm_way_type|osm_highway|osm_surface|osm_tracktype|osm_smoothness|osm_trail_visibility|osm_sac_scale|osm_incline|osm_lit|osm_lit_status|osm_handrail|osm_safety_rope|osm_step_count|osm_width|osm_bridge|osm_bridge_material|osm_ford|osm_tunnel|osm_covered|osm_highway_family|osm_walk_relevance|osm_trail_difficulty_hint|osm_vertical_context|osm_is_steps|near_safety_rope|dist_safety_rope_m|near_assisted_trail|dist_assisted_trail_m|near_handrail|dist_handrail_m|near_rungs|dist_rungs_m|near_ladder|dist_ladder_m|near_via_ferrata|dist_via_ferrata_m|near_street_lamp|dist_street_lamp_m|near_cliff|dist_cliff_m|near_scree|dist_scree_m|near_bare_rock|dist_bare_rock_m|near_landslide|dist_landslide_m|near_waterway|dist_waterway_m|near_water_area|dist_water_area_m|near_wetland|dist_wetland_m|near_trailhead|dist_trailhead_m|near_peak|dist_peak_m|near_guidepost|dist_guidepost_m|near_shelter|dist_shelter_m|near_alpine_hut|dist_alpine_hut_m|near_wilderness_hut|dist_wilderness_hut_m|near_bench|dist_bench_m|near_picnic_table|dist_picnic_table_m|near_picnic_site|dist_picnic_site_m|near_drinking_water|dist_drinking_water_m|near_toilets|dist_toilets_m|near_visitor_centre|dist_visitor_centre_m|near_information_office|dist_information_office_m|technical_flags|safety_flags|hazard_flags|hydrology_flags|landmark_flags|facility_flags|rest_flags|support_flags|nearby_named_features|surface_class|route_semantic_class|assist_class|visibility_class|osm_difficulty_class|osm_raw_dir|ia1_dataset_id|pipeline_stage|exposure_risk_score|hydrology_risk_score|landmark_context_score|navigation_risk_score|navigation_support_score|night_navigation_risk_score|night_navigation_support_score|rest_support_score|route_continuity_context_score|route_effort_risk_score|route_type_risk_score|support_score|surface_slip_risk_score|technical_risk_score|terrain_risk_score|applied_mapping_hits|conditional_factor_flags|conditional_risk_domains|conditional_notes|weather_sensitive_flags|needs_nlsc_flags|needs_activity_flags|unhandled_risk_domains|osm_semantic_risk_score_raw|osm_semantic_risk_score|osm_semantic_risk_band,activity_mapmatch_or_wrong_branch_diagnostic_not_fork_inventory,False,False,activity_behavior_diagnostic_not_route_decision_point_inventory,Activity diagnostics can validate consequences of forks but cannot define route-level fork exposure alone.
outputs\ib1c_osm_semantic_risk_v1_3b_contract_qa\qixing_xiaoyoukeng_main_peak_20260315_osmrefresh_v1_3b\qixing_xiaoyoukeng_main_peak_20260315_osmrefresh_v1_3b_osm_semantic_risk_summary.csv,True,21,metric|value,other_context_not_fork_inventory,False,False,no_governed_fork_topology_fields_found,"No node-degree, edge adjacency, or parseable fork/decision-point inventory fields found."
outputs\ib1c_osm_semantic_risk_v1_3b_contract_qa\zhonghua_ust_jiuwufeng_roundtrip_biji_osmrefresh_v1_3b\zhonghua_ust_jiuwufeng_roundtrip_biji_osmrefresh_v1_3b_osm_semantic_risk_profile.csv,True,5449,case_id|case_name|activity_type|activity_fp|ordered_path_fp|mainline_fp|sample_idx|dist_m|lat|lon|ele_gpx_m|delta_dist_m|delta_ele_m|slope_pct|slope_band|gain_m|loss_m|cum_gain_m|cum_loss_m|nearest_gpx_idx|nearest_gpx_dist_m|time_raw|ele_smooth|elevation_source|needs_nlsc_elevation|near_highway|dist_highway_m|osm_way_name|osm_way_name_zh|osm_way_id|osm_way_type|osm_highway|osm_surface|osm_tracktype|osm_smoothness|osm_trail_visibility|osm_sac_scale|osm_incline|osm_lit|osm_lit_status|osm_handrail|osm_safety_rope|osm_step_count|osm_width|osm_bridge|osm_bridge_material|osm_ford|osm_tunnel|osm_covered|osm_highway_family|osm_walk_relevance|osm_trail_difficulty_hint|osm_vertical_context|osm_is_steps|near_safety_rope|dist_safety_rope_m|near_assisted_trail|dist_assisted_trail_m|near_handrail|dist_handrail_m|near_rungs|dist_rungs_m|near_ladder|dist_ladder_m|near_via_ferrata|dist_via_ferrata_m|near_street_lamp|dist_street_lamp_m|near_cliff|dist_cliff_m|near_scree|dist_scree_m|near_bare_rock|dist_bare_rock_m|near_landslide|dist_landslide_m|near_waterway|dist_waterway_m|near_water_area|dist_water_area_m|near_wetland|dist_wetland_m|near_trailhead|dist_trailhead_m|near_peak|dist_peak_m|near_guidepost|dist_guidepost_m|near_shelter|dist_shelter_m|near_alpine_hut|dist_alpine_hut_m|near_wilderness_hut|dist_wilderness_hut_m|near_bench|dist_bench_m|near_picnic_table|dist_picnic_table_m|near_picnic_site|dist_picnic_site_m|near_drinking_water|dist_drinking_water_m|near_toilets|dist_toilets_m|near_visitor_centre|dist_visitor_centre_m|near_information_office|dist_information_office_m|technical_flags|safety_flags|hazard_flags|hydrology_flags|landmark_flags|facility_flags|rest_flags|support_flags|nearby_named_features|surface_class|route_semantic_class|assist_class|visibility_class|osm_difficulty_class|osm_raw_dir|ia1_dataset_id|pipeline_stage|exposure_risk_score|hydrology_risk_score|landmark_context_score|navigation_risk_score|navigation_support_score|night_navigation_risk_score|night_navigation_support_score|rest_support_score|route_continuity_context_score|route_effort_risk_score|route_type_risk_score|support_score|surface_slip_risk_score|technical_risk_score|terrain_risk_score|applied_mapping_hits|conditional_factor_flags|conditional_risk_domains|conditional_notes|weather_sensitive_flags|needs_nlsc_flags|needs_activity_flags|unhandled_risk_domains|osm_semantic_risk_score_raw|osm_semantic_risk_score|osm_semantic_risk_band,activity_mapmatch_or_wrong_branch_diagnostic_not_fork_inventory,False,False,activity_behavior_diagnostic_not_route_decision_point_inventory,Activity diagnostics can validate consequences of forks but cannot define route-level fork exposure alone.
outputs\ib1c_osm_semantic_risk_v1_3b_contract_qa\zhonghua_ust_jiuwufeng_roundtrip_biji_osmrefresh_v1_3b\zhonghua_ust_jiuwufeng_roundtrip_biji_osmrefresh_v1_3b_osm_semantic_risk_summary.csv,True,21,metric|value,other_context_not_fork_inventory,False,False,no_governed_fork_topology_fields_found,"No node-degree, edge adjacency, or parseable fork/decision-point inventory fields found."
outputs\ib1c_osm_semantic_risk_v1_3b_qixing_via_corridor_repair_candidate\qixing_lengshuikeng_main_peak_20260523_osmrefresh_v1_3b\qixing_lengshuikeng_main_peak_20260523_osmrefresh_v1_3b_osm_semantic_risk_profile.csv,True,3841,case_id|case_name|activity_type|activity_fp|ordered_path_fp|mainline_fp|sample_idx|dist_m|lat|lon|ele_gpx_m|delta_dist_m|delta_ele_m|slope_pct|slope_band|gain_m|loss_m|cum_gain_m|cum_loss_m|nearest_gpx_idx|nearest_gpx_dist_m|time_raw|ele_smooth|elevation_source|needs_nlsc_elevation|near_highway|dist_highway_m|osm_way_name|osm_way_name_zh|osm_way_id|osm_way_type|osm_highway|osm_surface|osm_tracktype|osm_smoothness|osm_trail_visibility|osm_sac_scale|osm_incline|osm_lit|osm_lit_status|osm_handrail|osm_safety_rope|osm_step_count|osm_width|osm_bridge|osm_bridge_material|osm_ford|osm_tunnel|osm_covered|osm_highway_family|osm_walk_relevance|osm_trail_difficulty_hint|osm_vertical_context|osm_is_steps|near_safety_rope|dist_safety_rope_m|near_assisted_trail|dist_assisted_trail_m|near_handrail|dist_handrail_m|near_rungs|dist_rungs_m|near_ladder|dist_ladder_m|near_via_ferrata|dist_via_ferrata_m|near_street_lamp|dist_street_lamp_m|near_cliff|dist_cliff_m|near_scree|dist_scree_m|near_bare_rock|dist_bare_rock_m|near_landslide|dist_landslide_m|near_waterway|dist_waterway_m|near_water_area|dist_water_area_m|near_wetland|dist_wetland_m|near_trailhead|dist_trailhead_m|near_peak|dist_peak_m|near_guidepost|dist_guidepost_m|near_shelter|dist_shelter_m|near_alpine_hut|dist_alpine_hut_m|near_wilderness_hut|dist_wilderness_hut_m|near_bench|dist_bench_m|near_picnic_table|dist_picnic_table_m|near_picnic_site|dist_picnic_site_m|near_drinking_water|dist_drinking_water_m|near_toilets|dist_toilets_m|near_visitor_centre|dist_visitor_centre_m|near_information_office|dist_information_office_m|technical_flags|safety_flags|hazard_flags|hydrology_flags|landmark_flags|facility_flags|rest_flags|support_flags|nearby_named_features|surface_class|route_semantic_class|assist_class|visibility_class|osm_difficulty_class|osm_raw_dir|ia1_dataset_id|pipeline_stage|exposure_risk_score|hydrology_risk_score|landmark_context_score|navigation_risk_score|navigation_support_score|night_navigation_risk_score|night_navigation_support_score|rest_support_score|route_continuity_context_score|route_effort_risk_score|route_type_risk_score|support_score|surface_slip_risk_score|technical_risk_score|terrain_risk_score|applied_mapping_hits|conditional_factor_flags|conditional_risk_domains|conditional_notes|weather_sensitive_flags|needs_nlsc_flags|needs_activity_flags|unhandled_risk_domains|osm_semantic_risk_score_raw|osm_semantic_risk_score|osm_semantic_risk_band,activity_mapmatch_or_wrong_branch_diagnostic_not_fork_inventory,False,False,activity_behavior_diagnostic_not_route_decision_point_inventory,Activity diagnostics can validate consequences of forks but cannot define route-level fork exposure alone.
outputs\ib1c_osm_semantic_risk_v1_3b_qixing_via_corridor_repair_candidate\qixing_lengshuikeng_main_peak_20260523_osmrefresh_v1_3b\qixing_lengshuikeng_main_peak_20260523_osmrefresh_v1_3b_osm_semantic_risk_summary.csv,True,20,metric|value,other_context_not_fork_inventory,False,False,no_governed_fork_topology_fields_found,"No node-degree, edge adjacency, or parseable fork/decision-point inventory fields found."
outputs\ib1c_route_profile_semantic_output\qixing_route_profile_semantic_enriched.csv,True,182,sample_idx|dist_m|lat|lon|ele_gpx_m|delta_dist_m|delta_ele_m|slope_pct|slope_band|gain_m|loss_m|cum_gain_m|cum_loss_m|nearest_gpx_idx|nearest_gpx_dist_m|time_raw|ele_smooth|near_highway|dist_highway_m|osm_way_name|osm_way_name_zh|osm_way_id|osm_way_type|osm_highway|osm_surface|osm_tracktype|osm_smoothness|osm_trail_visibility|osm_sac_scale|osm_incline|osm_lit|osm_lit_status|osm_handrail|osm_safety_rope|osm_step_count|osm_width|osm_bridge|osm_bridge_material|osm_ford|osm_tunnel|osm_covered|osm_highway_family|osm_walk_relevance|osm_trail_difficulty_hint|osm_vertical_context|osm_is_steps|near_safety_rope|dist_safety_rope_m|near_assisted_trail|dist_assisted_trail_m|near_handrail|dist_handrail_m|near_rungs|dist_rungs_m|near_ladder|dist_ladder_m|near_via_ferrata|dist_via_ferrata_m|near_street_lamp|dist_street_lamp_m|near_cliff|dist_cliff_m|near_scree|dist_scree_m|near_bare_rock|dist_bare_rock_m|near_landslide|dist_landslide_m|near_waterway|dist_waterway_m|near_water_area|dist_water_area_m|near_wetland|dist_wetland_m|near_trailhead|dist_trailhead_m|near_peak|dist_peak_m|near_guidepost|dist_guidepost_m|near_shelter|dist_shelter_m|near_alpine_hut|dist_alpine_hut_m|near_wilderness_hut|dist_wilderness_hut_m|near_bench|dist_bench_m|near_picnic_table|dist_picnic_table_m|near_picnic_site|dist_picnic_site_m|near_drinking_water|dist_drinking_water_m|near_toilets|dist_toilets_m|near_visitor_centre|dist_visitor_centre_m|near_information_office|dist_information_office_m|technical_flags|safety_flags|hazard_flags|hydrology_flags|landmark_flags|facility_flags|rest_flags|support_flags|nearby_named_features|surface_class|route_semantic_class|assist_class|visibility_class|osm_difficulty_class,route_semantic_context_not_fork_inventory,False,False,semantic_context_lacks_governed_topology_or_node_degree,Guidepost/facility/OSM semantics are useful context but cannot be counted as forks without topology.
outputs\ib1c_route_profile_semantics\juansi_waterfall_fitcsv_20260503\juansi_waterfall_fitcsv_20260503_route_profile_semantic_enriched.csv,True,3973,sample_idx|dist_m|lat|lon|ele_gpx_m|delta_dist_m|delta_ele_m|slope_pct|slope_band|gain_m|loss_m|cum_gain_m|cum_loss_m|nearest_gpx_idx|nearest_gpx_dist_m|time_raw|ele_smooth|elevation_source|needs_nlsc_elevation|near_highway|dist_highway_m|osm_way_name|osm_way_name_zh|osm_way_id|osm_way_type|osm_highway|osm_surface|osm_tracktype|osm_smoothness|osm_trail_visibility|osm_sac_scale|osm_incline|osm_lit|osm_lit_status|osm_handrail|osm_safety_rope|osm_step_count|osm_width|osm_bridge|osm_bridge_material|osm_ford|osm_tunnel|osm_covered|osm_highway_family|osm_walk_relevance|osm_trail_difficulty_hint|osm_vertical_context|osm_is_steps|near_safety_rope|dist_safety_rope_m|near_assisted_trail|dist_assisted_trail_m|near_handrail|dist_handrail_m|near_rungs|dist_rungs_m|near_ladder|dist_ladder_m|near_via_ferrata|dist_via_ferrata_m|near_street_lamp|dist_street_lamp_m|near_cliff|dist_cliff_m|near_scree|dist_scree_m|near_bare_rock|dist_bare_rock_m|near_landslide|dist_landslide_m|near_waterway|dist_waterway_m|near_water_area|dist_water_area_m|near_wetland|dist_wetland_m|near_trailhead|dist_trailhead_m|near_peak|dist_peak_m|near_guidepost|dist_guidepost_m|near_shelter|dist_shelter_m|near_alpine_hut|dist_alpine_hut_m|near_wilderness_hut|dist_wilderness_hut_m|near_bench|dist_bench_m|near_picnic_table|dist_picnic_table_m|near_picnic_site|dist_picnic_site_m|near_drinking_water|dist_drinking_water_m|near_toilets|dist_toilets_m|near_visitor_centre|dist_visitor_centre_m|near_information_office|dist_information_office_m|technical_flags|safety_flags|hazard_flags|hydrology_flags|landmark_flags|facility_flags|rest_flags|support_flags|nearby_named_features|surface_class|route_semantic_class|assist_class|visibility_class|osm_difficulty_class|case_id|case_name|osm_raw_dir|ia1_dataset_id|pipeline_stage,route_semantic_context_not_fork_inventory,False,False,semantic_context_lacks_governed_topology_or_node_degree,Guidepost/facility/OSM semantics are useful context but cannot be counted as forks without topology.
outputs\ib1c_route_profile_semantics\qixing_lengshuikeng_main_peak_20260523\qixing_lengshuikeng_main_peak_20260523_route_profile_semantic_enriched.csv,True,4189,case_id|case_name|activity_type|activity_fp|ordered_path_fp|mainline_fp|sample_idx|dist_m|lat|lon|ele_gpx_m|delta_dist_m|delta_ele_m|slope_pct|slope_band|gain_m|loss_m|cum_gain_m|cum_loss_m|nearest_gpx_idx|nearest_gpx_dist_m|time_raw|ele_smooth|elevation_source|needs_nlsc_elevation|near_highway|dist_highway_m|osm_way_name|osm_way_name_zh|osm_way_id|osm_way_type|osm_highway|osm_surface|osm_tracktype|osm_smoothness|osm_trail_visibility|osm_sac_scale|osm_incline|osm_lit|osm_lit_status|osm_handrail|osm_safety_rope|osm_step_count|osm_width|osm_bridge|osm_bridge_material|osm_ford|osm_tunnel|osm_covered|osm_highway_family|osm_walk_relevance|osm_trail_difficulty_hint|osm_vertical_context|osm_is_steps|near_safety_rope|dist_safety_rope_m|near_assisted_trail|dist_assisted_trail_m|near_handrail|dist_handrail_m|near_rungs|dist_rungs_m|near_ladder|dist_ladder_m|near_via_ferrata|dist_via_ferrata_m|near_street_lamp|dist_street_lamp_m|near_cliff|dist_cliff_m|near_scree|dist_scree_m|near_bare_rock|dist_bare_rock_m|near_landslide|dist_landslide_m|near_waterway|dist_waterway_m|near_water_area|dist_water_area_m|near_wetland|dist_wetland_m|near_trailhead|dist_trailhead_m|near_peak|dist_peak_m|near_guidepost|dist_guidepost_m|near_shelter|dist_shelter_m|near_alpine_hut|dist_alpine_hut_m|near_wilderness_hut|dist_wilderness_hut_m|near_bench|dist_bench_m|near_picnic_table|dist_picnic_table_m|near_picnic_site|dist_picnic_site_m|near_drinking_water|dist_drinking_water_m|near_toilets|dist_toilets_m|near_visitor_centre|dist_visitor_centre_m|near_information_office|dist_information_office_m|technical_flags|safety_flags|hazard_flags|hydrology_flags|landmark_flags|facility_flags|rest_flags|support_flags|nearby_named_features|surface_class|route_semantic_class|assist_class|visibility_class|osm_difficulty_class|osm_raw_dir|ia1_dataset_id|pipeline_stage,activity_mapmatch_or_wrong_branch_diagnostic_not_fork_inventory,False,False,activity_behavior_diagnostic_not_route_decision_point_inventory,Activity diagnostics can validate consequences of forks but cannot define route-level fork exposure alone.
outputs\ib1c_route_profile_semantics\qixing_xiaoyoukeng_main_peak_20260315\qixing_xiaoyoukeng_main_peak_20260315_route_profile_semantic_enriched.csv,True,3332,case_id|case_name|activity_type|activity_fp|ordered_path_fp|mainline_fp|sample_idx|dist_m|lat|lon|ele_gpx_m|delta_dist_m|delta_ele_m|slope_pct|slope_band|gain_m|loss_m|cum_gain_m|cum_loss_m|nearest_gpx_idx|nearest_gpx_dist_m|time_raw|ele_smooth|elevation_source|needs_nlsc_elevation|near_highway|dist_highway_m|osm_way_name|osm_way_name_zh|osm_way_id|osm_way_type|osm_highway|osm_surface|osm_tracktype|osm_smoothness|osm_trail_visibility|osm_sac_scale|osm_incline|osm_lit|osm_lit_status|osm_handrail|osm_safety_rope|osm_step_count|osm_width|osm_bridge|osm_bridge_material|osm_ford|osm_tunnel|osm_covered|osm_highway_family|osm_walk_relevance|osm_trail_difficulty_hint|osm_vertical_context|osm_is_steps|near_safety_rope|dist_safety_rope_m|near_assisted_trail|dist_assisted_trail_m|near_handrail|dist_handrail_m|near_rungs|dist_rungs_m|near_ladder|dist_ladder_m|near_via_ferrata|dist_via_ferrata_m|near_street_lamp|dist_street_lamp_m|near_cliff|dist_cliff_m|near_scree|dist_scree_m|near_bare_rock|dist_bare_rock_m|near_landslide|dist_landslide_m|near_waterway|dist_waterway_m|near_water_area|dist_water_area_m|near_wetland|dist_wetland_m|near_trailhead|dist_trailhead_m|near_peak|dist_peak_m|near_guidepost|dist_guidepost_m|near_shelter|dist_shelter_m|near_alpine_hut|dist_alpine_hut_m|near_wilderness_hut|dist_wilderness_hut_m|near_bench|dist_bench_m|near_picnic_table|dist_picnic_table_m|near_picnic_site|dist_picnic_site_m|near_drinking_water|dist_drinking_water_m|near_toilets|dist_toilets_m|near_visitor_centre|dist_visitor_centre_m|near_information_office|dist_information_office_m|technical_flags|safety_flags|hazard_flags|hydrology_flags|landmark_flags|facility_flags|rest_flags|support_flags|nearby_named_features|surface_class|route_semantic_class|assist_class|visibility_class|osm_difficulty_class|osm_raw_dir|ia1_dataset_id|pipeline_stage,activity_mapmatch_or_wrong_branch_diagnostic_not_fork_inventory,False,False,activity_behavior_diagnostic_not_route_decision_point_inventory,Activity diagnostics can validate consequences of forks but cannot define route-level fork exposure alone.
outputs\ib1c_route_profile_semantics\zhonghua_ust_jiuwufeng_roundtrip_biji\zhonghua_ust_jiuwufeng_roundtrip_biji_route_profile_semantic_enriched.csv,True,5239,case_id|case_name|activity_type|activity_fp|ordered_path_fp|mainline_fp|sample_idx|dist_m|lat|lon|ele_gpx_m|delta_dist_m|delta_ele_m|slope_pct|slope_band|gain_m|loss_m|cum_gain_m|cum_loss_m|nearest_gpx_idx|nearest_gpx_dist_m|time_raw|ele_smooth|elevation_source|needs_nlsc_elevation|near_highway|dist_highway_m|osm_way_name|osm_way_name_zh|osm_way_id|osm_way_type|osm_highway|osm_surface|osm_tracktype|osm_smoothness|osm_trail_visibility|osm_sac_scale|osm_incline|osm_lit|osm_lit_status|osm_handrail|osm_safety_rope|osm_step_count|osm_width|osm_bridge|osm_bridge_material|osm_ford|osm_tunnel|osm_covered|osm_highway_family|osm_walk_relevance|osm_trail_difficulty_hint|osm_vertical_context|osm_is_steps|near_safety_rope|dist_safety_rope_m|near_assisted_trail|dist_assisted_trail_m|near_handrail|dist_handrail_m|near_rungs|dist_rungs_m|near_ladder|dist_ladder_m|near_via_ferrata|dist_via_ferrata_m|near_street_lamp|dist_street_lamp_m|near_cliff|dist_cliff_m|near_scree|dist_scree_m|near_bare_rock|dist_bare_rock_m|near_landslide|dist_landslide_m|near_waterway|dist_waterway_m|near_water_area|dist_water_area_m|near_wetland|dist_wetland_m|near_trailhead|dist_trailhead_m|near_peak|dist_peak_m|near_guidepost|dist_guidepost_m|near_shelter|dist_shelter_m|near_alpine_hut|dist_alpine_hut_m|near_wilderness_hut|dist_wilderness_hut_m|near_bench|dist_bench_m|near_picnic_table|dist_picnic_table_m|near_picnic_site|dist_picnic_site_m|near_drinking_water|dist_drinking_water_m|near_toilets|dist_toilets_m|near_visitor_centre|dist_visitor_centre_m|near_information_office|dist_information_office_m|technical_flags|safety_flags|hazard_flags|hydrology_flags|landmark_flags|facility_flags|rest_flags|support_flags|nearby_named_features|surface_class|route_semantic_class|assist_class|visibility_class|osm_difficulty_class|osm_raw_dir|ia1_dataset_id|pipeline_stage,activity_mapmatch_or_wrong_branch_diagnostic_not_fork_inventory,False,False,activity_behavior_diagnostic_not_route_decision_point_inventory,Activity diagnostics can validate consequences of forks but cannot define route-level fork exposure alone.
outputs\ib1c_route_profile_semantics_forced_required_way_test\qixing_lengshuikeng_main_peak_20260523\qixing_lengshuikeng_main_peak_20260523_route_profile_semantic_enriched.csv,True,4189,case_id|case_name|activity_type|activity_fp|ordered_path_fp|mainline_fp|sample_idx|dist_m|lat|lon|ele_gpx_m|delta_dist_m|delta_ele_m|slope_pct|slope_band|gain_m|loss_m|cum_gain_m|cum_loss_m|nearest_gpx_idx|nearest_gpx_dist_m|time_raw|ele_smooth|elevation_source|needs_nlsc_elevation|near_highway|dist_highway_m|osm_way_name|osm_way_name_zh|osm_way_id|osm_way_type|osm_highway|osm_surface|osm_tracktype|osm_smoothness|osm_trail_visibility|osm_sac_scale|osm_incline|osm_lit|osm_lit_status|osm_handrail|osm_safety_rope|osm_step_count|osm_width|osm_bridge|osm_bridge_material|osm_ford|osm_tunnel|osm_covered|osm_highway_family|osm_walk_relevance|osm_trail_difficulty_hint|osm_vertical_context|osm_is_steps|near_safety_rope|dist_safety_rope_m|near_assisted_trail|dist_assisted_trail_m|near_handrail|dist_handrail_m|near_rungs|dist_rungs_m|near_ladder|dist_ladder_m|near_via_ferrata|dist_via_ferrata_m|near_street_lamp|dist_street_lamp_m|near_cliff|dist_cliff_m|near_scree|dist_scree_m|near_bare_rock|dist_bare_rock_m|near_landslide|dist_landslide_m|near_waterway|dist_waterway_m|near_water_area|dist_water_area_m|near_wetland|dist_wetland_m|near_trailhead|dist_trailhead_m|near_peak|dist_peak_m|near_guidepost|dist_guidepost_m|near_shelter|dist_shelter_m|near_alpine_hut|dist_alpine_hut_m|near_wilderness_hut|dist_wilderness_hut_m|near_bench|dist_bench_m|near_picnic_table|dist_picnic_table_m|near_picnic_site|dist_picnic_site_m|near_drinking_water|dist_drinking_water_m|near_toilets|dist_toilets_m|near_visitor_centre|dist_visitor_centre_m|near_information_office|dist_information_office_m|technical_flags|safety_flags|hazard_flags|hydrology_flags|landmark_flags|facility_flags|rest_flags|support_flags|nearby_named_features|surface_class|route_semantic_class|assist_class|visibility_class|osm_difficulty_class|osm_raw_dir|ia1_dataset_id|pipeline_stage,activity_mapmatch_or_wrong_branch_diagnostic_not_fork_inventory,False,False,activity_behavior_diagnostic_not_route_decision_point_inventory,Activity diagnostics can validate consequences of forks but cannot define route-level fork exposure alone.
outputs\ib1c_route_profile_semantics_v1_1\qixing_lengshuikeng_main_peak_20260523\qixing_lengshuikeng_main_peak_20260523_route_profile_semantic_enriched.csv,True,4149,case_id|case_name|activity_type|activity_fp|ordered_path_fp|mainline_fp|sample_idx|dist_m|lat|lon|ele_gpx_m|delta_dist_m|delta_ele_m|slope_pct|slope_band|gain_m|loss_m|cum_gain_m|cum_loss_m|nearest_gpx_idx|nearest_gpx_dist_m|time_raw|ele_smooth|elevation_source|needs_nlsc_elevation|near_highway|dist_highway_m|osm_way_name|osm_way_name_zh|osm_way_id|osm_way_type|osm_highway|osm_surface|osm_tracktype|osm_smoothness|osm_trail_visibility|osm_sac_scale|osm_incline|osm_lit|osm_lit_status|osm_handrail|osm_safety_rope|osm_step_count|osm_width|osm_bridge|osm_bridge_material|osm_ford|osm_tunnel|osm_covered|osm_highway_family|osm_walk_relevance|osm_trail_difficulty_hint|osm_vertical_context|osm_is_steps|near_safety_rope|dist_safety_rope_m|near_assisted_trail|dist_assisted_trail_m|near_handrail|dist_handrail_m|near_rungs|dist_rungs_m|near_ladder|dist_ladder_m|near_via_ferrata|dist_via_ferrata_m|near_street_lamp|dist_street_lamp_m|near_cliff|dist_cliff_m|near_scree|dist_scree_m|near_bare_rock|dist_bare_rock_m|near_landslide|dist_landslide_m|near_waterway|dist_waterway_m|near_water_area|dist_water_area_m|near_wetland|dist_wetland_m|near_trailhead|dist_trailhead_m|near_peak|dist_peak_m|near_guidepost|dist_guidepost_m|near_shelter|dist_shelter_m|near_alpine_hut|dist_alpine_hut_m|near_wilderness_hut|dist_wilderness_hut_m|near_bench|dist_bench_m|near_picnic_table|dist_picnic_table_m|near_picnic_site|dist_picnic_site_m|near_drinking_water|dist_drinking_water_m|near_toilets|dist_toilets_m|near_visitor_centre|dist_visitor_centre_m|near_information_office|dist_information_office_m|technical_flags|safety_flags|hazard_flags|hydrology_flags|landmark_flags|facility_flags|rest_flags|support_flags|nearby_named_features|surface_class|route_semantic_class|assist_class|visibility_class|osm_difficulty_class|osm_raw_dir|ia1_dataset_id|pipeline_stage,activity_mapmatch_or_wrong_branch_diagnostic_not_fork_inventory,False,False,activity_behavior_diagnostic_not_route_decision_point_inventory,Activity diagnostics can validate consequences of forks but cannot define route-level fork exposure alone.
outputs\ib1c_route_profile_semantics_v1_1\qixing_xiaoyoukeng_main_peak_20260315\qixing_xiaoyoukeng_main_peak_20260315_route_profile_semantic_enriched.csv,True,3332,case_id|case_name|activity_type|activity_fp|ordered_path_fp|mainline_fp|sample_idx|dist_m|lat|lon|ele_gpx_m|delta_dist_m|delta_ele_m|slope_pct|slope_band|gain_m|loss_m|cum_gain_m|cum_loss_m|nearest_gpx_idx|nearest_gpx_dist_m|time_raw|ele_smooth|elevation_source|needs_nlsc_elevation|near_highway|dist_highway_m|osm_way_name|osm_way_name_zh|osm_way_id|osm_way_type|osm_highway|osm_surface|osm_tracktype|osm_smoothness|osm_trail_visibility|osm_sac_scale|osm_incline|osm_lit|osm_lit_status|osm_handrail|osm_safety_rope|osm_step_count|osm_width|osm_bridge|osm_bridge_material|osm_ford|osm_tunnel|osm_covered|osm_highway_family|osm_walk_relevance|osm_trail_difficulty_hint|osm_vertical_context|osm_is_steps|near_safety_rope|dist_safety_rope_m|near_assisted_trail|dist_assisted_trail_m|near_handrail|dist_handrail_m|near_rungs|dist_rungs_m|near_ladder|dist_ladder_m|near_via_ferrata|dist_via_ferrata_m|near_street_lamp|dist_street_lamp_m|near_cliff|dist_cliff_m|near_scree|dist_scree_m|near_bare_rock|dist_bare_rock_m|near_landslide|dist_landslide_m|near_waterway|dist_waterway_m|near_water_area|dist_water_area_m|near_wetland|dist_wetland_m|near_trailhead|dist_trailhead_m|near_peak|dist_peak_m|near_guidepost|dist_guidepost_m|near_shelter|dist_shelter_m|near_alpine_hut|dist_alpine_hut_m|near_wilderness_hut|dist_wilderness_hut_m|near_bench|dist_bench_m|near_picnic_table|dist_picnic_table_m|near_picnic_site|dist_picnic_site_m|near_drinking_water|dist_drinking_water_m|near_toilets|dist_toilets_m|near_visitor_centre|dist_visitor_centre_m|near_information_office|dist_information_office_m|technical_flags|safety_flags|hazard_flags|hydrology_flags|landmark_flags|facility_flags|rest_flags|support_flags|nearby_named_features|surface_class|route_semantic_class|assist_class|visibility_class|osm_difficulty_class|osm_raw_dir|ia1_dataset_id|pipeline_stage,activity_mapmatch_or_wrong_branch_diagnostic_not_fork_inventory,False,False,activity_behavior_diagnostic_not_route_decision_point_inventory,Activity diagnostics can validate consequences of forks but cannot define route-level fork exposure alone.
outputs\ib1c_route_profile_semantics_v1_3b_contract_qa\juansi_waterfall_fitcsv_20260503_osmrefresh_v1_3b\juansi_waterfall_fitcsv_20260503_osmrefresh_v1_3b_route_profile_semantic_enriched.csv,True,3697,case_id|case_name|activity_type|activity_fp|ordered_path_fp|mainline_fp|sample_idx|dist_m|lat|lon|ele_gpx_m|delta_dist_m|delta_ele_m|slope_pct|slope_band|gain_m|loss_m|cum_gain_m|cum_loss_m|nearest_gpx_idx|nearest_gpx_dist_m|time_raw|ele_smooth|elevation_source|needs_nlsc_elevation|near_highway|dist_highway_m|osm_way_name|osm_way_name_zh|osm_way_id|osm_way_type|osm_highway|osm_surface|osm_tracktype|osm_smoothness|osm_trail_visibility|osm_sac_scale|osm_incline|osm_lit|osm_lit_status|osm_handrail|osm_safety_rope|osm_step_count|osm_width|osm_bridge|osm_bridge_material|osm_ford|osm_tunnel|osm_covered|osm_highway_family|osm_walk_relevance|osm_trail_difficulty_hint|osm_vertical_context|osm_is_steps|near_safety_rope|dist_safety_rope_m|near_assisted_trail|dist_assisted_trail_m|near_handrail|dist_handrail_m|near_rungs|dist_rungs_m|near_ladder|dist_ladder_m|near_via_ferrata|dist_via_ferrata_m|near_street_lamp|dist_street_lamp_m|near_cliff|dist_cliff_m|near_scree|dist_scree_m|near_bare_rock|dist_bare_rock_m|near_landslide|dist_landslide_m|near_waterway|dist_waterway_m|near_water_area|dist_water_area_m|near_wetland|dist_wetland_m|near_trailhead|dist_trailhead_m|near_peak|dist_peak_m|near_guidepost|dist_guidepost_m|near_shelter|dist_shelter_m|near_alpine_hut|dist_alpine_hut_m|near_wilderness_hut|dist_wilderness_hut_m|near_bench|dist_bench_m|near_picnic_table|dist_picnic_table_m|near_picnic_site|dist_picnic_site_m|near_drinking_water|dist_drinking_water_m|near_toilets|dist_toilets_m|near_visitor_centre|dist_visitor_centre_m|near_information_office|dist_information_office_m|technical_flags|safety_flags|hazard_flags|hydrology_flags|landmark_flags|facility_flags|rest_flags|support_flags|nearby_named_features|surface_class|route_semantic_class|assist_class|visibility_class|osm_difficulty_class|osm_raw_dir|ia1_dataset_id|pipeline_stage,activity_mapmatch_or_wrong_branch_diagnostic_not_fork_inventory,False,False,activity_behavior_diagnostic_not_route_decision_point_inventory,Activity diagnostics can validate consequences of forks but cannot define route-level fork exposure alone.
outputs\ib1c_route_profile_semantics_v1_3b_contract_qa\qixing_lengshuikeng_main_peak_20260523_osmrefresh_v1_3b\qixing_lengshuikeng_main_peak_20260523_osmrefresh_v1_3b_route_profile_semantic_enriched.csv,True,4189,case_id|case_name|activity_type|activity_fp|ordered_path_fp|mainline_fp|sample_idx|dist_m|lat|lon|ele_gpx_m|delta_dist_m|delta_ele_m|slope_pct|slope_band|gain_m|loss_m|cum_gain_m|cum_loss_m|nearest_gpx_idx|nearest_gpx_dist_m|time_raw|ele_smooth|elevation_source|needs_nlsc_elevation|near_highway|dist_highway_m|osm_way_name|osm_way_name_zh|osm_way_id|osm_way_type|osm_highway|osm_surface|osm_tracktype|osm_smoothness|osm_trail_visibility|osm_sac_scale|osm_incline|osm_lit|osm_lit_status|osm_handrail|osm_safety_rope|osm_step_count|osm_width|osm_bridge|osm_bridge_material|osm_ford|osm_tunnel|osm_covered|osm_highway_family|osm_walk_relevance|osm_trail_difficulty_hint|osm_vertical_context|osm_is_steps|near_safety_rope|dist_safety_rope_m|near_assisted_trail|dist_assisted_trail_m|near_handrail|dist_handrail_m|near_rungs|dist_rungs_m|near_ladder|dist_ladder_m|near_via_ferrata|dist_via_ferrata_m|near_street_lamp|dist_street_lamp_m|near_cliff|dist_cliff_m|near_scree|dist_scree_m|near_bare_rock|dist_bare_rock_m|near_landslide|dist_landslide_m|near_waterway|dist_waterway_m|near_water_area|dist_water_area_m|near_wetland|dist_wetland_m|near_trailhead|dist_trailhead_m|near_peak|dist_peak_m|near_guidepost|dist_guidepost_m|near_shelter|dist_shelter_m|near_alpine_hut|dist_alpine_hut_m|near_wilderness_hut|dist_wilderness_hut_m|near_bench|dist_bench_m|near_picnic_table|dist_picnic_table_m|near_picnic_site|dist_picnic_site_m|near_drinking_water|dist_drinking_water_m|near_toilets|dist_toilets_m|near_visitor_centre|dist_visitor_centre_m|near_information_office|dist_information_office_m|technical_flags|safety_flags|hazard_flags|hydrology_flags|landmark_flags|facility_flags|rest_flags|support_flags|nearby_named_features|surface_class|route_semantic_class|assist_class|visibility_class|osm_difficulty_class|osm_raw_dir|ia1_dataset_id|pipeline_stage,activity_mapmatch_or_wrong_branch_diagnostic_not_fork_inventory,False,False,activity_behavior_diagnostic_not_route_decision_point_inventory,Activity diagnostics can validate consequences of forks but cannot define route-level fork exposure alone.
outputs\ib1c_route_profile_semantics_v1_3b_contract_qa\qixing_lengshuikeng_xiaoyoukeng_gpx_osmrefresh_v1_3b\qixing_lengshuikeng_xiaoyoukeng_gpx_osmrefresh_v1_3b_route_profile_semantic_enriched.csv,True,3697,case_id|case_name|activity_type|activity_fp|ordered_path_fp|mainline_fp|sample_idx|dist_m|lat|lon|ele_gpx_m|delta_dist_m|delta_ele_m|slope_pct|slope_band|gain_m|loss_m|cum_gain_m|cum_loss_m|nearest_gpx_idx|nearest_gpx_dist_m|time_raw|ele_smooth|elevation_source|needs_nlsc_elevation|near_highway|dist_highway_m|osm_way_name|osm_way_name_zh|osm_way_id|osm_way_type|osm_highway|osm_surface|osm_tracktype|osm_smoothness|osm_trail_visibility|osm_sac_scale|osm_incline|osm_lit|osm_lit_status|osm_handrail|osm_safety_rope|osm_step_count|osm_width|osm_bridge|osm_bridge_material|osm_ford|osm_tunnel|osm_covered|osm_highway_family|osm_walk_relevance|osm_trail_difficulty_hint|osm_vertical_context|osm_is_steps|near_safety_rope|dist_safety_rope_m|near_assisted_trail|dist_assisted_trail_m|near_handrail|dist_handrail_m|near_rungs|dist_rungs_m|near_ladder|dist_ladder_m|near_via_ferrata|dist_via_ferrata_m|near_street_lamp|dist_street_lamp_m|near_cliff|dist_cliff_m|near_scree|dist_scree_m|near_bare_rock|dist_bare_rock_m|near_landslide|dist_landslide_m|near_waterway|dist_waterway_m|near_water_area|dist_water_area_m|near_wetland|dist_wetland_m|near_trailhead|dist_trailhead_m|near_peak|dist_peak_m|near_guidepost|dist_guidepost_m|near_shelter|dist_shelter_m|near_alpine_hut|dist_alpine_hut_m|near_wilderness_hut|dist_wilderness_hut_m|near_bench|dist_bench_m|near_picnic_table|dist_picnic_table_m|near_picnic_site|dist_picnic_site_m|near_drinking_water|dist_drinking_water_m|near_toilets|dist_toilets_m|near_visitor_centre|dist_visitor_centre_m|near_information_office|dist_information_office_m|technical_flags|safety_flags|hazard_flags|hydrology_flags|landmark_flags|facility_flags|rest_flags|support_flags|nearby_named_features|surface_class|route_semantic_class|assist_class|visibility_class|osm_difficulty_class|osm_raw_dir|ia1_dataset_id|pipeline_stage,activity_mapmatch_or_wrong_branch_diagnostic_not_fork_inventory,False,False,activity_behavior_diagnostic_not_route_decision_point_inventory,Activity diagnostics can validate consequences of forks but cannot define route-level fork exposure alone.
outputs\ib1c_route_profile_semantics_v1_3b_contract_qa\qixing_xiaoyoukeng_main_peak_20260315_osmrefresh_v1_3b\qixing_xiaoyoukeng_main_peak_20260315_osmrefresh_v1_3b_route_profile_semantic_enriched.csv,True,3247,case_id|case_name|activity_type|activity_fp|ordered_path_fp|mainline_fp|sample_idx|dist_m|lat|lon|ele_gpx_m|delta_dist_m|delta_ele_m|slope_pct|slope_band|gain_m|loss_m|cum_gain_m|cum_loss_m|nearest_gpx_idx|nearest_gpx_dist_m|time_raw|ele_smooth|elevation_source|needs_nlsc_elevation|near_highway|dist_highway_m|osm_way_name|osm_way_name_zh|osm_way_id|osm_way_type|osm_highway|osm_surface|osm_tracktype|osm_smoothness|osm_trail_visibility|osm_sac_scale|osm_incline|osm_lit|osm_lit_status|osm_handrail|osm_safety_rope|osm_step_count|osm_width|osm_bridge|osm_bridge_material|osm_ford|osm_tunnel|osm_covered|osm_highway_family|osm_walk_relevance|osm_trail_difficulty_hint|osm_vertical_context|osm_is_steps|near_safety_rope|dist_safety_rope_m|near_assisted_trail|dist_assisted_trail_m|near_handrail|dist_handrail_m|near_rungs|dist_rungs_m|near_ladder|dist_ladder_m|near_via_ferrata|dist_via_ferrata_m|near_street_lamp|dist_street_lamp_m|near_cliff|dist_cliff_m|near_scree|dist_scree_m|near_bare_rock|dist_bare_rock_m|near_landslide|dist_landslide_m|near_waterway|dist_waterway_m|near_water_area|dist_water_area_m|near_wetland|dist_wetland_m|near_trailhead|dist_trailhead_m|near_peak|dist_peak_m|near_guidepost|dist_guidepost_m|near_shelter|dist_shelter_m|near_alpine_hut|dist_alpine_hut_m|near_wilderness_hut|dist_wilderness_hut_m|near_bench|dist_bench_m|near_picnic_table|dist_picnic_table_m|near_picnic_site|dist_picnic_site_m|near_drinking_water|dist_drinking_water_m|near_toilets|dist_toilets_m|near_visitor_centre|dist_visitor_centre_m|near_information_office|dist_information_office_m|technical_flags|safety_flags|hazard_flags|hydrology_flags|landmark_flags|facility_flags|rest_flags|support_flags|nearby_named_features|surface_class|route_semantic_class|assist_class|visibility_class|osm_difficulty_class|osm_raw_dir|ia1_dataset_id|pipeline_stage,activity_mapmatch_or_wrong_branch_diagnostic_not_fork_inventory,False,False,activity_behavior_diagnostic_not_route_decision_point_inventory,Activity diagnostics can validate consequences of forks but cannot define route-level fork exposure alone.
outputs\ib1c_route_profile_semantics_v1_3b_contract_qa\zhonghua_ust_jiuwufeng_roundtrip_biji_osmrefresh_v1_3b\zhonghua_ust_jiuwufeng_roundtrip_biji_osmrefresh_v1_3b_route_profile_semantic_enriched.csv,True,5449,case_id|case_name|activity_type|activity_fp|ordered_path_fp|mainline_fp|sample_idx|dist_m|lat|lon|ele_gpx_m|delta_dist_m|delta_ele_m|slope_pct|slope_band|gain_m|loss_m|cum_gain_m|cum_loss_m|nearest_gpx_idx|nearest_gpx_dist_m|time_raw|ele_smooth|elevation_source|needs_nlsc_elevation|near_highway|dist_highway_m|osm_way_name|osm_way_name_zh|osm_way_id|osm_way_type|osm_highway|osm_surface|osm_tracktype|osm_smoothness|osm_trail_visibility|osm_sac_scale|osm_incline|osm_lit|osm_lit_status|osm_handrail|osm_safety_rope|osm_step_count|osm_width|osm_bridge|osm_bridge_material|osm_ford|osm_tunnel|osm_covered|osm_highway_family|osm_walk_relevance|osm_trail_difficulty_hint|osm_vertical_context|osm_is_steps|near_safety_rope|dist_safety_rope_m|near_assisted_trail|dist_assisted_trail_m|near_handrail|dist_handrail_m|near_rungs|dist_rungs_m|near_ladder|dist_ladder_m|near_via_ferrata|dist_via_ferrata_m|near_street_lamp|dist_street_lamp_m|near_cliff|dist_cliff_m|near_scree|dist_scree_m|near_bare_rock|dist_bare_rock_m|near_landslide|dist_landslide_m|near_waterway|dist_waterway_m|near_water_area|dist_water_area_m|near_wetland|dist_wetland_m|near_trailhead|dist_trailhead_m|near_peak|dist_peak_m|near_guidepost|dist_guidepost_m|near_shelter|dist_shelter_m|near_alpine_hut|dist_alpine_hut_m|near_wilderness_hut|dist_wilderness_hut_m|near_bench|dist_bench_m|near_picnic_table|dist_picnic_table_m|near_picnic_site|dist_picnic_site_m|near_drinking_water|dist_drinking_water_m|near_toilets|dist_toilets_m|near_visitor_centre|dist_visitor_centre_m|near_information_office|dist_information_office_m|technical_flags|safety_flags|hazard_flags|hydrology_flags|landmark_flags|facility_flags|rest_flags|support_flags|nearby_named_features|surface_class|route_semantic_class|assist_class|visibility_class|osm_difficulty_class|osm_raw_dir|ia1_dataset_id|pipeline_stage,activity_mapmatch_or_wrong_branch_diagnostic_not_fork_inventory,False,False,activity_behavior_diagnostic_not_route_decision_point_inventory,Activity diagnostics can validate consequences of forks but cannot define route-level fork exposure alone.
outputs\ib1c_route_profile_semantics_v1_3b_qixing_via_corridor_repair_candidate\qixing_lengshuikeng_main_peak_20260523_osmrefresh_v1_3b\qixing_lengshuikeng_main_peak_20260523_osmrefresh_v1_3b_route_profile_semantic_enriched.csv,True,3841,case_id|case_name|activity_type|activity_fp|ordered_path_fp|mainline_fp|sample_idx|dist_m|lat|lon|ele_gpx_m|delta_dist_m|delta_ele_m|slope_pct|slope_band|gain_m|loss_m|cum_gain_m|cum_loss_m|nearest_gpx_idx|nearest_gpx_dist_m|time_raw|ele_smooth|elevation_source|needs_nlsc_elevation|near_highway|dist_highway_m|osm_way_name|osm_way_name_zh|osm_way_id|osm_way_type|osm_highway|osm_surface|osm_tracktype|osm_smoothness|osm_trail_visibility|osm_sac_scale|osm_incline|osm_lit|osm_lit_status|osm_handrail|osm_safety_rope|osm_step_count|osm_width|osm_bridge|osm_bridge_material|osm_ford|osm_tunnel|osm_covered|osm_highway_family|osm_walk_relevance|osm_trail_difficulty_hint|osm_vertical_context|osm_is_steps|near_safety_rope|dist_safety_rope_m|near_assisted_trail|dist_assisted_trail_m|near_handrail|dist_handrail_m|near_rungs|dist_rungs_m|near_ladder|dist_ladder_m|near_via_ferrata|dist_via_ferrata_m|near_street_lamp|dist_street_lamp_m|near_cliff|dist_cliff_m|near_scree|dist_scree_m|near_bare_rock|dist_bare_rock_m|near_landslide|dist_landslide_m|near_waterway|dist_waterway_m|near_water_area|dist_water_area_m|near_wetland|dist_wetland_m|near_trailhead|dist_trailhead_m|near_peak|dist_peak_m|near_guidepost|dist_guidepost_m|near_shelter|dist_shelter_m|near_alpine_hut|dist_alpine_hut_m|near_wilderness_hut|dist_wilderness_hut_m|near_bench|dist_bench_m|near_picnic_table|dist_picnic_table_m|near_picnic_site|dist_picnic_site_m|near_drinking_water|dist_drinking_water_m|near_toilets|dist_toilets_m|near_visitor_centre|dist_visitor_centre_m|near_information_office|dist_information_office_m|technical_flags|safety_flags|hazard_flags|hydrology_flags|landmark_flags|facility_flags|rest_flags|support_flags|nearby_named_features|surface_class|route_semantic_class|assist_class|visibility_class|osm_difficulty_class|osm_raw_dir|ia1_dataset_id|pipeline_stage,activity_mapmatch_or_wrong_branch_diagnostic_not_fork_inventory,False,False,activity_behavior_diagnostic_not_route_decision_point_inventory,Activity diagnostics can validate consequences of forks but cannot define route-level fork exposure alone.
outputs\ib1c_semantic_risk_mapping_coverage_audit_v1_3b\ib1c_semantic_risk_mapping_case_coverage.csv,True,4,case_id|observed_semantic_values_n|mapped_semantic_values_n|unmapped_semantic_values_n|mapping_coverage_rate|formal_semantics_input_root|formal_semantic_risk_output_root|mapping_config|risk_summary_present|rows|osm_semantic_risk_score_min|osm_semantic_risk_score_mean|osm_semantic_risk_score_max,other_context_not_fork_inventory,False,False,no_governed_fork_topology_fields_found,"No node-degree, edge adjacency, or parseable fork/decision-point inventory fields found."
outputs\ib1c_semantic_risk_mapping_coverage_audit_v1_3b\ib1c_semantic_risk_unmapped_values_by_case.csv,True,3,case_id|ib1c_field|semantic_key|semantic_value|observed_count|mapping_key|has_mapping|value_kind|note,other_context_not_fork_inventory,False,False,no_governed_fork_topology_fields_found,"No node-degree, edge adjacency, or parseable fork/decision-point inventory fields found."
outputs\ib1c_semantic_risk_mapping_coverage_audit_v1_3b\ib1c_semantic_risk_unmapped_values_unique.csv,True,3,semantic_key|semantic_value|observed_cases|observed_case_count|observed_count|ib1c_fields|value_kind|only_juansi|only_zhonghua|also_xiaoyoukeng|proposed_risk_score|proposed_risk_band|proposal_reason|confidence|needs_manual_review|is_legacy_typo_null_unknown|is_binary_absence|should_add_global_mapping,other_context_not_fork_inventory,False,False,no_governed_fork_topology_fields_found,"No node-degree, edge adjacency, or parseable fork/decision-point inventory fields found."
outputs\ib1c_semantic_risk_mapping_coverage_audit_v1_3b\osm_semantic_risk_mapping_v1_patch_proposal.csv,True,3,semantic_key|semantic_value|observed_cases|observed_count|proposed_risk_score|proposed_risk_band|proposal_reason|confidence|needs_manual_review,other_context_not_fork_inventory,False,False,no_governed_fork_topology_fields_found,"No node-degree, edge adjacency, or parseable fork/decision-point inventory fields found."
outputs\ib1c_semantic_risk_mapping_coverage_audit_v1_3b_mapping_v1_2_updated\ib1c_semantic_risk_mapping_case_coverage.csv,True,4,case_id|observed_semantic_values_n|mapped_semantic_values_n|unmapped_semantic_values_n|mapping_coverage_rate|formal_semantics_input_root|formal_semantic_risk_output_root|mapping_config|risk_summary_present|rows|osm_semantic_risk_score_min|osm_semantic_risk_score_mean|osm_semantic_risk_score_max,other_context_not_fork_inventory,False,False,no_governed_fork_topology_fields_found,"No node-degree, edge adjacency, or parseable fork/decision-point inventory fields found."
outputs\ib1c_semantic_risk_mapping_coverage_audit_v1_3b_mapping_v1_2_updated\ib1c_semantic_risk_unmapped_values_by_case.csv,True,0,case_id|ib1c_field|semantic_key|semantic_value|observed_count|mapping_key|has_mapping|value_kind|note,other_context_not_fork_inventory,False,False,no_governed_fork_topology_fields_found,"No node-degree, edge adjacency, or parseable fork/decision-point inventory fields found."
outputs\ib1c_semantic_risk_mapping_coverage_audit_v1_3b_mapping_v1_2_updated\ib1c_semantic_risk_unmapped_values_unique.csv,True,0,semantic_key|semantic_value|observed_cases|observed_case_count|observed_count|ib1c_fields|value_kind|only_juansi|only_zhonghua|also_xiaoyoukeng|proposed_risk_score|proposed_risk_band|proposal_reason|confidence|needs_manual_review|is_legacy_typo_null_unknown|is_binary_absence|should_add_global_mapping,other_context_not_fork_inventory,False,False,no_governed_fork_topology_fields_found,"No node-degree, edge adjacency, or parseable fork/decision-point inventory fields found."
outputs\ib1c_semantic_risk_mapping_coverage_audit_v1_3b_mapping_v1_2_updated\osm_semantic_risk_mapping_v1_patch_proposal.csv,True,0,semantic_key|semantic_value|observed_cases|observed_count|proposed_risk_score|proposed_risk_band|proposal_reason|confidence|needs_manual_review,other_context_not_fork_inventory,False,False,no_governed_fork_topology_fields_found,"No node-degree, edge adjacency, or parseable fork/decision-point inventory fields found."
outputs\ib1e_osm_nlsc_terrain_risk\juansi_waterfall_fitcsv_20260503\juansi_waterfall_fitcsv_20260503_osm_nlsc_terrain_risk_profile.csv,True,3973,sample_idx|dist_m|lat|lon|ele_gpx_m|delta_dist_m|delta_ele_m|slope_pct|slope_band|gain_m|loss_m|cum_gain_m|cum_loss_m|nearest_gpx_idx|nearest_gpx_dist_m|time_raw|ele_smooth|elevation_source|needs_nlsc_elevation|near_highway|dist_highway_m|osm_way_name|osm_way_name_zh|osm_way_id|osm_way_type|osm_highway|osm_surface|osm_tracktype|osm_smoothness|osm_trail_visibility|osm_sac_scale|osm_incline|osm_lit|osm_lit_status|osm_handrail|osm_safety_rope|osm_step_count|osm_width|osm_bridge|osm_bridge_material|osm_ford|osm_tunnel|osm_covered|osm_highway_family|osm_walk_relevance|osm_trail_difficulty_hint|osm_vertical_context|osm_is_steps|near_safety_rope|dist_safety_rope_m|near_assisted_trail|dist_assisted_trail_m|near_handrail|dist_handrail_m|near_rungs|dist_rungs_m|near_ladder|dist_ladder_m|near_via_ferrata|dist_via_ferrata_m|near_street_lamp|dist_street_lamp_m|near_cliff|dist_cliff_m|near_scree|dist_scree_m|near_bare_rock|dist_bare_rock_m|near_landslide|dist_landslide_m|near_waterway|dist_waterway_m|near_water_area|dist_water_area_m|near_wetland|dist_wetland_m|near_trailhead|dist_trailhead_m|near_peak|dist_peak_m|near_guidepost|dist_guidepost_m|near_shelter|dist_shelter_m|near_alpine_hut|dist_alpine_hut_m|near_wilderness_hut|dist_wilderness_hut_m|near_bench|dist_bench_m|near_picnic_table|dist_picnic_table_m|near_picnic_site|dist_picnic_site_m|near_drinking_water|dist_drinking_water_m|near_toilets|dist_toilets_m|near_visitor_centre|dist_visitor_centre_m|near_information_office|dist_information_office_m|technical_flags|safety_flags|hazard_flags|hydrology_flags|landmark_flags|facility_flags|rest_flags|support_flags|nearby_named_features|surface_class|route_semantic_class|assist_class|visibility_class|osm_difficulty_class|exposure_risk_score|hydrology_risk_score|landmark_context_score|navigation_risk_score|navigation_support_score|night_navigation_risk_score|night_navigation_support_score|rest_support_score|route_continuity_context_score|route_effort_risk_score|route_type_risk_score|support_score|surface_slip_risk_score|technical_risk_score|terrain_risk_score|applied_mapping_hits|conditional_factor_flags|conditional_risk_domains|conditional_notes|weather_sensitive_flags|needs_nlsc_flags|needs_activity_flags|unhandled_risk_domains|osm_semantic_risk_score_raw|osm_semantic_risk_score|osm_semantic_risk_band|terrain_seg_id|dist_mid|terrain_seg_len|terrain_elev_min|terrain_elev_max|terrain_elev_range|terrain_slope_window|terrain_slope_band_window|terrain_contour_density_20m|terrain_pipeline_stage|terrain_case_id|terrain_case_name|terrain_derived_at|terrain_segment_len_m|terrain_window_radius_m|terrain_density_buffer_m|terrain_elevation_source|terrain_match_dist_m|terrain_match_ok|terrain_window_risk_score|hydro_terrain_amplifier_score|osm_terrain_combined_risk_score|osm_terrain_combined_risk_band|terrain_risk_reason,activity_mapmatch_or_wrong_branch_diagnostic_not_fork_inventory,False,False,activity_behavior_diagnostic_not_route_decision_point_inventory,Activity diagnostics can validate consequences of forks but cannot define route-level fork exposure alone.
outputs\ib1e_osm_nlsc_terrain_risk\juansi_waterfall_fitcsv_20260503\juansi_waterfall_fitcsv_20260503_osm_nlsc_terrain_risk_summary.csv,True,23,metric|value,other_context_not_fork_inventory,False,False,no_governed_fork_topology_fields_found,"No node-degree, edge adjacency, or parseable fork/decision-point inventory fields found."
outputs\ib1e_osm_nlsc_terrain_risk\qixing_lengshuikeng_main_peak_20260523\qixing_lengshuikeng_main_peak_20260523_osm_nlsc_terrain_risk_profile.csv,True,1979,sample_idx|dist_m|lat|lon|ele_gpx_m|delta_dist_m|delta_ele_m|ele_smooth|slope_pct|slope_band|gain_m|loss_m|cum_gain_m|cum_loss_m|nearest_gpx_idx|nearest_gpx_dist_m|time_raw|near_highway|dist_highway_m|osm_way_name|osm_way_name_zh|osm_way_id|osm_highway|osm_surface|osm_tracktype|osm_smoothness|osm_trail_visibility|osm_sac_scale|osm_incline|osm_lit|osm_handrail|osm_safety_rope|osm_step_count|osm_width|osm_bridge|osm_ford|osm_tunnel|osm_lit_status|osm_highway_family|osm_walk_relevance|osm_trail_difficulty_hint|osm_vertical_context|osm_is_steps|near_safety_rope|dist_safety_rope_m|near_handrail|dist_handrail_m|near_rungs|dist_rungs_m|near_ladder|dist_ladder_m|near_via_ferrata|dist_via_ferrata_m|near_cliff|dist_cliff_m|near_scree|dist_scree_m|near_bare_rock|dist_bare_rock_m|near_landslide|dist_landslide_m|near_waterway|dist_waterway_m|near_water_area|dist_water_area_m|near_wetland|dist_wetland_m|near_trailhead|dist_trailhead_m|near_peak|dist_peak_m|near_guidepost|dist_guidepost_m|near_shelter|dist_shelter_m|near_alpine_hut|dist_alpine_hut_m|near_wilderness_hut|dist_wilderness_hut_m|near_bench|dist_bench_m|near_picnic_table|dist_picnic_table_m|near_picnic_site|dist_picnic_site_m|near_drinking_water|dist_drinking_water_m|near_toilets|dist_toilets_m|near_visitor_centre|dist_visitor_centre_m|near_information_office|dist_information_office_m|technical_flags|hazard_flags|hydrology_flags|landmark_flags|facility_flags|rest_flags|support_flags|safety_flags|nearby_named_features|surface_class|route_semantic_class|assist_class|visibility_class|osm_difficulty_class|exposure_risk_score|hydrology_risk_score|landmark_context_score|navigation_risk_score|navigation_support_score|night_navigation_risk_score|night_navigation_support_score|rest_support_score|route_continuity_context_score|route_effort_risk_score|route_type_risk_score|support_score|surface_slip_risk_score|technical_risk_score|terrain_risk_score|applied_mapping_hits|conditional_factor_flags|conditional_risk_domains|conditional_notes|weather_sensitive_flags|needs_nlsc_flags|needs_activity_flags|unhandled_risk_domains|osm_semantic_risk_score_raw|osm_semantic_risk_score|osm_semantic_risk_band|seg_id|dist_mid|terrain_seg_len|terrain_elev_min|terrain_elev_max|terrain_elev_range|terrain_slope_window|terrain_slope_band_window|terrain_contour_density_20m|terrain_pipeline_stage|terrain_case_id|terrain_case_name|terrain_derived_at|terrain_segment_len_m|terrain_window_radius_m|terrain_density_buffer_m|terrain_elevation_source|terrain_match_dist_m|terrain_match_ok|terrain_window_risk_score|hydro_terrain_amplifier_score|osm_terrain_combined_risk_score|osm_terrain_combined_risk_band|terrain_risk_reason,activity_mapmatch_or_wrong_branch_diagnostic_not_fork_inventory,False,False,activity_behavior_diagnostic_not_route_decision_point_inventory,Activity diagnostics can validate consequences of forks but cannot define route-level fork exposure alone.
outputs\ib1e_osm_nlsc_terrain_risk\qixing_lengshuikeng_main_peak_20260523\qixing_lengshuikeng_main_peak_20260523_osm_nlsc_terrain_risk_summary.csv,True,10,metric|value,other_context_not_fork_inventory,False,False,no_governed_fork_topology_fields_found,"No node-degree, edge adjacency, or parseable fork/decision-point inventory fields found."
outputs\ib1e_osm_nlsc_terrain_risk\qixing_xiaoyoukeng_main_peak_20260315\qixing_xiaoyoukeng_main_peak_20260315_osm_nlsc_terrain_risk_profile.csv,True,2323,sample_idx|dist_m|lat|lon|ele_gpx_m|delta_dist_m|delta_ele_m|ele_smooth|slope_pct|slope_band|gain_m|loss_m|cum_gain_m|cum_loss_m|nearest_gpx_idx|nearest_gpx_dist_m|time_raw|near_highway|dist_highway_m|osm_way_name|osm_way_name_zh|osm_way_id|osm_highway|osm_surface|osm_tracktype|osm_smoothness|osm_trail_visibility|osm_sac_scale|osm_incline|osm_lit|osm_handrail|osm_safety_rope|osm_step_count|osm_width|osm_bridge|osm_ford|osm_tunnel|osm_lit_status|osm_highway_family|osm_walk_relevance|osm_trail_difficulty_hint|osm_vertical_context|osm_is_steps|near_safety_rope|dist_safety_rope_m|near_handrail|dist_handrail_m|near_rungs|dist_rungs_m|near_ladder|dist_ladder_m|near_via_ferrata|dist_via_ferrata_m|near_cliff|dist_cliff_m|near_scree|dist_scree_m|near_bare_rock|dist_bare_rock_m|near_landslide|dist_landslide_m|near_waterway|dist_waterway_m|near_water_area|dist_water_area_m|near_wetland|dist_wetland_m|near_trailhead|dist_trailhead_m|near_peak|dist_peak_m|near_guidepost|dist_guidepost_m|near_shelter|dist_shelter_m|near_alpine_hut|dist_alpine_hut_m|near_wilderness_hut|dist_wilderness_hut_m|near_bench|dist_bench_m|near_picnic_table|dist_picnic_table_m|near_picnic_site|dist_picnic_site_m|near_drinking_water|dist_drinking_water_m|near_toilets|dist_toilets_m|near_visitor_centre|dist_visitor_centre_m|near_information_office|dist_information_office_m|technical_flags|hazard_flags|hydrology_flags|landmark_flags|facility_flags|rest_flags|support_flags|safety_flags|nearby_named_features|surface_class|route_semantic_class|assist_class|visibility_class|osm_difficulty_class|exposure_risk_score|hydrology_risk_score|landmark_context_score|navigation_risk_score|navigation_support_score|night_navigation_risk_score|night_navigation_support_score|rest_support_score|route_continuity_context_score|route_effort_risk_score|route_type_risk_score|support_score|surface_slip_risk_score|technical_risk_score|terrain_risk_score|applied_mapping_hits|conditional_factor_flags|conditional_risk_domains|conditional_notes|weather_sensitive_flags|needs_nlsc_flags|needs_activity_flags|unhandled_risk_domains|osm_semantic_risk_score_raw|osm_semantic_risk_score|osm_semantic_risk_band|seg_id|dist_mid|terrain_seg_len|terrain_elev_min|terrain_elev_max|terrain_elev_range|terrain_slope_window|terrain_slope_band_window|terrain_contour_density_20m|terrain_pipeline_stage|terrain_case_id|terrain_case_name|terrain_derived_at|terrain_segment_len_m|terrain_window_radius_m|terrain_density_buffer_m|terrain_elevation_source|terrain_match_dist_m|terrain_match_ok|terrain_window_risk_score|hydro_terrain_amplifier_score|osm_terrain_combined_risk_score|osm_terrain_combined_risk_band|terrain_risk_reason,activity_mapmatch_or_wrong_branch_diagnostic_not_fork_inventory,False,False,activity_behavior_diagnostic_not_route_decision_point_inventory,Activity diagnostics can validate consequences of forks but cannot define route-level fork exposure alone.
outputs\ib1e_osm_nlsc_terrain_risk\qixing_xiaoyoukeng_main_peak_20260315\qixing_xiaoyoukeng_main_peak_20260315_osm_nlsc_terrain_risk_summary.csv,True,10,metric|value,other_context_not_fork_inventory,False,False,no_governed_fork_topology_fields_found,"No node-degree, edge adjacency, or parseable fork/decision-point inventory fields found."
outputs\ib1e_route_profile_contour_window_terrain\juansi_waterfall_fitcsv_20260503\juansi_waterfall_fitcsv_20260503_route_profile_contour_window_terrain_enriched.csv,True,3973,sample_idx|dist_m|lat|lon|ele_gpx_m|delta_dist_m|delta_ele_m|slope_pct|slope_band|gain_m|loss_m|cum_gain_m|cum_loss_m|nearest_gpx_idx|nearest_gpx_dist_m|time_raw|ele_smooth|elevation_source|needs_nlsc_elevation|near_highway|dist_highway_m|osm_way_name|osm_way_name_zh|osm_way_id|osm_way_type|osm_highway|osm_surface|osm_tracktype|osm_smoothness|osm_trail_visibility|osm_sac_scale|osm_incline|osm_lit|osm_lit_status|osm_handrail|osm_safety_rope|osm_step_count|osm_width|osm_bridge|osm_bridge_material|osm_ford|osm_tunnel|osm_covered|osm_highway_family|osm_walk_relevance|osm_trail_difficulty_hint|osm_vertical_context|osm_is_steps|near_safety_rope|dist_safety_rope_m|near_assisted_trail|dist_assisted_trail_m|near_handrail|dist_handrail_m|near_rungs|dist_rungs_m|near_ladder|dist_ladder_m|near_via_ferrata|dist_via_ferrata_m|near_street_lamp|dist_street_lamp_m|near_cliff|dist_cliff_m|near_scree|dist_scree_m|near_bare_rock|dist_bare_rock_m|near_landslide|dist_landslide_m|near_waterway|dist_waterway_m|near_water_area|dist_water_area_m|near_wetland|dist_wetland_m|near_trailhead|dist_trailhead_m|near_peak|dist_peak_m|near_guidepost|dist_guidepost_m|near_shelter|dist_shelter_m|near_alpine_hut|dist_alpine_hut_m|near_wilderness_hut|dist_wilderness_hut_m|near_bench|dist_bench_m|near_picnic_table|dist_picnic_table_m|near_picnic_site|dist_picnic_site_m|near_drinking_water|dist_drinking_water_m|near_toilets|dist_toilets_m|near_visitor_centre|dist_visitor_centre_m|near_information_office|dist_information_office_m|technical_flags|safety_flags|hazard_flags|hydrology_flags|landmark_flags|facility_flags|rest_flags|support_flags|nearby_named_features|surface_class|route_semantic_class|assist_class|visibility_class|osm_difficulty_class|case_id|case_name|osm_raw_dir|ia1_dataset_id|pipeline_stage|exposure_risk_score|hydrology_risk_score|landmark_context_score|navigation_risk_score|navigation_support_score|night_navigation_risk_score|night_navigation_support_score|rest_support_score|route_continuity_context_score|route_effort_risk_score|route_type_risk_score|support_score|surface_slip_risk_score|technical_risk_score|terrain_risk_score|applied_mapping_hits|conditional_factor_flags|conditional_risk_domains|conditional_notes|weather_sensitive_flags|needs_nlsc_flags|needs_activity_flags|unhandled_risk_domains|osm_semantic_risk_score_raw|osm_semantic_risk_score|osm_semantic_risk_band|profile_dist_m|terrain_segment_id|terrain_dist_mid_m|terrain_segment_len_m|elev_min_nlsc_window|elev_max_nlsc_window|elev_range_nlsc_window|slope_window_nlsc|slope_band_window_nlsc|contour_density_20m_nlsc_window|terrain_pipeline_stage|terrain_case_id|terrain_case_name|terrain_derived_at|terrain_window_radius_m|terrain_density_buffer_m|terrain_elevation_source|dist_to_contour_window_mid_m|contour_window_match_status|terrain_window_risk_score|hydro_terrain_amplifier_score|osm_terrain_combined_risk_score_raw|osm_terrain_combined_risk_score|osm_terrain_combined_risk_band|contour_window_enriched_at|contour_window_max_align_diff_m|terrain_weight|hydro_terrain_weight|profile_csv|contour_csv,activity_mapmatch_or_wrong_branch_diagnostic_not_fork_inventory,False,False,activity_behavior_diagnostic_not_route_decision_point_inventory,Activity diagnostics can validate consequences of forks but cannot define route-level fork exposure alone.
outputs\ib1e_route_profile_contour_window_terrain\juansi_waterfall_fitcsv_20260503\juansi_waterfall_fitcsv_20260503_route_profile_contour_window_terrain_summary.csv,True,26,metric|value,other_context_not_fork_inventory,False,False,no_governed_fork_topology_fields_found,"No node-degree, edge adjacency, or parseable fork/decision-point inventory fields found."
outputs\ib1e_route_profile_contour_window_terrain\qixing_lengshuikeng_main_peak_20260523\qixing_lengshuikeng_main_peak_20260523_route_profile_contour_window_terrain_enriched.csv,True,4189,case_id|case_name|activity_type|activity_fp|ordered_path_fp|mainline_fp|sample_idx|dist_m|lat|lon|ele_gpx_m|delta_dist_m|delta_ele_m|slope_pct|slope_band|gain_m|loss_m|cum_gain_m|cum_loss_m|nearest_gpx_idx|nearest_gpx_dist_m|time_raw|ele_smooth|elevation_source|needs_nlsc_elevation|near_highway|dist_highway_m|osm_way_name|osm_way_name_zh|osm_way_id|osm_way_type|osm_highway|osm_surface|osm_tracktype|osm_smoothness|osm_trail_visibility|osm_sac_scale|osm_incline|osm_lit|osm_lit_status|osm_handrail|osm_safety_rope|osm_step_count|osm_width|osm_bridge|osm_bridge_material|osm_ford|osm_tunnel|osm_covered|osm_highway_family|osm_walk_relevance|osm_trail_difficulty_hint|osm_vertical_context|osm_is_steps|near_safety_rope|dist_safety_rope_m|near_assisted_trail|dist_assisted_trail_m|near_handrail|dist_handrail_m|near_rungs|dist_rungs_m|near_ladder|dist_ladder_m|near_via_ferrata|dist_via_ferrata_m|near_street_lamp|dist_street_lamp_m|near_cliff|dist_cliff_m|near_scree|dist_scree_m|near_bare_rock|dist_bare_rock_m|near_landslide|dist_landslide_m|near_waterway|dist_waterway_m|near_water_area|dist_water_area_m|near_wetland|dist_wetland_m|near_trailhead|dist_trailhead_m|near_peak|dist_peak_m|near_guidepost|dist_guidepost_m|near_shelter|dist_shelter_m|near_alpine_hut|dist_alpine_hut_m|near_wilderness_hut|dist_wilderness_hut_m|near_bench|dist_bench_m|near_picnic_table|dist_picnic_table_m|near_picnic_site|dist_picnic_site_m|near_drinking_water|dist_drinking_water_m|near_toilets|dist_toilets_m|near_visitor_centre|dist_visitor_centre_m|near_information_office|dist_information_office_m|technical_flags|safety_flags|hazard_flags|hydrology_flags|landmark_flags|facility_flags|rest_flags|support_flags|nearby_named_features|surface_class|route_semantic_class|assist_class|visibility_class|osm_difficulty_class|osm_raw_dir|ia1_dataset_id|pipeline_stage|exposure_risk_score|hydrology_risk_score|landmark_context_score|navigation_risk_score|navigation_support_score|night_navigation_risk_score|night_navigation_support_score|rest_support_score|route_continuity_context_score|route_effort_risk_score|route_type_risk_score|support_score|surface_slip_risk_score|technical_risk_score|terrain_risk_score|applied_mapping_hits|conditional_factor_flags|conditional_risk_domains|conditional_notes|weather_sensitive_flags|needs_nlsc_flags|needs_activity_flags|unhandled_risk_domains|osm_semantic_risk_score_raw|osm_semantic_risk_score|osm_semantic_risk_band|profile_dist_m|terrain_segment_id|terrain_dist_mid_m|terrain_segment_len_m|elev_min_nlsc_window|elev_max_nlsc_window|elev_range_nlsc_window|slope_window_nlsc|slope_band_window_nlsc|contour_density_20m_nlsc_window|terrain_pipeline_stage|terrain_case_id|terrain_case_name|terrain_derived_at|terrain_window_radius_m|terrain_density_buffer_m|terrain_elevation_source|dist_to_contour_window_mid_m|contour_window_match_status|terrain_window_risk_score|hydro_terrain_amplifier_score|osm_terrain_combined_risk_score_raw|osm_terrain_combined_risk_score|osm_terrain_combined_risk_band|contour_window_enriched_at|contour_window_max_align_diff_m|terrain_weight|hydro_terrain_weight|profile_csv|contour_csv,activity_mapmatch_or_wrong_branch_diagnostic_not_fork_inventory,False,False,activity_behavior_diagnostic_not_route_decision_point_inventory,Activity diagnostics can validate consequences of forks but cannot define route-level fork exposure alone.
outputs\ib1e_route_profile_contour_window_terrain\qixing_lengshuikeng_main_peak_20260523\qixing_lengshuikeng_main_peak_20260523_route_profile_contour_window_terrain_summary.csv,True,25,metric|value,other_context_not_fork_inventory,False,False,no_governed_fork_topology_fields_found,"No node-degree, edge adjacency, or parseable fork/decision-point inventory fields found."
outputs\ib1e_route_profile_contour_window_terrain\qixing_xiaoyoukeng_main_peak_20260315\qixing_xiaoyoukeng_main_peak_20260315_route_profile_contour_window_terrain_enriched.csv,True,3332,case_id|case_name|activity_type|activity_fp|ordered_path_fp|mainline_fp|sample_idx|dist_m|lat|lon|ele_gpx_m|delta_dist_m|delta_ele_m|slope_pct|slope_band|gain_m|loss_m|cum_gain_m|cum_loss_m|nearest_gpx_idx|nearest_gpx_dist_m|time_raw|ele_smooth|elevation_source|needs_nlsc_elevation|near_highway|dist_highway_m|osm_way_name|osm_way_name_zh|osm_way_id|osm_way_type|osm_highway|osm_surface|osm_tracktype|osm_smoothness|osm_trail_visibility|osm_sac_scale|osm_incline|osm_lit|osm_lit_status|osm_handrail|osm_safety_rope|osm_step_count|osm_width|osm_bridge|osm_bridge_material|osm_ford|osm_tunnel|osm_covered|osm_highway_family|osm_walk_relevance|osm_trail_difficulty_hint|osm_vertical_context|osm_is_steps|near_safety_rope|dist_safety_rope_m|near_assisted_trail|dist_assisted_trail_m|near_handrail|dist_handrail_m|near_rungs|dist_rungs_m|near_ladder|dist_ladder_m|near_via_ferrata|dist_via_ferrata_m|near_street_lamp|dist_street_lamp_m|near_cliff|dist_cliff_m|near_scree|dist_scree_m|near_bare_rock|dist_bare_rock_m|near_landslide|dist_landslide_m|near_waterway|dist_waterway_m|near_water_area|dist_water_area_m|near_wetland|dist_wetland_m|near_trailhead|dist_trailhead_m|near_peak|dist_peak_m|near_guidepost|dist_guidepost_m|near_shelter|dist_shelter_m|near_alpine_hut|dist_alpine_hut_m|near_wilderness_hut|dist_wilderness_hut_m|near_bench|dist_bench_m|near_picnic_table|dist_picnic_table_m|near_picnic_site|dist_picnic_site_m|near_drinking_water|dist_drinking_water_m|near_toilets|dist_toilets_m|near_visitor_centre|dist_visitor_centre_m|near_information_office|dist_information_office_m|technical_flags|safety_flags|hazard_flags|hydrology_flags|landmark_flags|facility_flags|rest_flags|support_flags|nearby_named_features|surface_class|route_semantic_class|assist_class|visibility_class|osm_difficulty_class|osm_raw_dir|ia1_dataset_id|pipeline_stage|exposure_risk_score|hydrology_risk_score|landmark_context_score|navigation_risk_score|navigation_support_score|night_navigation_risk_score|night_navigation_support_score|rest_support_score|route_continuity_context_score|route_effort_risk_score|route_type_risk_score|support_score|surface_slip_risk_score|technical_risk_score|terrain_risk_score|applied_mapping_hits|conditional_factor_flags|conditional_risk_domains|conditional_notes|weather_sensitive_flags|needs_nlsc_flags|needs_activity_flags|unhandled_risk_domains|osm_semantic_risk_score_raw|osm_semantic_risk_score|osm_semantic_risk_band|profile_dist_m|terrain_segment_id|terrain_dist_mid_m|terrain_segment_len_m|elev_min_nlsc_window|elev_max_nlsc_window|elev_range_nlsc_window|slope_window_nlsc|slope_band_window_nlsc|contour_density_20m_nlsc_window|terrain_pipeline_stage|terrain_case_id|terrain_case_name|terrain_derived_at|terrain_window_radius_m|terrain_density_buffer_m|terrain_elevation_source|dist_to_contour_window_mid_m|contour_window_match_status|terrain_window_risk_score|hydro_terrain_amplifier_score|osm_terrain_combined_risk_score_raw|osm_terrain_combined_risk_score|osm_terrain_combined_risk_band|contour_window_enriched_at|contour_window_max_align_diff_m|terrain_weight|hydro_terrain_weight|profile_csv|contour_csv,activity_mapmatch_or_wrong_branch_diagnostic_not_fork_inventory,False,False,activity_behavior_diagnostic_not_route_decision_point_inventory,Activity diagnostics can validate consequences of forks but cannot define route-level fork exposure alone.
outputs\ib1e_route_profile_contour_window_terrain\qixing_xiaoyoukeng_main_peak_20260315\qixing_xiaoyoukeng_main_peak_20260315_route_profile_contour_window_terrain_summary.csv,True,26,metric|value,other_context_not_fork_inventory,False,False,no_governed_fork_topology_fields_found,"No node-degree, edge adjacency, or parseable fork/decision-point inventory fields found."
outputs\ib1e_route_profile_contour_window_terrain\zhonghua_ust_jiuwufeng_roundtrip_biji\zhonghua_ust_jiuwufeng_roundtrip_biji_route_profile_contour_window_terrain_enriched.csv,True,5239,case_id|case_name|activity_type|activity_fp|ordered_path_fp|mainline_fp|sample_idx|dist_m|lat|lon|ele_gpx_m|delta_dist_m|delta_ele_m|slope_pct|slope_band|gain_m|loss_m|cum_gain_m|cum_loss_m|nearest_gpx_idx|nearest_gpx_dist_m|time_raw|ele_smooth|elevation_source|needs_nlsc_elevation|near_highway|dist_highway_m|osm_way_name|osm_way_name_zh|osm_way_id|osm_way_type|osm_highway|osm_surface|osm_tracktype|osm_smoothness|osm_trail_visibility|osm_sac_scale|osm_incline|osm_lit|osm_lit_status|osm_handrail|osm_safety_rope|osm_step_count|osm_width|osm_bridge|osm_bridge_material|osm_ford|osm_tunnel|osm_covered|osm_highway_family|osm_walk_relevance|osm_trail_difficulty_hint|osm_vertical_context|osm_is_steps|near_safety_rope|dist_safety_rope_m|near_assisted_trail|dist_assisted_trail_m|near_handrail|dist_handrail_m|near_rungs|dist_rungs_m|near_ladder|dist_ladder_m|near_via_ferrata|dist_via_ferrata_m|near_street_lamp|dist_street_lamp_m|near_cliff|dist_cliff_m|near_scree|dist_scree_m|near_bare_rock|dist_bare_rock_m|near_landslide|dist_landslide_m|near_waterway|dist_waterway_m|near_water_area|dist_water_area_m|near_wetland|dist_wetland_m|near_trailhead|dist_trailhead_m|near_peak|dist_peak_m|near_guidepost|dist_guidepost_m|near_shelter|dist_shelter_m|near_alpine_hut|dist_alpine_hut_m|near_wilderness_hut|dist_wilderness_hut_m|near_bench|dist_bench_m|near_picnic_table|dist_picnic_table_m|near_picnic_site|dist_picnic_site_m|near_drinking_water|dist_drinking_water_m|near_toilets|dist_toilets_m|near_visitor_centre|dist_visitor_centre_m|near_information_office|dist_information_office_m|technical_flags|safety_flags|hazard_flags|hydrology_flags|landmark_flags|facility_flags|rest_flags|support_flags|nearby_named_features|surface_class|route_semantic_class|assist_class|visibility_class|osm_difficulty_class|osm_raw_dir|ia1_dataset_id|pipeline_stage|exposure_risk_score|hydrology_risk_score|landmark_context_score|navigation_risk_score|navigation_support_score|night_navigation_risk_score|night_navigation_support_score|rest_support_score|route_continuity_context_score|route_effort_risk_score|route_type_risk_score|support_score|surface_slip_risk_score|technical_risk_score|terrain_risk_score|applied_mapping_hits|conditional_factor_flags|conditional_risk_domains|conditional_notes|weather_sensitive_flags|needs_nlsc_flags|needs_activity_flags|unhandled_risk_domains|osm_semantic_risk_score_raw|osm_semantic_risk_score|osm_semantic_risk_band|profile_dist_m|terrain_segment_id|terrain_dist_mid_m|terrain_segment_len_m|elev_min_nlsc_window|elev_max_nlsc_window|elev_range_nlsc_window|slope_window_nlsc|slope_band_window_nlsc|contour_density_20m_nlsc_window|terrain_pipeline_stage|terrain_case_id|terrain_case_name|terrain_derived_at|terrain_window_radius_m|terrain_density_buffer_m|terrain_elevation_source|dist_to_contour_window_mid_m|contour_window_match_status|terrain_window_risk_score|hydro_terrain_amplifier_score|osm_terrain_combined_risk_score_raw|osm_terrain_combined_risk_score|osm_terrain_combined_risk_band|contour_window_enriched_at|contour_window_max_align_diff_m|terrain_weight|hydro_terrain_weight|profile_csv|contour_csv,activity_mapmatch_or_wrong_branch_diagnostic_not_fork_inventory,False,False,activity_behavior_diagnostic_not_route_decision_point_inventory,Activity diagnostics can validate consequences of forks but cannot define route-level fork exposure alone.
outputs\ib1e_route_profile_contour_window_terrain\zhonghua_ust_jiuwufeng_roundtrip_biji\zhonghua_ust_jiuwufeng_roundtrip_biji_route_profile_contour_window_terrain_summary.csv,True,25,metric|value,other_context_not_fork_inventory,False,False,no_governed_fork_topology_fields_found,"No node-degree, edge adjacency, or parseable fork/decision-point inventory fields found."
outputs\ib1e_route_profile_contour_window_terrain_forced_required_way_test\qixing_lengshuikeng_main_peak_20260523\qixing_lengshuikeng_main_peak_20260523_route_profile_contour_window_terrain_enriched.csv,True,4189,case_id|case_name|activity_type|activity_fp|ordered_path_fp|mainline_fp|sample_idx|dist_m|lat|lon|ele_gpx_m|delta_dist_m|delta_ele_m|slope_pct|slope_band|gain_m|loss_m|cum_gain_m|cum_loss_m|nearest_gpx_idx|nearest_gpx_dist_m|time_raw|ele_smooth|elevation_source|needs_nlsc_elevation|near_highway|dist_highway_m|osm_way_name|osm_way_name_zh|osm_way_id|osm_way_type|osm_highway|osm_surface|osm_tracktype|osm_smoothness|osm_trail_visibility|osm_sac_scale|osm_incline|osm_lit|osm_lit_status|osm_handrail|osm_safety_rope|osm_step_count|osm_width|osm_bridge|osm_bridge_material|osm_ford|osm_tunnel|osm_covered|osm_highway_family|osm_walk_relevance|osm_trail_difficulty_hint|osm_vertical_context|osm_is_steps|near_safety_rope|dist_safety_rope_m|near_assisted_trail|dist_assisted_trail_m|near_handrail|dist_handrail_m|near_rungs|dist_rungs_m|near_ladder|dist_ladder_m|near_via_ferrata|dist_via_ferrata_m|near_street_lamp|dist_street_lamp_m|near_cliff|dist_cliff_m|near_scree|dist_scree_m|near_bare_rock|dist_bare_rock_m|near_landslide|dist_landslide_m|near_waterway|dist_waterway_m|near_water_area|dist_water_area_m|near_wetland|dist_wetland_m|near_trailhead|dist_trailhead_m|near_peak|dist_peak_m|near_guidepost|dist_guidepost_m|near_shelter|dist_shelter_m|near_alpine_hut|dist_alpine_hut_m|near_wilderness_hut|dist_wilderness_hut_m|near_bench|dist_bench_m|near_picnic_table|dist_picnic_table_m|near_picnic_site|dist_picnic_site_m|near_drinking_water|dist_drinking_water_m|near_toilets|dist_toilets_m|near_visitor_centre|dist_visitor_centre_m|near_information_office|dist_information_office_m|technical_flags|safety_flags|hazard_flags|hydrology_flags|landmark_flags|facility_flags|rest_flags|support_flags|nearby_named_features|surface_class|route_semantic_class|assist_class|visibility_class|osm_difficulty_class|osm_raw_dir|ia1_dataset_id|pipeline_stage|exposure_risk_score|hydrology_risk_score|landmark_context_score|navigation_risk_score|navigation_support_score|night_navigation_risk_score|night_navigation_support_score|rest_support_score|route_continuity_context_score|route_effort_risk_score|route_type_risk_score|support_score|surface_slip_risk_score|technical_risk_score|terrain_risk_score|applied_mapping_hits|conditional_factor_flags|conditional_risk_domains|conditional_notes|weather_sensitive_flags|needs_nlsc_flags|needs_activity_flags|unhandled_risk_domains|osm_semantic_risk_score_raw|osm_semantic_risk_score|osm_semantic_risk_band|profile_dist_m|terrain_segment_id|terrain_dist_mid_m|terrain_segment_len_m|elev_min_nlsc_window|elev_max_nlsc_window|elev_range_nlsc_window|slope_window_nlsc|slope_band_window_nlsc|contour_density_20m_nlsc_window|terrain_pipeline_stage|terrain_case_id|terrain_case_name|terrain_derived_at|terrain_window_radius_m|terrain_density_buffer_m|terrain_elevation_source|dist_to_contour_window_mid_m|contour_window_match_status|terrain_window_risk_score|hydro_terrain_amplifier_score|osm_terrain_combined_risk_score_raw|osm_terrain_combined_risk_score|osm_terrain_combined_risk_band|contour_window_enriched_at|contour_window_max_align_diff_m|terrain_weight|hydro_terrain_weight|profile_csv|contour_csv,activity_mapmatch_or_wrong_branch_diagnostic_not_fork_inventory,False,False,activity_behavior_diagnostic_not_route_decision_point_inventory,Activity diagnostics can validate consequences of forks but cannot define route-level fork exposure alone.
outputs\ib1e_route_profile_contour_window_terrain_forced_required_way_test\qixing_lengshuikeng_main_peak_20260523\qixing_lengshuikeng_main_peak_20260523_route_profile_contour_window_terrain_summary.csv,True,25,metric|value,other_context_not_fork_inventory,False,False,no_governed_fork_topology_fields_found,"No node-degree, edge adjacency, or parseable fork/decision-point inventory fields found."
outputs\ib1e_route_profile_contour_window_terrain_v1_1\qixing_lengshuikeng_main_peak_20260523\qixing_lengshuikeng_main_peak_20260523_route_profile_contour_window_terrain_enriched.csv,True,4149,case_id|case_name|activity_type|activity_fp|ordered_path_fp|mainline_fp|sample_idx|dist_m|lat|lon|ele_gpx_m|delta_dist_m|delta_ele_m|slope_pct|slope_band|gain_m|loss_m|cum_gain_m|cum_loss_m|nearest_gpx_idx|nearest_gpx_dist_m|time_raw|ele_smooth|elevation_source|needs_nlsc_elevation|near_highway|dist_highway_m|osm_way_name|osm_way_name_zh|osm_way_id|osm_way_type|osm_highway|osm_surface|osm_tracktype|osm_smoothness|osm_trail_visibility|osm_sac_scale|osm_incline|osm_lit|osm_lit_status|osm_handrail|osm_safety_rope|osm_step_count|osm_width|osm_bridge|osm_bridge_material|osm_ford|osm_tunnel|osm_covered|osm_highway_family|osm_walk_relevance|osm_trail_difficulty_hint|osm_vertical_context|osm_is_steps|near_safety_rope|dist_safety_rope_m|near_assisted_trail|dist_assisted_trail_m|near_handrail|dist_handrail_m|near_rungs|dist_rungs_m|near_ladder|dist_ladder_m|near_via_ferrata|dist_via_ferrata_m|near_street_lamp|dist_street_lamp_m|near_cliff|dist_cliff_m|near_scree|dist_scree_m|near_bare_rock|dist_bare_rock_m|near_landslide|dist_landslide_m|near_waterway|dist_waterway_m|near_water_area|dist_water_area_m|near_wetland|dist_wetland_m|near_trailhead|dist_trailhead_m|near_peak|dist_peak_m|near_guidepost|dist_guidepost_m|near_shelter|dist_shelter_m|near_alpine_hut|dist_alpine_hut_m|near_wilderness_hut|dist_wilderness_hut_m|near_bench|dist_bench_m|near_picnic_table|dist_picnic_table_m|near_picnic_site|dist_picnic_site_m|near_drinking_water|dist_drinking_water_m|near_toilets|dist_toilets_m|near_visitor_centre|dist_visitor_centre_m|near_information_office|dist_information_office_m|technical_flags|safety_flags|hazard_flags|hydrology_flags|landmark_flags|facility_flags|rest_flags|support_flags|nearby_named_features|surface_class|route_semantic_class|assist_class|visibility_class|osm_difficulty_class|osm_raw_dir|ia1_dataset_id|pipeline_stage|exposure_risk_score|hydrology_risk_score|landmark_context_score|navigation_risk_score|navigation_support_score|night_navigation_risk_score|night_navigation_support_score|rest_support_score|route_continuity_context_score|route_effort_risk_score|route_type_risk_score|support_score|surface_slip_risk_score|technical_risk_score|terrain_risk_score|applied_mapping_hits|conditional_factor_flags|conditional_risk_domains|conditional_notes|weather_sensitive_flags|needs_nlsc_flags|needs_activity_flags|unhandled_risk_domains|osm_semantic_risk_score_raw|osm_semantic_risk_score|osm_semantic_risk_band|profile_dist_m|terrain_segment_id|terrain_dist_mid_m|terrain_segment_len_m|elev_min_nlsc_window|elev_max_nlsc_window|elev_range_nlsc_window|slope_window_nlsc|slope_band_window_nlsc|contour_density_20m_nlsc_window|terrain_pipeline_stage|terrain_case_id|terrain_case_name|terrain_derived_at|terrain_window_radius_m|terrain_density_buffer_m|terrain_elevation_source|dist_to_contour_window_mid_m|contour_window_match_status|terrain_window_risk_score|hydro_terrain_amplifier_score|osm_terrain_combined_risk_score_raw|osm_terrain_combined_risk_score|osm_terrain_combined_risk_band|contour_window_enriched_at|contour_window_max_align_diff_m|terrain_weight|hydro_terrain_weight|profile_csv|contour_csv,activity_mapmatch_or_wrong_branch_diagnostic_not_fork_inventory,False,False,activity_behavior_diagnostic_not_route_decision_point_inventory,Activity diagnostics can validate consequences of forks but cannot define route-level fork exposure alone.
outputs\ib1e_route_profile_contour_window_terrain_v1_1\qixing_lengshuikeng_main_peak_20260523\qixing_lengshuikeng_main_peak_20260523_route_profile_contour_window_terrain_summary.csv,True,25,metric|value,other_context_not_fork_inventory,False,False,no_governed_fork_topology_fields_found,"No node-degree, edge adjacency, or parseable fork/decision-point inventory fields found."
outputs\ib1e_route_profile_contour_window_terrain_v1_1\qixing_xiaoyoukeng_main_peak_20260315\qixing_xiaoyoukeng_main_peak_20260315_route_profile_contour_window_terrain_enriched.csv,True,3332,case_id|case_name|activity_type|activity_fp|ordered_path_fp|mainline_fp|sample_idx|dist_m|lat|lon|ele_gpx_m|delta_dist_m|delta_ele_m|slope_pct|slope_band|gain_m|loss_m|cum_gain_m|cum_loss_m|nearest_gpx_idx|nearest_gpx_dist_m|time_raw|ele_smooth|elevation_source|needs_nlsc_elevation|near_highway|dist_highway_m|osm_way_name|osm_way_name_zh|osm_way_id|osm_way_type|osm_highway|osm_surface|osm_tracktype|osm_smoothness|osm_trail_visibility|osm_sac_scale|osm_incline|osm_lit|osm_lit_status|osm_handrail|osm_safety_rope|osm_step_count|osm_width|osm_bridge|osm_bridge_material|osm_ford|osm_tunnel|osm_covered|osm_highway_family|osm_walk_relevance|osm_trail_difficulty_hint|osm_vertical_context|osm_is_steps|near_safety_rope|dist_safety_rope_m|near_assisted_trail|dist_assisted_trail_m|near_handrail|dist_handrail_m|near_rungs|dist_rungs_m|near_ladder|dist_ladder_m|near_via_ferrata|dist_via_ferrata_m|near_street_lamp|dist_street_lamp_m|near_cliff|dist_cliff_m|near_scree|dist_scree_m|near_bare_rock|dist_bare_rock_m|near_landslide|dist_landslide_m|near_waterway|dist_waterway_m|near_water_area|dist_water_area_m|near_wetland|dist_wetland_m|near_trailhead|dist_trailhead_m|near_peak|dist_peak_m|near_guidepost|dist_guidepost_m|near_shelter|dist_shelter_m|near_alpine_hut|dist_alpine_hut_m|near_wilderness_hut|dist_wilderness_hut_m|near_bench|dist_bench_m|near_picnic_table|dist_picnic_table_m|near_picnic_site|dist_picnic_site_m|near_drinking_water|dist_drinking_water_m|near_toilets|dist_toilets_m|near_visitor_centre|dist_visitor_centre_m|near_information_office|dist_information_office_m|technical_flags|safety_flags|hazard_flags|hydrology_flags|landmark_flags|facility_flags|rest_flags|support_flags|nearby_named_features|surface_class|route_semantic_class|assist_class|visibility_class|osm_difficulty_class|osm_raw_dir|ia1_dataset_id|pipeline_stage|exposure_risk_score|hydrology_risk_score|landmark_context_score|navigation_risk_score|navigation_support_score|night_navigation_risk_score|night_navigation_support_score|rest_support_score|route_continuity_context_score|route_effort_risk_score|route_type_risk_score|support_score|surface_slip_risk_score|technical_risk_score|terrain_risk_score|applied_mapping_hits|conditional_factor_flags|conditional_risk_domains|conditional_notes|weather_sensitive_flags|needs_nlsc_flags|needs_activity_flags|unhandled_risk_domains|osm_semantic_risk_score_raw|osm_semantic_risk_score|osm_semantic_risk_band|profile_dist_m|terrain_segment_id|terrain_dist_mid_m|terrain_segment_len_m|elev_min_nlsc_window|elev_max_nlsc_window|elev_range_nlsc_window|slope_window_nlsc|slope_band_window_nlsc|contour_density_20m_nlsc_window|terrain_pipeline_stage|terrain_case_id|terrain_case_name|terrain_derived_at|terrain_window_radius_m|terrain_density_buffer_m|terrain_elevation_source|dist_to_contour_window_mid_m|contour_window_match_status|terrain_window_risk_score|hydro_terrain_amplifier_score|osm_terrain_combined_risk_score_raw|osm_terrain_combined_risk_score|osm_terrain_combined_risk_band|contour_window_enriched_at|contour_window_max_align_diff_m|terrain_weight|hydro_terrain_weight|profile_csv|contour_csv,activity_mapmatch_or_wrong_branch_diagnostic_not_fork_inventory,False,False,activity_behavior_diagnostic_not_route_decision_point_inventory,Activity diagnostics can validate consequences of forks but cannot define route-level fork exposure alone.
outputs\ib1e_route_profile_contour_window_terrain_v1_1\qixing_xiaoyoukeng_main_peak_20260315\qixing_xiaoyoukeng_main_peak_20260315_route_profile_contour_window_terrain_summary.csv,True,26,metric|value,other_context_not_fork_inventory,False,False,no_governed_fork_topology_fields_found,"No node-degree, edge adjacency, or parseable fork/decision-point inventory fields found."
outputs\ib1e_route_profile_contour_window_terrain_v1_1\zhonghua_ust_jiuwufeng_roundtrip_biji\zhonghua_ust_jiuwufeng_roundtrip_biji_route_profile_contour_window_terrain_enriched.csv,True,5239,case_id|case_name|activity_type|activity_fp|ordered_path_fp|mainline_fp|sample_idx|dist_m|lat|lon|ele_gpx_m|delta_dist_m|delta_ele_m|slope_pct|slope_band|gain_m|loss_m|cum_gain_m|cum_loss_m|nearest_gpx_idx|nearest_gpx_dist_m|time_raw|ele_smooth|elevation_source|needs_nlsc_elevation|near_highway|dist_highway_m|osm_way_name|osm_way_name_zh|osm_way_id|osm_way_type|osm_highway|osm_surface|osm_tracktype|osm_smoothness|osm_trail_visibility|osm_sac_scale|osm_incline|osm_lit|osm_lit_status|osm_handrail|osm_safety_rope|osm_step_count|osm_width|osm_bridge|osm_bridge_material|osm_ford|osm_tunnel|osm_covered|osm_highway_family|osm_walk_relevance|osm_trail_difficulty_hint|osm_vertical_context|osm_is_steps|near_safety_rope|dist_safety_rope_m|near_assisted_trail|dist_assisted_trail_m|near_handrail|dist_handrail_m|near_rungs|dist_rungs_m|near_ladder|dist_ladder_m|near_via_ferrata|dist_via_ferrata_m|near_street_lamp|dist_street_lamp_m|near_cliff|dist_cliff_m|near_scree|dist_scree_m|near_bare_rock|dist_bare_rock_m|near_landslide|dist_landslide_m|near_waterway|dist_waterway_m|near_water_area|dist_water_area_m|near_wetland|dist_wetland_m|near_trailhead|dist_trailhead_m|near_peak|dist_peak_m|near_guidepost|dist_guidepost_m|near_shelter|dist_shelter_m|near_alpine_hut|dist_alpine_hut_m|near_wilderness_hut|dist_wilderness_hut_m|near_bench|dist_bench_m|near_picnic_table|dist_picnic_table_m|near_picnic_site|dist_picnic_site_m|near_drinking_water|dist_drinking_water_m|near_toilets|dist_toilets_m|near_visitor_centre|dist_visitor_centre_m|near_information_office|dist_information_office_m|technical_flags|safety_flags|hazard_flags|hydrology_flags|landmark_flags|facility_flags|rest_flags|support_flags|nearby_named_features|surface_class|route_semantic_class|assist_class|visibility_class|osm_difficulty_class|osm_raw_dir|ia1_dataset_id|pipeline_stage|exposure_risk_score|hydrology_risk_score|landmark_context_score|navigation_risk_score|navigation_support_score|night_navigation_risk_score|night_navigation_support_score|rest_support_score|route_continuity_context_score|route_effort_risk_score|route_type_risk_score|support_score|surface_slip_risk_score|technical_risk_score|terrain_risk_score|applied_mapping_hits|conditional_factor_flags|conditional_risk_domains|conditional_notes|weather_sensitive_flags|needs_nlsc_flags|needs_activity_flags|unhandled_risk_domains|osm_semantic_risk_score_raw|osm_semantic_risk_score|osm_semantic_risk_band|profile_dist_m|terrain_segment_id|terrain_dist_mid_m|terrain_segment_len_m|elev_min_nlsc_window|elev_max_nlsc_window|elev_range_nlsc_window|slope_window_nlsc|slope_band_window_nlsc|contour_density_20m_nlsc_window|terrain_pipeline_stage|terrain_case_id|terrain_case_name|terrain_derived_at|terrain_window_radius_m|terrain_density_buffer_m|terrain_elevation_source|dist_to_contour_window_mid_m|contour_window_match_status|terrain_window_risk_score|hydro_terrain_amplifier_score|osm_terrain_combined_risk_score_raw|osm_terrain_combined_risk_score|osm_terrain_combined_risk_band|contour_window_enriched_at|contour_window_max_align_diff_m|terrain_weight|hydro_terrain_weight|profile_csv|contour_csv,activity_mapmatch_or_wrong_branch_diagnostic_not_fork_inventory,False,False,activity_behavior_diagnostic_not_route_decision_point_inventory,Activity diagnostics can validate consequences of forks but cannot define route-level fork exposure alone.
outputs\ib1e_route_profile_contour_window_terrain_v1_1\zhonghua_ust_jiuwufeng_roundtrip_biji\zhonghua_ust_jiuwufeng_roundtrip_biji_route_profile_contour_window_terrain_summary.csv,True,25,metric|value,other_context_not_fork_inventory,False,False,no_governed_fork_topology_fields_found,"No node-degree, edge adjacency, or parseable fork/decision-point inventory fields found."
outputs\ib1e_route_profile_contour_window_terrain_v1_3b_contract_qa\juansi_waterfall_fitcsv_20260503_osmrefresh_v1_3b\juansi_waterfall_fitcsv_20260503_osmrefresh_v1_3b_route_profile_contour_window_terrain_enriched.csv,True,3697,case_id|case_name|activity_type|activity_fp|ordered_path_fp|mainline_fp|sample_idx|dist_m|lat|lon|ele_gpx_m|delta_dist_m|delta_ele_m|slope_pct|slope_band|gain_m|loss_m|cum_gain_m|cum_loss_m|nearest_gpx_idx|nearest_gpx_dist_m|time_raw|ele_smooth|elevation_source|needs_nlsc_elevation|near_highway|dist_highway_m|osm_way_name|osm_way_name_zh|osm_way_id|osm_way_type|osm_highway|osm_surface|osm_tracktype|osm_smoothness|osm_trail_visibility|osm_sac_scale|osm_incline|osm_lit|osm_lit_status|osm_handrail|osm_safety_rope|osm_step_count|osm_width|osm_bridge|osm_bridge_material|osm_ford|osm_tunnel|osm_covered|osm_highway_family|osm_walk_relevance|osm_trail_difficulty_hint|osm_vertical_context|osm_is_steps|near_safety_rope|dist_safety_rope_m|near_assisted_trail|dist_assisted_trail_m|near_handrail|dist_handrail_m|near_rungs|dist_rungs_m|near_ladder|dist_ladder_m|near_via_ferrata|dist_via_ferrata_m|near_street_lamp|dist_street_lamp_m|near_cliff|dist_cliff_m|near_scree|dist_scree_m|near_bare_rock|dist_bare_rock_m|near_landslide|dist_landslide_m|near_waterway|dist_waterway_m|near_water_area|dist_water_area_m|near_wetland|dist_wetland_m|near_trailhead|dist_trailhead_m|near_peak|dist_peak_m|near_guidepost|dist_guidepost_m|near_shelter|dist_shelter_m|near_alpine_hut|dist_alpine_hut_m|near_wilderness_hut|dist_wilderness_hut_m|near_bench|dist_bench_m|near_picnic_table|dist_picnic_table_m|near_picnic_site|dist_picnic_site_m|near_drinking_water|dist_drinking_water_m|near_toilets|dist_toilets_m|near_visitor_centre|dist_visitor_centre_m|near_information_office|dist_information_office_m|technical_flags|safety_flags|hazard_flags|hydrology_flags|landmark_flags|facility_flags|rest_flags|support_flags|nearby_named_features|surface_class|route_semantic_class|assist_class|visibility_class|osm_difficulty_class|osm_raw_dir|ia1_dataset_id|pipeline_stage|exposure_risk_score|hydrology_risk_score|landmark_context_score|navigation_risk_score|navigation_support_score|night_navigation_risk_score|night_navigation_support_score|rest_support_score|route_continuity_context_score|route_effort_risk_score|route_type_risk_score|support_score|surface_slip_risk_score|technical_risk_score|terrain_risk_score|applied_mapping_hits|conditional_factor_flags|conditional_risk_domains|conditional_notes|weather_sensitive_flags|needs_nlsc_flags|needs_activity_flags|unhandled_risk_domains|osm_semantic_risk_score_raw|osm_semantic_risk_score|osm_semantic_risk_band|profile_dist_m|terrain_segment_id|terrain_dist_mid_m|terrain_segment_len_m|elev_min_nlsc_window|elev_max_nlsc_window|elev_range_nlsc_window|slope_window_nlsc|slope_band_window_nlsc|contour_density_20m_nlsc_window|terrain_pipeline_stage|terrain_case_id|terrain_case_name|terrain_derived_at|terrain_window_radius_m|terrain_density_buffer_m|terrain_elevation_source|dist_to_contour_window_mid_m|contour_window_match_status|terrain_window_risk_score|hydro_terrain_amplifier_score|osm_terrain_combined_risk_score_raw|osm_terrain_combined_risk_score|osm_terrain_combined_risk_band|contour_window_enriched_at|contour_window_max_align_diff_m|terrain_weight|hydro_terrain_weight|profile_csv|contour_csv,activity_mapmatch_or_wrong_branch_diagnostic_not_fork_inventory,False,False,activity_behavior_diagnostic_not_route_decision_point_inventory,Activity diagnostics can validate consequences of forks but cannot define route-level fork exposure alone.
outputs\ib1e_route_profile_contour_window_terrain_v1_3b_contract_qa\juansi_waterfall_fitcsv_20260503_osmrefresh_v1_3b\juansi_waterfall_fitcsv_20260503_osmrefresh_v1_3b_route_profile_contour_window_terrain_summary.csv,True,26,metric|value,other_context_not_fork_inventory,False,False,no_governed_fork_topology_fields_found,"No node-degree, edge adjacency, or parseable fork/decision-point inventory fields found."
outputs\ib1e_route_profile_contour_window_terrain_v1_3b_contract_qa\qixing_lengshuikeng_main_peak_20260523_osmrefresh_v1_3b\qixing_lengshuikeng_main_peak_20260523_osmrefresh_v1_3b_route_profile_contour_window_terrain_enriched.csv,True,4189,case_id|case_name|activity_type|activity_fp|ordered_path_fp|mainline_fp|sample_idx|dist_m|lat|lon|ele_gpx_m|delta_dist_m|delta_ele_m|slope_pct|slope_band|gain_m|loss_m|cum_gain_m|cum_loss_m|nearest_gpx_idx|nearest_gpx_dist_m|time_raw|ele_smooth|elevation_source|needs_nlsc_elevation|near_highway|dist_highway_m|osm_way_name|osm_way_name_zh|osm_way_id|osm_way_type|osm_highway|osm_surface|osm_tracktype|osm_smoothness|osm_trail_visibility|osm_sac_scale|osm_incline|osm_lit|osm_lit_status|osm_handrail|osm_safety_rope|osm_step_count|osm_width|osm_bridge|osm_bridge_material|osm_ford|osm_tunnel|osm_covered|osm_highway_family|osm_walk_relevance|osm_trail_difficulty_hint|osm_vertical_context|osm_is_steps|near_safety_rope|dist_safety_rope_m|near_assisted_trail|dist_assisted_trail_m|near_handrail|dist_handrail_m|near_rungs|dist_rungs_m|near_ladder|dist_ladder_m|near_via_ferrata|dist_via_ferrata_m|near_street_lamp|dist_street_lamp_m|near_cliff|dist_cliff_m|near_scree|dist_scree_m|near_bare_rock|dist_bare_rock_m|near_landslide|dist_landslide_m|near_waterway|dist_waterway_m|near_water_area|dist_water_area_m|near_wetland|dist_wetland_m|near_trailhead|dist_trailhead_m|near_peak|dist_peak_m|near_guidepost|dist_guidepost_m|near_shelter|dist_shelter_m|near_alpine_hut|dist_alpine_hut_m|near_wilderness_hut|dist_wilderness_hut_m|near_bench|dist_bench_m|near_picnic_table|dist_picnic_table_m|near_picnic_site|dist_picnic_site_m|near_drinking_water|dist_drinking_water_m|near_toilets|dist_toilets_m|near_visitor_centre|dist_visitor_centre_m|near_information_office|dist_information_office_m|technical_flags|safety_flags|hazard_flags|hydrology_flags|landmark_flags|facility_flags|rest_flags|support_flags|nearby_named_features|surface_class|route_semantic_class|assist_class|visibility_class|osm_difficulty_class|osm_raw_dir|ia1_dataset_id|pipeline_stage|exposure_risk_score|hydrology_risk_score|landmark_context_score|navigation_risk_score|navigation_support_score|night_navigation_risk_score|night_navigation_support_score|rest_support_score|route_continuity_context_score|route_effort_risk_score|route_type_risk_score|support_score|surface_slip_risk_score|technical_risk_score|terrain_risk_score|applied_mapping_hits|conditional_factor_flags|conditional_risk_domains|conditional_notes|weather_sensitive_flags|needs_nlsc_flags|needs_activity_flags|unhandled_risk_domains|osm_semantic_risk_score_raw|osm_semantic_risk_score|osm_semantic_risk_band|profile_dist_m|terrain_segment_id|terrain_dist_mid_m|terrain_segment_len_m|elev_min_nlsc_window|elev_max_nlsc_window|elev_range_nlsc_window|slope_window_nlsc|slope_band_window_nlsc|contour_density_20m_nlsc_window|terrain_pipeline_stage|terrain_case_id|terrain_case_name|terrain_derived_at|terrain_window_radius_m|terrain_density_buffer_m|terrain_elevation_source|dist_to_contour_window_mid_m|contour_window_match_status|terrain_window_risk_score|hydro_terrain_amplifier_score|osm_terrain_combined_risk_score_raw|osm_terrain_combined_risk_score|osm_terrain_combined_risk_band|contour_window_enriched_at|contour_window_max_align_diff_m|terrain_weight|hydro_terrain_weight|profile_csv|contour_csv,activity_mapmatch_or_wrong_branch_diagnostic_not_fork_inventory,False,False,activity_behavior_diagnostic_not_route_decision_point_inventory,Activity diagnostics can validate consequences of forks but cannot define route-level fork exposure alone.
outputs\ib1e_route_profile_contour_window_terrain_v1_3b_contract_qa\qixing_lengshuikeng_main_peak_20260523_osmrefresh_v1_3b\qixing_lengshuikeng_main_peak_20260523_osmrefresh_v1_3b_route_profile_contour_window_terrain_summary.csv,True,25,metric|value,other_context_not_fork_inventory,False,False,no_governed_fork_topology_fields_found,"No node-degree, edge adjacency, or parseable fork/decision-point inventory fields found."
outputs\ib1e_route_profile_contour_window_terrain_v1_3b_contract_qa\qixing_lengshuikeng_xiaoyoukeng_gpx_osmrefresh_v1_3b\qixing_lengshuikeng_xiaoyoukeng_gpx_osmrefresh_v1_3b_route_profile_contour_window_terrain_enriched.csv,True,3697,case_id|case_name|activity_type|activity_fp|ordered_path_fp|mainline_fp|sample_idx|dist_m|lat|lon|ele_gpx_m|delta_dist_m|delta_ele_m|slope_pct|slope_band|gain_m|loss_m|cum_gain_m|cum_loss_m|nearest_gpx_idx|nearest_gpx_dist_m|time_raw|ele_smooth|elevation_source|needs_nlsc_elevation|near_highway|dist_highway_m|osm_way_name|osm_way_name_zh|osm_way_id|osm_way_type|osm_highway|osm_surface|osm_tracktype|osm_smoothness|osm_trail_visibility|osm_sac_scale|osm_incline|osm_lit|osm_lit_status|osm_handrail|osm_safety_rope|osm_step_count|osm_width|osm_bridge|osm_bridge_material|osm_ford|osm_tunnel|osm_covered|osm_highway_family|osm_walk_relevance|osm_trail_difficulty_hint|osm_vertical_context|osm_is_steps|near_safety_rope|dist_safety_rope_m|near_assisted_trail|dist_assisted_trail_m|near_handrail|dist_handrail_m|near_rungs|dist_rungs_m|near_ladder|dist_ladder_m|near_via_ferrata|dist_via_ferrata_m|near_street_lamp|dist_street_lamp_m|near_cliff|dist_cliff_m|near_scree|dist_scree_m|near_bare_rock|dist_bare_rock_m|near_landslide|dist_landslide_m|near_waterway|dist_waterway_m|near_water_area|dist_water_area_m|near_wetland|dist_wetland_m|near_trailhead|dist_trailhead_m|near_peak|dist_peak_m|near_guidepost|dist_guidepost_m|near_shelter|dist_shelter_m|near_alpine_hut|dist_alpine_hut_m|near_wilderness_hut|dist_wilderness_hut_m|near_bench|dist_bench_m|near_picnic_table|dist_picnic_table_m|near_picnic_site|dist_picnic_site_m|near_drinking_water|dist_drinking_water_m|near_toilets|dist_toilets_m|near_visitor_centre|dist_visitor_centre_m|near_information_office|dist_information_office_m|technical_flags|safety_flags|hazard_flags|hydrology_flags|landmark_flags|facility_flags|rest_flags|support_flags|nearby_named_features|surface_class|route_semantic_class|assist_class|visibility_class|osm_difficulty_class|osm_raw_dir|ia1_dataset_id|pipeline_stage|exposure_risk_score|hydrology_risk_score|landmark_context_score|navigation_risk_score|navigation_support_score|night_navigation_risk_score|night_navigation_support_score|rest_support_score|route_continuity_context_score|route_effort_risk_score|route_type_risk_score|support_score|surface_slip_risk_score|technical_risk_score|terrain_risk_score|applied_mapping_hits|conditional_factor_flags|conditional_risk_domains|conditional_notes|weather_sensitive_flags|needs_nlsc_flags|needs_activity_flags|unhandled_risk_domains|osm_semantic_risk_score_raw|osm_semantic_risk_score|osm_semantic_risk_band|profile_dist_m|terrain_segment_id|terrain_dist_mid_m|terrain_segment_len_m|elev_min_nlsc_window|elev_max_nlsc_window|elev_range_nlsc_window|slope_window_nlsc|slope_band_window_nlsc|contour_density_20m_nlsc_window|terrain_pipeline_stage|terrain_case_id|terrain_case_name|terrain_derived_at|terrain_window_radius_m|terrain_density_buffer_m|terrain_elevation_source|dist_to_contour_window_mid_m|contour_window_match_status|terrain_window_risk_score|hydro_terrain_amplifier_score|osm_terrain_combined_risk_score_raw|osm_terrain_combined_risk_score|osm_terrain_combined_risk_band|contour_window_enriched_at|contour_window_max_align_diff_m|terrain_weight|hydro_terrain_weight|profile_csv|contour_csv,activity_mapmatch_or_wrong_branch_diagnostic_not_fork_inventory,False,False,activity_behavior_diagnostic_not_route_decision_point_inventory,Activity diagnostics can validate consequences of forks but cannot define route-level fork exposure alone.
outputs\ib1e_route_profile_contour_window_terrain_v1_3b_contract_qa\qixing_lengshuikeng_xiaoyoukeng_gpx_osmrefresh_v1_3b\qixing_lengshuikeng_xiaoyoukeng_gpx_osmrefresh_v1_3b_route_profile_contour_window_terrain_summary.csv,True,26,metric|value,other_context_not_fork_inventory,False,False,no_governed_fork_topology_fields_found,"No node-degree, edge adjacency, or parseable fork/decision-point inventory fields found."
outputs\ib1e_route_profile_contour_window_terrain_v1_3b_contract_qa\qixing_xiaoyoukeng_main_peak_20260315_osmrefresh_v1_3b\qixing_xiaoyoukeng_main_peak_20260315_osmrefresh_v1_3b_route_profile_contour_window_terrain_enriched.csv,True,3247,case_id|case_name|activity_type|activity_fp|ordered_path_fp|mainline_fp|sample_idx|dist_m|lat|lon|ele_gpx_m|delta_dist_m|delta_ele_m|slope_pct|slope_band|gain_m|loss_m|cum_gain_m|cum_loss_m|nearest_gpx_idx|nearest_gpx_dist_m|time_raw|ele_smooth|elevation_source|needs_nlsc_elevation|near_highway|dist_highway_m|osm_way_name|osm_way_name_zh|osm_way_id|osm_way_type|osm_highway|osm_surface|osm_tracktype|osm_smoothness|osm_trail_visibility|osm_sac_scale|osm_incline|osm_lit|osm_lit_status|osm_handrail|osm_safety_rope|osm_step_count|osm_width|osm_bridge|osm_bridge_material|osm_ford|osm_tunnel|osm_covered|osm_highway_family|osm_walk_relevance|osm_trail_difficulty_hint|osm_vertical_context|osm_is_steps|near_safety_rope|dist_safety_rope_m|near_assisted_trail|dist_assisted_trail_m|near_handrail|dist_handrail_m|near_rungs|dist_rungs_m|near_ladder|dist_ladder_m|near_via_ferrata|dist_via_ferrata_m|near_street_lamp|dist_street_lamp_m|near_cliff|dist_cliff_m|near_scree|dist_scree_m|near_bare_rock|dist_bare_rock_m|near_landslide|dist_landslide_m|near_waterway|dist_waterway_m|near_water_area|dist_water_area_m|near_wetland|dist_wetland_m|near_trailhead|dist_trailhead_m|near_peak|dist_peak_m|near_guidepost|dist_guidepost_m|near_shelter|dist_shelter_m|near_alpine_hut|dist_alpine_hut_m|near_wilderness_hut|dist_wilderness_hut_m|near_bench|dist_bench_m|near_picnic_table|dist_picnic_table_m|near_picnic_site|dist_picnic_site_m|near_drinking_water|dist_drinking_water_m|near_toilets|dist_toilets_m|near_visitor_centre|dist_visitor_centre_m|near_information_office|dist_information_office_m|technical_flags|safety_flags|hazard_flags|hydrology_flags|landmark_flags|facility_flags|rest_flags|support_flags|nearby_named_features|surface_class|route_semantic_class|assist_class|visibility_class|osm_difficulty_class|osm_raw_dir|ia1_dataset_id|pipeline_stage|exposure_risk_score|hydrology_risk_score|landmark_context_score|navigation_risk_score|navigation_support_score|night_navigation_risk_score|night_navigation_support_score|rest_support_score|route_continuity_context_score|route_effort_risk_score|route_type_risk_score|support_score|surface_slip_risk_score|technical_risk_score|terrain_risk_score|applied_mapping_hits|conditional_factor_flags|conditional_risk_domains|conditional_notes|weather_sensitive_flags|needs_nlsc_flags|needs_activity_flags|unhandled_risk_domains|osm_semantic_risk_score_raw|osm_semantic_risk_score|osm_semantic_risk_band|profile_dist_m|terrain_segment_id|terrain_dist_mid_m|terrain_segment_len_m|elev_min_nlsc_window|elev_max_nlsc_window|elev_range_nlsc_window|slope_window_nlsc|slope_band_window_nlsc|contour_density_20m_nlsc_window|terrain_pipeline_stage|terrain_case_id|terrain_case_name|terrain_derived_at|terrain_window_radius_m|terrain_density_buffer_m|terrain_elevation_source|dist_to_contour_window_mid_m|contour_window_match_status|terrain_window_risk_score|hydro_terrain_amplifier_score|osm_terrain_combined_risk_score_raw|osm_terrain_combined_risk_score|osm_terrain_combined_risk_band|contour_window_enriched_at|contour_window_max_align_diff_m|terrain_weight|hydro_terrain_weight|profile_csv|contour_csv,activity_mapmatch_or_wrong_branch_diagnostic_not_fork_inventory,False,False,activity_behavior_diagnostic_not_route_decision_point_inventory,Activity diagnostics can validate consequences of forks but cannot define route-level fork exposure alone.
outputs\ib1e_route_profile_contour_window_terrain_v1_3b_contract_qa\qixing_xiaoyoukeng_main_peak_20260315_osmrefresh_v1_3b\qixing_xiaoyoukeng_main_peak_20260315_osmrefresh_v1_3b_route_profile_contour_window_terrain_summary.csv,True,26,metric|value,other_context_not_fork_inventory,False,False,no_governed_fork_topology_fields_found,"No node-degree, edge adjacency, or parseable fork/decision-point inventory fields found."
outputs\ib1e_route_profile_contour_window_terrain_v1_3b_contract_qa\zhonghua_ust_jiuwufeng_roundtrip_biji_osmrefresh_v1_3b\zhonghua_ust_jiuwufeng_roundtrip_biji_osmrefresh_v1_3b_route_profile_contour_window_terrain_enriched.csv,True,5449,case_id|case_name|activity_type|activity_fp|ordered_path_fp|mainline_fp|sample_idx|dist_m|lat|lon|ele_gpx_m|delta_dist_m|delta_ele_m|slope_pct|slope_band|gain_m|loss_m|cum_gain_m|cum_loss_m|nearest_gpx_idx|nearest_gpx_dist_m|time_raw|ele_smooth|elevation_source|needs_nlsc_elevation|near_highway|dist_highway_m|osm_way_name|osm_way_name_zh|osm_way_id|osm_way_type|osm_highway|osm_surface|osm_tracktype|osm_smoothness|osm_trail_visibility|osm_sac_scale|osm_incline|osm_lit|osm_lit_status|osm_handrail|osm_safety_rope|osm_step_count|osm_width|osm_bridge|osm_bridge_material|osm_ford|osm_tunnel|osm_covered|osm_highway_family|osm_walk_relevance|osm_trail_difficulty_hint|osm_vertical_context|osm_is_steps|near_safety_rope|dist_safety_rope_m|near_assisted_trail|dist_assisted_trail_m|near_handrail|dist_handrail_m|near_rungs|dist_rungs_m|near_ladder|dist_ladder_m|near_via_ferrata|dist_via_ferrata_m|near_street_lamp|dist_street_lamp_m|near_cliff|dist_cliff_m|near_scree|dist_scree_m|near_bare_rock|dist_bare_rock_m|near_landslide|dist_landslide_m|near_waterway|dist_waterway_m|near_water_area|dist_water_area_m|near_wetland|dist_wetland_m|near_trailhead|dist_trailhead_m|near_peak|dist_peak_m|near_guidepost|dist_guidepost_m|near_shelter|dist_shelter_m|near_alpine_hut|dist_alpine_hut_m|near_wilderness_hut|dist_wilderness_hut_m|near_bench|dist_bench_m|near_picnic_table|dist_picnic_table_m|near_picnic_site|dist_picnic_site_m|near_drinking_water|dist_drinking_water_m|near_toilets|dist_toilets_m|near_visitor_centre|dist_visitor_centre_m|near_information_office|dist_information_office_m|technical_flags|safety_flags|hazard_flags|hydrology_flags|landmark_flags|facility_flags|rest_flags|support_flags|nearby_named_features|surface_class|route_semantic_class|assist_class|visibility_class|osm_difficulty_class|osm_raw_dir|ia1_dataset_id|pipeline_stage|exposure_risk_score|hydrology_risk_score|landmark_context_score|navigation_risk_score|navigation_support_score|night_navigation_risk_score|night_navigation_support_score|rest_support_score|route_continuity_context_score|route_effort_risk_score|route_type_risk_score|support_score|surface_slip_risk_score|technical_risk_score|terrain_risk_score|applied_mapping_hits|conditional_factor_flags|conditional_risk_domains|conditional_notes|weather_sensitive_flags|needs_nlsc_flags|needs_activity_flags|unhandled_risk_domains|osm_semantic_risk_score_raw|osm_semantic_risk_score|osm_semantic_risk_band|profile_dist_m|terrain_segment_id|terrain_dist_mid_m|terrain_segment_len_m|elev_min_nlsc_window|elev_max_nlsc_window|elev_range_nlsc_window|slope_window_nlsc|slope_band_window_nlsc|contour_density_20m_nlsc_window|terrain_pipeline_stage|terrain_case_id|terrain_case_name|terrain_derived_at|terrain_window_radius_m|terrain_density_buffer_m|terrain_elevation_source|dist_to_contour_window_mid_m|contour_window_match_status|terrain_window_risk_score|hydro_terrain_amplifier_score|osm_terrain_combined_risk_score_raw|osm_terrain_combined_risk_score|osm_terrain_combined_risk_band|contour_window_enriched_at|contour_window_max_align_diff_m|terrain_weight|hydro_terrain_weight|profile_csv|contour_csv,activity_mapmatch_or_wrong_branch_diagnostic_not_fork_inventory,False,False,activity_behavior_diagnostic_not_route_decision_point_inventory,Activity diagnostics can validate consequences of forks but cannot define route-level fork exposure alone.
outputs\ib1e_route_profile_contour_window_terrain_v1_3b_contract_qa\zhonghua_ust_jiuwufeng_roundtrip_biji_osmrefresh_v1_3b\zhonghua_ust_jiuwufeng_roundtrip_biji_osmrefresh_v1_3b_route_profile_contour_window_terrain_summary.csv,True,24,metric|value,other_context_not_fork_inventory,False,False,no_governed_fork_topology_fields_found,"No node-degree, edge adjacency, or parseable fork/decision-point inventory fields found."
outputs\ib1e_route_profile_nlsc_output\qixing_route_profile_nlsc_enriched.csv,True,209,sample_idx|dist_m|ele_gpx_m|nearest_gpx_idx|nearest_gpx_dist_m|time_raw|ele_med|ele_smooth|delta_dist_m|delta_ele_m|slope_pct|slope_band|gain_m|loss_m|cum_gain_m|cum_loss_m|lat|lon|near_safety_rope|dist_safety_rope_m|near_assisted_trail|dist_assisted_trail_m|near_handrail|dist_handrail_m|near_rungs|dist_rungs_m|near_ladder|dist_ladder_m|near_via_ferrata|dist_via_ferrata_m|near_street_lamp|dist_street_lamp_m|near_cliff|dist_cliff_m|near_scree|dist_scree_m|near_bare_rock|dist_bare_rock_m|near_landslide|dist_landslide_m|near_waterway|dist_waterway_m|near_water_area|dist_water_area_m|near_wetland|dist_wetland_m|near_trailhead|dist_trailhead_m|near_peak|dist_peak_m|near_guidepost|dist_guidepost_m|near_shelter|dist_shelter_m|near_alpine_hut|dist_alpine_hut_m|near_wilderness_hut|dist_wilderness_hut_m|near_bench|dist_bench_m|near_picnic_table|dist_picnic_table_m|near_picnic_site|dist_picnic_site_m|near_drinking_water|dist_drinking_water_m|near_toilets|dist_toilets_m|near_visitor_centre|dist_visitor_centre_m|near_information_office|dist_information_office_m|technical_flags|safety_flags|hazard_flags|hydrology_flags|landmark_flags|facility_flags|rest_flags|support_flags|nearby_named_features|nlsc_segment_id|nlsc_parent_id|nlsc_tile_id|nlsc_segment_len_m|elev_gain_nlsc_m|slope_nlsc|slope_band_nlsc|contour_cross_n_nlsc|contour_unique_elev_n_nlsc|contour_interval_nlsc_m|contour_density_20m_nlsc|elevp_available_nlsc|elevation_source_nlsc|nlsc_source_name|nlsc_pipeline_stage|dist_to_nlsc_segment_m|nlsc_match_status|nlsc_enriched_at|pipeline_stage|nlsc_match_distance_threshold_m,route_semantic_context_not_fork_inventory,False,False,semantic_context_lacks_governed_topology_or_node_degree,Guidepost/facility/OSM semantics are useful context but cannot be counted as forks without topology.
outputs\ib1e_route_profile_nlsc_terrain\juansi_waterfall_fitcsv_20260503\juansi_waterfall_fitcsv_20260503_route_profile_nlsc_terrain_enriched.csv,True,3973,sample_idx|dist_m|ele_gpx_m|nearest_gpx_idx|nearest_gpx_dist_m|time_raw|ele_med|ele_smooth|delta_dist_m|delta_ele_m|slope_pct|slope_band|gain_m|loss_m|cum_gain_m|cum_loss_m|lat|lon|elevation_source|needs_nlsc_elevation|near_highway|dist_highway_m|osm_way_name|osm_way_name_zh|osm_way_id|osm_way_type|osm_highway|osm_surface|osm_tracktype|osm_smoothness|osm_trail_visibility|osm_sac_scale|osm_incline|osm_lit|osm_lit_status|osm_handrail|osm_safety_rope|osm_step_count|osm_width|osm_bridge|osm_bridge_material|osm_ford|osm_tunnel|osm_covered|osm_highway_family|osm_walk_relevance|osm_trail_difficulty_hint|osm_vertical_context|osm_is_steps|near_safety_rope|dist_safety_rope_m|near_assisted_trail|dist_assisted_trail_m|near_handrail|dist_handrail_m|near_rungs|dist_rungs_m|near_ladder|dist_ladder_m|near_via_ferrata|dist_via_ferrata_m|near_street_lamp|dist_street_lamp_m|near_cliff|dist_cliff_m|near_scree|dist_scree_m|near_bare_rock|dist_bare_rock_m|near_landslide|dist_landslide_m|near_waterway|dist_waterway_m|near_water_area|dist_water_area_m|near_wetland|dist_wetland_m|near_trailhead|dist_trailhead_m|near_peak|dist_peak_m|near_guidepost|dist_guidepost_m|near_shelter|dist_shelter_m|near_alpine_hut|dist_alpine_hut_m|near_wilderness_hut|dist_wilderness_hut_m|near_bench|dist_bench_m|near_picnic_table|dist_picnic_table_m|near_picnic_site|dist_picnic_site_m|near_drinking_water|dist_drinking_water_m|near_toilets|dist_toilets_m|near_visitor_centre|dist_visitor_centre_m|near_information_office|dist_information_office_m|technical_flags|safety_flags|hazard_flags|hydrology_flags|landmark_flags|facility_flags|rest_flags|support_flags|nearby_named_features|surface_class|route_semantic_class|assist_class|visibility_class|osm_difficulty_class|exposure_risk_score|hydrology_risk_score|landmark_context_score|navigation_risk_score|navigation_support_score|night_navigation_risk_score|night_navigation_support_score|rest_support_score|route_continuity_context_score|route_effort_risk_score|route_type_risk_score|support_score|surface_slip_risk_score|technical_risk_score|terrain_risk_score|applied_mapping_hits|conditional_factor_flags|conditional_risk_domains|conditional_notes|weather_sensitive_flags|needs_nlsc_flags|needs_activity_flags|unhandled_risk_domains|osm_semantic_risk_score_raw|osm_semantic_risk_score|osm_semantic_risk_band|profile_row_id|nlsc_segment_id|nlsc_parent_id|nlsc_tile_id|nlsc_segment_len_m|elev_gain_nlsc_m|slope_nlsc|slope_band_nlsc|contour_cross_n_nlsc|contour_unique_elev_n_nlsc|contour_interval_nlsc_m|contour_density_20m_nlsc|elevp_available_nlsc|elevation_source_nlsc|nlsc_source_name|nlsc_pipeline_stage|nlsc_join_id|dist_to_nlsc_segment_m|nlsc_match_status|nlsc_enriched_at|pipeline_stage|nlsc_match_distance_threshold_m,activity_mapmatch_or_wrong_branch_diagnostic_not_fork_inventory,False,False,activity_behavior_diagnostic_not_route_decision_point_inventory,Activity diagnostics can validate consequences of forks but cannot define route-level fork exposure alone.
outputs\ib2d_map_only_v1_3b_contract_qa\_batch_summary\ib2d_map_only_review_case_summary.csv,True,4,case_id|status|layout_mode|left_map_mode|source_type|source_stage|source_png_path|output_html_exists|output_html|thci_embedded|elevation_profile_embedded,other_context_not_fork_inventory,False,False,no_governed_fork_topology_fields_found,"No node-degree, edge adjacency, or parseable fork/decision-point inventory fields found."
outputs\ib2d_route_risk_offline_map_v1_3b_contract_qa\_batch_summary\ib2_v1_3b_contract_qa_case_summary.csv,True,4,case_id|ib2_scoring_status|ib2d_map_status|overall_status|risk_rows|risk_geojson_rows|segments_n|risk_band_low_count|risk_band_moderate_count|risk_band_high_count|risk_band_very_high_count|risk_band_unknown_count|route_data_ok_count|route_data_mismatch_count|map_png_exists|segments_geojson_exists|radar_png_exists|combined_map_radar_png_exists|osm_raw_dir_exists|contour_tile|contour_fp|weather_mode|weather_scope|blocking_issue|warning_note,other_context_not_fork_inventory,False,False,no_governed_fork_topology_fields_found,"No node-degree, edge adjacency, or parseable fork/decision-point inventory fields found."
outputs\ib2d_route_risk_offline_map_v1_3b_contract_qa\_batch_summary\ib2d_v1_3b_contract_qa_case_summary.csv,True,4,case_id|status|input_contract_components_complete|ib1a_route_profile_present|ib1c_osm_semantics_present|ib1c_semantic_risk_present|ib1g_contour_window_present|ib1e_terrain_enrichment_present|hydrology_hydro_terrain_present|pre_ib2d_dependency_audit_pass|configs_root_present|semantic_risk_mapping_config_present|nlsc_raw_root_present|nlsc_contour_fp_present|ib1e_baseline_input_present|terrain_baseline_weight_present|hydro_terrain_weight_present|weather_mode|weather_scope|weather_root_present_for_inventory_only|observed_weather_adjustment_present|weather_adjustment_note|required_outputs_present|segment_count|route_len_m|risk_geometry_len_m|risk_geometry_coverage_ratio|risk_band_low_count|risk_band_moderate_count|risk_band_high_count|risk_band_very_high_count|risk_band_unknown_count|risk_band_present|missing_risk_band_count|missing_geometry_count|checkpoint_ready|blocking_issue|warning_note|input_root|output_root,route_semantic_context_not_fork_inventory,False,False,semantic_context_lacks_governed_topology_or_node_degree,Guidepost/facility/OSM semantics are useful context but cannot be counted as forks without topology.
outputs\ib2d_route_risk_offline_map_v1_3b_contract_qa\_batch_summary\ib2d_v1_3b_contract_qa_tile_assignment.csv,True,4,case_id|contour_tile|contour_fp|tile_reason|contour_fp_exists|used_by_ib2d|prior_ib1g_tile|prior_ib1g_contour_fp|nw_hits|sw_hits|nw_valid_elevation_count|sw_valid_elevation_count,other_context_not_fork_inventory,False,False,no_governed_fork_topology_fields_found,"No node-degree, edge adjacency, or parseable fork/decision-point inventory fields found."
outputs\ib2d_route_risk_offline_map_v1_3b_contract_qa\_batch_summary\zhonghua_tile_correction_before_after_summary.csv,True,1,case_id|old_tile|new_tile|old_valid_elevation_count|new_valid_elevation_count|slope_unknown_ratio_before|slope_unknown_ratio_after|contour_match_rate_before|contour_match_rate_after|max_dist_to_contour_window_mid_m_before|max_dist_to_contour_window_mid_m_after|terrain_window_risk_score_min_before|terrain_window_risk_score_mean_before|terrain_window_risk_score_max_before|terrain_window_risk_score_min_after|terrain_window_risk_score_mean_after|terrain_window_risk_score_max_after|hydro_terrain_amplifier_score_mean_before|hydro_terrain_amplifier_score_mean_after|combined_risk_band_counts_before|combined_risk_band_counts_after|ib2_v2_status_after|ib2d_map_exists_after|ib2d_segments_geojson_exists_after|ib2d_radar_exists_after|ib2d_combined_png_exists_after|case_status_after|checkpoint_status_after|weather_mode|weather_scope|before_snapshot_root,other_context_not_fork_inventory,False,False,no_governed_fork_topology_fields_found,"No node-degree, edge adjacency, or parseable fork/decision-point inventory fields found."
outputs\ib2d_route_risk_offline_map_v1_3b_contract_qa\_batch_summary\zhonghua_tile_correction_before_snapshot\20260601_141531\ib1e_csv.csv,True,5449,case_id|case_name|activity_type|activity_fp|ordered_path_fp|mainline_fp|sample_idx|dist_m|lat|lon|ele_gpx_m|delta_dist_m|delta_ele_m|slope_pct|slope_band|gain_m|loss_m|cum_gain_m|cum_loss_m|nearest_gpx_idx|nearest_gpx_dist_m|time_raw|ele_smooth|elevation_source|needs_nlsc_elevation|near_highway|dist_highway_m|osm_way_name|osm_way_name_zh|osm_way_id|osm_way_type|osm_highway|osm_surface|osm_tracktype|osm_smoothness|osm_trail_visibility|osm_sac_scale|osm_incline|osm_lit|osm_lit_status|osm_handrail|osm_safety_rope|osm_step_count|osm_width|osm_bridge|osm_bridge_material|osm_ford|osm_tunnel|osm_covered|osm_highway_family|osm_walk_relevance|osm_trail_difficulty_hint|osm_vertical_context|osm_is_steps|near_safety_rope|dist_safety_rope_m|near_assisted_trail|dist_assisted_trail_m|near_handrail|dist_handrail_m|near_rungs|dist_rungs_m|near_ladder|dist_ladder_m|near_via_ferrata|dist_via_ferrata_m|near_street_lamp|dist_street_lamp_m|near_cliff|dist_cliff_m|near_scree|dist_scree_m|near_bare_rock|dist_bare_rock_m|near_landslide|dist_landslide_m|near_waterway|dist_waterway_m|near_water_area|dist_water_area_m|near_wetland|dist_wetland_m|near_trailhead|dist_trailhead_m|near_peak|dist_peak_m|near_guidepost|dist_guidepost_m|near_shelter|dist_shelter_m|near_alpine_hut|dist_alpine_hut_m|near_wilderness_hut|dist_wilderness_hut_m|near_bench|dist_bench_m|near_picnic_table|dist_picnic_table_m|near_picnic_site|dist_picnic_site_m|near_drinking_water|dist_drinking_water_m|near_toilets|dist_toilets_m|near_visitor_centre|dist_visitor_centre_m|near_information_office|dist_information_office_m|technical_flags|safety_flags|hazard_flags|hydrology_flags|landmark_flags|facility_flags|rest_flags|support_flags|nearby_named_features|surface_class|route_semantic_class|assist_class|visibility_class|osm_difficulty_class|osm_raw_dir|ia1_dataset_id|pipeline_stage|exposure_risk_score|hydrology_risk_score|landmark_context_score|navigation_risk_score|navigation_support_score|night_navigation_risk_score|night_navigation_support_score|rest_support_score|route_continuity_context_score|route_effort_risk_score|route_type_risk_score|support_score|surface_slip_risk_score|technical_risk_score|terrain_risk_score|applied_mapping_hits|conditional_factor_flags|conditional_risk_domains|conditional_notes|weather_sensitive_flags|needs_nlsc_flags|needs_activity_flags|unhandled_risk_domains|osm_semantic_risk_score_raw|osm_semantic_risk_score|osm_semantic_risk_band|profile_dist_m|terrain_segment_id|terrain_dist_mid_m|terrain_segment_len_m|elev_min_nlsc_window|elev_max_nlsc_window|elev_range_nlsc_window|slope_window_nlsc|slope_band_window_nlsc|contour_density_20m_nlsc_window|terrain_pipeline_stage|terrain_case_id|terrain_case_name|terrain_derived_at|terrain_window_radius_m|terrain_density_buffer_m|terrain_elevation_source|dist_to_contour_window_mid_m|contour_window_match_status|terrain_window_risk_score|hydro_terrain_amplifier_score|osm_terrain_combined_risk_score_raw|osm_terrain_combined_risk_score|osm_terrain_combined_risk_band|contour_window_enriched_at|contour_window_max_align_diff_m|terrain_weight|hydro_terrain_weight|profile_csv|contour_csv,activity_mapmatch_or_wrong_branch_diagnostic_not_fork_inventory,False,False,activity_behavior_diagnostic_not_route_decision_point_inventory,Activity diagnostics can validate consequences of forks but cannot define route-level fork exposure alone.
outputs\ib2d_route_risk_offline_map_v1_3b_contract_qa\_batch_summary\zhonghua_tile_correction_before_snapshot\20260601_141531\ib1e_summary.csv,True,22,metric|value,other_context_not_fork_inventory,False,False,no_governed_fork_topology_fields_found,"No node-degree, edge adjacency, or parseable fork/decision-point inventory fields found."
outputs\ib2d_route_risk_offline_map_v1_3b_contract_qa\_batch_summary\zhonghua_tile_correction_before_snapshot\20260601_141531\ib1g_csv.csv,True,273,seg_id|dist_start|dist_end|dist_mid|seg_len|seg_len_axis_m|seg_len_geom_m|elev_min|elev_max|elev_range|slope_window|slope_band_window|contour_density_20m|pipeline_stage|case_id|case_name|derived_at|segment_len_m|window_radius_m|density_buffer_m|elevation_source|route_line_fp|contour_fp|nlsc_tile|distance_axis_method,route_semantic_context_not_fork_inventory,False,False,semantic_context_lacks_governed_topology_or_node_degree,Guidepost/facility/OSM semantics are useful context but cannot be counted as forks without topology.
outputs\ib2d_route_risk_offline_map_v1_3b_contract_qa\_batch_summary\zhonghua_tile_correction_before_snapshot\20260601_141531\ib2_csv.csv,True,5449,case_id|case_name|activity_type|activity_fp|ordered_path_fp|mainline_fp|sample_idx|dist_m|lat|lon|ele_gpx_m|delta_dist_m|delta_ele_m|slope_pct|slope_band|gain_m|loss_m|cum_gain_m|cum_loss_m|nearest_gpx_idx|nearest_gpx_dist_m|time_raw|ele_smooth|elevation_source|needs_nlsc_elevation|near_highway|dist_highway_m|osm_way_name|osm_way_name_zh|osm_way_id|osm_way_type|osm_highway|osm_surface|osm_tracktype|osm_smoothness|osm_trail_visibility|osm_sac_scale|osm_incline|osm_lit|osm_lit_status|osm_handrail|osm_safety_rope|osm_step_count|osm_width|osm_bridge|osm_bridge_material|osm_ford|osm_tunnel|osm_covered|osm_highway_family|osm_walk_relevance|osm_trail_difficulty_hint|osm_vertical_context|osm_is_steps|near_safety_rope|dist_safety_rope_m|near_assisted_trail|dist_assisted_trail_m|near_handrail|dist_handrail_m|near_rungs|dist_rungs_m|near_ladder|dist_ladder_m|near_via_ferrata|dist_via_ferrata_m|near_street_lamp|dist_street_lamp_m|near_cliff|dist_cliff_m|near_scree|dist_scree_m|near_bare_rock|dist_bare_rock_m|near_landslide|dist_landslide_m|near_waterway|dist_waterway_m|near_water_area|dist_water_area_m|near_wetland|dist_wetland_m|near_trailhead|dist_trailhead_m|near_peak|dist_peak_m|near_guidepost|dist_guidepost_m|near_shelter|dist_shelter_m|near_alpine_hut|dist_alpine_hut_m|near_wilderness_hut|dist_wilderness_hut_m|near_bench|dist_bench_m|near_picnic_table|dist_picnic_table_m|near_picnic_site|dist_picnic_site_m|near_drinking_water|dist_drinking_water_m|near_toilets|dist_toilets_m|near_visitor_centre|dist_visitor_centre_m|near_information_office|dist_information_office_m|technical_flags|safety_flags|hazard_flags|hydrology_flags|landmark_flags|facility_flags|rest_flags|support_flags|nearby_named_features|surface_class|route_semantic_class|assist_class|visibility_class|osm_difficulty_class|osm_raw_dir|ia1_dataset_id|pipeline_stage|exposure_risk_score|hydrology_risk_score|landmark_context_score|navigation_risk_score|navigation_support_score|night_navigation_risk_score|night_navigation_support_score|rest_support_score|route_continuity_context_score|route_effort_risk_score|route_type_risk_score|support_score|surface_slip_risk_score|technical_risk_score|terrain_risk_score|applied_mapping_hits|conditional_factor_flags|conditional_risk_domains|conditional_notes|weather_sensitive_flags|needs_nlsc_flags|needs_activity_flags|unhandled_risk_domains|osm_semantic_risk_score_raw|osm_semantic_risk_score|osm_semantic_risk_band|profile_dist_m|terrain_segment_id|terrain_dist_mid_m|terrain_segment_len_m|elev_min_nlsc_window|elev_max_nlsc_window|elev_range_nlsc_window|slope_window_nlsc|slope_band_window_nlsc|contour_density_20m_nlsc_window|terrain_pipeline_stage|terrain_case_id|terrain_case_name|terrain_derived_at|terrain_window_radius_m|terrain_density_buffer_m|terrain_elevation_source|dist_to_contour_window_mid_m|contour_window_match_status|terrain_window_risk_score|hydro_terrain_amplifier_score|osm_terrain_combined_risk_score_raw|osm_terrain_combined_risk_score|osm_terrain_combined_risk_band|contour_window_enriched_at|contour_window_max_align_diff_m|terrain_weight|hydro_terrain_weight|profile_csv|contour_csv|risk_band|risk_score_raw|risk_score|risk_score_smooth|terrain_score|effort_score|exposure_score|effort_slope_band|terrain_exposure_band|slope_final_band|dist_alignment_diff_m|alignment_ok|within_validation_range|route_data_ok|gpx_quality_flag|risk_confidence|data_quality_reason|risk_reason|risk_model_version|risk_scored_at|ib2_input_csv,activity_mapmatch_or_wrong_branch_diagnostic_not_fork_inventory,False,False,activity_behavior_diagnostic_not_route_decision_point_inventory,Activity diagnostics can validate consequences of forks but cannot define route-level fork exposure alone.
outputs\ib2d_route_risk_offline_map_v1_3b_contract_qa\_batch_summary\zhonghua_tile_correction_before_snapshot\20260601_141531\ib2_summary.csv,True,1,case_id|case_name|rows|dist_min_m|dist_max_m|risk_score_min|risk_score_mean|risk_score_max|risk_score_smooth_min|risk_score_smooth_mean|risk_score_smooth_max|route_data_ok_count|route_data_mismatch_count|risk_model_version|pipeline_stage|input_csv|input_geojson|scored_at|risk_band_low_count|risk_band_moderate_count|risk_band_high_count|risk_band_very_high_count|risk_band_unknown_count,route_semantic_context_not_fork_inventory,False,False,semantic_context_lacks_governed_topology_or_node_degree,Guidepost/facility/OSM semantics are useful context but cannot be counted as forks without topology.
outputs\ib2d_thci_radar_v1_0b\_batch_summary\ib2d_thci_v1_0b_integrated_case_summary.csv,True,4,case_id|integrated_status|output_html_exists|output_html|ib2d_formal_html_exists|ib1e_formal_html_exists|ib2d_formal_png_exists|left_map_visual_source_type|left_map_source_stage|left_map_visual_source_path|integration_mode|elevation_profile_exists|elevation_profile_source_csv|elevation_color_source|elevation_column|left_panel_layout|thci_axis_score_csv_exists|thci_radar_png_exists|thci_radar_summary_json_exists|scoring_version|navigation_semantics_calibrated|previous_v1_0a_navigation_risk_score|v1_0b_navigation_risk_score,other_context_not_fork_inventory,False,False,no_governed_fork_topology_fields_found,"No node-degree, edge adjacency, or parseable fork/decision-point inventory fields found."
outputs\ib2d_thci_radar_v1_0b_ib2d_png\_batch_summary\ib2d_thci_v1_0b_integrated_case_summary.csv,True,5,case_id|integrated_status|left_map_mode|output_html_exists|output_html|ib2d_formal_html_exists|ib1e_formal_html_exists|ib2d_formal_png_exists|left_map_visual_source_type|left_map_source_stage|left_map_visual_source_path|integration_mode|elevation_profile_exists|elevation_profile_source_csv|elevation_color_source|elevation_column|left_panel_layout|thci_axis_score_csv_exists|thci_radar_png_exists|radar_source_stage|thci_radar_summary_json_exists|scoring_version|navigation_semantics_calibrated|previous_v1_0a_navigation_risk_score|v1_0b_navigation_risk_score,other_context_not_fork_inventory,False,False,no_governed_fork_topology_fields_found,"No node-degree, edge adjacency, or parseable fork/decision-point inventory fields found."
outputs\ib2d_thci_radar_v1_0c\_batch_summary\ib2d_thci_v1_0c_integrated_case_summary.csv,True,5,case_id|integrated_status|thci_version|left_map_mode|output_html_exists|output_html|ib2d_formal_html_exists|ib1e_formal_html_exists|ib2d_formal_png_exists|left_map_visual_source_type|left_map_source_stage|left_map_visual_source_path|integration_mode|elevation_profile_exists|elevation_profile_source_csv|elevation_color_source|elevation_column|left_panel_layout|thci_axis_score_csv_exists|thci_radar_png_exists|radar_source_stage|thci_radar_summary_json_exists|scoring_version|calibrated_from_v1_0b|weather_semantics_calibrated|current_recommended_display_version|previous_recommended_version|previous_v1_0b_weather_impact_score|v1_0c_weather_impact_score|weather_delta_v1_0c_minus_v1_0b,other_context_not_fork_inventory,False,False,no_governed_fork_topology_fields_found,"No node-degree, edge adjacency, or parseable fork/decision-point inventory fields found."
outputs\ib2d_thci_radar_v1_0c_ib2d_png\_batch_summary\ib2d_thci_v1_0c_integrated_case_summary.csv,True,5,case_id|integrated_status|thci_version|left_map_mode|output_html_exists|output_html|ib2d_formal_html_exists|ib1e_formal_html_exists|ib2d_formal_png_exists|left_map_visual_source_type|left_map_source_stage|left_map_visual_source_path|integration_mode|elevation_profile_exists|elevation_profile_source_csv|elevation_color_source|elevation_column|left_panel_layout|thci_axis_score_csv_exists|thci_radar_png_exists|radar_source_stage|thci_radar_summary_json_exists|scoring_version|calibrated_from_v1_0b|weather_semantics_calibrated|current_recommended_display_version|previous_recommended_version|previous_v1_0b_weather_impact_score|v1_0c_weather_impact_score|weather_delta_v1_0c_minus_v1_0b,other_context_not_fork_inventory,False,False,no_governed_fork_topology_fields_found,"No node-degree, edge adjacency, or parseable fork/decision-point inventory fields found."
outputs\report_figures\ch6_5_5_300s_movement_consumption_integration_review_v1\movement_300s_integration_audit_v1.csv,True,1,consumption_audit_conclusion|scanned_script_count|self_component_script_count|scripts_referencing_300s_movement_evidence_count|scripts_referencing_consumption_gate_policy_count|consumption_gate_gap_count|gap_review_row_count|zero_fill_used|forbidden_score_rank_class_fields_present|forbidden_fields|radar_scoring_absent|ability_scoring_absent|ranking_absent|class_label_absent|decision_label_absent|diagnosis_absent|causal_claim_absent|audit_conclusion|review_reasons|interpretation_boundary,other_context_not_fork_inventory,False,False,no_governed_fork_topology_fields_found,"No node-degree, edge adjacency, or parseable fork/decision-point inventory fields found."
outputs\report_figures\ch6_5_5_300s_movement_consumption_integration_review_v1\movement_300s_integration_consumption_gap_review_v1.csv,True,1,gap_status|script_path|review_recommendation|required_action|interpretation_boundary,other_context_not_fork_inventory,False,False,no_governed_fork_topology_fields_found,"No node-degree, edge adjacency, or parseable fork/decision-point inventory fields found."
outputs\report_figures\ch6_5_5_300s_movement_consumption_integration_review_v1\movement_300s_integration_script_inventory_v1.csv,True,19,script_path|script_name|references_300s_movement_evidence|references_consumption_gate_policy|self_component|matched_evidence_tokens|matched_consumption_tokens|integration_status|integration_reason|allowed_use|disallowed_use|interpretation_boundary,other_context_not_fork_inventory,False,False,no_governed_fork_topology_fields_found,"No node-degree, edge adjacency, or parseable fork/decision-point inventory fields found."
outputs\report_figures\ch6_5_5_300s_movement_evidence_admission_review_v1\movement_300s_admission_activity_coverage_v1.csv,True,26,activity_id_short|study_population_status|in_radar_baseline|has_horizontal_300s_evidence|has_vertical_300s_evidence|has_both_horizontal_and_vertical_300s_evidence|horizontal_300s_valid_window_count|horizontal_300s_route_speed_p90_mps|vertical_300s_valid_window_count|vertical_300s_gain_p90_m|vertical_300s_vam_p90_mph|horizontal_hr_p90_pct_hrmax_at_speed_p90_window|vertical_hr_p90_pct_hrmax_at_vam_p90_window|profile_join_status|interpretation_boundary,activity_mapmatch_or_wrong_branch_diagnostic_not_fork_inventory,False,False,activity_behavior_diagnostic_not_route_decision_point_inventory,Activity diagnostics can validate consequences of forks but cannot define route-level fork exposure alone.
outputs\report_figures\ch6_5_5_300s_movement_evidence_admission_review_v1\movement_300s_admission_audit_v1.csv,True,1,input_audit_conclusion|baseline_activity_count|extra_source_activity_count|extra_source_activities|horizontal_evidence_activity_count|vertical_evidence_activity_count|both_horizontal_vertical_evidence_activity_count|standalone_axis_admitted_count|qa_gate_or_guard_admitted_count|zero_fill_used|forbidden_score_rank_class_fields_present|forbidden_fields|radar_scoring_absent|ability_scoring_absent|ranking_absent|class_label_absent|decision_label_absent|diagnosis_absent|causal_claim_absent|audit_conclusion|review_reasons|interpretation_boundary,activity_mapmatch_or_wrong_branch_diagnostic_not_fork_inventory,False,False,activity_behavior_diagnostic_not_route_decision_point_inventory,Activity diagnostics can validate consequences of forks but cannot define route-level fork exposure alone.
outputs\report_figures\ch6_5_5_300s_movement_evidence_admission_review_v1\movement_300s_admission_axis_decision_v1.csv,True,7,review_item|review_type|baseline_activity_count|covered_baseline_activity_count|coverage_ratio|valid_window_count|admission_status|primary_reason|allowed_use|disallowed_use|interpretation_boundary,activity_mapmatch_or_wrong_branch_diagnostic_not_fork_inventory,False,False,activity_behavior_diagnostic_not_route_decision_point_inventory,Activity diagnostics can validate consequences of forks but cannot define route-level fork exposure alone.
outputs\report_figures\ch6_5_5_300s_movement_qa_gate_consumption_v1\movement_300s_consumption_activity_summary_v1.csv,True,26,activity_id_short|study_population_status|activity_consumption_status|horizontal_consumable_window_count|vertical_consumable_window_count|hr_context_consumable_window_count|route_continuity_blocked_window_count|positive_delta_artifact_blocked_window_count|source_horizontal_300s_valid_window_count|source_vertical_300s_valid_window_count|source_horizontal_300s_route_speed_p90_mps|source_vertical_300s_gain_p90_m|source_vertical_300s_vam_p90_mph|allowed_downstream_use|disallowed_downstream_use|interpretation_boundary,activity_mapmatch_or_wrong_branch_diagnostic_not_fork_inventory,False,False,activity_behavior_diagnostic_not_route_decision_point_inventory,Activity diagnostics can validate consequences of forks but cannot define route-level fork exposure alone.
outputs\report_figures\ch6_5_5_300s_movement_qa_gate_consumption_v1\movement_300s_consumption_audit_v1.csv,True,1,admission_audit_conclusion|baseline_activity_count|extra_source_activity_count|extra_source_activities|policy_row_count|window_review_row_count|horizontal_consumable_window_count|vertical_consumable_window_count|hr_context_consumable_window_count|activities_with_consumable_horizontal_count|activities_with_consumable_vertical_count|route_continuity_gate_policy_active|positive_delta_artifact_guard_policy_active|zero_fill_used|forbidden_score_rank_class_fields_present|forbidden_fields|radar_scoring_absent|ability_scoring_absent|ranking_absent|class_label_absent|decision_label_absent|diagnosis_absent|causal_claim_absent|audit_conclusion|review_reasons|interpretation_boundary,activity_mapmatch_or_wrong_branch_diagnostic_not_fork_inventory,False,False,activity_behavior_diagnostic_not_route_decision_point_inventory,Activity diagnostics can validate consequences of forks but cannot define route-level fork exposure alone.
outputs\report_figures\ch6_5_5_300s_movement_qa_gate_consumption_v1\movement_300s_consumption_gate_policy_v1.csv,True,6,policy_item|policy_type|source_review_item|consumption_rule|allowed_downstream_use|disallowed_downstream_use|source_admission_status|source_allowed_use|source_disallowed_use|policy_status|interpretation_boundary,other_context_not_fork_inventory,False,False,no_governed_fork_topology_fields_found,"No node-degree, edge adjacency, or parseable fork/decision-point inventory fields found."
outputs\report_figures\ch6_5_5_300s_movement_qa_gate_consumption_v1\movement_300s_consumption_window_review_v1.csv,True,7340,activity_id_short|study_population_status|population_gate_pass|route_continuity_gate_pass|positive_delta_artifact_guard_pass|horizontal_descriptive_consumption_allowed|vertical_descriptive_consumption_allowed|hr_context_consumption_allowed|consumption_status|window_start_elapsed_sec|window_end_elapsed_sec|duration_sec|route_dist_delta_m|route_continuity_valid|positive_delta_artifact_suspect|horizontal_window_status|horizontal_300s_route_speed_mps|vertical_window_status|vertical_300s_gain_calibrated_m|vertical_300s_vam_mph|hr_window_status|hr_valid_ratio|hr_p90_bpm|interpretation_boundary,activity_mapmatch_or_wrong_branch_diagnostic_not_fork_inventory,False,False,activity_behavior_diagnostic_not_route_decision_point_inventory,Activity diagnostics can validate consequences of forks but cannot define route-level fork exposure alone.
outputs\report_figures\ch6_5_5_activity_history_numeric_attribution_v0_5\personal_activity_history_numeric_attribution_audit_v0_5.csv,True,1,context_source_path|threshold_source_path|activity_count_total_context|attribution_scope_rows|primary_candidate_rows_in_scope|single_factor_review_rows_in_scope|metric_attribution_long_rows|triggered_metric_rows|threshold_metric_rules_n|profile_promotion_used|audit_conclusion|interpretation_boundary,activity_mapmatch_or_wrong_branch_diagnostic_not_fork_inventory,False,False,activity_behavior_diagnostic_not_route_decision_point_inventory,Activity diagnostics can validate consequences of forks but cannot define route-level fork exposure alone.
outputs\report_figures\ch6_5_5_activity_history_numeric_attribution_v0_5\personal_activity_history_numeric_attribution_flag_summary_v0_5.csv,True,6,numeric_attention_flag|numeric_attention_domain|activity_count|activity_id_short_list,activity_mapmatch_or_wrong_branch_diagnostic_not_fork_inventory,False,False,activity_behavior_diagnostic_not_route_decision_point_inventory,Activity diagnostics can validate consequences of forks but cannot define route-level fork exposure alone.
outputs\report_figures\ch6_5_5_activity_history_numeric_attribution_v0_5\personal_activity_history_numeric_attribution_metric_long_v0_5.csv,True,72,activity_id_short|participant_id|activity_history_primary_label|metric|metric_value|threshold_reference|threshold_value|attention_direction|numeric_attention_triggered|numeric_attention_flag|numeric_attention_domain|threshold_distance_ratio|metric_note|interpretation_boundary,activity_mapmatch_or_wrong_branch_diagnostic_not_fork_inventory,False,False,activity_behavior_diagnostic_not_route_decision_point_inventory,Activity diagnostics can validate consequences of forks but cannot define route-level fork exposure alone.
outputs\report_figures\ch6_5_5_activity_history_numeric_attribution_v0_5\personal_activity_history_numeric_attribution_summary_v0_5.csv,True,4,numeric_attribution_label_v0_5|suggested_report_case_role|activity_count|activity_id_short_list|mean_numeric_attention_flag_count|mean_movement_degradation_flag_count,activity_mapmatch_or_wrong_branch_diagnostic_not_fork_inventory,False,False,activity_behavior_diagnostic_not_route_decision_point_inventory,Activity diagnostics can validate consequences of forks but cannot define route-level fork exposure alone.
outputs\report_figures\ch6_5_5_activity_history_numeric_attribution_v0_5\personal_activity_history_numeric_attribution_thresholds_v0_5.csv,True,6,metric|attention_direction|threshold_reference|threshold_value|p25|median|p75|numeric_attention_flag|numeric_attention_domain|metric_note|interpretation_boundary,activity_mapmatch_or_wrong_branch_diagnostic_not_fork_inventory,False,False,activity_behavior_diagnostic_not_route_decision_point_inventory,Activity diagnostics can validate consequences of forks but cannot define route-level fork exposure alone.
outputs\report_figures\ch6_5_5_activity_history_numeric_attribution_v0_5\personal_activity_history_numeric_attribution_v0_5.csv,True,12,activity_id_short|participant_id|activity_history_primary_label|activity_history_evidence_tier|personal_route_load_match_review_level|personal_route_load_match_review_flags|numeric_attribution_label_v0_5|suggested_report_case_role|numeric_attention_flag_count|movement_degradation_flag_count|route_load_behavior_flag_count|weather_behavior_overlap_flag_count|route_load_exposure_context_flag_count|numeric_attention_flags|numeric_attention_domains|speed_mps_median_median|low_speed_ratio_avg|stopped_ratio_avg|uphill_high_route_load_ratio|route_load_behavior_candidate_window_ratio|behavior_weather_context_review_required_ratio|hr_median_zone_sex_age_est|hr_output_efficiency_context|hr_median_pct_sex_age_est_hrmax|estimated_vo2max_ml_kg_min|qixing_difficulty_scale|tertiary_profile_context_signal|profile_context_consistency_with_activity_history|interpretation_boundary,route_geometry_self_near_context_not_fork_inventory,False,False,self_near_or_geometry_artifact_not_governed_fork_source,Geometry proximity can flag artifacts or loops but is not enough to define a decision point.
outputs\report_figures\ch6_5_5_activity_history_primary_relabel_v0_4\personal_activity_history_hr_output_context_v0_4.csv,True,15,activity_id_short|participant_id|metadata_join_status|age_yrs|sex_code|bmi|estimated_vo2max_ml_kg_min|vo2max_context_tier|qixing_difficulty_scale|qixing_self_report_difficulty_tier|heart_rate_bpm_median_avg|sex_age_est_hrmax_bpm|sex_age_est_hrmax_formula|hr_median_pct_sex_age_est_hrmax|hr_median_zone_sex_age_est|behavior_degradation_proxy_present|hr_output_efficiency_context|personal_route_load_match_review_level|personal_route_load_match_review_flags|speed_mps_median_median|low_speed_ratio_avg|stopped_ratio_avg|uphill_high_route_load_ratio|route_load_behavior_candidate_window_ratio|behavior_weather_context_review_required_ratio|route_load_strain_context_label|interpretation_boundary|ch6_5_5_v0_3_split_category|ch6_5_5_v0_3_boundary|activity_history_primary_label|activity_history_evidence_tier|activity_history_behavior_flag_count|hr_context_role|profile_context_role|tertiary_profile_context_signal|profile_context_consistency_with_activity_history|review_priority|interpretation_boundary_v0_4,route_graph_summary_without_position,False,False,topology_summary_lacks_route_distance_or_coordinates,May inform need for upstream graph extraction but cannot locate exposure points yet.
outputs\report_figures\ch6_5_5_activity_history_primary_relabel_v0_4\personal_activity_history_primary_audit_v0_4.csv,True,1,source_path|activity_count|primary_activity_history_candidate_rows|single_factor_behavior_review_rows|hr_context_rows|profile_context_only_rows|profile_promotion_used|vo2max_role|subjective_difficulty_role|audit_conclusion|interpretation_boundary,activity_mapmatch_or_wrong_branch_diagnostic_not_fork_inventory,False,False,activity_behavior_diagnostic_not_route_decision_point_inventory,Activity diagnostics can validate consequences of forks but cannot define route-level fork exposure alone.
outputs\report_figures\ch6_5_5_activity_history_primary_relabel_v0_4\personal_activity_history_primary_full_context_v0_4.csv,True,25,activity_id_short|participant_id|metadata_join_status|age_yrs|sex_code|bmi|estimated_vo2max_ml_kg_min|vo2max_context_tier|qixing_difficulty_scale|qixing_self_report_difficulty_tier|heart_rate_bpm_median_avg|sex_age_est_hrmax_bpm|sex_age_est_hrmax_formula|hr_median_pct_sex_age_est_hrmax|hr_median_zone_sex_age_est|behavior_degradation_proxy_present|hr_output_efficiency_context|personal_route_load_match_review_level|personal_route_load_match_review_flags|speed_mps_median_median|low_speed_ratio_avg|stopped_ratio_avg|uphill_high_route_load_ratio|route_load_behavior_candidate_window_ratio|behavior_weather_context_review_required_ratio|route_load_strain_context_label|interpretation_boundary|ch6_5_5_v0_3_split_category|ch6_5_5_v0_3_boundary|activity_history_primary_label|activity_history_evidence_tier|activity_history_behavior_flag_count|hr_context_role|profile_context_role|tertiary_profile_context_signal|profile_context_consistency_with_activity_history|review_priority|interpretation_boundary_v0_4,route_graph_summary_without_position,False,False,topology_summary_lacks_route_distance_or_coordinates,May inform need for upstream graph extraction but cannot locate exposure points yet.
outputs\report_figures\ch6_5_5_activity_history_primary_relabel_v0_4\personal_activity_history_primary_strain_candidate_v0_4.csv,True,7,activity_id_short|participant_id|metadata_join_status|age_yrs|sex_code|bmi|estimated_vo2max_ml_kg_min|vo2max_context_tier|qixing_difficulty_scale|qixing_self_report_difficulty_tier|heart_rate_bpm_median_avg|sex_age_est_hrmax_bpm|sex_age_est_hrmax_formula|hr_median_pct_sex_age_est_hrmax|hr_median_zone_sex_age_est|behavior_degradation_proxy_present|hr_output_efficiency_context|personal_route_load_match_review_level|personal_route_load_match_review_flags|speed_mps_median_median|low_speed_ratio_avg|stopped_ratio_avg|uphill_high_route_load_ratio|route_load_behavior_candidate_window_ratio|behavior_weather_context_review_required_ratio|route_load_strain_context_label|interpretation_boundary|ch6_5_5_v0_3_split_category|ch6_5_5_v0_3_boundary|activity_history_primary_label|activity_history_evidence_tier|activity_history_behavior_flag_count|hr_context_role|profile_context_role|tertiary_profile_context_signal|profile_context_consistency_with_activity_history|review_priority|interpretation_boundary_v0_4,route_graph_summary_without_position,False,False,topology_summary_lacks_route_distance_or_coordinates,May inform need for upstream graph extraction but cannot locate exposure points yet.
outputs\report_figures\ch6_5_5_activity_history_primary_relabel_v0_4\personal_activity_history_primary_summary_v0_4.csv,True,7,activity_history_primary_label|activity_history_evidence_tier|activity_count|activity_id_short_list|interpretation_boundary,activity_mapmatch_or_wrong_branch_diagnostic_not_fork_inventory,False,False,activity_behavior_diagnostic_not_route_decision_point_inventory,Activity diagnostics can validate consequences of forks but cannot define route-level fork exposure alone.
outputs\report_figures\ch6_5_5_activity_history_primary_relabel_v0_4\personal_activity_history_profile_context_summary_v0_4.csv,True,14,profile_context_consistency_with_activity_history|tertiary_profile_context_signal|activity_count|activity_id_short_list|interpretation_boundary,activity_mapmatch_or_wrong_branch_diagnostic_not_fork_inventory,False,False,activity_behavior_diagnostic_not_route_decision_point_inventory,Activity diagnostics can validate consequences of forks but cannot define route-level fork exposure alone.
outputs\report_figures\ch6_5_5_activity_history_primary_relabel_v0_4\personal_activity_history_single_factor_behavior_review_v0_4.csv,True,5,activity_id_short|participant_id|metadata_join_status|age_yrs|sex_code|bmi|estimated_vo2max_ml_kg_min|vo2max_context_tier|qixing_difficulty_scale|qixing_self_report_difficulty_tier|heart_rate_bpm_median_avg|sex_age_est_hrmax_bpm|sex_age_est_hrmax_formula|hr_median_pct_sex_age_est_hrmax|hr_median_zone_sex_age_est|behavior_degradation_proxy_present|hr_output_efficiency_context|personal_route_load_match_review_level|personal_route_load_match_review_flags|speed_mps_median_median|low_speed_ratio_avg|stopped_ratio_avg|uphill_high_route_load_ratio|route_load_behavior_candidate_window_ratio|behavior_weather_context_review_required_ratio|route_load_strain_context_label|interpretation_boundary|ch6_5_5_v0_3_split_category|ch6_5_5_v0_3_boundary|activity_history_primary_label|activity_history_evidence_tier|activity_history_behavior_flag_count|hr_context_role|profile_context_role|tertiary_profile_context_signal|profile_context_consistency_with_activity_history|review_priority|interpretation_boundary_v0_4,route_graph_summary_without_position,False,False,topology_summary_lacks_route_distance_or_coordinates,May inform need for upstream graph extraction but cannot locate exposure points yet.
outputs\report_figures\ch6_5_5_activity_history_primary_relabel_v0_4\personal_profile_context_only_v0_4.csv,True,5,activity_id_short|participant_id|metadata_join_status|age_yrs|sex_code|bmi|estimated_vo2max_ml_kg_min|vo2max_context_tier|qixing_difficulty_scale|qixing_self_report_difficulty_tier|heart_rate_bpm_median_avg|sex_age_est_hrmax_bpm|sex_age_est_hrmax_formula|hr_median_pct_sex_age_est_hrmax|hr_median_zone_sex_age_est|behavior_degradation_proxy_present|hr_output_efficiency_context|personal_route_load_match_review_level|personal_route_load_match_review_flags|speed_mps_median_median|low_speed_ratio_avg|stopped_ratio_avg|uphill_high_route_load_ratio|route_load_behavior_candidate_window_ratio|behavior_weather_context_review_required_ratio|route_load_strain_context_label|interpretation_boundary|ch6_5_5_v0_3_split_category|ch6_5_5_v0_3_boundary|activity_history_primary_label|activity_history_evidence_tier|activity_history_behavior_flag_count|hr_context_role|profile_context_role|tertiary_profile_context_signal|profile_context_consistency_with_activity_history|review_priority|interpretation_boundary_v0_4,route_graph_summary_without_position,False,False,topology_summary_lacks_route_distance_or_coordinates,May inform need for upstream graph extraction but cannot locate exposure points yet.
outputs\report_figures\ch6_5_5_deviation_correction_event_chain_review_v1\deviation_correction_event_chain_activity_review_v1.csv,True,26,activity_id|study_population_status|baseline_population_gate|detector_file_found|route_issue_event_count|deviation_start_candidate_count|navigation_check_candidate_count|rejoin_candidate_count|complete_chain_candidate_count|unresolved_deviation_candidate_count|terminal_artifact_excluded_count|chain_review_status|admission_status|missing_or_review_reason,activity_mapmatch_or_wrong_branch_diagnostic_not_fork_inventory,False,False,activity_behavior_diagnostic_not_route_decision_point_inventory,Activity diagnostics can validate consequences of forks but cannot define route-level fork exposure alone.
outputs\report_figures\ch6_5_5_deviation_correction_event_chain_review_v1\deviation_correction_event_chain_admission_decision_v1.csv,True,1,axis_id|axis_label_zh|recommended_axis_output_mode|admission_decision|baseline_activity_count|baseline_with_complete_chain_candidate_count|required_future_review|retained_reason|allowed_use|disallowed_use|interpretation_boundary,activity_mapmatch_or_wrong_branch_diagnostic_not_fork_inventory,False,False,activity_behavior_diagnostic_not_route_decision_point_inventory,Activity diagnostics can validate consequences of forks but cannot define route-level fork exposure alone.
outputs\report_figures\ch6_5_5_deviation_correction_event_chain_review_v1\deviation_correction_event_chain_audit_v1.csv,True,1,baseline_activity_count|extra_source_count|extra_source_admitted_count|terminal_artifact_excluded|route_following_proxy_not_reused_as_correction_score|deviation_correction_output_mode_recommendation|zero_fill_used|forbidden_fields_present|forbidden_fields|candidate_event_count|complete_chain_candidate_count_total|baseline_complete_chain_activity_count|audit_conclusion|review_reasons|interpretation_boundary,activity_mapmatch_or_wrong_branch_diagnostic_not_fork_inventory,False,False,activity_behavior_diagnostic_not_route_decision_point_inventory,Activity diagnostics can validate consequences of forks but cannot define route-level fork exposure alone.
outputs\report_figures\ch6_5_5_deviation_correction_event_chain_review_v1\deviation_correction_event_chain_candidate_events_v1.csv,True,207,activity_id|event_id|event_type|event_subtype|semantic_event_type_candidate|semantic_recovery_interpretation|start_elapsed_sec|end_elapsed_sec|duration_sec|start_route_dist_m|end_route_dist_m|on_route_ratio|off_route_ratio|max_offset_m|confidence|event_role|excluded_from_chain|terminal_artifact|route_issue_event|off_route_event|navigation_uncertainty_event|rejoin_candidate_event|source_file,activity_mapmatch_or_wrong_branch_diagnostic_not_fork_inventory,False,False,activity_behavior_diagnostic_not_route_decision_point_inventory,Activity diagnostics can validate consequences of forks but cannot define route-level fork exposure alone.
outputs\report_figures\ch6_5_5_fork_decision_point_inventory_v1\fork_decision_point_admission_decision_v1.csv,True,1,context_id|context_label_zh|decision|recommended_use|not_personal_ability_axis|not_navigation_ability_score|not_go_no_go_decision|source_inventory_count|usable_fork_source_count|candidate_feature_count|fork_candidate_count|decision_point_candidate_count|decision_reason|interpretation_boundary,route_graph_summary_without_position,False,False,topology_summary_lacks_route_distance_or_coordinates,May inform need for upstream graph extraction but cannot locate exposure points yet.
outputs\report_figures\ch6_5_5_fork_decision_point_inventory_v1\fork_decision_point_inventory_audit_v1.csv,True,1,source_inventory_count|usable_fork_source_count|candidate_feature_count|fork_candidate_count|decision_point_candidate_count|wrong_branch_exposure_candidate_count|zero_fill_used|route_following_axis_not_modified|radar_not_modified|axis_contract_not_modified|data_table_not_modified|navigation_challenge_not_added_as_axis|forbidden_fields_present|ability_scoring_absent|ranking_absent|class_label_absent|decision_label_absent|audit_conclusion|interpretation_boundary,route_graph_summary_without_position,False,False,topology_summary_lacks_route_distance_or_coordinates,May inform need for upstream graph extraction but cannot locate exposure points yet.
outputs\report_figures\ch6_5_5_fork_decision_point_inventory_v1\fork_decision_point_route_summary_v1.csv,True,112,route_folder|case_id|route_id|candidate_feature_count|fork_candidate_count|decision_point_candidate_count|wrong_branch_exposure_candidate_count|guidepost_context_count|facility_context_count|source_confidence|inventory_status|source_gap_reason,route_graph_summary_without_position,False,False,topology_summary_lacks_route_distance_or_coordinates,May inform need for upstream graph extraction but cannot locate exposure points yet.
outputs\report_figures\ch6_5_5_fork_decision_point_inventory_v1\fork_decision_point_source_inventory_v1.csv,True,578,source_path|exists|row_count|candidate_columns|source_role|usable_for_fork_inventory|usable_for_decision_point_inventory|rejection_reason|notes,route_graph_summary_without_position,False,False,topology_summary_lacks_route_distance_or_coordinates,May inform need for upstream graph extraction but cannot locate exposure points yet.
outputs\report_figures\ch6_5_5_movement_300s_corrected_data_study_v1\movement_300s_activity_summary_v1.csv,True,26,activity_id_short|participant_id|rolling_window_count|horizontal_300s_valid_window_count|horizontal_300s_route_speed_p50_mps|horizontal_300s_route_speed_p75_mps|horizontal_300s_route_speed_p90_mps|horizontal_300s_route_speed_max_mps|vertical_300s_valid_window_count|vertical_300s_gain_p50_m|vertical_300s_gain_p75_m|vertical_300s_gain_p90_m|vertical_300s_gain_max_m|vertical_300s_vam_p50_mph|vertical_300s_vam_p75_mph|vertical_300s_vam_p90_mph|vertical_300s_vam_max_mph|hr_valid_window_count|profile_join_status|profile_join_reason|hrmax_bpm|hrmax_source|interpretation_boundary|horizontal_300s_hr_at_speed_p90_window_hr_min_bpm_at_window|horizontal_300s_hr_at_speed_p90_window_hr_max_bpm_at_window|horizontal_300s_hr_at_speed_p90_window_hr_range_bpm_at_window|horizontal_300s_hr_at_speed_p90_window_hr_p90_bpm_at_window|horizontal_300s_hr_at_speed_p90_window_hr_min_pct_hrmax_at_window|horizontal_300s_hr_at_speed_p90_window_hr_max_pct_hrmax_at_window|horizontal_300s_hr_at_speed_p90_window_hr_range_pct_hrmax_at_window|horizontal_300s_hr_at_speed_p90_window_hr_p90_pct_hrmax_at_window|vertical_300s_hr_at_vam_p90_window_hr_min_bpm_at_window|vertical_300s_hr_at_vam_p90_window_hr_max_bpm_at_window|vertical_300s_hr_at_vam_p90_window_hr_range_bpm_at_window|vertical_300s_hr_at_vam_p90_window_hr_p90_bpm_at_window|vertical_300s_hr_at_vam_p90_window_hr_min_pct_hrmax_at_window|vertical_300s_hr_at_vam_p90_window_hr_max_pct_hrmax_at_window|vertical_300s_hr_at_vam_p90_window_hr_range_pct_hrmax_at_window|vertical_300s_hr_at_vam_p90_window_hr_p90_pct_hrmax_at_window,activity_mapmatch_or_wrong_branch_diagnostic_not_fork_inventory,False,False,activity_behavior_diagnostic_not_route_decision_point_inventory,Activity diagnostics can validate consequences of forks but cannot define route-level fork exposure alone.
outputs\report_figures\ch6_5_5_movement_300s_corrected_data_study_v1\movement_300s_audit_v1.csv,True,1,source_files_count|radar_baseline_activity_count|extra_source_activities|missing_core_columns|rolling_window_count|horizontal_valid_window_count|vertical_valid_window_count|hr_valid_window_count|profile_join_count|missing_profile_count|elevation_validity|zero_fill_used|forbidden_score_rank_class_fields_present|forbidden_fields|radar_scoring_absent|ability_scoring_absent|ranking_absent|class_label_absent|decision_label_absent|diagnosis_absent|causal_claim_absent|audit_conclusion|review_reasons|interpretation_boundary,activity_mapmatch_or_wrong_branch_diagnostic_not_fork_inventory,False,False,activity_behavior_diagnostic_not_route_decision_point_inventory,Activity diagnostics can validate consequences of forks but cannot define route-level fork exposure alone.
outputs\report_figures\ch6_5_5_movement_300s_corrected_data_study_v1\movement_300s_source_inventory_v1.csv,True,26,activity_id_short|source_path|source_file_size_bytes|in_radar_baseline|source_layer|inventory_status|interpretation_boundary,activity_mapmatch_or_wrong_branch_diagnostic_not_fork_inventory,False,False,activity_behavior_diagnostic_not_route_decision_point_inventory,Activity diagnostics can validate consequences of forks but cannot define route-level fork exposure alone.
outputs\report_figures\ch6_5_5_movement_300s_corrected_data_study_v1\movement_300s_window_candidates_v1.csv,True,7340,activity_id_short|participant_id|source_path|window_start_elapsed_sec|window_end_elapsed_sec|duration_sec|sample_count|route_dist_start_m|route_dist_end_m|route_dist_delta_m|calibrated_elevation_start_m|calibrated_elevation_end_m|vertical_gain_300s_calibrated_m|vertical_gain_300s_sum_positive_delta_m|calibrated_slope_pct_median|standard_slope_pct_median|horizontal_sample_ratio|ascent_sample_ratio|elevation_step_valid_ratio|elevation_artifact_flag|horizontal_300s_window_status|vertical_300s_window_status|horizontal_300s_route_speed_mps|vertical_300s_vam_mph|hr_sample_count|hr_valid_ratio|hr_min_bpm|hr_max_bpm|hr_range_bpm|hr_mean_bpm|hr_median_bpm|hr_p75_bpm|hr_p90_bpm|hr_window_status|hrmax_bpm|hrmax_source|hr_pct_sex_age_est_hrmax_median|hr_pct_sex_age_est_hrmax_p90|hr_zone_sex_age_est|profile_join_status|profile_join_reason|interpretation_boundary,activity_mapmatch_or_wrong_branch_diagnostic_not_fork_inventory,False,False,activity_behavior_diagnostic_not_route_decision_point_inventory,Activity diagnostics can validate consequences of forks but cannot define route-level fork exposure alone.
outputs\report_figures\ch6_5_5_movement_300s_corrected_data_study_v1\movement_hr_ascent_bouts_v1.csv,True,93,activity_id_short|participant_id|bout_type|bout_start_elapsed_sec|bout_end_elapsed_sec|bout_duration_sec|bout_route_dist_delta_m|bout_gain_m|bout_vam_mph|bout_median_slope_pct|bout_steps_context_ratio|pause_or_stall_ratio|elevation_step_valid_ratio|hr_start_bpm|hr_end_bpm|hr_peak_bpm|hr_delta_bpm|hr_rise_rate_bpm_per_min|hr_p90_bpm|hr_range_bpm|hr_start_pct_hrmax|hr_end_pct_hrmax|hr_peak_pct_hrmax|hr_delta_pct_hrmax|hr_rise_rate_pct_hrmax_per_min|hr_p90_pct_hrmax|hrmax_bpm|hrmax_source|profile_join_status|interpretation_boundary,activity_mapmatch_or_wrong_branch_diagnostic_not_fork_inventory,False,False,activity_behavior_diagnostic_not_route_decision_point_inventory,Activity diagnostics can validate consequences of forks but cannot define route-level fork exposure alone.
outputs\report_figures\ch6_5_5_movement_300s_corrected_data_study_v1\movement_hr_pause_recovery_events_v1.csv,True,93,activity_id_short|participant_id|recovery_start_elapsed_sec|recovery_end_elapsed_sec|recovery_duration_sec|preceding_bout_type|preceding_bout_gain_m|preceding_bout_vam_mph|preceding_bout_hr_peak_bpm|hr_at_pause_start_bpm|hr_min_60s_bpm|hr_min_120s_bpm|hr_min_180s_bpm|hr_drop_60s_bpm|hr_drop_120s_bpm|hr_drop_180s_bpm|time_to_drop_10bpm_sec|time_to_drop_20bpm_sec|hrmax_bpm|hrmax_source|profile_join_status|interpretation_boundary|hr_drop_60s_pct_hrmax|hr_recovery_rate_60s_bpm_per_min|hr_drop_120s_pct_hrmax|hr_recovery_rate_120s_bpm_per_min|hr_drop_180s_pct_hrmax|hr_recovery_rate_180s_bpm_per_min,activity_mapmatch_or_wrong_branch_diagnostic_not_fork_inventory,False,False,activity_behavior_diagnostic_not_route_decision_point_inventory,Activity diagnostics can validate consequences of forks but cannot define route-level fork exposure alone.
outputs\report_figures\ch6_5_5_movement_300s_corrected_data_study_v1\movement_hr_response_activity_summary_v1.csv,True,26,activity_id_short|hr_valid_window_count|hr_window_count|hr_valid_window_ratio|hr_median_bpm_window_median|hr_p90_bpm_window_median|ascent_bout_count|steps_bout_count|pause_recovery_event_count|best_hr_drop_60s_bpm|best_hr_drop_120s_bpm|best_hr_drop_180s_bpm|interpretation_boundary,activity_mapmatch_or_wrong_branch_diagnostic_not_fork_inventory,False,False,activity_behavior_diagnostic_not_route_decision_point_inventory,Activity diagnostics can validate consequences of forks but cannot define route-level fork exposure alone.
outputs\report_figures\ch6_5_5_movement_300s_corrected_data_study_v1_1\movement_300s_activity_summary_v1_1.csv,True,26,activity_id_short|participant_id|in_radar_baseline|study_population_status|rolling_window_count|horizontal_300s_valid_window_count|horizontal_300s_route_speed_p50_mps|horizontal_300s_route_speed_p75_mps|horizontal_300s_route_speed_p90_mps|horizontal_300s_route_speed_max_mps|vertical_300s_valid_window_count|vertical_300s_gain_p50_m|vertical_300s_gain_p75_m|vertical_300s_gain_p90_m|vertical_300s_gain_max_m|vertical_300s_vam_p50_mph|vertical_300s_vam_p75_mph|vertical_300s_vam_p90_mph|vertical_300s_vam_max_mph|hr_valid_window_count|profile_join_status|profile_join_reason|hrmax_bpm|hrmax_source|interpretation_boundary|horizontal_300s_hr_at_speed_p90_window_hr_min_bpm_at_window|horizontal_300s_hr_at_speed_p90_window_hr_max_bpm_at_window|horizontal_300s_hr_at_speed_p90_window_hr_range_bpm_at_window|horizontal_300s_hr_at_speed_p90_window_hr_p90_bpm_at_window|horizontal_300s_hr_at_speed_p90_window_hr_min_pct_hrmax_at_window|horizontal_300s_hr_at_speed_p90_window_hr_max_pct_hrmax_at_window|horizontal_300s_hr_at_speed_p90_window_hr_range_pct_hrmax_at_window|horizontal_300s_hr_at_speed_p90_window_hr_p90_pct_hrmax_at_window|vertical_300s_hr_at_vam_p90_window_hr_min_bpm_at_window|vertical_300s_hr_at_vam_p90_window_hr_max_bpm_at_window|vertical_300s_hr_at_vam_p90_window_hr_range_bpm_at_window|vertical_300s_hr_at_vam_p90_window_hr_p90_bpm_at_window|vertical_300s_hr_at_vam_p90_window_hr_min_pct_hrmax_at_window|vertical_300s_hr_at_vam_p90_window_hr_max_pct_hrmax_at_window|vertical_300s_hr_at_vam_p90_window_hr_range_pct_hrmax_at_window|vertical_300s_hr_at_vam_p90_window_hr_p90_pct_hrmax_at_window,activity_mapmatch_or_wrong_branch_diagnostic_not_fork_inventory,False,False,activity_behavior_diagnostic_not_route_decision_point_inventory,Activity diagnostics can validate consequences of forks but cannot define route-level fork exposure alone.
outputs\report_figures\ch6_5_5_movement_300s_corrected_data_study_v1_1\movement_300s_activity_summary_v1_1_key_view.csv,True,26,activity_id_short|study_population_status|horizontal_300s_valid_window_count|horizontal_300s_route_speed_p90_mps|vertical_300s_valid_window_count|vertical_300s_gain_p90_m|vertical_300s_vam_p90_mph|horizontal_300s_hr_at_speed_p90_window_hr_p90_pct_hrmax_at_window|vertical_300s_hr_at_vam_p90_window_hr_p90_pct_hrmax_at_window,activity_mapmatch_or_wrong_branch_diagnostic_not_fork_inventory,False,False,activity_behavior_diagnostic_not_route_decision_point_inventory,Activity diagnostics can validate consequences of forks but cannot define route-level fork exposure alone.
outputs\report_figures\ch6_5_5_movement_300s_corrected_data_study_v1_1\movement_300s_audit_v1_1.csv,True,1,source_files_count|radar_baseline_activity_count|extra_source_activities|missing_core_columns|rolling_window_count|route_ok_window_count|horizontal_valid_window_count|horizontal_low_horizontal_ratio_count|horizontal_low_active_speed_count|horizontal_route_continuity_rejected_count|vertical_valid_window_count|vertical_distance_valid_count|vertical_gain_valid_count|vertical_positive_delta_artifact_suspect_count|vertical_rejected_by_route_continuity_count|vertical_rejected_by_distance_too_short_count|vertical_rejected_by_gain_too_low_count|vertical_rejected_by_gain_outlier_guard_count|vertical_rejected_by_positive_delta_artifact_suspect_count|hr_valid_window_count|profile_join_count|missing_profile_count|elevation_validity|zero_fill_used|forbidden_score_rank_class_fields_present|forbidden_fields|radar_scoring_absent|ability_scoring_absent|ranking_absent|class_label_absent|decision_label_absent|diagnosis_absent|causal_claim_absent|audit_conclusion|review_reasons|interpretation_boundary,activity_mapmatch_or_wrong_branch_diagnostic_not_fork_inventory,False,False,activity_behavior_diagnostic_not_route_decision_point_inventory,Activity diagnostics can validate consequences of forks but cannot define route-level fork exposure alone.
outputs\report_figures\ch6_5_5_movement_300s_corrected_data_study_v1_1\movement_300s_source_inventory_v1_1.csv,True,26,activity_id_short|source_path|source_file_size_bytes|in_radar_baseline|source_layer|inventory_status|interpretation_boundary,activity_mapmatch_or_wrong_branch_diagnostic_not_fork_inventory,False,False,activity_behavior_diagnostic_not_route_decision_point_inventory,Activity diagnostics can validate consequences of forks but cannot define route-level fork exposure alone.
outputs\report_figures\ch6_5_5_movement_300s_corrected_data_study_v1_1\movement_300s_window_candidates_v1_1.csv,True,7340,activity_id_short|participant_id|source_path|window_start_elapsed_sec|window_end_elapsed_sec|duration_sec|sample_count|route_dist_start_m|route_dist_end_m|route_dist_delta_m|route_continuity_valid|horizontal_speed_candidate_mps|vertical_distance_valid|vertical_gain_valid|positive_delta_artifact_suspect|calibrated_elevation_start_m|calibrated_elevation_end_m|vertical_gain_300s_calibrated_m|vertical_gain_300s_sum_positive_delta_m|calibrated_slope_pct_median|standard_slope_pct_median|horizontal_sample_ratio|ascent_sample_ratio|elevation_step_valid_ratio|elevation_artifact_flag|horizontal_300s_window_status|vertical_300s_window_status|horizontal_300s_route_speed_mps|vertical_300s_vam_mph|hr_sample_count|hr_valid_ratio|hr_min_bpm|hr_max_bpm|hr_range_bpm|hr_mean_bpm|hr_median_bpm|hr_p75_bpm|hr_p90_bpm|hr_window_status|hrmax_bpm|hrmax_source|hr_pct_sex_age_est_hrmax_median|hr_pct_sex_age_est_hrmax_p90|hr_zone_sex_age_est|profile_join_status|profile_join_reason|interpretation_boundary,activity_mapmatch_or_wrong_branch_diagnostic_not_fork_inventory,False,False,activity_behavior_diagnostic_not_route_decision_point_inventory,Activity diagnostics can validate consequences of forks but cannot define route-level fork exposure alone.
outputs\report_figures\ch6_5_5_movement_300s_corrected_data_study_v1_1\movement_hr_ascent_bouts_v1_1.csv,True,93,activity_id_short|participant_id|bout_type|bout_start_elapsed_sec|bout_end_elapsed_sec|bout_duration_sec|bout_route_dist_delta_m|bout_gain_m|bout_vam_mph|bout_median_slope_pct|bout_steps_context_ratio|pause_or_stall_ratio|elevation_step_valid_ratio|hr_start_bpm|hr_end_bpm|hr_peak_bpm|hr_delta_bpm|hr_rise_rate_bpm_per_min|hr_p90_bpm|hr_range_bpm|hr_start_pct_hrmax|hr_end_pct_hrmax|hr_peak_pct_hrmax|hr_delta_pct_hrmax|hr_rise_rate_pct_hrmax_per_min|hr_p90_pct_hrmax|hrmax_bpm|hrmax_source|profile_join_status|interpretation_boundary,activity_mapmatch_or_wrong_branch_diagnostic_not_fork_inventory,False,False,activity_behavior_diagnostic_not_route_decision_point_inventory,Activity diagnostics can validate consequences of forks but cannot define route-level fork exposure alone.
outputs\report_figures\ch6_5_5_movement_300s_corrected_data_study_v1_1\movement_hr_pause_recovery_events_v1_1.csv,True,93,activity_id_short|participant_id|recovery_start_elapsed_sec|recovery_end_elapsed_sec|recovery_duration_sec|preceding_bout_type|preceding_bout_gain_m|preceding_bout_vam_mph|preceding_bout_hr_peak_bpm|hr_at_pause_start_bpm|hr_min_60s_bpm|hr_min_120s_bpm|hr_min_180s_bpm|hr_drop_60s_bpm|hr_drop_120s_bpm|hr_drop_180s_bpm|time_to_drop_10bpm_sec|time_to_drop_20bpm_sec|hrmax_bpm|hrmax_source|profile_join_status|interpretation_boundary|hr_drop_60s_pct_hrmax|hr_recovery_rate_60s_bpm_per_min|hr_drop_120s_pct_hrmax|hr_recovery_rate_120s_bpm_per_min|hr_drop_180s_pct_hrmax|hr_recovery_rate_180s_bpm_per_min,activity_mapmatch_or_wrong_branch_diagnostic_not_fork_inventory,False,False,activity_behavior_diagnostic_not_route_decision_point_inventory,Activity diagnostics can validate consequences of forks but cannot define route-level fork exposure alone.
outputs\report_figures\ch6_5_5_movement_300s_corrected_data_study_v1_1\movement_hr_response_activity_summary_v1_1.csv,True,26,activity_id_short|hr_valid_window_count|hr_window_count|hr_valid_window_ratio|hr_median_bpm_window_median|hr_p90_bpm_window_median|ascent_bout_count|steps_bout_count|pause_recovery_event_count|best_hr_drop_60s_bpm|best_hr_drop_120s_bpm|best_hr_drop_180s_bpm|interpretation_boundary,activity_mapmatch_or_wrong_branch_diagnostic_not_fork_inventory,False,False,activity_behavior_diagnostic_not_route_decision_point_inventory,Activity diagnostics can validate consequences of forks but cannot define route-level fork exposure alone.
outputs\report_figures\ch6_5_5_navigation_challenge_exposure_review_v1\navigation_challenge_activity_context_v1.csv,True,26,activity_id|study_population_status|baseline_population_gate|route_following_evidence_state|route_issue_event_count|candidate_proxy_route_following_stability_0_100|navigation_challenge_source_status|fork_exposure_count|decision_point_exposure_count|wrong_branch_exposure_count|exposure_confidence|interpretation_note,activity_mapmatch_or_wrong_branch_diagnostic_not_fork_inventory,False,False,activity_behavior_diagnostic_not_route_decision_point_inventory,Activity diagnostics can validate consequences of forks but cannot define route-level fork exposure alone.
outputs\report_figures\ch6_5_5_navigation_challenge_exposure_review_v1\navigation_challenge_exposure_admission_decision_v1.csv,True,1,evidence_id|evidence_label_zh|admission_decision|evidence_use|source_status|not_personal_ability_axis|axis_contract_patch_required|retained_or_admitted_reason|allowed_use|disallowed_use|interpretation_boundary,other_context_not_fork_inventory,False,False,no_governed_fork_topology_fields_found,"No node-degree, edge adjacency, or parseable fork/decision-point inventory fields found."
outputs\report_figures\ch6_5_5_navigation_challenge_exposure_review_v1\navigation_challenge_exposure_audit_v1.csv,True,1,baseline_activity_count|extra_source_count|extra_source_admitted_count|route_following_axis_not_modified|deviation_correction_axis_not_modified|navigation_challenge_not_added_as_axis|zero_fill_used|forbidden_fields_present|forbidden_fields|usable_fork_source_count|context_source_count|admission_decision|audit_conclusion|review_reasons|interpretation_boundary,route_graph_summary_without_position,False,False,topology_summary_lacks_route_distance_or_coordinates,May inform need for upstream graph extraction but cannot locate exposure points yet.
outputs\report_figures\ch6_5_5_navigation_challenge_exposure_review_v1\navigation_challenge_route_exposure_candidates_v1.csv,True,1,route_folder|case_id|route_dist_m|feature_type|feature_name|osm_tags|is_fork_candidate|is_decision_point_candidate|is_wrong_branch_exposure_candidate|confidence|source_path|source_status|source_gap_reason,activity_mapmatch_or_wrong_branch_diagnostic_not_fork_inventory,False,False,activity_behavior_diagnostic_not_route_decision_point_inventory,Activity diagnostics can validate consequences of forks but cannot define route-level fork exposure alone.
outputs\report_figures\ch6_5_5_navigation_challenge_exposure_review_v1\navigation_challenge_source_inventory_v1.csv,True,824,source_path|exists|row_count|candidate_columns|source_role|usable_for_fork_exposure|source_gap_reason,route_graph_summary_without_position,False,False,topology_summary_lacks_route_distance_or_coordinates,May inform need for upstream graph extraction but cannot locate exposure points yet.
outputs\report_figures\ch6_5_5_pacing_movement_stability_axis_admission_audit_v1\pacing_movement_stability_axis_admission_audit_v1.csv,True,1,axis_id|axis_label_zh|axis_admission_decision|recommended_replacement_axis_id|recommended_replacement_axis_label_zh|radar_update_recommendation|gate_pass_count|gate_count|failed_gate_ids|axis_root|output_root|observed_activity_rows|supported_axis_rows|boundary,activity_mapmatch_or_wrong_branch_diagnostic_not_fork_inventory,False,False,activity_behavior_diagnostic_not_route_decision_point_inventory,Activity diagnostics can validate consequences of forks but cannot define route-level fork exposure alone.
outputs\report_figures\ch6_5_5_pacing_movement_stability_axis_admission_audit_v1\pacing_movement_stability_axis_admission_context_notes_v1.csv,True,4,note_id|note|boundary,other_context_not_fork_inventory,False,False,no_governed_fork_topology_fields_found,"No node-degree, edge adjacency, or parseable fork/decision-point inventory fields found."
outputs\report_figures\ch6_5_5_pacing_movement_stability_axis_admission_audit_v1\pacing_movement_stability_axis_admission_gate_detail_v1.csv,True,12,gate_id|gate_label|required|gate_status|evidence|interpretation_boundary,other_context_not_fork_inventory,False,False,no_governed_fork_topology_fields_found,"No node-degree, edge adjacency, or parseable fork/decision-point inventory fields found."
outputs\report_figures\ch6_5_5_pacing_movement_stability_axis_admission_audit_v1\pacing_movement_stability_axis_directional_sanity_review_v1.csv,True,5,metric|expected|low_score_group_median|high_score_group_median|passes,other_context_not_fork_inventory,False,False,no_governed_fork_topology_fields_found,"No node-degree, edge adjacency, or parseable fork/decision-point inventory fields found."
outputs\report_figures\ch6_5_5_pacing_movement_stability_axis_admission_audit_v1\pacing_movement_stability_sparse_component_review_v1.csv,True,1,component_id|raw_metric|activity_rows|zero_raw_value_count|nonzero_raw_value_count|zero_raw_value_ratio|review_note,activity_mapmatch_or_wrong_branch_diagnostic_not_fork_inventory,False,False,activity_behavior_diagnostic_not_route_decision_point_inventory,Activity diagnostics can validate consequences of forks but cannot define route-level fork exposure alone.
outputs\report_figures\ch6_5_5_pacing_movement_stability_axis_v1\pacing_movement_stability_activity_summary_v1.csv,True,25,activity_id_short|window_count|activity_has_min_windows|route_distance_min_m|route_distance_max_m|speed_mps_median_activity|speed_mps_iqr_activity|speed_cv_iqr_over_median|low_speed_ratio_median_activity|low_speed_high_window_count|low_speed_high_window_ratio|low_speed_high_cluster_max_run_windows|low_speed_high_cluster_max_run_fraction|stopped_ratio_median_activity|stopped_window_count|stopped_window_ratio|stopped_cluster_max_run_windows|stopped_cluster_max_run_fraction|early_speed_mps_median|late_speed_mps_median|late_stage_speed_degradation_ratio|high_route_load_window_count|high_route_load_window_ratio|route_load_context_index_median|high_route_load_speed_mps_median|reference_speed_mps_median_for_high_load|high_route_load_speed_maintenance_ratio|high_route_load_speed_maintenance_basis|route_load_context_bands_observed|weather_context_flags_observed|interpretation_boundary|axis_group_relative_index_0_100|axis_support_status|component_available_count|component_missing_ids,activity_mapmatch_or_wrong_branch_diagnostic_not_fork_inventory,False,False,activity_behavior_diagnostic_not_route_decision_point_inventory,Activity diagnostics can validate consequences of forks but cannot define route-level fork exposure alone.
outputs\report_figures\ch6_5_5_pacing_movement_stability_axis_v1\pacing_movement_stability_audit_v1.csv,True,1,input_pack_root|primary_input_path|output_root|input_pack_manifest_exists|window_rows|activity_rows|component_rows|axis_rows|supported_axis_rows|limited_axis_rows|insufficient_axis_rows|low_speed_threshold_q75|stopped_threshold_positive_q75|high_route_load_threshold_q75|min_windows_per_activity|min_high_route_load_windows|zero_fill_used|weather_zero_fill_used|ability_score_generated|ability_rank_generated|ability_class_generated|radar_score_generated|route_suitability_score_generated|go_no_go_generated|medical_diagnosis_generated|causality_claim_generated|audit_issues|audit_conclusion|interpretation_boundary,activity_mapmatch_or_wrong_branch_diagnostic_not_fork_inventory,False,False,activity_behavior_diagnostic_not_route_decision_point_inventory,Activity diagnostics can validate consequences of forks but cannot define route-level fork exposure alone.
outputs\report_figures\ch6_5_5_pacing_movement_stability_axis_v1\pacing_movement_stability_axis_v1.csv,True,25,activity_id_short|axis_id|axis_label_zh|axis_group_relative_index_0_100|axis_support_status|component_available_count|component_total_count|component_missing_ids|axis_component_formula|axis_component_weights|axis_direction|axis_source|interpretation_boundary,activity_mapmatch_or_wrong_branch_diagnostic_not_fork_inventory,False,False,activity_behavior_diagnostic_not_route_decision_point_inventory,Activity diagnostics can validate consequences of forks but cannot define route-level fork exposure alone.
outputs\report_figures\ch6_5_5_pacing_movement_stability_axis_v1\pacing_movement_stability_component_v1.csv,True,125,activity_id_short|axis_id|axis_label_zh|component_id|component_weight|component_raw_metric|component_raw_value|component_raw_direction|component_group_relative_index_0_100|component_available|component_missing_reason|component_description|interpretation_boundary,activity_mapmatch_or_wrong_branch_diagnostic_not_fork_inventory,False,False,activity_behavior_diagnostic_not_route_decision_point_inventory,Activity diagnostics can validate consequences of forks but cannot define route-level fork exposure alone.
outputs\report_figures\ch6_5_5_pacing_movement_stability_axis_v1\pacing_movement_stability_window_evidence_v1.csv,True,2054,schema_version|activity_id_short|activity_id_full|route_distance_window_start_m|route_distance_window_end_m|route_phase|point_count|route_profile_elevation_range_m|calibrated_slope_pct_p75_abs|slope_load_source|ib2_effort_evidence_median|ib2_terrain_evidence_median|near_steps_ratio|vertical_load_norm|slope_load_norm|ib2_effort_load_norm|terrain_load_norm|steps_surface_load_norm|route_load_context_index_0_100|route_load_context_band|route_load_context_reason_flags|weather_context_flags|weather_context_available|environment_context_flags|environment_context_available|temperature_c|relative_humidity_pct|precipitation_mm|wind_speed_ms|wind_gust_ms|uv_index|heart_rate_bpm_median|activity_heart_rate_bpm_median_p75|speed_mps_median|low_speed_ratio|stopped_ratio|behavior_response_flags|behavior_response_signal_flag_count|window_qa_flags|route_load_context_boundary|high_low_speed_window|stopped_window|high_route_load_window|window_order_in_activity|window_count_in_activity|route_stage_tercile|pacing_window_boundary,activity_mapmatch_or_wrong_branch_diagnostic_not_fork_inventory,False,False,activity_behavior_diagnostic_not_route_decision_point_inventory,Activity diagnostics can validate consequences of forks but cannot define route-level fork exposure alone.
outputs\report_figures\ch6_5_5_personal_ability_radar_axis_contract_v1\personal_ability_radar_axis_contract_audit_v1.csv,True,1,axis_count|numeric_axis_count|limited_proxy_axis_count|descriptive_annotation_axis_count|missing_evidence_annotation_axis_count|excluded_axis_count|evidence_catalog_count|evidence_found_count|zero_fill_used|forbidden_score_rank_class_fields_present|forbidden_fields|radar_scoring_absent|ability_scoring_absent|ranking_absent|class_label_absent|decision_label_absent|diagnosis_absent|causal_claim_absent|audit_conclusion|review_reasons|interpretation_boundary,other_context_not_fork_inventory,False,False,no_governed_fork_topology_fields_found,"No node-degree, edge adjacency, or parseable fork/decision-point inventory fields found."
outputs\report_figures\ch6_5_5_personal_ability_radar_axis_contract_v1\personal_ability_radar_axis_contract_v1.csv,True,11,axis_id|axis_label_zh|axis_domain|axis_status|axis_output_mode|evidence_maturity|radar_output_permission|primary_evidence_source|primary_evidence_fields|supporting_evidence_sources|required_consumption_gates|fallback_status|missing_evidence_reason|allowed_use|disallowed_use|interpretation_boundary,other_context_not_fork_inventory,False,False,no_governed_fork_topology_fields_found,"No node-degree, edge adjacency, or parseable fork/decision-point inventory fields found."
outputs\report_figures\ch6_5_5_personal_ability_radar_axis_contract_v1\personal_ability_radar_axis_evidence_inventory_v1.csv,True,12,evidence_id|evidence_found|evidence_path|row_count|column_count|columns|interpretation_boundary,other_context_not_fork_inventory,False,False,no_governed_fork_topology_fields_found,"No node-degree, edge adjacency, or parseable fork/decision-point inventory fields found."
outputs\report_figures\ch6_5_5_personal_ability_radar_data_table_v1\personal_ability_radar_data_table_audit_v1.csv,True,1,activity_count|radar_data_table_row_count|axis_count|numeric_axis_row_count|limited_proxy_axis_row_count|limited_proxy_axis_value_count|descriptive_annotation_row_count|missing_evidence_annotation_row_count|descriptive_annotation_value_violation_count|missing_evidence_value_violation_count|missing_evidence_zero_fill_violation_count|zero_fill_used|forbidden_score_rank_class_fields_present|forbidden_fields|radar_scoring_absent|ability_scoring_absent|ranking_absent|class_label_absent|decision_label_absent|diagnosis_absent|causal_claim_absent|audit_conclusion|review_reasons|interpretation_boundary,activity_mapmatch_or_wrong_branch_diagnostic_not_fork_inventory,False,False,activity_behavior_diagnostic_not_route_decision_point_inventory,Activity diagnostics can validate consequences of forks but cannot define route-level fork exposure alone.
outputs\report_figures\ch6_5_5_personal_ability_radar_data_table_v1\personal_ability_radar_data_table_v1.csv,True,286,participant_id|activity_id_short|study_population_status|axis_id|axis_label_zh|axis_status|axis_output_mode|radar_output_permission|axis_value_allowed|axis_value|axis_value_unit|axis_annotation|evidence_source|evidence_fields|required_gate_status|fallback_status|missing_evidence_reason|allowed_use|disallowed_use|interpretation_boundary,activity_mapmatch_or_wrong_branch_diagnostic_not_fork_inventory,False,False,activity_behavior_diagnostic_not_route_decision_point_inventory,Activity diagnostics can validate consequences of forks but cannot define route-level fork exposure alone.
outputs\report_figures\ch6_5_5_personal_ability_radar_plot_v1\ib3c_route_following_candidate_activity_summary_manual_v1.csv,True,26,activity_id|event_rows|event_type_n|max_off_route_ratio|mean_off_route_ratio|min_on_route_ratio|mean_on_route_ratio|max_offset_m|total_event_duration_sec|low_confidence_event_count|recovery_keyword_count|off_route_keyword_count,activity_mapmatch_or_wrong_branch_diagnostic_not_fork_inventory,False,False,activity_behavior_diagnostic_not_route_decision_point_inventory,Activity diagnostics can validate consequences of forks but cannot define route-level fork exposure alone.
outputs\report_figures\ch6_5_5_personal_ability_radar_plot_v1\ib3c_route_following_candidate_columns_manual_v1.csv,True,16,source_root|file|length|columns,other_context_not_fork_inventory,False,False,no_governed_fork_topology_fields_found,"No node-degree, edge adjacency, or parseable fork/decision-point inventory fields found."
outputs\report_figures\ch6_5_5_personal_ability_radar_plot_v1\ib3c_route_following_candidate_event_value_inventory_manual_v1.csv,True,85,column|value|count,activity_mapmatch_or_wrong_branch_diagnostic_not_fork_inventory,False,False,activity_behavior_diagnostic_not_route_decision_point_inventory,Activity diagnostics can validate consequences of forks but cannot define route-level fork exposure alone.
outputs\report_figures\ch6_5_5_personal_ability_radar_plot_v1\non_plotted_axis_gap_review_manual_v1.csv,True,234,activity_id_short|participant_id|study_population_status|axis_id|axis_label_zh|axis_status|axis_output_mode|radar_output_permission|axis_annotation|missing_evidence_reason|required_gate_status|fallback_status|evidence_source|evidence_fields|allowed_use|disallowed_use,activity_mapmatch_or_wrong_branch_diagnostic_not_fork_inventory,False,False,activity_behavior_diagnostic_not_route_decision_point_inventory,Activity diagnostics can validate consequences of forks but cannot define route-level fork exposure alone.
outputs\report_figures\ch6_5_5_personal_ability_radar_plot_v1\personal_ability_radar_annotation_summary_v1.csv,True,234,participant_id|activity_id_short|study_population_status|axis_id|axis_label_zh|axis_output_mode|radar_output_permission|axis_annotation|missing_evidence_reason|required_gate_status|fallback_status|allowed_use|disallowed_use|interpretation_boundary,activity_mapmatch_or_wrong_branch_diagnostic_not_fork_inventory,False,False,activity_behavior_diagnostic_not_route_decision_point_inventory,Activity diagnostics can validate consequences of forks but cannot define route-level fork exposure alone.
outputs\report_figures\ch6_5_5_personal_ability_radar_plot_v1\personal_ability_radar_axis_gap_summary_manual_v1.csv,True,11,axis_id|axis_label_zh|axis_status|axis_output_mode|radar_output_permission|row_count|baseline_rows|extra_source_rows|value_allowed_rows|value_present_rows|missing_reason_present_rows|sample_annotation|sample_missing_evidence_reason|sample_required_gate_status|evidence_source|evidence_fields,other_context_not_fork_inventory,False,False,no_governed_fork_topology_fields_found,"No node-degree, edge adjacency, or parseable fork/decision-point inventory fields found."
outputs\report_figures\ch6_5_5_personal_ability_radar_plot_v1\personal_ability_radar_plot_audit_v1.csv,True,1,source_data_table_audit_conclusion|activity_plot_index_count|plot_created_count|baseline_plot_created_count|extra_source_plot_created_count|proxy_axis_plot_row_count|descriptive_annotation_row_count|missing_evidence_annotation_row_count|annotation_summary_row_count|zero_fill_used|forbidden_score_rank_class_fields_present|forbidden_fields|radar_scoring_absent|ability_scoring_absent|ranking_absent|class_label_absent|decision_label_absent|diagnosis_absent|causal_claim_absent|audit_conclusion|review_reasons|interpretation_boundary,activity_mapmatch_or_wrong_branch_diagnostic_not_fork_inventory,False,False,activity_behavior_diagnostic_not_route_decision_point_inventory,Activity diagnostics can validate consequences of forks but cannot define route-level fork exposure alone.
outputs\report_figures\ch6_5_5_personal_ability_radar_plot_v1\personal_ability_radar_plot_index_v1.csv,True,26,participant_id|activity_id_short|study_population_status|plot_created|plot_path|plot_reason|plotted_axis_count|allowed_proxy_axis_count|descriptive_annotation_count|missing_evidence_annotation_count|interpretation_boundary,activity_mapmatch_or_wrong_branch_diagnostic_not_fork_inventory,False,False,activity_behavior_diagnostic_not_route_decision_point_inventory,Activity diagnostics can validate consequences of forks but cannot define route-level fork exposure alone.
outputs\report_figures\ch6_5_5_personal_ability_radar_plot_v1\personal_ability_radar_plot_ready_table_v1.csv,True,286,participant_id|activity_id_short|study_population_status|axis_id|axis_label_zh|axis_status|axis_output_mode|radar_output_permission|axis_value_allowed|axis_value|axis_value_unit|axis_annotation|evidence_source|evidence_fields|required_gate_status|fallback_status|missing_evidence_reason|allowed_use|disallowed_use|interpretation_boundary|axis_value_numeric|axis_value_allowed_bool|baseline_population_pass|plot_candidate|plot_value|plot_scale|plot_scale_note|plot_allowed|plot_label,activity_mapmatch_or_wrong_branch_diagnostic_not_fork_inventory,False,False,activity_behavior_diagnostic_not_route_decision_point_inventory,Activity diagnostics can validate consequences of forks but cannot define route-level fork exposure alone.
outputs\report_figures\ch6_5_5_personal_ability_radar_plot_v1_1\personal_ability_radar_annotation_summary_v1_1.csv,True,211,participant_id|activity_id_short|study_population_status|axis_id|axis_label_zh|axis_output_mode|radar_output_permission|axis_annotation|missing_evidence_reason|required_gate_status|fallback_status|plot_permission_note|allowed_use|disallowed_use|interpretation_boundary,activity_mapmatch_or_wrong_branch_diagnostic_not_fork_inventory,False,False,activity_behavior_diagnostic_not_route_decision_point_inventory,Activity diagnostics can validate consequences of forks but cannot define route-level fork exposure alone.
outputs\report_figures\ch6_5_5_personal_ability_radar_plot_v1_1\personal_ability_radar_plot_audit_v1_1.csv,True,1,input_data_table_row_count|activity_count|baseline_activity_count|extra_source_activity_count|plotted_baseline_activity_count|plotted_extra_source_activity_count|limited_proxy_axis_count|plotted_axis_count_per_baseline_activity_min|plotted_axis_count_per_baseline_activity_max|descriptive_annotation_not_plotted|missing_evidence_annotation_not_plotted|zero_fill_used|forbidden_fields_present|forbidden_fields|generated_plot_count|annotation_summary_row_count|limited_proxy_axes|audit_conclusion|review_reasons|interpretation_boundary,activity_mapmatch_or_wrong_branch_diagnostic_not_fork_inventory,False,False,activity_behavior_diagnostic_not_route_decision_point_inventory,Activity diagnostics can validate consequences of forks but cannot define route-level fork exposure alone.
outputs\report_figures\ch6_5_5_personal_ability_radar_plot_v1_1\personal_ability_radar_plot_index_v1_1.csv,True,26,participant_id|activity_id_short|study_population_status|plot_created|plot_path|plot_reason|plotted_axis_count|allowed_proxy_axis_count|blocked_limited_proxy_axis_count|descriptive_annotation_count|missing_evidence_annotation_count|interpretation_boundary,activity_mapmatch_or_wrong_branch_diagnostic_not_fork_inventory,False,False,activity_behavior_diagnostic_not_route_decision_point_inventory,Activity diagnostics can validate consequences of forks but cannot define route-level fork exposure alone.
outputs\report_figures\ch6_5_5_personal_ability_radar_plot_v1_1\personal_ability_radar_plot_ready_table_v1_1.csv,True,572,participant_id|activity_id_short|study_population_status|axis_id|axis_label_zh|axis_status|axis_output_mode|radar_output_permission|axis_value_allowed|axis_value|axis_value_unit|axis_annotation|evidence_source|evidence_fields|required_gate_status|fallback_status|missing_evidence_reason|allowed_use|disallowed_use|interpretation_boundary|axis_value_numeric|axis_value_allowed_bool|baseline_population_pass|limited_proxy_axis|plot_candidate|plot_allowed|plot_value|plot_scale|plot_scale_note|plot_label|plot_permission_note|plot_interpretation_boundary,activity_mapmatch_or_wrong_branch_diagnostic_not_fork_inventory,False,False,activity_behavior_diagnostic_not_route_decision_point_inventory,Activity diagnostics can validate consequences of forks but cannot define route-level fork exposure alone.
outputs\report_figures\ch6_5_5_personal_activity_performance_radar_preview_v0_1\personal_activity_performance_radar_preview_audit_v0_1.csv,True,1,radar_root|output_root|activity_count_requested_or_selected|preview_png_count|zero_fill_used|missing_axes_rendered_as_missing|upstream_audit_conclusion|audit_conclusion|interpretation_boundary,activity_mapmatch_or_wrong_branch_diagnostic_not_fork_inventory,False,False,activity_behavior_diagnostic_not_route_decision_point_inventory,Activity diagnostics can validate consequences of forks but cannot define route-level fork exposure alone.
outputs\report_figures\ch6_5_5_personal_activity_performance_radar_preview_v0_1\personal_activity_performance_radar_preview_manifest_v0_1.csv,True,25,activity_id_short|participant_id|png_file|mean_available_axis_index_0_100|supported_axis_count|limited_proxy_axis_count|insufficient_evidence_axis_count|radar_readiness_label|activity_history_primary_label|numeric_attribution_label_v0_5|suggested_report_case_role|interpretation_boundary,activity_mapmatch_or_wrong_branch_diagnostic_not_fork_inventory,False,False,activity_behavior_diagnostic_not_route_decision_point_inventory,Activity diagnostics can validate consequences of forks but cannot define route-level fork exposure alone.
outputs\report_figures\ch6_5_5_personal_activity_performance_radar_preview_v0_2\personal_activity_performance_radar_preview_audit_v0_2.csv,True,1,radar_root|output_root|activity_count_requested_or_selected|preview_png_count|zero_fill_used|missing_axes_rendered_as_missing|cjk_font_source|upstream_audit_conclusion|audit_conclusion|interpretation_boundary,activity_mapmatch_or_wrong_branch_diagnostic_not_fork_inventory,False,False,activity_behavior_diagnostic_not_route_decision_point_inventory,Activity diagnostics can validate consequences of forks but cannot define route-level fork exposure alone.
outputs\report_figures\ch6_5_5_personal_activity_performance_radar_preview_v0_2\personal_activity_performance_radar_preview_manifest_v0_2.csv,True,25,activity_id_short|participant_id|png_file|mean_available_axis_index_0_100|supported_axis_count|limited_proxy_axis_count|insufficient_evidence_axis_count|radar_readiness_label|activity_history_primary_label|numeric_attribution_label_v0_5|suggested_report_case_role|interpretation_boundary,activity_mapmatch_or_wrong_branch_diagnostic_not_fork_inventory,False,False,activity_behavior_diagnostic_not_route_decision_point_inventory,Activity diagnostics can validate consequences of forks but cannot define route-level fork exposure alone.
outputs\report_figures\ch6_5_5_personal_activity_performance_radar_report_safe_v0_3\personal_activity_performance_radar_report_safe_audit_v0_3.csv,True,1,radar_root|output_root|selected_activity_count|report_safe_png_count|plotted_axis_count_per_activity|missing_axis_count_per_activity|zero_fill_used|missing_axes_rendered_as_missing_table|cjk_font_source|upstream_audit_conclusion|audit_conclusion|interpretation_boundary,activity_mapmatch_or_wrong_branch_diagnostic_not_fork_inventory,False,False,activity_behavior_diagnostic_not_route_decision_point_inventory,Activity diagnostics can validate consequences of forks but cannot define route-level fork exposure alone.
outputs\report_figures\ch6_5_5_personal_activity_performance_radar_report_safe_v0_3\personal_activity_performance_radar_report_safe_manifest_v0_3.csv,True,10,case_group|activity_id_short|participant_id|png_file|plotted_axis_count|missing_axis_count|missing_axis_ids|missing_axis_labels_zh|mean_available_axis_index_0_100|radar_readiness_label|activity_history_primary_label|numeric_attribution_label_v0_5|suggested_report_case_role|interpretation_boundary,activity_mapmatch_or_wrong_branch_diagnostic_not_fork_inventory,False,False,activity_behavior_diagnostic_not_route_decision_point_inventory,Activity diagnostics can validate consequences of forks but cannot define route-level fork exposure alone.
outputs\report_figures\ch6_5_5_personal_activity_performance_radar_report_safe_v0_3\personal_activity_performance_radar_report_safe_missing_evidence_v0_3.csv,True,20,activity_id_short|participant_id|axis_id|axis_label_zh|missing_reason|interpretation_boundary,activity_mapmatch_or_wrong_branch_diagnostic_not_fork_inventory,False,False,activity_behavior_diagnostic_not_route_decision_point_inventory,Activity diagnostics can validate consequences of forks but cannot define route-level fork exposure alone.
outputs\report_figures\ch6_5_5_personal_activity_performance_radar_report_safe_v1_terrain_axis\personal_activity_performance_radar_report_safe_activity_summary_v1_terrain_axis.csv,True,25,activity_id_short|participant_id|radar_axis_count|supported_axis_count|limited_proxy_axis_count|insufficient_evidence_axis_count|lowest_available_axis_id|highest_available_axis_id|radar_readiness_label|activity_history_primary_label|activity_history_evidence_tier|numeric_attribution_label_v0_5|suggested_report_case_role|hr_median_zone_sex_age_est|tertiary_profile_context_signal|interpretation_boundary|available_axis_count|mean_available_axis_index_0_100|min_available_axis_index_0_100|max_available_axis_index_0_100|missing_axis_count|missing_axis_ids|missing_axis_labels_zh|radar_readiness_label_v1|interpretation_boundary_v1,activity_mapmatch_or_wrong_branch_diagnostic_not_fork_inventory,False,False,activity_behavior_diagnostic_not_route_decision_point_inventory,Activity diagnostics can validate consequences of forks but cannot define route-level fork exposure alone.
outputs\report_figures\ch6_5_5_personal_activity_performance_radar_report_safe_v1_terrain_axis\personal_activity_performance_radar_report_safe_audit_v1_terrain_axis.csv,True,1,radar_root|terrain_root|admission_root|output_root|selected_activity_count|report_safe_png_count|plotted_axis_count_per_activity|missing_axis_count_per_activity|terrain_axis_admission_decision|terrain_axis_admission_gate_pass_count|terrain_axis_admission_gate_count|route_following_stability_remaining_missing|zero_fill_used|missing_axes_rendered_as_missing_table|cjk_font_source|upstream_radar_v0_audit_conclusion|audit_conclusion|interpretation_boundary,activity_mapmatch_or_wrong_branch_diagnostic_not_fork_inventory,False,False,activity_behavior_diagnostic_not_route_decision_point_inventory,Activity diagnostics can validate consequences of forks but cannot define route-level fork exposure alone.
outputs\report_figures\ch6_5_5_personal_activity_performance_radar_report_safe_v1_terrain_axis\personal_activity_performance_radar_report_safe_axis_table_v1_terrain_axis.csv,True,175,activity_id_short|participant_id|axis_id|axis_label_zh|axis_group_relative_index_0_100|axis_support_status|axis_component_metrics|axis_description|activity_history_primary_label|activity_history_evidence_tier|numeric_attribution_label_v0_5|suggested_report_case_role|numeric_attention_flag_count|movement_degradation_flag_count|numeric_attention_flags|hr_median_zone_sex_age_est|tertiary_profile_context_signal|interpretation_boundary|axis_source|terrain_movement_context_label|axis_admission_decision,activity_mapmatch_or_wrong_branch_diagnostic_not_fork_inventory,False,False,activity_behavior_diagnostic_not_route_decision_point_inventory,Activity diagnostics can validate consequences of forks but cannot define route-level fork exposure alone.
outputs\report_figures\ch6_5_5_personal_activity_performance_radar_report_safe_v1_terrain_axis\personal_activity_performance_radar_report_safe_manifest_v1_terrain_axis.csv,True,10,case_group|activity_id_short|participant_id|png_file|plotted_axis_count|missing_axis_count|missing_axis_ids|missing_axis_labels_zh|terrain_movement_axis_index_0_100|mean_available_axis_index_0_100|radar_readiness_label_v1|activity_history_primary_label|numeric_attribution_label_v0_5|suggested_report_case_role|axis_admission_decision|interpretation_boundary,activity_mapmatch_or_wrong_branch_diagnostic_not_fork_inventory,False,False,activity_behavior_diagnostic_not_route_decision_point_inventory,Activity diagnostics can validate consequences of forks but cannot define route-level fork exposure alone.
outputs\report_figures\ch6_5_5_personal_activity_performance_radar_report_safe_v1_terrain_axis\personal_activity_performance_radar_report_safe_missing_evidence_v1_terrain_axis.csv,True,10,activity_id_short|participant_id|axis_id|axis_label_zh|missing_reason|interpretation_boundary,activity_mapmatch_or_wrong_branch_diagnostic_not_fork_inventory,False,False,activity_behavior_diagnostic_not_route_decision_point_inventory,Activity diagnostics can validate consequences of forks but cannot define route-level fork exposure alone.
outputs\report_figures\ch6_5_5_personal_activity_performance_radar_v0\personal_activity_performance_radar_activity_summary_v0.csv,True,25,activity_id_short|participant_id|radar_axis_count|supported_axis_count|limited_proxy_axis_count|insufficient_evidence_axis_count|mean_available_axis_index_0_100|min_available_axis_index_0_100|max_available_axis_index_0_100|lowest_available_axis_id|highest_available_axis_id|radar_readiness_label|activity_history_primary_label|activity_history_evidence_tier|numeric_attribution_label_v0_5|suggested_report_case_role|hr_median_zone_sex_age_est|tertiary_profile_context_signal|interpretation_boundary,activity_mapmatch_or_wrong_branch_diagnostic_not_fork_inventory,False,False,activity_behavior_diagnostic_not_route_decision_point_inventory,Activity diagnostics can validate consequences of forks but cannot define route-level fork exposure alone.
outputs\report_figures\ch6_5_5_personal_activity_performance_radar_v0\personal_activity_performance_radar_audit_v0.csv,True,1,context_source_path|attribution_source_path|activity_count|axis_rows|component_rows|axis_count|supported_activity_history_axes_n|limited_proxy_axes_n|insufficient_evidence_axes_n|zero_fill_used|audit_conclusion|interpretation_boundary,activity_mapmatch_or_wrong_branch_diagnostic_not_fork_inventory,False,False,activity_behavior_diagnostic_not_route_decision_point_inventory,Activity diagnostics can validate consequences of forks but cannot define route-level fork exposure alone.
outputs\report_figures\ch6_5_5_personal_activity_performance_radar_v0\personal_activity_performance_radar_axis_summary_v0.csv,True,7,axis_id|axis_label_zh|axis_support_status|activity_count|available_value_count|mean_axis_index_0_100|interpretation_boundary,activity_mapmatch_or_wrong_branch_diagnostic_not_fork_inventory,False,False,activity_behavior_diagnostic_not_route_decision_point_inventory,Activity diagnostics can validate consequences of forks but cannot define route-level fork exposure alone.
outputs\report_figures\ch6_5_5_personal_activity_performance_radar_v0\personal_activity_performance_radar_axis_v0.csv,True,175,activity_id_short|participant_id|axis_id|axis_label_zh|axis_group_relative_index_0_100|axis_support_status|axis_component_metrics|axis_description|activity_history_primary_label|activity_history_evidence_tier|numeric_attribution_label_v0_5|suggested_report_case_role|numeric_attention_flag_count|movement_degradation_flag_count|numeric_attention_flags|hr_median_zone_sex_age_est|tertiary_profile_context_signal|interpretation_boundary,activity_mapmatch_or_wrong_branch_diagnostic_not_fork_inventory,False,False,activity_behavior_diagnostic_not_route_decision_point_inventory,Activity diagnostics can validate consequences of forks but cannot define route-level fork exposure alone.
outputs\report_figures\ch6_5_5_personal_activity_performance_radar_v0\personal_activity_performance_radar_component_v0.csv,True,325,activity_id_short|participant_id|axis_id|axis_label_zh|component_metric|component_role|component_raw_value|component_group_relative_index_0_100|component_support_status|interpretation_boundary,activity_mapmatch_or_wrong_branch_diagnostic_not_fork_inventory,False,False,activity_behavior_diagnostic_not_route_decision_point_inventory,Activity diagnostics can validate consequences of forks but cannot define route-level fork exposure alone.
outputs\report_figures\ch6_5_5_personal_activity_performance_radar_v0\personal_activity_performance_radar_missing_evidence_v0.csv,True,2,axis_id|axis_label_zh|activity_count|activity_id_short_list|missing_reason|interpretation_boundary,activity_mapmatch_or_wrong_branch_diagnostic_not_fork_inventory,False,False,activity_behavior_diagnostic_not_route_decision_point_inventory,Activity diagnostics can validate consequences of forks but cannot define route-level fork exposure alone.
outputs\report_figures\ch6_5_5_personal_profile_metadata_join_v0_2\personal_profile_hr_zone_summary_v0_2.csv,True,5,hr_median_zone_sex_age_est|activity_count|activity_id_short_list|hr_pct_mean|hr_pct_min|hr_pct_max|interpretation_boundary,activity_mapmatch_or_wrong_branch_diagnostic_not_fork_inventory,False,False,activity_behavior_diagnostic_not_route_decision_point_inventory,Activity diagnostics can validate consequences of forks but cannot define route-level fork exposure alone.
outputs\report_figures\ch6_5_5_personal_profile_metadata_join_v0_2\personal_profile_metadata_join_audit_v0_2.csv,True,1,activity_count|participant_profile_rows|participant_profile_joined_n|participant_profile_missing_n|sex_age_hrmax_available_n|hr_zone_available_n|candidate_rows|vo2_p25_joined|vo2_p75_joined|audit_conclusion|interpretation_boundary,activity_mapmatch_or_wrong_branch_diagnostic_not_fork_inventory,False,False,activity_behavior_diagnostic_not_route_decision_point_inventory,Activity diagnostics can validate consequences of forks but cannot define route-level fork exposure alone.
outputs\report_figures\ch6_5_5_personal_profile_metadata_join_v0_2\personal_profile_metadata_join_summary_v0_2.csv,True,6,route_load_strain_context_label|activity_count|activity_id_short_list|interpretation_boundary,activity_mapmatch_or_wrong_branch_diagnostic_not_fork_inventory,False,False,activity_behavior_diagnostic_not_route_decision_point_inventory,Activity diagnostics can validate consequences of forks but cannot define route-level fork exposure alone.
outputs\report_figures\ch6_5_5_personal_profile_metadata_join_v0_2\personal_profile_metadata_join_v0_2.csv,True,25,activity_id_short|participant_id|metadata_join_status|age_yrs|sex_code|bmi|estimated_vo2max_ml_kg_min|vo2max_context_tier|qixing_difficulty_scale|qixing_self_report_difficulty_tier|heart_rate_bpm_median_avg|sex_age_est_hrmax_bpm|sex_age_est_hrmax_formula|hr_median_pct_sex_age_est_hrmax|hr_median_zone_sex_age_est|behavior_degradation_proxy_present|hr_output_efficiency_context|personal_route_load_match_review_level|personal_route_load_match_review_flags|speed_mps_median_median|low_speed_ratio_avg|stopped_ratio_avg|uphill_high_route_load_ratio|route_load_behavior_candidate_window_ratio|behavior_weather_context_review_required_ratio|route_load_strain_context_label|interpretation_boundary,activity_mapmatch_or_wrong_branch_diagnostic_not_fork_inventory,False,False,activity_behavior_diagnostic_not_route_decision_point_inventory,Activity diagnostics can validate consequences of forks but cannot define route-level fork exposure alone.
outputs\report_figures\ch6_5_5_personal_profile_metadata_join_v0_2\personal_route_load_strain_candidate_with_profile_v0_2.csv,True,21,activity_id_short|participant_id|metadata_join_status|age_yrs|sex_code|bmi|estimated_vo2max_ml_kg_min|vo2max_context_tier|qixing_difficulty_scale|qixing_self_report_difficulty_tier|heart_rate_bpm_median_avg|sex_age_est_hrmax_bpm|sex_age_est_hrmax_formula|hr_median_pct_sex_age_est_hrmax|hr_median_zone_sex_age_est|behavior_degradation_proxy_present|hr_output_efficiency_context|personal_route_load_match_review_level|personal_route_load_match_review_flags|speed_mps_median_median|low_speed_ratio_avg|stopped_ratio_avg|uphill_high_route_load_ratio|route_load_behavior_candidate_window_ratio|behavior_weather_context_review_required_ratio|route_load_strain_context_label|interpretation_boundary,activity_mapmatch_or_wrong_branch_diagnostic_not_fork_inventory,False,False,activity_behavior_diagnostic_not_route_decision_point_inventory,Activity diagnostics can validate consequences of forks but cannot define route-level fork exposure alone.
outputs\report_figures\ch6_5_5_personal_profile_metadata_split_v0_3\personal_hr_output_context_summary_v0_3.csv,True,4,hr_median_zone_sex_age_est|hr_output_efficiency_context|activity_count|activity_id_short_list|interpretation_boundary,route_graph_summary_without_position,False,False,topology_summary_lacks_route_distance_or_coordinates,May inform need for upstream graph extraction but cannot locate exposure points yet.
outputs\report_figures\ch6_5_5_personal_profile_metadata_split_v0_3\personal_hr_output_context_v0_3.csv,True,15,activity_id_short|participant_id|metadata_join_status|age_yrs|sex_code|bmi|estimated_vo2max_ml_kg_min|vo2max_context_tier|qixing_difficulty_scale|qixing_self_report_difficulty_tier|heart_rate_bpm_median_avg|sex_age_est_hrmax_bpm|sex_age_est_hrmax_formula|hr_median_pct_sex_age_est_hrmax|hr_median_zone_sex_age_est|behavior_degradation_proxy_present|hr_output_efficiency_context|personal_route_load_match_review_level|personal_route_load_match_review_flags|speed_mps_median_median|low_speed_ratio_avg|stopped_ratio_avg|uphill_high_route_load_ratio|route_load_behavior_candidate_window_ratio|behavior_weather_context_review_required_ratio|route_load_strain_context_label|interpretation_boundary|ch6_5_5_v0_3_split_category|ch6_5_5_v0_3_boundary|hr_context_priority,route_graph_summary_without_position,False,False,topology_summary_lacks_route_distance_or_coordinates,May inform need for upstream graph extraction but cannot locate exposure points yet.
outputs\report_figures\ch6_5_5_personal_profile_metadata_split_v0_3\personal_hrmax_estimate_sensor_review_v0_3.csv,True,1,activity_id_short|participant_id|metadata_join_status|age_yrs|sex_code|bmi|estimated_vo2max_ml_kg_min|vo2max_context_tier|qixing_difficulty_scale|qixing_self_report_difficulty_tier|heart_rate_bpm_median_avg|sex_age_est_hrmax_bpm|sex_age_est_hrmax_formula|hr_median_pct_sex_age_est_hrmax|hr_median_zone_sex_age_est|behavior_degradation_proxy_present|hr_output_efficiency_context|personal_route_load_match_review_level|personal_route_load_match_review_flags|speed_mps_median_median|low_speed_ratio_avg|stopped_ratio_avg|uphill_high_route_load_ratio|route_load_behavior_candidate_window_ratio|behavior_weather_context_review_required_ratio|route_load_strain_context_label|interpretation_boundary|ch6_5_5_v0_3_split_category|ch6_5_5_v0_3_boundary,route_graph_summary_without_position,False,False,topology_summary_lacks_route_distance_or_coordinates,May inform need for upstream graph extraction but cannot locate exposure points yet.
outputs\report_figures\ch6_5_5_personal_profile_metadata_split_v0_3\personal_profile_metadata_split_audit_v0_3.csv,True,1,source_path|activity_count|v0_2_candidate_like_rows_including_controlled_hr|v0_3_true_strain_candidate_rows|v0_3_hr_output_context_rows|v0_3_hrmax_review_rows|high_hr_controlled_context_rows_removed_from_strain_candidate|split_category_count|audit_conclusion|interpretation_boundary,route_graph_summary_without_position,False,False,topology_summary_lacks_route_distance_or_coordinates,May inform need for upstream graph extraction but cannot locate exposure points yet.
outputs\report_figures\ch6_5_5_personal_profile_metadata_split_v0_3\personal_profile_metadata_split_full_context_v0_3.csv,True,25,activity_id_short|participant_id|metadata_join_status|age_yrs|sex_code|bmi|estimated_vo2max_ml_kg_min|vo2max_context_tier|qixing_difficulty_scale|qixing_self_report_difficulty_tier|heart_rate_bpm_median_avg|sex_age_est_hrmax_bpm|sex_age_est_hrmax_formula|hr_median_pct_sex_age_est_hrmax|hr_median_zone_sex_age_est|behavior_degradation_proxy_present|hr_output_efficiency_context|personal_route_load_match_review_level|personal_route_load_match_review_flags|speed_mps_median_median|low_speed_ratio_avg|stopped_ratio_avg|uphill_high_route_load_ratio|route_load_behavior_candidate_window_ratio|behavior_weather_context_review_required_ratio|route_load_strain_context_label|interpretation_boundary|ch6_5_5_v0_3_split_category|ch6_5_5_v0_3_boundary,route_graph_summary_without_position,False,False,topology_summary_lacks_route_distance_or_coordinates,May inform need for upstream graph extraction but cannot locate exposure points yet.
outputs\report_figures\ch6_5_5_personal_profile_metadata_split_v0_3\personal_profile_metadata_split_summary_v0_3.csv,True,4,ch6_5_5_v0_3_split_category|activity_count|activity_id_short_list|interpretation_boundary,route_graph_summary_without_position,False,False,topology_summary_lacks_route_distance_or_coordinates,May inform need for upstream graph extraction but cannot locate exposure points yet.
outputs\report_figures\ch6_5_5_personal_profile_metadata_split_v0_3\personal_route_load_strain_candidate_summary_v0_3.csv,True,4,route_load_strain_context_label|activity_count|activity_id_short_list|interpretation_boundary,route_graph_summary_without_position,False,False,topology_summary_lacks_route_distance_or_coordinates,May inform need for upstream graph extraction but cannot locate exposure points yet.
outputs\report_figures\ch6_5_5_personal_profile_metadata_split_v0_3\personal_route_load_strain_candidate_v0_3.csv,True,12,activity_id_short|participant_id|metadata_join_status|age_yrs|sex_code|bmi|estimated_vo2max_ml_kg_min|vo2max_context_tier|qixing_difficulty_scale|qixing_self_report_difficulty_tier|heart_rate_bpm_median_avg|sex_age_est_hrmax_bpm|sex_age_est_hrmax_formula|hr_median_pct_sex_age_est_hrmax|hr_median_zone_sex_age_est|behavior_degradation_proxy_present|hr_output_efficiency_context|personal_route_load_match_review_level|personal_route_load_match_review_flags|speed_mps_median_median|low_speed_ratio_avg|stopped_ratio_avg|uphill_high_route_load_ratio|route_load_behavior_candidate_window_ratio|behavior_weather_context_review_required_ratio|route_load_strain_context_label|interpretation_boundary|ch6_5_5_v0_3_split_category|ch6_5_5_v0_3_boundary|strain_priority,route_graph_summary_without_position,False,False,topology_summary_lacks_route_distance_or_coordinates,May inform need for upstream graph extraction but cannot locate exposure points yet.
outputs\report_figures\ch6_5_5_route_following_axis_contract_patch_v1\personal_ability_radar_axis_contract_patch_audit_v1.csv,True,1,axis_count|route_following_stability_patched|route_following_old_output_mode|route_following_new_output_mode|deviation_correction_ability_output_mode|numeric_axis_count|limited_proxy_axis_count|missing_evidence_annotation_axis_count|evidence_inventory_row_count|route_following_proxy_admission_evidence_found|zero_fill_used|forbidden_policy_terms_present|forbidden_fields|ability_scoring_absent|ranking_absent|class_label_absent|risk_scoring_absent|route_suitability_scoring_absent|decision_label_absent|diagnosis_absent|causal_claim_absent|admission_audit_conclusion|audit_conclusion|review_reasons|interpretation_boundary,other_context_not_fork_inventory,False,False,no_governed_fork_topology_fields_found,"No node-degree, edge adjacency, or parseable fork/decision-point inventory fields found."
outputs\report_figures\ch6_5_5_route_following_axis_contract_patch_v1\personal_ability_radar_axis_contract_patch_v1.csv,True,1,axis_id|axis_label_zh|old_axis_status|new_axis_status|old_axis_output_mode|new_axis_output_mode|old_radar_output_permission|new_radar_output_permission|axis_value_allowed|patch_reason|evidence_source|evidence_fields|admission_decision|deviation_correction_ability_retained_decision|interpretation_boundary,other_context_not_fork_inventory,False,False,no_governed_fork_topology_fields_found,"No node-degree, edge adjacency, or parseable fork/decision-point inventory fields found."
outputs\report_figures\ch6_5_5_route_following_axis_contract_patch_v1\personal_ability_radar_axis_contract_v1_1.csv,True,11,axis_id|axis_label_zh|axis_domain|axis_status|axis_output_mode|evidence_maturity|radar_output_permission|primary_evidence_source|primary_evidence_fields|supporting_evidence_sources|required_consumption_gates|fallback_status|missing_evidence_reason|allowed_use|disallowed_use|interpretation_boundary|axis_value_allowed,other_context_not_fork_inventory,False,False,no_governed_fork_topology_fields_found,"No node-degree, edge adjacency, or parseable fork/decision-point inventory fields found."
outputs\report_figures\ch6_5_5_route_following_axis_contract_patch_v1\personal_ability_radar_axis_evidence_inventory_v1_1.csv,True,13,evidence_id|evidence_found|evidence_path|row_count|column_count|columns|interpretation_boundary|supporting_audit_path,other_context_not_fork_inventory,False,False,no_governed_fork_topology_fields_found,"No node-degree, edge adjacency, or parseable fork/decision-point inventory fields found."
outputs\report_figures\ch6_5_5_route_following_data_table_patch_v1\personal_ability_radar_data_table_patch_audit_v1.csv,True,1,row_count|activity_count|axis_count|route_following_rows|route_following_baseline_rows|route_following_extra_source_rows|route_following_baseline_value_count|route_following_extra_source_value_count|route_following_extra_source_blocked|limited_proxy_axis_row_count|limited_proxy_axis_value_count|missing_evidence_annotation_row_count|deviation_correction_ability_retained_missing|deviation_correction_ability_output_mode|zero_fill_used|forbidden_policy_terms_present|forbidden_fields|ability_scoring_absent|ranking_absent|class_label_absent|risk_scoring_absent|route_suitability_scoring_absent|decision_label_absent|diagnosis_absent|causal_claim_absent|audit_conclusion|review_reasons|interpretation_boundary,activity_mapmatch_or_wrong_branch_diagnostic_not_fork_inventory,False,False,activity_behavior_diagnostic_not_route_decision_point_inventory,Activity diagnostics can validate consequences of forks but cannot define route-level fork exposure alone.
outputs\report_figures\ch6_5_5_route_following_data_table_patch_v1\personal_ability_radar_data_table_patch_v1.csv,True,26,participant_id|activity_id_short|study_population_status|axis_id|axis_label_zh|old_axis_output_mode|new_axis_output_mode|old_axis_value_allowed|new_axis_value_allowed|old_axis_value|new_axis_value|axis_value_unit|patch_reason|evidence_source|evidence_fields|evidence_state|route_issue_event_count|terminal_event_rows|non_terminal_event_rows|admission_status|admission_decision|interpretation_boundary,activity_mapmatch_or_wrong_branch_diagnostic_not_fork_inventory,False,False,activity_behavior_diagnostic_not_route_decision_point_inventory,Activity diagnostics can validate consequences of forks but cannot define route-level fork exposure alone.
outputs\report_figures\ch6_5_5_route_following_data_table_patch_v1\personal_ability_radar_data_table_v1_1.csv,True,286,participant_id|activity_id_short|study_population_status|axis_id|axis_label_zh|axis_status|axis_output_mode|radar_output_permission|axis_value_allowed|axis_value|axis_value_unit|axis_annotation|evidence_source|evidence_fields|required_gate_status|fallback_status|missing_evidence_reason|allowed_use|disallowed_use|interpretation_boundary,activity_mapmatch_or_wrong_branch_diagnostic_not_fork_inventory,False,False,activity_behavior_diagnostic_not_route_decision_point_inventory,Activity diagnostics can validate consequences of forks but cannot define route-level fork exposure alone.
outputs\report_figures\ch6_5_5_route_following_stability_proxy_admission_v1\route_following_stability_proxy_activity_summary_v1.csv,True,26,activity_id|study_population_status|baseline_population_gate|event_rows|non_terminal_event_rows|route_issue_event_count|off_route_event_count|navigation_uncertainty_event_count|rejoin_candidate_event_count|high_confidence_route_issue_count|low_confidence_route_issue_count|route_issue_duration_sec|total_event_duration_sec|max_offset_m|mean_off_route_ratio|min_on_route_ratio|candidate_proxy_route_following_stability_0_100|candidate_proxy_note|admission_status|allowed_use|disallowed_use,activity_mapmatch_or_wrong_branch_diagnostic_not_fork_inventory,False,False,activity_behavior_diagnostic_not_route_decision_point_inventory,Activity diagnostics can validate consequences of forks but cannot define route-level fork exposure alone.
outputs\report_figures\ch6_5_5_route_following_stability_proxy_admission_v1\route_following_stability_proxy_admission_audit_v1.csv,True,1,source_event_root|event_rows|activity_rows|baseline_activity_count|baseline_with_events_count|baseline_with_route_issue_count|extra_source_count|extra_source_admitted_count|route_following_admission_decision|deviation_correction_decision|zero_fill_used|forbidden_fields_present|ability_scoring_absent|ranking_absent|class_label_absent|decision_label_absent|audit_conclusion|review_reasons|interpretation_boundary,activity_mapmatch_or_wrong_branch_diagnostic_not_fork_inventory,False,False,activity_behavior_diagnostic_not_route_decision_point_inventory,Activity diagnostics can validate consequences of forks but cannot define route-level fork exposure alone.
outputs\report_figures\ch6_5_5_route_following_stability_proxy_admission_v1\route_following_stability_proxy_admission_decision_v1.csv,True,2,axis_id|axis_label_zh|current_axis_output_mode|recommended_axis_output_mode|admission_decision|baseline_activity_count|baseline_with_events_count|baseline_with_route_issue_count|extra_source_count|extra_source_admitted_count|evidence_source|evidence_fields|proxy_basis|review_reasons|interpretation_boundary,activity_mapmatch_or_wrong_branch_diagnostic_not_fork_inventory,False,False,activity_behavior_diagnostic_not_route_decision_point_inventory,Activity diagnostics can validate consequences of forks but cannot define route-level fork exposure alone.
outputs\report_figures\ch6_5_5_route_following_stability_proxy_admission_v1\route_following_stability_proxy_event_inventory_v1.csv,True,346,activity_id|event_id|event_type|event_subtype|event_modifiers|candidate_reason|semantic_event_type_candidate|semantic_recovery_interpretation|duration_sec|on_route_ratio|off_route_ratio|median_offset_m|max_offset_m|confidence|terminal_artifact|route_issue_event|off_route_event|navigation_uncertainty_event|rejoin_candidate_event|source_file|route_following_text_basis,activity_mapmatch_or_wrong_branch_diagnostic_not_fork_inventory,False,False,activity_behavior_diagnostic_not_route_decision_point_inventory,Activity diagnostics can validate consequences of forks but cannot define route-level fork exposure alone.
outputs\report_figures\ch6_5_5_route_following_stability_proxy_admission_v1_1\route_following_stability_proxy_activity_summary_v1_1.csv,True,26,activity_id|study_population_status|baseline_population_gate|detector_file_found|evidence_state|event_rows|terminal_event_rows|non_terminal_event_rows|route_issue_event_count|off_route_event_count|navigation_uncertainty_event_count|rejoin_candidate_event_count|high_confidence_route_issue_count|low_confidence_route_issue_count|route_issue_duration_sec|total_event_duration_sec|max_offset_m|mean_off_route_ratio|min_on_route_ratio|candidate_proxy_route_following_stability_0_100|candidate_proxy_note|admission_status|allowed_use|disallowed_use,activity_mapmatch_or_wrong_branch_diagnostic_not_fork_inventory,False,False,activity_behavior_diagnostic_not_route_decision_point_inventory,Activity diagnostics can validate consequences of forks but cannot define route-level fork exposure alone.
outputs\report_figures\ch6_5_5_route_following_stability_proxy_admission_v1_1\route_following_stability_proxy_admission_audit_v1_1.csv,True,1,source_event_root|event_rows|activity_rows|baseline_activity_count|baseline_detector_file_found_count|baseline_no_non_terminal_issue_count|baseline_with_events_count|baseline_with_route_issue_count|extra_source_count|extra_source_admitted_count|route_following_admission_decision|deviation_correction_decision|zero_fill_used|forbidden_fields_present|ability_scoring_absent|ranking_absent|class_label_absent|decision_label_absent|audit_conclusion|review_reasons|interpretation_boundary,activity_mapmatch_or_wrong_branch_diagnostic_not_fork_inventory,False,False,activity_behavior_diagnostic_not_route_decision_point_inventory,Activity diagnostics can validate consequences of forks but cannot define route-level fork exposure alone.
outputs\report_figures\ch6_5_5_route_following_stability_proxy_admission_v1_1\route_following_stability_proxy_admission_decision_v1_1.csv,True,2,axis_id|axis_label_zh|current_axis_output_mode|recommended_axis_output_mode|admission_decision|baseline_activity_count|baseline_detector_file_found_count|baseline_no_non_terminal_issue_count|baseline_with_events_count|baseline_with_route_issue_count|extra_source_count|extra_source_admitted_count|evidence_source|evidence_fields|proxy_basis|review_reasons|interpretation_boundary,activity_mapmatch_or_wrong_branch_diagnostic_not_fork_inventory,False,False,activity_behavior_diagnostic_not_route_decision_point_inventory,Activity diagnostics can validate consequences of forks but cannot define route-level fork exposure alone.
outputs\report_figures\ch6_5_5_route_following_stability_proxy_admission_v1_1\route_following_stability_proxy_event_inventory_v1_1.csv,True,346,activity_id|event_id|event_type|event_subtype|event_modifiers|candidate_reason|semantic_event_type_candidate|semantic_recovery_interpretation|duration_sec|on_route_ratio|off_route_ratio|median_offset_m|max_offset_m|confidence|terminal_artifact|route_issue_event|off_route_event|navigation_uncertainty_event|rejoin_candidate_event|source_file|route_following_text_basis,activity_mapmatch_or_wrong_branch_diagnostic_not_fork_inventory,False,False,activity_behavior_diagnostic_not_route_decision_point_inventory,Activity diagnostics can validate consequences of forks but cannot define route-level fork exposure alone.
outputs\report_figures\ch6_5_6_terrain_movement_efficiency_axis_admission_audit_v1_2\terrain_movement_efficiency_axis_admission_audit_v1_2.csv,True,1,evidence_root|upstream_route_load_root|output_root|source_input_path|source_inventory|ch6_5_6_audit_conclusion|gate_count|gate_pass_count|gate_fail_count|failed_gate_ids|activity_rows|axis_update_rows|context_group_rows|lower_context_review_activity_ids|higher_context_activity_ids|recommended_axis_id|recommended_axis_label_zh|axis_admission_decision|radar_update_recommendation|zero_fill_used|ability_score_generated|ability_rank_generated|ability_class_generated|radar_score_generated|route_suitability_score_generated|go_no_go_generated|medical_diagnosis_generated|causality_claim_generated|interpretation_boundary,activity_mapmatch_or_wrong_branch_diagnostic_not_fork_inventory,False,False,activity_behavior_diagnostic_not_route_decision_point_inventory,Activity diagnostics can validate consequences of forks but cannot define route-level fork exposure alone.
outputs\report_figures\ch6_5_6_terrain_movement_efficiency_axis_admission_audit_v1_2\terrain_movement_efficiency_axis_admission_context_notes_v1_2.csv,True,7,note_id|note_type|subject|window_count|activity_count|note|interpretation_boundary,activity_mapmatch_or_wrong_branch_diagnostic_not_fork_inventory,False,False,activity_behavior_diagnostic_not_route_decision_point_inventory,Activity diagnostics can validate consequences of forks but cannot define route-level fork exposure alone.
outputs\report_figures\ch6_5_6_terrain_movement_efficiency_axis_admission_audit_v1_2\terrain_movement_efficiency_axis_admission_gate_detail_v1_2.csv,True,13,gate_id|gate_status|gate_name|observed_value|required_value|notes,other_context_not_fork_inventory,False,False,no_governed_fork_topology_fields_found,"No node-degree, edge adjacency, or parseable fork/decision-point inventory fields found."
outputs\report_figures\ch6_5_6_terrain_movement_efficiency_evidence_v1\terrain_movement_efficiency_activity_summary_v1.csv,True,25,activity_id_short|window_count|available_window_count|high_terrain_or_surface_window_count|high_terrain_or_surface_window_ratio|terrain_movement_maintenance_index_mean_0_100|high_terrain_movement_maintenance_index_mean_0_100|terrain_surface_context_group_summary|terrain_movement_attention_flag_summary|axis_support_status|interpretation_boundary|terrain_movement_efficiency_axis_index_0_100|terrain_movement_context_label,activity_mapmatch_or_wrong_branch_diagnostic_not_fork_inventory,False,False,activity_behavior_diagnostic_not_route_decision_point_inventory,Activity diagnostics can validate consequences of forks but cannot define route-level fork exposure alone.
outputs\report_figures\ch6_5_6_terrain_movement_efficiency_evidence_v1\terrain_movement_efficiency_attention_summary_v1.csv,True,3,terrain_movement_context_label|axis_support_status|activity_count|activity_id_short_list|mean_axis_index_0_100|interpretation_boundary,activity_mapmatch_or_wrong_branch_diagnostic_not_fork_inventory,False,False,activity_behavior_diagnostic_not_route_decision_point_inventory,Activity diagnostics can validate consequences of forks but cannot define route-level fork exposure alone.
outputs\report_figures\ch6_5_6_terrain_movement_efficiency_evidence_v1\terrain_movement_efficiency_audit_v1.csv,True,1,input_path|output_root|source_inventory|window_rows|activity_rows|context_group_rows|axis_update_rows|min_context_group_windows|min_activity_windows_for_axis|supported_axis_rows|limited_axis_rows|insufficient_axis_rows|zero_fill_used|weather_zero_fill_used|ability_score_generated|ability_rank_generated|ability_class_generated|route_suitability_score_generated|go_no_go_generated|audit_issues|audit_conclusion|interpretation_boundary,activity_mapmatch_or_wrong_branch_diagnostic_not_fork_inventory,False,False,activity_behavior_diagnostic_not_route_decision_point_inventory,Activity diagnostics can validate consequences of forks but cannot define route-level fork exposure alone.
outputs\report_figures\ch6_5_6_terrain_movement_efficiency_evidence_v1\terrain_movement_efficiency_axis_update_v1.csv,True,25,activity_id_short|terrain_movement_efficiency_axis_index_0_100|terrain_movement_maintenance_index_mean_0_100|high_terrain_movement_maintenance_index_mean_0_100|axis_support_status|terrain_movement_context_label|available_window_count|high_terrain_or_surface_window_count|high_terrain_or_surface_window_ratio|axis_id|axis_label_zh|axis_support_status_for_radar|axis_description|interpretation_boundary,activity_mapmatch_or_wrong_branch_diagnostic_not_fork_inventory,False,False,activity_behavior_diagnostic_not_route_decision_point_inventory,Activity diagnostics can validate consequences of forks but cannot define route-level fork exposure alone.
outputs\report_figures\ch6_5_6_terrain_movement_efficiency_evidence_v1\terrain_movement_efficiency_context_group_summary_v1.csv,True,3,terrain_surface_context_group|window_count|activity_count|available_window_count|speed_mps_median|low_speed_ratio_median|stopped_ratio_median|terrain_movement_maintenance_index_median_0_100|terrain_movement_maintenance_index_mean_0_100|interpretation_boundary,activity_mapmatch_or_wrong_branch_diagnostic_not_fork_inventory,False,False,activity_behavior_diagnostic_not_route_decision_point_inventory,Activity diagnostics can validate consequences of forks but cannot define route-level fork exposure alone.
outputs\report_figures\ch6_5_6_terrain_movement_efficiency_evidence_v1\terrain_movement_efficiency_window_evidence_v1.csv,True,2054,activity_id_short|activity_id_full|route_distance_window_start_m|route_distance_window_end_m|route_phase|point_count|route_load_context_band|route_load_context_index_0_100|route_profile_elevation_range_m|calibrated_slope_pct_p75_abs|ib2_terrain_evidence_median|ib2_effort_evidence_median|osm_exposure_types|near_steps_ratio|near_road_ratio|near_cliff_ratio|near_waterway_ratio|terrain_surface_context_flags|terrain_surface_context_group|terrain_evidence_high_context_bool|slope_or_vertical_high_context_bool|high_terrain_or_surface_context_bool|speed_mps_median|low_speed_ratio|stopped_ratio|speed_context_adjusted_index_0_100|low_speed_context_adjusted_index_0_100|stopped_context_adjusted_index_0_100|speed_context_percentile_source|low_speed_context_percentile_source|stopped_context_percentile_source|terrain_movement_component_available_bool|terrain_movement_maintenance_index_0_100|terrain_movement_attention_flags|window_qa_flags|interpretation_boundary,activity_mapmatch_or_wrong_branch_diagnostic_not_fork_inventory,False,False,activity_behavior_diagnostic_not_route_decision_point_inventory,Activity diagnostics can validate consequences of forks but cannot define route-level fork exposure alone.
outputs\report_figures\ch6_5_ib3_time_axis_qa_v1\activity_15_1_route_axis_flip_candidates.csv,True,1758,axis_version|raw_point_index|elapsed_sec|dt_sec_qa|route_class|movement_state|motion_artifact_flag|gps_drift_suspected|route_distance_previous_m|route_distance_current_m|route_distance_delta_m|large_jump_ge_500m|shelter_occurrence_flip_600_3500,activity_mapmatch_or_wrong_branch_diagnostic_not_fork_inventory,False,False,activity_behavior_diagnostic_not_route_decision_point_inventory,Activity diagnostics can validate consequences of forks but cannot define route-level fork exposure alone.
outputs\report_figures\ch6_5_ib3_time_axis_qa_v1\activity_15_1_shelter_time_axis_occurrence.csv,True,2,shelter_route_occurrence_id|physical_reference_cluster_id|route_occurrence_role|route_occurrence_start_m|route_occurrence_end_m|route_occurrence_marker_m|reference_lat|reference_lon|distance_from_first_reference_m|activity_point_count|activity_elapsed_start_sec|activity_elapsed_end_sec|activity_elapsed_mid_sec|activity_artifact_row_count|interpretation_boundary,activity_mapmatch_or_wrong_branch_diagnostic_not_fork_inventory,False,False,activity_behavior_diagnostic_not_route_decision_point_inventory,Activity diagnostics can validate consequences of forks but cannot define route-level fork exposure alone.
outputs\report_figures\ch6_5_ib3_time_axis_qa_v1\activity_33_1_route_axis_flip_candidates.csv,True,1685,axis_version|raw_point_index|elapsed_sec|dt_sec_qa|route_class|movement_state|motion_artifact_flag|gps_drift_suspected|route_distance_previous_m|route_distance_current_m|route_distance_delta_m|large_jump_ge_500m|shelter_occurrence_flip_600_3500,activity_mapmatch_or_wrong_branch_diagnostic_not_fork_inventory,False,False,activity_behavior_diagnostic_not_route_decision_point_inventory,Activity diagnostics can validate consequences of forks but cannot define route-level fork exposure alone.
outputs\report_figures\ch6_5_ib3_time_axis_qa_v1\activity_33_1_shelter_time_axis_occurrence.csv,True,2,shelter_route_occurrence_id|physical_reference_cluster_id|route_occurrence_role|route_occurrence_start_m|route_occurrence_end_m|route_occurrence_marker_m|reference_lat|reference_lon|distance_from_first_reference_m|activity_point_count|activity_elapsed_start_sec|activity_elapsed_end_sec|activity_elapsed_mid_sec|activity_artifact_row_count|interpretation_boundary,activity_mapmatch_or_wrong_branch_diagnostic_not_fork_inventory,False,False,activity_behavior_diagnostic_not_route_decision_point_inventory,Activity diagnostics can validate consequences of forks but cannot define route-level fork exposure alone.
outputs\report_figures\ch6_5_ib3_time_axis_qa_v1\activity_37_1_route_axis_flip_candidates.csv,True,2435,axis_version|raw_point_index|elapsed_sec|dt_sec_qa|route_class|movement_state|motion_artifact_flag|gps_drift_suspected|route_distance_previous_m|route_distance_current_m|route_distance_delta_m|large_jump_ge_500m|shelter_occurrence_flip_600_3500,activity_mapmatch_or_wrong_branch_diagnostic_not_fork_inventory,False,False,activity_behavior_diagnostic_not_route_decision_point_inventory,Activity diagnostics can validate consequences of forks but cannot define route-level fork exposure alone.
outputs\report_figures\ch6_5_ib3_time_axis_qa_v1\activity_37_1_shelter_time_axis_occurrence.csv,True,2,shelter_route_occurrence_id|physical_reference_cluster_id|route_occurrence_role|route_occurrence_start_m|route_occurrence_end_m|route_occurrence_marker_m|reference_lat|reference_lon|distance_from_first_reference_m|activity_point_count|activity_elapsed_start_sec|activity_elapsed_end_sec|activity_elapsed_mid_sec|activity_artifact_row_count|interpretation_boundary,activity_mapmatch_or_wrong_branch_diagnostic_not_fork_inventory,False,False,activity_behavior_diagnostic_not_route_decision_point_inventory,Activity diagnostics can validate consequences of forks but cannot define route-level fork exposure alone.
outputs\report_figures\ch6_5_ib3_time_axis_qa_v1\activity_48_1_route_axis_flip_candidates.csv,True,3135,axis_version|raw_point_index|elapsed_sec|dt_sec_qa|route_class|movement_state|motion_artifact_flag|gps_drift_suspected|route_distance_previous_m|route_distance_current_m|route_distance_delta_m|large_jump_ge_500m|shelter_occurrence_flip_600_3500,activity_mapmatch_or_wrong_branch_diagnostic_not_fork_inventory,False,False,activity_behavior_diagnostic_not_route_decision_point_inventory,Activity diagnostics can validate consequences of forks but cannot define route-level fork exposure alone.
outputs\report_figures\ch6_5_ib3_time_axis_qa_v1\activity_48_1_shelter_time_axis_occurrence.csv,True,2,shelter_route_occurrence_id|physical_reference_cluster_id|route_occurrence_role|route_occurrence_start_m|route_occurrence_end_m|route_occurrence_marker_m|reference_lat|reference_lon|distance_from_first_reference_m|activity_point_count|activity_elapsed_start_sec|activity_elapsed_end_sec|activity_elapsed_mid_sec|activity_artifact_row_count|interpretation_boundary,activity_mapmatch_or_wrong_branch_diagnostic_not_fork_inventory,False,False,activity_behavior_diagnostic_not_route_decision_point_inventory,Activity diagnostics can validate consequences of forks but cannot define route-level fork exposure alone.
outputs\report_figures\ch6_5_ib3_time_axis_qa_v1\activity_6_1_route_axis_flip_candidates.csv,True,2079,axis_version|raw_point_index|elapsed_sec|dt_sec_qa|route_class|movement_state|motion_artifact_flag|gps_drift_suspected|route_distance_previous_m|route_distance_current_m|route_distance_delta_m|large_jump_ge_500m|shelter_occurrence_flip_600_3500,activity_mapmatch_or_wrong_branch_diagnostic_not_fork_inventory,False,False,activity_behavior_diagnostic_not_route_decision_point_inventory,Activity diagnostics can validate consequences of forks but cannot define route-level fork exposure alone.
outputs\report_figures\ch6_5_ib3_time_axis_qa_v1\activity_6_1_shelter_time_axis_occurrence.csv,True,2,shelter_route_occurrence_id|physical_reference_cluster_id|route_occurrence_role|route_occurrence_start_m|route_occurrence_end_m|route_occurrence_marker_m|reference_lat|reference_lon|distance_from_first_reference_m|activity_point_count|activity_elapsed_start_sec|activity_elapsed_end_sec|activity_elapsed_mid_sec|activity_artifact_row_count|interpretation_boundary,activity_mapmatch_or_wrong_branch_diagnostic_not_fork_inventory,False,False,activity_behavior_diagnostic_not_route_decision_point_inventory,Activity diagnostics can validate consequences of forks but cannot define route-level fork exposure alone.
outputs\report_figures\ch6_5_ib3_time_axis_qa_v1\activity_8_1_route_axis_flip_candidates.csv,True,2523,axis_version|raw_point_index|elapsed_sec|dt_sec_qa|route_class|movement_state|motion_artifact_flag|gps_drift_suspected|route_distance_previous_m|route_distance_current_m|route_distance_delta_m|large_jump_ge_500m|shelter_occurrence_flip_600_3500,activity_mapmatch_or_wrong_branch_diagnostic_not_fork_inventory,False,False,activity_behavior_diagnostic_not_route_decision_point_inventory,Activity diagnostics can validate consequences of forks but cannot define route-level fork exposure alone.
outputs\report_figures\ch6_5_ib3_time_axis_qa_v1\activity_8_1_shelter_time_axis_occurrence.csv,True,2,shelter_route_occurrence_id|physical_reference_cluster_id|route_occurrence_role|route_occurrence_start_m|route_occurrence_end_m|route_occurrence_marker_m|reference_lat|reference_lon|distance_from_first_reference_m|activity_point_count|activity_elapsed_start_sec|activity_elapsed_end_sec|activity_elapsed_mid_sec|activity_artifact_row_count|interpretation_boundary,activity_mapmatch_or_wrong_branch_diagnostic_not_fork_inventory,False,False,activity_behavior_diagnostic_not_route_decision_point_inventory,Activity diagnostics can validate consequences of forks but cannot define route-level fork exposure alone.
outputs\report_figures\ch6_5_route_load_behavior_surface_profile_v1\ch6_5_behavior_window_summary_v1.csv,True,84,behavior_window_start_m|behavior_window_end_m|activity_count|source_window_row_count|point_count|route_phase|route_load_evidence_rule_label|speed_mps_median|speed_mps_p25|speed_mps_p75|low_speed_point_ratio_mean|low_speed_point_ratio_median|stopped_point_ratio_mean|stopped_point_ratio_median|stopped_point_ratio_p90|heart_rate_bpm_median|heart_rate_bpm_p25|heart_rate_bpm_p75|ib2_terrain_evidence_median|ib2_effort_evidence_median|ib2_exposure_evidence_median|weather_context_available_count|weather_context_coverage_ratio|behavior_grain_note,activity_mapmatch_or_wrong_branch_diagnostic_not_fork_inventory,False,False,activity_behavior_diagnostic_not_route_decision_point_inventory,Activity diagnostics can validate consequences of forks but cannot define route-level fork exposure alone.
outputs\report_figures\ch6_5_route_load_behavior_surface_profile_v1\ch6_5_route_event_markers_v1.csv,True,36,event_type|event_label|route_distance_m|exposure_run_start_m|exposure_run_end_m|nearest_feature_distance_m|marker_method|interpretation_boundary,activity_mapmatch_or_wrong_branch_diagnostic_not_fork_inventory,False,False,activity_behavior_diagnostic_not_route_decision_point_inventory,Activity diagnostics can validate consequences of forks but cannot define route-level fork exposure alone.
outputs\report_figures\ch6_5_route_load_behavior_surface_profile_v1\ch6_5_route_load_behavior_figure_audit_v1.csv,True,1,route_input_csv|behavior_input_csv|route_1m_row_count|route_distance_max_m|surface_unknown_other_count|slope_missing_count|behavior_input_row_count|behavior_activity_count|behavior_bin_m|behavior_summary_row_count|route_phase_unknown_row_count|event_marker_count|weather_zero_fill_performed_count|legacy_gain_field_used_count|score_rank_class_generated_count|prohibited_generated_columns|audit_conclusion,activity_mapmatch_or_wrong_branch_diagnostic_not_fork_inventory,False,False,activity_behavior_diagnostic_not_route_decision_point_inventory,Activity diagnostics can validate consequences of forks but cannot define route-level fork exposure alone.
outputs\report_figures\ch6_5_route_load_behavior_surface_profile_v1\ch6_5_route_surface_slope_1m_v1.csv,True,4188,route_distance_m|dist_m|lat|lon|osm_highway|osm_surface|surface_class|route_semantic_class|osm_is_steps|slope_pct|slope_window_nlsc|terrain_score|effort_score|exposure_score|near_shelter|dist_shelter_m|near_guidepost|dist_guidepost_m|near_peak|dist_peak_m|near_trailhead|dist_trailhead_m|near_waterway|dist_waterway_m|near_bench|dist_bench_m|near_picnic_table|dist_picnic_table_m|source_route_distance_m|surface_type|surface_label|slope_pct_raw|slope_pct_plot|slope_method|surface_method,activity_mapmatch_or_wrong_branch_diagnostic_not_fork_inventory,False,False,activity_behavior_diagnostic_not_route_decision_point_inventory,Activity diagnostics can validate consequences of forks but cannot define route-level fork exposure alone.
outputs\report_figures\ch6_5_route_load_context_index_v1\route_load_behavior_response_candidate_windows_v1.csv,True,958,schema_version|activity_id_short|activity_id_full|route_distance_window_start_m|route_distance_window_end_m|route_phase|point_count|route_profile_elevation_range_m|calibrated_slope_pct_p75_abs|slope_load_source|ib2_effort_evidence_median|ib2_terrain_evidence_median|near_steps_ratio|vertical_load_norm|slope_load_norm|ib2_effort_load_norm|terrain_load_norm|steps_surface_load_norm|route_load_context_index_0_100|route_load_context_band|route_load_context_reason_flags|weather_context_flags|weather_context_available|environment_context_flags|environment_context_available|temperature_c|relative_humidity_pct|precipitation_mm|wind_speed_ms|wind_gust_ms|uv_index|heart_rate_bpm_median|activity_heart_rate_bpm_median_p75|speed_mps_median|low_speed_ratio|stopped_ratio|behavior_response_flags|behavior_response_signal_flag_count|window_qa_flags|route_load_context_boundary|candidate_window_label|candidate_window_boundary,activity_mapmatch_or_wrong_branch_diagnostic_not_fork_inventory,False,False,activity_behavior_diagnostic_not_route_decision_point_inventory,Activity diagnostics can validate consequences of forks but cannot define route-level fork exposure alone.
outputs\report_figures\ch6_5_route_load_context_index_v1\route_load_context_activity_summary_v1.csv,True,25,activity_id_short|windows_n|lower_load_windows_n|moderate_load_windows_n|high_load_windows_n|very_high_load_windows_n|candidate_windows_n|max_route_load_context_index_0_100|median_route_load_context_index_0_100|high_or_very_high_load_ratio|candidate_window_ratio|summary_boundary,activity_mapmatch_or_wrong_branch_diagnostic_not_fork_inventory,False,False,activity_behavior_diagnostic_not_route_decision_point_inventory,Activity diagnostics can validate consequences of forks but cannot define route-level fork exposure alone.
outputs\report_figures\ch6_5_route_load_context_index_v1\route_load_context_windows_v1.csv,True,2054,schema_version|activity_id_short|activity_id_full|route_distance_window_start_m|route_distance_window_end_m|route_phase|point_count|route_profile_elevation_range_m|calibrated_slope_pct_p75_abs|slope_load_source|ib2_effort_evidence_median|ib2_terrain_evidence_median|near_steps_ratio|vertical_load_norm|slope_load_norm|ib2_effort_load_norm|terrain_load_norm|steps_surface_load_norm|route_load_context_index_0_100|route_load_context_band|route_load_context_reason_flags|weather_context_flags|weather_context_available|environment_context_flags|environment_context_available|temperature_c|relative_humidity_pct|precipitation_mm|wind_speed_ms|wind_gust_ms|uv_index|heart_rate_bpm_median|activity_heart_rate_bpm_median_p75|speed_mps_median|low_speed_ratio|stopped_ratio|behavior_response_flags|behavior_response_signal_flag_count|window_qa_flags|route_load_context_boundary,activity_mapmatch_or_wrong_branch_diagnostic_not_fork_inventory,False,False,activity_behavior_diagnostic_not_route_decision_point_inventory,Activity diagnostics can validate consequences of forks but cannot define route-level fork exposure alone.
outputs\report_figures\ch6_5_route_surface_event_behavior_profile_with_ib3d_events_v1_5\ch6_5_route_surface_event_behavior_profile_with_ib3d_events_37_1_v1_5_audit.csv,True,1,activity_id_short|behavior_window_rows|event_overlay_rows|event_overlay_ready_rows|high_hr_recovery_stop_windows|short_pause_windows|off_route_rest_windows|terminal_artifact_windows|output_png|boundary,activity_mapmatch_or_wrong_branch_diagnostic_not_fork_inventory,False,False,activity_behavior_diagnostic_not_route_decision_point_inventory,Activity diagnostics can validate consequences of forks but cannot define route-level fork exposure alone.
scripts\make_ch6_5_5_300s_movement_consumption_integration_review_v1.py,True,SCRIPT,ADD_CONSUMPTION_GATE_OR_MARK_AS_SELF_STUDY_CONTEXT|Any|ArgumentParser|BOUNDARY|Build|CH6|CONSUMPTION_TOKENS|DEFAULT_CONSUMPTION_ROOT|DEFAULT_OUTPUT_ROOT|DEFAULT_STUDY_ROOT|DataFrame|EVIDENCE_TOKENS|FORBIDDEN_OUTPUT_COLUMN_PATTERNS|False|FileNotFoundError|GAP_REVIEW_REQUIRED|GAP_REVIEW_REQUIRED_EVIDENCE_WITHOUT_CONSUMPTION_GATE|INTEGRATED_WITH_CONSUMPTION_GATE|Inspect|Missing|NONE|NO_300S_MOVEMENT_EVIDENCE_REFERENCE|NO_CONSUMPTION_GATE_GAP_DETECTED|Namespace|PASS|PASS_CH6_5_5_300S_MOVEMENT_CONSUMPTION_INTEGRATION_REVIEW_V1_DESCRIPTIVE_ONLY|Path|REVIEW|REVIEW_REQUIRED_CH6_5_5_300S_MOVEMENT_CONSUMPTION_INTEGRATION_REVIEW_V1|SCRIPT_GLOBS|SELF_COMPONENT_OK|SELF_COMPONENT_TOKENS|Script|THCI|This|UnicodeDecodeError|__doc__|__future__|_osm|ability|ability_class|ability_rank|ability_score|activity|add_argument|admission|allowed_use|also|and|annotations|any|append|argparse|astype|authorize|before|bin|bool|build_audit|build_gap_review|build_script_inventory|but|causality|causality_claim|ch6_5_5_300s_movement_consumption_integration_review_v1|ch6_5_5_300s_movement_qa_gate_consumption_v1|ch6_5_5_movement_300s_corrected_data_study|ch6_5_5_movement_300s_corrected_data_study_v1_1|checks|claims|classes|classify_script|coding|collect_scripts|columns|compute|consume|consumes|consumption|consumption_audit,script_hint_not_data_source,False,False,script_only_not_governed_inventory_source,Script is useful for provenance discovery but is not a route feature table.
scripts\make_ch6_5_5_300s_movement_evidence_admission_review_v1.py,True,SCRIPT,ADMIT_CANDIDATE_AXIS_FOR_DOWNSTREAM_REVIEW|Any|ArgumentParser|BOUNDARY|Build|CH6|DEFAULT_INPUT_ROOT|DEFAULT_OUTPUT_ROOT|DO_NOT_ADMIT_STANDALONE_RETAIN_DESCRIPTIVE_LIMITED_COVERAGE|DataFrame|FORBIDDEN_OUTPUT_PATTERNS|False|FileNotFoundError|Missing|Namespace|PASS|PASS_CH6_5_5_300S_MOVEMENT_EVIDENCE_ADMISSION_REVIEW_V1_DESCRIPTIVE_ONLY|Path|RADAR_BASELINE_ACTIVITY|REVIEW|REVIEW_REQUIRED_CH6_5_5_300S_MOVEMENT_EVIDENCE_ADMISSION_REVIEW_V1|Series|THCI|This|__doc__|__future__|_osm|ability|ability_class|ability_rank|ability_score|activity|activity_id_short|add_argument|admission|admission_status|allowed_use|and|annotations|append|argparse|artifact|astype|audit|authorize|axis|axis_decision_rows|baseline|baseline_activity_count|baseline_n|below|bin|bool_count|both_activity_n|both_cov|build_activity_coverage|candidate_performance_axis|causality|causality_claim|ch6_5_5_300s_movement_evidence_admission_review_v1|ch6_5_5_movement_300s_corrected_data_study_v1_1|claims|classes|coding|coerce|col|columns|compute|configured|continuity|copy|corrected|count|count_status|coverage|coverage_ratio|covered_baseline_activity_count|data|decisions|def,script_hint_not_data_source,False,False,script_only_not_governed_inventory_source,Script is useful for provenance discovery but is not a route feature table.
scripts\make_ch6_5_5_300s_movement_qa_gate_consumption_v1.py,True,SCRIPT,ACTIVE|Any|ArgumentParser|BOUNDARY|Build|CH6|DEFAULT_ADMISSION_ROOT|DEFAULT_OUTPUT_ROOT|DEFAULT_STUDY_ROOT|DataFrame|FORBIDDEN_OUTPUT_PATTERNS|False|FileNotFoundError|Missing|Namespace|None|PASS|PASS_CH6_5_5_300S_MOVEMENT_QA_GATE_CONSUMPTION_V1_DESCRIPTIVE_ONLY|Path|RADAR_BASELINE_ACTIVITY|REVIEW|REVIEW_REQUIRED_CH6_5_5_300S_MOVEMENT_QA_GATE_CONSUMPTION_V1|ROUTE_CONTINUITY|Series|THCI|This|__doc__|__future__|_osm|ability|ability_class|ability_rank|ability_score|activities|activity_coverage|activity_id_short|add_argument|adding_extra_activity_to_baseline_without_review|admission|admission_status|after|allowed_downstream_use|allowed_use|already|and|annotations|any|append|argparse|artifact|astype|authorize|axis_decision|baseline_population_gate|before|bin|build_policy|build_window_review|candidates|causality|causality_claim|ch6_5_5_300s_movement_evidence_admission_review_v1|ch6_5_5_300s_movement_qa_gate_consumption_v1|ch6_5_5_movement_300s_corrected_data_study_v1_1|claims|classes|coding|coerce|col|columns|compute|consume|consumes|consumption|consumption_rule|contains|context|continuity|copy|coverage,script_hint_not_data_source,False,False,script_only_not_governed_inventory_source,Script is useful for provenance discovery but is not a route feature table.
scripts\make_ch6_5_5_activity_history_numeric_attribution_docs.py,True,SCRIPT,Actual|Add|ArgumentParser|Audit|BOUNDARY|CH6|CURRENT_INDEX_updated_20260618_ch6_5_5_activity_history_numeric_attribution|DataFrame|Descriptive|Evidence|False|FileNotFoundError|Generate|HRmax|Inputs|NUMERIC_DETAIL_REVIEW_NOT_PRIMARY_CASE_YET|Next|None|Notes|Numeric|Output|Outputs|Path|Primary|Qixing|README|README_current_pipeline_updated_20260618_ch6_5_5_activity_history_numeric_attribution|REPORT_PRIMARY_CASE_CANDIDATE|REPORT_SECONDARY_CASE_CANDIDATE|Report|Role|Scope|Secondary|TAG|Tertiary|The|This|True|V04_ROOT|V05_ROOT|VO2max|_No|__doc__|__future__|_ch6_5_5_activity_history_numeric_attribution|_osm|ability|activity|activity_count|activity_id_short|activity_id_short_list|add_argument|age|and|annotations|are|argparse|args|astype|attrib_v05|attribution|attribution_scope_rows|audit4|audit5|audit_conclusion|audit_v04|audit_v05|behavior|bin|boundary|built|candidate|candidates|case|cases|causality|ch6_5_5_activity_history_numeric_attribution_v0_5|ch6_5_5_activity_history_primary_relabel_v0_4|changelog_updated_20260618_ch6_5_5_activity_history_numeric_attribution|class,script_hint_not_data_source,False,False,script_only_not_governed_inventory_source,Script is useful for provenance discovery but is not a route feature table.
scripts\make_ch6_5_5_activity_history_numeric_attribution_v0_5.py,True,SCRIPT,ACTIVITY_HISTORY_MODERATE_STRAIN_CANDIDATE|ACTIVITY_HISTORY_MULTI_FACTOR_STRAIN_CANDIDATE|ACTIVITY_HISTORY_SINGLE_FACTOR_BEHAVIOR_REVIEW_NEEDS_NUMERIC_CHECK|ACTIVITY_HISTORY_SINGLE_FACTOR_HR_BEHAVIOR_REVIEW_NEEDS_NUMERIC_CHECK|ATTRIBUTION_LABELS|ArgumentParser|BOUNDARY|Behavior|CH6|Consumes|Context|DEFAULT_CONTEXT|DEFAULT_OUT|DEFAULT_THRESHOLDS|DataFrame|Descriptive|False|FileNotFoundError|High|KeyError|Low|METRIC_RULES|MULTI_FACTOR_LABEL_REVIEW_NUMERIC_SUPPORT_WEAK|MULTI_FACTOR_NUMERIC_ATTRIBUTION_STRONG|MULTI_FACTOR_NUMERIC_ATTRIBUTION_SUPPORTED|Median|Missing|NONE|NOT_TRIGGERED|NUMERIC_HIGH_BEHAVIOR_WEATHER_OVERLAP_GE_P75|NUMERIC_HIGH_LOW_SPEED_RATIO_GE_P75|NUMERIC_HIGH_ROUTE_LOAD_BEHAVIOR_RESPONSE_GE_P75|NUMERIC_HIGH_STOPPED_RATIO_GE_P75|NUMERIC_HIGH_UPHILL_LOAD_EXPOSURE_GE_P75_CONTEXT_ONLY|NUMERIC_SLOWER_SPEED_LE_P25|None|PRIMARY_LABELS|Path|Produces|REVIEW_LABELS|Return|Route|Series|Stopped|The|__doc__|__future__|_osm|ability|above|abs|activity|activity_history_primary_label|activity_id_short|actual|add_argument|and|annotations|append|argparse|attention|attention_direction|attribution|behavior|behavior_weather_context_review_required_ratio|below|beyond|bin|bool|candidate|candidates|causality|ch6_5_4_personal_route_load_match_review_v1|ch6_5_5_activity_history_numeric_attribution_v0_5|ch6_5_5_activity_history_primary_relabel_v0_4|classes|classify|coding|coerce|col,script_hint_not_data_source,False,False,script_only_not_governed_inventory_source,Script is useful for provenance discovery but is not a route feature table.
scripts\make_ch6_5_5_activity_history_primary_relabel_v0_4.py,True,SCRIPT,ACTIVITY_HISTORY_MODERATE_STRAIN_CANDIDATE|ACTIVITY_HISTORY_MULTI_FACTOR_STRAIN_CANDIDATE|ACTIVITY_HISTORY_SINGLE_FACTOR_BEHAVIOR_REVIEW_NEEDS_NUMERIC_CHECK|ACTIVITY_HISTORY_SINGLE_FACTOR_HR_BEHAVIOR_REVIEW_NEEDS_NUMERIC_CHECK|Actual|ArgumentParser|BOUNDARY|CH6|Consumes|DEFAULT_INPUT|DEFAULT_OUT|DataFrame|Descriptive|Estimated|FileNotFoundError|HIGHER_ESTIMATED_VO2MAX_CONTEXT|HIGHER_VO2MAX_CONTEXT|HIGH_HR_CONTROLLED_OUTPUT_CONTEXT_NOT_STRAIN|HIGH_HR_ZONE|HIGH_HR_ZONE_EFFICIENT_OR_CONTROLLED_OUTPUT_CONTEXT|HRMAX_ESTIMATE|HRMAX_ESTIMATE_OR_SENSOR_REVIEW_CONTEXT|HRMAX_ESTIMATE_OR_SENSOR_REVIEW_REQUIRED|HR_ESTIMATE_EXCEEDS_100_REVIEW|High|Important|LOWER_ESTIMATED_VO2MAX_CONTEXT|LOWER_VO2MAX_CONTEXT|MODERATE|MULTI_FACTOR|NONE|Non|PRIMARY_ACTIVITY_HISTORY_CANDIDATE|PRIMARY_ACTIVITY_HISTORY_REVIEW_NEEDS_NUMERIC_CHECK|PRIMARY_STRAIN_LABELS|PROFILE_CONTEXT_CONSISTENT_BUT_TERTIARY_ONLY|PROFILE_CONTEXT_MIXED|PROFILE_CONTEXT_MIXED_OR_NOT_SUPPORTIVE|PROFILE_CONTEXT_NOT_USED_FOR_PROMOTION|PROFILE_CONTEXT_ONLY_NOT_ACTIVITY_STRAIN|PROFILE_CONTEXT_REFERENCE_OR_MISSING|Path|Primary|Qixing|REFERENCE_OR_LIMITED_ACTIVITY_HISTORY_CONTEXT|REFERENCE_OR_LIMITED_ATTENTION_CONTEXT|RELATIVE_HIGH_BEHAVIOR_WEATHER_OVERLAP_MATCH_REVIEW|RELATIVE_HIGH_HR_CONTEXT_MATCH_REVIEW|RELATIVE_HIGH_LOW_SPEED_RATIO_MATCH_REVIEW|RELATIVE_HIGH_ROUTE_LOAD_BEHAVIOR_RESPONSE_MATCH_REVIEW|RELATIVE_HIGH_STOPPED_RATIO_MATCH_REVIEW|RELATIVE_SLOWER_SPEED_MATCH_REVIEW|SECONDARY_HRMAX_ESTIMATE_OR_SENSOR_REVIEW|SECONDARY_HR_OUTPUT_CONTEXT_NOT_STRAIN|SELF_REPORTED_HIGH_DIFFICULTY|SELF_REPORTED_HIGH_DIFFICULTY_CONTEXT|SELF_REPORTED_LOW_DIFFICULTY|SELF_REPORTED_LOW_DIFFICULTY_CONTEXT|SINGLE_FACTOR|SINGLE_FACTOR_REVIEW_LABELS|Secondary|Tertiary|This|True|VO2max|__doc__|__future__|_osm|ability|activity|activity_history_label|activity_history_primary_label|activity_id_short|actual|add_argument|alone|and|annotations|append|are,script_hint_not_data_source,False,False,script_only_not_governed_inventory_source,Script is useful for provenance discovery but is not a route feature table.
scripts\make_ch6_5_5_deviation_correction_event_chain_review_v1.py,True,SCRIPT,ACTIVITY_REVIEW_PATH|ACTIVITY_SUMMARY_PATH|ADMISSION_DECISION_PATH|AUDIT_PATH|BASELINE_STATUS|BOUNDARY|CANDIDATE_EVENTS_PATH|CH6|CSV|DATA_TABLE_PATH|DEVIATION_START_CANDIDATE|DataFrame|EVENT_INVENTORY_PATH|EXTRA_SOURCE_ACTIVITY_NOT_IN_RADAR_BASELINE|EXTRA_STATUS|False|FileNotFoundError|IB3C|IB3C_ROOT|Int64|Missing|NAVIGATION_CHECK_CANDIDATE|NON_CHAIN_ROUTE_ISSUE|OFF_ROUTE_REST_OR_DETOUR|OUTPUT_ROOT|PASS_CH6_5_5_DEVIATION_CORRECTION_EVENT_CHAIN_REVIEW_V1_|PASS_CONCLUSION|Path|RADAR_BASELINE_ACTIVITY|REJOIN_CANDIDATE|REPORT_PATH|RETAIN_ADMISSION|RETAIN_AS_MISSING_EVIDENCE_ANNOTATION_REQUIRES_EVENT_CHAIN_VALIDATION|RETAIN_MISSING_EVIDENCE|ROOT|ROUTE_FOLLOWING_ROOT|Series|TERMINAL_ARTIFACT_EXCLUDED|THCI|True|ValueError|__file__|__future__|_ib3c_behavior_events|_route_following|ability|activity_events|activity_id|activity_sort_key|admission|and|annotations|any|append|apply|astype|authorize|axis|bool|build_candidate_events|candidate_reason|candidates|causality|ch6_5_5_deviation_correction_event_chain_review_v1|ch6_5_5_route_following_data_table_patch_v1|ch6_5_5_route_following_stability_proxy_admission_v1_1|chain|chain_events|checks|claims|classes|coerce|column|columns|complete|compute|concat|confidence|copy|count_complete_chains,script_hint_not_data_source,False,False,script_only_not_governed_inventory_source,Script is useful for provenance discovery but is not a route feature table.
scripts\make_ch6_5_5_fork_decision_point_inventory_v1.py,True,SCRIPT,ACTIVITY_TERMS|Any|Boundary|CH6|COUNT_FAILED|CandidateFeatureRow|Dict|DictReader|Exception|FACILITY_RE|FORBIDDEN_FIELD_RE|FORK_TEXT_RE|False|GUIDEPOST_RE|Geometry|Header|Include|Iterable|List|MAX_FILE_BYTES_FOR_CSV_SCAN|MAX_FILE_BYTES_FOR_ROW_EXTRACT|MAX_ROWS_FOR_CANDIDATE_EXTRACT|MAX_SOURCES_TO_INVENTORY|May|Missing|NOT|None|OSM|OUT_ROOT|Optional|Path|Purpose|ROOT|ROUTE_POSITION_TERMS|SCRIPT_ROOT|SEARCH_ROOTS|SELF_NEAR_RE|SELF_NEAR_TERMS|SEMANTIC_TERMS|SKIPPED_LARGE_FILE|Script|Source|SourceInventoryRow|TOPOLOGY_TERMS|This|True|Tuple|UnicodeDecodeError|WRONG_BRANCH_RE|__future__|__name__|ability|ability_class|ability_rank|ability_score|activity|activity_mapmatch_or_wrong_branch_diagnostic_not_fork_inventory|activity_scope|add|adjacency|adjacent|all_s|already|amenity|and|annotations|any|append|artifacts|asdict|axis|behavior|bin|blank|bool|branch|break|but|can|candidate,script_hint_not_data_source,False,False,script_only_not_governed_inventory_source,Script is useful for provenance discovery but is not a route feature table.
scripts\make_ch6_5_5_fork_decision_point_inventory_v1_1.py,True,SCRIPT,ACTIVITY_TERMS|Any|Boundary|CH6|COUNT_FAILED|CandidateFeatureRow|Dict|DictReader|Exception|FACILITY_RE|FORBIDDEN_FIELD_RE|FORK_TEXT_RE|False|GUIDEPOST_RE|Geometry|Header|Include|Iterable|List|MAX_FILE_BYTES_FOR_CSV_SCAN|MAX_FILE_BYTES_FOR_ROW_EXTRACT|MAX_ROWS_FOR_CANDIDATE_EXTRACT|MAX_SOURCES_TO_INVENTORY|May|Missing|NOT|None|OSM|OUT_ROOT|Optional|Path|Purpose|ROOT|ROUTE_POSITION_TERMS|SCRIPT_ROOT|SEARCH_ROOTS|SELF_NEAR_RE|SELF_NEAR_TERMS|SEMANTIC_TERMS|SKIPPED_LARGE_FILE|Script|Source|SourceInventoryRow|TOPOLOGY_TERMS|This|True|Tuple|UnicodeDecodeError|WRONG_BRANCH_RE|__future__|__name__|ability|ability_class|ability_rank|ability_score|activity|activity_mapmatch_or_wrong_branch_diagnostic_not_fork_inventory|activity_scope|add|adjacency|adjacent|all_s|already|amenity|and|annotations|any|append|artifacts|asdict|axis|behavior|bin|blank|bool|branch|break|but|can|candidate,script_hint_not_data_source,False,False,script_only_not_governed_inventory_source,Script is useful for provenance discovery but is not a route feature table.
scripts\make_ch6_5_5_movement_300s_corrected_data_study_v1.py,True,SCRIPT,Any|ArgumentParser|BELOW_ZONE1_LT_50_PCT_HRMAX|BOUNDARY|Build|CH6|DEFAULT_OUTPUT_ROOT|DEFAULT_PROFILE_JOIN|DEFAULT_RADAR_AXIS|DEFAULT_SOURCE_ROOT|DataFrame|FORBIDDEN_OUTPUT_PATTERNS|False|FileNotFoundError|HR_ESTIMATE_EXCEEDS_100_REVIEW|MISSING_PROFILE|Missing|Namespace|PARTICIPANT_PROFILE_JOINED|PASS|PASS_CH6_5_5_MOVEMENT_300S_CORRECTED_DATA_STUDY_V1_DESCRIPTIVE_ONLY|PROFILE_JOINED|PROFILE_JOIN_SOURCE_UNAVAILABLE|Path|REVIEW|REVIEW_REQUIRED_CH6_5_5_MOVEMENT_300S_CORRECTED_DATA_STUDY_V1|SEX_AGE_EST_HRMAX|Series|THCI|This|ZONE1_50_60_PCT_HRMAX|ZONE2_60_70_PCT_HRMAX|ZONE3_70_80_PCT_HRMAX|ZONE4_80_90_PCT_HRMAX|ZONE5_90_100_PCT_HRMAX|__doc__|__future__|_osm|_projected_joined_v2_3_2|ability|ability_class|ability_rank|ability_score|activity|activity_|activity_id|activity_id_short|activity_short_from_frame|activity_short_from_path|add_argument|and|annotations|argparse|astype|authorize|available|axis|bin|bool|boolser|calibrated|calibrated_cumulative_gain_m|calibrated_delta_elevation_m|calibrated_elevation_m|calibrated_slope_pct|causality|causality_claim|ch6_5_5_movement_300s_corrected_data_study_v1|ch6_5_5_personal_profile_metadata_join_v0_2|ch6_5_5_radar_v1_axis_refinement_input_pack_v1|ch6_single_activity_mainline_profile_v2_3_2|claims|classes|coding|coerce|col|cols|columns|combine_first|compute,script_hint_not_data_source,False,False,script_only_not_governed_inventory_source,Script is useful for provenance discovery but is not a route feature table.
scripts\make_ch6_5_5_movement_300s_corrected_data_study_v1_1.py,True,SCRIPT,Any|ArgumentParser|BELOW_ZONE1_LT_50_PCT_HRMAX|BOUNDARY|Build|CH6|DEFAULT_OUTPUT_ROOT|DEFAULT_PROFILE_JOIN|DEFAULT_RADAR_AXIS|DEFAULT_SOURCE_ROOT|DataFrame|FORBIDDEN_OUTPUT_PATTERNS|False|FileNotFoundError|HR_ESTIMATE_EXCEEDS_100_REVIEW|MISSING_PROFILE|Missing|Namespace|PARTICIPANT_PROFILE_JOINED|PASS|PASS_CH6_5_5_MOVEMENT_300S_CORRECTED_DATA_STUDY_V1_1_DESCRIPTIVE_ONLY|PROFILE_JOINED|PROFILE_JOIN_SOURCE_UNAVAILABLE|Path|REVIEW|REVIEW_REQUIRED_CH6_5_5_MOVEMENT_300S_CORRECTED_DATA_STUDY_V1_1|SEX_AGE_EST_HRMAX|Series|THCI|This|ZONE1_50_60_PCT_HRMAX|ZONE2_60_70_PCT_HRMAX|ZONE3_70_80_PCT_HRMAX|ZONE4_80_90_PCT_HRMAX|ZONE5_90_100_PCT_HRMAX|__doc__|__future__|_osm|_projected_joined_v2_3_2|ability|ability_class|ability_rank|ability_score|activity|activity_|activity_id|activity_id_short|activity_short_from_frame|activity_short_from_path|add_argument|and|annotations|argparse|astype|authorize|available|axis|bin|bool|boolser|calibrated|calibrated_cumulative_gain_m|calibrated_delta_elevation_m|calibrated_elevation_m|calibrated_slope_pct|causality|causality_claim|ch6_5_5_movement_300s_corrected_data_study_v1_1|ch6_5_5_personal_profile_metadata_join_v0_2|ch6_5_5_radar_v1_axis_refinement_input_pack_v1|ch6_single_activity_mainline_profile_v2_3_2|claims|classes|coding|coerce|col|cols|columns|combine_first|compute,script_hint_not_data_source,False,False,script_only_not_governed_inventory_source,Script is useful for provenance discovery but is not a route feature table.
scripts\make_ch6_5_5_navigation_challenge_exposure_review_v1.py,True,SCRIPT,ACTIVITY_CONTEXT_PATH|ADMISSION_DECISION_PATH|ADMIT_AS_ROUTE_FOLLOWING_CONFIDENCE_CONTEXT_NOT_AXIS|AUDIT_PATH|Activity|BASELINE_STATUS|BOUNDARY|Branch|CH6|CONTEXT_COLUMN_PATTERN|CONTEXT_DECISION|DATA_TABLE_PATH|DataFrame|Exception|FORK_COLUMN_PATTERN|False|FileNotFoundError|Graph|Include|Keep|Missing|NAME_PATTERN|OSError|OUTPUTS|OUTPUT_ROOT|PASS_CH6_5_5_NAVIGATION_CHALLENGE_EXPOSURE_REVIEW_V1_CONTEXT_ONLY|PASS_CH6_5_5_NAVIGATION_CHALLENGE_EXPOSURE_REVIEW_V1_SOURCE_GAP_ONLY|PASS_CONTEXT|PASS_SOURCE_GAP|Path|RADAR_BASELINE_ACTIVITY|REPORT_PATH|RETAIN_AS_SOURCE_GAP_FOR_FORK_DECISION_POINT_INVENTORY|ROOT|ROUTE_EXPOSURE_PATH|ROUTE_FOLLOWING_SUMMARY_PATH|Route|SOURCE_GAP_DECISION|SOURCE_INVENTORY_PATH|Self|THCI|True|ValueError|_000_000|__file__|__future__|_backup|_candidate|_checkpoints|_count|_exposure|_id|_type|ability|activity_diagnostic|activity_mapmatch_or_wrong_branch_diagnostic_not_fork_inventory|activity_points|all|ambiguity|and|annotations|any|are|authorize|avoid|axis|backup|behavior|bool|branch|but|can|candidate|candidate_fork_decision_point_inventory|candidate_route_context_unusable_for_fork_exposure|candidate_way_switch|candidates|cannot|causality|ch6_5_5_navigation_challenge_exposure_review_v1,script_hint_not_data_source,False,False,script_only_not_governed_inventory_source,Script is useful for provenance discovery but is not a route feature table.
scripts\make_ch6_5_5_pacing_movement_stability_axis_admission_audit_v1.py,True,SCRIPT,ADMIT_TO_RADAR_V1_DESCRIPTIVE_SUPPORTED_AXIS_WITH_BOUNDARY|AXIS_ID|AXIS_LABEL_ZH|Admission|All|Any|ArgumentParser|Axis|BOUNDARY|CH6|DEFAULT_AXIS_ROOT|DEFAULT_OUTPUT_ROOT|DataFrame|EXPECTED_COMPONENT_IDS|Exception|FAIL|FileNotFoundError|G01_AXIS_AUDIT_PASS|G02_ROUTE_WINDOW_SOURCE|G03_REQUIRED_ROWS_PRESENT|G04_ACTIVITY_COVERAGE|G05_COMPONENT_COVERAGE|G06_HIGHER_IS_BETTER|G07_NO_ZERO_FILL|G08_BOUNDARY_FLAGS_CLEAN|G09_NON_DUPLICATIVE_EVIDENCE_DESIGN|G10_REVIEW_CASES_DIRECTIONAL_SANITY|G11_SPARSE_COMPONENT_REVIEWED|G12_RADAR_REPLACEMENT_SCOPE|GATES|Low|Missing|NONE|Namespace|None|PASS|PASS_DECISION|Path|Primary|REQUIRED_AXIS_FILES|REVIEW_DECISION|REVIEW_REQUIRED_BEFORE_RADAR_REPLACEMENT|Reviews|Series|Sparse|THCI|This|True|Window|__doc__|__future__|_osm|_score|ability|activi|activities|activity|activity_id_short|add_argument|admission|align|and|annotations|append|are|argparse|as_bool|as_float|astype|audit|authorize|available|axis|axis_group_relative_index_0_100|better|bin|bool|bounded|can|causality,script_hint_not_data_source,False,False,script_only_not_governed_inventory_source,Script is useful for provenance discovery but is not a route feature table.
scripts\make_ch6_5_5_pacing_movement_stability_axis_v1.py,True,SCRIPT,AXIS_ID|AXIS_LABEL_ZH|All|Any|ArgumentParser|BOUNDARY|Boundary|Build|CH6|COMPONENT_META|COMPONENT_WEIGHTS|DEFAULT_INPUT_PACK|DEFAULT_OUTPUT_ROOT|DataFrame|Descriptive|Exception|FileNotFoundError|Higher|Less|Lower|Missing|NONE|Namespace|None|Path|Primary|REQUIRED_COLUMNS|Series|THCI|True|Window|__doc__|__future__|_osm|ability|activity|activity_id_short|add_argument|and|annotations|append|are|argparse|as_float|ascending|astype|authorize|average|axis|band|better|bin|bool|build_window_evidence|causality|ch6_5_5_pacing_movement_stability_axis_v1|ch6_5_5_radar_v1_axis_refinement_input_pack_v1|cid|claim|claims|class|classes|clustering|coding|coerce|col|columns|component|compute|consecutive|continue|converted|converts|copy|csv|current|decision|decisions|def|default,script_hint_not_data_source,False,False,script_only_not_governed_inventory_source,Script is useful for provenance discovery but is not a route feature table.
scripts\make_ch6_5_5_personal_ability_radar_axis_contract_v1.py,True,SCRIPT,Any|ArgumentParser|BOUNDARY|Build|CH6|DEFAULT_OUTPUT_ROOT|DataFrame|EVIDENCE_CATALOG|Exception|FORBIDDEN_OUTPUT_PATTERNS|False|Namespace|None|PASS|PASS_CH6_5_5_PERSONAL_ABILITY_RADAR_AXIS_CONTRACT_V1_GOVERNANCE_ONLY|Path|REVIEW|REVIEW_REQUIRED_CH6_5_5_PERSONAL_ABILITY_RADAR_AXIS_CONTRACT_V1|THCI|This|__doc__|__future__|_osm|ability|ability_class|ability_rank|ability_score|activity_completion_weather_context|activity_hr_lifecycle_summary|activity_hr_lifecycle_summary_v2|activity_hr_recovery|add_argument|admission|and|annotations|appear|append|argparse|audit|authorize|axis|behavior|bin|bool|causality|causality_claim|ch6_4_weather_context_summary|ch6_4_weather_context_summary_v1_2|ch6_5_2_weather_adjusted_behavior_context_v1|ch6_5_4_personal_route_load_match_review_v1|ch6_5_5_300s_movement_consumption_integration_review_v1|ch6_5_5_300s_movement_evidence_admission_review_v1|ch6_5_5_300s_movement_qa_gate_consumption_v1|ch6_5_5_pacing_movement_stability_axis_admission_audit_v1|ch6_5_5_pacing_movement_stability_axis_v1|ch6_5_5_personal_ability_radar_axis_contract_v1|ch6_5_5_personal_activity_performance_radar_report_safe_v1_terrain_axis|ch6_5_5_personal_profile_metadata_join_v0_2|ch6_5_5_radar_v1_axis_refinement_input_pack_v1|ch6_5_6_terrain_movement_efficiency_axis_admission_audit_v1_2|ch6_5_route_load_context_index_v1|ch6_7_completion_feasibility_review_v1_1|ch6_7_hr_lifecycle_recovery_profile_v2|ch6_8_personal_route_load_readiness_review_v1|ch6_8_personal_route_load_readiness_review_v1_1|ch6_report_figures_v1|ch6_report_figures_v1_2|chart|claims|classes|coding|column_count|columns|completion_feasibility|completion_feasibility_conclusion_v1_1|completion_feasibility_review|compute|conclusion|conditions|consolidates,script_hint_not_data_source,False,False,script_only_not_governed_inventory_source,Script is useful for provenance discovery but is not a route feature table.
scripts\make_ch6_5_5_personal_ability_radar_data_table_v1.py,True,SCRIPT,ACTIVITY_SOURCE_CANDIDATES|Any|ArgumentParser|BOUNDARY|Build|CH6|DEFAULT_AXIS_CONTRACT_ROOT|DEFAULT_OUTPUT_ROOT|DataFrame|EVIDENCE_FILES|Exception|FORBIDDEN_OUTPUT_PATTERNS|False|FileNotFoundError|Missing|Namespace|None|PASS|PASS_CH6_5_5_PERSONAL_ABILITY_RADAR_DATA_TABLE_V1_GOVERNED_TABLE_ONLY|Path|REVIEW|REVIEW_REQUIRED_CH6_5_5_PERSONAL_ABILITY_RADAR_DATA_TABLE_V1|THCI|This|__doc__|__future__|_osm|ability|ability_class|ability_rank|ability_score|activity|activity_col|activity_hr_lifecycle_summary|activity_hr_recovery_activity_summary|activity_id|activity_id_short|add_argument|admission|and|annotations|append_rows|argparse|as_blank_if_nan|athlete_id|audit|authorize|axis|axis_contract|axis_contract_audit|axis_evidence_inventory|bin|build_activity_table|candidates|causality|causality_claim|ch6_4_weather_context_summary|ch6_4_weather_context_summary_v1_2|ch6_5_5_300s_movement_evidence_admission_review_v1|ch6_5_5_300s_movement_qa_gate_consumption_v1|ch6_5_5_pacing_movement_stability_axis_v1|ch6_5_5_personal_ability_radar_axis_contract_v1|ch6_5_5_personal_ability_radar_data_table_v1|ch6_5_5_personal_profile_metadata_join_v0_2|ch6_5_5_radar_v1_axis_refinement_input_pack_v1|ch6_8_personal_route_load_readiness_review_v1_1|ch6_report_figures_v1_2|claims|classes|coding|columns|compute|contract|converts|cov|cov_path|create|csv|data|decisions,script_hint_not_data_source,False,False,script_only_not_governed_inventory_source,Script is useful for provenance discovery but is not a route feature table.
scripts\make_ch6_5_5_personal_ability_radar_plot_v1_1.py,True,SCRIPT,ANNOTATION_SUMMARY|AUDIT|Activity|Agg|Arial|BASELINE_STATUS|CH6|CJK|DESCRIPTIVE_ANNOTATION|DESCRIPTIVE_MODE|DataFrame|DejaVu|EXPECTED_LIMITED_AXES|EXTRA_SOURCE_ACTIVITY_NOT_IN_RADAR_BASELINE|EXTRA_SOURCE_STATUS|False|FileNotFoundError|GOVERNED_LIMITED_PROXY_PREVIEW|INPUT_DATA_TABLE|INTERPRETATION_BOUNDARY|Input|JhengHei|LIMITED_PROXY_AXIS|LIMITED_PROXY_MODE|MISSING_EVIDENCE_ANNOTATION|MISSING_MODE|Microsoft|Missing|NOT_PLOTTED_DESCRIPTIVE_ANNOTATION_ONLY|NOT_PLOTTED_EXTRA_SOURCE_ACTIVITY|NOT_PLOTTED_LIMITED_PROXY_BLOCKED_OR_MISSING_VALUE|NOT_PLOTTED_MISSING_EVIDENCE_ANNOTATION|NOT_PLOTTED_NOT_LIMITED_PROXY_AXIS|None|Not|Noto|OUTPUT_ROOT|Only|PASS_CH6_5_5_PERSONAL_ABILITY_RADAR_PLOT_V1_1_|PASS_CONCLUSION|PLOTTED_GOVERNED_LIMITED_PROXY_PREVIEW|PLOT_INDEX|PLOT_ROOT|Path|RADAR_BASELINE_ACTIVITY|READY_TABLE|REPORT|ROOT|SHORT_LABELS|Sans|Series|SimHei|THCI|True|Unicode|ValueError|ZERO_TO_100_LIMITED_PROXY|__file__|__future__|a4b0|a73|ability|activity_id|activity_id_short|add_subplot|admitted|allowed_use|alpha|already|and|angle|angles|annotations|apply|are|astype|axes|axis|axis_annotation|axis_id,script_hint_not_data_source,False,False,script_only_not_governed_inventory_source,Script is useful for provenance discovery but is not a route feature table.
scripts\make_ch6_5_5_personal_activity_performance_radar_preview_v0_2.py,True,SCRIPT,AXIS_ORDER|Agg|ArgumentParser|Arial|Axis|BOUNDARY|Boundary|CH6|CJK|DEFAULT_OUT|DEFAULT_RADAR_ROOT|DataFrame|Descriptive|Exception|False|FileNotFoundError|Fixes|FontProperties|Fonts|INSUFFICIENT_EVIDENCE|Inputs|JhengHei|LABEL_SHORT|LIMITED|Library|Light|Medium|Microsoft|Missing|NOT_FOUND_FALLBACK_DEFAULT_FONT|None|Noto|NotoSansCJK|NotoSansCJKtc|Optional|Outputs|PNGs|Path|PingFang|Regular|STHeiti|Sans|SimHei|System|THCI|They|This|True|Unicode|Windows|YaHei|__doc__|__future__|_order|_osm|_v0_2|ability|activities|activity|activity_id|activity_id_short|add_argument|addfont|all|alpha|and|angles|angles_avail|annotations|append|are|argparse|arphic|astype|available|axes|axis|axis_group_relative_index_0_100|axis_id|axis_label,script_hint_not_data_source,False,False,script_only_not_governed_inventory_source,Script is useful for provenance discovery but is not a route feature table.
scripts\make_ch6_5_5_personal_activity_performance_radar_report_safe_v0_3.py,True,SCRIPT,AXIS_ORDER|Activity|Agg|ArgumentParser|Arial|BOUNDARY|CASE_GROUP|CH6|CJK|CONTRAST_FAST_SINGLE_FACTOR_REVIEW|CONTRAST_HIGH_HR_CONTROLLED_CONTEXT|Contrast|DEFAULT_ACTIVITIES|DEFAULT_OUT|DEFAULT_RADAR_ROOT|DataFrame|Default|Descriptive|Design|Exception|False|FileNotFoundError|FontProperties|Fonts|HTML|INSUFFICIENT_EVIDENCE|Inputs|JhengHei|Keep|LABEL_SHORT|Library|Light|MISSING_AXIS_ZH|Medium|Microsoft|Missing|NOT|NOT_FOUND_FALLBACK_DEFAULT_FONT|None|Noto|NotoSansCJK|NotoSansCJKtc|Only|Optional|Outputs|PRIMARY_CASE_CANDIDATE|Path|PingFang|Plot|Primary|Regular|Render|SECONDARY_CASE_CANDIDATE|STHeiti|Sans|Secondary|SimHei|System|THCI|They|This|Unicode|ValueError|Values|Windows|YaHei|__doc__|__future__|_order|_osm|_v0_3|ability|action|activities|activity|activity_id|activity_id_short|add_argument|addfont|all,script_hint_not_data_source,False,False,script_only_not_governed_inventory_source,Script is useful for provenance discovery but is not a route feature table.
scripts\make_ch6_5_5_personal_activity_performance_radar_report_safe_v1_terrain_axis.py,True,SCRIPT,ADMISSION_DECISION_REQUIRED|ADMIT_TO_RADAR_V1_DESCRIPTIVE_SUPPORTED_AXIS_WITH_BOUNDARY|AXIS_ORDER|Agg|ArgumentParser|Arial|BOUNDARY|CASE_GROUP|CH6|CJK|CONTRAST_FAST_SINGLE_FACTOR_REVIEW|CONTRAST_HIGH_HR_CONTROLLED_CONTEXT|DEFAULT_ACTIVITIES|DEFAULT_ADMISSION_ROOT|DEFAULT_OUT|DEFAULT_RADAR_ROOT|DEFAULT_TERRAIN_ROOT|DataFrame|Default|Descriptive|Design|Exception|False|FileNotFoundError|FontProperties|Fonts|JhengHei|Keep|LABEL_SHORT|Library|Light|MISSING_AXIS_ZH|Medium|Microsoft|Missing|NOT|None|Noto|NotoSansCJK|NotoSansCJKtc|OLD_TERRAIN_LABELS|Only|Optional|Outputs|PRIMARY_CASE_CANDIDATE|Path|PingFang|Plot|Purpose|Regular|Render|Required|SECONDARY_CASE_CANDIDATE|STHeiti|Sans|SimHei|System|THCI|Terrain|The|They|This|Unicode|Upgrade|Values|Windows|YaHei|__doc__|__future__|_osm|_v1_terrain_axis|ability|action|activities|activity|activity_id|activity_id_short|add_argument|addfont|admission,script_hint_not_data_source,False,False,script_only_not_governed_inventory_source,Script is useful for provenance discovery but is not a route feature table.
scripts\make_ch6_5_5_personal_activity_performance_radar_v0.py,True,SCRIPT,AXES|ArgumentParser|Axis|BOUNDARY|Boundary|CH6|DEFAULT_ATTRIB|DEFAULT_CONTEXT|DEFAULT_OUT|DataFrame|Descriptive|FileNotFoundError|GROUP_RELATIVE_PROFILE_HIGHER_ACTIVITY_HISTORY_INDEX|GROUP_RELATIVE_PROFILE_REFERENCE_ACTIVITY_HISTORY_INDEX|Group|HIGHER_IS_MORE_FAVORABLE|High|Higher|INSUFFICIENT_EVIDENCE|INSUFFICIENT_EVIDENCE_FOR_RADAR|Inputs|LIMITED_PROXY_ACTIVITY_HISTORY|LIMITED_PROXY_ACTIVITY_WEATHER_CONTEXT|LIMITED_SECONDARY_HR_CONTEXT|LOWER_IS_MORE_FAVORABLE|LOWER_IS_MORE_FAVORABLE_CONTEXT_ONLY|Limited|Missing|NONE|None|Outputs|PARTIAL_RADAR_WITH_INSUFFICIENT_EVIDENCE_AXES|Path|Requires|Return|SUPPORTED_ACTIVITY_HISTORY|Series|Station|THCI|They|This|True|UNKNOWN|VAM|__doc__|__future__|_osm|ability|activity|add_argument|age|alone|and|annotations|append|are|argparse|attribution|average|axes|axis|axis_id|axis_label_zh|axis_values|behavior|behavior_weather_context_review_required_ratio|bin|branch|capacity|causality|ch6_5_5_activity_history_numeric_attribution_v0_5|ch6_5_5_activity_history_primary_relabel_v0_4|ch6_5_5_personal_activity_performance_radar_v0|class|classes|coding|coerce|col|columns|combining,script_hint_not_data_source,False,False,script_only_not_governed_inventory_source,Script is useful for provenance discovery but is not a route feature table.
scripts\make_ch6_5_5_personal_profile_metadata_join_v0_2.py,True,SCRIPT,ArgumentParser|BEHAVIOR_DEGRADATION|BEHAVIOR_ROUTE_LOAD_STRAIN_CANDIDATE|BELOW_ZONE1_LT_50_PCT_HRMAX|BOUNDARY|Boundaries|Build|CH6|DEFAULT_MATCH|DEFAULT_OUT|DEFAULT_PROFILE|DataFrame|Descriptive|False|FileNotFoundError|HIGHER_VO2MAX_CONTEXT|HIGH_CONFIDENCE_ROUTE_LOAD_STRAIN_CANDIDATE_WITH_PROFILE_SUPPORT|HIGH_HR_OUTPUT_CONTROLLED_CONTEXT_NOT_STRAIN_BY_ITSELF|HIGH_HR_ZONE_EFFICIENT|HIGH_HR_ZONE_EFFICIENT_OR_CONTROLLED_OUTPUT_CONTEXT|HIGH_HR_ZONE_WITH_BEHAVIOR_DEGRADATION_REVIEW|HRMAX_ESTIMATE_OR_SENSOR_REVIEW_REQUIRED|HR_BEHAVIOR_CONTEXT_REFERENCE_OR_LIMITED_ATTENTION|HR_BEHAVIOR_MISMATCH_REVIEW_CANDIDATE|HR_ESTIMATE_EXCEEDS_100_REVIEW|HR_ZONE_MISSING|HRmax|Int64|LOWER_OR_MODERATE_HR_WITH_BEHAVIOR_DEGRADATION_PROXY_REVIEW|LOWER_OR_MODERATE_HR_WITH_MULTI_FACTOR_BEHAVIOR_DEGRADATION_REVIEW|LOWER_VO2MAX_CONTEXT|MIDDLE_VO2MAX_CONTEXT|MODERATE|MODERATE_ATTENTION|MODERATE_ROUTE_LOAD_STRAIN_CANDIDATE_WITH_PROFILE_SUPPORT|MULTI_FACTOR|Missing|NONE|None|PARTICIPANT_PROFILE_JOINED|PARTICIPANT_PROFILE_MISSING|Path|REFERENCE_OR_LIMITED_ATTENTION_CONTEXT|RELATIVE_HIGH_LOW_SPEED_RATIO|RELATIVE_HIGH_ROUTE_LOAD_BEHAVIOR_RESPONSE|RELATIVE_HIGH_STOPPED_RATIO|RELATIVE_SLOWER_SPEED|SELF_REPORTED_DIFFICULTY_MISSING|SELF_REPORTED_HIGH_DIFFICULTY|SELF_REPORTED_LOW_DIFFICULTY|SELF_REPORTED_MODERATE_DIFFICULTY|Sex|This|True|VO2MAX_CONTEXT_MISSING|ZONE1_50_60_PCT_HRMAX|ZONE2_60_70_PCT_HRMAX|ZONE3_70_80_PCT_HRMAX|ZONE4|ZONE4_80_90_PCT_HRMAX|ZONE5|ZONE5_90_100_PCT_HRMAX|__doc__|__future__|_merge|_osm|ability|activity_id_short|add_argument|age|age_yrs|and|annotations|any|append|apply|are|argparse|args|astype,script_hint_not_data_source,False,False,script_only_not_governed_inventory_source,Script is useful for provenance discovery but is not a route feature table.
scripts\make_ch6_5_5_personal_profile_metadata_split_v0_3.py,True,SCRIPT,ArgumentParser|BEHAVIOR_ROUTE_LOAD_STRAIN_CANDIDATE|BOUNDARY|Boundary|CH6|CONTROLLED_HR_LABEL|Consumes|DEFAULT_INPUT|DEFAULT_OUT|DataFrame|Descriptive|False|FileNotFoundError|Full|HIGH_CONFIDENCE_ROUTE_LOAD_STRAIN_CANDIDATE_WITH_PROFILE_SUPPORT|HIGH_HR_CONTROLLED_OUTPUT_CONTEXT|HIGH_HR_OUTPUT_CONTROLLED|HIGH_HR_OUTPUT_CONTROLLED_CONTEXT_NOT_STRAIN_BY_ITSELF|HIGH_HR_ZONE_EFFICIENT|HIGH_HR_ZONE_EFFICIENT_OR_CONTROLLED_OUTPUT_CONTEXT|HIGH_HR_ZONE_WITH_BEHAVIOR_DEGRADATION|HRMAX_ESTIMATE_OR_SENSOR_REVIEW_CONTEXT|HRMAX_ESTIMATE_OR_SENSOR_REVIEW_REQUIRED|HRMAX_REVIEW_CONTEXT|HR_BEHAVIOR_MISMATCH_REVIEW_CANDIDATE|HR_BEHAVIOR_REVIEW_CONTEXT|HR_ESTIMATE_EXCEEDS_100_REVIEW|HRmax|High|KeyError|MODERATE_ROUTE_LOAD_STRAIN_CANDIDATE_WITH_PROFILE_SUPPORT|Missing|NONE|Path|Produces|REFERENCE_OR_LIMITED_ATTENTION_CONTEXT|ROUTE_LOAD_STRAIN_CANDIDATE|Route|STRAIN_LABELS|Sex|Split|This|True|ZONE4|ZONE5|__doc__|__future__|_osm|ability|activity_count|activity_id_short|activity_id_short_list|add_argument|age|agg|and|annotations|apply|are|argparse|args|ascending|astype|audit|axis|behavior|bin|can|candidate|candidates|cases|causality|ch6_5_5_personal_profile_metadata_join_v0_2|ch6_5_5_personal_profile_metadata_split_v0_3|ch6_5_5_v0_3_boundary|ch6_5_5_v0_3_split_category|class|classes|clearer|coding,script_hint_not_data_source,False,False,script_only_not_governed_inventory_source,Script is useful for provenance discovery but is not a route feature table.
scripts\make_ch6_5_5_route_following_axis_contract_patch_v1.py,True,SCRIPT,ADMISSION_AUDIT_FILE|ADMISSION_DECISION_FILE|Admission|Any|ArgumentParser|BOUNDARY|Build|CH6|Contract|DEFAULT_ADMISSION_ROOT|DEFAULT_CONTRACT_PATH|DEFAULT_INVENTORY_PATH|DEFAULT_OUTPUT_ROOT|DEVIATION_AXIS|DataFrame|Exception|FORBIDDEN_COLUMN_TOKENS|False|FileNotFoundError|GOVERNED_LIMITED_PROXY_PREVIEW_ONLY|LIMITED_PROXY|LIMITED_PROXY_AXIS|Missing|NONE|NUMERIC_AXIS|Namespace|None|PASS_CH6_5_5_ROUTE_FOLLOWING_AXIS_CONTRACT_PATCH_V1_GOVERNED_CONTRACT_LAYER|PATCH_PASS|PATCH_REVIEW|Path|REVIEW_REQUIRED_CH6_5_5_ROUTE_FOLLOWING_AXIS_CONTRACT_PATCH_V1|ROUTE_AXIS|ROUTE_FOLLOWING_LIMITED_PROXY_ADMITTED_V1_1|Route|THCI|This|ValueError|__doc__|__future__|_osm|ability|ability_class|ability_rank|ability_score|add_argument|add_axis_value_allowed|admission|admission_decision|admission_decision_path|admitted|after|allowed_use|and|annotation|annotations|applies|argparse|astype|authorize|axi|axis|axis_id|axis_label_zh|axis_output_mode|axis_status|axis_value_allowed|baseline_population_gate|bin|bool|boolish|boundary|build_patched_contract|causality|causality_claim|ch6_5_5_personal_ability_radar_axis_contract_v1|ch6_5_5_route_following_axis_contract_patch_v1|ch6_5_5_route_following_stability_proxy_admission_v1_1|claim|claims,script_hint_not_data_source,False,False,script_only_not_governed_inventory_source,Script is useful for provenance discovery but is not a route feature table.
scripts\make_ch6_5_5_route_following_data_table_patch_v1.py,True,SCRIPT,ACTIVITY_SUMMARY_FILE|ADMISSION_DECISION_FILE|Activity|Admission|Any|ArgumentParser|BLOCKED_EXTRA_SOURCE|BOUNDARY|Build|CH6|Contract|DEFAULT_ADMISSION_ROOT|DEFAULT_CONTRACT_V1_1_PATH|DEFAULT_DATA_TABLE_PATH|DEFAULT_OUTPUT_ROOT|DEVIATION_AXIS|DataFrame|Exception|FORBIDDEN_COLUMN_TOKENS|False|FileNotFoundError|MISSING|Missing|Namespace|None|PASS|PASS_CH6_5_5_ROUTE_FOLLOWING_DATA_TABLE_PATCH_V1_GOVERNED_TABLE_LAYER|Path|RADAR_BASELINE_ACTIVITY|REVIEW|REVIEW_REQUIRED_CH6_5_5_ROUTE_FOLLOWING_DATA_TABLE_PATCH_V1|ROUTE_AXIS|ROUTE_BOUNDARY|Route|THCI|This|ValueError|__doc__|__future__|_osm|ability|ability_class|ability_rank|ability_score|activity_id|activity_id_short|activity_lookup|activity_summary|activity_summary_path|add_argument|admission|admission_decision|admitted|allowed_use|and|annotations|any|applies|argparse|astype|authorize|axis|axis_annotation|axis_id|axis_output_mode|axis_status|axis_value|axis_value_allowed|axis_value_unit|baseline_gate|baseline_population_gate|bin|blank|bool|boolish|build_activity_lookup|build_decision_lookup|candidate_proxy_route_following_stability_0_100|causality|causality_claim,script_hint_not_data_source,False,False,script_only_not_governed_inventory_source,Script is useful for provenance discovery but is not a route feature table.
scripts\make_ch6_5_5_route_following_stability_proxy_admission_v1.py,True,SCRIPT,Admission|Arial|Audit|Boundary|CH6|Dict|DictReader|DictWriter|EVENT_ROOT|Exception|FORBIDDEN|False|Following|Hant|Higher|IB3C|Iterable|JhengHei|LIMITED_PROXY_AXIS|List|MISSING_EVIDENCE_ANNOTATION|Microsoft|NAV_RE|None|OFF_ROUTE_RE|OUT_ROOT|Optional|Path|Proxy|RADAR_DATA_TABLE|REJOIN_RE|ROOT|ROUTE_ISSUE_RE|ROUTE_TEXT_COLS|Route|Stability|TERMINAL_RE|This|True|Word|__future__|_osm|ability_class|ability_rank|ability_score|act|activity_cols|activity_id|activity_id_short|activity_rows|admission|admission_decision|admission_status|align|and|annotations|append|audit|audit_cols|audit_conclusion|axis_id|axis_label_zh|background|backtrack|baseline_activity_count|baseline_population_gate|baseline_with_events_count|baseline_with_route_issue_count|bin|body|bool|bool_text|border|branch|candidate|candidate_proxy_route_following_stability_0_100|candidate_reason|candidate_value|card|ch6_5_5_personal_ability_radar_data_table_v1,script_hint_not_data_source,False,False,script_only_not_governed_inventory_source,Script is useful for provenance discovery but is not a route feature table.
scripts\make_ch6_5_5_route_following_stability_proxy_admission_v1_1.py,True,SCRIPT,Admission|Arial|Audit|Boundary|CH6|Dict|DictReader|DictWriter|EVENT_ROOT|Exception|FORBIDDEN|False|Following|Hant|Higher|IB3C|Iterable|JhengHei|LIMITED_PROXY_AXIS|List|MISSING_EVIDENCE_ANNOTATION|Microsoft|NAV_RE|None|OFF_ROUTE_RE|OUT_ROOT|Optional|Path|Proxy|RADAR_DATA_TABLE|REJOIN_RE|ROOT|ROUTE_ISSUE_RE|ROUTE_TEXT_COLS|Route|Stability|TERMINAL_RE|This|True|Word|__future__|_osm|ability_class|ability_rank|ability_score|act|activity_cols|activity_id|activity_id_short|activity_rows|admission|admission_decision|admission_status|align|and|annotations|append|audit|audit_cols|audit_conclusion|axis_id|axis_label_zh|background|backtrack|baseline_activity_count|baseline_population_gate|baseline_with_events_count|baseline_with_route_issue_count|bin|body|bool|bool_text|border|branch|candidate|candidate_proxy_route_following_stability_0_100|candidate_reason|candidate_value|card|ch6_5_5_personal_ability_radar_data_table_v1,script_hint_not_data_source,False,False,script_only_not_governed_inventory_source,Script is useful for provenance discovery but is not a route feature table.
scripts\make_ch6_5_6_terrain_movement_efficiency_axis_admission_audit_v1_2.py,True,SCRIPT,Any|ArgumentParser|BOUNDARY|CH6|CSV|CURRENT_INDEX|DEFAULT_EVIDENCE_ROOT|DEFAULT_OUTPUT_ROOT|DEFAULT_UPSTREAM_ROOT|DataFrame|EXPECTED_ACTIVITY_COUNT|Exception|FAIL|False|FileNotFoundError|HIGHER_TERRAIN_MOVEMENT_MAINTENANCE_CONTEXT|IB2|IGNORECASE|LOWER_TERRAIN_MOVEMENT_MAINTENANCE_CONTEXT_REVIEW|MIN_CONTEXT_GROUP_WINDOWS|MULTILINE|Missing|NONE|Namespace|None|PASS|Path|RADAR_BOUNDARY|README|REFERENCE_TERRAIN_MOVEMENT_MAINTENANCE_CONTEXT|Route|Series|THCI|The|This|Use|__doc__|__future__|_osm|ability|ability_class_generated|ability_rank_generated|ability_score_generated|activity|activity_route_load_behavior_response_windows|activity_rows|activity_summary|add_argument|admission|admitted|also|and|annotations|any|append|argparse|astype|audit|audit_conclusion|audit_issues|authorize|available|axis|axis_max|axis_min|axis_rows|axis_unique|axis_update|axis_update_rows|axis_values|bin|bool|branch|build_gates|but|can|causality|ch6_5_6_terrain_movement_efficiency_axis_admission_audit_v1_2|ch6_5_6_terrain_movement_efficiency_evidence_v1|ch6_5_route_load_context_index_v1,script_hint_not_data_source,False,False,script_only_not_governed_inventory_source,Script is useful for provenance discovery but is not a route feature table.
scripts\make_ch6_5_6_terrain_movement_efficiency_evidence_v1.py,True,SCRIPT,ArgumentParser|BOUNDARY|CH6|DEFAULT_INPUT|DEFAULT_OUTPUT_ROOT|DataFrame|Default|Descriptive|FALLBACK_INPUTS|False|FileNotFoundError|Fill|GLOBAL_FALLBACK_SMALL_CONTEXT_GROUP|HIGH_ROUTE_LOAD_CONTEXT|HIGH_ROUTE_LOAD_OR_SLOPE_CONTEXT|HIGH_TERRAIN_EVIDENCE_CONTEXT|Indices|Keep|KeyError|LOW_INFORMATION_MIXED_CONTEXT|LOW_SPEED_THRESHOLD_MPS|MIN_ACTIVITY_WINDOWS_FOR_AXIS|MIN_CONTEXT_GROUP_WINDOWS|MISSING|Missing|NONE|NOT|Namespace|None|Outputs|Path|Purpose|ROAD_CONTEXT|ROAD_OR_WIDE_PATH_CONTEXT|Return|STEPS_CONTEXT|Series|THCI|TRAIL_OR_MIXED_CONTEXT|TRAIL_OR_MIXED_OSM_CONTEXT|They|This|Tried|True|VERY_HIGH_ROUTE_LOAD_CONTEXT|WINDOW_BOUNDARY|WITHIN_CONTEXT_GROUP|Window|__doc__|__future__|_osm|ability|abnormality|activity|activity_id_short|activity_route_load_behavior_response_windows|add_argument|and|annotations|append|are|argparse|astype|available|average|avoids|axis|band|behavior|bin|bool|bool_from_text|bucket|build_window_evidence|builds|candidate_input_path|candidates|causality|ch6_5_6_terrain_movement_efficiency_evidence_v1|ch6_5_route_load_context_index_v1,script_hint_not_data_source,False,False,script_only_not_governed_inventory_source,Script is useful for provenance discovery but is not a route feature table.
scripts\make_ch6_5_route_load_context_index_v1.py,True,SCRIPT,ACTIVITY_RELATIVE_HIGH_HR_WINDOW|ArgumentParser|BOUNDARY_TEXT|Behavior|Boundaries|Build|CALIBRATED_SLOPE_P75_ABS|CANDIDATE_BOUNDARY|Candidate|Chapter|DEFAULT_INPUT_CSV|DEFAULT_OUTPUT_ROOT|DataFrame|Descriptive|False|HIGH_ROUTE_LOAD_CONTEXT|HR_MISSING|IB2_EFFORT_HIGH|Iterable|KeyError|LOWER_ROUTE_LOAD_CONTEXT|LOW_SPEED_THRESHOLD_MPS|MODERATE_ROUTE_LOAD_CONTEXT|Missing|NONE|Namespace|None|PROHIBITED_OUTPUT_TOKENS|Path|ROUTE_LOAD_CONTEXT_MISSING|ROUTE_LOAD_WEIGHTS|SLOPE_HIGH|SLOPE_LOAD_FALLBACK_VERTICAL_RANGE|SPEED_BELOW_LOW_SPEED_THRESHOLD|STEPS_SURFACE_HIGH|Series|TERRAIN_HIGH|THCI|The|This|True|VERTICAL_RANGE_HIGH|VERY_HIGH_ROUTE_LOAD_CONTEXT|WEATHER_CONTEXT_AVAILABLE_NO_FLAGS|WEATHER_CONTEXT_MISSING|__doc__|__future__|_osm|ability|ability_class|ability_rank|ability_score|activity|activity_heart_rate_bpm_median_p75|activity_hr_p75|activity_id_short|activity_route_load_behavior_response_windows|add_argument|and|annotations|any|append|apply|are|argparse|assessment|available|available_raw|axis|back|behavior|behavior_flags|behavior_signal_count|bin|bool|build_environment_flags|build_route_load_windows|calibrated_slope_pct_p75_abs|causality|ch6_5_route_load_context_index_v1,script_hint_not_data_source,False,False,script_only_not_governed_inventory_source,Script is useful for provenance discovery but is not a route feature table.
