activity_id_short,participant_id,axis_id,axis_label_zh,component_metric,component_role,component_raw_value,component_group_relative_index_0_100,component_support_status,interpretation_boundary
13_1,13,sustained_progress,持續推進能力,speed_mps_median_median,HIGHER_IS_MORE_FAVORABLE,0.669343,52.0,AVAILABLE,"Descriptive CH6.5.5 personal activity performance radar-ready context only. Axis values are group-relative descriptive indices for visualization and review. They are not ability scores, ability ranks, ability classes, THCI scores, final hiking risk scores, route suitability scores, go/no-go decisions, medical diagnoses, or causality evidence. Missing axes remain INSUFFICIENT_EVIDENCE and are not zero-filled."
13_1,13,sustained_progress,持續推進能力,low_speed_ratio_avg,LOWER_IS_MORE_FAVORABLE,0.218352,36.0,AVAILABLE,"Descriptive CH6.5.5 personal activity performance radar-ready context only. Axis values are group-relative descriptive indices for visualization and review. They are not ability scores, ability ranks, ability classes, THCI scores, final hiking risk scores, route suitability scores, go/no-go decisions, medical diagnoses, or causality evidence. Missing axes remain INSUFFICIENT_EVIDENCE and are not zero-filled."
13_1,13,sustained_progress,持續推進能力,stopped_ratio_avg,LOWER_IS_MORE_FAVORABLE,0.014726,28.0,AVAILABLE,"Descriptive CH6.5.5 personal activity performance radar-ready context only. Axis values are group-relative descriptive indices for visualization and review. They are not ability scores, ability ranks, ability classes, THCI scores, final hiking risk scores, route suitability scores, go/no-go decisions, medical diagnoses, or causality evidence. Missing axes remain INSUFFICIENT_EVIDENCE and are not zero-filled."
13_1,13,uphill_load_tolerance_proxy,上坡負荷承受力（有限代理）,route_load_behavior_candidate_window_ratio,LOWER_IS_MORE_FAVORABLE,0.475,52.0,AVAILABLE,"Descriptive CH6.5.5 personal activity performance radar-ready context only. Axis values are group-relative descriptive indices for visualization and review. They are not ability scores, ability ranks, ability classes, THCI scores, final hiking risk scores, route suitability scores, go/no-go decisions, medical diagnoses, or causality evidence. Missing axes remain INSUFFICIENT_EVIDENCE and are not zero-filled."
13_1,13,uphill_load_tolerance_proxy,上坡負荷承受力（有限代理）,uphill_high_route_load_ratio,LOWER_IS_MORE_FAVORABLE_CONTEXT_ONLY,0.175,16.0,AVAILABLE,"Descriptive CH6.5.5 personal activity performance radar-ready context only. Axis values are group-relative descriptive indices for visualization and review. They are not ability scores, ability ranks, ability classes, THCI scores, final hiking risk scores, route suitability scores, go/no-go decisions, medical diagnoses, or causality evidence. Missing axes remain INSUFFICIENT_EVIDENCE and are not zero-filled."
13_1,13,pacing_movement_stability,配速／移動穩定性,low_speed_ratio_avg,LOWER_IS_MORE_FAVORABLE,0.218352,36.0,AVAILABLE,"Descriptive CH6.5.5 personal activity performance radar-ready context only. Axis values are group-relative descriptive indices for visualization and review. They are not ability scores, ability ranks, ability classes, THCI scores, final hiking risk scores, route suitability scores, go/no-go decisions, medical diagnoses, or causality evidence. Missing axes remain INSUFFICIENT_EVIDENCE and are not zero-filled."
13_1,13,pacing_movement_stability,配速／移動穩定性,stopped_ratio_avg,LOWER_IS_MORE_FAVORABLE,0.014726,28.0,AVAILABLE,"Descriptive CH6.5.5 personal activity performance radar-ready context only. Axis values are group-relative descriptive indices for visualization and review. They are not ability scores, ability ranks, ability classes, THCI scores, final hiking risk scores, route suitability scores, go/no-go decisions, medical diagnoses, or causality evidence. Missing axes remain INSUFFICIENT_EVIDENCE and are not zero-filled."
13_1,13,pacing_movement_stability,配速／移動穩定性,speed_mps_median_median,HIGHER_IS_MORE_FAVORABLE,0.669343,52.0,AVAILABLE,"Descriptive CH6.5.5 personal activity performance radar-ready context only. Axis values are group-relative descriptive indices for visualization and review. They are not ability scores, ability ranks, ability classes, THCI scores, final hiking risk scores, route suitability scores, go/no-go decisions, medical diagnoses, or causality evidence. Missing axes remain INSUFFICIENT_EVIDENCE and are not zero-filled."
13_1,13,hr_output_efficiency_proxy,HR 輸出效率（有限代理）,speed_mps_median_median,HIGHER_IS_MORE_FAVORABLE,0.669343,52.0,AVAILABLE,"Descriptive CH6.5.5 personal activity performance radar-ready context only. Axis values are group-relative descriptive indices for visualization and review. They are not ability scores, ability ranks, ability classes, THCI scores, final hiking risk scores, route suitability scores, go/no-go decisions, medical diagnoses, or causality evidence. Missing axes remain INSUFFICIENT_EVIDENCE and are not zero-filled."
13_1,13,hr_output_efficiency_proxy,HR 輸出效率（有限代理）,hr_median_pct_sex_age_est_hrmax,LOWER_IS_MORE_FAVORABLE,89.01614310645725,12.0,AVAILABLE,"Descriptive CH6.5.5 personal activity performance radar-ready context only. Axis values are group-relative descriptive indices for visualization and review. They are not ability scores, ability ranks, ability classes, THCI scores, final hiking risk scores, route suitability scores, go/no-go decisions, medical diagnoses, or causality evidence. Missing axes remain INSUFFICIENT_EVIDENCE and are not zero-filled."
13_1,13,hr_output_efficiency_proxy,HR 輸出效率（有限代理）,low_speed_ratio_avg,LOWER_IS_MORE_FAVORABLE,0.218352,36.0,AVAILABLE,"Descriptive CH6.5.5 personal activity performance radar-ready context only. Axis values are group-relative descriptive indices for visualization and review. They are not ability scores, ability ranks, ability classes, THCI scores, final hiking risk scores, route suitability scores, go/no-go decisions, medical diagnoses, or causality evidence. Missing axes remain INSUFFICIENT_EVIDENCE and are not zero-filled."
13_1,13,weather_performance_maintenance_proxy,天候下表現維持（有限代理）,behavior_weather_context_review_required_ratio,LOWER_IS_MORE_FAVORABLE,0.475,52.0,AVAILABLE,"Descriptive CH6.5.5 personal activity performance radar-ready context only. Axis values are group-relative descriptive indices for visualization and review. They are not ability scores, ability ranks, ability classes, THCI scores, final hiking risk scores, route suitability scores, go/no-go decisions, medical diagnoses, or causality evidence. Missing axes remain INSUFFICIENT_EVIDENCE and are not zero-filled."
13_1,13,weather_performance_maintenance_proxy,天候下表現維持（有限代理）,route_load_behavior_candidate_window_ratio,LOWER_IS_MORE_FAVORABLE,0.475,52.0,AVAILABLE,"Descriptive CH6.5.5 personal activity performance radar-ready context only. Axis values are group-relative descriptive indices for visualization and review. They are not ability scores, ability ranks, ability classes, THCI scores, final hiking risk scores, route suitability scores, go/no-go decisions, medical diagnoses, or causality evidence. Missing axes remain INSUFFICIENT_EVIDENCE and are not zero-filled."
14_1,14,sustained_progress,持續推進能力,speed_mps_median_median,HIGHER_IS_MORE_FAVORABLE,0.839099,84.0,AVAILABLE,"Descriptive CH6.5.5 personal activity performance radar-ready context only. Axis values are group-relative descriptive indices for visualization and review. They are not ability scores, ability ranks, ability classes, THCI scores, final hiking risk scores, route suitability scores, go/no-go decisions, medical diagnoses, or causality evidence. Missing axes remain INSUFFICIENT_EVIDENCE and are not zero-filled."
14_1,14,sustained_progress,持續推進能力,low_speed_ratio_avg,LOWER_IS_MORE_FAVORABLE,0.145467,60.0,AVAILABLE,"Descriptive CH6.5.5 personal activity performance radar-ready context only. Axis values are group-relative descriptive indices for visualization and review. They are not ability scores, ability ranks, ability classes, THCI scores, final hiking risk scores, route suitability scores, go/no-go decisions, medical diagnoses, or causality evidence. Missing axes remain INSUFFICIENT_EVIDENCE and are not zero-filled."
14_1,14,sustained_progress,持續推進能力,stopped_ratio_avg,LOWER_IS_MORE_FAVORABLE,0.008795,56.0,AVAILABLE,"Descriptive CH6.5.5 personal activity performance radar-ready context only. Axis values are group-relative descriptive indices for visualization and review. They are not ability scores, ability ranks, ability classes, THCI scores, final hiking risk scores, route suitability scores, go/no-go decisions, medical diagnoses, or causality evidence. Missing axes remain INSUFFICIENT_EVIDENCE and are not zero-filled."
14_1,14,uphill_load_tolerance_proxy,上坡負荷承受力（有限代理）,route_load_behavior_candidate_window_ratio,LOWER_IS_MORE_FAVORABLE,0.333333,90.0,AVAILABLE,"Descriptive CH6.5.5 personal activity performance radar-ready context only. Axis values are group-relative descriptive indices for visualization and review. They are not ability scores, ability ranks, ability classes, THCI scores, final hiking risk scores, route suitability scores, go/no-go decisions, medical diagnoses, or causality evidence. Missing axes remain INSUFFICIENT_EVIDENCE and are not zero-filled."
14_1,14,uphill_load_tolerance_proxy,上坡負荷承受力（有限代理）,uphill_high_route_load_ratio,LOWER_IS_MORE_FAVORABLE_CONTEXT_ONLY,0.083333,84.0,AVAILABLE,"Descriptive CH6.5.5 personal activity performance radar-ready context only. Axis values are group-relative descriptive indices for visualization and review. They are not ability scores, ability ranks, ability classes, THCI scores, final hiking risk scores, route suitability scores, go/no-go decisions, medical diagnoses, or causality evidence. Missing axes remain INSUFFICIENT_EVIDENCE and are not zero-filled."
14_1,14,pacing_movement_stability,配速／移動穩定性,low_speed_ratio_avg,LOWER_IS_MORE_FAVORABLE,0.145467,60.0,AVAILABLE,"Descriptive CH6.5.5 personal activity performance radar-ready context only. Axis values are group-relative descriptive indices for visualization and review. They are not ability scores, ability ranks, ability classes, THCI scores, final hiking risk scores, route suitability scores, go/no-go decisions, medical diagnoses, or causality evidence. Missing axes remain INSUFFICIENT_EVIDENCE and are not zero-filled."
14_1,14,pacing_movement_stability,配速／移動穩定性,stopped_ratio_avg,LOWER_IS_MORE_FAVORABLE,0.008795,56.0,AVAILABLE,"Descriptive CH6.5.5 personal activity performance radar-ready context only. Axis values are group-relative descriptive indices for visualization and review. They are not ability scores, ability ranks, ability classes, THCI scores, final hiking risk scores, route suitability scores, go/no-go decisions, medical diagnoses, or causality evidence. Missing axes remain INSUFFICIENT_EVIDENCE and are not zero-filled."
14_1,14,pacing_movement_stability,配速／移動穩定性,speed_mps_median_median,HIGHER_IS_MORE_FAVORABLE,0.839099,84.0,AVAILABLE,"Descriptive CH6.5.5 personal activity performance radar-ready context only. Axis values are group-relative descriptive indices for visualization and review. They are not ability scores, ability ranks, ability classes, THCI scores, final hiking risk scores, route suitability scores, go/no-go decisions, medical diagnoses, or causality evidence. Missing axes remain INSUFFICIENT_EVIDENCE and are not zero-filled."
14_1,14,hr_output_efficiency_proxy,HR 輸出效率（有限代理）,speed_mps_median_median,HIGHER_IS_MORE_FAVORABLE,0.839099,84.0,AVAILABLE,"Descriptive CH6.5.5 personal activity performance radar-ready context only. Axis values are group-relative descriptive indices for visualization and review. They are not ability scores, ability ranks, ability classes, THCI scores, final hiking risk scores, route suitability scores, go/no-go decisions, medical diagnoses, or causality evidence. Missing axes remain INSUFFICIENT_EVIDENCE and are not zero-filled."
14_1,14,hr_output_efficiency_proxy,HR 輸出效率（有限代理）,hr_median_pct_sex_age_est_hrmax,LOWER_IS_MORE_FAVORABLE,81.61935110081112,56.0,AVAILABLE,"Descriptive CH6.5.5 personal activity performance radar-ready context only. Axis values are group-relative descriptive indices for visualization and review. They are not ability scores, ability ranks, ability classes, THCI scores, final hiking risk scores, route suitability scores, go/no-go decisions, medical diagnoses, or causality evidence. Missing axes remain INSUFFICIENT_EVIDENCE and are not zero-filled."
14_1,14,hr_output_efficiency_proxy,HR 輸出效率（有限代理）,low_speed_ratio_avg,LOWER_IS_MORE_FAVORABLE,0.145467,60.0,AVAILABLE,"Descriptive CH6.5.5 personal activity performance radar-ready context only. Axis values are group-relative descriptive indices for visualization and review. They are not ability scores, ability ranks, ability classes, THCI scores, final hiking risk scores, route suitability scores, go/no-go decisions, medical diagnoses, or causality evidence. Missing axes remain INSUFFICIENT_EVIDENCE and are not zero-filled."
14_1,14,weather_performance_maintenance_proxy,天候下表現維持（有限代理）,behavior_weather_context_review_required_ratio,LOWER_IS_MORE_FAVORABLE,0.333333,90.0,AVAILABLE,"Descriptive CH6.5.5 personal activity performance radar-ready context only. Axis values are group-relative descriptive indices for visualization and review. They are not ability scores, ability ranks, ability classes, THCI scores, final hiking risk scores, route suitability scores, go/no-go decisions, medical diagnoses, or causality evidence. Missing axes remain INSUFFICIENT_EVIDENCE and are not zero-filled."
14_1,14,weather_performance_maintenance_proxy,天候下表現維持（有限代理）,route_load_behavior_candidate_window_ratio,LOWER_IS_MORE_FAVORABLE,0.333333,90.0,AVAILABLE,"Descriptive CH6.5.5 personal activity performance radar-ready context only. Axis values are group-relative descriptive indices for visualization and review. They are not ability scores, ability ranks, ability classes, THCI scores, final hiking risk scores, route suitability scores, go/no-go decisions, medical diagnoses, or causality evidence. Missing axes remain INSUFFICIENT_EVIDENCE and are not zero-filled."
15_1,15,sustained_progress,持續推進能力,speed_mps_median_median,HIGHER_IS_MORE_FAVORABLE,0.905109,96.0,AVAILABLE,"Descriptive CH6.5.5 personal activity performance radar-ready context only. Axis values are group-relative descriptive indices for visualization and review. They are not ability scores, ability ranks, ability classes, THCI scores, final hiking risk scores, route suitability scores, go/no-go decisions, medical diagnoses, or causality evidence. Missing axes remain INSUFFICIENT_EVIDENCE and are not zero-filled."
15_1,15,sustained_progress,持續推進能力,low_speed_ratio_avg,LOWER_IS_MORE_FAVORABLE,0.079904,84.0,AVAILABLE,"Descriptive CH6.5.5 personal activity performance radar-ready context only. Axis values are group-relative descriptive indices for visualization and review. They are not ability scores, ability ranks, ability classes, THCI scores, final hiking risk scores, route suitability scores, go/no-go decisions, medical diagnoses, or causality evidence. Missing axes remain INSUFFICIENT_EVIDENCE and are not zero-filled."
15_1,15,sustained_progress,持續推進能力,stopped_ratio_avg,LOWER_IS_MORE_FAVORABLE,0.0,88.0,AVAILABLE,"Descriptive CH6.5.5 personal activity performance radar-ready context only. Axis values are group-relative descriptive indices for visualization and review. They are not ability scores, ability ranks, ability classes, THCI scores, final hiking risk scores, route suitability scores, go/no-go decisions, medical diagnoses, or causality evidence. Missing axes remain INSUFFICIENT_EVIDENCE and are not zero-filled."
15_1,15,uphill_load_tolerance_proxy,上坡負荷承受力（有限代理）,route_load_behavior_candidate_window_ratio,LOWER_IS_MORE_FAVORABLE,0.432099,76.0,AVAILABLE,"Descriptive CH6.5.5 personal activity performance radar-ready context only. Axis values are group-relative descriptive indices for visualization and review. They are not ability scores, ability ranks, ability classes, THCI scores, final hiking risk scores, route suitability scores, go/no-go decisions, medical diagnoses, or causality evidence. Missing axes remain INSUFFICIENT_EVIDENCE and are not zero-filled."
15_1,15,uphill_load_tolerance_proxy,上坡負荷承受力（有限代理）,uphill_high_route_load_ratio,LOWER_IS_MORE_FAVORABLE_CONTEXT_ONLY,0.135802,40.0,AVAILABLE,"Descriptive CH6.5.5 personal activity performance radar-ready context only. Axis values are group-relative descriptive indices for visualization and review. They are not ability scores, ability ranks, ability classes, THCI scores, final hiking risk scores, route suitability scores, go/no-go decisions, medical diagnoses, or causality evidence. Missing axes remain INSUFFICIENT_EVIDENCE and are not zero-filled."
15_1,15,pacing_movement_stability,配速／移動穩定性,low_speed_ratio_avg,LOWER_IS_MORE_FAVORABLE,0.079904,84.0,AVAILABLE,"Descriptive CH6.5.5 personal activity performance radar-ready context only. Axis values are group-relative descriptive indices for visualization and review. They are not ability scores, ability ranks, ability classes, THCI scores, final hiking risk scores, route suitability scores, go/no-go decisions, medical diagnoses, or causality evidence. Missing axes remain INSUFFICIENT_EVIDENCE and are not zero-filled."
15_1,15,pacing_movement_stability,配速／移動穩定性,stopped_ratio_avg,LOWER_IS_MORE_FAVORABLE,0.0,88.0,AVAILABLE,"Descriptive CH6.5.5 personal activity performance radar-ready context only. Axis values are group-relative descriptive indices for visualization and review. They are not ability scores, ability ranks, ability classes, THCI scores, final hiking risk scores, route suitability scores, go/no-go decisions, medical diagnoses, or causality evidence. Missing axes remain INSUFFICIENT_EVIDENCE and are not zero-filled."
15_1,15,pacing_movement_stability,配速／移動穩定性,speed_mps_median_median,HIGHER_IS_MORE_FAVORABLE,0.905109,96.0,AVAILABLE,"Descriptive CH6.5.5 personal activity performance radar-ready context only. Axis values are group-relative descriptive indices for visualization and review. They are not ability scores, ability ranks, ability classes, THCI scores, final hiking risk scores, route suitability scores, go/no-go decisions, medical diagnoses, or causality evidence. Missing axes remain INSUFFICIENT_EVIDENCE and are not zero-filled."
15_1,15,hr_output_efficiency_proxy,HR 輸出效率（有限代理）,speed_mps_median_median,HIGHER_IS_MORE_FAVORABLE,0.905109,96.0,AVAILABLE,"Descriptive CH6.5.5 personal activity performance radar-ready context only. Axis values are group-relative descriptive indices for visualization and review. They are not ability scores, ability ranks, ability classes, THCI scores, final hiking risk scores, route suitability scores, go/no-go decisions, medical diagnoses, or causality evidence. Missing axes remain INSUFFICIENT_EVIDENCE and are not zero-filled."
15_1,15,hr_output_efficiency_proxy,HR 輸出效率（有限代理）,hr_median_pct_sex_age_est_hrmax,LOWER_IS_MORE_FAVORABLE,87.32309539295393,16.0,AVAILABLE,"Descriptive CH6.5.5 personal activity performance radar-ready context only. Axis values are group-relative descriptive indices for visualization and review. They are not ability scores, ability ranks, ability classes, THCI scores, final hiking risk scores, route suitability scores, go/no-go decisions, medical diagnoses, or causality evidence. Missing axes remain INSUFFICIENT_EVIDENCE and are not zero-filled."
15_1,15,hr_output_efficiency_proxy,HR 輸出效率（有限代理）,low_speed_ratio_avg,LOWER_IS_MORE_FAVORABLE,0.079904,84.0,AVAILABLE,"Descriptive CH6.5.5 personal activity performance radar-ready context only. Axis values are group-relative descriptive indices for visualization and review. They are not ability scores, ability ranks, ability classes, THCI scores, final hiking risk scores, route suitability scores, go/no-go decisions, medical diagnoses, or causality evidence. Missing axes remain INSUFFICIENT_EVIDENCE and are not zero-filled."
15_1,15,weather_performance_maintenance_proxy,天候下表現維持（有限代理）,behavior_weather_context_review_required_ratio,LOWER_IS_MORE_FAVORABLE,0.432099,76.0,AVAILABLE,"Descriptive CH6.5.5 personal activity performance radar-ready context only. Axis values are group-relative descriptive indices for visualization and review. They are not ability scores, ability ranks, ability classes, THCI scores, final hiking risk scores, route suitability scores, go/no-go decisions, medical diagnoses, or causality evidence. Missing axes remain INSUFFICIENT_EVIDENCE and are not zero-filled."
15_1,15,weather_performance_maintenance_proxy,天候下表現維持（有限代理）,route_load_behavior_candidate_window_ratio,LOWER_IS_MORE_FAVORABLE,0.432099,76.0,AVAILABLE,"Descriptive CH6.5.5 personal activity performance radar-ready context only. Axis values are group-relative descriptive indices for visualization and review. They are not ability scores, ability ranks, ability classes, THCI scores, final hiking risk scores, route suitability scores, go/no-go decisions, medical diagnoses, or causality evidence. Missing axes remain INSUFFICIENT_EVIDENCE and are not zero-filled."
16_1,16,sustained_progress,持續推進能力,speed_mps_median_median,HIGHER_IS_MORE_FAVORABLE,0.60218,36.0,AVAILABLE,"Descriptive CH6.5.5 personal activity performance radar-ready context only. Axis values are group-relative descriptive indices for visualization and review. They are not ability scores, ability ranks, ability classes, THCI scores, final hiking risk scores, route suitability scores, go/no-go decisions, medical diagnoses, or causality evidence. Missing axes remain INSUFFICIENT_EVIDENCE and are not zero-filled."
16_1,16,sustained_progress,持續推進能力,low_speed_ratio_avg,LOWER_IS_MORE_FAVORABLE,0.212015,40.0,AVAILABLE,"Descriptive CH6.5.5 personal activity performance radar-ready context only. Axis values are group-relative descriptive indices for visualization and review. They are not ability scores, ability ranks, ability classes, THCI scores, final hiking risk scores, route suitability scores, go/no-go decisions, medical diagnoses, or causality evidence. Missing axes remain INSUFFICIENT_EVIDENCE and are not zero-filled."
16_1,16,sustained_progress,持續推進能力,stopped_ratio_avg,LOWER_IS_MORE_FAVORABLE,0.076112,0.0,AVAILABLE,"Descriptive CH6.5.5 personal activity performance radar-ready context only. Axis values are group-relative descriptive indices for visualization and review. They are not ability scores, ability ranks, ability classes, THCI scores, final hiking risk scores, route suitability scores, go/no-go decisions, medical diagnoses, or causality evidence. Missing axes remain INSUFFICIENT_EVIDENCE and are not zero-filled."
16_1,16,uphill_load_tolerance_proxy,上坡負荷承受力（有限代理）,route_load_behavior_candidate_window_ratio,LOWER_IS_MORE_FAVORABLE,0.493976,34.0,AVAILABLE,"Descriptive CH6.5.5 personal activity performance radar-ready context only. Axis values are group-relative descriptive indices for visualization and review. They are not ability scores, ability ranks, ability classes, THCI scores, final hiking risk scores, route suitability scores, go/no-go decisions, medical diagnoses, or causality evidence. Missing axes remain INSUFFICIENT_EVIDENCE and are not zero-filled."
16_1,16,uphill_load_tolerance_proxy,上坡負荷承受力（有限代理）,uphill_high_route_load_ratio,LOWER_IS_MORE_FAVORABLE_CONTEXT_ONLY,0.096386,70.0,AVAILABLE,"Descriptive CH6.5.5 personal activity performance radar-ready context only. Axis values are group-relative descriptive indices for visualization and review. They are not ability scores, ability ranks, ability classes, THCI scores, final hiking risk scores, route suitability scores, go/no-go decisions, medical diagnoses, or causality evidence. Missing axes remain INSUFFICIENT_EVIDENCE and are not zero-filled."
16_1,16,pacing_movement_stability,配速／移動穩定性,low_speed_ratio_avg,LOWER_IS_MORE_FAVORABLE,0.212015,40.0,AVAILABLE,"Descriptive CH6.5.5 personal activity performance radar-ready context only. Axis values are group-relative descriptive indices for visualization and review. They are not ability scores, ability ranks, ability classes, THCI scores, final hiking risk scores, route suitability scores, go/no-go decisions, medical diagnoses, or causality evidence. Missing axes remain INSUFFICIENT_EVIDENCE and are not zero-filled."
16_1,16,pacing_movement_stability,配速／移動穩定性,stopped_ratio_avg,LOWER_IS_MORE_FAVORABLE,0.076112,0.0,AVAILABLE,"Descriptive CH6.5.5 personal activity performance radar-ready context only. Axis values are group-relative descriptive indices for visualization and review. They are not ability scores, ability ranks, ability classes, THCI scores, final hiking risk scores, route suitability scores, go/no-go decisions, medical diagnoses, or causality evidence. Missing axes remain INSUFFICIENT_EVIDENCE and are not zero-filled."
16_1,16,pacing_movement_stability,配速／移動穩定性,speed_mps_median_median,HIGHER_IS_MORE_FAVORABLE,0.60218,36.0,AVAILABLE,"Descriptive CH6.5.5 personal activity performance radar-ready context only. Axis values are group-relative descriptive indices for visualization and review. They are not ability scores, ability ranks, ability classes, THCI scores, final hiking risk scores, route suitability scores, go/no-go decisions, medical diagnoses, or causality evidence. Missing axes remain INSUFFICIENT_EVIDENCE and are not zero-filled."
16_1,16,hr_output_efficiency_proxy,HR 輸出效率（有限代理）,speed_mps_median_median,HIGHER_IS_MORE_FAVORABLE,0.60218,36.0,AVAILABLE,"Descriptive CH6.5.5 personal activity performance radar-ready context only. Axis values are group-relative descriptive indices for visualization and review. They are not ability scores, ability ranks, ability classes, THCI scores, final hiking risk scores, route suitability scores, go/no-go decisions, medical diagnoses, or causality evidence. Missing axes remain INSUFFICIENT_EVIDENCE and are not zero-filled."
16_1,16,hr_output_efficiency_proxy,HR 輸出效率（有限代理）,hr_median_pct_sex_age_est_hrmax,LOWER_IS_MORE_FAVORABLE,77.90938422535211,68.0,AVAILABLE,"Descriptive CH6.5.5 personal activity performance radar-ready context only. Axis values are group-relative descriptive indices for visualization and review. They are not ability scores, ability ranks, ability classes, THCI scores, final hiking risk scores, route suitability scores, go/no-go decisions, medical diagnoses, or causality evidence. Missing axes remain INSUFFICIENT_EVIDENCE and are not zero-filled."
16_1,16,hr_output_efficiency_proxy,HR 輸出效率（有限代理）,low_speed_ratio_avg,LOWER_IS_MORE_FAVORABLE,0.212015,40.0,AVAILABLE,"Descriptive CH6.5.5 personal activity performance radar-ready context only. Axis values are group-relative descriptive indices for visualization and review. They are not ability scores, ability ranks, ability classes, THCI scores, final hiking risk scores, route suitability scores, go/no-go decisions, medical diagnoses, or causality evidence. Missing axes remain INSUFFICIENT_EVIDENCE and are not zero-filled."
16_1,16,weather_performance_maintenance_proxy,天候下表現維持（有限代理）,behavior_weather_context_review_required_ratio,LOWER_IS_MORE_FAVORABLE,0.493976,34.0,AVAILABLE,"Descriptive CH6.5.5 personal activity performance radar-ready context only. Axis values are group-relative descriptive indices for visualization and review. They are not ability scores, ability ranks, ability classes, THCI scores, final hiking risk scores, route suitability scores, go/no-go decisions, medical diagnoses, or causality evidence. Missing axes remain INSUFFICIENT_EVIDENCE and are not zero-filled."
16_1,16,weather_performance_maintenance_proxy,天候下表現維持（有限代理）,route_load_behavior_candidate_window_ratio,LOWER_IS_MORE_FAVORABLE,0.493976,34.0,AVAILABLE,"Descriptive CH6.5.5 personal activity performance radar-ready context only. Axis values are group-relative descriptive indices for visualization and review. They are not ability scores, ability ranks, ability classes, THCI scores, final hiking risk scores, route suitability scores, go/no-go decisions, medical diagnoses, or causality evidence. Missing axes remain INSUFFICIENT_EVIDENCE and are not zero-filled."
20_1,20,sustained_progress,持續推進能力,speed_mps_median_median,HIGHER_IS_MORE_FAVORABLE,0.619883,40.0,AVAILABLE,"Descriptive CH6.5.5 personal activity performance radar-ready context only. Axis values are group-relative descriptive indices for visualization and review. They are not ability scores, ability ranks, ability classes, THCI scores, final hiking risk scores, route suitability scores, go/no-go decisions, medical diagnoses, or causality evidence. Missing axes remain INSUFFICIENT_EVIDENCE and are not zero-filled."
20_1,20,sustained_progress,持續推進能力,low_speed_ratio_avg,LOWER_IS_MORE_FAVORABLE,0.10797,76.0,AVAILABLE,"Descriptive CH6.5.5 personal activity performance radar-ready context only. Axis values are group-relative descriptive indices for visualization and review. They are not ability scores, ability ranks, ability classes, THCI scores, final hiking risk scores, route suitability scores, go/no-go decisions, medical diagnoses, or causality evidence. Missing axes remain INSUFFICIENT_EVIDENCE and are not zero-filled."
20_1,20,sustained_progress,持續推進能力,stopped_ratio_avg,LOWER_IS_MORE_FAVORABLE,0.0,88.0,AVAILABLE,"Descriptive CH6.5.5 personal activity performance radar-ready context only. Axis values are group-relative descriptive indices for visualization and review. They are not ability scores, ability ranks, ability classes, THCI scores, final hiking risk scores, route suitability scores, go/no-go decisions, medical diagnoses, or causality evidence. Missing axes remain INSUFFICIENT_EVIDENCE and are not zero-filled."
20_1,20,uphill_load_tolerance_proxy,上坡負荷承受力（有限代理）,route_load_behavior_candidate_window_ratio,LOWER_IS_MORE_FAVORABLE,0.481013,40.0,AVAILABLE,"Descriptive CH6.5.5 personal activity performance radar-ready context only. Axis values are group-relative descriptive indices for visualization and review. They are not ability scores, ability ranks, ability classes, THCI scores, final hiking risk scores, route suitability scores, go/no-go decisions, medical diagnoses, or causality evidence. Missing axes remain INSUFFICIENT_EVIDENCE and are not zero-filled."
20_1,20,uphill_load_tolerance_proxy,上坡負荷承受力（有限代理）,uphill_high_route_load_ratio,LOWER_IS_MORE_FAVORABLE_CONTEXT_ONLY,0.063291,96.0,AVAILABLE,"Descriptive CH6.5.5 personal activity performance radar-ready context only. Axis values are group-relative descriptive indices for visualization and review. They are not ability scores, ability ranks, ability classes, THCI scores, final hiking risk scores, route suitability scores, go/no-go decisions, medical diagnoses, or causality evidence. Missing axes remain INSUFFICIENT_EVIDENCE and are not zero-filled."
20_1,20,pacing_movement_stability,配速／移動穩定性,low_speed_ratio_avg,LOWER_IS_MORE_FAVORABLE,0.10797,76.0,AVAILABLE,"Descriptive CH6.5.5 personal activity performance radar-ready context only. Axis values are group-relative descriptive indices for visualization and review. They are not ability scores, ability ranks, ability classes, THCI scores, final hiking risk scores, route suitability scores, go/no-go decisions, medical diagnoses, or causality evidence. Missing axes remain INSUFFICIENT_EVIDENCE and are not zero-filled."
20_1,20,pacing_movement_stability,配速／移動穩定性,stopped_ratio_avg,LOWER_IS_MORE_FAVORABLE,0.0,88.0,AVAILABLE,"Descriptive CH6.5.5 personal activity performance radar-ready context only. Axis values are group-relative descriptive indices for visualization and review. They are not ability scores, ability ranks, ability classes, THCI scores, final hiking risk scores, route suitability scores, go/no-go decisions, medical diagnoses, or causality evidence. Missing axes remain INSUFFICIENT_EVIDENCE and are not zero-filled."
20_1,20,pacing_movement_stability,配速／移動穩定性,speed_mps_median_median,HIGHER_IS_MORE_FAVORABLE,0.619883,40.0,AVAILABLE,"Descriptive CH6.5.5 personal activity performance radar-ready context only. Axis values are group-relative descriptive indices for visualization and review. They are not ability scores, ability ranks, ability classes, THCI scores, final hiking risk scores, route suitability scores, go/no-go decisions, medical diagnoses, or causality evidence. Missing axes remain INSUFFICIENT_EVIDENCE and are not zero-filled."
20_1,20,hr_output_efficiency_proxy,HR 輸出效率（有限代理）,speed_mps_median_median,HIGHER_IS_MORE_FAVORABLE,0.619883,40.0,AVAILABLE,"Descriptive CH6.5.5 personal activity performance radar-ready context only. Axis values are group-relative descriptive indices for visualization and review. They are not ability scores, ability ranks, ability classes, THCI scores, final hiking risk scores, route suitability scores, go/no-go decisions, medical diagnoses, or causality evidence. Missing axes remain INSUFFICIENT_EVIDENCE and are not zero-filled."
20_1,20,hr_output_efficiency_proxy,HR 輸出效率（有限代理）,hr_median_pct_sex_age_est_hrmax,LOWER_IS_MORE_FAVORABLE,82.36355,48.0,AVAILABLE,"Descriptive CH6.5.5 personal activity performance radar-ready context only. Axis values are group-relative descriptive indices for visualization and review. They are not ability scores, ability ranks, ability classes, THCI scores, final hiking risk scores, route suitability scores, go/no-go decisions, medical diagnoses, or causality evidence. Missing axes remain INSUFFICIENT_EVIDENCE and are not zero-filled."
20_1,20,hr_output_efficiency_proxy,HR 輸出效率（有限代理）,low_speed_ratio_avg,LOWER_IS_MORE_FAVORABLE,0.10797,76.0,AVAILABLE,"Descriptive CH6.5.5 personal activity performance radar-ready context only. Axis values are group-relative descriptive indices for visualization and review. They are not ability scores, ability ranks, ability classes, THCI scores, final hiking risk scores, route suitability scores, go/no-go decisions, medical diagnoses, or causality evidence. Missing axes remain INSUFFICIENT_EVIDENCE and are not zero-filled."
20_1,20,weather_performance_maintenance_proxy,天候下表現維持（有限代理）,behavior_weather_context_review_required_ratio,LOWER_IS_MORE_FAVORABLE,0.481013,40.0,AVAILABLE,"Descriptive CH6.5.5 personal activity performance radar-ready context only. Axis values are group-relative descriptive indices for visualization and review. They are not ability scores, ability ranks, ability classes, THCI scores, final hiking risk scores, route suitability scores, go/no-go decisions, medical diagnoses, or causality evidence. Missing axes remain INSUFFICIENT_EVIDENCE and are not zero-filled."
20_1,20,weather_performance_maintenance_proxy,天候下表現維持（有限代理）,route_load_behavior_candidate_window_ratio,LOWER_IS_MORE_FAVORABLE,0.481013,40.0,AVAILABLE,"Descriptive CH6.5.5 personal activity performance radar-ready context only. Axis values are group-relative descriptive indices for visualization and review. They are not ability scores, ability ranks, ability classes, THCI scores, final hiking risk scores, route suitability scores, go/no-go decisions, medical diagnoses, or causality evidence. Missing axes remain INSUFFICIENT_EVIDENCE and are not zero-filled."
23_1,23,sustained_progress,持續推進能力,speed_mps_median_median,HIGHER_IS_MORE_FAVORABLE,0.494604,12.0,AVAILABLE,"Descriptive CH6.5.5 personal activity performance radar-ready context only. Axis values are group-relative descriptive indices for visualization and review. They are not ability scores, ability ranks, ability classes, THCI scores, final hiking risk scores, route suitability scores, go/no-go decisions, medical diagnoses, or causality evidence. Missing axes remain INSUFFICIENT_EVIDENCE and are not zero-filled."
23_1,23,sustained_progress,持續推進能力,low_speed_ratio_avg,LOWER_IS_MORE_FAVORABLE,0.117245,72.0,AVAILABLE,"Descriptive CH6.5.5 personal activity performance radar-ready context only. Axis values are group-relative descriptive indices for visualization and review. They are not ability scores, ability ranks, ability classes, THCI scores, final hiking risk scores, route suitability scores, go/no-go decisions, medical diagnoses, or causality evidence. Missing axes remain INSUFFICIENT_EVIDENCE and are not zero-filled."
23_1,23,sustained_progress,持續推進能力,stopped_ratio_avg,LOWER_IS_MORE_FAVORABLE,0.0,88.0,AVAILABLE,"Descriptive CH6.5.5 personal activity performance radar-ready context only. Axis values are group-relative descriptive indices for visualization and review. They are not ability scores, ability ranks, ability classes, THCI scores, final hiking risk scores, route suitability scores, go/no-go decisions, medical diagnoses, or causality evidence. Missing axes remain INSUFFICIENT_EVIDENCE and are not zero-filled."
23_1,23,uphill_load_tolerance_proxy,上坡負荷承受力（有限代理）,route_load_behavior_candidate_window_ratio,LOWER_IS_MORE_FAVORABLE,0.53012,20.0,AVAILABLE,"Descriptive CH6.5.5 personal activity performance radar-ready context only. Axis values are group-relative descriptive indices for visualization and review. They are not ability scores, ability ranks, ability classes, THCI scores, final hiking risk scores, route suitability scores, go/no-go decisions, medical diagnoses, or causality evidence. Missing axes remain INSUFFICIENT_EVIDENCE and are not zero-filled."
23_1,23,uphill_load_tolerance_proxy,上坡負荷承受力（有限代理）,uphill_high_route_load_ratio,LOWER_IS_MORE_FAVORABLE_CONTEXT_ONLY,0.192771,8.0,AVAILABLE,"Descriptive CH6.5.5 personal activity performance radar-ready context only. Axis values are group-relative descriptive indices for visualization and review. They are not ability scores, ability ranks, ability classes, THCI scores, final hiking risk scores, route suitability scores, go/no-go decisions, medical diagnoses, or causality evidence. Missing axes remain INSUFFICIENT_EVIDENCE and are not zero-filled."
23_1,23,pacing_movement_stability,配速／移動穩定性,low_speed_ratio_avg,LOWER_IS_MORE_FAVORABLE,0.117245,72.0,AVAILABLE,"Descriptive CH6.5.5 personal activity performance radar-ready context only. Axis values are group-relative descriptive indices for visualization and review. They are not ability scores, ability ranks, ability classes, THCI scores, final hiking risk scores, route suitability scores, go/no-go decisions, medical diagnoses, or causality evidence. Missing axes remain INSUFFICIENT_EVIDENCE and are not zero-filled."
23_1,23,pacing_movement_stability,配速／移動穩定性,stopped_ratio_avg,LOWER_IS_MORE_FAVORABLE,0.0,88.0,AVAILABLE,"Descriptive CH6.5.5 personal activity performance radar-ready context only. Axis values are group-relative descriptive indices for visualization and review. They are not ability scores, ability ranks, ability classes, THCI scores, final hiking risk scores, route suitability scores, go/no-go decisions, medical diagnoses, or causality evidence. Missing axes remain INSUFFICIENT_EVIDENCE and are not zero-filled."
23_1,23,pacing_movement_stability,配速／移動穩定性,speed_mps_median_median,HIGHER_IS_MORE_FAVORABLE,0.494604,12.0,AVAILABLE,"Descriptive CH6.5.5 personal activity performance radar-ready context only. Axis values are group-relative descriptive indices for visualization and review. They are not ability scores, ability ranks, ability classes, THCI scores, final hiking risk scores, route suitability scores, go/no-go decisions, medical diagnoses, or causality evidence. Missing axes remain INSUFFICIENT_EVIDENCE and are not zero-filled."
23_1,23,hr_output_efficiency_proxy,HR 輸出效率（有限代理）,speed_mps_median_median,HIGHER_IS_MORE_FAVORABLE,0.494604,12.0,AVAILABLE,"Descriptive CH6.5.5 personal activity performance radar-ready context only. Axis values are group-relative descriptive indices for visualization and review. They are not ability scores, ability ranks, ability classes, THCI scores, final hiking risk scores, route suitability scores, go/no-go decisions, medical diagnoses, or causality evidence. Missing axes remain INSUFFICIENT_EVIDENCE and are not zero-filled."
23_1,23,hr_output_efficiency_proxy,HR 輸出效率（有限代理）,hr_median_pct_sex_age_est_hrmax,LOWER_IS_MORE_FAVORABLE,72.34100484131254,84.0,AVAILABLE,"Descriptive CH6.5.5 personal activity performance radar-ready context only. Axis values are group-relative descriptive indices for visualization and review. They are not ability scores, ability ranks, ability classes, THCI scores, final hiking risk scores, route suitability scores, go/no-go decisions, medical diagnoses, or causality evidence. Missing axes remain INSUFFICIENT_EVIDENCE and are not zero-filled."
23_1,23,hr_output_efficiency_proxy,HR 輸出效率（有限代理）,low_speed_ratio_avg,LOWER_IS_MORE_FAVORABLE,0.117245,72.0,AVAILABLE,"Descriptive CH6.5.5 personal activity performance radar-ready context only. Axis values are group-relative descriptive indices for visualization and review. They are not ability scores, ability ranks, ability classes, THCI scores, final hiking risk scores, route suitability scores, go/no-go decisions, medical diagnoses, or causality evidence. Missing axes remain INSUFFICIENT_EVIDENCE and are not zero-filled."
23_1,23,weather_performance_maintenance_proxy,天候下表現維持（有限代理）,behavior_weather_context_review_required_ratio,LOWER_IS_MORE_FAVORABLE,0.53012,20.0,AVAILABLE,"Descriptive CH6.5.5 personal activity performance radar-ready context only. Axis values are group-relative descriptive indices for visualization and review. They are not ability scores, ability ranks, ability classes, THCI scores, final hiking risk scores, route suitability scores, go/no-go decisions, medical diagnoses, or causality evidence. Missing axes remain INSUFFICIENT_EVIDENCE and are not zero-filled."
23_1,23,weather_performance_maintenance_proxy,天候下表現維持（有限代理）,route_load_behavior_candidate_window_ratio,LOWER_IS_MORE_FAVORABLE,0.53012,20.0,AVAILABLE,"Descriptive CH6.5.5 personal activity performance radar-ready context only. Axis values are group-relative descriptive indices for visualization and review. They are not ability scores, ability ranks, ability classes, THCI scores, final hiking risk scores, route suitability scores, go/no-go decisions, medical diagnoses, or causality evidence. Missing axes remain INSUFFICIENT_EVIDENCE and are not zero-filled."
28_1,28,sustained_progress,持續推進能力,speed_mps_median_median,HIGHER_IS_MORE_FAVORABLE,0.598755,32.0,AVAILABLE,"Descriptive CH6.5.5 personal activity performance radar-ready context only. Axis values are group-relative descriptive indices for visualization and review. They are not ability scores, ability ranks, ability classes, THCI scores, final hiking risk scores, route suitability scores, go/no-go decisions, medical diagnoses, or causality evidence. Missing axes remain INSUFFICIENT_EVIDENCE and are not zero-filled."
28_1,28,sustained_progress,持續推進能力,low_speed_ratio_avg,LOWER_IS_MORE_FAVORABLE,0.260677,16.0,AVAILABLE,"Descriptive CH6.5.5 personal activity performance radar-ready context only. Axis values are group-relative descriptive indices for visualization and review. They are not ability scores, ability ranks, ability classes, THCI scores, final hiking risk scores, route suitability scores, go/no-go decisions, medical diagnoses, or causality evidence. Missing axes remain INSUFFICIENT_EVIDENCE and are not zero-filled."
28_1,28,sustained_progress,持續推進能力,stopped_ratio_avg,LOWER_IS_MORE_FAVORABLE,0.009183,48.0,AVAILABLE,"Descriptive CH6.5.5 personal activity performance radar-ready context only. Axis values are group-relative descriptive indices for visualization and review. They are not ability scores, ability ranks, ability classes, THCI scores, final hiking risk scores, route suitability scores, go/no-go decisions, medical diagnoses, or causality evidence. Missing axes remain INSUFFICIENT_EVIDENCE and are not zero-filled."
28_1,28,uphill_load_tolerance_proxy,上坡負荷承受力（有限代理）,route_load_behavior_candidate_window_ratio,LOWER_IS_MORE_FAVORABLE,0.47619,44.0,AVAILABLE,"Descriptive CH6.5.5 personal activity performance radar-ready context only. Axis values are group-relative descriptive indices for visualization and review. They are not ability scores, ability ranks, ability classes, THCI scores, final hiking risk scores, route suitability scores, go/no-go decisions, medical diagnoses, or causality evidence. Missing axes remain INSUFFICIENT_EVIDENCE and are not zero-filled."
28_1,28,uphill_load_tolerance_proxy,上坡負荷承受力（有限代理）,uphill_high_route_load_ratio,LOWER_IS_MORE_FAVORABLE_CONTEXT_ONLY,0.083333,84.0,AVAILABLE,"Descriptive CH6.5.5 personal activity performance radar-ready context only. Axis values are group-relative descriptive indices for visualization and review. They are not ability scores, ability ranks, ability classes, THCI scores, final hiking risk scores, route suitability scores, go/no-go decisions, medical diagnoses, or causality evidence. Missing axes remain INSUFFICIENT_EVIDENCE and are not zero-filled."
28_1,28,pacing_movement_stability,配速／移動穩定性,low_speed_ratio_avg,LOWER_IS_MORE_FAVORABLE,0.260677,16.0,AVAILABLE,"Descriptive CH6.5.5 personal activity performance radar-ready context only. Axis values are group-relative descriptive indices for visualization and review. They are not ability scores, ability ranks, ability classes, THCI scores, final hiking risk scores, route suitability scores, go/no-go decisions, medical diagnoses, or causality evidence. Missing axes remain INSUFFICIENT_EVIDENCE and are not zero-filled."
28_1,28,pacing_movement_stability,配速／移動穩定性,stopped_ratio_avg,LOWER_IS_MORE_FAVORABLE,0.009183,48.0,AVAILABLE,"Descriptive CH6.5.5 personal activity performance radar-ready context only. Axis values are group-relative descriptive indices for visualization and review. They are not ability scores, ability ranks, ability classes, THCI scores, final hiking risk scores, route suitability scores, go/no-go decisions, medical diagnoses, or causality evidence. Missing axes remain INSUFFICIENT_EVIDENCE and are not zero-filled."
28_1,28,pacing_movement_stability,配速／移動穩定性,speed_mps_median_median,HIGHER_IS_MORE_FAVORABLE,0.598755,32.0,AVAILABLE,"Descriptive CH6.5.5 personal activity performance radar-ready context only. Axis values are group-relative descriptive indices for visualization and review. They are not ability scores, ability ranks, ability classes, THCI scores, final hiking risk scores, route suitability scores, go/no-go decisions, medical diagnoses, or causality evidence. Missing axes remain INSUFFICIENT_EVIDENCE and are not zero-filled."
28_1,28,hr_output_efficiency_proxy,HR 輸出效率（有限代理）,speed_mps_median_median,HIGHER_IS_MORE_FAVORABLE,0.598755,32.0,AVAILABLE,"Descriptive CH6.5.5 personal activity performance radar-ready context only. Axis values are group-relative descriptive indices for visualization and review. They are not ability scores, ability ranks, ability classes, THCI scores, final hiking risk scores, route suitability scores, go/no-go decisions, medical diagnoses, or causality evidence. Missing axes remain INSUFFICIENT_EVIDENCE and are not zero-filled."
28_1,28,hr_output_efficiency_proxy,HR 輸出效率（有限代理）,hr_median_pct_sex_age_est_hrmax,LOWER_IS_MORE_FAVORABLE,81.79723494623656,52.0,AVAILABLE,"Descriptive CH6.5.5 personal activity performance radar-ready context only. Axis values are group-relative descriptive indices for visualization and review. They are not ability scores, ability ranks, ability classes, THCI scores, final hiking risk scores, route suitability scores, go/no-go decisions, medical diagnoses, or causality evidence. Missing axes remain INSUFFICIENT_EVIDENCE and are not zero-filled."
28_1,28,hr_output_efficiency_proxy,HR 輸出效率（有限代理）,low_speed_ratio_avg,LOWER_IS_MORE_FAVORABLE,0.260677,16.0,AVAILABLE,"Descriptive CH6.5.5 personal activity performance radar-ready context only. Axis values are group-relative descriptive indices for visualization and review. They are not ability scores, ability ranks, ability classes, THCI scores, final hiking risk scores, route suitability scores, go/no-go decisions, medical diagnoses, or causality evidence. Missing axes remain INSUFFICIENT_EVIDENCE and are not zero-filled."
28_1,28,weather_performance_maintenance_proxy,天候下表現維持（有限代理）,behavior_weather_context_review_required_ratio,LOWER_IS_MORE_FAVORABLE,0.47619,44.0,AVAILABLE,"Descriptive CH6.5.5 personal activity performance radar-ready context only. Axis values are group-relative descriptive indices for visualization and review. They are not ability scores, ability ranks, ability classes, THCI scores, final hiking risk scores, route suitability scores, go/no-go decisions, medical diagnoses, or causality evidence. Missing axes remain INSUFFICIENT_EVIDENCE and are not zero-filled."
28_1,28,weather_performance_maintenance_proxy,天候下表現維持（有限代理）,route_load_behavior_candidate_window_ratio,LOWER_IS_MORE_FAVORABLE,0.47619,44.0,AVAILABLE,"Descriptive CH6.5.5 personal activity performance radar-ready context only. Axis values are group-relative descriptive indices for visualization and review. They are not ability scores, ability ranks, ability classes, THCI scores, final hiking risk scores, route suitability scores, go/no-go decisions, medical diagnoses, or causality evidence. Missing axes remain INSUFFICIENT_EVIDENCE and are not zero-filled."
29_1,29,sustained_progress,持續推進能力,speed_mps_median_median,HIGHER_IS_MORE_FAVORABLE,0.72892,72.0,AVAILABLE,"Descriptive CH6.5.5 personal activity performance radar-ready context only. Axis values are group-relative descriptive indices for visualization and review. They are not ability scores, ability ranks, ability classes, THCI scores, final hiking risk scores, route suitability scores, go/no-go decisions, medical diagnoses, or causality evidence. Missing axes remain INSUFFICIENT_EVIDENCE and are not zero-filled."
29_1,29,sustained_progress,持續推進能力,low_speed_ratio_avg,LOWER_IS_MORE_FAVORABLE,0.082942,80.0,AVAILABLE,"Descriptive CH6.5.5 personal activity performance radar-ready context only. Axis values are group-relative descriptive indices for visualization and review. They are not ability scores, ability ranks, ability classes, THCI scores, final hiking risk scores, route suitability scores, go/no-go decisions, medical diagnoses, or causality evidence. Missing axes remain INSUFFICIENT_EVIDENCE and are not zero-filled."
29_1,29,sustained_progress,持續推進能力,stopped_ratio_avg,LOWER_IS_MORE_FAVORABLE,0.0,88.0,AVAILABLE,"Descriptive CH6.5.5 personal activity performance radar-ready context only. Axis values are group-relative descriptive indices for visualization and review. They are not ability scores, ability ranks, ability classes, THCI scores, final hiking risk scores, route suitability scores, go/no-go decisions, medical diagnoses, or causality evidence. Missing axes remain INSUFFICIENT_EVIDENCE and are not zero-filled."
29_1,29,uphill_load_tolerance_proxy,上坡負荷承受力（有限代理）,route_load_behavior_candidate_window_ratio,LOWER_IS_MORE_FAVORABLE,0.464286,56.0,AVAILABLE,"Descriptive CH6.5.5 personal activity performance radar-ready context only. Axis values are group-relative descriptive indices for visualization and review. They are not ability scores, ability ranks, ability classes, THCI scores, final hiking risk scores, route suitability scores, go/no-go decisions, medical diagnoses, or causality evidence. Missing axes remain INSUFFICIENT_EVIDENCE and are not zero-filled."
29_1,29,uphill_load_tolerance_proxy,上坡負荷承受力（有限代理）,uphill_high_route_load_ratio,LOWER_IS_MORE_FAVORABLE_CONTEXT_ONLY,0.083333,84.0,AVAILABLE,"Descriptive CH6.5.5 personal activity performance radar-ready context only. Axis values are group-relative descriptive indices for visualization and review. They are not ability scores, ability ranks, ability classes, THCI scores, final hiking risk scores, route suitability scores, go/no-go decisions, medical diagnoses, or causality evidence. Missing axes remain INSUFFICIENT_EVIDENCE and are not zero-filled."
29_1,29,pacing_movement_stability,配速／移動穩定性,low_speed_ratio_avg,LOWER_IS_MORE_FAVORABLE,0.082942,80.0,AVAILABLE,"Descriptive CH6.5.5 personal activity performance radar-ready context only. Axis values are group-relative descriptive indices for visualization and review. They are not ability scores, ability ranks, ability classes, THCI scores, final hiking risk scores, route suitability scores, go/no-go decisions, medical diagnoses, or causality evidence. Missing axes remain INSUFFICIENT_EVIDENCE and are not zero-filled."
29_1,29,pacing_movement_stability,配速／移動穩定性,stopped_ratio_avg,LOWER_IS_MORE_FAVORABLE,0.0,88.0,AVAILABLE,"Descriptive CH6.5.5 personal activity performance radar-ready context only. Axis values are group-relative descriptive indices for visualization and review. They are not ability scores, ability ranks, ability classes, THCI scores, final hiking risk scores, route suitability scores, go/no-go decisions, medical diagnoses, or causality evidence. Missing axes remain INSUFFICIENT_EVIDENCE and are not zero-filled."
29_1,29,pacing_movement_stability,配速／移動穩定性,speed_mps_median_median,HIGHER_IS_MORE_FAVORABLE,0.72892,72.0,AVAILABLE,"Descriptive CH6.5.5 personal activity performance radar-ready context only. Axis values are group-relative descriptive indices for visualization and review. They are not ability scores, ability ranks, ability classes, THCI scores, final hiking risk scores, route suitability scores, go/no-go decisions, medical diagnoses, or causality evidence. Missing axes remain INSUFFICIENT_EVIDENCE and are not zero-filled."
29_1,29,hr_output_efficiency_proxy,HR 輸出效率（有限代理）,speed_mps_median_median,HIGHER_IS_MORE_FAVORABLE,0.72892,72.0,AVAILABLE,"Descriptive CH6.5.5 personal activity performance radar-ready context only. Axis values are group-relative descriptive indices for visualization and review. They are not ability scores, ability ranks, ability classes, THCI scores, final hiking risk scores, route suitability scores, go/no-go decisions, medical diagnoses, or causality evidence. Missing axes remain INSUFFICIENT_EVIDENCE and are not zero-filled."
29_1,29,hr_output_efficiency_proxy,HR 輸出效率（有限代理）,hr_median_pct_sex_age_est_hrmax,LOWER_IS_MORE_FAVORABLE,79.06894083155652,60.0,AVAILABLE,"Descriptive CH6.5.5 personal activity performance radar-ready context only. Axis values are group-relative descriptive indices for visualization and review. They are not ability scores, ability ranks, ability classes, THCI scores, final hiking risk scores, route suitability scores, go/no-go decisions, medical diagnoses, or causality evidence. Missing axes remain INSUFFICIENT_EVIDENCE and are not zero-filled."
29_1,29,hr_output_efficiency_proxy,HR 輸出效率（有限代理）,low_speed_ratio_avg,LOWER_IS_MORE_FAVORABLE,0.082942,80.0,AVAILABLE,"Descriptive CH6.5.5 personal activity performance radar-ready context only. Axis values are group-relative descriptive indices for visualization and review. They are not ability scores, ability ranks, ability classes, THCI scores, final hiking risk scores, route suitability scores, go/no-go decisions, medical diagnoses, or causality evidence. Missing axes remain INSUFFICIENT_EVIDENCE and are not zero-filled."
29_1,29,weather_performance_maintenance_proxy,天候下表現維持（有限代理）,behavior_weather_context_review_required_ratio,LOWER_IS_MORE_FAVORABLE,0.464286,56.0,AVAILABLE,"Descriptive CH6.5.5 personal activity performance radar-ready context only. Axis values are group-relative descriptive indices for visualization and review. They are not ability scores, ability ranks, ability classes, THCI scores, final hiking risk scores, route suitability scores, go/no-go decisions, medical diagnoses, or causality evidence. Missing axes remain INSUFFICIENT_EVIDENCE and are not zero-filled."
29_1,29,weather_performance_maintenance_proxy,天候下表現維持（有限代理）,route_load_behavior_candidate_window_ratio,LOWER_IS_MORE_FAVORABLE,0.464286,56.0,AVAILABLE,"Descriptive CH6.5.5 personal activity performance radar-ready context only. Axis values are group-relative descriptive indices for visualization and review. They are not ability scores, ability ranks, ability classes, THCI scores, final hiking risk scores, route suitability scores, go/no-go decisions, medical diagnoses, or causality evidence. Missing axes remain INSUFFICIENT_EVIDENCE and are not zero-filled."
30_1,30,sustained_progress,持續推進能力,speed_mps_median_median,HIGHER_IS_MORE_FAVORABLE,0.728279,68.0,AVAILABLE,"Descriptive CH6.5.5 personal activity performance radar-ready context only. Axis values are group-relative descriptive indices for visualization and review. They are not ability scores, ability ranks, ability classes, THCI scores, final hiking risk scores, route suitability scores, go/no-go decisions, medical diagnoses, or causality evidence. Missing axes remain INSUFFICIENT_EVIDENCE and are not zero-filled."
30_1,30,sustained_progress,持續推進能力,low_speed_ratio_avg,LOWER_IS_MORE_FAVORABLE,0.018863,96.0,AVAILABLE,"Descriptive CH6.5.5 personal activity performance radar-ready context only. Axis values are group-relative descriptive indices for visualization and review. They are not ability scores, ability ranks, ability classes, THCI scores, final hiking risk scores, route suitability scores, go/no-go decisions, medical diagnoses, or causality evidence. Missing axes remain INSUFFICIENT_EVIDENCE and are not zero-filled."
30_1,30,sustained_progress,持續推進能力,stopped_ratio_avg,LOWER_IS_MORE_FAVORABLE,8.1e-05,72.0,AVAILABLE,"Descriptive CH6.5.5 personal activity performance radar-ready context only. Axis values are group-relative descriptive indices for visualization and review. They are not ability scores, ability ranks, ability classes, THCI scores, final hiking risk scores, route suitability scores, go/no-go decisions, medical diagnoses, or causality evidence. Missing axes remain INSUFFICIENT_EVIDENCE and are not zero-filled."
30_1,30,uphill_load_tolerance_proxy,上坡負荷承受力（有限代理）,route_load_behavior_candidate_window_ratio,LOWER_IS_MORE_FAVORABLE,0.47561,48.0,AVAILABLE,"Descriptive CH6.5.5 personal activity performance radar-ready context only. Axis values are group-relative descriptive indices for visualization and review. They are not ability scores, ability ranks, ability classes, THCI scores, final hiking risk scores, route suitability scores, go/no-go decisions, medical diagnoses, or causality evidence. Missing axes remain INSUFFICIENT_EVIDENCE and are not zero-filled."
30_1,30,uphill_load_tolerance_proxy,上坡負荷承受力（有限代理）,uphill_high_route_load_ratio,LOWER_IS_MORE_FAVORABLE_CONTEXT_ONLY,0.414634,0.0,AVAILABLE,"Descriptive CH6.5.5 personal activity performance radar-ready context only. Axis values are group-relative descriptive indices for visualization and review. They are not ability scores, ability ranks, ability classes, THCI scores, final hiking risk scores, route suitability scores, go/no-go decisions, medical diagnoses, or causality evidence. Missing axes remain INSUFFICIENT_EVIDENCE and are not zero-filled."
30_1,30,pacing_movement_stability,配速／移動穩定性,low_speed_ratio_avg,LOWER_IS_MORE_FAVORABLE,0.018863,96.0,AVAILABLE,"Descriptive CH6.5.5 personal activity performance radar-ready context only. Axis values are group-relative descriptive indices for visualization and review. They are not ability scores, ability ranks, ability classes, THCI scores, final hiking risk scores, route suitability scores, go/no-go decisions, medical diagnoses, or causality evidence. Missing axes remain INSUFFICIENT_EVIDENCE and are not zero-filled."
30_1,30,pacing_movement_stability,配速／移動穩定性,stopped_ratio_avg,LOWER_IS_MORE_FAVORABLE,8.1e-05,72.0,AVAILABLE,"Descriptive CH6.5.5 personal activity performance radar-ready context only. Axis values are group-relative descriptive indices for visualization and review. They are not ability scores, ability ranks, ability classes, THCI scores, final hiking risk scores, route suitability scores, go/no-go decisions, medical diagnoses, or causality evidence. Missing axes remain INSUFFICIENT_EVIDENCE and are not zero-filled."
30_1,30,pacing_movement_stability,配速／移動穩定性,speed_mps_median_median,HIGHER_IS_MORE_FAVORABLE,0.728279,68.0,AVAILABLE,"Descriptive CH6.5.5 personal activity performance radar-ready context only. Axis values are group-relative descriptive indices for visualization and review. They are not ability scores, ability ranks, ability classes, THCI scores, final hiking risk scores, route suitability scores, go/no-go decisions, medical diagnoses, or causality evidence. Missing axes remain INSUFFICIENT_EVIDENCE and are not zero-filled."
30_1,30,hr_output_efficiency_proxy,HR 輸出效率（有限代理）,speed_mps_median_median,HIGHER_IS_MORE_FAVORABLE,0.728279,68.0,AVAILABLE,"Descriptive CH6.5.5 personal activity performance radar-ready context only. Axis values are group-relative descriptive indices for visualization and review. They are not ability scores, ability ranks, ability classes, THCI scores, final hiking risk scores, route suitability scores, go/no-go decisions, medical diagnoses, or causality evidence. Missing axes remain INSUFFICIENT_EVIDENCE and are not zero-filled."
30_1,30,hr_output_efficiency_proxy,HR 輸出效率（有限代理）,hr_median_pct_sex_age_est_hrmax,LOWER_IS_MORE_FAVORABLE,82.63549740334678,44.0,AVAILABLE,"Descriptive CH6.5.5 personal activity performance radar-ready context only. Axis values are group-relative descriptive indices for visualization and review. They are not ability scores, ability ranks, ability classes, THCI scores, final hiking risk scores, route suitability scores, go/no-go decisions, medical diagnoses, or causality evidence. Missing axes remain INSUFFICIENT_EVIDENCE and are not zero-filled."
30_1,30,hr_output_efficiency_proxy,HR 輸出效率（有限代理）,low_speed_ratio_avg,LOWER_IS_MORE_FAVORABLE,0.018863,96.0,AVAILABLE,"Descriptive CH6.5.5 personal activity performance radar-ready context only. Axis values are group-relative descriptive indices for visualization and review. They are not ability scores, ability ranks, ability classes, THCI scores, final hiking risk scores, route suitability scores, go/no-go decisions, medical diagnoses, or causality evidence. Missing axes remain INSUFFICIENT_EVIDENCE and are not zero-filled."
30_1,30,weather_performance_maintenance_proxy,天候下表現維持（有限代理）,behavior_weather_context_review_required_ratio,LOWER_IS_MORE_FAVORABLE,0.47561,48.0,AVAILABLE,"Descriptive CH6.5.5 personal activity performance radar-ready context only. Axis values are group-relative descriptive indices for visualization and review. They are not ability scores, ability ranks, ability classes, THCI scores, final hiking risk scores, route suitability scores, go/no-go decisions, medical diagnoses, or causality evidence. Missing axes remain INSUFFICIENT_EVIDENCE and are not zero-filled."
30_1,30,weather_performance_maintenance_proxy,天候下表現維持（有限代理）,route_load_behavior_candidate_window_ratio,LOWER_IS_MORE_FAVORABLE,0.47561,48.0,AVAILABLE,"Descriptive CH6.5.5 personal activity performance radar-ready context only. Axis values are group-relative descriptive indices for visualization and review. They are not ability scores, ability ranks, ability classes, THCI scores, final hiking risk scores, route suitability scores, go/no-go decisions, medical diagnoses, or causality evidence. Missing axes remain INSUFFICIENT_EVIDENCE and are not zero-filled."
33_1,33,sustained_progress,持續推進能力,speed_mps_median_median,HIGHER_IS_MORE_FAVORABLE,0.900778,92.0,AVAILABLE,"Descriptive CH6.5.5 personal activity performance radar-ready context only. Axis values are group-relative descriptive indices for visualization and review. They are not ability scores, ability ranks, ability classes, THCI scores, final hiking risk scores, route suitability scores, go/no-go decisions, medical diagnoses, or causality evidence. Missing axes remain INSUFFICIENT_EVIDENCE and are not zero-filled."
33_1,33,sustained_progress,持續推進能力,low_speed_ratio_avg,LOWER_IS_MORE_FAVORABLE,0.125172,68.0,AVAILABLE,"Descriptive CH6.5.5 personal activity performance radar-ready context only. Axis values are group-relative descriptive indices for visualization and review. They are not ability scores, ability ranks, ability classes, THCI scores, final hiking risk scores, route suitability scores, go/no-go decisions, medical diagnoses, or causality evidence. Missing axes remain INSUFFICIENT_EVIDENCE and are not zero-filled."
33_1,33,sustained_progress,持續推進能力,stopped_ratio_avg,LOWER_IS_MORE_FAVORABLE,0.014483,32.0,AVAILABLE,"Descriptive CH6.5.5 personal activity performance radar-ready context only. Axis values are group-relative descriptive indices for visualization and review. They are not ability scores, ability ranks, ability classes, THCI scores, final hiking risk scores, route suitability scores, go/no-go decisions, medical diagnoses, or causality evidence. Missing axes remain INSUFFICIENT_EVIDENCE and are not zero-filled."
33_1,33,uphill_load_tolerance_proxy,上坡負荷承受力（有限代理）,route_load_behavior_candidate_window_ratio,LOWER_IS_MORE_FAVORABLE,0.333333,90.0,AVAILABLE,"Descriptive CH6.5.5 personal activity performance radar-ready context only. Axis values are group-relative descriptive indices for visualization and review. They are not ability scores, ability ranks, ability classes, THCI scores, final hiking risk scores, route suitability scores, go/no-go decisions, medical diagnoses, or causality evidence. Missing axes remain INSUFFICIENT_EVIDENCE and are not zero-filled."
33_1,33,uphill_load_tolerance_proxy,上坡負荷承受力（有限代理）,uphill_high_route_load_ratio,LOWER_IS_MORE_FAVORABLE_CONTEXT_ONLY,0.148148,24.0,AVAILABLE,"Descriptive CH6.5.5 personal activity performance radar-ready context only. Axis values are group-relative descriptive indices for visualization and review. They are not ability scores, ability ranks, ability classes, THCI scores, final hiking risk scores, route suitability scores, go/no-go decisions, medical diagnoses, or causality evidence. Missing axes remain INSUFFICIENT_EVIDENCE and are not zero-filled."
33_1,33,pacing_movement_stability,配速／移動穩定性,low_speed_ratio_avg,LOWER_IS_MORE_FAVORABLE,0.125172,68.0,AVAILABLE,"Descriptive CH6.5.5 personal activity performance radar-ready context only. Axis values are group-relative descriptive indices for visualization and review. They are not ability scores, ability ranks, ability classes, THCI scores, final hiking risk scores, route suitability scores, go/no-go decisions, medical diagnoses, or causality evidence. Missing axes remain INSUFFICIENT_EVIDENCE and are not zero-filled."
33_1,33,pacing_movement_stability,配速／移動穩定性,stopped_ratio_avg,LOWER_IS_MORE_FAVORABLE,0.014483,32.0,AVAILABLE,"Descriptive CH6.5.5 personal activity performance radar-ready context only. Axis values are group-relative descriptive indices for visualization and review. They are not ability scores, ability ranks, ability classes, THCI scores, final hiking risk scores, route suitability scores, go/no-go decisions, medical diagnoses, or causality evidence. Missing axes remain INSUFFICIENT_EVIDENCE and are not zero-filled."
33_1,33,pacing_movement_stability,配速／移動穩定性,speed_mps_median_median,HIGHER_IS_MORE_FAVORABLE,0.900778,92.0,AVAILABLE,"Descriptive CH6.5.5 personal activity performance radar-ready context only. Axis values are group-relative descriptive indices for visualization and review. They are not ability scores, ability ranks, ability classes, THCI scores, final hiking risk scores, route suitability scores, go/no-go decisions, medical diagnoses, or causality evidence. Missing axes remain INSUFFICIENT_EVIDENCE and are not zero-filled."
33_1,33,hr_output_efficiency_proxy,HR 輸出效率（有限代理）,speed_mps_median_median,HIGHER_IS_MORE_FAVORABLE,0.900778,92.0,AVAILABLE,"Descriptive CH6.5.5 personal activity performance radar-ready context only. Axis values are group-relative descriptive indices for visualization and review. They are not ability scores, ability ranks, ability classes, THCI scores, final hiking risk scores, route suitability scores, go/no-go decisions, medical diagnoses, or causality evidence. Missing axes remain INSUFFICIENT_EVIDENCE and are not zero-filled."
33_1,33,hr_output_efficiency_proxy,HR 輸出效率（有限代理）,hr_median_pct_sex_age_est_hrmax,LOWER_IS_MORE_FAVORABLE,84.08259799554565,36.0,AVAILABLE,"Descriptive CH6.5.5 personal activity performance radar-ready context only. Axis values are group-relative descriptive indices for visualization and review. They are not ability scores, ability ranks, ability classes, THCI scores, final hiking risk scores, route suitability scores, go/no-go decisions, medical diagnoses, or causality evidence. Missing axes remain INSUFFICIENT_EVIDENCE and are not zero-filled."
33_1,33,hr_output_efficiency_proxy,HR 輸出效率（有限代理）,low_speed_ratio_avg,LOWER_IS_MORE_FAVORABLE,0.125172,68.0,AVAILABLE,"Descriptive CH6.5.5 personal activity performance radar-ready context only. Axis values are group-relative descriptive indices for visualization and review. They are not ability scores, ability ranks, ability classes, THCI scores, final hiking risk scores, route suitability scores, go/no-go decisions, medical diagnoses, or causality evidence. Missing axes remain INSUFFICIENT_EVIDENCE and are not zero-filled."
33_1,33,weather_performance_maintenance_proxy,天候下表現維持（有限代理）,behavior_weather_context_review_required_ratio,LOWER_IS_MORE_FAVORABLE,0.333333,90.0,AVAILABLE,"Descriptive CH6.5.5 personal activity performance radar-ready context only. Axis values are group-relative descriptive indices for visualization and review. They are not ability scores, ability ranks, ability classes, THCI scores, final hiking risk scores, route suitability scores, go/no-go decisions, medical diagnoses, or causality evidence. Missing axes remain INSUFFICIENT_EVIDENCE and are not zero-filled."
33_1,33,weather_performance_maintenance_proxy,天候下表現維持（有限代理）,route_load_behavior_candidate_window_ratio,LOWER_IS_MORE_FAVORABLE,0.333333,90.0,AVAILABLE,"Descriptive CH6.5.5 personal activity performance radar-ready context only. Axis values are group-relative descriptive indices for visualization and review. They are not ability scores, ability ranks, ability classes, THCI scores, final hiking risk scores, route suitability scores, go/no-go decisions, medical diagnoses, or causality evidence. Missing axes remain INSUFFICIENT_EVIDENCE and are not zero-filled."
35_1,35,sustained_progress,持續推進能力,speed_mps_median_median,HIGHER_IS_MORE_FAVORABLE,0.752911,76.0,AVAILABLE,"Descriptive CH6.5.5 personal activity performance radar-ready context only. Axis values are group-relative descriptive indices for visualization and review. They are not ability scores, ability ranks, ability classes, THCI scores, final hiking risk scores, route suitability scores, go/no-go decisions, medical diagnoses, or causality evidence. Missing axes remain INSUFFICIENT_EVIDENCE and are not zero-filled."
35_1,35,sustained_progress,持續推進能力,low_speed_ratio_avg,LOWER_IS_MORE_FAVORABLE,0.066548,88.0,AVAILABLE,"Descriptive CH6.5.5 personal activity performance radar-ready context only. Axis values are group-relative descriptive indices for visualization and review. They are not ability scores, ability ranks, ability classes, THCI scores, final hiking risk scores, route suitability scores, go/no-go decisions, medical diagnoses, or causality evidence. Missing axes remain INSUFFICIENT_EVIDENCE and are not zero-filled."
35_1,35,sustained_progress,持續推進能力,stopped_ratio_avg,LOWER_IS_MORE_FAVORABLE,0.0,88.0,AVAILABLE,"Descriptive CH6.5.5 personal activity performance radar-ready context only. Axis values are group-relative descriptive indices for visualization and review. They are not ability scores, ability ranks, ability classes, THCI scores, final hiking risk scores, route suitability scores, go/no-go decisions, medical diagnoses, or causality evidence. Missing axes remain INSUFFICIENT_EVIDENCE and are not zero-filled."
35_1,35,uphill_load_tolerance_proxy,上坡負荷承受力（有限代理）,route_load_behavior_candidate_window_ratio,LOWER_IS_MORE_FAVORABLE,0.428571,80.0,AVAILABLE,"Descriptive CH6.5.5 personal activity performance radar-ready context only. Axis values are group-relative descriptive indices for visualization and review. They are not ability scores, ability ranks, ability classes, THCI scores, final hiking risk scores, route suitability scores, go/no-go decisions, medical diagnoses, or causality evidence. Missing axes remain INSUFFICIENT_EVIDENCE and are not zero-filled."
35_1,35,uphill_load_tolerance_proxy,上坡負荷承受力（有限代理）,uphill_high_route_load_ratio,LOWER_IS_MORE_FAVORABLE_CONTEXT_ONLY,0.142857,30.0,AVAILABLE,"Descriptive CH6.5.5 personal activity performance radar-ready context only. Axis values are group-relative descriptive indices for visualization and review. They are not ability scores, ability ranks, ability classes, THCI scores, final hiking risk scores, route suitability scores, go/no-go decisions, medical diagnoses, or causality evidence. Missing axes remain INSUFFICIENT_EVIDENCE and are not zero-filled."
35_1,35,pacing_movement_stability,配速／移動穩定性,low_speed_ratio_avg,LOWER_IS_MORE_FAVORABLE,0.066548,88.0,AVAILABLE,"Descriptive CH6.5.5 personal activity performance radar-ready context only. Axis values are group-relative descriptive indices for visualization and review. They are not ability scores, ability ranks, ability classes, THCI scores, final hiking risk scores, route suitability scores, go/no-go decisions, medical diagnoses, or causality evidence. Missing axes remain INSUFFICIENT_EVIDENCE and are not zero-filled."
35_1,35,pacing_movement_stability,配速／移動穩定性,stopped_ratio_avg,LOWER_IS_MORE_FAVORABLE,0.0,88.0,AVAILABLE,"Descriptive CH6.5.5 personal activity performance radar-ready context only. Axis values are group-relative descriptive indices for visualization and review. They are not ability scores, ability ranks, ability classes, THCI scores, final hiking risk scores, route suitability scores, go/no-go decisions, medical diagnoses, or causality evidence. Missing axes remain INSUFFICIENT_EVIDENCE and are not zero-filled."
35_1,35,pacing_movement_stability,配速／移動穩定性,speed_mps_median_median,HIGHER_IS_MORE_FAVORABLE,0.752911,76.0,AVAILABLE,"Descriptive CH6.5.5 personal activity performance radar-ready context only. Axis values are group-relative descriptive indices for visualization and review. They are not ability scores, ability ranks, ability classes, THCI scores, final hiking risk scores, route suitability scores, go/no-go decisions, medical diagnoses, or causality evidence. Missing axes remain INSUFFICIENT_EVIDENCE and are not zero-filled."
35_1,35,hr_output_efficiency_proxy,HR 輸出效率（有限代理）,speed_mps_median_median,HIGHER_IS_MORE_FAVORABLE,0.752911,76.0,AVAILABLE,"Descriptive CH6.5.5 personal activity performance radar-ready context only. Axis values are group-relative descriptive indices for visualization and review. They are not ability scores, ability ranks, ability classes, THCI scores, final hiking risk scores, route suitability scores, go/no-go decisions, medical diagnoses, or causality evidence. Missing axes remain INSUFFICIENT_EVIDENCE and are not zero-filled."
35_1,35,hr_output_efficiency_proxy,HR 輸出效率（有限代理）,hr_median_pct_sex_age_est_hrmax,LOWER_IS_MORE_FAVORABLE,82.8912124522119,40.0,AVAILABLE,"Descriptive CH6.5.5 personal activity performance radar-ready context only. Axis values are group-relative descriptive indices for visualization and review. They are not ability scores, ability ranks, ability classes, THCI scores, final hiking risk scores, route suitability scores, go/no-go decisions, medical diagnoses, or causality evidence. Missing axes remain INSUFFICIENT_EVIDENCE and are not zero-filled."
35_1,35,hr_output_efficiency_proxy,HR 輸出效率（有限代理）,low_speed_ratio_avg,LOWER_IS_MORE_FAVORABLE,0.066548,88.0,AVAILABLE,"Descriptive CH6.5.5 personal activity performance radar-ready context only. Axis values are group-relative descriptive indices for visualization and review. They are not ability scores, ability ranks, ability classes, THCI scores, final hiking risk scores, route suitability scores, go/no-go decisions, medical diagnoses, or causality evidence. Missing axes remain INSUFFICIENT_EVIDENCE and are not zero-filled."
35_1,35,weather_performance_maintenance_proxy,天候下表現維持（有限代理）,behavior_weather_context_review_required_ratio,LOWER_IS_MORE_FAVORABLE,0.428571,80.0,AVAILABLE,"Descriptive CH6.5.5 personal activity performance radar-ready context only. Axis values are group-relative descriptive indices for visualization and review. They are not ability scores, ability ranks, ability classes, THCI scores, final hiking risk scores, route suitability scores, go/no-go decisions, medical diagnoses, or causality evidence. Missing axes remain INSUFFICIENT_EVIDENCE and are not zero-filled."
35_1,35,weather_performance_maintenance_proxy,天候下表現維持（有限代理）,route_load_behavior_candidate_window_ratio,LOWER_IS_MORE_FAVORABLE,0.428571,80.0,AVAILABLE,"Descriptive CH6.5.5 personal activity performance radar-ready context only. Axis values are group-relative descriptive indices for visualization and review. They are not ability scores, ability ranks, ability classes, THCI scores, final hiking risk scores, route suitability scores, go/no-go decisions, medical diagnoses, or causality evidence. Missing axes remain INSUFFICIENT_EVIDENCE and are not zero-filled."
36_1,36,sustained_progress,持續推進能力,speed_mps_median_median,HIGHER_IS_MORE_FAVORABLE,0.673549,56.0,AVAILABLE,"Descriptive CH6.5.5 personal activity performance radar-ready context only. Axis values are group-relative descriptive indices for visualization and review. They are not ability scores, ability ranks, ability classes, THCI scores, final hiking risk scores, route suitability scores, go/no-go decisions, medical diagnoses, or causality evidence. Missing axes remain INSUFFICIENT_EVIDENCE and are not zero-filled."
36_1,36,sustained_progress,持續推進能力,low_speed_ratio_avg,LOWER_IS_MORE_FAVORABLE,0.185324,44.0,AVAILABLE,"Descriptive CH6.5.5 personal activity performance radar-ready context only. Axis values are group-relative descriptive indices for visualization and review. They are not ability scores, ability ranks, ability classes, THCI scores, final hiking risk scores, route suitability scores, go/no-go decisions, medical diagnoses, or causality evidence. Missing axes remain INSUFFICIENT_EVIDENCE and are not zero-filled."
36_1,36,sustained_progress,持續推進能力,stopped_ratio_avg,LOWER_IS_MORE_FAVORABLE,0.012852,40.0,AVAILABLE,"Descriptive CH6.5.5 personal activity performance radar-ready context only. Axis values are group-relative descriptive indices for visualization and review. They are not ability scores, ability ranks, ability classes, THCI scores, final hiking risk scores, route suitability scores, go/no-go decisions, medical diagnoses, or causality evidence. Missing axes remain INSUFFICIENT_EVIDENCE and are not zero-filled."
36_1,36,uphill_load_tolerance_proxy,上坡負荷承受力（有限代理）,route_load_behavior_candidate_window_ratio,LOWER_IS_MORE_FAVORABLE,0.444444,72.0,AVAILABLE,"Descriptive CH6.5.5 personal activity performance radar-ready context only. Axis values are group-relative descriptive indices for visualization and review. They are not ability scores, ability ranks, ability classes, THCI scores, final hiking risk scores, route suitability scores, go/no-go decisions, medical diagnoses, or causality evidence. Missing axes remain INSUFFICIENT_EVIDENCE and are not zero-filled."
36_1,36,uphill_load_tolerance_proxy,上坡負荷承受力（有限代理）,uphill_high_route_load_ratio,LOWER_IS_MORE_FAVORABLE_CONTEXT_ONLY,0.08642,76.0,AVAILABLE,"Descriptive CH6.5.5 personal activity performance radar-ready context only. Axis values are group-relative descriptive indices for visualization and review. They are not ability scores, ability ranks, ability classes, THCI scores, final hiking risk scores, route suitability scores, go/no-go decisions, medical diagnoses, or causality evidence. Missing axes remain INSUFFICIENT_EVIDENCE and are not zero-filled."
36_1,36,pacing_movement_stability,配速／移動穩定性,low_speed_ratio_avg,LOWER_IS_MORE_FAVORABLE,0.185324,44.0,AVAILABLE,"Descriptive CH6.5.5 personal activity performance radar-ready context only. Axis values are group-relative descriptive indices for visualization and review. They are not ability scores, ability ranks, ability classes, THCI scores, final hiking risk scores, route suitability scores, go/no-go decisions, medical diagnoses, or causality evidence. Missing axes remain INSUFFICIENT_EVIDENCE and are not zero-filled."
36_1,36,pacing_movement_stability,配速／移動穩定性,stopped_ratio_avg,LOWER_IS_MORE_FAVORABLE,0.012852,40.0,AVAILABLE,"Descriptive CH6.5.5 personal activity performance radar-ready context only. Axis values are group-relative descriptive indices for visualization and review. They are not ability scores, ability ranks, ability classes, THCI scores, final hiking risk scores, route suitability scores, go/no-go decisions, medical diagnoses, or causality evidence. Missing axes remain INSUFFICIENT_EVIDENCE and are not zero-filled."
36_1,36,pacing_movement_stability,配速／移動穩定性,speed_mps_median_median,HIGHER_IS_MORE_FAVORABLE,0.673549,56.0,AVAILABLE,"Descriptive CH6.5.5 personal activity performance radar-ready context only. Axis values are group-relative descriptive indices for visualization and review. They are not ability scores, ability ranks, ability classes, THCI scores, final hiking risk scores, route suitability scores, go/no-go decisions, medical diagnoses, or causality evidence. Missing axes remain INSUFFICIENT_EVIDENCE and are not zero-filled."
36_1,36,hr_output_efficiency_proxy,HR 輸出效率（有限代理）,speed_mps_median_median,HIGHER_IS_MORE_FAVORABLE,0.673549,56.0,AVAILABLE,"Descriptive CH6.5.5 personal activity performance radar-ready context only. Axis values are group-relative descriptive indices for visualization and review. They are not ability scores, ability ranks, ability classes, THCI scores, final hiking risk scores, route suitability scores, go/no-go decisions, medical diagnoses, or causality evidence. Missing axes remain INSUFFICIENT_EVIDENCE and are not zero-filled."
36_1,36,hr_output_efficiency_proxy,HR 輸出效率（有限代理）,hr_median_pct_sex_age_est_hrmax,LOWER_IS_MORE_FAVORABLE,100.64807823129252,0.0,AVAILABLE,"Descriptive CH6.5.5 personal activity performance radar-ready context only. Axis values are group-relative descriptive indices for visualization and review. They are not ability scores, ability ranks, ability classes, THCI scores, final hiking risk scores, route suitability scores, go/no-go decisions, medical diagnoses, or causality evidence. Missing axes remain INSUFFICIENT_EVIDENCE and are not zero-filled."
36_1,36,hr_output_efficiency_proxy,HR 輸出效率（有限代理）,low_speed_ratio_avg,LOWER_IS_MORE_FAVORABLE,0.185324,44.0,AVAILABLE,"Descriptive CH6.5.5 personal activity performance radar-ready context only. Axis values are group-relative descriptive indices for visualization and review. They are not ability scores, ability ranks, ability classes, THCI scores, final hiking risk scores, route suitability scores, go/no-go decisions, medical diagnoses, or causality evidence. Missing axes remain INSUFFICIENT_EVIDENCE and are not zero-filled."
36_1,36,weather_performance_maintenance_proxy,天候下表現維持（有限代理）,behavior_weather_context_review_required_ratio,LOWER_IS_MORE_FAVORABLE,0.444444,72.0,AVAILABLE,"Descriptive CH6.5.5 personal activity performance radar-ready context only. Axis values are group-relative descriptive indices for visualization and review. They are not ability scores, ability ranks, ability classes, THCI scores, final hiking risk scores, route suitability scores, go/no-go decisions, medical diagnoses, or causality evidence. Missing axes remain INSUFFICIENT_EVIDENCE and are not zero-filled."
36_1,36,weather_performance_maintenance_proxy,天候下表現維持（有限代理）,route_load_behavior_candidate_window_ratio,LOWER_IS_MORE_FAVORABLE,0.444444,72.0,AVAILABLE,"Descriptive CH6.5.5 personal activity performance radar-ready context only. Axis values are group-relative descriptive indices for visualization and review. They are not ability scores, ability ranks, ability classes, THCI scores, final hiking risk scores, route suitability scores, go/no-go decisions, medical diagnoses, or causality evidence. Missing axes remain INSUFFICIENT_EVIDENCE and are not zero-filled."
37_1,37,sustained_progress,持續推進能力,speed_mps_median_median,HIGHER_IS_MORE_FAVORABLE,0.634813,44.0,AVAILABLE,"Descriptive CH6.5.5 personal activity performance radar-ready context only. Axis values are group-relative descriptive indices for visualization and review. They are not ability scores, ability ranks, ability classes, THCI scores, final hiking risk scores, route suitability scores, go/no-go decisions, medical diagnoses, or causality evidence. Missing axes remain INSUFFICIENT_EVIDENCE and are not zero-filled."
37_1,37,sustained_progress,持續推進能力,low_speed_ratio_avg,LOWER_IS_MORE_FAVORABLE,0.225504,28.0,AVAILABLE,"Descriptive CH6.5.5 personal activity performance radar-ready context only. Axis values are group-relative descriptive indices for visualization and review. They are not ability scores, ability ranks, ability classes, THCI scores, final hiking risk scores, route suitability scores, go/no-go decisions, medical diagnoses, or causality evidence. Missing axes remain INSUFFICIENT_EVIDENCE and are not zero-filled."
37_1,37,sustained_progress,持續推進能力,stopped_ratio_avg,LOWER_IS_MORE_FAVORABLE,0.022764,20.0,AVAILABLE,"Descriptive CH6.5.5 personal activity performance radar-ready context only. Axis values are group-relative descriptive indices for visualization and review. They are not ability scores, ability ranks, ability classes, THCI scores, final hiking risk scores, route suitability scores, go/no-go decisions, medical diagnoses, or causality evidence. Missing axes remain INSUFFICIENT_EVIDENCE and are not zero-filled."
37_1,37,uphill_load_tolerance_proxy,上坡負荷承受力（有限代理）,route_load_behavior_candidate_window_ratio,LOWER_IS_MORE_FAVORABLE,0.4625,60.0,AVAILABLE,"Descriptive CH6.5.5 personal activity performance radar-ready context only. Axis values are group-relative descriptive indices for visualization and review. They are not ability scores, ability ranks, ability classes, THCI scores, final hiking risk scores, route suitability scores, go/no-go decisions, medical diagnoses, or causality evidence. Missing axes remain INSUFFICIENT_EVIDENCE and are not zero-filled."
37_1,37,uphill_load_tolerance_proxy,上坡負荷承受力（有限代理）,uphill_high_route_load_ratio,LOWER_IS_MORE_FAVORABLE_CONTEXT_ONLY,0.1375,36.0,AVAILABLE,"Descriptive CH6.5.5 personal activity performance radar-ready context only. Axis values are group-relative descriptive indices for visualization and review. They are not ability scores, ability ranks, ability classes, THCI scores, final hiking risk scores, route suitability scores, go/no-go decisions, medical diagnoses, or causality evidence. Missing axes remain INSUFFICIENT_EVIDENCE and are not zero-filled."
37_1,37,pacing_movement_stability,配速／移動穩定性,low_speed_ratio_avg,LOWER_IS_MORE_FAVORABLE,0.225504,28.0,AVAILABLE,"Descriptive CH6.5.5 personal activity performance radar-ready context only. Axis values are group-relative descriptive indices for visualization and review. They are not ability scores, ability ranks, ability classes, THCI scores, final hiking risk scores, route suitability scores, go/no-go decisions, medical diagnoses, or causality evidence. Missing axes remain INSUFFICIENT_EVIDENCE and are not zero-filled."
37_1,37,pacing_movement_stability,配速／移動穩定性,stopped_ratio_avg,LOWER_IS_MORE_FAVORABLE,0.022764,20.0,AVAILABLE,"Descriptive CH6.5.5 personal activity performance radar-ready context only. Axis values are group-relative descriptive indices for visualization and review. They are not ability scores, ability ranks, ability classes, THCI scores, final hiking risk scores, route suitability scores, go/no-go decisions, medical diagnoses, or causality evidence. Missing axes remain INSUFFICIENT_EVIDENCE and are not zero-filled."
37_1,37,pacing_movement_stability,配速／移動穩定性,speed_mps_median_median,HIGHER_IS_MORE_FAVORABLE,0.634813,44.0,AVAILABLE,"Descriptive CH6.5.5 personal activity performance radar-ready context only. Axis values are group-relative descriptive indices for visualization and review. They are not ability scores, ability ranks, ability classes, THCI scores, final hiking risk scores, route suitability scores, go/no-go decisions, medical diagnoses, or causality evidence. Missing axes remain INSUFFICIENT_EVIDENCE and are not zero-filled."
37_1,37,hr_output_efficiency_proxy,HR 輸出效率（有限代理）,speed_mps_median_median,HIGHER_IS_MORE_FAVORABLE,0.634813,44.0,AVAILABLE,"Descriptive CH6.5.5 personal activity performance radar-ready context only. Axis values are group-relative descriptive indices for visualization and review. They are not ability scores, ability ranks, ability classes, THCI scores, final hiking risk scores, route suitability scores, go/no-go decisions, medical diagnoses, or causality evidence. Missing axes remain INSUFFICIENT_EVIDENCE and are not zero-filled."
37_1,37,hr_output_efficiency_proxy,HR 輸出效率（有限代理）,hr_median_pct_sex_age_est_hrmax,LOWER_IS_MORE_FAVORABLE,89.72261235955057,8.0,AVAILABLE,"Descriptive CH6.5.5 personal activity performance radar-ready context only. Axis values are group-relative descriptive indices for visualization and review. They are not ability scores, ability ranks, ability classes, THCI scores, final hiking risk scores, route suitability scores, go/no-go decisions, medical diagnoses, or causality evidence. Missing axes remain INSUFFICIENT_EVIDENCE and are not zero-filled."
37_1,37,hr_output_efficiency_proxy,HR 輸出效率（有限代理）,low_speed_ratio_avg,LOWER_IS_MORE_FAVORABLE,0.225504,28.0,AVAILABLE,"Descriptive CH6.5.5 personal activity performance radar-ready context only. Axis values are group-relative descriptive indices for visualization and review. They are not ability scores, ability ranks, ability classes, THCI scores, final hiking risk scores, route suitability scores, go/no-go decisions, medical diagnoses, or causality evidence. Missing axes remain INSUFFICIENT_EVIDENCE and are not zero-filled."
37_1,37,weather_performance_maintenance_proxy,天候下表現維持（有限代理）,behavior_weather_context_review_required_ratio,LOWER_IS_MORE_FAVORABLE,0.4625,60.0,AVAILABLE,"Descriptive CH6.5.5 personal activity performance radar-ready context only. Axis values are group-relative descriptive indices for visualization and review. They are not ability scores, ability ranks, ability classes, THCI scores, final hiking risk scores, route suitability scores, go/no-go decisions, medical diagnoses, or causality evidence. Missing axes remain INSUFFICIENT_EVIDENCE and are not zero-filled."
37_1,37,weather_performance_maintenance_proxy,天候下表現維持（有限代理）,route_load_behavior_candidate_window_ratio,LOWER_IS_MORE_FAVORABLE,0.4625,60.0,AVAILABLE,"Descriptive CH6.5.5 personal activity performance radar-ready context only. Axis values are group-relative descriptive indices for visualization and review. They are not ability scores, ability ranks, ability classes, THCI scores, final hiking risk scores, route suitability scores, go/no-go decisions, medical diagnoses, or causality evidence. Missing axes remain INSUFFICIENT_EVIDENCE and are not zero-filled."
38_1,38,sustained_progress,持續推進能力,speed_mps_median_median,HIGHER_IS_MORE_FAVORABLE,0.54872,24.0,AVAILABLE,"Descriptive CH6.5.5 personal activity performance radar-ready context only. Axis values are group-relative descriptive indices for visualization and review. They are not ability scores, ability ranks, ability classes, THCI scores, final hiking risk scores, route suitability scores, go/no-go decisions, medical diagnoses, or causality evidence. Missing axes remain INSUFFICIENT_EVIDENCE and are not zero-filled."
38_1,38,sustained_progress,持續推進能力,low_speed_ratio_avg,LOWER_IS_MORE_FAVORABLE,0.066292,92.0,AVAILABLE,"Descriptive CH6.5.5 personal activity performance radar-ready context only. Axis values are group-relative descriptive indices for visualization and review. They are not ability scores, ability ranks, ability classes, THCI scores, final hiking risk scores, route suitability scores, go/no-go decisions, medical diagnoses, or causality evidence. Missing axes remain INSUFFICIENT_EVIDENCE and are not zero-filled."
38_1,38,sustained_progress,持續推進能力,stopped_ratio_avg,LOWER_IS_MORE_FAVORABLE,3.2e-05,76.0,AVAILABLE,"Descriptive CH6.5.5 personal activity performance radar-ready context only. Axis values are group-relative descriptive indices for visualization and review. They are not ability scores, ability ranks, ability classes, THCI scores, final hiking risk scores, route suitability scores, go/no-go decisions, medical diagnoses, or causality evidence. Missing axes remain INSUFFICIENT_EVIDENCE and are not zero-filled."
38_1,38,uphill_load_tolerance_proxy,上坡負荷承受力（有限代理）,route_load_behavior_candidate_window_ratio,LOWER_IS_MORE_FAVORABLE,0.555556,4.0,AVAILABLE,"Descriptive CH6.5.5 personal activity performance radar-ready context only. Axis values are group-relative descriptive indices for visualization and review. They are not ability scores, ability ranks, ability classes, THCI scores, final hiking risk scores, route suitability scores, go/no-go decisions, medical diagnoses, or causality evidence. Missing axes remain INSUFFICIENT_EVIDENCE and are not zero-filled."
38_1,38,uphill_load_tolerance_proxy,上坡負荷承受力（有限代理）,uphill_high_route_load_ratio,LOWER_IS_MORE_FAVORABLE_CONTEXT_ONLY,0.283951,4.0,AVAILABLE,"Descriptive CH6.5.5 personal activity performance radar-ready context only. Axis values are group-relative descriptive indices for visualization and review. They are not ability scores, ability ranks, ability classes, THCI scores, final hiking risk scores, route suitability scores, go/no-go decisions, medical diagnoses, or causality evidence. Missing axes remain INSUFFICIENT_EVIDENCE and are not zero-filled."
38_1,38,pacing_movement_stability,配速／移動穩定性,low_speed_ratio_avg,LOWER_IS_MORE_FAVORABLE,0.066292,92.0,AVAILABLE,"Descriptive CH6.5.5 personal activity performance radar-ready context only. Axis values are group-relative descriptive indices for visualization and review. They are not ability scores, ability ranks, ability classes, THCI scores, final hiking risk scores, route suitability scores, go/no-go decisions, medical diagnoses, or causality evidence. Missing axes remain INSUFFICIENT_EVIDENCE and are not zero-filled."
38_1,38,pacing_movement_stability,配速／移動穩定性,stopped_ratio_avg,LOWER_IS_MORE_FAVORABLE,3.2e-05,76.0,AVAILABLE,"Descriptive CH6.5.5 personal activity performance radar-ready context only. Axis values are group-relative descriptive indices for visualization and review. They are not ability scores, ability ranks, ability classes, THCI scores, final hiking risk scores, route suitability scores, go/no-go decisions, medical diagnoses, or causality evidence. Missing axes remain INSUFFICIENT_EVIDENCE and are not zero-filled."
38_1,38,pacing_movement_stability,配速／移動穩定性,speed_mps_median_median,HIGHER_IS_MORE_FAVORABLE,0.54872,24.0,AVAILABLE,"Descriptive CH6.5.5 personal activity performance radar-ready context only. Axis values are group-relative descriptive indices for visualization and review. They are not ability scores, ability ranks, ability classes, THCI scores, final hiking risk scores, route suitability scores, go/no-go decisions, medical diagnoses, or causality evidence. Missing axes remain INSUFFICIENT_EVIDENCE and are not zero-filled."
38_1,38,hr_output_efficiency_proxy,HR 輸出效率（有限代理）,speed_mps_median_median,HIGHER_IS_MORE_FAVORABLE,0.54872,24.0,AVAILABLE,"Descriptive CH6.5.5 personal activity performance radar-ready context only. Axis values are group-relative descriptive indices for visualization and review. They are not ability scores, ability ranks, ability classes, THCI scores, final hiking risk scores, route suitability scores, go/no-go decisions, medical diagnoses, or causality evidence. Missing axes remain INSUFFICIENT_EVIDENCE and are not zero-filled."
38_1,38,hr_output_efficiency_proxy,HR 輸出效率（有限代理）,hr_median_pct_sex_age_est_hrmax,LOWER_IS_MORE_FAVORABLE,66.64133166943982,88.0,AVAILABLE,"Descriptive CH6.5.5 personal activity performance radar-ready context only. Axis values are group-relative descriptive indices for visualization and review. They are not ability scores, ability ranks, ability classes, THCI scores, final hiking risk scores, route suitability scores, go/no-go decisions, medical diagnoses, or causality evidence. Missing axes remain INSUFFICIENT_EVIDENCE and are not zero-filled."
38_1,38,hr_output_efficiency_proxy,HR 輸出效率（有限代理）,low_speed_ratio_avg,LOWER_IS_MORE_FAVORABLE,0.066292,92.0,AVAILABLE,"Descriptive CH6.5.5 personal activity performance radar-ready context only. Axis values are group-relative descriptive indices for visualization and review. They are not ability scores, ability ranks, ability classes, THCI scores, final hiking risk scores, route suitability scores, go/no-go decisions, medical diagnoses, or causality evidence. Missing axes remain INSUFFICIENT_EVIDENCE and are not zero-filled."
38_1,38,weather_performance_maintenance_proxy,天候下表現維持（有限代理）,behavior_weather_context_review_required_ratio,LOWER_IS_MORE_FAVORABLE,0.555556,4.0,AVAILABLE,"Descriptive CH6.5.5 personal activity performance radar-ready context only. Axis values are group-relative descriptive indices for visualization and review. They are not ability scores, ability ranks, ability classes, THCI scores, final hiking risk scores, route suitability scores, go/no-go decisions, medical diagnoses, or causality evidence. Missing axes remain INSUFFICIENT_EVIDENCE and are not zero-filled."
38_1,38,weather_performance_maintenance_proxy,天候下表現維持（有限代理）,route_load_behavior_candidate_window_ratio,LOWER_IS_MORE_FAVORABLE,0.555556,4.0,AVAILABLE,"Descriptive CH6.5.5 personal activity performance radar-ready context only. Axis values are group-relative descriptive indices for visualization and review. They are not ability scores, ability ranks, ability classes, THCI scores, final hiking risk scores, route suitability scores, go/no-go decisions, medical diagnoses, or causality evidence. Missing axes remain INSUFFICIENT_EVIDENCE and are not zero-filled."
3_1,3,sustained_progress,持續推進能力,speed_mps_median_median,HIGHER_IS_MORE_FAVORABLE,0.702273,64.0,AVAILABLE,"Descriptive CH6.5.5 personal activity performance radar-ready context only. Axis values are group-relative descriptive indices for visualization and review. They are not ability scores, ability ranks, ability classes, THCI scores, final hiking risk scores, route suitability scores, go/no-go decisions, medical diagnoses, or causality evidence. Missing axes remain INSUFFICIENT_EVIDENCE and are not zero-filled."
3_1,3,sustained_progress,持續推進能力,low_speed_ratio_avg,LOWER_IS_MORE_FAVORABLE,0.174861,48.0,AVAILABLE,"Descriptive CH6.5.5 personal activity performance radar-ready context only. Axis values are group-relative descriptive indices for visualization and review. They are not ability scores, ability ranks, ability classes, THCI scores, final hiking risk scores, route suitability scores, go/no-go decisions, medical diagnoses, or causality evidence. Missing axes remain INSUFFICIENT_EVIDENCE and are not zero-filled."
3_1,3,sustained_progress,持續推進能力,stopped_ratio_avg,LOWER_IS_MORE_FAVORABLE,0.008893,52.0,AVAILABLE,"Descriptive CH6.5.5 personal activity performance radar-ready context only. Axis values are group-relative descriptive indices for visualization and review. They are not ability scores, ability ranks, ability classes, THCI scores, final hiking risk scores, route suitability scores, go/no-go decisions, medical diagnoses, or causality evidence. Missing axes remain INSUFFICIENT_EVIDENCE and are not zero-filled."
3_1,3,uphill_load_tolerance_proxy,上坡負荷承受力（有限代理）,route_load_behavior_candidate_window_ratio,LOWER_IS_MORE_FAVORABLE,0.45679,64.0,AVAILABLE,"Descriptive CH6.5.5 personal activity performance radar-ready context only. Axis values are group-relative descriptive indices for visualization and review. They are not ability scores, ability ranks, ability classes, THCI scores, final hiking risk scores, route suitability scores, go/no-go decisions, medical diagnoses, or causality evidence. Missing axes remain INSUFFICIENT_EVIDENCE and are not zero-filled."
3_1,3,uphill_load_tolerance_proxy,上坡負荷承受力（有限代理）,uphill_high_route_load_ratio,LOWER_IS_MORE_FAVORABLE_CONTEXT_ONLY,0.074074,92.0,AVAILABLE,"Descriptive CH6.5.5 personal activity performance radar-ready context only. Axis values are group-relative descriptive indices for visualization and review. They are not ability scores, ability ranks, ability classes, THCI scores, final hiking risk scores, route suitability scores, go/no-go decisions, medical diagnoses, or causality evidence. Missing axes remain INSUFFICIENT_EVIDENCE and are not zero-filled."
3_1,3,pacing_movement_stability,配速／移動穩定性,low_speed_ratio_avg,LOWER_IS_MORE_FAVORABLE,0.174861,48.0,AVAILABLE,"Descriptive CH6.5.5 personal activity performance radar-ready context only. Axis values are group-relative descriptive indices for visualization and review. They are not ability scores, ability ranks, ability classes, THCI scores, final hiking risk scores, route suitability scores, go/no-go decisions, medical diagnoses, or causality evidence. Missing axes remain INSUFFICIENT_EVIDENCE and are not zero-filled."
3_1,3,pacing_movement_stability,配速／移動穩定性,stopped_ratio_avg,LOWER_IS_MORE_FAVORABLE,0.008893,52.0,AVAILABLE,"Descriptive CH6.5.5 personal activity performance radar-ready context only. Axis values are group-relative descriptive indices for visualization and review. They are not ability scores, ability ranks, ability classes, THCI scores, final hiking risk scores, route suitability scores, go/no-go decisions, medical diagnoses, or causality evidence. Missing axes remain INSUFFICIENT_EVIDENCE and are not zero-filled."
3_1,3,pacing_movement_stability,配速／移動穩定性,speed_mps_median_median,HIGHER_IS_MORE_FAVORABLE,0.702273,64.0,AVAILABLE,"Descriptive CH6.5.5 personal activity performance radar-ready context only. Axis values are group-relative descriptive indices for visualization and review. They are not ability scores, ability ranks, ability classes, THCI scores, final hiking risk scores, route suitability scores, go/no-go decisions, medical diagnoses, or causality evidence. Missing axes remain INSUFFICIENT_EVIDENCE and are not zero-filled."
3_1,3,hr_output_efficiency_proxy,HR 輸出效率（有限代理）,speed_mps_median_median,HIGHER_IS_MORE_FAVORABLE,0.702273,64.0,AVAILABLE,"Descriptive CH6.5.5 personal activity performance radar-ready context only. Axis values are group-relative descriptive indices for visualization and review. They are not ability scores, ability ranks, ability classes, THCI scores, final hiking risk scores, route suitability scores, go/no-go decisions, medical diagnoses, or causality evidence. Missing axes remain INSUFFICIENT_EVIDENCE and are not zero-filled."
3_1,3,hr_output_efficiency_proxy,HR 輸出效率（有限代理）,hr_median_pct_sex_age_est_hrmax,LOWER_IS_MORE_FAVORABLE,63.31972972972974,96.0,AVAILABLE,"Descriptive CH6.5.5 personal activity performance radar-ready context only. Axis values are group-relative descriptive indices for visualization and review. They are not ability scores, ability ranks, ability classes, THCI scores, final hiking risk scores, route suitability scores, go/no-go decisions, medical diagnoses, or causality evidence. Missing axes remain INSUFFICIENT_EVIDENCE and are not zero-filled."
3_1,3,hr_output_efficiency_proxy,HR 輸出效率（有限代理）,low_speed_ratio_avg,LOWER_IS_MORE_FAVORABLE,0.174861,48.0,AVAILABLE,"Descriptive CH6.5.5 personal activity performance radar-ready context only. Axis values are group-relative descriptive indices for visualization and review. They are not ability scores, ability ranks, ability classes, THCI scores, final hiking risk scores, route suitability scores, go/no-go decisions, medical diagnoses, or causality evidence. Missing axes remain INSUFFICIENT_EVIDENCE and are not zero-filled."
3_1,3,weather_performance_maintenance_proxy,天候下表現維持（有限代理）,behavior_weather_context_review_required_ratio,LOWER_IS_MORE_FAVORABLE,0.45679,64.0,AVAILABLE,"Descriptive CH6.5.5 personal activity performance radar-ready context only. Axis values are group-relative descriptive indices for visualization and review. They are not ability scores, ability ranks, ability classes, THCI scores, final hiking risk scores, route suitability scores, go/no-go decisions, medical diagnoses, or causality evidence. Missing axes remain INSUFFICIENT_EVIDENCE and are not zero-filled."
3_1,3,weather_performance_maintenance_proxy,天候下表現維持（有限代理）,route_load_behavior_candidate_window_ratio,LOWER_IS_MORE_FAVORABLE,0.45679,64.0,AVAILABLE,"Descriptive CH6.5.5 personal activity performance radar-ready context only. Axis values are group-relative descriptive indices for visualization and review. They are not ability scores, ability ranks, ability classes, THCI scores, final hiking risk scores, route suitability scores, go/no-go decisions, medical diagnoses, or causality evidence. Missing axes remain INSUFFICIENT_EVIDENCE and are not zero-filled."
40_1,40,sustained_progress,持續推進能力,speed_mps_median_median,HIGHER_IS_MORE_FAVORABLE,0.677926,60.0,AVAILABLE,"Descriptive CH6.5.5 personal activity performance radar-ready context only. Axis values are group-relative descriptive indices for visualization and review. They are not ability scores, ability ranks, ability classes, THCI scores, final hiking risk scores, route suitability scores, go/no-go decisions, medical diagnoses, or causality evidence. Missing axes remain INSUFFICIENT_EVIDENCE and are not zero-filled."
40_1,40,sustained_progress,持續推進能力,low_speed_ratio_avg,LOWER_IS_MORE_FAVORABLE,0.221763,32.0,AVAILABLE,"Descriptive CH6.5.5 personal activity performance radar-ready context only. Axis values are group-relative descriptive indices for visualization and review. They are not ability scores, ability ranks, ability classes, THCI scores, final hiking risk scores, route suitability scores, go/no-go decisions, medical diagnoses, or causality evidence. Missing axes remain INSUFFICIENT_EVIDENCE and are not zero-filled."
40_1,40,sustained_progress,持續推進能力,stopped_ratio_avg,LOWER_IS_MORE_FAVORABLE,0.009423,44.0,AVAILABLE,"Descriptive CH6.5.5 personal activity performance radar-ready context only. Axis values are group-relative descriptive indices for visualization and review. They are not ability scores, ability ranks, ability classes, THCI scores, final hiking risk scores, route suitability scores, go/no-go decisions, medical diagnoses, or causality evidence. Missing axes remain INSUFFICIENT_EVIDENCE and are not zero-filled."
40_1,40,uphill_load_tolerance_proxy,上坡負荷承受力（有限代理）,route_load_behavior_candidate_window_ratio,LOWER_IS_MORE_FAVORABLE,0.518519,28.0,AVAILABLE,"Descriptive CH6.5.5 personal activity performance radar-ready context only. Axis values are group-relative descriptive indices for visualization and review. They are not ability scores, ability ranks, ability classes, THCI scores, final hiking risk scores, route suitability scores, go/no-go decisions, medical diagnoses, or causality evidence. Missing axes remain INSUFFICIENT_EVIDENCE and are not zero-filled."
40_1,40,uphill_load_tolerance_proxy,上坡負荷承受力（有限代理）,uphill_high_route_load_ratio,LOWER_IS_MORE_FAVORABLE_CONTEXT_ONLY,0.111111,58.0,AVAILABLE,"Descriptive CH6.5.5 personal activity performance radar-ready context only. Axis values are group-relative descriptive indices for visualization and review. They are not ability scores, ability ranks, ability classes, THCI scores, final hiking risk scores, route suitability scores, go/no-go decisions, medical diagnoses, or causality evidence. Missing axes remain INSUFFICIENT_EVIDENCE and are not zero-filled."
40_1,40,pacing_movement_stability,配速／移動穩定性,low_speed_ratio_avg,LOWER_IS_MORE_FAVORABLE,0.221763,32.0,AVAILABLE,"Descriptive CH6.5.5 personal activity performance radar-ready context only. Axis values are group-relative descriptive indices for visualization and review. They are not ability scores, ability ranks, ability classes, THCI scores, final hiking risk scores, route suitability scores, go/no-go decisions, medical diagnoses, or causality evidence. Missing axes remain INSUFFICIENT_EVIDENCE and are not zero-filled."
40_1,40,pacing_movement_stability,配速／移動穩定性,stopped_ratio_avg,LOWER_IS_MORE_FAVORABLE,0.009423,44.0,AVAILABLE,"Descriptive CH6.5.5 personal activity performance radar-ready context only. Axis values are group-relative descriptive indices for visualization and review. They are not ability scores, ability ranks, ability classes, THCI scores, final hiking risk scores, route suitability scores, go/no-go decisions, medical diagnoses, or causality evidence. Missing axes remain INSUFFICIENT_EVIDENCE and are not zero-filled."
40_1,40,pacing_movement_stability,配速／移動穩定性,speed_mps_median_median,HIGHER_IS_MORE_FAVORABLE,0.677926,60.0,AVAILABLE,"Descriptive CH6.5.5 personal activity performance radar-ready context only. Axis values are group-relative descriptive indices for visualization and review. They are not ability scores, ability ranks, ability classes, THCI scores, final hiking risk scores, route suitability scores, go/no-go decisions, medical diagnoses, or causality evidence. Missing axes remain INSUFFICIENT_EVIDENCE and are not zero-filled."
40_1,40,hr_output_efficiency_proxy,HR 輸出效率（有限代理）,speed_mps_median_median,HIGHER_IS_MORE_FAVORABLE,0.677926,60.0,AVAILABLE,"Descriptive CH6.5.5 personal activity performance radar-ready context only. Axis values are group-relative descriptive indices for visualization and review. They are not ability scores, ability ranks, ability classes, THCI scores, final hiking risk scores, route suitability scores, go/no-go decisions, medical diagnoses, or causality evidence. Missing axes remain INSUFFICIENT_EVIDENCE and are not zero-filled."
40_1,40,hr_output_efficiency_proxy,HR 輸出效率（有限代理）,hr_median_pct_sex_age_est_hrmax,LOWER_IS_MORE_FAVORABLE,78.5444101583834,64.0,AVAILABLE,"Descriptive CH6.5.5 personal activity performance radar-ready context only. Axis values are group-relative descriptive indices for visualization and review. They are not ability scores, ability ranks, ability classes, THCI scores, final hiking risk scores, route suitability scores, go/no-go decisions, medical diagnoses, or causality evidence. Missing axes remain INSUFFICIENT_EVIDENCE and are not zero-filled."
40_1,40,hr_output_efficiency_proxy,HR 輸出效率（有限代理）,low_speed_ratio_avg,LOWER_IS_MORE_FAVORABLE,0.221763,32.0,AVAILABLE,"Descriptive CH6.5.5 personal activity performance radar-ready context only. Axis values are group-relative descriptive indices for visualization and review. They are not ability scores, ability ranks, ability classes, THCI scores, final hiking risk scores, route suitability scores, go/no-go decisions, medical diagnoses, or causality evidence. Missing axes remain INSUFFICIENT_EVIDENCE and are not zero-filled."
40_1,40,weather_performance_maintenance_proxy,天候下表現維持（有限代理）,behavior_weather_context_review_required_ratio,LOWER_IS_MORE_FAVORABLE,0.518519,28.0,AVAILABLE,"Descriptive CH6.5.5 personal activity performance radar-ready context only. Axis values are group-relative descriptive indices for visualization and review. They are not ability scores, ability ranks, ability classes, THCI scores, final hiking risk scores, route suitability scores, go/no-go decisions, medical diagnoses, or causality evidence. Missing axes remain INSUFFICIENT_EVIDENCE and are not zero-filled."
40_1,40,weather_performance_maintenance_proxy,天候下表現維持（有限代理）,route_load_behavior_candidate_window_ratio,LOWER_IS_MORE_FAVORABLE,0.518519,28.0,AVAILABLE,"Descriptive CH6.5.5 personal activity performance radar-ready context only. Axis values are group-relative descriptive indices for visualization and review. They are not ability scores, ability ranks, ability classes, THCI scores, final hiking risk scores, route suitability scores, go/no-go decisions, medical diagnoses, or causality evidence. Missing axes remain INSUFFICIENT_EVIDENCE and are not zero-filled."
41_1,41,sustained_progress,持續推進能力,speed_mps_median_median,HIGHER_IS_MORE_FAVORABLE,0.796136,80.0,AVAILABLE,"Descriptive CH6.5.5 personal activity performance radar-ready context only. Axis values are group-relative descriptive indices for visualization and review. They are not ability scores, ability ranks, ability classes, THCI scores, final hiking risk scores, route suitability scores, go/no-go decisions, medical diagnoses, or causality evidence. Missing axes remain INSUFFICIENT_EVIDENCE and are not zero-filled."
41_1,41,sustained_progress,持續推進能力,low_speed_ratio_avg,LOWER_IS_MORE_FAVORABLE,0.173066,52.0,AVAILABLE,"Descriptive CH6.5.5 personal activity performance radar-ready context only. Axis values are group-relative descriptive indices for visualization and review. They are not ability scores, ability ranks, ability classes, THCI scores, final hiking risk scores, route suitability scores, go/no-go decisions, medical diagnoses, or causality evidence. Missing axes remain INSUFFICIENT_EVIDENCE and are not zero-filled."
41_1,41,sustained_progress,持續推進能力,stopped_ratio_avg,LOWER_IS_MORE_FAVORABLE,0.003524,68.0,AVAILABLE,"Descriptive CH6.5.5 personal activity performance radar-ready context only. Axis values are group-relative descriptive indices for visualization and review. They are not ability scores, ability ranks, ability classes, THCI scores, final hiking risk scores, route suitability scores, go/no-go decisions, medical diagnoses, or causality evidence. Missing axes remain INSUFFICIENT_EVIDENCE and are not zero-filled."
41_1,41,uphill_load_tolerance_proxy,上坡負荷承受力（有限代理）,route_load_behavior_candidate_window_ratio,LOWER_IS_MORE_FAVORABLE,0.493976,34.0,AVAILABLE,"Descriptive CH6.5.5 personal activity performance radar-ready context only. Axis values are group-relative descriptive indices for visualization and review. They are not ability scores, ability ranks, ability classes, THCI scores, final hiking risk scores, route suitability scores, go/no-go decisions, medical diagnoses, or causality evidence. Missing axes remain INSUFFICIENT_EVIDENCE and are not zero-filled."
41_1,41,uphill_load_tolerance_proxy,上坡負荷承受力（有限代理）,uphill_high_route_load_ratio,LOWER_IS_MORE_FAVORABLE_CONTEXT_ONLY,0.096386,70.0,AVAILABLE,"Descriptive CH6.5.5 personal activity performance radar-ready context only. Axis values are group-relative descriptive indices for visualization and review. They are not ability scores, ability ranks, ability classes, THCI scores, final hiking risk scores, route suitability scores, go/no-go decisions, medical diagnoses, or causality evidence. Missing axes remain INSUFFICIENT_EVIDENCE and are not zero-filled."
41_1,41,pacing_movement_stability,配速／移動穩定性,low_speed_ratio_avg,LOWER_IS_MORE_FAVORABLE,0.173066,52.0,AVAILABLE,"Descriptive CH6.5.5 personal activity performance radar-ready context only. Axis values are group-relative descriptive indices for visualization and review. They are not ability scores, ability ranks, ability classes, THCI scores, final hiking risk scores, route suitability scores, go/no-go decisions, medical diagnoses, or causality evidence. Missing axes remain INSUFFICIENT_EVIDENCE and are not zero-filled."
41_1,41,pacing_movement_stability,配速／移動穩定性,stopped_ratio_avg,LOWER_IS_MORE_FAVORABLE,0.003524,68.0,AVAILABLE,"Descriptive CH6.5.5 personal activity performance radar-ready context only. Axis values are group-relative descriptive indices for visualization and review. They are not ability scores, ability ranks, ability classes, THCI scores, final hiking risk scores, route suitability scores, go/no-go decisions, medical diagnoses, or causality evidence. Missing axes remain INSUFFICIENT_EVIDENCE and are not zero-filled."
41_1,41,pacing_movement_stability,配速／移動穩定性,speed_mps_median_median,HIGHER_IS_MORE_FAVORABLE,0.796136,80.0,AVAILABLE,"Descriptive CH6.5.5 personal activity performance radar-ready context only. Axis values are group-relative descriptive indices for visualization and review. They are not ability scores, ability ranks, ability classes, THCI scores, final hiking risk scores, route suitability scores, go/no-go decisions, medical diagnoses, or causality evidence. Missing axes remain INSUFFICIENT_EVIDENCE and are not zero-filled."
41_1,41,hr_output_efficiency_proxy,HR 輸出效率（有限代理）,speed_mps_median_median,HIGHER_IS_MORE_FAVORABLE,0.796136,80.0,AVAILABLE,"Descriptive CH6.5.5 personal activity performance radar-ready context only. Axis values are group-relative descriptive indices for visualization and review. They are not ability scores, ability ranks, ability classes, THCI scores, final hiking risk scores, route suitability scores, go/no-go decisions, medical diagnoses, or causality evidence. Missing axes remain INSUFFICIENT_EVIDENCE and are not zero-filled."
41_1,41,hr_output_efficiency_proxy,HR 輸出效率（有限代理）,hr_median_pct_sex_age_est_hrmax,LOWER_IS_MORE_FAVORABLE,86.90624540229885,20.0,AVAILABLE,"Descriptive CH6.5.5 personal activity performance radar-ready context only. Axis values are group-relative descriptive indices for visualization and review. They are not ability scores, ability ranks, ability classes, THCI scores, final hiking risk scores, route suitability scores, go/no-go decisions, medical diagnoses, or causality evidence. Missing axes remain INSUFFICIENT_EVIDENCE and are not zero-filled."
41_1,41,hr_output_efficiency_proxy,HR 輸出效率（有限代理）,low_speed_ratio_avg,LOWER_IS_MORE_FAVORABLE,0.173066,52.0,AVAILABLE,"Descriptive CH6.5.5 personal activity performance radar-ready context only. Axis values are group-relative descriptive indices for visualization and review. They are not ability scores, ability ranks, ability classes, THCI scores, final hiking risk scores, route suitability scores, go/no-go decisions, medical diagnoses, or causality evidence. Missing axes remain INSUFFICIENT_EVIDENCE and are not zero-filled."
41_1,41,weather_performance_maintenance_proxy,天候下表現維持（有限代理）,behavior_weather_context_review_required_ratio,LOWER_IS_MORE_FAVORABLE,0.493976,34.0,AVAILABLE,"Descriptive CH6.5.5 personal activity performance radar-ready context only. Axis values are group-relative descriptive indices for visualization and review. They are not ability scores, ability ranks, ability classes, THCI scores, final hiking risk scores, route suitability scores, go/no-go decisions, medical diagnoses, or causality evidence. Missing axes remain INSUFFICIENT_EVIDENCE and are not zero-filled."
41_1,41,weather_performance_maintenance_proxy,天候下表現維持（有限代理）,route_load_behavior_candidate_window_ratio,LOWER_IS_MORE_FAVORABLE,0.493976,34.0,AVAILABLE,"Descriptive CH6.5.5 personal activity performance radar-ready context only. Axis values are group-relative descriptive indices for visualization and review. They are not ability scores, ability ranks, ability classes, THCI scores, final hiking risk scores, route suitability scores, go/no-go decisions, medical diagnoses, or causality evidence. Missing axes remain INSUFFICIENT_EVIDENCE and are not zero-filled."
42_1,42,sustained_progress,持續推進能力,speed_mps_median_median,HIGHER_IS_MORE_FAVORABLE,0.497648,16.0,AVAILABLE,"Descriptive CH6.5.5 personal activity performance radar-ready context only. Axis values are group-relative descriptive indices for visualization and review. They are not ability scores, ability ranks, ability classes, THCI scores, final hiking risk scores, route suitability scores, go/no-go decisions, medical diagnoses, or causality evidence. Missing axes remain INSUFFICIENT_EVIDENCE and are not zero-filled."
42_1,42,sustained_progress,持續推進能力,low_speed_ratio_avg,LOWER_IS_MORE_FAVORABLE,0.32626,8.0,AVAILABLE,"Descriptive CH6.5.5 personal activity performance radar-ready context only. Axis values are group-relative descriptive indices for visualization and review. They are not ability scores, ability ranks, ability classes, THCI scores, final hiking risk scores, route suitability scores, go/no-go decisions, medical diagnoses, or causality evidence. Missing axes remain INSUFFICIENT_EVIDENCE and are not zero-filled."
42_1,42,sustained_progress,持續推進能力,stopped_ratio_avg,LOWER_IS_MORE_FAVORABLE,0.030715,12.0,AVAILABLE,"Descriptive CH6.5.5 personal activity performance radar-ready context only. Axis values are group-relative descriptive indices for visualization and review. They are not ability scores, ability ranks, ability classes, THCI scores, final hiking risk scores, route suitability scores, go/no-go decisions, medical diagnoses, or causality evidence. Missing axes remain INSUFFICIENT_EVIDENCE and are not zero-filled."
42_1,42,uphill_load_tolerance_proxy,上坡負荷承受力（有限代理）,route_load_behavior_candidate_window_ratio,LOWER_IS_MORE_FAVORABLE,0.547619,8.0,AVAILABLE,"Descriptive CH6.5.5 personal activity performance radar-ready context only. Axis values are group-relative descriptive indices for visualization and review. They are not ability scores, ability ranks, ability classes, THCI scores, final hiking risk scores, route suitability scores, go/no-go decisions, medical diagnoses, or causality evidence. Missing axes remain INSUFFICIENT_EVIDENCE and are not zero-filled."
42_1,42,uphill_load_tolerance_proxy,上坡負荷承受力（有限代理）,uphill_high_route_load_ratio,LOWER_IS_MORE_FAVORABLE_CONTEXT_ONLY,0.130952,44.0,AVAILABLE,"Descriptive CH6.5.5 personal activity performance radar-ready context only. Axis values are group-relative descriptive indices for visualization and review. They are not ability scores, ability ranks, ability classes, THCI scores, final hiking risk scores, route suitability scores, go/no-go decisions, medical diagnoses, or causality evidence. Missing axes remain INSUFFICIENT_EVIDENCE and are not zero-filled."
42_1,42,pacing_movement_stability,配速／移動穩定性,low_speed_ratio_avg,LOWER_IS_MORE_FAVORABLE,0.32626,8.0,AVAILABLE,"Descriptive CH6.5.5 personal activity performance radar-ready context only. Axis values are group-relative descriptive indices for visualization and review. They are not ability scores, ability ranks, ability classes, THCI scores, final hiking risk scores, route suitability scores, go/no-go decisions, medical diagnoses, or causality evidence. Missing axes remain INSUFFICIENT_EVIDENCE and are not zero-filled."
42_1,42,pacing_movement_stability,配速／移動穩定性,stopped_ratio_avg,LOWER_IS_MORE_FAVORABLE,0.030715,12.0,AVAILABLE,"Descriptive CH6.5.5 personal activity performance radar-ready context only. Axis values are group-relative descriptive indices for visualization and review. They are not ability scores, ability ranks, ability classes, THCI scores, final hiking risk scores, route suitability scores, go/no-go decisions, medical diagnoses, or causality evidence. Missing axes remain INSUFFICIENT_EVIDENCE and are not zero-filled."
42_1,42,pacing_movement_stability,配速／移動穩定性,speed_mps_median_median,HIGHER_IS_MORE_FAVORABLE,0.497648,16.0,AVAILABLE,"Descriptive CH6.5.5 personal activity performance radar-ready context only. Axis values are group-relative descriptive indices for visualization and review. They are not ability scores, ability ranks, ability classes, THCI scores, final hiking risk scores, route suitability scores, go/no-go decisions, medical diagnoses, or causality evidence. Missing axes remain INSUFFICIENT_EVIDENCE and are not zero-filled."
42_1,42,hr_output_efficiency_proxy,HR 輸出效率（有限代理）,speed_mps_median_median,HIGHER_IS_MORE_FAVORABLE,0.497648,16.0,AVAILABLE,"Descriptive CH6.5.5 personal activity performance radar-ready context only. Axis values are group-relative descriptive indices for visualization and review. They are not ability scores, ability ranks, ability classes, THCI scores, final hiking risk scores, route suitability scores, go/no-go decisions, medical diagnoses, or causality evidence. Missing axes remain INSUFFICIENT_EVIDENCE and are not zero-filled."
42_1,42,hr_output_efficiency_proxy,HR 輸出效率（有限代理）,hr_median_pct_sex_age_est_hrmax,LOWER_IS_MORE_FAVORABLE,85.27173741661612,28.0,AVAILABLE,"Descriptive CH6.5.5 personal activity performance radar-ready context only. Axis values are group-relative descriptive indices for visualization and review. They are not ability scores, ability ranks, ability classes, THCI scores, final hiking risk scores, route suitability scores, go/no-go decisions, medical diagnoses, or causality evidence. Missing axes remain INSUFFICIENT_EVIDENCE and are not zero-filled."
42_1,42,hr_output_efficiency_proxy,HR 輸出效率（有限代理）,low_speed_ratio_avg,LOWER_IS_MORE_FAVORABLE,0.32626,8.0,AVAILABLE,"Descriptive CH6.5.5 personal activity performance radar-ready context only. Axis values are group-relative descriptive indices for visualization and review. They are not ability scores, ability ranks, ability classes, THCI scores, final hiking risk scores, route suitability scores, go/no-go decisions, medical diagnoses, or causality evidence. Missing axes remain INSUFFICIENT_EVIDENCE and are not zero-filled."
42_1,42,weather_performance_maintenance_proxy,天候下表現維持（有限代理）,behavior_weather_context_review_required_ratio,LOWER_IS_MORE_FAVORABLE,0.547619,8.0,AVAILABLE,"Descriptive CH6.5.5 personal activity performance radar-ready context only. Axis values are group-relative descriptive indices for visualization and review. They are not ability scores, ability ranks, ability classes, THCI scores, final hiking risk scores, route suitability scores, go/no-go decisions, medical diagnoses, or causality evidence. Missing axes remain INSUFFICIENT_EVIDENCE and are not zero-filled."
42_1,42,weather_performance_maintenance_proxy,天候下表現維持（有限代理）,route_load_behavior_candidate_window_ratio,LOWER_IS_MORE_FAVORABLE,0.547619,8.0,AVAILABLE,"Descriptive CH6.5.5 personal activity performance radar-ready context only. Axis values are group-relative descriptive indices for visualization and review. They are not ability scores, ability ranks, ability classes, THCI scores, final hiking risk scores, route suitability scores, go/no-go decisions, medical diagnoses, or causality evidence. Missing axes remain INSUFFICIENT_EVIDENCE and are not zero-filled."
43_1,43,sustained_progress,持續推進能力,speed_mps_median_median,HIGHER_IS_MORE_FAVORABLE,0.450511,4.0,AVAILABLE,"Descriptive CH6.5.5 personal activity performance radar-ready context only. Axis values are group-relative descriptive indices for visualization and review. They are not ability scores, ability ranks, ability classes, THCI scores, final hiking risk scores, route suitability scores, go/no-go decisions, medical diagnoses, or causality evidence. Missing axes remain INSUFFICIENT_EVIDENCE and are not zero-filled."
43_1,43,sustained_progress,持續推進能力,low_speed_ratio_avg,LOWER_IS_MORE_FAVORABLE,0.355164,0.0,AVAILABLE,"Descriptive CH6.5.5 personal activity performance radar-ready context only. Axis values are group-relative descriptive indices for visualization and review. They are not ability scores, ability ranks, ability classes, THCI scores, final hiking risk scores, route suitability scores, go/no-go decisions, medical diagnoses, or causality evidence. Missing axes remain INSUFFICIENT_EVIDENCE and are not zero-filled."
43_1,43,sustained_progress,持續推進能力,stopped_ratio_avg,LOWER_IS_MORE_FAVORABLE,0.037286,8.0,AVAILABLE,"Descriptive CH6.5.5 personal activity performance radar-ready context only. Axis values are group-relative descriptive indices for visualization and review. They are not ability scores, ability ranks, ability classes, THCI scores, final hiking risk scores, route suitability scores, go/no-go decisions, medical diagnoses, or causality evidence. Missing axes remain INSUFFICIENT_EVIDENCE and are not zero-filled."
43_1,43,uphill_load_tolerance_proxy,上坡負荷承受力（有限代理）,route_load_behavior_candidate_window_ratio,LOWER_IS_MORE_FAVORABLE,0.559524,0.0,AVAILABLE,"Descriptive CH6.5.5 personal activity performance radar-ready context only. Axis values are group-relative descriptive indices for visualization and review. They are not ability scores, ability ranks, ability classes, THCI scores, final hiking risk scores, route suitability scores, go/no-go decisions, medical diagnoses, or causality evidence. Missing axes remain INSUFFICIENT_EVIDENCE and are not zero-filled."
43_1,43,uphill_load_tolerance_proxy,上坡負荷承受力（有限代理）,uphill_high_route_load_ratio,LOWER_IS_MORE_FAVORABLE_CONTEXT_ONLY,0.119048,52.0,AVAILABLE,"Descriptive CH6.5.5 personal activity performance radar-ready context only. Axis values are group-relative descriptive indices for visualization and review. They are not ability scores, ability ranks, ability classes, THCI scores, final hiking risk scores, route suitability scores, go/no-go decisions, medical diagnoses, or causality evidence. Missing axes remain INSUFFICIENT_EVIDENCE and are not zero-filled."
43_1,43,pacing_movement_stability,配速／移動穩定性,low_speed_ratio_avg,LOWER_IS_MORE_FAVORABLE,0.355164,0.0,AVAILABLE,"Descriptive CH6.5.5 personal activity performance radar-ready context only. Axis values are group-relative descriptive indices for visualization and review. They are not ability scores, ability ranks, ability classes, THCI scores, final hiking risk scores, route suitability scores, go/no-go decisions, medical diagnoses, or causality evidence. Missing axes remain INSUFFICIENT_EVIDENCE and are not zero-filled."
43_1,43,pacing_movement_stability,配速／移動穩定性,stopped_ratio_avg,LOWER_IS_MORE_FAVORABLE,0.037286,8.0,AVAILABLE,"Descriptive CH6.5.5 personal activity performance radar-ready context only. Axis values are group-relative descriptive indices for visualization and review. They are not ability scores, ability ranks, ability classes, THCI scores, final hiking risk scores, route suitability scores, go/no-go decisions, medical diagnoses, or causality evidence. Missing axes remain INSUFFICIENT_EVIDENCE and are not zero-filled."
43_1,43,pacing_movement_stability,配速／移動穩定性,speed_mps_median_median,HIGHER_IS_MORE_FAVORABLE,0.450511,4.0,AVAILABLE,"Descriptive CH6.5.5 personal activity performance radar-ready context only. Axis values are group-relative descriptive indices for visualization and review. They are not ability scores, ability ranks, ability classes, THCI scores, final hiking risk scores, route suitability scores, go/no-go decisions, medical diagnoses, or causality evidence. Missing axes remain INSUFFICIENT_EVIDENCE and are not zero-filled."
43_1,43,hr_output_efficiency_proxy,HR 輸出效率（有限代理）,speed_mps_median_median,HIGHER_IS_MORE_FAVORABLE,0.450511,4.0,AVAILABLE,"Descriptive CH6.5.5 personal activity performance radar-ready context only. Axis values are group-relative descriptive indices for visualization and review. They are not ability scores, ability ranks, ability classes, THCI scores, final hiking risk scores, route suitability scores, go/no-go decisions, medical diagnoses, or causality evidence. Missing axes remain INSUFFICIENT_EVIDENCE and are not zero-filled."
43_1,43,hr_output_efficiency_proxy,HR 輸出效率（有限代理）,hr_median_pct_sex_age_est_hrmax,LOWER_IS_MORE_FAVORABLE,76.63601377245509,76.0,AVAILABLE,"Descriptive CH6.5.5 personal activity performance radar-ready context only. Axis values are group-relative descriptive indices for visualization and review. They are not ability scores, ability ranks, ability classes, THCI scores, final hiking risk scores, route suitability scores, go/no-go decisions, medical diagnoses, or causality evidence. Missing axes remain INSUFFICIENT_EVIDENCE and are not zero-filled."
43_1,43,hr_output_efficiency_proxy,HR 輸出效率（有限代理）,low_speed_ratio_avg,LOWER_IS_MORE_FAVORABLE,0.355164,0.0,AVAILABLE,"Descriptive CH6.5.5 personal activity performance radar-ready context only. Axis values are group-relative descriptive indices for visualization and review. They are not ability scores, ability ranks, ability classes, THCI scores, final hiking risk scores, route suitability scores, go/no-go decisions, medical diagnoses, or causality evidence. Missing axes remain INSUFFICIENT_EVIDENCE and are not zero-filled."
43_1,43,weather_performance_maintenance_proxy,天候下表現維持（有限代理）,behavior_weather_context_review_required_ratio,LOWER_IS_MORE_FAVORABLE,0.559524,0.0,AVAILABLE,"Descriptive CH6.5.5 personal activity performance radar-ready context only. Axis values are group-relative descriptive indices for visualization and review. They are not ability scores, ability ranks, ability classes, THCI scores, final hiking risk scores, route suitability scores, go/no-go decisions, medical diagnoses, or causality evidence. Missing axes remain INSUFFICIENT_EVIDENCE and are not zero-filled."
43_1,43,weather_performance_maintenance_proxy,天候下表現維持（有限代理）,route_load_behavior_candidate_window_ratio,LOWER_IS_MORE_FAVORABLE,0.559524,0.0,AVAILABLE,"Descriptive CH6.5.5 personal activity performance radar-ready context only. Axis values are group-relative descriptive indices for visualization and review. They are not ability scores, ability ranks, ability classes, THCI scores, final hiking risk scores, route suitability scores, go/no-go decisions, medical diagnoses, or causality evidence. Missing axes remain INSUFFICIENT_EVIDENCE and are not zero-filled."
44_1,44,sustained_progress,持續推進能力,speed_mps_median_median,HIGHER_IS_MORE_FAVORABLE,0.995302,100.0,AVAILABLE,"Descriptive CH6.5.5 personal activity performance radar-ready context only. Axis values are group-relative descriptive indices for visualization and review. They are not ability scores, ability ranks, ability classes, THCI scores, final hiking risk scores, route suitability scores, go/no-go decisions, medical diagnoses, or causality evidence. Missing axes remain INSUFFICIENT_EVIDENCE and are not zero-filled."
44_1,44,sustained_progress,持續推進能力,low_speed_ratio_avg,LOWER_IS_MORE_FAVORABLE,0.144703,64.0,AVAILABLE,"Descriptive CH6.5.5 personal activity performance radar-ready context only. Axis values are group-relative descriptive indices for visualization and review. They are not ability scores, ability ranks, ability classes, THCI scores, final hiking risk scores, route suitability scores, go/no-go decisions, medical diagnoses, or causality evidence. Missing axes remain INSUFFICIENT_EVIDENCE and are not zero-filled."
44_1,44,sustained_progress,持續推進能力,stopped_ratio_avg,LOWER_IS_MORE_FAVORABLE,0.01661,24.0,AVAILABLE,"Descriptive CH6.5.5 personal activity performance radar-ready context only. Axis values are group-relative descriptive indices for visualization and review. They are not ability scores, ability ranks, ability classes, THCI scores, final hiking risk scores, route suitability scores, go/no-go decisions, medical diagnoses, or causality evidence. Missing axes remain INSUFFICIENT_EVIDENCE and are not zero-filled."
44_1,44,uphill_load_tolerance_proxy,上坡負荷承受力（有限代理）,route_load_behavior_candidate_window_ratio,LOWER_IS_MORE_FAVORABLE,0.275,96.0,AVAILABLE,"Descriptive CH6.5.5 personal activity performance radar-ready context only. Axis values are group-relative descriptive indices for visualization and review. They are not ability scores, ability ranks, ability classes, THCI scores, final hiking risk scores, route suitability scores, go/no-go decisions, medical diagnoses, or causality evidence. Missing axes remain INSUFFICIENT_EVIDENCE and are not zero-filled."
44_1,44,uphill_load_tolerance_proxy,上坡負荷承受力（有限代理）,uphill_high_route_load_ratio,LOWER_IS_MORE_FAVORABLE_CONTEXT_ONLY,0.125,48.0,AVAILABLE,"Descriptive CH6.5.5 personal activity performance radar-ready context only. Axis values are group-relative descriptive indices for visualization and review. They are not ability scores, ability ranks, ability classes, THCI scores, final hiking risk scores, route suitability scores, go/no-go decisions, medical diagnoses, or causality evidence. Missing axes remain INSUFFICIENT_EVIDENCE and are not zero-filled."
44_1,44,pacing_movement_stability,配速／移動穩定性,low_speed_ratio_avg,LOWER_IS_MORE_FAVORABLE,0.144703,64.0,AVAILABLE,"Descriptive CH6.5.5 personal activity performance radar-ready context only. Axis values are group-relative descriptive indices for visualization and review. They are not ability scores, ability ranks, ability classes, THCI scores, final hiking risk scores, route suitability scores, go/no-go decisions, medical diagnoses, or causality evidence. Missing axes remain INSUFFICIENT_EVIDENCE and are not zero-filled."
44_1,44,pacing_movement_stability,配速／移動穩定性,stopped_ratio_avg,LOWER_IS_MORE_FAVORABLE,0.01661,24.0,AVAILABLE,"Descriptive CH6.5.5 personal activity performance radar-ready context only. Axis values are group-relative descriptive indices for visualization and review. They are not ability scores, ability ranks, ability classes, THCI scores, final hiking risk scores, route suitability scores, go/no-go decisions, medical diagnoses, or causality evidence. Missing axes remain INSUFFICIENT_EVIDENCE and are not zero-filled."
44_1,44,pacing_movement_stability,配速／移動穩定性,speed_mps_median_median,HIGHER_IS_MORE_FAVORABLE,0.995302,100.0,AVAILABLE,"Descriptive CH6.5.5 personal activity performance radar-ready context only. Axis values are group-relative descriptive indices for visualization and review. They are not ability scores, ability ranks, ability classes, THCI scores, final hiking risk scores, route suitability scores, go/no-go decisions, medical diagnoses, or causality evidence. Missing axes remain INSUFFICIENT_EVIDENCE and are not zero-filled."
44_1,44,hr_output_efficiency_proxy,HR 輸出效率（有限代理）,speed_mps_median_median,HIGHER_IS_MORE_FAVORABLE,0.995302,100.0,AVAILABLE,"Descriptive CH6.5.5 personal activity performance radar-ready context only. Axis values are group-relative descriptive indices for visualization and review. They are not ability scores, ability ranks, ability classes, THCI scores, final hiking risk scores, route suitability scores, go/no-go decisions, medical diagnoses, or causality evidence. Missing axes remain INSUFFICIENT_EVIDENCE and are not zero-filled."
44_1,44,hr_output_efficiency_proxy,HR 輸出效率（有限代理）,hr_median_pct_sex_age_est_hrmax,LOWER_IS_MORE_FAVORABLE,85.33729123173278,24.0,AVAILABLE,"Descriptive CH6.5.5 personal activity performance radar-ready context only. Axis values are group-relative descriptive indices for visualization and review. They are not ability scores, ability ranks, ability classes, THCI scores, final hiking risk scores, route suitability scores, go/no-go decisions, medical diagnoses, or causality evidence. Missing axes remain INSUFFICIENT_EVIDENCE and are not zero-filled."
44_1,44,hr_output_efficiency_proxy,HR 輸出效率（有限代理）,low_speed_ratio_avg,LOWER_IS_MORE_FAVORABLE,0.144703,64.0,AVAILABLE,"Descriptive CH6.5.5 personal activity performance radar-ready context only. Axis values are group-relative descriptive indices for visualization and review. They are not ability scores, ability ranks, ability classes, THCI scores, final hiking risk scores, route suitability scores, go/no-go decisions, medical diagnoses, or causality evidence. Missing axes remain INSUFFICIENT_EVIDENCE and are not zero-filled."
44_1,44,weather_performance_maintenance_proxy,天候下表現維持（有限代理）,behavior_weather_context_review_required_ratio,LOWER_IS_MORE_FAVORABLE,0.275,96.0,AVAILABLE,"Descriptive CH6.5.5 personal activity performance radar-ready context only. Axis values are group-relative descriptive indices for visualization and review. They are not ability scores, ability ranks, ability classes, THCI scores, final hiking risk scores, route suitability scores, go/no-go decisions, medical diagnoses, or causality evidence. Missing axes remain INSUFFICIENT_EVIDENCE and are not zero-filled."
44_1,44,weather_performance_maintenance_proxy,天候下表現維持（有限代理）,route_load_behavior_candidate_window_ratio,LOWER_IS_MORE_FAVORABLE,0.275,96.0,AVAILABLE,"Descriptive CH6.5.5 personal activity performance radar-ready context only. Axis values are group-relative descriptive indices for visualization and review. They are not ability scores, ability ranks, ability classes, THCI scores, final hiking risk scores, route suitability scores, go/no-go decisions, medical diagnoses, or causality evidence. Missing axes remain INSUFFICIENT_EVIDENCE and are not zero-filled."
45_1,45,sustained_progress,持續推進能力,speed_mps_median_median,HIGHER_IS_MORE_FAVORABLE,0.847411,88.0,AVAILABLE,"Descriptive CH6.5.5 personal activity performance radar-ready context only. Axis values are group-relative descriptive indices for visualization and review. They are not ability scores, ability ranks, ability classes, THCI scores, final hiking risk scores, route suitability scores, go/no-go decisions, medical diagnoses, or causality evidence. Missing axes remain INSUFFICIENT_EVIDENCE and are not zero-filled."
45_1,45,sustained_progress,持續推進能力,low_speed_ratio_avg,LOWER_IS_MORE_FAVORABLE,0.155366,56.0,AVAILABLE,"Descriptive CH6.5.5 personal activity performance radar-ready context only. Axis values are group-relative descriptive indices for visualization and review. They are not ability scores, ability ranks, ability classes, THCI scores, final hiking risk scores, route suitability scores, go/no-go decisions, medical diagnoses, or causality evidence. Missing axes remain INSUFFICIENT_EVIDENCE and are not zero-filled."
45_1,45,sustained_progress,持續推進能力,stopped_ratio_avg,LOWER_IS_MORE_FAVORABLE,0.00668,60.0,AVAILABLE,"Descriptive CH6.5.5 personal activity performance radar-ready context only. Axis values are group-relative descriptive indices for visualization and review. They are not ability scores, ability ranks, ability classes, THCI scores, final hiking risk scores, route suitability scores, go/no-go decisions, medical diagnoses, or causality evidence. Missing axes remain INSUFFICIENT_EVIDENCE and are not zero-filled."
45_1,45,uphill_load_tolerance_proxy,上坡負荷承受力（有限代理）,route_load_behavior_candidate_window_ratio,LOWER_IS_MORE_FAVORABLE,0.37037,84.0,AVAILABLE,"Descriptive CH6.5.5 personal activity performance radar-ready context only. Axis values are group-relative descriptive indices for visualization and review. They are not ability scores, ability ranks, ability classes, THCI scores, final hiking risk scores, route suitability scores, go/no-go decisions, medical diagnoses, or causality evidence. Missing axes remain INSUFFICIENT_EVIDENCE and are not zero-filled."
45_1,45,uphill_load_tolerance_proxy,上坡負荷承受力（有限代理）,uphill_high_route_load_ratio,LOWER_IS_MORE_FAVORABLE_CONTEXT_ONLY,0.185185,12.0,AVAILABLE,"Descriptive CH6.5.5 personal activity performance radar-ready context only. Axis values are group-relative descriptive indices for visualization and review. They are not ability scores, ability ranks, ability classes, THCI scores, final hiking risk scores, route suitability scores, go/no-go decisions, medical diagnoses, or causality evidence. Missing axes remain INSUFFICIENT_EVIDENCE and are not zero-filled."
45_1,45,pacing_movement_stability,配速／移動穩定性,low_speed_ratio_avg,LOWER_IS_MORE_FAVORABLE,0.155366,56.0,AVAILABLE,"Descriptive CH6.5.5 personal activity performance radar-ready context only. Axis values are group-relative descriptive indices for visualization and review. They are not ability scores, ability ranks, ability classes, THCI scores, final hiking risk scores, route suitability scores, go/no-go decisions, medical diagnoses, or causality evidence. Missing axes remain INSUFFICIENT_EVIDENCE and are not zero-filled."
45_1,45,pacing_movement_stability,配速／移動穩定性,stopped_ratio_avg,LOWER_IS_MORE_FAVORABLE,0.00668,60.0,AVAILABLE,"Descriptive CH6.5.5 personal activity performance radar-ready context only. Axis values are group-relative descriptive indices for visualization and review. They are not ability scores, ability ranks, ability classes, THCI scores, final hiking risk scores, route suitability scores, go/no-go decisions, medical diagnoses, or causality evidence. Missing axes remain INSUFFICIENT_EVIDENCE and are not zero-filled."
45_1,45,pacing_movement_stability,配速／移動穩定性,speed_mps_median_median,HIGHER_IS_MORE_FAVORABLE,0.847411,88.0,AVAILABLE,"Descriptive CH6.5.5 personal activity performance radar-ready context only. Axis values are group-relative descriptive indices for visualization and review. They are not ability scores, ability ranks, ability classes, THCI scores, final hiking risk scores, route suitability scores, go/no-go decisions, medical diagnoses, or causality evidence. Missing axes remain INSUFFICIENT_EVIDENCE and are not zero-filled."
45_1,45,hr_output_efficiency_proxy,HR 輸出效率（有限代理）,speed_mps_median_median,HIGHER_IS_MORE_FAVORABLE,0.847411,88.0,AVAILABLE,"Descriptive CH6.5.5 personal activity performance radar-ready context only. Axis values are group-relative descriptive indices for visualization and review. They are not ability scores, ability ranks, ability classes, THCI scores, final hiking risk scores, route suitability scores, go/no-go decisions, medical diagnoses, or causality evidence. Missing axes remain INSUFFICIENT_EVIDENCE and are not zero-filled."
45_1,45,hr_output_efficiency_proxy,HR 輸出效率（有限代理）,hr_median_pct_sex_age_est_hrmax,LOWER_IS_MORE_FAVORABLE,93.23344809069212,4.0,AVAILABLE,"Descriptive CH6.5.5 personal activity performance radar-ready context only. Axis values are group-relative descriptive indices for visualization and review. They are not ability scores, ability ranks, ability classes, THCI scores, final hiking risk scores, route suitability scores, go/no-go decisions, medical diagnoses, or causality evidence. Missing axes remain INSUFFICIENT_EVIDENCE and are not zero-filled."
45_1,45,hr_output_efficiency_proxy,HR 輸出效率（有限代理）,low_speed_ratio_avg,LOWER_IS_MORE_FAVORABLE,0.155366,56.0,AVAILABLE,"Descriptive CH6.5.5 personal activity performance radar-ready context only. Axis values are group-relative descriptive indices for visualization and review. They are not ability scores, ability ranks, ability classes, THCI scores, final hiking risk scores, route suitability scores, go/no-go decisions, medical diagnoses, or causality evidence. Missing axes remain INSUFFICIENT_EVIDENCE and are not zero-filled."
45_1,45,weather_performance_maintenance_proxy,天候下表現維持（有限代理）,behavior_weather_context_review_required_ratio,LOWER_IS_MORE_FAVORABLE,0.37037,84.0,AVAILABLE,"Descriptive CH6.5.5 personal activity performance radar-ready context only. Axis values are group-relative descriptive indices for visualization and review. They are not ability scores, ability ranks, ability classes, THCI scores, final hiking risk scores, route suitability scores, go/no-go decisions, medical diagnoses, or causality evidence. Missing axes remain INSUFFICIENT_EVIDENCE and are not zero-filled."
45_1,45,weather_performance_maintenance_proxy,天候下表現維持（有限代理）,route_load_behavior_candidate_window_ratio,LOWER_IS_MORE_FAVORABLE,0.37037,84.0,AVAILABLE,"Descriptive CH6.5.5 personal activity performance radar-ready context only. Axis values are group-relative descriptive indices for visualization and review. They are not ability scores, ability ranks, ability classes, THCI scores, final hiking risk scores, route suitability scores, go/no-go decisions, medical diagnoses, or causality evidence. Missing axes remain INSUFFICIENT_EVIDENCE and are not zero-filled."
46_1,46,sustained_progress,持續推進能力,speed_mps_median_median,HIGHER_IS_MORE_FAVORABLE,0.511706,20.0,AVAILABLE,"Descriptive CH6.5.5 personal activity performance radar-ready context only. Axis values are group-relative descriptive indices for visualization and review. They are not ability scores, ability ranks, ability classes, THCI scores, final hiking risk scores, route suitability scores, go/no-go decisions, medical diagnoses, or causality evidence. Missing axes remain INSUFFICIENT_EVIDENCE and are not zero-filled."
46_1,46,sustained_progress,持續推進能力,low_speed_ratio_avg,LOWER_IS_MORE_FAVORABLE,0.319905,12.0,AVAILABLE,"Descriptive CH6.5.5 personal activity performance radar-ready context only. Axis values are group-relative descriptive indices for visualization and review. They are not ability scores, ability ranks, ability classes, THCI scores, final hiking risk scores, route suitability scores, go/no-go decisions, medical diagnoses, or causality evidence. Missing axes remain INSUFFICIENT_EVIDENCE and are not zero-filled."
46_1,46,sustained_progress,持續推進能力,stopped_ratio_avg,LOWER_IS_MORE_FAVORABLE,0.028583,16.0,AVAILABLE,"Descriptive CH6.5.5 personal activity performance radar-ready context only. Axis values are group-relative descriptive indices for visualization and review. They are not ability scores, ability ranks, ability classes, THCI scores, final hiking risk scores, route suitability scores, go/no-go decisions, medical diagnoses, or causality evidence. Missing axes remain INSUFFICIENT_EVIDENCE and are not zero-filled."
46_1,46,uphill_load_tolerance_proxy,上坡負荷承受力（有限代理）,route_load_behavior_candidate_window_ratio,LOWER_IS_MORE_FAVORABLE,0.52381,24.0,AVAILABLE,"Descriptive CH6.5.5 personal activity performance radar-ready context only. Axis values are group-relative descriptive indices for visualization and review. They are not ability scores, ability ranks, ability classes, THCI scores, final hiking risk scores, route suitability scores, go/no-go decisions, medical diagnoses, or causality evidence. Missing axes remain INSUFFICIENT_EVIDENCE and are not zero-filled."
46_1,46,uphill_load_tolerance_proxy,上坡負荷承受力（有限代理）,uphill_high_route_load_ratio,LOWER_IS_MORE_FAVORABLE_CONTEXT_ONLY,0.154762,20.0,AVAILABLE,"Descriptive CH6.5.5 personal activity performance radar-ready context only. Axis values are group-relative descriptive indices for visualization and review. They are not ability scores, ability ranks, ability classes, THCI scores, final hiking risk scores, route suitability scores, go/no-go decisions, medical diagnoses, or causality evidence. Missing axes remain INSUFFICIENT_EVIDENCE and are not zero-filled."
46_1,46,pacing_movement_stability,配速／移動穩定性,low_speed_ratio_avg,LOWER_IS_MORE_FAVORABLE,0.319905,12.0,AVAILABLE,"Descriptive CH6.5.5 personal activity performance radar-ready context only. Axis values are group-relative descriptive indices for visualization and review. They are not ability scores, ability ranks, ability classes, THCI scores, final hiking risk scores, route suitability scores, go/no-go decisions, medical diagnoses, or causality evidence. Missing axes remain INSUFFICIENT_EVIDENCE and are not zero-filled."
46_1,46,pacing_movement_stability,配速／移動穩定性,stopped_ratio_avg,LOWER_IS_MORE_FAVORABLE,0.028583,16.0,AVAILABLE,"Descriptive CH6.5.5 personal activity performance radar-ready context only. Axis values are group-relative descriptive indices for visualization and review. They are not ability scores, ability ranks, ability classes, THCI scores, final hiking risk scores, route suitability scores, go/no-go decisions, medical diagnoses, or causality evidence. Missing axes remain INSUFFICIENT_EVIDENCE and are not zero-filled."
46_1,46,pacing_movement_stability,配速／移動穩定性,speed_mps_median_median,HIGHER_IS_MORE_FAVORABLE,0.511706,20.0,AVAILABLE,"Descriptive CH6.5.5 personal activity performance radar-ready context only. Axis values are group-relative descriptive indices for visualization and review. They are not ability scores, ability ranks, ability classes, THCI scores, final hiking risk scores, route suitability scores, go/no-go decisions, medical diagnoses, or causality evidence. Missing axes remain INSUFFICIENT_EVIDENCE and are not zero-filled."
46_1,46,hr_output_efficiency_proxy,HR 輸出效率（有限代理）,speed_mps_median_median,HIGHER_IS_MORE_FAVORABLE,0.511706,20.0,AVAILABLE,"Descriptive CH6.5.5 personal activity performance radar-ready context only. Axis values are group-relative descriptive indices for visualization and review. They are not ability scores, ability ranks, ability classes, THCI scores, final hiking risk scores, route suitability scores, go/no-go decisions, medical diagnoses, or causality evidence. Missing axes remain INSUFFICIENT_EVIDENCE and are not zero-filled."
46_1,46,hr_output_efficiency_proxy,HR 輸出效率（有限代理）,hr_median_pct_sex_age_est_hrmax,LOWER_IS_MORE_FAVORABLE,76.25557475276324,80.0,AVAILABLE,"Descriptive CH6.5.5 personal activity performance radar-ready context only. Axis values are group-relative descriptive indices for visualization and review. They are not ability scores, ability ranks, ability classes, THCI scores, final hiking risk scores, route suitability scores, go/no-go decisions, medical diagnoses, or causality evidence. Missing axes remain INSUFFICIENT_EVIDENCE and are not zero-filled."
46_1,46,hr_output_efficiency_proxy,HR 輸出效率（有限代理）,low_speed_ratio_avg,LOWER_IS_MORE_FAVORABLE,0.319905,12.0,AVAILABLE,"Descriptive CH6.5.5 personal activity performance radar-ready context only. Axis values are group-relative descriptive indices for visualization and review. They are not ability scores, ability ranks, ability classes, THCI scores, final hiking risk scores, route suitability scores, go/no-go decisions, medical diagnoses, or causality evidence. Missing axes remain INSUFFICIENT_EVIDENCE and are not zero-filled."
46_1,46,weather_performance_maintenance_proxy,天候下表現維持（有限代理）,behavior_weather_context_review_required_ratio,LOWER_IS_MORE_FAVORABLE,0.52381,24.0,AVAILABLE,"Descriptive CH6.5.5 personal activity performance radar-ready context only. Axis values are group-relative descriptive indices for visualization and review. They are not ability scores, ability ranks, ability classes, THCI scores, final hiking risk scores, route suitability scores, go/no-go decisions, medical diagnoses, or causality evidence. Missing axes remain INSUFFICIENT_EVIDENCE and are not zero-filled."
46_1,46,weather_performance_maintenance_proxy,天候下表現維持（有限代理）,route_load_behavior_candidate_window_ratio,LOWER_IS_MORE_FAVORABLE,0.52381,24.0,AVAILABLE,"Descriptive CH6.5.5 personal activity performance radar-ready context only. Axis values are group-relative descriptive indices for visualization and review. They are not ability scores, ability ranks, ability classes, THCI scores, final hiking risk scores, route suitability scores, go/no-go decisions, medical diagnoses, or causality evidence. Missing axes remain INSUFFICIENT_EVIDENCE and are not zero-filled."
48_1,48,sustained_progress,持續推進能力,speed_mps_median_median,HIGHER_IS_MORE_FAVORABLE,0.452268,8.0,AVAILABLE,"Descriptive CH6.5.5 personal activity performance radar-ready context only. Axis values are group-relative descriptive indices for visualization and review. They are not ability scores, ability ranks, ability classes, THCI scores, final hiking risk scores, route suitability scores, go/no-go decisions, medical diagnoses, or causality evidence. Missing axes remain INSUFFICIENT_EVIDENCE and are not zero-filled."
48_1,48,sustained_progress,持續推進能力,low_speed_ratio_avg,LOWER_IS_MORE_FAVORABLE,0.333654,4.0,AVAILABLE,"Descriptive CH6.5.5 personal activity performance radar-ready context only. Axis values are group-relative descriptive indices for visualization and review. They are not ability scores, ability ranks, ability classes, THCI scores, final hiking risk scores, route suitability scores, go/no-go decisions, medical diagnoses, or causality evidence. Missing axes remain INSUFFICIENT_EVIDENCE and are not zero-filled."
48_1,48,sustained_progress,持續推進能力,stopped_ratio_avg,LOWER_IS_MORE_FAVORABLE,0.046376,4.0,AVAILABLE,"Descriptive CH6.5.5 personal activity performance radar-ready context only. Axis values are group-relative descriptive indices for visualization and review. They are not ability scores, ability ranks, ability classes, THCI scores, final hiking risk scores, route suitability scores, go/no-go decisions, medical diagnoses, or causality evidence. Missing axes remain INSUFFICIENT_EVIDENCE and are not zero-filled."
48_1,48,uphill_load_tolerance_proxy,上坡負荷承受力（有限代理）,route_load_behavior_candidate_window_ratio,LOWER_IS_MORE_FAVORABLE,0.535714,12.0,AVAILABLE,"Descriptive CH6.5.5 personal activity performance radar-ready context only. Axis values are group-relative descriptive indices for visualization and review. They are not ability scores, ability ranks, ability classes, THCI scores, final hiking risk scores, route suitability scores, go/no-go decisions, medical diagnoses, or causality evidence. Missing axes remain INSUFFICIENT_EVIDENCE and are not zero-filled."
48_1,48,uphill_load_tolerance_proxy,上坡負荷承受力（有限代理）,uphill_high_route_load_ratio,LOWER_IS_MORE_FAVORABLE_CONTEXT_ONLY,0.142857,30.0,AVAILABLE,"Descriptive CH6.5.5 personal activity performance radar-ready context only. Axis values are group-relative descriptive indices for visualization and review. They are not ability scores, ability ranks, ability classes, THCI scores, final hiking risk scores, route suitability scores, go/no-go decisions, medical diagnoses, or causality evidence. Missing axes remain INSUFFICIENT_EVIDENCE and are not zero-filled."
48_1,48,pacing_movement_stability,配速／移動穩定性,low_speed_ratio_avg,LOWER_IS_MORE_FAVORABLE,0.333654,4.0,AVAILABLE,"Descriptive CH6.5.5 personal activity performance radar-ready context only. Axis values are group-relative descriptive indices for visualization and review. They are not ability scores, ability ranks, ability classes, THCI scores, final hiking risk scores, route suitability scores, go/no-go decisions, medical diagnoses, or causality evidence. Missing axes remain INSUFFICIENT_EVIDENCE and are not zero-filled."
48_1,48,pacing_movement_stability,配速／移動穩定性,stopped_ratio_avg,LOWER_IS_MORE_FAVORABLE,0.046376,4.0,AVAILABLE,"Descriptive CH6.5.5 personal activity performance radar-ready context only. Axis values are group-relative descriptive indices for visualization and review. They are not ability scores, ability ranks, ability classes, THCI scores, final hiking risk scores, route suitability scores, go/no-go decisions, medical diagnoses, or causality evidence. Missing axes remain INSUFFICIENT_EVIDENCE and are not zero-filled."
48_1,48,pacing_movement_stability,配速／移動穩定性,speed_mps_median_median,HIGHER_IS_MORE_FAVORABLE,0.452268,8.0,AVAILABLE,"Descriptive CH6.5.5 personal activity performance radar-ready context only. Axis values are group-relative descriptive indices for visualization and review. They are not ability scores, ability ranks, ability classes, THCI scores, final hiking risk scores, route suitability scores, go/no-go decisions, medical diagnoses, or causality evidence. Missing axes remain INSUFFICIENT_EVIDENCE and are not zero-filled."
48_1,48,hr_output_efficiency_proxy,HR 輸出效率（有限代理）,speed_mps_median_median,HIGHER_IS_MORE_FAVORABLE,0.452268,8.0,AVAILABLE,"Descriptive CH6.5.5 personal activity performance radar-ready context only. Axis values are group-relative descriptive indices for visualization and review. They are not ability scores, ability ranks, ability classes, THCI scores, final hiking risk scores, route suitability scores, go/no-go decisions, medical diagnoses, or causality evidence. Missing axes remain INSUFFICIENT_EVIDENCE and are not zero-filled."
48_1,48,hr_output_efficiency_proxy,HR 輸出效率（有限代理）,hr_median_pct_sex_age_est_hrmax,LOWER_IS_MORE_FAVORABLE,64.43623448275862,92.0,AVAILABLE,"Descriptive CH6.5.5 personal activity performance radar-ready context only. Axis values are group-relative descriptive indices for visualization and review. They are not ability scores, ability ranks, ability classes, THCI scores, final hiking risk scores, route suitability scores, go/no-go decisions, medical diagnoses, or causality evidence. Missing axes remain INSUFFICIENT_EVIDENCE and are not zero-filled."
48_1,48,hr_output_efficiency_proxy,HR 輸出效率（有限代理）,low_speed_ratio_avg,LOWER_IS_MORE_FAVORABLE,0.333654,4.0,AVAILABLE,"Descriptive CH6.5.5 personal activity performance radar-ready context only. Axis values are group-relative descriptive indices for visualization and review. They are not ability scores, ability ranks, ability classes, THCI scores, final hiking risk scores, route suitability scores, go/no-go decisions, medical diagnoses, or causality evidence. Missing axes remain INSUFFICIENT_EVIDENCE and are not zero-filled."
48_1,48,weather_performance_maintenance_proxy,天候下表現維持（有限代理）,behavior_weather_context_review_required_ratio,LOWER_IS_MORE_FAVORABLE,0.535714,12.0,AVAILABLE,"Descriptive CH6.5.5 personal activity performance radar-ready context only. Axis values are group-relative descriptive indices for visualization and review. They are not ability scores, ability ranks, ability classes, THCI scores, final hiking risk scores, route suitability scores, go/no-go decisions, medical diagnoses, or causality evidence. Missing axes remain INSUFFICIENT_EVIDENCE and are not zero-filled."
48_1,48,weather_performance_maintenance_proxy,天候下表現維持（有限代理）,route_load_behavior_candidate_window_ratio,LOWER_IS_MORE_FAVORABLE,0.535714,12.0,AVAILABLE,"Descriptive CH6.5.5 personal activity performance radar-ready context only. Axis values are group-relative descriptive indices for visualization and review. They are not ability scores, ability ranks, ability classes, THCI scores, final hiking risk scores, route suitability scores, go/no-go decisions, medical diagnoses, or causality evidence. Missing axes remain INSUFFICIENT_EVIDENCE and are not zero-filled."
8_1,8,sustained_progress,持續推進能力,speed_mps_median_median,HIGHER_IS_MORE_FAVORABLE,0.641725,48.0,AVAILABLE,"Descriptive CH6.5.5 personal activity performance radar-ready context only. Axis values are group-relative descriptive indices for visualization and review. They are not ability scores, ability ranks, ability classes, THCI scores, final hiking risk scores, route suitability scores, go/no-go decisions, medical diagnoses, or causality evidence. Missing axes remain INSUFFICIENT_EVIDENCE and are not zero-filled."
8_1,8,sustained_progress,持續推進能力,low_speed_ratio_avg,LOWER_IS_MORE_FAVORABLE,0.237735,24.0,AVAILABLE,"Descriptive CH6.5.5 personal activity performance radar-ready context only. Axis values are group-relative descriptive indices for visualization and review. They are not ability scores, ability ranks, ability classes, THCI scores, final hiking risk scores, route suitability scores, go/no-go decisions, medical diagnoses, or causality evidence. Missing axes remain INSUFFICIENT_EVIDENCE and are not zero-filled."
8_1,8,sustained_progress,持續推進能力,stopped_ratio_avg,LOWER_IS_MORE_FAVORABLE,0.012961,36.0,AVAILABLE,"Descriptive CH6.5.5 personal activity performance radar-ready context only. Axis values are group-relative descriptive indices for visualization and review. They are not ability scores, ability ranks, ability classes, THCI scores, final hiking risk scores, route suitability scores, go/no-go decisions, medical diagnoses, or causality evidence. Missing axes remain INSUFFICIENT_EVIDENCE and are not zero-filled."
8_1,8,uphill_load_tolerance_proxy,上坡負荷承受力（有限代理）,route_load_behavior_candidate_window_ratio,LOWER_IS_MORE_FAVORABLE,0.452381,68.0,AVAILABLE,"Descriptive CH6.5.5 personal activity performance radar-ready context only. Axis values are group-relative descriptive indices for visualization and review. They are not ability scores, ability ranks, ability classes, THCI scores, final hiking risk scores, route suitability scores, go/no-go decisions, medical diagnoses, or causality evidence. Missing axes remain INSUFFICIENT_EVIDENCE and are not zero-filled."
8_1,8,uphill_load_tolerance_proxy,上坡負荷承受力（有限代理）,uphill_high_route_load_ratio,LOWER_IS_MORE_FAVORABLE_CONTEXT_ONLY,0.107143,64.0,AVAILABLE,"Descriptive CH6.5.5 personal activity performance radar-ready context only. Axis values are group-relative descriptive indices for visualization and review. They are not ability scores, ability ranks, ability classes, THCI scores, final hiking risk scores, route suitability scores, go/no-go decisions, medical diagnoses, or causality evidence. Missing axes remain INSUFFICIENT_EVIDENCE and are not zero-filled."
8_1,8,pacing_movement_stability,配速／移動穩定性,low_speed_ratio_avg,LOWER_IS_MORE_FAVORABLE,0.237735,24.0,AVAILABLE,"Descriptive CH6.5.5 personal activity performance radar-ready context only. Axis values are group-relative descriptive indices for visualization and review. They are not ability scores, ability ranks, ability classes, THCI scores, final hiking risk scores, route suitability scores, go/no-go decisions, medical diagnoses, or causality evidence. Missing axes remain INSUFFICIENT_EVIDENCE and are not zero-filled."
8_1,8,pacing_movement_stability,配速／移動穩定性,stopped_ratio_avg,LOWER_IS_MORE_FAVORABLE,0.012961,36.0,AVAILABLE,"Descriptive CH6.5.5 personal activity performance radar-ready context only. Axis values are group-relative descriptive indices for visualization and review. They are not ability scores, ability ranks, ability classes, THCI scores, final hiking risk scores, route suitability scores, go/no-go decisions, medical diagnoses, or causality evidence. Missing axes remain INSUFFICIENT_EVIDENCE and are not zero-filled."
8_1,8,pacing_movement_stability,配速／移動穩定性,speed_mps_median_median,HIGHER_IS_MORE_FAVORABLE,0.641725,48.0,AVAILABLE,"Descriptive CH6.5.5 personal activity performance radar-ready context only. Axis values are group-relative descriptive indices for visualization and review. They are not ability scores, ability ranks, ability classes, THCI scores, final hiking risk scores, route suitability scores, go/no-go decisions, medical diagnoses, or causality evidence. Missing axes remain INSUFFICIENT_EVIDENCE and are not zero-filled."
8_1,8,hr_output_efficiency_proxy,HR 輸出效率（有限代理）,speed_mps_median_median,HIGHER_IS_MORE_FAVORABLE,0.641725,48.0,AVAILABLE,"Descriptive CH6.5.5 personal activity performance radar-ready context only. Axis values are group-relative descriptive indices for visualization and review. They are not ability scores, ability ranks, ability classes, THCI scores, final hiking risk scores, route suitability scores, go/no-go decisions, medical diagnoses, or causality evidence. Missing axes remain INSUFFICIENT_EVIDENCE and are not zero-filled."
8_1,8,hr_output_efficiency_proxy,HR 輸出效率（有限代理）,hr_median_pct_sex_age_est_hrmax,LOWER_IS_MORE_FAVORABLE,85.01181148825066,32.0,AVAILABLE,"Descriptive CH6.5.5 personal activity performance radar-ready context only. Axis values are group-relative descriptive indices for visualization and review. They are not ability scores, ability ranks, ability classes, THCI scores, final hiking risk scores, route suitability scores, go/no-go decisions, medical diagnoses, or causality evidence. Missing axes remain INSUFFICIENT_EVIDENCE and are not zero-filled."
8_1,8,hr_output_efficiency_proxy,HR 輸出效率（有限代理）,low_speed_ratio_avg,LOWER_IS_MORE_FAVORABLE,0.237735,24.0,AVAILABLE,"Descriptive CH6.5.5 personal activity performance radar-ready context only. Axis values are group-relative descriptive indices for visualization and review. They are not ability scores, ability ranks, ability classes, THCI scores, final hiking risk scores, route suitability scores, go/no-go decisions, medical diagnoses, or causality evidence. Missing axes remain INSUFFICIENT_EVIDENCE and are not zero-filled."
8_1,8,weather_performance_maintenance_proxy,天候下表現維持（有限代理）,behavior_weather_context_review_required_ratio,LOWER_IS_MORE_FAVORABLE,0.452381,68.0,AVAILABLE,"Descriptive CH6.5.5 personal activity performance radar-ready context only. Axis values are group-relative descriptive indices for visualization and review. They are not ability scores, ability ranks, ability classes, THCI scores, final hiking risk scores, route suitability scores, go/no-go decisions, medical diagnoses, or causality evidence. Missing axes remain INSUFFICIENT_EVIDENCE and are not zero-filled."
8_1,8,weather_performance_maintenance_proxy,天候下表現維持（有限代理）,route_load_behavior_candidate_window_ratio,LOWER_IS_MORE_FAVORABLE,0.452381,68.0,AVAILABLE,"Descriptive CH6.5.5 personal activity performance radar-ready context only. Axis values are group-relative descriptive indices for visualization and review. They are not ability scores, ability ranks, ability classes, THCI scores, final hiking risk scores, route suitability scores, go/no-go decisions, medical diagnoses, or causality evidence. Missing axes remain INSUFFICIENT_EVIDENCE and are not zero-filled."
9_1,9,sustained_progress,持續推進能力,speed_mps_median_median,HIGHER_IS_MORE_FAVORABLE,0.590467,28.0,AVAILABLE,"Descriptive CH6.5.5 personal activity performance radar-ready context only. Axis values are group-relative descriptive indices for visualization and review. They are not ability scores, ability ranks, ability classes, THCI scores, final hiking risk scores, route suitability scores, go/no-go decisions, medical diagnoses, or causality evidence. Missing axes remain INSUFFICIENT_EVIDENCE and are not zero-filled."
9_1,9,sustained_progress,持續推進能力,low_speed_ratio_avg,LOWER_IS_MORE_FAVORABLE,0.25849,20.0,AVAILABLE,"Descriptive CH6.5.5 personal activity performance radar-ready context only. Axis values are group-relative descriptive indices for visualization and review. They are not ability scores, ability ranks, ability classes, THCI scores, final hiking risk scores, route suitability scores, go/no-go decisions, medical diagnoses, or causality evidence. Missing axes remain INSUFFICIENT_EVIDENCE and are not zero-filled."
9_1,9,sustained_progress,持續推進能力,stopped_ratio_avg,LOWER_IS_MORE_FAVORABLE,0.006544,64.0,AVAILABLE,"Descriptive CH6.5.5 personal activity performance radar-ready context only. Axis values are group-relative descriptive indices for visualization and review. They are not ability scores, ability ranks, ability classes, THCI scores, final hiking risk scores, route suitability scores, go/no-go decisions, medical diagnoses, or causality evidence. Missing axes remain INSUFFICIENT_EVIDENCE and are not zero-filled."
9_1,9,uphill_load_tolerance_proxy,上坡負荷承受力（有限代理）,route_load_behavior_candidate_window_ratio,LOWER_IS_MORE_FAVORABLE,0.530864,16.0,AVAILABLE,"Descriptive CH6.5.5 personal activity performance radar-ready context only. Axis values are group-relative descriptive indices for visualization and review. They are not ability scores, ability ranks, ability classes, THCI scores, final hiking risk scores, route suitability scores, go/no-go decisions, medical diagnoses, or causality evidence. Missing axes remain INSUFFICIENT_EVIDENCE and are not zero-filled."
9_1,9,uphill_load_tolerance_proxy,上坡負荷承受力（有限代理）,uphill_high_route_load_ratio,LOWER_IS_MORE_FAVORABLE_CONTEXT_ONLY,0.111111,58.0,AVAILABLE,"Descriptive CH6.5.5 personal activity performance radar-ready context only. Axis values are group-relative descriptive indices for visualization and review. They are not ability scores, ability ranks, ability classes, THCI scores, final hiking risk scores, route suitability scores, go/no-go decisions, medical diagnoses, or causality evidence. Missing axes remain INSUFFICIENT_EVIDENCE and are not zero-filled."
9_1,9,pacing_movement_stability,配速／移動穩定性,low_speed_ratio_avg,LOWER_IS_MORE_FAVORABLE,0.25849,20.0,AVAILABLE,"Descriptive CH6.5.5 personal activity performance radar-ready context only. Axis values are group-relative descriptive indices for visualization and review. They are not ability scores, ability ranks, ability classes, THCI scores, final hiking risk scores, route suitability scores, go/no-go decisions, medical diagnoses, or causality evidence. Missing axes remain INSUFFICIENT_EVIDENCE and are not zero-filled."
9_1,9,pacing_movement_stability,配速／移動穩定性,stopped_ratio_avg,LOWER_IS_MORE_FAVORABLE,0.006544,64.0,AVAILABLE,"Descriptive CH6.5.5 personal activity performance radar-ready context only. Axis values are group-relative descriptive indices for visualization and review. They are not ability scores, ability ranks, ability classes, THCI scores, final hiking risk scores, route suitability scores, go/no-go decisions, medical diagnoses, or causality evidence. Missing axes remain INSUFFICIENT_EVIDENCE and are not zero-filled."
9_1,9,pacing_movement_stability,配速／移動穩定性,speed_mps_median_median,HIGHER_IS_MORE_FAVORABLE,0.590467,28.0,AVAILABLE,"Descriptive CH6.5.5 personal activity performance radar-ready context only. Axis values are group-relative descriptive indices for visualization and review. They are not ability scores, ability ranks, ability classes, THCI scores, final hiking risk scores, route suitability scores, go/no-go decisions, medical diagnoses, or causality evidence. Missing axes remain INSUFFICIENT_EVIDENCE and are not zero-filled."
9_1,9,hr_output_efficiency_proxy,HR 輸出效率（有限代理）,speed_mps_median_median,HIGHER_IS_MORE_FAVORABLE,0.590467,28.0,AVAILABLE,"Descriptive CH6.5.5 personal activity performance radar-ready context only. Axis values are group-relative descriptive indices for visualization and review. They are not ability scores, ability ranks, ability classes, THCI scores, final hiking risk scores, route suitability scores, go/no-go decisions, medical diagnoses, or causality evidence. Missing axes remain INSUFFICIENT_EVIDENCE and are not zero-filled."
9_1,9,hr_output_efficiency_proxy,HR 輸出效率（有限代理）,hr_median_pct_sex_age_est_hrmax,LOWER_IS_MORE_FAVORABLE,76.67616358974358,72.0,AVAILABLE,"Descriptive CH6.5.5 personal activity performance radar-ready context only. Axis values are group-relative descriptive indices for visualization and review. They are not ability scores, ability ranks, ability classes, THCI scores, final hiking risk scores, route suitability scores, go/no-go decisions, medical diagnoses, or causality evidence. Missing axes remain INSUFFICIENT_EVIDENCE and are not zero-filled."
9_1,9,hr_output_efficiency_proxy,HR 輸出效率（有限代理）,low_speed_ratio_avg,LOWER_IS_MORE_FAVORABLE,0.25849,20.0,AVAILABLE,"Descriptive CH6.5.5 personal activity performance radar-ready context only. Axis values are group-relative descriptive indices for visualization and review. They are not ability scores, ability ranks, ability classes, THCI scores, final hiking risk scores, route suitability scores, go/no-go decisions, medical diagnoses, or causality evidence. Missing axes remain INSUFFICIENT_EVIDENCE and are not zero-filled."
9_1,9,weather_performance_maintenance_proxy,天候下表現維持（有限代理）,behavior_weather_context_review_required_ratio,LOWER_IS_MORE_FAVORABLE,0.530864,16.0,AVAILABLE,"Descriptive CH6.5.5 personal activity performance radar-ready context only. Axis values are group-relative descriptive indices for visualization and review. They are not ability scores, ability ranks, ability classes, THCI scores, final hiking risk scores, route suitability scores, go/no-go decisions, medical diagnoses, or causality evidence. Missing axes remain INSUFFICIENT_EVIDENCE and are not zero-filled."
9_1,9,weather_performance_maintenance_proxy,天候下表現維持（有限代理）,route_load_behavior_candidate_window_ratio,LOWER_IS_MORE_FAVORABLE,0.530864,16.0,AVAILABLE,"Descriptive CH6.5.5 personal activity performance radar-ready context only. Axis values are group-relative descriptive indices for visualization and review. They are not ability scores, ability ranks, ability classes, THCI scores, final hiking risk scores, route suitability scores, go/no-go decisions, medical diagnoses, or causality evidence. Missing axes remain INSUFFICIENT_EVIDENCE and are not zero-filled."
