schema_version,output_case,case_id,activity_id,activity_start_time_utc,activity_end_time_utc,target_variable,value_numeric,value_text,source_type,context_type,confidence,method,lookback_days,lookahead_days,lookaround_days,sample_count,neighbor_station_distance_m,source_station_ids,source_station_names,source_dataset_codes,source_observation_start_time_utc,source_observation_end_time_utc,direct_observation,inferred_or_climatology,missing_value_preserved,zero_fallback_used,thci_scoring_authorized,radar_scoring_authorized,final_hiking_risk_scoring_authorized,authorization_reason,codis_merge_applied,codis_selected_station_id,codis_selected_station_name,codis_selected_station_role,codis_selected_station_priority,codis_aggregation,codis_window_pad_hours,codis_value_column
ib3w_weather_inference_fallback_prototype_v1,qixing_lengshuikeng_full26_backend_2024_v1,qixing_lengshuikeng_main_peak_20260523_osmrefresh_v1_3b,qixing_lengshuikeng_13_1,2024-08-11T00:58:17+00:00,2024-08-11T03:16:38+00:00,precipitation_mm,0,,OBSERVED_HISTORICAL_CODIS,OBSERVED,0.9,codis_multistation_activity_window_match_v1; priority=1; station_role=PRIMARY_MOUNTAIN_RIDGE; aggregation=sum; window=activity_time_utc +/- 3h; historical observed evidence only; no scoring authorization,0,0,0,9,,466910,鞍部,CODiS.HistoricalHourly,2024-08-10T22:00:00+00:00,2024-08-11T06:00:00+00:00,True,False,False,False,False,False,False,"CODiS historical observed evidence only; IB3W context layer; no THCI, radar, or final hiking risk scoring authorization.",True,466910,鞍部,PRIMARY_MOUNTAIN_RIDGE,1,sum,3,precipitation_mm
ib3w_weather_inference_fallback_prototype_v1,qixing_lengshuikeng_full26_backend_2024_v1,qixing_lengshuikeng_main_peak_20260523_osmrefresh_v1_3b,qixing_lengshuikeng_13_1,2024-08-11T00:58:17+00:00,2024-08-11T03:16:38+00:00,precipitation_10min_mm,,,UNAVAILABLE,MISSING,0.0,"no direct, +/- 7 day same-hour, neighboring-station, or climatology evidence available",7,7,7,0,,,,,,,False,False,True,False,False,False,False,Evidence prototype only; no scoring authorization.,False,,,,,,,
ib3w_weather_inference_fallback_prototype_v1,qixing_lengshuikeng_full26_backend_2024_v1,qixing_lengshuikeng_main_peak_20260523_osmrefresh_v1_3b,qixing_lengshuikeng_13_1,2024-08-11T00:58:17+00:00,2024-08-11T03:16:38+00:00,precipitation_1hr_mm,,,UNAVAILABLE,MISSING,0.0,"no direct, +/- 7 day same-hour, neighboring-station, or climatology evidence available",7,7,7,0,,,,,,,False,False,True,False,False,False,False,Evidence prototype only; no scoring authorization.,False,,,,,,,
ib3w_weather_inference_fallback_prototype_v1,qixing_lengshuikeng_full26_backend_2024_v1,qixing_lengshuikeng_main_peak_20260523_osmrefresh_v1_3b,qixing_lengshuikeng_13_1,2024-08-11T00:58:17+00:00,2024-08-11T03:16:38+00:00,temperature_c,25.066667,,OBSERVED_HISTORICAL_CODIS,OBSERVED,0.9,codis_multistation_activity_window_match_v1; priority=1; station_role=PRIMARY_MOUNTAIN_RIDGE; aggregation=mean; window=activity_time_utc +/- 3h; historical observed evidence only; no scoring authorization,0,0,0,9,,466910,鞍部,CODiS.HistoricalHourly,2024-08-10T22:00:00+00:00,2024-08-11T06:00:00+00:00,True,False,False,False,False,False,False,"CODiS historical observed evidence only; IB3W context layer; no THCI, radar, or final hiking risk scoring authorization.",True,466910,鞍部,PRIMARY_MOUNTAIN_RIDGE,1,mean,3,temperature_c
ib3w_weather_inference_fallback_prototype_v1,qixing_lengshuikeng_full26_backend_2024_v1,qixing_lengshuikeng_main_peak_20260523_osmrefresh_v1_3b,qixing_lengshuikeng_13_1,2024-08-11T00:58:17+00:00,2024-08-11T03:16:38+00:00,relative_humidity_pct,88,,OBSERVED_HISTORICAL_CODIS,OBSERVED,0.9,codis_multistation_activity_window_match_v1; priority=1; station_role=PRIMARY_MOUNTAIN_RIDGE; aggregation=mean; window=activity_time_utc +/- 3h; historical observed evidence only; no scoring authorization,0,0,0,9,,466910,鞍部,CODiS.HistoricalHourly,2024-08-10T22:00:00+00:00,2024-08-11T06:00:00+00:00,True,False,False,False,False,False,False,"CODiS historical observed evidence only; IB3W context layer; no THCI, radar, or final hiking risk scoring authorization.",True,466910,鞍部,PRIMARY_MOUNTAIN_RIDGE,1,mean,3,relative_humidity_pct
ib3w_weather_inference_fallback_prototype_v1,qixing_lengshuikeng_full26_backend_2024_v1,qixing_lengshuikeng_main_peak_20260523_osmrefresh_v1_3b,qixing_lengshuikeng_13_1,2024-08-11T00:58:17+00:00,2024-08-11T03:16:38+00:00,pressure_hpa,913.988889,,OBSERVED_HISTORICAL_CODIS,OBSERVED,0.9,codis_multistation_activity_window_match_v1; priority=1; station_role=PRIMARY_MOUNTAIN_RIDGE; aggregation=mean; window=activity_time_utc +/- 3h; historical observed evidence only; no scoring authorization,0,0,0,9,,466910,鞍部,CODiS.HistoricalHourly,2024-08-10T22:00:00+00:00,2024-08-11T06:00:00+00:00,True,False,False,False,False,False,False,"CODiS historical observed evidence only; IB3W context layer; no THCI, radar, or final hiking risk scoring authorization.",True,466910,鞍部,PRIMARY_MOUNTAIN_RIDGE,1,mean,3,station_pressure_hpa
ib3w_weather_inference_fallback_prototype_v1,qixing_lengshuikeng_full26_backend_2024_v1,qixing_lengshuikeng_main_peak_20260523_osmrefresh_v1_3b,qixing_lengshuikeng_13_1,2024-08-11T00:58:17+00:00,2024-08-11T03:16:38+00:00,wind_speed_ms,1.533333,,OBSERVED_HISTORICAL_CODIS,OBSERVED,0.9,codis_multistation_activity_window_match_v1; priority=1; station_role=PRIMARY_MOUNTAIN_RIDGE; aggregation=mean; window=activity_time_utc +/- 3h; historical observed evidence only; no scoring authorization,0,0,0,9,,466910,鞍部,CODiS.HistoricalHourly,2024-08-10T22:00:00+00:00,2024-08-11T06:00:00+00:00,True,False,False,False,False,False,False,"CODiS historical observed evidence only; IB3W context layer; no THCI, radar, or final hiking risk scoring authorization.",True,466910,鞍部,PRIMARY_MOUNTAIN_RIDGE,1,mean,3,wind_speed_mps
ib3w_weather_inference_fallback_prototype_v1,qixing_lengshuikeng_full26_backend_2024_v1,qixing_lengshuikeng_main_peak_20260523_osmrefresh_v1_3b,qixing_lengshuikeng_13_1,2024-08-11T00:58:17+00:00,2024-08-11T03:16:38+00:00,wind_direction_deg,63.014145,,OBSERVED_HISTORICAL_CODIS,OBSERVED,0.9,codis_multistation_activity_window_match_v1; priority=1; station_role=PRIMARY_MOUNTAIN_RIDGE; aggregation=circular_mean_deg; window=activity_time_utc +/- 3h; historical observed evidence only; no scoring authorization,0,0,0,8,,466910,鞍部,CODiS.HistoricalHourly,2024-08-10T22:00:00+00:00,2024-08-11T06:00:00+00:00,True,False,False,False,False,False,False,"CODiS historical observed evidence only; IB3W context layer; no THCI, radar, or final hiking risk scoring authorization.",True,466910,鞍部,PRIMARY_MOUNTAIN_RIDGE,1,circular_mean_deg,3,wind_direction_deg
ib3w_weather_inference_fallback_prototype_v1,qixing_lengshuikeng_full26_backend_2024_v1,qixing_lengshuikeng_main_peak_20260523_osmrefresh_v1_3b,qixing_lengshuikeng_13_1,2024-08-11T00:58:17+00:00,2024-08-11T03:16:38+00:00,wind_gust_ms,7.6,,OBSERVED_HISTORICAL_CODIS,OBSERVED,0.9,codis_multistation_activity_window_match_v1; priority=1; station_role=PRIMARY_MOUNTAIN_RIDGE; aggregation=max; window=activity_time_utc +/- 3h; historical observed evidence only; no scoring authorization,0,0,0,9,,466910,鞍部,CODiS.HistoricalHourly,2024-08-10T22:00:00+00:00,2024-08-11T06:00:00+00:00,True,False,False,False,False,False,False,"CODiS historical observed evidence only; IB3W context layer; no THCI, radar, or final hiking risk scoring authorization.",True,466910,鞍部,PRIMARY_MOUNTAIN_RIDGE,1,max,3,wind_gust_mps
ib3w_weather_inference_fallback_prototype_v1,qixing_lengshuikeng_full26_backend_2024_v1,qixing_lengshuikeng_main_peak_20260523_osmrefresh_v1_3b,qixing_lengshuikeng_13_1,2024-08-11T00:58:17+00:00,2024-08-11T03:16:38+00:00,sunshine_duration_min,246,,OBSERVED_HISTORICAL_CODIS,OBSERVED,0.9,codis_multistation_activity_window_match_v1; priority=1; station_role=PRIMARY_MOUNTAIN_RIDGE; aggregation=sum_x60; window=activity_time_utc +/- 3h; historical observed evidence only; no scoring authorization,0,0,0,9,,466910,鞍部,CODiS.HistoricalHourly,2024-08-10T22:00:00+00:00,2024-08-11T06:00:00+00:00,True,False,False,False,False,False,False,"CODiS historical observed evidence only; IB3W context layer; no THCI, radar, or final hiking risk scoring authorization.",True,466910,鞍部,PRIMARY_MOUNTAIN_RIDGE,1,sum_x60,3,sunshine_hour
ib3w_weather_inference_fallback_prototype_v1,qixing_lengshuikeng_full26_backend_2024_v1,qixing_lengshuikeng_main_peak_20260523_osmrefresh_v1_3b,qixing_lengshuikeng_13_1,2024-08-11T00:58:17+00:00,2024-08-11T03:16:38+00:00,visibility_m,,,UNAVAILABLE,MISSING,0.0,"no direct, +/- 7 day same-hour, neighboring-station, or climatology evidence available",7,7,7,0,,,,,,,False,False,True,False,False,False,False,Evidence prototype only; no scoring authorization.,False,,,,,,,
ib3w_weather_inference_fallback_prototype_v1,qixing_lengshuikeng_full26_backend_2024_v1,qixing_lengshuikeng_main_peak_20260523_osmrefresh_v1_3b,qixing_lengshuikeng_13_1,2024-08-11T00:58:17+00:00,2024-08-11T03:16:38+00:00,uv_index,9,,OBSERVED_HISTORICAL_CODIS,OBSERVED,0.9,codis_multistation_activity_window_match_v1; priority=1; station_role=PRIMARY_MOUNTAIN_RIDGE; aggregation=max; window=activity_time_utc +/- 3h; historical observed evidence only; no scoring authorization,0,0,0,9,,466910,鞍部,CODiS.HistoricalHourly,2024-08-10T22:00:00+00:00,2024-08-11T06:00:00+00:00,True,False,False,False,False,False,False,"CODiS historical observed evidence only; IB3W context layer; no THCI, radar, or final hiking risk scoring authorization.",True,466910,鞍部,PRIMARY_MOUNTAIN_RIDGE,1,max,3,uvi
ib3w_weather_inference_fallback_prototype_v1,qixing_lengshuikeng_full26_backend_2024_v1,qixing_lengshuikeng_main_peak_20260523_osmrefresh_v1_3b,qixing_lengshuikeng_13_1,2024-08-11T00:58:17+00:00,2024-08-11T03:16:38+00:00,weather,,,UNAVAILABLE,MISSING,0.0,"no direct, +/- 7 day same-hour, neighboring-station, or climatology evidence available",7,7,7,0,,,,,,,False,False,True,False,False,False,False,Evidence prototype only; no scoring authorization.,False,,,,,,,
ib3w_weather_inference_fallback_prototype_v1,qixing_lengshuikeng_full26_backend_2024_v1,qixing_lengshuikeng_main_peak_20260523_osmrefresh_v1_3b,qixing_lengshuikeng_14_1,2024-08-11T00:57:11+00:00,2024-08-11T02:56:51+00:00,precipitation_mm,0,,OBSERVED_HISTORICAL_CODIS,OBSERVED,0.9,codis_multistation_activity_window_match_v1; priority=1; station_role=PRIMARY_MOUNTAIN_RIDGE; aggregation=sum; window=activity_time_utc +/- 3h; historical observed evidence only; no scoring authorization,0,0,0,8,,466910,鞍部,CODiS.HistoricalHourly,2024-08-10T22:00:00+00:00,2024-08-11T05:00:00+00:00,True,False,False,False,False,False,False,"CODiS historical observed evidence only; IB3W context layer; no THCI, radar, or final hiking risk scoring authorization.",True,466910,鞍部,PRIMARY_MOUNTAIN_RIDGE,1,sum,3,precipitation_mm
ib3w_weather_inference_fallback_prototype_v1,qixing_lengshuikeng_full26_backend_2024_v1,qixing_lengshuikeng_main_peak_20260523_osmrefresh_v1_3b,qixing_lengshuikeng_14_1,2024-08-11T00:57:11+00:00,2024-08-11T02:56:51+00:00,precipitation_10min_mm,,,UNAVAILABLE,MISSING,0.0,"no direct, +/- 7 day same-hour, neighboring-station, or climatology evidence available",7,7,7,0,,,,,,,False,False,True,False,False,False,False,Evidence prototype only; no scoring authorization.,False,,,,,,,
ib3w_weather_inference_fallback_prototype_v1,qixing_lengshuikeng_full26_backend_2024_v1,qixing_lengshuikeng_main_peak_20260523_osmrefresh_v1_3b,qixing_lengshuikeng_14_1,2024-08-11T00:57:11+00:00,2024-08-11T02:56:51+00:00,precipitation_1hr_mm,,,UNAVAILABLE,MISSING,0.0,"no direct, +/- 7 day same-hour, neighboring-station, or climatology evidence available",7,7,7,0,,,,,,,False,False,True,False,False,False,False,Evidence prototype only; no scoring authorization.,False,,,,,,,
ib3w_weather_inference_fallback_prototype_v1,qixing_lengshuikeng_full26_backend_2024_v1,qixing_lengshuikeng_main_peak_20260523_osmrefresh_v1_3b,qixing_lengshuikeng_14_1,2024-08-11T00:57:11+00:00,2024-08-11T02:56:51+00:00,temperature_c,24.7625,,OBSERVED_HISTORICAL_CODIS,OBSERVED,0.9,codis_multistation_activity_window_match_v1; priority=1; station_role=PRIMARY_MOUNTAIN_RIDGE; aggregation=mean; window=activity_time_utc +/- 3h; historical observed evidence only; no scoring authorization,0,0,0,8,,466910,鞍部,CODiS.HistoricalHourly,2024-08-10T22:00:00+00:00,2024-08-11T05:00:00+00:00,True,False,False,False,False,False,False,"CODiS historical observed evidence only; IB3W context layer; no THCI, radar, or final hiking risk scoring authorization.",True,466910,鞍部,PRIMARY_MOUNTAIN_RIDGE,1,mean,3,temperature_c
ib3w_weather_inference_fallback_prototype_v1,qixing_lengshuikeng_full26_backend_2024_v1,qixing_lengshuikeng_main_peak_20260523_osmrefresh_v1_3b,qixing_lengshuikeng_14_1,2024-08-11T00:57:11+00:00,2024-08-11T02:56:51+00:00,relative_humidity_pct,88.75,,OBSERVED_HISTORICAL_CODIS,OBSERVED,0.9,codis_multistation_activity_window_match_v1; priority=1; station_role=PRIMARY_MOUNTAIN_RIDGE; aggregation=mean; window=activity_time_utc +/- 3h; historical observed evidence only; no scoring authorization,0,0,0,8,,466910,鞍部,CODiS.HistoricalHourly,2024-08-10T22:00:00+00:00,2024-08-11T05:00:00+00:00,True,False,False,False,False,False,False,"CODiS historical observed evidence only; IB3W context layer; no THCI, radar, or final hiking risk scoring authorization.",True,466910,鞍部,PRIMARY_MOUNTAIN_RIDGE,1,mean,3,relative_humidity_pct
ib3w_weather_inference_fallback_prototype_v1,qixing_lengshuikeng_full26_backend_2024_v1,qixing_lengshuikeng_main_peak_20260523_osmrefresh_v1_3b,qixing_lengshuikeng_14_1,2024-08-11T00:57:11+00:00,2024-08-11T02:56:51+00:00,pressure_hpa,914.0875,,OBSERVED_HISTORICAL_CODIS,OBSERVED,0.9,codis_multistation_activity_window_match_v1; priority=1; station_role=PRIMARY_MOUNTAIN_RIDGE; aggregation=mean; window=activity_time_utc +/- 3h; historical observed evidence only; no scoring authorization,0,0,0,8,,466910,鞍部,CODiS.HistoricalHourly,2024-08-10T22:00:00+00:00,2024-08-11T05:00:00+00:00,True,False,False,False,False,False,False,"CODiS historical observed evidence only; IB3W context layer; no THCI, radar, or final hiking risk scoring authorization.",True,466910,鞍部,PRIMARY_MOUNTAIN_RIDGE,1,mean,3,station_pressure_hpa
ib3w_weather_inference_fallback_prototype_v1,qixing_lengshuikeng_full26_backend_2024_v1,qixing_lengshuikeng_main_peak_20260523_osmrefresh_v1_3b,qixing_lengshuikeng_14_1,2024-08-11T00:57:11+00:00,2024-08-11T02:56:51+00:00,wind_speed_ms,1.4375,,OBSERVED_HISTORICAL_CODIS,OBSERVED,0.9,codis_multistation_activity_window_match_v1; priority=1; station_role=PRIMARY_MOUNTAIN_RIDGE; aggregation=mean; window=activity_time_utc +/- 3h; historical observed evidence only; no scoring authorization,0,0,0,8,,466910,鞍部,CODiS.HistoricalHourly,2024-08-10T22:00:00+00:00,2024-08-11T05:00:00+00:00,True,False,False,False,False,False,False,"CODiS historical observed evidence only; IB3W context layer; no THCI, radar, or final hiking risk scoring authorization.",True,466910,鞍部,PRIMARY_MOUNTAIN_RIDGE,1,mean,3,wind_speed_mps
ib3w_weather_inference_fallback_prototype_v1,qixing_lengshuikeng_full26_backend_2024_v1,qixing_lengshuikeng_main_peak_20260523_osmrefresh_v1_3b,qixing_lengshuikeng_14_1,2024-08-11T00:57:11+00:00,2024-08-11T02:56:51+00:00,wind_direction_deg,107.688388,,OBSERVED_HISTORICAL_CODIS,OBSERVED,0.9,codis_multistation_activity_window_match_v1; priority=1; station_role=PRIMARY_MOUNTAIN_RIDGE; aggregation=circular_mean_deg; window=activity_time_utc +/- 3h; historical observed evidence only; no scoring authorization,0,0,0,7,,466910,鞍部,CODiS.HistoricalHourly,2024-08-10T22:00:00+00:00,2024-08-11T05:00:00+00:00,True,False,False,False,False,False,False,"CODiS historical observed evidence only; IB3W context layer; no THCI, radar, or final hiking risk scoring authorization.",True,466910,鞍部,PRIMARY_MOUNTAIN_RIDGE,1,circular_mean_deg,3,wind_direction_deg
ib3w_weather_inference_fallback_prototype_v1,qixing_lengshuikeng_full26_backend_2024_v1,qixing_lengshuikeng_main_peak_20260523_osmrefresh_v1_3b,qixing_lengshuikeng_14_1,2024-08-11T00:57:11+00:00,2024-08-11T02:56:51+00:00,wind_gust_ms,7.6,,OBSERVED_HISTORICAL_CODIS,OBSERVED,0.9,codis_multistation_activity_window_match_v1; priority=1; station_role=PRIMARY_MOUNTAIN_RIDGE; aggregation=max; window=activity_time_utc +/- 3h; historical observed evidence only; no scoring authorization,0,0,0,8,,466910,鞍部,CODiS.HistoricalHourly,2024-08-10T22:00:00+00:00,2024-08-11T05:00:00+00:00,True,False,False,False,False,False,False,"CODiS historical observed evidence only; IB3W context layer; no THCI, radar, or final hiking risk scoring authorization.",True,466910,鞍部,PRIMARY_MOUNTAIN_RIDGE,1,max,3,wind_gust_mps
ib3w_weather_inference_fallback_prototype_v1,qixing_lengshuikeng_full26_backend_2024_v1,qixing_lengshuikeng_main_peak_20260523_osmrefresh_v1_3b,qixing_lengshuikeng_14_1,2024-08-11T00:57:11+00:00,2024-08-11T02:56:51+00:00,sunshine_duration_min,198,,OBSERVED_HISTORICAL_CODIS,OBSERVED,0.9,codis_multistation_activity_window_match_v1; priority=1; station_role=PRIMARY_MOUNTAIN_RIDGE; aggregation=sum_x60; window=activity_time_utc +/- 3h; historical observed evidence only; no scoring authorization,0,0,0,8,,466910,鞍部,CODiS.HistoricalHourly,2024-08-10T22:00:00+00:00,2024-08-11T05:00:00+00:00,True,False,False,False,False,False,False,"CODiS historical observed evidence only; IB3W context layer; no THCI, radar, or final hiking risk scoring authorization.",True,466910,鞍部,PRIMARY_MOUNTAIN_RIDGE,1,sum_x60,3,sunshine_hour
ib3w_weather_inference_fallback_prototype_v1,qixing_lengshuikeng_full26_backend_2024_v1,qixing_lengshuikeng_main_peak_20260523_osmrefresh_v1_3b,qixing_lengshuikeng_14_1,2024-08-11T00:57:11+00:00,2024-08-11T02:56:51+00:00,visibility_m,,,UNAVAILABLE,MISSING,0.0,"no direct, +/- 7 day same-hour, neighboring-station, or climatology evidence available",7,7,7,0,,,,,,,False,False,True,False,False,False,False,Evidence prototype only; no scoring authorization.,False,,,,,,,
ib3w_weather_inference_fallback_prototype_v1,qixing_lengshuikeng_full26_backend_2024_v1,qixing_lengshuikeng_main_peak_20260523_osmrefresh_v1_3b,qixing_lengshuikeng_14_1,2024-08-11T00:57:11+00:00,2024-08-11T02:56:51+00:00,uv_index,6,,OBSERVED_HISTORICAL_CODIS,OBSERVED,0.9,codis_multistation_activity_window_match_v1; priority=1; station_role=PRIMARY_MOUNTAIN_RIDGE; aggregation=max; window=activity_time_utc +/- 3h; historical observed evidence only; no scoring authorization,0,0,0,8,,466910,鞍部,CODiS.HistoricalHourly,2024-08-10T22:00:00+00:00,2024-08-11T05:00:00+00:00,True,False,False,False,False,False,False,"CODiS historical observed evidence only; IB3W context layer; no THCI, radar, or final hiking risk scoring authorization.",True,466910,鞍部,PRIMARY_MOUNTAIN_RIDGE,1,max,3,uvi
ib3w_weather_inference_fallback_prototype_v1,qixing_lengshuikeng_full26_backend_2024_v1,qixing_lengshuikeng_main_peak_20260523_osmrefresh_v1_3b,qixing_lengshuikeng_14_1,2024-08-11T00:57:11+00:00,2024-08-11T02:56:51+00:00,weather,,,UNAVAILABLE,MISSING,0.0,"no direct, +/- 7 day same-hour, neighboring-station, or climatology evidence available",7,7,7,0,,,,,,,False,False,True,False,False,False,False,Evidence prototype only; no scoring authorization.,False,,,,,,,
ib3w_weather_inference_fallback_prototype_v1,qixing_lengshuikeng_full26_backend_2024_v1,qixing_lengshuikeng_main_peak_20260523_osmrefresh_v1_3b,qixing_lengshuikeng_15_1,2024-08-04T00:59:32+00:00,2024-08-04T02:55:27+00:00,precipitation_mm,0,,OBSERVED_HISTORICAL_CODIS,OBSERVED,0.9,codis_multistation_activity_window_match_v1; priority=1; station_role=PRIMARY_MOUNTAIN_RIDGE; aggregation=sum; window=activity_time_utc +/- 3h; historical observed evidence only; no scoring authorization,0,0,0,7,,466910,鞍部,CODiS.HistoricalHourly,2024-08-03T23:00:00+00:00,2024-08-04T05:00:00+00:00,True,False,False,False,False,False,False,"CODiS historical observed evidence only; IB3W context layer; no THCI, radar, or final hiking risk scoring authorization.",True,466910,鞍部,PRIMARY_MOUNTAIN_RIDGE,1,sum,3,precipitation_mm
ib3w_weather_inference_fallback_prototype_v1,qixing_lengshuikeng_full26_backend_2024_v1,qixing_lengshuikeng_main_peak_20260523_osmrefresh_v1_3b,qixing_lengshuikeng_15_1,2024-08-04T00:59:32+00:00,2024-08-04T02:55:27+00:00,precipitation_10min_mm,,,UNAVAILABLE,MISSING,0.0,"no direct, +/- 7 day same-hour, neighboring-station, or climatology evidence available",7,7,7,0,,,,,,,False,False,True,False,False,False,False,Evidence prototype only; no scoring authorization.,False,,,,,,,
ib3w_weather_inference_fallback_prototype_v1,qixing_lengshuikeng_full26_backend_2024_v1,qixing_lengshuikeng_main_peak_20260523_osmrefresh_v1_3b,qixing_lengshuikeng_15_1,2024-08-04T00:59:32+00:00,2024-08-04T02:55:27+00:00,precipitation_1hr_mm,,,UNAVAILABLE,MISSING,0.0,"no direct, +/- 7 day same-hour, neighboring-station, or climatology evidence available",7,7,7,0,,,,,,,False,False,True,False,False,False,False,Evidence prototype only; no scoring authorization.,False,,,,,,,
ib3w_weather_inference_fallback_prototype_v1,qixing_lengshuikeng_full26_backend_2024_v1,qixing_lengshuikeng_main_peak_20260523_osmrefresh_v1_3b,qixing_lengshuikeng_15_1,2024-08-04T00:59:32+00:00,2024-08-04T02:55:27+00:00,temperature_c,25.275,,OBSERVED_HISTORICAL_CODIS,OBSERVED,0.9,codis_multistation_activity_window_match_v1; priority=1; station_role=PRIMARY_MOUNTAIN_RIDGE; aggregation=mean; window=activity_time_utc +/- 3h; historical observed evidence only; no scoring authorization,0,0,0,8,,466910,鞍部,CODiS.HistoricalHourly,2024-08-03T22:00:00+00:00,2024-08-04T05:00:00+00:00,True,False,False,False,False,False,False,"CODiS historical observed evidence only; IB3W context layer; no THCI, radar, or final hiking risk scoring authorization.",True,466910,鞍部,PRIMARY_MOUNTAIN_RIDGE,1,mean,3,temperature_c
ib3w_weather_inference_fallback_prototype_v1,qixing_lengshuikeng_full26_backend_2024_v1,qixing_lengshuikeng_main_peak_20260523_osmrefresh_v1_3b,qixing_lengshuikeng_15_1,2024-08-04T00:59:32+00:00,2024-08-04T02:55:27+00:00,relative_humidity_pct,90.375,,OBSERVED_HISTORICAL_CODIS,OBSERVED,0.9,codis_multistation_activity_window_match_v1; priority=1; station_role=PRIMARY_MOUNTAIN_RIDGE; aggregation=mean; window=activity_time_utc +/- 3h; historical observed evidence only; no scoring authorization,0,0,0,8,,466910,鞍部,CODiS.HistoricalHourly,2024-08-03T22:00:00+00:00,2024-08-04T05:00:00+00:00,True,False,False,False,False,False,False,"CODiS historical observed evidence only; IB3W context layer; no THCI, radar, or final hiking risk scoring authorization.",True,466910,鞍部,PRIMARY_MOUNTAIN_RIDGE,1,mean,3,relative_humidity_pct
ib3w_weather_inference_fallback_prototype_v1,qixing_lengshuikeng_full26_backend_2024_v1,qixing_lengshuikeng_main_peak_20260523_osmrefresh_v1_3b,qixing_lengshuikeng_15_1,2024-08-04T00:59:32+00:00,2024-08-04T02:55:27+00:00,pressure_hpa,918.6875,,OBSERVED_HISTORICAL_CODIS,OBSERVED,0.9,codis_multistation_activity_window_match_v1; priority=1; station_role=PRIMARY_MOUNTAIN_RIDGE; aggregation=mean; window=activity_time_utc +/- 3h; historical observed evidence only; no scoring authorization,0,0,0,8,,466910,鞍部,CODiS.HistoricalHourly,2024-08-03T22:00:00+00:00,2024-08-04T05:00:00+00:00,True,False,False,False,False,False,False,"CODiS historical observed evidence only; IB3W context layer; no THCI, radar, or final hiking risk scoring authorization.",True,466910,鞍部,PRIMARY_MOUNTAIN_RIDGE,1,mean,3,station_pressure_hpa
ib3w_weather_inference_fallback_prototype_v1,qixing_lengshuikeng_full26_backend_2024_v1,qixing_lengshuikeng_main_peak_20260523_osmrefresh_v1_3b,qixing_lengshuikeng_15_1,2024-08-04T00:59:32+00:00,2024-08-04T02:55:27+00:00,wind_speed_ms,1.675,,OBSERVED_HISTORICAL_CODIS,OBSERVED,0.9,codis_multistation_activity_window_match_v1; priority=1; station_role=PRIMARY_MOUNTAIN_RIDGE; aggregation=mean; window=activity_time_utc +/- 3h; historical observed evidence only; no scoring authorization,0,0,0,8,,466910,鞍部,CODiS.HistoricalHourly,2024-08-03T22:00:00+00:00,2024-08-04T05:00:00+00:00,True,False,False,False,False,False,False,"CODiS historical observed evidence only; IB3W context layer; no THCI, radar, or final hiking risk scoring authorization.",True,466910,鞍部,PRIMARY_MOUNTAIN_RIDGE,1,mean,3,wind_speed_mps
ib3w_weather_inference_fallback_prototype_v1,qixing_lengshuikeng_full26_backend_2024_v1,qixing_lengshuikeng_main_peak_20260523_osmrefresh_v1_3b,qixing_lengshuikeng_15_1,2024-08-04T00:59:32+00:00,2024-08-04T02:55:27+00:00,wind_direction_deg,326.766212,,OBSERVED_HISTORICAL_CODIS,OBSERVED,0.9,codis_multistation_activity_window_match_v1; priority=1; station_role=PRIMARY_MOUNTAIN_RIDGE; aggregation=circular_mean_deg; window=activity_time_utc +/- 3h; historical observed evidence only; no scoring authorization,0,0,0,7,,466910,鞍部,CODiS.HistoricalHourly,2024-08-03T22:00:00+00:00,2024-08-04T05:00:00+00:00,True,False,False,False,False,False,False,"CODiS historical observed evidence only; IB3W context layer; no THCI, radar, or final hiking risk scoring authorization.",True,466910,鞍部,PRIMARY_MOUNTAIN_RIDGE,1,circular_mean_deg,3,wind_direction_deg
ib3w_weather_inference_fallback_prototype_v1,qixing_lengshuikeng_full26_backend_2024_v1,qixing_lengshuikeng_main_peak_20260523_osmrefresh_v1_3b,qixing_lengshuikeng_15_1,2024-08-04T00:59:32+00:00,2024-08-04T02:55:27+00:00,wind_gust_ms,7.1,,OBSERVED_HISTORICAL_CODIS,OBSERVED,0.9,codis_multistation_activity_window_match_v1; priority=1; station_role=PRIMARY_MOUNTAIN_RIDGE; aggregation=max; window=activity_time_utc +/- 3h; historical observed evidence only; no scoring authorization,0,0,0,8,,466910,鞍部,CODiS.HistoricalHourly,2024-08-03T22:00:00+00:00,2024-08-04T05:00:00+00:00,True,False,False,False,False,False,False,"CODiS historical observed evidence only; IB3W context layer; no THCI, radar, or final hiking risk scoring authorization.",True,466910,鞍部,PRIMARY_MOUNTAIN_RIDGE,1,max,3,wind_gust_mps
ib3w_weather_inference_fallback_prototype_v1,qixing_lengshuikeng_full26_backend_2024_v1,qixing_lengshuikeng_main_peak_20260523_osmrefresh_v1_3b,qixing_lengshuikeng_15_1,2024-08-04T00:59:32+00:00,2024-08-04T02:55:27+00:00,sunshine_duration_min,198,,OBSERVED_HISTORICAL_CODIS,OBSERVED,0.9,codis_multistation_activity_window_match_v1; priority=1; station_role=PRIMARY_MOUNTAIN_RIDGE; aggregation=sum_x60; window=activity_time_utc +/- 3h; historical observed evidence only; no scoring authorization,0,0,0,8,,466910,鞍部,CODiS.HistoricalHourly,2024-08-03T22:00:00+00:00,2024-08-04T05:00:00+00:00,True,False,False,False,False,False,False,"CODiS historical observed evidence only; IB3W context layer; no THCI, radar, or final hiking risk scoring authorization.",True,466910,鞍部,PRIMARY_MOUNTAIN_RIDGE,1,sum_x60,3,sunshine_hour
ib3w_weather_inference_fallback_prototype_v1,qixing_lengshuikeng_full26_backend_2024_v1,qixing_lengshuikeng_main_peak_20260523_osmrefresh_v1_3b,qixing_lengshuikeng_15_1,2024-08-04T00:59:32+00:00,2024-08-04T02:55:27+00:00,visibility_m,,,UNAVAILABLE,MISSING,0.0,"no direct, +/- 7 day same-hour, neighboring-station, or climatology evidence available",7,7,7,0,,,,,,,False,False,True,False,False,False,False,Evidence prototype only; no scoring authorization.,False,,,,,,,
ib3w_weather_inference_fallback_prototype_v1,qixing_lengshuikeng_full26_backend_2024_v1,qixing_lengshuikeng_main_peak_20260523_osmrefresh_v1_3b,qixing_lengshuikeng_15_1,2024-08-04T00:59:32+00:00,2024-08-04T02:55:27+00:00,uv_index,6,,OBSERVED_HISTORICAL_CODIS,OBSERVED,0.9,codis_multistation_activity_window_match_v1; priority=1; station_role=PRIMARY_MOUNTAIN_RIDGE; aggregation=max; window=activity_time_utc +/- 3h; historical observed evidence only; no scoring authorization,0,0,0,8,,466910,鞍部,CODiS.HistoricalHourly,2024-08-03T22:00:00+00:00,2024-08-04T05:00:00+00:00,True,False,False,False,False,False,False,"CODiS historical observed evidence only; IB3W context layer; no THCI, radar, or final hiking risk scoring authorization.",True,466910,鞍部,PRIMARY_MOUNTAIN_RIDGE,1,max,3,uvi
ib3w_weather_inference_fallback_prototype_v1,qixing_lengshuikeng_full26_backend_2024_v1,qixing_lengshuikeng_main_peak_20260523_osmrefresh_v1_3b,qixing_lengshuikeng_15_1,2024-08-04T00:59:32+00:00,2024-08-04T02:55:27+00:00,weather,,,UNAVAILABLE,MISSING,0.0,"no direct, +/- 7 day same-hour, neighboring-station, or climatology evidence available",7,7,7,0,,,,,,,False,False,True,False,False,False,False,Evidence prototype only; no scoring authorization.,False,,,,,,,
ib3w_weather_inference_fallback_prototype_v1,qixing_lengshuikeng_full26_backend_2024_v1,qixing_lengshuikeng_main_peak_20260523_osmrefresh_v1_3b,qixing_lengshuikeng_16_1,2024-08-11T00:10:01+00:00,2024-08-11T02:59:46+00:00,precipitation_mm,0,,OBSERVED_HISTORICAL_CODIS,OBSERVED,0.9,codis_multistation_activity_window_match_v1; priority=1; station_role=PRIMARY_MOUNTAIN_RIDGE; aggregation=sum; window=activity_time_utc +/- 3h; historical observed evidence only; no scoring authorization,0,0,0,8,,466910,鞍部,CODiS.HistoricalHourly,2024-08-10T22:00:00+00:00,2024-08-11T05:00:00+00:00,True,False,False,False,False,False,False,"CODiS historical observed evidence only; IB3W context layer; no THCI, radar, or final hiking risk scoring authorization.",True,466910,鞍部,PRIMARY_MOUNTAIN_RIDGE,1,sum,3,precipitation_mm
ib3w_weather_inference_fallback_prototype_v1,qixing_lengshuikeng_full26_backend_2024_v1,qixing_lengshuikeng_main_peak_20260523_osmrefresh_v1_3b,qixing_lengshuikeng_16_1,2024-08-11T00:10:01+00:00,2024-08-11T02:59:46+00:00,precipitation_10min_mm,,,UNAVAILABLE,MISSING,0.0,"no direct, +/- 7 day same-hour, neighboring-station, or climatology evidence available",7,7,7,0,,,,,,,False,False,True,False,False,False,False,Evidence prototype only; no scoring authorization.,False,,,,,,,
ib3w_weather_inference_fallback_prototype_v1,qixing_lengshuikeng_full26_backend_2024_v1,qixing_lengshuikeng_main_peak_20260523_osmrefresh_v1_3b,qixing_lengshuikeng_16_1,2024-08-11T00:10:01+00:00,2024-08-11T02:59:46+00:00,precipitation_1hr_mm,,,UNAVAILABLE,MISSING,0.0,"no direct, +/- 7 day same-hour, neighboring-station, or climatology evidence available",7,7,7,0,,,,,,,False,False,True,False,False,False,False,Evidence prototype only; no scoring authorization.,False,,,,,,,
ib3w_weather_inference_fallback_prototype_v1,qixing_lengshuikeng_full26_backend_2024_v1,qixing_lengshuikeng_main_peak_20260523_osmrefresh_v1_3b,qixing_lengshuikeng_16_1,2024-08-11T00:10:01+00:00,2024-08-11T02:59:46+00:00,temperature_c,24.7625,,OBSERVED_HISTORICAL_CODIS,OBSERVED,0.9,codis_multistation_activity_window_match_v1; priority=1; station_role=PRIMARY_MOUNTAIN_RIDGE; aggregation=mean; window=activity_time_utc +/- 3h; historical observed evidence only; no scoring authorization,0,0,0,8,,466910,鞍部,CODiS.HistoricalHourly,2024-08-10T22:00:00+00:00,2024-08-11T05:00:00+00:00,True,False,False,False,False,False,False,"CODiS historical observed evidence only; IB3W context layer; no THCI, radar, or final hiking risk scoring authorization.",True,466910,鞍部,PRIMARY_MOUNTAIN_RIDGE,1,mean,3,temperature_c
ib3w_weather_inference_fallback_prototype_v1,qixing_lengshuikeng_full26_backend_2024_v1,qixing_lengshuikeng_main_peak_20260523_osmrefresh_v1_3b,qixing_lengshuikeng_16_1,2024-08-11T00:10:01+00:00,2024-08-11T02:59:46+00:00,relative_humidity_pct,88.75,,OBSERVED_HISTORICAL_CODIS,OBSERVED,0.9,codis_multistation_activity_window_match_v1; priority=1; station_role=PRIMARY_MOUNTAIN_RIDGE; aggregation=mean; window=activity_time_utc +/- 3h; historical observed evidence only; no scoring authorization,0,0,0,8,,466910,鞍部,CODiS.HistoricalHourly,2024-08-10T22:00:00+00:00,2024-08-11T05:00:00+00:00,True,False,False,False,False,False,False,"CODiS historical observed evidence only; IB3W context layer; no THCI, radar, or final hiking risk scoring authorization.",True,466910,鞍部,PRIMARY_MOUNTAIN_RIDGE,1,mean,3,relative_humidity_pct
ib3w_weather_inference_fallback_prototype_v1,qixing_lengshuikeng_full26_backend_2024_v1,qixing_lengshuikeng_main_peak_20260523_osmrefresh_v1_3b,qixing_lengshuikeng_16_1,2024-08-11T00:10:01+00:00,2024-08-11T02:59:46+00:00,pressure_hpa,914.0875,,OBSERVED_HISTORICAL_CODIS,OBSERVED,0.9,codis_multistation_activity_window_match_v1; priority=1; station_role=PRIMARY_MOUNTAIN_RIDGE; aggregation=mean; window=activity_time_utc +/- 3h; historical observed evidence only; no scoring authorization,0,0,0,8,,466910,鞍部,CODiS.HistoricalHourly,2024-08-10T22:00:00+00:00,2024-08-11T05:00:00+00:00,True,False,False,False,False,False,False,"CODiS historical observed evidence only; IB3W context layer; no THCI, radar, or final hiking risk scoring authorization.",True,466910,鞍部,PRIMARY_MOUNTAIN_RIDGE,1,mean,3,station_pressure_hpa
ib3w_weather_inference_fallback_prototype_v1,qixing_lengshuikeng_full26_backend_2024_v1,qixing_lengshuikeng_main_peak_20260523_osmrefresh_v1_3b,qixing_lengshuikeng_16_1,2024-08-11T00:10:01+00:00,2024-08-11T02:59:46+00:00,wind_speed_ms,1.4375,,OBSERVED_HISTORICAL_CODIS,OBSERVED,0.9,codis_multistation_activity_window_match_v1; priority=1; station_role=PRIMARY_MOUNTAIN_RIDGE; aggregation=mean; window=activity_time_utc +/- 3h; historical observed evidence only; no scoring authorization,0,0,0,8,,466910,鞍部,CODiS.HistoricalHourly,2024-08-10T22:00:00+00:00,2024-08-11T05:00:00+00:00,True,False,False,False,False,False,False,"CODiS historical observed evidence only; IB3W context layer; no THCI, radar, or final hiking risk scoring authorization.",True,466910,鞍部,PRIMARY_MOUNTAIN_RIDGE,1,mean,3,wind_speed_mps
ib3w_weather_inference_fallback_prototype_v1,qixing_lengshuikeng_full26_backend_2024_v1,qixing_lengshuikeng_main_peak_20260523_osmrefresh_v1_3b,qixing_lengshuikeng_16_1,2024-08-11T00:10:01+00:00,2024-08-11T02:59:46+00:00,wind_direction_deg,107.688388,,OBSERVED_HISTORICAL_CODIS,OBSERVED,0.9,codis_multistation_activity_window_match_v1; priority=1; station_role=PRIMARY_MOUNTAIN_RIDGE; aggregation=circular_mean_deg; window=activity_time_utc +/- 3h; historical observed evidence only; no scoring authorization,0,0,0,7,,466910,鞍部,CODiS.HistoricalHourly,2024-08-10T22:00:00+00:00,2024-08-11T05:00:00+00:00,True,False,False,False,False,False,False,"CODiS historical observed evidence only; IB3W context layer; no THCI, radar, or final hiking risk scoring authorization.",True,466910,鞍部,PRIMARY_MOUNTAIN_RIDGE,1,circular_mean_deg,3,wind_direction_deg
ib3w_weather_inference_fallback_prototype_v1,qixing_lengshuikeng_full26_backend_2024_v1,qixing_lengshuikeng_main_peak_20260523_osmrefresh_v1_3b,qixing_lengshuikeng_16_1,2024-08-11T00:10:01+00:00,2024-08-11T02:59:46+00:00,wind_gust_ms,7.6,,OBSERVED_HISTORICAL_CODIS,OBSERVED,0.9,codis_multistation_activity_window_match_v1; priority=1; station_role=PRIMARY_MOUNTAIN_RIDGE; aggregation=max; window=activity_time_utc +/- 3h; historical observed evidence only; no scoring authorization,0,0,0,8,,466910,鞍部,CODiS.HistoricalHourly,2024-08-10T22:00:00+00:00,2024-08-11T05:00:00+00:00,True,False,False,False,False,False,False,"CODiS historical observed evidence only; IB3W context layer; no THCI, radar, or final hiking risk scoring authorization.",True,466910,鞍部,PRIMARY_MOUNTAIN_RIDGE,1,max,3,wind_gust_mps
ib3w_weather_inference_fallback_prototype_v1,qixing_lengshuikeng_full26_backend_2024_v1,qixing_lengshuikeng_main_peak_20260523_osmrefresh_v1_3b,qixing_lengshuikeng_16_1,2024-08-11T00:10:01+00:00,2024-08-11T02:59:46+00:00,sunshine_duration_min,198,,OBSERVED_HISTORICAL_CODIS,OBSERVED,0.9,codis_multistation_activity_window_match_v1; priority=1; station_role=PRIMARY_MOUNTAIN_RIDGE; aggregation=sum_x60; window=activity_time_utc +/- 3h; historical observed evidence only; no scoring authorization,0,0,0,8,,466910,鞍部,CODiS.HistoricalHourly,2024-08-10T22:00:00+00:00,2024-08-11T05:00:00+00:00,True,False,False,False,False,False,False,"CODiS historical observed evidence only; IB3W context layer; no THCI, radar, or final hiking risk scoring authorization.",True,466910,鞍部,PRIMARY_MOUNTAIN_RIDGE,1,sum_x60,3,sunshine_hour
ib3w_weather_inference_fallback_prototype_v1,qixing_lengshuikeng_full26_backend_2024_v1,qixing_lengshuikeng_main_peak_20260523_osmrefresh_v1_3b,qixing_lengshuikeng_16_1,2024-08-11T00:10:01+00:00,2024-08-11T02:59:46+00:00,visibility_m,,,UNAVAILABLE,MISSING,0.0,"no direct, +/- 7 day same-hour, neighboring-station, or climatology evidence available",7,7,7,0,,,,,,,False,False,True,False,False,False,False,Evidence prototype only; no scoring authorization.,False,,,,,,,
ib3w_weather_inference_fallback_prototype_v1,qixing_lengshuikeng_full26_backend_2024_v1,qixing_lengshuikeng_main_peak_20260523_osmrefresh_v1_3b,qixing_lengshuikeng_16_1,2024-08-11T00:10:01+00:00,2024-08-11T02:59:46+00:00,uv_index,6,,OBSERVED_HISTORICAL_CODIS,OBSERVED,0.9,codis_multistation_activity_window_match_v1; priority=1; station_role=PRIMARY_MOUNTAIN_RIDGE; aggregation=max; window=activity_time_utc +/- 3h; historical observed evidence only; no scoring authorization,0,0,0,8,,466910,鞍部,CODiS.HistoricalHourly,2024-08-10T22:00:00+00:00,2024-08-11T05:00:00+00:00,True,False,False,False,False,False,False,"CODiS historical observed evidence only; IB3W context layer; no THCI, radar, or final hiking risk scoring authorization.",True,466910,鞍部,PRIMARY_MOUNTAIN_RIDGE,1,max,3,uvi
ib3w_weather_inference_fallback_prototype_v1,qixing_lengshuikeng_full26_backend_2024_v1,qixing_lengshuikeng_main_peak_20260523_osmrefresh_v1_3b,qixing_lengshuikeng_16_1,2024-08-11T00:10:01+00:00,2024-08-11T02:59:46+00:00,weather,,,UNAVAILABLE,MISSING,0.0,"no direct, +/- 7 day same-hour, neighboring-station, or climatology evidence available",7,7,7,0,,,,,,,False,False,True,False,False,False,False,Evidence prototype only; no scoring authorization.,False,,,,,,,
ib3w_weather_inference_fallback_prototype_v1,qixing_lengshuikeng_full26_backend_2024_v1,qixing_lengshuikeng_main_peak_20260523_osmrefresh_v1_3b,qixing_lengshuikeng_20_1,2024-08-11T00:29:14+00:00,2024-08-11T02:59:11+00:00,precipitation_mm,0,,OBSERVED_HISTORICAL_CODIS,OBSERVED,0.9,codis_multistation_activity_window_match_v1; priority=1; station_role=PRIMARY_MOUNTAIN_RIDGE; aggregation=sum; window=activity_time_utc +/- 3h; historical observed evidence only; no scoring authorization,0,0,0,8,,466910,鞍部,CODiS.HistoricalHourly,2024-08-10T22:00:00+00:00,2024-08-11T05:00:00+00:00,True,False,False,False,False,False,False,"CODiS historical observed evidence only; IB3W context layer; no THCI, radar, or final hiking risk scoring authorization.",True,466910,鞍部,PRIMARY_MOUNTAIN_RIDGE,1,sum,3,precipitation_mm
ib3w_weather_inference_fallback_prototype_v1,qixing_lengshuikeng_full26_backend_2024_v1,qixing_lengshuikeng_main_peak_20260523_osmrefresh_v1_3b,qixing_lengshuikeng_20_1,2024-08-11T00:29:14+00:00,2024-08-11T02:59:11+00:00,precipitation_10min_mm,,,UNAVAILABLE,MISSING,0.0,"no direct, +/- 7 day same-hour, neighboring-station, or climatology evidence available",7,7,7,0,,,,,,,False,False,True,False,False,False,False,Evidence prototype only; no scoring authorization.,False,,,,,,,
ib3w_weather_inference_fallback_prototype_v1,qixing_lengshuikeng_full26_backend_2024_v1,qixing_lengshuikeng_main_peak_20260523_osmrefresh_v1_3b,qixing_lengshuikeng_20_1,2024-08-11T00:29:14+00:00,2024-08-11T02:59:11+00:00,precipitation_1hr_mm,,,UNAVAILABLE,MISSING,0.0,"no direct, +/- 7 day same-hour, neighboring-station, or climatology evidence available",7,7,7,0,,,,,,,False,False,True,False,False,False,False,Evidence prototype only; no scoring authorization.,False,,,,,,,
ib3w_weather_inference_fallback_prototype_v1,qixing_lengshuikeng_full26_backend_2024_v1,qixing_lengshuikeng_main_peak_20260523_osmrefresh_v1_3b,qixing_lengshuikeng_20_1,2024-08-11T00:29:14+00:00,2024-08-11T02:59:11+00:00,temperature_c,24.7625,,OBSERVED_HISTORICAL_CODIS,OBSERVED,0.9,codis_multistation_activity_window_match_v1; priority=1; station_role=PRIMARY_MOUNTAIN_RIDGE; aggregation=mean; window=activity_time_utc +/- 3h; historical observed evidence only; no scoring authorization,0,0,0,8,,466910,鞍部,CODiS.HistoricalHourly,2024-08-10T22:00:00+00:00,2024-08-11T05:00:00+00:00,True,False,False,False,False,False,False,"CODiS historical observed evidence only; IB3W context layer; no THCI, radar, or final hiking risk scoring authorization.",True,466910,鞍部,PRIMARY_MOUNTAIN_RIDGE,1,mean,3,temperature_c
ib3w_weather_inference_fallback_prototype_v1,qixing_lengshuikeng_full26_backend_2024_v1,qixing_lengshuikeng_main_peak_20260523_osmrefresh_v1_3b,qixing_lengshuikeng_20_1,2024-08-11T00:29:14+00:00,2024-08-11T02:59:11+00:00,relative_humidity_pct,88.75,,OBSERVED_HISTORICAL_CODIS,OBSERVED,0.9,codis_multistation_activity_window_match_v1; priority=1; station_role=PRIMARY_MOUNTAIN_RIDGE; aggregation=mean; window=activity_time_utc +/- 3h; historical observed evidence only; no scoring authorization,0,0,0,8,,466910,鞍部,CODiS.HistoricalHourly,2024-08-10T22:00:00+00:00,2024-08-11T05:00:00+00:00,True,False,False,False,False,False,False,"CODiS historical observed evidence only; IB3W context layer; no THCI, radar, or final hiking risk scoring authorization.",True,466910,鞍部,PRIMARY_MOUNTAIN_RIDGE,1,mean,3,relative_humidity_pct
ib3w_weather_inference_fallback_prototype_v1,qixing_lengshuikeng_full26_backend_2024_v1,qixing_lengshuikeng_main_peak_20260523_osmrefresh_v1_3b,qixing_lengshuikeng_20_1,2024-08-11T00:29:14+00:00,2024-08-11T02:59:11+00:00,pressure_hpa,914.0875,,OBSERVED_HISTORICAL_CODIS,OBSERVED,0.9,codis_multistation_activity_window_match_v1; priority=1; station_role=PRIMARY_MOUNTAIN_RIDGE; aggregation=mean; window=activity_time_utc +/- 3h; historical observed evidence only; no scoring authorization,0,0,0,8,,466910,鞍部,CODiS.HistoricalHourly,2024-08-10T22:00:00+00:00,2024-08-11T05:00:00+00:00,True,False,False,False,False,False,False,"CODiS historical observed evidence only; IB3W context layer; no THCI, radar, or final hiking risk scoring authorization.",True,466910,鞍部,PRIMARY_MOUNTAIN_RIDGE,1,mean,3,station_pressure_hpa
ib3w_weather_inference_fallback_prototype_v1,qixing_lengshuikeng_full26_backend_2024_v1,qixing_lengshuikeng_main_peak_20260523_osmrefresh_v1_3b,qixing_lengshuikeng_20_1,2024-08-11T00:29:14+00:00,2024-08-11T02:59:11+00:00,wind_speed_ms,1.4375,,OBSERVED_HISTORICAL_CODIS,OBSERVED,0.9,codis_multistation_activity_window_match_v1; priority=1; station_role=PRIMARY_MOUNTAIN_RIDGE; aggregation=mean; window=activity_time_utc +/- 3h; historical observed evidence only; no scoring authorization,0,0,0,8,,466910,鞍部,CODiS.HistoricalHourly,2024-08-10T22:00:00+00:00,2024-08-11T05:00:00+00:00,True,False,False,False,False,False,False,"CODiS historical observed evidence only; IB3W context layer; no THCI, radar, or final hiking risk scoring authorization.",True,466910,鞍部,PRIMARY_MOUNTAIN_RIDGE,1,mean,3,wind_speed_mps
ib3w_weather_inference_fallback_prototype_v1,qixing_lengshuikeng_full26_backend_2024_v1,qixing_lengshuikeng_main_peak_20260523_osmrefresh_v1_3b,qixing_lengshuikeng_20_1,2024-08-11T00:29:14+00:00,2024-08-11T02:59:11+00:00,wind_direction_deg,107.688388,,OBSERVED_HISTORICAL_CODIS,OBSERVED,0.9,codis_multistation_activity_window_match_v1; priority=1; station_role=PRIMARY_MOUNTAIN_RIDGE; aggregation=circular_mean_deg; window=activity_time_utc +/- 3h; historical observed evidence only; no scoring authorization,0,0,0,7,,466910,鞍部,CODiS.HistoricalHourly,2024-08-10T22:00:00+00:00,2024-08-11T05:00:00+00:00,True,False,False,False,False,False,False,"CODiS historical observed evidence only; IB3W context layer; no THCI, radar, or final hiking risk scoring authorization.",True,466910,鞍部,PRIMARY_MOUNTAIN_RIDGE,1,circular_mean_deg,3,wind_direction_deg
ib3w_weather_inference_fallback_prototype_v1,qixing_lengshuikeng_full26_backend_2024_v1,qixing_lengshuikeng_main_peak_20260523_osmrefresh_v1_3b,qixing_lengshuikeng_20_1,2024-08-11T00:29:14+00:00,2024-08-11T02:59:11+00:00,wind_gust_ms,7.6,,OBSERVED_HISTORICAL_CODIS,OBSERVED,0.9,codis_multistation_activity_window_match_v1; priority=1; station_role=PRIMARY_MOUNTAIN_RIDGE; aggregation=max; window=activity_time_utc +/- 3h; historical observed evidence only; no scoring authorization,0,0,0,8,,466910,鞍部,CODiS.HistoricalHourly,2024-08-10T22:00:00+00:00,2024-08-11T05:00:00+00:00,True,False,False,False,False,False,False,"CODiS historical observed evidence only; IB3W context layer; no THCI, radar, or final hiking risk scoring authorization.",True,466910,鞍部,PRIMARY_MOUNTAIN_RIDGE,1,max,3,wind_gust_mps
ib3w_weather_inference_fallback_prototype_v1,qixing_lengshuikeng_full26_backend_2024_v1,qixing_lengshuikeng_main_peak_20260523_osmrefresh_v1_3b,qixing_lengshuikeng_20_1,2024-08-11T00:29:14+00:00,2024-08-11T02:59:11+00:00,sunshine_duration_min,198,,OBSERVED_HISTORICAL_CODIS,OBSERVED,0.9,codis_multistation_activity_window_match_v1; priority=1; station_role=PRIMARY_MOUNTAIN_RIDGE; aggregation=sum_x60; window=activity_time_utc +/- 3h; historical observed evidence only; no scoring authorization,0,0,0,8,,466910,鞍部,CODiS.HistoricalHourly,2024-08-10T22:00:00+00:00,2024-08-11T05:00:00+00:00,True,False,False,False,False,False,False,"CODiS historical observed evidence only; IB3W context layer; no THCI, radar, or final hiking risk scoring authorization.",True,466910,鞍部,PRIMARY_MOUNTAIN_RIDGE,1,sum_x60,3,sunshine_hour
ib3w_weather_inference_fallback_prototype_v1,qixing_lengshuikeng_full26_backend_2024_v1,qixing_lengshuikeng_main_peak_20260523_osmrefresh_v1_3b,qixing_lengshuikeng_20_1,2024-08-11T00:29:14+00:00,2024-08-11T02:59:11+00:00,visibility_m,,,UNAVAILABLE,MISSING,0.0,"no direct, +/- 7 day same-hour, neighboring-station, or climatology evidence available",7,7,7,0,,,,,,,False,False,True,False,False,False,False,Evidence prototype only; no scoring authorization.,False,,,,,,,
ib3w_weather_inference_fallback_prototype_v1,qixing_lengshuikeng_full26_backend_2024_v1,qixing_lengshuikeng_main_peak_20260523_osmrefresh_v1_3b,qixing_lengshuikeng_20_1,2024-08-11T00:29:14+00:00,2024-08-11T02:59:11+00:00,uv_index,6,,OBSERVED_HISTORICAL_CODIS,OBSERVED,0.9,codis_multistation_activity_window_match_v1; priority=1; station_role=PRIMARY_MOUNTAIN_RIDGE; aggregation=max; window=activity_time_utc +/- 3h; historical observed evidence only; no scoring authorization,0,0,0,8,,466910,鞍部,CODiS.HistoricalHourly,2024-08-10T22:00:00+00:00,2024-08-11T05:00:00+00:00,True,False,False,False,False,False,False,"CODiS historical observed evidence only; IB3W context layer; no THCI, radar, or final hiking risk scoring authorization.",True,466910,鞍部,PRIMARY_MOUNTAIN_RIDGE,1,max,3,uvi
ib3w_weather_inference_fallback_prototype_v1,qixing_lengshuikeng_full26_backend_2024_v1,qixing_lengshuikeng_main_peak_20260523_osmrefresh_v1_3b,qixing_lengshuikeng_20_1,2024-08-11T00:29:14+00:00,2024-08-11T02:59:11+00:00,weather,,,UNAVAILABLE,MISSING,0.0,"no direct, +/- 7 day same-hour, neighboring-station, or climatology evidence available",7,7,7,0,,,,,,,False,False,True,False,False,False,False,Evidence prototype only; no scoring authorization.,False,,,,,,,
ib3w_weather_inference_fallback_prototype_v1,qixing_lengshuikeng_full26_backend_2024_v1,qixing_lengshuikeng_main_peak_20260523_osmrefresh_v1_3b,qixing_lengshuikeng_23_1,2024-08-11T00:27:56+00:00,2024-08-11T03:36:20+00:00,precipitation_mm,0,,OBSERVED_HISTORICAL_CODIS,OBSERVED,0.9,codis_multistation_activity_window_match_v1; priority=1; station_role=PRIMARY_MOUNTAIN_RIDGE; aggregation=sum; window=activity_time_utc +/- 3h; historical observed evidence only; no scoring authorization,0,0,0,9,,466910,鞍部,CODiS.HistoricalHourly,2024-08-10T22:00:00+00:00,2024-08-11T06:00:00+00:00,True,False,False,False,False,False,False,"CODiS historical observed evidence only; IB3W context layer; no THCI, radar, or final hiking risk scoring authorization.",True,466910,鞍部,PRIMARY_MOUNTAIN_RIDGE,1,sum,3,precipitation_mm
ib3w_weather_inference_fallback_prototype_v1,qixing_lengshuikeng_full26_backend_2024_v1,qixing_lengshuikeng_main_peak_20260523_osmrefresh_v1_3b,qixing_lengshuikeng_23_1,2024-08-11T00:27:56+00:00,2024-08-11T03:36:20+00:00,precipitation_10min_mm,,,UNAVAILABLE,MISSING,0.0,"no direct, +/- 7 day same-hour, neighboring-station, or climatology evidence available",7,7,7,0,,,,,,,False,False,True,False,False,False,False,Evidence prototype only; no scoring authorization.,False,,,,,,,
ib3w_weather_inference_fallback_prototype_v1,qixing_lengshuikeng_full26_backend_2024_v1,qixing_lengshuikeng_main_peak_20260523_osmrefresh_v1_3b,qixing_lengshuikeng_23_1,2024-08-11T00:27:56+00:00,2024-08-11T03:36:20+00:00,precipitation_1hr_mm,,,UNAVAILABLE,MISSING,0.0,"no direct, +/- 7 day same-hour, neighboring-station, or climatology evidence available",7,7,7,0,,,,,,,False,False,True,False,False,False,False,Evidence prototype only; no scoring authorization.,False,,,,,,,
ib3w_weather_inference_fallback_prototype_v1,qixing_lengshuikeng_full26_backend_2024_v1,qixing_lengshuikeng_main_peak_20260523_osmrefresh_v1_3b,qixing_lengshuikeng_23_1,2024-08-11T00:27:56+00:00,2024-08-11T03:36:20+00:00,temperature_c,25.066667,,OBSERVED_HISTORICAL_CODIS,OBSERVED,0.9,codis_multistation_activity_window_match_v1; priority=1; station_role=PRIMARY_MOUNTAIN_RIDGE; aggregation=mean; window=activity_time_utc +/- 3h; historical observed evidence only; no scoring authorization,0,0,0,9,,466910,鞍部,CODiS.HistoricalHourly,2024-08-10T22:00:00+00:00,2024-08-11T06:00:00+00:00,True,False,False,False,False,False,False,"CODiS historical observed evidence only; IB3W context layer; no THCI, radar, or final hiking risk scoring authorization.",True,466910,鞍部,PRIMARY_MOUNTAIN_RIDGE,1,mean,3,temperature_c
ib3w_weather_inference_fallback_prototype_v1,qixing_lengshuikeng_full26_backend_2024_v1,qixing_lengshuikeng_main_peak_20260523_osmrefresh_v1_3b,qixing_lengshuikeng_23_1,2024-08-11T00:27:56+00:00,2024-08-11T03:36:20+00:00,relative_humidity_pct,88,,OBSERVED_HISTORICAL_CODIS,OBSERVED,0.9,codis_multistation_activity_window_match_v1; priority=1; station_role=PRIMARY_MOUNTAIN_RIDGE; aggregation=mean; window=activity_time_utc +/- 3h; historical observed evidence only; no scoring authorization,0,0,0,9,,466910,鞍部,CODiS.HistoricalHourly,2024-08-10T22:00:00+00:00,2024-08-11T06:00:00+00:00,True,False,False,False,False,False,False,"CODiS historical observed evidence only; IB3W context layer; no THCI, radar, or final hiking risk scoring authorization.",True,466910,鞍部,PRIMARY_MOUNTAIN_RIDGE,1,mean,3,relative_humidity_pct
ib3w_weather_inference_fallback_prototype_v1,qixing_lengshuikeng_full26_backend_2024_v1,qixing_lengshuikeng_main_peak_20260523_osmrefresh_v1_3b,qixing_lengshuikeng_23_1,2024-08-11T00:27:56+00:00,2024-08-11T03:36:20+00:00,pressure_hpa,913.988889,,OBSERVED_HISTORICAL_CODIS,OBSERVED,0.9,codis_multistation_activity_window_match_v1; priority=1; station_role=PRIMARY_MOUNTAIN_RIDGE; aggregation=mean; window=activity_time_utc +/- 3h; historical observed evidence only; no scoring authorization,0,0,0,9,,466910,鞍部,CODiS.HistoricalHourly,2024-08-10T22:00:00+00:00,2024-08-11T06:00:00+00:00,True,False,False,False,False,False,False,"CODiS historical observed evidence only; IB3W context layer; no THCI, radar, or final hiking risk scoring authorization.",True,466910,鞍部,PRIMARY_MOUNTAIN_RIDGE,1,mean,3,station_pressure_hpa
ib3w_weather_inference_fallback_prototype_v1,qixing_lengshuikeng_full26_backend_2024_v1,qixing_lengshuikeng_main_peak_20260523_osmrefresh_v1_3b,qixing_lengshuikeng_23_1,2024-08-11T00:27:56+00:00,2024-08-11T03:36:20+00:00,wind_speed_ms,1.533333,,OBSERVED_HISTORICAL_CODIS,OBSERVED,0.9,codis_multistation_activity_window_match_v1; priority=1; station_role=PRIMARY_MOUNTAIN_RIDGE; aggregation=mean; window=activity_time_utc +/- 3h; historical observed evidence only; no scoring authorization,0,0,0,9,,466910,鞍部,CODiS.HistoricalHourly,2024-08-10T22:00:00+00:00,2024-08-11T06:00:00+00:00,True,False,False,False,False,False,False,"CODiS historical observed evidence only; IB3W context layer; no THCI, radar, or final hiking risk scoring authorization.",True,466910,鞍部,PRIMARY_MOUNTAIN_RIDGE,1,mean,3,wind_speed_mps
ib3w_weather_inference_fallback_prototype_v1,qixing_lengshuikeng_full26_backend_2024_v1,qixing_lengshuikeng_main_peak_20260523_osmrefresh_v1_3b,qixing_lengshuikeng_23_1,2024-08-11T00:27:56+00:00,2024-08-11T03:36:20+00:00,wind_direction_deg,63.014145,,OBSERVED_HISTORICAL_CODIS,OBSERVED,0.9,codis_multistation_activity_window_match_v1; priority=1; station_role=PRIMARY_MOUNTAIN_RIDGE; aggregation=circular_mean_deg; window=activity_time_utc +/- 3h; historical observed evidence only; no scoring authorization,0,0,0,8,,466910,鞍部,CODiS.HistoricalHourly,2024-08-10T22:00:00+00:00,2024-08-11T06:00:00+00:00,True,False,False,False,False,False,False,"CODiS historical observed evidence only; IB3W context layer; no THCI, radar, or final hiking risk scoring authorization.",True,466910,鞍部,PRIMARY_MOUNTAIN_RIDGE,1,circular_mean_deg,3,wind_direction_deg
ib3w_weather_inference_fallback_prototype_v1,qixing_lengshuikeng_full26_backend_2024_v1,qixing_lengshuikeng_main_peak_20260523_osmrefresh_v1_3b,qixing_lengshuikeng_23_1,2024-08-11T00:27:56+00:00,2024-08-11T03:36:20+00:00,wind_gust_ms,7.6,,OBSERVED_HISTORICAL_CODIS,OBSERVED,0.9,codis_multistation_activity_window_match_v1; priority=1; station_role=PRIMARY_MOUNTAIN_RIDGE; aggregation=max; window=activity_time_utc +/- 3h; historical observed evidence only; no scoring authorization,0,0,0,9,,466910,鞍部,CODiS.HistoricalHourly,2024-08-10T22:00:00+00:00,2024-08-11T06:00:00+00:00,True,False,False,False,False,False,False,"CODiS historical observed evidence only; IB3W context layer; no THCI, radar, or final hiking risk scoring authorization.",True,466910,鞍部,PRIMARY_MOUNTAIN_RIDGE,1,max,3,wind_gust_mps
ib3w_weather_inference_fallback_prototype_v1,qixing_lengshuikeng_full26_backend_2024_v1,qixing_lengshuikeng_main_peak_20260523_osmrefresh_v1_3b,qixing_lengshuikeng_23_1,2024-08-11T00:27:56+00:00,2024-08-11T03:36:20+00:00,sunshine_duration_min,246,,OBSERVED_HISTORICAL_CODIS,OBSERVED,0.9,codis_multistation_activity_window_match_v1; priority=1; station_role=PRIMARY_MOUNTAIN_RIDGE; aggregation=sum_x60; window=activity_time_utc +/- 3h; historical observed evidence only; no scoring authorization,0,0,0,9,,466910,鞍部,CODiS.HistoricalHourly,2024-08-10T22:00:00+00:00,2024-08-11T06:00:00+00:00,True,False,False,False,False,False,False,"CODiS historical observed evidence only; IB3W context layer; no THCI, radar, or final hiking risk scoring authorization.",True,466910,鞍部,PRIMARY_MOUNTAIN_RIDGE,1,sum_x60,3,sunshine_hour
ib3w_weather_inference_fallback_prototype_v1,qixing_lengshuikeng_full26_backend_2024_v1,qixing_lengshuikeng_main_peak_20260523_osmrefresh_v1_3b,qixing_lengshuikeng_23_1,2024-08-11T00:27:56+00:00,2024-08-11T03:36:20+00:00,visibility_m,,,UNAVAILABLE,MISSING,0.0,"no direct, +/- 7 day same-hour, neighboring-station, or climatology evidence available",7,7,7,0,,,,,,,False,False,True,False,False,False,False,Evidence prototype only; no scoring authorization.,False,,,,,,,
ib3w_weather_inference_fallback_prototype_v1,qixing_lengshuikeng_full26_backend_2024_v1,qixing_lengshuikeng_main_peak_20260523_osmrefresh_v1_3b,qixing_lengshuikeng_23_1,2024-08-11T00:27:56+00:00,2024-08-11T03:36:20+00:00,uv_index,9,,OBSERVED_HISTORICAL_CODIS,OBSERVED,0.9,codis_multistation_activity_window_match_v1; priority=1; station_role=PRIMARY_MOUNTAIN_RIDGE; aggregation=max; window=activity_time_utc +/- 3h; historical observed evidence only; no scoring authorization,0,0,0,9,,466910,鞍部,CODiS.HistoricalHourly,2024-08-10T22:00:00+00:00,2024-08-11T06:00:00+00:00,True,False,False,False,False,False,False,"CODiS historical observed evidence only; IB3W context layer; no THCI, radar, or final hiking risk scoring authorization.",True,466910,鞍部,PRIMARY_MOUNTAIN_RIDGE,1,max,3,uvi
ib3w_weather_inference_fallback_prototype_v1,qixing_lengshuikeng_full26_backend_2024_v1,qixing_lengshuikeng_main_peak_20260523_osmrefresh_v1_3b,qixing_lengshuikeng_23_1,2024-08-11T00:27:56+00:00,2024-08-11T03:36:20+00:00,weather,,,UNAVAILABLE,MISSING,0.0,"no direct, +/- 7 day same-hour, neighboring-station, or climatology evidence available",7,7,7,0,,,,,,,False,False,True,False,False,False,False,Evidence prototype only; no scoring authorization.,False,,,,,,,
ib3w_weather_inference_fallback_prototype_v1,qixing_lengshuikeng_full26_backend_2024_v1,qixing_lengshuikeng_main_peak_20260523_osmrefresh_v1_3b,qixing_lengshuikeng_28_1,2024-08-04T01:10:41+00:00,2024-08-04T03:34:22+00:00,precipitation_mm,0,,OBSERVED_HISTORICAL_CODIS,OBSERVED,0.9,codis_multistation_activity_window_match_v1; priority=1; station_role=PRIMARY_MOUNTAIN_RIDGE; aggregation=sum; window=activity_time_utc +/- 3h; historical observed evidence only; no scoring authorization,0,0,0,8,,466910,鞍部,CODiS.HistoricalHourly,2024-08-03T23:00:00+00:00,2024-08-04T06:00:00+00:00,True,False,False,False,False,False,False,"CODiS historical observed evidence only; IB3W context layer; no THCI, radar, or final hiking risk scoring authorization.",True,466910,鞍部,PRIMARY_MOUNTAIN_RIDGE,1,sum,3,precipitation_mm
ib3w_weather_inference_fallback_prototype_v1,qixing_lengshuikeng_full26_backend_2024_v1,qixing_lengshuikeng_main_peak_20260523_osmrefresh_v1_3b,qixing_lengshuikeng_28_1,2024-08-04T01:10:41+00:00,2024-08-04T03:34:22+00:00,precipitation_10min_mm,,,UNAVAILABLE,MISSING,0.0,"no direct, +/- 7 day same-hour, neighboring-station, or climatology evidence available",7,7,7,0,,,,,,,False,False,True,False,False,False,False,Evidence prototype only; no scoring authorization.,False,,,,,,,
ib3w_weather_inference_fallback_prototype_v1,qixing_lengshuikeng_full26_backend_2024_v1,qixing_lengshuikeng_main_peak_20260523_osmrefresh_v1_3b,qixing_lengshuikeng_28_1,2024-08-04T01:10:41+00:00,2024-08-04T03:34:22+00:00,precipitation_1hr_mm,,,UNAVAILABLE,MISSING,0.0,"no direct, +/- 7 day same-hour, neighboring-station, or climatology evidence available",7,7,7,0,,,,,,,False,False,True,False,False,False,False,Evidence prototype only; no scoring authorization.,False,,,,,,,
ib3w_weather_inference_fallback_prototype_v1,qixing_lengshuikeng_full26_backend_2024_v1,qixing_lengshuikeng_main_peak_20260523_osmrefresh_v1_3b,qixing_lengshuikeng_28_1,2024-08-04T01:10:41+00:00,2024-08-04T03:34:22+00:00,temperature_c,25.95,,OBSERVED_HISTORICAL_CODIS,OBSERVED,0.9,codis_multistation_activity_window_match_v1; priority=1; station_role=PRIMARY_MOUNTAIN_RIDGE; aggregation=mean; window=activity_time_utc +/- 3h; historical observed evidence only; no scoring authorization,0,0,0,8,,466910,鞍部,CODiS.HistoricalHourly,2024-08-03T23:00:00+00:00,2024-08-04T06:00:00+00:00,True,False,False,False,False,False,False,"CODiS historical observed evidence only; IB3W context layer; no THCI, radar, or final hiking risk scoring authorization.",True,466910,鞍部,PRIMARY_MOUNTAIN_RIDGE,1,mean,3,temperature_c
ib3w_weather_inference_fallback_prototype_v1,qixing_lengshuikeng_full26_backend_2024_v1,qixing_lengshuikeng_main_peak_20260523_osmrefresh_v1_3b,qixing_lengshuikeng_28_1,2024-08-04T01:10:41+00:00,2024-08-04T03:34:22+00:00,relative_humidity_pct,88.25,,OBSERVED_HISTORICAL_CODIS,OBSERVED,0.9,codis_multistation_activity_window_match_v1; priority=1; station_role=PRIMARY_MOUNTAIN_RIDGE; aggregation=mean; window=activity_time_utc +/- 3h; historical observed evidence only; no scoring authorization,0,0,0,8,,466910,鞍部,CODiS.HistoricalHourly,2024-08-03T23:00:00+00:00,2024-08-04T06:00:00+00:00,True,False,False,False,False,False,False,"CODiS historical observed evidence only; IB3W context layer; no THCI, radar, or final hiking risk scoring authorization.",True,466910,鞍部,PRIMARY_MOUNTAIN_RIDGE,1,mean,3,relative_humidity_pct
ib3w_weather_inference_fallback_prototype_v1,qixing_lengshuikeng_full26_backend_2024_v1,qixing_lengshuikeng_main_peak_20260523_osmrefresh_v1_3b,qixing_lengshuikeng_28_1,2024-08-04T01:10:41+00:00,2024-08-04T03:34:22+00:00,pressure_hpa,918.5375,,OBSERVED_HISTORICAL_CODIS,OBSERVED,0.9,codis_multistation_activity_window_match_v1; priority=1; station_role=PRIMARY_MOUNTAIN_RIDGE; aggregation=mean; window=activity_time_utc +/- 3h; historical observed evidence only; no scoring authorization,0,0,0,8,,466910,鞍部,CODiS.HistoricalHourly,2024-08-03T23:00:00+00:00,2024-08-04T06:00:00+00:00,True,False,False,False,False,False,False,"CODiS historical observed evidence only; IB3W context layer; no THCI, radar, or final hiking risk scoring authorization.",True,466910,鞍部,PRIMARY_MOUNTAIN_RIDGE,1,mean,3,station_pressure_hpa
ib3w_weather_inference_fallback_prototype_v1,qixing_lengshuikeng_full26_backend_2024_v1,qixing_lengshuikeng_main_peak_20260523_osmrefresh_v1_3b,qixing_lengshuikeng_28_1,2024-08-04T01:10:41+00:00,2024-08-04T03:34:22+00:00,wind_speed_ms,1.85,,OBSERVED_HISTORICAL_CODIS,OBSERVED,0.9,codis_multistation_activity_window_match_v1; priority=1; station_role=PRIMARY_MOUNTAIN_RIDGE; aggregation=mean; window=activity_time_utc +/- 3h; historical observed evidence only; no scoring authorization,0,0,0,8,,466910,鞍部,CODiS.HistoricalHourly,2024-08-03T23:00:00+00:00,2024-08-04T06:00:00+00:00,True,False,False,False,False,False,False,"CODiS historical observed evidence only; IB3W context layer; no THCI, radar, or final hiking risk scoring authorization.",True,466910,鞍部,PRIMARY_MOUNTAIN_RIDGE,1,mean,3,wind_speed_mps
ib3w_weather_inference_fallback_prototype_v1,qixing_lengshuikeng_full26_backend_2024_v1,qixing_lengshuikeng_main_peak_20260523_osmrefresh_v1_3b,qixing_lengshuikeng_28_1,2024-08-04T01:10:41+00:00,2024-08-04T03:34:22+00:00,wind_direction_deg,345.540496,,OBSERVED_HISTORICAL_CODIS,OBSERVED,0.9,codis_multistation_activity_window_match_v1; priority=1; station_role=PRIMARY_MOUNTAIN_RIDGE; aggregation=circular_mean_deg; window=activity_time_utc +/- 3h; historical observed evidence only; no scoring authorization,0,0,0,7,,466910,鞍部,CODiS.HistoricalHourly,2024-08-03T23:00:00+00:00,2024-08-04T06:00:00+00:00,True,False,False,False,False,False,False,"CODiS historical observed evidence only; IB3W context layer; no THCI, radar, or final hiking risk scoring authorization.",True,466910,鞍部,PRIMARY_MOUNTAIN_RIDGE,1,circular_mean_deg,3,wind_direction_deg
ib3w_weather_inference_fallback_prototype_v1,qixing_lengshuikeng_full26_backend_2024_v1,qixing_lengshuikeng_main_peak_20260523_osmrefresh_v1_3b,qixing_lengshuikeng_28_1,2024-08-04T01:10:41+00:00,2024-08-04T03:34:22+00:00,wind_gust_ms,7.1,,OBSERVED_HISTORICAL_CODIS,OBSERVED,0.9,codis_multistation_activity_window_match_v1; priority=1; station_role=PRIMARY_MOUNTAIN_RIDGE; aggregation=max; window=activity_time_utc +/- 3h; historical observed evidence only; no scoring authorization,0,0,0,8,,466910,鞍部,CODiS.HistoricalHourly,2024-08-03T23:00:00+00:00,2024-08-04T06:00:00+00:00,True,False,False,False,False,False,False,"CODiS historical observed evidence only; IB3W context layer; no THCI, radar, or final hiking risk scoring authorization.",True,466910,鞍部,PRIMARY_MOUNTAIN_RIDGE,1,max,3,wind_gust_mps
ib3w_weather_inference_fallback_prototype_v1,qixing_lengshuikeng_full26_backend_2024_v1,qixing_lengshuikeng_main_peak_20260523_osmrefresh_v1_3b,qixing_lengshuikeng_28_1,2024-08-04T01:10:41+00:00,2024-08-04T03:34:22+00:00,sunshine_duration_min,222,,OBSERVED_HISTORICAL_CODIS,OBSERVED,0.9,codis_multistation_activity_window_match_v1; priority=1; station_role=PRIMARY_MOUNTAIN_RIDGE; aggregation=sum_x60; window=activity_time_utc +/- 3h; historical observed evidence only; no scoring authorization,0,0,0,8,,466910,鞍部,CODiS.HistoricalHourly,2024-08-03T23:00:00+00:00,2024-08-04T06:00:00+00:00,True,False,False,False,False,False,False,"CODiS historical observed evidence only; IB3W context layer; no THCI, radar, or final hiking risk scoring authorization.",True,466910,鞍部,PRIMARY_MOUNTAIN_RIDGE,1,sum_x60,3,sunshine_hour
ib3w_weather_inference_fallback_prototype_v1,qixing_lengshuikeng_full26_backend_2024_v1,qixing_lengshuikeng_main_peak_20260523_osmrefresh_v1_3b,qixing_lengshuikeng_28_1,2024-08-04T01:10:41+00:00,2024-08-04T03:34:22+00:00,visibility_m,,,UNAVAILABLE,MISSING,0.0,"no direct, +/- 7 day same-hour, neighboring-station, or climatology evidence available",7,7,7,0,,,,,,,False,False,True,False,False,False,False,Evidence prototype only; no scoring authorization.,False,,,,,,,
ib3w_weather_inference_fallback_prototype_v1,qixing_lengshuikeng_full26_backend_2024_v1,qixing_lengshuikeng_main_peak_20260523_osmrefresh_v1_3b,qixing_lengshuikeng_28_1,2024-08-04T01:10:41+00:00,2024-08-04T03:34:22+00:00,uv_index,7,,OBSERVED_HISTORICAL_CODIS,OBSERVED,0.9,codis_multistation_activity_window_match_v1; priority=1; station_role=PRIMARY_MOUNTAIN_RIDGE; aggregation=max; window=activity_time_utc +/- 3h; historical observed evidence only; no scoring authorization,0,0,0,8,,466910,鞍部,CODiS.HistoricalHourly,2024-08-03T23:00:00+00:00,2024-08-04T06:00:00+00:00,True,False,False,False,False,False,False,"CODiS historical observed evidence only; IB3W context layer; no THCI, radar, or final hiking risk scoring authorization.",True,466910,鞍部,PRIMARY_MOUNTAIN_RIDGE,1,max,3,uvi
ib3w_weather_inference_fallback_prototype_v1,qixing_lengshuikeng_full26_backend_2024_v1,qixing_lengshuikeng_main_peak_20260523_osmrefresh_v1_3b,qixing_lengshuikeng_28_1,2024-08-04T01:10:41+00:00,2024-08-04T03:34:22+00:00,weather,,,UNAVAILABLE,MISSING,0.0,"no direct, +/- 7 day same-hour, neighboring-station, or climatology evidence available",7,7,7,0,,,,,,,False,False,True,False,False,False,False,Evidence prototype only; no scoring authorization.,False,,,,,,,
ib3w_weather_inference_fallback_prototype_v1,qixing_lengshuikeng_full26_backend_2024_v1,qixing_lengshuikeng_main_peak_20260523_osmrefresh_v1_3b,qixing_lengshuikeng_29_1,2024-08-24T01:22:26+00:00,2024-08-24T03:29:14+00:00,precipitation_mm,1,,OBSERVED_HISTORICAL_CODIS,OBSERVED,0.9,codis_multistation_activity_window_match_v1; priority=1; station_role=PRIMARY_MOUNTAIN_RIDGE; aggregation=sum; window=activity_time_utc +/- 3h; historical observed evidence only; no scoring authorization,0,0,0,8,,466910,鞍部,CODiS.HistoricalHourly,2024-08-23T23:00:00+00:00,2024-08-24T06:00:00+00:00,True,False,False,False,False,False,False,"CODiS historical observed evidence only; IB3W context layer; no THCI, radar, or final hiking risk scoring authorization.",True,466910,鞍部,PRIMARY_MOUNTAIN_RIDGE,1,sum,3,precipitation_mm
ib3w_weather_inference_fallback_prototype_v1,qixing_lengshuikeng_full26_backend_2024_v1,qixing_lengshuikeng_main_peak_20260523_osmrefresh_v1_3b,qixing_lengshuikeng_29_1,2024-08-24T01:22:26+00:00,2024-08-24T03:29:14+00:00,precipitation_10min_mm,,,UNAVAILABLE,MISSING,0.0,"no direct, +/- 7 day same-hour, neighboring-station, or climatology evidence available",7,7,7,0,,,,,,,False,False,True,False,False,False,False,Evidence prototype only; no scoring authorization.,False,,,,,,,
ib3w_weather_inference_fallback_prototype_v1,qixing_lengshuikeng_full26_backend_2024_v1,qixing_lengshuikeng_main_peak_20260523_osmrefresh_v1_3b,qixing_lengshuikeng_29_1,2024-08-24T01:22:26+00:00,2024-08-24T03:29:14+00:00,precipitation_1hr_mm,,,UNAVAILABLE,MISSING,0.0,"no direct, +/- 7 day same-hour, neighboring-station, or climatology evidence available",7,7,7,0,,,,,,,False,False,True,False,False,False,False,Evidence prototype only; no scoring authorization.,False,,,,,,,
ib3w_weather_inference_fallback_prototype_v1,qixing_lengshuikeng_full26_backend_2024_v1,qixing_lengshuikeng_main_peak_20260523_osmrefresh_v1_3b,qixing_lengshuikeng_29_1,2024-08-24T01:22:26+00:00,2024-08-24T03:29:14+00:00,temperature_c,23.9625,,OBSERVED_HISTORICAL_CODIS,OBSERVED,0.9,codis_multistation_activity_window_match_v1; priority=1; station_role=PRIMARY_MOUNTAIN_RIDGE; aggregation=mean; window=activity_time_utc +/- 3h; historical observed evidence only; no scoring authorization,0,0,0,8,,466910,鞍部,CODiS.HistoricalHourly,2024-08-23T23:00:00+00:00,2024-08-24T06:00:00+00:00,True,False,False,False,False,False,False,"CODiS historical observed evidence only; IB3W context layer; no THCI, radar, or final hiking risk scoring authorization.",True,466910,鞍部,PRIMARY_MOUNTAIN_RIDGE,1,mean,3,temperature_c
ib3w_weather_inference_fallback_prototype_v1,qixing_lengshuikeng_full26_backend_2024_v1,qixing_lengshuikeng_main_peak_20260523_osmrefresh_v1_3b,qixing_lengshuikeng_29_1,2024-08-24T01:22:26+00:00,2024-08-24T03:29:14+00:00,relative_humidity_pct,94.25,,OBSERVED_HISTORICAL_CODIS,OBSERVED,0.9,codis_multistation_activity_window_match_v1; priority=1; station_role=PRIMARY_MOUNTAIN_RIDGE; aggregation=mean; window=activity_time_utc +/- 3h; historical observed evidence only; no scoring authorization,0,0,0,8,,466910,鞍部,CODiS.HistoricalHourly,2024-08-23T23:00:00+00:00,2024-08-24T06:00:00+00:00,True,False,False,False,False,False,False,"CODiS historical observed evidence only; IB3W context layer; no THCI, radar, or final hiking risk scoring authorization.",True,466910,鞍部,PRIMARY_MOUNTAIN_RIDGE,1,mean,3,relative_humidity_pct
ib3w_weather_inference_fallback_prototype_v1,qixing_lengshuikeng_full26_backend_2024_v1,qixing_lengshuikeng_main_peak_20260523_osmrefresh_v1_3b,qixing_lengshuikeng_29_1,2024-08-24T01:22:26+00:00,2024-08-24T03:29:14+00:00,pressure_hpa,920.1625,,OBSERVED_HISTORICAL_CODIS,OBSERVED,0.9,codis_multistation_activity_window_match_v1; priority=1; station_role=PRIMARY_MOUNTAIN_RIDGE; aggregation=mean; window=activity_time_utc +/- 3h; historical observed evidence only; no scoring authorization,0,0,0,8,,466910,鞍部,CODiS.HistoricalHourly,2024-08-23T23:00:00+00:00,2024-08-24T06:00:00+00:00,True,False,False,False,False,False,False,"CODiS historical observed evidence only; IB3W context layer; no THCI, radar, or final hiking risk scoring authorization.",True,466910,鞍部,PRIMARY_MOUNTAIN_RIDGE,1,mean,3,station_pressure_hpa
ib3w_weather_inference_fallback_prototype_v1,qixing_lengshuikeng_full26_backend_2024_v1,qixing_lengshuikeng_main_peak_20260523_osmrefresh_v1_3b,qixing_lengshuikeng_29_1,2024-08-24T01:22:26+00:00,2024-08-24T03:29:14+00:00,wind_speed_ms,2.0875,,OBSERVED_HISTORICAL_CODIS,OBSERVED,0.9,codis_multistation_activity_window_match_v1; priority=1; station_role=PRIMARY_MOUNTAIN_RIDGE; aggregation=mean; window=activity_time_utc +/- 3h; historical observed evidence only; no scoring authorization,0,0,0,8,,466910,鞍部,CODiS.HistoricalHourly,2024-08-23T23:00:00+00:00,2024-08-24T06:00:00+00:00,True,False,False,False,False,False,False,"CODiS historical observed evidence only; IB3W context layer; no THCI, radar, or final hiking risk scoring authorization.",True,466910,鞍部,PRIMARY_MOUNTAIN_RIDGE,1,mean,3,wind_speed_mps
ib3w_weather_inference_fallback_prototype_v1,qixing_lengshuikeng_full26_backend_2024_v1,qixing_lengshuikeng_main_peak_20260523_osmrefresh_v1_3b,qixing_lengshuikeng_29_1,2024-08-24T01:22:26+00:00,2024-08-24T03:29:14+00:00,wind_direction_deg,349.961779,,OBSERVED_HISTORICAL_CODIS,OBSERVED,0.9,codis_multistation_activity_window_match_v1; priority=1; station_role=PRIMARY_MOUNTAIN_RIDGE; aggregation=circular_mean_deg; window=activity_time_utc +/- 3h; historical observed evidence only; no scoring authorization,0,0,0,8,,466910,鞍部,CODiS.HistoricalHourly,2024-08-23T23:00:00+00:00,2024-08-24T06:00:00+00:00,True,False,False,False,False,False,False,"CODiS historical observed evidence only; IB3W context layer; no THCI, radar, or final hiking risk scoring authorization.",True,466910,鞍部,PRIMARY_MOUNTAIN_RIDGE,1,circular_mean_deg,3,wind_direction_deg
ib3w_weather_inference_fallback_prototype_v1,qixing_lengshuikeng_full26_backend_2024_v1,qixing_lengshuikeng_main_peak_20260523_osmrefresh_v1_3b,qixing_lengshuikeng_29_1,2024-08-24T01:22:26+00:00,2024-08-24T03:29:14+00:00,wind_gust_ms,5.8,,OBSERVED_HISTORICAL_CODIS,OBSERVED,0.9,codis_multistation_activity_window_match_v1; priority=1; station_role=PRIMARY_MOUNTAIN_RIDGE; aggregation=max; window=activity_time_utc +/- 3h; historical observed evidence only; no scoring authorization,0,0,0,8,,466910,鞍部,CODiS.HistoricalHourly,2024-08-23T23:00:00+00:00,2024-08-24T06:00:00+00:00,True,False,False,False,False,False,False,"CODiS historical observed evidence only; IB3W context layer; no THCI, radar, or final hiking risk scoring authorization.",True,466910,鞍部,PRIMARY_MOUNTAIN_RIDGE,1,max,3,wind_gust_mps
ib3w_weather_inference_fallback_prototype_v1,qixing_lengshuikeng_full26_backend_2024_v1,qixing_lengshuikeng_main_peak_20260523_osmrefresh_v1_3b,qixing_lengshuikeng_29_1,2024-08-24T01:22:26+00:00,2024-08-24T03:29:14+00:00,sunshine_duration_min,204,,OBSERVED_HISTORICAL_CODIS,OBSERVED,0.9,codis_multistation_activity_window_match_v1; priority=1; station_role=PRIMARY_MOUNTAIN_RIDGE; aggregation=sum_x60; window=activity_time_utc +/- 3h; historical observed evidence only; no scoring authorization,0,0,0,8,,466910,鞍部,CODiS.HistoricalHourly,2024-08-23T23:00:00+00:00,2024-08-24T06:00:00+00:00,True,False,False,False,False,False,False,"CODiS historical observed evidence only; IB3W context layer; no THCI, radar, or final hiking risk scoring authorization.",True,466910,鞍部,PRIMARY_MOUNTAIN_RIDGE,1,sum_x60,3,sunshine_hour
ib3w_weather_inference_fallback_prototype_v1,qixing_lengshuikeng_full26_backend_2024_v1,qixing_lengshuikeng_main_peak_20260523_osmrefresh_v1_3b,qixing_lengshuikeng_29_1,2024-08-24T01:22:26+00:00,2024-08-24T03:29:14+00:00,visibility_m,,,UNAVAILABLE,MISSING,0.0,"no direct, +/- 7 day same-hour, neighboring-station, or climatology evidence available",7,7,7,0,,,,,,,False,False,True,False,False,False,False,Evidence prototype only; no scoring authorization.,False,,,,,,,
ib3w_weather_inference_fallback_prototype_v1,qixing_lengshuikeng_full26_backend_2024_v1,qixing_lengshuikeng_main_peak_20260523_osmrefresh_v1_3b,qixing_lengshuikeng_29_1,2024-08-24T01:22:26+00:00,2024-08-24T03:29:14+00:00,uv_index,7,,OBSERVED_HISTORICAL_CODIS,OBSERVED,0.9,codis_multistation_activity_window_match_v1; priority=1; station_role=PRIMARY_MOUNTAIN_RIDGE; aggregation=max; window=activity_time_utc +/- 3h; historical observed evidence only; no scoring authorization,0,0,0,8,,466910,鞍部,CODiS.HistoricalHourly,2024-08-23T23:00:00+00:00,2024-08-24T06:00:00+00:00,True,False,False,False,False,False,False,"CODiS historical observed evidence only; IB3W context layer; no THCI, radar, or final hiking risk scoring authorization.",True,466910,鞍部,PRIMARY_MOUNTAIN_RIDGE,1,max,3,uvi
ib3w_weather_inference_fallback_prototype_v1,qixing_lengshuikeng_full26_backend_2024_v1,qixing_lengshuikeng_main_peak_20260523_osmrefresh_v1_3b,qixing_lengshuikeng_29_1,2024-08-24T01:22:26+00:00,2024-08-24T03:29:14+00:00,weather,,,UNAVAILABLE,MISSING,0.0,"no direct, +/- 7 day same-hour, neighboring-station, or climatology evidence available",7,7,7,0,,,,,,,False,False,True,False,False,False,False,Evidence prototype only; no scoring authorization.,False,,,,,,,
ib3w_weather_inference_fallback_prototype_v1,qixing_lengshuikeng_full26_backend_2024_v1,qixing_lengshuikeng_main_peak_20260523_osmrefresh_v1_3b,qixing_lengshuikeng_30_1,2024-08-04T00:24:51+00:00,2024-08-04T02:31:41+00:00,precipitation_mm,0,,OBSERVED_HISTORICAL_CODIS,OBSERVED,0.9,codis_multistation_activity_window_match_v1; priority=1; station_role=PRIMARY_MOUNTAIN_RIDGE; aggregation=sum; window=activity_time_utc +/- 3h; historical observed evidence only; no scoring authorization,0,0,0,7,,466910,鞍部,CODiS.HistoricalHourly,2024-08-03T23:00:00+00:00,2024-08-04T05:00:00+00:00,True,False,False,False,False,False,False,"CODiS historical observed evidence only; IB3W context layer; no THCI, radar, or final hiking risk scoring authorization.",True,466910,鞍部,PRIMARY_MOUNTAIN_RIDGE,1,sum,3,precipitation_mm
ib3w_weather_inference_fallback_prototype_v1,qixing_lengshuikeng_full26_backend_2024_v1,qixing_lengshuikeng_main_peak_20260523_osmrefresh_v1_3b,qixing_lengshuikeng_30_1,2024-08-04T00:24:51+00:00,2024-08-04T02:31:41+00:00,precipitation_10min_mm,,,UNAVAILABLE,MISSING,0.0,"no direct, +/- 7 day same-hour, neighboring-station, or climatology evidence available",7,7,7,0,,,,,,,False,False,True,False,False,False,False,Evidence prototype only; no scoring authorization.,False,,,,,,,
ib3w_weather_inference_fallback_prototype_v1,qixing_lengshuikeng_full26_backend_2024_v1,qixing_lengshuikeng_main_peak_20260523_osmrefresh_v1_3b,qixing_lengshuikeng_30_1,2024-08-04T00:24:51+00:00,2024-08-04T02:31:41+00:00,precipitation_1hr_mm,,,UNAVAILABLE,MISSING,0.0,"no direct, +/- 7 day same-hour, neighboring-station, or climatology evidence available",7,7,7,0,,,,,,,False,False,True,False,False,False,False,Evidence prototype only; no scoring authorization.,False,,,,,,,
ib3w_weather_inference_fallback_prototype_v1,qixing_lengshuikeng_full26_backend_2024_v1,qixing_lengshuikeng_main_peak_20260523_osmrefresh_v1_3b,qixing_lengshuikeng_30_1,2024-08-04T00:24:51+00:00,2024-08-04T02:31:41+00:00,temperature_c,25.275,,OBSERVED_HISTORICAL_CODIS,OBSERVED,0.9,codis_multistation_activity_window_match_v1; priority=1; station_role=PRIMARY_MOUNTAIN_RIDGE; aggregation=mean; window=activity_time_utc +/- 3h; historical observed evidence only; no scoring authorization,0,0,0,8,,466910,鞍部,CODiS.HistoricalHourly,2024-08-03T22:00:00+00:00,2024-08-04T05:00:00+00:00,True,False,False,False,False,False,False,"CODiS historical observed evidence only; IB3W context layer; no THCI, radar, or final hiking risk scoring authorization.",True,466910,鞍部,PRIMARY_MOUNTAIN_RIDGE,1,mean,3,temperature_c
ib3w_weather_inference_fallback_prototype_v1,qixing_lengshuikeng_full26_backend_2024_v1,qixing_lengshuikeng_main_peak_20260523_osmrefresh_v1_3b,qixing_lengshuikeng_30_1,2024-08-04T00:24:51+00:00,2024-08-04T02:31:41+00:00,relative_humidity_pct,90.375,,OBSERVED_HISTORICAL_CODIS,OBSERVED,0.9,codis_multistation_activity_window_match_v1; priority=1; station_role=PRIMARY_MOUNTAIN_RIDGE; aggregation=mean; window=activity_time_utc +/- 3h; historical observed evidence only; no scoring authorization,0,0,0,8,,466910,鞍部,CODiS.HistoricalHourly,2024-08-03T22:00:00+00:00,2024-08-04T05:00:00+00:00,True,False,False,False,False,False,False,"CODiS historical observed evidence only; IB3W context layer; no THCI, radar, or final hiking risk scoring authorization.",True,466910,鞍部,PRIMARY_MOUNTAIN_RIDGE,1,mean,3,relative_humidity_pct
ib3w_weather_inference_fallback_prototype_v1,qixing_lengshuikeng_full26_backend_2024_v1,qixing_lengshuikeng_main_peak_20260523_osmrefresh_v1_3b,qixing_lengshuikeng_30_1,2024-08-04T00:24:51+00:00,2024-08-04T02:31:41+00:00,pressure_hpa,918.6875,,OBSERVED_HISTORICAL_CODIS,OBSERVED,0.9,codis_multistation_activity_window_match_v1; priority=1; station_role=PRIMARY_MOUNTAIN_RIDGE; aggregation=mean; window=activity_time_utc +/- 3h; historical observed evidence only; no scoring authorization,0,0,0,8,,466910,鞍部,CODiS.HistoricalHourly,2024-08-03T22:00:00+00:00,2024-08-04T05:00:00+00:00,True,False,False,False,False,False,False,"CODiS historical observed evidence only; IB3W context layer; no THCI, radar, or final hiking risk scoring authorization.",True,466910,鞍部,PRIMARY_MOUNTAIN_RIDGE,1,mean,3,station_pressure_hpa
ib3w_weather_inference_fallback_prototype_v1,qixing_lengshuikeng_full26_backend_2024_v1,qixing_lengshuikeng_main_peak_20260523_osmrefresh_v1_3b,qixing_lengshuikeng_30_1,2024-08-04T00:24:51+00:00,2024-08-04T02:31:41+00:00,wind_speed_ms,1.675,,OBSERVED_HISTORICAL_CODIS,OBSERVED,0.9,codis_multistation_activity_window_match_v1; priority=1; station_role=PRIMARY_MOUNTAIN_RIDGE; aggregation=mean; window=activity_time_utc +/- 3h; historical observed evidence only; no scoring authorization,0,0,0,8,,466910,鞍部,CODiS.HistoricalHourly,2024-08-03T22:00:00+00:00,2024-08-04T05:00:00+00:00,True,False,False,False,False,False,False,"CODiS historical observed evidence only; IB3W context layer; no THCI, radar, or final hiking risk scoring authorization.",True,466910,鞍部,PRIMARY_MOUNTAIN_RIDGE,1,mean,3,wind_speed_mps
ib3w_weather_inference_fallback_prototype_v1,qixing_lengshuikeng_full26_backend_2024_v1,qixing_lengshuikeng_main_peak_20260523_osmrefresh_v1_3b,qixing_lengshuikeng_30_1,2024-08-04T00:24:51+00:00,2024-08-04T02:31:41+00:00,wind_direction_deg,326.766212,,OBSERVED_HISTORICAL_CODIS,OBSERVED,0.9,codis_multistation_activity_window_match_v1; priority=1; station_role=PRIMARY_MOUNTAIN_RIDGE; aggregation=circular_mean_deg; window=activity_time_utc +/- 3h; historical observed evidence only; no scoring authorization,0,0,0,7,,466910,鞍部,CODiS.HistoricalHourly,2024-08-03T22:00:00+00:00,2024-08-04T05:00:00+00:00,True,False,False,False,False,False,False,"CODiS historical observed evidence only; IB3W context layer; no THCI, radar, or final hiking risk scoring authorization.",True,466910,鞍部,PRIMARY_MOUNTAIN_RIDGE,1,circular_mean_deg,3,wind_direction_deg
ib3w_weather_inference_fallback_prototype_v1,qixing_lengshuikeng_full26_backend_2024_v1,qixing_lengshuikeng_main_peak_20260523_osmrefresh_v1_3b,qixing_lengshuikeng_30_1,2024-08-04T00:24:51+00:00,2024-08-04T02:31:41+00:00,wind_gust_ms,7.1,,OBSERVED_HISTORICAL_CODIS,OBSERVED,0.9,codis_multistation_activity_window_match_v1; priority=1; station_role=PRIMARY_MOUNTAIN_RIDGE; aggregation=max; window=activity_time_utc +/- 3h; historical observed evidence only; no scoring authorization,0,0,0,8,,466910,鞍部,CODiS.HistoricalHourly,2024-08-03T22:00:00+00:00,2024-08-04T05:00:00+00:00,True,False,False,False,False,False,False,"CODiS historical observed evidence only; IB3W context layer; no THCI, radar, or final hiking risk scoring authorization.",True,466910,鞍部,PRIMARY_MOUNTAIN_RIDGE,1,max,3,wind_gust_mps
ib3w_weather_inference_fallback_prototype_v1,qixing_lengshuikeng_full26_backend_2024_v1,qixing_lengshuikeng_main_peak_20260523_osmrefresh_v1_3b,qixing_lengshuikeng_30_1,2024-08-04T00:24:51+00:00,2024-08-04T02:31:41+00:00,sunshine_duration_min,198,,OBSERVED_HISTORICAL_CODIS,OBSERVED,0.9,codis_multistation_activity_window_match_v1; priority=1; station_role=PRIMARY_MOUNTAIN_RIDGE; aggregation=sum_x60; window=activity_time_utc +/- 3h; historical observed evidence only; no scoring authorization,0,0,0,8,,466910,鞍部,CODiS.HistoricalHourly,2024-08-03T22:00:00+00:00,2024-08-04T05:00:00+00:00,True,False,False,False,False,False,False,"CODiS historical observed evidence only; IB3W context layer; no THCI, radar, or final hiking risk scoring authorization.",True,466910,鞍部,PRIMARY_MOUNTAIN_RIDGE,1,sum_x60,3,sunshine_hour
ib3w_weather_inference_fallback_prototype_v1,qixing_lengshuikeng_full26_backend_2024_v1,qixing_lengshuikeng_main_peak_20260523_osmrefresh_v1_3b,qixing_lengshuikeng_30_1,2024-08-04T00:24:51+00:00,2024-08-04T02:31:41+00:00,visibility_m,,,UNAVAILABLE,MISSING,0.0,"no direct, +/- 7 day same-hour, neighboring-station, or climatology evidence available",7,7,7,0,,,,,,,False,False,True,False,False,False,False,Evidence prototype only; no scoring authorization.,False,,,,,,,
ib3w_weather_inference_fallback_prototype_v1,qixing_lengshuikeng_full26_backend_2024_v1,qixing_lengshuikeng_main_peak_20260523_osmrefresh_v1_3b,qixing_lengshuikeng_30_1,2024-08-04T00:24:51+00:00,2024-08-04T02:31:41+00:00,uv_index,6,,OBSERVED_HISTORICAL_CODIS,OBSERVED,0.9,codis_multistation_activity_window_match_v1; priority=1; station_role=PRIMARY_MOUNTAIN_RIDGE; aggregation=max; window=activity_time_utc +/- 3h; historical observed evidence only; no scoring authorization,0,0,0,8,,466910,鞍部,CODiS.HistoricalHourly,2024-08-03T22:00:00+00:00,2024-08-04T05:00:00+00:00,True,False,False,False,False,False,False,"CODiS historical observed evidence only; IB3W context layer; no THCI, radar, or final hiking risk scoring authorization.",True,466910,鞍部,PRIMARY_MOUNTAIN_RIDGE,1,max,3,uvi
ib3w_weather_inference_fallback_prototype_v1,qixing_lengshuikeng_full26_backend_2024_v1,qixing_lengshuikeng_main_peak_20260523_osmrefresh_v1_3b,qixing_lengshuikeng_30_1,2024-08-04T00:24:51+00:00,2024-08-04T02:31:41+00:00,weather,,,UNAVAILABLE,MISSING,0.0,"no direct, +/- 7 day same-hour, neighboring-station, or climatology evidence available",7,7,7,0,,,,,,,False,False,True,False,False,False,False,Evidence prototype only; no scoring authorization.,False,,,,,,,
ib3w_weather_inference_fallback_prototype_v1,qixing_lengshuikeng_full26_backend_2024_v1,qixing_lengshuikeng_main_peak_20260523_osmrefresh_v1_3b,qixing_lengshuikeng_33_1,2024-08-25T00:53:06+00:00,2024-08-25T02:42:28+00:00,precipitation_mm,0,,OBSERVED_HISTORICAL_CODIS,OBSERVED,0.9,codis_multistation_activity_window_match_v1; priority=1; station_role=PRIMARY_MOUNTAIN_RIDGE; aggregation=sum; window=activity_time_utc +/- 3h; historical observed evidence only; no scoring authorization,0,0,0,8,,466910,鞍部,CODiS.HistoricalHourly,2024-08-24T22:00:00+00:00,2024-08-25T05:00:00+00:00,True,False,False,False,False,False,False,"CODiS historical observed evidence only; IB3W context layer; no THCI, radar, or final hiking risk scoring authorization.",True,466910,鞍部,PRIMARY_MOUNTAIN_RIDGE,1,sum,3,precipitation_mm
ib3w_weather_inference_fallback_prototype_v1,qixing_lengshuikeng_full26_backend_2024_v1,qixing_lengshuikeng_main_peak_20260523_osmrefresh_v1_3b,qixing_lengshuikeng_33_1,2024-08-25T00:53:06+00:00,2024-08-25T02:42:28+00:00,precipitation_10min_mm,,,UNAVAILABLE,MISSING,0.0,"no direct, +/- 7 day same-hour, neighboring-station, or climatology evidence available",7,7,7,0,,,,,,,False,False,True,False,False,False,False,Evidence prototype only; no scoring authorization.,False,,,,,,,
ib3w_weather_inference_fallback_prototype_v1,qixing_lengshuikeng_full26_backend_2024_v1,qixing_lengshuikeng_main_peak_20260523_osmrefresh_v1_3b,qixing_lengshuikeng_33_1,2024-08-25T00:53:06+00:00,2024-08-25T02:42:28+00:00,precipitation_1hr_mm,,,UNAVAILABLE,MISSING,0.0,"no direct, +/- 7 day same-hour, neighboring-station, or climatology evidence available",7,7,7,0,,,,,,,False,False,True,False,False,False,False,Evidence prototype only; no scoring authorization.,False,,,,,,,
ib3w_weather_inference_fallback_prototype_v1,qixing_lengshuikeng_full26_backend_2024_v1,qixing_lengshuikeng_main_peak_20260523_osmrefresh_v1_3b,qixing_lengshuikeng_33_1,2024-08-25T00:53:06+00:00,2024-08-25T02:42:28+00:00,temperature_c,23.8,,OBSERVED_HISTORICAL_CODIS,OBSERVED,0.9,codis_multistation_activity_window_match_v1; priority=1; station_role=PRIMARY_MOUNTAIN_RIDGE; aggregation=mean; window=activity_time_utc +/- 3h; historical observed evidence only; no scoring authorization,0,0,0,8,,466910,鞍部,CODiS.HistoricalHourly,2024-08-24T22:00:00+00:00,2024-08-25T05:00:00+00:00,True,False,False,False,False,False,False,"CODiS historical observed evidence only; IB3W context layer; no THCI, radar, or final hiking risk scoring authorization.",True,466910,鞍部,PRIMARY_MOUNTAIN_RIDGE,1,mean,3,temperature_c
ib3w_weather_inference_fallback_prototype_v1,qixing_lengshuikeng_full26_backend_2024_v1,qixing_lengshuikeng_main_peak_20260523_osmrefresh_v1_3b,qixing_lengshuikeng_33_1,2024-08-25T00:53:06+00:00,2024-08-25T02:42:28+00:00,relative_humidity_pct,91.375,,OBSERVED_HISTORICAL_CODIS,OBSERVED,0.9,codis_multistation_activity_window_match_v1; priority=1; station_role=PRIMARY_MOUNTAIN_RIDGE; aggregation=mean; window=activity_time_utc +/- 3h; historical observed evidence only; no scoring authorization,0,0,0,8,,466910,鞍部,CODiS.HistoricalHourly,2024-08-24T22:00:00+00:00,2024-08-25T05:00:00+00:00,True,False,False,False,False,False,False,"CODiS historical observed evidence only; IB3W context layer; no THCI, radar, or final hiking risk scoring authorization.",True,466910,鞍部,PRIMARY_MOUNTAIN_RIDGE,1,mean,3,relative_humidity_pct
ib3w_weather_inference_fallback_prototype_v1,qixing_lengshuikeng_full26_backend_2024_v1,qixing_lengshuikeng_main_peak_20260523_osmrefresh_v1_3b,qixing_lengshuikeng_33_1,2024-08-25T00:53:06+00:00,2024-08-25T02:42:28+00:00,pressure_hpa,919.0375,,OBSERVED_HISTORICAL_CODIS,OBSERVED,0.9,codis_multistation_activity_window_match_v1; priority=1; station_role=PRIMARY_MOUNTAIN_RIDGE; aggregation=mean; window=activity_time_utc +/- 3h; historical observed evidence only; no scoring authorization,0,0,0,8,,466910,鞍部,CODiS.HistoricalHourly,2024-08-24T22:00:00+00:00,2024-08-25T05:00:00+00:00,True,False,False,False,False,False,False,"CODiS historical observed evidence only; IB3W context layer; no THCI, radar, or final hiking risk scoring authorization.",True,466910,鞍部,PRIMARY_MOUNTAIN_RIDGE,1,mean,3,station_pressure_hpa
ib3w_weather_inference_fallback_prototype_v1,qixing_lengshuikeng_full26_backend_2024_v1,qixing_lengshuikeng_main_peak_20260523_osmrefresh_v1_3b,qixing_lengshuikeng_33_1,2024-08-25T00:53:06+00:00,2024-08-25T02:42:28+00:00,wind_speed_ms,3.1125,,OBSERVED_HISTORICAL_CODIS,OBSERVED,0.9,codis_multistation_activity_window_match_v1; priority=1; station_role=PRIMARY_MOUNTAIN_RIDGE; aggregation=mean; window=activity_time_utc +/- 3h; historical observed evidence only; no scoring authorization,0,0,0,8,,466910,鞍部,CODiS.HistoricalHourly,2024-08-24T22:00:00+00:00,2024-08-25T05:00:00+00:00,True,False,False,False,False,False,False,"CODiS historical observed evidence only; IB3W context layer; no THCI, radar, or final hiking risk scoring authorization.",True,466910,鞍部,PRIMARY_MOUNTAIN_RIDGE,1,mean,3,wind_speed_mps
ib3w_weather_inference_fallback_prototype_v1,qixing_lengshuikeng_full26_backend_2024_v1,qixing_lengshuikeng_main_peak_20260523_osmrefresh_v1_3b,qixing_lengshuikeng_33_1,2024-08-25T00:53:06+00:00,2024-08-25T02:42:28+00:00,wind_direction_deg,349.961631,,OBSERVED_HISTORICAL_CODIS,OBSERVED,0.9,codis_multistation_activity_window_match_v1; priority=1; station_role=PRIMARY_MOUNTAIN_RIDGE; aggregation=circular_mean_deg; window=activity_time_utc +/- 3h; historical observed evidence only; no scoring authorization,0,0,0,8,,466910,鞍部,CODiS.HistoricalHourly,2024-08-24T22:00:00+00:00,2024-08-25T05:00:00+00:00,True,False,False,False,False,False,False,"CODiS historical observed evidence only; IB3W context layer; no THCI, radar, or final hiking risk scoring authorization.",True,466910,鞍部,PRIMARY_MOUNTAIN_RIDGE,1,circular_mean_deg,3,wind_direction_deg
ib3w_weather_inference_fallback_prototype_v1,qixing_lengshuikeng_full26_backend_2024_v1,qixing_lengshuikeng_main_peak_20260523_osmrefresh_v1_3b,qixing_lengshuikeng_33_1,2024-08-25T00:53:06+00:00,2024-08-25T02:42:28+00:00,wind_gust_ms,6.8,,OBSERVED_HISTORICAL_CODIS,OBSERVED,0.9,codis_multistation_activity_window_match_v1; priority=1; station_role=PRIMARY_MOUNTAIN_RIDGE; aggregation=max; window=activity_time_utc +/- 3h; historical observed evidence only; no scoring authorization,0,0,0,8,,466910,鞍部,CODiS.HistoricalHourly,2024-08-24T22:00:00+00:00,2024-08-25T05:00:00+00:00,True,False,False,False,False,False,False,"CODiS historical observed evidence only; IB3W context layer; no THCI, radar, or final hiking risk scoring authorization.",True,466910,鞍部,PRIMARY_MOUNTAIN_RIDGE,1,max,3,wind_gust_mps
ib3w_weather_inference_fallback_prototype_v1,qixing_lengshuikeng_full26_backend_2024_v1,qixing_lengshuikeng_main_peak_20260523_osmrefresh_v1_3b,qixing_lengshuikeng_33_1,2024-08-25T00:53:06+00:00,2024-08-25T02:42:28+00:00,sunshine_duration_min,300,,OBSERVED_HISTORICAL_CODIS,OBSERVED,0.9,codis_multistation_activity_window_match_v1; priority=1; station_role=PRIMARY_MOUNTAIN_RIDGE; aggregation=sum_x60; window=activity_time_utc +/- 3h; historical observed evidence only; no scoring authorization,0,0,0,8,,466910,鞍部,CODiS.HistoricalHourly,2024-08-24T22:00:00+00:00,2024-08-25T05:00:00+00:00,True,False,False,False,False,False,False,"CODiS historical observed evidence only; IB3W context layer; no THCI, radar, or final hiking risk scoring authorization.",True,466910,鞍部,PRIMARY_MOUNTAIN_RIDGE,1,sum_x60,3,sunshine_hour
ib3w_weather_inference_fallback_prototype_v1,qixing_lengshuikeng_full26_backend_2024_v1,qixing_lengshuikeng_main_peak_20260523_osmrefresh_v1_3b,qixing_lengshuikeng_33_1,2024-08-25T00:53:06+00:00,2024-08-25T02:42:28+00:00,visibility_m,,,UNAVAILABLE,MISSING,0.0,"no direct, +/- 7 day same-hour, neighboring-station, or climatology evidence available",7,7,7,0,,,,,,,False,False,True,False,False,False,False,Evidence prototype only; no scoring authorization.,False,,,,,,,
ib3w_weather_inference_fallback_prototype_v1,qixing_lengshuikeng_full26_backend_2024_v1,qixing_lengshuikeng_main_peak_20260523_osmrefresh_v1_3b,qixing_lengshuikeng_33_1,2024-08-25T00:53:06+00:00,2024-08-25T02:42:28+00:00,uv_index,11,,OBSERVED_HISTORICAL_CODIS,OBSERVED,0.9,codis_multistation_activity_window_match_v1; priority=1; station_role=PRIMARY_MOUNTAIN_RIDGE; aggregation=max; window=activity_time_utc +/- 3h; historical observed evidence only; no scoring authorization,0,0,0,8,,466910,鞍部,CODiS.HistoricalHourly,2024-08-24T22:00:00+00:00,2024-08-25T05:00:00+00:00,True,False,False,False,False,False,False,"CODiS historical observed evidence only; IB3W context layer; no THCI, radar, or final hiking risk scoring authorization.",True,466910,鞍部,PRIMARY_MOUNTAIN_RIDGE,1,max,3,uvi
ib3w_weather_inference_fallback_prototype_v1,qixing_lengshuikeng_full26_backend_2024_v1,qixing_lengshuikeng_main_peak_20260523_osmrefresh_v1_3b,qixing_lengshuikeng_33_1,2024-08-25T00:53:06+00:00,2024-08-25T02:42:28+00:00,weather,,,UNAVAILABLE,MISSING,0.0,"no direct, +/- 7 day same-hour, neighboring-station, or climatology evidence available",7,7,7,0,,,,,,,False,False,True,False,False,False,False,Evidence prototype only; no scoring authorization.,False,,,,,,,
ib3w_weather_inference_fallback_prototype_v1,qixing_lengshuikeng_full26_backend_2024_v1,qixing_lengshuikeng_main_peak_20260523_osmrefresh_v1_3b,qixing_lengshuikeng_35_1,2024-08-04T00:25:39+00:00,2024-08-04T02:31:28+00:00,precipitation_mm,0,,OBSERVED_HISTORICAL_CODIS,OBSERVED,0.9,codis_multistation_activity_window_match_v1; priority=1; station_role=PRIMARY_MOUNTAIN_RIDGE; aggregation=sum; window=activity_time_utc +/- 3h; historical observed evidence only; no scoring authorization,0,0,0,7,,466910,鞍部,CODiS.HistoricalHourly,2024-08-03T23:00:00+00:00,2024-08-04T05:00:00+00:00,True,False,False,False,False,False,False,"CODiS historical observed evidence only; IB3W context layer; no THCI, radar, or final hiking risk scoring authorization.",True,466910,鞍部,PRIMARY_MOUNTAIN_RIDGE,1,sum,3,precipitation_mm
ib3w_weather_inference_fallback_prototype_v1,qixing_lengshuikeng_full26_backend_2024_v1,qixing_lengshuikeng_main_peak_20260523_osmrefresh_v1_3b,qixing_lengshuikeng_35_1,2024-08-04T00:25:39+00:00,2024-08-04T02:31:28+00:00,precipitation_10min_mm,,,UNAVAILABLE,MISSING,0.0,"no direct, +/- 7 day same-hour, neighboring-station, or climatology evidence available",7,7,7,0,,,,,,,False,False,True,False,False,False,False,Evidence prototype only; no scoring authorization.,False,,,,,,,
ib3w_weather_inference_fallback_prototype_v1,qixing_lengshuikeng_full26_backend_2024_v1,qixing_lengshuikeng_main_peak_20260523_osmrefresh_v1_3b,qixing_lengshuikeng_35_1,2024-08-04T00:25:39+00:00,2024-08-04T02:31:28+00:00,precipitation_1hr_mm,,,UNAVAILABLE,MISSING,0.0,"no direct, +/- 7 day same-hour, neighboring-station, or climatology evidence available",7,7,7,0,,,,,,,False,False,True,False,False,False,False,Evidence prototype only; no scoring authorization.,False,,,,,,,
ib3w_weather_inference_fallback_prototype_v1,qixing_lengshuikeng_full26_backend_2024_v1,qixing_lengshuikeng_main_peak_20260523_osmrefresh_v1_3b,qixing_lengshuikeng_35_1,2024-08-04T00:25:39+00:00,2024-08-04T02:31:28+00:00,temperature_c,25.275,,OBSERVED_HISTORICAL_CODIS,OBSERVED,0.9,codis_multistation_activity_window_match_v1; priority=1; station_role=PRIMARY_MOUNTAIN_RIDGE; aggregation=mean; window=activity_time_utc +/- 3h; historical observed evidence only; no scoring authorization,0,0,0,8,,466910,鞍部,CODiS.HistoricalHourly,2024-08-03T22:00:00+00:00,2024-08-04T05:00:00+00:00,True,False,False,False,False,False,False,"CODiS historical observed evidence only; IB3W context layer; no THCI, radar, or final hiking risk scoring authorization.",True,466910,鞍部,PRIMARY_MOUNTAIN_RIDGE,1,mean,3,temperature_c
ib3w_weather_inference_fallback_prototype_v1,qixing_lengshuikeng_full26_backend_2024_v1,qixing_lengshuikeng_main_peak_20260523_osmrefresh_v1_3b,qixing_lengshuikeng_35_1,2024-08-04T00:25:39+00:00,2024-08-04T02:31:28+00:00,relative_humidity_pct,90.375,,OBSERVED_HISTORICAL_CODIS,OBSERVED,0.9,codis_multistation_activity_window_match_v1; priority=1; station_role=PRIMARY_MOUNTAIN_RIDGE; aggregation=mean; window=activity_time_utc +/- 3h; historical observed evidence only; no scoring authorization,0,0,0,8,,466910,鞍部,CODiS.HistoricalHourly,2024-08-03T22:00:00+00:00,2024-08-04T05:00:00+00:00,True,False,False,False,False,False,False,"CODiS historical observed evidence only; IB3W context layer; no THCI, radar, or final hiking risk scoring authorization.",True,466910,鞍部,PRIMARY_MOUNTAIN_RIDGE,1,mean,3,relative_humidity_pct
ib3w_weather_inference_fallback_prototype_v1,qixing_lengshuikeng_full26_backend_2024_v1,qixing_lengshuikeng_main_peak_20260523_osmrefresh_v1_3b,qixing_lengshuikeng_35_1,2024-08-04T00:25:39+00:00,2024-08-04T02:31:28+00:00,pressure_hpa,918.6875,,OBSERVED_HISTORICAL_CODIS,OBSERVED,0.9,codis_multistation_activity_window_match_v1; priority=1; station_role=PRIMARY_MOUNTAIN_RIDGE; aggregation=mean; window=activity_time_utc +/- 3h; historical observed evidence only; no scoring authorization,0,0,0,8,,466910,鞍部,CODiS.HistoricalHourly,2024-08-03T22:00:00+00:00,2024-08-04T05:00:00+00:00,True,False,False,False,False,False,False,"CODiS historical observed evidence only; IB3W context layer; no THCI, radar, or final hiking risk scoring authorization.",True,466910,鞍部,PRIMARY_MOUNTAIN_RIDGE,1,mean,3,station_pressure_hpa
ib3w_weather_inference_fallback_prototype_v1,qixing_lengshuikeng_full26_backend_2024_v1,qixing_lengshuikeng_main_peak_20260523_osmrefresh_v1_3b,qixing_lengshuikeng_35_1,2024-08-04T00:25:39+00:00,2024-08-04T02:31:28+00:00,wind_speed_ms,1.675,,OBSERVED_HISTORICAL_CODIS,OBSERVED,0.9,codis_multistation_activity_window_match_v1; priority=1; station_role=PRIMARY_MOUNTAIN_RIDGE; aggregation=mean; window=activity_time_utc +/- 3h; historical observed evidence only; no scoring authorization,0,0,0,8,,466910,鞍部,CODiS.HistoricalHourly,2024-08-03T22:00:00+00:00,2024-08-04T05:00:00+00:00,True,False,False,False,False,False,False,"CODiS historical observed evidence only; IB3W context layer; no THCI, radar, or final hiking risk scoring authorization.",True,466910,鞍部,PRIMARY_MOUNTAIN_RIDGE,1,mean,3,wind_speed_mps
ib3w_weather_inference_fallback_prototype_v1,qixing_lengshuikeng_full26_backend_2024_v1,qixing_lengshuikeng_main_peak_20260523_osmrefresh_v1_3b,qixing_lengshuikeng_35_1,2024-08-04T00:25:39+00:00,2024-08-04T02:31:28+00:00,wind_direction_deg,326.766212,,OBSERVED_HISTORICAL_CODIS,OBSERVED,0.9,codis_multistation_activity_window_match_v1; priority=1; station_role=PRIMARY_MOUNTAIN_RIDGE; aggregation=circular_mean_deg; window=activity_time_utc +/- 3h; historical observed evidence only; no scoring authorization,0,0,0,7,,466910,鞍部,CODiS.HistoricalHourly,2024-08-03T22:00:00+00:00,2024-08-04T05:00:00+00:00,True,False,False,False,False,False,False,"CODiS historical observed evidence only; IB3W context layer; no THCI, radar, or final hiking risk scoring authorization.",True,466910,鞍部,PRIMARY_MOUNTAIN_RIDGE,1,circular_mean_deg,3,wind_direction_deg
ib3w_weather_inference_fallback_prototype_v1,qixing_lengshuikeng_full26_backend_2024_v1,qixing_lengshuikeng_main_peak_20260523_osmrefresh_v1_3b,qixing_lengshuikeng_35_1,2024-08-04T00:25:39+00:00,2024-08-04T02:31:28+00:00,wind_gust_ms,7.1,,OBSERVED_HISTORICAL_CODIS,OBSERVED,0.9,codis_multistation_activity_window_match_v1; priority=1; station_role=PRIMARY_MOUNTAIN_RIDGE; aggregation=max; window=activity_time_utc +/- 3h; historical observed evidence only; no scoring authorization,0,0,0,8,,466910,鞍部,CODiS.HistoricalHourly,2024-08-03T22:00:00+00:00,2024-08-04T05:00:00+00:00,True,False,False,False,False,False,False,"CODiS historical observed evidence only; IB3W context layer; no THCI, radar, or final hiking risk scoring authorization.",True,466910,鞍部,PRIMARY_MOUNTAIN_RIDGE,1,max,3,wind_gust_mps
ib3w_weather_inference_fallback_prototype_v1,qixing_lengshuikeng_full26_backend_2024_v1,qixing_lengshuikeng_main_peak_20260523_osmrefresh_v1_3b,qixing_lengshuikeng_35_1,2024-08-04T00:25:39+00:00,2024-08-04T02:31:28+00:00,sunshine_duration_min,198,,OBSERVED_HISTORICAL_CODIS,OBSERVED,0.9,codis_multistation_activity_window_match_v1; priority=1; station_role=PRIMARY_MOUNTAIN_RIDGE; aggregation=sum_x60; window=activity_time_utc +/- 3h; historical observed evidence only; no scoring authorization,0,0,0,8,,466910,鞍部,CODiS.HistoricalHourly,2024-08-03T22:00:00+00:00,2024-08-04T05:00:00+00:00,True,False,False,False,False,False,False,"CODiS historical observed evidence only; IB3W context layer; no THCI, radar, or final hiking risk scoring authorization.",True,466910,鞍部,PRIMARY_MOUNTAIN_RIDGE,1,sum_x60,3,sunshine_hour
ib3w_weather_inference_fallback_prototype_v1,qixing_lengshuikeng_full26_backend_2024_v1,qixing_lengshuikeng_main_peak_20260523_osmrefresh_v1_3b,qixing_lengshuikeng_35_1,2024-08-04T00:25:39+00:00,2024-08-04T02:31:28+00:00,visibility_m,,,UNAVAILABLE,MISSING,0.0,"no direct, +/- 7 day same-hour, neighboring-station, or climatology evidence available",7,7,7,0,,,,,,,False,False,True,False,False,False,False,Evidence prototype only; no scoring authorization.,False,,,,,,,
ib3w_weather_inference_fallback_prototype_v1,qixing_lengshuikeng_full26_backend_2024_v1,qixing_lengshuikeng_main_peak_20260523_osmrefresh_v1_3b,qixing_lengshuikeng_35_1,2024-08-04T00:25:39+00:00,2024-08-04T02:31:28+00:00,uv_index,6,,OBSERVED_HISTORICAL_CODIS,OBSERVED,0.9,codis_multistation_activity_window_match_v1; priority=1; station_role=PRIMARY_MOUNTAIN_RIDGE; aggregation=max; window=activity_time_utc +/- 3h; historical observed evidence only; no scoring authorization,0,0,0,8,,466910,鞍部,CODiS.HistoricalHourly,2024-08-03T22:00:00+00:00,2024-08-04T05:00:00+00:00,True,False,False,False,False,False,False,"CODiS historical observed evidence only; IB3W context layer; no THCI, radar, or final hiking risk scoring authorization.",True,466910,鞍部,PRIMARY_MOUNTAIN_RIDGE,1,max,3,uvi
ib3w_weather_inference_fallback_prototype_v1,qixing_lengshuikeng_full26_backend_2024_v1,qixing_lengshuikeng_main_peak_20260523_osmrefresh_v1_3b,qixing_lengshuikeng_35_1,2024-08-04T00:25:39+00:00,2024-08-04T02:31:28+00:00,weather,,,UNAVAILABLE,MISSING,0.0,"no direct, +/- 7 day same-hour, neighboring-station, or climatology evidence available",7,7,7,0,,,,,,,False,False,True,False,False,False,False,Evidence prototype only; no scoring authorization.,False,,,,,,,
ib3w_weather_inference_fallback_prototype_v1,qixing_lengshuikeng_full26_backend_2024_v1,qixing_lengshuikeng_main_peak_20260523_osmrefresh_v1_3b,qixing_lengshuikeng_36_1,2024-08-04T00:23:14+00:00,2024-08-04T02:36:34+00:00,precipitation_mm,0,,OBSERVED_HISTORICAL_CODIS,OBSERVED,0.9,codis_multistation_activity_window_match_v1; priority=1; station_role=PRIMARY_MOUNTAIN_RIDGE; aggregation=sum; window=activity_time_utc +/- 3h; historical observed evidence only; no scoring authorization,0,0,0,7,,466910,鞍部,CODiS.HistoricalHourly,2024-08-03T23:00:00+00:00,2024-08-04T05:00:00+00:00,True,False,False,False,False,False,False,"CODiS historical observed evidence only; IB3W context layer; no THCI, radar, or final hiking risk scoring authorization.",True,466910,鞍部,PRIMARY_MOUNTAIN_RIDGE,1,sum,3,precipitation_mm
ib3w_weather_inference_fallback_prototype_v1,qixing_lengshuikeng_full26_backend_2024_v1,qixing_lengshuikeng_main_peak_20260523_osmrefresh_v1_3b,qixing_lengshuikeng_36_1,2024-08-04T00:23:14+00:00,2024-08-04T02:36:34+00:00,precipitation_10min_mm,,,UNAVAILABLE,MISSING,0.0,"no direct, +/- 7 day same-hour, neighboring-station, or climatology evidence available",7,7,7,0,,,,,,,False,False,True,False,False,False,False,Evidence prototype only; no scoring authorization.,False,,,,,,,
ib3w_weather_inference_fallback_prototype_v1,qixing_lengshuikeng_full26_backend_2024_v1,qixing_lengshuikeng_main_peak_20260523_osmrefresh_v1_3b,qixing_lengshuikeng_36_1,2024-08-04T00:23:14+00:00,2024-08-04T02:36:34+00:00,precipitation_1hr_mm,,,UNAVAILABLE,MISSING,0.0,"no direct, +/- 7 day same-hour, neighboring-station, or climatology evidence available",7,7,7,0,,,,,,,False,False,True,False,False,False,False,Evidence prototype only; no scoring authorization.,False,,,,,,,
ib3w_weather_inference_fallback_prototype_v1,qixing_lengshuikeng_full26_backend_2024_v1,qixing_lengshuikeng_main_peak_20260523_osmrefresh_v1_3b,qixing_lengshuikeng_36_1,2024-08-04T00:23:14+00:00,2024-08-04T02:36:34+00:00,temperature_c,25.275,,OBSERVED_HISTORICAL_CODIS,OBSERVED,0.9,codis_multistation_activity_window_match_v1; priority=1; station_role=PRIMARY_MOUNTAIN_RIDGE; aggregation=mean; window=activity_time_utc +/- 3h; historical observed evidence only; no scoring authorization,0,0,0,8,,466910,鞍部,CODiS.HistoricalHourly,2024-08-03T22:00:00+00:00,2024-08-04T05:00:00+00:00,True,False,False,False,False,False,False,"CODiS historical observed evidence only; IB3W context layer; no THCI, radar, or final hiking risk scoring authorization.",True,466910,鞍部,PRIMARY_MOUNTAIN_RIDGE,1,mean,3,temperature_c
ib3w_weather_inference_fallback_prototype_v1,qixing_lengshuikeng_full26_backend_2024_v1,qixing_lengshuikeng_main_peak_20260523_osmrefresh_v1_3b,qixing_lengshuikeng_36_1,2024-08-04T00:23:14+00:00,2024-08-04T02:36:34+00:00,relative_humidity_pct,90.375,,OBSERVED_HISTORICAL_CODIS,OBSERVED,0.9,codis_multistation_activity_window_match_v1; priority=1; station_role=PRIMARY_MOUNTAIN_RIDGE; aggregation=mean; window=activity_time_utc +/- 3h; historical observed evidence only; no scoring authorization,0,0,0,8,,466910,鞍部,CODiS.HistoricalHourly,2024-08-03T22:00:00+00:00,2024-08-04T05:00:00+00:00,True,False,False,False,False,False,False,"CODiS historical observed evidence only; IB3W context layer; no THCI, radar, or final hiking risk scoring authorization.",True,466910,鞍部,PRIMARY_MOUNTAIN_RIDGE,1,mean,3,relative_humidity_pct
ib3w_weather_inference_fallback_prototype_v1,qixing_lengshuikeng_full26_backend_2024_v1,qixing_lengshuikeng_main_peak_20260523_osmrefresh_v1_3b,qixing_lengshuikeng_36_1,2024-08-04T00:23:14+00:00,2024-08-04T02:36:34+00:00,pressure_hpa,918.6875,,OBSERVED_HISTORICAL_CODIS,OBSERVED,0.9,codis_multistation_activity_window_match_v1; priority=1; station_role=PRIMARY_MOUNTAIN_RIDGE; aggregation=mean; window=activity_time_utc +/- 3h; historical observed evidence only; no scoring authorization,0,0,0,8,,466910,鞍部,CODiS.HistoricalHourly,2024-08-03T22:00:00+00:00,2024-08-04T05:00:00+00:00,True,False,False,False,False,False,False,"CODiS historical observed evidence only; IB3W context layer; no THCI, radar, or final hiking risk scoring authorization.",True,466910,鞍部,PRIMARY_MOUNTAIN_RIDGE,1,mean,3,station_pressure_hpa
ib3w_weather_inference_fallback_prototype_v1,qixing_lengshuikeng_full26_backend_2024_v1,qixing_lengshuikeng_main_peak_20260523_osmrefresh_v1_3b,qixing_lengshuikeng_36_1,2024-08-04T00:23:14+00:00,2024-08-04T02:36:34+00:00,wind_speed_ms,1.675,,OBSERVED_HISTORICAL_CODIS,OBSERVED,0.9,codis_multistation_activity_window_match_v1; priority=1; station_role=PRIMARY_MOUNTAIN_RIDGE; aggregation=mean; window=activity_time_utc +/- 3h; historical observed evidence only; no scoring authorization,0,0,0,8,,466910,鞍部,CODiS.HistoricalHourly,2024-08-03T22:00:00+00:00,2024-08-04T05:00:00+00:00,True,False,False,False,False,False,False,"CODiS historical observed evidence only; IB3W context layer; no THCI, radar, or final hiking risk scoring authorization.",True,466910,鞍部,PRIMARY_MOUNTAIN_RIDGE,1,mean,3,wind_speed_mps
ib3w_weather_inference_fallback_prototype_v1,qixing_lengshuikeng_full26_backend_2024_v1,qixing_lengshuikeng_main_peak_20260523_osmrefresh_v1_3b,qixing_lengshuikeng_36_1,2024-08-04T00:23:14+00:00,2024-08-04T02:36:34+00:00,wind_direction_deg,326.766212,,OBSERVED_HISTORICAL_CODIS,OBSERVED,0.9,codis_multistation_activity_window_match_v1; priority=1; station_role=PRIMARY_MOUNTAIN_RIDGE; aggregation=circular_mean_deg; window=activity_time_utc +/- 3h; historical observed evidence only; no scoring authorization,0,0,0,7,,466910,鞍部,CODiS.HistoricalHourly,2024-08-03T22:00:00+00:00,2024-08-04T05:00:00+00:00,True,False,False,False,False,False,False,"CODiS historical observed evidence only; IB3W context layer; no THCI, radar, or final hiking risk scoring authorization.",True,466910,鞍部,PRIMARY_MOUNTAIN_RIDGE,1,circular_mean_deg,3,wind_direction_deg
ib3w_weather_inference_fallback_prototype_v1,qixing_lengshuikeng_full26_backend_2024_v1,qixing_lengshuikeng_main_peak_20260523_osmrefresh_v1_3b,qixing_lengshuikeng_36_1,2024-08-04T00:23:14+00:00,2024-08-04T02:36:34+00:00,wind_gust_ms,7.1,,OBSERVED_HISTORICAL_CODIS,OBSERVED,0.9,codis_multistation_activity_window_match_v1; priority=1; station_role=PRIMARY_MOUNTAIN_RIDGE; aggregation=max; window=activity_time_utc +/- 3h; historical observed evidence only; no scoring authorization,0,0,0,8,,466910,鞍部,CODiS.HistoricalHourly,2024-08-03T22:00:00+00:00,2024-08-04T05:00:00+00:00,True,False,False,False,False,False,False,"CODiS historical observed evidence only; IB3W context layer; no THCI, radar, or final hiking risk scoring authorization.",True,466910,鞍部,PRIMARY_MOUNTAIN_RIDGE,1,max,3,wind_gust_mps
ib3w_weather_inference_fallback_prototype_v1,qixing_lengshuikeng_full26_backend_2024_v1,qixing_lengshuikeng_main_peak_20260523_osmrefresh_v1_3b,qixing_lengshuikeng_36_1,2024-08-04T00:23:14+00:00,2024-08-04T02:36:34+00:00,sunshine_duration_min,198,,OBSERVED_HISTORICAL_CODIS,OBSERVED,0.9,codis_multistation_activity_window_match_v1; priority=1; station_role=PRIMARY_MOUNTAIN_RIDGE; aggregation=sum_x60; window=activity_time_utc +/- 3h; historical observed evidence only; no scoring authorization,0,0,0,8,,466910,鞍部,CODiS.HistoricalHourly,2024-08-03T22:00:00+00:00,2024-08-04T05:00:00+00:00,True,False,False,False,False,False,False,"CODiS historical observed evidence only; IB3W context layer; no THCI, radar, or final hiking risk scoring authorization.",True,466910,鞍部,PRIMARY_MOUNTAIN_RIDGE,1,sum_x60,3,sunshine_hour
ib3w_weather_inference_fallback_prototype_v1,qixing_lengshuikeng_full26_backend_2024_v1,qixing_lengshuikeng_main_peak_20260523_osmrefresh_v1_3b,qixing_lengshuikeng_36_1,2024-08-04T00:23:14+00:00,2024-08-04T02:36:34+00:00,visibility_m,,,UNAVAILABLE,MISSING,0.0,"no direct, +/- 7 day same-hour, neighboring-station, or climatology evidence available",7,7,7,0,,,,,,,False,False,True,False,False,False,False,Evidence prototype only; no scoring authorization.,False,,,,,,,
ib3w_weather_inference_fallback_prototype_v1,qixing_lengshuikeng_full26_backend_2024_v1,qixing_lengshuikeng_main_peak_20260523_osmrefresh_v1_3b,qixing_lengshuikeng_36_1,2024-08-04T00:23:14+00:00,2024-08-04T02:36:34+00:00,uv_index,6,,OBSERVED_HISTORICAL_CODIS,OBSERVED,0.9,codis_multistation_activity_window_match_v1; priority=1; station_role=PRIMARY_MOUNTAIN_RIDGE; aggregation=max; window=activity_time_utc +/- 3h; historical observed evidence only; no scoring authorization,0,0,0,8,,466910,鞍部,CODiS.HistoricalHourly,2024-08-03T22:00:00+00:00,2024-08-04T05:00:00+00:00,True,False,False,False,False,False,False,"CODiS historical observed evidence only; IB3W context layer; no THCI, radar, or final hiking risk scoring authorization.",True,466910,鞍部,PRIMARY_MOUNTAIN_RIDGE,1,max,3,uvi
ib3w_weather_inference_fallback_prototype_v1,qixing_lengshuikeng_full26_backend_2024_v1,qixing_lengshuikeng_main_peak_20260523_osmrefresh_v1_3b,qixing_lengshuikeng_36_1,2024-08-04T00:23:14+00:00,2024-08-04T02:36:34+00:00,weather,,,UNAVAILABLE,MISSING,0.0,"no direct, +/- 7 day same-hour, neighboring-station, or climatology evidence available",7,7,7,0,,,,,,,False,False,True,False,False,False,False,Evidence prototype only; no scoring authorization.,False,,,,,,,
ib3w_weather_inference_fallback_prototype_v1,qixing_lengshuikeng_full26_backend_2024_v1,qixing_lengshuikeng_main_peak_20260523_osmrefresh_v1_3b,qixing_lengshuikeng_37_1,2024-08-04T00:24:03+00:00,2024-08-04T03:02:34+00:00,precipitation_mm,0,,OBSERVED_HISTORICAL_CODIS,OBSERVED,0.9,codis_multistation_activity_window_match_v1; priority=1; station_role=PRIMARY_MOUNTAIN_RIDGE; aggregation=sum; window=activity_time_utc +/- 3h; historical observed evidence only; no scoring authorization,0,0,0,8,,466910,鞍部,CODiS.HistoricalHourly,2024-08-03T23:00:00+00:00,2024-08-04T06:00:00+00:00,True,False,False,False,False,False,False,"CODiS historical observed evidence only; IB3W context layer; no THCI, radar, or final hiking risk scoring authorization.",True,466910,鞍部,PRIMARY_MOUNTAIN_RIDGE,1,sum,3,precipitation_mm
ib3w_weather_inference_fallback_prototype_v1,qixing_lengshuikeng_full26_backend_2024_v1,qixing_lengshuikeng_main_peak_20260523_osmrefresh_v1_3b,qixing_lengshuikeng_37_1,2024-08-04T00:24:03+00:00,2024-08-04T03:02:34+00:00,precipitation_10min_mm,,,UNAVAILABLE,MISSING,0.0,"no direct, +/- 7 day same-hour, neighboring-station, or climatology evidence available",7,7,7,0,,,,,,,False,False,True,False,False,False,False,Evidence prototype only; no scoring authorization.,False,,,,,,,
ib3w_weather_inference_fallback_prototype_v1,qixing_lengshuikeng_full26_backend_2024_v1,qixing_lengshuikeng_main_peak_20260523_osmrefresh_v1_3b,qixing_lengshuikeng_37_1,2024-08-04T00:24:03+00:00,2024-08-04T03:02:34+00:00,precipitation_1hr_mm,,,UNAVAILABLE,MISSING,0.0,"no direct, +/- 7 day same-hour, neighboring-station, or climatology evidence available",7,7,7,0,,,,,,,False,False,True,False,False,False,False,Evidence prototype only; no scoring authorization.,False,,,,,,,
ib3w_weather_inference_fallback_prototype_v1,qixing_lengshuikeng_full26_backend_2024_v1,qixing_lengshuikeng_main_peak_20260523_osmrefresh_v1_3b,qixing_lengshuikeng_37_1,2024-08-04T00:24:03+00:00,2024-08-04T03:02:34+00:00,temperature_c,25.6,,OBSERVED_HISTORICAL_CODIS,OBSERVED,0.9,codis_multistation_activity_window_match_v1; priority=1; station_role=PRIMARY_MOUNTAIN_RIDGE; aggregation=mean; window=activity_time_utc +/- 3h; historical observed evidence only; no scoring authorization,0,0,0,9,,466910,鞍部,CODiS.HistoricalHourly,2024-08-03T22:00:00+00:00,2024-08-04T06:00:00+00:00,True,False,False,False,False,False,False,"CODiS historical observed evidence only; IB3W context layer; no THCI, radar, or final hiking risk scoring authorization.",True,466910,鞍部,PRIMARY_MOUNTAIN_RIDGE,1,mean,3,temperature_c
ib3w_weather_inference_fallback_prototype_v1,qixing_lengshuikeng_full26_backend_2024_v1,qixing_lengshuikeng_main_peak_20260523_osmrefresh_v1_3b,qixing_lengshuikeng_37_1,2024-08-04T00:24:03+00:00,2024-08-04T03:02:34+00:00,relative_humidity_pct,89.555556,,OBSERVED_HISTORICAL_CODIS,OBSERVED,0.9,codis_multistation_activity_window_match_v1; priority=1; station_role=PRIMARY_MOUNTAIN_RIDGE; aggregation=mean; window=activity_time_utc +/- 3h; historical observed evidence only; no scoring authorization,0,0,0,9,,466910,鞍部,CODiS.HistoricalHourly,2024-08-03T22:00:00+00:00,2024-08-04T06:00:00+00:00,True,False,False,False,False,False,False,"CODiS historical observed evidence only; IB3W context layer; no THCI, radar, or final hiking risk scoring authorization.",True,466910,鞍部,PRIMARY_MOUNTAIN_RIDGE,1,mean,3,relative_humidity_pct
ib3w_weather_inference_fallback_prototype_v1,qixing_lengshuikeng_full26_backend_2024_v1,qixing_lengshuikeng_main_peak_20260523_osmrefresh_v1_3b,qixing_lengshuikeng_37_1,2024-08-04T00:24:03+00:00,2024-08-04T03:02:34+00:00,pressure_hpa,918.566667,,OBSERVED_HISTORICAL_CODIS,OBSERVED,0.9,codis_multistation_activity_window_match_v1; priority=1; station_role=PRIMARY_MOUNTAIN_RIDGE; aggregation=mean; window=activity_time_utc +/- 3h; historical observed evidence only; no scoring authorization,0,0,0,9,,466910,鞍部,CODiS.HistoricalHourly,2024-08-03T22:00:00+00:00,2024-08-04T06:00:00+00:00,True,False,False,False,False,False,False,"CODiS historical observed evidence only; IB3W context layer; no THCI, radar, or final hiking risk scoring authorization.",True,466910,鞍部,PRIMARY_MOUNTAIN_RIDGE,1,mean,3,station_pressure_hpa
ib3w_weather_inference_fallback_prototype_v1,qixing_lengshuikeng_full26_backend_2024_v1,qixing_lengshuikeng_main_peak_20260523_osmrefresh_v1_3b,qixing_lengshuikeng_37_1,2024-08-04T00:24:03+00:00,2024-08-04T03:02:34+00:00,wind_speed_ms,1.777778,,OBSERVED_HISTORICAL_CODIS,OBSERVED,0.9,codis_multistation_activity_window_match_v1; priority=1; station_role=PRIMARY_MOUNTAIN_RIDGE; aggregation=mean; window=activity_time_utc +/- 3h; historical observed evidence only; no scoring authorization,0,0,0,9,,466910,鞍部,CODiS.HistoricalHourly,2024-08-03T22:00:00+00:00,2024-08-04T06:00:00+00:00,True,False,False,False,False,False,False,"CODiS historical observed evidence only; IB3W context layer; no THCI, radar, or final hiking risk scoring authorization.",True,466910,鞍部,PRIMARY_MOUNTAIN_RIDGE,1,mean,3,wind_speed_mps
ib3w_weather_inference_fallback_prototype_v1,qixing_lengshuikeng_full26_backend_2024_v1,qixing_lengshuikeng_main_peak_20260523_osmrefresh_v1_3b,qixing_lengshuikeng_37_1,2024-08-04T00:24:03+00:00,2024-08-04T03:02:34+00:00,wind_direction_deg,332.414318,,OBSERVED_HISTORICAL_CODIS,OBSERVED,0.9,codis_multistation_activity_window_match_v1; priority=1; station_role=PRIMARY_MOUNTAIN_RIDGE; aggregation=circular_mean_deg; window=activity_time_utc +/- 3h; historical observed evidence only; no scoring authorization,0,0,0,8,,466910,鞍部,CODiS.HistoricalHourly,2024-08-03T22:00:00+00:00,2024-08-04T06:00:00+00:00,True,False,False,False,False,False,False,"CODiS historical observed evidence only; IB3W context layer; no THCI, radar, or final hiking risk scoring authorization.",True,466910,鞍部,PRIMARY_MOUNTAIN_RIDGE,1,circular_mean_deg,3,wind_direction_deg
ib3w_weather_inference_fallback_prototype_v1,qixing_lengshuikeng_full26_backend_2024_v1,qixing_lengshuikeng_main_peak_20260523_osmrefresh_v1_3b,qixing_lengshuikeng_37_1,2024-08-04T00:24:03+00:00,2024-08-04T03:02:34+00:00,wind_gust_ms,7.1,,OBSERVED_HISTORICAL_CODIS,OBSERVED,0.9,codis_multistation_activity_window_match_v1; priority=1; station_role=PRIMARY_MOUNTAIN_RIDGE; aggregation=max; window=activity_time_utc +/- 3h; historical observed evidence only; no scoring authorization,0,0,0,9,,466910,鞍部,CODiS.HistoricalHourly,2024-08-03T22:00:00+00:00,2024-08-04T06:00:00+00:00,True,False,False,False,False,False,False,"CODiS historical observed evidence only; IB3W context layer; no THCI, radar, or final hiking risk scoring authorization.",True,466910,鞍部,PRIMARY_MOUNTAIN_RIDGE,1,max,3,wind_gust_mps
ib3w_weather_inference_fallback_prototype_v1,qixing_lengshuikeng_full26_backend_2024_v1,qixing_lengshuikeng_main_peak_20260523_osmrefresh_v1_3b,qixing_lengshuikeng_37_1,2024-08-04T00:24:03+00:00,2024-08-04T03:02:34+00:00,sunshine_duration_min,222,,OBSERVED_HISTORICAL_CODIS,OBSERVED,0.9,codis_multistation_activity_window_match_v1; priority=1; station_role=PRIMARY_MOUNTAIN_RIDGE; aggregation=sum_x60; window=activity_time_utc +/- 3h; historical observed evidence only; no scoring authorization,0,0,0,9,,466910,鞍部,CODiS.HistoricalHourly,2024-08-03T22:00:00+00:00,2024-08-04T06:00:00+00:00,True,False,False,False,False,False,False,"CODiS historical observed evidence only; IB3W context layer; no THCI, radar, or final hiking risk scoring authorization.",True,466910,鞍部,PRIMARY_MOUNTAIN_RIDGE,1,sum_x60,3,sunshine_hour
ib3w_weather_inference_fallback_prototype_v1,qixing_lengshuikeng_full26_backend_2024_v1,qixing_lengshuikeng_main_peak_20260523_osmrefresh_v1_3b,qixing_lengshuikeng_37_1,2024-08-04T00:24:03+00:00,2024-08-04T03:02:34+00:00,visibility_m,,,UNAVAILABLE,MISSING,0.0,"no direct, +/- 7 day same-hour, neighboring-station, or climatology evidence available",7,7,7,0,,,,,,,False,False,True,False,False,False,False,Evidence prototype only; no scoring authorization.,False,,,,,,,
ib3w_weather_inference_fallback_prototype_v1,qixing_lengshuikeng_full26_backend_2024_v1,qixing_lengshuikeng_main_peak_20260523_osmrefresh_v1_3b,qixing_lengshuikeng_37_1,2024-08-04T00:24:03+00:00,2024-08-04T03:02:34+00:00,uv_index,7,,OBSERVED_HISTORICAL_CODIS,OBSERVED,0.9,codis_multistation_activity_window_match_v1; priority=1; station_role=PRIMARY_MOUNTAIN_RIDGE; aggregation=max; window=activity_time_utc +/- 3h; historical observed evidence only; no scoring authorization,0,0,0,9,,466910,鞍部,CODiS.HistoricalHourly,2024-08-03T22:00:00+00:00,2024-08-04T06:00:00+00:00,True,False,False,False,False,False,False,"CODiS historical observed evidence only; IB3W context layer; no THCI, radar, or final hiking risk scoring authorization.",True,466910,鞍部,PRIMARY_MOUNTAIN_RIDGE,1,max,3,uvi
ib3w_weather_inference_fallback_prototype_v1,qixing_lengshuikeng_full26_backend_2024_v1,qixing_lengshuikeng_main_peak_20260523_osmrefresh_v1_3b,qixing_lengshuikeng_37_1,2024-08-04T00:24:03+00:00,2024-08-04T03:02:34+00:00,weather,,,UNAVAILABLE,MISSING,0.0,"no direct, +/- 7 day same-hour, neighboring-station, or climatology evidence available",7,7,7,0,,,,,,,False,False,True,False,False,False,False,Evidence prototype only; no scoring authorization.,False,,,,,,,
ib3w_weather_inference_fallback_prototype_v1,qixing_lengshuikeng_full26_backend_2024_v1,qixing_lengshuikeng_main_peak_20260523_osmrefresh_v1_3b,qixing_lengshuikeng_38_1,2024-08-25T00:56:42+00:00,2024-08-25T03:46:28+00:00,precipitation_mm,0,,OBSERVED_HISTORICAL_CODIS,OBSERVED,0.9,codis_multistation_activity_window_match_v1; priority=1; station_role=PRIMARY_MOUNTAIN_RIDGE; aggregation=sum; window=activity_time_utc +/- 3h; historical observed evidence only; no scoring authorization,0,0,0,9,,466910,鞍部,CODiS.HistoricalHourly,2024-08-24T22:00:00+00:00,2024-08-25T06:00:00+00:00,True,False,False,False,False,False,False,"CODiS historical observed evidence only; IB3W context layer; no THCI, radar, or final hiking risk scoring authorization.",True,466910,鞍部,PRIMARY_MOUNTAIN_RIDGE,1,sum,3,precipitation_mm
ib3w_weather_inference_fallback_prototype_v1,qixing_lengshuikeng_full26_backend_2024_v1,qixing_lengshuikeng_main_peak_20260523_osmrefresh_v1_3b,qixing_lengshuikeng_38_1,2024-08-25T00:56:42+00:00,2024-08-25T03:46:28+00:00,precipitation_10min_mm,,,UNAVAILABLE,MISSING,0.0,"no direct, +/- 7 day same-hour, neighboring-station, or climatology evidence available",7,7,7,0,,,,,,,False,False,True,False,False,False,False,Evidence prototype only; no scoring authorization.,False,,,,,,,
ib3w_weather_inference_fallback_prototype_v1,qixing_lengshuikeng_full26_backend_2024_v1,qixing_lengshuikeng_main_peak_20260523_osmrefresh_v1_3b,qixing_lengshuikeng_38_1,2024-08-25T00:56:42+00:00,2024-08-25T03:46:28+00:00,precipitation_1hr_mm,,,UNAVAILABLE,MISSING,0.0,"no direct, +/- 7 day same-hour, neighboring-station, or climatology evidence available",7,7,7,0,,,,,,,False,False,True,False,False,False,False,Evidence prototype only; no scoring authorization.,False,,,,,,,
ib3w_weather_inference_fallback_prototype_v1,qixing_lengshuikeng_full26_backend_2024_v1,qixing_lengshuikeng_main_peak_20260523_osmrefresh_v1_3b,qixing_lengshuikeng_38_1,2024-08-25T00:56:42+00:00,2024-08-25T03:46:28+00:00,temperature_c,24.1,,OBSERVED_HISTORICAL_CODIS,OBSERVED,0.9,codis_multistation_activity_window_match_v1; priority=1; station_role=PRIMARY_MOUNTAIN_RIDGE; aggregation=mean; window=activity_time_utc +/- 3h; historical observed evidence only; no scoring authorization,0,0,0,9,,466910,鞍部,CODiS.HistoricalHourly,2024-08-24T22:00:00+00:00,2024-08-25T06:00:00+00:00,True,False,False,False,False,False,False,"CODiS historical observed evidence only; IB3W context layer; no THCI, radar, or final hiking risk scoring authorization.",True,466910,鞍部,PRIMARY_MOUNTAIN_RIDGE,1,mean,3,temperature_c
ib3w_weather_inference_fallback_prototype_v1,qixing_lengshuikeng_full26_backend_2024_v1,qixing_lengshuikeng_main_peak_20260523_osmrefresh_v1_3b,qixing_lengshuikeng_38_1,2024-08-25T00:56:42+00:00,2024-08-25T03:46:28+00:00,relative_humidity_pct,90.777778,,OBSERVED_HISTORICAL_CODIS,OBSERVED,0.9,codis_multistation_activity_window_match_v1; priority=1; station_role=PRIMARY_MOUNTAIN_RIDGE; aggregation=mean; window=activity_time_utc +/- 3h; historical observed evidence only; no scoring authorization,0,0,0,9,,466910,鞍部,CODiS.HistoricalHourly,2024-08-24T22:00:00+00:00,2024-08-25T06:00:00+00:00,True,False,False,False,False,False,False,"CODiS historical observed evidence only; IB3W context layer; no THCI, radar, or final hiking risk scoring authorization.",True,466910,鞍部,PRIMARY_MOUNTAIN_RIDGE,1,mean,3,relative_humidity_pct
ib3w_weather_inference_fallback_prototype_v1,qixing_lengshuikeng_full26_backend_2024_v1,qixing_lengshuikeng_main_peak_20260523_osmrefresh_v1_3b,qixing_lengshuikeng_38_1,2024-08-25T00:56:42+00:00,2024-08-25T03:46:28+00:00,pressure_hpa,918.888889,,OBSERVED_HISTORICAL_CODIS,OBSERVED,0.9,codis_multistation_activity_window_match_v1; priority=1; station_role=PRIMARY_MOUNTAIN_RIDGE; aggregation=mean; window=activity_time_utc +/- 3h; historical observed evidence only; no scoring authorization,0,0,0,9,,466910,鞍部,CODiS.HistoricalHourly,2024-08-24T22:00:00+00:00,2024-08-25T06:00:00+00:00,True,False,False,False,False,False,False,"CODiS historical observed evidence only; IB3W context layer; no THCI, radar, or final hiking risk scoring authorization.",True,466910,鞍部,PRIMARY_MOUNTAIN_RIDGE,1,mean,3,station_pressure_hpa
ib3w_weather_inference_fallback_prototype_v1,qixing_lengshuikeng_full26_backend_2024_v1,qixing_lengshuikeng_main_peak_20260523_osmrefresh_v1_3b,qixing_lengshuikeng_38_1,2024-08-25T00:56:42+00:00,2024-08-25T03:46:28+00:00,wind_speed_ms,3.177778,,OBSERVED_HISTORICAL_CODIS,OBSERVED,0.9,codis_multistation_activity_window_match_v1; priority=1; station_role=PRIMARY_MOUNTAIN_RIDGE; aggregation=mean; window=activity_time_utc +/- 3h; historical observed evidence only; no scoring authorization,0,0,0,9,,466910,鞍部,CODiS.HistoricalHourly,2024-08-24T22:00:00+00:00,2024-08-25T06:00:00+00:00,True,False,False,False,False,False,False,"CODiS historical observed evidence only; IB3W context layer; no THCI, radar, or final hiking risk scoring authorization.",True,466910,鞍部,PRIMARY_MOUNTAIN_RIDGE,1,mean,3,wind_speed_mps
ib3w_weather_inference_fallback_prototype_v1,qixing_lengshuikeng_full26_backend_2024_v1,qixing_lengshuikeng_main_peak_20260523_osmrefresh_v1_3b,qixing_lengshuikeng_38_1,2024-08-25T00:56:42+00:00,2024-08-25T03:46:28+00:00,wind_direction_deg,349.965953,,OBSERVED_HISTORICAL_CODIS,OBSERVED,0.9,codis_multistation_activity_window_match_v1; priority=1; station_role=PRIMARY_MOUNTAIN_RIDGE; aggregation=circular_mean_deg; window=activity_time_utc +/- 3h; historical observed evidence only; no scoring authorization,0,0,0,9,,466910,鞍部,CODiS.HistoricalHourly,2024-08-24T22:00:00+00:00,2024-08-25T06:00:00+00:00,True,False,False,False,False,False,False,"CODiS historical observed evidence only; IB3W context layer; no THCI, radar, or final hiking risk scoring authorization.",True,466910,鞍部,PRIMARY_MOUNTAIN_RIDGE,1,circular_mean_deg,3,wind_direction_deg
ib3w_weather_inference_fallback_prototype_v1,qixing_lengshuikeng_full26_backend_2024_v1,qixing_lengshuikeng_main_peak_20260523_osmrefresh_v1_3b,qixing_lengshuikeng_38_1,2024-08-25T00:56:42+00:00,2024-08-25T03:46:28+00:00,wind_gust_ms,6.8,,OBSERVED_HISTORICAL_CODIS,OBSERVED,0.9,codis_multistation_activity_window_match_v1; priority=1; station_role=PRIMARY_MOUNTAIN_RIDGE; aggregation=max; window=activity_time_utc +/- 3h; historical observed evidence only; no scoring authorization,0,0,0,9,,466910,鞍部,CODiS.HistoricalHourly,2024-08-24T22:00:00+00:00,2024-08-25T06:00:00+00:00,True,False,False,False,False,False,False,"CODiS historical observed evidence only; IB3W context layer; no THCI, radar, or final hiking risk scoring authorization.",True,466910,鞍部,PRIMARY_MOUNTAIN_RIDGE,1,max,3,wind_gust_mps
ib3w_weather_inference_fallback_prototype_v1,qixing_lengshuikeng_full26_backend_2024_v1,qixing_lengshuikeng_main_peak_20260523_osmrefresh_v1_3b,qixing_lengshuikeng_38_1,2024-08-25T00:56:42+00:00,2024-08-25T03:46:28+00:00,sunshine_duration_min,336,,OBSERVED_HISTORICAL_CODIS,OBSERVED,0.9,codis_multistation_activity_window_match_v1; priority=1; station_role=PRIMARY_MOUNTAIN_RIDGE; aggregation=sum_x60; window=activity_time_utc +/- 3h; historical observed evidence only; no scoring authorization,0,0,0,9,,466910,鞍部,CODiS.HistoricalHourly,2024-08-24T22:00:00+00:00,2024-08-25T06:00:00+00:00,True,False,False,False,False,False,False,"CODiS historical observed evidence only; IB3W context layer; no THCI, radar, or final hiking risk scoring authorization.",True,466910,鞍部,PRIMARY_MOUNTAIN_RIDGE,1,sum_x60,3,sunshine_hour
ib3w_weather_inference_fallback_prototype_v1,qixing_lengshuikeng_full26_backend_2024_v1,qixing_lengshuikeng_main_peak_20260523_osmrefresh_v1_3b,qixing_lengshuikeng_38_1,2024-08-25T00:56:42+00:00,2024-08-25T03:46:28+00:00,visibility_m,,,UNAVAILABLE,MISSING,0.0,"no direct, +/- 7 day same-hour, neighboring-station, or climatology evidence available",7,7,7,0,,,,,,,False,False,True,False,False,False,False,Evidence prototype only; no scoring authorization.,False,,,,,,,
ib3w_weather_inference_fallback_prototype_v1,qixing_lengshuikeng_full26_backend_2024_v1,qixing_lengshuikeng_main_peak_20260523_osmrefresh_v1_3b,qixing_lengshuikeng_38_1,2024-08-25T00:56:42+00:00,2024-08-25T03:46:28+00:00,uv_index,11,,OBSERVED_HISTORICAL_CODIS,OBSERVED,0.9,codis_multistation_activity_window_match_v1; priority=1; station_role=PRIMARY_MOUNTAIN_RIDGE; aggregation=max; window=activity_time_utc +/- 3h; historical observed evidence only; no scoring authorization,0,0,0,9,,466910,鞍部,CODiS.HistoricalHourly,2024-08-24T22:00:00+00:00,2024-08-25T06:00:00+00:00,True,False,False,False,False,False,False,"CODiS historical observed evidence only; IB3W context layer; no THCI, radar, or final hiking risk scoring authorization.",True,466910,鞍部,PRIMARY_MOUNTAIN_RIDGE,1,max,3,uvi
ib3w_weather_inference_fallback_prototype_v1,qixing_lengshuikeng_full26_backend_2024_v1,qixing_lengshuikeng_main_peak_20260523_osmrefresh_v1_3b,qixing_lengshuikeng_38_1,2024-08-25T00:56:42+00:00,2024-08-25T03:46:28+00:00,weather,,,UNAVAILABLE,MISSING,0.0,"no direct, +/- 7 day same-hour, neighboring-station, or climatology evidence available",7,7,7,0,,,,,,,False,False,True,False,False,False,False,Evidence prototype only; no scoring authorization.,False,,,,,,,
ib3w_weather_inference_fallback_prototype_v1,qixing_lengshuikeng_full26_backend_2024_v1,qixing_lengshuikeng_main_peak_20260523_osmrefresh_v1_3b,qixing_lengshuikeng_3_1,2024-09-16T23:43:06+00:00,2024-09-17T01:54:04+00:00,precipitation_mm,0,,OBSERVED_HISTORICAL_CODIS,OBSERVED,0.9,codis_multistation_activity_window_match_v1; priority=1; station_role=PRIMARY_MOUNTAIN_RIDGE; aggregation=sum; window=activity_time_utc +/- 3h; historical observed evidence only; no scoring authorization,0,0,0,8,,466910,鞍部,CODiS.HistoricalHourly,2024-09-16T21:00:00+00:00,2024-09-17T04:00:00+00:00,True,False,False,False,False,False,False,"CODiS historical observed evidence only; IB3W context layer; no THCI, radar, or final hiking risk scoring authorization.",True,466910,鞍部,PRIMARY_MOUNTAIN_RIDGE,1,sum,3,precipitation_mm
ib3w_weather_inference_fallback_prototype_v1,qixing_lengshuikeng_full26_backend_2024_v1,qixing_lengshuikeng_main_peak_20260523_osmrefresh_v1_3b,qixing_lengshuikeng_3_1,2024-09-16T23:43:06+00:00,2024-09-17T01:54:04+00:00,precipitation_10min_mm,,,UNAVAILABLE,MISSING,0.0,"no direct, +/- 7 day same-hour, neighboring-station, or climatology evidence available",7,7,7,0,,,,,,,False,False,True,False,False,False,False,Evidence prototype only; no scoring authorization.,False,,,,,,,
ib3w_weather_inference_fallback_prototype_v1,qixing_lengshuikeng_full26_backend_2024_v1,qixing_lengshuikeng_main_peak_20260523_osmrefresh_v1_3b,qixing_lengshuikeng_3_1,2024-09-16T23:43:06+00:00,2024-09-17T01:54:04+00:00,precipitation_1hr_mm,,,UNAVAILABLE,MISSING,0.0,"no direct, +/- 7 day same-hour, neighboring-station, or climatology evidence available",7,7,7,0,,,,,,,False,False,True,False,False,False,False,Evidence prototype only; no scoring authorization.,False,,,,,,,
ib3w_weather_inference_fallback_prototype_v1,qixing_lengshuikeng_full26_backend_2024_v1,qixing_lengshuikeng_main_peak_20260523_osmrefresh_v1_3b,qixing_lengshuikeng_3_1,2024-09-16T23:43:06+00:00,2024-09-17T01:54:04+00:00,temperature_c,23.1125,,OBSERVED_HISTORICAL_CODIS,OBSERVED,0.9,codis_multistation_activity_window_match_v1; priority=1; station_role=PRIMARY_MOUNTAIN_RIDGE; aggregation=mean; window=activity_time_utc +/- 3h; historical observed evidence only; no scoring authorization,0,0,0,8,,466910,鞍部,CODiS.HistoricalHourly,2024-09-16T21:00:00+00:00,2024-09-17T04:00:00+00:00,True,False,False,False,False,False,False,"CODiS historical observed evidence only; IB3W context layer; no THCI, radar, or final hiking risk scoring authorization.",True,466910,鞍部,PRIMARY_MOUNTAIN_RIDGE,1,mean,3,temperature_c
ib3w_weather_inference_fallback_prototype_v1,qixing_lengshuikeng_full26_backend_2024_v1,qixing_lengshuikeng_main_peak_20260523_osmrefresh_v1_3b,qixing_lengshuikeng_3_1,2024-09-16T23:43:06+00:00,2024-09-17T01:54:04+00:00,relative_humidity_pct,94,,OBSERVED_HISTORICAL_CODIS,OBSERVED,0.9,codis_multistation_activity_window_match_v1; priority=1; station_role=PRIMARY_MOUNTAIN_RIDGE; aggregation=mean; window=activity_time_utc +/- 3h; historical observed evidence only; no scoring authorization,0,0,0,8,,466910,鞍部,CODiS.HistoricalHourly,2024-09-16T21:00:00+00:00,2024-09-17T04:00:00+00:00,True,False,False,False,False,False,False,"CODiS historical observed evidence only; IB3W context layer; no THCI, radar, or final hiking risk scoring authorization.",True,466910,鞍部,PRIMARY_MOUNTAIN_RIDGE,1,mean,3,relative_humidity_pct
ib3w_weather_inference_fallback_prototype_v1,qixing_lengshuikeng_full26_backend_2024_v1,qixing_lengshuikeng_main_peak_20260523_osmrefresh_v1_3b,qixing_lengshuikeng_3_1,2024-09-16T23:43:06+00:00,2024-09-17T01:54:04+00:00,pressure_hpa,916.4,,OBSERVED_HISTORICAL_CODIS,OBSERVED,0.9,codis_multistation_activity_window_match_v1; priority=1; station_role=PRIMARY_MOUNTAIN_RIDGE; aggregation=mean; window=activity_time_utc +/- 3h; historical observed evidence only; no scoring authorization,0,0,0,8,,466910,鞍部,CODiS.HistoricalHourly,2024-09-16T21:00:00+00:00,2024-09-17T04:00:00+00:00,True,False,False,False,False,False,False,"CODiS historical observed evidence only; IB3W context layer; no THCI, radar, or final hiking risk scoring authorization.",True,466910,鞍部,PRIMARY_MOUNTAIN_RIDGE,1,mean,3,station_pressure_hpa
ib3w_weather_inference_fallback_prototype_v1,qixing_lengshuikeng_full26_backend_2024_v1,qixing_lengshuikeng_main_peak_20260523_osmrefresh_v1_3b,qixing_lengshuikeng_3_1,2024-09-16T23:43:06+00:00,2024-09-17T01:54:04+00:00,wind_speed_ms,4.7625,,OBSERVED_HISTORICAL_CODIS,OBSERVED,0.9,codis_multistation_activity_window_match_v1; priority=1; station_role=PRIMARY_MOUNTAIN_RIDGE; aggregation=mean; window=activity_time_utc +/- 3h; historical observed evidence only; no scoring authorization,0,0,0,8,,466910,鞍部,CODiS.HistoricalHourly,2024-09-16T21:00:00+00:00,2024-09-17T04:00:00+00:00,True,False,False,False,False,False,False,"CODiS historical observed evidence only; IB3W context layer; no THCI, radar, or final hiking risk scoring authorization.",True,466910,鞍部,PRIMARY_MOUNTAIN_RIDGE,1,mean,3,wind_speed_mps
ib3w_weather_inference_fallback_prototype_v1,qixing_lengshuikeng_full26_backend_2024_v1,qixing_lengshuikeng_main_peak_20260523_osmrefresh_v1_3b,qixing_lengshuikeng_3_1,2024-09-16T23:43:06+00:00,2024-09-17T01:54:04+00:00,wind_direction_deg,173.761344,,OBSERVED_HISTORICAL_CODIS,OBSERVED,0.9,codis_multistation_activity_window_match_v1; priority=1; station_role=PRIMARY_MOUNTAIN_RIDGE; aggregation=circular_mean_deg; window=activity_time_utc +/- 3h; historical observed evidence only; no scoring authorization,0,0,0,8,,466910,鞍部,CODiS.HistoricalHourly,2024-09-16T21:00:00+00:00,2024-09-17T04:00:00+00:00,True,False,False,False,False,False,False,"CODiS historical observed evidence only; IB3W context layer; no THCI, radar, or final hiking risk scoring authorization.",True,466910,鞍部,PRIMARY_MOUNTAIN_RIDGE,1,circular_mean_deg,3,wind_direction_deg
ib3w_weather_inference_fallback_prototype_v1,qixing_lengshuikeng_full26_backend_2024_v1,qixing_lengshuikeng_main_peak_20260523_osmrefresh_v1_3b,qixing_lengshuikeng_3_1,2024-09-16T23:43:06+00:00,2024-09-17T01:54:04+00:00,wind_gust_ms,14.7,,OBSERVED_HISTORICAL_CODIS,OBSERVED,0.9,codis_multistation_activity_window_match_v1; priority=1; station_role=PRIMARY_MOUNTAIN_RIDGE; aggregation=max; window=activity_time_utc +/- 3h; historical observed evidence only; no scoring authorization,0,0,0,8,,466910,鞍部,CODiS.HistoricalHourly,2024-09-16T21:00:00+00:00,2024-09-17T04:00:00+00:00,True,False,False,False,False,False,False,"CODiS historical observed evidence only; IB3W context layer; no THCI, radar, or final hiking risk scoring authorization.",True,466910,鞍部,PRIMARY_MOUNTAIN_RIDGE,1,max,3,wind_gust_mps
ib3w_weather_inference_fallback_prototype_v1,qixing_lengshuikeng_full26_backend_2024_v1,qixing_lengshuikeng_main_peak_20260523_osmrefresh_v1_3b,qixing_lengshuikeng_3_1,2024-09-16T23:43:06+00:00,2024-09-17T01:54:04+00:00,sunshine_duration_min,186,,OBSERVED_HISTORICAL_CODIS,OBSERVED,0.9,codis_multistation_activity_window_match_v1; priority=1; station_role=PRIMARY_MOUNTAIN_RIDGE; aggregation=sum_x60; window=activity_time_utc +/- 3h; historical observed evidence only; no scoring authorization,0,0,0,7,,466910,鞍部,CODiS.HistoricalHourly,2024-09-16T22:00:00+00:00,2024-09-17T04:00:00+00:00,True,False,False,False,False,False,False,"CODiS historical observed evidence only; IB3W context layer; no THCI, radar, or final hiking risk scoring authorization.",True,466910,鞍部,PRIMARY_MOUNTAIN_RIDGE,1,sum_x60,3,sunshine_hour
ib3w_weather_inference_fallback_prototype_v1,qixing_lengshuikeng_full26_backend_2024_v1,qixing_lengshuikeng_main_peak_20260523_osmrefresh_v1_3b,qixing_lengshuikeng_3_1,2024-09-16T23:43:06+00:00,2024-09-17T01:54:04+00:00,visibility_m,,,UNAVAILABLE,MISSING,0.0,"no direct, +/- 7 day same-hour, neighboring-station, or climatology evidence available",7,7,7,0,,,,,,,False,False,True,False,False,False,False,Evidence prototype only; no scoring authorization.,False,,,,,,,
ib3w_weather_inference_fallback_prototype_v1,qixing_lengshuikeng_full26_backend_2024_v1,qixing_lengshuikeng_main_peak_20260523_osmrefresh_v1_3b,qixing_lengshuikeng_3_1,2024-09-16T23:43:06+00:00,2024-09-17T01:54:04+00:00,uv_index,6,,OBSERVED_HISTORICAL_CODIS,OBSERVED,0.9,codis_multistation_activity_window_match_v1; priority=1; station_role=PRIMARY_MOUNTAIN_RIDGE; aggregation=max; window=activity_time_utc +/- 3h; historical observed evidence only; no scoring authorization,0,0,0,8,,466910,鞍部,CODiS.HistoricalHourly,2024-09-16T21:00:00+00:00,2024-09-17T04:00:00+00:00,True,False,False,False,False,False,False,"CODiS historical observed evidence only; IB3W context layer; no THCI, radar, or final hiking risk scoring authorization.",True,466910,鞍部,PRIMARY_MOUNTAIN_RIDGE,1,max,3,uvi
ib3w_weather_inference_fallback_prototype_v1,qixing_lengshuikeng_full26_backend_2024_v1,qixing_lengshuikeng_main_peak_20260523_osmrefresh_v1_3b,qixing_lengshuikeng_3_1,2024-09-16T23:43:06+00:00,2024-09-17T01:54:04+00:00,weather,,,UNAVAILABLE,MISSING,0.0,"no direct, +/- 7 day same-hour, neighboring-station, or climatology evidence available",7,7,7,0,,,,,,,False,False,True,False,False,False,False,Evidence prototype only; no scoring authorization.,False,,,,,,,
ib3w_weather_inference_fallback_prototype_v1,qixing_lengshuikeng_full26_backend_2024_v1,qixing_lengshuikeng_main_peak_20260523_osmrefresh_v1_3b,qixing_lengshuikeng_40_1,2024-08-25T01:14:06+00:00,2024-08-25T03:22:17+00:00,precipitation_mm,0,,OBSERVED_HISTORICAL_CODIS,OBSERVED,0.9,codis_multistation_activity_window_match_v1; priority=1; station_role=PRIMARY_MOUNTAIN_RIDGE; aggregation=sum; window=activity_time_utc +/- 3h; historical observed evidence only; no scoring authorization,0,0,0,8,,466910,鞍部,CODiS.HistoricalHourly,2024-08-24T23:00:00+00:00,2024-08-25T06:00:00+00:00,True,False,False,False,False,False,False,"CODiS historical observed evidence only; IB3W context layer; no THCI, radar, or final hiking risk scoring authorization.",True,466910,鞍部,PRIMARY_MOUNTAIN_RIDGE,1,sum,3,precipitation_mm
ib3w_weather_inference_fallback_prototype_v1,qixing_lengshuikeng_full26_backend_2024_v1,qixing_lengshuikeng_main_peak_20260523_osmrefresh_v1_3b,qixing_lengshuikeng_40_1,2024-08-25T01:14:06+00:00,2024-08-25T03:22:17+00:00,precipitation_10min_mm,,,UNAVAILABLE,MISSING,0.0,"no direct, +/- 7 day same-hour, neighboring-station, or climatology evidence available",7,7,7,0,,,,,,,False,False,True,False,False,False,False,Evidence prototype only; no scoring authorization.,False,,,,,,,
ib3w_weather_inference_fallback_prototype_v1,qixing_lengshuikeng_full26_backend_2024_v1,qixing_lengshuikeng_main_peak_20260523_osmrefresh_v1_3b,qixing_lengshuikeng_40_1,2024-08-25T01:14:06+00:00,2024-08-25T03:22:17+00:00,precipitation_1hr_mm,,,UNAVAILABLE,MISSING,0.0,"no direct, +/- 7 day same-hour, neighboring-station, or climatology evidence available",7,7,7,0,,,,,,,False,False,True,False,False,False,False,Evidence prototype only; no scoring authorization.,False,,,,,,,
ib3w_weather_inference_fallback_prototype_v1,qixing_lengshuikeng_full26_backend_2024_v1,qixing_lengshuikeng_main_peak_20260523_osmrefresh_v1_3b,qixing_lengshuikeng_40_1,2024-08-25T01:14:06+00:00,2024-08-25T03:22:17+00:00,temperature_c,24.5125,,OBSERVED_HISTORICAL_CODIS,OBSERVED,0.9,codis_multistation_activity_window_match_v1; priority=1; station_role=PRIMARY_MOUNTAIN_RIDGE; aggregation=mean; window=activity_time_utc +/- 3h; historical observed evidence only; no scoring authorization,0,0,0,8,,466910,鞍部,CODiS.HistoricalHourly,2024-08-24T23:00:00+00:00,2024-08-25T06:00:00+00:00,True,False,False,False,False,False,False,"CODiS historical observed evidence only; IB3W context layer; no THCI, radar, or final hiking risk scoring authorization.",True,466910,鞍部,PRIMARY_MOUNTAIN_RIDGE,1,mean,3,temperature_c
ib3w_weather_inference_fallback_prototype_v1,qixing_lengshuikeng_full26_backend_2024_v1,qixing_lengshuikeng_main_peak_20260523_osmrefresh_v1_3b,qixing_lengshuikeng_40_1,2024-08-25T01:14:06+00:00,2024-08-25T03:22:17+00:00,relative_humidity_pct,89.625,,OBSERVED_HISTORICAL_CODIS,OBSERVED,0.9,codis_multistation_activity_window_match_v1; priority=1; station_role=PRIMARY_MOUNTAIN_RIDGE; aggregation=mean; window=activity_time_utc +/- 3h; historical observed evidence only; no scoring authorization,0,0,0,8,,466910,鞍部,CODiS.HistoricalHourly,2024-08-24T23:00:00+00:00,2024-08-25T06:00:00+00:00,True,False,False,False,False,False,False,"CODiS historical observed evidence only; IB3W context layer; no THCI, radar, or final hiking risk scoring authorization.",True,466910,鞍部,PRIMARY_MOUNTAIN_RIDGE,1,mean,3,relative_humidity_pct
ib3w_weather_inference_fallback_prototype_v1,qixing_lengshuikeng_full26_backend_2024_v1,qixing_lengshuikeng_main_peak_20260523_osmrefresh_v1_3b,qixing_lengshuikeng_40_1,2024-08-25T01:14:06+00:00,2024-08-25T03:22:17+00:00,pressure_hpa,918.95,,OBSERVED_HISTORICAL_CODIS,OBSERVED,0.9,codis_multistation_activity_window_match_v1; priority=1; station_role=PRIMARY_MOUNTAIN_RIDGE; aggregation=mean; window=activity_time_utc +/- 3h; historical observed evidence only; no scoring authorization,0,0,0,8,,466910,鞍部,CODiS.HistoricalHourly,2024-08-24T23:00:00+00:00,2024-08-25T06:00:00+00:00,True,False,False,False,False,False,False,"CODiS historical observed evidence only; IB3W context layer; no THCI, radar, or final hiking risk scoring authorization.",True,466910,鞍部,PRIMARY_MOUNTAIN_RIDGE,1,mean,3,station_pressure_hpa
ib3w_weather_inference_fallback_prototype_v1,qixing_lengshuikeng_full26_backend_2024_v1,qixing_lengshuikeng_main_peak_20260523_osmrefresh_v1_3b,qixing_lengshuikeng_40_1,2024-08-25T01:14:06+00:00,2024-08-25T03:22:17+00:00,wind_speed_ms,3.2375,,OBSERVED_HISTORICAL_CODIS,OBSERVED,0.9,codis_multistation_activity_window_match_v1; priority=1; station_role=PRIMARY_MOUNTAIN_RIDGE; aggregation=mean; window=activity_time_utc +/- 3h; historical observed evidence only; no scoring authorization,0,0,0,8,,466910,鞍部,CODiS.HistoricalHourly,2024-08-24T23:00:00+00:00,2024-08-25T06:00:00+00:00,True,False,False,False,False,False,False,"CODiS historical observed evidence only; IB3W context layer; no THCI, radar, or final hiking risk scoring authorization.",True,466910,鞍部,PRIMARY_MOUNTAIN_RIDGE,1,mean,3,wind_speed_mps
ib3w_weather_inference_fallback_prototype_v1,qixing_lengshuikeng_full26_backend_2024_v1,qixing_lengshuikeng_main_peak_20260523_osmrefresh_v1_3b,qixing_lengshuikeng_40_1,2024-08-25T01:14:06+00:00,2024-08-25T03:22:17+00:00,wind_direction_deg,351.221865,,OBSERVED_HISTORICAL_CODIS,OBSERVED,0.9,codis_multistation_activity_window_match_v1; priority=1; station_role=PRIMARY_MOUNTAIN_RIDGE; aggregation=circular_mean_deg; window=activity_time_utc +/- 3h; historical observed evidence only; no scoring authorization,0,0,0,8,,466910,鞍部,CODiS.HistoricalHourly,2024-08-24T23:00:00+00:00,2024-08-25T06:00:00+00:00,True,False,False,False,False,False,False,"CODiS historical observed evidence only; IB3W context layer; no THCI, radar, or final hiking risk scoring authorization.",True,466910,鞍部,PRIMARY_MOUNTAIN_RIDGE,1,circular_mean_deg,3,wind_direction_deg
ib3w_weather_inference_fallback_prototype_v1,qixing_lengshuikeng_full26_backend_2024_v1,qixing_lengshuikeng_main_peak_20260523_osmrefresh_v1_3b,qixing_lengshuikeng_40_1,2024-08-25T01:14:06+00:00,2024-08-25T03:22:17+00:00,wind_gust_ms,6.8,,OBSERVED_HISTORICAL_CODIS,OBSERVED,0.9,codis_multistation_activity_window_match_v1; priority=1; station_role=PRIMARY_MOUNTAIN_RIDGE; aggregation=max; window=activity_time_utc +/- 3h; historical observed evidence only; no scoring authorization,0,0,0,8,,466910,鞍部,CODiS.HistoricalHourly,2024-08-24T23:00:00+00:00,2024-08-25T06:00:00+00:00,True,False,False,False,False,False,False,"CODiS historical observed evidence only; IB3W context layer; no THCI, radar, or final hiking risk scoring authorization.",True,466910,鞍部,PRIMARY_MOUNTAIN_RIDGE,1,max,3,wind_gust_mps
ib3w_weather_inference_fallback_prototype_v1,qixing_lengshuikeng_full26_backend_2024_v1,qixing_lengshuikeng_main_peak_20260523_osmrefresh_v1_3b,qixing_lengshuikeng_40_1,2024-08-25T01:14:06+00:00,2024-08-25T03:22:17+00:00,sunshine_duration_min,336,,OBSERVED_HISTORICAL_CODIS,OBSERVED,0.9,codis_multistation_activity_window_match_v1; priority=1; station_role=PRIMARY_MOUNTAIN_RIDGE; aggregation=sum_x60; window=activity_time_utc +/- 3h; historical observed evidence only; no scoring authorization,0,0,0,8,,466910,鞍部,CODiS.HistoricalHourly,2024-08-24T23:00:00+00:00,2024-08-25T06:00:00+00:00,True,False,False,False,False,False,False,"CODiS historical observed evidence only; IB3W context layer; no THCI, radar, or final hiking risk scoring authorization.",True,466910,鞍部,PRIMARY_MOUNTAIN_RIDGE,1,sum_x60,3,sunshine_hour
ib3w_weather_inference_fallback_prototype_v1,qixing_lengshuikeng_full26_backend_2024_v1,qixing_lengshuikeng_main_peak_20260523_osmrefresh_v1_3b,qixing_lengshuikeng_40_1,2024-08-25T01:14:06+00:00,2024-08-25T03:22:17+00:00,visibility_m,,,UNAVAILABLE,MISSING,0.0,"no direct, +/- 7 day same-hour, neighboring-station, or climatology evidence available",7,7,7,0,,,,,,,False,False,True,False,False,False,False,Evidence prototype only; no scoring authorization.,False,,,,,,,
ib3w_weather_inference_fallback_prototype_v1,qixing_lengshuikeng_full26_backend_2024_v1,qixing_lengshuikeng_main_peak_20260523_osmrefresh_v1_3b,qixing_lengshuikeng_40_1,2024-08-25T01:14:06+00:00,2024-08-25T03:22:17+00:00,uv_index,11,,OBSERVED_HISTORICAL_CODIS,OBSERVED,0.9,codis_multistation_activity_window_match_v1; priority=1; station_role=PRIMARY_MOUNTAIN_RIDGE; aggregation=max; window=activity_time_utc +/- 3h; historical observed evidence only; no scoring authorization,0,0,0,8,,466910,鞍部,CODiS.HistoricalHourly,2024-08-24T23:00:00+00:00,2024-08-25T06:00:00+00:00,True,False,False,False,False,False,False,"CODiS historical observed evidence only; IB3W context layer; no THCI, radar, or final hiking risk scoring authorization.",True,466910,鞍部,PRIMARY_MOUNTAIN_RIDGE,1,max,3,uvi
ib3w_weather_inference_fallback_prototype_v1,qixing_lengshuikeng_full26_backend_2024_v1,qixing_lengshuikeng_main_peak_20260523_osmrefresh_v1_3b,qixing_lengshuikeng_40_1,2024-08-25T01:14:06+00:00,2024-08-25T03:22:17+00:00,weather,,,UNAVAILABLE,MISSING,0.0,"no direct, +/- 7 day same-hour, neighboring-station, or climatology evidence available",7,7,7,0,,,,,,,False,False,True,False,False,False,False,Evidence prototype only; no scoring authorization.,False,,,,,,,
ib3w_weather_inference_fallback_prototype_v1,qixing_lengshuikeng_full26_backend_2024_v1,qixing_lengshuikeng_main_peak_20260523_osmrefresh_v1_3b,qixing_lengshuikeng_41_1,2024-08-25T00:29:17+00:00,2024-08-25T02:26:50+00:00,precipitation_mm,0,,OBSERVED_HISTORICAL_CODIS,OBSERVED,0.9,codis_multistation_activity_window_match_v1; priority=1; station_role=PRIMARY_MOUNTAIN_RIDGE; aggregation=sum; window=activity_time_utc +/- 3h; historical observed evidence only; no scoring authorization,0,0,0,8,,466910,鞍部,CODiS.HistoricalHourly,2024-08-24T22:00:00+00:00,2024-08-25T05:00:00+00:00,True,False,False,False,False,False,False,"CODiS historical observed evidence only; IB3W context layer; no THCI, radar, or final hiking risk scoring authorization.",True,466910,鞍部,PRIMARY_MOUNTAIN_RIDGE,1,sum,3,precipitation_mm
ib3w_weather_inference_fallback_prototype_v1,qixing_lengshuikeng_full26_backend_2024_v1,qixing_lengshuikeng_main_peak_20260523_osmrefresh_v1_3b,qixing_lengshuikeng_41_1,2024-08-25T00:29:17+00:00,2024-08-25T02:26:50+00:00,precipitation_10min_mm,,,UNAVAILABLE,MISSING,0.0,"no direct, +/- 7 day same-hour, neighboring-station, or climatology evidence available",7,7,7,0,,,,,,,False,False,True,False,False,False,False,Evidence prototype only; no scoring authorization.,False,,,,,,,
ib3w_weather_inference_fallback_prototype_v1,qixing_lengshuikeng_full26_backend_2024_v1,qixing_lengshuikeng_main_peak_20260523_osmrefresh_v1_3b,qixing_lengshuikeng_41_1,2024-08-25T00:29:17+00:00,2024-08-25T02:26:50+00:00,precipitation_1hr_mm,,,UNAVAILABLE,MISSING,0.0,"no direct, +/- 7 day same-hour, neighboring-station, or climatology evidence available",7,7,7,0,,,,,,,False,False,True,False,False,False,False,Evidence prototype only; no scoring authorization.,False,,,,,,,
ib3w_weather_inference_fallback_prototype_v1,qixing_lengshuikeng_full26_backend_2024_v1,qixing_lengshuikeng_main_peak_20260523_osmrefresh_v1_3b,qixing_lengshuikeng_41_1,2024-08-25T00:29:17+00:00,2024-08-25T02:26:50+00:00,temperature_c,23.8,,OBSERVED_HISTORICAL_CODIS,OBSERVED,0.9,codis_multistation_activity_window_match_v1; priority=1; station_role=PRIMARY_MOUNTAIN_RIDGE; aggregation=mean; window=activity_time_utc +/- 3h; historical observed evidence only; no scoring authorization,0,0,0,8,,466910,鞍部,CODiS.HistoricalHourly,2024-08-24T22:00:00+00:00,2024-08-25T05:00:00+00:00,True,False,False,False,False,False,False,"CODiS historical observed evidence only; IB3W context layer; no THCI, radar, or final hiking risk scoring authorization.",True,466910,鞍部,PRIMARY_MOUNTAIN_RIDGE,1,mean,3,temperature_c
ib3w_weather_inference_fallback_prototype_v1,qixing_lengshuikeng_full26_backend_2024_v1,qixing_lengshuikeng_main_peak_20260523_osmrefresh_v1_3b,qixing_lengshuikeng_41_1,2024-08-25T00:29:17+00:00,2024-08-25T02:26:50+00:00,relative_humidity_pct,91.375,,OBSERVED_HISTORICAL_CODIS,OBSERVED,0.9,codis_multistation_activity_window_match_v1; priority=1; station_role=PRIMARY_MOUNTAIN_RIDGE; aggregation=mean; window=activity_time_utc +/- 3h; historical observed evidence only; no scoring authorization,0,0,0,8,,466910,鞍部,CODiS.HistoricalHourly,2024-08-24T22:00:00+00:00,2024-08-25T05:00:00+00:00,True,False,False,False,False,False,False,"CODiS historical observed evidence only; IB3W context layer; no THCI, radar, or final hiking risk scoring authorization.",True,466910,鞍部,PRIMARY_MOUNTAIN_RIDGE,1,mean,3,relative_humidity_pct
ib3w_weather_inference_fallback_prototype_v1,qixing_lengshuikeng_full26_backend_2024_v1,qixing_lengshuikeng_main_peak_20260523_osmrefresh_v1_3b,qixing_lengshuikeng_41_1,2024-08-25T00:29:17+00:00,2024-08-25T02:26:50+00:00,pressure_hpa,919.0375,,OBSERVED_HISTORICAL_CODIS,OBSERVED,0.9,codis_multistation_activity_window_match_v1; priority=1; station_role=PRIMARY_MOUNTAIN_RIDGE; aggregation=mean; window=activity_time_utc +/- 3h; historical observed evidence only; no scoring authorization,0,0,0,8,,466910,鞍部,CODiS.HistoricalHourly,2024-08-24T22:00:00+00:00,2024-08-25T05:00:00+00:00,True,False,False,False,False,False,False,"CODiS historical observed evidence only; IB3W context layer; no THCI, radar, or final hiking risk scoring authorization.",True,466910,鞍部,PRIMARY_MOUNTAIN_RIDGE,1,mean,3,station_pressure_hpa
ib3w_weather_inference_fallback_prototype_v1,qixing_lengshuikeng_full26_backend_2024_v1,qixing_lengshuikeng_main_peak_20260523_osmrefresh_v1_3b,qixing_lengshuikeng_41_1,2024-08-25T00:29:17+00:00,2024-08-25T02:26:50+00:00,wind_speed_ms,3.1125,,OBSERVED_HISTORICAL_CODIS,OBSERVED,0.9,codis_multistation_activity_window_match_v1; priority=1; station_role=PRIMARY_MOUNTAIN_RIDGE; aggregation=mean; window=activity_time_utc +/- 3h; historical observed evidence only; no scoring authorization,0,0,0,8,,466910,鞍部,CODiS.HistoricalHourly,2024-08-24T22:00:00+00:00,2024-08-25T05:00:00+00:00,True,False,False,False,False,False,False,"CODiS historical observed evidence only; IB3W context layer; no THCI, radar, or final hiking risk scoring authorization.",True,466910,鞍部,PRIMARY_MOUNTAIN_RIDGE,1,mean,3,wind_speed_mps
ib3w_weather_inference_fallback_prototype_v1,qixing_lengshuikeng_full26_backend_2024_v1,qixing_lengshuikeng_main_peak_20260523_osmrefresh_v1_3b,qixing_lengshuikeng_41_1,2024-08-25T00:29:17+00:00,2024-08-25T02:26:50+00:00,wind_direction_deg,349.961631,,OBSERVED_HISTORICAL_CODIS,OBSERVED,0.9,codis_multistation_activity_window_match_v1; priority=1; station_role=PRIMARY_MOUNTAIN_RIDGE; aggregation=circular_mean_deg; window=activity_time_utc +/- 3h; historical observed evidence only; no scoring authorization,0,0,0,8,,466910,鞍部,CODiS.HistoricalHourly,2024-08-24T22:00:00+00:00,2024-08-25T05:00:00+00:00,True,False,False,False,False,False,False,"CODiS historical observed evidence only; IB3W context layer; no THCI, radar, or final hiking risk scoring authorization.",True,466910,鞍部,PRIMARY_MOUNTAIN_RIDGE,1,circular_mean_deg,3,wind_direction_deg
ib3w_weather_inference_fallback_prototype_v1,qixing_lengshuikeng_full26_backend_2024_v1,qixing_lengshuikeng_main_peak_20260523_osmrefresh_v1_3b,qixing_lengshuikeng_41_1,2024-08-25T00:29:17+00:00,2024-08-25T02:26:50+00:00,wind_gust_ms,6.8,,OBSERVED_HISTORICAL_CODIS,OBSERVED,0.9,codis_multistation_activity_window_match_v1; priority=1; station_role=PRIMARY_MOUNTAIN_RIDGE; aggregation=max; window=activity_time_utc +/- 3h; historical observed evidence only; no scoring authorization,0,0,0,8,,466910,鞍部,CODiS.HistoricalHourly,2024-08-24T22:00:00+00:00,2024-08-25T05:00:00+00:00,True,False,False,False,False,False,False,"CODiS historical observed evidence only; IB3W context layer; no THCI, radar, or final hiking risk scoring authorization.",True,466910,鞍部,PRIMARY_MOUNTAIN_RIDGE,1,max,3,wind_gust_mps
ib3w_weather_inference_fallback_prototype_v1,qixing_lengshuikeng_full26_backend_2024_v1,qixing_lengshuikeng_main_peak_20260523_osmrefresh_v1_3b,qixing_lengshuikeng_41_1,2024-08-25T00:29:17+00:00,2024-08-25T02:26:50+00:00,sunshine_duration_min,300,,OBSERVED_HISTORICAL_CODIS,OBSERVED,0.9,codis_multistation_activity_window_match_v1; priority=1; station_role=PRIMARY_MOUNTAIN_RIDGE; aggregation=sum_x60; window=activity_time_utc +/- 3h; historical observed evidence only; no scoring authorization,0,0,0,8,,466910,鞍部,CODiS.HistoricalHourly,2024-08-24T22:00:00+00:00,2024-08-25T05:00:00+00:00,True,False,False,False,False,False,False,"CODiS historical observed evidence only; IB3W context layer; no THCI, radar, or final hiking risk scoring authorization.",True,466910,鞍部,PRIMARY_MOUNTAIN_RIDGE,1,sum_x60,3,sunshine_hour
ib3w_weather_inference_fallback_prototype_v1,qixing_lengshuikeng_full26_backend_2024_v1,qixing_lengshuikeng_main_peak_20260523_osmrefresh_v1_3b,qixing_lengshuikeng_41_1,2024-08-25T00:29:17+00:00,2024-08-25T02:26:50+00:00,visibility_m,,,UNAVAILABLE,MISSING,0.0,"no direct, +/- 7 day same-hour, neighboring-station, or climatology evidence available",7,7,7,0,,,,,,,False,False,True,False,False,False,False,Evidence prototype only; no scoring authorization.,False,,,,,,,
ib3w_weather_inference_fallback_prototype_v1,qixing_lengshuikeng_full26_backend_2024_v1,qixing_lengshuikeng_main_peak_20260523_osmrefresh_v1_3b,qixing_lengshuikeng_41_1,2024-08-25T00:29:17+00:00,2024-08-25T02:26:50+00:00,uv_index,11,,OBSERVED_HISTORICAL_CODIS,OBSERVED,0.9,codis_multistation_activity_window_match_v1; priority=1; station_role=PRIMARY_MOUNTAIN_RIDGE; aggregation=max; window=activity_time_utc +/- 3h; historical observed evidence only; no scoring authorization,0,0,0,8,,466910,鞍部,CODiS.HistoricalHourly,2024-08-24T22:00:00+00:00,2024-08-25T05:00:00+00:00,True,False,False,False,False,False,False,"CODiS historical observed evidence only; IB3W context layer; no THCI, radar, or final hiking risk scoring authorization.",True,466910,鞍部,PRIMARY_MOUNTAIN_RIDGE,1,max,3,uvi
ib3w_weather_inference_fallback_prototype_v1,qixing_lengshuikeng_full26_backend_2024_v1,qixing_lengshuikeng_main_peak_20260523_osmrefresh_v1_3b,qixing_lengshuikeng_41_1,2024-08-25T00:29:17+00:00,2024-08-25T02:26:50+00:00,weather,,,UNAVAILABLE,MISSING,0.0,"no direct, +/- 7 day same-hour, neighboring-station, or climatology evidence available",7,7,7,0,,,,,,,False,False,True,False,False,False,False,Evidence prototype only; no scoring authorization.,False,,,,,,,
ib3w_weather_inference_fallback_prototype_v1,qixing_lengshuikeng_full26_backend_2024_v1,qixing_lengshuikeng_main_peak_20260523_osmrefresh_v1_3b,qixing_lengshuikeng_42_1,2024-08-26T00:46:25+00:00,2024-08-26T03:37:31+00:00,precipitation_mm,0,,OBSERVED_HISTORICAL_CODIS,OBSERVED,0.9,codis_multistation_activity_window_match_v1; priority=1; station_role=PRIMARY_MOUNTAIN_RIDGE; aggregation=sum; window=activity_time_utc +/- 3h; historical observed evidence only; no scoring authorization,0,0,0,9,,466910,鞍部,CODiS.HistoricalHourly,2024-08-25T22:00:00+00:00,2024-08-26T06:00:00+00:00,True,False,False,False,False,False,False,"CODiS historical observed evidence only; IB3W context layer; no THCI, radar, or final hiking risk scoring authorization.",True,466910,鞍部,PRIMARY_MOUNTAIN_RIDGE,1,sum,3,precipitation_mm
ib3w_weather_inference_fallback_prototype_v1,qixing_lengshuikeng_full26_backend_2024_v1,qixing_lengshuikeng_main_peak_20260523_osmrefresh_v1_3b,qixing_lengshuikeng_42_1,2024-08-26T00:46:25+00:00,2024-08-26T03:37:31+00:00,precipitation_10min_mm,,,UNAVAILABLE,MISSING,0.0,"no direct, +/- 7 day same-hour, neighboring-station, or climatology evidence available",7,7,7,0,,,,,,,False,False,True,False,False,False,False,Evidence prototype only; no scoring authorization.,False,,,,,,,
ib3w_weather_inference_fallback_prototype_v1,qixing_lengshuikeng_full26_backend_2024_v1,qixing_lengshuikeng_main_peak_20260523_osmrefresh_v1_3b,qixing_lengshuikeng_42_1,2024-08-26T00:46:25+00:00,2024-08-26T03:37:31+00:00,precipitation_1hr_mm,,,UNAVAILABLE,MISSING,0.0,"no direct, +/- 7 day same-hour, neighboring-station, or climatology evidence available",7,7,7,0,,,,,,,False,False,True,False,False,False,False,Evidence prototype only; no scoring authorization.,False,,,,,,,
ib3w_weather_inference_fallback_prototype_v1,qixing_lengshuikeng_full26_backend_2024_v1,qixing_lengshuikeng_main_peak_20260523_osmrefresh_v1_3b,qixing_lengshuikeng_42_1,2024-08-26T00:46:25+00:00,2024-08-26T03:37:31+00:00,temperature_c,23.855556,,OBSERVED_HISTORICAL_CODIS,OBSERVED,0.9,codis_multistation_activity_window_match_v1; priority=1; station_role=PRIMARY_MOUNTAIN_RIDGE; aggregation=mean; window=activity_time_utc +/- 3h; historical observed evidence only; no scoring authorization,0,0,0,9,,466910,鞍部,CODiS.HistoricalHourly,2024-08-25T22:00:00+00:00,2024-08-26T06:00:00+00:00,True,False,False,False,False,False,False,"CODiS historical observed evidence only; IB3W context layer; no THCI, radar, or final hiking risk scoring authorization.",True,466910,鞍部,PRIMARY_MOUNTAIN_RIDGE,1,mean,3,temperature_c
ib3w_weather_inference_fallback_prototype_v1,qixing_lengshuikeng_full26_backend_2024_v1,qixing_lengshuikeng_main_peak_20260523_osmrefresh_v1_3b,qixing_lengshuikeng_42_1,2024-08-26T00:46:25+00:00,2024-08-26T03:37:31+00:00,relative_humidity_pct,89.666667,,OBSERVED_HISTORICAL_CODIS,OBSERVED,0.9,codis_multistation_activity_window_match_v1; priority=1; station_role=PRIMARY_MOUNTAIN_RIDGE; aggregation=mean; window=activity_time_utc +/- 3h; historical observed evidence only; no scoring authorization,0,0,0,9,,466910,鞍部,CODiS.HistoricalHourly,2024-08-25T22:00:00+00:00,2024-08-26T06:00:00+00:00,True,False,False,False,False,False,False,"CODiS historical observed evidence only; IB3W context layer; no THCI, radar, or final hiking risk scoring authorization.",True,466910,鞍部,PRIMARY_MOUNTAIN_RIDGE,1,mean,3,relative_humidity_pct
ib3w_weather_inference_fallback_prototype_v1,qixing_lengshuikeng_full26_backend_2024_v1,qixing_lengshuikeng_main_peak_20260523_osmrefresh_v1_3b,qixing_lengshuikeng_42_1,2024-08-26T00:46:25+00:00,2024-08-26T03:37:31+00:00,pressure_hpa,917.088889,,OBSERVED_HISTORICAL_CODIS,OBSERVED,0.9,codis_multistation_activity_window_match_v1; priority=1; station_role=PRIMARY_MOUNTAIN_RIDGE; aggregation=mean; window=activity_time_utc +/- 3h; historical observed evidence only; no scoring authorization,0,0,0,9,,466910,鞍部,CODiS.HistoricalHourly,2024-08-25T22:00:00+00:00,2024-08-26T06:00:00+00:00,True,False,False,False,False,False,False,"CODiS historical observed evidence only; IB3W context layer; no THCI, radar, or final hiking risk scoring authorization.",True,466910,鞍部,PRIMARY_MOUNTAIN_RIDGE,1,mean,3,station_pressure_hpa
ib3w_weather_inference_fallback_prototype_v1,qixing_lengshuikeng_full26_backend_2024_v1,qixing_lengshuikeng_main_peak_20260523_osmrefresh_v1_3b,qixing_lengshuikeng_42_1,2024-08-26T00:46:25+00:00,2024-08-26T03:37:31+00:00,wind_speed_ms,3.055556,,OBSERVED_HISTORICAL_CODIS,OBSERVED,0.9,codis_multistation_activity_window_match_v1; priority=1; station_role=PRIMARY_MOUNTAIN_RIDGE; aggregation=mean; window=activity_time_utc +/- 3h; historical observed evidence only; no scoring authorization,0,0,0,9,,466910,鞍部,CODiS.HistoricalHourly,2024-08-25T22:00:00+00:00,2024-08-26T06:00:00+00:00,True,False,False,False,False,False,False,"CODiS historical observed evidence only; IB3W context layer; no THCI, radar, or final hiking risk scoring authorization.",True,466910,鞍部,PRIMARY_MOUNTAIN_RIDGE,1,mean,3,wind_speed_mps
ib3w_weather_inference_fallback_prototype_v1,qixing_lengshuikeng_full26_backend_2024_v1,qixing_lengshuikeng_main_peak_20260523_osmrefresh_v1_3b,qixing_lengshuikeng_42_1,2024-08-26T00:46:25+00:00,2024-08-26T03:37:31+00:00,wind_direction_deg,354.208356,,OBSERVED_HISTORICAL_CODIS,OBSERVED,0.9,codis_multistation_activity_window_match_v1; priority=1; station_role=PRIMARY_MOUNTAIN_RIDGE; aggregation=circular_mean_deg; window=activity_time_utc +/- 3h; historical observed evidence only; no scoring authorization,0,0,0,9,,466910,鞍部,CODiS.HistoricalHourly,2024-08-25T22:00:00+00:00,2024-08-26T06:00:00+00:00,True,False,False,False,False,False,False,"CODiS historical observed evidence only; IB3W context layer; no THCI, radar, or final hiking risk scoring authorization.",True,466910,鞍部,PRIMARY_MOUNTAIN_RIDGE,1,circular_mean_deg,3,wind_direction_deg
ib3w_weather_inference_fallback_prototype_v1,qixing_lengshuikeng_full26_backend_2024_v1,qixing_lengshuikeng_main_peak_20260523_osmrefresh_v1_3b,qixing_lengshuikeng_42_1,2024-08-26T00:46:25+00:00,2024-08-26T03:37:31+00:00,wind_gust_ms,7.4,,OBSERVED_HISTORICAL_CODIS,OBSERVED,0.9,codis_multistation_activity_window_match_v1; priority=1; station_role=PRIMARY_MOUNTAIN_RIDGE; aggregation=max; window=activity_time_utc +/- 3h; historical observed evidence only; no scoring authorization,0,0,0,9,,466910,鞍部,CODiS.HistoricalHourly,2024-08-25T22:00:00+00:00,2024-08-26T06:00:00+00:00,True,False,False,False,False,False,False,"CODiS historical observed evidence only; IB3W context layer; no THCI, radar, or final hiking risk scoring authorization.",True,466910,鞍部,PRIMARY_MOUNTAIN_RIDGE,1,max,3,wind_gust_mps
ib3w_weather_inference_fallback_prototype_v1,qixing_lengshuikeng_full26_backend_2024_v1,qixing_lengshuikeng_main_peak_20260523_osmrefresh_v1_3b,qixing_lengshuikeng_42_1,2024-08-26T00:46:25+00:00,2024-08-26T03:37:31+00:00,sunshine_duration_min,294,,OBSERVED_HISTORICAL_CODIS,OBSERVED,0.9,codis_multistation_activity_window_match_v1; priority=1; station_role=PRIMARY_MOUNTAIN_RIDGE; aggregation=sum_x60; window=activity_time_utc +/- 3h; historical observed evidence only; no scoring authorization,0,0,0,9,,466910,鞍部,CODiS.HistoricalHourly,2024-08-25T22:00:00+00:00,2024-08-26T06:00:00+00:00,True,False,False,False,False,False,False,"CODiS historical observed evidence only; IB3W context layer; no THCI, radar, or final hiking risk scoring authorization.",True,466910,鞍部,PRIMARY_MOUNTAIN_RIDGE,1,sum_x60,3,sunshine_hour
ib3w_weather_inference_fallback_prototype_v1,qixing_lengshuikeng_full26_backend_2024_v1,qixing_lengshuikeng_main_peak_20260523_osmrefresh_v1_3b,qixing_lengshuikeng_42_1,2024-08-26T00:46:25+00:00,2024-08-26T03:37:31+00:00,visibility_m,,,UNAVAILABLE,MISSING,0.0,"no direct, +/- 7 day same-hour, neighboring-station, or climatology evidence available",7,7,7,0,,,,,,,False,False,True,False,False,False,False,Evidence prototype only; no scoring authorization.,False,,,,,,,
ib3w_weather_inference_fallback_prototype_v1,qixing_lengshuikeng_full26_backend_2024_v1,qixing_lengshuikeng_main_peak_20260523_osmrefresh_v1_3b,qixing_lengshuikeng_42_1,2024-08-26T00:46:25+00:00,2024-08-26T03:37:31+00:00,uv_index,8,,OBSERVED_HISTORICAL_CODIS,OBSERVED,0.9,codis_multistation_activity_window_match_v1; priority=1; station_role=PRIMARY_MOUNTAIN_RIDGE; aggregation=max; window=activity_time_utc +/- 3h; historical observed evidence only; no scoring authorization,0,0,0,9,,466910,鞍部,CODiS.HistoricalHourly,2024-08-25T22:00:00+00:00,2024-08-26T06:00:00+00:00,True,False,False,False,False,False,False,"CODiS historical observed evidence only; IB3W context layer; no THCI, radar, or final hiking risk scoring authorization.",True,466910,鞍部,PRIMARY_MOUNTAIN_RIDGE,1,max,3,uvi
ib3w_weather_inference_fallback_prototype_v1,qixing_lengshuikeng_full26_backend_2024_v1,qixing_lengshuikeng_main_peak_20260523_osmrefresh_v1_3b,qixing_lengshuikeng_42_1,2024-08-26T00:46:25+00:00,2024-08-26T03:37:31+00:00,weather,,,UNAVAILABLE,MISSING,0.0,"no direct, +/- 7 day same-hour, neighboring-station, or climatology evidence available",7,7,7,0,,,,,,,False,False,True,False,False,False,False,Evidence prototype only; no scoring authorization.,False,,,,,,,
ib3w_weather_inference_fallback_prototype_v1,qixing_lengshuikeng_full26_backend_2024_v1,qixing_lengshuikeng_main_peak_20260523_osmrefresh_v1_3b,qixing_lengshuikeng_43_1,2024-08-25T00:07:00+00:00,2024-08-25T03:17:32+00:00,precipitation_mm,0,,OBSERVED_HISTORICAL_CODIS,OBSERVED,0.9,codis_multistation_activity_window_match_v1; priority=1; station_role=PRIMARY_MOUNTAIN_RIDGE; aggregation=sum; window=activity_time_utc +/- 3h; historical observed evidence only; no scoring authorization,0,0,0,9,,466910,鞍部,CODiS.HistoricalHourly,2024-08-24T22:00:00+00:00,2024-08-25T06:00:00+00:00,True,False,False,False,False,False,False,"CODiS historical observed evidence only; IB3W context layer; no THCI, radar, or final hiking risk scoring authorization.",True,466910,鞍部,PRIMARY_MOUNTAIN_RIDGE,1,sum,3,precipitation_mm
ib3w_weather_inference_fallback_prototype_v1,qixing_lengshuikeng_full26_backend_2024_v1,qixing_lengshuikeng_main_peak_20260523_osmrefresh_v1_3b,qixing_lengshuikeng_43_1,2024-08-25T00:07:00+00:00,2024-08-25T03:17:32+00:00,precipitation_10min_mm,,,UNAVAILABLE,MISSING,0.0,"no direct, +/- 7 day same-hour, neighboring-station, or climatology evidence available",7,7,7,0,,,,,,,False,False,True,False,False,False,False,Evidence prototype only; no scoring authorization.,False,,,,,,,
ib3w_weather_inference_fallback_prototype_v1,qixing_lengshuikeng_full26_backend_2024_v1,qixing_lengshuikeng_main_peak_20260523_osmrefresh_v1_3b,qixing_lengshuikeng_43_1,2024-08-25T00:07:00+00:00,2024-08-25T03:17:32+00:00,precipitation_1hr_mm,,,UNAVAILABLE,MISSING,0.0,"no direct, +/- 7 day same-hour, neighboring-station, or climatology evidence available",7,7,7,0,,,,,,,False,False,True,False,False,False,False,Evidence prototype only; no scoring authorization.,False,,,,,,,
ib3w_weather_inference_fallback_prototype_v1,qixing_lengshuikeng_full26_backend_2024_v1,qixing_lengshuikeng_main_peak_20260523_osmrefresh_v1_3b,qixing_lengshuikeng_43_1,2024-08-25T00:07:00+00:00,2024-08-25T03:17:32+00:00,temperature_c,24.1,,OBSERVED_HISTORICAL_CODIS,OBSERVED,0.9,codis_multistation_activity_window_match_v1; priority=1; station_role=PRIMARY_MOUNTAIN_RIDGE; aggregation=mean; window=activity_time_utc +/- 3h; historical observed evidence only; no scoring authorization,0,0,0,9,,466910,鞍部,CODiS.HistoricalHourly,2024-08-24T22:00:00+00:00,2024-08-25T06:00:00+00:00,True,False,False,False,False,False,False,"CODiS historical observed evidence only; IB3W context layer; no THCI, radar, or final hiking risk scoring authorization.",True,466910,鞍部,PRIMARY_MOUNTAIN_RIDGE,1,mean,3,temperature_c
ib3w_weather_inference_fallback_prototype_v1,qixing_lengshuikeng_full26_backend_2024_v1,qixing_lengshuikeng_main_peak_20260523_osmrefresh_v1_3b,qixing_lengshuikeng_43_1,2024-08-25T00:07:00+00:00,2024-08-25T03:17:32+00:00,relative_humidity_pct,90.777778,,OBSERVED_HISTORICAL_CODIS,OBSERVED,0.9,codis_multistation_activity_window_match_v1; priority=1; station_role=PRIMARY_MOUNTAIN_RIDGE; aggregation=mean; window=activity_time_utc +/- 3h; historical observed evidence only; no scoring authorization,0,0,0,9,,466910,鞍部,CODiS.HistoricalHourly,2024-08-24T22:00:00+00:00,2024-08-25T06:00:00+00:00,True,False,False,False,False,False,False,"CODiS historical observed evidence only; IB3W context layer; no THCI, radar, or final hiking risk scoring authorization.",True,466910,鞍部,PRIMARY_MOUNTAIN_RIDGE,1,mean,3,relative_humidity_pct
ib3w_weather_inference_fallback_prototype_v1,qixing_lengshuikeng_full26_backend_2024_v1,qixing_lengshuikeng_main_peak_20260523_osmrefresh_v1_3b,qixing_lengshuikeng_43_1,2024-08-25T00:07:00+00:00,2024-08-25T03:17:32+00:00,pressure_hpa,918.888889,,OBSERVED_HISTORICAL_CODIS,OBSERVED,0.9,codis_multistation_activity_window_match_v1; priority=1; station_role=PRIMARY_MOUNTAIN_RIDGE; aggregation=mean; window=activity_time_utc +/- 3h; historical observed evidence only; no scoring authorization,0,0,0,9,,466910,鞍部,CODiS.HistoricalHourly,2024-08-24T22:00:00+00:00,2024-08-25T06:00:00+00:00,True,False,False,False,False,False,False,"CODiS historical observed evidence only; IB3W context layer; no THCI, radar, or final hiking risk scoring authorization.",True,466910,鞍部,PRIMARY_MOUNTAIN_RIDGE,1,mean,3,station_pressure_hpa
ib3w_weather_inference_fallback_prototype_v1,qixing_lengshuikeng_full26_backend_2024_v1,qixing_lengshuikeng_main_peak_20260523_osmrefresh_v1_3b,qixing_lengshuikeng_43_1,2024-08-25T00:07:00+00:00,2024-08-25T03:17:32+00:00,wind_speed_ms,3.177778,,OBSERVED_HISTORICAL_CODIS,OBSERVED,0.9,codis_multistation_activity_window_match_v1; priority=1; station_role=PRIMARY_MOUNTAIN_RIDGE; aggregation=mean; window=activity_time_utc +/- 3h; historical observed evidence only; no scoring authorization,0,0,0,9,,466910,鞍部,CODiS.HistoricalHourly,2024-08-24T22:00:00+00:00,2024-08-25T06:00:00+00:00,True,False,False,False,False,False,False,"CODiS historical observed evidence only; IB3W context layer; no THCI, radar, or final hiking risk scoring authorization.",True,466910,鞍部,PRIMARY_MOUNTAIN_RIDGE,1,mean,3,wind_speed_mps
ib3w_weather_inference_fallback_prototype_v1,qixing_lengshuikeng_full26_backend_2024_v1,qixing_lengshuikeng_main_peak_20260523_osmrefresh_v1_3b,qixing_lengshuikeng_43_1,2024-08-25T00:07:00+00:00,2024-08-25T03:17:32+00:00,wind_direction_deg,349.965953,,OBSERVED_HISTORICAL_CODIS,OBSERVED,0.9,codis_multistation_activity_window_match_v1; priority=1; station_role=PRIMARY_MOUNTAIN_RIDGE; aggregation=circular_mean_deg; window=activity_time_utc +/- 3h; historical observed evidence only; no scoring authorization,0,0,0,9,,466910,鞍部,CODiS.HistoricalHourly,2024-08-24T22:00:00+00:00,2024-08-25T06:00:00+00:00,True,False,False,False,False,False,False,"CODiS historical observed evidence only; IB3W context layer; no THCI, radar, or final hiking risk scoring authorization.",True,466910,鞍部,PRIMARY_MOUNTAIN_RIDGE,1,circular_mean_deg,3,wind_direction_deg
ib3w_weather_inference_fallback_prototype_v1,qixing_lengshuikeng_full26_backend_2024_v1,qixing_lengshuikeng_main_peak_20260523_osmrefresh_v1_3b,qixing_lengshuikeng_43_1,2024-08-25T00:07:00+00:00,2024-08-25T03:17:32+00:00,wind_gust_ms,6.8,,OBSERVED_HISTORICAL_CODIS,OBSERVED,0.9,codis_multistation_activity_window_match_v1; priority=1; station_role=PRIMARY_MOUNTAIN_RIDGE; aggregation=max; window=activity_time_utc +/- 3h; historical observed evidence only; no scoring authorization,0,0,0,9,,466910,鞍部,CODiS.HistoricalHourly,2024-08-24T22:00:00+00:00,2024-08-25T06:00:00+00:00,True,False,False,False,False,False,False,"CODiS historical observed evidence only; IB3W context layer; no THCI, radar, or final hiking risk scoring authorization.",True,466910,鞍部,PRIMARY_MOUNTAIN_RIDGE,1,max,3,wind_gust_mps
ib3w_weather_inference_fallback_prototype_v1,qixing_lengshuikeng_full26_backend_2024_v1,qixing_lengshuikeng_main_peak_20260523_osmrefresh_v1_3b,qixing_lengshuikeng_43_1,2024-08-25T00:07:00+00:00,2024-08-25T03:17:32+00:00,sunshine_duration_min,336,,OBSERVED_HISTORICAL_CODIS,OBSERVED,0.9,codis_multistation_activity_window_match_v1; priority=1; station_role=PRIMARY_MOUNTAIN_RIDGE; aggregation=sum_x60; window=activity_time_utc +/- 3h; historical observed evidence only; no scoring authorization,0,0,0,9,,466910,鞍部,CODiS.HistoricalHourly,2024-08-24T22:00:00+00:00,2024-08-25T06:00:00+00:00,True,False,False,False,False,False,False,"CODiS historical observed evidence only; IB3W context layer; no THCI, radar, or final hiking risk scoring authorization.",True,466910,鞍部,PRIMARY_MOUNTAIN_RIDGE,1,sum_x60,3,sunshine_hour
ib3w_weather_inference_fallback_prototype_v1,qixing_lengshuikeng_full26_backend_2024_v1,qixing_lengshuikeng_main_peak_20260523_osmrefresh_v1_3b,qixing_lengshuikeng_43_1,2024-08-25T00:07:00+00:00,2024-08-25T03:17:32+00:00,visibility_m,,,UNAVAILABLE,MISSING,0.0,"no direct, +/- 7 day same-hour, neighboring-station, or climatology evidence available",7,7,7,0,,,,,,,False,False,True,False,False,False,False,Evidence prototype only; no scoring authorization.,False,,,,,,,
ib3w_weather_inference_fallback_prototype_v1,qixing_lengshuikeng_full26_backend_2024_v1,qixing_lengshuikeng_main_peak_20260523_osmrefresh_v1_3b,qixing_lengshuikeng_43_1,2024-08-25T00:07:00+00:00,2024-08-25T03:17:32+00:00,uv_index,11,,OBSERVED_HISTORICAL_CODIS,OBSERVED,0.9,codis_multistation_activity_window_match_v1; priority=1; station_role=PRIMARY_MOUNTAIN_RIDGE; aggregation=max; window=activity_time_utc +/- 3h; historical observed evidence only; no scoring authorization,0,0,0,9,,466910,鞍部,CODiS.HistoricalHourly,2024-08-24T22:00:00+00:00,2024-08-25T06:00:00+00:00,True,False,False,False,False,False,False,"CODiS historical observed evidence only; IB3W context layer; no THCI, radar, or final hiking risk scoring authorization.",True,466910,鞍部,PRIMARY_MOUNTAIN_RIDGE,1,max,3,uvi
ib3w_weather_inference_fallback_prototype_v1,qixing_lengshuikeng_full26_backend_2024_v1,qixing_lengshuikeng_main_peak_20260523_osmrefresh_v1_3b,qixing_lengshuikeng_43_1,2024-08-25T00:07:00+00:00,2024-08-25T03:17:32+00:00,weather,,,UNAVAILABLE,MISSING,0.0,"no direct, +/- 7 day same-hour, neighboring-station, or climatology evidence available",7,7,7,0,,,,,,,False,False,True,False,False,False,False,Evidence prototype only; no scoring authorization.,False,,,,,,,
ib3w_weather_inference_fallback_prototype_v1,qixing_lengshuikeng_full26_backend_2024_v1,qixing_lengshuikeng_main_peak_20260523_osmrefresh_v1_3b,qixing_lengshuikeng_44_1,2024-08-25T00:05:20+00:00,2024-08-25T02:01:52+00:00,precipitation_mm,0,,OBSERVED_HISTORICAL_CODIS,OBSERVED,0.9,codis_multistation_activity_window_match_v1; priority=1; station_role=PRIMARY_MOUNTAIN_RIDGE; aggregation=sum; window=activity_time_utc +/- 3h; historical observed evidence only; no scoring authorization,0,0,0,8,,466910,鞍部,CODiS.HistoricalHourly,2024-08-24T22:00:00+00:00,2024-08-25T05:00:00+00:00,True,False,False,False,False,False,False,"CODiS historical observed evidence only; IB3W context layer; no THCI, radar, or final hiking risk scoring authorization.",True,466910,鞍部,PRIMARY_MOUNTAIN_RIDGE,1,sum,3,precipitation_mm
ib3w_weather_inference_fallback_prototype_v1,qixing_lengshuikeng_full26_backend_2024_v1,qixing_lengshuikeng_main_peak_20260523_osmrefresh_v1_3b,qixing_lengshuikeng_44_1,2024-08-25T00:05:20+00:00,2024-08-25T02:01:52+00:00,precipitation_10min_mm,,,UNAVAILABLE,MISSING,0.0,"no direct, +/- 7 day same-hour, neighboring-station, or climatology evidence available",7,7,7,0,,,,,,,False,False,True,False,False,False,False,Evidence prototype only; no scoring authorization.,False,,,,,,,
ib3w_weather_inference_fallback_prototype_v1,qixing_lengshuikeng_full26_backend_2024_v1,qixing_lengshuikeng_main_peak_20260523_osmrefresh_v1_3b,qixing_lengshuikeng_44_1,2024-08-25T00:05:20+00:00,2024-08-25T02:01:52+00:00,precipitation_1hr_mm,,,UNAVAILABLE,MISSING,0.0,"no direct, +/- 7 day same-hour, neighboring-station, or climatology evidence available",7,7,7,0,,,,,,,False,False,True,False,False,False,False,Evidence prototype only; no scoring authorization.,False,,,,,,,
ib3w_weather_inference_fallback_prototype_v1,qixing_lengshuikeng_full26_backend_2024_v1,qixing_lengshuikeng_main_peak_20260523_osmrefresh_v1_3b,qixing_lengshuikeng_44_1,2024-08-25T00:05:20+00:00,2024-08-25T02:01:52+00:00,temperature_c,23.8,,OBSERVED_HISTORICAL_CODIS,OBSERVED,0.9,codis_multistation_activity_window_match_v1; priority=1; station_role=PRIMARY_MOUNTAIN_RIDGE; aggregation=mean; window=activity_time_utc +/- 3h; historical observed evidence only; no scoring authorization,0,0,0,8,,466910,鞍部,CODiS.HistoricalHourly,2024-08-24T22:00:00+00:00,2024-08-25T05:00:00+00:00,True,False,False,False,False,False,False,"CODiS historical observed evidence only; IB3W context layer; no THCI, radar, or final hiking risk scoring authorization.",True,466910,鞍部,PRIMARY_MOUNTAIN_RIDGE,1,mean,3,temperature_c
ib3w_weather_inference_fallback_prototype_v1,qixing_lengshuikeng_full26_backend_2024_v1,qixing_lengshuikeng_main_peak_20260523_osmrefresh_v1_3b,qixing_lengshuikeng_44_1,2024-08-25T00:05:20+00:00,2024-08-25T02:01:52+00:00,relative_humidity_pct,91.375,,OBSERVED_HISTORICAL_CODIS,OBSERVED,0.9,codis_multistation_activity_window_match_v1; priority=1; station_role=PRIMARY_MOUNTAIN_RIDGE; aggregation=mean; window=activity_time_utc +/- 3h; historical observed evidence only; no scoring authorization,0,0,0,8,,466910,鞍部,CODiS.HistoricalHourly,2024-08-24T22:00:00+00:00,2024-08-25T05:00:00+00:00,True,False,False,False,False,False,False,"CODiS historical observed evidence only; IB3W context layer; no THCI, radar, or final hiking risk scoring authorization.",True,466910,鞍部,PRIMARY_MOUNTAIN_RIDGE,1,mean,3,relative_humidity_pct
ib3w_weather_inference_fallback_prototype_v1,qixing_lengshuikeng_full26_backend_2024_v1,qixing_lengshuikeng_main_peak_20260523_osmrefresh_v1_3b,qixing_lengshuikeng_44_1,2024-08-25T00:05:20+00:00,2024-08-25T02:01:52+00:00,pressure_hpa,919.0375,,OBSERVED_HISTORICAL_CODIS,OBSERVED,0.9,codis_multistation_activity_window_match_v1; priority=1; station_role=PRIMARY_MOUNTAIN_RIDGE; aggregation=mean; window=activity_time_utc +/- 3h; historical observed evidence only; no scoring authorization,0,0,0,8,,466910,鞍部,CODiS.HistoricalHourly,2024-08-24T22:00:00+00:00,2024-08-25T05:00:00+00:00,True,False,False,False,False,False,False,"CODiS historical observed evidence only; IB3W context layer; no THCI, radar, or final hiking risk scoring authorization.",True,466910,鞍部,PRIMARY_MOUNTAIN_RIDGE,1,mean,3,station_pressure_hpa
ib3w_weather_inference_fallback_prototype_v1,qixing_lengshuikeng_full26_backend_2024_v1,qixing_lengshuikeng_main_peak_20260523_osmrefresh_v1_3b,qixing_lengshuikeng_44_1,2024-08-25T00:05:20+00:00,2024-08-25T02:01:52+00:00,wind_speed_ms,3.1125,,OBSERVED_HISTORICAL_CODIS,OBSERVED,0.9,codis_multistation_activity_window_match_v1; priority=1; station_role=PRIMARY_MOUNTAIN_RIDGE; aggregation=mean; window=activity_time_utc +/- 3h; historical observed evidence only; no scoring authorization,0,0,0,8,,466910,鞍部,CODiS.HistoricalHourly,2024-08-24T22:00:00+00:00,2024-08-25T05:00:00+00:00,True,False,False,False,False,False,False,"CODiS historical observed evidence only; IB3W context layer; no THCI, radar, or final hiking risk scoring authorization.",True,466910,鞍部,PRIMARY_MOUNTAIN_RIDGE,1,mean,3,wind_speed_mps
ib3w_weather_inference_fallback_prototype_v1,qixing_lengshuikeng_full26_backend_2024_v1,qixing_lengshuikeng_main_peak_20260523_osmrefresh_v1_3b,qixing_lengshuikeng_44_1,2024-08-25T00:05:20+00:00,2024-08-25T02:01:52+00:00,wind_direction_deg,349.961631,,OBSERVED_HISTORICAL_CODIS,OBSERVED,0.9,codis_multistation_activity_window_match_v1; priority=1; station_role=PRIMARY_MOUNTAIN_RIDGE; aggregation=circular_mean_deg; window=activity_time_utc +/- 3h; historical observed evidence only; no scoring authorization,0,0,0,8,,466910,鞍部,CODiS.HistoricalHourly,2024-08-24T22:00:00+00:00,2024-08-25T05:00:00+00:00,True,False,False,False,False,False,False,"CODiS historical observed evidence only; IB3W context layer; no THCI, radar, or final hiking risk scoring authorization.",True,466910,鞍部,PRIMARY_MOUNTAIN_RIDGE,1,circular_mean_deg,3,wind_direction_deg
ib3w_weather_inference_fallback_prototype_v1,qixing_lengshuikeng_full26_backend_2024_v1,qixing_lengshuikeng_main_peak_20260523_osmrefresh_v1_3b,qixing_lengshuikeng_44_1,2024-08-25T00:05:20+00:00,2024-08-25T02:01:52+00:00,wind_gust_ms,6.8,,OBSERVED_HISTORICAL_CODIS,OBSERVED,0.9,codis_multistation_activity_window_match_v1; priority=1; station_role=PRIMARY_MOUNTAIN_RIDGE; aggregation=max; window=activity_time_utc +/- 3h; historical observed evidence only; no scoring authorization,0,0,0,8,,466910,鞍部,CODiS.HistoricalHourly,2024-08-24T22:00:00+00:00,2024-08-25T05:00:00+00:00,True,False,False,False,False,False,False,"CODiS historical observed evidence only; IB3W context layer; no THCI, radar, or final hiking risk scoring authorization.",True,466910,鞍部,PRIMARY_MOUNTAIN_RIDGE,1,max,3,wind_gust_mps
ib3w_weather_inference_fallback_prototype_v1,qixing_lengshuikeng_full26_backend_2024_v1,qixing_lengshuikeng_main_peak_20260523_osmrefresh_v1_3b,qixing_lengshuikeng_44_1,2024-08-25T00:05:20+00:00,2024-08-25T02:01:52+00:00,sunshine_duration_min,300,,OBSERVED_HISTORICAL_CODIS,OBSERVED,0.9,codis_multistation_activity_window_match_v1; priority=1; station_role=PRIMARY_MOUNTAIN_RIDGE; aggregation=sum_x60; window=activity_time_utc +/- 3h; historical observed evidence only; no scoring authorization,0,0,0,8,,466910,鞍部,CODiS.HistoricalHourly,2024-08-24T22:00:00+00:00,2024-08-25T05:00:00+00:00,True,False,False,False,False,False,False,"CODiS historical observed evidence only; IB3W context layer; no THCI, radar, or final hiking risk scoring authorization.",True,466910,鞍部,PRIMARY_MOUNTAIN_RIDGE,1,sum_x60,3,sunshine_hour
ib3w_weather_inference_fallback_prototype_v1,qixing_lengshuikeng_full26_backend_2024_v1,qixing_lengshuikeng_main_peak_20260523_osmrefresh_v1_3b,qixing_lengshuikeng_44_1,2024-08-25T00:05:20+00:00,2024-08-25T02:01:52+00:00,visibility_m,,,UNAVAILABLE,MISSING,0.0,"no direct, +/- 7 day same-hour, neighboring-station, or climatology evidence available",7,7,7,0,,,,,,,False,False,True,False,False,False,False,Evidence prototype only; no scoring authorization.,False,,,,,,,
ib3w_weather_inference_fallback_prototype_v1,qixing_lengshuikeng_full26_backend_2024_v1,qixing_lengshuikeng_main_peak_20260523_osmrefresh_v1_3b,qixing_lengshuikeng_44_1,2024-08-25T00:05:20+00:00,2024-08-25T02:01:52+00:00,uv_index,11,,OBSERVED_HISTORICAL_CODIS,OBSERVED,0.9,codis_multistation_activity_window_match_v1; priority=1; station_role=PRIMARY_MOUNTAIN_RIDGE; aggregation=max; window=activity_time_utc +/- 3h; historical observed evidence only; no scoring authorization,0,0,0,8,,466910,鞍部,CODiS.HistoricalHourly,2024-08-24T22:00:00+00:00,2024-08-25T05:00:00+00:00,True,False,False,False,False,False,False,"CODiS historical observed evidence only; IB3W context layer; no THCI, radar, or final hiking risk scoring authorization.",True,466910,鞍部,PRIMARY_MOUNTAIN_RIDGE,1,max,3,uvi
ib3w_weather_inference_fallback_prototype_v1,qixing_lengshuikeng_full26_backend_2024_v1,qixing_lengshuikeng_main_peak_20260523_osmrefresh_v1_3b,qixing_lengshuikeng_44_1,2024-08-25T00:05:20+00:00,2024-08-25T02:01:52+00:00,weather,,,UNAVAILABLE,MISSING,0.0,"no direct, +/- 7 day same-hour, neighboring-station, or climatology evidence available",7,7,7,0,,,,,,,False,False,True,False,False,False,False,Evidence prototype only; no scoring authorization.,False,,,,,,,
ib3w_weather_inference_fallback_prototype_v1,qixing_lengshuikeng_full26_backend_2024_v1,qixing_lengshuikeng_main_peak_20260523_osmrefresh_v1_3b,qixing_lengshuikeng_45_1,2024-08-25T00:06:25+00:00,2024-08-25T02:06:35+00:00,precipitation_mm,0,,OBSERVED_HISTORICAL_CODIS,OBSERVED,0.9,codis_multistation_activity_window_match_v1; priority=1; station_role=PRIMARY_MOUNTAIN_RIDGE; aggregation=sum; window=activity_time_utc +/- 3h; historical observed evidence only; no scoring authorization,0,0,0,8,,466910,鞍部,CODiS.HistoricalHourly,2024-08-24T22:00:00+00:00,2024-08-25T05:00:00+00:00,True,False,False,False,False,False,False,"CODiS historical observed evidence only; IB3W context layer; no THCI, radar, or final hiking risk scoring authorization.",True,466910,鞍部,PRIMARY_MOUNTAIN_RIDGE,1,sum,3,precipitation_mm
ib3w_weather_inference_fallback_prototype_v1,qixing_lengshuikeng_full26_backend_2024_v1,qixing_lengshuikeng_main_peak_20260523_osmrefresh_v1_3b,qixing_lengshuikeng_45_1,2024-08-25T00:06:25+00:00,2024-08-25T02:06:35+00:00,precipitation_10min_mm,,,UNAVAILABLE,MISSING,0.0,"no direct, +/- 7 day same-hour, neighboring-station, or climatology evidence available",7,7,7,0,,,,,,,False,False,True,False,False,False,False,Evidence prototype only; no scoring authorization.,False,,,,,,,
ib3w_weather_inference_fallback_prototype_v1,qixing_lengshuikeng_full26_backend_2024_v1,qixing_lengshuikeng_main_peak_20260523_osmrefresh_v1_3b,qixing_lengshuikeng_45_1,2024-08-25T00:06:25+00:00,2024-08-25T02:06:35+00:00,precipitation_1hr_mm,,,UNAVAILABLE,MISSING,0.0,"no direct, +/- 7 day same-hour, neighboring-station, or climatology evidence available",7,7,7,0,,,,,,,False,False,True,False,False,False,False,Evidence prototype only; no scoring authorization.,False,,,,,,,
ib3w_weather_inference_fallback_prototype_v1,qixing_lengshuikeng_full26_backend_2024_v1,qixing_lengshuikeng_main_peak_20260523_osmrefresh_v1_3b,qixing_lengshuikeng_45_1,2024-08-25T00:06:25+00:00,2024-08-25T02:06:35+00:00,temperature_c,23.8,,OBSERVED_HISTORICAL_CODIS,OBSERVED,0.9,codis_multistation_activity_window_match_v1; priority=1; station_role=PRIMARY_MOUNTAIN_RIDGE; aggregation=mean; window=activity_time_utc +/- 3h; historical observed evidence only; no scoring authorization,0,0,0,8,,466910,鞍部,CODiS.HistoricalHourly,2024-08-24T22:00:00+00:00,2024-08-25T05:00:00+00:00,True,False,False,False,False,False,False,"CODiS historical observed evidence only; IB3W context layer; no THCI, radar, or final hiking risk scoring authorization.",True,466910,鞍部,PRIMARY_MOUNTAIN_RIDGE,1,mean,3,temperature_c
ib3w_weather_inference_fallback_prototype_v1,qixing_lengshuikeng_full26_backend_2024_v1,qixing_lengshuikeng_main_peak_20260523_osmrefresh_v1_3b,qixing_lengshuikeng_45_1,2024-08-25T00:06:25+00:00,2024-08-25T02:06:35+00:00,relative_humidity_pct,91.375,,OBSERVED_HISTORICAL_CODIS,OBSERVED,0.9,codis_multistation_activity_window_match_v1; priority=1; station_role=PRIMARY_MOUNTAIN_RIDGE; aggregation=mean; window=activity_time_utc +/- 3h; historical observed evidence only; no scoring authorization,0,0,0,8,,466910,鞍部,CODiS.HistoricalHourly,2024-08-24T22:00:00+00:00,2024-08-25T05:00:00+00:00,True,False,False,False,False,False,False,"CODiS historical observed evidence only; IB3W context layer; no THCI, radar, or final hiking risk scoring authorization.",True,466910,鞍部,PRIMARY_MOUNTAIN_RIDGE,1,mean,3,relative_humidity_pct
ib3w_weather_inference_fallback_prototype_v1,qixing_lengshuikeng_full26_backend_2024_v1,qixing_lengshuikeng_main_peak_20260523_osmrefresh_v1_3b,qixing_lengshuikeng_45_1,2024-08-25T00:06:25+00:00,2024-08-25T02:06:35+00:00,pressure_hpa,919.0375,,OBSERVED_HISTORICAL_CODIS,OBSERVED,0.9,codis_multistation_activity_window_match_v1; priority=1; station_role=PRIMARY_MOUNTAIN_RIDGE; aggregation=mean; window=activity_time_utc +/- 3h; historical observed evidence only; no scoring authorization,0,0,0,8,,466910,鞍部,CODiS.HistoricalHourly,2024-08-24T22:00:00+00:00,2024-08-25T05:00:00+00:00,True,False,False,False,False,False,False,"CODiS historical observed evidence only; IB3W context layer; no THCI, radar, or final hiking risk scoring authorization.",True,466910,鞍部,PRIMARY_MOUNTAIN_RIDGE,1,mean,3,station_pressure_hpa
ib3w_weather_inference_fallback_prototype_v1,qixing_lengshuikeng_full26_backend_2024_v1,qixing_lengshuikeng_main_peak_20260523_osmrefresh_v1_3b,qixing_lengshuikeng_45_1,2024-08-25T00:06:25+00:00,2024-08-25T02:06:35+00:00,wind_speed_ms,3.1125,,OBSERVED_HISTORICAL_CODIS,OBSERVED,0.9,codis_multistation_activity_window_match_v1; priority=1; station_role=PRIMARY_MOUNTAIN_RIDGE; aggregation=mean; window=activity_time_utc +/- 3h; historical observed evidence only; no scoring authorization,0,0,0,8,,466910,鞍部,CODiS.HistoricalHourly,2024-08-24T22:00:00+00:00,2024-08-25T05:00:00+00:00,True,False,False,False,False,False,False,"CODiS historical observed evidence only; IB3W context layer; no THCI, radar, or final hiking risk scoring authorization.",True,466910,鞍部,PRIMARY_MOUNTAIN_RIDGE,1,mean,3,wind_speed_mps
ib3w_weather_inference_fallback_prototype_v1,qixing_lengshuikeng_full26_backend_2024_v1,qixing_lengshuikeng_main_peak_20260523_osmrefresh_v1_3b,qixing_lengshuikeng_45_1,2024-08-25T00:06:25+00:00,2024-08-25T02:06:35+00:00,wind_direction_deg,349.961631,,OBSERVED_HISTORICAL_CODIS,OBSERVED,0.9,codis_multistation_activity_window_match_v1; priority=1; station_role=PRIMARY_MOUNTAIN_RIDGE; aggregation=circular_mean_deg; window=activity_time_utc +/- 3h; historical observed evidence only; no scoring authorization,0,0,0,8,,466910,鞍部,CODiS.HistoricalHourly,2024-08-24T22:00:00+00:00,2024-08-25T05:00:00+00:00,True,False,False,False,False,False,False,"CODiS historical observed evidence only; IB3W context layer; no THCI, radar, or final hiking risk scoring authorization.",True,466910,鞍部,PRIMARY_MOUNTAIN_RIDGE,1,circular_mean_deg,3,wind_direction_deg
ib3w_weather_inference_fallback_prototype_v1,qixing_lengshuikeng_full26_backend_2024_v1,qixing_lengshuikeng_main_peak_20260523_osmrefresh_v1_3b,qixing_lengshuikeng_45_1,2024-08-25T00:06:25+00:00,2024-08-25T02:06:35+00:00,wind_gust_ms,6.8,,OBSERVED_HISTORICAL_CODIS,OBSERVED,0.9,codis_multistation_activity_window_match_v1; priority=1; station_role=PRIMARY_MOUNTAIN_RIDGE; aggregation=max; window=activity_time_utc +/- 3h; historical observed evidence only; no scoring authorization,0,0,0,8,,466910,鞍部,CODiS.HistoricalHourly,2024-08-24T22:00:00+00:00,2024-08-25T05:00:00+00:00,True,False,False,False,False,False,False,"CODiS historical observed evidence only; IB3W context layer; no THCI, radar, or final hiking risk scoring authorization.",True,466910,鞍部,PRIMARY_MOUNTAIN_RIDGE,1,max,3,wind_gust_mps
ib3w_weather_inference_fallback_prototype_v1,qixing_lengshuikeng_full26_backend_2024_v1,qixing_lengshuikeng_main_peak_20260523_osmrefresh_v1_3b,qixing_lengshuikeng_45_1,2024-08-25T00:06:25+00:00,2024-08-25T02:06:35+00:00,sunshine_duration_min,300,,OBSERVED_HISTORICAL_CODIS,OBSERVED,0.9,codis_multistation_activity_window_match_v1; priority=1; station_role=PRIMARY_MOUNTAIN_RIDGE; aggregation=sum_x60; window=activity_time_utc +/- 3h; historical observed evidence only; no scoring authorization,0,0,0,8,,466910,鞍部,CODiS.HistoricalHourly,2024-08-24T22:00:00+00:00,2024-08-25T05:00:00+00:00,True,False,False,False,False,False,False,"CODiS historical observed evidence only; IB3W context layer; no THCI, radar, or final hiking risk scoring authorization.",True,466910,鞍部,PRIMARY_MOUNTAIN_RIDGE,1,sum_x60,3,sunshine_hour
ib3w_weather_inference_fallback_prototype_v1,qixing_lengshuikeng_full26_backend_2024_v1,qixing_lengshuikeng_main_peak_20260523_osmrefresh_v1_3b,qixing_lengshuikeng_45_1,2024-08-25T00:06:25+00:00,2024-08-25T02:06:35+00:00,visibility_m,,,UNAVAILABLE,MISSING,0.0,"no direct, +/- 7 day same-hour, neighboring-station, or climatology evidence available",7,7,7,0,,,,,,,False,False,True,False,False,False,False,Evidence prototype only; no scoring authorization.,False,,,,,,,
ib3w_weather_inference_fallback_prototype_v1,qixing_lengshuikeng_full26_backend_2024_v1,qixing_lengshuikeng_main_peak_20260523_osmrefresh_v1_3b,qixing_lengshuikeng_45_1,2024-08-25T00:06:25+00:00,2024-08-25T02:06:35+00:00,uv_index,11,,OBSERVED_HISTORICAL_CODIS,OBSERVED,0.9,codis_multistation_activity_window_match_v1; priority=1; station_role=PRIMARY_MOUNTAIN_RIDGE; aggregation=max; window=activity_time_utc +/- 3h; historical observed evidence only; no scoring authorization,0,0,0,8,,466910,鞍部,CODiS.HistoricalHourly,2024-08-24T22:00:00+00:00,2024-08-25T05:00:00+00:00,True,False,False,False,False,False,False,"CODiS historical observed evidence only; IB3W context layer; no THCI, radar, or final hiking risk scoring authorization.",True,466910,鞍部,PRIMARY_MOUNTAIN_RIDGE,1,max,3,uvi
ib3w_weather_inference_fallback_prototype_v1,qixing_lengshuikeng_full26_backend_2024_v1,qixing_lengshuikeng_main_peak_20260523_osmrefresh_v1_3b,qixing_lengshuikeng_45_1,2024-08-25T00:06:25+00:00,2024-08-25T02:06:35+00:00,weather,,,UNAVAILABLE,MISSING,0.0,"no direct, +/- 7 day same-hour, neighboring-station, or climatology evidence available",7,7,7,0,,,,,,,False,False,True,False,False,False,False,Evidence prototype only; no scoring authorization.,False,,,,,,,
ib3w_weather_inference_fallback_prototype_v1,qixing_lengshuikeng_full26_backend_2024_v1,qixing_lengshuikeng_main_peak_20260523_osmrefresh_v1_3b,qixing_lengshuikeng_46_1,2024-08-26T00:45:41+00:00,2024-08-26T03:37:11+00:00,precipitation_mm,0,,OBSERVED_HISTORICAL_CODIS,OBSERVED,0.9,codis_multistation_activity_window_match_v1; priority=1; station_role=PRIMARY_MOUNTAIN_RIDGE; aggregation=sum; window=activity_time_utc +/- 3h; historical observed evidence only; no scoring authorization,0,0,0,9,,466910,鞍部,CODiS.HistoricalHourly,2024-08-25T22:00:00+00:00,2024-08-26T06:00:00+00:00,True,False,False,False,False,False,False,"CODiS historical observed evidence only; IB3W context layer; no THCI, radar, or final hiking risk scoring authorization.",True,466910,鞍部,PRIMARY_MOUNTAIN_RIDGE,1,sum,3,precipitation_mm
ib3w_weather_inference_fallback_prototype_v1,qixing_lengshuikeng_full26_backend_2024_v1,qixing_lengshuikeng_main_peak_20260523_osmrefresh_v1_3b,qixing_lengshuikeng_46_1,2024-08-26T00:45:41+00:00,2024-08-26T03:37:11+00:00,precipitation_10min_mm,,,UNAVAILABLE,MISSING,0.0,"no direct, +/- 7 day same-hour, neighboring-station, or climatology evidence available",7,7,7,0,,,,,,,False,False,True,False,False,False,False,Evidence prototype only; no scoring authorization.,False,,,,,,,
ib3w_weather_inference_fallback_prototype_v1,qixing_lengshuikeng_full26_backend_2024_v1,qixing_lengshuikeng_main_peak_20260523_osmrefresh_v1_3b,qixing_lengshuikeng_46_1,2024-08-26T00:45:41+00:00,2024-08-26T03:37:11+00:00,precipitation_1hr_mm,,,UNAVAILABLE,MISSING,0.0,"no direct, +/- 7 day same-hour, neighboring-station, or climatology evidence available",7,7,7,0,,,,,,,False,False,True,False,False,False,False,Evidence prototype only; no scoring authorization.,False,,,,,,,
ib3w_weather_inference_fallback_prototype_v1,qixing_lengshuikeng_full26_backend_2024_v1,qixing_lengshuikeng_main_peak_20260523_osmrefresh_v1_3b,qixing_lengshuikeng_46_1,2024-08-26T00:45:41+00:00,2024-08-26T03:37:11+00:00,temperature_c,23.855556,,OBSERVED_HISTORICAL_CODIS,OBSERVED,0.9,codis_multistation_activity_window_match_v1; priority=1; station_role=PRIMARY_MOUNTAIN_RIDGE; aggregation=mean; window=activity_time_utc +/- 3h; historical observed evidence only; no scoring authorization,0,0,0,9,,466910,鞍部,CODiS.HistoricalHourly,2024-08-25T22:00:00+00:00,2024-08-26T06:00:00+00:00,True,False,False,False,False,False,False,"CODiS historical observed evidence only; IB3W context layer; no THCI, radar, or final hiking risk scoring authorization.",True,466910,鞍部,PRIMARY_MOUNTAIN_RIDGE,1,mean,3,temperature_c
ib3w_weather_inference_fallback_prototype_v1,qixing_lengshuikeng_full26_backend_2024_v1,qixing_lengshuikeng_main_peak_20260523_osmrefresh_v1_3b,qixing_lengshuikeng_46_1,2024-08-26T00:45:41+00:00,2024-08-26T03:37:11+00:00,relative_humidity_pct,89.666667,,OBSERVED_HISTORICAL_CODIS,OBSERVED,0.9,codis_multistation_activity_window_match_v1; priority=1; station_role=PRIMARY_MOUNTAIN_RIDGE; aggregation=mean; window=activity_time_utc +/- 3h; historical observed evidence only; no scoring authorization,0,0,0,9,,466910,鞍部,CODiS.HistoricalHourly,2024-08-25T22:00:00+00:00,2024-08-26T06:00:00+00:00,True,False,False,False,False,False,False,"CODiS historical observed evidence only; IB3W context layer; no THCI, radar, or final hiking risk scoring authorization.",True,466910,鞍部,PRIMARY_MOUNTAIN_RIDGE,1,mean,3,relative_humidity_pct
ib3w_weather_inference_fallback_prototype_v1,qixing_lengshuikeng_full26_backend_2024_v1,qixing_lengshuikeng_main_peak_20260523_osmrefresh_v1_3b,qixing_lengshuikeng_46_1,2024-08-26T00:45:41+00:00,2024-08-26T03:37:11+00:00,pressure_hpa,917.088889,,OBSERVED_HISTORICAL_CODIS,OBSERVED,0.9,codis_multistation_activity_window_match_v1; priority=1; station_role=PRIMARY_MOUNTAIN_RIDGE; aggregation=mean; window=activity_time_utc +/- 3h; historical observed evidence only; no scoring authorization,0,0,0,9,,466910,鞍部,CODiS.HistoricalHourly,2024-08-25T22:00:00+00:00,2024-08-26T06:00:00+00:00,True,False,False,False,False,False,False,"CODiS historical observed evidence only; IB3W context layer; no THCI, radar, or final hiking risk scoring authorization.",True,466910,鞍部,PRIMARY_MOUNTAIN_RIDGE,1,mean,3,station_pressure_hpa
ib3w_weather_inference_fallback_prototype_v1,qixing_lengshuikeng_full26_backend_2024_v1,qixing_lengshuikeng_main_peak_20260523_osmrefresh_v1_3b,qixing_lengshuikeng_46_1,2024-08-26T00:45:41+00:00,2024-08-26T03:37:11+00:00,wind_speed_ms,3.055556,,OBSERVED_HISTORICAL_CODIS,OBSERVED,0.9,codis_multistation_activity_window_match_v1; priority=1; station_role=PRIMARY_MOUNTAIN_RIDGE; aggregation=mean; window=activity_time_utc +/- 3h; historical observed evidence only; no scoring authorization,0,0,0,9,,466910,鞍部,CODiS.HistoricalHourly,2024-08-25T22:00:00+00:00,2024-08-26T06:00:00+00:00,True,False,False,False,False,False,False,"CODiS historical observed evidence only; IB3W context layer; no THCI, radar, or final hiking risk scoring authorization.",True,466910,鞍部,PRIMARY_MOUNTAIN_RIDGE,1,mean,3,wind_speed_mps
ib3w_weather_inference_fallback_prototype_v1,qixing_lengshuikeng_full26_backend_2024_v1,qixing_lengshuikeng_main_peak_20260523_osmrefresh_v1_3b,qixing_lengshuikeng_46_1,2024-08-26T00:45:41+00:00,2024-08-26T03:37:11+00:00,wind_direction_deg,354.208356,,OBSERVED_HISTORICAL_CODIS,OBSERVED,0.9,codis_multistation_activity_window_match_v1; priority=1; station_role=PRIMARY_MOUNTAIN_RIDGE; aggregation=circular_mean_deg; window=activity_time_utc +/- 3h; historical observed evidence only; no scoring authorization,0,0,0,9,,466910,鞍部,CODiS.HistoricalHourly,2024-08-25T22:00:00+00:00,2024-08-26T06:00:00+00:00,True,False,False,False,False,False,False,"CODiS historical observed evidence only; IB3W context layer; no THCI, radar, or final hiking risk scoring authorization.",True,466910,鞍部,PRIMARY_MOUNTAIN_RIDGE,1,circular_mean_deg,3,wind_direction_deg
ib3w_weather_inference_fallback_prototype_v1,qixing_lengshuikeng_full26_backend_2024_v1,qixing_lengshuikeng_main_peak_20260523_osmrefresh_v1_3b,qixing_lengshuikeng_46_1,2024-08-26T00:45:41+00:00,2024-08-26T03:37:11+00:00,wind_gust_ms,7.4,,OBSERVED_HISTORICAL_CODIS,OBSERVED,0.9,codis_multistation_activity_window_match_v1; priority=1; station_role=PRIMARY_MOUNTAIN_RIDGE; aggregation=max; window=activity_time_utc +/- 3h; historical observed evidence only; no scoring authorization,0,0,0,9,,466910,鞍部,CODiS.HistoricalHourly,2024-08-25T22:00:00+00:00,2024-08-26T06:00:00+00:00,True,False,False,False,False,False,False,"CODiS historical observed evidence only; IB3W context layer; no THCI, radar, or final hiking risk scoring authorization.",True,466910,鞍部,PRIMARY_MOUNTAIN_RIDGE,1,max,3,wind_gust_mps
ib3w_weather_inference_fallback_prototype_v1,qixing_lengshuikeng_full26_backend_2024_v1,qixing_lengshuikeng_main_peak_20260523_osmrefresh_v1_3b,qixing_lengshuikeng_46_1,2024-08-26T00:45:41+00:00,2024-08-26T03:37:11+00:00,sunshine_duration_min,294,,OBSERVED_HISTORICAL_CODIS,OBSERVED,0.9,codis_multistation_activity_window_match_v1; priority=1; station_role=PRIMARY_MOUNTAIN_RIDGE; aggregation=sum_x60; window=activity_time_utc +/- 3h; historical observed evidence only; no scoring authorization,0,0,0,9,,466910,鞍部,CODiS.HistoricalHourly,2024-08-25T22:00:00+00:00,2024-08-26T06:00:00+00:00,True,False,False,False,False,False,False,"CODiS historical observed evidence only; IB3W context layer; no THCI, radar, or final hiking risk scoring authorization.",True,466910,鞍部,PRIMARY_MOUNTAIN_RIDGE,1,sum_x60,3,sunshine_hour
ib3w_weather_inference_fallback_prototype_v1,qixing_lengshuikeng_full26_backend_2024_v1,qixing_lengshuikeng_main_peak_20260523_osmrefresh_v1_3b,qixing_lengshuikeng_46_1,2024-08-26T00:45:41+00:00,2024-08-26T03:37:11+00:00,visibility_m,,,UNAVAILABLE,MISSING,0.0,"no direct, +/- 7 day same-hour, neighboring-station, or climatology evidence available",7,7,7,0,,,,,,,False,False,True,False,False,False,False,Evidence prototype only; no scoring authorization.,False,,,,,,,
ib3w_weather_inference_fallback_prototype_v1,qixing_lengshuikeng_full26_backend_2024_v1,qixing_lengshuikeng_main_peak_20260523_osmrefresh_v1_3b,qixing_lengshuikeng_46_1,2024-08-26T00:45:41+00:00,2024-08-26T03:37:11+00:00,uv_index,8,,OBSERVED_HISTORICAL_CODIS,OBSERVED,0.9,codis_multistation_activity_window_match_v1; priority=1; station_role=PRIMARY_MOUNTAIN_RIDGE; aggregation=max; window=activity_time_utc +/- 3h; historical observed evidence only; no scoring authorization,0,0,0,9,,466910,鞍部,CODiS.HistoricalHourly,2024-08-25T22:00:00+00:00,2024-08-26T06:00:00+00:00,True,False,False,False,False,False,False,"CODiS historical observed evidence only; IB3W context layer; no THCI, radar, or final hiking risk scoring authorization.",True,466910,鞍部,PRIMARY_MOUNTAIN_RIDGE,1,max,3,uvi
ib3w_weather_inference_fallback_prototype_v1,qixing_lengshuikeng_full26_backend_2024_v1,qixing_lengshuikeng_main_peak_20260523_osmrefresh_v1_3b,qixing_lengshuikeng_46_1,2024-08-26T00:45:41+00:00,2024-08-26T03:37:11+00:00,weather,,,UNAVAILABLE,MISSING,0.0,"no direct, +/- 7 day same-hour, neighboring-station, or climatology evidence available",7,7,7,0,,,,,,,False,False,True,False,False,False,False,Evidence prototype only; no scoring authorization.,False,,,,,,,
ib3w_weather_inference_fallback_prototype_v1,qixing_lengshuikeng_full26_backend_2024_v1,qixing_lengshuikeng_main_peak_20260523_osmrefresh_v1_3b,qixing_lengshuikeng_48_1,2024-08-19T00:42:09+00:00,2024-08-19T03:54:56+00:00,precipitation_mm,0,,OBSERVED_HISTORICAL_CODIS,OBSERVED,0.9,codis_multistation_activity_window_match_v1; priority=1; station_role=PRIMARY_MOUNTAIN_RIDGE; aggregation=sum; window=activity_time_utc +/- 3h; historical observed evidence only; no scoring authorization,0,0,0,9,,466910,鞍部,CODiS.HistoricalHourly,2024-08-18T22:00:00+00:00,2024-08-19T06:00:00+00:00,True,False,False,False,False,False,False,"CODiS historical observed evidence only; IB3W context layer; no THCI, radar, or final hiking risk scoring authorization.",True,466910,鞍部,PRIMARY_MOUNTAIN_RIDGE,1,sum,3,precipitation_mm
ib3w_weather_inference_fallback_prototype_v1,qixing_lengshuikeng_full26_backend_2024_v1,qixing_lengshuikeng_main_peak_20260523_osmrefresh_v1_3b,qixing_lengshuikeng_48_1,2024-08-19T00:42:09+00:00,2024-08-19T03:54:56+00:00,precipitation_10min_mm,,,UNAVAILABLE,MISSING,0.0,"no direct, +/- 7 day same-hour, neighboring-station, or climatology evidence available",7,7,7,0,,,,,,,False,False,True,False,False,False,False,Evidence prototype only; no scoring authorization.,False,,,,,,,
ib3w_weather_inference_fallback_prototype_v1,qixing_lengshuikeng_full26_backend_2024_v1,qixing_lengshuikeng_main_peak_20260523_osmrefresh_v1_3b,qixing_lengshuikeng_48_1,2024-08-19T00:42:09+00:00,2024-08-19T03:54:56+00:00,precipitation_1hr_mm,,,UNAVAILABLE,MISSING,0.0,"no direct, +/- 7 day same-hour, neighboring-station, or climatology evidence available",7,7,7,0,,,,,,,False,False,True,False,False,False,False,Evidence prototype only; no scoring authorization.,False,,,,,,,
ib3w_weather_inference_fallback_prototype_v1,qixing_lengshuikeng_full26_backend_2024_v1,qixing_lengshuikeng_main_peak_20260523_osmrefresh_v1_3b,qixing_lengshuikeng_48_1,2024-08-19T00:42:09+00:00,2024-08-19T03:54:56+00:00,temperature_c,23.188889,,OBSERVED_HISTORICAL_CODIS,OBSERVED,0.9,codis_multistation_activity_window_match_v1; priority=1; station_role=PRIMARY_MOUNTAIN_RIDGE; aggregation=mean; window=activity_time_utc +/- 3h; historical observed evidence only; no scoring authorization,0,0,0,9,,466910,鞍部,CODiS.HistoricalHourly,2024-08-18T22:00:00+00:00,2024-08-19T06:00:00+00:00,True,False,False,False,False,False,False,"CODiS historical observed evidence only; IB3W context layer; no THCI, radar, or final hiking risk scoring authorization.",True,466910,鞍部,PRIMARY_MOUNTAIN_RIDGE,1,mean,3,temperature_c
ib3w_weather_inference_fallback_prototype_v1,qixing_lengshuikeng_full26_backend_2024_v1,qixing_lengshuikeng_main_peak_20260523_osmrefresh_v1_3b,qixing_lengshuikeng_48_1,2024-08-19T00:42:09+00:00,2024-08-19T03:54:56+00:00,relative_humidity_pct,95.444444,,OBSERVED_HISTORICAL_CODIS,OBSERVED,0.9,codis_multistation_activity_window_match_v1; priority=1; station_role=PRIMARY_MOUNTAIN_RIDGE; aggregation=mean; window=activity_time_utc +/- 3h; historical observed evidence only; no scoring authorization,0,0,0,9,,466910,鞍部,CODiS.HistoricalHourly,2024-08-18T22:00:00+00:00,2024-08-19T06:00:00+00:00,True,False,False,False,False,False,False,"CODiS historical observed evidence only; IB3W context layer; no THCI, radar, or final hiking risk scoring authorization.",True,466910,鞍部,PRIMARY_MOUNTAIN_RIDGE,1,mean,3,relative_humidity_pct
ib3w_weather_inference_fallback_prototype_v1,qixing_lengshuikeng_full26_backend_2024_v1,qixing_lengshuikeng_main_peak_20260523_osmrefresh_v1_3b,qixing_lengshuikeng_48_1,2024-08-19T00:42:09+00:00,2024-08-19T03:54:56+00:00,pressure_hpa,915.977778,,OBSERVED_HISTORICAL_CODIS,OBSERVED,0.9,codis_multistation_activity_window_match_v1; priority=1; station_role=PRIMARY_MOUNTAIN_RIDGE; aggregation=mean; window=activity_time_utc +/- 3h; historical observed evidence only; no scoring authorization,0,0,0,9,,466910,鞍部,CODiS.HistoricalHourly,2024-08-18T22:00:00+00:00,2024-08-19T06:00:00+00:00,True,False,False,False,False,False,False,"CODiS historical observed evidence only; IB3W context layer; no THCI, radar, or final hiking risk scoring authorization.",True,466910,鞍部,PRIMARY_MOUNTAIN_RIDGE,1,mean,3,station_pressure_hpa
ib3w_weather_inference_fallback_prototype_v1,qixing_lengshuikeng_full26_backend_2024_v1,qixing_lengshuikeng_main_peak_20260523_osmrefresh_v1_3b,qixing_lengshuikeng_48_1,2024-08-19T00:42:09+00:00,2024-08-19T03:54:56+00:00,wind_speed_ms,2.1,,OBSERVED_HISTORICAL_CODIS,OBSERVED,0.9,codis_multistation_activity_window_match_v1; priority=1; station_role=PRIMARY_MOUNTAIN_RIDGE; aggregation=mean; window=activity_time_utc +/- 3h; historical observed evidence only; no scoring authorization,0,0,0,9,,466910,鞍部,CODiS.HistoricalHourly,2024-08-18T22:00:00+00:00,2024-08-19T06:00:00+00:00,True,False,False,False,False,False,False,"CODiS historical observed evidence only; IB3W context layer; no THCI, radar, or final hiking risk scoring authorization.",True,466910,鞍部,PRIMARY_MOUNTAIN_RIDGE,1,mean,3,wind_speed_mps
ib3w_weather_inference_fallback_prototype_v1,qixing_lengshuikeng_full26_backend_2024_v1,qixing_lengshuikeng_main_peak_20260523_osmrefresh_v1_3b,qixing_lengshuikeng_48_1,2024-08-19T00:42:09+00:00,2024-08-19T03:54:56+00:00,wind_direction_deg,39.330879,,OBSERVED_HISTORICAL_CODIS,OBSERVED,0.9,codis_multistation_activity_window_match_v1; priority=1; station_role=PRIMARY_MOUNTAIN_RIDGE; aggregation=circular_mean_deg; window=activity_time_utc +/- 3h; historical observed evidence only; no scoring authorization,0,0,0,9,,466910,鞍部,CODiS.HistoricalHourly,2024-08-18T22:00:00+00:00,2024-08-19T06:00:00+00:00,True,False,False,False,False,False,False,"CODiS historical observed evidence only; IB3W context layer; no THCI, radar, or final hiking risk scoring authorization.",True,466910,鞍部,PRIMARY_MOUNTAIN_RIDGE,1,circular_mean_deg,3,wind_direction_deg
ib3w_weather_inference_fallback_prototype_v1,qixing_lengshuikeng_full26_backend_2024_v1,qixing_lengshuikeng_main_peak_20260523_osmrefresh_v1_3b,qixing_lengshuikeng_48_1,2024-08-19T00:42:09+00:00,2024-08-19T03:54:56+00:00,wind_gust_ms,11.4,,OBSERVED_HISTORICAL_CODIS,OBSERVED,0.9,codis_multistation_activity_window_match_v1; priority=1; station_role=PRIMARY_MOUNTAIN_RIDGE; aggregation=max; window=activity_time_utc +/- 3h; historical observed evidence only; no scoring authorization,0,0,0,9,,466910,鞍部,CODiS.HistoricalHourly,2024-08-18T22:00:00+00:00,2024-08-19T06:00:00+00:00,True,False,False,False,False,False,False,"CODiS historical observed evidence only; IB3W context layer; no THCI, radar, or final hiking risk scoring authorization.",True,466910,鞍部,PRIMARY_MOUNTAIN_RIDGE,1,max,3,wind_gust_mps
ib3w_weather_inference_fallback_prototype_v1,qixing_lengshuikeng_full26_backend_2024_v1,qixing_lengshuikeng_main_peak_20260523_osmrefresh_v1_3b,qixing_lengshuikeng_48_1,2024-08-19T00:42:09+00:00,2024-08-19T03:54:56+00:00,sunshine_duration_min,36,,OBSERVED_HISTORICAL_CODIS,OBSERVED,0.9,codis_multistation_activity_window_match_v1; priority=1; station_role=PRIMARY_MOUNTAIN_RIDGE; aggregation=sum_x60; window=activity_time_utc +/- 3h; historical observed evidence only; no scoring authorization,0,0,0,9,,466910,鞍部,CODiS.HistoricalHourly,2024-08-18T22:00:00+00:00,2024-08-19T06:00:00+00:00,True,False,False,False,False,False,False,"CODiS historical observed evidence only; IB3W context layer; no THCI, radar, or final hiking risk scoring authorization.",True,466910,鞍部,PRIMARY_MOUNTAIN_RIDGE,1,sum_x60,3,sunshine_hour
ib3w_weather_inference_fallback_prototype_v1,qixing_lengshuikeng_full26_backend_2024_v1,qixing_lengshuikeng_main_peak_20260523_osmrefresh_v1_3b,qixing_lengshuikeng_48_1,2024-08-19T00:42:09+00:00,2024-08-19T03:54:56+00:00,visibility_m,,,UNAVAILABLE,MISSING,0.0,"no direct, +/- 7 day same-hour, neighboring-station, or climatology evidence available",7,7,7,0,,,,,,,False,False,True,False,False,False,False,Evidence prototype only; no scoring authorization.,False,,,,,,,
ib3w_weather_inference_fallback_prototype_v1,qixing_lengshuikeng_full26_backend_2024_v1,qixing_lengshuikeng_main_peak_20260523_osmrefresh_v1_3b,qixing_lengshuikeng_48_1,2024-08-19T00:42:09+00:00,2024-08-19T03:54:56+00:00,uv_index,6,,OBSERVED_HISTORICAL_CODIS,OBSERVED,0.9,codis_multistation_activity_window_match_v1; priority=1; station_role=PRIMARY_MOUNTAIN_RIDGE; aggregation=max; window=activity_time_utc +/- 3h; historical observed evidence only; no scoring authorization,0,0,0,9,,466910,鞍部,CODiS.HistoricalHourly,2024-08-18T22:00:00+00:00,2024-08-19T06:00:00+00:00,True,False,False,False,False,False,False,"CODiS historical observed evidence only; IB3W context layer; no THCI, radar, or final hiking risk scoring authorization.",True,466910,鞍部,PRIMARY_MOUNTAIN_RIDGE,1,max,3,uvi
ib3w_weather_inference_fallback_prototype_v1,qixing_lengshuikeng_full26_backend_2024_v1,qixing_lengshuikeng_main_peak_20260523_osmrefresh_v1_3b,qixing_lengshuikeng_48_1,2024-08-19T00:42:09+00:00,2024-08-19T03:54:56+00:00,weather,,,UNAVAILABLE,MISSING,0.0,"no direct, +/- 7 day same-hour, neighboring-station, or climatology evidence available",7,7,7,0,,,,,,,False,False,True,False,False,False,False,Evidence prototype only; no scoring authorization.,False,,,,,,,
ib3w_weather_inference_fallback_prototype_v1,qixing_lengshuikeng_full26_backend_2024_v1,qixing_lengshuikeng_main_peak_20260523_osmrefresh_v1_3b,qixing_lengshuikeng_6_1,2024-07-22T01:28:43+00:00,2024-07-22T04:47:53+00:00,precipitation_mm,0,,OBSERVED_HISTORICAL_CODIS,OBSERVED,0.9,codis_multistation_activity_window_match_v1; priority=1; station_role=PRIMARY_MOUNTAIN_RIDGE; aggregation=sum; window=activity_time_utc +/- 3h; historical observed evidence only; no scoring authorization,0,0,0,9,,466910,鞍部,CODiS.HistoricalHourly,2024-07-21T23:00:00+00:00,2024-07-22T07:00:00+00:00,True,False,False,False,False,False,False,"CODiS historical observed evidence only; IB3W context layer; no THCI, radar, or final hiking risk scoring authorization.",True,466910,鞍部,PRIMARY_MOUNTAIN_RIDGE,1,sum,3,precipitation_mm
ib3w_weather_inference_fallback_prototype_v1,qixing_lengshuikeng_full26_backend_2024_v1,qixing_lengshuikeng_main_peak_20260523_osmrefresh_v1_3b,qixing_lengshuikeng_6_1,2024-07-22T01:28:43+00:00,2024-07-22T04:47:53+00:00,precipitation_10min_mm,,,UNAVAILABLE,MISSING,0.0,"no direct, +/- 7 day same-hour, neighboring-station, or climatology evidence available",7,7,7,0,,,,,,,False,False,True,False,False,False,False,Evidence prototype only; no scoring authorization.,False,,,,,,,
ib3w_weather_inference_fallback_prototype_v1,qixing_lengshuikeng_full26_backend_2024_v1,qixing_lengshuikeng_main_peak_20260523_osmrefresh_v1_3b,qixing_lengshuikeng_6_1,2024-07-22T01:28:43+00:00,2024-07-22T04:47:53+00:00,precipitation_1hr_mm,,,UNAVAILABLE,MISSING,0.0,"no direct, +/- 7 day same-hour, neighboring-station, or climatology evidence available",7,7,7,0,,,,,,,False,False,True,False,False,False,False,Evidence prototype only; no scoring authorization.,False,,,,,,,
ib3w_weather_inference_fallback_prototype_v1,qixing_lengshuikeng_full26_backend_2024_v1,qixing_lengshuikeng_main_peak_20260523_osmrefresh_v1_3b,qixing_lengshuikeng_6_1,2024-07-22T01:28:43+00:00,2024-07-22T04:47:53+00:00,temperature_c,25.833333,,OBSERVED_HISTORICAL_CODIS,OBSERVED,0.9,codis_multistation_activity_window_match_v1; priority=1; station_role=PRIMARY_MOUNTAIN_RIDGE; aggregation=mean; window=activity_time_utc +/- 3h; historical observed evidence only; no scoring authorization,0,0,0,9,,466910,鞍部,CODiS.HistoricalHourly,2024-07-21T23:00:00+00:00,2024-07-22T07:00:00+00:00,True,False,False,False,False,False,False,"CODiS historical observed evidence only; IB3W context layer; no THCI, radar, or final hiking risk scoring authorization.",True,466910,鞍部,PRIMARY_MOUNTAIN_RIDGE,1,mean,3,temperature_c
ib3w_weather_inference_fallback_prototype_v1,qixing_lengshuikeng_full26_backend_2024_v1,qixing_lengshuikeng_main_peak_20260523_osmrefresh_v1_3b,qixing_lengshuikeng_6_1,2024-07-22T01:28:43+00:00,2024-07-22T04:47:53+00:00,relative_humidity_pct,87.555556,,OBSERVED_HISTORICAL_CODIS,OBSERVED,0.9,codis_multistation_activity_window_match_v1; priority=1; station_role=PRIMARY_MOUNTAIN_RIDGE; aggregation=mean; window=activity_time_utc +/- 3h; historical observed evidence only; no scoring authorization,0,0,0,9,,466910,鞍部,CODiS.HistoricalHourly,2024-07-21T23:00:00+00:00,2024-07-22T07:00:00+00:00,True,False,False,False,False,False,False,"CODiS historical observed evidence only; IB3W context layer; no THCI, radar, or final hiking risk scoring authorization.",True,466910,鞍部,PRIMARY_MOUNTAIN_RIDGE,1,mean,3,relative_humidity_pct
ib3w_weather_inference_fallback_prototype_v1,qixing_lengshuikeng_full26_backend_2024_v1,qixing_lengshuikeng_main_peak_20260523_osmrefresh_v1_3b,qixing_lengshuikeng_6_1,2024-07-22T01:28:43+00:00,2024-07-22T04:47:53+00:00,pressure_hpa,916.611111,,OBSERVED_HISTORICAL_CODIS,OBSERVED,0.9,codis_multistation_activity_window_match_v1; priority=1; station_role=PRIMARY_MOUNTAIN_RIDGE; aggregation=mean; window=activity_time_utc +/- 3h; historical observed evidence only; no scoring authorization,0,0,0,9,,466910,鞍部,CODiS.HistoricalHourly,2024-07-21T23:00:00+00:00,2024-07-22T07:00:00+00:00,True,False,False,False,False,False,False,"CODiS historical observed evidence only; IB3W context layer; no THCI, radar, or final hiking risk scoring authorization.",True,466910,鞍部,PRIMARY_MOUNTAIN_RIDGE,1,mean,3,station_pressure_hpa
ib3w_weather_inference_fallback_prototype_v1,qixing_lengshuikeng_full26_backend_2024_v1,qixing_lengshuikeng_main_peak_20260523_osmrefresh_v1_3b,qixing_lengshuikeng_6_1,2024-07-22T01:28:43+00:00,2024-07-22T04:47:53+00:00,wind_speed_ms,2.511111,,OBSERVED_HISTORICAL_CODIS,OBSERVED,0.9,codis_multistation_activity_window_match_v1; priority=1; station_role=PRIMARY_MOUNTAIN_RIDGE; aggregation=mean; window=activity_time_utc +/- 3h; historical observed evidence only; no scoring authorization,0,0,0,9,,466910,鞍部,CODiS.HistoricalHourly,2024-07-21T23:00:00+00:00,2024-07-22T07:00:00+00:00,True,False,False,False,False,False,False,"CODiS historical observed evidence only; IB3W context layer; no THCI, radar, or final hiking risk scoring authorization.",True,466910,鞍部,PRIMARY_MOUNTAIN_RIDGE,1,mean,3,wind_speed_mps
ib3w_weather_inference_fallback_prototype_v1,qixing_lengshuikeng_full26_backend_2024_v1,qixing_lengshuikeng_main_peak_20260523_osmrefresh_v1_3b,qixing_lengshuikeng_6_1,2024-07-22T01:28:43+00:00,2024-07-22T04:47:53+00:00,wind_direction_deg,171.088237,,OBSERVED_HISTORICAL_CODIS,OBSERVED,0.9,codis_multistation_activity_window_match_v1; priority=1; station_role=PRIMARY_MOUNTAIN_RIDGE; aggregation=circular_mean_deg; window=activity_time_utc +/- 3h; historical observed evidence only; no scoring authorization,0,0,0,9,,466910,鞍部,CODiS.HistoricalHourly,2024-07-21T23:00:00+00:00,2024-07-22T07:00:00+00:00,True,False,False,False,False,False,False,"CODiS historical observed evidence only; IB3W context layer; no THCI, radar, or final hiking risk scoring authorization.",True,466910,鞍部,PRIMARY_MOUNTAIN_RIDGE,1,circular_mean_deg,3,wind_direction_deg
ib3w_weather_inference_fallback_prototype_v1,qixing_lengshuikeng_full26_backend_2024_v1,qixing_lengshuikeng_main_peak_20260523_osmrefresh_v1_3b,qixing_lengshuikeng_6_1,2024-07-22T01:28:43+00:00,2024-07-22T04:47:53+00:00,wind_gust_ms,10.4,,OBSERVED_HISTORICAL_CODIS,OBSERVED,0.9,codis_multistation_activity_window_match_v1; priority=1; station_role=PRIMARY_MOUNTAIN_RIDGE; aggregation=max; window=activity_time_utc +/- 3h; historical observed evidence only; no scoring authorization,0,0,0,9,,466910,鞍部,CODiS.HistoricalHourly,2024-07-21T23:00:00+00:00,2024-07-22T07:00:00+00:00,True,False,False,False,False,False,False,"CODiS historical observed evidence only; IB3W context layer; no THCI, radar, or final hiking risk scoring authorization.",True,466910,鞍部,PRIMARY_MOUNTAIN_RIDGE,1,max,3,wind_gust_mps
ib3w_weather_inference_fallback_prototype_v1,qixing_lengshuikeng_full26_backend_2024_v1,qixing_lengshuikeng_main_peak_20260523_osmrefresh_v1_3b,qixing_lengshuikeng_6_1,2024-07-22T01:28:43+00:00,2024-07-22T04:47:53+00:00,sunshine_duration_min,354,,OBSERVED_HISTORICAL_CODIS,OBSERVED,0.9,codis_multistation_activity_window_match_v1; priority=1; station_role=PRIMARY_MOUNTAIN_RIDGE; aggregation=sum_x60; window=activity_time_utc +/- 3h; historical observed evidence only; no scoring authorization,0,0,0,9,,466910,鞍部,CODiS.HistoricalHourly,2024-07-21T23:00:00+00:00,2024-07-22T07:00:00+00:00,True,False,False,False,False,False,False,"CODiS historical observed evidence only; IB3W context layer; no THCI, radar, or final hiking risk scoring authorization.",True,466910,鞍部,PRIMARY_MOUNTAIN_RIDGE,1,sum_x60,3,sunshine_hour
ib3w_weather_inference_fallback_prototype_v1,qixing_lengshuikeng_full26_backend_2024_v1,qixing_lengshuikeng_main_peak_20260523_osmrefresh_v1_3b,qixing_lengshuikeng_6_1,2024-07-22T01:28:43+00:00,2024-07-22T04:47:53+00:00,visibility_m,,,UNAVAILABLE,MISSING,0.0,"no direct, +/- 7 day same-hour, neighboring-station, or climatology evidence available",7,7,7,0,,,,,,,False,False,True,False,False,False,False,Evidence prototype only; no scoring authorization.,False,,,,,,,
ib3w_weather_inference_fallback_prototype_v1,qixing_lengshuikeng_full26_backend_2024_v1,qixing_lengshuikeng_main_peak_20260523_osmrefresh_v1_3b,qixing_lengshuikeng_6_1,2024-07-22T01:28:43+00:00,2024-07-22T04:47:53+00:00,uv_index,10,,OBSERVED_HISTORICAL_CODIS,OBSERVED,0.9,codis_multistation_activity_window_match_v1; priority=1; station_role=PRIMARY_MOUNTAIN_RIDGE; aggregation=max; window=activity_time_utc +/- 3h; historical observed evidence only; no scoring authorization,0,0,0,9,,466910,鞍部,CODiS.HistoricalHourly,2024-07-21T23:00:00+00:00,2024-07-22T07:00:00+00:00,True,False,False,False,False,False,False,"CODiS historical observed evidence only; IB3W context layer; no THCI, radar, or final hiking risk scoring authorization.",True,466910,鞍部,PRIMARY_MOUNTAIN_RIDGE,1,max,3,uvi
ib3w_weather_inference_fallback_prototype_v1,qixing_lengshuikeng_full26_backend_2024_v1,qixing_lengshuikeng_main_peak_20260523_osmrefresh_v1_3b,qixing_lengshuikeng_6_1,2024-07-22T01:28:43+00:00,2024-07-22T04:47:53+00:00,weather,,,UNAVAILABLE,MISSING,0.0,"no direct, +/- 7 day same-hour, neighboring-station, or climatology evidence available",7,7,7,0,,,,,,,False,False,True,False,False,False,False,Evidence prototype only; no scoring authorization.,False,,,,,,,
ib3w_weather_inference_fallback_prototype_v1,qixing_lengshuikeng_full26_backend_2024_v1,qixing_lengshuikeng_main_peak_20260523_osmrefresh_v1_3b,qixing_lengshuikeng_8_1,2024-08-11T00:55:44+00:00,2024-08-11T03:15:57+00:00,precipitation_mm,0,,OBSERVED_HISTORICAL_CODIS,OBSERVED,0.9,codis_multistation_activity_window_match_v1; priority=1; station_role=PRIMARY_MOUNTAIN_RIDGE; aggregation=sum; window=activity_time_utc +/- 3h; historical observed evidence only; no scoring authorization,0,0,0,9,,466910,鞍部,CODiS.HistoricalHourly,2024-08-10T22:00:00+00:00,2024-08-11T06:00:00+00:00,True,False,False,False,False,False,False,"CODiS historical observed evidence only; IB3W context layer; no THCI, radar, or final hiking risk scoring authorization.",True,466910,鞍部,PRIMARY_MOUNTAIN_RIDGE,1,sum,3,precipitation_mm
ib3w_weather_inference_fallback_prototype_v1,qixing_lengshuikeng_full26_backend_2024_v1,qixing_lengshuikeng_main_peak_20260523_osmrefresh_v1_3b,qixing_lengshuikeng_8_1,2024-08-11T00:55:44+00:00,2024-08-11T03:15:57+00:00,precipitation_10min_mm,,,UNAVAILABLE,MISSING,0.0,"no direct, +/- 7 day same-hour, neighboring-station, or climatology evidence available",7,7,7,0,,,,,,,False,False,True,False,False,False,False,Evidence prototype only; no scoring authorization.,False,,,,,,,
ib3w_weather_inference_fallback_prototype_v1,qixing_lengshuikeng_full26_backend_2024_v1,qixing_lengshuikeng_main_peak_20260523_osmrefresh_v1_3b,qixing_lengshuikeng_8_1,2024-08-11T00:55:44+00:00,2024-08-11T03:15:57+00:00,precipitation_1hr_mm,,,UNAVAILABLE,MISSING,0.0,"no direct, +/- 7 day same-hour, neighboring-station, or climatology evidence available",7,7,7,0,,,,,,,False,False,True,False,False,False,False,Evidence prototype only; no scoring authorization.,False,,,,,,,
ib3w_weather_inference_fallback_prototype_v1,qixing_lengshuikeng_full26_backend_2024_v1,qixing_lengshuikeng_main_peak_20260523_osmrefresh_v1_3b,qixing_lengshuikeng_8_1,2024-08-11T00:55:44+00:00,2024-08-11T03:15:57+00:00,temperature_c,25.066667,,OBSERVED_HISTORICAL_CODIS,OBSERVED,0.9,codis_multistation_activity_window_match_v1; priority=1; station_role=PRIMARY_MOUNTAIN_RIDGE; aggregation=mean; window=activity_time_utc +/- 3h; historical observed evidence only; no scoring authorization,0,0,0,9,,466910,鞍部,CODiS.HistoricalHourly,2024-08-10T22:00:00+00:00,2024-08-11T06:00:00+00:00,True,False,False,False,False,False,False,"CODiS historical observed evidence only; IB3W context layer; no THCI, radar, or final hiking risk scoring authorization.",True,466910,鞍部,PRIMARY_MOUNTAIN_RIDGE,1,mean,3,temperature_c
ib3w_weather_inference_fallback_prototype_v1,qixing_lengshuikeng_full26_backend_2024_v1,qixing_lengshuikeng_main_peak_20260523_osmrefresh_v1_3b,qixing_lengshuikeng_8_1,2024-08-11T00:55:44+00:00,2024-08-11T03:15:57+00:00,relative_humidity_pct,88,,OBSERVED_HISTORICAL_CODIS,OBSERVED,0.9,codis_multistation_activity_window_match_v1; priority=1; station_role=PRIMARY_MOUNTAIN_RIDGE; aggregation=mean; window=activity_time_utc +/- 3h; historical observed evidence only; no scoring authorization,0,0,0,9,,466910,鞍部,CODiS.HistoricalHourly,2024-08-10T22:00:00+00:00,2024-08-11T06:00:00+00:00,True,False,False,False,False,False,False,"CODiS historical observed evidence only; IB3W context layer; no THCI, radar, or final hiking risk scoring authorization.",True,466910,鞍部,PRIMARY_MOUNTAIN_RIDGE,1,mean,3,relative_humidity_pct
ib3w_weather_inference_fallback_prototype_v1,qixing_lengshuikeng_full26_backend_2024_v1,qixing_lengshuikeng_main_peak_20260523_osmrefresh_v1_3b,qixing_lengshuikeng_8_1,2024-08-11T00:55:44+00:00,2024-08-11T03:15:57+00:00,pressure_hpa,913.988889,,OBSERVED_HISTORICAL_CODIS,OBSERVED,0.9,codis_multistation_activity_window_match_v1; priority=1; station_role=PRIMARY_MOUNTAIN_RIDGE; aggregation=mean; window=activity_time_utc +/- 3h; historical observed evidence only; no scoring authorization,0,0,0,9,,466910,鞍部,CODiS.HistoricalHourly,2024-08-10T22:00:00+00:00,2024-08-11T06:00:00+00:00,True,False,False,False,False,False,False,"CODiS historical observed evidence only; IB3W context layer; no THCI, radar, or final hiking risk scoring authorization.",True,466910,鞍部,PRIMARY_MOUNTAIN_RIDGE,1,mean,3,station_pressure_hpa
ib3w_weather_inference_fallback_prototype_v1,qixing_lengshuikeng_full26_backend_2024_v1,qixing_lengshuikeng_main_peak_20260523_osmrefresh_v1_3b,qixing_lengshuikeng_8_1,2024-08-11T00:55:44+00:00,2024-08-11T03:15:57+00:00,wind_speed_ms,1.533333,,OBSERVED_HISTORICAL_CODIS,OBSERVED,0.9,codis_multistation_activity_window_match_v1; priority=1; station_role=PRIMARY_MOUNTAIN_RIDGE; aggregation=mean; window=activity_time_utc +/- 3h; historical observed evidence only; no scoring authorization,0,0,0,9,,466910,鞍部,CODiS.HistoricalHourly,2024-08-10T22:00:00+00:00,2024-08-11T06:00:00+00:00,True,False,False,False,False,False,False,"CODiS historical observed evidence only; IB3W context layer; no THCI, radar, or final hiking risk scoring authorization.",True,466910,鞍部,PRIMARY_MOUNTAIN_RIDGE,1,mean,3,wind_speed_mps
ib3w_weather_inference_fallback_prototype_v1,qixing_lengshuikeng_full26_backend_2024_v1,qixing_lengshuikeng_main_peak_20260523_osmrefresh_v1_3b,qixing_lengshuikeng_8_1,2024-08-11T00:55:44+00:00,2024-08-11T03:15:57+00:00,wind_direction_deg,63.014145,,OBSERVED_HISTORICAL_CODIS,OBSERVED,0.9,codis_multistation_activity_window_match_v1; priority=1; station_role=PRIMARY_MOUNTAIN_RIDGE; aggregation=circular_mean_deg; window=activity_time_utc +/- 3h; historical observed evidence only; no scoring authorization,0,0,0,8,,466910,鞍部,CODiS.HistoricalHourly,2024-08-10T22:00:00+00:00,2024-08-11T06:00:00+00:00,True,False,False,False,False,False,False,"CODiS historical observed evidence only; IB3W context layer; no THCI, radar, or final hiking risk scoring authorization.",True,466910,鞍部,PRIMARY_MOUNTAIN_RIDGE,1,circular_mean_deg,3,wind_direction_deg
ib3w_weather_inference_fallback_prototype_v1,qixing_lengshuikeng_full26_backend_2024_v1,qixing_lengshuikeng_main_peak_20260523_osmrefresh_v1_3b,qixing_lengshuikeng_8_1,2024-08-11T00:55:44+00:00,2024-08-11T03:15:57+00:00,wind_gust_ms,7.6,,OBSERVED_HISTORICAL_CODIS,OBSERVED,0.9,codis_multistation_activity_window_match_v1; priority=1; station_role=PRIMARY_MOUNTAIN_RIDGE; aggregation=max; window=activity_time_utc +/- 3h; historical observed evidence only; no scoring authorization,0,0,0,9,,466910,鞍部,CODiS.HistoricalHourly,2024-08-10T22:00:00+00:00,2024-08-11T06:00:00+00:00,True,False,False,False,False,False,False,"CODiS historical observed evidence only; IB3W context layer; no THCI, radar, or final hiking risk scoring authorization.",True,466910,鞍部,PRIMARY_MOUNTAIN_RIDGE,1,max,3,wind_gust_mps
ib3w_weather_inference_fallback_prototype_v1,qixing_lengshuikeng_full26_backend_2024_v1,qixing_lengshuikeng_main_peak_20260523_osmrefresh_v1_3b,qixing_lengshuikeng_8_1,2024-08-11T00:55:44+00:00,2024-08-11T03:15:57+00:00,sunshine_duration_min,246,,OBSERVED_HISTORICAL_CODIS,OBSERVED,0.9,codis_multistation_activity_window_match_v1; priority=1; station_role=PRIMARY_MOUNTAIN_RIDGE; aggregation=sum_x60; window=activity_time_utc +/- 3h; historical observed evidence only; no scoring authorization,0,0,0,9,,466910,鞍部,CODiS.HistoricalHourly,2024-08-10T22:00:00+00:00,2024-08-11T06:00:00+00:00,True,False,False,False,False,False,False,"CODiS historical observed evidence only; IB3W context layer; no THCI, radar, or final hiking risk scoring authorization.",True,466910,鞍部,PRIMARY_MOUNTAIN_RIDGE,1,sum_x60,3,sunshine_hour
ib3w_weather_inference_fallback_prototype_v1,qixing_lengshuikeng_full26_backend_2024_v1,qixing_lengshuikeng_main_peak_20260523_osmrefresh_v1_3b,qixing_lengshuikeng_8_1,2024-08-11T00:55:44+00:00,2024-08-11T03:15:57+00:00,visibility_m,,,UNAVAILABLE,MISSING,0.0,"no direct, +/- 7 day same-hour, neighboring-station, or climatology evidence available",7,7,7,0,,,,,,,False,False,True,False,False,False,False,Evidence prototype only; no scoring authorization.,False,,,,,,,
ib3w_weather_inference_fallback_prototype_v1,qixing_lengshuikeng_full26_backend_2024_v1,qixing_lengshuikeng_main_peak_20260523_osmrefresh_v1_3b,qixing_lengshuikeng_8_1,2024-08-11T00:55:44+00:00,2024-08-11T03:15:57+00:00,uv_index,9,,OBSERVED_HISTORICAL_CODIS,OBSERVED,0.9,codis_multistation_activity_window_match_v1; priority=1; station_role=PRIMARY_MOUNTAIN_RIDGE; aggregation=max; window=activity_time_utc +/- 3h; historical observed evidence only; no scoring authorization,0,0,0,9,,466910,鞍部,CODiS.HistoricalHourly,2024-08-10T22:00:00+00:00,2024-08-11T06:00:00+00:00,True,False,False,False,False,False,False,"CODiS historical observed evidence only; IB3W context layer; no THCI, radar, or final hiking risk scoring authorization.",True,466910,鞍部,PRIMARY_MOUNTAIN_RIDGE,1,max,3,uvi
ib3w_weather_inference_fallback_prototype_v1,qixing_lengshuikeng_full26_backend_2024_v1,qixing_lengshuikeng_main_peak_20260523_osmrefresh_v1_3b,qixing_lengshuikeng_8_1,2024-08-11T00:55:44+00:00,2024-08-11T03:15:57+00:00,weather,,,UNAVAILABLE,MISSING,0.0,"no direct, +/- 7 day same-hour, neighboring-station, or climatology evidence available",7,7,7,0,,,,,,,False,False,True,False,False,False,False,Evidence prototype only; no scoring authorization.,False,,,,,,,
ib3w_weather_inference_fallback_prototype_v1,qixing_lengshuikeng_full26_backend_2024_v1,qixing_lengshuikeng_main_peak_20260523_osmrefresh_v1_3b,qixing_lengshuikeng_9_1,2024-09-22T00:56:08+00:00,2024-09-22T03:20:10+00:00,precipitation_mm,44.5,,OBSERVED_HISTORICAL_CODIS,OBSERVED,0.9,codis_multistation_activity_window_match_v1; priority=1; station_role=PRIMARY_MOUNTAIN_RIDGE; aggregation=sum; window=activity_time_utc +/- 3h; historical observed evidence only; no scoring authorization,0,0,0,8,,466910,鞍部,CODiS.HistoricalHourly,2024-09-21T22:00:00+00:00,2024-09-22T06:00:00+00:00,True,False,False,False,False,False,False,"CODiS historical observed evidence only; IB3W context layer; no THCI, radar, or final hiking risk scoring authorization.",True,466910,鞍部,PRIMARY_MOUNTAIN_RIDGE,1,sum,3,precipitation_mm
ib3w_weather_inference_fallback_prototype_v1,qixing_lengshuikeng_full26_backend_2024_v1,qixing_lengshuikeng_main_peak_20260523_osmrefresh_v1_3b,qixing_lengshuikeng_9_1,2024-09-22T00:56:08+00:00,2024-09-22T03:20:10+00:00,precipitation_10min_mm,,,UNAVAILABLE,MISSING,0.0,"no direct, +/- 7 day same-hour, neighboring-station, or climatology evidence available",7,7,7,0,,,,,,,False,False,True,False,False,False,False,Evidence prototype only; no scoring authorization.,False,,,,,,,
ib3w_weather_inference_fallback_prototype_v1,qixing_lengshuikeng_full26_backend_2024_v1,qixing_lengshuikeng_main_peak_20260523_osmrefresh_v1_3b,qixing_lengshuikeng_9_1,2024-09-22T00:56:08+00:00,2024-09-22T03:20:10+00:00,precipitation_1hr_mm,,,UNAVAILABLE,MISSING,0.0,"no direct, +/- 7 day same-hour, neighboring-station, or climatology evidence available",7,7,7,0,,,,,,,False,False,True,False,False,False,False,Evidence prototype only; no scoring authorization.,False,,,,,,,
ib3w_weather_inference_fallback_prototype_v1,qixing_lengshuikeng_full26_backend_2024_v1,qixing_lengshuikeng_main_peak_20260523_osmrefresh_v1_3b,qixing_lengshuikeng_9_1,2024-09-22T00:56:08+00:00,2024-09-22T03:20:10+00:00,temperature_c,22.044444,,OBSERVED_HISTORICAL_CODIS,OBSERVED,0.9,codis_multistation_activity_window_match_v1; priority=1; station_role=PRIMARY_MOUNTAIN_RIDGE; aggregation=mean; window=activity_time_utc +/- 3h; historical observed evidence only; no scoring authorization,0,0,0,9,,466910,鞍部,CODiS.HistoricalHourly,2024-09-21T22:00:00+00:00,2024-09-22T06:00:00+00:00,True,False,False,False,False,False,False,"CODiS historical observed evidence only; IB3W context layer; no THCI, radar, or final hiking risk scoring authorization.",True,466910,鞍部,PRIMARY_MOUNTAIN_RIDGE,1,mean,3,temperature_c
ib3w_weather_inference_fallback_prototype_v1,qixing_lengshuikeng_full26_backend_2024_v1,qixing_lengshuikeng_main_peak_20260523_osmrefresh_v1_3b,qixing_lengshuikeng_9_1,2024-09-22T00:56:08+00:00,2024-09-22T03:20:10+00:00,relative_humidity_pct,100,,OBSERVED_HISTORICAL_CODIS,OBSERVED,0.9,codis_multistation_activity_window_match_v1; priority=1; station_role=PRIMARY_MOUNTAIN_RIDGE; aggregation=mean; window=activity_time_utc +/- 3h; historical observed evidence only; no scoring authorization,0,0,0,9,,466910,鞍部,CODiS.HistoricalHourly,2024-09-21T22:00:00+00:00,2024-09-22T06:00:00+00:00,True,False,False,False,False,False,False,"CODiS historical observed evidence only; IB3W context layer; no THCI, radar, or final hiking risk scoring authorization.",True,466910,鞍部,PRIMARY_MOUNTAIN_RIDGE,1,mean,3,relative_humidity_pct
ib3w_weather_inference_fallback_prototype_v1,qixing_lengshuikeng_full26_backend_2024_v1,qixing_lengshuikeng_main_peak_20260523_osmrefresh_v1_3b,qixing_lengshuikeng_9_1,2024-09-22T00:56:08+00:00,2024-09-22T03:20:10+00:00,pressure_hpa,917.477778,,OBSERVED_HISTORICAL_CODIS,OBSERVED,0.9,codis_multistation_activity_window_match_v1; priority=1; station_role=PRIMARY_MOUNTAIN_RIDGE; aggregation=mean; window=activity_time_utc +/- 3h; historical observed evidence only; no scoring authorization,0,0,0,9,,466910,鞍部,CODiS.HistoricalHourly,2024-09-21T22:00:00+00:00,2024-09-22T06:00:00+00:00,True,False,False,False,False,False,False,"CODiS historical observed evidence only; IB3W context layer; no THCI, radar, or final hiking risk scoring authorization.",True,466910,鞍部,PRIMARY_MOUNTAIN_RIDGE,1,mean,3,station_pressure_hpa
ib3w_weather_inference_fallback_prototype_v1,qixing_lengshuikeng_full26_backend_2024_v1,qixing_lengshuikeng_main_peak_20260523_osmrefresh_v1_3b,qixing_lengshuikeng_9_1,2024-09-22T00:56:08+00:00,2024-09-22T03:20:10+00:00,wind_speed_ms,4.255556,,OBSERVED_HISTORICAL_CODIS,OBSERVED,0.9,codis_multistation_activity_window_match_v1; priority=1; station_role=PRIMARY_MOUNTAIN_RIDGE; aggregation=mean; window=activity_time_utc +/- 3h; historical observed evidence only; no scoring authorization,0,0,0,9,,466910,鞍部,CODiS.HistoricalHourly,2024-09-21T22:00:00+00:00,2024-09-22T06:00:00+00:00,True,False,False,False,False,False,False,"CODiS historical observed evidence only; IB3W context layer; no THCI, radar, or final hiking risk scoring authorization.",True,466910,鞍部,PRIMARY_MOUNTAIN_RIDGE,1,mean,3,wind_speed_mps
ib3w_weather_inference_fallback_prototype_v1,qixing_lengshuikeng_full26_backend_2024_v1,qixing_lengshuikeng_main_peak_20260523_osmrefresh_v1_3b,qixing_lengshuikeng_9_1,2024-09-22T00:56:08+00:00,2024-09-22T03:20:10+00:00,wind_direction_deg,346.115618,,OBSERVED_HISTORICAL_CODIS,OBSERVED,0.9,codis_multistation_activity_window_match_v1; priority=1; station_role=PRIMARY_MOUNTAIN_RIDGE; aggregation=circular_mean_deg; window=activity_time_utc +/- 3h; historical observed evidence only; no scoring authorization,0,0,0,9,,466910,鞍部,CODiS.HistoricalHourly,2024-09-21T22:00:00+00:00,2024-09-22T06:00:00+00:00,True,False,False,False,False,False,False,"CODiS historical observed evidence only; IB3W context layer; no THCI, radar, or final hiking risk scoring authorization.",True,466910,鞍部,PRIMARY_MOUNTAIN_RIDGE,1,circular_mean_deg,3,wind_direction_deg
ib3w_weather_inference_fallback_prototype_v1,qixing_lengshuikeng_full26_backend_2024_v1,qixing_lengshuikeng_main_peak_20260523_osmrefresh_v1_3b,qixing_lengshuikeng_9_1,2024-09-22T00:56:08+00:00,2024-09-22T03:20:10+00:00,wind_gust_ms,14.5,,OBSERVED_HISTORICAL_CODIS,OBSERVED,0.9,codis_multistation_activity_window_match_v1; priority=1; station_role=PRIMARY_MOUNTAIN_RIDGE; aggregation=max; window=activity_time_utc +/- 3h; historical observed evidence only; no scoring authorization,0,0,0,9,,466910,鞍部,CODiS.HistoricalHourly,2024-09-21T22:00:00+00:00,2024-09-22T06:00:00+00:00,True,False,False,False,False,False,False,"CODiS historical observed evidence only; IB3W context layer; no THCI, radar, or final hiking risk scoring authorization.",True,466910,鞍部,PRIMARY_MOUNTAIN_RIDGE,1,max,3,wind_gust_mps
ib3w_weather_inference_fallback_prototype_v1,qixing_lengshuikeng_full26_backend_2024_v1,qixing_lengshuikeng_main_peak_20260523_osmrefresh_v1_3b,qixing_lengshuikeng_9_1,2024-09-22T00:56:08+00:00,2024-09-22T03:20:10+00:00,sunshine_duration_min,0,,OBSERVED_HISTORICAL_CODIS,OBSERVED,0.9,codis_multistation_activity_window_match_v1; priority=1; station_role=PRIMARY_MOUNTAIN_RIDGE; aggregation=sum_x60; window=activity_time_utc +/- 3h; historical observed evidence only; no scoring authorization,0,0,0,9,,466910,鞍部,CODiS.HistoricalHourly,2024-09-21T22:00:00+00:00,2024-09-22T06:00:00+00:00,True,False,False,False,False,False,False,"CODiS historical observed evidence only; IB3W context layer; no THCI, radar, or final hiking risk scoring authorization.",True,466910,鞍部,PRIMARY_MOUNTAIN_RIDGE,1,sum_x60,3,sunshine_hour
ib3w_weather_inference_fallback_prototype_v1,qixing_lengshuikeng_full26_backend_2024_v1,qixing_lengshuikeng_main_peak_20260523_osmrefresh_v1_3b,qixing_lengshuikeng_9_1,2024-09-22T00:56:08+00:00,2024-09-22T03:20:10+00:00,visibility_m,,,UNAVAILABLE,MISSING,0.0,"no direct, +/- 7 day same-hour, neighboring-station, or climatology evidence available",7,7,7,0,,,,,,,False,False,True,False,False,False,False,Evidence prototype only; no scoring authorization.,False,,,,,,,
ib3w_weather_inference_fallback_prototype_v1,qixing_lengshuikeng_full26_backend_2024_v1,qixing_lengshuikeng_main_peak_20260523_osmrefresh_v1_3b,qixing_lengshuikeng_9_1,2024-09-22T00:56:08+00:00,2024-09-22T03:20:10+00:00,uv_index,1,,OBSERVED_HISTORICAL_CODIS,OBSERVED,0.9,codis_multistation_activity_window_match_v1; priority=1; station_role=PRIMARY_MOUNTAIN_RIDGE; aggregation=max; window=activity_time_utc +/- 3h; historical observed evidence only; no scoring authorization,0,0,0,9,,466910,鞍部,CODiS.HistoricalHourly,2024-09-21T22:00:00+00:00,2024-09-22T06:00:00+00:00,True,False,False,False,False,False,False,"CODiS historical observed evidence only; IB3W context layer; no THCI, radar, or final hiking risk scoring authorization.",True,466910,鞍部,PRIMARY_MOUNTAIN_RIDGE,1,max,3,uvi
ib3w_weather_inference_fallback_prototype_v1,qixing_lengshuikeng_full26_backend_2024_v1,qixing_lengshuikeng_main_peak_20260523_osmrefresh_v1_3b,qixing_lengshuikeng_9_1,2024-09-22T00:56:08+00:00,2024-09-22T03:20:10+00:00,weather,,,UNAVAILABLE,MISSING,0.0,"no direct, +/- 7 day same-hour, neighboring-station, or climatology evidence available",7,7,7,0,,,,,,,False,False,True,False,False,False,False,Evidence prototype only; no scoring authorization.,False,,,,,,,
ib3w_weather_inference_fallback_prototype_v1,qixing_lengshuikeng_xiaoyoukeng_20260410_gpx_v1,qixing_lengshuikeng_xiaoyoukeng_20260410_biji_gpx,qixing_lengshuikeng_xiaoyoukeng_20260410_biji_gpx,2026-04-10T21:35:47+00:00,2026-04-10T23:54:30+00:00,precipitation_mm,0.0,,SAME_DAY_DIRECT_OBSERVATION,OBSERVED,0.95,primary representative station observation within activity window +/- 3 hours,0,0,0,143,,466910|466930|A0A460|C0AC40,大屯山|文化大學|陽明山|鞍部,STA_Weather.LatestObservations,2026-04-10T18:40:00+00:00,2026-04-11T02:50:00+00:00,True,False,False,False,False,False,False,Evidence prototype only; no scoring authorization.,False,,,,,,,
ib3w_weather_inference_fallback_prototype_v1,qixing_lengshuikeng_xiaoyoukeng_20260410_gpx_v1,qixing_lengshuikeng_xiaoyoukeng_20260410_biji_gpx,qixing_lengshuikeng_xiaoyoukeng_20260410_biji_gpx,2026-04-10T21:35:47+00:00,2026-04-10T23:54:30+00:00,precipitation_10min_mm,,,UNAVAILABLE,MISSING,0.0,"no direct, +/- 7 day same-hour, neighboring-station, or climatology evidence available",7,7,7,0,,,,,,,False,False,True,False,False,False,False,Evidence prototype only; no scoring authorization.,False,,,,,,,
ib3w_weather_inference_fallback_prototype_v1,qixing_lengshuikeng_xiaoyoukeng_20260410_gpx_v1,qixing_lengshuikeng_xiaoyoukeng_20260410_biji_gpx,qixing_lengshuikeng_xiaoyoukeng_20260410_biji_gpx,2026-04-10T21:35:47+00:00,2026-04-10T23:54:30+00:00,precipitation_1hr_mm,,,UNAVAILABLE,MISSING,0.0,"no direct, +/- 7 day same-hour, neighboring-station, or climatology evidence available",7,7,7,0,,,,,,,False,False,True,False,False,False,False,Evidence prototype only; no scoring authorization.,False,,,,,,,
ib3w_weather_inference_fallback_prototype_v1,qixing_lengshuikeng_xiaoyoukeng_20260410_gpx_v1,qixing_lengshuikeng_xiaoyoukeng_20260410_biji_gpx,qixing_lengshuikeng_xiaoyoukeng_20260410_biji_gpx,2026-04-10T21:35:47+00:00,2026-04-10T23:54:30+00:00,temperature_c,21.216551724137933,,SAME_DAY_DIRECT_OBSERVATION,OBSERVED,0.95,primary representative station observation within activity window +/- 3 hours,0,0,0,145,,466910|466930|A0A460|C0AC40,大屯山|文化大學|陽明山|鞍部,STA_Weather.LatestObservations,2026-04-10T18:40:00+00:00,2026-04-11T02:50:00+00:00,True,False,False,False,False,False,False,Evidence prototype only; no scoring authorization.,False,,,,,,,
ib3w_weather_inference_fallback_prototype_v1,qixing_lengshuikeng_xiaoyoukeng_20260410_gpx_v1,qixing_lengshuikeng_xiaoyoukeng_20260410_biji_gpx,qixing_lengshuikeng_xiaoyoukeng_20260410_biji_gpx,2026-04-10T21:35:47+00:00,2026-04-10T23:54:30+00:00,relative_humidity_pct,86.01379310344828,,SAME_DAY_DIRECT_OBSERVATION,OBSERVED,0.95,primary representative station observation within activity window +/- 3 hours,0,0,0,145,,466910|466930|A0A460|C0AC40,大屯山|文化大學|陽明山|鞍部,STA_Weather.LatestObservations,2026-04-10T18:40:00+00:00,2026-04-11T02:50:00+00:00,True,False,False,False,False,False,False,Evidence prototype only; no scoring authorization.,False,,,,,,,
ib3w_weather_inference_fallback_prototype_v1,qixing_lengshuikeng_xiaoyoukeng_20260410_gpx_v1,qixing_lengshuikeng_xiaoyoukeng_20260410_biji_gpx,qixing_lengshuikeng_xiaoyoukeng_20260410_biji_gpx,2026-04-10T21:35:47+00:00,2026-04-10T23:54:30+00:00,pressure_hpa,935.6679245283018,,SAME_DAY_DIRECT_OBSERVATION,OBSERVED,0.95,primary representative station observation within activity window +/- 3 hours,0,0,0,53,,466910|466930|A0A460|C0AC40,大屯山|文化大學|陽明山|鞍部,STA_Weather.LatestObservations,2026-04-10T18:40:00+00:00,2026-04-11T02:50:00+00:00,True,False,False,False,False,False,False,Evidence prototype only; no scoring authorization.,False,,,,,,,
ib3w_weather_inference_fallback_prototype_v1,qixing_lengshuikeng_xiaoyoukeng_20260410_gpx_v1,qixing_lengshuikeng_xiaoyoukeng_20260410_biji_gpx,qixing_lengshuikeng_xiaoyoukeng_20260410_biji_gpx,2026-04-10T21:35:47+00:00,2026-04-10T23:54:30+00:00,wind_speed_ms,1.4562499999999998,,SAME_DAY_DIRECT_OBSERVATION,OBSERVED,0.95,primary representative station observation within activity window +/- 3 hours,0,0,0,144,,466910|466930|A0A460|C0AC40,大屯山|文化大學|陽明山|鞍部,STA_Weather.LatestObservations,2026-04-10T18:40:00+00:00,2026-04-11T02:50:00+00:00,True,False,False,False,False,False,False,Evidence prototype only; no scoring authorization.,False,,,,,,,
ib3w_weather_inference_fallback_prototype_v1,qixing_lengshuikeng_xiaoyoukeng_20260410_gpx_v1,qixing_lengshuikeng_xiaoyoukeng_20260410_biji_gpx,qixing_lengshuikeng_xiaoyoukeng_20260410_biji_gpx,2026-04-10T21:35:47+00:00,2026-04-10T23:54:30+00:00,wind_direction_deg,138.37762237762237,,SAME_DAY_DIRECT_OBSERVATION,OBSERVED,0.95,primary representative station observation within activity window +/- 3 hours,0,0,0,143,,466910|466930|A0A460|C0AC40,大屯山|文化大學|陽明山|鞍部,STA_Weather.LatestObservations,2026-04-10T18:40:00+00:00,2026-04-11T02:50:00+00:00,True,False,False,False,False,False,False,Evidence prototype only; no scoring authorization.,False,,,,,,,
ib3w_weather_inference_fallback_prototype_v1,qixing_lengshuikeng_xiaoyoukeng_20260410_gpx_v1,qixing_lengshuikeng_xiaoyoukeng_20260410_biji_gpx,qixing_lengshuikeng_xiaoyoukeng_20260410_biji_gpx,2026-04-10T21:35:47+00:00,2026-04-10T23:54:30+00:00,wind_gust_ms,5.7,,OBSERVED_HISTORICAL_CODIS,OBSERVED,0.9,codis_multistation_activity_window_match_v1; priority=1; station_role=PRIMARY_MOUNTAIN_RIDGE; aggregation=max; window=activity_time_utc +/- 3h; historical observed evidence only; no scoring authorization,0,0,0,8,,466910,鞍部,CODiS.HistoricalHourly,2026-04-10T19:00:00+00:00,2026-04-11T02:00:00+00:00,True,False,False,False,False,False,False,"CODiS historical observed evidence only; IB3W context layer; no THCI, radar, or final hiking risk scoring authorization.",True,466910,鞍部,PRIMARY_MOUNTAIN_RIDGE,1,max,3,wind_gust_mps
ib3w_weather_inference_fallback_prototype_v1,qixing_lengshuikeng_xiaoyoukeng_20260410_gpx_v1,qixing_lengshuikeng_xiaoyoukeng_20260410_biji_gpx,qixing_lengshuikeng_xiaoyoukeng_20260410_biji_gpx,2026-04-10T21:35:47+00:00,2026-04-10T23:54:30+00:00,sunshine_duration_min,108,,OBSERVED_HISTORICAL_CODIS,OBSERVED,0.9,codis_multistation_activity_window_match_v1; priority=1; station_role=PRIMARY_MOUNTAIN_RIDGE; aggregation=sum_x60; window=activity_time_utc +/- 3h; historical observed evidence only; no scoring authorization,0,0,0,8,,466910,鞍部,CODiS.HistoricalHourly,2026-04-10T19:00:00+00:00,2026-04-11T02:00:00+00:00,True,False,False,False,False,False,False,"CODiS historical observed evidence only; IB3W context layer; no THCI, radar, or final hiking risk scoring authorization.",True,466910,鞍部,PRIMARY_MOUNTAIN_RIDGE,1,sum_x60,3,sunshine_hour
ib3w_weather_inference_fallback_prototype_v1,qixing_lengshuikeng_xiaoyoukeng_20260410_gpx_v1,qixing_lengshuikeng_xiaoyoukeng_20260410_biji_gpx,qixing_lengshuikeng_xiaoyoukeng_20260410_biji_gpx,2026-04-10T21:35:47+00:00,2026-04-10T23:54:30+00:00,visibility_m,,,UNAVAILABLE,MISSING,0.0,"no direct, +/- 7 day same-hour, neighboring-station, or climatology evidence available",7,7,7,0,,,,,,,False,False,True,False,False,False,False,Evidence prototype only; no scoring authorization.,False,,,,,,,
ib3w_weather_inference_fallback_prototype_v1,qixing_lengshuikeng_xiaoyoukeng_20260410_gpx_v1,qixing_lengshuikeng_xiaoyoukeng_20260410_biji_gpx,qixing_lengshuikeng_xiaoyoukeng_20260410_biji_gpx,2026-04-10T21:35:47+00:00,2026-04-10T23:54:30+00:00,uv_index,6,,OBSERVED_HISTORICAL_CODIS,OBSERVED,0.9,codis_multistation_activity_window_match_v1; priority=1; station_role=PRIMARY_MOUNTAIN_RIDGE; aggregation=max; window=activity_time_utc +/- 3h; historical observed evidence only; no scoring authorization,0,0,0,8,,466910,鞍部,CODiS.HistoricalHourly,2026-04-10T19:00:00+00:00,2026-04-11T02:00:00+00:00,True,False,False,False,False,False,False,"CODiS historical observed evidence only; IB3W context layer; no THCI, radar, or final hiking risk scoring authorization.",True,466910,鞍部,PRIMARY_MOUNTAIN_RIDGE,1,max,3,uvi
ib3w_weather_inference_fallback_prototype_v1,qixing_lengshuikeng_xiaoyoukeng_20260410_gpx_v1,qixing_lengshuikeng_xiaoyoukeng_20260410_biji_gpx,qixing_lengshuikeng_xiaoyoukeng_20260410_biji_gpx,2026-04-10T21:35:47+00:00,2026-04-10T23:54:30+00:00,weather,,,UNAVAILABLE,MISSING,0.0,"no direct, +/- 7 day same-hour, neighboring-station, or climatology evidence available",7,7,7,0,,,,,,,False,False,True,False,False,False,False,Evidence prototype only; no scoring authorization.,False,,,,,,,
