{
"type": "FeatureCollection",
"name": "Ic3_osm_nodes",
"crs": { "type": "name", "properties": { "name": "urn:ogc:def:crs:OGC:1.3:CRS84" } },
"features": [
{ "type": "Feature", "properties": { "way_id": 720961392, "node_id": "675814622", "way_index": 0, "lon": 121.5600033, "lat": 25.1649829, "ele": null, "name": null, "node_type": null, "tags_json": { } }, "geometry": { "type": "Point", "coordinates": [ 121.5600033, 25.1649829 ] } },
{ "type": "Feature", "properties": { "way_id": 720961392, "node_id": "12054720946", "way_index": 1, "lon": 121.5599814, "lat": 25.1649776, "ele": null, "name": null, "node_type": null, "tags_json": { } }, "geometry": { "type": "Point", "coordinates": [ 121.5599814, 25.1649776 ] } },
{ "type": "Feature", "properties": { "way_id": 720961392, "node_id": "12054720948", "way_index": 2, "lon": 121.5599562, "lat": 25.1649728, "ele": null, "name": null, "node_type": null, "tags_json": { } }, "geometry": { "type": "Point", "coordinates": [ 121.5599562, 25.1649728 ] } },
{ "type": "Feature", "properties": { "way_id": 720961392, "node_id": "12054720947", "way_index": 3, "lon": 121.5599328, "lat": 25.1649549, "ele": null, "name": null, "node_type": null, "tags_json": { } }, "geometry": { "type": "Point", "coordinates": [ 121.5599328, 25.1649549 ] } },
{ "type": "Feature", "properties": { "way_id": 720961392, "node_id": "4210120144", "way_index": 4, "lon": 121.5599159, "lat": 25.1649447, "ele": null, "name": null, "node_type": null, "tags_json": { } }, "geometry": { "type": "Point", "coordinates": [ 121.5599159, 25.1649447 ] } },
{ "type": "Feature", "properties": { "way_id": 720961392, "node_id": "675814621", "way_index": 5, "lon": 121.5599045, "lat": 25.1649245, "ele": null, "name": null, "node_type": null, "tags_json": { } }, "geometry": { "type": "Point", "coordinates": [ 121.5599045, 25.1649245 ] } },
{ "type": "Feature", "properties": { "way_id": 720961392, "node_id": "4210120142", "way_index": 6, "lon": 121.5596988, "lat": 25.1648612, "ele": null, "name": null, "node_type": null, "tags_json": { } }, "geometry": { "type": "Point", "coordinates": [ 121.5596988, 25.1648612 ] } },
{ "type": "Feature", "properties": { "way_id": 720961392, "node_id": "675814620", "way_index": 7, "lon": 121.5596623, "lat": 25.1648659, "ele": null, "name": null, "node_type": null, "tags_json": { } }, "geometry": { "type": "Point", "coordinates": [ 121.5596623, 25.1648659 ] } },
{ "type": "Feature", "properties": { "way_id": 720961392, "node_id": "11384865691", "way_index": 8, "lon": 121.5596384, "lat": 25.1648877, "ele": null, "name": null, "node_type": null, "tags_json": { } }, "geometry": { "type": "Point", "coordinates": [ 121.5596384, 25.1648877 ] } },
{ "type": "Feature", "properties": { "way_id": 720961392, "node_id": "11384865690", "way_index": 9, "lon": 121.5596225, "lat": 25.164902, "ele": null, "name": null, "node_type": null, "tags_json": { } }, "geometry": { "type": "Point", "coordinates": [ 121.5596225, 25.164902 ] } },
{ "type": "Feature", "properties": { "way_id": 720961392, "node_id": "11384865689", "way_index": 10, "lon": 121.5595908, "lat": 25.1649197, "ele": null, "name": null, "node_type": null, "tags_json": { } }, "geometry": { "type": "Point", "coordinates": [ 121.5595908, 25.1649197 ] } },
{ "type": "Feature", "properties": { "way_id": 720961392, "node_id": "4210120141", "way_index": 11, "lon": 121.5595381, "lat": 25.1649283, "ele": null, "name": null, "node_type": null, "tags_json": { } }, "geometry": { "type": "Point", "coordinates": [ 121.5595381, 25.1649283 ] } },
{ "type": "Feature", "properties": { "way_id": 720961392, "node_id": "675814619", "way_index": 12, "lon": 121.5595042, "lat": 25.1649355, "ele": null, "name": null, "node_type": null, "tags_json": { } }, "geometry": { "type": "Point", "coordinates": [ 121.5595042, 25.1649355 ] } },
{ "type": "Feature", "properties": { "way_id": 720961392, "node_id": "4210120140", "way_index": 13, "lon": 121.5594437, "lat": 25.1649378, "ele": null, "name": null, "node_type": null, "tags_json": { } }, "geometry": { "type": "Point", "coordinates": [ 121.5594437, 25.1649378 ] } },
{ "type": "Feature", "properties": { "way_id": 720961392, "node_id": "675814618", "way_index": 14, "lon": 121.5594083, "lat": 25.1649437, "ele": null, "name": null, "node_type": null, "tags_json": { } }, "geometry": { "type": "Point", "coordinates": [ 121.5594083, 25.1649437 ] } },
{ "type": "Feature", "properties": { "way_id": 720961392, "node_id": "4210120225", "way_index": 15, "lon": 121.5593702, "lat": 25.1649571, "ele": null, "name": null, "node_type": null, "tags_json": { } }, "geometry": { "type": "Point", "coordinates": [ 121.5593702, 25.1649571 ] } },
{ "type": "Feature", "properties": { "way_id": 720961392, "node_id": "2391869940", "way_index": 16, "lon": 121.5593135, "lat": 25.1649592, "ele": null, "name": null, "node_type": null, "tags_json": { } }, "geometry": { "type": "Point", "coordinates": [ 121.5593135, 25.1649592 ] } },
{ "type": "Feature", "properties": { "way_id": 1227691460, "node_id": "4210082387", "way_index": 0, "lon": 121.5554757, "lat": 25.1692281, "ele": null, "name": null, "node_type": null, "tags_json": { } }, "geometry": { "type": "Point", "coordinates": [ 121.5554757, 25.1692281 ] } },
{ "type": "Feature", "properties": { "way_id": 1227691460, "node_id": "11384242802", "way_index": 1, "lon": 121.5554951, "lat": 25.1692871, "ele": null, "name": null, "node_type": null, "tags_json": { } }, "geometry": { "type": "Point", "coordinates": [ 121.5554951, 25.1692871 ] } },
{ "type": "Feature", "properties": { "way_id": 1227691460, "node_id": "4210082388", "way_index": 2, "lon": 121.5554893, "lat": 25.1693052, "ele": null, "name": null, "node_type": null, "tags_json": { } }, "geometry": { "type": "Point", "coordinates": [ 121.5554893, 25.1693052 ] } },
{ "type": "Feature", "properties": { "way_id": 1227691460, "node_id": "11384242768", "way_index": 3, "lon": 121.5555158, "lat": 25.1693241, "ele": null, "name": null, "node_type": null, "tags_json": { } }, "geometry": { "type": "Point", "coordinates": [ 121.5555158, 25.1693241 ] } },
{ "type": "Feature", "properties": { "way_id": 1227691460, "node_id": "11384242767", "way_index": 4, "lon": 121.5555131, "lat": 25.1693378, "ele": null, "name": null, "node_type": null, "tags_json": { } }, "geometry": { "type": "Point", "coordinates": [ 121.5555131, 25.1693378 ] } },
{ "type": "Feature", "properties": { "way_id": 1227691460, "node_id": "4210082389", "way_index": 5, "lon": 121.5555294, "lat": 25.1693452, "ele": null, "name": null, "node_type": null, "tags_json": { } }, "geometry": { "type": "Point", "coordinates": [ 121.5555294, 25.1693452 ] } },
{ "type": "Feature", "properties": { "way_id": 1227691460, "node_id": "12054591036", "way_index": 6, "lon": 121.5555271, "lat": 25.1693549, "ele": null, "name": null, "node_type": null, "tags_json": { } }, "geometry": { "type": "Point", "coordinates": [ 121.5555271, 25.1693549 ] } },
{ "type": "Feature", "properties": { "way_id": 1227691460, "node_id": "4210082391", "way_index": 7, "lon": 121.5555195, "lat": 25.1693642, "ele": null, "name": null, "node_type": null, "tags_json": { } }, "geometry": { "type": "Point", "coordinates": [ 121.5555195, 25.1693642 ] } },
{ "type": "Feature", "properties": { "way_id": 1227691460, "node_id": "4210082392", "way_index": 8, "lon": 121.5555256, "lat": 25.1693955, "ele": null, "name": null, "node_type": null, "tags_json": { } }, "geometry": { "type": "Point", "coordinates": [ 121.5555256, 25.1693955 ] } },
{ "type": "Feature", "properties": { "way_id": 1227691460, "node_id": "12054591035", "way_index": 9, "lon": 121.555521, "lat": 25.169416, "ele": null, "name": null, "node_type": null, "tags_json": { } }, "geometry": { "type": "Point", "coordinates": [ 121.555521, 25.169416 ] } },
{ "type": "Feature", "properties": { "way_id": 1227691460, "node_id": "11384242766", "way_index": 10, "lon": 121.5555292, "lat": 25.169422, "ele": null, "name": null, "node_type": null, "tags_json": { } }, "geometry": { "type": "Point", "coordinates": [ 121.5555292, 25.169422 ] } },
{ "type": "Feature", "properties": { "way_id": 1227691460, "node_id": "11384242801", "way_index": 11, "lon": 121.5555582, "lat": 25.1694209, "ele": null, "name": null, "node_type": null, "tags_json": { } }, "geometry": { "type": "Point", "coordinates": [ 121.5555582, 25.1694209 ] } },
{ "type": "Feature", "properties": { "way_id": 1227691460, "node_id": "11384242800", "way_index": 12, "lon": 121.5555702, "lat": 25.169431, "ele": null, "name": null, "node_type": null, "tags_json": { } }, "geometry": { "type": "Point", "coordinates": [ 121.5555702, 25.169431 ] } },
{ "type": "Feature", "properties": { "way_id": 1227691460, "node_id": "4210082396", "way_index": 13, "lon": 121.5555816, "lat": 25.1694567, "ele": null, "name": null, "node_type": null, "tags_json": { } }, "geometry": { "type": "Point", "coordinates": [ 121.5555816, 25.1694567 ] } },
{ "type": "Feature", "properties": { "way_id": 1227691462, "node_id": "4210082375", "way_index": 0, "lon": 121.555376, "lat": 25.1687437, "ele": null, "name": null, "node_type": null, "tags_json": { } }, "geometry": { "type": "Point", "coordinates": [ 121.555376, 25.1687437 ] } },
{ "type": "Feature", "properties": { "way_id": 1227691462, "node_id": "12054591037", "way_index": 1, "lon": 121.5553753, "lat": 25.1687547, "ele": null, "name": null, "node_type": null, "tags_json": { } }, "geometry": { "type": "Point", "coordinates": [ 121.5553753, 25.1687547 ] } },
{ "type": "Feature", "properties": { "way_id": 1227691462, "node_id": "11384242771", "way_index": 2, "lon": 121.5553848, "lat": 25.1688064, "ele": null, "name": null, "node_type": null, "tags_json": { } }, "geometry": { "type": "Point", "coordinates": [ 121.5553848, 25.1688064 ] } },
{ "type": "Feature", "properties": { "way_id": 1227691462, "node_id": "4210082376", "way_index": 3, "lon": 121.5553796, "lat": 25.168828, "ele": null, "name": null, "node_type": null, "tags_json": { } }, "geometry": { "type": "Point", "coordinates": [ 121.5553796, 25.168828 ] } },
{ "type": "Feature", "properties": { "way_id": 1227691462, "node_id": "11384242804", "way_index": 4, "lon": 121.5553914, "lat": 25.1688631, "ele": null, "name": null, "node_type": null, "tags_json": { } }, "geometry": { "type": "Point", "coordinates": [ 121.5553914, 25.1688631 ] } },
{ "type": "Feature", "properties": { "way_id": 1227691462, "node_id": "274939494", "way_index": 5, "lon": 121.5553968, "lat": 25.1688791, "ele": null, "name": null, "node_type": null, "tags_json": { } }, "geometry": { "type": "Point", "coordinates": [ 121.5553968, 25.1688791 ] } },
{ "type": "Feature", "properties": { "way_id": 492257358, "node_id": "1491989087", "way_index": 0, "lon": 121.5590018, "lat": 25.1652446, "ele": null, "name": null, "node_type": null, "tags_json": { } }, "geometry": { "type": "Point", "coordinates": [ 121.5590018, 25.1652446 ] } },
{ "type": "Feature", "properties": { "way_id": 492257358, "node_id": "675814607", "way_index": 1, "lon": 121.5588593, "lat": 25.1653015, "ele": null, "name": null, "node_type": null, "tags_json": { } }, "geometry": { "type": "Point", "coordinates": [ 121.5588593, 25.1653015 ] } },
{ "type": "Feature", "properties": { "way_id": 492257358, "node_id": "675814604", "way_index": 2, "lon": 121.5587947, "lat": 25.1653329, "ele": null, "name": null, "node_type": null, "tags_json": { } }, "geometry": { "type": "Point", "coordinates": [ 121.5587947, 25.1653329 ] } },
{ "type": "Feature", "properties": { "way_id": 492257358, "node_id": "4210120133", "way_index": 3, "lon": 121.5587501, "lat": 25.1653632, "ele": null, "name": null, "node_type": null, "tags_json": { } }, "geometry": { "type": "Point", "coordinates": [ 121.5587501, 25.1653632 ] } },
{ "type": "Feature", "properties": { "way_id": 492257358, "node_id": "675814601", "way_index": 4, "lon": 121.5587141, "lat": 25.1654228, "ele": null, "name": null, "node_type": null, "tags_json": { } }, "geometry": { "type": "Point", "coordinates": [ 121.5587141, 25.1654228 ] } },
{ "type": "Feature", "properties": { "way_id": 492257358, "node_id": "4210082132", "way_index": 5, "lon": 121.5586734, "lat": 25.1654607, "ele": null, "name": null, "node_type": null, "tags_json": { } }, "geometry": { "type": "Point", "coordinates": [ 121.5586734, 25.1654607 ] } },
{ "type": "Feature", "properties": { "way_id": 585374844, "node_id": "4210120207", "way_index": 0, "lon": 121.5629463, "lat": 25.165741, "ele": null, "name": null, "node_type": null, "tags_json": { } }, "geometry": { "type": "Point", "coordinates": [ 121.5629463, 25.165741 ] } },
{ "type": "Feature", "properties": { "way_id": 585374844, "node_id": "675814693", "way_index": 1, "lon": 121.5629127, "lat": 25.1657297, "ele": null, "name": null, "node_type": null, "tags_json": { } }, "geometry": { "type": "Point", "coordinates": [ 121.5629127, 25.1657297 ] } },
{ "type": "Feature", "properties": { "way_id": 585374844, "node_id": "4210120206", "way_index": 2, "lon": 121.5628899, "lat": 25.1657085, "ele": null, "name": null, "node_type": null, "tags_json": { } }, "geometry": { "type": "Point", "coordinates": [ 121.5628899, 25.1657085 ] } },
{ "type": "Feature", "properties": { "way_id": 585374844, "node_id": "675814691", "way_index": 3, "lon": 121.562858, "lat": 25.1657058, "ele": null, "name": null, "node_type": null, "tags_json": { } }, "geometry": { "type": "Point", "coordinates": [ 121.562858, 25.1657058 ] } },
{ "type": "Feature", "properties": { "way_id": 585374844, "node_id": "4210120205", "way_index": 4, "lon": 121.5628298, "lat": 25.1657069, "ele": null, "name": null, "node_type": null, "tags_json": { } }, "geometry": { "type": "Point", "coordinates": [ 121.5628298, 25.1657069 ] } },
{ "type": "Feature", "properties": { "way_id": 585374844, "node_id": "675814689", "way_index": 5, "lon": 121.5627342, "lat": 25.165737, "ele": null, "name": null, "node_type": null, "tags_json": { } }, "geometry": { "type": "Point", "coordinates": [ 121.5627342, 25.165737 ] } },
{ "type": "Feature", "properties": { "way_id": 585374844, "node_id": "4210120204", "way_index": 6, "lon": 121.5626395, "lat": 25.1657283, "ele": null, "name": null, "node_type": null, "tags_json": { } }, "geometry": { "type": "Point", "coordinates": [ 121.5626395, 25.1657283 ] } },
{ "type": "Feature", "properties": { "way_id": 585374844, "node_id": "675814688", "way_index": 7, "lon": 121.5626085, "lat": 25.1657305, "ele": null, "name": null, "node_type": null, "tags_json": { } }, "geometry": { "type": "Point", "coordinates": [ 121.5626085, 25.1657305 ] } },
{ "type": "Feature", "properties": { "way_id": 585374844, "node_id": "4210120203", "way_index": 8, "lon": 121.5625781, "lat": 25.1657584, "ele": null, "name": null, "node_type": null, "tags_json": { } }, "geometry": { "type": "Point", "coordinates": [ 121.5625781, 25.1657584 ] } },
{ "type": "Feature", "properties": { "way_id": 585374844, "node_id": "675814686", "way_index": 9, "lon": 121.5625249, "lat": 25.1657876, "ele": null, "name": null, "node_type": null, "tags_json": { } }, "geometry": { "type": "Point", "coordinates": [ 121.5625249, 25.1657876 ] } },
{ "type": "Feature", "properties": { "way_id": 585374844, "node_id": "675814685", "way_index": 10, "lon": 121.5624965, "lat": 25.1658522, "ele": null, "name": null, "node_type": null, "tags_json": { } }, "geometry": { "type": "Point", "coordinates": [ 121.5624965, 25.1658522 ] } },
{ "type": "Feature", "properties": { "way_id": 585374844, "node_id": "675814704", "way_index": 11, "lon": 121.5624696, "lat": 25.1659002, "ele": null, "name": null, "node_type": null, "tags_json": { } }, "geometry": { "type": "Point", "coordinates": [ 121.5624696, 25.1659002 ] } },
{ "type": "Feature", "properties": { "way_id": 585374844, "node_id": "675814703", "way_index": 12, "lon": 121.5624443, "lat": 25.165959, "ele": null, "name": null, "node_type": null, "tags_json": { } }, "geometry": { "type": "Point", "coordinates": [ 121.5624443, 25.165959 ] } },
{ "type": "Feature", "properties": { "way_id": 585374844, "node_id": "675814701", "way_index": 13, "lon": 121.5624145, "lat": 25.166017, "ele": null, "name": null, "node_type": null, "tags_json": { } }, "geometry": { "type": "Point", "coordinates": [ 121.5624145, 25.166017 ] } },
{ "type": "Feature", "properties": { "way_id": 585374844, "node_id": "675814699", "way_index": 14, "lon": 121.5624149, "lat": 25.1660803, "ele": null, "name": null, "node_type": null, "tags_json": { } }, "geometry": { "type": "Point", "coordinates": [ 121.5624149, 25.1660803 ] } },
{ "type": "Feature", "properties": { "way_id": 585374844, "node_id": "675814698", "way_index": 15, "lon": 121.5624233, "lat": 25.1661172, "ele": null, "name": null, "node_type": null, "tags_json": { } }, "geometry": { "type": "Point", "coordinates": [ 121.5624233, 25.1661172 ] } },
{ "type": "Feature", "properties": { "way_id": 585374844, "node_id": "675814696", "way_index": 16, "lon": 121.5624337, "lat": 25.1661613, "ele": null, "name": null, "node_type": null, "tags_json": { } }, "geometry": { "type": "Point", "coordinates": [ 121.5624337, 25.1661613 ] } },
{ "type": "Feature", "properties": { "way_id": 585374844, "node_id": "675814694", "way_index": 17, "lon": 121.5624616, "lat": 25.1662107, "ele": null, "name": null, "node_type": null, "tags_json": { } }, "geometry": { "type": "Point", "coordinates": [ 121.5624616, 25.1662107 ] } },
{ "type": "Feature", "properties": { "way_id": 1227691459, "node_id": "4210082396", "way_index": 0, "lon": 121.5555816, "lat": 25.1694567, "ele": null, "name": null, "node_type": null, "tags_json": { } }, "geometry": { "type": "Point", "coordinates": [ 121.5555816, 25.1694567 ] } },
{ "type": "Feature", "properties": { "way_id": 1227691459, "node_id": "11384637025", "way_index": 1, "lon": 121.5555883, "lat": 25.169476, "ele": null, "name": null, "node_type": null, "tags_json": { } }, "geometry": { "type": "Point", "coordinates": [ 121.5555883, 25.169476 ] } },
{ "type": "Feature", "properties": { "way_id": 1227691459, "node_id": "4210082397", "way_index": 2, "lon": 121.5555842, "lat": 25.1694846, "ele": null, "name": null, "node_type": null, "tags_json": { } }, "geometry": { "type": "Point", "coordinates": [ 121.5555842, 25.1694846 ] } },
{ "type": "Feature", "properties": { "way_id": 1227691459, "node_id": "11384637026", "way_index": 3, "lon": 121.5555536, "lat": 25.1695008, "ele": null, "name": null, "node_type": null, "tags_json": { } }, "geometry": { "type": "Point", "coordinates": [ 121.5555536, 25.1695008 ] } },
{ "type": "Feature", "properties": { "way_id": 1227691459, "node_id": "274940053", "way_index": 4, "lon": 121.5555285, "lat": 25.1695035, "ele": null, "name": null, "node_type": null, "tags_json": { } }, "geometry": { "type": "Point", "coordinates": [ 121.5555285, 25.1695035 ] } },
{ "type": "Feature", "properties": { "way_id": 492111550, "node_id": "675814743", "way_index": 0, "lon": 121.5543847, "lat": 25.1698343, "ele": null, "name": null, "node_type": null, "tags_json": { } }, "geometry": { "type": "Point", "coordinates": [ 121.5543847, 25.1698343 ] } },
{ "type": "Feature", "properties": { "way_id": 492111550, "node_id": "2391869977", "way_index": 1, "lon": 121.5543767, "lat": 25.1698709, "ele": null, "name": null, "node_type": null, "tags_json": { } }, "geometry": { "type": "Point", "coordinates": [ 121.5543767, 25.1698709 ] } },
{ "type": "Feature", "properties": { "way_id": 492111550, "node_id": "12054591026", "way_index": 2, "lon": 121.5543427, "lat": 25.1699035, "ele": null, "name": null, "node_type": null, "tags_json": { } }, "geometry": { "type": "Point", "coordinates": [ 121.5543427, 25.1699035 ] } },
{ "type": "Feature", "properties": { "way_id": 492111550, "node_id": "11383043792", "way_index": 3, "lon": 121.5543375, "lat": 25.1699397, "ele": null, "name": null, "node_type": null, "tags_json": { } }, "geometry": { "type": "Point", "coordinates": [ 121.5543375, 25.1699397 ] } },
{ "type": "Feature", "properties": { "way_id": 492111550, "node_id": "4210082426", "way_index": 4, "lon": 121.5543263, "lat": 25.1699499, "ele": null, "name": null, "node_type": null, "tags_json": { } }, "geometry": { "type": "Point", "coordinates": [ 121.5543263, 25.1699499 ] } },
{ "type": "Feature", "properties": { "way_id": 492111550, "node_id": "4210082424", "way_index": 5, "lon": 121.554297, "lat": 25.1699583, "ele": null, "name": null, "node_type": null, "tags_json": { } }, "geometry": { "type": "Point", "coordinates": [ 121.554297, 25.1699583 ] } },
{ "type": "Feature", "properties": { "way_id": 492111550, "node_id": "4210082423", "way_index": 6, "lon": 121.5542629, "lat": 25.1699824, "ele": null, "name": null, "node_type": null, "tags_json": { } }, "geometry": { "type": "Point", "coordinates": [ 121.5542629, 25.1699824 ] } },
{ "type": "Feature", "properties": { "way_id": 492111550, "node_id": "11383043791", "way_index": 7, "lon": 121.5542282, "lat": 25.1699981, "ele": null, "name": null, "node_type": null, "tags_json": { } }, "geometry": { "type": "Point", "coordinates": [ 121.5542282, 25.1699981 ] } },
{ "type": "Feature", "properties": { "way_id": 492111550, "node_id": "274939989", "way_index": 8, "lon": 121.5541945, "lat": 25.170025, "ele": null, "name": null, "node_type": null, "tags_json": { } }, "geometry": { "type": "Point", "coordinates": [ 121.5541945, 25.170025 ] } },
{ "type": "Feature", "properties": { "way_id": 492111550, "node_id": "4210082428", "way_index": 9, "lon": 121.5541702, "lat": 25.1700613, "ele": null, "name": null, "node_type": null, "tags_json": { } }, "geometry": { "type": "Point", "coordinates": [ 121.5541702, 25.1700613 ] } },
{ "type": "Feature", "properties": { "way_id": 492111550, "node_id": "4210082429", "way_index": 10, "lon": 121.5541508, "lat": 25.1700866, "ele": null, "name": null, "node_type": null, "tags_json": { } }, "geometry": { "type": "Point", "coordinates": [ 121.5541508, 25.1700866 ] } },
{ "type": "Feature", "properties": { "way_id": 492111550, "node_id": "675814745", "way_index": 11, "lon": 121.5541257, "lat": 25.1700905, "ele": null, "name": null, "node_type": null, "tags_json": { } }, "geometry": { "type": "Point", "coordinates": [ 121.5541257, 25.1700905 ] } },
{ "type": "Feature", "properties": { "way_id": 492111550, "node_id": "11383043790", "way_index": 12, "lon": 121.5541113, "lat": 25.1701147, "ele": null, "name": null, "node_type": null, "tags_json": { } }, "geometry": { "type": "Point", "coordinates": [ 121.5541113, 25.1701147 ] } },
{ "type": "Feature", "properties": { "way_id": 492111550, "node_id": "4210082431", "way_index": 13, "lon": 121.5540912, "lat": 25.1701312, "ele": null, "name": null, "node_type": null, "tags_json": { } }, "geometry": { "type": "Point", "coordinates": [ 121.5540912, 25.1701312 ] } },
{ "type": "Feature", "properties": { "way_id": 492111550, "node_id": "4210082432", "way_index": 14, "lon": 121.554068, "lat": 25.170134, "ele": null, "name": null, "node_type": null, "tags_json": { } }, "geometry": { "type": "Point", "coordinates": [ 121.554068, 25.170134 ] } },
{ "type": "Feature", "properties": { "way_id": 492111550, "node_id": "697170285", "way_index": 15, "lon": 121.5540595, "lat": 25.1701408, "ele": null, "name": null, "node_type": null, "tags_json": { } }, "geometry": { "type": "Point", "coordinates": [ 121.5540595, 25.1701408 ] } },
{ "type": "Feature", "properties": { "way_id": 492111550, "node_id": "12054591025", "way_index": 16, "lon": 121.5540604, "lat": 25.1701608, "ele": null, "name": null, "node_type": null, "tags_json": { } }, "geometry": { "type": "Point", "coordinates": [ 121.5540604, 25.1701608 ] } },
{ "type": "Feature", "properties": { "way_id": 492111550, "node_id": "11383043789", "way_index": 17, "lon": 121.5540447, "lat": 25.1701683, "ele": null, "name": null, "node_type": null, "tags_json": { } }, "geometry": { "type": "Point", "coordinates": [ 121.5540447, 25.1701683 ] } },
{ "type": "Feature", "properties": { "way_id": 492111550, "node_id": "11383043787", "way_index": 18, "lon": 121.5540384, "lat": 25.1702046, "ele": null, "name": null, "node_type": null, "tags_json": { } }, "geometry": { "type": "Point", "coordinates": [ 121.5540384, 25.1702046 ] } },
{ "type": "Feature", "properties": { "way_id": 492111550, "node_id": "11383043788", "way_index": 19, "lon": 121.5540244, "lat": 25.1702311, "ele": null, "name": null, "node_type": null, "tags_json": { } }, "geometry": { "type": "Point", "coordinates": [ 121.5540244, 25.1702311 ] } },
{ "type": "Feature", "properties": { "way_id": 492111550, "node_id": "675814719", "way_index": 20, "lon": 121.5540127, "lat": 25.170253, "ele": null, "name": null, "node_type": null, "tags_json": { } }, "geometry": { "type": "Point", "coordinates": [ 121.5540127, 25.170253 ] } },
{ "type": "Feature", "properties": { "way_id": 492111550, "node_id": "4210082437", "way_index": 21, "lon": 121.5540122, "lat": 25.1702991, "ele": null, "name": null, "node_type": null, "tags_json": { } }, "geometry": { "type": "Point", "coordinates": [ 121.5540122, 25.1702991 ] } },
{ "type": "Feature", "properties": { "way_id": 492111550, "node_id": "274939933", "way_index": 22, "lon": 121.553999, "lat": 25.1703162, "ele": null, "name": null, "node_type": null, "tags_json": { } }, "geometry": { "type": "Point", "coordinates": [ 121.553999, 25.1703162 ] } },
{ "type": "Feature", "properties": { "way_id": 492111550, "node_id": "675814740", "way_index": 23, "lon": 121.5538871, "lat": 25.170373, "ele": null, "name": null, "node_type": null, "tags_json": { } }, "geometry": { "type": "Point", "coordinates": [ 121.5538871, 25.170373 ] } },
{ "type": "Feature", "properties": { "way_id": 492111550, "node_id": "675814738", "way_index": 24, "lon": 121.5538542, "lat": 25.1703804, "ele": null, "name": null, "node_type": null, "tags_json": { } }, "geometry": { "type": "Point", "coordinates": [ 121.5538542, 25.1703804 ] } },
{ "type": "Feature", "properties": { "way_id": 492111550, "node_id": "4210082439", "way_index": 25, "lon": 121.5538394, "lat": 25.1703748, "ele": null, "name": null, "node_type": null, "tags_json": { } }, "geometry": { "type": "Point", "coordinates": [ 121.5538394, 25.1703748 ] } },
{ "type": "Feature", "properties": { "way_id": 492111550, "node_id": "2391869979", "way_index": 26, "lon": 121.5537933, "lat": 25.1704158, "ele": null, "name": null, "node_type": null, "tags_json": { } }, "geometry": { "type": "Point", "coordinates": [ 121.5537933, 25.1704158 ] } },
{ "type": "Feature", "properties": { "way_id": 492111550, "node_id": "2391869980", "way_index": 27, "lon": 121.5537418, "lat": 25.1704241, "ele": null, "name": null, "node_type": null, "tags_json": { } }, "geometry": { "type": "Point", "coordinates": [ 121.5537418, 25.1704241 ] } },
{ "type": "Feature", "properties": { "way_id": 492111550, "node_id": "4210082442", "way_index": 28, "lon": 121.5536825, "lat": 25.1704463, "ele": null, "name": null, "node_type": null, "tags_json": { } }, "geometry": { "type": "Point", "coordinates": [ 121.5536825, 25.1704463 ] } },
{ "type": "Feature", "properties": { "way_id": 492111550, "node_id": "274939950", "way_index": 29, "lon": 121.5536747, "lat": 25.1704608, "ele": null, "name": null, "node_type": null, "tags_json": { } }, "geometry": { "type": "Point", "coordinates": [ 121.5536747, 25.1704608 ] } },
{ "type": "Feature", "properties": { "way_id": 492111550, "node_id": "4210082444", "way_index": 30, "lon": 121.5536448, "lat": 25.1704517, "ele": null, "name": null, "node_type": null, "tags_json": { } }, "geometry": { "type": "Point", "coordinates": [ 121.5536448, 25.1704517 ] } },
{ "type": "Feature", "properties": { "way_id": 492111550, "node_id": "4210082445", "way_index": 31, "lon": 121.5536339, "lat": 25.1704501, "ele": null, "name": null, "node_type": null, "tags_json": { } }, "geometry": { "type": "Point", "coordinates": [ 121.5536339, 25.1704501 ] } },
{ "type": "Feature", "properties": { "way_id": 492111550, "node_id": "12054591024", "way_index": 32, "lon": 121.5536167, "lat": 25.170464, "ele": null, "name": null, "node_type": null, "tags_json": { } }, "geometry": { "type": "Point", "coordinates": [ 121.5536167, 25.170464 ] } },
{ "type": "Feature", "properties": { "way_id": 492111550, "node_id": "4210082446", "way_index": 33, "lon": 121.5536132, "lat": 25.1704929, "ele": null, "name": null, "node_type": null, "tags_json": { } }, "geometry": { "type": "Point", "coordinates": [ 121.5536132, 25.1704929 ] } },
{ "type": "Feature", "properties": { "way_id": 492111550, "node_id": "4210082447", "way_index": 34, "lon": 121.5535991, "lat": 25.1705091, "ele": null, "name": null, "node_type": null, "tags_json": { } }, "geometry": { "type": "Point", "coordinates": [ 121.5535991, 25.1705091 ] } },
{ "type": "Feature", "properties": { "way_id": 492111550, "node_id": "4210082448", "way_index": 35, "lon": 121.5535439, "lat": 25.170535, "ele": null, "name": null, "node_type": null, "tags_json": { } }, "geometry": { "type": "Point", "coordinates": [ 121.5535439, 25.170535 ] } },
{ "type": "Feature", "properties": { "way_id": 492111550, "node_id": "697170286", "way_index": 36, "lon": 121.5535431, "lat": 25.1706067, "ele": null, "name": null, "node_type": null, "tags_json": { } }, "geometry": { "type": "Point", "coordinates": [ 121.5535431, 25.1706067 ] } },
{ "type": "Feature", "properties": { "way_id": 492111550, "node_id": "11383043785", "way_index": 37, "lon": 121.5535169, "lat": 25.1706264, "ele": null, "name": null, "node_type": null, "tags_json": { } }, "geometry": { "type": "Point", "coordinates": [ 121.5535169, 25.1706264 ] } },
{ "type": "Feature", "properties": { "way_id": 492111550, "node_id": "274939942", "way_index": 38, "lon": 121.5534784, "lat": 25.1706764, "ele": null, "name": null, "node_type": null, "tags_json": { } }, "geometry": { "type": "Point", "coordinates": [ 121.5534784, 25.1706764 ] } },
{ "type": "Feature", "properties": { "way_id": 1228094366, "node_id": "11388501904", "way_index": 0, "lon": 121.5634342, "lat": 25.166208, "ele": null, "name": null, "node_type": null, "tags_json": { } }, "geometry": { "type": "Point", "coordinates": [ 121.5634342, 25.166208 ] } },
{ "type": "Feature", "properties": { "way_id": 1228094366, "node_id": "675814711", "way_index": 1, "lon": 121.563378, "lat": 25.1661924, "ele": null, "name": null, "node_type": null, "tags_json": { } }, "geometry": { "type": "Point", "coordinates": [ 121.563378, 25.1661924 ] } },
{ "type": "Feature", "properties": { "way_id": 1228094366, "node_id": "11384865721", "way_index": 2, "lon": 121.563309, "lat": 25.1661728, "ele": null, "name": null, "node_type": null, "tags_json": { } }, "geometry": { "type": "Point", "coordinates": [ 121.563309, 25.1661728 ] } },
{ "type": "Feature", "properties": { "way_id": 53472035, "node_id": "11384500296", "way_index": 0, "lon": 121.5584708, "lat": 25.1652406, "ele": null, "name": null, "node_type": null, "tags_json": { } }, "geometry": { "type": "Point", "coordinates": [ 121.5584708, 25.1652406 ] } },
{ "type": "Feature", "properties": { "way_id": 53472035, "node_id": "11384500295", "way_index": 1, "lon": 121.5584412, "lat": 25.1652274, "ele": null, "name": null, "node_type": null, "tags_json": { } }, "geometry": { "type": "Point", "coordinates": [ 121.5584412, 25.1652274 ] } },
{ "type": "Feature", "properties": { "way_id": 53472035, "node_id": "11384500294", "way_index": 2, "lon": 121.5583857, "lat": 25.1651865, "ele": null, "name": null, "node_type": null, "tags_json": { } }, "geometry": { "type": "Point", "coordinates": [ 121.5583857, 25.1651865 ] } },
{ "type": "Feature", "properties": { "way_id": 53472035, "node_id": "12054591055", "way_index": 3, "lon": 121.5583355, "lat": 25.1651807, "ele": null, "name": null, "node_type": null, "tags_json": { } }, "geometry": { "type": "Point", "coordinates": [ 121.5583355, 25.1651807 ] } },
{ "type": "Feature", "properties": { "way_id": 53472035, "node_id": "4210082138", "way_index": 4, "lon": 121.55828, "lat": 25.1651728, "ele": null, "name": null, "node_type": null, "tags_json": { } }, "geometry": { "type": "Point", "coordinates": [ 121.55828, 25.1651728 ] } },
{ "type": "Feature", "properties": { "way_id": 53472035, "node_id": "274939382", "way_index": 5, "lon": 121.558086, "lat": 25.1651034, "ele": null, "name": null, "node_type": null, "tags_json": { } }, "geometry": { "type": "Point", "coordinates": [ 121.558086, 25.1651034 ] } },
{ "type": "Feature", "properties": { "way_id": 53472035, "node_id": "11384500293", "way_index": 6, "lon": 121.5580066, "lat": 25.1651482, "ele": null, "name": null, "node_type": null, "tags_json": { } }, "geometry": { "type": "Point", "coordinates": [ 121.5580066, 25.1651482 ] } },
{ "type": "Feature", "properties": { "way_id": 53472035, "node_id": "11384500292", "way_index": 7, "lon": 121.5579691, "lat": 25.1651948, "ele": null, "name": null, "node_type": null, "tags_json": { } }, "geometry": { "type": "Point", "coordinates": [ 121.5579691, 25.1651948 ] } },
{ "type": "Feature", "properties": { "way_id": 53472035, "node_id": "274939383", "way_index": 8, "lon": 121.557946, "lat": 25.1652022, "ele": null, "name": null, "node_type": null, "tags_json": { } }, "geometry": { "type": "Point", "coordinates": [ 121.557946, 25.1652022 ] } },
{ "type": "Feature", "properties": { "way_id": 53472035, "node_id": "11384500291", "way_index": 9, "lon": 121.5578977, "lat": 25.1651973, "ele": null, "name": null, "node_type": null, "tags_json": { } }, "geometry": { "type": "Point", "coordinates": [ 121.5578977, 25.1651973 ] } },
{ "type": "Feature", "properties": { "way_id": 53472035, "node_id": "2391869954", "way_index": 10, "lon": 121.5578383, "lat": 25.1651735, "ele": null, "name": null, "node_type": null, "tags_json": { } }, "geometry": { "type": "Point", "coordinates": [ 121.5578383, 25.1651735 ] } },
{ "type": "Feature", "properties": { "way_id": 53472035, "node_id": "2391869951", "way_index": 11, "lon": 121.5577715, "lat": 25.1651913, "ele": null, "name": null, "node_type": null, "tags_json": { } }, "geometry": { "type": "Point", "coordinates": [ 121.5577715, 25.1651913 ] } },
{ "type": "Feature", "properties": { "way_id": 53472035, "node_id": "2391869950", "way_index": 12, "lon": 121.5577417, "lat": 25.1652051, "ele": null, "name": null, "node_type": null, "tags_json": { } }, "geometry": { "type": "Point", "coordinates": [ 121.5577417, 25.1652051 ] } },
{ "type": "Feature", "properties": { "way_id": 53472035, "node_id": "274939384", "way_index": 13, "lon": 121.557718, "lat": 25.1652043, "ele": null, "name": null, "node_type": null, "tags_json": { } }, "geometry": { "type": "Point", "coordinates": [ 121.557718, 25.1652043 ] } },
{ "type": "Feature", "properties": { "way_id": 53472035, "node_id": "11384500289", "way_index": 14, "lon": 121.5576857, "lat": 25.1651897, "ele": null, "name": null, "node_type": null, "tags_json": { } }, "geometry": { "type": "Point", "coordinates": [ 121.5576857, 25.1651897 ] } },
{ "type": "Feature", "properties": { "way_id": 53472035, "node_id": "2391869949", "way_index": 15, "lon": 121.5576388, "lat": 25.1651618, "ele": null, "name": null, "node_type": null, "tags_json": { } }, "geometry": { "type": "Point", "coordinates": [ 121.5576388, 25.1651618 ] } },
{ "type": "Feature", "properties": { "way_id": 53472035, "node_id": "11384500287", "way_index": 16, "lon": 121.5575874, "lat": 25.165162, "ele": null, "name": null, "node_type": null, "tags_json": { } }, "geometry": { "type": "Point", "coordinates": [ 121.5575874, 25.165162 ] } },
{ "type": "Feature", "properties": { "way_id": 53472035, "node_id": "11384500285", "way_index": 17, "lon": 121.5575513, "lat": 25.1651716, "ele": null, "name": null, "node_type": null, "tags_json": { } }, "geometry": { "type": "Point", "coordinates": [ 121.5575513, 25.1651716 ] } },
{ "type": "Feature", "properties": { "way_id": 53472035, "node_id": "274939385", "way_index": 18, "lon": 121.5575257, "lat": 25.1651919, "ele": null, "name": null, "node_type": null, "tags_json": { } }, "geometry": { "type": "Point", "coordinates": [ 121.5575257, 25.1651919 ] } },
{ "type": "Feature", "properties": { "way_id": 53472035, "node_id": "11384500286", "way_index": 19, "lon": 121.5574902, "lat": 25.1652173, "ele": null, "name": null, "node_type": null, "tags_json": { } }, "geometry": { "type": "Point", "coordinates": [ 121.5574902, 25.1652173 ] } },
{ "type": "Feature", "properties": { "way_id": 53472035, "node_id": "675814499", "way_index": 20, "lon": 121.5574933, "lat": 25.1652411, "ele": null, "name": null, "node_type": null, "tags_json": { } }, "geometry": { "type": "Point", "coordinates": [ 121.5574933, 25.1652411 ] } },
{ "type": "Feature", "properties": { "way_id": 53472035, "node_id": "4210082146", "way_index": 21, "lon": 121.5575218, "lat": 25.165304, "ele": null, "name": null, "node_type": null, "tags_json": { } }, "geometry": { "type": "Point", "coordinates": [ 121.5575218, 25.165304 ] } },
{ "type": "Feature", "properties": { "way_id": 53472035, "node_id": "11384500284", "way_index": 22, "lon": 121.5575171, "lat": 25.1653152, "ele": null, "name": null, "node_type": null, "tags_json": { } }, "geometry": { "type": "Point", "coordinates": [ 121.5575171, 25.1653152 ] } },
{ "type": "Feature", "properties": { "way_id": 53472035, "node_id": "12054591054", "way_index": 23, "lon": 121.5574567, "lat": 25.1653127, "ele": null, "name": null, "node_type": null, "tags_json": { } }, "geometry": { "type": "Point", "coordinates": [ 121.5574567, 25.1653127 ] } },
{ "type": "Feature", "properties": { "way_id": 53472035, "node_id": "675814496", "way_index": 24, "lon": 121.5574224, "lat": 25.1653193, "ele": null, "name": null, "node_type": null, "tags_json": { } }, "geometry": { "type": "Point", "coordinates": [ 121.5574224, 25.1653193 ] } },
{ "type": "Feature", "properties": { "way_id": 53472035, "node_id": "4210082151", "way_index": 25, "lon": 121.5574166, "lat": 25.165373, "ele": null, "name": null, "node_type": null, "tags_json": { } }, "geometry": { "type": "Point", "coordinates": [ 121.5574166, 25.165373 ] } },
{ "type": "Feature", "properties": { "way_id": 53472035, "node_id": "11384500283", "way_index": 26, "lon": 121.5573834, "lat": 25.1654231, "ele": null, "name": null, "node_type": null, "tags_json": { } }, "geometry": { "type": "Point", "coordinates": [ 121.5573834, 25.1654231 ] } },
{ "type": "Feature", "properties": { "way_id": 53472035, "node_id": "4210082150", "way_index": 27, "lon": 121.5573522, "lat": 25.1654387, "ele": null, "name": null, "node_type": null, "tags_json": { } }, "geometry": { "type": "Point", "coordinates": [ 121.5573522, 25.1654387 ] } },
{ "type": "Feature", "properties": { "way_id": 53472035, "node_id": "274939743", "way_index": 28, "lon": 121.557347, "lat": 25.1654499, "ele": null, "name": null, "node_type": null, "tags_json": { } }, "geometry": { "type": "Point", "coordinates": [ 121.557347, 25.1654499 ] } },
{ "type": "Feature", "properties": { "way_id": 53472035, "node_id": "4210082154", "way_index": 29, "lon": 121.5574175, "lat": 25.1655138, "ele": null, "name": null, "node_type": null, "tags_json": { } }, "geometry": { "type": "Point", "coordinates": [ 121.5574175, 25.1655138 ] } },
{ "type": "Feature", "properties": { "way_id": 53472035, "node_id": "11384500281", "way_index": 30, "lon": 121.5574313, "lat": 25.165537, "ele": null, "name": null, "node_type": null, "tags_json": { } }, "geometry": { "type": "Point", "coordinates": [ 121.5574313, 25.165537 ] } },
{ "type": "Feature", "properties": { "way_id": 53472035, "node_id": "11384701926", "way_index": 31, "lon": 121.5574356, "lat": 25.1655613, "ele": null, "name": null, "node_type": null, "tags_json": { } }, "geometry": { "type": "Point", "coordinates": [ 121.5574356, 25.1655613 ] } },
{ "type": "Feature", "properties": { "way_id": 53472035, "node_id": "274939734", "way_index": 32, "lon": 121.5573607, "lat": 25.1657069, "ele": null, "name": null, "node_type": null, "tags_json": { } }, "geometry": { "type": "Point", "coordinates": [ 121.5573607, 25.1657069 ] } },
{ "type": "Feature", "properties": { "way_id": 53472035, "node_id": "11384500280", "way_index": 33, "lon": 121.5573568, "lat": 25.1657391, "ele": null, "name": null, "node_type": null, "tags_json": { } }, "geometry": { "type": "Point", "coordinates": [ 121.5573568, 25.1657391 ] } },
{ "type": "Feature", "properties": { "way_id": 53472035, "node_id": "274939725", "way_index": 34, "lon": 121.5573631, "lat": 25.1657825, "ele": null, "name": null, "node_type": null, "tags_json": { } }, "geometry": { "type": "Point", "coordinates": [ 121.5573631, 25.1657825 ] } },
{ "type": "Feature", "properties": { "way_id": 53472035, "node_id": "4210082157", "way_index": 35, "lon": 121.557364, "lat": 25.1658187, "ele": null, "name": null, "node_type": null, "tags_json": { } }, "geometry": { "type": "Point", "coordinates": [ 121.557364, 25.1658187 ] } },
{ "type": "Feature", "properties": { "way_id": 53472035, "node_id": "11384500279", "way_index": 36, "lon": 121.5573465, "lat": 25.1659082, "ele": null, "name": null, "node_type": null, "tags_json": { } }, "geometry": { "type": "Point", "coordinates": [ 121.5573465, 25.1659082 ] } },
{ "type": "Feature", "properties": { "way_id": 53472035, "node_id": "4210082158", "way_index": 37, "lon": 121.5573084, "lat": 25.1659393, "ele": null, "name": null, "node_type": null, "tags_json": { } }, "geometry": { "type": "Point", "coordinates": [ 121.5573084, 25.1659393 ] } },
{ "type": "Feature", "properties": { "way_id": 53472035, "node_id": "274939710", "way_index": 38, "lon": 121.5572284, "lat": 25.1660022, "ele": null, "name": null, "node_type": null, "tags_json": { } }, "geometry": { "type": "Point", "coordinates": [ 121.5572284, 25.1660022 ] } },
{ "type": "Feature", "properties": { "way_id": 53472035, "node_id": "11384500278", "way_index": 39, "lon": 121.5571981, "lat": 25.1660182, "ele": null, "name": null, "node_type": null, "tags_json": { } }, "geometry": { "type": "Point", "coordinates": [ 121.5571981, 25.1660182 ] } },
{ "type": "Feature", "properties": { "way_id": 53472035, "node_id": "2391869956", "way_index": 40, "lon": 121.5571592, "lat": 25.166016, "ele": null, "name": null, "node_type": null, "tags_json": { } }, "geometry": { "type": "Point", "coordinates": [ 121.5571592, 25.166016 ] } },
{ "type": "Feature", "properties": { "way_id": 53472035, "node_id": "11384500277", "way_index": 41, "lon": 121.5571147, "lat": 25.1660161, "ele": null, "name": null, "node_type": null, "tags_json": { } }, "geometry": { "type": "Point", "coordinates": [ 121.5571147, 25.1660161 ] } },
{ "type": "Feature", "properties": { "way_id": 53472035, "node_id": "11384500276", "way_index": 42, "lon": 121.5570941, "lat": 25.1660133, "ele": null, "name": null, "node_type": null, "tags_json": { } }, "geometry": { "type": "Point", "coordinates": [ 121.5570941, 25.1660133 ] } },
{ "type": "Feature", "properties": { "way_id": 53472035, "node_id": "274939696", "way_index": 43, "lon": 121.5570691, "lat": 25.1660002, "ele": null, "name": null, "node_type": null, "tags_json": { } }, "geometry": { "type": "Point", "coordinates": [ 121.5570691, 25.1660002 ] } },
{ "type": "Feature", "properties": { "way_id": 53472035, "node_id": "12054591053", "way_index": 44, "lon": 121.556977, "lat": 25.1659827, "ele": null, "name": null, "node_type": null, "tags_json": { } }, "geometry": { "type": "Point", "coordinates": [ 121.556977, 25.1659827 ] } },
{ "type": "Feature", "properties": { "way_id": 53472035, "node_id": "4210082160", "way_index": 45, "lon": 121.5569089, "lat": 25.1659311, "ele": null, "name": null, "node_type": null, "tags_json": { } }, "geometry": { "type": "Point", "coordinates": [ 121.5569089, 25.1659311 ] } },
{ "type": "Feature", "properties": { "way_id": 1227691468, "node_id": "4210082160", "way_index": 0, "lon": 121.5569089, "lat": 25.1659311, "ele": null, "name": null, "node_type": null, "tags_json": { } }, "geometry": { "type": "Point", "coordinates": [ 121.5569089, 25.1659311 ] } },
{ "type": "Feature", "properties": { "way_id": 1227691468, "node_id": "11384500275", "way_index": 1, "lon": 121.5568985, "lat": 25.1659198, "ele": null, "name": null, "node_type": null, "tags_json": { } }, "geometry": { "type": "Point", "coordinates": [ 121.5568985, 25.1659198 ] } },
{ "type": "Feature", "properties": { "way_id": 1227691468, "node_id": "274939682", "way_index": 2, "lon": 121.556883, "lat": 25.1659219, "ele": null, "name": null, "node_type": null, "tags_json": { } }, "geometry": { "type": "Point", "coordinates": [ 121.556883, 25.1659219 ] } },
{ "type": "Feature", "properties": { "way_id": 1227691468, "node_id": "11384500274", "way_index": 3, "lon": 121.5568696, "lat": 25.1659402, "ele": null, "name": null, "node_type": null, "tags_json": { } }, "geometry": { "type": "Point", "coordinates": [ 121.5568696, 25.1659402 ] } },
{ "type": "Feature", "properties": { "way_id": 1227691468, "node_id": "4210082163", "way_index": 4, "lon": 121.5568712, "lat": 25.165967, "ele": null, "name": null, "node_type": null, "tags_json": { } }, "geometry": { "type": "Point", "coordinates": [ 121.5568712, 25.165967 ] } },
{ "type": "Feature", "properties": { "way_id": 1227691468, "node_id": "4210082164", "way_index": 5, "lon": 121.5568779, "lat": 25.1659903, "ele": null, "name": null, "node_type": null, "tags_json": { } }, "geometry": { "type": "Point", "coordinates": [ 121.5568779, 25.1659903 ] } },
{ "type": "Feature", "properties": { "way_id": 1227691468, "node_id": "11384500273", "way_index": 6, "lon": 121.5568695, "lat": 25.1660105, "ele": null, "name": null, "node_type": null, "tags_json": { } }, "geometry": { "type": "Point", "coordinates": [ 121.5568695, 25.1660105 ] } },
{ "type": "Feature", "properties": { "way_id": 1227691468, "node_id": "4210082165", "way_index": 7, "lon": 121.5568363, "lat": 25.1660259, "ele": null, "name": null, "node_type": null, "tags_json": { } }, "geometry": { "type": "Point", "coordinates": [ 121.5568363, 25.1660259 ] } },
{ "type": "Feature", "properties": { "way_id": 1227691468, "node_id": "11384500272", "way_index": 8, "lon": 121.5568228, "lat": 25.1660488, "ele": null, "name": null, "node_type": null, "tags_json": { } }, "geometry": { "type": "Point", "coordinates": [ 121.5568228, 25.1660488 ] } },
{ "type": "Feature", "properties": { "way_id": 1227691468, "node_id": "11384500271", "way_index": 9, "lon": 121.5568211, "lat": 25.1660649, "ele": null, "name": null, "node_type": null, "tags_json": { } }, "geometry": { "type": "Point", "coordinates": [ 121.5568211, 25.1660649 ] } },
{ "type": "Feature", "properties": { "way_id": 1227691468, "node_id": "4210082166", "way_index": 10, "lon": 121.5568042, "lat": 25.1660825, "ele": null, "name": null, "node_type": null, "tags_json": { } }, "geometry": { "type": "Point", "coordinates": [ 121.5568042, 25.1660825 ] } },
{ "type": "Feature", "properties": { "way_id": 1227691468, "node_id": "4210082168", "way_index": 11, "lon": 121.5567943, "lat": 25.1661099, "ele": null, "name": null, "node_type": null, "tags_json": { } }, "geometry": { "type": "Point", "coordinates": [ 121.5567943, 25.1661099 ] } },
{ "type": "Feature", "properties": { "way_id": 1227691468, "node_id": "274939668", "way_index": 12, "lon": 121.5567971, "lat": 25.1661312, "ele": null, "name": null, "node_type": null, "tags_json": { } }, "geometry": { "type": "Point", "coordinates": [ 121.5567971, 25.1661312 ] } },
{ "type": "Feature", "properties": { "way_id": 1227691468, "node_id": "4210082170", "way_index": 13, "lon": 121.5568102, "lat": 25.1661506, "ele": null, "name": null, "node_type": null, "tags_json": { } }, "geometry": { "type": "Point", "coordinates": [ 121.5568102, 25.1661506 ] } },
{ "type": "Feature", "properties": { "way_id": 1227691468, "node_id": "11384500269", "way_index": 14, "lon": 121.5567981, "lat": 25.1661886, "ele": null, "name": null, "node_type": null, "tags_json": { } }, "geometry": { "type": "Point", "coordinates": [ 121.5567981, 25.1661886 ] } },
{ "type": "Feature", "properties": { "way_id": 1227691468, "node_id": "4210082171", "way_index": 15, "lon": 121.5567749, "lat": 25.1662174, "ele": null, "name": null, "node_type": null, "tags_json": { } }, "geometry": { "type": "Point", "coordinates": [ 121.5567749, 25.1662174 ] } },
{ "type": "Feature", "properties": { "way_id": 1227691468, "node_id": "4210082172", "way_index": 16, "lon": 121.5567602, "lat": 25.1662398, "ele": null, "name": null, "node_type": null, "tags_json": { } }, "geometry": { "type": "Point", "coordinates": [ 121.5567602, 25.1662398 ] } },
{ "type": "Feature", "properties": { "way_id": 1227691468, "node_id": "274939654", "way_index": 17, "lon": 121.5566988, "lat": 25.1662715, "ele": null, "name": null, "node_type": null, "tags_json": { } }, "geometry": { "type": "Point", "coordinates": [ 121.5566988, 25.1662715 ] } },
{ "type": "Feature", "properties": { "way_id": 1227691468, "node_id": "11384470368", "way_index": 18, "lon": 121.5566874, "lat": 25.1662841, "ele": null, "name": null, "node_type": null, "tags_json": { } }, "geometry": { "type": "Point", "coordinates": [ 121.5566874, 25.1662841 ] } },
{ "type": "Feature", "properties": { "way_id": 1227691468, "node_id": "4210082173", "way_index": 19, "lon": 121.5566796, "lat": 25.1663074, "ele": null, "name": null, "node_type": null, "tags_json": { } }, "geometry": { "type": "Point", "coordinates": [ 121.5566796, 25.1663074 ] } },
{ "type": "Feature", "properties": { "way_id": 1227691468, "node_id": "4210082174", "way_index": 20, "lon": 121.5566415, "lat": 25.166339, "ele": null, "name": null, "node_type": null, "tags_json": { } }, "geometry": { "type": "Point", "coordinates": [ 121.5566415, 25.166339 ] } },
{ "type": "Feature", "properties": { "way_id": 1227691468, "node_id": "4210082175", "way_index": 21, "lon": 121.5566173, "lat": 25.1663407, "ele": null, "name": null, "node_type": null, "tags_json": { } }, "geometry": { "type": "Point", "coordinates": [ 121.5566173, 25.1663407 ] } },
{ "type": "Feature", "properties": { "way_id": 1227691468, "node_id": "4210082176", "way_index": 22, "lon": 121.5565832, "lat": 25.1663526, "ele": null, "name": null, "node_type": null, "tags_json": { } }, "geometry": { "type": "Point", "coordinates": [ 121.5565832, 25.1663526 ] } },
{ "type": "Feature", "properties": { "way_id": 1227691468, "node_id": "4210082177", "way_index": 23, "lon": 121.5565775, "lat": 25.1663828, "ele": null, "name": null, "node_type": null, "tags_json": { } }, "geometry": { "type": "Point", "coordinates": [ 121.5565775, 25.1663828 ] } },
{ "type": "Feature", "properties": { "way_id": 1227691468, "node_id": "274939643", "way_index": 24, "lon": 121.5565716, "lat": 25.166396, "ele": null, "name": null, "node_type": null, "tags_json": { } }, "geometry": { "type": "Point", "coordinates": [ 121.5565716, 25.166396 ] } },
{ "type": "Feature", "properties": { "way_id": 1227691468, "node_id": "12054591052", "way_index": 25, "lon": 121.5565649, "lat": 25.1664224, "ele": null, "name": null, "node_type": null, "tags_json": { } }, "geometry": { "type": "Point", "coordinates": [ 121.5565649, 25.1664224 ] } },
{ "type": "Feature", "properties": { "way_id": 1227691468, "node_id": "12054591051", "way_index": 26, "lon": 121.5565414, "lat": 25.1664834, "ele": null, "name": null, "node_type": null, "tags_json": { } }, "geometry": { "type": "Point", "coordinates": [ 121.5565414, 25.1664834 ] } },
{ "type": "Feature", "properties": { "way_id": 1227691468, "node_id": "11384470367", "way_index": 27, "lon": 121.5565348, "lat": 25.1665303, "ele": null, "name": null, "node_type": null, "tags_json": { } }, "geometry": { "type": "Point", "coordinates": [ 121.5565348, 25.1665303 ] } },
{ "type": "Feature", "properties": { "way_id": 1227691468, "node_id": "4210082181", "way_index": 28, "lon": 121.5565007, "lat": 25.1665954, "ele": null, "name": null, "node_type": null, "tags_json": { } }, "geometry": { "type": "Point", "coordinates": [ 121.5565007, 25.1665954 ] } },
{ "type": "Feature", "properties": { "way_id": 1227691468, "node_id": "274939636", "way_index": 29, "lon": 121.5564913, "lat": 25.166632, "ele": null, "name": null, "node_type": null, "tags_json": { } }, "geometry": { "type": "Point", "coordinates": [ 121.5564913, 25.166632 ] } },
{ "type": "Feature", "properties": { "way_id": 1227691468, "node_id": "4210082183", "way_index": 30, "lon": 121.556491, "lat": 25.1666538, "ele": null, "name": null, "node_type": null, "tags_json": { } }, "geometry": { "type": "Point", "coordinates": [ 121.556491, 25.1666538 ] } },
{ "type": "Feature", "properties": { "way_id": 1227691468, "node_id": "11384470363", "way_index": 31, "lon": 121.556526, "lat": 25.1666601, "ele": null, "name": null, "node_type": null, "tags_json": { } }, "geometry": { "type": "Point", "coordinates": [ 121.556526, 25.1666601 ] } },
{ "type": "Feature", "properties": { "way_id": 1227691470, "node_id": "4210082132", "way_index": 0, "lon": 121.5586734, "lat": 25.1654607, "ele": null, "name": null, "node_type": null, "tags_json": { } }, "geometry": { "type": "Point", "coordinates": [ 121.5586734, 25.1654607 ] } },
{ "type": "Feature", "properties": { "way_id": 1227691470, "node_id": "11384703765", "way_index": 1, "lon": 121.558637, "lat": 25.1654586, "ele": null, "name": null, "node_type": null, "tags_json": { } }, "geometry": { "type": "Point", "coordinates": [ 121.558637, 25.1654586 ] } },
{ "type": "Feature", "properties": { "way_id": 1227691470, "node_id": "4210082131", "way_index": 2, "lon": 121.558585, "lat": 25.1654246, "ele": null, "name": null, "node_type": null, "tags_json": { } }, "geometry": { "type": "Point", "coordinates": [ 121.558585, 25.1654246 ] } },
{ "type": "Feature", "properties": { "way_id": 1227691470, "node_id": "4210082129", "way_index": 3, "lon": 121.5585276, "lat": 25.1653818, "ele": null, "name": null, "node_type": null, "tags_json": { } }, "geometry": { "type": "Point", "coordinates": [ 121.5585276, 25.1653818 ] } },
{ "type": "Feature", "properties": { "way_id": 1227691470, "node_id": "4210082127", "way_index": 4, "lon": 121.5584783, "lat": 25.1653305, "ele": null, "name": null, "node_type": null, "tags_json": { } }, "geometry": { "type": "Point", "coordinates": [ 121.5584783, 25.1653305 ] } },
{ "type": "Feature", "properties": { "way_id": 1227691470, "node_id": "274939381", "way_index": 5, "lon": 121.55848, "lat": 25.1652998, "ele": null, "name": null, "node_type": null, "tags_json": { } }, "geometry": { "type": "Point", "coordinates": [ 121.55848, 25.1652998 ] } },
{ "type": "Feature", "properties": { "way_id": 1227691470, "node_id": "11384500297", "way_index": 6, "lon": 121.5584825, "lat": 25.1652689, "ele": null, "name": null, "node_type": null, "tags_json": { } }, "geometry": { "type": "Point", "coordinates": [ 121.5584825, 25.1652689 ] } },
{ "type": "Feature", "properties": { "way_id": 1227691470, "node_id": "11384500296", "way_index": 7, "lon": 121.5584708, "lat": 25.1652406, "ele": null, "name": null, "node_type": null, "tags_json": { } }, "geometry": { "type": "Point", "coordinates": [ 121.5584708, 25.1652406 ] } },
{ "type": "Feature", "properties": { "way_id": 1301449842, "node_id": "274939970", "way_index": 0, "lon": 121.5546106, "lat": 25.1696748, "ele": null, "name": null, "node_type": null, "tags_json": { } }, "geometry": { "type": "Point", "coordinates": [ 121.5546106, 25.1696748 ] } },
{ "type": "Feature", "properties": { "way_id": 1301449842, "node_id": "12054591027", "way_index": 1, "lon": 121.5544976, "lat": 25.1697494, "ele": null, "name": null, "node_type": null, "tags_json": { } }, "geometry": { "type": "Point", "coordinates": [ 121.5544976, 25.1697494 ] } },
{ "type": "Feature", "properties": { "way_id": 1227691463, "node_id": "274939500", "way_index": 0, "lon": 121.5555931, "lat": 25.1685952, "ele": null, "name": null, "node_type": null, "tags_json": { } }, "geometry": { "type": "Point", "coordinates": [ 121.5555931, 25.1685952 ] } },
{ "type": "Feature", "properties": { "way_id": 1227691463, "node_id": "274939491", "way_index": 1, "lon": 121.5555358, "lat": 25.1686057, "ele": null, "name": null, "node_type": null, "tags_json": { } }, "geometry": { "type": "Point", "coordinates": [ 121.5555358, 25.1686057 ] } },
{ "type": "Feature", "properties": { "way_id": 1227691463, "node_id": "12054591039", "way_index": 2, "lon": 121.5555091, "lat": 25.1686169, "ele": null, "name": null, "node_type": null, "tags_json": { } }, "geometry": { "type": "Point", "coordinates": [ 121.5555091, 25.1686169 ] } },
{ "type": "Feature", "properties": { "way_id": 1227691463, "node_id": "11384242806", "way_index": 3, "lon": 121.5554936, "lat": 25.1686375, "ele": null, "name": null, "node_type": null, "tags_json": { } }, "geometry": { "type": "Point", "coordinates": [ 121.5554936, 25.1686375 ] } },
{ "type": "Feature", "properties": { "way_id": 1227691463, "node_id": "11384242774", "way_index": 4, "lon": 121.5554311, "lat": 25.1686685, "ele": null, "name": null, "node_type": null, "tags_json": { } }, "geometry": { "type": "Point", "coordinates": [ 121.5554311, 25.1686685 ] } },
{ "type": "Feature", "properties": { "way_id": 1227691463, "node_id": "12054591038", "way_index": 5, "lon": 121.5554146, "lat": 25.1686822, "ele": null, "name": null, "node_type": null, "tags_json": { } }, "geometry": { "type": "Point", "coordinates": [ 121.5554146, 25.1686822 ] } },
{ "type": "Feature", "properties": { "way_id": 1227691463, "node_id": "4210082373", "way_index": 6, "lon": 121.5553993, "lat": 25.1687142, "ele": null, "name": null, "node_type": null, "tags_json": { } }, "geometry": { "type": "Point", "coordinates": [ 121.5553993, 25.1687142 ] } },
{ "type": "Feature", "properties": { "way_id": 1227691463, "node_id": "4210082375", "way_index": 7, "lon": 121.555376, "lat": 25.1687437, "ele": null, "name": null, "node_type": null, "tags_json": { } }, "geometry": { "type": "Point", "coordinates": [ 121.555376, 25.1687437 ] } },
{ "type": "Feature", "properties": { "way_id": 1227705216, "node_id": "2391869945", "way_index": 0, "lon": 121.5601138, "lat": 25.1650255, "ele": null, "name": null, "node_type": null, "tags_json": { } }, "geometry": { "type": "Point", "coordinates": [ 121.5601138, 25.1650255 ] } },
{ "type": "Feature", "properties": { "way_id": 1227705216, "node_id": "675814623", "way_index": 1, "lon": 121.5600784, "lat": 25.1650064, "ele": null, "name": null, "node_type": null, "tags_json": { } }, "geometry": { "type": "Point", "coordinates": [ 121.5600784, 25.1650064 ] } },
{ "type": "Feature", "properties": { "way_id": 1227705216, "node_id": "675814622", "way_index": 2, "lon": 121.5600033, "lat": 25.1649829, "ele": null, "name": null, "node_type": null, "tags_json": { } }, "geometry": { "type": "Point", "coordinates": [ 121.5600033, 25.1649829 ] } },
{ "type": "Feature", "properties": { "way_id": 230730601, "node_id": "2391869940", "way_index": 0, "lon": 121.5593135, "lat": 25.1649592, "ele": null, "name": null, "node_type": null, "tags_json": { } }, "geometry": { "type": "Point", "coordinates": [ 121.5593135, 25.1649592 ] } },
{ "type": "Feature", "properties": { "way_id": 230730601, "node_id": "4210120226", "way_index": 1, "lon": 121.5593713, "lat": 25.1649963, "ele": null, "name": null, "node_type": null, "tags_json": { } }, "geometry": { "type": "Point", "coordinates": [ 121.5593713, 25.1649963 ] } },
{ "type": "Feature", "properties": { "way_id": 230730601, "node_id": "4210120227", "way_index": 2, "lon": 121.5594153, "lat": 25.1650172, "ele": null, "name": null, "node_type": null, "tags_json": { } }, "geometry": { "type": "Point", "coordinates": [ 121.5594153, 25.1650172 ] } },
{ "type": "Feature", "properties": { "way_id": 230730601, "node_id": "2391869943", "way_index": 3, "lon": 121.559467, "lat": 25.1650254, "ele": null, "name": null, "node_type": null, "tags_json": { } }, "geometry": { "type": "Point", "coordinates": [ 121.559467, 25.1650254 ] } },
{ "type": "Feature", "properties": { "way_id": 230730601, "node_id": "4210120228", "way_index": 4, "lon": 121.5595213, "lat": 25.1650391, "ele": null, "name": null, "node_type": null, "tags_json": { } }, "geometry": { "type": "Point", "coordinates": [ 121.5595213, 25.1650391 ] } },
{ "type": "Feature", "properties": { "way_id": 230730601, "node_id": "4210120229", "way_index": 5, "lon": 121.5596168, "lat": 25.165062, "ele": null, "name": null, "node_type": null, "tags_json": { } }, "geometry": { "type": "Point", "coordinates": [ 121.5596168, 25.165062 ] } },
{ "type": "Feature", "properties": { "way_id": 230730601, "node_id": "2391869946", "way_index": 6, "lon": 121.5596548, "lat": 25.1650742, "ele": null, "name": null, "node_type": null, "tags_json": { } }, "geometry": { "type": "Point", "coordinates": [ 121.5596548, 25.1650742 ] } },
{ "type": "Feature", "properties": { "way_id": 230730601, "node_id": "4210120230", "way_index": 7, "lon": 121.5596801, "lat": 25.1650882, "ele": null, "name": null, "node_type": null, "tags_json": { } }, "geometry": { "type": "Point", "coordinates": [ 121.5596801, 25.1650882 ] } },
{ "type": "Feature", "properties": { "way_id": 230730601, "node_id": "4210120231", "way_index": 8, "lon": 121.5597118, "lat": 25.1651049, "ele": null, "name": null, "node_type": null, "tags_json": { } }, "geometry": { "type": "Point", "coordinates": [ 121.5597118, 25.1651049 ] } },
{ "type": "Feature", "properties": { "way_id": 230730601, "node_id": "2391869948", "way_index": 9, "lon": 121.5597702, "lat": 25.1650942, "ele": null, "name": null, "node_type": null, "tags_json": { } }, "geometry": { "type": "Point", "coordinates": [ 121.5597702, 25.1650942 ] } },
{ "type": "Feature", "properties": { "way_id": 230730601, "node_id": "2391869947", "way_index": 10, "lon": 121.5597624, "lat": 25.1650563, "ele": null, "name": null, "node_type": null, "tags_json": { } }, "geometry": { "type": "Point", "coordinates": [ 121.5597624, 25.1650563 ] } },
{ "type": "Feature", "properties": { "way_id": 230730601, "node_id": "6856889742", "way_index": 11, "lon": 121.5597802, "lat": 25.1650226, "ele": null, "name": null, "node_type": null, "tags_json": { } }, "geometry": { "type": "Point", "coordinates": [ 121.5597802, 25.1650226 ] } },
{ "type": "Feature", "properties": { "way_id": 230730601, "node_id": "12054720950", "way_index": 12, "lon": 121.5598114, "lat": 25.1650071, "ele": null, "name": null, "node_type": null, "tags_json": { } }, "geometry": { "type": "Point", "coordinates": [ 121.5598114, 25.1650071 ] } },
{ "type": "Feature", "properties": { "way_id": 230730601, "node_id": "2391869944", "way_index": 13, "lon": 121.5598471, "lat": 25.1650001, "ele": null, "name": null, "node_type": null, "tags_json": { } }, "geometry": { "type": "Point", "coordinates": [ 121.5598471, 25.1650001 ] } },
{ "type": "Feature", "properties": { "way_id": 230730601, "node_id": "4210120224", "way_index": 14, "lon": 121.5598865, "lat": 25.1650085, "ele": null, "name": null, "node_type": null, "tags_json": { } }, "geometry": { "type": "Point", "coordinates": [ 121.5598865, 25.1650085 ] } },
{ "type": "Feature", "properties": { "way_id": 230730601, "node_id": "675814622", "way_index": 15, "lon": 121.5600033, "lat": 25.1649829, "ele": null, "name": null, "node_type": null, "tags_json": { } }, "geometry": { "type": "Point", "coordinates": [ 121.5600033, 25.1649829 ] } },
{ "type": "Feature", "properties": { "way_id": 1227691465, "node_id": "274939624", "way_index": 0, "lon": 121.5566624, "lat": 25.1669356, "ele": null, "name": null, "node_type": null, "tags_json": { } }, "geometry": { "type": "Point", "coordinates": [ 121.5566624, 25.1669356 ] } },
{ "type": "Feature", "properties": { "way_id": 1227691465, "node_id": "11384470359", "way_index": 1, "lon": 121.556657, "lat": 25.166946, "ele": null, "name": null, "node_type": null, "tags_json": { } }, "geometry": { "type": "Point", "coordinates": [ 121.556657, 25.166946 ] } },
{ "type": "Feature", "properties": { "way_id": 1227691465, "node_id": "11384470358", "way_index": 2, "lon": 121.556652, "lat": 25.1669552, "ele": null, "name": null, "node_type": null, "tags_json": { } }, "geometry": { "type": "Point", "coordinates": [ 121.556652, 25.1669552 ] } },
{ "type": "Feature", "properties": { "way_id": 1227691465, "node_id": "274939612", "way_index": 3, "lon": 121.5566365, "lat": 25.1669661, "ele": null, "name": null, "node_type": null, "tags_json": { } }, "geometry": { "type": "Point", "coordinates": [ 121.5566365, 25.1669661 ] } },
{ "type": "Feature", "properties": { "way_id": 1227691465, "node_id": "11384470357", "way_index": 4, "lon": 121.5565238, "lat": 25.1670218, "ele": null, "name": null, "node_type": null, "tags_json": { } }, "geometry": { "type": "Point", "coordinates": [ 121.5565238, 25.1670218 ] } },
{ "type": "Feature", "properties": { "way_id": 1227691465, "node_id": "4210082188", "way_index": 5, "lon": 121.5565022, "lat": 25.1670357, "ele": null, "name": null, "node_type": null, "tags_json": { } }, "geometry": { "type": "Point", "coordinates": [ 121.5565022, 25.1670357 ] } },
{ "type": "Feature", "properties": { "way_id": 1227691465, "node_id": "11384470356", "way_index": 6, "lon": 121.5564874, "lat": 25.1670536, "ele": null, "name": null, "node_type": null, "tags_json": { } }, "geometry": { "type": "Point", "coordinates": [ 121.5564874, 25.1670536 ] } },
{ "type": "Feature", "properties": { "way_id": 1227691465, "node_id": "11384470355", "way_index": 7, "lon": 121.5564842, "lat": 25.1670795, "ele": null, "name": null, "node_type": null, "tags_json": { } }, "geometry": { "type": "Point", "coordinates": [ 121.5564842, 25.1670795 ] } },
{ "type": "Feature", "properties": { "way_id": 1227691465, "node_id": "11384470353", "way_index": 8, "lon": 121.556493, "lat": 25.1671063, "ele": null, "name": null, "node_type": null, "tags_json": { } }, "geometry": { "type": "Point", "coordinates": [ 121.556493, 25.1671063 ] } },
{ "type": "Feature", "properties": { "way_id": 1227691465, "node_id": "11384470354", "way_index": 9, "lon": 121.5565288, "lat": 25.1671757, "ele": null, "name": null, "node_type": null, "tags_json": { } }, "geometry": { "type": "Point", "coordinates": [ 121.5565288, 25.1671757 ] } },
{ "type": "Feature", "properties": { "way_id": 1227691465, "node_id": "11384470350", "way_index": 10, "lon": 121.5565396, "lat": 25.1671936, "ele": null, "name": null, "node_type": null, "tags_json": { } }, "geometry": { "type": "Point", "coordinates": [ 121.5565396, 25.1671936 ] } },
{ "type": "Feature", "properties": { "way_id": 1227691465, "node_id": "11384470349", "way_index": 11, "lon": 121.556539, "lat": 25.1672105, "ele": null, "name": null, "node_type": null, "tags_json": { } }, "geometry": { "type": "Point", "coordinates": [ 121.556539, 25.1672105 ] } },
{ "type": "Feature", "properties": { "way_id": 1227691465, "node_id": "11384242796", "way_index": 12, "lon": 121.5565315, "lat": 25.1672261, "ele": null, "name": null, "node_type": null, "tags_json": { } }, "geometry": { "type": "Point", "coordinates": [ 121.5565315, 25.1672261 ] } },
{ "type": "Feature", "properties": { "way_id": 1227691465, "node_id": "11384242794", "way_index": 13, "lon": 121.5564988, "lat": 25.167264, "ele": null, "name": null, "node_type": null, "tags_json": { } }, "geometry": { "type": "Point", "coordinates": [ 121.5564988, 25.167264 ] } },
{ "type": "Feature", "properties": { "way_id": 1227691465, "node_id": "11384470346", "way_index": 14, "lon": 121.5564757, "lat": 25.1673204, "ele": null, "name": null, "node_type": null, "tags_json": { } }, "geometry": { "type": "Point", "coordinates": [ 121.5564757, 25.1673204 ] } },
{ "type": "Feature", "properties": { "way_id": 1227691465, "node_id": "4210082292", "way_index": 15, "lon": 121.5564743, "lat": 25.16734, "ele": null, "name": null, "node_type": null, "tags_json": { } }, "geometry": { "type": "Point", "coordinates": [ 121.5564743, 25.16734 ] } },
{ "type": "Feature", "properties": { "way_id": 1227691465, "node_id": "274939595", "way_index": 16, "lon": 121.5564856, "lat": 25.1673621, "ele": null, "name": null, "node_type": null, "tags_json": { } }, "geometry": { "type": "Point", "coordinates": [ 121.5564856, 25.1673621 ] } },
{ "type": "Feature", "properties": { "way_id": 1227691465, "node_id": "11384470345", "way_index": 17, "lon": 121.5564883, "lat": 25.1673829, "ele": null, "name": null, "node_type": null, "tags_json": { } }, "geometry": { "type": "Point", "coordinates": [ 121.5564883, 25.1673829 ] } },
{ "type": "Feature", "properties": { "way_id": 1227691465, "node_id": "274939587", "way_index": 18, "lon": 121.5564822, "lat": 25.167404, "ele": null, "name": null, "node_type": null, "tags_json": { } }, "geometry": { "type": "Point", "coordinates": [ 121.5564822, 25.167404 ] } },
{ "type": "Feature", "properties": { "way_id": 1227691465, "node_id": "11384242791", "way_index": 19, "lon": 121.5564613, "lat": 25.1674123, "ele": null, "name": null, "node_type": null, "tags_json": { } }, "geometry": { "type": "Point", "coordinates": [ 121.5564613, 25.1674123 ] } },
{ "type": "Feature", "properties": { "way_id": 1227691465, "node_id": "274939579", "way_index": 20, "lon": 121.5564391, "lat": 25.1674128, "ele": null, "name": null, "node_type": null, "tags_json": { } }, "geometry": { "type": "Point", "coordinates": [ 121.5564391, 25.1674128 ] } },
{ "type": "Feature", "properties": { "way_id": 1227691465, "node_id": "4210082293", "way_index": 21, "lon": 121.5564308, "lat": 25.1674253, "ele": null, "name": null, "node_type": null, "tags_json": { } }, "geometry": { "type": "Point", "coordinates": [ 121.5564308, 25.1674253 ] } },
{ "type": "Feature", "properties": { "way_id": 1227691465, "node_id": "4210082294", "way_index": 22, "lon": 121.5564189, "lat": 25.1674306, "ele": null, "name": null, "node_type": null, "tags_json": { } }, "geometry": { "type": "Point", "coordinates": [ 121.5564189, 25.1674306 ] } },
{ "type": "Feature", "properties": { "way_id": 1227691465, "node_id": "4210082295", "way_index": 23, "lon": 121.5563973, "lat": 25.1674211, "ele": null, "name": null, "node_type": null, "tags_json": { } }, "geometry": { "type": "Point", "coordinates": [ 121.5563973, 25.1674211 ] } },
{ "type": "Feature", "properties": { "way_id": 1227691465, "node_id": "274939566", "way_index": 24, "lon": 121.5563971, "lat": 25.1674412, "ele": null, "name": null, "node_type": null, "tags_json": { } }, "geometry": { "type": "Point", "coordinates": [ 121.5563971, 25.1674412 ] } },
{ "type": "Feature", "properties": { "way_id": 1227691465, "node_id": "12054591048", "way_index": 25, "lon": 121.556402, "lat": 25.167472, "ele": null, "name": null, "node_type": null, "tags_json": { } }, "geometry": { "type": "Point", "coordinates": [ 121.556402, 25.167472 ] } },
{ "type": "Feature", "properties": { "way_id": 1227691465, "node_id": "4210082298", "way_index": 26, "lon": 121.556387, "lat": 25.1675201, "ele": null, "name": null, "node_type": null, "tags_json": { } }, "geometry": { "type": "Point", "coordinates": [ 121.556387, 25.1675201 ] } },
{ "type": "Feature", "properties": { "way_id": 1227691465, "node_id": "12054591047", "way_index": 27, "lon": 121.5563969, "lat": 25.1675564, "ele": null, "name": null, "node_type": null, "tags_json": { } }, "geometry": { "type": "Point", "coordinates": [ 121.5563969, 25.1675564 ] } },
{ "type": "Feature", "properties": { "way_id": 1227691465, "node_id": "4210082300", "way_index": 28, "lon": 121.5564259, "lat": 25.167615, "ele": null, "name": null, "node_type": null, "tags_json": { } }, "geometry": { "type": "Point", "coordinates": [ 121.5564259, 25.167615 ] } },
{ "type": "Feature", "properties": { "way_id": 1227691465, "node_id": "11384470344", "way_index": 29, "lon": 121.5564372, "lat": 25.1676346, "ele": null, "name": null, "node_type": null, "tags_json": { } }, "geometry": { "type": "Point", "coordinates": [ 121.5564372, 25.1676346 ] } },
{ "type": "Feature", "properties": { "way_id": 1227691465, "node_id": "4210082301", "way_index": 30, "lon": 121.5564404, "lat": 25.1676487, "ele": null, "name": null, "node_type": null, "tags_json": { } }, "geometry": { "type": "Point", "coordinates": [ 121.5564404, 25.1676487 ] } },
{ "type": "Feature", "properties": { "way_id": 1227691465, "node_id": "4210082302", "way_index": 31, "lon": 121.5564313, "lat": 25.1676562, "ele": null, "name": null, "node_type": null, "tags_json": { } }, "geometry": { "type": "Point", "coordinates": [ 121.5564313, 25.1676562 ] } },
{ "type": "Feature", "properties": { "way_id": 1227691465, "node_id": "274939550", "way_index": 32, "lon": 121.5563988, "lat": 25.1676499, "ele": null, "name": null, "node_type": null, "tags_json": { } }, "geometry": { "type": "Point", "coordinates": [ 121.5563988, 25.1676499 ] } },
{ "type": "Feature", "properties": { "way_id": 1227691465, "node_id": "11384470343", "way_index": 33, "lon": 121.5563835, "lat": 25.1676595, "ele": null, "name": null, "node_type": null, "tags_json": { } }, "geometry": { "type": "Point", "coordinates": [ 121.5563835, 25.1676595 ] } },
{ "type": "Feature", "properties": { "way_id": 1227691465, "node_id": "11384242788", "way_index": 34, "lon": 121.5563884, "lat": 25.167676, "ele": null, "name": null, "node_type": null, "tags_json": { } }, "geometry": { "type": "Point", "coordinates": [ 121.5563884, 25.167676 ] } },
{ "type": "Feature", "properties": { "way_id": 1227691465, "node_id": "11384470342", "way_index": 35, "lon": 121.5563985, "lat": 25.167692, "ele": null, "name": null, "node_type": null, "tags_json": { } }, "geometry": { "type": "Point", "coordinates": [ 121.5563985, 25.167692 ] } },
{ "type": "Feature", "properties": { "way_id": 1227691465, "node_id": "11384242787", "way_index": 36, "lon": 121.556394, "lat": 25.1677118, "ele": null, "name": null, "node_type": null, "tags_json": { } }, "geometry": { "type": "Point", "coordinates": [ 121.556394, 25.1677118 ] } },
{ "type": "Feature", "properties": { "way_id": 1227691465, "node_id": "4210082306", "way_index": 37, "lon": 121.5563795, "lat": 25.1677199, "ele": null, "name": null, "node_type": null, "tags_json": { } }, "geometry": { "type": "Point", "coordinates": [ 121.5563795, 25.1677199 ] } },
{ "type": "Feature", "properties": { "way_id": 1227691465, "node_id": "11384242786", "way_index": 38, "lon": 121.5563296, "lat": 25.167737, "ele": null, "name": null, "node_type": null, "tags_json": { } }, "geometry": { "type": "Point", "coordinates": [ 121.5563296, 25.167737 ] } },
{ "type": "Feature", "properties": { "way_id": 1227691465, "node_id": "11384470341", "way_index": 39, "lon": 121.556314, "lat": 25.1677502, "ele": null, "name": null, "node_type": null, "tags_json": { } }, "geometry": { "type": "Point", "coordinates": [ 121.556314, 25.1677502 ] } },
{ "type": "Feature", "properties": { "way_id": 1227691465, "node_id": "11384470340", "way_index": 40, "lon": 121.556308, "lat": 25.1677597, "ele": null, "name": null, "node_type": null, "tags_json": { } }, "geometry": { "type": "Point", "coordinates": [ 121.556308, 25.1677597 ] } },
{ "type": "Feature", "properties": { "way_id": 1227691465, "node_id": "11384470339", "way_index": 41, "lon": 121.5563174, "lat": 25.1677798, "ele": null, "name": null, "node_type": null, "tags_json": { } }, "geometry": { "type": "Point", "coordinates": [ 121.5563174, 25.1677798 ] } },
{ "type": "Feature", "properties": { "way_id": 1227691465, "node_id": "4210082308", "way_index": 42, "lon": 121.5563384, "lat": 25.1678016, "ele": null, "name": null, "node_type": null, "tags_json": { } }, "geometry": { "type": "Point", "coordinates": [ 121.5563384, 25.1678016 ] } },
{ "type": "Feature", "properties": { "way_id": 1227691465, "node_id": "4210082312", "way_index": 43, "lon": 121.556376, "lat": 25.1678198, "ele": null, "name": null, "node_type": null, "tags_json": { } }, "geometry": { "type": "Point", "coordinates": [ 121.556376, 25.1678198 ] } },
{ "type": "Feature", "properties": { "way_id": 1227691465, "node_id": "11384242785", "way_index": 44, "lon": 121.5563934, "lat": 25.1678312, "ele": null, "name": null, "node_type": null, "tags_json": { } }, "geometry": { "type": "Point", "coordinates": [ 121.5563934, 25.1678312 ] } },
{ "type": "Feature", "properties": { "way_id": 1227691465, "node_id": "11384242784", "way_index": 45, "lon": 121.5563966, "lat": 25.16785, "ele": null, "name": null, "node_type": null, "tags_json": { } }, "geometry": { "type": "Point", "coordinates": [ 121.5563966, 25.16785 ] } },
{ "type": "Feature", "properties": { "way_id": 1227691465, "node_id": "274939558", "way_index": 46, "lon": 121.5563987, "lat": 25.1678708, "ele": null, "name": null, "node_type": null, "tags_json": { } }, "geometry": { "type": "Point", "coordinates": [ 121.5563987, 25.1678708 ] } },
{ "type": "Feature", "properties": { "way_id": 1227691465, "node_id": "4210082315", "way_index": 47, "lon": 121.5563689, "lat": 25.1678935, "ele": null, "name": null, "node_type": null, "tags_json": { } }, "geometry": { "type": "Point", "coordinates": [ 121.5563689, 25.1678935 ] } },
{ "type": "Feature", "properties": { "way_id": 1227691465, "node_id": "12054591046", "way_index": 48, "lon": 121.5563383, "lat": 25.1678892, "ele": null, "name": null, "node_type": null, "tags_json": { } }, "geometry": { "type": "Point", "coordinates": [ 121.5563383, 25.1678892 ] } },
{ "type": "Feature", "properties": { "way_id": 1227691465, "node_id": "11384470338", "way_index": 49, "lon": 121.5562415, "lat": 25.1678888, "ele": null, "name": null, "node_type": null, "tags_json": { } }, "geometry": { "type": "Point", "coordinates": [ 121.5562415, 25.1678888 ] } },
{ "type": "Feature", "properties": { "way_id": 1227691465, "node_id": "4210082317", "way_index": 50, "lon": 121.55625, "lat": 25.1679279, "ele": null, "name": null, "node_type": null, "tags_json": { } }, "geometry": { "type": "Point", "coordinates": [ 121.55625, 25.1679279 ] } },
{ "type": "Feature", "properties": { "way_id": 1227691465, "node_id": "274939535", "way_index": 51, "lon": 121.5562401, "lat": 25.1679546, "ele": null, "name": null, "node_type": null, "tags_json": { } }, "geometry": { "type": "Point", "coordinates": [ 121.5562401, 25.1679546 ] } },
{ "type": "Feature", "properties": { "way_id": 1227691465, "node_id": "4210082319", "way_index": 52, "lon": 121.5562483, "lat": 25.1679914, "ele": null, "name": null, "node_type": null, "tags_json": { } }, "geometry": { "type": "Point", "coordinates": [ 121.5562483, 25.1679914 ] } },
{ "type": "Feature", "properties": { "way_id": 1227691465, "node_id": "4210082321", "way_index": 53, "lon": 121.5562527, "lat": 25.1680511, "ele": null, "name": null, "node_type": null, "tags_json": { } }, "geometry": { "type": "Point", "coordinates": [ 121.5562527, 25.1680511 ] } },
{ "type": "Feature", "properties": { "way_id": 1227691465, "node_id": "274939542", "way_index": 54, "lon": 121.5561998, "lat": 25.1680562, "ele": null, "name": null, "node_type": null, "tags_json": { } }, "geometry": { "type": "Point", "coordinates": [ 121.5561998, 25.1680562 ] } },
{ "type": "Feature", "properties": { "way_id": 1227691465, "node_id": "274939519", "way_index": 55, "lon": 121.5562093, "lat": 25.1680885, "ele": null, "name": null, "node_type": null, "tags_json": { } }, "geometry": { "type": "Point", "coordinates": [ 121.5562093, 25.1680885 ] } },
{ "type": "Feature", "properties": { "way_id": 1227691465, "node_id": "2391869967", "way_index": 56, "lon": 121.5562189, "lat": 25.1681096, "ele": null, "name": null, "node_type": null, "tags_json": { } }, "geometry": { "type": "Point", "coordinates": [ 121.5562189, 25.1681096 ] } },
{ "type": "Feature", "properties": { "way_id": 1227691465, "node_id": "11384242783", "way_index": 57, "lon": 121.5561665, "lat": 25.1681106, "ele": null, "name": null, "node_type": null, "tags_json": { } }, "geometry": { "type": "Point", "coordinates": [ 121.5561665, 25.1681106 ] } },
{ "type": "Feature", "properties": { "way_id": 1227691465, "node_id": "4210082324", "way_index": 58, "lon": 121.5561488, "lat": 25.1681002, "ele": null, "name": null, "node_type": null, "tags_json": { } }, "geometry": { "type": "Point", "coordinates": [ 121.5561488, 25.1681002 ] } },
{ "type": "Feature", "properties": { "way_id": 1227691465, "node_id": "12054591044", "way_index": 59, "lon": 121.5561409, "lat": 25.1680941, "ele": null, "name": null, "node_type": null, "tags_json": { } }, "geometry": { "type": "Point", "coordinates": [ 121.5561409, 25.1680941 ] } },
{ "type": "Feature", "properties": { "way_id": 1227691465, "node_id": "12054591045", "way_index": 60, "lon": 121.5561368, "lat": 25.1681017, "ele": null, "name": null, "node_type": null, "tags_json": { } }, "geometry": { "type": "Point", "coordinates": [ 121.5561368, 25.1681017 ] } },
{ "type": "Feature", "properties": { "way_id": 1227691465, "node_id": "4210082326", "way_index": 61, "lon": 121.5561521, "lat": 25.1681506, "ele": null, "name": null, "node_type": null, "tags_json": { } }, "geometry": { "type": "Point", "coordinates": [ 121.5561521, 25.1681506 ] } },
{ "type": "Feature", "properties": { "way_id": 1227691465, "node_id": "11384470337", "way_index": 62, "lon": 121.5560933, "lat": 25.1681614, "ele": null, "name": null, "node_type": null, "tags_json": { } }, "geometry": { "type": "Point", "coordinates": [ 121.5560933, 25.1681614 ] } },
{ "type": "Feature", "properties": { "way_id": 1227691465, "node_id": "4210082327", "way_index": 63, "lon": 121.5560631, "lat": 25.1681466, "ele": null, "name": null, "node_type": null, "tags_json": { } }, "geometry": { "type": "Point", "coordinates": [ 121.5560631, 25.1681466 ] } },
{ "type": "Feature", "properties": { "way_id": 1227691465, "node_id": "12054591043", "way_index": 64, "lon": 121.5560556, "lat": 25.1681458, "ele": null, "name": null, "node_type": null, "tags_json": { } }, "geometry": { "type": "Point", "coordinates": [ 121.5560556, 25.1681458 ] } },
{ "type": "Feature", "properties": { "way_id": 1227691465, "node_id": "4210082328", "way_index": 65, "lon": 121.5560532, "lat": 25.1681581, "ele": null, "name": null, "node_type": null, "tags_json": { } }, "geometry": { "type": "Point", "coordinates": [ 121.5560532, 25.1681581 ] } },
{ "type": "Feature", "properties": { "way_id": 1227691465, "node_id": "4210082329", "way_index": 66, "lon": 121.5560837, "lat": 25.1682218, "ele": null, "name": null, "node_type": null, "tags_json": { } }, "geometry": { "type": "Point", "coordinates": [ 121.5560837, 25.1682218 ] } },
{ "type": "Feature", "properties": { "way_id": 1227691465, "node_id": "11384242782", "way_index": 67, "lon": 121.5561002, "lat": 25.1682407, "ele": null, "name": null, "node_type": null, "tags_json": { } }, "geometry": { "type": "Point", "coordinates": [ 121.5561002, 25.1682407 ] } },
{ "type": "Feature", "properties": { "way_id": 1227691465, "node_id": "4210082331", "way_index": 68, "lon": 121.5560849, "lat": 25.1682424, "ele": null, "name": null, "node_type": null, "tags_json": { } }, "geometry": { "type": "Point", "coordinates": [ 121.5560849, 25.1682424 ] } },
{ "type": "Feature", "properties": { "way_id": 1227691465, "node_id": "4210082332", "way_index": 69, "lon": 121.5560612, "lat": 25.1682312, "ele": null, "name": null, "node_type": null, "tags_json": { } }, "geometry": { "type": "Point", "coordinates": [ 121.5560612, 25.1682312 ] } },
{ "type": "Feature", "properties": { "way_id": 1227691465, "node_id": "4210082334", "way_index": 70, "lon": 121.5559865, "lat": 25.1681671, "ele": null, "name": null, "node_type": null, "tags_json": { } }, "geometry": { "type": "Point", "coordinates": [ 121.5559865, 25.1681671 ] } },
{ "type": "Feature", "properties": { "way_id": 1227691465, "node_id": "12054591041", "way_index": 71, "lon": 121.5559842, "lat": 25.16818, "ele": null, "name": null, "node_type": null, "tags_json": { } }, "geometry": { "type": "Point", "coordinates": [ 121.5559842, 25.16818 ] } },
{ "type": "Feature", "properties": { "way_id": 1227691465, "node_id": "12054591042", "way_index": 72, "lon": 121.5559902, "lat": 25.16821, "ele": null, "name": null, "node_type": null, "tags_json": { } }, "geometry": { "type": "Point", "coordinates": [ 121.5559902, 25.16821 ] } },
{ "type": "Feature", "properties": { "way_id": 1227691465, "node_id": "4210082335", "way_index": 73, "lon": 121.5559885, "lat": 25.1682699, "ele": null, "name": null, "node_type": null, "tags_json": { } }, "geometry": { "type": "Point", "coordinates": [ 121.5559885, 25.1682699 ] } },
{ "type": "Feature", "properties": { "way_id": 1227691465, "node_id": "11384470336", "way_index": 74, "lon": 121.5559777, "lat": 25.1682754, "ele": null, "name": null, "node_type": null, "tags_json": { } }, "geometry": { "type": "Point", "coordinates": [ 121.5559777, 25.1682754 ] } },
{ "type": "Feature", "properties": { "way_id": 1227691465, "node_id": "4210082337", "way_index": 75, "lon": 121.555937, "lat": 25.1682425, "ele": null, "name": null, "node_type": null, "tags_json": { } }, "geometry": { "type": "Point", "coordinates": [ 121.555937, 25.1682425 ] } },
{ "type": "Feature", "properties": { "way_id": 1227691465, "node_id": "11384470335", "way_index": 76, "lon": 121.5558766, "lat": 25.1682202, "ele": null, "name": null, "node_type": null, "tags_json": { } }, "geometry": { "type": "Point", "coordinates": [ 121.5558766, 25.1682202 ] } },
{ "type": "Feature", "properties": { "way_id": 1227691465, "node_id": "4210082340", "way_index": 77, "lon": 121.5558755, "lat": 25.1682492, "ele": null, "name": null, "node_type": null, "tags_json": { } }, "geometry": { "type": "Point", "coordinates": [ 121.5558755, 25.1682492 ] } },
{ "type": "Feature", "properties": { "way_id": 1227504496, "node_id": "274939942", "way_index": 0, "lon": 121.5534784, "lat": 25.1706764, "ele": null, "name": null, "node_type": null, "tags_json": { } }, "geometry": { "type": "Point", "coordinates": [ 121.5534784, 25.1706764 ] } },
{ "type": "Feature", "properties": { "way_id": 1227504496, "node_id": "11383003322", "way_index": 1, "lon": 121.553457, "lat": 25.1706939, "ele": null, "name": null, "node_type": null, "tags_json": { } }, "geometry": { "type": "Point", "coordinates": [ 121.553457, 25.1706939 ] } },
{ "type": "Feature", "properties": { "way_id": 1227504496, "node_id": "11383003316", "way_index": 2, "lon": 121.5534475, "lat": 25.1707032, "ele": null, "name": null, "node_type": null, "tags_json": { } }, "geometry": { "type": "Point", "coordinates": [ 121.5534475, 25.1707032 ] } },
{ "type": "Feature", "properties": { "way_id": 1227691461, "node_id": "274939494", "way_index": 0, "lon": 121.5553968, "lat": 25.1688791, "ele": null, "name": null, "node_type": null, "tags_json": { } }, "geometry": { "type": "Point", "coordinates": [ 121.5553968, 25.1688791 ] } },
{ "type": "Feature", "properties": { "way_id": 1227691461, "node_id": "4210082378", "way_index": 1, "lon": 121.5553711, "lat": 25.1689475, "ele": null, "name": null, "node_type": null, "tags_json": { } }, "geometry": { "type": "Point", "coordinates": [ 121.5553711, 25.1689475 ] } },
{ "type": "Feature", "properties": { "way_id": 1227691461, "node_id": "4210082379", "way_index": 2, "lon": 121.5553787, "lat": 25.1689724, "ele": null, "name": null, "node_type": null, "tags_json": { } }, "geometry": { "type": "Point", "coordinates": [ 121.5553787, 25.1689724 ] } },
{ "type": "Feature", "properties": { "way_id": 1227691461, "node_id": "274940046", "way_index": 3, "lon": 121.5553883, "lat": 25.1689902, "ele": null, "name": null, "node_type": null, "tags_json": { } }, "geometry": { "type": "Point", "coordinates": [ 121.5553883, 25.1689902 ] } },
{ "type": "Feature", "properties": { "way_id": 1227691461, "node_id": "11384242770", "way_index": 4, "lon": 121.5553805, "lat": 25.1690193, "ele": null, "name": null, "node_type": null, "tags_json": { } }, "geometry": { "type": "Point", "coordinates": [ 121.5553805, 25.1690193 ] } },
{ "type": "Feature", "properties": { "way_id": 1227691461, "node_id": "11384242803", "way_index": 5, "lon": 121.5553963, "lat": 25.1691056, "ele": null, "name": null, "node_type": null, "tags_json": { } }, "geometry": { "type": "Point", "coordinates": [ 121.5553963, 25.1691056 ] } },
{ "type": "Feature", "properties": { "way_id": 1227691461, "node_id": "4210082383", "way_index": 6, "lon": 121.5554048, "lat": 25.1691196, "ele": null, "name": null, "node_type": null, "tags_json": { } }, "geometry": { "type": "Point", "coordinates": [ 121.5554048, 25.1691196 ] } },
{ "type": "Feature", "properties": { "way_id": 1227691461, "node_id": "11384242769", "way_index": 7, "lon": 121.5554317, "lat": 25.1691515, "ele": null, "name": null, "node_type": null, "tags_json": { } }, "geometry": { "type": "Point", "coordinates": [ 121.5554317, 25.1691515 ] } },
{ "type": "Feature", "properties": { "way_id": 1227691461, "node_id": "274940037", "way_index": 8, "lon": 121.5554691, "lat": 25.1691899, "ele": null, "name": null, "node_type": null, "tags_json": { } }, "geometry": { "type": "Point", "coordinates": [ 121.5554691, 25.1691899 ] } },
{ "type": "Feature", "properties": { "way_id": 1227691461, "node_id": "4210082387", "way_index": 9, "lon": 121.5554757, "lat": 25.1692281, "ele": null, "name": null, "node_type": null, "tags_json": { } }, "geometry": { "type": "Point", "coordinates": [ 121.5554757, 25.1692281 ] } },
{ "type": "Feature", "properties": { "way_id": 1227691464, "node_id": "4210082340", "way_index": 0, "lon": 121.5558755, "lat": 25.1682492, "ele": null, "name": null, "node_type": null, "tags_json": { } }, "geometry": { "type": "Point", "coordinates": [ 121.5558755, 25.1682492 ] } },
{ "type": "Feature", "properties": { "way_id": 1227691464, "node_id": "4210082341", "way_index": 1, "lon": 121.555875, "lat": 25.1682674, "ele": null, "name": null, "node_type": null, "tags_json": { } }, "geometry": { "type": "Point", "coordinates": [ 121.555875, 25.1682674 ] } },
{ "type": "Feature", "properties": { "way_id": 1227691464, "node_id": "11384470334", "way_index": 2, "lon": 121.5558865, "lat": 25.1682837, "ele": null, "name": null, "node_type": null, "tags_json": { } }, "geometry": { "type": "Point", "coordinates": [ 121.5558865, 25.1682837 ] } },
{ "type": "Feature", "properties": { "way_id": 1227691464, "node_id": "4210082343", "way_index": 3, "lon": 121.555916, "lat": 25.168286, "ele": null, "name": null, "node_type": null, "tags_json": { } }, "geometry": { "type": "Point", "coordinates": [ 121.555916, 25.168286 ] } },
{ "type": "Feature", "properties": { "way_id": 1227691464, "node_id": "4210082344", "way_index": 4, "lon": 121.555934, "lat": 25.1682989, "ele": null, "name": null, "node_type": null, "tags_json": { } }, "geometry": { "type": "Point", "coordinates": [ 121.555934, 25.1682989 ] } },
{ "type": "Feature", "properties": { "way_id": 1227691464, "node_id": "11384242780", "way_index": 5, "lon": 121.5559463, "lat": 25.168315, "ele": null, "name": null, "node_type": null, "tags_json": { } }, "geometry": { "type": "Point", "coordinates": [ 121.5559463, 25.168315 ] } },
{ "type": "Feature", "properties": { "way_id": 1227691464, "node_id": "11384242781", "way_index": 6, "lon": 121.5559462, "lat": 25.1683206, "ele": null, "name": null, "node_type": null, "tags_json": { } }, "geometry": { "type": "Point", "coordinates": [ 121.5559462, 25.1683206 ] } },
{ "type": "Feature", "properties": { "way_id": 1227691464, "node_id": "12054591040", "way_index": 7, "lon": 121.5559383, "lat": 25.1683426, "ele": null, "name": null, "node_type": null, "tags_json": { } }, "geometry": { "type": "Point", "coordinates": [ 121.5559383, 25.1683426 ] } },
{ "type": "Feature", "properties": { "way_id": 1227691464, "node_id": "4210082348", "way_index": 8, "lon": 121.5559314, "lat": 25.1683716, "ele": null, "name": null, "node_type": null, "tags_json": { } }, "geometry": { "type": "Point", "coordinates": [ 121.5559314, 25.1683716 ] } },
{ "type": "Feature", "properties": { "way_id": 1227691464, "node_id": "274939504", "way_index": 9, "lon": 121.5558992, "lat": 25.1684146, "ele": null, "name": null, "node_type": null, "tags_json": { } }, "geometry": { "type": "Point", "coordinates": [ 121.5558992, 25.1684146 ] } },
{ "type": "Feature", "properties": { "way_id": 1227691464, "node_id": "4210082349", "way_index": 10, "lon": 121.5558639, "lat": 25.1684263, "ele": null, "name": null, "node_type": null, "tags_json": { } }, "geometry": { "type": "Point", "coordinates": [ 121.5558639, 25.1684263 ] } },
{ "type": "Feature", "properties": { "way_id": 1227691464, "node_id": "2391869969", "way_index": 11, "lon": 121.5558515, "lat": 25.1684183, "ele": null, "name": null, "node_type": null, "tags_json": { } }, "geometry": { "type": "Point", "coordinates": [ 121.5558515, 25.1684183 ] } },
{ "type": "Feature", "properties": { "way_id": 1227691464, "node_id": "11384470333", "way_index": 12, "lon": 121.555835, "lat": 25.1683887, "ele": null, "name": null, "node_type": null, "tags_json": { } }, "geometry": { "type": "Point", "coordinates": [ 121.555835, 25.1683887 ] } },
{ "type": "Feature", "properties": { "way_id": 1227691464, "node_id": "4210082351", "way_index": 13, "lon": 121.555839, "lat": 25.1683687, "ele": null, "name": null, "node_type": null, "tags_json": { } }, "geometry": { "type": "Point", "coordinates": [ 121.555839, 25.1683687 ] } },
{ "type": "Feature", "properties": { "way_id": 1227691464, "node_id": "4210082352", "way_index": 14, "lon": 121.5558231, "lat": 25.168368, "ele": null, "name": null, "node_type": null, "tags_json": { } }, "geometry": { "type": "Point", "coordinates": [ 121.5558231, 25.168368 ] } },
{ "type": "Feature", "properties": { "way_id": 1227691464, "node_id": "2391869968", "way_index": 15, "lon": 121.5557934, "lat": 25.1683672, "ele": null, "name": null, "node_type": null, "tags_json": { } }, "geometry": { "type": "Point", "coordinates": [ 121.5557934, 25.1683672 ] } },
{ "type": "Feature", "properties": { "way_id": 1227691464, "node_id": "4210082354", "way_index": 16, "lon": 121.5557661, "lat": 25.1683593, "ele": null, "name": null, "node_type": null, "tags_json": { } }, "geometry": { "type": "Point", "coordinates": [ 121.5557661, 25.1683593 ] } },
{ "type": "Feature", "properties": { "way_id": 1227691464, "node_id": "274939507", "way_index": 17, "lon": 121.5557394, "lat": 25.1683827, "ele": null, "name": null, "node_type": null, "tags_json": { } }, "geometry": { "type": "Point", "coordinates": [ 121.5557394, 25.1683827 ] } },
{ "type": "Feature", "properties": { "way_id": 1227691464, "node_id": "11384242779", "way_index": 18, "lon": 121.5557085, "lat": 25.1683817, "ele": null, "name": null, "node_type": null, "tags_json": { } }, "geometry": { "type": "Point", "coordinates": [ 121.5557085, 25.1683817 ] } },
{ "type": "Feature", "properties": { "way_id": 1227691464, "node_id": "4210082356", "way_index": 19, "lon": 121.5556869, "lat": 25.1683889, "ele": null, "name": null, "node_type": null, "tags_json": { } }, "geometry": { "type": "Point", "coordinates": [ 121.5556869, 25.1683889 ] } },
{ "type": "Feature", "properties": { "way_id": 1227691464, "node_id": "4210082357", "way_index": 20, "lon": 121.5556348, "lat": 25.1684219, "ele": null, "name": null, "node_type": null, "tags_json": { } }, "geometry": { "type": "Point", "coordinates": [ 121.5556348, 25.1684219 ] } },
{ "type": "Feature", "properties": { "way_id": 1227691464, "node_id": "11384470332", "way_index": 21, "lon": 121.5555985, "lat": 25.1684645, "ele": null, "name": null, "node_type": null, "tags_json": { } }, "geometry": { "type": "Point", "coordinates": [ 121.5555985, 25.1684645 ] } },
{ "type": "Feature", "properties": { "way_id": 1227691464, "node_id": "4210082358", "way_index": 22, "lon": 121.5555973, "lat": 25.168481, "ele": null, "name": null, "node_type": null, "tags_json": { } }, "geometry": { "type": "Point", "coordinates": [ 121.5555973, 25.168481 ] } },
{ "type": "Feature", "properties": { "way_id": 1227691464, "node_id": "4210082359", "way_index": 23, "lon": 121.5556207, "lat": 25.1684756, "ele": null, "name": null, "node_type": null, "tags_json": { } }, "geometry": { "type": "Point", "coordinates": [ 121.5556207, 25.1684756 ] } },
{ "type": "Feature", "properties": { "way_id": 1227691464, "node_id": "4210082361", "way_index": 24, "lon": 121.5556388, "lat": 25.1684814, "ele": null, "name": null, "node_type": null, "tags_json": { } }, "geometry": { "type": "Point", "coordinates": [ 121.5556388, 25.1684814 ] } },
{ "type": "Feature", "properties": { "way_id": 1227691464, "node_id": "4210082365", "way_index": 25, "lon": 121.5556423, "lat": 25.1684976, "ele": null, "name": null, "node_type": null, "tags_json": { } }, "geometry": { "type": "Point", "coordinates": [ 121.5556423, 25.1684976 ] } },
{ "type": "Feature", "properties": { "way_id": 1227691464, "node_id": "11384242777", "way_index": 26, "lon": 121.55562, "lat": 25.1685384, "ele": null, "name": null, "node_type": null, "tags_json": { } }, "geometry": { "type": "Point", "coordinates": [ 121.55562, 25.1685384 ] } },
{ "type": "Feature", "properties": { "way_id": 1227691464, "node_id": "11384242812", "way_index": 27, "lon": 121.5556128, "lat": 25.1685637, "ele": null, "name": null, "node_type": null, "tags_json": { } }, "geometry": { "type": "Point", "coordinates": [ 121.5556128, 25.1685637 ] } },
{ "type": "Feature", "properties": { "way_id": 1227691464, "node_id": "11384242776", "way_index": 28, "lon": 121.5556161, "lat": 25.1685814, "ele": null, "name": null, "node_type": null, "tags_json": { } }, "geometry": { "type": "Point", "coordinates": [ 121.5556161, 25.1685814 ] } },
{ "type": "Feature", "properties": { "way_id": 1227691464, "node_id": "4210082368", "way_index": 29, "lon": 121.5556094, "lat": 25.1685909, "ele": null, "name": null, "node_type": null, "tags_json": { } }, "geometry": { "type": "Point", "coordinates": [ 121.5556094, 25.1685909 ] } },
{ "type": "Feature", "properties": { "way_id": 1227691464, "node_id": "274939500", "way_index": 30, "lon": 121.5555931, "lat": 25.1685952, "ele": null, "name": null, "node_type": null, "tags_json": { } }, "geometry": { "type": "Point", "coordinates": [ 121.5555931, 25.1685952 ] } },
{ "type": "Feature", "properties": { "way_id": 1227705221, "node_id": "675814707", "way_index": 0, "lon": 121.5631263, "lat": 25.1658033, "ele": null, "name": null, "node_type": null, "tags_json": { } }, "geometry": { "type": "Point", "coordinates": [ 121.5631263, 25.1658033 ] } },
{ "type": "Feature", "properties": { "way_id": 1227705221, "node_id": "675814706", "way_index": 1, "lon": 121.5630698, "lat": 25.1657707, "ele": null, "name": null, "node_type": null, "tags_json": { } }, "geometry": { "type": "Point", "coordinates": [ 121.5630698, 25.1657707 ] } },
{ "type": "Feature", "properties": { "way_id": 1227705221, "node_id": "4210120209", "way_index": 2, "lon": 121.5630336, "lat": 25.1657556, "ele": null, "name": null, "node_type": null, "tags_json": { } }, "geometry": { "type": "Point", "coordinates": [ 121.5630336, 25.1657556 ] } },
{ "type": "Feature", "properties": { "way_id": 1227705221, "node_id": "4210120208", "way_index": 3, "lon": 121.5629699, "lat": 25.1657495, "ele": null, "name": null, "node_type": null, "tags_json": { } }, "geometry": { "type": "Point", "coordinates": [ 121.5629699, 25.1657495 ] } },
{ "type": "Feature", "properties": { "way_id": 1227705221, "node_id": "4210120207", "way_index": 4, "lon": 121.5629463, "lat": 25.165741, "ele": null, "name": null, "node_type": null, "tags_json": { } }, "geometry": { "type": "Point", "coordinates": [ 121.5629463, 25.165741 ] } },
{ "type": "Feature", "properties": { "way_id": 1227705222, "node_id": "11384865721", "way_index": 0, "lon": 121.563309, "lat": 25.1661728, "ele": null, "name": null, "node_type": null, "tags_json": { } }, "geometry": { "type": "Point", "coordinates": [ 121.563309, 25.1661728 ] } },
{ "type": "Feature", "properties": { "way_id": 1227705222, "node_id": "5594142817", "way_index": 1, "lon": 121.5633121, "lat": 25.1661623, "ele": null, "name": "七星山冷水坑登山口", "node_type": "trailhead", "tags_json": { "highway": "trailhead", "name": "七星山冷水坑登山口", "name:zh": "七星山冷水坑登山口" } }, "geometry": { "type": "Point", "coordinates": [ 121.5633121, 25.1661623 ] } },
{ "type": "Feature", "properties": { "way_id": 1227705222, "node_id": "1491989120", "way_index": 2, "lon": 121.5633226, "lat": 25.1661329, "ele": null, "name": null, "node_type": null, "tags_json": { } }, "geometry": { "type": "Point", "coordinates": [ 121.5633226, 25.1661329 ] } },
{ "type": "Feature", "properties": { "way_id": 1227705222, "node_id": "4210120213", "way_index": 3, "lon": 121.5633224, "lat": 25.1660908, "ele": null, "name": null, "node_type": null, "tags_json": { } }, "geometry": { "type": "Point", "coordinates": [ 121.5633224, 25.1660908 ] } },
{ "type": "Feature", "properties": { "way_id": 1227705222, "node_id": "4210120212", "way_index": 4, "lon": 121.5632993, "lat": 25.166039, "ele": null, "name": null, "node_type": null, "tags_json": { } }, "geometry": { "type": "Point", "coordinates": [ 121.5632993, 25.166039 ] } },
{ "type": "Feature", "properties": { "way_id": 1227705222, "node_id": "12054721014", "way_index": 5, "lon": 121.5632828, "lat": 25.1660006, "ele": null, "name": null, "node_type": null, "tags_json": { } }, "geometry": { "type": "Point", "coordinates": [ 121.5632828, 25.1660006 ] } },
{ "type": "Feature", "properties": { "way_id": 1227705222, "node_id": "4210120211", "way_index": 6, "lon": 121.563259, "lat": 25.1659587, "ele": null, "name": null, "node_type": null, "tags_json": { } }, "geometry": { "type": "Point", "coordinates": [ 121.563259, 25.1659587 ] } },
{ "type": "Feature", "properties": { "way_id": 1227705217, "node_id": "675814652", "way_index": 0, "lon": 121.5614667, "lat": 25.1661434, "ele": null, "name": null, "node_type": null, "tags_json": { } }, "geometry": { "type": "Point", "coordinates": [ 121.5614667, 25.1661434 ] } },
{ "type": "Feature", "properties": { "way_id": 1227705217, "node_id": "4210120171", "way_index": 1, "lon": 121.5614626, "lat": 25.1661223, "ele": null, "name": null, "node_type": null, "tags_json": { } }, "geometry": { "type": "Point", "coordinates": [ 121.5614626, 25.1661223 ] } },
{ "type": "Feature", "properties": { "way_id": 1227705217, "node_id": "675814650", "way_index": 2, "lon": 121.561459, "lat": 25.1660982, "ele": null, "name": null, "node_type": null, "tags_json": { } }, "geometry": { "type": "Point", "coordinates": [ 121.561459, 25.1660982 ] } },
{ "type": "Feature", "properties": { "way_id": 1227705217, "node_id": "11384865706", "way_index": 3, "lon": 121.561443, "lat": 25.1660716, "ele": null, "name": null, "node_type": null, "tags_json": { } }, "geometry": { "type": "Point", "coordinates": [ 121.561443, 25.1660716 ] } },
{ "type": "Feature", "properties": { "way_id": 1227705217, "node_id": "11384865695", "way_index": 4, "lon": 121.561396, "lat": 25.1660383, "ele": null, "name": null, "node_type": null, "tags_json": { } }, "geometry": { "type": "Point", "coordinates": [ 121.561396, 25.1660383 ] } },
{ "type": "Feature", "properties": { "way_id": 1227705217, "node_id": "4210120170", "way_index": 5, "lon": 121.5613837, "lat": 25.1660256, "ele": null, "name": null, "node_type": null, "tags_json": { } }, "geometry": { "type": "Point", "coordinates": [ 121.5613837, 25.1660256 ] } },
{ "type": "Feature", "properties": { "way_id": 1227705217, "node_id": "4210120169", "way_index": 6, "lon": 121.5613732, "lat": 25.1660021, "ele": null, "name": null, "node_type": null, "tags_json": { } }, "geometry": { "type": "Point", "coordinates": [ 121.5613732, 25.1660021 ] } },
{ "type": "Feature", "properties": { "way_id": 1227705217, "node_id": "11384865694", "way_index": 7, "lon": 121.5613699, "lat": 25.1659839, "ele": null, "name": null, "node_type": null, "tags_json": { } }, "geometry": { "type": "Point", "coordinates": [ 121.5613699, 25.1659839 ] } },
{ "type": "Feature", "properties": { "way_id": 1227705217, "node_id": "4210120168", "way_index": 8, "lon": 121.5613833, "lat": 25.1659612, "ele": null, "name": null, "node_type": null, "tags_json": { } }, "geometry": { "type": "Point", "coordinates": [ 121.5613833, 25.1659612 ] } },
{ "type": "Feature", "properties": { "way_id": 1227705217, "node_id": "4210120167", "way_index": 9, "lon": 121.5613917, "lat": 25.1659413, "ele": null, "name": null, "node_type": null, "tags_json": { } }, "geometry": { "type": "Point", "coordinates": [ 121.5613917, 25.1659413 ] } },
{ "type": "Feature", "properties": { "way_id": 1227705217, "node_id": "675814647", "way_index": 10, "lon": 121.5614029, "lat": 25.1658991, "ele": null, "name": null, "node_type": null, "tags_json": { } }, "geometry": { "type": "Point", "coordinates": [ 121.5614029, 25.1658991 ] } },
{ "type": "Feature", "properties": { "way_id": 1227705217, "node_id": "4210120164", "way_index": 11, "lon": 121.561428, "lat": 25.1658803, "ele": null, "name": null, "node_type": null, "tags_json": { } }, "geometry": { "type": "Point", "coordinates": [ 121.561428, 25.1658803 ] } },
{ "type": "Feature", "properties": { "way_id": 1227705217, "node_id": "12054720945", "way_index": 12, "lon": 121.5614391, "lat": 25.1658631, "ele": null, "name": null, "node_type": null, "tags_json": { } }, "geometry": { "type": "Point", "coordinates": [ 121.5614391, 25.1658631 ] } },
{ "type": "Feature", "properties": { "way_id": 1227705217, "node_id": "675814644", "way_index": 13, "lon": 121.5614374, "lat": 25.1658438, "ele": null, "name": null, "node_type": null, "tags_json": { } }, "geometry": { "type": "Point", "coordinates": [ 121.5614374, 25.1658438 ] } },
{ "type": "Feature", "properties": { "way_id": 1227705217, "node_id": "4210120163", "way_index": 14, "lon": 121.5614197, "lat": 25.1658124, "ele": null, "name": null, "node_type": null, "tags_json": { } }, "geometry": { "type": "Point", "coordinates": [ 121.5614197, 25.1658124 ] } },
{ "type": "Feature", "properties": { "way_id": 1227705217, "node_id": "4210120162", "way_index": 15, "lon": 121.5614007, "lat": 25.1657791, "ele": null, "name": null, "node_type": null, "tags_json": { } }, "geometry": { "type": "Point", "coordinates": [ 121.5614007, 25.1657791 ] } },
{ "type": "Feature", "properties": { "way_id": 1227705217, "node_id": "4210120161", "way_index": 16, "lon": 121.5614052, "lat": 25.1657488, "ele": null, "name": null, "node_type": null, "tags_json": { } }, "geometry": { "type": "Point", "coordinates": [ 121.5614052, 25.1657488 ] } },
{ "type": "Feature", "properties": { "way_id": 1227705217, "node_id": "675814642", "way_index": 17, "lon": 121.5614019, "lat": 25.1657096, "ele": null, "name": null, "node_type": null, "tags_json": { } }, "geometry": { "type": "Point", "coordinates": [ 121.5614019, 25.1657096 ] } },
{ "type": "Feature", "properties": { "way_id": 1227705217, "node_id": "4210120159", "way_index": 18, "lon": 121.5613853, "lat": 25.1656729, "ele": null, "name": null, "node_type": null, "tags_json": { } }, "geometry": { "type": "Point", "coordinates": [ 121.5613853, 25.1656729 ] } },
{ "type": "Feature", "properties": { "way_id": 1227705217, "node_id": "11384865693", "way_index": 19, "lon": 121.5613473, "lat": 25.1656477, "ele": null, "name": null, "node_type": null, "tags_json": { } }, "geometry": { "type": "Point", "coordinates": [ 121.5613473, 25.1656477 ] } },
{ "type": "Feature", "properties": { "way_id": 1227705217, "node_id": "4210120160", "way_index": 20, "lon": 121.5612881, "lat": 25.1656178, "ele": null, "name": null, "node_type": null, "tags_json": { } }, "geometry": { "type": "Point", "coordinates": [ 121.5612881, 25.1656178 ] } },
{ "type": "Feature", "properties": { "way_id": 1227705217, "node_id": "2391869955", "way_index": 21, "lon": 121.5612497, "lat": 25.165595, "ele": null, "name": null, "node_type": null, "tags_json": { } }, "geometry": { "type": "Point", "coordinates": [ 121.5612497, 25.165595 ] } },
{ "type": "Feature", "properties": { "way_id": 1227705217, "node_id": "4210120158", "way_index": 22, "lon": 121.5612441, "lat": 25.1655581, "ele": null, "name": null, "node_type": null, "tags_json": { } }, "geometry": { "type": "Point", "coordinates": [ 121.5612441, 25.1655581 ] } },
{ "type": "Feature", "properties": { "way_id": 1227705217, "node_id": "675814639", "way_index": 23, "lon": 121.5612285, "lat": 25.1655237, "ele": null, "name": null, "node_type": null, "tags_json": { } }, "geometry": { "type": "Point", "coordinates": [ 121.5612285, 25.1655237 ] } },
{ "type": "Feature", "properties": { "way_id": 1227705217, "node_id": "675814637", "way_index": 24, "lon": 121.5611701, "lat": 25.165495, "ele": null, "name": null, "node_type": null, "tags_json": { } }, "geometry": { "type": "Point", "coordinates": [ 121.5611701, 25.165495 ] } },
{ "type": "Feature", "properties": { "way_id": 1227705217, "node_id": "4210120157", "way_index": 25, "lon": 121.5611324, "lat": 25.1654565, "ele": null, "name": null, "node_type": null, "tags_json": { } }, "geometry": { "type": "Point", "coordinates": [ 121.5611324, 25.1654565 ] } },
{ "type": "Feature", "properties": { "way_id": 1227705217, "node_id": "675814634", "way_index": 26, "lon": 121.5610525, "lat": 25.1653997, "ele": null, "name": null, "node_type": null, "tags_json": { } }, "geometry": { "type": "Point", "coordinates": [ 121.5610525, 25.1653997 ] } },
{ "type": "Feature", "properties": { "way_id": 1227705217, "node_id": "4210120156", "way_index": 27, "lon": 121.5609632, "lat": 25.1653442, "ele": null, "name": null, "node_type": null, "tags_json": { } }, "geometry": { "type": "Point", "coordinates": [ 121.5609632, 25.1653442 ] } },
{ "type": "Feature", "properties": { "way_id": 1227705217, "node_id": "4210120155", "way_index": 28, "lon": 121.560872, "lat": 25.1652529, "ele": null, "name": null, "node_type": null, "tags_json": { } }, "geometry": { "type": "Point", "coordinates": [ 121.560872, 25.1652529 ] } },
{ "type": "Feature", "properties": { "way_id": 1227705217, "node_id": "675814629", "way_index": 29, "lon": 121.5608051, "lat": 25.1652011, "ele": null, "name": null, "node_type": null, "tags_json": { } }, "geometry": { "type": "Point", "coordinates": [ 121.5608051, 25.1652011 ] } },
{ "type": "Feature", "properties": { "way_id": 1227705217, "node_id": "4210120153", "way_index": 30, "lon": 121.560741, "lat": 25.1651647, "ele": null, "name": null, "node_type": null, "tags_json": { } }, "geometry": { "type": "Point", "coordinates": [ 121.560741, 25.1651647 ] } },
{ "type": "Feature", "properties": { "way_id": 1227705217, "node_id": "4210120152", "way_index": 31, "lon": 121.560658, "lat": 25.1650994, "ele": null, "name": null, "node_type": null, "tags_json": { } }, "geometry": { "type": "Point", "coordinates": [ 121.560658, 25.1650994 ] } },
{ "type": "Feature", "properties": { "way_id": 1227705217, "node_id": "675814627", "way_index": 32, "lon": 121.5605377, "lat": 25.1650554, "ele": null, "name": null, "node_type": null, "tags_json": { } }, "geometry": { "type": "Point", "coordinates": [ 121.5605377, 25.1650554 ] } },
{ "type": "Feature", "properties": { "way_id": 1227705217, "node_id": "4210120150", "way_index": 33, "lon": 121.5603985, "lat": 25.1650173, "ele": null, "name": null, "node_type": null, "tags_json": { } }, "geometry": { "type": "Point", "coordinates": [ 121.5603985, 25.1650173 ] } },
{ "type": "Feature", "properties": { "way_id": 1227705217, "node_id": "675814625", "way_index": 34, "lon": 121.5603593, "lat": 25.1650168, "ele": null, "name": null, "node_type": null, "tags_json": { } }, "geometry": { "type": "Point", "coordinates": [ 121.5603593, 25.1650168 ] } },
{ "type": "Feature", "properties": { "way_id": 1227705217, "node_id": "11384865705", "way_index": 35, "lon": 121.5602406, "lat": 25.1650156, "ele": null, "name": null, "node_type": null, "tags_json": { } }, "geometry": { "type": "Point", "coordinates": [ 121.5602406, 25.1650156 ] } },
{ "type": "Feature", "properties": { "way_id": 1227705217, "node_id": "11384865692", "way_index": 36, "lon": 121.5601441, "lat": 25.1650299, "ele": null, "name": null, "node_type": null, "tags_json": { } }, "geometry": { "type": "Point", "coordinates": [ 121.5601441, 25.1650299 ] } },
{ "type": "Feature", "properties": { "way_id": 1227705217, "node_id": "2391869945", "way_index": 37, "lon": 121.5601138, "lat": 25.1650255, "ele": null, "name": null, "node_type": null, "tags_json": { } }, "geometry": { "type": "Point", "coordinates": [ 121.5601138, 25.1650255 ] } },
{ "type": "Feature", "properties": { "way_id": 421201235, "node_id": "274940053", "way_index": 0, "lon": 121.5555285, "lat": 25.1695035, "ele": null, "name": null, "node_type": null, "tags_json": { } }, "geometry": { "type": "Point", "coordinates": [ 121.5555285, 25.1695035 ] } },
{ "type": "Feature", "properties": { "way_id": 421201235, "node_id": "11384637024", "way_index": 1, "lon": 121.5554819, "lat": 25.1695197, "ele": null, "name": null, "node_type": null, "tags_json": { } }, "geometry": { "type": "Point", "coordinates": [ 121.5554819, 25.1695197 ] } },
{ "type": "Feature", "properties": { "way_id": 421201235, "node_id": "4210082402", "way_index": 2, "lon": 121.5554702, "lat": 25.1695197, "ele": null, "name": null, "node_type": null, "tags_json": { } }, "geometry": { "type": "Point", "coordinates": [ 121.5554702, 25.1695197 ] } },
{ "type": "Feature", "properties": { "way_id": 421201235, "node_id": "274940008", "way_index": 3, "lon": 121.5554471, "lat": 25.1694973, "ele": null, "name": null, "node_type": null, "tags_json": { } }, "geometry": { "type": "Point", "coordinates": [ 121.5554471, 25.1694973 ] } },
{ "type": "Feature", "properties": { "way_id": 421201235, "node_id": "4210082403", "way_index": 4, "lon": 121.5553822, "lat": 25.1695085, "ele": null, "name": null, "node_type": null, "tags_json": { } }, "geometry": { "type": "Point", "coordinates": [ 121.5553822, 25.1695085 ] } },
{ "type": "Feature", "properties": { "way_id": 421201235, "node_id": "274939998", "way_index": 5, "lon": 121.5553518, "lat": 25.1695018, "ele": null, "name": null, "node_type": null, "tags_json": { } }, "geometry": { "type": "Point", "coordinates": [ 121.5553518, 25.1695018 ] } },
{ "type": "Feature", "properties": { "way_id": 421201235, "node_id": "4210082404", "way_index": 6, "lon": 121.555299, "lat": 25.1695411, "ele": null, "name": null, "node_type": null, "tags_json": { } }, "geometry": { "type": "Point", "coordinates": [ 121.555299, 25.1695411 ] } },
{ "type": "Feature", "properties": { "way_id": 421201235, "node_id": "274940027", "way_index": 7, "lon": 121.5552799, "lat": 25.1695506, "ele": null, "name": null, "node_type": null, "tags_json": { } }, "geometry": { "type": "Point", "coordinates": [ 121.5552799, 25.1695506 ] } },
{ "type": "Feature", "properties": { "way_id": 421201235, "node_id": "11383043797", "way_index": 8, "lon": 121.5552253, "lat": 25.1695494, "ele": null, "name": null, "node_type": null, "tags_json": { } }, "geometry": { "type": "Point", "coordinates": [ 121.5552253, 25.1695494 ] } },
{ "type": "Feature", "properties": { "way_id": 421201235, "node_id": "12054591034", "way_index": 9, "lon": 121.5551876, "lat": 25.1695564, "ele": null, "name": null, "node_type": null, "tags_json": { } }, "geometry": { "type": "Point", "coordinates": [ 121.5551876, 25.1695564 ] } },
{ "type": "Feature", "properties": { "way_id": 421201235, "node_id": "11383043796", "way_index": 10, "lon": 121.5551371, "lat": 25.1695603, "ele": null, "name": null, "node_type": null, "tags_json": { } }, "geometry": { "type": "Point", "coordinates": [ 121.5551371, 25.1695603 ] } },
{ "type": "Feature", "properties": { "way_id": 421201235, "node_id": "4210082406", "way_index": 11, "lon": 121.5551171, "lat": 25.1695978, "ele": null, "name": null, "node_type": null, "tags_json": { } }, "geometry": { "type": "Point", "coordinates": [ 121.5551171, 25.1695978 ] } },
{ "type": "Feature", "properties": { "way_id": 421201235, "node_id": "4210082407", "way_index": 12, "lon": 121.5551004, "lat": 25.1696093, "ele": null, "name": null, "node_type": null, "tags_json": { } }, "geometry": { "type": "Point", "coordinates": [ 121.5551004, 25.1696093 ] } },
{ "type": "Feature", "properties": { "way_id": 421201235, "node_id": "4210082408", "way_index": 13, "lon": 121.5550443, "lat": 25.1696339, "ele": null, "name": null, "node_type": null, "tags_json": { } }, "geometry": { "type": "Point", "coordinates": [ 121.5550443, 25.1696339 ] } },
{ "type": "Feature", "properties": { "way_id": 421201235, "node_id": "4210082409", "way_index": 14, "lon": 121.5549943, "lat": 25.1696783, "ele": null, "name": null, "node_type": null, "tags_json": { } }, "geometry": { "type": "Point", "coordinates": [ 121.5549943, 25.1696783 ] } },
{ "type": "Feature", "properties": { "way_id": 421201235, "node_id": "274940018", "way_index": 15, "lon": 121.554948, "lat": 25.1696903, "ele": null, "name": null, "node_type": null, "tags_json": { } }, "geometry": { "type": "Point", "coordinates": [ 121.554948, 25.1696903 ] } },
{ "type": "Feature", "properties": { "way_id": 421201235, "node_id": "4210082412", "way_index": 16, "lon": 121.5549022, "lat": 25.1697045, "ele": null, "name": null, "node_type": null, "tags_json": { } }, "geometry": { "type": "Point", "coordinates": [ 121.5549022, 25.1697045 ] } },
{ "type": "Feature", "properties": { "way_id": 421201235, "node_id": "697170287", "way_index": 17, "lon": 121.5548767, "lat": 25.1697056, "ele": null, "name": null, "node_type": null, "tags_json": { } }, "geometry": { "type": "Point", "coordinates": [ 121.5548767, 25.1697056 ] } },
{ "type": "Feature", "properties": { "way_id": 421201235, "node_id": "4210082415", "way_index": 18, "lon": 121.5548426, "lat": 25.1696941, "ele": null, "name": null, "node_type": null, "tags_json": { } }, "geometry": { "type": "Point", "coordinates": [ 121.5548426, 25.1696941 ] } },
{ "type": "Feature", "properties": { "way_id": 421201235, "node_id": "12054591028", "way_index": 19, "lon": 121.5548099, "lat": 25.1696761, "ele": null, "name": null, "node_type": null, "tags_json": { } }, "geometry": { "type": "Point", "coordinates": [ 121.5548099, 25.1696761 ] } },
{ "type": "Feature", "properties": { "way_id": 421201235, "node_id": "12054591029", "way_index": 20, "lon": 121.5547827, "lat": 25.1696679, "ele": null, "name": null, "node_type": null, "tags_json": { } }, "geometry": { "type": "Point", "coordinates": [ 121.5547827, 25.1696679 ] } },
{ "type": "Feature", "properties": { "way_id": 421201235, "node_id": "12054591030", "way_index": 21, "lon": 121.5547413, "lat": 25.1696767, "ele": null, "name": null, "node_type": null, "tags_json": { } }, "geometry": { "type": "Point", "coordinates": [ 121.5547413, 25.1696767 ] } },
{ "type": "Feature", "properties": { "way_id": 421201235, "node_id": "12054591033", "way_index": 22, "lon": 121.5547095, "lat": 25.1696828, "ele": null, "name": null, "node_type": null, "tags_json": { } }, "geometry": { "type": "Point", "coordinates": [ 121.5547095, 25.1696828 ] } },
{ "type": "Feature", "properties": { "way_id": 421201235, "node_id": "12054591031", "way_index": 23, "lon": 121.5546542, "lat": 25.1696576, "ele": null, "name": null, "node_type": null, "tags_json": { } }, "geometry": { "type": "Point", "coordinates": [ 121.5546542, 25.1696576 ] } },
{ "type": "Feature", "properties": { "way_id": 421201235, "node_id": "12054591032", "way_index": 24, "lon": 121.5546315, "lat": 25.1696583, "ele": null, "name": null, "node_type": null, "tags_json": { } }, "geometry": { "type": "Point", "coordinates": [ 121.5546315, 25.1696583 ] } },
{ "type": "Feature", "properties": { "way_id": 421201235, "node_id": "274939970", "way_index": 25, "lon": 121.5546106, "lat": 25.1696748, "ele": null, "name": null, "node_type": null, "tags_json": { } }, "geometry": { "type": "Point", "coordinates": [ 121.5546106, 25.1696748 ] } },
{ "type": "Feature", "properties": { "way_id": 1227684066, "node_id": "12054591027", "way_index": 0, "lon": 121.5544976, "lat": 25.1697494, "ele": null, "name": null, "node_type": null, "tags_json": { } }, "geometry": { "type": "Point", "coordinates": [ 121.5544976, 25.1697494 ] } },
{ "type": "Feature", "properties": { "way_id": 1227684066, "node_id": "4210082419", "way_index": 1, "lon": 121.5544712, "lat": 25.1697876, "ele": null, "name": null, "node_type": null, "tags_json": { } }, "geometry": { "type": "Point", "coordinates": [ 121.5544712, 25.1697876 ] } },
{ "type": "Feature", "properties": { "way_id": 1227684066, "node_id": "2391869976", "way_index": 2, "lon": 121.5544456, "lat": 25.169809, "ele": null, "name": null, "node_type": null, "tags_json": { } }, "geometry": { "type": "Point", "coordinates": [ 121.5544456, 25.169809 ] } },
{ "type": "Feature", "properties": { "way_id": 1227684066, "node_id": "675814743", "way_index": 3, "lon": 121.5543847, "lat": 25.1698343, "ele": null, "name": null, "node_type": null, "tags_json": { } }, "geometry": { "type": "Point", "coordinates": [ 121.5543847, 25.1698343 ] } },
{ "type": "Feature", "properties": { "way_id": 1227691466, "node_id": "11384470363", "way_index": 0, "lon": 121.556526, "lat": 25.1666601, "ele": null, "name": null, "node_type": null, "tags_json": { } }, "geometry": { "type": "Point", "coordinates": [ 121.556526, 25.1666601 ] } },
{ "type": "Feature", "properties": { "way_id": 1227691466, "node_id": "12054591049", "way_index": 1, "lon": 121.5565428, "lat": 25.1666733, "ele": null, "name": null, "node_type": null, "tags_json": { } }, "geometry": { "type": "Point", "coordinates": [ 121.5565428, 25.1666733 ] } },
{ "type": "Feature", "properties": { "way_id": 1227691466, "node_id": "12054591050", "way_index": 2, "lon": 121.5565652, "lat": 25.1667097, "ele": null, "name": null, "node_type": null, "tags_json": { } }, "geometry": { "type": "Point", "coordinates": [ 121.5565652, 25.1667097 ] } },
{ "type": "Feature", "properties": { "way_id": 1227691466, "node_id": "4210082184", "way_index": 3, "lon": 121.5566127, "lat": 25.1667451, "ele": null, "name": null, "node_type": null, "tags_json": { } }, "geometry": { "type": "Point", "coordinates": [ 121.5566127, 25.1667451 ] } },
{ "type": "Feature", "properties": { "way_id": 1227691466, "node_id": "11384470361", "way_index": 4, "lon": 121.5566298, "lat": 25.1667702, "ele": null, "name": null, "node_type": null, "tags_json": { } }, "geometry": { "type": "Point", "coordinates": [ 121.5566298, 25.1667702 ] } },
{ "type": "Feature", "properties": { "way_id": 1227691466, "node_id": "2391869959", "way_index": 5, "lon": 121.5566443, "lat": 25.1668003, "ele": null, "name": null, "node_type": null, "tags_json": { } }, "geometry": { "type": "Point", "coordinates": [ 121.5566443, 25.1668003 ] } },
{ "type": "Feature", "properties": { "way_id": 1227691466, "node_id": "11384470362", "way_index": 6, "lon": 121.5566636, "lat": 25.1668334, "ele": null, "name": null, "node_type": null, "tags_json": { } }, "geometry": { "type": "Point", "coordinates": [ 121.5566636, 25.1668334 ] } },
{ "type": "Feature", "properties": { "way_id": 1227691466, "node_id": "4210082185", "way_index": 7, "lon": 121.5566696, "lat": 25.1668686, "ele": null, "name": null, "node_type": null, "tags_json": { } }, "geometry": { "type": "Point", "coordinates": [ 121.5566696, 25.1668686 ] } },
{ "type": "Feature", "properties": { "way_id": 1227691466, "node_id": "11384470360", "way_index": 8, "lon": 121.5566665, "lat": 25.1669146, "ele": null, "name": null, "node_type": null, "tags_json": { } }, "geometry": { "type": "Point", "coordinates": [ 121.5566665, 25.1669146 ] } },
{ "type": "Feature", "properties": { "way_id": 1227691466, "node_id": "274939624", "way_index": 9, "lon": 121.5566624, "lat": 25.1669356, "ele": null, "name": null, "node_type": null, "tags_json": { } }, "geometry": { "type": "Point", "coordinates": [ 121.5566624, 25.1669356 ] } },
{ "type": "Feature", "properties": { "way_id": 1227705219, "node_id": "675814694", "way_index": 0, "lon": 121.5624616, "lat": 25.1662107, "ele": null, "name": null, "node_type": null, "tags_json": { } }, "geometry": { "type": "Point", "coordinates": [ 121.5624616, 25.1662107 ] } },
{ "type": "Feature", "properties": { "way_id": 1227705219, "node_id": "4210120194", "way_index": 1, "lon": 121.562408, "lat": 25.1662266, "ele": null, "name": null, "node_type": null, "tags_json": { } }, "geometry": { "type": "Point", "coordinates": [ 121.562408, 25.1662266 ] } },
{ "type": "Feature", "properties": { "way_id": 1227705219, "node_id": "4210120193", "way_index": 2, "lon": 121.5623295, "lat": 25.1662286, "ele": null, "name": null, "node_type": null, "tags_json": { } }, "geometry": { "type": "Point", "coordinates": [ 121.5623295, 25.1662286 ] } },
{ "type": "Feature", "properties": { "way_id": 1227705219, "node_id": "675814683", "way_index": 3, "lon": 121.5622478, "lat": 25.1662586, "ele": null, "name": null, "node_type": null, "tags_json": { } }, "geometry": { "type": "Point", "coordinates": [ 121.5622478, 25.1662586 ] } },
{ "type": "Feature", "properties": { "way_id": 1227705219, "node_id": "675814655", "way_index": 4, "lon": 121.5622298, "lat": 25.1662599, "ele": null, "name": null, "node_type": null, "tags_json": { } }, "geometry": { "type": "Point", "coordinates": [ 121.5622298, 25.1662599 ] } },
{ "type": "Feature", "properties": { "way_id": 1227705219, "node_id": "675814653", "way_index": 5, "lon": 121.5622187, "lat": 25.1662256, "ele": null, "name": null, "node_type": null, "tags_json": { } }, "geometry": { "type": "Point", "coordinates": [ 121.5622187, 25.1662256 ] } },
{ "type": "Feature", "properties": { "way_id": 1227705219, "node_id": "12054720943", "way_index": 6, "lon": 121.5622086, "lat": 25.1662142, "ele": null, "name": null, "node_type": null, "tags_json": { } }, "geometry": { "type": "Point", "coordinates": [ 121.5622086, 25.1662142 ] } },
{ "type": "Feature", "properties": { "way_id": 1227705219, "node_id": "12054720944", "way_index": 7, "lon": 121.5621959, "lat": 25.16621, "ele": null, "name": null, "node_type": null, "tags_json": { } }, "geometry": { "type": "Point", "coordinates": [ 121.5621959, 25.16621 ] } },
{ "type": "Feature", "properties": { "way_id": 1227705219, "node_id": "4210120191", "way_index": 8, "lon": 121.5621789, "lat": 25.1662144, "ele": null, "name": null, "node_type": null, "tags_json": { } }, "geometry": { "type": "Point", "coordinates": [ 121.5621789, 25.1662144 ] } },
{ "type": "Feature", "properties": { "way_id": 1227705219, "node_id": "4210120192", "way_index": 9, "lon": 121.5621686, "lat": 25.1662319, "ele": null, "name": null, "node_type": null, "tags_json": { } }, "geometry": { "type": "Point", "coordinates": [ 121.5621686, 25.1662319 ] } },
{ "type": "Feature", "properties": { "way_id": 1227705219, "node_id": "675814680", "way_index": 10, "lon": 121.5621598, "lat": 25.1662502, "ele": null, "name": null, "node_type": null, "tags_json": { } }, "geometry": { "type": "Point", "coordinates": [ 121.5621598, 25.1662502 ] } },
{ "type": "Feature", "properties": { "way_id": 1227705219, "node_id": "4210120188", "way_index": 11, "lon": 121.5621264, "lat": 25.1662786, "ele": null, "name": null, "node_type": null, "tags_json": { } }, "geometry": { "type": "Point", "coordinates": [ 121.5621264, 25.1662786 ] } },
{ "type": "Feature", "properties": { "way_id": 1227705219, "node_id": "4210120186", "way_index": 12, "lon": 121.5621015, "lat": 25.1663079, "ele": null, "name": null, "node_type": null, "tags_json": { } }, "geometry": { "type": "Point", "coordinates": [ 121.5621015, 25.1663079 ] } },
{ "type": "Feature", "properties": { "way_id": 1227705219, "node_id": "4210120187", "way_index": 13, "lon": 121.5620696, "lat": 25.1663464, "ele": null, "name": null, "node_type": null, "tags_json": { } }, "geometry": { "type": "Point", "coordinates": [ 121.5620696, 25.1663464 ] } },
{ "type": "Feature", "properties": { "way_id": 1227705219, "node_id": "675814679", "way_index": 14, "lon": 121.5620354, "lat": 25.1663651, "ele": null, "name": null, "node_type": null, "tags_json": { } }, "geometry": { "type": "Point", "coordinates": [ 121.5620354, 25.1663651 ] } },
{ "type": "Feature", "properties": { "way_id": 1227705219, "node_id": "675814675", "way_index": 15, "lon": 121.5619914, "lat": 25.1663589, "ele": null, "name": null, "node_type": null, "tags_json": { } }, "geometry": { "type": "Point", "coordinates": [ 121.5619914, 25.1663589 ] } },
{ "type": "Feature", "properties": { "way_id": 1227705219, "node_id": "4210120185", "way_index": 16, "lon": 121.5619455, "lat": 25.1663548, "ele": null, "name": null, "node_type": null, "tags_json": { } }, "geometry": { "type": "Point", "coordinates": [ 121.5619455, 25.1663548 ] } },
{ "type": "Feature", "properties": { "way_id": 1227705219, "node_id": "4210120184", "way_index": 17, "lon": 121.5619221, "lat": 25.1663468, "ele": null, "name": null, "node_type": null, "tags_json": { } }, "geometry": { "type": "Point", "coordinates": [ 121.5619221, 25.1663468 ] } },
{ "type": "Feature", "properties": { "way_id": 1227705219, "node_id": "675814674", "way_index": 18, "lon": 121.5618853, "lat": 25.1663177, "ele": null, "name": null, "node_type": null, "tags_json": { } }, "geometry": { "type": "Point", "coordinates": [ 121.5618853, 25.1663177 ] } },
{ "type": "Feature", "properties": { "way_id": 1227705219, "node_id": "4210120183", "way_index": 19, "lon": 121.5618049, "lat": 25.166293, "ele": null, "name": null, "node_type": null, "tags_json": { } }, "geometry": { "type": "Point", "coordinates": [ 121.5618049, 25.166293 ] } },
{ "type": "Feature", "properties": { "way_id": 1227705219, "node_id": "675814672", "way_index": 20, "lon": 121.5617548, "lat": 25.1662956, "ele": null, "name": null, "node_type": null, "tags_json": { } }, "geometry": { "type": "Point", "coordinates": [ 121.5617548, 25.1662956 ] } },
{ "type": "Feature", "properties": { "way_id": 1227705219, "node_id": "4210120181", "way_index": 21, "lon": 121.5617324, "lat": 25.1663012, "ele": null, "name": null, "node_type": null, "tags_json": { } }, "geometry": { "type": "Point", "coordinates": [ 121.5617324, 25.1663012 ] } },
{ "type": "Feature", "properties": { "way_id": 1227705219, "node_id": "4210120180", "way_index": 22, "lon": 121.5617149, "lat": 25.1663293, "ele": null, "name": null, "node_type": null, "tags_json": { } }, "geometry": { "type": "Point", "coordinates": [ 121.5617149, 25.1663293 ] } },
{ "type": "Feature", "properties": { "way_id": 720961391, "node_id": "2391869940", "way_index": 0, "lon": 121.5593135, "lat": 25.1649592, "ele": null, "name": null, "node_type": null, "tags_json": { } }, "geometry": { "type": "Point", "coordinates": [ 121.5593135, 25.1649592 ] } },
{ "type": "Feature", "properties": { "way_id": 720961391, "node_id": "11384865687", "way_index": 1, "lon": 121.559217, "lat": 25.1649768, "ele": null, "name": null, "node_type": null, "tags_json": { } }, "geometry": { "type": "Point", "coordinates": [ 121.559217, 25.1649768 ] } },
{ "type": "Feature", "properties": { "way_id": 720961391, "node_id": "675814616", "way_index": 2, "lon": 121.5591419, "lat": 25.1650155, "ele": null, "name": null, "node_type": null, "tags_json": { } }, "geometry": { "type": "Point", "coordinates": [ 121.5591419, 25.1650155 ] } },
{ "type": "Feature", "properties": { "way_id": 720961391, "node_id": "675814613", "way_index": 3, "lon": 121.5590644, "lat": 25.1650699, "ele": null, "name": null, "node_type": null, "tags_json": { } }, "geometry": { "type": "Point", "coordinates": [ 121.5590644, 25.1650699 ] } },
{ "type": "Feature", "properties": { "way_id": 720961391, "node_id": "4210120139", "way_index": 4, "lon": 121.5590418, "lat": 25.1651146, "ele": null, "name": null, "node_type": null, "tags_json": { } }, "geometry": { "type": "Point", "coordinates": [ 121.5590418, 25.1651146 ] } },
{ "type": "Feature", "properties": { "way_id": 720961391, "node_id": "675814611", "way_index": 5, "lon": 121.5590246, "lat": 25.1651782, "ele": null, "name": null, "node_type": null, "tags_json": { } }, "geometry": { "type": "Point", "coordinates": [ 121.5590246, 25.1651782 ] } },
{ "type": "Feature", "properties": { "way_id": 720961391, "node_id": "4210120138", "way_index": 6, "lon": 121.5590132, "lat": 25.1652171, "ele": null, "name": null, "node_type": null, "tags_json": { } }, "geometry": { "type": "Point", "coordinates": [ 121.5590132, 25.1652171 ] } },
{ "type": "Feature", "properties": { "way_id": 720961391, "node_id": "1491989087", "way_index": 7, "lon": 121.5590018, "lat": 25.1652446, "ele": null, "name": null, "node_type": null, "tags_json": { } }, "geometry": { "type": "Point", "coordinates": [ 121.5590018, 25.1652446 ] } },
{ "type": "Feature", "properties": { "way_id": 1227705218, "node_id": "4210120180", "way_index": 0, "lon": 121.5617149, "lat": 25.1663293, "ele": null, "name": null, "node_type": null, "tags_json": { } }, "geometry": { "type": "Point", "coordinates": [ 121.5617149, 25.1663293 ] } },
{ "type": "Feature", "properties": { "way_id": 1227705218, "node_id": "675814669", "way_index": 1, "lon": 121.5616709, "lat": 25.1663977, "ele": null, "name": null, "node_type": null, "tags_json": { } }, "geometry": { "type": "Point", "coordinates": [ 121.5616709, 25.1663977 ] } },
{ "type": "Feature", "properties": { "way_id": 1227705218, "node_id": "4210120179", "way_index": 2, "lon": 121.5616711, "lat": 25.1664154, "ele": null, "name": null, "node_type": null, "tags_json": { } }, "geometry": { "type": "Point", "coordinates": [ 121.5616711, 25.1664154 ] } },
{ "type": "Feature", "properties": { "way_id": 1227705218, "node_id": "675814668", "way_index": 3, "lon": 121.5616798, "lat": 25.1664586, "ele": null, "name": null, "node_type": null, "tags_json": { } }, "geometry": { "type": "Point", "coordinates": [ 121.5616798, 25.1664586 ] } },
{ "type": "Feature", "properties": { "way_id": 1227705218, "node_id": "11384865700", "way_index": 4, "lon": 121.5616767, "lat": 25.1664869, "ele": null, "name": null, "node_type": null, "tags_json": { } }, "geometry": { "type": "Point", "coordinates": [ 121.5616767, 25.1664869 ] } },
{ "type": "Feature", "properties": { "way_id": 1227705218, "node_id": "11384865699", "way_index": 5, "lon": 121.5616695, "lat": 25.1665057, "ele": null, "name": null, "node_type": null, "tags_json": { } }, "geometry": { "type": "Point", "coordinates": [ 121.5616695, 25.1665057 ] } },
{ "type": "Feature", "properties": { "way_id": 1227705218, "node_id": "675814666", "way_index": 6, "lon": 121.5616439, "lat": 25.1665339, "ele": null, "name": null, "node_type": null, "tags_json": { } }, "geometry": { "type": "Point", "coordinates": [ 121.5616439, 25.1665339 ] } },
{ "type": "Feature", "properties": { "way_id": 1227705218, "node_id": "4210120178", "way_index": 7, "lon": 121.5616261, "lat": 25.1665361, "ele": null, "name": null, "node_type": null, "tags_json": { } }, "geometry": { "type": "Point", "coordinates": [ 121.5616261, 25.1665361 ] } },
{ "type": "Feature", "properties": { "way_id": 1227705218, "node_id": "11384865710", "way_index": 8, "lon": 121.5616045, "lat": 25.1665394, "ele": null, "name": null, "node_type": null, "tags_json": { } }, "geometry": { "type": "Point", "coordinates": [ 121.5616045, 25.1665394 ] } },
{ "type": "Feature", "properties": { "way_id": 1227705218, "node_id": "11384865697", "way_index": 9, "lon": 121.5615919, "lat": 25.1665305, "ele": null, "name": null, "node_type": null, "tags_json": { } }, "geometry": { "type": "Point", "coordinates": [ 121.5615919, 25.1665305 ] } },
{ "type": "Feature", "properties": { "way_id": 1227705218, "node_id": "675814663", "way_index": 10, "lon": 121.5615688, "lat": 25.1665113, "ele": null, "name": null, "node_type": null, "tags_json": { } }, "geometry": { "type": "Point", "coordinates": [ 121.5615688, 25.1665113 ] } },
{ "type": "Feature", "properties": { "way_id": 1227705218, "node_id": "675814661", "way_index": 11, "lon": 121.561566, "lat": 25.166498, "ele": null, "name": null, "node_type": null, "tags_json": { } }, "geometry": { "type": "Point", "coordinates": [ 121.561566, 25.166498 ] } },
{ "type": "Feature", "properties": { "way_id": 1227705218, "node_id": "4210120176", "way_index": 12, "lon": 121.5615695, "lat": 25.1664634, "ele": null, "name": null, "node_type": null, "tags_json": { } }, "geometry": { "type": "Point", "coordinates": [ 121.5615695, 25.1664634 ] } },
{ "type": "Feature", "properties": { "way_id": 1227705218, "node_id": "4210120175", "way_index": 13, "lon": 121.5615722, "lat": 25.1664467, "ele": null, "name": null, "node_type": null, "tags_json": { } }, "geometry": { "type": "Point", "coordinates": [ 121.5615722, 25.1664467 ] } },
{ "type": "Feature", "properties": { "way_id": 1227705218, "node_id": "675814660", "way_index": 14, "lon": 121.5615536, "lat": 25.1664232, "ele": null, "name": null, "node_type": null, "tags_json": { } }, "geometry": { "type": "Point", "coordinates": [ 121.5615536, 25.1664232 ] } },
{ "type": "Feature", "properties": { "way_id": 1227705218, "node_id": "11384865709", "way_index": 15, "lon": 121.5615458, "lat": 25.1663898, "ele": null, "name": null, "node_type": null, "tags_json": { } }, "geometry": { "type": "Point", "coordinates": [ 121.5615458, 25.1663898 ] } },
{ "type": "Feature", "properties": { "way_id": 1227705218, "node_id": "11384865708", "way_index": 16, "lon": 121.5615306, "lat": 25.1663721, "ele": null, "name": null, "node_type": null, "tags_json": { } }, "geometry": { "type": "Point", "coordinates": [ 121.5615306, 25.1663721 ] } },
{ "type": "Feature", "properties": { "way_id": 1227705218, "node_id": "675814658", "way_index": 17, "lon": 121.5614961, "lat": 25.166339, "ele": null, "name": null, "node_type": null, "tags_json": { } }, "geometry": { "type": "Point", "coordinates": [ 121.5614961, 25.166339 ] } },
{ "type": "Feature", "properties": { "way_id": 1227705218, "node_id": "11384865707", "way_index": 18, "lon": 121.5614639, "lat": 25.1663224, "ele": null, "name": null, "node_type": null, "tags_json": { } }, "geometry": { "type": "Point", "coordinates": [ 121.5614639, 25.1663224 ] } },
{ "type": "Feature", "properties": { "way_id": 1227705218, "node_id": "4210120174", "way_index": 19, "lon": 121.5614532, "lat": 25.1663024, "ele": null, "name": null, "node_type": null, "tags_json": { } }, "geometry": { "type": "Point", "coordinates": [ 121.5614532, 25.1663024 ] } },
{ "type": "Feature", "properties": { "way_id": 1227705218, "node_id": "675814656", "way_index": 20, "lon": 121.5614389, "lat": 25.166272, "ele": null, "name": null, "node_type": null, "tags_json": { } }, "geometry": { "type": "Point", "coordinates": [ 121.5614389, 25.166272 ] } },
{ "type": "Feature", "properties": { "way_id": 1227705218, "node_id": "4210120173", "way_index": 21, "lon": 121.5614349, "lat": 25.1662516, "ele": null, "name": null, "node_type": null, "tags_json": { } }, "geometry": { "type": "Point", "coordinates": [ 121.5614349, 25.1662516 ] } },
{ "type": "Feature", "properties": { "way_id": 1227705218, "node_id": "4210120172", "way_index": 22, "lon": 121.5614476, "lat": 25.1662169, "ele": null, "name": null, "node_type": null, "tags_json": { } }, "geometry": { "type": "Point", "coordinates": [ 121.5614476, 25.1662169 ] } },
{ "type": "Feature", "properties": { "way_id": 1227705218, "node_id": "11384865696", "way_index": 23, "lon": 121.5614617, "lat": 25.1661661, "ele": null, "name": null, "node_type": null, "tags_json": { } }, "geometry": { "type": "Point", "coordinates": [ 121.5614617, 25.1661661 ] } },
{ "type": "Feature", "properties": { "way_id": 1227705218, "node_id": "675814652", "way_index": 24, "lon": 121.5614667, "lat": 25.1661434, "ele": null, "name": null, "node_type": null, "tags_json": { } }, "geometry": { "type": "Point", "coordinates": [ 121.5614667, 25.1661434 ] } },
{ "type": "Feature", "properties": { "way_id": 689317162, "node_id": "4210120211", "way_index": 0, "lon": 121.563259, "lat": 25.1659587, "ele": null, "name": null, "node_type": null, "tags_json": { } }, "geometry": { "type": "Point", "coordinates": [ 121.563259, 25.1659587 ] } },
{ "type": "Feature", "properties": { "way_id": 689317162, "node_id": "675814709", "way_index": 1, "lon": 121.5632059, "lat": 25.1659022, "ele": null, "name": null, "node_type": null, "tags_json": { } }, "geometry": { "type": "Point", "coordinates": [ 121.5632059, 25.1659022 ] } },
{ "type": "Feature", "properties": { "way_id": 689317162, "node_id": "4210120210", "way_index": 2, "lon": 121.5631884, "lat": 25.1658673, "ele": null, "name": null, "node_type": null, "tags_json": { } }, "geometry": { "type": "Point", "coordinates": [ 121.5631884, 25.1658673 ] } },
{ "type": "Feature", "properties": { "way_id": 689317162, "node_id": "675814707", "way_index": 3, "lon": 121.5631263, "lat": 25.1658033, "ele": null, "name": null, "node_type": null, "tags_json": { } }, "geometry": { "type": "Point", "coordinates": [ 121.5631263, 25.1658033 ] } }
]
}
