{
"type": "FeatureCollection",
"name": "Ij_combined_segments",
"crs": { "type": "name", "properties": { "name": "urn:ogc:def:crs:OGC:1.3:CRS84" } },
"features": [
{ "type": "Feature", "properties": { "index": 0, "way_id": "('way', 53472035)", "element": "way", "id": "53472035", "highway": "footway", "crossing": null, "bus": null, "description": null, "name": "七星山步道冷水坑線", "name:en": null, "name:zh": null, "name:zh-Hans": null, "name:zh-Hant": null, "network": null, "public_transport": null, "ref": null, "shelter": null, "ele": null, "local_ref": null, "bench": null, "network:en": null, "network:nan": null, "network:nan-Hant": null, "network:nan-Latn-pehoeji": null, "network:nan-Latn-tailo": null, "network:wikidata": null, "network:zh": null, "wheelchair": null, "old_name": null, "old_name:en": null, "old_name:zh": null, "bin": null, "check_date:shelter": null, "note": null, "lit": null, "passenger_information_display": null, "source": null, "alt_name": null, "alt_name:en": null, "crossing:markings": null, "crossing:island": null, "crossing:signals": null, "distance": null, "information": null, "tourism": null, "nat_ref": null, "level": null, "crossing_ref": null, "name:nan": null, "name:nan-Hant": null, "name:nan-Latn-pehoeji": null, "name:nan-Latn-tailo": null, "network:wikipedia": null, "loc_ref": null, "review:PTX": null, "oneway": null, "ref:en": null, "ref:zh": null, "surface": "sett", "incline": "up", "sac_scale": "hiking", "trail_visibility": "excellent", "lanes": null, "sidewalk:right": null, "service": null, "name:lzh": null, "bicycle": null, "tracktype": null, "sidewalk": null, "access": null, "bridge": "no", "layer": null, "lane_markings": null, "name:ja": null, "tunnel": null, "handrail": null, "ramp": null, "step_count": null, "bridge:structure": null, "motor_vehicle": null, "cycleway:both": null, "foot": null, "footway": null, "wikidata": null, "horse": null, "maxspeed": null, "width": null, "informal": null, "motorcycle": null, "note:surface": null, "visibility": null, "area": null, "obstacle": null, "leisure": null, "surface_1": null, "bridge:support": null, "ford": null, "survey_date": null, "fixme": null, "man_made": null, "material": null, "operator": null, "operator:type": null, "vehicle": null, "emergency": null, "waterway": null, "bridge:name": null, "covered": null, "sidewalk:left": null, "smoothness": null, "name_display": "七星山步道冷水坑線", "highway_raw": "footway", "highway_category": "trail", "way_id_str": "('way', 53472035)", "source_type": "named", "orig_index": "14", "orig_name": "七星山步道冷水坑線", "bridge_flag": "False", "steps_flag": "False", "version": null, "changeset": null, "timestamp": null, "user": null, "uid": null, "highway_api": null, "surface_api": null, "trail_visibility_api": null, "bridge_api": null, "node_ids_str": null, "way_id_norm": "53472035", "way_id_original": "('way', 53472035)", "steps": "", "node_ids": [ ], "start_node": null, "end_node": null, "route_seq": -1.0, "distance_m": 256.77101019454381, "from_x": 306296.98578980617, "from_y": 2784196.7869026246, "to_x": 306139.21818458219, "to_y": 2784272.620249921, "from_node_id": "('way', 53472035)_start", "to_node_id": "('way', 53472035)_end" }, "geometry": { "type": "LineString", "coordinates": [ [ 121.558470799999981, 25.1652406 ], [ 121.5584412, 25.1652274 ], [ 121.5583857, 25.1651865 ], [ 121.5583355, 25.1651807 ], [ 121.55828, 25.1651728 ], [ 121.558086, 25.1651034 ], [ 121.558006600000013, 25.1651482 ], [ 121.5579691, 25.1651948 ], [ 121.557946, 25.1652022 ], [ 121.557897700000012, 25.1651973 ], [ 121.557838299999986, 25.1651735 ], [ 121.5577715, 25.1651913 ], [ 121.5577417, 25.1652051 ], [ 121.557718, 25.1652043 ], [ 121.5576857, 25.1651897 ], [ 121.5576388, 25.1651618 ], [ 121.557587400000017, 25.165162 ], [ 121.5575513, 25.1651716 ], [ 121.557525699999985, 25.1651919 ], [ 121.557490200000018, 25.1652173 ], [ 121.5574933, 25.1652411 ], [ 121.5575218, 25.165304 ], [ 121.5575171, 25.1653152 ], [ 121.5574567, 25.1653127 ], [ 121.5574224, 25.1653193 ], [ 121.5574166, 25.165373 ], [ 121.55738340000002, 25.1654231 ], [ 121.557352200000011, 25.1654387 ], [ 121.557347, 25.1654499 ], [ 121.5574175, 25.1655138 ], [ 121.5574313, 25.165537 ], [ 121.557435600000019, 25.1655613 ], [ 121.5573607, 25.1657069 ], [ 121.5573568, 25.165739099999989 ], [ 121.5573631, 25.1657825 ], [ 121.557364, 25.1658187 ], [ 121.5573465, 25.1659082 ], [ 121.557308400000011, 25.1659393 ], [ 121.5572284, 25.1660022 ], [ 121.5571981, 25.1660182 ], [ 121.5571592, 25.166016 ], [ 121.5571147, 25.1660161 ], [ 121.5570941, 25.1660133 ], [ 121.5570691, 25.1660002 ], [ 121.556977, 25.1659827 ], [ 121.5569089, 25.1659311 ] ] } },
{ "type": "Feature", "properties": { "index": 1, "way_id": "('way', 421201235)", "element": "way", "id": "421201235", "highway": "steps", "crossing": null, "bus": null, "description": null, "name": "七星山步道主峰-東峰稜線", "name:en": null, "name:zh": "七星山步道主峰-東峰稜線", "name:zh-Hans": null, "name:zh-Hant": null, "network": null, "public_transport": null, "ref": null, "shelter": null, "ele": null, "local_ref": null, "bench": null, "network:en": null, "network:nan": null, "network:nan-Hant": null, "network:nan-Latn-pehoeji": null, "network:nan-Latn-tailo": null, "network:wikidata": null, "network:zh": null, "wheelchair": null, "old_name": null, "old_name:en": null, "old_name:zh": null, "bin": null, "check_date:shelter": null, "note": null, "lit": null, "passenger_information_display": null, "source": null, "alt_name": null, "alt_name:en": null, "crossing:markings": null, "crossing:island": null, "crossing:signals": null, "distance": null, "information": null, "tourism": null, "nat_ref": null, "level": null, "crossing_ref": null, "name:nan": null, "name:nan-Hant": null, "name:nan-Latn-pehoeji": null, "name:nan-Latn-tailo": null, "network:wikipedia": null, "loc_ref": null, "review:PTX": null, "oneway": null, "ref:en": null, "ref:zh": null, "surface": "sett", "incline": "down", "sac_scale": "hiking", "trail_visibility": "excellent", "lanes": null, "sidewalk:right": null, "service": null, "name:lzh": null, "bicycle": null, "tracktype": null, "sidewalk": null, "access": null, "bridge": "no", "layer": null, "lane_markings": null, "name:ja": null, "tunnel": null, "handrail": null, "ramp": null, "step_count": null, "bridge:structure": null, "motor_vehicle": null, "cycleway:both": null, "foot": null, "footway": null, "wikidata": null, "horse": null, "maxspeed": null, "width": null, "informal": null, "motorcycle": null, "note:surface": null, "visibility": null, "area": null, "obstacle": null, "leisure": null, "surface_1": null, "bridge:support": null, "ford": null, "survey_date": null, "fixme": null, "man_made": null, "material": null, "operator": null, "operator:type": null, "vehicle": null, "emergency": null, "waterway": null, "bridge:name": null, "covered": null, "sidewalk:left": null, "smoothness": null, "name_display": "七星山步道主峰-東峰稜線", "highway_raw": "steps", "highway_category": "steps", "way_id_str": "('way', 421201235)", "source_type": "named", "orig_index": "570", "orig_name": "七星山步道主峰-東峰稜線", "bridge_flag": "False", "steps_flag": "True", "version": null, "changeset": null, "timestamp": null, "user": null, "uid": null, "highway_api": null, "surface_api": null, "trail_visibility_api": null, "bridge_api": null, "node_ids_str": null, "way_id_norm": "421201235", "way_id_original": "('way', 421201235)", "steps": "", "node_ids": [ ], "start_node": null, "end_node": null, "route_seq": -1.0, "distance_m": 104.61897902410229, "from_x": 305998.43243603193, "from_y": 2784667.7521632384, "to_x": 305905.82622420852, "to_y": 2784686.3454201985, "from_node_id": "('way', 421201235)_start", "to_node_id": "('way', 421201235)_end" }, "geometry": { "type": "LineString", "coordinates": [ [ 121.55552849999998, 25.1695035 ], [ 121.5554819, 25.1695197 ], [ 121.555470199999988, 25.1695197 ], [ 121.5554471, 25.1694973 ], [ 121.5553822, 25.1695085 ], [ 121.5553518, 25.1695018 ], [ 121.555299, 25.1695411 ], [ 121.555279900000016, 25.1695506 ], [ 121.555225300000018, 25.1695494 ], [ 121.555187600000011, 25.1695564 ], [ 121.5551371, 25.1695603 ], [ 121.5551171, 25.1695978 ], [ 121.5551004, 25.1696093 ], [ 121.5550443, 25.1696339 ], [ 121.554994300000018, 25.1696783 ], [ 121.554948, 25.1696903 ], [ 121.554902200000015, 25.1697045 ], [ 121.5548767, 25.1697056 ], [ 121.5548426, 25.1696941 ], [ 121.554809899999981, 25.1696761 ], [ 121.5547827, 25.1696679 ], [ 121.5547413, 25.1696767 ], [ 121.5547095, 25.1696828 ], [ 121.5546542, 25.1696576 ], [ 121.5546315, 25.1696583 ], [ 121.5546106, 25.1696748 ] ] } },
{ "type": "Feature", "properties": { "index": 2, "way_id": "('way', 492111550)", "element": "way", "id": "492111550", "highway": "steps", "crossing": null, "bus": null, "description": null, "name": "七星山步道主峰-東峰稜線", "name:en": null, "name:zh": "七星山步道主峰-東峰稜線", "name:zh-Hans": null, "name:zh-Hant": null, "network": null, "public_transport": null, "ref": null, "shelter": null, "ele": null, "local_ref": null, "bench": null, "network:en": null, "network:nan": null, "network:nan-Hant": null, "network:nan-Latn-pehoeji": null, "network:nan-Latn-tailo": null, "network:wikidata": null, "network:zh": null, "wheelchair": null, "old_name": null, "old_name:en": null, "old_name:zh": null, "bin": null, "check_date:shelter": null, "note": null, "lit": null, "passenger_information_display": null, "source": null, "alt_name": null, "alt_name:en": null, "crossing:markings": null, "crossing:island": null, "crossing:signals": null, "distance": null, "information": null, "tourism": null, "nat_ref": null, "level": null, "crossing_ref": null, "name:nan": null, "name:nan-Hant": null, "name:nan-Latn-pehoeji": null, "name:nan-Latn-tailo": null, "network:wikipedia": null, "loc_ref": null, "review:PTX": null, "oneway": null, "ref:en": null, "ref:zh": null, "surface": "sett", "incline": "up", "sac_scale": "hiking", "trail_visibility": "excellent", "lanes": null, "sidewalk:right": null, "service": null, "name:lzh": null, "bicycle": null, "tracktype": null, "sidewalk": null, "access": null, "bridge": "no", "layer": null, "lane_markings": null, "name:ja": null, "tunnel": null, "handrail": null, "ramp": null, "step_count": null, "bridge:structure": null, "motor_vehicle": null, "cycleway:both": null, "foot": null, "footway": null, "wikidata": null, "horse": null, "maxspeed": null, "width": null, "informal": null, "motorcycle": null, "note:surface": null, "visibility": null, "area": null, "obstacle": null, "leisure": null, "surface_1": null, "bridge:support": null, "ford": null, "survey_date": null, "fixme": null, "man_made": null, "material": null, "operator": null, "operator:type": null, "vehicle": null, "emergency": null, "waterway": null, "bridge:name": null, "covered": null, "sidewalk:left": null, "smoothness": null, "name_display": "七星山步道主峰-東峰稜線", "highway_raw": "steps", "highway_category": "steps", "way_id_str": "('way', 492111550)", "source_type": "named", "orig_index": "824", "orig_name": "七星山步道主峰-東峰稜線", "bridge_flag": "False", "steps_flag": "True", "version": null, "changeset": null, "timestamp": null, "user": null, "uid": null, "highway_api": null, "surface_api": null, "trail_visibility_api": null, "bridge_api": null, "node_ids_str": null, "way_id_norm": "492111550", "way_id_original": "('way', 492111550)", "steps": "", "node_ids": [ ], "start_node": null, "end_node": null, "route_seq": -1.0, "distance_m": 146.5294051120145, "from_x": 305882.98190190271, "from_y": 2784703.919134011, "to_x": 305791.24014997028, "to_y": 2784796.8209307897, "from_node_id": "('way', 492111550)_start", "to_node_id": "('way', 492111550)_end" }, "geometry": { "type": "LineString", "coordinates": [ [ 121.554384700000014, 25.1698343 ], [ 121.5543767, 25.1698709 ], [ 121.5543427, 25.1699035 ], [ 121.554337500000017, 25.1699397 ], [ 121.5543263, 25.1699499 ], [ 121.554297, 25.1699583 ], [ 121.554262900000012, 25.1699824 ], [ 121.5542282, 25.1699981 ], [ 121.5541945, 25.170025 ], [ 121.554170199999987, 25.1700613 ], [ 121.5541508, 25.1700866 ], [ 121.5541257, 25.1700905 ], [ 121.554111300000017, 25.1701147 ], [ 121.554091200000016, 25.1701312 ], [ 121.554068, 25.170134 ], [ 121.5540595, 25.1701408 ], [ 121.554060400000012, 25.1701608 ], [ 121.55404470000002, 25.1701683 ], [ 121.5540384, 25.1702046 ], [ 121.5540244, 25.1702311 ], [ 121.554012699999987, 25.170253 ], [ 121.5540122, 25.1702991 ], [ 121.553999, 25.1703162 ], [ 121.5538871, 25.170373 ], [ 121.553854200000018, 25.1703804 ], [ 121.5538394, 25.1703748 ], [ 121.5537933, 25.1704158 ], [ 121.553741799999983, 25.1704241 ], [ 121.5536825, 25.1704463 ], [ 121.5536747, 25.1704608 ], [ 121.553644800000015, 25.1704517 ], [ 121.5536339, 25.1704501 ], [ 121.5536167, 25.170464 ], [ 121.5536132, 25.1704929 ], [ 121.5535991, 25.1705091 ], [ 121.5535439, 25.170535 ], [ 121.553543100000013, 25.1706067 ], [ 121.5535169, 25.1706264 ], [ 121.5534784, 25.1706764 ] ] } },
{ "type": "Feature", "properties": { "index": 3, "way_id": "('way', 585374844)", "element": "way", "id": "585374844", "highway": "steps", "crossing": null, "bus": null, "description": null, "name": "七星山步道冷水坑線", "name:en": null, "name:zh": null, "name:zh-Hans": null, "name:zh-Hant": null, "network": null, "public_transport": null, "ref": null, "shelter": null, "ele": null, "local_ref": null, "bench": null, "network:en": null, "network:nan": null, "network:nan-Hant": null, "network:nan-Latn-pehoeji": null, "network:nan-Latn-tailo": null, "network:wikidata": null, "network:zh": null, "wheelchair": null, "old_name": null, "old_name:en": null, "old_name:zh": null, "bin": null, "check_date:shelter": null, "note": null, "lit": null, "passenger_information_display": null, "source": null, "alt_name": null, "alt_name:en": null, "crossing:markings": null, "crossing:island": null, "crossing:signals": null, "distance": null, "information": null, "tourism": null, "nat_ref": null, "level": null, "crossing_ref": null, "name:nan": null, "name:nan-Hant": null, "name:nan-Latn-pehoeji": null, "name:nan-Latn-tailo": null, "network:wikipedia": null, "loc_ref": null, "review:PTX": null, "oneway": null, "ref:en": null, "ref:zh": null, "surface": "sett", "incline": "up", "sac_scale": "hiking", "trail_visibility": "excellent", "lanes": null, "sidewalk:right": null, "service": null, "name:lzh": null, "bicycle": null, "tracktype": null, "sidewalk": null, "access": null, "bridge": "no", "layer": null, "lane_markings": null, "name:ja": null, "tunnel": null, "handrail": null, "ramp": null, "step_count": null, "bridge:structure": null, "motor_vehicle": null, "cycleway:both": null, "foot": null, "footway": null, "wikidata": null, "horse": null, "maxspeed": null, "width": null, "informal": null, "motorcycle": null, "note:surface": null, "visibility": null, "area": null, "obstacle": null, "leisure": null, "surface_1": null, "bridge:support": null, "ford": null, "survey_date": null, "fixme": null, "man_made": null, "material": null, "operator": null, "operator:type": null, "vehicle": null, "emergency": null, "waterway": null, "bridge:name": null, "covered": null, "sidewalk:left": null, "smoothness": null, "name_display": "七星山步道冷水坑線", "highway_raw": "steps", "highway_category": "steps", "way_id_str": "('way', 585374844)", "source_type": "named", "orig_index": "963", "orig_name": "七星山步道冷水坑線", "bridge_flag": "False", "steps_flag": "True", "version": null, "changeset": null, "timestamp": null, "user": null, "uid": null, "highway_api": null, "surface_api": null, "trail_visibility_api": null, "bridge_api": null, "node_ids_str": null, "way_id_norm": "585374844", "way_id_original": "('way', 585374844)", "steps": "", "node_ids": [ ], "start_node": null, "end_node": null, "route_seq": -1.0, "distance_m": 96.611598656853758, "from_x": 306747.91897367965, "from_y": 2784254.0926022781, "to_x": 306698.84048263368, "to_y": 2784305.9161338792, "from_node_id": "('way', 585374844)_start", "to_node_id": "('way', 585374844)_end" }, "geometry": { "type": "LineString", "coordinates": [ [ 121.562946299999979, 25.165741 ], [ 121.5629127, 25.1657297 ], [ 121.5628899, 25.1657085 ], [ 121.562858, 25.1657058 ], [ 121.562829799999989, 25.1657069 ], [ 121.5627342, 25.165737 ], [ 121.562639500000017, 25.1657283 ], [ 121.5626085, 25.1657305 ], [ 121.56257810000001, 25.1657584 ], [ 121.562524900000014, 25.1657876 ], [ 121.5624965, 25.1658522 ], [ 121.5624696, 25.1659002 ], [ 121.56244430000001, 25.165959 ], [ 121.562414500000017, 25.166017 ], [ 121.5624149, 25.1660803 ], [ 121.5624233, 25.1661172 ], [ 121.562433700000014, 25.1661613 ], [ 121.56246160000002, 25.1662107 ] ] } },
{ "type": "Feature", "properties": { "index": 4, "way_id": "('way', 689317162)", "element": "way", "id": "689317162", "highway": "footway", "crossing": null, "bus": null, "description": null, "name": "七星山步道冷水坑線", "name:en": null, "name:zh": null, "name:zh-Hans": null, "name:zh-Hant": null, "network": null, "public_transport": null, "ref": null, "shelter": null, "ele": null, "local_ref": null, "bench": null, "network:en": null, "network:nan": null, "network:nan-Hant": null, "network:nan-Latn-pehoeji": null, "network:nan-Latn-tailo": null, "network:wikidata": null, "network:zh": null, "wheelchair": null, "old_name": null, "old_name:en": null, "old_name:zh": null, "bin": null, "check_date:shelter": null, "note": null, "lit": null, "passenger_information_display": null, "source": null, "alt_name": null, "alt_name:en": null, "crossing:markings": null, "crossing:island": null, "crossing:signals": null, "distance": null, "information": null, "tourism": null, "nat_ref": null, "level": null, "crossing_ref": null, "name:nan": null, "name:nan-Hant": null, "name:nan-Latn-pehoeji": null, "name:nan-Latn-tailo": null, "network:wikipedia": null, "loc_ref": null, "review:PTX": null, "oneway": null, "ref:en": null, "ref:zh": null, "surface": "sett", "incline": null, "sac_scale": "hiking", "trail_visibility": "excellent", "lanes": null, "sidewalk:right": null, "service": null, "name:lzh": null, "bicycle": null, "tracktype": null, "sidewalk": null, "access": null, "bridge": "no", "layer": null, "lane_markings": null, "name:ja": null, "tunnel": null, "handrail": null, "ramp": null, "step_count": null, "bridge:structure": null, "motor_vehicle": null, "cycleway:both": null, "foot": null, "footway": null, "wikidata": null, "horse": null, "maxspeed": null, "width": null, "informal": null, "motorcycle": null, "note:surface": null, "visibility": null, "area": null, "obstacle": null, "leisure": null, "surface_1": null, "bridge:support": null, "ford": null, "survey_date": null, "fixme": null, "man_made": null, "material": null, "operator": null, "operator:type": null, "vehicle": null, "emergency": null, "waterway": null, "bridge:name": null, "covered": null, "sidewalk:left": null, "smoothness": null, "name_display": "七星山步道冷水坑線", "highway_raw": "footway", "highway_category": "trail", "way_id_str": "('way', 689317162)", "source_type": "named", "orig_index": "1071", "orig_name": "七星山步道冷水坑線", "bridge_flag": "False", "steps_flag": "False", "version": null, "changeset": null, "timestamp": null, "user": null, "uid": null, "highway_api": null, "surface_api": null, "trail_visibility_api": null, "bridge_api": null, "node_ids_str": null, "way_id_norm": "689317162", "way_id_original": "('way', 689317162)", "steps": "", "node_ids": [ ], "start_node": null, "end_node": null, "route_seq": -1.0, "distance_m": 21.942336845511157, "from_x": 306779.34060449875, "from_y": 2784278.3384801014, "to_x": 306766.03544429218, "to_y": 2784261.0692585036, "from_node_id": "('way', 689317162)_start", "to_node_id": "('way', 689317162)_end" }, "geometry": { "type": "LineString", "coordinates": [ [ 121.563259, 25.1659587 ], [ 121.5632059, 25.1659022 ], [ 121.5631884, 25.1658673 ], [ 121.563126299999979, 25.1658033 ] ] } },
{ "type": "Feature", "properties": { "index": 5, "way_id": "('way', 720961391)", "element": "way", "id": "720961391", "highway": "footway", "crossing": null, "bus": null, "description": null, "name": "七星山步道冷水坑線", "name:en": null, "name:zh": null, "name:zh-Hans": null, "name:zh-Hant": null, "network": null, "public_transport": null, "ref": null, "shelter": null, "ele": null, "local_ref": null, "bench": null, "network:en": null, "network:nan": null, "network:nan-Hant": null, "network:nan-Latn-pehoeji": null, "network:nan-Latn-tailo": null, "network:wikidata": null, "network:zh": null, "wheelchair": null, "old_name": null, "old_name:en": null, "old_name:zh": null, "bin": null, "check_date:shelter": null, "note": null, "lit": null, "passenger_information_display": null, "source": null, "alt_name": null, "alt_name:en": null, "crossing:markings": null, "crossing:island": null, "crossing:signals": null, "distance": null, "information": null, "tourism": null, "nat_ref": null, "level": null, "crossing_ref": null, "name:nan": null, "name:nan-Hant": null, "name:nan-Latn-pehoeji": null, "name:nan-Latn-tailo": null, "network:wikipedia": null, "loc_ref": null, "review:PTX": null, "oneway": null, "ref:en": null, "ref:zh": null, "surface": "sett", "incline": null, "sac_scale": "hiking", "trail_visibility": "excellent", "lanes": null, "sidewalk:right": null, "service": null, "name:lzh": null, "bicycle": null, "tracktype": null, "sidewalk": null, "access": null, "bridge": "no", "layer": null, "lane_markings": null, "name:ja": null, "tunnel": null, "handrail": null, "ramp": null, "step_count": null, "bridge:structure": null, "motor_vehicle": null, "cycleway:both": null, "foot": null, "footway": null, "wikidata": null, "horse": null, "maxspeed": null, "width": null, "informal": null, "motorcycle": null, "note:surface": null, "visibility": null, "area": null, "obstacle": null, "leisure": null, "surface_1": null, "bridge:support": null, "ford": null, "survey_date": null, "fixme": null, "man_made": null, "material": null, "operator": null, "operator:type": null, "vehicle": null, "emergency": null, "waterway": null, "bridge:name": null, "covered": null, "sidewalk:left": null, "smoothness": null, "name_display": "七星山步道冷水坑線", "highway_raw": "footway", "highway_category": "trail", "way_id_str": "('way', 720961391)", "source_type": "named", "orig_index": "1108", "orig_name": "七星山步道冷水坑線", "bridge_flag": "False", "steps_flag": "False", "version": null, "changeset": null, "timestamp": null, "user": null, "uid": null, "highway_api": null, "surface_api": null, "trail_visibility_api": null, "bridge_api": null, "node_ids_str": null, "way_id_norm": "720961391", "way_id_original": "('way', 720961391)", "steps": "", "node_ids": [ ], "start_node": null, "end_node": null, "route_seq": -1.0, "distance_m": 48.908838213644245, "from_x": 306382.06579641683, "from_y": 2784165.9692605129, "to_x": 306350.51281814731, "to_y": 2784197.4519515419, "from_node_id": "('way', 720961391)_start", "to_node_id": "('way', 720961391)_end" }, "geometry": { "type": "LineString", "coordinates": [ [ 121.559313500000016, 25.1649592 ], [ 121.559217, 25.1649768 ], [ 121.559141900000014, 25.1650155 ], [ 121.5590644, 25.1650699 ], [ 121.5590418, 25.1651146 ], [ 121.559024599999987, 25.1651782 ], [ 121.55901320000001, 25.1652171 ], [ 121.5590018, 25.1652446 ] ] } },
{ "type": "Feature", "properties": { "index": 6, "way_id": "('way', 1227684066)", "element": "way", "id": "1227684066", "highway": "steps", "crossing": null, "bus": null, "description": null, "name": "七星山步道主峰-東峰稜線", "name:en": null, "name:zh": "七星山步道主峰-東峰稜線", "name:zh-Hans": null, "name:zh-Hant": null, "network": null, "public_transport": null, "ref": null, "shelter": null, "ele": null, "local_ref": null, "bench": null, "network:en": null, "network:nan": null, "network:nan-Hant": null, "network:nan-Latn-pehoeji": null, "network:nan-Latn-tailo": null, "network:wikidata": null, "network:zh": null, "wheelchair": null, "old_name": null, "old_name:en": null, "old_name:zh": null, "bin": null, "check_date:shelter": null, "note": null, "lit": null, "passenger_information_display": null, "source": null, "alt_name": null, "alt_name:en": null, "crossing:markings": null, "crossing:island": null, "crossing:signals": null, "distance": null, "information": null, "tourism": null, "nat_ref": null, "level": null, "crossing_ref": null, "name:nan": null, "name:nan-Hant": null, "name:nan-Latn-pehoeji": null, "name:nan-Latn-tailo": null, "network:wikipedia": null, "loc_ref": null, "review:PTX": null, "oneway": null, "ref:en": null, "ref:zh": null, "surface": "sett", "incline": null, "sac_scale": "hiking", "trail_visibility": "excellent", "lanes": null, "sidewalk:right": null, "service": null, "name:lzh": null, "bicycle": null, "tracktype": null, "sidewalk": null, "access": null, "bridge": "no", "layer": null, "lane_markings": null, "name:ja": null, "tunnel": null, "handrail": null, "ramp": null, "step_count": null, "bridge:structure": null, "motor_vehicle": null, "cycleway:both": null, "foot": null, "footway": null, "wikidata": null, "horse": null, "maxspeed": null, "width": null, "informal": null, "motorcycle": null, "note:surface": null, "visibility": null, "area": null, "obstacle": null, "leisure": null, "surface_1": null, "bridge:support": null, "ford": null, "survey_date": null, "fixme": null, "man_made": null, "material": null, "operator": null, "operator:type": null, "vehicle": null, "emergency": null, "waterway": null, "bridge:name": null, "covered": null, "sidewalk:left": null, "smoothness": null, "name_display": "七星山步道主峰-東峰稜線", "highway_raw": "steps", "highway_category": "steps", "way_id_str": "('way', 1227684066)", "source_type": "named", "orig_index": "1482", "orig_name": "七星山步道主峰-東峰稜線", "bridge_flag": "False", "steps_flag": "True", "version": null, "changeset": null, "timestamp": null, "user": null, "uid": null, "highway_api": null, "surface_api": null, "trail_visibility_api": null, "bridge_api": null, "node_ids_str": null, "way_id_norm": "1227684066", "way_id_original": "('way', 1227684066)", "steps": "", "node_ids": [ ], "start_node": null, "end_node": null, "route_seq": -1.0, "distance_m": 15.251151380319278, "from_x": 305894.40136349114, "from_y": 2784694.561798112, "to_x": 305882.98190190271, "to_y": 2784703.919134011, "from_node_id": "('way', 1227684066)_start", "to_node_id": "('way', 492111550)_start" }, "geometry": { "type": "LineString", "coordinates": [ [ 121.5544976, 25.1697494 ], [ 121.554471199999981, 25.1697876 ], [ 121.5544456, 25.169809 ], [ 121.554384700000014, 25.1698343 ] ] } },
{ "type": "Feature", "properties": { "index": 7, "way_id": "('way', 1227691459)", "element": "way", "id": "1227691459", "highway": "footway", "crossing": null, "bus": null, "description": null, "name": "七星山登山步道東峰線", "name:en": null, "name:zh": null, "name:zh-Hans": null, "name:zh-Hant": null, "network": null, "public_transport": null, "ref": null, "shelter": null, "ele": null, "local_ref": null, "bench": null, "network:en": null, "network:nan": null, "network:nan-Hant": null, "network:nan-Latn-pehoeji": null, "network:nan-Latn-tailo": null, "network:wikidata": null, "network:zh": null, "wheelchair": null, "old_name": null, "old_name:en": null, "old_name:zh": null, "bin": null, "check_date:shelter": null, "note": null, "lit": null, "passenger_information_display": null, "source": null, "alt_name": null, "alt_name:en": null, "crossing:markings": null, "crossing:island": null, "crossing:signals": null, "distance": null, "information": null, "tourism": null, "nat_ref": null, "level": null, "crossing_ref": null, "name:nan": null, "name:nan-Hant": null, "name:nan-Latn-pehoeji": null, "name:nan-Latn-tailo": null, "network:wikipedia": null, "loc_ref": null, "review:PTX": null, "oneway": null, "ref:en": null, "ref:zh": null, "surface": "", "incline": null, "sac_scale": "hiking", "trail_visibility": null, "lanes": null, "sidewalk:right": null, "service": null, "name:lzh": null, "bicycle": null, "tracktype": null, "sidewalk": null, "access": null, "bridge": "no", "layer": null, "lane_markings": null, "name:ja": null, "tunnel": null, "handrail": null, "ramp": null, "step_count": null, "bridge:structure": null, "motor_vehicle": null, "cycleway:both": null, "foot": null, "footway": null, "wikidata": null, "horse": null, "maxspeed": null, "width": null, "informal": null, "motorcycle": null, "note:surface": null, "visibility": null, "area": null, "obstacle": null, "leisure": null, "surface_1": null, "bridge:support": null, "ford": null, "survey_date": null, "fixme": null, "man_made": null, "material": null, "operator": null, "operator:type": null, "vehicle": null, "emergency": null, "waterway": null, "bridge:name": null, "covered": null, "sidewalk:left": null, "smoothness": null, "name_display": "七星山登山步道東峰線", "highway_raw": "footway", "highway_category": "trail", "way_id_str": "('way', 1227691459)", "source_type": "named", "orig_index": "1483", "orig_name": "七星山登山步道東峰線", "bridge_flag": "False", "steps_flag": "False", "version": null, "changeset": null, "timestamp": null, "user": null, "uid": null, "highway_api": null, "surface_api": null, "trail_visibility_api": null, "bridge_api": null, "node_ids_str": null, "way_id_norm": "1227691459", "way_id_original": "('way', 1227691459)", "steps": "", "node_ids": [ ], "start_node": null, "end_node": null, "route_seq": -1.0, "distance_m": 9.3968229267071468, "from_x": 306003.80651385704, "from_y": 2784662.5903097061, "to_x": 305998.43243603193, "to_y": 2784667.7521632384, "from_node_id": "('way', 1227691459)_start", "to_node_id": "('way', 421201235)_start" }, "geometry": { "type": "LineString", "coordinates": [ [ 121.5555816, 25.1694567 ], [ 121.5555883, 25.169476 ], [ 121.555584200000013, 25.1694846 ], [ 121.55555360000001, 25.1695008 ], [ 121.55552849999998, 25.1695035 ] ] } },
{ "type": "Feature", "properties": { "index": 8, "way_id": "('way', 1227691460)", "element": "way", "id": "1227691460", "highway": "steps", "crossing": null, "bus": null, "description": null, "name": "七星山步道冷水坑線", "name:en": null, "name:zh": null, "name:zh-Hans": null, "name:zh-Hant": null, "network": null, "public_transport": null, "ref": null, "shelter": null, "ele": null, "local_ref": null, "bench": null, "network:en": null, "network:nan": null, "network:nan-Hant": null, "network:nan-Latn-pehoeji": null, "network:nan-Latn-tailo": null, "network:wikidata": null, "network:zh": null, "wheelchair": null, "old_name": null, "old_name:en": null, "old_name:zh": null, "bin": null, "check_date:shelter": null, "note": null, "lit": null, "passenger_information_display": null, "source": null, "alt_name": null, "alt_name:en": null, "crossing:markings": null, "crossing:island": null, "crossing:signals": null, "distance": null, "information": null, "tourism": null, "nat_ref": null, "level": null, "crossing_ref": null, "name:nan": null, "name:nan-Hant": null, "name:nan-Latn-pehoeji": null, "name:nan-Latn-tailo": null, "network:wikipedia": null, "loc_ref": null, "review:PTX": null, "oneway": null, "ref:en": null, "ref:zh": null, "surface": "sett", "incline": "up", "sac_scale": "hiking", "trail_visibility": "excellent", "lanes": null, "sidewalk:right": null, "service": null, "name:lzh": null, "bicycle": null, "tracktype": null, "sidewalk": null, "access": null, "bridge": "no", "layer": null, "lane_markings": null, "name:ja": null, "tunnel": null, "handrail": null, "ramp": null, "step_count": null, "bridge:structure": null, "motor_vehicle": null, "cycleway:both": null, "foot": null, "footway": null, "wikidata": null, "horse": null, "maxspeed": null, "width": null, "informal": null, "motorcycle": null, "note:surface": null, "visibility": null, "area": null, "obstacle": null, "leisure": null, "surface_1": null, "bridge:support": null, "ford": null, "survey_date": null, "fixme": null, "man_made": null, "material": null, "operator": null, "operator:type": null, "vehicle": null, "emergency": null, "waterway": null, "bridge:name": null, "covered": null, "sidewalk:left": null, "smoothness": null, "name_display": "七星山步道冷水坑線", "highway_raw": "steps", "highway_category": "steps", "way_id_str": "('way', 1227691460)", "source_type": "named", "orig_index": "1484", "orig_name": "七星山步道冷水坑線", "bridge_flag": "False", "steps_flag": "True", "version": null, "changeset": null, "timestamp": null, "user": null, "uid": null, "highway_api": null, "surface_api": null, "trail_visibility_api": null, "bridge_api": null, "node_ids_str": null, "way_id_norm": "1227691460", "way_id_original": "('way', 1227691460)", "steps": "", "node_ids": [ ], "start_node": null, "end_node": null, "route_seq": -1.0, "distance_m": 32.607978313622539, "from_x": 305993.23576221376, "from_y": 2784637.2247961122, "to_x": 306003.80651385704, "to_y": 2784662.5903097061, "from_node_id": "('way', 1227691460)_start", "to_node_id": "('way', 1227691459)_start" }, "geometry": { "type": "LineString", "coordinates": [ [ 121.5554757, 25.1692281 ], [ 121.555495099999987, 25.1692871 ], [ 121.555489300000019, 25.1693052 ], [ 121.5555158, 25.1693241 ], [ 121.555513100000013, 25.1693378 ], [ 121.5555294, 25.1693452 ], [ 121.55552710000002, 25.1693549 ], [ 121.5555195, 25.1693642 ], [ 121.5555256, 25.1693955 ], [ 121.555521, 25.169416 ], [ 121.5555292, 25.169422 ], [ 121.555558199999979, 25.1694209 ], [ 121.5555702, 25.169431 ], [ 121.5555816, 25.1694567 ] ] } },
{ "type": "Feature", "properties": { "index": 9, "way_id": "('way', 1227691461)", "element": "way", "id": "1227691461", "highway": "footway", "crossing": null, "bus": null, "description": null, "name": "七星山步道冷水坑線", "name:en": null, "name:zh": null, "name:zh-Hans": null, "name:zh-Hant": null, "network": null, "public_transport": null, "ref": null, "shelter": null, "ele": null, "local_ref": null, "bench": null, "network:en": null, "network:nan": null, "network:nan-Hant": null, "network:nan-Latn-pehoeji": null, "network:nan-Latn-tailo": null, "network:wikidata": null, "network:zh": null, "wheelchair": null, "old_name": null, "old_name:en": null, "old_name:zh": null, "bin": null, "check_date:shelter": null, "note": null, "lit": null, "passenger_information_display": null, "source": null, "alt_name": null, "alt_name:en": null, "crossing:markings": null, "crossing:island": null, "crossing:signals": null, "distance": null, "information": null, "tourism": null, "nat_ref": null, "level": null, "crossing_ref": null, "name:nan": null, "name:nan-Hant": null, "name:nan-Latn-pehoeji": null, "name:nan-Latn-tailo": null, "network:wikipedia": null, "loc_ref": null, "review:PTX": null, "oneway": null, "ref:en": null, "ref:zh": null, "surface": "sett", "incline": "up", "sac_scale": "hiking", "trail_visibility": "excellent", "lanes": null, "sidewalk:right": null, "service": null, "name:lzh": null, "bicycle": null, "tracktype": null, "sidewalk": null, "access": null, "bridge": "no", "layer": null, "lane_markings": null, "name:ja": null, "tunnel": null, "handrail": null, "ramp": null, "step_count": null, "bridge:structure": null, "motor_vehicle": null, "cycleway:both": null, "foot": null, "footway": null, "wikidata": null, "horse": null, "maxspeed": null, "width": null, "informal": null, "motorcycle": null, "note:surface": null, "visibility": null, "area": null, "obstacle": null, "leisure": null, "surface_1": null, "bridge:support": null, "ford": null, "survey_date": null, "fixme": null, "man_made": null, "material": null, "operator": null, "operator:type": null, "vehicle": null, "emergency": null, "waterway": null, "bridge:name": null, "covered": null, "sidewalk:left": null, "smoothness": null, "name_display": "七星山步道冷水坑線", "highway_raw": "footway", "highway_category": "trail", "way_id_str": "('way', 1227691461)", "source_type": "named", "orig_index": "1485", "orig_name": "七星山步道冷水坑線", "bridge_flag": "False", "steps_flag": "False", "version": null, "changeset": null, "timestamp": null, "user": null, "uid": null, "highway_api": null, "surface_api": null, "trail_visibility_api": null, "bridge_api": null, "node_ids_str": null, "way_id_norm": "1227691461", "way_id_original": "('way', 1227691461)", "steps": "", "node_ids": [ ], "start_node": null, "end_node": null, "route_seq": -1.0, "distance_m": 42.268196937189963, "from_x": 305985.44167398231, "from_y": 2784598.5340846721, "to_x": 305993.23576221376, "to_y": 2784637.2247961122, "from_node_id": "('way', 1227691461)_start", "to_node_id": "('way', 1227691460)_start" }, "geometry": { "type": "LineString", "coordinates": [ [ 121.5553968, 25.1688791 ], [ 121.555371100000016, 25.1689475 ], [ 121.5553787, 25.1689724 ], [ 121.5553883, 25.1689902 ], [ 121.555380500000012, 25.1690193 ], [ 121.5553963, 25.1691056 ], [ 121.5554048, 25.1691196 ], [ 121.5554317, 25.1691515 ], [ 121.5554691, 25.1691899 ], [ 121.5554757, 25.1692281 ] ] } },
{ "type": "Feature", "properties": { "index": 10, "way_id": "('way', 1227691462)", "element": "way", "id": "1227691462", "highway": "steps", "crossing": null, "bus": null, "description": null, "name": "七星山步道冷水坑線", "name:en": null, "name:zh": null, "name:zh-Hans": null, "name:zh-Hant": null, "network": null, "public_transport": null, "ref": null, "shelter": null, "ele": null, "local_ref": null, "bench": null, "network:en": null, "network:nan": null, "network:nan-Hant": null, "network:nan-Latn-pehoeji": null, "network:nan-Latn-tailo": null, "network:wikidata": null, "network:zh": null, "wheelchair": null, "old_name": null, "old_name:en": null, "old_name:zh": null, "bin": null, "check_date:shelter": null, "note": null, "lit": null, "passenger_information_display": null, "source": null, "alt_name": null, "alt_name:en": null, "crossing:markings": null, "crossing:island": null, "crossing:signals": null, "distance": null, "information": null, "tourism": null, "nat_ref": null, "level": null, "crossing_ref": null, "name:nan": null, "name:nan-Hant": null, "name:nan-Latn-pehoeji": null, "name:nan-Latn-tailo": null, "network:wikipedia": null, "loc_ref": null, "review:PTX": null, "oneway": null, "ref:en": null, "ref:zh": null, "surface": "sett", "incline": "up", "sac_scale": "hiking", "trail_visibility": "excellent", "lanes": null, "sidewalk:right": null, "service": null, "name:lzh": null, "bicycle": null, "tracktype": null, "sidewalk": null, "access": null, "bridge": "no", "layer": null, "lane_markings": null, "name:ja": null, "tunnel": null, "handrail": null, "ramp": null, "step_count": null, "bridge:structure": null, "motor_vehicle": null, "cycleway:both": null, "foot": null, "footway": null, "wikidata": null, "horse": null, "maxspeed": null, "width": null, "informal": null, "motorcycle": null, "note:surface": null, "visibility": null, "area": null, "obstacle": null, "leisure": null, "surface_1": null, "bridge:support": null, "ford": null, "survey_date": null, "fixme": null, "man_made": null, "material": null, "operator": null, "operator:type": null, "vehicle": null, "emergency": null, "waterway": null, "bridge:name": null, "covered": null, "sidewalk:left": null, "smoothness": null, "name_display": "七星山步道冷水坑線", "highway_raw": "steps", "highway_category": "steps", "way_id_str": "('way', 1227691462)", "source_type": "named", "orig_index": "1486", "orig_name": "七星山步道冷水坑線", "bridge_flag": "False", "steps_flag": "True", "version": null, "changeset": null, "timestamp": null, "user": null, "uid": null, "highway_api": null, "surface_api": null, "trail_visibility_api": null, "bridge_api": null, "node_ids_str": null, "way_id_norm": "1227691462", "way_id_original": "('way', 1227691462)", "steps": "", "node_ids": [ ], "start_node": null, "end_node": null, "route_seq": -1.0, "distance_m": 15.3959846639451, "from_x": 305983.4067666193, "from_y": 2784583.527497761, "to_x": 305985.44167398231, "to_y": 2784598.5340846721, "from_node_id": "('way', 1227691462)_start", "to_node_id": "('way', 1227691461)_start" }, "geometry": { "type": "LineString", "coordinates": [ [ 121.555376, 25.1687437 ], [ 121.5553753, 25.1687547 ], [ 121.5553848, 25.1688064 ], [ 121.5553796, 25.168828 ], [ 121.5553914, 25.1688631 ], [ 121.5553968, 25.1688791 ] ] } },
{ "type": "Feature", "properties": { "index": 11, "way_id": "('way', 1227691463)", "element": "way", "id": "1227691463", "highway": "footway", "crossing": null, "bus": null, "description": null, "name": "七星山步道冷水坑線", "name:en": null, "name:zh": null, "name:zh-Hans": null, "name:zh-Hant": null, "network": null, "public_transport": null, "ref": null, "shelter": null, "ele": null, "local_ref": null, "bench": null, "network:en": null, "network:nan": null, "network:nan-Hant": null, "network:nan-Latn-pehoeji": null, "network:nan-Latn-tailo": null, "network:wikidata": null, "network:zh": null, "wheelchair": null, "old_name": null, "old_name:en": null, "old_name:zh": null, "bin": null, "check_date:shelter": null, "note": null, "lit": null, "passenger_information_display": null, "source": null, "alt_name": null, "alt_name:en": null, "crossing:markings": null, "crossing:island": null, "crossing:signals": null, "distance": null, "information": null, "tourism": null, "nat_ref": null, "level": null, "crossing_ref": null, "name:nan": null, "name:nan-Hant": null, "name:nan-Latn-pehoeji": null, "name:nan-Latn-tailo": null, "network:wikipedia": null, "loc_ref": null, "review:PTX": null, "oneway": null, "ref:en": null, "ref:zh": null, "surface": "sett", "incline": "up", "sac_scale": "hiking", "trail_visibility": "excellent", "lanes": null, "sidewalk:right": null, "service": null, "name:lzh": null, "bicycle": null, "tracktype": null, "sidewalk": null, "access": null, "bridge": "no", "layer": null, "lane_markings": null, "name:ja": null, "tunnel": null, "handrail": null, "ramp": null, "step_count": null, "bridge:structure": null, "motor_vehicle": null, "cycleway:both": null, "foot": null, "footway": null, "wikidata": null, "horse": null, "maxspeed": null, "width": null, "informal": null, "motorcycle": null, "note:surface": null, "visibility": null, "area": null, "obstacle": null, "leisure": null, "surface_1": null, "bridge:support": null, "ford": null, "survey_date": null, "fixme": null, "man_made": null, "material": null, "operator": null, "operator:type": null, "vehicle": null, "emergency": null, "waterway": null, "bridge:name": null, "covered": null, "sidewalk:left": null, "smoothness": null, "name_display": "七星山步道冷水坑線", "highway_raw": "footway", "highway_category": "trail", "way_id_str": "('way', 1227691463)", "source_type": "named", "orig_index": "1487", "orig_name": "七星山步道冷水坑線", "bridge_flag": "False", "steps_flag": "False", "version": null, "changeset": null, "timestamp": null, "user": null, "uid": null, "highway_api": null, "surface_api": null, "trail_visibility_api": null, "bridge_api": null, "node_ids_str": null, "way_id_norm": "1227691463", "way_id_original": "('way', 1227691463)", "steps": "", "node_ids": [ ], "start_node": null, "end_node": null, "route_seq": -1.0, "distance_m": 28.938026134177946, "from_x": 306005.35931318748, "from_y": 2784567.1687352182, "to_x": 305983.4067666193, "to_y": 2784583.527497761, "from_node_id": "('way', 1227691463)_start", "to_node_id": "('way', 1227691462)_start" }, "geometry": { "type": "LineString", "coordinates": [ [ 121.5555931, 25.1685952 ], [ 121.5555358, 25.1686057 ], [ 121.5555091, 25.1686169 ], [ 121.5554936, 25.1686375 ], [ 121.555431100000021, 25.1686685 ], [ 121.55541460000002, 25.1686822 ], [ 121.555399300000019, 25.1687142 ], [ 121.555376, 25.1687437 ] ] } },
{ "type": "Feature", "properties": { "index": 12, "way_id": "('way', 1227691464)", "element": "way", "id": "1227691464", "highway": "steps", "crossing": null, "bus": null, "description": null, "name": "七星山步道冷水坑線", "name:en": null, "name:zh": null, "name:zh-Hans": null, "name:zh-Hant": null, "network": null, "public_transport": null, "ref": null, "shelter": null, "ele": null, "local_ref": null, "bench": null, "network:en": null, "network:nan": null, "network:nan-Hant": null, "network:nan-Latn-pehoeji": null, "network:nan-Latn-tailo": null, "network:wikidata": null, "network:zh": null, "wheelchair": null, "old_name": null, "old_name:en": null, "old_name:zh": null, "bin": null, "check_date:shelter": null, "note": null, "lit": null, "passenger_information_display": null, "source": null, "alt_name": null, "alt_name:en": null, "crossing:markings": null, "crossing:island": null, "crossing:signals": null, "distance": null, "information": null, "tourism": null, "nat_ref": null, "level": null, "crossing_ref": null, "name:nan": null, "name:nan-Hant": null, "name:nan-Latn-pehoeji": null, "name:nan-Latn-tailo": null, "network:wikipedia": null, "loc_ref": null, "review:PTX": null, "oneway": null, "ref:en": null, "ref:zh": null, "surface": "sett", "incline": "up", "sac_scale": "hiking", "trail_visibility": "excellent", "lanes": null, "sidewalk:right": null, "service": null, "name:lzh": null, "bicycle": null, "tracktype": null, "sidewalk": null, "access": null, "bridge": "no", "layer": null, "lane_markings": null, "name:ja": null, "tunnel": null, "handrail": null, "ramp": null, "step_count": null, "bridge:structure": null, "motor_vehicle": null, "cycleway:both": null, "foot": null, "footway": null, "wikidata": null, "horse": null, "maxspeed": null, "width": null, "informal": null, "motorcycle": null, "note:surface": null, "visibility": null, "area": null, "obstacle": null, "leisure": null, "surface_1": null, "bridge:support": null, "ford": null, "survey_date": null, "fixme": null, "man_made": null, "material": null, "operator": null, "operator:type": null, "vehicle": null, "emergency": null, "waterway": null, "bridge:name": null, "covered": null, "sidewalk:left": null, "smoothness": null, "name_display": "七星山步道冷水坑線", "highway_raw": "steps", "highway_category": "steps", "way_id_str": "('way', 1227691464)", "source_type": "named", "orig_index": "1488", "orig_name": "七星山步道冷水坑線", "bridge_flag": "False", "steps_flag": "True", "version": null, "changeset": null, "timestamp": null, "user": null, "uid": null, "highway_api": null, "surface_api": null, "trail_visibility_api": null, "bridge_api": null, "node_ids_str": null, "way_id_norm": "1227691464", "way_id_original": "('way', 1227691464)", "steps": "", "node_ids": [ ], "start_node": null, "end_node": null, "route_seq": -1.0, "distance_m": 85.061935628544987, "from_x": 306033.98474456911, "from_y": 2784528.9605512521, "to_x": 306005.35931318748, "to_y": 2784567.1687352182, "from_node_id": "('way', 1227691464)_start", "to_node_id": "('way', 1227691463)_start" }, "geometry": { "type": "LineString", "coordinates": [ [ 121.555875500000013, 25.1682492 ], [ 121.555875, 25.1682674 ], [ 121.5558865, 25.1682837 ], [ 121.555916, 25.168286 ], [ 121.555934, 25.1682989 ], [ 121.555946300000016, 25.168315 ], [ 121.5559462, 25.1683206 ], [ 121.55593829999998, 25.1683426 ], [ 121.5559314, 25.1683716 ], [ 121.555899200000013, 25.1684146 ], [ 121.5558639, 25.1684263 ], [ 121.555851500000017, 25.1684183 ], [ 121.555835, 25.1683887 ], [ 121.555839, 25.1683687 ], [ 121.5558231, 25.168368 ], [ 121.5557934, 25.1683672 ], [ 121.5557661, 25.1683593 ], [ 121.555739399999979, 25.1683827 ], [ 121.55570849999998, 25.1683817 ], [ 121.5556869, 25.1683889 ], [ 121.555634800000021, 25.1684219 ], [ 121.5555985, 25.1684645 ], [ 121.5555973, 25.168481 ], [ 121.55562070000002, 25.1684756 ], [ 121.555638800000011, 25.1684814 ], [ 121.5556423, 25.1684976 ], [ 121.55562, 25.1685384 ], [ 121.5556128, 25.1685637 ], [ 121.55561609999998, 25.1685814 ], [ 121.5556094, 25.168590900000012 ], [ 121.5555931, 25.1685952 ] ] } },
{ "type": "Feature", "properties": { "index": 13, "way_id": "('way', 1227691465)", "element": "way", "id": "1227691465", "highway": "steps", "crossing": null, "bus": null, "description": null, "name": "七星山步道冷水坑線", "name:en": null, "name:zh": null, "name:zh-Hans": null, "name:zh-Hant": null, "network": null, "public_transport": null, "ref": null, "shelter": null, "ele": null, "local_ref": null, "bench": null, "network:en": null, "network:nan": null, "network:nan-Hant": null, "network:nan-Latn-pehoeji": null, "network:nan-Latn-tailo": null, "network:wikidata": null, "network:zh": null, "wheelchair": null, "old_name": null, "old_name:en": null, "old_name:zh": null, "bin": null, "check_date:shelter": null, "note": null, "lit": null, "passenger_information_display": null, "source": null, "alt_name": null, "alt_name:en": null, "crossing:markings": null, "crossing:island": null, "crossing:signals": null, "distance": null, "information": null, "tourism": null, "nat_ref": null, "level": null, "crossing_ref": null, "name:nan": null, "name:nan-Hant": null, "name:nan-Latn-pehoeji": null, "name:nan-Latn-tailo": null, "network:wikipedia": null, "loc_ref": null, "review:PTX": null, "oneway": null, "ref:en": null, "ref:zh": null, "surface": "paving_stones", "incline": "up", "sac_scale": "hiking", "trail_visibility": "excellent", "lanes": null, "sidewalk:right": null, "service": null, "name:lzh": null, "bicycle": null, "tracktype": null, "sidewalk": null, "access": null, "bridge": "no", "layer": null, "lane_markings": null, "name:ja": null, "tunnel": null, "handrail": null, "ramp": null, "step_count": null, "bridge:structure": null, "motor_vehicle": null, "cycleway:both": null, "foot": null, "footway": null, "wikidata": null, "horse": null, "maxspeed": null, "width": null, "informal": null, "motorcycle": null, "note:surface": null, "visibility": null, "area": null, "obstacle": null, "leisure": null, "surface_1": null, "bridge:support": null, "ford": null, "survey_date": null, "fixme": null, "man_made": null, "material": null, "operator": null, "operator:type": null, "vehicle": null, "emergency": null, "waterway": null, "bridge:name": null, "covered": null, "sidewalk:left": null, "smoothness": null, "name_display": "七星山步道冷水坑線", "highway_raw": "steps", "highway_category": "steps", "way_id_str": "('way', 1227691465)", "source_type": "named", "orig_index": "1489", "orig_name": "七星山步道冷水坑線", "bridge_flag": "False", "steps_flag": "True", "version": null, "changeset": null, "timestamp": null, "user": null, "uid": null, "highway_api": null, "surface_api": null, "trail_visibility_api": null, "bridge_api": null, "node_ids_str": null, "way_id_norm": "1227691465", "way_id_original": "('way', 1227691465)", "steps": "", "node_ids": [ ], "start_node": null, "end_node": null, "route_seq": -1.0, "distance_m": 266.9385682403136, "from_x": 306113.90952624183, "from_y": 2784383.7836691192, "to_x": 306033.98474456911, "to_y": 2784528.9605512521, "from_node_id": "('way', 1227691465)_start", "to_node_id": "('way', 1227691464)_start" }, "geometry": { "type": "LineString", "coordinates": [ [ 121.5566624, 25.1669356 ], [ 121.556657, 25.166946 ], [ 121.556652, 25.1669552 ], [ 121.5566365, 25.1669661 ], [ 121.5565238, 25.1670218 ], [ 121.5565022, 25.1670357 ], [ 121.5564874, 25.1670536 ], [ 121.556484200000014, 25.1670795 ], [ 121.556493, 25.1671063 ], [ 121.5565288, 25.1671757 ], [ 121.5565396, 25.1671936 ], [ 121.556539, 25.1672105 ], [ 121.5565315, 25.1672261 ], [ 121.5564988, 25.167264 ], [ 121.5564757, 25.1673204 ], [ 121.556474300000019, 25.16734 ], [ 121.5564856, 25.1673621 ], [ 121.5564883, 25.1673829 ], [ 121.5564822, 25.167404 ], [ 121.5564613, 25.1674123 ], [ 121.5564391, 25.1674128 ], [ 121.556430800000015, 25.1674253 ], [ 121.556418900000011, 25.1674306 ], [ 121.556397299999986, 25.1674211 ], [ 121.5563971, 25.1674412 ], [ 121.556402, 25.167472 ], [ 121.556387, 25.1675201 ], [ 121.5563969, 25.1675564 ], [ 121.5564259, 25.167615 ], [ 121.5564372, 25.1676346 ], [ 121.556440400000014, 25.1676487 ], [ 121.5564313, 25.1676562 ], [ 121.556398800000011, 25.1676499 ], [ 121.55638350000001, 25.1676595 ], [ 121.5563884, 25.167676 ], [ 121.556398499999986, 25.167692 ], [ 121.556394, 25.1677118 ], [ 121.55637950000002, 25.1677199 ], [ 121.5563296, 25.167737 ], [ 121.556314, 25.1677502 ], [ 121.556308, 25.1677597 ], [ 121.5563174, 25.1677798 ], [ 121.556338400000016, 25.1678016 ], [ 121.556376, 25.1678198 ], [ 121.5563934, 25.1678312 ], [ 121.556396600000014, 25.16785 ], [ 121.556398700000017, 25.1678708 ], [ 121.5563689, 25.1678935 ], [ 121.5563383, 25.1678892 ], [ 121.556241500000013, 25.1678888 ], [ 121.55625, 25.1679279 ], [ 121.556240099999982, 25.1679546 ], [ 121.5562483, 25.1679914 ], [ 121.5562527, 25.1680511 ], [ 121.556199800000016, 25.1680562 ], [ 121.5562093, 25.1680885 ], [ 121.5562189, 25.1681096 ], [ 121.556166500000018, 25.1681106 ], [ 121.556148800000017, 25.1681002 ], [ 121.5561409, 25.1680941 ], [ 121.556136800000019, 25.1681017 ], [ 121.55615210000002, 25.1681506 ], [ 121.556093300000015, 25.1681614 ], [ 121.5560631, 25.1681466 ], [ 121.5560556, 25.1681458 ], [ 121.5560532, 25.1681581 ], [ 121.556083700000016, 25.1682218 ], [ 121.556100200000017, 25.1682407 ], [ 121.556084900000016, 25.1682424 ], [ 121.556061200000016, 25.1682312 ], [ 121.555986500000017, 25.1681671 ], [ 121.555984199999983, 25.16818 ], [ 121.555990199999982, 25.16821 ], [ 121.5559885, 25.1682699 ], [ 121.5559777, 25.1682754 ], [ 121.555937, 25.1682425 ], [ 121.5558766, 25.1682202 ], [ 121.555875500000013, 25.1682492 ] ] } },
{ "type": "Feature", "properties": { "index": 14, "way_id": "('way', 1227691466)", "element": "way", "id": "1227691466", "highway": "footway", "crossing": null, "bus": null, "description": null, "name": "七星山步道冷水坑線", "name:en": null, "name:zh": null, "name:zh-Hans": null, "name:zh-Hant": null, "network": null, "public_transport": null, "ref": null, "shelter": null, "ele": null, "local_ref": null, "bench": null, "network:en": null, "network:nan": null, "network:nan-Hant": null, "network:nan-Latn-pehoeji": null, "network:nan-Latn-tailo": null, "network:wikidata": null, "network:zh": null, "wheelchair": null, "old_name": null, "old_name:en": null, "old_name:zh": null, "bin": null, "check_date:shelter": null, "note": null, "lit": null, "passenger_information_display": null, "source": null, "alt_name": null, "alt_name:en": null, "crossing:markings": null, "crossing:island": null, "crossing:signals": null, "distance": null, "information": null, "tourism": null, "nat_ref": null, "level": null, "crossing_ref": null, "name:nan": null, "name:nan-Hant": null, "name:nan-Latn-pehoeji": null, "name:nan-Latn-tailo": null, "network:wikipedia": null, "loc_ref": null, "review:PTX": null, "oneway": null, "ref:en": null, "ref:zh": null, "surface": "sett", "incline": "up", "sac_scale": "hiking", "trail_visibility": "excellent", "lanes": null, "sidewalk:right": null, "service": null, "name:lzh": null, "bicycle": null, "tracktype": null, "sidewalk": null, "access": null, "bridge": "no", "layer": null, "lane_markings": null, "name:ja": null, "tunnel": null, "handrail": null, "ramp": null, "step_count": null, "bridge:structure": null, "motor_vehicle": null, "cycleway:both": null, "foot": null, "footway": null, "wikidata": null, "horse": null, "maxspeed": null, "width": null, "informal": null, "motorcycle": null, "note:surface": null, "visibility": null, "area": null, "obstacle": null, "leisure": null, "surface_1": null, "bridge:support": null, "ford": null, "survey_date": null, "fixme": null, "man_made": null, "material": null, "operator": null, "operator:type": null, "vehicle": null, "emergency": null, "waterway": null, "bridge:name": null, "covered": null, "sidewalk:left": null, "smoothness": null, "name_display": "七星山步道冷水坑線", "highway_raw": "footway", "highway_category": "trail", "way_id_str": "('way', 1227691466)", "source_type": "named", "orig_index": "1490", "orig_name": "七星山步道冷水坑線", "bridge_flag": "False", "steps_flag": "False", "version": null, "changeset": null, "timestamp": null, "user": null, "uid": null, "highway_api": null, "surface_api": null, "trail_visibility_api": null, "bridge_api": null, "node_ids_str": null, "way_id_norm": "1227691466", "way_id_original": "('way', 1227691466)", "steps": "", "node_ids": [ ], "start_node": null, "end_node": null, "route_seq": -1.0, "distance_m": 35.523333115990894, "from_x": 306100.2856100995, "from_y": 2784353.2103750054, "to_x": 306113.90952624183, "to_y": 2784383.7836691192, "from_node_id": "('way', 1227691466)_start", "to_node_id": "('way', 1227691465)_start" }, "geometry": { "type": "LineString", "coordinates": [ [ 121.556526, 25.1666601 ], [ 121.556542799999988, 25.1666733 ], [ 121.5565652, 25.1667097 ], [ 121.556612699999988, 25.1667451 ], [ 121.55662980000001, 25.1667702 ], [ 121.5566443, 25.1668003 ], [ 121.5566636, 25.1668334 ], [ 121.556669600000021, 25.1668686 ], [ 121.5566665, 25.1669146 ], [ 121.5566624, 25.1669356 ] ] } },
{ "type": "Feature", "properties": { "index": 15, "way_id": "('way', 1227691468)", "element": "way", "id": "1227691468", "highway": "steps", "crossing": null, "bus": null, "description": null, "name": "七星山步道冷水坑線", "name:en": null, "name:zh": null, "name:zh-Hans": null, "name:zh-Hant": null, "network": null, "public_transport": null, "ref": null, "shelter": null, "ele": null, "local_ref": null, "bench": null, "network:en": null, "network:nan": null, "network:nan-Hant": null, "network:nan-Latn-pehoeji": null, "network:nan-Latn-tailo": null, "network:wikidata": null, "network:zh": null, "wheelchair": null, "old_name": null, "old_name:en": null, "old_name:zh": null, "bin": null, "check_date:shelter": null, "note": null, "lit": null, "passenger_information_display": null, "source": null, "alt_name": null, "alt_name:en": null, "crossing:markings": null, "crossing:island": null, "crossing:signals": null, "distance": null, "information": null, "tourism": null, "nat_ref": null, "level": null, "crossing_ref": null, "name:nan": null, "name:nan-Hant": null, "name:nan-Latn-pehoeji": null, "name:nan-Latn-tailo": null, "network:wikipedia": null, "loc_ref": null, "review:PTX": null, "oneway": null, "ref:en": null, "ref:zh": null, "surface": "sett", "incline": "up", "sac_scale": "hiking", "trail_visibility": "excellent", "lanes": null, "sidewalk:right": null, "service": null, "name:lzh": null, "bicycle": null, "tracktype": null, "sidewalk": null, "access": null, "bridge": "no", "layer": null, "lane_markings": null, "name:ja": null, "tunnel": null, "handrail": null, "ramp": null, "step_count": null, "bridge:structure": null, "motor_vehicle": null, "cycleway:both": null, "foot": null, "footway": null, "wikidata": null, "horse": null, "maxspeed": null, "width": null, "informal": null, "motorcycle": null, "note:surface": null, "visibility": null, "area": null, "obstacle": null, "leisure": null, "surface_1": null, "bridge:support": null, "ford": null, "survey_date": null, "fixme": null, "man_made": null, "material": null, "operator": null, "operator:type": null, "vehicle": null, "emergency": null, "waterway": null, "bridge:name": null, "covered": null, "sidewalk:left": null, "smoothness": null, "name_display": "七星山步道冷水坑線", "highway_raw": "steps", "highway_category": "steps", "way_id_str": "('way', 1227691468)", "source_type": "named", "orig_index": "1492", "orig_name": "七星山步道冷水坑線", "bridge_flag": "False", "steps_flag": "True", "version": null, "changeset": null, "timestamp": null, "user": null, "uid": null, "highway_api": null, "surface_api": null, "trail_visibility_api": null, "bridge_api": null, "node_ids_str": null, "way_id_norm": "1227691468", "way_id_original": "('way', 1227691468)", "steps": "", "node_ids": [ ], "start_node": null, "end_node": null, "route_seq": -1.0, "distance_m": 105.50079012314336, "from_x": 306139.21818458219, "from_y": 2784272.620249921, "to_x": 306100.2856100995, "to_y": 2784353.2103750054, "from_node_id": "('way', 53472035)_end", "to_node_id": "('way', 1227691466)_start" }, "geometry": { "type": "LineString", "coordinates": [ [ 121.5569089, 25.1659311 ], [ 121.5568985, 25.1659198 ], [ 121.556883, 25.1659219 ], [ 121.5568696, 25.1659402 ], [ 121.556871200000018, 25.165967 ], [ 121.556877899999989, 25.1659903 ], [ 121.5568695, 25.1660105 ], [ 121.5568363, 25.1660259 ], [ 121.5568228, 25.1660488 ], [ 121.5568211, 25.1660649 ], [ 121.5568042, 25.1660825 ], [ 121.5567943, 25.1661099 ], [ 121.5567971, 25.1661312 ], [ 121.5568102, 25.1661506 ], [ 121.5567981, 25.1661886 ], [ 121.5567749, 25.1662174 ], [ 121.5567602, 25.1662398 ], [ 121.5566988, 25.1662715 ], [ 121.556687399999987, 25.1662841 ], [ 121.55667960000001, 25.1663074 ], [ 121.556641500000012, 25.166339 ], [ 121.5566173, 25.1663407 ], [ 121.55658320000002, 25.1663526 ], [ 121.556577500000017, 25.1663828 ], [ 121.556571600000012, 25.166396 ], [ 121.5565649, 25.1664224 ], [ 121.5565414, 25.1664834 ], [ 121.5565348, 25.1665303 ], [ 121.556500700000015, 25.1665954 ], [ 121.5564913, 25.166632 ], [ 121.556491, 25.1666538 ], [ 121.556526, 25.1666601 ] ] } },
{ "type": "Feature", "properties": { "index": 16, "way_id": "('way', 1227691470)", "element": "way", "id": "1227691470", "highway": "footway", "crossing": null, "bus": null, "description": null, "name": "七星山步道冷水坑線", "name:en": null, "name:zh": null, "name:zh-Hans": null, "name:zh-Hant": null, "network": null, "public_transport": null, "ref": null, "shelter": null, "ele": null, "local_ref": null, "bench": null, "network:en": null, "network:nan": null, "network:nan-Hant": null, "network:nan-Latn-pehoeji": null, "network:nan-Latn-tailo": null, "network:wikidata": null, "network:zh": null, "wheelchair": null, "old_name": null, "old_name:en": null, "old_name:zh": null, "bin": null, "check_date:shelter": null, "note": null, "lit": null, "passenger_information_display": null, "source": null, "alt_name": null, "alt_name:en": null, "crossing:markings": null, "crossing:island": null, "crossing:signals": null, "distance": null, "information": null, "tourism": null, "nat_ref": null, "level": null, "crossing_ref": null, "name:nan": null, "name:nan-Hant": null, "name:nan-Latn-pehoeji": null, "name:nan-Latn-tailo": null, "network:wikipedia": null, "loc_ref": null, "review:PTX": null, "oneway": null, "ref:en": null, "ref:zh": null, "surface": "concrete", "incline": null, "sac_scale": "hiking", "trail_visibility": "excellent", "lanes": null, "sidewalk:right": null, "service": null, "name:lzh": null, "bicycle": null, "tracktype": null, "sidewalk": null, "access": null, "bridge": "no", "layer": null, "lane_markings": null, "name:ja": null, "tunnel": null, "handrail": null, "ramp": null, "step_count": null, "bridge:structure": null, "motor_vehicle": null, "cycleway:both": null, "foot": null, "footway": null, "wikidata": null, "horse": null, "maxspeed": null, "width": null, "informal": null, "motorcycle": null, "note:surface": null, "visibility": null, "area": null, "obstacle": null, "leisure": null, "surface_1": null, "bridge:support": null, "ford": null, "survey_date": null, "fixme": null, "man_made": null, "material": null, "operator": null, "operator:type": null, "vehicle": null, "emergency": null, "waterway": null, "bridge:name": null, "covered": null, "sidewalk:left": null, "smoothness": null, "name_display": "七星山步道冷水坑線", "highway_raw": "footway", "highway_category": "trail", "way_id_str": "('way', 1227691470)", "source_type": "named", "orig_index": "1493", "orig_name": "七星山步道冷水坑線", "bridge_flag": "False", "steps_flag": "False", "version": null, "changeset": null, "timestamp": null, "user": null, "uid": null, "highway_api": null, "surface_api": null, "trail_visibility_api": null, "bridge_api": null, "node_ids_str": null, "way_id_norm": "1227691470", "way_id_original": "('way', 1227691470)", "steps": "", "node_ids": [ ], "start_node": null, "end_node": null, "route_seq": -1.0, "distance_m": 35.347359503033296, "from_x": 306317.30833099532, "from_y": 2784221.2515346026, "to_x": 306296.98578980617, "to_y": 2784196.7869026246, "from_node_id": "('way', 1227691470)_start", "to_node_id": "('way', 53472035)_start" }, "geometry": { "type": "LineString", "coordinates": [ [ 121.5586734, 25.1654607 ], [ 121.558637, 25.1654586 ], [ 121.558585, 25.1654246 ], [ 121.5585276, 25.1653818 ], [ 121.5584783, 25.1653305 ], [ 121.55848, 25.1652998 ], [ 121.558482499999982, 25.1652689 ], [ 121.558470799999981, 25.1652406 ] ] } },
{ "type": "Feature", "properties": { "index": 17, "way_id": "('way', 1227705216)", "element": "way", "id": "1227705216", "highway": "steps", "crossing": null, "bus": null, "description": null, "name": "七星山步道冷水坑線", "name:en": null, "name:zh": null, "name:zh-Hans": null, "name:zh-Hant": null, "network": null, "public_transport": null, "ref": null, "shelter": null, "ele": null, "local_ref": null, "bench": null, "network:en": null, "network:nan": null, "network:nan-Hant": null, "network:nan-Latn-pehoeji": null, "network:nan-Latn-tailo": null, "network:wikidata": null, "network:zh": null, "wheelchair": null, "old_name": null, "old_name:en": null, "old_name:zh": null, "bin": null, "check_date:shelter": null, "note": null, "lit": null, "passenger_information_display": null, "source": null, "alt_name": null, "alt_name:en": null, "crossing:markings": null, "crossing:island": null, "crossing:signals": null, "distance": null, "information": null, "tourism": null, "nat_ref": null, "level": null, "crossing_ref": null, "name:nan": null, "name:nan-Hant": null, "name:nan-Latn-pehoeji": null, "name:nan-Latn-tailo": null, "network:wikipedia": null, "loc_ref": null, "review:PTX": null, "oneway": null, "ref:en": null, "ref:zh": null, "surface": "sett", "incline": "up", "sac_scale": "hiking", "trail_visibility": "excellent", "lanes": null, "sidewalk:right": null, "service": null, "name:lzh": null, "bicycle": null, "tracktype": null, "sidewalk": null, "access": null, "bridge": "no", "layer": null, "lane_markings": null, "name:ja": null, "tunnel": null, "handrail": null, "ramp": null, "step_count": null, "bridge:structure": null, "motor_vehicle": null, "cycleway:both": null, "foot": null, "footway": null, "wikidata": null, "horse": null, "maxspeed": null, "width": null, "informal": null, "motorcycle": null, "note:surface": null, "visibility": null, "area": null, "obstacle": null, "leisure": null, "surface_1": null, "bridge:support": null, "ford": null, "survey_date": null, "fixme": null, "man_made": null, "material": null, "operator": null, "operator:type": null, "vehicle": null, "emergency": null, "waterway": null, "bridge:name": null, "covered": null, "sidewalk:left": null, "smoothness": null, "name_display": "七星山步道冷水坑線", "highway_raw": "steps", "highway_category": "steps", "way_id_str": "('way', 1227705216)", "source_type": "named", "orig_index": "1494", "orig_name": "七星山步道冷水坑線", "bridge_flag": "False", "steps_flag": "True", "version": null, "changeset": null, "timestamp": null, "user": null, "uid": null, "highway_api": null, "surface_api": null, "trail_visibility_api": null, "bridge_api": null, "node_ids_str": null, "way_id_norm": "1227705216", "way_id_original": "('way', 1227705216)", "steps": "", "node_ids": [ ], "start_node": null, "end_node": null, "route_seq": -1.0, "distance_m": 12.15438797722549, "from_x": 306462.711830054, "from_y": 2784173.6482957774, "to_x": 306451.59217479185, "to_y": 2784168.8832906624, "from_node_id": "('way', 1227705216)_start", "to_node_id": "('way', 720961392)_start" }, "geometry": { "type": "LineString", "coordinates": [ [ 121.5601138, 25.1650255 ], [ 121.5600784, 25.1650064 ], [ 121.5600033, 25.1649829 ] ] } },
{ "type": "Feature", "properties": { "index": 18, "way_id": "('way', 1227705217)", "element": "way", "id": "1227705217", "highway": "steps", "crossing": null, "bus": null, "description": null, "name": "七星山步道冷水坑線", "name:en": null, "name:zh": null, "name:zh-Hans": null, "name:zh-Hant": null, "network": null, "public_transport": null, "ref": null, "shelter": null, "ele": null, "local_ref": null, "bench": null, "network:en": null, "network:nan": null, "network:nan-Hant": null, "network:nan-Latn-pehoeji": null, "network:nan-Latn-tailo": null, "network:wikidata": null, "network:zh": null, "wheelchair": null, "old_name": null, "old_name:en": null, "old_name:zh": null, "bin": null, "check_date:shelter": null, "note": null, "lit": null, "passenger_information_display": null, "source": null, "alt_name": null, "alt_name:en": null, "crossing:markings": null, "crossing:island": null, "crossing:signals": null, "distance": null, "information": null, "tourism": null, "nat_ref": null, "level": null, "crossing_ref": null, "name:nan": null, "name:nan-Hant": null, "name:nan-Latn-pehoeji": null, "name:nan-Latn-tailo": null, "network:wikipedia": null, "loc_ref": null, "review:PTX": null, "oneway": null, "ref:en": null, "ref:zh": null, "surface": "paving_stones", "incline": "up", "sac_scale": "hiking", "trail_visibility": "excellent", "lanes": null, "sidewalk:right": null, "service": null, "name:lzh": null, "bicycle": null, "tracktype": null, "sidewalk": null, "access": null, "bridge": "no", "layer": null, "lane_markings": null, "name:ja": null, "tunnel": null, "handrail": null, "ramp": null, "step_count": null, "bridge:structure": null, "motor_vehicle": null, "cycleway:both": null, "foot": null, "footway": null, "wikidata": null, "horse": null, "maxspeed": null, "width": null, "informal": null, "motorcycle": null, "note:surface": null, "visibility": null, "area": null, "obstacle": null, "leisure": null, "surface_1": null, "bridge:support": null, "ford": null, "survey_date": null, "fixme": null, "man_made": null, "material": null, "operator": null, "operator:type": null, "vehicle": null, "emergency": null, "waterway": null, "bridge:name": null, "covered": null, "sidewalk:left": null, "smoothness": null, "name_display": "七星山步道冷水坑線", "highway_raw": "steps", "highway_category": "steps", "way_id_str": "('way', 1227705217)", "source_type": "named", "orig_index": "1495", "orig_name": "七星山步道冷水坑線", "bridge_flag": "False", "steps_flag": "True", "version": null, "changeset": null, "timestamp": null, "user": null, "uid": null, "highway_api": null, "surface_api": null, "trail_visibility_api": null, "bridge_api": null, "node_ids_str": null, "way_id_norm": "1227705217", "way_id_original": "('way', 1227705217)", "steps": "", "node_ids": [ ], "start_node": null, "end_node": null, "route_seq": -1.0, "distance_m": 214.76935127957285, "from_x": 306598.57876723236, "from_y": 2784298.0431461949, "to_x": 306462.711830054, "to_y": 2784173.6482957774, "from_node_id": "('way', 1227705217)_start", "to_node_id": "('way', 1227705216)_start" }, "geometry": { "type": "LineString", "coordinates": [ [ 121.5614667, 25.1661434 ], [ 121.561462600000013, 25.1661223 ], [ 121.561459, 25.1660982 ], [ 121.561443, 25.1660716 ], [ 121.561396, 25.1660383 ], [ 121.5613837, 25.1660256 ], [ 121.5613732, 25.1660021 ], [ 121.561369899999988, 25.1659839 ], [ 121.561383300000017, 25.1659612 ], [ 121.561391700000016, 25.1659413 ], [ 121.5614029, 25.1658991 ], [ 121.561428, 25.1658803 ], [ 121.561439100000015, 25.1658631 ], [ 121.561437399999988, 25.1658438 ], [ 121.561419699999988, 25.1658124 ], [ 121.5614007, 25.1657791 ], [ 121.5614052, 25.1657488 ], [ 121.561401900000021, 25.1657096 ], [ 121.5613853, 25.1656729 ], [ 121.5613473, 25.1656477 ], [ 121.5612881, 25.1656178 ], [ 121.5612497, 25.165595 ], [ 121.5612441, 25.1655581 ], [ 121.561228500000013, 25.1655237 ], [ 121.561170099999984, 25.165495 ], [ 121.5611324, 25.1654565 ], [ 121.5610525, 25.1653997 ], [ 121.5609632, 25.1653442 ], [ 121.560872, 25.1652529 ], [ 121.5608051, 25.1652011 ], [ 121.560741, 25.1651647 ], [ 121.560658, 25.1650994 ], [ 121.5605377, 25.1650554 ], [ 121.5603985, 25.1650173 ], [ 121.560359300000016, 25.1650168 ], [ 121.560240599999986, 25.1650156 ], [ 121.5601441, 25.1650299 ], [ 121.5601138, 25.1650255 ] ] } },
{ "type": "Feature", "properties": { "index": 19, "way_id": "('way', 1227705218)", "element": "way", "id": "1227705218", "highway": "steps", "crossing": null, "bus": null, "description": null, "name": "七星山步道冷水坑線", "name:en": null, "name:zh": null, "name:zh-Hans": null, "name:zh-Hant": null, "network": null, "public_transport": null, "ref": null, "shelter": null, "ele": null, "local_ref": null, "bench": null, "network:en": null, "network:nan": null, "network:nan-Hant": null, "network:nan-Latn-pehoeji": null, "network:nan-Latn-tailo": null, "network:wikidata": null, "network:zh": null, "wheelchair": null, "old_name": null, "old_name:en": null, "old_name:zh": null, "bin": null, "check_date:shelter": null, "note": null, "lit": null, "passenger_information_display": null, "source": null, "alt_name": null, "alt_name:en": null, "crossing:markings": null, "crossing:island": null, "crossing:signals": null, "distance": null, "information": null, "tourism": null, "nat_ref": null, "level": null, "crossing_ref": null, "name:nan": null, "name:nan-Hant": null, "name:nan-Latn-pehoeji": null, "name:nan-Latn-tailo": null, "network:wikipedia": null, "loc_ref": null, "review:PTX": null, "oneway": null, "ref:en": null, "ref:zh": null, "surface": "sett", "incline": "up", "sac_scale": "hiking", "trail_visibility": "excellent", "lanes": null, "sidewalk:right": null, "service": null, "name:lzh": null, "bicycle": null, "tracktype": null, "sidewalk": null, "access": null, "bridge": "no", "layer": null, "lane_markings": null, "name:ja": null, "tunnel": null, "handrail": null, "ramp": null, "step_count": null, "bridge:structure": null, "motor_vehicle": null, "cycleway:both": null, "foot": null, "footway": null, "wikidata": null, "horse": null, "maxspeed": null, "width": null, "informal": null, "motorcycle": null, "note:surface": null, "visibility": null, "area": null, "obstacle": null, "leisure": null, "surface_1": null, "bridge:support": null, "ford": null, "survey_date": null, "fixme": null, "man_made": null, "material": null, "operator": null, "operator:type": null, "vehicle": null, "emergency": null, "waterway": null, "bridge:name": null, "covered": null, "sidewalk:left": null, "smoothness": null, "name_display": "七星山步道冷水坑線", "highway_raw": "steps", "highway_category": "steps", "way_id_str": "('way', 1227705218)", "source_type": "named", "orig_index": "1496", "orig_name": "七星山步道冷水坑線", "bridge_flag": "False", "steps_flag": "True", "version": null, "changeset": null, "timestamp": null, "user": null, "uid": null, "highway_api": null, "surface_api": null, "trail_visibility_api": null, "bridge_api": null, "node_ids_str": null, "way_id_norm": "1227705218", "way_id_original": "('way', 1227705218)", "steps": "", "node_ids": [ ], "start_node": null, "end_node": null, "route_seq": -1.0, "distance_m": 80.116135944663966, "from_x": 306623.51320163882, "from_y": 2784318.7391537619, "to_x": 306598.57876723236, "to_y": 2784298.0431461949, "from_node_id": "('way', 1227705218)_start", "to_node_id": "('way', 1227705217)_start" }, "geometry": { "type": "LineString", "coordinates": [ [ 121.561714900000013, 25.1663293 ], [ 121.5616709, 25.1663977 ], [ 121.561671100000012, 25.1664154 ], [ 121.5616798, 25.1664586 ], [ 121.561676700000021, 25.1664869 ], [ 121.5616695, 25.1665057 ], [ 121.5616439, 25.1665339 ], [ 121.561626100000012, 25.1665361 ], [ 121.561604499999987, 25.1665394 ], [ 121.56159190000001, 25.1665305 ], [ 121.561568799999989, 25.1665113 ], [ 121.561566, 25.166498 ], [ 121.5615695, 25.1664634 ], [ 121.5615722, 25.1664467 ], [ 121.5615536, 25.1664232 ], [ 121.5615458, 25.1663898 ], [ 121.5615306, 25.1663721 ], [ 121.5614961, 25.166339 ], [ 121.5614639, 25.1663224 ], [ 121.561453200000017, 25.1663024 ], [ 121.561438900000013, 25.166272 ], [ 121.5614349, 25.1662516 ], [ 121.5614476, 25.1662169 ], [ 121.56146170000001, 25.1661661 ], [ 121.5614667, 25.1661434 ] ] } },
{ "type": "Feature", "properties": { "index": 20, "way_id": "('way', 1227705219)", "element": "way", "id": "1227705219", "highway": "steps", "crossing": null, "bus": null, "description": null, "name": "七星山步道冷水坑線", "name:en": null, "name:zh": null, "name:zh-Hans": null, "name:zh-Hant": null, "network": null, "public_transport": null, "ref": null, "shelter": null, "ele": null, "local_ref": null, "bench": null, "network:en": null, "network:nan": null, "network:nan-Hant": null, "network:nan-Latn-pehoeji": null, "network:nan-Latn-tailo": null, "network:wikidata": null, "network:zh": null, "wheelchair": null, "old_name": null, "old_name:en": null, "old_name:zh": null, "bin": null, "check_date:shelter": null, "note": null, "lit": null, "passenger_information_display": null, "source": null, "alt_name": null, "alt_name:en": null, "crossing:markings": null, "crossing:island": null, "crossing:signals": null, "distance": null, "information": null, "tourism": null, "nat_ref": null, "level": null, "crossing_ref": null, "name:nan": null, "name:nan-Hant": null, "name:nan-Latn-pehoeji": null, "name:nan-Latn-tailo": null, "network:wikipedia": null, "loc_ref": null, "review:PTX": null, "oneway": null, "ref:en": null, "ref:zh": null, "surface": "paving_stones", "incline": "up", "sac_scale": "hiking", "trail_visibility": "excellent", "lanes": null, "sidewalk:right": null, "service": null, "name:lzh": null, "bicycle": null, "tracktype": null, "sidewalk": null, "access": null, "bridge": "no", "layer": null, "lane_markings": null, "name:ja": null, "tunnel": null, "handrail": null, "ramp": null, "step_count": null, "bridge:structure": null, "motor_vehicle": null, "cycleway:both": null, "foot": null, "footway": null, "wikidata": null, "horse": null, "maxspeed": null, "width": null, "informal": null, "motorcycle": null, "note:surface": null, "visibility": null, "area": null, "obstacle": null, "leisure": null, "surface_1": null, "bridge:support": null, "ford": null, "survey_date": null, "fixme": null, "man_made": null, "material": null, "operator": null, "operator:type": null, "vehicle": null, "emergency": null, "waterway": null, "bridge:name": null, "covered": null, "sidewalk:left": null, "smoothness": null, "name_display": "七星山步道冷水坑線", "highway_raw": "steps", "highway_category": "steps", "way_id_str": "('way', 1227705219)", "source_type": "named", "orig_index": "1497", "orig_name": "七星山步道冷水坑線", "bridge_flag": "False", "steps_flag": "True", "version": null, "changeset": null, "timestamp": null, "user": null, "uid": null, "highway_api": null, "surface_api": null, "trail_visibility_api": null, "bridge_api": null, "node_ids_str": null, "way_id_norm": "1227705219", "way_id_original": "('way', 1227705219)", "steps": "", "node_ids": [ ], "start_node": null, "end_node": null, "route_seq": -1.0, "distance_m": 91.617858134255229, "from_x": 306698.84048263368, "from_y": 2784305.9161338792, "to_x": 306623.51320163882, "to_y": 2784318.7391537619, "from_node_id": "('way', 585374844)_end", "to_node_id": "('way', 1227705218)_start" }, "geometry": { "type": "LineString", "coordinates": [ [ 121.56246160000002, 25.1662107 ], [ 121.562408, 25.1662266 ], [ 121.5623295, 25.1662286 ], [ 121.5622478, 25.1662586 ], [ 121.562229799999983, 25.1662599 ], [ 121.5622187, 25.1662256 ], [ 121.5622086, 25.1662142 ], [ 121.5621959, 25.16621 ], [ 121.5621789, 25.1662144 ], [ 121.5621686, 25.1662319 ], [ 121.562159800000018, 25.1662502 ], [ 121.5621264, 25.1662786 ], [ 121.5621015, 25.1663079 ], [ 121.5620696, 25.1663464 ], [ 121.5620354, 25.1663651 ], [ 121.5619914, 25.1663589 ], [ 121.5619455, 25.1663548 ], [ 121.5619221, 25.1663468 ], [ 121.561885300000014, 25.1663177 ], [ 121.561804900000013, 25.166293 ], [ 121.561754799999989, 25.1662956 ], [ 121.5617324, 25.1663012 ], [ 121.561714900000013, 25.1663293 ] ] } },
{ "type": "Feature", "properties": { "index": 21, "way_id": "('way', 1227705221)", "element": "way", "id": "1227705221", "highway": "footway", "crossing": null, "bus": null, "description": null, "name": "七星山步道冷水坑線", "name:en": null, "name:zh": null, "name:zh-Hans": null, "name:zh-Hant": null, "network": null, "public_transport": null, "ref": null, "shelter": null, "ele": null, "local_ref": null, "bench": null, "network:en": null, "network:nan": null, "network:nan-Hant": null, "network:nan-Latn-pehoeji": null, "network:nan-Latn-tailo": null, "network:wikidata": null, "network:zh": null, "wheelchair": null, "old_name": null, "old_name:en": null, "old_name:zh": null, "bin": null, "check_date:shelter": null, "note": null, "lit": null, "passenger_information_display": null, "source": null, "alt_name": null, "alt_name:en": null, "crossing:markings": null, "crossing:island": null, "crossing:signals": null, "distance": null, "information": null, "tourism": null, "nat_ref": null, "level": null, "crossing_ref": null, "name:nan": null, "name:nan-Hant": null, "name:nan-Latn-pehoeji": null, "name:nan-Latn-tailo": null, "network:wikipedia": null, "loc_ref": null, "review:PTX": null, "oneway": null, "ref:en": null, "ref:zh": null, "surface": "sett", "incline": null, "sac_scale": "hiking", "trail_visibility": "excellent", "lanes": null, "sidewalk:right": null, "service": null, "name:lzh": null, "bicycle": null, "tracktype": null, "sidewalk": null, "access": null, "bridge": "no", "layer": null, "lane_markings": null, "name:ja": null, "tunnel": null, "handrail": null, "ramp": null, "step_count": null, "bridge:structure": null, "motor_vehicle": null, "cycleway:both": null, "foot": null, "footway": null, "wikidata": null, "horse": null, "maxspeed": null, "width": null, "informal": null, "motorcycle": null, "note:surface": null, "visibility": null, "area": null, "obstacle": null, "leisure": null, "surface_1": null, "bridge:support": null, "ford": null, "survey_date": null, "fixme": null, "man_made": null, "material": null, "operator": null, "operator:type": null, "vehicle": null, "emergency": null, "waterway": null, "bridge:name": null, "covered": null, "sidewalk:left": null, "smoothness": null, "name_display": "七星山步道冷水坑線", "highway_raw": "footway", "highway_category": "trail", "way_id_str": "('way', 1227705221)", "source_type": "named", "orig_index": "1498", "orig_name": "七星山步道冷水坑線", "bridge_flag": "False", "steps_flag": "False", "version": null, "changeset": null, "timestamp": null, "user": null, "uid": null, "highway_api": null, "surface_api": null, "trail_visibility_api": null, "bridge_api": null, "node_ids_str": null, "way_id_norm": "1227705221", "way_id_original": "('way', 1227705221)", "steps": "", "node_ids": [ ], "start_node": null, "end_node": null, "route_seq": -1.0, "distance_m": 19.773755885966526, "from_x": 306766.03544429218, "from_y": 2784261.0692585036, "to_x": 306747.91897367965, "to_y": 2784254.0926022781, "from_node_id": "('way', 689317162)_end", "to_node_id": "('way', 585374844)_start" }, "geometry": { "type": "LineString", "coordinates": [ [ 121.563126299999979, 25.1658033 ], [ 121.5630698, 25.1657707 ], [ 121.5630336, 25.1657556 ], [ 121.562969900000013, 25.1657495 ], [ 121.562946299999979, 25.165741 ] ] } },
{ "type": "Feature", "properties": { "index": 22, "way_id": "('way', 1227705222)", "element": "way", "id": "1227705222", "highway": "steps", "crossing": null, "bus": null, "description": null, "name": "七星山步道冷水坑線", "name:en": null, "name:zh": null, "name:zh-Hans": null, "name:zh-Hant": null, "network": null, "public_transport": null, "ref": null, "shelter": null, "ele": null, "local_ref": null, "bench": null, "network:en": null, "network:nan": null, "network:nan-Hant": null, "network:nan-Latn-pehoeji": null, "network:nan-Latn-tailo": null, "network:wikidata": null, "network:zh": null, "wheelchair": null, "old_name": null, "old_name:en": null, "old_name:zh": null, "bin": null, "check_date:shelter": null, "note": null, "lit": null, "passenger_information_display": null, "source": null, "alt_name": null, "alt_name:en": null, "crossing:markings": null, "crossing:island": null, "crossing:signals": null, "distance": null, "information": null, "tourism": null, "nat_ref": null, "level": null, "crossing_ref": null, "name:nan": null, "name:nan-Hant": null, "name:nan-Latn-pehoeji": null, "name:nan-Latn-tailo": null, "network:wikipedia": null, "loc_ref": null, "review:PTX": null, "oneway": null, "ref:en": null, "ref:zh": null, "surface": "sett", "incline": "up", "sac_scale": "hiking", "trail_visibility": "excellent", "lanes": null, "sidewalk:right": null, "service": null, "name:lzh": null, "bicycle": null, "tracktype": null, "sidewalk": null, "access": null, "bridge": "no", "layer": null, "lane_markings": null, "name:ja": null, "tunnel": null, "handrail": null, "ramp": null, "step_count": null, "bridge:structure": null, "motor_vehicle": null, "cycleway:both": null, "foot": null, "footway": null, "wikidata": null, "horse": null, "maxspeed": null, "width": null, "informal": null, "motorcycle": null, "note:surface": null, "visibility": null, "area": null, "obstacle": null, "leisure": null, "surface_1": null, "bridge:support": null, "ford": null, "survey_date": null, "fixme": null, "man_made": null, "material": null, "operator": null, "operator:type": null, "vehicle": null, "emergency": null, "waterway": null, "bridge:name": null, "covered": null, "sidewalk:left": null, "smoothness": null, "name_display": "七星山步道冷水坑線", "highway_raw": "steps", "highway_category": "steps", "way_id_str": "('way', 1227705222)", "source_type": "named", "orig_index": "1499", "orig_name": "七星山步道冷水坑線", "bridge_flag": "False", "steps_flag": "True", "version": null, "changeset": null, "timestamp": null, "user": null, "uid": null, "highway_api": null, "surface_api": null, "trail_visibility_api": null, "bridge_api": null, "node_ids_str": null, "way_id_norm": "1227705222", "way_id_original": "('way', 1227705222)", "steps": "", "node_ids": [ ], "start_node": null, "end_node": null, "route_seq": -1.0, "distance_m": 25.27622009432805, "from_x": 306784.28180745692, "from_y": 2784302.0749233114, "to_x": 306779.34060449875, "to_y": 2784278.3384801014, "from_node_id": "('way', 1227705222)_start", "to_node_id": "('way', 689317162)_start" }, "geometry": { "type": "LineString", "coordinates": [ [ 121.563309, 25.1661728 ], [ 121.5633121, 25.1661623 ], [ 121.563322600000021, 25.1661329 ], [ 121.563322400000018, 25.1660908 ], [ 121.563299300000011, 25.166039 ], [ 121.56328280000001, 25.1660006 ], [ 121.563259, 25.1659587 ] ] } },
{ "type": "Feature", "properties": { "index": 23, "way_id": "('way', 1301449842)", "element": "way", "id": "1301449842", "highway": "footway", "crossing": null, "bus": null, "description": null, "name": "七星山步道主峰-東峰稜線", "name:en": null, "name:zh": "七星山步道主峰-東峰稜線", "name:zh-Hans": null, "name:zh-Hant": null, "network": null, "public_transport": null, "ref": null, "shelter": null, "ele": null, "local_ref": null, "bench": null, "network:en": null, "network:nan": null, "network:nan-Hant": null, "network:nan-Latn-pehoeji": null, "network:nan-Latn-tailo": null, "network:wikidata": null, "network:zh": null, "wheelchair": null, "old_name": null, "old_name:en": null, "old_name:zh": null, "bin": null, "check_date:shelter": null, "note": null, "lit": null, "passenger_information_display": null, "source": null, "alt_name": null, "alt_name:en": null, "crossing:markings": null, "crossing:island": null, "crossing:signals": null, "distance": null, "information": null, "tourism": null, "nat_ref": null, "level": null, "crossing_ref": null, "name:nan": null, "name:nan-Hant": null, "name:nan-Latn-pehoeji": null, "name:nan-Latn-tailo": null, "network:wikipedia": null, "loc_ref": null, "review:PTX": null, "oneway": null, "ref:en": null, "ref:zh": null, "surface": "sett", "incline": null, "sac_scale": "hiking", "trail_visibility": "excellent", "lanes": null, "sidewalk:right": null, "service": null, "name:lzh": null, "bicycle": null, "tracktype": null, "sidewalk": null, "access": null, "bridge": "no", "layer": null, "lane_markings": null, "name:ja": null, "tunnel": null, "handrail": null, "ramp": null, "step_count": null, "bridge:structure": null, "motor_vehicle": null, "cycleway:both": null, "foot": null, "footway": null, "wikidata": null, "horse": null, "maxspeed": null, "width": null, "informal": null, "motorcycle": null, "note:surface": null, "visibility": null, "area": null, "obstacle": null, "leisure": null, "surface_1": null, "bridge:support": null, "ford": null, "survey_date": null, "fixme": null, "man_made": null, "material": null, "operator": null, "operator:type": null, "vehicle": null, "emergency": null, "waterway": null, "bridge:name": null, "covered": null, "sidewalk:left": null, "smoothness": null, "name_display": "七星山步道主峰-東峰稜線", "highway_raw": "footway", "highway_category": "trail", "way_id_str": "('way', 1301449842)", "source_type": "named", "orig_index": "1659", "orig_name": "七星山步道主峰-東峰稜線", "bridge_flag": "False", "steps_flag": "False", "version": null, "changeset": null, "timestamp": null, "user": null, "uid": null, "highway_api": null, "surface_api": null, "trail_visibility_api": null, "bridge_api": null, "node_ids_str": null, "way_id_norm": "1301449842", "way_id_original": "('way', 1301449842)", "steps": "", "node_ids": [ ], "start_node": null, "end_node": null, "route_seq": -1.0, "distance_m": 14.072537384165836, "from_x": 305905.82622420852, "from_y": 2784686.3454201985, "to_x": 305894.40136349114, "to_y": 2784694.561798112, "from_node_id": "('way', 421201235)_end", "to_node_id": "('way', 1227684066)_start" }, "geometry": { "type": "LineString", "coordinates": [ [ 121.5546106, 25.1696748 ], [ 121.5544976, 25.1697494 ] ] } },
{ "type": "Feature", "properties": { "index": 24, "way_id": "('way', 230730601)", "element": "way", "id": "230730601", "highway": "footway", "crossing": null, "bus": null, "description": null, "name": "段號：191", "name:en": null, "name:zh": null, "name:zh-Hans": null, "name:zh-Hant": null, "network": null, "public_transport": null, "ref": null, "shelter": null, "ele": null, "local_ref": null, "bench": null, "network:en": null, "network:nan": null, "network:nan-Hant": null, "network:nan-Latn-pehoeji": null, "network:nan-Latn-tailo": null, "network:wikidata": null, "network:zh": null, "wheelchair": null, "old_name": null, "old_name:en": null, "old_name:zh": null, "bin": null, "check_date:shelter": null, "note": null, "lit": null, "passenger_information_display": null, "source": null, "alt_name": null, "alt_name:en": null, "crossing:markings": null, "crossing:island": null, "crossing:signals": null, "distance": null, "information": null, "tourism": null, "nat_ref": null, "level": null, "crossing_ref": null, "name:nan": null, "name:nan-Hant": null, "name:nan-Latn-pehoeji": null, "name:nan-Latn-tailo": null, "network:wikipedia": null, "loc_ref": null, "review:PTX": null, "oneway": null, "ref:en": null, "ref:zh": null, "surface": "", "incline": null, "sac_scale": null, "trail_visibility": null, "lanes": null, "sidewalk:right": null, "service": null, "name:lzh": null, "bicycle": null, "tracktype": null, "sidewalk": null, "access": null, "bridge": "no", "layer": null, "lane_markings": null, "name:ja": null, "tunnel": null, "handrail": null, "ramp": null, "step_count": null, "bridge:structure": null, "motor_vehicle": null, "cycleway:both": null, "foot": null, "footway": null, "wikidata": null, "horse": null, "maxspeed": null, "width": null, "informal": null, "motorcycle": null, "note:surface": null, "visibility": null, "area": null, "obstacle": null, "leisure": null, "surface_1": null, "bridge:support": null, "ford": null, "survey_date": null, "fixme": null, "man_made": null, "material": null, "operator": null, "operator:type": null, "vehicle": null, "emergency": null, "waterway": null, "bridge:name": null, "covered": null, "sidewalk:left": null, "smoothness": null, "name_display": "未命名段", "highway_raw": "footway", "highway_category": "trail", "way_id_str": "('way', 230730601)", "source_type": "nan", "orig_index": "191", "orig_name": "段號：191", "bridge_flag": "False", "steps_flag": "False", "version": null, "changeset": null, "timestamp": null, "user": null, "uid": null, "highway_api": null, "surface_api": null, "trail_visibility_api": null, "bridge_api": null, "node_ids_str": null, "way_id_norm": "230730601", "way_id_original": "('way', 230730601)", "steps": "", "node_ids": [ ], "start_node": null, "end_node": null, "route_seq": -1.0, "distance_m": 81.673080327086495, "from_x": 306382.06579641683, "from_y": 2784165.9692605129, "to_x": 306451.59217479185, "to_y": 2784168.8832906624, "from_node_id": "('way', 720961391)_start", "to_node_id": "('way', 720961392)_start" }, "geometry": { "type": "LineString", "coordinates": [ [ 121.559313500000016, 25.1649592 ], [ 121.5593713, 25.1649963 ], [ 121.5594153, 25.1650172 ], [ 121.559467, 25.1650254 ], [ 121.5595213, 25.1650391 ], [ 121.559616800000015, 25.165062 ], [ 121.5596548, 25.1650742 ], [ 121.5596801, 25.1650882 ], [ 121.5597118, 25.1651049 ], [ 121.5597702, 25.1650942 ], [ 121.559762399999983, 25.1650563 ], [ 121.5597802, 25.1650226 ], [ 121.5598114, 25.1650071 ], [ 121.5598471, 25.1650001 ], [ 121.559886500000019, 25.1650085 ], [ 121.5600033, 25.1649829 ] ] } },
{ "type": "Feature", "properties": { "index": 25, "way_id": "('way', 492257358)", "element": "way", "id": "492257358", "highway": "service", "crossing": null, "bus": null, "description": null, "name": "段號：825", "name:en": null, "name:zh": null, "name:zh-Hans": null, "name:zh-Hant": null, "network": null, "public_transport": null, "ref": null, "shelter": null, "ele": null, "local_ref": null, "bench": null, "network:en": null, "network:nan": null, "network:nan-Hant": null, "network:nan-Latn-pehoeji": null, "network:nan-Latn-tailo": null, "network:wikidata": null, "network:zh": null, "wheelchair": null, "old_name": null, "old_name:en": null, "old_name:zh": null, "bin": null, "check_date:shelter": null, "note": null, "lit": null, "passenger_information_display": null, "source": null, "alt_name": null, "alt_name:en": null, "crossing:markings": null, "crossing:island": null, "crossing:signals": null, "distance": null, "information": null, "tourism": null, "nat_ref": null, "level": null, "crossing_ref": null, "name:nan": null, "name:nan-Hant": null, "name:nan-Latn-pehoeji": null, "name:nan-Latn-tailo": null, "network:wikipedia": null, "loc_ref": null, "review:PTX": null, "oneway": null, "ref:en": null, "ref:zh": null, "surface": "concrete", "incline": null, "sac_scale": "hiking", "trail_visibility": "excellent", "lanes": null, "sidewalk:right": null, "service": null, "name:lzh": null, "bicycle": null, "tracktype": null, "sidewalk": null, "access": null, "bridge": "no", "layer": null, "lane_markings": null, "name:ja": null, "tunnel": null, "handrail": null, "ramp": null, "step_count": null, "bridge:structure": null, "motor_vehicle": null, "cycleway:both": null, "foot": "designated", "footway": null, "wikidata": null, "horse": null, "maxspeed": null, "width": null, "informal": null, "motorcycle": null, "note:surface": null, "visibility": null, "area": null, "obstacle": null, "leisure": null, "surface_1": null, "bridge:support": null, "ford": null, "survey_date": null, "fixme": null, "man_made": null, "material": null, "operator": null, "operator:type": null, "vehicle": null, "emergency": null, "waterway": null, "bridge:name": null, "covered": null, "sidewalk:left": null, "smoothness": null, "name_display": "未命名段", "highway_raw": "service", "highway_category": "service", "way_id_str": "('way', 492257358)", "source_type": "nan", "orig_index": "825", "orig_name": "段號：825", "bridge_flag": "False", "steps_flag": "False", "version": null, "changeset": null, "timestamp": null, "user": null, "uid": null, "highway_api": null, "surface_api": null, "trail_visibility_api": null, "bridge_api": null, "node_ids_str": null, "way_id_norm": "492257358", "way_id_original": "('way', 492257358)", "steps": "", "node_ids": [ ], "start_node": null, "end_node": null, "route_seq": -1.0, "distance_m": 42.084187101795891, "from_x": 306350.51281814731, "from_y": 2784197.4519515419, "to_x": 306317.30833099532, "to_y": 2784221.2515346026, "from_node_id": "('way', 720961391)_end", "to_node_id": "('way', 1227691470)_start" }, "geometry": { "type": "LineString", "coordinates": [ [ 121.5590018, 25.1652446 ], [ 121.5588593, 25.1653015 ], [ 121.558794700000021, 25.1653329 ], [ 121.558750099999983, 25.1653632 ], [ 121.5587141, 25.1654228 ], [ 121.5586734, 25.1654607 ] ] } },
{ "type": "Feature", "properties": { "index": 26, "way_id": "('way', 1227504496)", "element": "way", "id": "1227504496", "highway": "steps", "crossing": null, "bus": null, "description": null, "name": "段號：1480", "name:en": null, "name:zh": null, "name:zh-Hans": null, "name:zh-Hant": null, "network": null, "public_transport": null, "ref": null, "shelter": null, "ele": null, "local_ref": null, "bench": null, "network:en": null, "network:nan": null, "network:nan-Hant": null, "network:nan-Latn-pehoeji": null, "network:nan-Latn-tailo": null, "network:wikidata": null, "network:zh": null, "wheelchair": null, "old_name": null, "old_name:en": null, "old_name:zh": null, "bin": null, "check_date:shelter": null, "note": null, "lit": null, "passenger_information_display": null, "source": null, "alt_name": null, "alt_name:en": null, "crossing:markings": null, "crossing:island": null, "crossing:signals": null, "distance": null, "information": null, "tourism": null, "nat_ref": null, "level": null, "crossing_ref": null, "name:nan": null, "name:nan-Hant": null, "name:nan-Latn-pehoeji": null, "name:nan-Latn-tailo": null, "network:wikipedia": null, "loc_ref": null, "review:PTX": null, "oneway": null, "ref:en": null, "ref:zh": null, "surface": "", "incline": "up", "sac_scale": null, "trail_visibility": null, "lanes": null, "sidewalk:right": null, "service": null, "name:lzh": null, "bicycle": null, "tracktype": null, "sidewalk": null, "access": null, "bridge": "no", "layer": null, "lane_markings": null, "name:ja": null, "tunnel": null, "handrail": null, "ramp": null, "step_count": null, "bridge:structure": null, "motor_vehicle": null, "cycleway:both": null, "foot": null, "footway": null, "wikidata": null, "horse": null, "maxspeed": null, "width": null, "informal": null, "motorcycle": null, "note:surface": null, "visibility": null, "area": null, "obstacle": null, "leisure": null, "surface_1": null, "bridge:support": null, "ford": null, "survey_date": null, "fixme": null, "man_made": null, "material": null, "operator": null, "operator:type": null, "vehicle": null, "emergency": null, "waterway": null, "bridge:name": null, "covered": null, "sidewalk:left": null, "smoothness": null, "name_display": "未命名段", "highway_raw": "steps", "highway_category": "steps", "way_id_str": "('way', 1227504496)", "source_type": "nan", "orig_index": "1480", "orig_name": "段號：1480", "bridge_flag": "False", "steps_flag": "True", "version": null, "changeset": null, "timestamp": null, "user": null, "uid": null, "highway_api": null, "surface_api": null, "trail_visibility_api": null, "bridge_api": null, "node_ids_str": null, "way_id_norm": "1227504496", "way_id_original": "('way', 1227504496)", "steps": "", "node_ids": [ ], "start_node": null, "end_node": null, "route_seq": -1.0, "distance_m": 4.3067055642868315, "from_x": 305791.24014997028, "from_y": 2784796.8209307897, "to_x": 305788.11313695268, "to_y": 2784799.7767070876, "from_node_id": "('way', 492111550)_end", "to_node_id": "('way', 1227504496)_end" }, "geometry": { "type": "LineString", "coordinates": [ [ 121.5534784, 25.1706764 ], [ 121.553457, 25.1706939 ], [ 121.5534475, 25.1707032 ] ] } },
{ "type": "Feature", "properties": { "index": 27, "way_id": "1228094366_2", "element": "way", "id": "1228094366", "highway": "road", "crossing": "uncontrolled", "bus": null, "description": null, "name": "段號：1500", "name:en": null, "name:zh": null, "name:zh-Hans": null, "name:zh-Hant": null, "network": null, "public_transport": null, "ref": null, "shelter": null, "ele": null, "local_ref": null, "bench": null, "network:en": null, "network:nan": null, "network:nan-Hant": null, "network:nan-Latn-pehoeji": null, "network:nan-Latn-tailo": null, "network:wikidata": null, "network:zh": null, "wheelchair": null, "old_name": null, "old_name:en": null, "old_name:zh": null, "bin": null, "check_date:shelter": null, "note": null, "lit": null, "passenger_information_display": null, "source": null, "alt_name": null, "alt_name:en": null, "crossing:markings": "yes", "crossing:island": null, "crossing:signals": null, "distance": null, "information": null, "tourism": null, "nat_ref": null, "level": null, "crossing_ref": null, "name:nan": null, "name:nan-Hant": null, "name:nan-Latn-pehoeji": null, "name:nan-Latn-tailo": null, "network:wikipedia": null, "loc_ref": null, "review:PTX": null, "oneway": null, "ref:en": null, "ref:zh": null, "surface": "", "incline": null, "sac_scale": null, "trail_visibility": null, "lanes": null, "sidewalk:right": null, "service": null, "name:lzh": null, "bicycle": null, "tracktype": null, "sidewalk": null, "access": null, "bridge": "no", "layer": null, "lane_markings": null, "name:ja": null, "tunnel": null, "handrail": null, "ramp": null, "step_count": null, "bridge:structure": null, "motor_vehicle": null, "cycleway:both": null, "foot": null, "footway": "crossing", "wikidata": null, "horse": null, "maxspeed": null, "width": null, "informal": null, "motorcycle": null, "note:surface": null, "visibility": null, "area": null, "obstacle": null, "leisure": null, "surface_1": null, "bridge:support": null, "ford": null, "survey_date": null, "fixme": null, "man_made": null, "material": null, "operator": null, "operator:type": null, "vehicle": null, "emergency": null, "waterway": null, "bridge:name": null, "covered": null, "sidewalk:left": null, "smoothness": null, "name_display": "未命名段", "highway_raw": "footway", "highway_category": "trail", "way_id_str": "('way', 1228094366)", "source_type": "nan", "orig_index": "1500", "orig_name": "段號：1500", "bridge_flag": "False", "steps_flag": "False", "version": null, "changeset": null, "timestamp": null, "user": null, "uid": null, "highway_api": null, "surface_api": null, "trail_visibility_api": null, "bridge_api": null, "node_ids_str": null, "way_id_norm": "1228094366_2", "way_id_original": "1228094366", "steps": "", "node_ids": [ ], "start_node": null, "end_node": null, "route_seq": -1.0, "distance_m": 7.2866891675359202, "from_x": 306791.22840830678, "from_y": 2784304.2750541386, "to_x": 306784.28180745692, "to_y": 2784302.0749233114, "from_node_id": null, "to_node_id": "('way', 1227705222)_start" }, "geometry": { "type": "LineString", "coordinates": [ [ 121.563378, 25.1661924 ], [ 121.563309, 25.1661728 ] ] } }
]
}
