schema_version,output_case,case_id,activity_id,activity_start_time_utc,activity_end_time_utc,target_variable,value_numeric,value_text,source_type,context_type,confidence,method,lookback_days,lookahead_days,lookaround_days,sample_count,neighbor_station_distance_m,source_station_ids,source_station_names,source_dataset_codes,source_observation_start_time_utc,source_observation_end_time_utc,direct_observation,inferred_or_climatology,missing_value_preserved,zero_fallback_used,thci_scoring_authorized,radar_scoring_authorized,final_hiking_risk_scoring_authorized,authorization_reason
ib3w_weather_inference_fallback_prototype_v1,qixing_lengshuikeng_full26_backend_2024_v1,qixing_lengshuikeng_main_peak_20260523_osmrefresh_v1_3b,qixing_lengshuikeng_13_1,2024-08-11T00:58:17+00:00,2024-08-11T03:16:38+00:00,precipitation_mm,,,UNAVAILABLE,MISSING,0.0,"no direct, +/- 7 day same-hour, neighboring-station, or climatology evidence available",7,7,7,0,,,,,,,False,False,True,False,False,False,False,Evidence prototype only; no scoring authorization.
ib3w_weather_inference_fallback_prototype_v1,qixing_lengshuikeng_full26_backend_2024_v1,qixing_lengshuikeng_main_peak_20260523_osmrefresh_v1_3b,qixing_lengshuikeng_13_1,2024-08-11T00:58:17+00:00,2024-08-11T03:16:38+00:00,precipitation_10min_mm,,,UNAVAILABLE,MISSING,0.0,"no direct, +/- 7 day same-hour, neighboring-station, or climatology evidence available",7,7,7,0,,,,,,,False,False,True,False,False,False,False,Evidence prototype only; no scoring authorization.
ib3w_weather_inference_fallback_prototype_v1,qixing_lengshuikeng_full26_backend_2024_v1,qixing_lengshuikeng_main_peak_20260523_osmrefresh_v1_3b,qixing_lengshuikeng_13_1,2024-08-11T00:58:17+00:00,2024-08-11T03:16:38+00:00,precipitation_1hr_mm,,,UNAVAILABLE,MISSING,0.0,"no direct, +/- 7 day same-hour, neighboring-station, or climatology evidence available",7,7,7,0,,,,,,,False,False,True,False,False,False,False,Evidence prototype only; no scoring authorization.
ib3w_weather_inference_fallback_prototype_v1,qixing_lengshuikeng_full26_backend_2024_v1,qixing_lengshuikeng_main_peak_20260523_osmrefresh_v1_3b,qixing_lengshuikeng_13_1,2024-08-11T00:58:17+00:00,2024-08-11T03:16:38+00:00,temperature_c,,,UNAVAILABLE,MISSING,0.0,"no direct, +/- 7 day same-hour, neighboring-station, or climatology evidence available",7,7,7,0,,,,,,,False,False,True,False,False,False,False,Evidence prototype only; no scoring authorization.
ib3w_weather_inference_fallback_prototype_v1,qixing_lengshuikeng_full26_backend_2024_v1,qixing_lengshuikeng_main_peak_20260523_osmrefresh_v1_3b,qixing_lengshuikeng_13_1,2024-08-11T00:58:17+00:00,2024-08-11T03:16:38+00:00,relative_humidity_pct,,,UNAVAILABLE,MISSING,0.0,"no direct, +/- 7 day same-hour, neighboring-station, or climatology evidence available",7,7,7,0,,,,,,,False,False,True,False,False,False,False,Evidence prototype only; no scoring authorization.
ib3w_weather_inference_fallback_prototype_v1,qixing_lengshuikeng_full26_backend_2024_v1,qixing_lengshuikeng_main_peak_20260523_osmrefresh_v1_3b,qixing_lengshuikeng_13_1,2024-08-11T00:58:17+00:00,2024-08-11T03:16:38+00:00,pressure_hpa,,,UNAVAILABLE,MISSING,0.0,"no direct, +/- 7 day same-hour, neighboring-station, or climatology evidence available",7,7,7,0,,,,,,,False,False,True,False,False,False,False,Evidence prototype only; no scoring authorization.
ib3w_weather_inference_fallback_prototype_v1,qixing_lengshuikeng_full26_backend_2024_v1,qixing_lengshuikeng_main_peak_20260523_osmrefresh_v1_3b,qixing_lengshuikeng_13_1,2024-08-11T00:58:17+00:00,2024-08-11T03:16:38+00:00,wind_speed_ms,,,UNAVAILABLE,MISSING,0.0,"no direct, +/- 7 day same-hour, neighboring-station, or climatology evidence available",7,7,7,0,,,,,,,False,False,True,False,False,False,False,Evidence prototype only; no scoring authorization.
ib3w_weather_inference_fallback_prototype_v1,qixing_lengshuikeng_full26_backend_2024_v1,qixing_lengshuikeng_main_peak_20260523_osmrefresh_v1_3b,qixing_lengshuikeng_13_1,2024-08-11T00:58:17+00:00,2024-08-11T03:16:38+00:00,wind_direction_deg,,,UNAVAILABLE,MISSING,0.0,"no direct, +/- 7 day same-hour, neighboring-station, or climatology evidence available",7,7,7,0,,,,,,,False,False,True,False,False,False,False,Evidence prototype only; no scoring authorization.
ib3w_weather_inference_fallback_prototype_v1,qixing_lengshuikeng_full26_backend_2024_v1,qixing_lengshuikeng_main_peak_20260523_osmrefresh_v1_3b,qixing_lengshuikeng_13_1,2024-08-11T00:58:17+00:00,2024-08-11T03:16:38+00:00,wind_gust_ms,,,UNAVAILABLE,MISSING,0.0,"no direct, +/- 7 day same-hour, neighboring-station, or climatology evidence available",7,7,7,0,,,,,,,False,False,True,False,False,False,False,Evidence prototype only; no scoring authorization.
ib3w_weather_inference_fallback_prototype_v1,qixing_lengshuikeng_full26_backend_2024_v1,qixing_lengshuikeng_main_peak_20260523_osmrefresh_v1_3b,qixing_lengshuikeng_13_1,2024-08-11T00:58:17+00:00,2024-08-11T03:16:38+00:00,sunshine_duration_min,,,UNAVAILABLE,MISSING,0.0,"no direct, +/- 7 day same-hour, neighboring-station, or climatology evidence available",7,7,7,0,,,,,,,False,False,True,False,False,False,False,Evidence prototype only; no scoring authorization.
ib3w_weather_inference_fallback_prototype_v1,qixing_lengshuikeng_full26_backend_2024_v1,qixing_lengshuikeng_main_peak_20260523_osmrefresh_v1_3b,qixing_lengshuikeng_13_1,2024-08-11T00:58:17+00:00,2024-08-11T03:16:38+00:00,visibility_m,,,UNAVAILABLE,MISSING,0.0,"no direct, +/- 7 day same-hour, neighboring-station, or climatology evidence available",7,7,7,0,,,,,,,False,False,True,False,False,False,False,Evidence prototype only; no scoring authorization.
ib3w_weather_inference_fallback_prototype_v1,qixing_lengshuikeng_full26_backend_2024_v1,qixing_lengshuikeng_main_peak_20260523_osmrefresh_v1_3b,qixing_lengshuikeng_13_1,2024-08-11T00:58:17+00:00,2024-08-11T03:16:38+00:00,uv_index,,,UNAVAILABLE,MISSING,0.0,"no direct, +/- 7 day same-hour, neighboring-station, or climatology evidence available",7,7,7,0,,,,,,,False,False,True,False,False,False,False,Evidence prototype only; no scoring authorization.
ib3w_weather_inference_fallback_prototype_v1,qixing_lengshuikeng_full26_backend_2024_v1,qixing_lengshuikeng_main_peak_20260523_osmrefresh_v1_3b,qixing_lengshuikeng_13_1,2024-08-11T00:58:17+00:00,2024-08-11T03:16:38+00:00,weather,,,UNAVAILABLE,MISSING,0.0,"no direct, +/- 7 day same-hour, neighboring-station, or climatology evidence available",7,7,7,0,,,,,,,False,False,True,False,False,False,False,Evidence prototype only; no scoring authorization.
ib3w_weather_inference_fallback_prototype_v1,qixing_lengshuikeng_full26_backend_2024_v1,qixing_lengshuikeng_main_peak_20260523_osmrefresh_v1_3b,qixing_lengshuikeng_14_1,2024-08-11T00:57:11+00:00,2024-08-11T02:56:51+00:00,precipitation_mm,,,UNAVAILABLE,MISSING,0.0,"no direct, +/- 7 day same-hour, neighboring-station, or climatology evidence available",7,7,7,0,,,,,,,False,False,True,False,False,False,False,Evidence prototype only; no scoring authorization.
ib3w_weather_inference_fallback_prototype_v1,qixing_lengshuikeng_full26_backend_2024_v1,qixing_lengshuikeng_main_peak_20260523_osmrefresh_v1_3b,qixing_lengshuikeng_14_1,2024-08-11T00:57:11+00:00,2024-08-11T02:56:51+00:00,precipitation_10min_mm,,,UNAVAILABLE,MISSING,0.0,"no direct, +/- 7 day same-hour, neighboring-station, or climatology evidence available",7,7,7,0,,,,,,,False,False,True,False,False,False,False,Evidence prototype only; no scoring authorization.
ib3w_weather_inference_fallback_prototype_v1,qixing_lengshuikeng_full26_backend_2024_v1,qixing_lengshuikeng_main_peak_20260523_osmrefresh_v1_3b,qixing_lengshuikeng_14_1,2024-08-11T00:57:11+00:00,2024-08-11T02:56:51+00:00,precipitation_1hr_mm,,,UNAVAILABLE,MISSING,0.0,"no direct, +/- 7 day same-hour, neighboring-station, or climatology evidence available",7,7,7,0,,,,,,,False,False,True,False,False,False,False,Evidence prototype only; no scoring authorization.
ib3w_weather_inference_fallback_prototype_v1,qixing_lengshuikeng_full26_backend_2024_v1,qixing_lengshuikeng_main_peak_20260523_osmrefresh_v1_3b,qixing_lengshuikeng_14_1,2024-08-11T00:57:11+00:00,2024-08-11T02:56:51+00:00,temperature_c,,,UNAVAILABLE,MISSING,0.0,"no direct, +/- 7 day same-hour, neighboring-station, or climatology evidence available",7,7,7,0,,,,,,,False,False,True,False,False,False,False,Evidence prototype only; no scoring authorization.
ib3w_weather_inference_fallback_prototype_v1,qixing_lengshuikeng_full26_backend_2024_v1,qixing_lengshuikeng_main_peak_20260523_osmrefresh_v1_3b,qixing_lengshuikeng_14_1,2024-08-11T00:57:11+00:00,2024-08-11T02:56:51+00:00,relative_humidity_pct,,,UNAVAILABLE,MISSING,0.0,"no direct, +/- 7 day same-hour, neighboring-station, or climatology evidence available",7,7,7,0,,,,,,,False,False,True,False,False,False,False,Evidence prototype only; no scoring authorization.
ib3w_weather_inference_fallback_prototype_v1,qixing_lengshuikeng_full26_backend_2024_v1,qixing_lengshuikeng_main_peak_20260523_osmrefresh_v1_3b,qixing_lengshuikeng_14_1,2024-08-11T00:57:11+00:00,2024-08-11T02:56:51+00:00,pressure_hpa,,,UNAVAILABLE,MISSING,0.0,"no direct, +/- 7 day same-hour, neighboring-station, or climatology evidence available",7,7,7,0,,,,,,,False,False,True,False,False,False,False,Evidence prototype only; no scoring authorization.
ib3w_weather_inference_fallback_prototype_v1,qixing_lengshuikeng_full26_backend_2024_v1,qixing_lengshuikeng_main_peak_20260523_osmrefresh_v1_3b,qixing_lengshuikeng_14_1,2024-08-11T00:57:11+00:00,2024-08-11T02:56:51+00:00,wind_speed_ms,,,UNAVAILABLE,MISSING,0.0,"no direct, +/- 7 day same-hour, neighboring-station, or climatology evidence available",7,7,7,0,,,,,,,False,False,True,False,False,False,False,Evidence prototype only; no scoring authorization.
ib3w_weather_inference_fallback_prototype_v1,qixing_lengshuikeng_full26_backend_2024_v1,qixing_lengshuikeng_main_peak_20260523_osmrefresh_v1_3b,qixing_lengshuikeng_14_1,2024-08-11T00:57:11+00:00,2024-08-11T02:56:51+00:00,wind_direction_deg,,,UNAVAILABLE,MISSING,0.0,"no direct, +/- 7 day same-hour, neighboring-station, or climatology evidence available",7,7,7,0,,,,,,,False,False,True,False,False,False,False,Evidence prototype only; no scoring authorization.
ib3w_weather_inference_fallback_prototype_v1,qixing_lengshuikeng_full26_backend_2024_v1,qixing_lengshuikeng_main_peak_20260523_osmrefresh_v1_3b,qixing_lengshuikeng_14_1,2024-08-11T00:57:11+00:00,2024-08-11T02:56:51+00:00,wind_gust_ms,,,UNAVAILABLE,MISSING,0.0,"no direct, +/- 7 day same-hour, neighboring-station, or climatology evidence available",7,7,7,0,,,,,,,False,False,True,False,False,False,False,Evidence prototype only; no scoring authorization.
ib3w_weather_inference_fallback_prototype_v1,qixing_lengshuikeng_full26_backend_2024_v1,qixing_lengshuikeng_main_peak_20260523_osmrefresh_v1_3b,qixing_lengshuikeng_14_1,2024-08-11T00:57:11+00:00,2024-08-11T02:56:51+00:00,sunshine_duration_min,,,UNAVAILABLE,MISSING,0.0,"no direct, +/- 7 day same-hour, neighboring-station, or climatology evidence available",7,7,7,0,,,,,,,False,False,True,False,False,False,False,Evidence prototype only; no scoring authorization.
ib3w_weather_inference_fallback_prototype_v1,qixing_lengshuikeng_full26_backend_2024_v1,qixing_lengshuikeng_main_peak_20260523_osmrefresh_v1_3b,qixing_lengshuikeng_14_1,2024-08-11T00:57:11+00:00,2024-08-11T02:56:51+00:00,visibility_m,,,UNAVAILABLE,MISSING,0.0,"no direct, +/- 7 day same-hour, neighboring-station, or climatology evidence available",7,7,7,0,,,,,,,False,False,True,False,False,False,False,Evidence prototype only; no scoring authorization.
ib3w_weather_inference_fallback_prototype_v1,qixing_lengshuikeng_full26_backend_2024_v1,qixing_lengshuikeng_main_peak_20260523_osmrefresh_v1_3b,qixing_lengshuikeng_14_1,2024-08-11T00:57:11+00:00,2024-08-11T02:56:51+00:00,uv_index,,,UNAVAILABLE,MISSING,0.0,"no direct, +/- 7 day same-hour, neighboring-station, or climatology evidence available",7,7,7,0,,,,,,,False,False,True,False,False,False,False,Evidence prototype only; no scoring authorization.
ib3w_weather_inference_fallback_prototype_v1,qixing_lengshuikeng_full26_backend_2024_v1,qixing_lengshuikeng_main_peak_20260523_osmrefresh_v1_3b,qixing_lengshuikeng_14_1,2024-08-11T00:57:11+00:00,2024-08-11T02:56:51+00:00,weather,,,UNAVAILABLE,MISSING,0.0,"no direct, +/- 7 day same-hour, neighboring-station, or climatology evidence available",7,7,7,0,,,,,,,False,False,True,False,False,False,False,Evidence prototype only; no scoring authorization.
ib3w_weather_inference_fallback_prototype_v1,qixing_lengshuikeng_full26_backend_2024_v1,qixing_lengshuikeng_main_peak_20260523_osmrefresh_v1_3b,qixing_lengshuikeng_15_1,2024-08-04T00:59:32+00:00,2024-08-04T02:55:27+00:00,precipitation_mm,,,UNAVAILABLE,MISSING,0.0,"no direct, +/- 7 day same-hour, neighboring-station, or climatology evidence available",7,7,7,0,,,,,,,False,False,True,False,False,False,False,Evidence prototype only; no scoring authorization.
ib3w_weather_inference_fallback_prototype_v1,qixing_lengshuikeng_full26_backend_2024_v1,qixing_lengshuikeng_main_peak_20260523_osmrefresh_v1_3b,qixing_lengshuikeng_15_1,2024-08-04T00:59:32+00:00,2024-08-04T02:55:27+00:00,precipitation_10min_mm,,,UNAVAILABLE,MISSING,0.0,"no direct, +/- 7 day same-hour, neighboring-station, or climatology evidence available",7,7,7,0,,,,,,,False,False,True,False,False,False,False,Evidence prototype only; no scoring authorization.
ib3w_weather_inference_fallback_prototype_v1,qixing_lengshuikeng_full26_backend_2024_v1,qixing_lengshuikeng_main_peak_20260523_osmrefresh_v1_3b,qixing_lengshuikeng_15_1,2024-08-04T00:59:32+00:00,2024-08-04T02:55:27+00:00,precipitation_1hr_mm,,,UNAVAILABLE,MISSING,0.0,"no direct, +/- 7 day same-hour, neighboring-station, or climatology evidence available",7,7,7,0,,,,,,,False,False,True,False,False,False,False,Evidence prototype only; no scoring authorization.
ib3w_weather_inference_fallback_prototype_v1,qixing_lengshuikeng_full26_backend_2024_v1,qixing_lengshuikeng_main_peak_20260523_osmrefresh_v1_3b,qixing_lengshuikeng_15_1,2024-08-04T00:59:32+00:00,2024-08-04T02:55:27+00:00,temperature_c,,,UNAVAILABLE,MISSING,0.0,"no direct, +/- 7 day same-hour, neighboring-station, or climatology evidence available",7,7,7,0,,,,,,,False,False,True,False,False,False,False,Evidence prototype only; no scoring authorization.
ib3w_weather_inference_fallback_prototype_v1,qixing_lengshuikeng_full26_backend_2024_v1,qixing_lengshuikeng_main_peak_20260523_osmrefresh_v1_3b,qixing_lengshuikeng_15_1,2024-08-04T00:59:32+00:00,2024-08-04T02:55:27+00:00,relative_humidity_pct,,,UNAVAILABLE,MISSING,0.0,"no direct, +/- 7 day same-hour, neighboring-station, or climatology evidence available",7,7,7,0,,,,,,,False,False,True,False,False,False,False,Evidence prototype only; no scoring authorization.
ib3w_weather_inference_fallback_prototype_v1,qixing_lengshuikeng_full26_backend_2024_v1,qixing_lengshuikeng_main_peak_20260523_osmrefresh_v1_3b,qixing_lengshuikeng_15_1,2024-08-04T00:59:32+00:00,2024-08-04T02:55:27+00:00,pressure_hpa,,,UNAVAILABLE,MISSING,0.0,"no direct, +/- 7 day same-hour, neighboring-station, or climatology evidence available",7,7,7,0,,,,,,,False,False,True,False,False,False,False,Evidence prototype only; no scoring authorization.
ib3w_weather_inference_fallback_prototype_v1,qixing_lengshuikeng_full26_backend_2024_v1,qixing_lengshuikeng_main_peak_20260523_osmrefresh_v1_3b,qixing_lengshuikeng_15_1,2024-08-04T00:59:32+00:00,2024-08-04T02:55:27+00:00,wind_speed_ms,,,UNAVAILABLE,MISSING,0.0,"no direct, +/- 7 day same-hour, neighboring-station, or climatology evidence available",7,7,7,0,,,,,,,False,False,True,False,False,False,False,Evidence prototype only; no scoring authorization.
ib3w_weather_inference_fallback_prototype_v1,qixing_lengshuikeng_full26_backend_2024_v1,qixing_lengshuikeng_main_peak_20260523_osmrefresh_v1_3b,qixing_lengshuikeng_15_1,2024-08-04T00:59:32+00:00,2024-08-04T02:55:27+00:00,wind_direction_deg,,,UNAVAILABLE,MISSING,0.0,"no direct, +/- 7 day same-hour, neighboring-station, or climatology evidence available",7,7,7,0,,,,,,,False,False,True,False,False,False,False,Evidence prototype only; no scoring authorization.
ib3w_weather_inference_fallback_prototype_v1,qixing_lengshuikeng_full26_backend_2024_v1,qixing_lengshuikeng_main_peak_20260523_osmrefresh_v1_3b,qixing_lengshuikeng_15_1,2024-08-04T00:59:32+00:00,2024-08-04T02:55:27+00:00,wind_gust_ms,,,UNAVAILABLE,MISSING,0.0,"no direct, +/- 7 day same-hour, neighboring-station, or climatology evidence available",7,7,7,0,,,,,,,False,False,True,False,False,False,False,Evidence prototype only; no scoring authorization.
ib3w_weather_inference_fallback_prototype_v1,qixing_lengshuikeng_full26_backend_2024_v1,qixing_lengshuikeng_main_peak_20260523_osmrefresh_v1_3b,qixing_lengshuikeng_15_1,2024-08-04T00:59:32+00:00,2024-08-04T02:55:27+00:00,sunshine_duration_min,,,UNAVAILABLE,MISSING,0.0,"no direct, +/- 7 day same-hour, neighboring-station, or climatology evidence available",7,7,7,0,,,,,,,False,False,True,False,False,False,False,Evidence prototype only; no scoring authorization.
ib3w_weather_inference_fallback_prototype_v1,qixing_lengshuikeng_full26_backend_2024_v1,qixing_lengshuikeng_main_peak_20260523_osmrefresh_v1_3b,qixing_lengshuikeng_15_1,2024-08-04T00:59:32+00:00,2024-08-04T02:55:27+00:00,visibility_m,,,UNAVAILABLE,MISSING,0.0,"no direct, +/- 7 day same-hour, neighboring-station, or climatology evidence available",7,7,7,0,,,,,,,False,False,True,False,False,False,False,Evidence prototype only; no scoring authorization.
ib3w_weather_inference_fallback_prototype_v1,qixing_lengshuikeng_full26_backend_2024_v1,qixing_lengshuikeng_main_peak_20260523_osmrefresh_v1_3b,qixing_lengshuikeng_15_1,2024-08-04T00:59:32+00:00,2024-08-04T02:55:27+00:00,uv_index,,,UNAVAILABLE,MISSING,0.0,"no direct, +/- 7 day same-hour, neighboring-station, or climatology evidence available",7,7,7,0,,,,,,,False,False,True,False,False,False,False,Evidence prototype only; no scoring authorization.
ib3w_weather_inference_fallback_prototype_v1,qixing_lengshuikeng_full26_backend_2024_v1,qixing_lengshuikeng_main_peak_20260523_osmrefresh_v1_3b,qixing_lengshuikeng_15_1,2024-08-04T00:59:32+00:00,2024-08-04T02:55:27+00:00,weather,,,UNAVAILABLE,MISSING,0.0,"no direct, +/- 7 day same-hour, neighboring-station, or climatology evidence available",7,7,7,0,,,,,,,False,False,True,False,False,False,False,Evidence prototype only; no scoring authorization.
ib3w_weather_inference_fallback_prototype_v1,qixing_lengshuikeng_full26_backend_2024_v1,qixing_lengshuikeng_main_peak_20260523_osmrefresh_v1_3b,qixing_lengshuikeng_16_1,2024-08-11T00:10:01+00:00,2024-08-11T02:59:46+00:00,precipitation_mm,,,UNAVAILABLE,MISSING,0.0,"no direct, +/- 7 day same-hour, neighboring-station, or climatology evidence available",7,7,7,0,,,,,,,False,False,True,False,False,False,False,Evidence prototype only; no scoring authorization.
ib3w_weather_inference_fallback_prototype_v1,qixing_lengshuikeng_full26_backend_2024_v1,qixing_lengshuikeng_main_peak_20260523_osmrefresh_v1_3b,qixing_lengshuikeng_16_1,2024-08-11T00:10:01+00:00,2024-08-11T02:59:46+00:00,precipitation_10min_mm,,,UNAVAILABLE,MISSING,0.0,"no direct, +/- 7 day same-hour, neighboring-station, or climatology evidence available",7,7,7,0,,,,,,,False,False,True,False,False,False,False,Evidence prototype only; no scoring authorization.
ib3w_weather_inference_fallback_prototype_v1,qixing_lengshuikeng_full26_backend_2024_v1,qixing_lengshuikeng_main_peak_20260523_osmrefresh_v1_3b,qixing_lengshuikeng_16_1,2024-08-11T00:10:01+00:00,2024-08-11T02:59:46+00:00,precipitation_1hr_mm,,,UNAVAILABLE,MISSING,0.0,"no direct, +/- 7 day same-hour, neighboring-station, or climatology evidence available",7,7,7,0,,,,,,,False,False,True,False,False,False,False,Evidence prototype only; no scoring authorization.
ib3w_weather_inference_fallback_prototype_v1,qixing_lengshuikeng_full26_backend_2024_v1,qixing_lengshuikeng_main_peak_20260523_osmrefresh_v1_3b,qixing_lengshuikeng_16_1,2024-08-11T00:10:01+00:00,2024-08-11T02:59:46+00:00,temperature_c,,,UNAVAILABLE,MISSING,0.0,"no direct, +/- 7 day same-hour, neighboring-station, or climatology evidence available",7,7,7,0,,,,,,,False,False,True,False,False,False,False,Evidence prototype only; no scoring authorization.
ib3w_weather_inference_fallback_prototype_v1,qixing_lengshuikeng_full26_backend_2024_v1,qixing_lengshuikeng_main_peak_20260523_osmrefresh_v1_3b,qixing_lengshuikeng_16_1,2024-08-11T00:10:01+00:00,2024-08-11T02:59:46+00:00,relative_humidity_pct,,,UNAVAILABLE,MISSING,0.0,"no direct, +/- 7 day same-hour, neighboring-station, or climatology evidence available",7,7,7,0,,,,,,,False,False,True,False,False,False,False,Evidence prototype only; no scoring authorization.
ib3w_weather_inference_fallback_prototype_v1,qixing_lengshuikeng_full26_backend_2024_v1,qixing_lengshuikeng_main_peak_20260523_osmrefresh_v1_3b,qixing_lengshuikeng_16_1,2024-08-11T00:10:01+00:00,2024-08-11T02:59:46+00:00,pressure_hpa,,,UNAVAILABLE,MISSING,0.0,"no direct, +/- 7 day same-hour, neighboring-station, or climatology evidence available",7,7,7,0,,,,,,,False,False,True,False,False,False,False,Evidence prototype only; no scoring authorization.
ib3w_weather_inference_fallback_prototype_v1,qixing_lengshuikeng_full26_backend_2024_v1,qixing_lengshuikeng_main_peak_20260523_osmrefresh_v1_3b,qixing_lengshuikeng_16_1,2024-08-11T00:10:01+00:00,2024-08-11T02:59:46+00:00,wind_speed_ms,,,UNAVAILABLE,MISSING,0.0,"no direct, +/- 7 day same-hour, neighboring-station, or climatology evidence available",7,7,7,0,,,,,,,False,False,True,False,False,False,False,Evidence prototype only; no scoring authorization.
ib3w_weather_inference_fallback_prototype_v1,qixing_lengshuikeng_full26_backend_2024_v1,qixing_lengshuikeng_main_peak_20260523_osmrefresh_v1_3b,qixing_lengshuikeng_16_1,2024-08-11T00:10:01+00:00,2024-08-11T02:59:46+00:00,wind_direction_deg,,,UNAVAILABLE,MISSING,0.0,"no direct, +/- 7 day same-hour, neighboring-station, or climatology evidence available",7,7,7,0,,,,,,,False,False,True,False,False,False,False,Evidence prototype only; no scoring authorization.
ib3w_weather_inference_fallback_prototype_v1,qixing_lengshuikeng_full26_backend_2024_v1,qixing_lengshuikeng_main_peak_20260523_osmrefresh_v1_3b,qixing_lengshuikeng_16_1,2024-08-11T00:10:01+00:00,2024-08-11T02:59:46+00:00,wind_gust_ms,,,UNAVAILABLE,MISSING,0.0,"no direct, +/- 7 day same-hour, neighboring-station, or climatology evidence available",7,7,7,0,,,,,,,False,False,True,False,False,False,False,Evidence prototype only; no scoring authorization.
ib3w_weather_inference_fallback_prototype_v1,qixing_lengshuikeng_full26_backend_2024_v1,qixing_lengshuikeng_main_peak_20260523_osmrefresh_v1_3b,qixing_lengshuikeng_16_1,2024-08-11T00:10:01+00:00,2024-08-11T02:59:46+00:00,sunshine_duration_min,,,UNAVAILABLE,MISSING,0.0,"no direct, +/- 7 day same-hour, neighboring-station, or climatology evidence available",7,7,7,0,,,,,,,False,False,True,False,False,False,False,Evidence prototype only; no scoring authorization.
ib3w_weather_inference_fallback_prototype_v1,qixing_lengshuikeng_full26_backend_2024_v1,qixing_lengshuikeng_main_peak_20260523_osmrefresh_v1_3b,qixing_lengshuikeng_16_1,2024-08-11T00:10:01+00:00,2024-08-11T02:59:46+00:00,visibility_m,,,UNAVAILABLE,MISSING,0.0,"no direct, +/- 7 day same-hour, neighboring-station, or climatology evidence available",7,7,7,0,,,,,,,False,False,True,False,False,False,False,Evidence prototype only; no scoring authorization.
ib3w_weather_inference_fallback_prototype_v1,qixing_lengshuikeng_full26_backend_2024_v1,qixing_lengshuikeng_main_peak_20260523_osmrefresh_v1_3b,qixing_lengshuikeng_16_1,2024-08-11T00:10:01+00:00,2024-08-11T02:59:46+00:00,uv_index,,,UNAVAILABLE,MISSING,0.0,"no direct, +/- 7 day same-hour, neighboring-station, or climatology evidence available",7,7,7,0,,,,,,,False,False,True,False,False,False,False,Evidence prototype only; no scoring authorization.
ib3w_weather_inference_fallback_prototype_v1,qixing_lengshuikeng_full26_backend_2024_v1,qixing_lengshuikeng_main_peak_20260523_osmrefresh_v1_3b,qixing_lengshuikeng_16_1,2024-08-11T00:10:01+00:00,2024-08-11T02:59:46+00:00,weather,,,UNAVAILABLE,MISSING,0.0,"no direct, +/- 7 day same-hour, neighboring-station, or climatology evidence available",7,7,7,0,,,,,,,False,False,True,False,False,False,False,Evidence prototype only; no scoring authorization.
ib3w_weather_inference_fallback_prototype_v1,qixing_lengshuikeng_full26_backend_2024_v1,qixing_lengshuikeng_main_peak_20260523_osmrefresh_v1_3b,qixing_lengshuikeng_20_1,2024-08-11T00:29:14+00:00,2024-08-11T02:59:11+00:00,precipitation_mm,,,UNAVAILABLE,MISSING,0.0,"no direct, +/- 7 day same-hour, neighboring-station, or climatology evidence available",7,7,7,0,,,,,,,False,False,True,False,False,False,False,Evidence prototype only; no scoring authorization.
ib3w_weather_inference_fallback_prototype_v1,qixing_lengshuikeng_full26_backend_2024_v1,qixing_lengshuikeng_main_peak_20260523_osmrefresh_v1_3b,qixing_lengshuikeng_20_1,2024-08-11T00:29:14+00:00,2024-08-11T02:59:11+00:00,precipitation_10min_mm,,,UNAVAILABLE,MISSING,0.0,"no direct, +/- 7 day same-hour, neighboring-station, or climatology evidence available",7,7,7,0,,,,,,,False,False,True,False,False,False,False,Evidence prototype only; no scoring authorization.
ib3w_weather_inference_fallback_prototype_v1,qixing_lengshuikeng_full26_backend_2024_v1,qixing_lengshuikeng_main_peak_20260523_osmrefresh_v1_3b,qixing_lengshuikeng_20_1,2024-08-11T00:29:14+00:00,2024-08-11T02:59:11+00:00,precipitation_1hr_mm,,,UNAVAILABLE,MISSING,0.0,"no direct, +/- 7 day same-hour, neighboring-station, or climatology evidence available",7,7,7,0,,,,,,,False,False,True,False,False,False,False,Evidence prototype only; no scoring authorization.
ib3w_weather_inference_fallback_prototype_v1,qixing_lengshuikeng_full26_backend_2024_v1,qixing_lengshuikeng_main_peak_20260523_osmrefresh_v1_3b,qixing_lengshuikeng_20_1,2024-08-11T00:29:14+00:00,2024-08-11T02:59:11+00:00,temperature_c,,,UNAVAILABLE,MISSING,0.0,"no direct, +/- 7 day same-hour, neighboring-station, or climatology evidence available",7,7,7,0,,,,,,,False,False,True,False,False,False,False,Evidence prototype only; no scoring authorization.
ib3w_weather_inference_fallback_prototype_v1,qixing_lengshuikeng_full26_backend_2024_v1,qixing_lengshuikeng_main_peak_20260523_osmrefresh_v1_3b,qixing_lengshuikeng_20_1,2024-08-11T00:29:14+00:00,2024-08-11T02:59:11+00:00,relative_humidity_pct,,,UNAVAILABLE,MISSING,0.0,"no direct, +/- 7 day same-hour, neighboring-station, or climatology evidence available",7,7,7,0,,,,,,,False,False,True,False,False,False,False,Evidence prototype only; no scoring authorization.
ib3w_weather_inference_fallback_prototype_v1,qixing_lengshuikeng_full26_backend_2024_v1,qixing_lengshuikeng_main_peak_20260523_osmrefresh_v1_3b,qixing_lengshuikeng_20_1,2024-08-11T00:29:14+00:00,2024-08-11T02:59:11+00:00,pressure_hpa,,,UNAVAILABLE,MISSING,0.0,"no direct, +/- 7 day same-hour, neighboring-station, or climatology evidence available",7,7,7,0,,,,,,,False,False,True,False,False,False,False,Evidence prototype only; no scoring authorization.
ib3w_weather_inference_fallback_prototype_v1,qixing_lengshuikeng_full26_backend_2024_v1,qixing_lengshuikeng_main_peak_20260523_osmrefresh_v1_3b,qixing_lengshuikeng_20_1,2024-08-11T00:29:14+00:00,2024-08-11T02:59:11+00:00,wind_speed_ms,,,UNAVAILABLE,MISSING,0.0,"no direct, +/- 7 day same-hour, neighboring-station, or climatology evidence available",7,7,7,0,,,,,,,False,False,True,False,False,False,False,Evidence prototype only; no scoring authorization.
ib3w_weather_inference_fallback_prototype_v1,qixing_lengshuikeng_full26_backend_2024_v1,qixing_lengshuikeng_main_peak_20260523_osmrefresh_v1_3b,qixing_lengshuikeng_20_1,2024-08-11T00:29:14+00:00,2024-08-11T02:59:11+00:00,wind_direction_deg,,,UNAVAILABLE,MISSING,0.0,"no direct, +/- 7 day same-hour, neighboring-station, or climatology evidence available",7,7,7,0,,,,,,,False,False,True,False,False,False,False,Evidence prototype only; no scoring authorization.
ib3w_weather_inference_fallback_prototype_v1,qixing_lengshuikeng_full26_backend_2024_v1,qixing_lengshuikeng_main_peak_20260523_osmrefresh_v1_3b,qixing_lengshuikeng_20_1,2024-08-11T00:29:14+00:00,2024-08-11T02:59:11+00:00,wind_gust_ms,,,UNAVAILABLE,MISSING,0.0,"no direct, +/- 7 day same-hour, neighboring-station, or climatology evidence available",7,7,7,0,,,,,,,False,False,True,False,False,False,False,Evidence prototype only; no scoring authorization.
ib3w_weather_inference_fallback_prototype_v1,qixing_lengshuikeng_full26_backend_2024_v1,qixing_lengshuikeng_main_peak_20260523_osmrefresh_v1_3b,qixing_lengshuikeng_20_1,2024-08-11T00:29:14+00:00,2024-08-11T02:59:11+00:00,sunshine_duration_min,,,UNAVAILABLE,MISSING,0.0,"no direct, +/- 7 day same-hour, neighboring-station, or climatology evidence available",7,7,7,0,,,,,,,False,False,True,False,False,False,False,Evidence prototype only; no scoring authorization.
ib3w_weather_inference_fallback_prototype_v1,qixing_lengshuikeng_full26_backend_2024_v1,qixing_lengshuikeng_main_peak_20260523_osmrefresh_v1_3b,qixing_lengshuikeng_20_1,2024-08-11T00:29:14+00:00,2024-08-11T02:59:11+00:00,visibility_m,,,UNAVAILABLE,MISSING,0.0,"no direct, +/- 7 day same-hour, neighboring-station, or climatology evidence available",7,7,7,0,,,,,,,False,False,True,False,False,False,False,Evidence prototype only; no scoring authorization.
ib3w_weather_inference_fallback_prototype_v1,qixing_lengshuikeng_full26_backend_2024_v1,qixing_lengshuikeng_main_peak_20260523_osmrefresh_v1_3b,qixing_lengshuikeng_20_1,2024-08-11T00:29:14+00:00,2024-08-11T02:59:11+00:00,uv_index,,,UNAVAILABLE,MISSING,0.0,"no direct, +/- 7 day same-hour, neighboring-station, or climatology evidence available",7,7,7,0,,,,,,,False,False,True,False,False,False,False,Evidence prototype only; no scoring authorization.
ib3w_weather_inference_fallback_prototype_v1,qixing_lengshuikeng_full26_backend_2024_v1,qixing_lengshuikeng_main_peak_20260523_osmrefresh_v1_3b,qixing_lengshuikeng_20_1,2024-08-11T00:29:14+00:00,2024-08-11T02:59:11+00:00,weather,,,UNAVAILABLE,MISSING,0.0,"no direct, +/- 7 day same-hour, neighboring-station, or climatology evidence available",7,7,7,0,,,,,,,False,False,True,False,False,False,False,Evidence prototype only; no scoring authorization.
ib3w_weather_inference_fallback_prototype_v1,qixing_lengshuikeng_full26_backend_2024_v1,qixing_lengshuikeng_main_peak_20260523_osmrefresh_v1_3b,qixing_lengshuikeng_23_1,2024-08-11T00:27:56+00:00,2024-08-11T03:36:20+00:00,precipitation_mm,,,UNAVAILABLE,MISSING,0.0,"no direct, +/- 7 day same-hour, neighboring-station, or climatology evidence available",7,7,7,0,,,,,,,False,False,True,False,False,False,False,Evidence prototype only; no scoring authorization.
ib3w_weather_inference_fallback_prototype_v1,qixing_lengshuikeng_full26_backend_2024_v1,qixing_lengshuikeng_main_peak_20260523_osmrefresh_v1_3b,qixing_lengshuikeng_23_1,2024-08-11T00:27:56+00:00,2024-08-11T03:36:20+00:00,precipitation_10min_mm,,,UNAVAILABLE,MISSING,0.0,"no direct, +/- 7 day same-hour, neighboring-station, or climatology evidence available",7,7,7,0,,,,,,,False,False,True,False,False,False,False,Evidence prototype only; no scoring authorization.
ib3w_weather_inference_fallback_prototype_v1,qixing_lengshuikeng_full26_backend_2024_v1,qixing_lengshuikeng_main_peak_20260523_osmrefresh_v1_3b,qixing_lengshuikeng_23_1,2024-08-11T00:27:56+00:00,2024-08-11T03:36:20+00:00,precipitation_1hr_mm,,,UNAVAILABLE,MISSING,0.0,"no direct, +/- 7 day same-hour, neighboring-station, or climatology evidence available",7,7,7,0,,,,,,,False,False,True,False,False,False,False,Evidence prototype only; no scoring authorization.
ib3w_weather_inference_fallback_prototype_v1,qixing_lengshuikeng_full26_backend_2024_v1,qixing_lengshuikeng_main_peak_20260523_osmrefresh_v1_3b,qixing_lengshuikeng_23_1,2024-08-11T00:27:56+00:00,2024-08-11T03:36:20+00:00,temperature_c,,,UNAVAILABLE,MISSING,0.0,"no direct, +/- 7 day same-hour, neighboring-station, or climatology evidence available",7,7,7,0,,,,,,,False,False,True,False,False,False,False,Evidence prototype only; no scoring authorization.
ib3w_weather_inference_fallback_prototype_v1,qixing_lengshuikeng_full26_backend_2024_v1,qixing_lengshuikeng_main_peak_20260523_osmrefresh_v1_3b,qixing_lengshuikeng_23_1,2024-08-11T00:27:56+00:00,2024-08-11T03:36:20+00:00,relative_humidity_pct,,,UNAVAILABLE,MISSING,0.0,"no direct, +/- 7 day same-hour, neighboring-station, or climatology evidence available",7,7,7,0,,,,,,,False,False,True,False,False,False,False,Evidence prototype only; no scoring authorization.
ib3w_weather_inference_fallback_prototype_v1,qixing_lengshuikeng_full26_backend_2024_v1,qixing_lengshuikeng_main_peak_20260523_osmrefresh_v1_3b,qixing_lengshuikeng_23_1,2024-08-11T00:27:56+00:00,2024-08-11T03:36:20+00:00,pressure_hpa,,,UNAVAILABLE,MISSING,0.0,"no direct, +/- 7 day same-hour, neighboring-station, or climatology evidence available",7,7,7,0,,,,,,,False,False,True,False,False,False,False,Evidence prototype only; no scoring authorization.
ib3w_weather_inference_fallback_prototype_v1,qixing_lengshuikeng_full26_backend_2024_v1,qixing_lengshuikeng_main_peak_20260523_osmrefresh_v1_3b,qixing_lengshuikeng_23_1,2024-08-11T00:27:56+00:00,2024-08-11T03:36:20+00:00,wind_speed_ms,,,UNAVAILABLE,MISSING,0.0,"no direct, +/- 7 day same-hour, neighboring-station, or climatology evidence available",7,7,7,0,,,,,,,False,False,True,False,False,False,False,Evidence prototype only; no scoring authorization.
ib3w_weather_inference_fallback_prototype_v1,qixing_lengshuikeng_full26_backend_2024_v1,qixing_lengshuikeng_main_peak_20260523_osmrefresh_v1_3b,qixing_lengshuikeng_23_1,2024-08-11T00:27:56+00:00,2024-08-11T03:36:20+00:00,wind_direction_deg,,,UNAVAILABLE,MISSING,0.0,"no direct, +/- 7 day same-hour, neighboring-station, or climatology evidence available",7,7,7,0,,,,,,,False,False,True,False,False,False,False,Evidence prototype only; no scoring authorization.
ib3w_weather_inference_fallback_prototype_v1,qixing_lengshuikeng_full26_backend_2024_v1,qixing_lengshuikeng_main_peak_20260523_osmrefresh_v1_3b,qixing_lengshuikeng_23_1,2024-08-11T00:27:56+00:00,2024-08-11T03:36:20+00:00,wind_gust_ms,,,UNAVAILABLE,MISSING,0.0,"no direct, +/- 7 day same-hour, neighboring-station, or climatology evidence available",7,7,7,0,,,,,,,False,False,True,False,False,False,False,Evidence prototype only; no scoring authorization.
ib3w_weather_inference_fallback_prototype_v1,qixing_lengshuikeng_full26_backend_2024_v1,qixing_lengshuikeng_main_peak_20260523_osmrefresh_v1_3b,qixing_lengshuikeng_23_1,2024-08-11T00:27:56+00:00,2024-08-11T03:36:20+00:00,sunshine_duration_min,,,UNAVAILABLE,MISSING,0.0,"no direct, +/- 7 day same-hour, neighboring-station, or climatology evidence available",7,7,7,0,,,,,,,False,False,True,False,False,False,False,Evidence prototype only; no scoring authorization.
ib3w_weather_inference_fallback_prototype_v1,qixing_lengshuikeng_full26_backend_2024_v1,qixing_lengshuikeng_main_peak_20260523_osmrefresh_v1_3b,qixing_lengshuikeng_23_1,2024-08-11T00:27:56+00:00,2024-08-11T03:36:20+00:00,visibility_m,,,UNAVAILABLE,MISSING,0.0,"no direct, +/- 7 day same-hour, neighboring-station, or climatology evidence available",7,7,7,0,,,,,,,False,False,True,False,False,False,False,Evidence prototype only; no scoring authorization.
ib3w_weather_inference_fallback_prototype_v1,qixing_lengshuikeng_full26_backend_2024_v1,qixing_lengshuikeng_main_peak_20260523_osmrefresh_v1_3b,qixing_lengshuikeng_23_1,2024-08-11T00:27:56+00:00,2024-08-11T03:36:20+00:00,uv_index,,,UNAVAILABLE,MISSING,0.0,"no direct, +/- 7 day same-hour, neighboring-station, or climatology evidence available",7,7,7,0,,,,,,,False,False,True,False,False,False,False,Evidence prototype only; no scoring authorization.
ib3w_weather_inference_fallback_prototype_v1,qixing_lengshuikeng_full26_backend_2024_v1,qixing_lengshuikeng_main_peak_20260523_osmrefresh_v1_3b,qixing_lengshuikeng_23_1,2024-08-11T00:27:56+00:00,2024-08-11T03:36:20+00:00,weather,,,UNAVAILABLE,MISSING,0.0,"no direct, +/- 7 day same-hour, neighboring-station, or climatology evidence available",7,7,7,0,,,,,,,False,False,True,False,False,False,False,Evidence prototype only; no scoring authorization.
ib3w_weather_inference_fallback_prototype_v1,qixing_lengshuikeng_full26_backend_2024_v1,qixing_lengshuikeng_main_peak_20260523_osmrefresh_v1_3b,qixing_lengshuikeng_28_1,2024-08-04T01:10:41+00:00,2024-08-04T03:34:22+00:00,precipitation_mm,,,UNAVAILABLE,MISSING,0.0,"no direct, +/- 7 day same-hour, neighboring-station, or climatology evidence available",7,7,7,0,,,,,,,False,False,True,False,False,False,False,Evidence prototype only; no scoring authorization.
ib3w_weather_inference_fallback_prototype_v1,qixing_lengshuikeng_full26_backend_2024_v1,qixing_lengshuikeng_main_peak_20260523_osmrefresh_v1_3b,qixing_lengshuikeng_28_1,2024-08-04T01:10:41+00:00,2024-08-04T03:34:22+00:00,precipitation_10min_mm,,,UNAVAILABLE,MISSING,0.0,"no direct, +/- 7 day same-hour, neighboring-station, or climatology evidence available",7,7,7,0,,,,,,,False,False,True,False,False,False,False,Evidence prototype only; no scoring authorization.
ib3w_weather_inference_fallback_prototype_v1,qixing_lengshuikeng_full26_backend_2024_v1,qixing_lengshuikeng_main_peak_20260523_osmrefresh_v1_3b,qixing_lengshuikeng_28_1,2024-08-04T01:10:41+00:00,2024-08-04T03:34:22+00:00,precipitation_1hr_mm,,,UNAVAILABLE,MISSING,0.0,"no direct, +/- 7 day same-hour, neighboring-station, or climatology evidence available",7,7,7,0,,,,,,,False,False,True,False,False,False,False,Evidence prototype only; no scoring authorization.
ib3w_weather_inference_fallback_prototype_v1,qixing_lengshuikeng_full26_backend_2024_v1,qixing_lengshuikeng_main_peak_20260523_osmrefresh_v1_3b,qixing_lengshuikeng_28_1,2024-08-04T01:10:41+00:00,2024-08-04T03:34:22+00:00,temperature_c,,,UNAVAILABLE,MISSING,0.0,"no direct, +/- 7 day same-hour, neighboring-station, or climatology evidence available",7,7,7,0,,,,,,,False,False,True,False,False,False,False,Evidence prototype only; no scoring authorization.
ib3w_weather_inference_fallback_prototype_v1,qixing_lengshuikeng_full26_backend_2024_v1,qixing_lengshuikeng_main_peak_20260523_osmrefresh_v1_3b,qixing_lengshuikeng_28_1,2024-08-04T01:10:41+00:00,2024-08-04T03:34:22+00:00,relative_humidity_pct,,,UNAVAILABLE,MISSING,0.0,"no direct, +/- 7 day same-hour, neighboring-station, or climatology evidence available",7,7,7,0,,,,,,,False,False,True,False,False,False,False,Evidence prototype only; no scoring authorization.
ib3w_weather_inference_fallback_prototype_v1,qixing_lengshuikeng_full26_backend_2024_v1,qixing_lengshuikeng_main_peak_20260523_osmrefresh_v1_3b,qixing_lengshuikeng_28_1,2024-08-04T01:10:41+00:00,2024-08-04T03:34:22+00:00,pressure_hpa,,,UNAVAILABLE,MISSING,0.0,"no direct, +/- 7 day same-hour, neighboring-station, or climatology evidence available",7,7,7,0,,,,,,,False,False,True,False,False,False,False,Evidence prototype only; no scoring authorization.
ib3w_weather_inference_fallback_prototype_v1,qixing_lengshuikeng_full26_backend_2024_v1,qixing_lengshuikeng_main_peak_20260523_osmrefresh_v1_3b,qixing_lengshuikeng_28_1,2024-08-04T01:10:41+00:00,2024-08-04T03:34:22+00:00,wind_speed_ms,,,UNAVAILABLE,MISSING,0.0,"no direct, +/- 7 day same-hour, neighboring-station, or climatology evidence available",7,7,7,0,,,,,,,False,False,True,False,False,False,False,Evidence prototype only; no scoring authorization.
ib3w_weather_inference_fallback_prototype_v1,qixing_lengshuikeng_full26_backend_2024_v1,qixing_lengshuikeng_main_peak_20260523_osmrefresh_v1_3b,qixing_lengshuikeng_28_1,2024-08-04T01:10:41+00:00,2024-08-04T03:34:22+00:00,wind_direction_deg,,,UNAVAILABLE,MISSING,0.0,"no direct, +/- 7 day same-hour, neighboring-station, or climatology evidence available",7,7,7,0,,,,,,,False,False,True,False,False,False,False,Evidence prototype only; no scoring authorization.
ib3w_weather_inference_fallback_prototype_v1,qixing_lengshuikeng_full26_backend_2024_v1,qixing_lengshuikeng_main_peak_20260523_osmrefresh_v1_3b,qixing_lengshuikeng_28_1,2024-08-04T01:10:41+00:00,2024-08-04T03:34:22+00:00,wind_gust_ms,,,UNAVAILABLE,MISSING,0.0,"no direct, +/- 7 day same-hour, neighboring-station, or climatology evidence available",7,7,7,0,,,,,,,False,False,True,False,False,False,False,Evidence prototype only; no scoring authorization.
ib3w_weather_inference_fallback_prototype_v1,qixing_lengshuikeng_full26_backend_2024_v1,qixing_lengshuikeng_main_peak_20260523_osmrefresh_v1_3b,qixing_lengshuikeng_28_1,2024-08-04T01:10:41+00:00,2024-08-04T03:34:22+00:00,sunshine_duration_min,,,UNAVAILABLE,MISSING,0.0,"no direct, +/- 7 day same-hour, neighboring-station, or climatology evidence available",7,7,7,0,,,,,,,False,False,True,False,False,False,False,Evidence prototype only; no scoring authorization.
ib3w_weather_inference_fallback_prototype_v1,qixing_lengshuikeng_full26_backend_2024_v1,qixing_lengshuikeng_main_peak_20260523_osmrefresh_v1_3b,qixing_lengshuikeng_28_1,2024-08-04T01:10:41+00:00,2024-08-04T03:34:22+00:00,visibility_m,,,UNAVAILABLE,MISSING,0.0,"no direct, +/- 7 day same-hour, neighboring-station, or climatology evidence available",7,7,7,0,,,,,,,False,False,True,False,False,False,False,Evidence prototype only; no scoring authorization.
ib3w_weather_inference_fallback_prototype_v1,qixing_lengshuikeng_full26_backend_2024_v1,qixing_lengshuikeng_main_peak_20260523_osmrefresh_v1_3b,qixing_lengshuikeng_28_1,2024-08-04T01:10:41+00:00,2024-08-04T03:34:22+00:00,uv_index,,,UNAVAILABLE,MISSING,0.0,"no direct, +/- 7 day same-hour, neighboring-station, or climatology evidence available",7,7,7,0,,,,,,,False,False,True,False,False,False,False,Evidence prototype only; no scoring authorization.
ib3w_weather_inference_fallback_prototype_v1,qixing_lengshuikeng_full26_backend_2024_v1,qixing_lengshuikeng_main_peak_20260523_osmrefresh_v1_3b,qixing_lengshuikeng_28_1,2024-08-04T01:10:41+00:00,2024-08-04T03:34:22+00:00,weather,,,UNAVAILABLE,MISSING,0.0,"no direct, +/- 7 day same-hour, neighboring-station, or climatology evidence available",7,7,7,0,,,,,,,False,False,True,False,False,False,False,Evidence prototype only; no scoring authorization.
ib3w_weather_inference_fallback_prototype_v1,qixing_lengshuikeng_full26_backend_2024_v1,qixing_lengshuikeng_main_peak_20260523_osmrefresh_v1_3b,qixing_lengshuikeng_29_1,2024-08-24T01:22:26+00:00,2024-08-24T03:29:14+00:00,precipitation_mm,,,UNAVAILABLE,MISSING,0.0,"no direct, +/- 7 day same-hour, neighboring-station, or climatology evidence available",7,7,7,0,,,,,,,False,False,True,False,False,False,False,Evidence prototype only; no scoring authorization.
ib3w_weather_inference_fallback_prototype_v1,qixing_lengshuikeng_full26_backend_2024_v1,qixing_lengshuikeng_main_peak_20260523_osmrefresh_v1_3b,qixing_lengshuikeng_29_1,2024-08-24T01:22:26+00:00,2024-08-24T03:29:14+00:00,precipitation_10min_mm,,,UNAVAILABLE,MISSING,0.0,"no direct, +/- 7 day same-hour, neighboring-station, or climatology evidence available",7,7,7,0,,,,,,,False,False,True,False,False,False,False,Evidence prototype only; no scoring authorization.
ib3w_weather_inference_fallback_prototype_v1,qixing_lengshuikeng_full26_backend_2024_v1,qixing_lengshuikeng_main_peak_20260523_osmrefresh_v1_3b,qixing_lengshuikeng_29_1,2024-08-24T01:22:26+00:00,2024-08-24T03:29:14+00:00,precipitation_1hr_mm,,,UNAVAILABLE,MISSING,0.0,"no direct, +/- 7 day same-hour, neighboring-station, or climatology evidence available",7,7,7,0,,,,,,,False,False,True,False,False,False,False,Evidence prototype only; no scoring authorization.
ib3w_weather_inference_fallback_prototype_v1,qixing_lengshuikeng_full26_backend_2024_v1,qixing_lengshuikeng_main_peak_20260523_osmrefresh_v1_3b,qixing_lengshuikeng_29_1,2024-08-24T01:22:26+00:00,2024-08-24T03:29:14+00:00,temperature_c,,,UNAVAILABLE,MISSING,0.0,"no direct, +/- 7 day same-hour, neighboring-station, or climatology evidence available",7,7,7,0,,,,,,,False,False,True,False,False,False,False,Evidence prototype only; no scoring authorization.
ib3w_weather_inference_fallback_prototype_v1,qixing_lengshuikeng_full26_backend_2024_v1,qixing_lengshuikeng_main_peak_20260523_osmrefresh_v1_3b,qixing_lengshuikeng_29_1,2024-08-24T01:22:26+00:00,2024-08-24T03:29:14+00:00,relative_humidity_pct,,,UNAVAILABLE,MISSING,0.0,"no direct, +/- 7 day same-hour, neighboring-station, or climatology evidence available",7,7,7,0,,,,,,,False,False,True,False,False,False,False,Evidence prototype only; no scoring authorization.
ib3w_weather_inference_fallback_prototype_v1,qixing_lengshuikeng_full26_backend_2024_v1,qixing_lengshuikeng_main_peak_20260523_osmrefresh_v1_3b,qixing_lengshuikeng_29_1,2024-08-24T01:22:26+00:00,2024-08-24T03:29:14+00:00,pressure_hpa,,,UNAVAILABLE,MISSING,0.0,"no direct, +/- 7 day same-hour, neighboring-station, or climatology evidence available",7,7,7,0,,,,,,,False,False,True,False,False,False,False,Evidence prototype only; no scoring authorization.
ib3w_weather_inference_fallback_prototype_v1,qixing_lengshuikeng_full26_backend_2024_v1,qixing_lengshuikeng_main_peak_20260523_osmrefresh_v1_3b,qixing_lengshuikeng_29_1,2024-08-24T01:22:26+00:00,2024-08-24T03:29:14+00:00,wind_speed_ms,,,UNAVAILABLE,MISSING,0.0,"no direct, +/- 7 day same-hour, neighboring-station, or climatology evidence available",7,7,7,0,,,,,,,False,False,True,False,False,False,False,Evidence prototype only; no scoring authorization.
ib3w_weather_inference_fallback_prototype_v1,qixing_lengshuikeng_full26_backend_2024_v1,qixing_lengshuikeng_main_peak_20260523_osmrefresh_v1_3b,qixing_lengshuikeng_29_1,2024-08-24T01:22:26+00:00,2024-08-24T03:29:14+00:00,wind_direction_deg,,,UNAVAILABLE,MISSING,0.0,"no direct, +/- 7 day same-hour, neighboring-station, or climatology evidence available",7,7,7,0,,,,,,,False,False,True,False,False,False,False,Evidence prototype only; no scoring authorization.
ib3w_weather_inference_fallback_prototype_v1,qixing_lengshuikeng_full26_backend_2024_v1,qixing_lengshuikeng_main_peak_20260523_osmrefresh_v1_3b,qixing_lengshuikeng_29_1,2024-08-24T01:22:26+00:00,2024-08-24T03:29:14+00:00,wind_gust_ms,,,UNAVAILABLE,MISSING,0.0,"no direct, +/- 7 day same-hour, neighboring-station, or climatology evidence available",7,7,7,0,,,,,,,False,False,True,False,False,False,False,Evidence prototype only; no scoring authorization.
ib3w_weather_inference_fallback_prototype_v1,qixing_lengshuikeng_full26_backend_2024_v1,qixing_lengshuikeng_main_peak_20260523_osmrefresh_v1_3b,qixing_lengshuikeng_29_1,2024-08-24T01:22:26+00:00,2024-08-24T03:29:14+00:00,sunshine_duration_min,,,UNAVAILABLE,MISSING,0.0,"no direct, +/- 7 day same-hour, neighboring-station, or climatology evidence available",7,7,7,0,,,,,,,False,False,True,False,False,False,False,Evidence prototype only; no scoring authorization.
ib3w_weather_inference_fallback_prototype_v1,qixing_lengshuikeng_full26_backend_2024_v1,qixing_lengshuikeng_main_peak_20260523_osmrefresh_v1_3b,qixing_lengshuikeng_29_1,2024-08-24T01:22:26+00:00,2024-08-24T03:29:14+00:00,visibility_m,,,UNAVAILABLE,MISSING,0.0,"no direct, +/- 7 day same-hour, neighboring-station, or climatology evidence available",7,7,7,0,,,,,,,False,False,True,False,False,False,False,Evidence prototype only; no scoring authorization.
ib3w_weather_inference_fallback_prototype_v1,qixing_lengshuikeng_full26_backend_2024_v1,qixing_lengshuikeng_main_peak_20260523_osmrefresh_v1_3b,qixing_lengshuikeng_29_1,2024-08-24T01:22:26+00:00,2024-08-24T03:29:14+00:00,uv_index,,,UNAVAILABLE,MISSING,0.0,"no direct, +/- 7 day same-hour, neighboring-station, or climatology evidence available",7,7,7,0,,,,,,,False,False,True,False,False,False,False,Evidence prototype only; no scoring authorization.
ib3w_weather_inference_fallback_prototype_v1,qixing_lengshuikeng_full26_backend_2024_v1,qixing_lengshuikeng_main_peak_20260523_osmrefresh_v1_3b,qixing_lengshuikeng_29_1,2024-08-24T01:22:26+00:00,2024-08-24T03:29:14+00:00,weather,,,UNAVAILABLE,MISSING,0.0,"no direct, +/- 7 day same-hour, neighboring-station, or climatology evidence available",7,7,7,0,,,,,,,False,False,True,False,False,False,False,Evidence prototype only; no scoring authorization.
ib3w_weather_inference_fallback_prototype_v1,qixing_lengshuikeng_full26_backend_2024_v1,qixing_lengshuikeng_main_peak_20260523_osmrefresh_v1_3b,qixing_lengshuikeng_30_1,2024-08-04T00:24:51+00:00,2024-08-04T02:31:41+00:00,precipitation_mm,,,UNAVAILABLE,MISSING,0.0,"no direct, +/- 7 day same-hour, neighboring-station, or climatology evidence available",7,7,7,0,,,,,,,False,False,True,False,False,False,False,Evidence prototype only; no scoring authorization.
ib3w_weather_inference_fallback_prototype_v1,qixing_lengshuikeng_full26_backend_2024_v1,qixing_lengshuikeng_main_peak_20260523_osmrefresh_v1_3b,qixing_lengshuikeng_30_1,2024-08-04T00:24:51+00:00,2024-08-04T02:31:41+00:00,precipitation_10min_mm,,,UNAVAILABLE,MISSING,0.0,"no direct, +/- 7 day same-hour, neighboring-station, or climatology evidence available",7,7,7,0,,,,,,,False,False,True,False,False,False,False,Evidence prototype only; no scoring authorization.
ib3w_weather_inference_fallback_prototype_v1,qixing_lengshuikeng_full26_backend_2024_v1,qixing_lengshuikeng_main_peak_20260523_osmrefresh_v1_3b,qixing_lengshuikeng_30_1,2024-08-04T00:24:51+00:00,2024-08-04T02:31:41+00:00,precipitation_1hr_mm,,,UNAVAILABLE,MISSING,0.0,"no direct, +/- 7 day same-hour, neighboring-station, or climatology evidence available",7,7,7,0,,,,,,,False,False,True,False,False,False,False,Evidence prototype only; no scoring authorization.
ib3w_weather_inference_fallback_prototype_v1,qixing_lengshuikeng_full26_backend_2024_v1,qixing_lengshuikeng_main_peak_20260523_osmrefresh_v1_3b,qixing_lengshuikeng_30_1,2024-08-04T00:24:51+00:00,2024-08-04T02:31:41+00:00,temperature_c,,,UNAVAILABLE,MISSING,0.0,"no direct, +/- 7 day same-hour, neighboring-station, or climatology evidence available",7,7,7,0,,,,,,,False,False,True,False,False,False,False,Evidence prototype only; no scoring authorization.
ib3w_weather_inference_fallback_prototype_v1,qixing_lengshuikeng_full26_backend_2024_v1,qixing_lengshuikeng_main_peak_20260523_osmrefresh_v1_3b,qixing_lengshuikeng_30_1,2024-08-04T00:24:51+00:00,2024-08-04T02:31:41+00:00,relative_humidity_pct,,,UNAVAILABLE,MISSING,0.0,"no direct, +/- 7 day same-hour, neighboring-station, or climatology evidence available",7,7,7,0,,,,,,,False,False,True,False,False,False,False,Evidence prototype only; no scoring authorization.
ib3w_weather_inference_fallback_prototype_v1,qixing_lengshuikeng_full26_backend_2024_v1,qixing_lengshuikeng_main_peak_20260523_osmrefresh_v1_3b,qixing_lengshuikeng_30_1,2024-08-04T00:24:51+00:00,2024-08-04T02:31:41+00:00,pressure_hpa,,,UNAVAILABLE,MISSING,0.0,"no direct, +/- 7 day same-hour, neighboring-station, or climatology evidence available",7,7,7,0,,,,,,,False,False,True,False,False,False,False,Evidence prototype only; no scoring authorization.
ib3w_weather_inference_fallback_prototype_v1,qixing_lengshuikeng_full26_backend_2024_v1,qixing_lengshuikeng_main_peak_20260523_osmrefresh_v1_3b,qixing_lengshuikeng_30_1,2024-08-04T00:24:51+00:00,2024-08-04T02:31:41+00:00,wind_speed_ms,,,UNAVAILABLE,MISSING,0.0,"no direct, +/- 7 day same-hour, neighboring-station, or climatology evidence available",7,7,7,0,,,,,,,False,False,True,False,False,False,False,Evidence prototype only; no scoring authorization.
ib3w_weather_inference_fallback_prototype_v1,qixing_lengshuikeng_full26_backend_2024_v1,qixing_lengshuikeng_main_peak_20260523_osmrefresh_v1_3b,qixing_lengshuikeng_30_1,2024-08-04T00:24:51+00:00,2024-08-04T02:31:41+00:00,wind_direction_deg,,,UNAVAILABLE,MISSING,0.0,"no direct, +/- 7 day same-hour, neighboring-station, or climatology evidence available",7,7,7,0,,,,,,,False,False,True,False,False,False,False,Evidence prototype only; no scoring authorization.
ib3w_weather_inference_fallback_prototype_v1,qixing_lengshuikeng_full26_backend_2024_v1,qixing_lengshuikeng_main_peak_20260523_osmrefresh_v1_3b,qixing_lengshuikeng_30_1,2024-08-04T00:24:51+00:00,2024-08-04T02:31:41+00:00,wind_gust_ms,,,UNAVAILABLE,MISSING,0.0,"no direct, +/- 7 day same-hour, neighboring-station, or climatology evidence available",7,7,7,0,,,,,,,False,False,True,False,False,False,False,Evidence prototype only; no scoring authorization.
ib3w_weather_inference_fallback_prototype_v1,qixing_lengshuikeng_full26_backend_2024_v1,qixing_lengshuikeng_main_peak_20260523_osmrefresh_v1_3b,qixing_lengshuikeng_30_1,2024-08-04T00:24:51+00:00,2024-08-04T02:31:41+00:00,sunshine_duration_min,,,UNAVAILABLE,MISSING,0.0,"no direct, +/- 7 day same-hour, neighboring-station, or climatology evidence available",7,7,7,0,,,,,,,False,False,True,False,False,False,False,Evidence prototype only; no scoring authorization.
ib3w_weather_inference_fallback_prototype_v1,qixing_lengshuikeng_full26_backend_2024_v1,qixing_lengshuikeng_main_peak_20260523_osmrefresh_v1_3b,qixing_lengshuikeng_30_1,2024-08-04T00:24:51+00:00,2024-08-04T02:31:41+00:00,visibility_m,,,UNAVAILABLE,MISSING,0.0,"no direct, +/- 7 day same-hour, neighboring-station, or climatology evidence available",7,7,7,0,,,,,,,False,False,True,False,False,False,False,Evidence prototype only; no scoring authorization.
ib3w_weather_inference_fallback_prototype_v1,qixing_lengshuikeng_full26_backend_2024_v1,qixing_lengshuikeng_main_peak_20260523_osmrefresh_v1_3b,qixing_lengshuikeng_30_1,2024-08-04T00:24:51+00:00,2024-08-04T02:31:41+00:00,uv_index,,,UNAVAILABLE,MISSING,0.0,"no direct, +/- 7 day same-hour, neighboring-station, or climatology evidence available",7,7,7,0,,,,,,,False,False,True,False,False,False,False,Evidence prototype only; no scoring authorization.
ib3w_weather_inference_fallback_prototype_v1,qixing_lengshuikeng_full26_backend_2024_v1,qixing_lengshuikeng_main_peak_20260523_osmrefresh_v1_3b,qixing_lengshuikeng_30_1,2024-08-04T00:24:51+00:00,2024-08-04T02:31:41+00:00,weather,,,UNAVAILABLE,MISSING,0.0,"no direct, +/- 7 day same-hour, neighboring-station, or climatology evidence available",7,7,7,0,,,,,,,False,False,True,False,False,False,False,Evidence prototype only; no scoring authorization.
ib3w_weather_inference_fallback_prototype_v1,qixing_lengshuikeng_full26_backend_2024_v1,qixing_lengshuikeng_main_peak_20260523_osmrefresh_v1_3b,qixing_lengshuikeng_33_1,2024-08-25T00:53:06+00:00,2024-08-25T02:42:28+00:00,precipitation_mm,,,UNAVAILABLE,MISSING,0.0,"no direct, +/- 7 day same-hour, neighboring-station, or climatology evidence available",7,7,7,0,,,,,,,False,False,True,False,False,False,False,Evidence prototype only; no scoring authorization.
ib3w_weather_inference_fallback_prototype_v1,qixing_lengshuikeng_full26_backend_2024_v1,qixing_lengshuikeng_main_peak_20260523_osmrefresh_v1_3b,qixing_lengshuikeng_33_1,2024-08-25T00:53:06+00:00,2024-08-25T02:42:28+00:00,precipitation_10min_mm,,,UNAVAILABLE,MISSING,0.0,"no direct, +/- 7 day same-hour, neighboring-station, or climatology evidence available",7,7,7,0,,,,,,,False,False,True,False,False,False,False,Evidence prototype only; no scoring authorization.
ib3w_weather_inference_fallback_prototype_v1,qixing_lengshuikeng_full26_backend_2024_v1,qixing_lengshuikeng_main_peak_20260523_osmrefresh_v1_3b,qixing_lengshuikeng_33_1,2024-08-25T00:53:06+00:00,2024-08-25T02:42:28+00:00,precipitation_1hr_mm,,,UNAVAILABLE,MISSING,0.0,"no direct, +/- 7 day same-hour, neighboring-station, or climatology evidence available",7,7,7,0,,,,,,,False,False,True,False,False,False,False,Evidence prototype only; no scoring authorization.
ib3w_weather_inference_fallback_prototype_v1,qixing_lengshuikeng_full26_backend_2024_v1,qixing_lengshuikeng_main_peak_20260523_osmrefresh_v1_3b,qixing_lengshuikeng_33_1,2024-08-25T00:53:06+00:00,2024-08-25T02:42:28+00:00,temperature_c,,,UNAVAILABLE,MISSING,0.0,"no direct, +/- 7 day same-hour, neighboring-station, or climatology evidence available",7,7,7,0,,,,,,,False,False,True,False,False,False,False,Evidence prototype only; no scoring authorization.
ib3w_weather_inference_fallback_prototype_v1,qixing_lengshuikeng_full26_backend_2024_v1,qixing_lengshuikeng_main_peak_20260523_osmrefresh_v1_3b,qixing_lengshuikeng_33_1,2024-08-25T00:53:06+00:00,2024-08-25T02:42:28+00:00,relative_humidity_pct,,,UNAVAILABLE,MISSING,0.0,"no direct, +/- 7 day same-hour, neighboring-station, or climatology evidence available",7,7,7,0,,,,,,,False,False,True,False,False,False,False,Evidence prototype only; no scoring authorization.
ib3w_weather_inference_fallback_prototype_v1,qixing_lengshuikeng_full26_backend_2024_v1,qixing_lengshuikeng_main_peak_20260523_osmrefresh_v1_3b,qixing_lengshuikeng_33_1,2024-08-25T00:53:06+00:00,2024-08-25T02:42:28+00:00,pressure_hpa,,,UNAVAILABLE,MISSING,0.0,"no direct, +/- 7 day same-hour, neighboring-station, or climatology evidence available",7,7,7,0,,,,,,,False,False,True,False,False,False,False,Evidence prototype only; no scoring authorization.
ib3w_weather_inference_fallback_prototype_v1,qixing_lengshuikeng_full26_backend_2024_v1,qixing_lengshuikeng_main_peak_20260523_osmrefresh_v1_3b,qixing_lengshuikeng_33_1,2024-08-25T00:53:06+00:00,2024-08-25T02:42:28+00:00,wind_speed_ms,,,UNAVAILABLE,MISSING,0.0,"no direct, +/- 7 day same-hour, neighboring-station, or climatology evidence available",7,7,7,0,,,,,,,False,False,True,False,False,False,False,Evidence prototype only; no scoring authorization.
ib3w_weather_inference_fallback_prototype_v1,qixing_lengshuikeng_full26_backend_2024_v1,qixing_lengshuikeng_main_peak_20260523_osmrefresh_v1_3b,qixing_lengshuikeng_33_1,2024-08-25T00:53:06+00:00,2024-08-25T02:42:28+00:00,wind_direction_deg,,,UNAVAILABLE,MISSING,0.0,"no direct, +/- 7 day same-hour, neighboring-station, or climatology evidence available",7,7,7,0,,,,,,,False,False,True,False,False,False,False,Evidence prototype only; no scoring authorization.
ib3w_weather_inference_fallback_prototype_v1,qixing_lengshuikeng_full26_backend_2024_v1,qixing_lengshuikeng_main_peak_20260523_osmrefresh_v1_3b,qixing_lengshuikeng_33_1,2024-08-25T00:53:06+00:00,2024-08-25T02:42:28+00:00,wind_gust_ms,,,UNAVAILABLE,MISSING,0.0,"no direct, +/- 7 day same-hour, neighboring-station, or climatology evidence available",7,7,7,0,,,,,,,False,False,True,False,False,False,False,Evidence prototype only; no scoring authorization.
ib3w_weather_inference_fallback_prototype_v1,qixing_lengshuikeng_full26_backend_2024_v1,qixing_lengshuikeng_main_peak_20260523_osmrefresh_v1_3b,qixing_lengshuikeng_33_1,2024-08-25T00:53:06+00:00,2024-08-25T02:42:28+00:00,sunshine_duration_min,,,UNAVAILABLE,MISSING,0.0,"no direct, +/- 7 day same-hour, neighboring-station, or climatology evidence available",7,7,7,0,,,,,,,False,False,True,False,False,False,False,Evidence prototype only; no scoring authorization.
ib3w_weather_inference_fallback_prototype_v1,qixing_lengshuikeng_full26_backend_2024_v1,qixing_lengshuikeng_main_peak_20260523_osmrefresh_v1_3b,qixing_lengshuikeng_33_1,2024-08-25T00:53:06+00:00,2024-08-25T02:42:28+00:00,visibility_m,,,UNAVAILABLE,MISSING,0.0,"no direct, +/- 7 day same-hour, neighboring-station, or climatology evidence available",7,7,7,0,,,,,,,False,False,True,False,False,False,False,Evidence prototype only; no scoring authorization.
ib3w_weather_inference_fallback_prototype_v1,qixing_lengshuikeng_full26_backend_2024_v1,qixing_lengshuikeng_main_peak_20260523_osmrefresh_v1_3b,qixing_lengshuikeng_33_1,2024-08-25T00:53:06+00:00,2024-08-25T02:42:28+00:00,uv_index,,,UNAVAILABLE,MISSING,0.0,"no direct, +/- 7 day same-hour, neighboring-station, or climatology evidence available",7,7,7,0,,,,,,,False,False,True,False,False,False,False,Evidence prototype only; no scoring authorization.
ib3w_weather_inference_fallback_prototype_v1,qixing_lengshuikeng_full26_backend_2024_v1,qixing_lengshuikeng_main_peak_20260523_osmrefresh_v1_3b,qixing_lengshuikeng_33_1,2024-08-25T00:53:06+00:00,2024-08-25T02:42:28+00:00,weather,,,UNAVAILABLE,MISSING,0.0,"no direct, +/- 7 day same-hour, neighboring-station, or climatology evidence available",7,7,7,0,,,,,,,False,False,True,False,False,False,False,Evidence prototype only; no scoring authorization.
ib3w_weather_inference_fallback_prototype_v1,qixing_lengshuikeng_full26_backend_2024_v1,qixing_lengshuikeng_main_peak_20260523_osmrefresh_v1_3b,qixing_lengshuikeng_35_1,2024-08-04T00:25:39+00:00,2024-08-04T02:31:28+00:00,precipitation_mm,,,UNAVAILABLE,MISSING,0.0,"no direct, +/- 7 day same-hour, neighboring-station, or climatology evidence available",7,7,7,0,,,,,,,False,False,True,False,False,False,False,Evidence prototype only; no scoring authorization.
ib3w_weather_inference_fallback_prototype_v1,qixing_lengshuikeng_full26_backend_2024_v1,qixing_lengshuikeng_main_peak_20260523_osmrefresh_v1_3b,qixing_lengshuikeng_35_1,2024-08-04T00:25:39+00:00,2024-08-04T02:31:28+00:00,precipitation_10min_mm,,,UNAVAILABLE,MISSING,0.0,"no direct, +/- 7 day same-hour, neighboring-station, or climatology evidence available",7,7,7,0,,,,,,,False,False,True,False,False,False,False,Evidence prototype only; no scoring authorization.
ib3w_weather_inference_fallback_prototype_v1,qixing_lengshuikeng_full26_backend_2024_v1,qixing_lengshuikeng_main_peak_20260523_osmrefresh_v1_3b,qixing_lengshuikeng_35_1,2024-08-04T00:25:39+00:00,2024-08-04T02:31:28+00:00,precipitation_1hr_mm,,,UNAVAILABLE,MISSING,0.0,"no direct, +/- 7 day same-hour, neighboring-station, or climatology evidence available",7,7,7,0,,,,,,,False,False,True,False,False,False,False,Evidence prototype only; no scoring authorization.
ib3w_weather_inference_fallback_prototype_v1,qixing_lengshuikeng_full26_backend_2024_v1,qixing_lengshuikeng_main_peak_20260523_osmrefresh_v1_3b,qixing_lengshuikeng_35_1,2024-08-04T00:25:39+00:00,2024-08-04T02:31:28+00:00,temperature_c,,,UNAVAILABLE,MISSING,0.0,"no direct, +/- 7 day same-hour, neighboring-station, or climatology evidence available",7,7,7,0,,,,,,,False,False,True,False,False,False,False,Evidence prototype only; no scoring authorization.
ib3w_weather_inference_fallback_prototype_v1,qixing_lengshuikeng_full26_backend_2024_v1,qixing_lengshuikeng_main_peak_20260523_osmrefresh_v1_3b,qixing_lengshuikeng_35_1,2024-08-04T00:25:39+00:00,2024-08-04T02:31:28+00:00,relative_humidity_pct,,,UNAVAILABLE,MISSING,0.0,"no direct, +/- 7 day same-hour, neighboring-station, or climatology evidence available",7,7,7,0,,,,,,,False,False,True,False,False,False,False,Evidence prototype only; no scoring authorization.
ib3w_weather_inference_fallback_prototype_v1,qixing_lengshuikeng_full26_backend_2024_v1,qixing_lengshuikeng_main_peak_20260523_osmrefresh_v1_3b,qixing_lengshuikeng_35_1,2024-08-04T00:25:39+00:00,2024-08-04T02:31:28+00:00,pressure_hpa,,,UNAVAILABLE,MISSING,0.0,"no direct, +/- 7 day same-hour, neighboring-station, or climatology evidence available",7,7,7,0,,,,,,,False,False,True,False,False,False,False,Evidence prototype only; no scoring authorization.
ib3w_weather_inference_fallback_prototype_v1,qixing_lengshuikeng_full26_backend_2024_v1,qixing_lengshuikeng_main_peak_20260523_osmrefresh_v1_3b,qixing_lengshuikeng_35_1,2024-08-04T00:25:39+00:00,2024-08-04T02:31:28+00:00,wind_speed_ms,,,UNAVAILABLE,MISSING,0.0,"no direct, +/- 7 day same-hour, neighboring-station, or climatology evidence available",7,7,7,0,,,,,,,False,False,True,False,False,False,False,Evidence prototype only; no scoring authorization.
ib3w_weather_inference_fallback_prototype_v1,qixing_lengshuikeng_full26_backend_2024_v1,qixing_lengshuikeng_main_peak_20260523_osmrefresh_v1_3b,qixing_lengshuikeng_35_1,2024-08-04T00:25:39+00:00,2024-08-04T02:31:28+00:00,wind_direction_deg,,,UNAVAILABLE,MISSING,0.0,"no direct, +/- 7 day same-hour, neighboring-station, or climatology evidence available",7,7,7,0,,,,,,,False,False,True,False,False,False,False,Evidence prototype only; no scoring authorization.
ib3w_weather_inference_fallback_prototype_v1,qixing_lengshuikeng_full26_backend_2024_v1,qixing_lengshuikeng_main_peak_20260523_osmrefresh_v1_3b,qixing_lengshuikeng_35_1,2024-08-04T00:25:39+00:00,2024-08-04T02:31:28+00:00,wind_gust_ms,,,UNAVAILABLE,MISSING,0.0,"no direct, +/- 7 day same-hour, neighboring-station, or climatology evidence available",7,7,7,0,,,,,,,False,False,True,False,False,False,False,Evidence prototype only; no scoring authorization.
ib3w_weather_inference_fallback_prototype_v1,qixing_lengshuikeng_full26_backend_2024_v1,qixing_lengshuikeng_main_peak_20260523_osmrefresh_v1_3b,qixing_lengshuikeng_35_1,2024-08-04T00:25:39+00:00,2024-08-04T02:31:28+00:00,sunshine_duration_min,,,UNAVAILABLE,MISSING,0.0,"no direct, +/- 7 day same-hour, neighboring-station, or climatology evidence available",7,7,7,0,,,,,,,False,False,True,False,False,False,False,Evidence prototype only; no scoring authorization.
ib3w_weather_inference_fallback_prototype_v1,qixing_lengshuikeng_full26_backend_2024_v1,qixing_lengshuikeng_main_peak_20260523_osmrefresh_v1_3b,qixing_lengshuikeng_35_1,2024-08-04T00:25:39+00:00,2024-08-04T02:31:28+00:00,visibility_m,,,UNAVAILABLE,MISSING,0.0,"no direct, +/- 7 day same-hour, neighboring-station, or climatology evidence available",7,7,7,0,,,,,,,False,False,True,False,False,False,False,Evidence prototype only; no scoring authorization.
ib3w_weather_inference_fallback_prototype_v1,qixing_lengshuikeng_full26_backend_2024_v1,qixing_lengshuikeng_main_peak_20260523_osmrefresh_v1_3b,qixing_lengshuikeng_35_1,2024-08-04T00:25:39+00:00,2024-08-04T02:31:28+00:00,uv_index,,,UNAVAILABLE,MISSING,0.0,"no direct, +/- 7 day same-hour, neighboring-station, or climatology evidence available",7,7,7,0,,,,,,,False,False,True,False,False,False,False,Evidence prototype only; no scoring authorization.
ib3w_weather_inference_fallback_prototype_v1,qixing_lengshuikeng_full26_backend_2024_v1,qixing_lengshuikeng_main_peak_20260523_osmrefresh_v1_3b,qixing_lengshuikeng_35_1,2024-08-04T00:25:39+00:00,2024-08-04T02:31:28+00:00,weather,,,UNAVAILABLE,MISSING,0.0,"no direct, +/- 7 day same-hour, neighboring-station, or climatology evidence available",7,7,7,0,,,,,,,False,False,True,False,False,False,False,Evidence prototype only; no scoring authorization.
ib3w_weather_inference_fallback_prototype_v1,qixing_lengshuikeng_full26_backend_2024_v1,qixing_lengshuikeng_main_peak_20260523_osmrefresh_v1_3b,qixing_lengshuikeng_36_1,2024-08-04T00:23:14+00:00,2024-08-04T02:36:34+00:00,precipitation_mm,,,UNAVAILABLE,MISSING,0.0,"no direct, +/- 7 day same-hour, neighboring-station, or climatology evidence available",7,7,7,0,,,,,,,False,False,True,False,False,False,False,Evidence prototype only; no scoring authorization.
ib3w_weather_inference_fallback_prototype_v1,qixing_lengshuikeng_full26_backend_2024_v1,qixing_lengshuikeng_main_peak_20260523_osmrefresh_v1_3b,qixing_lengshuikeng_36_1,2024-08-04T00:23:14+00:00,2024-08-04T02:36:34+00:00,precipitation_10min_mm,,,UNAVAILABLE,MISSING,0.0,"no direct, +/- 7 day same-hour, neighboring-station, or climatology evidence available",7,7,7,0,,,,,,,False,False,True,False,False,False,False,Evidence prototype only; no scoring authorization.
ib3w_weather_inference_fallback_prototype_v1,qixing_lengshuikeng_full26_backend_2024_v1,qixing_lengshuikeng_main_peak_20260523_osmrefresh_v1_3b,qixing_lengshuikeng_36_1,2024-08-04T00:23:14+00:00,2024-08-04T02:36:34+00:00,precipitation_1hr_mm,,,UNAVAILABLE,MISSING,0.0,"no direct, +/- 7 day same-hour, neighboring-station, or climatology evidence available",7,7,7,0,,,,,,,False,False,True,False,False,False,False,Evidence prototype only; no scoring authorization.
ib3w_weather_inference_fallback_prototype_v1,qixing_lengshuikeng_full26_backend_2024_v1,qixing_lengshuikeng_main_peak_20260523_osmrefresh_v1_3b,qixing_lengshuikeng_36_1,2024-08-04T00:23:14+00:00,2024-08-04T02:36:34+00:00,temperature_c,,,UNAVAILABLE,MISSING,0.0,"no direct, +/- 7 day same-hour, neighboring-station, or climatology evidence available",7,7,7,0,,,,,,,False,False,True,False,False,False,False,Evidence prototype only; no scoring authorization.
ib3w_weather_inference_fallback_prototype_v1,qixing_lengshuikeng_full26_backend_2024_v1,qixing_lengshuikeng_main_peak_20260523_osmrefresh_v1_3b,qixing_lengshuikeng_36_1,2024-08-04T00:23:14+00:00,2024-08-04T02:36:34+00:00,relative_humidity_pct,,,UNAVAILABLE,MISSING,0.0,"no direct, +/- 7 day same-hour, neighboring-station, or climatology evidence available",7,7,7,0,,,,,,,False,False,True,False,False,False,False,Evidence prototype only; no scoring authorization.
ib3w_weather_inference_fallback_prototype_v1,qixing_lengshuikeng_full26_backend_2024_v1,qixing_lengshuikeng_main_peak_20260523_osmrefresh_v1_3b,qixing_lengshuikeng_36_1,2024-08-04T00:23:14+00:00,2024-08-04T02:36:34+00:00,pressure_hpa,,,UNAVAILABLE,MISSING,0.0,"no direct, +/- 7 day same-hour, neighboring-station, or climatology evidence available",7,7,7,0,,,,,,,False,False,True,False,False,False,False,Evidence prototype only; no scoring authorization.
ib3w_weather_inference_fallback_prototype_v1,qixing_lengshuikeng_full26_backend_2024_v1,qixing_lengshuikeng_main_peak_20260523_osmrefresh_v1_3b,qixing_lengshuikeng_36_1,2024-08-04T00:23:14+00:00,2024-08-04T02:36:34+00:00,wind_speed_ms,,,UNAVAILABLE,MISSING,0.0,"no direct, +/- 7 day same-hour, neighboring-station, or climatology evidence available",7,7,7,0,,,,,,,False,False,True,False,False,False,False,Evidence prototype only; no scoring authorization.
ib3w_weather_inference_fallback_prototype_v1,qixing_lengshuikeng_full26_backend_2024_v1,qixing_lengshuikeng_main_peak_20260523_osmrefresh_v1_3b,qixing_lengshuikeng_36_1,2024-08-04T00:23:14+00:00,2024-08-04T02:36:34+00:00,wind_direction_deg,,,UNAVAILABLE,MISSING,0.0,"no direct, +/- 7 day same-hour, neighboring-station, or climatology evidence available",7,7,7,0,,,,,,,False,False,True,False,False,False,False,Evidence prototype only; no scoring authorization.
ib3w_weather_inference_fallback_prototype_v1,qixing_lengshuikeng_full26_backend_2024_v1,qixing_lengshuikeng_main_peak_20260523_osmrefresh_v1_3b,qixing_lengshuikeng_36_1,2024-08-04T00:23:14+00:00,2024-08-04T02:36:34+00:00,wind_gust_ms,,,UNAVAILABLE,MISSING,0.0,"no direct, +/- 7 day same-hour, neighboring-station, or climatology evidence available",7,7,7,0,,,,,,,False,False,True,False,False,False,False,Evidence prototype only; no scoring authorization.
ib3w_weather_inference_fallback_prototype_v1,qixing_lengshuikeng_full26_backend_2024_v1,qixing_lengshuikeng_main_peak_20260523_osmrefresh_v1_3b,qixing_lengshuikeng_36_1,2024-08-04T00:23:14+00:00,2024-08-04T02:36:34+00:00,sunshine_duration_min,,,UNAVAILABLE,MISSING,0.0,"no direct, +/- 7 day same-hour, neighboring-station, or climatology evidence available",7,7,7,0,,,,,,,False,False,True,False,False,False,False,Evidence prototype only; no scoring authorization.
ib3w_weather_inference_fallback_prototype_v1,qixing_lengshuikeng_full26_backend_2024_v1,qixing_lengshuikeng_main_peak_20260523_osmrefresh_v1_3b,qixing_lengshuikeng_36_1,2024-08-04T00:23:14+00:00,2024-08-04T02:36:34+00:00,visibility_m,,,UNAVAILABLE,MISSING,0.0,"no direct, +/- 7 day same-hour, neighboring-station, or climatology evidence available",7,7,7,0,,,,,,,False,False,True,False,False,False,False,Evidence prototype only; no scoring authorization.
ib3w_weather_inference_fallback_prototype_v1,qixing_lengshuikeng_full26_backend_2024_v1,qixing_lengshuikeng_main_peak_20260523_osmrefresh_v1_3b,qixing_lengshuikeng_36_1,2024-08-04T00:23:14+00:00,2024-08-04T02:36:34+00:00,uv_index,,,UNAVAILABLE,MISSING,0.0,"no direct, +/- 7 day same-hour, neighboring-station, or climatology evidence available",7,7,7,0,,,,,,,False,False,True,False,False,False,False,Evidence prototype only; no scoring authorization.
ib3w_weather_inference_fallback_prototype_v1,qixing_lengshuikeng_full26_backend_2024_v1,qixing_lengshuikeng_main_peak_20260523_osmrefresh_v1_3b,qixing_lengshuikeng_36_1,2024-08-04T00:23:14+00:00,2024-08-04T02:36:34+00:00,weather,,,UNAVAILABLE,MISSING,0.0,"no direct, +/- 7 day same-hour, neighboring-station, or climatology evidence available",7,7,7,0,,,,,,,False,False,True,False,False,False,False,Evidence prototype only; no scoring authorization.
ib3w_weather_inference_fallback_prototype_v1,qixing_lengshuikeng_full26_backend_2024_v1,qixing_lengshuikeng_main_peak_20260523_osmrefresh_v1_3b,qixing_lengshuikeng_37_1,2024-08-04T00:24:03+00:00,2024-08-04T03:02:34+00:00,precipitation_mm,,,UNAVAILABLE,MISSING,0.0,"no direct, +/- 7 day same-hour, neighboring-station, or climatology evidence available",7,7,7,0,,,,,,,False,False,True,False,False,False,False,Evidence prototype only; no scoring authorization.
ib3w_weather_inference_fallback_prototype_v1,qixing_lengshuikeng_full26_backend_2024_v1,qixing_lengshuikeng_main_peak_20260523_osmrefresh_v1_3b,qixing_lengshuikeng_37_1,2024-08-04T00:24:03+00:00,2024-08-04T03:02:34+00:00,precipitation_10min_mm,,,UNAVAILABLE,MISSING,0.0,"no direct, +/- 7 day same-hour, neighboring-station, or climatology evidence available",7,7,7,0,,,,,,,False,False,True,False,False,False,False,Evidence prototype only; no scoring authorization.
ib3w_weather_inference_fallback_prototype_v1,qixing_lengshuikeng_full26_backend_2024_v1,qixing_lengshuikeng_main_peak_20260523_osmrefresh_v1_3b,qixing_lengshuikeng_37_1,2024-08-04T00:24:03+00:00,2024-08-04T03:02:34+00:00,precipitation_1hr_mm,,,UNAVAILABLE,MISSING,0.0,"no direct, +/- 7 day same-hour, neighboring-station, or climatology evidence available",7,7,7,0,,,,,,,False,False,True,False,False,False,False,Evidence prototype only; no scoring authorization.
ib3w_weather_inference_fallback_prototype_v1,qixing_lengshuikeng_full26_backend_2024_v1,qixing_lengshuikeng_main_peak_20260523_osmrefresh_v1_3b,qixing_lengshuikeng_37_1,2024-08-04T00:24:03+00:00,2024-08-04T03:02:34+00:00,temperature_c,,,UNAVAILABLE,MISSING,0.0,"no direct, +/- 7 day same-hour, neighboring-station, or climatology evidence available",7,7,7,0,,,,,,,False,False,True,False,False,False,False,Evidence prototype only; no scoring authorization.
ib3w_weather_inference_fallback_prototype_v1,qixing_lengshuikeng_full26_backend_2024_v1,qixing_lengshuikeng_main_peak_20260523_osmrefresh_v1_3b,qixing_lengshuikeng_37_1,2024-08-04T00:24:03+00:00,2024-08-04T03:02:34+00:00,relative_humidity_pct,,,UNAVAILABLE,MISSING,0.0,"no direct, +/- 7 day same-hour, neighboring-station, or climatology evidence available",7,7,7,0,,,,,,,False,False,True,False,False,False,False,Evidence prototype only; no scoring authorization.
ib3w_weather_inference_fallback_prototype_v1,qixing_lengshuikeng_full26_backend_2024_v1,qixing_lengshuikeng_main_peak_20260523_osmrefresh_v1_3b,qixing_lengshuikeng_37_1,2024-08-04T00:24:03+00:00,2024-08-04T03:02:34+00:00,pressure_hpa,,,UNAVAILABLE,MISSING,0.0,"no direct, +/- 7 day same-hour, neighboring-station, or climatology evidence available",7,7,7,0,,,,,,,False,False,True,False,False,False,False,Evidence prototype only; no scoring authorization.
ib3w_weather_inference_fallback_prototype_v1,qixing_lengshuikeng_full26_backend_2024_v1,qixing_lengshuikeng_main_peak_20260523_osmrefresh_v1_3b,qixing_lengshuikeng_37_1,2024-08-04T00:24:03+00:00,2024-08-04T03:02:34+00:00,wind_speed_ms,,,UNAVAILABLE,MISSING,0.0,"no direct, +/- 7 day same-hour, neighboring-station, or climatology evidence available",7,7,7,0,,,,,,,False,False,True,False,False,False,False,Evidence prototype only; no scoring authorization.
ib3w_weather_inference_fallback_prototype_v1,qixing_lengshuikeng_full26_backend_2024_v1,qixing_lengshuikeng_main_peak_20260523_osmrefresh_v1_3b,qixing_lengshuikeng_37_1,2024-08-04T00:24:03+00:00,2024-08-04T03:02:34+00:00,wind_direction_deg,,,UNAVAILABLE,MISSING,0.0,"no direct, +/- 7 day same-hour, neighboring-station, or climatology evidence available",7,7,7,0,,,,,,,False,False,True,False,False,False,False,Evidence prototype only; no scoring authorization.
ib3w_weather_inference_fallback_prototype_v1,qixing_lengshuikeng_full26_backend_2024_v1,qixing_lengshuikeng_main_peak_20260523_osmrefresh_v1_3b,qixing_lengshuikeng_37_1,2024-08-04T00:24:03+00:00,2024-08-04T03:02:34+00:00,wind_gust_ms,,,UNAVAILABLE,MISSING,0.0,"no direct, +/- 7 day same-hour, neighboring-station, or climatology evidence available",7,7,7,0,,,,,,,False,False,True,False,False,False,False,Evidence prototype only; no scoring authorization.
ib3w_weather_inference_fallback_prototype_v1,qixing_lengshuikeng_full26_backend_2024_v1,qixing_lengshuikeng_main_peak_20260523_osmrefresh_v1_3b,qixing_lengshuikeng_37_1,2024-08-04T00:24:03+00:00,2024-08-04T03:02:34+00:00,sunshine_duration_min,,,UNAVAILABLE,MISSING,0.0,"no direct, +/- 7 day same-hour, neighboring-station, or climatology evidence available",7,7,7,0,,,,,,,False,False,True,False,False,False,False,Evidence prototype only; no scoring authorization.
ib3w_weather_inference_fallback_prototype_v1,qixing_lengshuikeng_full26_backend_2024_v1,qixing_lengshuikeng_main_peak_20260523_osmrefresh_v1_3b,qixing_lengshuikeng_37_1,2024-08-04T00:24:03+00:00,2024-08-04T03:02:34+00:00,visibility_m,,,UNAVAILABLE,MISSING,0.0,"no direct, +/- 7 day same-hour, neighboring-station, or climatology evidence available",7,7,7,0,,,,,,,False,False,True,False,False,False,False,Evidence prototype only; no scoring authorization.
ib3w_weather_inference_fallback_prototype_v1,qixing_lengshuikeng_full26_backend_2024_v1,qixing_lengshuikeng_main_peak_20260523_osmrefresh_v1_3b,qixing_lengshuikeng_37_1,2024-08-04T00:24:03+00:00,2024-08-04T03:02:34+00:00,uv_index,,,UNAVAILABLE,MISSING,0.0,"no direct, +/- 7 day same-hour, neighboring-station, or climatology evidence available",7,7,7,0,,,,,,,False,False,True,False,False,False,False,Evidence prototype only; no scoring authorization.
ib3w_weather_inference_fallback_prototype_v1,qixing_lengshuikeng_full26_backend_2024_v1,qixing_lengshuikeng_main_peak_20260523_osmrefresh_v1_3b,qixing_lengshuikeng_37_1,2024-08-04T00:24:03+00:00,2024-08-04T03:02:34+00:00,weather,,,UNAVAILABLE,MISSING,0.0,"no direct, +/- 7 day same-hour, neighboring-station, or climatology evidence available",7,7,7,0,,,,,,,False,False,True,False,False,False,False,Evidence prototype only; no scoring authorization.
ib3w_weather_inference_fallback_prototype_v1,qixing_lengshuikeng_full26_backend_2024_v1,qixing_lengshuikeng_main_peak_20260523_osmrefresh_v1_3b,qixing_lengshuikeng_38_1,2024-08-25T00:56:42+00:00,2024-08-25T03:46:28+00:00,precipitation_mm,,,UNAVAILABLE,MISSING,0.0,"no direct, +/- 7 day same-hour, neighboring-station, or climatology evidence available",7,7,7,0,,,,,,,False,False,True,False,False,False,False,Evidence prototype only; no scoring authorization.
ib3w_weather_inference_fallback_prototype_v1,qixing_lengshuikeng_full26_backend_2024_v1,qixing_lengshuikeng_main_peak_20260523_osmrefresh_v1_3b,qixing_lengshuikeng_38_1,2024-08-25T00:56:42+00:00,2024-08-25T03:46:28+00:00,precipitation_10min_mm,,,UNAVAILABLE,MISSING,0.0,"no direct, +/- 7 day same-hour, neighboring-station, or climatology evidence available",7,7,7,0,,,,,,,False,False,True,False,False,False,False,Evidence prototype only; no scoring authorization.
ib3w_weather_inference_fallback_prototype_v1,qixing_lengshuikeng_full26_backend_2024_v1,qixing_lengshuikeng_main_peak_20260523_osmrefresh_v1_3b,qixing_lengshuikeng_38_1,2024-08-25T00:56:42+00:00,2024-08-25T03:46:28+00:00,precipitation_1hr_mm,,,UNAVAILABLE,MISSING,0.0,"no direct, +/- 7 day same-hour, neighboring-station, or climatology evidence available",7,7,7,0,,,,,,,False,False,True,False,False,False,False,Evidence prototype only; no scoring authorization.
ib3w_weather_inference_fallback_prototype_v1,qixing_lengshuikeng_full26_backend_2024_v1,qixing_lengshuikeng_main_peak_20260523_osmrefresh_v1_3b,qixing_lengshuikeng_38_1,2024-08-25T00:56:42+00:00,2024-08-25T03:46:28+00:00,temperature_c,,,UNAVAILABLE,MISSING,0.0,"no direct, +/- 7 day same-hour, neighboring-station, or climatology evidence available",7,7,7,0,,,,,,,False,False,True,False,False,False,False,Evidence prototype only; no scoring authorization.
ib3w_weather_inference_fallback_prototype_v1,qixing_lengshuikeng_full26_backend_2024_v1,qixing_lengshuikeng_main_peak_20260523_osmrefresh_v1_3b,qixing_lengshuikeng_38_1,2024-08-25T00:56:42+00:00,2024-08-25T03:46:28+00:00,relative_humidity_pct,,,UNAVAILABLE,MISSING,0.0,"no direct, +/- 7 day same-hour, neighboring-station, or climatology evidence available",7,7,7,0,,,,,,,False,False,True,False,False,False,False,Evidence prototype only; no scoring authorization.
ib3w_weather_inference_fallback_prototype_v1,qixing_lengshuikeng_full26_backend_2024_v1,qixing_lengshuikeng_main_peak_20260523_osmrefresh_v1_3b,qixing_lengshuikeng_38_1,2024-08-25T00:56:42+00:00,2024-08-25T03:46:28+00:00,pressure_hpa,,,UNAVAILABLE,MISSING,0.0,"no direct, +/- 7 day same-hour, neighboring-station, or climatology evidence available",7,7,7,0,,,,,,,False,False,True,False,False,False,False,Evidence prototype only; no scoring authorization.
ib3w_weather_inference_fallback_prototype_v1,qixing_lengshuikeng_full26_backend_2024_v1,qixing_lengshuikeng_main_peak_20260523_osmrefresh_v1_3b,qixing_lengshuikeng_38_1,2024-08-25T00:56:42+00:00,2024-08-25T03:46:28+00:00,wind_speed_ms,,,UNAVAILABLE,MISSING,0.0,"no direct, +/- 7 day same-hour, neighboring-station, or climatology evidence available",7,7,7,0,,,,,,,False,False,True,False,False,False,False,Evidence prototype only; no scoring authorization.
ib3w_weather_inference_fallback_prototype_v1,qixing_lengshuikeng_full26_backend_2024_v1,qixing_lengshuikeng_main_peak_20260523_osmrefresh_v1_3b,qixing_lengshuikeng_38_1,2024-08-25T00:56:42+00:00,2024-08-25T03:46:28+00:00,wind_direction_deg,,,UNAVAILABLE,MISSING,0.0,"no direct, +/- 7 day same-hour, neighboring-station, or climatology evidence available",7,7,7,0,,,,,,,False,False,True,False,False,False,False,Evidence prototype only; no scoring authorization.
ib3w_weather_inference_fallback_prototype_v1,qixing_lengshuikeng_full26_backend_2024_v1,qixing_lengshuikeng_main_peak_20260523_osmrefresh_v1_3b,qixing_lengshuikeng_38_1,2024-08-25T00:56:42+00:00,2024-08-25T03:46:28+00:00,wind_gust_ms,,,UNAVAILABLE,MISSING,0.0,"no direct, +/- 7 day same-hour, neighboring-station, or climatology evidence available",7,7,7,0,,,,,,,False,False,True,False,False,False,False,Evidence prototype only; no scoring authorization.
ib3w_weather_inference_fallback_prototype_v1,qixing_lengshuikeng_full26_backend_2024_v1,qixing_lengshuikeng_main_peak_20260523_osmrefresh_v1_3b,qixing_lengshuikeng_38_1,2024-08-25T00:56:42+00:00,2024-08-25T03:46:28+00:00,sunshine_duration_min,,,UNAVAILABLE,MISSING,0.0,"no direct, +/- 7 day same-hour, neighboring-station, or climatology evidence available",7,7,7,0,,,,,,,False,False,True,False,False,False,False,Evidence prototype only; no scoring authorization.
ib3w_weather_inference_fallback_prototype_v1,qixing_lengshuikeng_full26_backend_2024_v1,qixing_lengshuikeng_main_peak_20260523_osmrefresh_v1_3b,qixing_lengshuikeng_38_1,2024-08-25T00:56:42+00:00,2024-08-25T03:46:28+00:00,visibility_m,,,UNAVAILABLE,MISSING,0.0,"no direct, +/- 7 day same-hour, neighboring-station, or climatology evidence available",7,7,7,0,,,,,,,False,False,True,False,False,False,False,Evidence prototype only; no scoring authorization.
ib3w_weather_inference_fallback_prototype_v1,qixing_lengshuikeng_full26_backend_2024_v1,qixing_lengshuikeng_main_peak_20260523_osmrefresh_v1_3b,qixing_lengshuikeng_38_1,2024-08-25T00:56:42+00:00,2024-08-25T03:46:28+00:00,uv_index,,,UNAVAILABLE,MISSING,0.0,"no direct, +/- 7 day same-hour, neighboring-station, or climatology evidence available",7,7,7,0,,,,,,,False,False,True,False,False,False,False,Evidence prototype only; no scoring authorization.
ib3w_weather_inference_fallback_prototype_v1,qixing_lengshuikeng_full26_backend_2024_v1,qixing_lengshuikeng_main_peak_20260523_osmrefresh_v1_3b,qixing_lengshuikeng_38_1,2024-08-25T00:56:42+00:00,2024-08-25T03:46:28+00:00,weather,,,UNAVAILABLE,MISSING,0.0,"no direct, +/- 7 day same-hour, neighboring-station, or climatology evidence available",7,7,7,0,,,,,,,False,False,True,False,False,False,False,Evidence prototype only; no scoring authorization.
ib3w_weather_inference_fallback_prototype_v1,qixing_lengshuikeng_full26_backend_2024_v1,qixing_lengshuikeng_main_peak_20260523_osmrefresh_v1_3b,qixing_lengshuikeng_3_1,2024-09-16T23:43:06+00:00,2024-09-17T01:54:04+00:00,precipitation_mm,,,UNAVAILABLE,MISSING,0.0,"no direct, +/- 7 day same-hour, neighboring-station, or climatology evidence available",7,7,7,0,,,,,,,False,False,True,False,False,False,False,Evidence prototype only; no scoring authorization.
ib3w_weather_inference_fallback_prototype_v1,qixing_lengshuikeng_full26_backend_2024_v1,qixing_lengshuikeng_main_peak_20260523_osmrefresh_v1_3b,qixing_lengshuikeng_3_1,2024-09-16T23:43:06+00:00,2024-09-17T01:54:04+00:00,precipitation_10min_mm,,,UNAVAILABLE,MISSING,0.0,"no direct, +/- 7 day same-hour, neighboring-station, or climatology evidence available",7,7,7,0,,,,,,,False,False,True,False,False,False,False,Evidence prototype only; no scoring authorization.
ib3w_weather_inference_fallback_prototype_v1,qixing_lengshuikeng_full26_backend_2024_v1,qixing_lengshuikeng_main_peak_20260523_osmrefresh_v1_3b,qixing_lengshuikeng_3_1,2024-09-16T23:43:06+00:00,2024-09-17T01:54:04+00:00,precipitation_1hr_mm,,,UNAVAILABLE,MISSING,0.0,"no direct, +/- 7 day same-hour, neighboring-station, or climatology evidence available",7,7,7,0,,,,,,,False,False,True,False,False,False,False,Evidence prototype only; no scoring authorization.
ib3w_weather_inference_fallback_prototype_v1,qixing_lengshuikeng_full26_backend_2024_v1,qixing_lengshuikeng_main_peak_20260523_osmrefresh_v1_3b,qixing_lengshuikeng_3_1,2024-09-16T23:43:06+00:00,2024-09-17T01:54:04+00:00,temperature_c,,,UNAVAILABLE,MISSING,0.0,"no direct, +/- 7 day same-hour, neighboring-station, or climatology evidence available",7,7,7,0,,,,,,,False,False,True,False,False,False,False,Evidence prototype only; no scoring authorization.
ib3w_weather_inference_fallback_prototype_v1,qixing_lengshuikeng_full26_backend_2024_v1,qixing_lengshuikeng_main_peak_20260523_osmrefresh_v1_3b,qixing_lengshuikeng_3_1,2024-09-16T23:43:06+00:00,2024-09-17T01:54:04+00:00,relative_humidity_pct,,,UNAVAILABLE,MISSING,0.0,"no direct, +/- 7 day same-hour, neighboring-station, or climatology evidence available",7,7,7,0,,,,,,,False,False,True,False,False,False,False,Evidence prototype only; no scoring authorization.
ib3w_weather_inference_fallback_prototype_v1,qixing_lengshuikeng_full26_backend_2024_v1,qixing_lengshuikeng_main_peak_20260523_osmrefresh_v1_3b,qixing_lengshuikeng_3_1,2024-09-16T23:43:06+00:00,2024-09-17T01:54:04+00:00,pressure_hpa,,,UNAVAILABLE,MISSING,0.0,"no direct, +/- 7 day same-hour, neighboring-station, or climatology evidence available",7,7,7,0,,,,,,,False,False,True,False,False,False,False,Evidence prototype only; no scoring authorization.
ib3w_weather_inference_fallback_prototype_v1,qixing_lengshuikeng_full26_backend_2024_v1,qixing_lengshuikeng_main_peak_20260523_osmrefresh_v1_3b,qixing_lengshuikeng_3_1,2024-09-16T23:43:06+00:00,2024-09-17T01:54:04+00:00,wind_speed_ms,,,UNAVAILABLE,MISSING,0.0,"no direct, +/- 7 day same-hour, neighboring-station, or climatology evidence available",7,7,7,0,,,,,,,False,False,True,False,False,False,False,Evidence prototype only; no scoring authorization.
ib3w_weather_inference_fallback_prototype_v1,qixing_lengshuikeng_full26_backend_2024_v1,qixing_lengshuikeng_main_peak_20260523_osmrefresh_v1_3b,qixing_lengshuikeng_3_1,2024-09-16T23:43:06+00:00,2024-09-17T01:54:04+00:00,wind_direction_deg,,,UNAVAILABLE,MISSING,0.0,"no direct, +/- 7 day same-hour, neighboring-station, or climatology evidence available",7,7,7,0,,,,,,,False,False,True,False,False,False,False,Evidence prototype only; no scoring authorization.
ib3w_weather_inference_fallback_prototype_v1,qixing_lengshuikeng_full26_backend_2024_v1,qixing_lengshuikeng_main_peak_20260523_osmrefresh_v1_3b,qixing_lengshuikeng_3_1,2024-09-16T23:43:06+00:00,2024-09-17T01:54:04+00:00,wind_gust_ms,,,UNAVAILABLE,MISSING,0.0,"no direct, +/- 7 day same-hour, neighboring-station, or climatology evidence available",7,7,7,0,,,,,,,False,False,True,False,False,False,False,Evidence prototype only; no scoring authorization.
ib3w_weather_inference_fallback_prototype_v1,qixing_lengshuikeng_full26_backend_2024_v1,qixing_lengshuikeng_main_peak_20260523_osmrefresh_v1_3b,qixing_lengshuikeng_3_1,2024-09-16T23:43:06+00:00,2024-09-17T01:54:04+00:00,sunshine_duration_min,,,UNAVAILABLE,MISSING,0.0,"no direct, +/- 7 day same-hour, neighboring-station, or climatology evidence available",7,7,7,0,,,,,,,False,False,True,False,False,False,False,Evidence prototype only; no scoring authorization.
ib3w_weather_inference_fallback_prototype_v1,qixing_lengshuikeng_full26_backend_2024_v1,qixing_lengshuikeng_main_peak_20260523_osmrefresh_v1_3b,qixing_lengshuikeng_3_1,2024-09-16T23:43:06+00:00,2024-09-17T01:54:04+00:00,visibility_m,,,UNAVAILABLE,MISSING,0.0,"no direct, +/- 7 day same-hour, neighboring-station, or climatology evidence available",7,7,7,0,,,,,,,False,False,True,False,False,False,False,Evidence prototype only; no scoring authorization.
ib3w_weather_inference_fallback_prototype_v1,qixing_lengshuikeng_full26_backend_2024_v1,qixing_lengshuikeng_main_peak_20260523_osmrefresh_v1_3b,qixing_lengshuikeng_3_1,2024-09-16T23:43:06+00:00,2024-09-17T01:54:04+00:00,uv_index,,,UNAVAILABLE,MISSING,0.0,"no direct, +/- 7 day same-hour, neighboring-station, or climatology evidence available",7,7,7,0,,,,,,,False,False,True,False,False,False,False,Evidence prototype only; no scoring authorization.
ib3w_weather_inference_fallback_prototype_v1,qixing_lengshuikeng_full26_backend_2024_v1,qixing_lengshuikeng_main_peak_20260523_osmrefresh_v1_3b,qixing_lengshuikeng_3_1,2024-09-16T23:43:06+00:00,2024-09-17T01:54:04+00:00,weather,,,UNAVAILABLE,MISSING,0.0,"no direct, +/- 7 day same-hour, neighboring-station, or climatology evidence available",7,7,7,0,,,,,,,False,False,True,False,False,False,False,Evidence prototype only; no scoring authorization.
ib3w_weather_inference_fallback_prototype_v1,qixing_lengshuikeng_full26_backend_2024_v1,qixing_lengshuikeng_main_peak_20260523_osmrefresh_v1_3b,qixing_lengshuikeng_40_1,2024-08-25T01:14:06+00:00,2024-08-25T03:22:17+00:00,precipitation_mm,,,UNAVAILABLE,MISSING,0.0,"no direct, +/- 7 day same-hour, neighboring-station, or climatology evidence available",7,7,7,0,,,,,,,False,False,True,False,False,False,False,Evidence prototype only; no scoring authorization.
ib3w_weather_inference_fallback_prototype_v1,qixing_lengshuikeng_full26_backend_2024_v1,qixing_lengshuikeng_main_peak_20260523_osmrefresh_v1_3b,qixing_lengshuikeng_40_1,2024-08-25T01:14:06+00:00,2024-08-25T03:22:17+00:00,precipitation_10min_mm,,,UNAVAILABLE,MISSING,0.0,"no direct, +/- 7 day same-hour, neighboring-station, or climatology evidence available",7,7,7,0,,,,,,,False,False,True,False,False,False,False,Evidence prototype only; no scoring authorization.
ib3w_weather_inference_fallback_prototype_v1,qixing_lengshuikeng_full26_backend_2024_v1,qixing_lengshuikeng_main_peak_20260523_osmrefresh_v1_3b,qixing_lengshuikeng_40_1,2024-08-25T01:14:06+00:00,2024-08-25T03:22:17+00:00,precipitation_1hr_mm,,,UNAVAILABLE,MISSING,0.0,"no direct, +/- 7 day same-hour, neighboring-station, or climatology evidence available",7,7,7,0,,,,,,,False,False,True,False,False,False,False,Evidence prototype only; no scoring authorization.
ib3w_weather_inference_fallback_prototype_v1,qixing_lengshuikeng_full26_backend_2024_v1,qixing_lengshuikeng_main_peak_20260523_osmrefresh_v1_3b,qixing_lengshuikeng_40_1,2024-08-25T01:14:06+00:00,2024-08-25T03:22:17+00:00,temperature_c,,,UNAVAILABLE,MISSING,0.0,"no direct, +/- 7 day same-hour, neighboring-station, or climatology evidence available",7,7,7,0,,,,,,,False,False,True,False,False,False,False,Evidence prototype only; no scoring authorization.
ib3w_weather_inference_fallback_prototype_v1,qixing_lengshuikeng_full26_backend_2024_v1,qixing_lengshuikeng_main_peak_20260523_osmrefresh_v1_3b,qixing_lengshuikeng_40_1,2024-08-25T01:14:06+00:00,2024-08-25T03:22:17+00:00,relative_humidity_pct,,,UNAVAILABLE,MISSING,0.0,"no direct, +/- 7 day same-hour, neighboring-station, or climatology evidence available",7,7,7,0,,,,,,,False,False,True,False,False,False,False,Evidence prototype only; no scoring authorization.
ib3w_weather_inference_fallback_prototype_v1,qixing_lengshuikeng_full26_backend_2024_v1,qixing_lengshuikeng_main_peak_20260523_osmrefresh_v1_3b,qixing_lengshuikeng_40_1,2024-08-25T01:14:06+00:00,2024-08-25T03:22:17+00:00,pressure_hpa,,,UNAVAILABLE,MISSING,0.0,"no direct, +/- 7 day same-hour, neighboring-station, or climatology evidence available",7,7,7,0,,,,,,,False,False,True,False,False,False,False,Evidence prototype only; no scoring authorization.
ib3w_weather_inference_fallback_prototype_v1,qixing_lengshuikeng_full26_backend_2024_v1,qixing_lengshuikeng_main_peak_20260523_osmrefresh_v1_3b,qixing_lengshuikeng_40_1,2024-08-25T01:14:06+00:00,2024-08-25T03:22:17+00:00,wind_speed_ms,,,UNAVAILABLE,MISSING,0.0,"no direct, +/- 7 day same-hour, neighboring-station, or climatology evidence available",7,7,7,0,,,,,,,False,False,True,False,False,False,False,Evidence prototype only; no scoring authorization.
ib3w_weather_inference_fallback_prototype_v1,qixing_lengshuikeng_full26_backend_2024_v1,qixing_lengshuikeng_main_peak_20260523_osmrefresh_v1_3b,qixing_lengshuikeng_40_1,2024-08-25T01:14:06+00:00,2024-08-25T03:22:17+00:00,wind_direction_deg,,,UNAVAILABLE,MISSING,0.0,"no direct, +/- 7 day same-hour, neighboring-station, or climatology evidence available",7,7,7,0,,,,,,,False,False,True,False,False,False,False,Evidence prototype only; no scoring authorization.
ib3w_weather_inference_fallback_prototype_v1,qixing_lengshuikeng_full26_backend_2024_v1,qixing_lengshuikeng_main_peak_20260523_osmrefresh_v1_3b,qixing_lengshuikeng_40_1,2024-08-25T01:14:06+00:00,2024-08-25T03:22:17+00:00,wind_gust_ms,,,UNAVAILABLE,MISSING,0.0,"no direct, +/- 7 day same-hour, neighboring-station, or climatology evidence available",7,7,7,0,,,,,,,False,False,True,False,False,False,False,Evidence prototype only; no scoring authorization.
ib3w_weather_inference_fallback_prototype_v1,qixing_lengshuikeng_full26_backend_2024_v1,qixing_lengshuikeng_main_peak_20260523_osmrefresh_v1_3b,qixing_lengshuikeng_40_1,2024-08-25T01:14:06+00:00,2024-08-25T03:22:17+00:00,sunshine_duration_min,,,UNAVAILABLE,MISSING,0.0,"no direct, +/- 7 day same-hour, neighboring-station, or climatology evidence available",7,7,7,0,,,,,,,False,False,True,False,False,False,False,Evidence prototype only; no scoring authorization.
ib3w_weather_inference_fallback_prototype_v1,qixing_lengshuikeng_full26_backend_2024_v1,qixing_lengshuikeng_main_peak_20260523_osmrefresh_v1_3b,qixing_lengshuikeng_40_1,2024-08-25T01:14:06+00:00,2024-08-25T03:22:17+00:00,visibility_m,,,UNAVAILABLE,MISSING,0.0,"no direct, +/- 7 day same-hour, neighboring-station, or climatology evidence available",7,7,7,0,,,,,,,False,False,True,False,False,False,False,Evidence prototype only; no scoring authorization.
ib3w_weather_inference_fallback_prototype_v1,qixing_lengshuikeng_full26_backend_2024_v1,qixing_lengshuikeng_main_peak_20260523_osmrefresh_v1_3b,qixing_lengshuikeng_40_1,2024-08-25T01:14:06+00:00,2024-08-25T03:22:17+00:00,uv_index,,,UNAVAILABLE,MISSING,0.0,"no direct, +/- 7 day same-hour, neighboring-station, or climatology evidence available",7,7,7,0,,,,,,,False,False,True,False,False,False,False,Evidence prototype only; no scoring authorization.
ib3w_weather_inference_fallback_prototype_v1,qixing_lengshuikeng_full26_backend_2024_v1,qixing_lengshuikeng_main_peak_20260523_osmrefresh_v1_3b,qixing_lengshuikeng_40_1,2024-08-25T01:14:06+00:00,2024-08-25T03:22:17+00:00,weather,,,UNAVAILABLE,MISSING,0.0,"no direct, +/- 7 day same-hour, neighboring-station, or climatology evidence available",7,7,7,0,,,,,,,False,False,True,False,False,False,False,Evidence prototype only; no scoring authorization.
ib3w_weather_inference_fallback_prototype_v1,qixing_lengshuikeng_full26_backend_2024_v1,qixing_lengshuikeng_main_peak_20260523_osmrefresh_v1_3b,qixing_lengshuikeng_41_1,2024-08-25T00:29:17+00:00,2024-08-25T02:26:50+00:00,precipitation_mm,,,UNAVAILABLE,MISSING,0.0,"no direct, +/- 7 day same-hour, neighboring-station, or climatology evidence available",7,7,7,0,,,,,,,False,False,True,False,False,False,False,Evidence prototype only; no scoring authorization.
ib3w_weather_inference_fallback_prototype_v1,qixing_lengshuikeng_full26_backend_2024_v1,qixing_lengshuikeng_main_peak_20260523_osmrefresh_v1_3b,qixing_lengshuikeng_41_1,2024-08-25T00:29:17+00:00,2024-08-25T02:26:50+00:00,precipitation_10min_mm,,,UNAVAILABLE,MISSING,0.0,"no direct, +/- 7 day same-hour, neighboring-station, or climatology evidence available",7,7,7,0,,,,,,,False,False,True,False,False,False,False,Evidence prototype only; no scoring authorization.
ib3w_weather_inference_fallback_prototype_v1,qixing_lengshuikeng_full26_backend_2024_v1,qixing_lengshuikeng_main_peak_20260523_osmrefresh_v1_3b,qixing_lengshuikeng_41_1,2024-08-25T00:29:17+00:00,2024-08-25T02:26:50+00:00,precipitation_1hr_mm,,,UNAVAILABLE,MISSING,0.0,"no direct, +/- 7 day same-hour, neighboring-station, or climatology evidence available",7,7,7,0,,,,,,,False,False,True,False,False,False,False,Evidence prototype only; no scoring authorization.
ib3w_weather_inference_fallback_prototype_v1,qixing_lengshuikeng_full26_backend_2024_v1,qixing_lengshuikeng_main_peak_20260523_osmrefresh_v1_3b,qixing_lengshuikeng_41_1,2024-08-25T00:29:17+00:00,2024-08-25T02:26:50+00:00,temperature_c,,,UNAVAILABLE,MISSING,0.0,"no direct, +/- 7 day same-hour, neighboring-station, or climatology evidence available",7,7,7,0,,,,,,,False,False,True,False,False,False,False,Evidence prototype only; no scoring authorization.
ib3w_weather_inference_fallback_prototype_v1,qixing_lengshuikeng_full26_backend_2024_v1,qixing_lengshuikeng_main_peak_20260523_osmrefresh_v1_3b,qixing_lengshuikeng_41_1,2024-08-25T00:29:17+00:00,2024-08-25T02:26:50+00:00,relative_humidity_pct,,,UNAVAILABLE,MISSING,0.0,"no direct, +/- 7 day same-hour, neighboring-station, or climatology evidence available",7,7,7,0,,,,,,,False,False,True,False,False,False,False,Evidence prototype only; no scoring authorization.
ib3w_weather_inference_fallback_prototype_v1,qixing_lengshuikeng_full26_backend_2024_v1,qixing_lengshuikeng_main_peak_20260523_osmrefresh_v1_3b,qixing_lengshuikeng_41_1,2024-08-25T00:29:17+00:00,2024-08-25T02:26:50+00:00,pressure_hpa,,,UNAVAILABLE,MISSING,0.0,"no direct, +/- 7 day same-hour, neighboring-station, or climatology evidence available",7,7,7,0,,,,,,,False,False,True,False,False,False,False,Evidence prototype only; no scoring authorization.
ib3w_weather_inference_fallback_prototype_v1,qixing_lengshuikeng_full26_backend_2024_v1,qixing_lengshuikeng_main_peak_20260523_osmrefresh_v1_3b,qixing_lengshuikeng_41_1,2024-08-25T00:29:17+00:00,2024-08-25T02:26:50+00:00,wind_speed_ms,,,UNAVAILABLE,MISSING,0.0,"no direct, +/- 7 day same-hour, neighboring-station, or climatology evidence available",7,7,7,0,,,,,,,False,False,True,False,False,False,False,Evidence prototype only; no scoring authorization.
ib3w_weather_inference_fallback_prototype_v1,qixing_lengshuikeng_full26_backend_2024_v1,qixing_lengshuikeng_main_peak_20260523_osmrefresh_v1_3b,qixing_lengshuikeng_41_1,2024-08-25T00:29:17+00:00,2024-08-25T02:26:50+00:00,wind_direction_deg,,,UNAVAILABLE,MISSING,0.0,"no direct, +/- 7 day same-hour, neighboring-station, or climatology evidence available",7,7,7,0,,,,,,,False,False,True,False,False,False,False,Evidence prototype only; no scoring authorization.
ib3w_weather_inference_fallback_prototype_v1,qixing_lengshuikeng_full26_backend_2024_v1,qixing_lengshuikeng_main_peak_20260523_osmrefresh_v1_3b,qixing_lengshuikeng_41_1,2024-08-25T00:29:17+00:00,2024-08-25T02:26:50+00:00,wind_gust_ms,,,UNAVAILABLE,MISSING,0.0,"no direct, +/- 7 day same-hour, neighboring-station, or climatology evidence available",7,7,7,0,,,,,,,False,False,True,False,False,False,False,Evidence prototype only; no scoring authorization.
ib3w_weather_inference_fallback_prototype_v1,qixing_lengshuikeng_full26_backend_2024_v1,qixing_lengshuikeng_main_peak_20260523_osmrefresh_v1_3b,qixing_lengshuikeng_41_1,2024-08-25T00:29:17+00:00,2024-08-25T02:26:50+00:00,sunshine_duration_min,,,UNAVAILABLE,MISSING,0.0,"no direct, +/- 7 day same-hour, neighboring-station, or climatology evidence available",7,7,7,0,,,,,,,False,False,True,False,False,False,False,Evidence prototype only; no scoring authorization.
ib3w_weather_inference_fallback_prototype_v1,qixing_lengshuikeng_full26_backend_2024_v1,qixing_lengshuikeng_main_peak_20260523_osmrefresh_v1_3b,qixing_lengshuikeng_41_1,2024-08-25T00:29:17+00:00,2024-08-25T02:26:50+00:00,visibility_m,,,UNAVAILABLE,MISSING,0.0,"no direct, +/- 7 day same-hour, neighboring-station, or climatology evidence available",7,7,7,0,,,,,,,False,False,True,False,False,False,False,Evidence prototype only; no scoring authorization.
ib3w_weather_inference_fallback_prototype_v1,qixing_lengshuikeng_full26_backend_2024_v1,qixing_lengshuikeng_main_peak_20260523_osmrefresh_v1_3b,qixing_lengshuikeng_41_1,2024-08-25T00:29:17+00:00,2024-08-25T02:26:50+00:00,uv_index,,,UNAVAILABLE,MISSING,0.0,"no direct, +/- 7 day same-hour, neighboring-station, or climatology evidence available",7,7,7,0,,,,,,,False,False,True,False,False,False,False,Evidence prototype only; no scoring authorization.
ib3w_weather_inference_fallback_prototype_v1,qixing_lengshuikeng_full26_backend_2024_v1,qixing_lengshuikeng_main_peak_20260523_osmrefresh_v1_3b,qixing_lengshuikeng_41_1,2024-08-25T00:29:17+00:00,2024-08-25T02:26:50+00:00,weather,,,UNAVAILABLE,MISSING,0.0,"no direct, +/- 7 day same-hour, neighboring-station, or climatology evidence available",7,7,7,0,,,,,,,False,False,True,False,False,False,False,Evidence prototype only; no scoring authorization.
ib3w_weather_inference_fallback_prototype_v1,qixing_lengshuikeng_full26_backend_2024_v1,qixing_lengshuikeng_main_peak_20260523_osmrefresh_v1_3b,qixing_lengshuikeng_42_1,2024-08-26T00:46:25+00:00,2024-08-26T03:37:31+00:00,precipitation_mm,,,UNAVAILABLE,MISSING,0.0,"no direct, +/- 7 day same-hour, neighboring-station, or climatology evidence available",7,7,7,0,,,,,,,False,False,True,False,False,False,False,Evidence prototype only; no scoring authorization.
ib3w_weather_inference_fallback_prototype_v1,qixing_lengshuikeng_full26_backend_2024_v1,qixing_lengshuikeng_main_peak_20260523_osmrefresh_v1_3b,qixing_lengshuikeng_42_1,2024-08-26T00:46:25+00:00,2024-08-26T03:37:31+00:00,precipitation_10min_mm,,,UNAVAILABLE,MISSING,0.0,"no direct, +/- 7 day same-hour, neighboring-station, or climatology evidence available",7,7,7,0,,,,,,,False,False,True,False,False,False,False,Evidence prototype only; no scoring authorization.
ib3w_weather_inference_fallback_prototype_v1,qixing_lengshuikeng_full26_backend_2024_v1,qixing_lengshuikeng_main_peak_20260523_osmrefresh_v1_3b,qixing_lengshuikeng_42_1,2024-08-26T00:46:25+00:00,2024-08-26T03:37:31+00:00,precipitation_1hr_mm,,,UNAVAILABLE,MISSING,0.0,"no direct, +/- 7 day same-hour, neighboring-station, or climatology evidence available",7,7,7,0,,,,,,,False,False,True,False,False,False,False,Evidence prototype only; no scoring authorization.
ib3w_weather_inference_fallback_prototype_v1,qixing_lengshuikeng_full26_backend_2024_v1,qixing_lengshuikeng_main_peak_20260523_osmrefresh_v1_3b,qixing_lengshuikeng_42_1,2024-08-26T00:46:25+00:00,2024-08-26T03:37:31+00:00,temperature_c,,,UNAVAILABLE,MISSING,0.0,"no direct, +/- 7 day same-hour, neighboring-station, or climatology evidence available",7,7,7,0,,,,,,,False,False,True,False,False,False,False,Evidence prototype only; no scoring authorization.
ib3w_weather_inference_fallback_prototype_v1,qixing_lengshuikeng_full26_backend_2024_v1,qixing_lengshuikeng_main_peak_20260523_osmrefresh_v1_3b,qixing_lengshuikeng_42_1,2024-08-26T00:46:25+00:00,2024-08-26T03:37:31+00:00,relative_humidity_pct,,,UNAVAILABLE,MISSING,0.0,"no direct, +/- 7 day same-hour, neighboring-station, or climatology evidence available",7,7,7,0,,,,,,,False,False,True,False,False,False,False,Evidence prototype only; no scoring authorization.
ib3w_weather_inference_fallback_prototype_v1,qixing_lengshuikeng_full26_backend_2024_v1,qixing_lengshuikeng_main_peak_20260523_osmrefresh_v1_3b,qixing_lengshuikeng_42_1,2024-08-26T00:46:25+00:00,2024-08-26T03:37:31+00:00,pressure_hpa,,,UNAVAILABLE,MISSING,0.0,"no direct, +/- 7 day same-hour, neighboring-station, or climatology evidence available",7,7,7,0,,,,,,,False,False,True,False,False,False,False,Evidence prototype only; no scoring authorization.
ib3w_weather_inference_fallback_prototype_v1,qixing_lengshuikeng_full26_backend_2024_v1,qixing_lengshuikeng_main_peak_20260523_osmrefresh_v1_3b,qixing_lengshuikeng_42_1,2024-08-26T00:46:25+00:00,2024-08-26T03:37:31+00:00,wind_speed_ms,,,UNAVAILABLE,MISSING,0.0,"no direct, +/- 7 day same-hour, neighboring-station, or climatology evidence available",7,7,7,0,,,,,,,False,False,True,False,False,False,False,Evidence prototype only; no scoring authorization.
ib3w_weather_inference_fallback_prototype_v1,qixing_lengshuikeng_full26_backend_2024_v1,qixing_lengshuikeng_main_peak_20260523_osmrefresh_v1_3b,qixing_lengshuikeng_42_1,2024-08-26T00:46:25+00:00,2024-08-26T03:37:31+00:00,wind_direction_deg,,,UNAVAILABLE,MISSING,0.0,"no direct, +/- 7 day same-hour, neighboring-station, or climatology evidence available",7,7,7,0,,,,,,,False,False,True,False,False,False,False,Evidence prototype only; no scoring authorization.
ib3w_weather_inference_fallback_prototype_v1,qixing_lengshuikeng_full26_backend_2024_v1,qixing_lengshuikeng_main_peak_20260523_osmrefresh_v1_3b,qixing_lengshuikeng_42_1,2024-08-26T00:46:25+00:00,2024-08-26T03:37:31+00:00,wind_gust_ms,,,UNAVAILABLE,MISSING,0.0,"no direct, +/- 7 day same-hour, neighboring-station, or climatology evidence available",7,7,7,0,,,,,,,False,False,True,False,False,False,False,Evidence prototype only; no scoring authorization.
ib3w_weather_inference_fallback_prototype_v1,qixing_lengshuikeng_full26_backend_2024_v1,qixing_lengshuikeng_main_peak_20260523_osmrefresh_v1_3b,qixing_lengshuikeng_42_1,2024-08-26T00:46:25+00:00,2024-08-26T03:37:31+00:00,sunshine_duration_min,,,UNAVAILABLE,MISSING,0.0,"no direct, +/- 7 day same-hour, neighboring-station, or climatology evidence available",7,7,7,0,,,,,,,False,False,True,False,False,False,False,Evidence prototype only; no scoring authorization.
ib3w_weather_inference_fallback_prototype_v1,qixing_lengshuikeng_full26_backend_2024_v1,qixing_lengshuikeng_main_peak_20260523_osmrefresh_v1_3b,qixing_lengshuikeng_42_1,2024-08-26T00:46:25+00:00,2024-08-26T03:37:31+00:00,visibility_m,,,UNAVAILABLE,MISSING,0.0,"no direct, +/- 7 day same-hour, neighboring-station, or climatology evidence available",7,7,7,0,,,,,,,False,False,True,False,False,False,False,Evidence prototype only; no scoring authorization.
ib3w_weather_inference_fallback_prototype_v1,qixing_lengshuikeng_full26_backend_2024_v1,qixing_lengshuikeng_main_peak_20260523_osmrefresh_v1_3b,qixing_lengshuikeng_42_1,2024-08-26T00:46:25+00:00,2024-08-26T03:37:31+00:00,uv_index,,,UNAVAILABLE,MISSING,0.0,"no direct, +/- 7 day same-hour, neighboring-station, or climatology evidence available",7,7,7,0,,,,,,,False,False,True,False,False,False,False,Evidence prototype only; no scoring authorization.
ib3w_weather_inference_fallback_prototype_v1,qixing_lengshuikeng_full26_backend_2024_v1,qixing_lengshuikeng_main_peak_20260523_osmrefresh_v1_3b,qixing_lengshuikeng_42_1,2024-08-26T00:46:25+00:00,2024-08-26T03:37:31+00:00,weather,,,UNAVAILABLE,MISSING,0.0,"no direct, +/- 7 day same-hour, neighboring-station, or climatology evidence available",7,7,7,0,,,,,,,False,False,True,False,False,False,False,Evidence prototype only; no scoring authorization.
ib3w_weather_inference_fallback_prototype_v1,qixing_lengshuikeng_full26_backend_2024_v1,qixing_lengshuikeng_main_peak_20260523_osmrefresh_v1_3b,qixing_lengshuikeng_43_1,2024-08-25T00:07:00+00:00,2024-08-25T03:17:32+00:00,precipitation_mm,,,UNAVAILABLE,MISSING,0.0,"no direct, +/- 7 day same-hour, neighboring-station, or climatology evidence available",7,7,7,0,,,,,,,False,False,True,False,False,False,False,Evidence prototype only; no scoring authorization.
ib3w_weather_inference_fallback_prototype_v1,qixing_lengshuikeng_full26_backend_2024_v1,qixing_lengshuikeng_main_peak_20260523_osmrefresh_v1_3b,qixing_lengshuikeng_43_1,2024-08-25T00:07:00+00:00,2024-08-25T03:17:32+00:00,precipitation_10min_mm,,,UNAVAILABLE,MISSING,0.0,"no direct, +/- 7 day same-hour, neighboring-station, or climatology evidence available",7,7,7,0,,,,,,,False,False,True,False,False,False,False,Evidence prototype only; no scoring authorization.
ib3w_weather_inference_fallback_prototype_v1,qixing_lengshuikeng_full26_backend_2024_v1,qixing_lengshuikeng_main_peak_20260523_osmrefresh_v1_3b,qixing_lengshuikeng_43_1,2024-08-25T00:07:00+00:00,2024-08-25T03:17:32+00:00,precipitation_1hr_mm,,,UNAVAILABLE,MISSING,0.0,"no direct, +/- 7 day same-hour, neighboring-station, or climatology evidence available",7,7,7,0,,,,,,,False,False,True,False,False,False,False,Evidence prototype only; no scoring authorization.
ib3w_weather_inference_fallback_prototype_v1,qixing_lengshuikeng_full26_backend_2024_v1,qixing_lengshuikeng_main_peak_20260523_osmrefresh_v1_3b,qixing_lengshuikeng_43_1,2024-08-25T00:07:00+00:00,2024-08-25T03:17:32+00:00,temperature_c,,,UNAVAILABLE,MISSING,0.0,"no direct, +/- 7 day same-hour, neighboring-station, or climatology evidence available",7,7,7,0,,,,,,,False,False,True,False,False,False,False,Evidence prototype only; no scoring authorization.
ib3w_weather_inference_fallback_prototype_v1,qixing_lengshuikeng_full26_backend_2024_v1,qixing_lengshuikeng_main_peak_20260523_osmrefresh_v1_3b,qixing_lengshuikeng_43_1,2024-08-25T00:07:00+00:00,2024-08-25T03:17:32+00:00,relative_humidity_pct,,,UNAVAILABLE,MISSING,0.0,"no direct, +/- 7 day same-hour, neighboring-station, or climatology evidence available",7,7,7,0,,,,,,,False,False,True,False,False,False,False,Evidence prototype only; no scoring authorization.
ib3w_weather_inference_fallback_prototype_v1,qixing_lengshuikeng_full26_backend_2024_v1,qixing_lengshuikeng_main_peak_20260523_osmrefresh_v1_3b,qixing_lengshuikeng_43_1,2024-08-25T00:07:00+00:00,2024-08-25T03:17:32+00:00,pressure_hpa,,,UNAVAILABLE,MISSING,0.0,"no direct, +/- 7 day same-hour, neighboring-station, or climatology evidence available",7,7,7,0,,,,,,,False,False,True,False,False,False,False,Evidence prototype only; no scoring authorization.
ib3w_weather_inference_fallback_prototype_v1,qixing_lengshuikeng_full26_backend_2024_v1,qixing_lengshuikeng_main_peak_20260523_osmrefresh_v1_3b,qixing_lengshuikeng_43_1,2024-08-25T00:07:00+00:00,2024-08-25T03:17:32+00:00,wind_speed_ms,,,UNAVAILABLE,MISSING,0.0,"no direct, +/- 7 day same-hour, neighboring-station, or climatology evidence available",7,7,7,0,,,,,,,False,False,True,False,False,False,False,Evidence prototype only; no scoring authorization.
ib3w_weather_inference_fallback_prototype_v1,qixing_lengshuikeng_full26_backend_2024_v1,qixing_lengshuikeng_main_peak_20260523_osmrefresh_v1_3b,qixing_lengshuikeng_43_1,2024-08-25T00:07:00+00:00,2024-08-25T03:17:32+00:00,wind_direction_deg,,,UNAVAILABLE,MISSING,0.0,"no direct, +/- 7 day same-hour, neighboring-station, or climatology evidence available",7,7,7,0,,,,,,,False,False,True,False,False,False,False,Evidence prototype only; no scoring authorization.
ib3w_weather_inference_fallback_prototype_v1,qixing_lengshuikeng_full26_backend_2024_v1,qixing_lengshuikeng_main_peak_20260523_osmrefresh_v1_3b,qixing_lengshuikeng_43_1,2024-08-25T00:07:00+00:00,2024-08-25T03:17:32+00:00,wind_gust_ms,,,UNAVAILABLE,MISSING,0.0,"no direct, +/- 7 day same-hour, neighboring-station, or climatology evidence available",7,7,7,0,,,,,,,False,False,True,False,False,False,False,Evidence prototype only; no scoring authorization.
ib3w_weather_inference_fallback_prototype_v1,qixing_lengshuikeng_full26_backend_2024_v1,qixing_lengshuikeng_main_peak_20260523_osmrefresh_v1_3b,qixing_lengshuikeng_43_1,2024-08-25T00:07:00+00:00,2024-08-25T03:17:32+00:00,sunshine_duration_min,,,UNAVAILABLE,MISSING,0.0,"no direct, +/- 7 day same-hour, neighboring-station, or climatology evidence available",7,7,7,0,,,,,,,False,False,True,False,False,False,False,Evidence prototype only; no scoring authorization.
ib3w_weather_inference_fallback_prototype_v1,qixing_lengshuikeng_full26_backend_2024_v1,qixing_lengshuikeng_main_peak_20260523_osmrefresh_v1_3b,qixing_lengshuikeng_43_1,2024-08-25T00:07:00+00:00,2024-08-25T03:17:32+00:00,visibility_m,,,UNAVAILABLE,MISSING,0.0,"no direct, +/- 7 day same-hour, neighboring-station, or climatology evidence available",7,7,7,0,,,,,,,False,False,True,False,False,False,False,Evidence prototype only; no scoring authorization.
ib3w_weather_inference_fallback_prototype_v1,qixing_lengshuikeng_full26_backend_2024_v1,qixing_lengshuikeng_main_peak_20260523_osmrefresh_v1_3b,qixing_lengshuikeng_43_1,2024-08-25T00:07:00+00:00,2024-08-25T03:17:32+00:00,uv_index,,,UNAVAILABLE,MISSING,0.0,"no direct, +/- 7 day same-hour, neighboring-station, or climatology evidence available",7,7,7,0,,,,,,,False,False,True,False,False,False,False,Evidence prototype only; no scoring authorization.
ib3w_weather_inference_fallback_prototype_v1,qixing_lengshuikeng_full26_backend_2024_v1,qixing_lengshuikeng_main_peak_20260523_osmrefresh_v1_3b,qixing_lengshuikeng_43_1,2024-08-25T00:07:00+00:00,2024-08-25T03:17:32+00:00,weather,,,UNAVAILABLE,MISSING,0.0,"no direct, +/- 7 day same-hour, neighboring-station, or climatology evidence available",7,7,7,0,,,,,,,False,False,True,False,False,False,False,Evidence prototype only; no scoring authorization.
ib3w_weather_inference_fallback_prototype_v1,qixing_lengshuikeng_full26_backend_2024_v1,qixing_lengshuikeng_main_peak_20260523_osmrefresh_v1_3b,qixing_lengshuikeng_44_1,2024-08-25T00:05:20+00:00,2024-08-25T02:01:52+00:00,precipitation_mm,,,UNAVAILABLE,MISSING,0.0,"no direct, +/- 7 day same-hour, neighboring-station, or climatology evidence available",7,7,7,0,,,,,,,False,False,True,False,False,False,False,Evidence prototype only; no scoring authorization.
ib3w_weather_inference_fallback_prototype_v1,qixing_lengshuikeng_full26_backend_2024_v1,qixing_lengshuikeng_main_peak_20260523_osmrefresh_v1_3b,qixing_lengshuikeng_44_1,2024-08-25T00:05:20+00:00,2024-08-25T02:01:52+00:00,precipitation_10min_mm,,,UNAVAILABLE,MISSING,0.0,"no direct, +/- 7 day same-hour, neighboring-station, or climatology evidence available",7,7,7,0,,,,,,,False,False,True,False,False,False,False,Evidence prototype only; no scoring authorization.
ib3w_weather_inference_fallback_prototype_v1,qixing_lengshuikeng_full26_backend_2024_v1,qixing_lengshuikeng_main_peak_20260523_osmrefresh_v1_3b,qixing_lengshuikeng_44_1,2024-08-25T00:05:20+00:00,2024-08-25T02:01:52+00:00,precipitation_1hr_mm,,,UNAVAILABLE,MISSING,0.0,"no direct, +/- 7 day same-hour, neighboring-station, or climatology evidence available",7,7,7,0,,,,,,,False,False,True,False,False,False,False,Evidence prototype only; no scoring authorization.
ib3w_weather_inference_fallback_prototype_v1,qixing_lengshuikeng_full26_backend_2024_v1,qixing_lengshuikeng_main_peak_20260523_osmrefresh_v1_3b,qixing_lengshuikeng_44_1,2024-08-25T00:05:20+00:00,2024-08-25T02:01:52+00:00,temperature_c,,,UNAVAILABLE,MISSING,0.0,"no direct, +/- 7 day same-hour, neighboring-station, or climatology evidence available",7,7,7,0,,,,,,,False,False,True,False,False,False,False,Evidence prototype only; no scoring authorization.
ib3w_weather_inference_fallback_prototype_v1,qixing_lengshuikeng_full26_backend_2024_v1,qixing_lengshuikeng_main_peak_20260523_osmrefresh_v1_3b,qixing_lengshuikeng_44_1,2024-08-25T00:05:20+00:00,2024-08-25T02:01:52+00:00,relative_humidity_pct,,,UNAVAILABLE,MISSING,0.0,"no direct, +/- 7 day same-hour, neighboring-station, or climatology evidence available",7,7,7,0,,,,,,,False,False,True,False,False,False,False,Evidence prototype only; no scoring authorization.
ib3w_weather_inference_fallback_prototype_v1,qixing_lengshuikeng_full26_backend_2024_v1,qixing_lengshuikeng_main_peak_20260523_osmrefresh_v1_3b,qixing_lengshuikeng_44_1,2024-08-25T00:05:20+00:00,2024-08-25T02:01:52+00:00,pressure_hpa,,,UNAVAILABLE,MISSING,0.0,"no direct, +/- 7 day same-hour, neighboring-station, or climatology evidence available",7,7,7,0,,,,,,,False,False,True,False,False,False,False,Evidence prototype only; no scoring authorization.
ib3w_weather_inference_fallback_prototype_v1,qixing_lengshuikeng_full26_backend_2024_v1,qixing_lengshuikeng_main_peak_20260523_osmrefresh_v1_3b,qixing_lengshuikeng_44_1,2024-08-25T00:05:20+00:00,2024-08-25T02:01:52+00:00,wind_speed_ms,,,UNAVAILABLE,MISSING,0.0,"no direct, +/- 7 day same-hour, neighboring-station, or climatology evidence available",7,7,7,0,,,,,,,False,False,True,False,False,False,False,Evidence prototype only; no scoring authorization.
ib3w_weather_inference_fallback_prototype_v1,qixing_lengshuikeng_full26_backend_2024_v1,qixing_lengshuikeng_main_peak_20260523_osmrefresh_v1_3b,qixing_lengshuikeng_44_1,2024-08-25T00:05:20+00:00,2024-08-25T02:01:52+00:00,wind_direction_deg,,,UNAVAILABLE,MISSING,0.0,"no direct, +/- 7 day same-hour, neighboring-station, or climatology evidence available",7,7,7,0,,,,,,,False,False,True,False,False,False,False,Evidence prototype only; no scoring authorization.
ib3w_weather_inference_fallback_prototype_v1,qixing_lengshuikeng_full26_backend_2024_v1,qixing_lengshuikeng_main_peak_20260523_osmrefresh_v1_3b,qixing_lengshuikeng_44_1,2024-08-25T00:05:20+00:00,2024-08-25T02:01:52+00:00,wind_gust_ms,,,UNAVAILABLE,MISSING,0.0,"no direct, +/- 7 day same-hour, neighboring-station, or climatology evidence available",7,7,7,0,,,,,,,False,False,True,False,False,False,False,Evidence prototype only; no scoring authorization.
ib3w_weather_inference_fallback_prototype_v1,qixing_lengshuikeng_full26_backend_2024_v1,qixing_lengshuikeng_main_peak_20260523_osmrefresh_v1_3b,qixing_lengshuikeng_44_1,2024-08-25T00:05:20+00:00,2024-08-25T02:01:52+00:00,sunshine_duration_min,,,UNAVAILABLE,MISSING,0.0,"no direct, +/- 7 day same-hour, neighboring-station, or climatology evidence available",7,7,7,0,,,,,,,False,False,True,False,False,False,False,Evidence prototype only; no scoring authorization.
ib3w_weather_inference_fallback_prototype_v1,qixing_lengshuikeng_full26_backend_2024_v1,qixing_lengshuikeng_main_peak_20260523_osmrefresh_v1_3b,qixing_lengshuikeng_44_1,2024-08-25T00:05:20+00:00,2024-08-25T02:01:52+00:00,visibility_m,,,UNAVAILABLE,MISSING,0.0,"no direct, +/- 7 day same-hour, neighboring-station, or climatology evidence available",7,7,7,0,,,,,,,False,False,True,False,False,False,False,Evidence prototype only; no scoring authorization.
ib3w_weather_inference_fallback_prototype_v1,qixing_lengshuikeng_full26_backend_2024_v1,qixing_lengshuikeng_main_peak_20260523_osmrefresh_v1_3b,qixing_lengshuikeng_44_1,2024-08-25T00:05:20+00:00,2024-08-25T02:01:52+00:00,uv_index,,,UNAVAILABLE,MISSING,0.0,"no direct, +/- 7 day same-hour, neighboring-station, or climatology evidence available",7,7,7,0,,,,,,,False,False,True,False,False,False,False,Evidence prototype only; no scoring authorization.
ib3w_weather_inference_fallback_prototype_v1,qixing_lengshuikeng_full26_backend_2024_v1,qixing_lengshuikeng_main_peak_20260523_osmrefresh_v1_3b,qixing_lengshuikeng_44_1,2024-08-25T00:05:20+00:00,2024-08-25T02:01:52+00:00,weather,,,UNAVAILABLE,MISSING,0.0,"no direct, +/- 7 day same-hour, neighboring-station, or climatology evidence available",7,7,7,0,,,,,,,False,False,True,False,False,False,False,Evidence prototype only; no scoring authorization.
ib3w_weather_inference_fallback_prototype_v1,qixing_lengshuikeng_full26_backend_2024_v1,qixing_lengshuikeng_main_peak_20260523_osmrefresh_v1_3b,qixing_lengshuikeng_45_1,2024-08-25T00:06:25+00:00,2024-08-25T02:06:35+00:00,precipitation_mm,,,UNAVAILABLE,MISSING,0.0,"no direct, +/- 7 day same-hour, neighboring-station, or climatology evidence available",7,7,7,0,,,,,,,False,False,True,False,False,False,False,Evidence prototype only; no scoring authorization.
ib3w_weather_inference_fallback_prototype_v1,qixing_lengshuikeng_full26_backend_2024_v1,qixing_lengshuikeng_main_peak_20260523_osmrefresh_v1_3b,qixing_lengshuikeng_45_1,2024-08-25T00:06:25+00:00,2024-08-25T02:06:35+00:00,precipitation_10min_mm,,,UNAVAILABLE,MISSING,0.0,"no direct, +/- 7 day same-hour, neighboring-station, or climatology evidence available",7,7,7,0,,,,,,,False,False,True,False,False,False,False,Evidence prototype only; no scoring authorization.
ib3w_weather_inference_fallback_prototype_v1,qixing_lengshuikeng_full26_backend_2024_v1,qixing_lengshuikeng_main_peak_20260523_osmrefresh_v1_3b,qixing_lengshuikeng_45_1,2024-08-25T00:06:25+00:00,2024-08-25T02:06:35+00:00,precipitation_1hr_mm,,,UNAVAILABLE,MISSING,0.0,"no direct, +/- 7 day same-hour, neighboring-station, or climatology evidence available",7,7,7,0,,,,,,,False,False,True,False,False,False,False,Evidence prototype only; no scoring authorization.
ib3w_weather_inference_fallback_prototype_v1,qixing_lengshuikeng_full26_backend_2024_v1,qixing_lengshuikeng_main_peak_20260523_osmrefresh_v1_3b,qixing_lengshuikeng_45_1,2024-08-25T00:06:25+00:00,2024-08-25T02:06:35+00:00,temperature_c,,,UNAVAILABLE,MISSING,0.0,"no direct, +/- 7 day same-hour, neighboring-station, or climatology evidence available",7,7,7,0,,,,,,,False,False,True,False,False,False,False,Evidence prototype only; no scoring authorization.
ib3w_weather_inference_fallback_prototype_v1,qixing_lengshuikeng_full26_backend_2024_v1,qixing_lengshuikeng_main_peak_20260523_osmrefresh_v1_3b,qixing_lengshuikeng_45_1,2024-08-25T00:06:25+00:00,2024-08-25T02:06:35+00:00,relative_humidity_pct,,,UNAVAILABLE,MISSING,0.0,"no direct, +/- 7 day same-hour, neighboring-station, or climatology evidence available",7,7,7,0,,,,,,,False,False,True,False,False,False,False,Evidence prototype only; no scoring authorization.
ib3w_weather_inference_fallback_prototype_v1,qixing_lengshuikeng_full26_backend_2024_v1,qixing_lengshuikeng_main_peak_20260523_osmrefresh_v1_3b,qixing_lengshuikeng_45_1,2024-08-25T00:06:25+00:00,2024-08-25T02:06:35+00:00,pressure_hpa,,,UNAVAILABLE,MISSING,0.0,"no direct, +/- 7 day same-hour, neighboring-station, or climatology evidence available",7,7,7,0,,,,,,,False,False,True,False,False,False,False,Evidence prototype only; no scoring authorization.
ib3w_weather_inference_fallback_prototype_v1,qixing_lengshuikeng_full26_backend_2024_v1,qixing_lengshuikeng_main_peak_20260523_osmrefresh_v1_3b,qixing_lengshuikeng_45_1,2024-08-25T00:06:25+00:00,2024-08-25T02:06:35+00:00,wind_speed_ms,,,UNAVAILABLE,MISSING,0.0,"no direct, +/- 7 day same-hour, neighboring-station, or climatology evidence available",7,7,7,0,,,,,,,False,False,True,False,False,False,False,Evidence prototype only; no scoring authorization.
ib3w_weather_inference_fallback_prototype_v1,qixing_lengshuikeng_full26_backend_2024_v1,qixing_lengshuikeng_main_peak_20260523_osmrefresh_v1_3b,qixing_lengshuikeng_45_1,2024-08-25T00:06:25+00:00,2024-08-25T02:06:35+00:00,wind_direction_deg,,,UNAVAILABLE,MISSING,0.0,"no direct, +/- 7 day same-hour, neighboring-station, or climatology evidence available",7,7,7,0,,,,,,,False,False,True,False,False,False,False,Evidence prototype only; no scoring authorization.
ib3w_weather_inference_fallback_prototype_v1,qixing_lengshuikeng_full26_backend_2024_v1,qixing_lengshuikeng_main_peak_20260523_osmrefresh_v1_3b,qixing_lengshuikeng_45_1,2024-08-25T00:06:25+00:00,2024-08-25T02:06:35+00:00,wind_gust_ms,,,UNAVAILABLE,MISSING,0.0,"no direct, +/- 7 day same-hour, neighboring-station, or climatology evidence available",7,7,7,0,,,,,,,False,False,True,False,False,False,False,Evidence prototype only; no scoring authorization.
ib3w_weather_inference_fallback_prototype_v1,qixing_lengshuikeng_full26_backend_2024_v1,qixing_lengshuikeng_main_peak_20260523_osmrefresh_v1_3b,qixing_lengshuikeng_45_1,2024-08-25T00:06:25+00:00,2024-08-25T02:06:35+00:00,sunshine_duration_min,,,UNAVAILABLE,MISSING,0.0,"no direct, +/- 7 day same-hour, neighboring-station, or climatology evidence available",7,7,7,0,,,,,,,False,False,True,False,False,False,False,Evidence prototype only; no scoring authorization.
ib3w_weather_inference_fallback_prototype_v1,qixing_lengshuikeng_full26_backend_2024_v1,qixing_lengshuikeng_main_peak_20260523_osmrefresh_v1_3b,qixing_lengshuikeng_45_1,2024-08-25T00:06:25+00:00,2024-08-25T02:06:35+00:00,visibility_m,,,UNAVAILABLE,MISSING,0.0,"no direct, +/- 7 day same-hour, neighboring-station, or climatology evidence available",7,7,7,0,,,,,,,False,False,True,False,False,False,False,Evidence prototype only; no scoring authorization.
ib3w_weather_inference_fallback_prototype_v1,qixing_lengshuikeng_full26_backend_2024_v1,qixing_lengshuikeng_main_peak_20260523_osmrefresh_v1_3b,qixing_lengshuikeng_45_1,2024-08-25T00:06:25+00:00,2024-08-25T02:06:35+00:00,uv_index,,,UNAVAILABLE,MISSING,0.0,"no direct, +/- 7 day same-hour, neighboring-station, or climatology evidence available",7,7,7,0,,,,,,,False,False,True,False,False,False,False,Evidence prototype only; no scoring authorization.
ib3w_weather_inference_fallback_prototype_v1,qixing_lengshuikeng_full26_backend_2024_v1,qixing_lengshuikeng_main_peak_20260523_osmrefresh_v1_3b,qixing_lengshuikeng_45_1,2024-08-25T00:06:25+00:00,2024-08-25T02:06:35+00:00,weather,,,UNAVAILABLE,MISSING,0.0,"no direct, +/- 7 day same-hour, neighboring-station, or climatology evidence available",7,7,7,0,,,,,,,False,False,True,False,False,False,False,Evidence prototype only; no scoring authorization.
ib3w_weather_inference_fallback_prototype_v1,qixing_lengshuikeng_full26_backend_2024_v1,qixing_lengshuikeng_main_peak_20260523_osmrefresh_v1_3b,qixing_lengshuikeng_46_1,2024-08-26T00:45:41+00:00,2024-08-26T03:37:11+00:00,precipitation_mm,,,UNAVAILABLE,MISSING,0.0,"no direct, +/- 7 day same-hour, neighboring-station, or climatology evidence available",7,7,7,0,,,,,,,False,False,True,False,False,False,False,Evidence prototype only; no scoring authorization.
ib3w_weather_inference_fallback_prototype_v1,qixing_lengshuikeng_full26_backend_2024_v1,qixing_lengshuikeng_main_peak_20260523_osmrefresh_v1_3b,qixing_lengshuikeng_46_1,2024-08-26T00:45:41+00:00,2024-08-26T03:37:11+00:00,precipitation_10min_mm,,,UNAVAILABLE,MISSING,0.0,"no direct, +/- 7 day same-hour, neighboring-station, or climatology evidence available",7,7,7,0,,,,,,,False,False,True,False,False,False,False,Evidence prototype only; no scoring authorization.
ib3w_weather_inference_fallback_prototype_v1,qixing_lengshuikeng_full26_backend_2024_v1,qixing_lengshuikeng_main_peak_20260523_osmrefresh_v1_3b,qixing_lengshuikeng_46_1,2024-08-26T00:45:41+00:00,2024-08-26T03:37:11+00:00,precipitation_1hr_mm,,,UNAVAILABLE,MISSING,0.0,"no direct, +/- 7 day same-hour, neighboring-station, or climatology evidence available",7,7,7,0,,,,,,,False,False,True,False,False,False,False,Evidence prototype only; no scoring authorization.
ib3w_weather_inference_fallback_prototype_v1,qixing_lengshuikeng_full26_backend_2024_v1,qixing_lengshuikeng_main_peak_20260523_osmrefresh_v1_3b,qixing_lengshuikeng_46_1,2024-08-26T00:45:41+00:00,2024-08-26T03:37:11+00:00,temperature_c,,,UNAVAILABLE,MISSING,0.0,"no direct, +/- 7 day same-hour, neighboring-station, or climatology evidence available",7,7,7,0,,,,,,,False,False,True,False,False,False,False,Evidence prototype only; no scoring authorization.
ib3w_weather_inference_fallback_prototype_v1,qixing_lengshuikeng_full26_backend_2024_v1,qixing_lengshuikeng_main_peak_20260523_osmrefresh_v1_3b,qixing_lengshuikeng_46_1,2024-08-26T00:45:41+00:00,2024-08-26T03:37:11+00:00,relative_humidity_pct,,,UNAVAILABLE,MISSING,0.0,"no direct, +/- 7 day same-hour, neighboring-station, or climatology evidence available",7,7,7,0,,,,,,,False,False,True,False,False,False,False,Evidence prototype only; no scoring authorization.
ib3w_weather_inference_fallback_prototype_v1,qixing_lengshuikeng_full26_backend_2024_v1,qixing_lengshuikeng_main_peak_20260523_osmrefresh_v1_3b,qixing_lengshuikeng_46_1,2024-08-26T00:45:41+00:00,2024-08-26T03:37:11+00:00,pressure_hpa,,,UNAVAILABLE,MISSING,0.0,"no direct, +/- 7 day same-hour, neighboring-station, or climatology evidence available",7,7,7,0,,,,,,,False,False,True,False,False,False,False,Evidence prototype only; no scoring authorization.
ib3w_weather_inference_fallback_prototype_v1,qixing_lengshuikeng_full26_backend_2024_v1,qixing_lengshuikeng_main_peak_20260523_osmrefresh_v1_3b,qixing_lengshuikeng_46_1,2024-08-26T00:45:41+00:00,2024-08-26T03:37:11+00:00,wind_speed_ms,,,UNAVAILABLE,MISSING,0.0,"no direct, +/- 7 day same-hour, neighboring-station, or climatology evidence available",7,7,7,0,,,,,,,False,False,True,False,False,False,False,Evidence prototype only; no scoring authorization.
ib3w_weather_inference_fallback_prototype_v1,qixing_lengshuikeng_full26_backend_2024_v1,qixing_lengshuikeng_main_peak_20260523_osmrefresh_v1_3b,qixing_lengshuikeng_46_1,2024-08-26T00:45:41+00:00,2024-08-26T03:37:11+00:00,wind_direction_deg,,,UNAVAILABLE,MISSING,0.0,"no direct, +/- 7 day same-hour, neighboring-station, or climatology evidence available",7,7,7,0,,,,,,,False,False,True,False,False,False,False,Evidence prototype only; no scoring authorization.
ib3w_weather_inference_fallback_prototype_v1,qixing_lengshuikeng_full26_backend_2024_v1,qixing_lengshuikeng_main_peak_20260523_osmrefresh_v1_3b,qixing_lengshuikeng_46_1,2024-08-26T00:45:41+00:00,2024-08-26T03:37:11+00:00,wind_gust_ms,,,UNAVAILABLE,MISSING,0.0,"no direct, +/- 7 day same-hour, neighboring-station, or climatology evidence available",7,7,7,0,,,,,,,False,False,True,False,False,False,False,Evidence prototype only; no scoring authorization.
ib3w_weather_inference_fallback_prototype_v1,qixing_lengshuikeng_full26_backend_2024_v1,qixing_lengshuikeng_main_peak_20260523_osmrefresh_v1_3b,qixing_lengshuikeng_46_1,2024-08-26T00:45:41+00:00,2024-08-26T03:37:11+00:00,sunshine_duration_min,,,UNAVAILABLE,MISSING,0.0,"no direct, +/- 7 day same-hour, neighboring-station, or climatology evidence available",7,7,7,0,,,,,,,False,False,True,False,False,False,False,Evidence prototype only; no scoring authorization.
ib3w_weather_inference_fallback_prototype_v1,qixing_lengshuikeng_full26_backend_2024_v1,qixing_lengshuikeng_main_peak_20260523_osmrefresh_v1_3b,qixing_lengshuikeng_46_1,2024-08-26T00:45:41+00:00,2024-08-26T03:37:11+00:00,visibility_m,,,UNAVAILABLE,MISSING,0.0,"no direct, +/- 7 day same-hour, neighboring-station, or climatology evidence available",7,7,7,0,,,,,,,False,False,True,False,False,False,False,Evidence prototype only; no scoring authorization.
ib3w_weather_inference_fallback_prototype_v1,qixing_lengshuikeng_full26_backend_2024_v1,qixing_lengshuikeng_main_peak_20260523_osmrefresh_v1_3b,qixing_lengshuikeng_46_1,2024-08-26T00:45:41+00:00,2024-08-26T03:37:11+00:00,uv_index,,,UNAVAILABLE,MISSING,0.0,"no direct, +/- 7 day same-hour, neighboring-station, or climatology evidence available",7,7,7,0,,,,,,,False,False,True,False,False,False,False,Evidence prototype only; no scoring authorization.
ib3w_weather_inference_fallback_prototype_v1,qixing_lengshuikeng_full26_backend_2024_v1,qixing_lengshuikeng_main_peak_20260523_osmrefresh_v1_3b,qixing_lengshuikeng_46_1,2024-08-26T00:45:41+00:00,2024-08-26T03:37:11+00:00,weather,,,UNAVAILABLE,MISSING,0.0,"no direct, +/- 7 day same-hour, neighboring-station, or climatology evidence available",7,7,7,0,,,,,,,False,False,True,False,False,False,False,Evidence prototype only; no scoring authorization.
ib3w_weather_inference_fallback_prototype_v1,qixing_lengshuikeng_full26_backend_2024_v1,qixing_lengshuikeng_main_peak_20260523_osmrefresh_v1_3b,qixing_lengshuikeng_48_1,2024-08-19T00:42:09+00:00,2024-08-19T03:54:56+00:00,precipitation_mm,,,UNAVAILABLE,MISSING,0.0,"no direct, +/- 7 day same-hour, neighboring-station, or climatology evidence available",7,7,7,0,,,,,,,False,False,True,False,False,False,False,Evidence prototype only; no scoring authorization.
ib3w_weather_inference_fallback_prototype_v1,qixing_lengshuikeng_full26_backend_2024_v1,qixing_lengshuikeng_main_peak_20260523_osmrefresh_v1_3b,qixing_lengshuikeng_48_1,2024-08-19T00:42:09+00:00,2024-08-19T03:54:56+00:00,precipitation_10min_mm,,,UNAVAILABLE,MISSING,0.0,"no direct, +/- 7 day same-hour, neighboring-station, or climatology evidence available",7,7,7,0,,,,,,,False,False,True,False,False,False,False,Evidence prototype only; no scoring authorization.
ib3w_weather_inference_fallback_prototype_v1,qixing_lengshuikeng_full26_backend_2024_v1,qixing_lengshuikeng_main_peak_20260523_osmrefresh_v1_3b,qixing_lengshuikeng_48_1,2024-08-19T00:42:09+00:00,2024-08-19T03:54:56+00:00,precipitation_1hr_mm,,,UNAVAILABLE,MISSING,0.0,"no direct, +/- 7 day same-hour, neighboring-station, or climatology evidence available",7,7,7,0,,,,,,,False,False,True,False,False,False,False,Evidence prototype only; no scoring authorization.
ib3w_weather_inference_fallback_prototype_v1,qixing_lengshuikeng_full26_backend_2024_v1,qixing_lengshuikeng_main_peak_20260523_osmrefresh_v1_3b,qixing_lengshuikeng_48_1,2024-08-19T00:42:09+00:00,2024-08-19T03:54:56+00:00,temperature_c,,,UNAVAILABLE,MISSING,0.0,"no direct, +/- 7 day same-hour, neighboring-station, or climatology evidence available",7,7,7,0,,,,,,,False,False,True,False,False,False,False,Evidence prototype only; no scoring authorization.
ib3w_weather_inference_fallback_prototype_v1,qixing_lengshuikeng_full26_backend_2024_v1,qixing_lengshuikeng_main_peak_20260523_osmrefresh_v1_3b,qixing_lengshuikeng_48_1,2024-08-19T00:42:09+00:00,2024-08-19T03:54:56+00:00,relative_humidity_pct,,,UNAVAILABLE,MISSING,0.0,"no direct, +/- 7 day same-hour, neighboring-station, or climatology evidence available",7,7,7,0,,,,,,,False,False,True,False,False,False,False,Evidence prototype only; no scoring authorization.
ib3w_weather_inference_fallback_prototype_v1,qixing_lengshuikeng_full26_backend_2024_v1,qixing_lengshuikeng_main_peak_20260523_osmrefresh_v1_3b,qixing_lengshuikeng_48_1,2024-08-19T00:42:09+00:00,2024-08-19T03:54:56+00:00,pressure_hpa,,,UNAVAILABLE,MISSING,0.0,"no direct, +/- 7 day same-hour, neighboring-station, or climatology evidence available",7,7,7,0,,,,,,,False,False,True,False,False,False,False,Evidence prototype only; no scoring authorization.
ib3w_weather_inference_fallback_prototype_v1,qixing_lengshuikeng_full26_backend_2024_v1,qixing_lengshuikeng_main_peak_20260523_osmrefresh_v1_3b,qixing_lengshuikeng_48_1,2024-08-19T00:42:09+00:00,2024-08-19T03:54:56+00:00,wind_speed_ms,,,UNAVAILABLE,MISSING,0.0,"no direct, +/- 7 day same-hour, neighboring-station, or climatology evidence available",7,7,7,0,,,,,,,False,False,True,False,False,False,False,Evidence prototype only; no scoring authorization.
ib3w_weather_inference_fallback_prototype_v1,qixing_lengshuikeng_full26_backend_2024_v1,qixing_lengshuikeng_main_peak_20260523_osmrefresh_v1_3b,qixing_lengshuikeng_48_1,2024-08-19T00:42:09+00:00,2024-08-19T03:54:56+00:00,wind_direction_deg,,,UNAVAILABLE,MISSING,0.0,"no direct, +/- 7 day same-hour, neighboring-station, or climatology evidence available",7,7,7,0,,,,,,,False,False,True,False,False,False,False,Evidence prototype only; no scoring authorization.
ib3w_weather_inference_fallback_prototype_v1,qixing_lengshuikeng_full26_backend_2024_v1,qixing_lengshuikeng_main_peak_20260523_osmrefresh_v1_3b,qixing_lengshuikeng_48_1,2024-08-19T00:42:09+00:00,2024-08-19T03:54:56+00:00,wind_gust_ms,,,UNAVAILABLE,MISSING,0.0,"no direct, +/- 7 day same-hour, neighboring-station, or climatology evidence available",7,7,7,0,,,,,,,False,False,True,False,False,False,False,Evidence prototype only; no scoring authorization.
ib3w_weather_inference_fallback_prototype_v1,qixing_lengshuikeng_full26_backend_2024_v1,qixing_lengshuikeng_main_peak_20260523_osmrefresh_v1_3b,qixing_lengshuikeng_48_1,2024-08-19T00:42:09+00:00,2024-08-19T03:54:56+00:00,sunshine_duration_min,,,UNAVAILABLE,MISSING,0.0,"no direct, +/- 7 day same-hour, neighboring-station, or climatology evidence available",7,7,7,0,,,,,,,False,False,True,False,False,False,False,Evidence prototype only; no scoring authorization.
ib3w_weather_inference_fallback_prototype_v1,qixing_lengshuikeng_full26_backend_2024_v1,qixing_lengshuikeng_main_peak_20260523_osmrefresh_v1_3b,qixing_lengshuikeng_48_1,2024-08-19T00:42:09+00:00,2024-08-19T03:54:56+00:00,visibility_m,,,UNAVAILABLE,MISSING,0.0,"no direct, +/- 7 day same-hour, neighboring-station, or climatology evidence available",7,7,7,0,,,,,,,False,False,True,False,False,False,False,Evidence prototype only; no scoring authorization.
ib3w_weather_inference_fallback_prototype_v1,qixing_lengshuikeng_full26_backend_2024_v1,qixing_lengshuikeng_main_peak_20260523_osmrefresh_v1_3b,qixing_lengshuikeng_48_1,2024-08-19T00:42:09+00:00,2024-08-19T03:54:56+00:00,uv_index,,,UNAVAILABLE,MISSING,0.0,"no direct, +/- 7 day same-hour, neighboring-station, or climatology evidence available",7,7,7,0,,,,,,,False,False,True,False,False,False,False,Evidence prototype only; no scoring authorization.
ib3w_weather_inference_fallback_prototype_v1,qixing_lengshuikeng_full26_backend_2024_v1,qixing_lengshuikeng_main_peak_20260523_osmrefresh_v1_3b,qixing_lengshuikeng_48_1,2024-08-19T00:42:09+00:00,2024-08-19T03:54:56+00:00,weather,,,UNAVAILABLE,MISSING,0.0,"no direct, +/- 7 day same-hour, neighboring-station, or climatology evidence available",7,7,7,0,,,,,,,False,False,True,False,False,False,False,Evidence prototype only; no scoring authorization.
ib3w_weather_inference_fallback_prototype_v1,qixing_lengshuikeng_full26_backend_2024_v1,qixing_lengshuikeng_main_peak_20260523_osmrefresh_v1_3b,qixing_lengshuikeng_6_1,2024-07-22T01:28:43+00:00,2024-07-22T04:47:53+00:00,precipitation_mm,,,UNAVAILABLE,MISSING,0.0,"no direct, +/- 7 day same-hour, neighboring-station, or climatology evidence available",7,7,7,0,,,,,,,False,False,True,False,False,False,False,Evidence prototype only; no scoring authorization.
ib3w_weather_inference_fallback_prototype_v1,qixing_lengshuikeng_full26_backend_2024_v1,qixing_lengshuikeng_main_peak_20260523_osmrefresh_v1_3b,qixing_lengshuikeng_6_1,2024-07-22T01:28:43+00:00,2024-07-22T04:47:53+00:00,precipitation_10min_mm,,,UNAVAILABLE,MISSING,0.0,"no direct, +/- 7 day same-hour, neighboring-station, or climatology evidence available",7,7,7,0,,,,,,,False,False,True,False,False,False,False,Evidence prototype only; no scoring authorization.
ib3w_weather_inference_fallback_prototype_v1,qixing_lengshuikeng_full26_backend_2024_v1,qixing_lengshuikeng_main_peak_20260523_osmrefresh_v1_3b,qixing_lengshuikeng_6_1,2024-07-22T01:28:43+00:00,2024-07-22T04:47:53+00:00,precipitation_1hr_mm,,,UNAVAILABLE,MISSING,0.0,"no direct, +/- 7 day same-hour, neighboring-station, or climatology evidence available",7,7,7,0,,,,,,,False,False,True,False,False,False,False,Evidence prototype only; no scoring authorization.
ib3w_weather_inference_fallback_prototype_v1,qixing_lengshuikeng_full26_backend_2024_v1,qixing_lengshuikeng_main_peak_20260523_osmrefresh_v1_3b,qixing_lengshuikeng_6_1,2024-07-22T01:28:43+00:00,2024-07-22T04:47:53+00:00,temperature_c,,,UNAVAILABLE,MISSING,0.0,"no direct, +/- 7 day same-hour, neighboring-station, or climatology evidence available",7,7,7,0,,,,,,,False,False,True,False,False,False,False,Evidence prototype only; no scoring authorization.
ib3w_weather_inference_fallback_prototype_v1,qixing_lengshuikeng_full26_backend_2024_v1,qixing_lengshuikeng_main_peak_20260523_osmrefresh_v1_3b,qixing_lengshuikeng_6_1,2024-07-22T01:28:43+00:00,2024-07-22T04:47:53+00:00,relative_humidity_pct,,,UNAVAILABLE,MISSING,0.0,"no direct, +/- 7 day same-hour, neighboring-station, or climatology evidence available",7,7,7,0,,,,,,,False,False,True,False,False,False,False,Evidence prototype only; no scoring authorization.
ib3w_weather_inference_fallback_prototype_v1,qixing_lengshuikeng_full26_backend_2024_v1,qixing_lengshuikeng_main_peak_20260523_osmrefresh_v1_3b,qixing_lengshuikeng_6_1,2024-07-22T01:28:43+00:00,2024-07-22T04:47:53+00:00,pressure_hpa,,,UNAVAILABLE,MISSING,0.0,"no direct, +/- 7 day same-hour, neighboring-station, or climatology evidence available",7,7,7,0,,,,,,,False,False,True,False,False,False,False,Evidence prototype only; no scoring authorization.
ib3w_weather_inference_fallback_prototype_v1,qixing_lengshuikeng_full26_backend_2024_v1,qixing_lengshuikeng_main_peak_20260523_osmrefresh_v1_3b,qixing_lengshuikeng_6_1,2024-07-22T01:28:43+00:00,2024-07-22T04:47:53+00:00,wind_speed_ms,,,UNAVAILABLE,MISSING,0.0,"no direct, +/- 7 day same-hour, neighboring-station, or climatology evidence available",7,7,7,0,,,,,,,False,False,True,False,False,False,False,Evidence prototype only; no scoring authorization.
ib3w_weather_inference_fallback_prototype_v1,qixing_lengshuikeng_full26_backend_2024_v1,qixing_lengshuikeng_main_peak_20260523_osmrefresh_v1_3b,qixing_lengshuikeng_6_1,2024-07-22T01:28:43+00:00,2024-07-22T04:47:53+00:00,wind_direction_deg,,,UNAVAILABLE,MISSING,0.0,"no direct, +/- 7 day same-hour, neighboring-station, or climatology evidence available",7,7,7,0,,,,,,,False,False,True,False,False,False,False,Evidence prototype only; no scoring authorization.
ib3w_weather_inference_fallback_prototype_v1,qixing_lengshuikeng_full26_backend_2024_v1,qixing_lengshuikeng_main_peak_20260523_osmrefresh_v1_3b,qixing_lengshuikeng_6_1,2024-07-22T01:28:43+00:00,2024-07-22T04:47:53+00:00,wind_gust_ms,,,UNAVAILABLE,MISSING,0.0,"no direct, +/- 7 day same-hour, neighboring-station, or climatology evidence available",7,7,7,0,,,,,,,False,False,True,False,False,False,False,Evidence prototype only; no scoring authorization.
ib3w_weather_inference_fallback_prototype_v1,qixing_lengshuikeng_full26_backend_2024_v1,qixing_lengshuikeng_main_peak_20260523_osmrefresh_v1_3b,qixing_lengshuikeng_6_1,2024-07-22T01:28:43+00:00,2024-07-22T04:47:53+00:00,sunshine_duration_min,,,UNAVAILABLE,MISSING,0.0,"no direct, +/- 7 day same-hour, neighboring-station, or climatology evidence available",7,7,7,0,,,,,,,False,False,True,False,False,False,False,Evidence prototype only; no scoring authorization.
ib3w_weather_inference_fallback_prototype_v1,qixing_lengshuikeng_full26_backend_2024_v1,qixing_lengshuikeng_main_peak_20260523_osmrefresh_v1_3b,qixing_lengshuikeng_6_1,2024-07-22T01:28:43+00:00,2024-07-22T04:47:53+00:00,visibility_m,,,UNAVAILABLE,MISSING,0.0,"no direct, +/- 7 day same-hour, neighboring-station, or climatology evidence available",7,7,7,0,,,,,,,False,False,True,False,False,False,False,Evidence prototype only; no scoring authorization.
ib3w_weather_inference_fallback_prototype_v1,qixing_lengshuikeng_full26_backend_2024_v1,qixing_lengshuikeng_main_peak_20260523_osmrefresh_v1_3b,qixing_lengshuikeng_6_1,2024-07-22T01:28:43+00:00,2024-07-22T04:47:53+00:00,uv_index,,,UNAVAILABLE,MISSING,0.0,"no direct, +/- 7 day same-hour, neighboring-station, or climatology evidence available",7,7,7,0,,,,,,,False,False,True,False,False,False,False,Evidence prototype only; no scoring authorization.
ib3w_weather_inference_fallback_prototype_v1,qixing_lengshuikeng_full26_backend_2024_v1,qixing_lengshuikeng_main_peak_20260523_osmrefresh_v1_3b,qixing_lengshuikeng_6_1,2024-07-22T01:28:43+00:00,2024-07-22T04:47:53+00:00,weather,,,UNAVAILABLE,MISSING,0.0,"no direct, +/- 7 day same-hour, neighboring-station, or climatology evidence available",7,7,7,0,,,,,,,False,False,True,False,False,False,False,Evidence prototype only; no scoring authorization.
ib3w_weather_inference_fallback_prototype_v1,qixing_lengshuikeng_full26_backend_2024_v1,qixing_lengshuikeng_main_peak_20260523_osmrefresh_v1_3b,qixing_lengshuikeng_8_1,2024-08-11T00:55:44+00:00,2024-08-11T03:15:57+00:00,precipitation_mm,,,UNAVAILABLE,MISSING,0.0,"no direct, +/- 7 day same-hour, neighboring-station, or climatology evidence available",7,7,7,0,,,,,,,False,False,True,False,False,False,False,Evidence prototype only; no scoring authorization.
ib3w_weather_inference_fallback_prototype_v1,qixing_lengshuikeng_full26_backend_2024_v1,qixing_lengshuikeng_main_peak_20260523_osmrefresh_v1_3b,qixing_lengshuikeng_8_1,2024-08-11T00:55:44+00:00,2024-08-11T03:15:57+00:00,precipitation_10min_mm,,,UNAVAILABLE,MISSING,0.0,"no direct, +/- 7 day same-hour, neighboring-station, or climatology evidence available",7,7,7,0,,,,,,,False,False,True,False,False,False,False,Evidence prototype only; no scoring authorization.
ib3w_weather_inference_fallback_prototype_v1,qixing_lengshuikeng_full26_backend_2024_v1,qixing_lengshuikeng_main_peak_20260523_osmrefresh_v1_3b,qixing_lengshuikeng_8_1,2024-08-11T00:55:44+00:00,2024-08-11T03:15:57+00:00,precipitation_1hr_mm,,,UNAVAILABLE,MISSING,0.0,"no direct, +/- 7 day same-hour, neighboring-station, or climatology evidence available",7,7,7,0,,,,,,,False,False,True,False,False,False,False,Evidence prototype only; no scoring authorization.
ib3w_weather_inference_fallback_prototype_v1,qixing_lengshuikeng_full26_backend_2024_v1,qixing_lengshuikeng_main_peak_20260523_osmrefresh_v1_3b,qixing_lengshuikeng_8_1,2024-08-11T00:55:44+00:00,2024-08-11T03:15:57+00:00,temperature_c,,,UNAVAILABLE,MISSING,0.0,"no direct, +/- 7 day same-hour, neighboring-station, or climatology evidence available",7,7,7,0,,,,,,,False,False,True,False,False,False,False,Evidence prototype only; no scoring authorization.
ib3w_weather_inference_fallback_prototype_v1,qixing_lengshuikeng_full26_backend_2024_v1,qixing_lengshuikeng_main_peak_20260523_osmrefresh_v1_3b,qixing_lengshuikeng_8_1,2024-08-11T00:55:44+00:00,2024-08-11T03:15:57+00:00,relative_humidity_pct,,,UNAVAILABLE,MISSING,0.0,"no direct, +/- 7 day same-hour, neighboring-station, or climatology evidence available",7,7,7,0,,,,,,,False,False,True,False,False,False,False,Evidence prototype only; no scoring authorization.
ib3w_weather_inference_fallback_prototype_v1,qixing_lengshuikeng_full26_backend_2024_v1,qixing_lengshuikeng_main_peak_20260523_osmrefresh_v1_3b,qixing_lengshuikeng_8_1,2024-08-11T00:55:44+00:00,2024-08-11T03:15:57+00:00,pressure_hpa,,,UNAVAILABLE,MISSING,0.0,"no direct, +/- 7 day same-hour, neighboring-station, or climatology evidence available",7,7,7,0,,,,,,,False,False,True,False,False,False,False,Evidence prototype only; no scoring authorization.
ib3w_weather_inference_fallback_prototype_v1,qixing_lengshuikeng_full26_backend_2024_v1,qixing_lengshuikeng_main_peak_20260523_osmrefresh_v1_3b,qixing_lengshuikeng_8_1,2024-08-11T00:55:44+00:00,2024-08-11T03:15:57+00:00,wind_speed_ms,,,UNAVAILABLE,MISSING,0.0,"no direct, +/- 7 day same-hour, neighboring-station, or climatology evidence available",7,7,7,0,,,,,,,False,False,True,False,False,False,False,Evidence prototype only; no scoring authorization.
ib3w_weather_inference_fallback_prototype_v1,qixing_lengshuikeng_full26_backend_2024_v1,qixing_lengshuikeng_main_peak_20260523_osmrefresh_v1_3b,qixing_lengshuikeng_8_1,2024-08-11T00:55:44+00:00,2024-08-11T03:15:57+00:00,wind_direction_deg,,,UNAVAILABLE,MISSING,0.0,"no direct, +/- 7 day same-hour, neighboring-station, or climatology evidence available",7,7,7,0,,,,,,,False,False,True,False,False,False,False,Evidence prototype only; no scoring authorization.
ib3w_weather_inference_fallback_prototype_v1,qixing_lengshuikeng_full26_backend_2024_v1,qixing_lengshuikeng_main_peak_20260523_osmrefresh_v1_3b,qixing_lengshuikeng_8_1,2024-08-11T00:55:44+00:00,2024-08-11T03:15:57+00:00,wind_gust_ms,,,UNAVAILABLE,MISSING,0.0,"no direct, +/- 7 day same-hour, neighboring-station, or climatology evidence available",7,7,7,0,,,,,,,False,False,True,False,False,False,False,Evidence prototype only; no scoring authorization.
ib3w_weather_inference_fallback_prototype_v1,qixing_lengshuikeng_full26_backend_2024_v1,qixing_lengshuikeng_main_peak_20260523_osmrefresh_v1_3b,qixing_lengshuikeng_8_1,2024-08-11T00:55:44+00:00,2024-08-11T03:15:57+00:00,sunshine_duration_min,,,UNAVAILABLE,MISSING,0.0,"no direct, +/- 7 day same-hour, neighboring-station, or climatology evidence available",7,7,7,0,,,,,,,False,False,True,False,False,False,False,Evidence prototype only; no scoring authorization.
ib3w_weather_inference_fallback_prototype_v1,qixing_lengshuikeng_full26_backend_2024_v1,qixing_lengshuikeng_main_peak_20260523_osmrefresh_v1_3b,qixing_lengshuikeng_8_1,2024-08-11T00:55:44+00:00,2024-08-11T03:15:57+00:00,visibility_m,,,UNAVAILABLE,MISSING,0.0,"no direct, +/- 7 day same-hour, neighboring-station, or climatology evidence available",7,7,7,0,,,,,,,False,False,True,False,False,False,False,Evidence prototype only; no scoring authorization.
ib3w_weather_inference_fallback_prototype_v1,qixing_lengshuikeng_full26_backend_2024_v1,qixing_lengshuikeng_main_peak_20260523_osmrefresh_v1_3b,qixing_lengshuikeng_8_1,2024-08-11T00:55:44+00:00,2024-08-11T03:15:57+00:00,uv_index,,,UNAVAILABLE,MISSING,0.0,"no direct, +/- 7 day same-hour, neighboring-station, or climatology evidence available",7,7,7,0,,,,,,,False,False,True,False,False,False,False,Evidence prototype only; no scoring authorization.
ib3w_weather_inference_fallback_prototype_v1,qixing_lengshuikeng_full26_backend_2024_v1,qixing_lengshuikeng_main_peak_20260523_osmrefresh_v1_3b,qixing_lengshuikeng_8_1,2024-08-11T00:55:44+00:00,2024-08-11T03:15:57+00:00,weather,,,UNAVAILABLE,MISSING,0.0,"no direct, +/- 7 day same-hour, neighboring-station, or climatology evidence available",7,7,7,0,,,,,,,False,False,True,False,False,False,False,Evidence prototype only; no scoring authorization.
ib3w_weather_inference_fallback_prototype_v1,qixing_lengshuikeng_full26_backend_2024_v1,qixing_lengshuikeng_main_peak_20260523_osmrefresh_v1_3b,qixing_lengshuikeng_9_1,2024-09-22T00:56:08+00:00,2024-09-22T03:20:10+00:00,precipitation_mm,,,UNAVAILABLE,MISSING,0.0,"no direct, +/- 7 day same-hour, neighboring-station, or climatology evidence available",7,7,7,0,,,,,,,False,False,True,False,False,False,False,Evidence prototype only; no scoring authorization.
ib3w_weather_inference_fallback_prototype_v1,qixing_lengshuikeng_full26_backend_2024_v1,qixing_lengshuikeng_main_peak_20260523_osmrefresh_v1_3b,qixing_lengshuikeng_9_1,2024-09-22T00:56:08+00:00,2024-09-22T03:20:10+00:00,precipitation_10min_mm,,,UNAVAILABLE,MISSING,0.0,"no direct, +/- 7 day same-hour, neighboring-station, or climatology evidence available",7,7,7,0,,,,,,,False,False,True,False,False,False,False,Evidence prototype only; no scoring authorization.
ib3w_weather_inference_fallback_prototype_v1,qixing_lengshuikeng_full26_backend_2024_v1,qixing_lengshuikeng_main_peak_20260523_osmrefresh_v1_3b,qixing_lengshuikeng_9_1,2024-09-22T00:56:08+00:00,2024-09-22T03:20:10+00:00,precipitation_1hr_mm,,,UNAVAILABLE,MISSING,0.0,"no direct, +/- 7 day same-hour, neighboring-station, or climatology evidence available",7,7,7,0,,,,,,,False,False,True,False,False,False,False,Evidence prototype only; no scoring authorization.
ib3w_weather_inference_fallback_prototype_v1,qixing_lengshuikeng_full26_backend_2024_v1,qixing_lengshuikeng_main_peak_20260523_osmrefresh_v1_3b,qixing_lengshuikeng_9_1,2024-09-22T00:56:08+00:00,2024-09-22T03:20:10+00:00,temperature_c,,,UNAVAILABLE,MISSING,0.0,"no direct, +/- 7 day same-hour, neighboring-station, or climatology evidence available",7,7,7,0,,,,,,,False,False,True,False,False,False,False,Evidence prototype only; no scoring authorization.
ib3w_weather_inference_fallback_prototype_v1,qixing_lengshuikeng_full26_backend_2024_v1,qixing_lengshuikeng_main_peak_20260523_osmrefresh_v1_3b,qixing_lengshuikeng_9_1,2024-09-22T00:56:08+00:00,2024-09-22T03:20:10+00:00,relative_humidity_pct,,,UNAVAILABLE,MISSING,0.0,"no direct, +/- 7 day same-hour, neighboring-station, or climatology evidence available",7,7,7,0,,,,,,,False,False,True,False,False,False,False,Evidence prototype only; no scoring authorization.
ib3w_weather_inference_fallback_prototype_v1,qixing_lengshuikeng_full26_backend_2024_v1,qixing_lengshuikeng_main_peak_20260523_osmrefresh_v1_3b,qixing_lengshuikeng_9_1,2024-09-22T00:56:08+00:00,2024-09-22T03:20:10+00:00,pressure_hpa,,,UNAVAILABLE,MISSING,0.0,"no direct, +/- 7 day same-hour, neighboring-station, or climatology evidence available",7,7,7,0,,,,,,,False,False,True,False,False,False,False,Evidence prototype only; no scoring authorization.
ib3w_weather_inference_fallback_prototype_v1,qixing_lengshuikeng_full26_backend_2024_v1,qixing_lengshuikeng_main_peak_20260523_osmrefresh_v1_3b,qixing_lengshuikeng_9_1,2024-09-22T00:56:08+00:00,2024-09-22T03:20:10+00:00,wind_speed_ms,,,UNAVAILABLE,MISSING,0.0,"no direct, +/- 7 day same-hour, neighboring-station, or climatology evidence available",7,7,7,0,,,,,,,False,False,True,False,False,False,False,Evidence prototype only; no scoring authorization.
ib3w_weather_inference_fallback_prototype_v1,qixing_lengshuikeng_full26_backend_2024_v1,qixing_lengshuikeng_main_peak_20260523_osmrefresh_v1_3b,qixing_lengshuikeng_9_1,2024-09-22T00:56:08+00:00,2024-09-22T03:20:10+00:00,wind_direction_deg,,,UNAVAILABLE,MISSING,0.0,"no direct, +/- 7 day same-hour, neighboring-station, or climatology evidence available",7,7,7,0,,,,,,,False,False,True,False,False,False,False,Evidence prototype only; no scoring authorization.
ib3w_weather_inference_fallback_prototype_v1,qixing_lengshuikeng_full26_backend_2024_v1,qixing_lengshuikeng_main_peak_20260523_osmrefresh_v1_3b,qixing_lengshuikeng_9_1,2024-09-22T00:56:08+00:00,2024-09-22T03:20:10+00:00,wind_gust_ms,,,UNAVAILABLE,MISSING,0.0,"no direct, +/- 7 day same-hour, neighboring-station, or climatology evidence available",7,7,7,0,,,,,,,False,False,True,False,False,False,False,Evidence prototype only; no scoring authorization.
ib3w_weather_inference_fallback_prototype_v1,qixing_lengshuikeng_full26_backend_2024_v1,qixing_lengshuikeng_main_peak_20260523_osmrefresh_v1_3b,qixing_lengshuikeng_9_1,2024-09-22T00:56:08+00:00,2024-09-22T03:20:10+00:00,sunshine_duration_min,,,UNAVAILABLE,MISSING,0.0,"no direct, +/- 7 day same-hour, neighboring-station, or climatology evidence available",7,7,7,0,,,,,,,False,False,True,False,False,False,False,Evidence prototype only; no scoring authorization.
ib3w_weather_inference_fallback_prototype_v1,qixing_lengshuikeng_full26_backend_2024_v1,qixing_lengshuikeng_main_peak_20260523_osmrefresh_v1_3b,qixing_lengshuikeng_9_1,2024-09-22T00:56:08+00:00,2024-09-22T03:20:10+00:00,visibility_m,,,UNAVAILABLE,MISSING,0.0,"no direct, +/- 7 day same-hour, neighboring-station, or climatology evidence available",7,7,7,0,,,,,,,False,False,True,False,False,False,False,Evidence prototype only; no scoring authorization.
ib3w_weather_inference_fallback_prototype_v1,qixing_lengshuikeng_full26_backend_2024_v1,qixing_lengshuikeng_main_peak_20260523_osmrefresh_v1_3b,qixing_lengshuikeng_9_1,2024-09-22T00:56:08+00:00,2024-09-22T03:20:10+00:00,uv_index,,,UNAVAILABLE,MISSING,0.0,"no direct, +/- 7 day same-hour, neighboring-station, or climatology evidence available",7,7,7,0,,,,,,,False,False,True,False,False,False,False,Evidence prototype only; no scoring authorization.
ib3w_weather_inference_fallback_prototype_v1,qixing_lengshuikeng_full26_backend_2024_v1,qixing_lengshuikeng_main_peak_20260523_osmrefresh_v1_3b,qixing_lengshuikeng_9_1,2024-09-22T00:56:08+00:00,2024-09-22T03:20:10+00:00,weather,,,UNAVAILABLE,MISSING,0.0,"no direct, +/- 7 day same-hour, neighboring-station, or climatology evidence available",7,7,7,0,,,,,,,False,False,True,False,False,False,False,Evidence prototype only; no scoring authorization.
ib3w_weather_inference_fallback_prototype_v1,qixing_lengshuikeng_xiaoyoukeng_20260410_gpx_v1,qixing_lengshuikeng_xiaoyoukeng_20260410_biji_gpx,qixing_lengshuikeng_xiaoyoukeng_20260410_biji_gpx,2026-04-10T21:35:47+00:00,2026-04-10T23:54:30+00:00,precipitation_mm,0.0,,SAME_DAY_DIRECT_OBSERVATION,OBSERVED,0.95,primary representative station observation within activity window +/- 3 hours,0,0,0,143,,466910|466930|A0A460|C0AC40,大屯山|文化大學|陽明山|鞍部,STA_Weather.LatestObservations,2026-04-10T18:40:00+00:00,2026-04-11T02:50:00+00:00,True,False,False,False,False,False,False,Evidence prototype only; no scoring authorization.
ib3w_weather_inference_fallback_prototype_v1,qixing_lengshuikeng_xiaoyoukeng_20260410_gpx_v1,qixing_lengshuikeng_xiaoyoukeng_20260410_biji_gpx,qixing_lengshuikeng_xiaoyoukeng_20260410_biji_gpx,2026-04-10T21:35:47+00:00,2026-04-10T23:54:30+00:00,precipitation_10min_mm,,,UNAVAILABLE,MISSING,0.0,"no direct, +/- 7 day same-hour, neighboring-station, or climatology evidence available",7,7,7,0,,,,,,,False,False,True,False,False,False,False,Evidence prototype only; no scoring authorization.
ib3w_weather_inference_fallback_prototype_v1,qixing_lengshuikeng_xiaoyoukeng_20260410_gpx_v1,qixing_lengshuikeng_xiaoyoukeng_20260410_biji_gpx,qixing_lengshuikeng_xiaoyoukeng_20260410_biji_gpx,2026-04-10T21:35:47+00:00,2026-04-10T23:54:30+00:00,precipitation_1hr_mm,,,UNAVAILABLE,MISSING,0.0,"no direct, +/- 7 day same-hour, neighboring-station, or climatology evidence available",7,7,7,0,,,,,,,False,False,True,False,False,False,False,Evidence prototype only; no scoring authorization.
ib3w_weather_inference_fallback_prototype_v1,qixing_lengshuikeng_xiaoyoukeng_20260410_gpx_v1,qixing_lengshuikeng_xiaoyoukeng_20260410_biji_gpx,qixing_lengshuikeng_xiaoyoukeng_20260410_biji_gpx,2026-04-10T21:35:47+00:00,2026-04-10T23:54:30+00:00,temperature_c,21.216551724137933,,SAME_DAY_DIRECT_OBSERVATION,OBSERVED,0.95,primary representative station observation within activity window +/- 3 hours,0,0,0,145,,466910|466930|A0A460|C0AC40,大屯山|文化大學|陽明山|鞍部,STA_Weather.LatestObservations,2026-04-10T18:40:00+00:00,2026-04-11T02:50:00+00:00,True,False,False,False,False,False,False,Evidence prototype only; no scoring authorization.
ib3w_weather_inference_fallback_prototype_v1,qixing_lengshuikeng_xiaoyoukeng_20260410_gpx_v1,qixing_lengshuikeng_xiaoyoukeng_20260410_biji_gpx,qixing_lengshuikeng_xiaoyoukeng_20260410_biji_gpx,2026-04-10T21:35:47+00:00,2026-04-10T23:54:30+00:00,relative_humidity_pct,86.01379310344828,,SAME_DAY_DIRECT_OBSERVATION,OBSERVED,0.95,primary representative station observation within activity window +/- 3 hours,0,0,0,145,,466910|466930|A0A460|C0AC40,大屯山|文化大學|陽明山|鞍部,STA_Weather.LatestObservations,2026-04-10T18:40:00+00:00,2026-04-11T02:50:00+00:00,True,False,False,False,False,False,False,Evidence prototype only; no scoring authorization.
ib3w_weather_inference_fallback_prototype_v1,qixing_lengshuikeng_xiaoyoukeng_20260410_gpx_v1,qixing_lengshuikeng_xiaoyoukeng_20260410_biji_gpx,qixing_lengshuikeng_xiaoyoukeng_20260410_biji_gpx,2026-04-10T21:35:47+00:00,2026-04-10T23:54:30+00:00,pressure_hpa,935.6679245283018,,SAME_DAY_DIRECT_OBSERVATION,OBSERVED,0.95,primary representative station observation within activity window +/- 3 hours,0,0,0,53,,466910|466930|A0A460|C0AC40,大屯山|文化大學|陽明山|鞍部,STA_Weather.LatestObservations,2026-04-10T18:40:00+00:00,2026-04-11T02:50:00+00:00,True,False,False,False,False,False,False,Evidence prototype only; no scoring authorization.
ib3w_weather_inference_fallback_prototype_v1,qixing_lengshuikeng_xiaoyoukeng_20260410_gpx_v1,qixing_lengshuikeng_xiaoyoukeng_20260410_biji_gpx,qixing_lengshuikeng_xiaoyoukeng_20260410_biji_gpx,2026-04-10T21:35:47+00:00,2026-04-10T23:54:30+00:00,wind_speed_ms,1.4562499999999998,,SAME_DAY_DIRECT_OBSERVATION,OBSERVED,0.95,primary representative station observation within activity window +/- 3 hours,0,0,0,144,,466910|466930|A0A460|C0AC40,大屯山|文化大學|陽明山|鞍部,STA_Weather.LatestObservations,2026-04-10T18:40:00+00:00,2026-04-11T02:50:00+00:00,True,False,False,False,False,False,False,Evidence prototype only; no scoring authorization.
ib3w_weather_inference_fallback_prototype_v1,qixing_lengshuikeng_xiaoyoukeng_20260410_gpx_v1,qixing_lengshuikeng_xiaoyoukeng_20260410_biji_gpx,qixing_lengshuikeng_xiaoyoukeng_20260410_biji_gpx,2026-04-10T21:35:47+00:00,2026-04-10T23:54:30+00:00,wind_direction_deg,138.37762237762237,,SAME_DAY_DIRECT_OBSERVATION,OBSERVED,0.95,primary representative station observation within activity window +/- 3 hours,0,0,0,143,,466910|466930|A0A460|C0AC40,大屯山|文化大學|陽明山|鞍部,STA_Weather.LatestObservations,2026-04-10T18:40:00+00:00,2026-04-11T02:50:00+00:00,True,False,False,False,False,False,False,Evidence prototype only; no scoring authorization.
ib3w_weather_inference_fallback_prototype_v1,qixing_lengshuikeng_xiaoyoukeng_20260410_gpx_v1,qixing_lengshuikeng_xiaoyoukeng_20260410_biji_gpx,qixing_lengshuikeng_xiaoyoukeng_20260410_biji_gpx,2026-04-10T21:35:47+00:00,2026-04-10T23:54:30+00:00,wind_gust_ms,,,UNAVAILABLE,MISSING,0.0,"no direct, +/- 7 day same-hour, neighboring-station, or climatology evidence available",7,7,7,0,,,,,,,False,False,True,False,False,False,False,Evidence prototype only; no scoring authorization.
ib3w_weather_inference_fallback_prototype_v1,qixing_lengshuikeng_xiaoyoukeng_20260410_gpx_v1,qixing_lengshuikeng_xiaoyoukeng_20260410_biji_gpx,qixing_lengshuikeng_xiaoyoukeng_20260410_biji_gpx,2026-04-10T21:35:47+00:00,2026-04-10T23:54:30+00:00,sunshine_duration_min,,,UNAVAILABLE,MISSING,0.0,"no direct, +/- 7 day same-hour, neighboring-station, or climatology evidence available",7,7,7,0,,,,,,,False,False,True,False,False,False,False,Evidence prototype only; no scoring authorization.
ib3w_weather_inference_fallback_prototype_v1,qixing_lengshuikeng_xiaoyoukeng_20260410_gpx_v1,qixing_lengshuikeng_xiaoyoukeng_20260410_biji_gpx,qixing_lengshuikeng_xiaoyoukeng_20260410_biji_gpx,2026-04-10T21:35:47+00:00,2026-04-10T23:54:30+00:00,visibility_m,,,UNAVAILABLE,MISSING,0.0,"no direct, +/- 7 day same-hour, neighboring-station, or climatology evidence available",7,7,7,0,,,,,,,False,False,True,False,False,False,False,Evidence prototype only; no scoring authorization.
ib3w_weather_inference_fallback_prototype_v1,qixing_lengshuikeng_xiaoyoukeng_20260410_gpx_v1,qixing_lengshuikeng_xiaoyoukeng_20260410_biji_gpx,qixing_lengshuikeng_xiaoyoukeng_20260410_biji_gpx,2026-04-10T21:35:47+00:00,2026-04-10T23:54:30+00:00,uv_index,,,UNAVAILABLE,MISSING,0.0,"no direct, +/- 7 day same-hour, neighboring-station, or climatology evidence available",7,7,7,0,,,,,,,False,False,True,False,False,False,False,Evidence prototype only; no scoring authorization.
ib3w_weather_inference_fallback_prototype_v1,qixing_lengshuikeng_xiaoyoukeng_20260410_gpx_v1,qixing_lengshuikeng_xiaoyoukeng_20260410_biji_gpx,qixing_lengshuikeng_xiaoyoukeng_20260410_biji_gpx,2026-04-10T21:35:47+00:00,2026-04-10T23:54:30+00:00,weather,,,UNAVAILABLE,MISSING,0.0,"no direct, +/- 7 day same-hour, neighboring-station, or climatology evidence available",7,7,7,0,,,,,,,False,False,True,False,False,False,False,Evidence prototype only; no scoring authorization.
